,PredExpr,ActualExpr,PredPsi,ActualPsi,UncorrPredExpr,UncorrActualExpr,UncorrPredPsi,UncorrActualPsi,fold_idx
ENSG00000196388,1.2973545,-0.8239088,0.5945926,1.0,0.12921192,-2.5612073,0.09422873,1.0,1
ENSG00000164051,1.2817854,1.1099159,0.59901965,1.0,0.10946544,-0.10851837,0.105589524,1.0,1
ENSG00000064102,1.316626,1.7070589,1.0,1.0,0.1536541,0.64884406,-0.026603978,1.0,1
ENSG00000064102,1.3164816,1.7070589,0.5955534,1.0,0.15347107,0.64884406,0.096694365,1.0,1
ENSG00000064102,1.3148997,1.7070589,1.0,1.0,0.15146472,0.64884406,-0.010838255,1.0,1
ENSG00000117533,1.3462224,1.1296899,1.0,1.0,0.19119161,-0.08343878,0.03331319,1.0,1
ENSG00000117533,1.333595,1.1296899,0.60781956,1.0,0.17517613,-0.08343878,0.12817182,1.0,1
ENSG00000089094,1.2751584,1.2591158,0.6085004,1.0,0.10106042,0.080713436,0.12991908,1.0,1
ENSG00000089094,1.270831,1.2591158,0.58617073,1.0,0.09557191,0.080713436,0.07261655,1.0,1
ENSG00000089094,1.2613316,1.2591158,0.60444677,0.88706565,0.08352374,0.080713436,0.11951661,0.84477353,1
ENSG00000138688,1.2802683,1.3364598,0.6029597,1.0,0.107541405,0.17880945,0.11570045,1.0,1
ENSG00000138688,1.274313,1.3364598,1.0,1.0,0.099988155,0.17880945,0.08134779,1.0,1
ENSG00000138688,1.2768787,1.3364598,0.60258746,0.72337043,0.103242315,0.17880945,0.11474526,0.42469862,1
ENSG00000129195,1.2767377,0.80821097,1.0,1.0,0.1030634,-0.49117365,0.0036634095,1.0,1
ENSG00000129195,1.2763741,0.80821097,1.0,0.7982646,0.10260234,-0.49117365,0.040517114,0.6168923,1
ENSG00000086758,1.3070773,1.7985125,1.0,0.82222223,0.14154348,0.7648356,-0.033777718,0.67837226,1
ENSG00000133641,1.2819644,1.5317342,0.602135,1.0,0.10969249,0.42647812,0.113584116,1.0,1
ENSG00000133641,1.2850478,1.5317342,0.5957538,1.0,0.11360326,0.42647812,0.09720871,1.0,1
ENSG00000133641,1.2840478,1.5317342,0.5978381,0.6604255,0.112334944,0.42647812,0.10255736,0.26316932,1
ENSG00000133641,1.2891984,1.5317342,0.6331392,0.9412023,0.11886746,0.42647812,0.19314711,0.9836991,1
ENSG00000035928,1.2803394,1.2402996,1.0,1.0,0.10763143,0.056848586,-0.041646812,1.0,1
ENSG00000035928,1.287848,1.2402996,1.0,1.0,0.11715481,0.056848586,0.042881794,1.0,1
ENSG00000035928,1.2865697,1.2402996,0.6008319,1.0,0.1155335,0.056848586,0.11024012,1.0,1
ENSG00000035928,1.2700367,1.2402996,0.5650315,0.0049850345,0.09456442,0.056848586,0.018369058,-1.4188231,1
ENSG00000115594,1.2490484,0.30963016,1.0,1.0,0.06794475,-1.1235286,-0.029846016,1.0,1
ENSG00000115594,1.2414565,0.30963016,0.5609149,1.0,0.058315955,-1.1235286,0.0078049228,1.0,1
ENSG00000161509,1.2486326,-0.76955104,1.0,1.0,0.067417346,-2.4922647,-0.060267325,1.0,1
ENSG00000169223,1.3234416,2.0322561,1.0,1.0,0.16229843,1.0612948,-0.014479317,1.0,1
ENSG00000001461,1.3021652,1.1351327,1.0,1.0,0.13531339,-0.07653567,0.031283233,1.0,1
ENSG00000001461,1.2984774,1.1351327,0.58077776,0.63383293,0.13063614,-0.07653567,0.05877719,0.19492747,1
ENSG00000001461,1.3101069,1.1351327,1.0,0.03184712,0.14538594,-0.07653567,0.038721565,-1.3498896,1
ENSG00000164346,1.2884849,1.7139943,1.0,1.0,0.117962554,0.6576402,-0.052290235,1.0,1
ENSG00000164346,1.2896878,1.7139943,0.62106097,0.78319883,0.119488135,0.6576402,0.16215202,0.5782304,1
ENSG00000196588,1.2688482,0.21484387,1.0,1.0,0.09305713,-1.243747,0.09191629,1.0,1
ENSG00000206177,1.2536023,-0.7958801,1.0,1.0,0.07372058,-2.5256581,-0.022344004,1.0,1
ENSG00000078403,1.3078157,1.8405452,0.6260682,1.0,0.14247993,0.818146,0.17500149,1.0,1
ENSG00000078403,1.3002976,1.8405452,0.611657,1.0,0.13294469,0.818146,0.13801949,1.0,1
ENSG00000078403,1.2968994,1.8405452,0.5962449,0.8148855,0.1286348,0.818146,0.09846893,0.65954477,1
ENSG00000078403,1.2878709,1.8405452,0.59348804,0.0,0.11718383,0.818146,0.09139423,-1.4316157,1
ENSG00000078403,1.2849289,1.8405452,0.6001055,0.029327631,0.11345246,0.818146,0.108376116,-1.3563552,1
ENSG00000078403,1.2963264,1.8405452,0.6135761,0.017422736,0.12790795,0.818146,0.1429444,-1.3869054,1
ENSG00000078403,1.2984656,1.8405452,0.6096467,0.9777559,0.13062114,0.818146,0.13286053,1.0775032,1
ENSG00000078403,1.3006487,1.8405452,0.61408466,0.0145123005,0.13338992,0.818146,0.14424936,-1.3943743,1
ENSG00000031003,1.2984241,1.0569048,0.6142446,1.0,0.13056861,-0.17575276,0.14465971,1.0,1
ENSG00000031003,1.300152,1.0569048,1.0,1.0,0.13275991,-0.17575276,-0.06640515,1.0,1
ENSG00000031003,1.2982566,1.0569048,1.0,0.95660746,0.13035604,-0.17575276,-0.03293441,1.023232,1
ENSG00000031003,1.2963254,1.0569048,1.0,0.04339248,0.1279067,-0.17575276,0.033391826,-1.3202618,1
ENSG00000031003,1.3105593,1.0569048,1.0,0.95660746,0.14595975,-0.17575276,0.032384016,1.023232,1
ENSG00000031003,1.2977233,1.0569048,0.5905438,0.0,0.12967971,-0.17575276,0.08383873,-1.4316157,1
ENSG00000102755,1.2224668,0.07554698,1.0,1.0,0.03423111,-1.4204186,-0.000550732,1.0,1
ENSG00000102755,1.2110482,0.07554698,1.0,1.0,0.019748807,-1.4204186,0.007234562,1.0,1
ENSG00000004534,1.2892683,1.6112983,0.59361446,1.0,0.11895612,0.52739,0.0917187,1.0,1
ENSG00000004534,1.2806549,1.6112983,0.563106,0.51549053,0.10803167,0.52739,0.013427798,-0.1087631,1
ENSG00000004534,1.2948692,1.6112983,0.57848287,0.7146477,0.12605973,0.52739,0.052887935,0.40231445,1
ENSG00000004534,1.2999439,1.6112983,0.5960197,0.9532908,0.13249618,0.52739,0.09789098,1.0147208,1
ENSG00000004534,1.288348,1.6112983,1.0,0.77954894,0.11778887,0.52739,-0.02582777,0.5688641,1
ENSG00000004534,1.2822926,1.6112983,0.58798844,0.005625427,0.11010883,0.52739,0.07728122,-1.4171798,1
ENSG00000119927,1.2784759,0.69548166,1.0,1.0,0.105267964,-0.6341493,-0.043054458,1.0,1
ENSG00000119927,1.2882098,0.69548166,1.0,1.0,0.117613584,-0.6341493,0.0787085,1.0,1
ENSG00000119927,1.274422,0.69548166,1.0,1.0,0.100126415,-0.6341493,0.08466385,1.0,1
ENSG00000096872,1.2874486,0.8469553,1.0,1.0,0.116648205,-0.44203383,0.07419814,1.0,1
ENSG00000152782,1.2636939,0.8668778,1.0,1.0,0.086519875,-0.41676593,-0.025163773,1.0,1
ENSG00000152782,1.2573243,0.8668778,1.0,1.0,0.07844129,-0.41676593,0.04690337,1.0,1
ENSG00000152782,1.2592677,0.8668778,1.0,1.0,0.08090608,-0.41676593,-0.07139701,1.0,1
ENSG00000152782,1.2570511,0.8668778,1.0,0.9722922,0.0780947,-0.41676593,-0.004463002,1.063482,1
ENSG00000197566,1.238991,-0.013228178,1.0,1.0,0.055188943,-1.5330131,0.015836928,1.0,1
ENSG00000170584,1.3508902,1.5811529,1.0,1.0,0.19711179,0.4891562,0.14986329,1.0,1
ENSG00000170584,1.3424848,1.5811529,1.0,1.0,0.18645115,0.4891562,0.093736485,1.0,1
ENSG00000142207,1.2881595,1.0068936,0.5840522,1.0,0.11754978,-0.23918238,0.06718005,1.0,1
ENSG00000142207,1.2893366,1.0068936,0.5703491,1.0,0.1190427,-0.23918238,0.032015026,1.0,1
ENSG00000162772,1.2862742,0.9982593,1.0,0.0077022314,0.11515864,-0.25013345,0.023890708,-1.4118503,1
ENSG00000188157,1.2751536,1.3543005,1.0,1.0,0.101054415,0.20143716,-0.013701785,1.0,1
ENSG00000034677,1.288189,1.3277675,0.6107628,1.0,0.11758723,0.167785,0.1357247,1.0,1
ENSG00000034677,1.2851374,1.3277675,1.0,1.0,0.11371693,0.167785,0.027438533,1.0,1
ENSG00000034677,1.2895207,1.3277675,1.0,0.9159975,0.119276315,0.167785,0.05522181,0.9190186,1
ENSG00000104853,1.3083035,1.5117497,1.0,1.0,0.14309868,0.40113145,-0.01806042,1.0,1
ENSG00000104853,1.3181566,1.5117497,1.0,1.0,0.1555955,0.40113145,0.023092534,1.0,1
ENSG00000116668,1.3071026,0.40654022,0.6046406,1.0,0.14157556,-1.0006167,0.120014,1.0,1
ENSG00000051341,1.2680748,0.8920946,1.0,1.0,0.092076086,-0.3847832,-0.014664229,1.0,1
ENSG00000051341,1.2504784,0.8920946,1.0,1.0,0.06975856,-0.3847832,0.114129096,1.0,1
ENSG00000135605,1.3121407,0.85733247,0.6035563,1.0,0.14796539,-0.42887235,0.11723137,1.0,1
ENSG00000143774,1.3501033,2.2415962,1.0,1.0,0.19611369,1.3268031,0.056442816,1.0,1
ENSG00000143774,1.3501033,2.2415962,1.0,1.0,0.19611369,1.3268031,0.056442816,1.0,1
ENSG00000143774,1.3474673,2.2415962,1.0,1.0,0.19277048,1.3268031,0.040779967,1.0,1
ENSG00000143774,1.3475431,2.2415962,1.0,1.0,0.1928666,1.3268031,0.020604484,1.0,1
ENSG00000143774,1.3491455,2.2415962,1.0,0.15867049,0.19489895,1.3268031,0.029367324,-1.0244353,1
ENSG00000143774,1.3494684,2.2415962,1.0,0.9343574,0.19530845,1.3268031,0.0282774,0.9661338,1
ENSG00000140740,1.3493994,2.5661426,0.6113641,1.0,0.19522108,1.7384286,0.13726792,1.0,1
ENSG00000065243,1.3062632,1.1958996,0.608489,1.0,0.14051092,0.00053571805,0.12988964,1.0,1
ENSG00000065243,1.317808,1.1958996,1.0,1.0,0.15515335,0.00053571805,-0.02088425,1.0,1
ENSG00000065243,1.3060697,1.1958996,1.0,1.0,0.14026552,0.00053571805,0.008967288,1.0,1
ENSG00000065243,1.2934438,1.1958996,1.0,1.0,0.12425196,0.00053571805,0.043874156,1.0,1
ENSG00000065243,1.3103309,1.1958996,0.6028878,0.99837,0.14567004,0.00053571805,0.11551596,1.130403,1
ENSG00000178852,1.2832301,-0.06550145,0.58304673,1.0,0.11129778,-1.5993118,0.06459983,1.0,1
ENSG00000178852,1.2950381,-0.06550145,1.0,1.0,0.12627399,-1.5993118,-0.011414032,1.0,1
ENSG00000178852,1.2912536,-0.06550145,0.5972769,1.0,0.12147399,-1.5993118,0.10111739,1.0,1
ENSG00000186198,1.2342017,-0.9208188,1.0,1.0,0.049114525,-2.6841192,0.13039409,1.0,1
ENSG00000135048,1.2554816,1.34183,0.61534256,1.0,0.07610413,0.1856207,0.14747742,1.0,1
ENSG00000175550,1.2934304,1.453624,1.0,1.0,0.12423508,0.32741013,0.030105043,1.0,1
ENSG00000108829,1.3036611,2.0370278,1.0,1.0,0.13721062,1.0673469,0.035836566,1.0,1
ENSG00000108829,1.3010459,2.0370278,1.0,1.0,0.13389374,1.0673469,0.030754356,1.0,1
ENSG00000108829,1.3074023,2.0370278,1.0,1.0,0.14195566,1.0673469,0.037321996,1.0,1
ENSG00000108829,1.2986944,2.0370278,1.0,1.0,0.13091137,1.0673469,0.011436138,1.0,1
ENSG00000108829,1.3016046,2.0370278,0.58960235,1.0,0.13460241,1.0673469,0.081422746,1.0,1
ENSG00000162522,1.2760504,0.92737037,1.0,1.0,0.10219174,-0.34004262,0.08046767,1.0,1
ENSG00000162522,1.2744474,0.92737037,1.0,1.0,0.10015874,-0.34004262,0.06620461,1.0,1
ENSG00000115165,1.2316762,-0.76955104,1.0,1.0,0.045911543,-2.4922647,-0.033517543,1.0,1
ENSG00000115165,1.2434725,-0.76955104,0.59406334,1.0,0.060872838,-2.4922647,0.09287058,1.0,1
ENSG00000115165,1.2399447,-0.76955104,0.6176134,1.0,0.056398466,-2.4922647,0.1533047,1.0,1
ENSG00000143303,1.3008741,1.5156089,0.5626233,1.0,0.1336759,0.40602618,0.012189213,1.0,1
ENSG00000143303,1.3000263,1.5156089,1.0,1.0,0.13260053,0.40602618,-0.023867477,1.0,1
ENSG00000181638,1.2778972,0.47567117,1.0,1.0,0.10453412,-0.91293716,-0.007964749,1.0,1
ENSG00000181638,1.2778972,0.47567117,1.0,1.0,0.10453412,-0.91293716,-0.007964749,1.0,1
ENSG00000214046,1.3767946,1.8994921,1.0,1.0,0.22996654,0.89290905,0.111268714,1.0,1
ENSG00000214046,1.3598216,1.8994921,0.6219505,0.006039679,0.2084395,0.89290905,0.16443473,-1.4161167,1
ENSG00000214046,1.3735676,1.8994921,1.0,0.7411935,0.22587374,0.89290905,-0.043779504,0.47043622,1
ENSG00000059691,1.2961732,1.3529539,0.60649204,1.0,0.12771372,0.19972919,0.12476522,1.0,1
ENSG00000148660,1.2841073,1.4977586,0.582012,1.0,0.112410404,0.38338655,0.06194445,1.0,1
ENSG00000148660,1.2945956,1.4977586,0.59384733,1.0,0.12571278,0.38338655,0.09231623,1.0,1
ENSG00000148660,1.2928936,1.4977586,0.59499115,1.0,0.123554155,0.38338655,0.09525157,1.0,1
ENSG00000148660,1.2795295,1.4977586,1.0,0.09283194,0.10660425,0.38338655,0.026342345,-1.1933903,1
ENSG00000148660,1.2861112,1.4977586,0.5880554,0.08719054,0.114952035,0.38338655,0.07745291,-1.2078673,1
ENSG00000165029,1.2413449,-0.9586072,0.609935,1.0,0.0581744,-2.7320466,0.13360046,1.0,1
ENSG00000165029,1.2310203,-0.9586072,1.0,1.0,0.045079704,-2.7320466,-0.08026709,1.0,1
ENSG00000165029,1.2360576,-0.9586072,1.0,1.0,0.051468525,-2.7320466,-0.05477046,1.0,1
ENSG00000165029,1.2350765,-0.9586072,1.0,1.0,0.050224196,-2.7320466,-0.05413005,1.0,1
ENSG00000180998,1.2623698,-0.6575773,0.5968225,1.0,0.08484047,-2.3502474,0.09995124,1.0,1
ENSG00000180998,1.2601008,-0.6575773,1.0,1.0,0.08196267,-2.3502474,-0.028752383,1.0,1
ENSG00000185250,1.2927365,-0.14266741,1.0,1.0,0.12335492,-1.6971822,0.033814818,1.0,1
ENSG00000055483,1.2882472,1.350054,0.5792209,1.0,0.1176611,0.19605131,0.054781917,1.0,1
ENSG00000165704,1.2803434,1.837904,1.0,1.0,0.107636556,0.8147961,0.07947238,1.0,1
ENSG00000165704,1.2809011,1.837904,1.0,1.0,0.10834395,0.8147961,0.062436167,1.0,1
ENSG00000059804,1.2785175,2.4926348,0.5964308,1.0,0.105320685,1.6451975,0.09894594,1.0,1
ENSG00000143627,1.2790593,1.415641,1.0,1.0,0.1060079,0.2792358,-0.021332264,1.0,1
ENSG00000143627,1.2802187,1.415641,1.0,1.0,0.10747838,0.2792358,0.02542495,1.0,1
ENSG00000143627,1.278881,1.415641,1.0,1.0,0.10578178,0.2792358,-0.009057827,1.0,1
ENSG00000143627,1.2808466,1.415641,1.0,1.0,0.10827479,0.2792358,0.0007895082,1.0,1
ENSG00000136802,1.2594475,0.9116901,0.6017461,0.44444442,0.08113407,-0.35992998,0.11258611,-0.2910817,1
ENSG00000166002,1.2679816,0.924796,1.0,1.0,0.09195798,-0.34330773,0.07048899,1.0,1
ENSG00000101412,1.2798895,1.1038038,1.0,1.0,0.107060894,-0.11627046,0.0085763,1.0,1
ENSG00000101412,1.2826862,1.1038038,1.0,1.0,0.11060804,-0.11627046,-0.033199336,1.0,1
ENSG00000068489,1.3066554,1.7180862,0.6008873,1.0,0.1410084,0.6628302,0.11038232,1.0,1
ENSG00000068489,1.322746,1.7180862,1.0,1.0,0.16141629,0.6628302,-0.010024399,1.0,1
ENSG00000145390,1.2949378,0.81822586,0.6053108,1.0,0.1261469,-0.47847164,0.121733844,1.0,1
ENSG00000145390,1.300564,0.81822586,0.5950641,1.0,0.1332827,-0.47847164,0.09543873,1.0,1
ENSG00000145390,1.2837616,0.81822586,0.5956718,1.0,0.11197199,-0.47847164,0.0969982,1.0,1
ENSG00000145390,1.2951547,0.81822586,0.5994831,1.0,0.12642182,-0.47847164,0.106778786,1.0,1
ENSG00000168575,1.2827244,1.4563661,0.60176325,1.0,0.11065648,0.3308878,0.11263019,1.0,1
ENSG00000168575,1.2798259,1.4563661,1.0,1.0,0.10698022,0.3308878,-0.016611584,1.0,1
ENSG00000104613,1.307617,1.9760288,0.58408374,1.0,0.14222787,0.98998123,0.06726092,1.0,1
ENSG00000104613,1.3056505,1.9760288,1.0,0.99738145,0.1397338,0.98998123,-0.012065705,1.1278663,1
ENSG00000101282,1.2319236,-0.9586072,0.58694106,1.0,0.046225287,-2.7320466,0.07459335,1.0,1
ENSG00000100276,1.2391071,-0.3872161,1.0,1.0,0.055336174,-2.0073457,0.0055183917,1.0,1
ENSG00000136371,1.3102242,1.7207379,0.62043464,1.0,0.14553471,0.66619337,0.1605447,1.0,1
ENSG00000133243,1.2455497,1.2084414,1.0,1.0,0.06350737,0.016442485,-0.012086473,1.0,1
ENSG00000133243,1.2451657,1.2084414,1.0,1.0,0.06302033,0.016442485,0.08244384,1.0,1
ENSG00000156860,1.2763908,0.83884907,0.57803494,1.0,0.10262346,-0.45231503,0.051738538,1.0,1
ENSG00000156860,1.2792419,0.83884907,0.5732416,1.0,0.10623961,-0.45231503,0.039437853,1.0,1
ENSG00000157613,1.2499763,0.25767863,1.0,1.0,0.06912163,-1.1894193,-0.04695418,1.0,1
ENSG00000157613,1.2527292,0.25767863,1.0,1.0,0.0726132,-1.1894193,-0.05989283,1.0,1
ENSG00000132953,1.2859279,1.1003705,0.6215891,1.0,0.11471944,-0.12062479,0.16350731,1.0,1
ENSG00000156795,1.3301159,1.2472365,1.0,1.0,0.1707635,0.06564681,-0.04130652,1.0,1
ENSG00000156795,1.3368361,1.2472365,0.6066715,0.4401639,0.17928691,0.06564681,0.12522575,-0.30206636,1
ENSG00000156795,1.3329144,1.2472365,1.0,0.81992793,0.17431282,0.06564681,0.021969337,0.67248476,1
ENSG00000123144,1.3000394,2.0587676,1.0,1.0,0.13261716,1.0949196,0.012103677,1.0,1
ENSG00000123144,1.2931168,2.0587676,0.58383846,1.0,0.12383716,1.0949196,0.066631585,1.0,1
ENSG00000167333,1.2987746,0.71011734,1.0,1.0,0.13101304,-0.61558676,0.09227824,1.0,1
ENSG00000132963,1.3171525,1.8678797,1.0,1.0,0.15432198,0.85281473,0.13277374,1.0,1
ENSG00000143624,1.3338795,1.3123889,0.6062763,1.0,0.17553683,0.14828025,0.124211416,1.0,1
ENSG00000143624,1.3338326,1.3123889,1.0,1.0,0.17547752,0.14828025,0.014891963,1.0,1
ENSG00000143624,1.3257042,1.3123889,0.6030282,0.31624997,0.1651682,0.14828025,0.11587627,-0.6200545,1
ENSG00000143624,1.3322968,1.3123889,1.0,0.17875001,0.1735297,0.14828025,0.0071176104,-0.9729072,1
ENSG00000100147,1.2930306,0.6095944,0.5999338,1.0,0.12372786,-0.743081,0.10793546,1.0,1
ENSG00000151348,1.2681888,1.6004283,1.0,1.0,0.09222086,0.51360345,0.11965534,1.0,1
ENSG00000151348,1.2550478,1.6004283,0.5813647,1.0,0.075553864,0.51360345,0.060283393,1.0,1
ENSG00000151348,1.2744858,1.6004283,0.61145407,1.0,0.100207366,0.51360345,0.1374988,1.0,1
ENSG00000152465,1.277063,0.6683859,0.5991809,1.0,0.103475995,-0.66851515,0.10600327,1.0,1
ENSG00000152465,1.291834,0.6683859,0.598885,1.0,0.12221018,-0.66851515,0.105243936,1.0,1
ENSG00000152465,1.2893206,0.6683859,1.0,0.23999998,0.11902247,-0.66851515,0.049590692,-0.81572735,1
ENSG00000125351,1.3087372,1.3372595,0.58022285,1.0,0.14364867,0.17982386,0.05735313,1.0,1
ENSG00000125351,1.2986357,1.3372595,0.60440326,0.6180621,0.13083698,0.17982386,0.11940494,0.15445618,1
ENSG00000181826,1.2876589,-0.055517316,1.0,1.0,0.11691502,-1.5866488,-0.04327772,1.0,1
ENSG00000110090,1.2500199,0.52244425,1.0,1.0,0.069176935,-0.85361445,0.067303926,1.0,1
ENSG00000178952,1.306787,2.1879153,1.0,1.0,0.14117533,1.258719,-0.023695286,1.0,1
ENSG00000178952,1.3194394,2.1879153,1.0,1.0,0.15722236,1.258719,0.031562317,1.0,1
ENSG00000131504,1.2855401,2.0841472,0.6014327,1.0,0.11422764,1.1271088,0.111781806,1.0,1
ENSG00000131504,1.2837121,2.0841472,1.0,1.0,0.111909136,1.1271088,0.03107775,1.0,1
ENSG00000198018,1.2894298,1.000434,0.5964806,1.0,0.11916097,-0.2473752,0.09907384,1.0,1
ENSG00000198018,1.2792244,1.000434,0.575737,1.0,0.10621737,-0.2473752,0.045841537,1.0,1
ENSG00000127452,1.2859291,1.3841741,1.0,1.0,0.1147209,0.2393261,0.0011262037,1.0,1
ENSG00000127452,1.2779553,1.3841741,0.60217816,0.2110984,0.104607746,0.2393261,0.113694906,-0.88989466,1
ENSG00000127452,1.2856688,1.3841741,1.0,0.9470068,0.114390954,0.2393261,-0.006223548,0.9985948,1
ENSG00000160447,1.2920034,1.2981979,1.0,1.0,0.1224251,0.13028155,0.010043353,1.0,1
ENSG00000160447,1.2920765,1.2981979,1.0,1.0,0.12251777,0.13028155,0.010992298,1.0,1
ENSG00000160447,1.3016638,1.2981979,1.0,1.0,0.13467738,0.13028155,0.002299916,1.0,1
ENSG00000092978,1.2275267,0.025305867,1.0,1.0,0.040648606,-1.4841399,-0.05442318,1.0,1
ENSG00000119787,1.322064,1.7223871,1.0,1.0,0.16055131,0.66828495,0.102816686,1.0,1
ENSG00000119787,1.3098549,1.7223871,1.0,1.0,0.1450662,0.66828495,0.14529337,1.0,1
ENSG00000119787,1.3184876,1.7223871,1.0,1.0,0.1560153,0.66828495,0.13455549,1.0,1
ENSG00000119787,1.3290397,1.7223871,1.0,1.0,0.1693986,0.66828495,0.118745014,1.1345859,1
ENSG00000140367,1.3154854,1.1370374,0.5927986,1.0,0.15220746,-0.074119784,0.089625016,1.0,1
ENSG00000140367,1.3275759,1.1370374,0.59971684,0.91013384,0.16754206,-0.074119784,0.10737871,0.9039712,1
ENSG00000182307,1.2882104,1.6290016,1.0,1.0,0.117614426,0.5498432,-0.027461495,1.0,1
ENSG00000174996,1.2921044,0.9180303,1.0,1.0,0.122553155,-0.3518887,-0.0039843023,1.0,1
ENSG00000174996,1.2925247,0.9180303,1.0,1.0,0.12308624,-0.3518887,-0.008229841,1.1345859,1
ENSG00000136950,1.2962036,1.7786577,0.58932346,1.0,0.1277523,0.7396534,0.08070715,1.0,1
ENSG00000113721,1.2397515,0.021189332,1.0,1.0,0.0561534,-1.489361,0.07567504,1.0,1
ENSG00000135090,1.3003888,1.6541765,1.0,1.0,0.13306041,0.5817728,-0.008631349,1.0,1
ENSG00000135090,1.2953094,1.6541765,0.6039955,1.0,0.12661818,0.5817728,0.11835852,1.0,1
ENSG00000135090,1.2956995,1.6541765,1.0,1.0,0.12711282,0.5817728,-0.014684681,1.0,1
ENSG00000135090,1.2944114,1.6541765,0.5925422,0.9892819,0.12547927,0.5817728,0.08896707,1.107081,1
ENSG00000135090,1.283647,1.6541765,0.60066754,0.0,0.11182649,0.5817728,0.109818324,-1.4316157,1
ENSG00000073605,1.2103333,0.65417653,1.0,1.0,0.018842198,-0.686537,-0.013719872,1.0,1
ENSG00000073605,1.2124581,0.65417653,1.0,1.0,0.021537062,-0.686537,-0.030402627,1.0,1
ENSG00000073605,1.2371933,0.65417653,0.5970524,0.61499995,0.052908972,-0.686537,0.10054109,0.14659825,1
ENSG00000198961,1.286882,1.774298,0.61474997,1.0,0.115929626,0.73412395,0.14595667,1.0,1
ENSG00000198961,1.2963669,1.774298,0.62688756,1.0,0.12795937,0.73412395,0.17710426,1.0,1
ENSG00000198961,1.2946872,1.774298,1.0,1.0,0.12582897,0.73412395,0.008365877,1.0,1
ENSG00000198961,1.2935393,1.774298,1.0,1.0,0.12437312,0.73412395,0.056519184,1.0,1
ENSG00000167851,1.2428702,0.923244,1.0,1.0,0.060109023,-0.34527612,0.07899919,1.0,1
ENSG00000167851,1.2323891,0.923244,1.0,0.8367952,0.04681569,-0.34527612,-0.02767751,0.7157696,1
ENSG00000167851,1.2266642,0.923244,1.0,0.89383066,0.039554775,-0.34527612,-0.027556736,0.86213404,1
ENSG00000182359,1.2733166,1.071882,1.0,1.0,0.098724425,-0.15675709,-0.020289388,1.0,1
ENSG00000065029,1.3279006,1.2143139,1.0,1.0,0.16795398,0.023890687,0.025135092,1.0,1
ENSG00000065029,1.3383317,1.2143139,1.0,0.75130886,0.1811838,0.023890687,0.052220125,0.49639437,1
ENSG00000048140,1.3166027,1.5133507,1.0,1.0,0.1536246,0.40316215,0.099968135,1.0,1
ENSG00000048140,1.3001233,1.5133507,1.0,0.6748182,0.13272373,0.40316215,0.058705732,0.30010393,1
ENSG00000101868,1.292043,1.0098757,0.6207285,1.0,0.12247529,-0.23540038,0.16129874,1.0,1
ENSG00000219200,1.3038403,1.7158363,1.0,1.0,0.13743787,0.6599765,0.023421487,1.0,1
ENSG00000219200,1.3103302,1.7158363,1.0,0.0016971827,0.14566904,0.6599765,0.0027648322,-1.4272604,1
ENSG00000099381,1.2985413,0.33845645,1.0,1.0,0.13071725,-1.086968,0.0010542385,1.0,1
ENSG00000099381,1.2853138,0.33845645,1.0,1.0,0.1139406,-1.086968,-0.0063630976,1.0,1
ENSG00000166225,1.2816817,0.8413595,0.5911239,0.12037039,0.10933386,-0.4491311,0.08532743,-1.1227211,1
ENSG00000254469,1.3404001,0.90091306,1.0,1.0,0.18380708,-0.37359866,0.017297577,1.0,1
ENSG00000254469,1.3418502,0.90091306,1.0,1.0,0.18564622,-0.37359866,0.0789271,1.0,1
ENSG00000177156,1.3028425,2.525589,1.0,1.0,0.13617234,1.6869937,0.033568535,1.0,1
ENSG00000091527,1.3111786,1.7554936,1.0,1.0,0.14674507,0.7102744,0.109758705,1.0,1
ENSG00000091527,1.2900901,1.7554936,1.0,1.0,0.11999848,0.7102744,-0.0388419,1.0,1
ENSG00000213965,1.2874618,0.90036714,0.62277037,1.0,0.11666481,-0.3742911,0.16653863,1.0,1
ENSG00000110367,1.3186998,1.6816933,0.62379515,1.0,0.15628444,0.6166727,0.16916843,1.0,1
ENSG00000164002,1.24644,0.35602587,1.0,1.0,0.06463659,-1.0646845,0.084556006,1.0,1
ENSG00000164002,1.2398002,0.35602587,1.0,0.5652174,0.05621524,-1.0646845,-0.059705038,0.018846042,1
ENSG00000103067,1.2228769,-0.8538718,1.0,1.0,0.034751315,-2.5992098,0.008487705,1.0,1
ENSG00000103067,1.2271255,-0.8538718,1.0,1.0,0.040139772,-2.5992098,-0.016094875,1.0,1
ENSG00000188785,1.2839055,0.7678976,1.0,1.0,0.11215439,-0.5423035,0.060815036,1.0,1
ENSG00000188785,1.2645915,0.7678976,0.5947188,0.6506849,0.08765816,-0.5423035,0.09455272,0.23817298,1
ENSG00000021776,1.2812974,1.666518,0.6134519,1.0,0.10884666,0.5974256,0.14262562,1.0,1
ENSG00000021776,1.2817719,1.666518,0.6110064,1.0,0.10944833,0.5974256,0.13634983,1.0,1
ENSG00000021776,1.2754651,1.666518,0.6099334,1.0,0.10144941,0.5974256,0.1335963,1.0,1
ENSG00000007080,1.3095955,1.4922014,1.0,1.0,0.1447373,0.3763382,0.010034211,1.0,1
ENSG00000007080,1.312909,1.4922014,1.0,1.0,0.1489399,0.3763382,0.0030968785,1.0,1
ENSG00000107282,1.2341698,-0.9586072,1.0,1.0,0.04907424,-2.7320466,-0.104146466,1.0,1
ENSG00000107282,1.2378706,-0.9586072,1.0,1.0,0.05376792,-2.7320466,-0.06775491,1.0,1
ENSG00000107282,1.2186265,-0.9586072,1.0,1.0,0.029360384,-2.7320466,0.05748388,1.0,1
ENSG00000107282,1.2213527,-0.9586072,1.0,1.0,0.032818064,-2.7320466,-0.03234617,1.0,1
ENSG00000107282,1.2226794,-0.9586072,1.0,1.0,0.03450068,-2.7320466,0.014804687,1.0,1
ENSG00000107282,1.216164,-0.9586072,1.0,1.0,0.02623719,-2.7320466,0.14583308,1.0,1
ENSG00000107282,1.2331461,-0.9586072,1.0,1.0,0.047775738,-2.7320466,-0.102772295,1.0,1
ENSG00000107282,1.2210573,-0.9586072,1.0,1.0,0.032443393,-2.7320466,-0.01760738,1.0,1
ENSG00000107282,1.215367,-0.9586072,1.0,1.0,0.025226325,-2.7320466,-0.012298096,1.0,1
ENSG00000107282,1.2305505,-0.9586072,1.0,1.0,0.044483725,-2.7320466,-0.073475614,1.0,1
ENSG00000151849,1.290301,0.9689497,0.58093107,1.0,0.12026586,-0.28730717,0.059170563,1.0,1
ENSG00000151849,1.2734369,0.9689497,0.603546,0.27564102,0.09887695,-0.28730717,0.11720508,-0.7242653,1
ENSG00000151849,1.2713345,0.9689497,1.0,0.19316238,0.09621053,-0.28730717,-0.052571733,-0.9359221,1
ENSG00000161999,1.2838749,1.3394514,1.0,1.0,0.112115584,0.18260387,0.03775236,1.0,1
ENSG00000161999,1.2788864,1.3394514,1.0,1.0,0.105788685,0.18260387,0.08007541,1.0,1
ENSG00000161999,1.2831143,1.3394514,1.0,0.9972452,0.1111509,0.18260387,0.06406182,1.1275165,1
ENSG00000161999,1.2834104,1.3394514,1.0,0.9765193,0.11152656,0.18260387,0.0017331354,1.0743297,1
ENSG00000084207,1.3228005,2.8746383,1.0,1.0,0.16148534,2.1296966,-0.0057994686,1.0,1
ENSG00000173914,1.2913964,1.4974825,0.6281103,1.0,0.12165522,0.38303626,0.1802419,1.0,1
ENSG00000173914,1.3079903,1.4974825,1.0,1.0,0.14270136,0.38303626,0.15959655,1.0,1
ENSG00000132475,1.3074546,2.6859386,1.0,1.0,0.14202195,1.8903669,0.012112303,1.0,1
ENSG00000132475,1.3160667,2.6859386,1.0,1.0,0.1529449,1.8903669,0.034809753,1.0,1
ENSG00000143198,1.3552026,1.936564,1.0,1.0,0.20258124,0.93992764,0.036314894,1.0,1
ENSG00000143198,1.3534547,1.936564,0.6260128,0.0481804,0.20036443,0.93992764,0.17485936,-1.307975,1
ENSG00000072849,1.3299065,1.4355259,1.0,1.0,0.17049785,0.304456,-0.027423393,1.0,1
ENSG00000204580,1.2839583,1.0813473,0.5656748,1.0,0.11222136,-0.14475214,0.020019868,1.0,1
ENSG00000204580,1.2829194,1.0813473,0.583193,0.8942307,0.11090368,-0.14475214,0.06497517,0.8631607,1
ENSG00000204580,1.2820917,1.0813473,1.0,0.994302,0.10985395,-0.14475214,-0.02979448,1.1199636,1
ENSG00000204580,1.2826712,1.0813473,0.5916825,0.60818714,0.11058902,-0.14475214,0.08676082,0.12911506,1
ENSG00000204580,1.2895646,1.0813473,0.597457,1.0,0.11933187,-0.14475214,0.10157938,1.1345859,1
ENSG00000116254,1.2253797,-0.6575773,1.0,1.0,0.03792555,-2.3502474,-0.026031699,1.0,1
ENSG00000186625,1.3281152,1.7259116,1.0,1.0,0.16822599,0.6727551,0.065068185,1.0,1
ENSG00000186625,1.3267088,1.7259116,1.0,0.9867208,0.1664423,0.6727551,0.007940933,1.1005089,1
ENSG00000162664,1.3086935,1.3756636,0.59765136,1.0,0.14359337,0.22853212,0.10207826,1.0,1
ENSG00000178741,1.3044894,2.3764672,0.5880048,1.0,0.13826111,1.4978615,0.07732327,1.0,1
ENSG00000196187,1.3166764,1.6333674,0.59222555,1.0,0.15371808,0.5553804,0.08815454,1.0,1
ENSG00000196187,1.3286647,1.6333674,0.58878124,1.0,0.16892286,0.5553804,0.07931575,1.0,1
ENSG00000196187,1.3183603,1.6333674,0.591988,1.0,0.15585378,0.5553804,0.08754487,1.0,1
ENSG00000196187,1.3290172,1.6333674,0.5777448,1.0,0.16936992,0.5553804,0.050993953,1.0,1
ENSG00000011426,1.3158951,1.5304558,0.61670953,1.0,0.15272717,0.42485663,0.1509853,1.0,1
ENSG00000011426,1.3383021,1.5304558,0.59667706,0.62777317,0.18114616,0.42485663,0.09957795,0.1793769,1
ENSG00000100591,1.3030648,2.1271372,0.59905684,1.0,0.13645445,1.1816335,0.105684966,1.0,1
ENSG00000214113,1.3082377,1.7266457,0.59987164,1.0,0.14301518,0.6736862,0.10777594,1.0,1
ENSG00000214113,1.3297902,1.7266457,0.61659855,1.0,0.17035049,0.6736862,0.15070055,1.0,1
ENSG00000214113,1.3297902,1.7266457,0.61659855,1.0,0.17035049,0.6736862,0.15070055,1.0,1
ENSG00000214113,1.3263326,1.7266457,0.6295667,0.034482718,0.16596504,0.6736862,0.18397945,-1.343126,1
ENSG00000214113,1.3297902,1.7266457,0.61659855,0.22197053,0.17035049,0.6736862,0.15070055,-0.86199456,1
ENSG00000175087,1.2909704,1.2853322,0.602951,1.0,0.12111499,0.11396393,0.11567815,1.0,1
ENSG00000175087,1.2947222,1.2853322,1.0,0.76294273,0.12587342,0.11396393,-0.005327802,0.52624923,1
ENSG00000214226,1.2919112,-0.46852112,1.0,1.0,0.12230822,-2.1104655,-0.05466624,1.0,1
ENSG00000133687,1.2369468,-0.9208188,1.0,1.0,0.0525963,-2.6841192,-0.07029711,1.0,1
ENSG00000097021,1.3089262,1.653309,0.59801203,1.0,0.14388852,0.5806725,0.103003815,1.0,1
ENSG00000097021,1.3023212,1.653309,1.0,0.0004453063,0.13551117,0.5806725,-0.0052997395,-1.430473,1
ENSG00000097021,1.3049567,1.653309,1.0,0.0,0.13885377,0.5806725,0.012636196,-1.4316157,1
ENSG00000091140,1.3458531,2.3909879,1.0,1.0,0.19072315,1.5162781,0.025004487,1.0,1
ENSG00000091140,1.3528565,2.3909879,0.60261166,0.9967105,0.19960575,1.5162781,0.11480732,1.1261444,1
ENSG00000091140,1.3547268,2.3909879,0.60207886,0.34823132,0.20197776,1.5162781,0.11344007,-0.5379839,1
ENSG00000091140,1.34574,2.3909879,1.0,0.9532101,0.19057973,1.5162781,0.0243846,1.0145136,1
ENSG00000176783,1.3033186,1.3447851,0.6151127,1.0,0.13677628,0.18936864,0.14688765,1.0,1
ENSG00000176783,1.299729,1.3447851,0.5785086,1.0,0.13222347,0.18936864,0.05295405,1.0,1
ENSG00000176783,1.3111992,1.3447851,0.59165984,1.0,0.14677122,0.18936864,0.086702816,1.0,1
ENSG00000176783,1.3016837,1.3447851,0.6013774,0.02800244,0.13470261,0.18936864,0.111640096,-1.3597558,1
ENSG00000186105,1.2280895,-0.008773923,1.0,1.0,0.041362442,-1.5273637,0.018060543,1.0,1
ENSG00000148481,1.2948396,1.1501422,0.60060114,1.0,0.12602228,-0.057498958,0.109647885,1.0,1
ENSG00000148481,1.2901187,1.1501422,1.0,1.0,0.120034605,-0.057498958,0.08009115,1.0,1
ENSG00000148481,1.2906303,1.1501422,1.0,0.6552083,0.12068365,-0.057498958,0.109093636,0.24978094,1
ENSG00000106144,1.3568041,1.4601458,1.0,1.0,0.20461248,0.33568174,0.122630775,1.0,1
ENSG00000106144,1.3594869,1.4601458,1.0,0.11177167,0.20801511,0.33568174,0.09498644,-1.1447871,1
ENSG00000100246,1.302207,0.7867514,1.0,1.0,0.13536637,-0.518391,0.046753157,1.0,1
ENSG00000203666,1.3336039,1.3615389,0.59780854,1.0,0.17518727,0.2106177,0.1024816,1.0,1
ENSG00000198746,1.3037632,0.7024305,1.0,1.0,0.13734001,-0.62533605,0.041581552,1.0,1
ENSG00000036257,1.2797934,1.4462264,1.0,1.0,0.106939,0.31802762,0.0614009,1.0,1
ENSG00000139154,1.2654798,0.854913,0.6105034,1.0,0.08878494,-0.43194097,0.13505901,1.0,1
ENSG00000111664,1.2374947,0.54406804,1.0,1.0,0.053291116,-0.82618874,0.114574164,1.0,1
ENSG00000176386,1.3162024,1.4613484,0.607345,1.0,0.15311694,0.33720702,0.12695402,1.0,1
ENSG00000110422,1.2762856,0.83821917,0.6024859,1.0,0.102490105,-0.4531139,0.11448458,1.0,1
ENSG00000110422,1.2796941,0.83821917,1.0,0.0,0.106812984,-0.4531139,0.017306391,-1.4316157,1
ENSG00000155629,1.2448903,0.4871384,0.6031335,1.0,0.06267114,-0.8983932,0.116146505,1.0,1
ENSG00000155629,1.2461001,0.4871384,0.61229026,1.0,0.06420546,-0.8983932,0.13964464,1.0,1
ENSG00000143971,1.248505,0.84323275,1.0,1.0,0.06725561,-0.44675517,0.006271109,1.0,1
ENSG00000143971,1.272889,0.84323275,1.0,1.0,0.098182105,-0.44675517,0.13744788,1.0,1
ENSG00000143971,1.2598584,0.84323275,1.0,1.0,0.08165514,-0.44675517,0.036929063,1.0,1
ENSG00000143971,1.2629011,0.84323275,0.6279776,1.0,0.08551423,-0.44675517,0.17990142,1.0,1
ENSG00000204116,1.2558181,-0.14266741,0.59691024,1.0,0.07653092,-1.6971822,0.10017626,1.0,1
ENSG00000108788,1.342429,1.6017342,1.0,1.0,0.18638042,0.5152596,0.035750274,1.0,1
ENSG00000108788,1.3307147,1.6017342,0.591994,0.8643423,0.17152299,0.5152596,0.08756024,0.7864609,1
ENSG00000108788,1.3301508,1.6017342,0.5808468,0.93230766,0.17080793,0.5152596,0.058954272,0.9608738,1
ENSG00000054967,1.2961493,0.8825245,1.0,1.0,0.12768333,-0.39692104,-0.0013838485,1.0,1
ENSG00000054967,1.2940154,0.8825245,1.0,1.0,0.1249769,-0.39692104,-0.019860312,1.0,1
ENSG00000086598,1.3124417,2.15567,0.5976569,1.0,0.14834717,1.2178218,0.10209249,1.0,1
ENSG00000090520,1.3140867,1.4382257,0.5875251,1.0,0.15043359,0.30788037,0.07609224,1.0,1
ENSG00000138785,1.3003434,1.5969268,1.0,1.0,0.1330028,0.5091624,0.07109279,1.0,1
ENSG00000138785,1.3065978,1.5969268,1.0,0.79923224,0.14093527,0.5091624,0.02716934,0.61937535,1
ENSG00000144354,1.3225495,1.9809119,0.59926546,1.0,0.16116692,0.9961745,0.106220305,1.0,1
ENSG00000144354,1.3216087,1.9809119,1.0,0.9986503,0.15997374,0.9961745,0.071314,1.1311224,1
ENSG00000144354,1.3229065,1.9809119,0.59874845,0.12867999,0.1616198,0.9961745,0.10489349,-1.1013969,1
ENSG00000144354,1.3182805,1.9809119,0.6035726,0.0,0.15575255,0.9961745,0.117273286,-1.4316157,1
ENSG00000144354,1.3265114,1.9809119,0.60561323,0.9874892,0.1661919,0.9961745,0.12251003,1.1024809,1
ENSG00000173064,1.2852396,1.0277572,1.0,1.0,0.11384645,-0.212721,0.041298117,1.0,1
ENSG00000173064,1.2860394,1.0277572,1.0,1.0,0.11486088,-0.212721,0.016736608,1.0,1
ENSG00000089597,1.3103201,2.3546844,1.0,1.0,0.14565642,1.470234,0.018694531,1.0,1
ENSG00000089597,1.3103553,2.3546844,0.5876531,0.57593465,0.145701,1.470234,0.07642062,0.04634867,1
ENSG00000089597,1.296002,2.3546844,0.5913727,0.6045555,0.12749651,1.470234,0.08596589,0.11979566,1
ENSG00000119950,1.2335489,1.278982,1.0,1.0,0.048286654,0.105910026,0.05514588,1.0,1
ENSG00000121210,1.299846,0.8864907,0.6109716,1.0,0.13237196,-0.39189067,0.13626072,1.0,1
ENSG00000183814,1.3209708,1.3436055,0.6047887,1.0,0.15916462,0.18787251,0.12039408,1.0,1
ENSG00000183814,1.3127279,1.3436055,0.61260486,1.0,0.14871015,0.18787251,0.1404519,1.0,1
ENSG00000183814,1.3207076,1.3436055,0.6188597,0.260631,0.15883078,0.18787251,0.15650311,-0.76278406,1
ENSG00000143756,1.3045399,1.2491983,1.0,1.0,0.13832527,0.06813499,0.064492255,1.0,1
ENSG00000143756,1.304676,1.2491983,0.59203726,1.0,0.1384979,0.06813499,0.08767123,1.0,1
ENSG00000143756,1.2812603,1.2491983,0.60140115,0.7693981,0.108799465,0.06813499,0.11170094,0.54281497,1
ENSG00000143756,1.304676,1.2491983,0.59203726,0.9323374,0.1384979,0.06813499,0.08767123,0.9609501,1
ENSG00000171428,1.2532908,0.8027737,1.0,0.28664497,0.07332541,-0.49806976,0.06596452,-0.696027,1
ENSG00000220201,1.2420168,0.32837963,1.0,1.0,0.05902658,-1.0997485,-0.043019366,1.0,1
ENSG00000111877,1.2986708,0.9652017,1.0,1.0,0.13088135,-0.29206076,0.047736224,1.0,1
ENSG00000111877,1.3025463,0.9652017,0.64395297,1.0,0.1357967,-0.29206076,0.22089739,1.0,1
ENSG00000001630,1.3273813,1.3838153,0.6305657,1.0,0.16729519,0.23887107,0.18654299,1.0,1
ENSG00000001630,1.3250302,1.3838153,0.62360734,1.0,0.16431327,0.23887107,0.16868651,1.0,1
ENSG00000001630,1.3220336,1.3838153,1.0,1.0,0.16051275,0.23887107,0.10712969,1.0,1
ENSG00000100401,1.306472,1.7291647,0.60032403,1.0,0.14077571,0.67688113,0.10893689,1.0,1
ENSG00000100401,1.299195,1.7291647,1.0,1.0,0.13154638,0.67688113,0.01422267,1.0,1
ENSG00000100401,1.3159912,1.7291647,1.0,1.0,0.15284903,0.67688113,0.0046695583,1.0,1
ENSG00000075399,1.2859368,0.20139712,1.0,1.0,0.11473079,-1.2608017,0.024010759,1.0,1
ENSG00000075399,1.2888703,0.20139712,1.0,1.0,0.11845132,-1.2608017,0.029855546,1.0,1
ENSG00000188321,1.2616198,1.1274288,0.58736926,1.0,0.08388922,-0.086306565,0.075692296,1.0,1
ENSG00000188321,1.2767696,1.1274288,0.61667824,1.0,0.103103906,-0.086306565,0.15090495,1.0,1
ENSG00000188321,1.2743042,1.1274288,1.0,1.0,0.09997687,-0.086306565,0.05174221,1.0,1
ENSG00000188321,1.2685807,1.1274288,0.5809509,0.6631944,0.09271773,-0.086306565,0.059221536,0.2702749,1
ENSG00000188321,1.264426,1.1274288,0.5931437,0.4812834,0.08744842,-0.086306565,0.0905106,-0.19654545,1
ENSG00000161036,1.3216107,1.3253103,1.0,1.0,0.15997632,0.1646686,-0.039430764,1.0,1
ENSG00000161036,1.3304882,1.3253103,0.59413093,1.0,0.17123567,0.1646686,0.09304412,1.0,1
ENSG00000161036,1.3182046,1.3253103,1.0,1.0,0.15565634,0.1646686,-0.016805045,1.0,1
ENSG00000161036,1.3106397,1.3253103,1.0,1.0,0.14606167,0.1646686,-0.024475735,1.0,1
ENSG00000196296,1.229194,0.25285304,1.0,1.0,0.04276339,-1.1955396,-0.018657342,1.0,1
ENSG00000196296,1.2390143,0.25285304,1.0,1.0,0.055218495,-1.1955396,-0.04681128,1.0,1
ENSG00000028528,1.2913415,1.7551885,1.0,1.0,0.121585615,0.7098874,0.06092336,1.0,1
ENSG00000169641,1.2588388,0.9268567,1.0,1.0,0.080362104,-0.3406941,0.11289132,1.0,1
ENSG00000173457,1.304488,2.176236,0.5989028,1.0,0.13825941,1.243906,0.10528974,1.0,1
ENSG00000059122,1.2711809,0.763428,1.0,1.0,0.09601562,-0.5479723,0.0183485,1.0,1
ENSG00000059122,1.2807715,0.763428,1.0,1.0,0.108179584,-0.5479723,0.056666642,1.0,1
ENSG00000135940,1.3168931,2.6450388,0.5955961,1.0,0.1539929,1.8384933,0.096803844,1.0,1
ENSG00000135940,1.3364383,2.6450388,1.0,1.0,0.17878224,1.8384933,0.035590816,1.0,1
ENSG00000159792,1.2694058,1.1348144,1.0,1.0,0.093764365,-0.076939344,0.08505283,1.0,1
ENSG00000163312,1.3233058,0.9894498,0.6054749,1.0,0.16212629,-0.26130664,0.12215495,1.0,1
ENSG00000163312,1.3230331,0.9894498,0.5841254,1.0,0.16178033,-0.26130664,0.06736778,1.0,1
ENSG00000163312,1.3206466,0.9894498,0.57659143,0.88908446,0.15875359,-0.26130664,0.04803415,0.84995437,1
ENSG00000163312,1.3262718,0.9894498,0.6230206,0.62147886,0.16588798,-0.26130664,0.16718076,0.16322435,1
ENSG00000152689,1.234254,0.03342378,1.0,1.0,0.04918093,-1.4738439,0.052919462,1.0,1
ENSG00000145029,1.3016858,0.86746746,1.0,1.0,0.13470536,-0.41601804,-0.017745495,1.0,1
ENSG00000145029,1.2940643,0.86746746,0.5859909,1.0,0.12503885,-0.41601804,0.07215513,1.0,1
ENSG00000145029,1.303192,0.86746746,1.0,0.91604936,0.13661566,-0.41601804,-0.002652008,0.91915166,1
ENSG00000171824,1.3362722,1.8664055,0.60636145,1.0,0.17857173,0.8509449,0.124430045,1.0,1
ENSG00000171824,1.3357391,1.8664055,1.0,1.0,0.1778956,0.8509449,0.05962999,1.0,1
ENSG00000171824,1.3405259,1.8664055,1.0,1.0,0.18396667,0.8509449,0.05643988,1.0,1
ENSG00000171824,1.3351007,1.8664055,0.6120378,0.991138,0.17708567,0.8509449,0.13899663,1.1118443,1
ENSG00000130270,1.2938988,0.94101423,0.5863921,1.0,0.124829,-0.32273796,0.07318469,1.0,1
ENSG00000163945,1.3115749,0.63346845,1.0,1.0,0.14724779,-0.71280134,0.10012402,1.0,1
ENSG00000163945,1.3171587,0.63346845,1.0,1.0,0.15432984,-0.71280134,0.080595225,1.0,1
ENSG00000163945,1.3132305,0.63346845,1.0,1.0,0.1493476,-0.71280134,0.05646675,1.0,1
ENSG00000163945,1.3091749,0.63346845,1.0,0.32214764,0.14420384,-0.71280134,0.03827094,-0.6049199,1
ENSG00000170412,1.2298112,1.5692568,1.0,1.0,0.043546118,0.4740683,0.03946895,1.0,1
ENSG00000211584,1.2790577,1.0216027,1.0,1.0,0.10600592,-0.2205268,0.008506101,1.0,1
ENSG00000205643,1.2864072,0.951823,1.0,1.0,0.11532734,-0.30902907,-0.023430187,1.0,1
ENSG00000205643,1.2834051,0.951823,1.0,1.0,0.111519754,-0.30902907,-0.031388205,1.0,1
ENSG00000205643,1.2887812,0.951823,1.0,1.0,0.11833829,-0.30902907,0.09633933,1.0,1
ENSG00000164647,1.256689,0.14612806,1.0,1.0,0.07763537,-1.3309,-0.08276613,1.0,1
ENSG00000164647,1.2427436,0.14612806,1.0,1.0,0.059948407,-1.3309,0.0005204268,1.0,1
ENSG00000164647,1.2461658,0.14612806,1.0,1.0,0.064288735,-1.3309,0.013186565,1.0,1
ENSG00000054116,1.343106,2.025101,1.0,1.0,0.18723913,1.0522199,0.08916567,1.0,1
ENSG00000102547,1.2899134,0.30963016,1.0,1.0,0.11977434,-1.1235286,-0.07567425,1.0,1
ENSG00000102547,1.2692508,0.30963016,1.0,1.0,0.0935677,-1.1235286,0.041060142,1.0,1
ENSG00000102547,1.2777033,0.30963016,0.6195286,1.0,0.10428815,-1.1235286,0.15821952,1.0,1
ENSG00000102547,1.2800311,0.30963016,1.0,1.0,0.10724053,-1.1235286,-0.023428518,1.0,1
ENSG00000102547,1.2978817,0.30963016,1.0,1.0,0.12988059,-1.1235286,0.053285055,1.0,1
ENSG00000102547,1.2988288,0.30963016,1.0,1.0,0.13108177,-1.1235286,0.07822109,1.0,1
ENSG00000163634,1.2869083,1.7580788,0.60058236,1.0,0.1159628,0.71355313,0.109599695,1.0,1
ENSG00000163634,1.2986587,1.7580788,1.0,1.0,0.13086608,0.71355313,0.030168008,1.0,1
ENSG00000163634,1.3099277,1.7580788,0.62219,0.9507735,0.14515859,0.71355313,0.16504925,1.0082608,1
ENSG00000168765,1.3176115,1.604118,0.5887434,1.0,0.15490408,0.51828307,0.07921851,1.0,1
ENSG00000168765,1.3113551,1.604118,0.5954502,1.0,0.146969,0.51828307,0.09642964,1.0,1
ENSG00000168765,1.3162291,1.604118,0.6018927,1.0,0.15315081,0.51828307,0.11296229,1.0,1
ENSG00000168765,1.3256125,1.604118,1.0,0.88014024,0.16505195,0.51828307,-0.013416663,0.82700163,1
ENSG00000147573,1.2196105,-0.8239088,1.0,1.0,0.030608386,-2.5612073,-0.008788675,1.0,1
ENSG00000145191,1.317558,1.8125122,0.60301816,1.0,0.1548363,0.7825916,0.11585057,1.0,1
ENSG00000145191,1.3052322,1.8125122,0.58432716,0.43935052,0.13920325,0.7825916,0.06788559,-0.3041537,1
ENSG00000121989,1.2563254,-0.040958524,1.0,1.0,0.077174336,-1.5681838,-0.006496545,1.0,1
ENSG00000105186,1.3066008,1.7085907,0.5975528,1.0,0.14093919,0.650787,0.10182521,1.0,1
ENSG00000136295,1.2915311,0.41664052,1.0,1.0,0.12182606,-0.9878063,0.031631157,1.0,1
ENSG00000136295,1.288504,0.41664052,1.0,1.0,0.11798677,-0.9878063,-0.043726806,1.0,1
ENSG00000136295,1.2977912,0.41664052,0.60773844,0.0,0.12976585,-0.9878063,0.1279636,-1.4316157,1
ENSG00000085511,1.3113303,1.512551,1.0,1.0,0.14693755,0.40214774,0.088927865,1.0,1
ENSG00000085511,1.3126713,1.512551,1.0,1.0,0.14863832,0.40214774,0.05641275,1.0,1
ENSG00000085511,1.3056624,1.512551,0.609006,0.008333325,0.13974893,0.40214774,0.13121639,-1.4102308,1
ENSG00000085511,1.3074666,1.512551,1.0,0.325,0.1420372,0.40214774,0.046175204,-0.5976002,1
ENSG00000085511,1.3052101,1.512551,0.59600013,0.15820149,0.13917524,0.40214774,0.09784078,-1.0256388,1
ENSG00000136928,1.2239531,-0.552842,1.0,1.0,0.036116242,-2.2174106,-0.023716953,1.0,1
ENSG00000136928,1.2239531,-0.552842,1.0,1.0,0.036116242,-2.2174106,-0.023716953,1.0,1
ENSG00000168389,1.2369748,-0.72124636,1.0,1.0,0.052631732,-2.4309995,0.01757006,1.0,1
ENSG00000151929,1.2848346,0.47856653,1.0,1.0,0.11333292,-0.909265,0.04775825,1.0,1
ENSG00000151929,1.2847023,0.47856653,1.0,1.0,0.11316509,-0.909265,0.008921336,1.0,1
ENSG00000173120,1.297253,1.2915908,1.0,1.0,0.12908316,0.12190177,0.027033672,1.0,1
ENSG00000173120,1.2885578,1.2915908,1.0,1.0,0.11805494,0.12190177,0.037969466,1.0,1
ENSG00000173120,1.2952466,1.2915908,1.0,1.0,0.12653853,0.12190177,0.060152624,1.0,1
ENSG00000173120,1.2994126,1.2915908,0.61103487,0.046104908,0.13182221,0.12190177,0.13642299,-1.3133012,1
ENSG00000101350,1.2644033,0.8825245,1.0,1.0,0.087419726,-0.39692104,0.09882655,1.0,1
ENSG00000172262,1.3076038,1.7367151,1.0,1.0,0.14221121,0.68645734,0.041343924,1.0,1
ENSG00000172262,1.3038177,1.7367151,0.62267065,1.0,0.13740936,0.68645734,0.1662827,1.0,1
ENSG00000172262,1.3076038,1.7367151,1.0,0.9717842,0.14221121,0.68645734,0.041343924,1.0621785,1
ENSG00000172262,1.3038177,1.7367151,0.62267065,0.97353756,0.13740936,0.68645734,0.1662827,1.066678,1
ENSG00000134152,1.2962595,1.5404546,0.61547947,1.0,0.12782316,0.43753818,0.14782876,1.0,1
ENSG00000134152,1.3064432,1.5404546,0.62701577,1.0,0.1407392,0.43753818,0.1774332,1.0,1
ENSG00000134152,1.3064432,1.5404546,0.62701577,1.0,0.1407392,0.43753818,0.1774332,1.0,1
ENSG00000134152,1.3064432,1.5404546,0.62701577,1.0,0.1407392,0.43753818,0.1774332,1.0,1
ENSG00000134152,1.3106189,1.5404546,0.6328132,0.7069528,0.14603528,0.43753818,0.1923106,0.38256785,1
ENSG00000134152,1.2914357,1.5404546,1.0,0.9906672,0.121705,0.43753818,-0.0038938485,1.1106362,1
ENSG00000171940,1.245779,0.98407704,1.0,1.0,0.06379822,-0.268121,0.10209155,1.0,1
ENSG00000171940,1.2417219,0.98407704,1.0,1.0,0.05865255,-0.268121,0.022222504,1.0,1
ENSG00000171940,1.2364275,0.98407704,1.0,0.8447205,0.051937707,-0.268121,0.022297712,0.73610735,1
ENSG00000025293,1.2978864,1.5284023,0.6064207,0.0,0.12988648,0.42225227,0.12458204,-1.4316157,1
ENSG00000025293,1.2966766,1.5284023,0.6037364,0.010726035,0.12835218,0.42225227,0.11769366,-1.4040905,1
ENSG00000025293,1.2942601,1.5284023,0.60547227,0.98347104,0.1252873,0.42225227,0.12214823,1.0921693,1
ENSG00000213672,1.2821978,1.3752978,1.0,1.0,0.109988585,0.22806808,-0.042375337,1.0,1
ENSG00000213672,1.2814046,1.3752978,1.0,1.0,0.1089825,0.22806808,0.011029288,1.0,1
ENSG00000109606,1.3117088,2.2973008,1.0,1.0,0.14741765,1.3974537,-0.0008300878,1.0,1
ENSG00000109606,1.300388,2.2973008,0.61419475,1.0,0.13305935,1.3974537,0.14453194,1.0,1
ENSG00000109606,1.3031715,2.2973008,0.6013174,1.0,0.13658968,1.3974537,0.11148608,1.0,1
ENSG00000109606,1.3118352,2.2973008,0.59669834,0.99322104,0.14757797,1.3974537,0.09963256,1.1171899,1
ENSG00000196365,1.3222189,1.8886847,0.5924017,1.0,0.16074777,0.879202,0.08860654,1.0,1
ENSG00000196365,1.3308014,1.8886847,1.0,0.7721822,0.17163295,0.879202,0.067584604,0.5499596,1
ENSG00000196365,1.339279,1.8886847,1.0,0.29889297,0.18238528,0.879202,0.07095876,-0.6645961,1
ENSG00000182858,1.2716552,0.4199558,0.58888054,1.0,0.09661727,-0.98360157,0.079570495,1.0,1
ENSG00000138615,1.2309735,-0.88605666,1.0,1.0,0.045020156,-2.64003,-0.05133791,1.0,1
ENSG00000138615,1.2158393,-0.88605666,1.0,1.0,0.025825325,-2.64003,0.0655365,1.0,1
ENSG00000165490,1.2454778,1.2516382,0.58996695,1.0,0.06341617,0.071229495,0.082358405,1.0,1
ENSG00000165490,1.2696924,1.2516382,0.60608345,0.0181818,0.09412778,0.071229495,0.12371667,-1.3849576,1
ENSG00000165490,1.2723051,1.2516382,0.59760594,0.8337662,0.09744153,0.071229495,0.10196164,0.7079965,1
ENSG00000119446,1.3207209,1.6288996,0.60985327,1.0,0.15884782,0.5497138,0.13339071,1.0,1
ENSG00000119446,1.3221862,1.6288996,1.0,1.0,0.16070618,0.5497138,-0.06279321,1.0,1
ENSG00000119446,1.3191001,1.6288996,1.0,0.7178899,0.15679209,0.5497138,-0.0626149,0.4106345,1
ENSG00000196419,1.3147869,2.1923723,1.0,1.0,0.15132156,1.2643718,0.0030986853,1.0,1
ENSG00000196419,1.3166587,2.1923723,1.0,0.9814707,0.15369564,1.2643718,0.031880062,1.0870361,1
ENSG00000115275,1.2730131,1.5039268,1.0,1.0,0.09833959,0.3912096,0.07693605,1.0,1
ENSG00000115275,1.2670876,1.5039268,1.0,1.0,0.09082415,0.3912096,-0.023952205,1.0,1
ENSG00000141526,1.2196366,0.68304706,1.0,1.0,0.030641481,-0.6499203,-0.017004497,1.0,1
ENSG00000010404,1.2597836,1.2011238,0.61429095,1.0,0.0815604,0.007161679,0.14477873,1.0,1
ENSG00000010404,1.261003,1.2011238,0.6145577,1.0,0.083106935,0.007161679,0.14546321,1.0,1
ENSG00000010404,1.2533255,1.2011238,1.0,0.078149915,0.073369525,0.007161679,0.12180762,-1.2310673,1
ENSG00000102349,1.2372372,-0.7958801,1.0,1.0,0.052964635,-2.5256581,0.062316015,1.0,1
ENSG00000102349,1.2385788,-0.7958801,1.0,1.0,0.05466608,-2.5256581,0.095682696,1.0,1
ENSG00000167588,1.2456919,-0.18045604,1.0,1.0,0.06368771,-1.7451098,-0.043192882,1.0,1
ENSG00000132522,1.2704794,1.2027607,0.6110708,1.0,0.09512604,0.009237637,0.13651516,1.0,1
ENSG00000010818,1.2168338,0.04921806,1.0,1.0,0.02708679,-1.4538119,0.03611164,1.0,1
ENSG00000069702,1.2581044,1.1014034,0.59327364,1.0,0.07943069,-0.11931487,0.09084408,1.0,1
ENSG00000069702,1.2498618,1.1014034,0.58481735,1.0,0.06897658,-0.11931487,0.069143504,1.0,1
ENSG00000069702,1.2667599,1.1014034,0.6123672,0.0138888955,0.09040848,-0.11931487,0.1398421,-1.395974,1
ENSG00000166762,1.2536154,0.8555192,0.565388,1.0,0.07373712,-0.43117222,0.019283958,1.0,1
ENSG00000124587,1.3078763,0.839478,1.0,1.0,0.1425569,-0.4515173,0.040939584,1.0,1
ENSG00000124587,1.3102583,0.839478,1.0,1.0,0.14557788,-0.4515173,0.03026992,1.0,1
ENSG00000132670,1.3000679,1.7884512,1.0,1.0,0.1326534,0.7520747,-0.037171405,1.0,1
ENSG00000132670,1.3081686,1.7884512,1.0,1.0,0.14292769,0.7520747,0.011126377,1.0,1
ENSG00000132670,1.300526,1.7884512,1.0,1.0,0.13323435,0.7520747,-0.034611758,1.0,1
ENSG00000132670,1.2898535,1.7884512,0.5988844,0.7184466,0.11969831,0.7520747,0.105242446,0.4120631,1
ENSG00000132670,1.280555,1.7884512,0.57321006,0.08124679,0.107904926,0.7520747,0.039356947,-1.2231201,1
ENSG00000105171,1.348509,1.8568497,1.0,1.0,0.1940916,0.83882517,0.02207578,1.0,1
ENSG00000105171,1.3409872,1.8568497,1.0,0.0,0.18455176,0.83882517,-0.027923133,-1.4316157,1
ENSG00000198498,1.3307911,1.304275,0.62142813,1.0,0.17161988,0.1379893,0.16309412,1.0,1
ENSG00000198498,1.3233877,1.304275,0.62196493,1.0,0.1622301,0.1379893,0.16447166,1.0,1
ENSG00000198498,1.3309956,1.304275,1.0,1.0,0.17187922,0.1379893,0.027585942,1.0,1
ENSG00000198498,1.3162681,1.304275,0.578856,1.0,0.15320015,0.1379893,0.05384546,1.0,1
ENSG00000198498,1.3162681,1.304275,0.578856,1.0,0.15320015,0.1379893,0.05384546,1.0,1
ENSG00000198498,1.3357303,1.304275,1.0,0.91759855,0.17788438,0.1379893,0.15418908,0.92312723,1
ENSG00000227345,1.2770151,1.3306167,0.5719442,1.0,0.10341519,0.17139864,0.03610842,1.0,1
ENSG00000227345,1.2647095,1.3306167,0.6073834,0.8470588,0.087807916,0.17139864,0.12705252,0.742108,1
ENSG00000151893,1.2909589,1.045323,0.59754825,1.0,0.12110033,-0.19044216,0.101813614,1.0,1
ENSG00000151893,1.2897406,1.045323,0.5881966,0.22250637,0.119555034,-0.19044216,0.07781525,-0.8606195,1
ENSG00000137210,1.3196552,2.3674116,0.6034187,1.0,0.15749611,1.4863762,0.11687836,1.0,1
ENSG00000137210,1.3248185,2.3674116,0.6153691,0.8166896,0.16404477,1.4863762,0.14754544,0.66417444,1
ENSG00000068120,1.3187639,1.590619,1.0,1.0,0.15636556,0.5011621,0.12832262,1.0,1
ENSG00000068120,1.3151929,1.590619,0.6073497,0.067729086,0.15183654,0.5011621,0.12696601,-1.2578093,1
ENSG00000204427,1.3692483,1.9892718,0.58537257,1.0,0.2203955,1.0067774,0.07056834,1.0,1
ENSG00000204427,1.3723643,1.9892718,0.6015115,1.0,0.22434764,1.0067774,0.111984044,1.0,1
ENSG00000204427,1.3547294,1.9892718,0.60568446,0.9798051,0.20198113,1.0067774,0.12269278,1.0827619,1
ENSG00000151461,1.3192246,1.2603099,1.0,1.0,0.15694998,0.08222793,0.058442425,1.0,1
ENSG00000151461,1.3236575,1.2603099,1.0,1.0,0.16257232,0.08222793,0.02410249,1.0,1
ENSG00000103356,1.3145655,1.674034,0.6143037,1.0,0.15104087,0.6069582,0.14481153,1.0,1
ENSG00000138030,1.2993666,0.45788187,1.0,1.0,0.13176389,-0.9354995,-0.012713928,1.0,1
ENSG00000123737,1.3235171,1.9109976,1.0,1.0,0.16239418,0.90750164,-0.019691471,1.0,1
ENSG00000123737,1.3140206,1.9109976,0.59489137,0.41104,0.1503498,0.90750164,0.094995454,-0.37680414,1
ENSG00000105982,1.3383696,0.5740313,1.0,1.0,0.18123177,-0.7881861,0.07706784,1.0,1
ENSG00000149136,1.2862167,2.2829165,1.0,1.0,0.11508572,1.37921,-0.00048776343,1.0,1
ENSG00000149136,1.2898538,2.2829165,1.0,1.0,0.119698785,1.37921,-0.04268309,1.0,1
ENSG00000166105,1.2302117,-0.39793992,1.0,1.0,0.044054065,-2.0209467,-0.012254272,1.0,1
ENSG00000015479,1.318312,2.2356293,1.0,1.0,0.1557926,1.3192352,0.12555629,1.0,1
ENSG00000015479,1.3188435,2.2356293,0.636432,0.919613,0.1564666,1.3192352,0.20159717,0.9282968,1
ENSG00000015479,1.3188435,2.2356293,0.636432,0.02702701,0.1564666,1.3192352,0.20159717,-1.3622589,1
ENSG00000015479,1.31154,2.2356293,0.593959,0.94971967,0.1472036,1.3192352,0.092602834,1.0055566,1
ENSG00000197444,1.2679062,0.14301479,1.0,1.0,0.091862276,-1.3348485,0.14161527,1.0,1
ENSG00000070214,1.2513493,-0.552842,1.0,1.0,0.0708631,-2.2174106,0.11201064,1.0,1
ENSG00000070214,1.2455226,-0.552842,0.6386665,1.0,0.06347304,-2.2174106,0.20733137,1.0,1
ENSG00000070214,1.2704351,-0.552842,0.5976957,1.0,0.095069826,-2.2174106,0.102192074,1.0,1
ENSG00000151651,1.2469679,0.47567117,1.0,1.0,0.06530613,-0.91293716,0.026913164,1.0,1
ENSG00000151651,1.2524612,0.47567117,0.6255453,1.0,0.07227328,-0.91293716,0.17365968,1.0,1
ENSG00000151651,1.247047,0.47567117,0.62014794,0.9920318,0.06540636,-0.91293716,0.15980898,1.114138,1
ENSG00000151651,1.2581191,0.47567117,1.0,0.9920318,0.07944926,-0.91293716,0.047205877,1.114138,1
ENSG00000151651,1.2450749,0.47567117,0.6165683,0.9920318,0.06290515,-0.91293716,0.1506229,1.114138,1
ENSG00000102575,1.2393959,-0.2006594,1.0,1.0,0.05570235,-1.770734,-0.003759358,1.0,1
ENSG00000102575,1.2277985,-0.2006594,1.0,1.0,0.040993392,-1.770734,0.03522079,1.0,1
ENSG00000088854,1.272506,0.4456042,1.0,1.0,0.097696334,-0.9510714,0.008742634,1.0,1
ENSG00000124209,1.2977474,0.7259116,1.0,1.0,0.12971027,-0.5955547,0.04111091,1.0,1
ENSG00000124209,1.2915326,0.7259116,1.0,1.0,0.12182799,-0.5955547,0.010462619,1.0,1
ENSG00000040487,1.3295773,1.3471347,0.6158025,1.0,0.17008047,0.19234872,0.14865781,1.0,1
ENSG00000040487,1.3313857,1.3471347,1.0,0.96744186,0.17237411,0.19234872,0.108932346,1.0510352,1
ENSG00000112304,1.3461242,1.9530828,1.0,1.0,0.19106707,0.9608786,0.121001065,1.0,1
ENSG00000112304,1.3431464,1.9530828,1.0,0.24616772,0.18729031,0.9608786,0.1121134,-0.79989976,1
ENSG00000119408,1.2434666,1.2033049,1.0,1.0,0.060865384,0.0099278875,0.0077281035,1.0,1
ENSG00000119408,1.2621415,1.2033049,0.6157218,0.19607842,0.08455081,0.0099278875,0.14845067,-0.92843896,1
ENSG00000154358,1.2251368,0.55990666,1.0,1.0,0.037617434,-0.8061005,-0.046372633,1.0,1
ENSG00000154358,1.2215314,0.55990666,1.0,1.0,0.033044703,-0.8061005,0.06813902,1.0,1
ENSG00000148672,1.2781098,1.7804613,1.0,1.0,0.10480373,0.74194103,-0.062303346,1.0,1
ENSG00000189306,1.2376387,1.4299136,1.0,1.0,0.053473808,0.29733804,0.0035869814,1.0,1
ENSG00000189306,1.2512127,1.4299136,1.0,1.0,0.070689775,0.29733804,-0.010628354,1.0,1
ENSG00000185973,1.2648783,1.4698219,1.0,1.0,0.088022076,0.34795415,-0.04363436,1.0,1
ENSG00000107614,1.3062336,0.8998205,0.61558944,1.0,0.14047343,-0.37498438,0.14811088,1.0,1
ENSG00000107614,1.3074896,0.8998205,0.6173549,1.0,0.14206645,-0.37498438,0.15264158,1.0,1
ENSG00000107614,1.3093282,0.8998205,0.6180651,1.0,0.14439827,-0.37498438,0.154464,1.0,1
ENSG00000107614,1.3005409,0.8998205,1.0,0.9344569,0.13325332,-0.37498438,0.089730725,0.9663891,1
ENSG00000107614,1.2997991,0.8998205,1.0,0.88745975,0.13231243,-0.37498438,0.0012491234,0.8457851,1
ENSG00000107614,1.308646,0.8998205,0.6210133,0.2479564,0.14353299,-0.37498438,0.16202962,-0.7953096,1
ENSG00000197362,1.273921,0.36361206,1.0,1.0,0.09949102,-1.0550629,0.02815613,1.0,1
ENSG00000197362,1.273921,0.36361206,1.0,1.0,0.09949102,-1.0550629,0.02815613,1.0,1
ENSG00000197362,1.2607679,0.36361206,1.0,0.55656105,0.08280878,-1.0550629,-0.0052218214,-0.0033677826,1
ENSG00000103194,1.3057625,2.085005,1.0,1.0,0.1398759,1.1281968,0.024291692,1.0,1
ENSG00000103194,1.305198,2.085005,0.6035906,1.0,0.1391598,1.1281968,0.11731951,1.0,1
ENSG00000103194,1.2998663,2.085005,1.0,0.017911077,0.13239773,1.1281968,0.028550869,-1.3856523,1
ENSG00000103194,1.3067578,2.085005,0.6083973,0.10939336,0.1411382,1.1281968,0.12965453,-1.1508904,1
ENSG00000103194,1.3006067,2.085005,1.0,0.63595545,0.13333677,1.1281968,0.041795142,0.20037428,1
ENSG00000163069,1.2497977,-0.7447275,0.61928254,1.0,0.0688952,-2.4607809,0.15758811,1.0,1
ENSG00000163069,1.2263746,-0.7447275,1.0,1.0,0.039187465,-2.4607809,0.19979645,1.0,1
ENSG00000158161,1.3524052,1.7312663,1.0,1.0,0.19903328,0.6795466,0.046112154,1.0,1
ENSG00000158161,1.3564453,1.7312663,1.0,0.33947194,0.20415746,0.6795466,0.014938097,-0.5604623,1
ENSG00000158161,1.3415531,1.7312663,0.62817806,0.38495672,0.18526945,0.6795466,0.18041585,-0.44373915,1
ENSG00000158161,1.3504362,1.7312663,1.0,0.9658309,0.19653603,0.6795466,0.02631623,1.0469011,1
ENSG00000116205,1.328079,0.80071706,0.58852607,1.0,0.16818011,-0.50067824,0.078660905,1.0,1
ENSG00000116205,1.328079,0.80071706,0.58852607,1.0,0.16818011,-0.50067824,0.078660905,1.0,1
ENSG00000116205,1.3283359,0.80071706,1.0,1.0,0.16850592,-0.50067824,0.065925986,1.0,1
ENSG00000116205,1.3283359,0.80071706,1.0,1.0,0.16850592,-0.50067824,0.065925986,1.0,1
ENSG00000116205,1.323238,0.80071706,0.61671776,1.0,0.16204019,-0.50067824,0.15100648,1.0,1
ENSG00000116205,1.3247753,0.80071706,1.0,0.95454544,0.16399002,-0.50067824,0.03698458,1.0179404,1
ENSG00000197943,1.2472012,0.6839471,1.0,1.0,0.065601945,-0.64877874,-0.027533043,1.0,1
ENSG00000138686,1.279282,1.2472365,1.0,1.0,0.10629033,0.06564681,0.09114007,1.0,1
ENSG00000160255,1.220497,-0.08092189,1.0,1.0,0.031732816,-1.6188697,-0.0081858,1.0,1
ENSG00000166908,1.2880498,1.3914644,0.60840756,1.0,0.11741072,0.24857242,0.12968083,1.0,1
ENSG00000166908,1.2964222,1.3914644,1.0,0.99743915,0.1280295,0.24857242,0.0054450557,1.1280143,1
ENSG00000078902,1.3006849,1.0711453,1.0,1.0,0.13343593,-0.15769146,0.028468866,1.0,1
ENSG00000078902,1.3084527,1.0711453,1.0,0.9586466,0.14328797,-0.15769146,0.04779497,1.0284648,1
ENSG00000078902,1.3092031,1.0711453,1.0,0.3725702,0.14423974,-0.15769146,0.00057209283,-0.4755255,1
ENSG00000100897,1.3327057,1.4797192,1.0,1.0,0.17404824,0.3605069,-0.04340146,1.0,1
ENSG00000100897,1.3138393,1.4797192,0.58314174,1.0,0.15011978,0.3605069,0.06484361,1.0,1
ENSG00000100897,1.3189301,1.4797192,0.5774878,0.99326193,0.15657653,0.3605069,0.050334442,1.1172948,1
ENSG00000102882,1.2947487,1.6550423,1.0,1.0,0.12590693,0.5828709,-0.009585727,1.0,1
ENSG00000102882,1.2927804,1.6550423,0.5765402,0.17334777,0.12341054,0.5828709,0.047902655,-0.9867704,1
ENSG00000102882,1.2885351,1.6550423,1.0,0.96108663,0.11802629,0.5828709,-0.015166856,1.0347264,1
ENSG00000162972,1.2915794,1.2219356,1.0,1.0,0.12188723,0.033557367,-0.025788438,1.0,1
ENSG00000162972,1.2877202,1.2219356,1.0,1.0,0.11699268,0.033557367,-0.0010994636,1.0,1
ENSG00000162972,1.2914082,1.2219356,1.0,1.0,0.12167012,0.033557367,-0.003323324,1.0,1
ENSG00000162972,1.2928495,1.2219356,0.60662854,1.0,0.123498216,0.033557367,0.12511536,1.0,1
ENSG00000130818,1.2840452,0.86391735,0.59069884,1.0,0.11233168,-0.42052066,0.08423656,1.0,1
ENSG00000130818,1.2818303,0.86391735,0.59821147,0.9497206,0.10952248,-0.42052066,0.103515476,1.005559,1
ENSG00000130818,1.2790419,0.86391735,1.0,0.7108938,0.10598589,-0.42052066,0.012014855,0.3926812,1
ENSG00000165264,1.2869464,1.6783363,1.0,1.0,0.11601132,0.61241484,0.0022148155,1.0,1
ENSG00000165264,1.2915801,1.6783363,0.57897526,1.0,0.121888235,0.61241484,0.05415153,1.0,1
ENSG00000165264,1.2869464,1.6783363,1.0,0.72814596,0.11601132,0.61241484,0.0022148155,0.43695372,1
ENSG00000165264,1.2915801,1.6783363,0.57897526,0.8359525,0.121888235,0.61241484,0.05415153,0.71360713,1
ENSG00000137868,1.2478411,0.21218759,0.59644526,1.0,0.06641357,-1.247116,0.09898311,1.0,1
ENSG00000058335,1.2164955,-0.8239088,1.0,1.0,0.026657615,-2.5612073,0.0036083795,1.0,1
ENSG00000160445,1.3079578,0.9344984,0.57721984,1.0,0.14266019,-0.331002,0.049646847,1.0,1
ENSG00000160445,1.3168824,0.9344984,1.0,0.94787645,0.15397935,-0.331002,-0.024947103,1.0008264,1
ENSG00000150995,1.2865919,1.2787535,1.0,1.0,0.11556153,0.1056202,0.02042555,1.0,1
ENSG00000150995,1.285959,1.2787535,1.0,0.8916256,0.11475886,0.1056202,0.07583879,0.85647535,1
ENSG00000156261,1.342234,2.6973863,1.0,1.0,0.18613304,1.904886,0.015282597,1.0,1
ENSG00000156261,1.3463833,2.6973863,0.5684738,0.98072064,0.19139576,1.904886,0.027202677,1.0851113,1
ENSG00000198830,1.3443763,2.5121102,0.6106341,1.0,0.1888501,1.6698989,0.13539448,1.0,1
ENSG00000119703,1.2566528,0.7075702,1.0,1.0,0.077589534,-0.6188174,0.018958645,1.0,1
ENSG00000119703,1.271962,0.7075702,0.63449734,1.0,0.09700648,-0.6188174,0.19663249,1.0,1
ENSG00000141759,1.2730439,1.9526472,0.59421605,1.0,0.098378524,0.9603261,0.09326243,1.0,1
ENSG00000141759,1.2677904,1.9526472,0.59468013,1.0,0.09171556,0.9603261,0.09445347,1.0,1
ENSG00000141759,1.2677904,1.9526472,0.59468013,1.0,0.09171556,0.9603261,0.09445347,1.0,1
ENSG00000141759,1.2756945,1.9526472,0.5955859,0.6507009,0.10174035,0.9603261,0.0967778,0.23821405,1
ENSG00000141759,1.2730439,1.9526472,0.59421605,0.2712361,0.098378524,0.9603261,0.09326243,-0.73556924,1
ENSG00000141759,1.2816602,1.9526472,0.60181886,0.07076779,0.10930669,0.9603261,0.11277281,-1.2500113,1
ENSG00000127831,1.2414156,-0.27572417,1.0,1.0,0.05826413,-1.8659393,0.110313445,1.0,1
ENSG00000127831,1.2472726,-0.27572417,1.0,1.0,0.06569253,-1.8659393,0.004298173,1.0,1
ENSG00000033170,1.2419461,0.7737864,1.0,1.0,0.05893686,-0.5348346,-0.07562654,1.0,1
ENSG00000033170,1.2448626,0.7737864,1.0,0.07330829,0.062635854,-0.5348346,0.043172933,-1.2434919,1
ENSG00000033170,1.2369449,0.7737864,1.0,1.0,0.05259382,-0.5348346,-0.094530106,1.1345859,1
ENSG00000033170,1.2458873,0.7737864,1.0,0.14224139,0.06393556,-0.5348346,0.09758698,-1.0665957,1
ENSG00000033170,1.2361652,0.7737864,0.57833076,0.31434184,0.05160484,-0.5348346,0.052497648,-0.6249512,1
ENSG00000033170,1.2392186,0.7737864,1.0,0.03143418,0.055477627,-0.5348346,0.048706986,-1.3509493,1
ENSG00000205155,1.3162047,1.4055171,0.6071087,1.0,0.15311979,0.2663956,0.12634774,1.0,1
ENSG00000089876,1.2358861,1.155336,1.0,1.0,0.051250927,-0.050911516,0.050514445,1.0,1
ENSG00000089876,1.2514906,1.155336,1.0,1.0,0.07104228,-0.050911516,-0.05942745,1.0,1
ENSG00000089876,1.2481568,1.155336,1.0,1.0,0.06681396,-0.050911516,-0.029347967,1.0,1
ENSG00000089876,1.2366741,1.155336,1.0,1.0,0.052250363,-0.050911516,-0.058483373,1.0,1
ENSG00000089876,1.2389462,1.155336,1.0,1.0,0.05513208,-0.050911516,0.019575791,1.0,1
ENSG00000133706,1.3248473,1.7079957,0.5945996,1.0,0.16408136,0.6500322,0.094246715,1.0,1
ENSG00000133706,1.3249927,1.7079957,0.6025392,0.99813926,0.16426574,0.6500322,0.11462128,1.1298109,1
ENSG00000213809,1.2532285,-0.76955104,1.0,1.0,0.073246606,-2.4922647,-0.011799399,1.0,1
ENSG00000213809,1.2467928,-0.76955104,1.0,1.0,0.06508407,-2.4922647,0.032700606,1.0,1
ENSG00000142303,1.2486901,-0.34678745,1.0,1.0,0.06749049,-1.9560696,-0.04892158,1.0,1
ENSG00000130956,1.2588978,0.1903317,1.0,1.0,0.08043694,-1.2748361,-0.028889451,1.0,1
ENSG00000175544,1.2380239,-0.8538718,1.0,1.0,0.053962305,-2.5992098,0.032445736,1.0,1
ENSG00000175544,1.2336173,-0.8538718,1.0,1.0,0.048373446,-2.5992098,-0.014765952,1.0,1
ENSG00000116171,1.2979825,1.7989957,0.5932984,1.0,0.13000838,0.76544845,0.090907514,1.0,1
ENSG00000116171,1.2955822,1.7989957,0.5911509,1.0,0.12696408,0.76544845,0.08539657,1.1345859,1
ENSG00000116171,1.2979825,1.7989957,0.5932984,1.0,0.13000838,0.76544845,0.090907514,1.1345859,1
ENSG00000116171,1.2757308,1.7989957,1.0,0.94300514,0.10178641,0.76544845,0.02607711,0.98832566,1
ENSG00000116171,1.2820183,1.7989957,1.0,0.04461372,0.10976081,0.76544845,0.083574295,-1.317128,1
ENSG00000116171,1.2911901,1.7989957,1.0,0.7318233,0.12139365,0.76544845,0.040708125,0.44639057,1
ENSG00000165898,1.3078,1.4007106,1.0,0.34972677,0.14246008,0.2602995,0.008925784,-0.5341463,1
ENSG00000143157,1.2720951,0.97954834,0.6026719,1.0,0.0971751,-0.27386475,0.11496191,1.0,1
ENSG00000120314,1.3099576,1.5098742,1.0,1.0,0.14519665,0.39875284,0.030257944,1.0,1
ENSG00000103353,1.3079779,1.6131015,1.0,1.0,0.14268568,0.529677,-0.01120444,1.0,1
ENSG00000198898,1.3475652,2.0552635,0.6102188,1.0,0.1928946,1.0904756,0.13432878,1.0,1
ENSG00000118307,1.29895,-0.61978865,1.0,1.0,0.13123554,-2.3023198,-0.015740827,1.0,1
ENSG00000160111,1.3116745,0.28103334,0.58041877,1.0,0.14737403,-1.1597983,0.057855934,1.0,1
ENSG00000133597,1.2698019,0.99475694,1.0,1.0,0.094266705,-0.25457555,-0.032422077,1.0,1
ENSG00000133597,1.268632,0.99475694,1.0,1.0,0.0927829,-0.25457555,0.017331531,1.0,1
ENSG00000133597,1.2699826,0.99475694,1.0,1.0,0.09449582,-0.25457555,-0.007686045,1.0,1
ENSG00000133597,1.2690625,0.99475694,1.0,1.0,0.09332895,-0.25457555,-0.029104467,1.0,1
ENSG00000133597,1.268728,0.99475694,1.0,1.0,0.09290462,-0.25457555,0.06544581,1.0,1
ENSG00000018869,1.278321,0.3856063,0.59084827,1.0,0.10507156,-1.0271673,0.08462012,1.0,1
ENSG00000196262,1.311846,3.6723473,0.5991489,1.0,0.1475916,3.1414387,0.10592125,1.0,1
ENSG00000196262,1.3272297,3.6723473,0.57015616,1.0,0.16710292,3.1414387,0.031519998,1.0,1
ENSG00000196262,1.3070757,3.6723473,0.5921734,1.0,0.14154154,3.1414387,0.08802067,1.0,1
ENSG00000196262,1.3039756,3.6723473,0.5943359,1.0,0.13760945,3.1414387,0.09357007,1.0,1
ENSG00000196262,1.3356425,3.6723473,1.0,1.0,0.17777298,3.1414387,0.036701944,1.0,1
ENSG00000196262,1.3528382,3.6723473,1.0,1.0,0.19958234,3.1414387,-0.030695956,1.0,1
ENSG00000196262,1.3503696,3.6723473,1.0,1.0,0.19645149,3.1414387,-0.03301804,1.0,1
ENSG00000196262,1.342121,3.6723473,0.6031361,0.57773465,0.18598971,3.1414387,0.11615318,0.050967973,1
ENSG00000196262,1.3352909,3.6723473,0.6104074,0.046975255,0.17732704,3.1414387,0.13481276,-1.3110678,1
ENSG00000196262,1.346137,3.6723473,0.6019999,0.09661275,0.1910833,3.1414387,0.11323738,-1.1836879,1
ENSG00000131013,1.3313129,1.0157788,1.0,1.0,0.17228167,-0.2279134,0.05403133,1.0,1
ENSG00000122779,1.3237351,1.6976652,1.0,1.0,0.16267076,0.63692987,0.04870056,1.0,1
ENSG00000196511,1.340458,0.8169038,1.0,1.0,0.18388063,-0.4801484,0.076506376,1.0,1
ENSG00000196511,1.3311607,0.8169038,1.0,0.052631557,0.17208868,-0.4801484,0.1267663,-1.2965525,1
ENSG00000196511,1.3390106,0.8169038,1.0,0.9305555,0.18204482,-0.4801484,0.110263094,0.95637745,1
ENSG00000196511,1.3387032,0.8169038,0.615771,0.05633807,0.18165486,-0.4801484,0.14857689,-1.287041,1
ENSG00000196511,1.3377365,0.8169038,1.0,0.06849313,0.18042883,-0.4801484,0.031712506,-1.2558485,1
ENSG00000092208,1.3006622,1.5059636,0.5953211,1.0,0.133407,0.39379278,0.09609839,1.0,1
ENSG00000092208,1.288947,1.5059636,0.59319043,0.01886791,0.11854863,0.39379278,0.090630606,-1.3831968,1
ENSG00000092208,1.2892973,1.5059636,1.0,0.74608606,0.118992954,0.39379278,0.05998306,0.48299164,1
ENSG00000092208,1.2957414,1.5059636,0.59962755,0.9803005,0.12716606,0.39379278,0.10714951,1.084033,1
ENSG00000136404,1.2579372,0.4409091,0.6073596,1.0,0.079218574,-0.95702624,0.12699144,1.0,1
ENSG00000003056,1.3199116,1.9407156,0.61929107,1.0,0.15782134,0.9451932,0.15761009,1.0,1
ENSG00000003056,1.3248768,1.9407156,1.0,1.0,0.16411865,0.9451932,0.026732475,1.0,1
ENSG00000003056,1.322949,1.9407156,0.62573326,1.0,0.16167381,0.9451932,0.17414197,1.0,1
ENSG00000103966,1.2845234,0.7411516,1.0,1.0,0.11293814,-0.5762257,0.051576313,1.0,1
ENSG00000103966,1.2819127,0.7411516,1.0,1.0,0.10962686,-0.5762257,0.051467124,1.0,1
ENSG00000103966,1.2749333,0.7411516,1.0,1.0,0.100775,-0.5762257,0.030465754,1.0,1
ENSG00000213699,1.2801993,1.052309,0.6116329,1.0,0.107453726,-0.1815816,0.13795756,1.0,1
ENSG00000213699,1.2746437,1.052309,1.0,1.0,0.100407526,-0.1815816,-0.016306471,1.0,1
ENSG00000213699,1.285446,1.052309,0.60137427,0.9528688,0.114108294,-0.1815816,0.111631885,1.0136379,1
ENSG00000213699,1.2841375,1.052309,1.0,0.8985507,0.11244871,-0.1815816,0.036982294,0.8742466,1
ENSG00000213699,1.2861562,1.052309,1.0,0.9669052,0.11500897,-0.1815816,0.07024172,1.049658,1
ENSG00000198700,1.3192122,1.763428,0.6198341,1.0,0.15693434,0.7203375,0.15900363,1.0,1
ENSG00000058063,1.2976856,1.4437323,0.57791996,1.0,0.12963186,0.31486425,0.0514434,1.0,1
ENSG00000149308,1.3013203,1.2543063,1.0,1.0,0.13424173,0.07461349,0.087279364,1.0,1
ENSG00000149308,1.3115811,1.2543063,0.6348902,1.0,0.14725573,0.07461349,0.19764055,1.0,1
ENSG00000165678,1.3340262,2.5692334,1.0,1.0,0.17572302,1.7423484,0.0216324,1.0,1
ENSG00000011478,1.3014436,1.1610683,1.0,1.0,0.13439816,-0.04364112,-0.009323273,1.0,1
ENSG00000011478,1.3061328,1.1610683,0.61746967,0.9516616,0.1403455,-0.04364112,0.15293592,1.0105399,1
ENSG00000174460,1.2349637,-0.9208188,1.0,1.0,0.050081003,-2.6841192,-0.038059074,1.0,1
ENSG00000174460,1.2400819,-0.9208188,1.0,1.0,0.05657257,-2.6841192,-0.03897169,1.0,1
ENSG00000221890,1.2422704,0.3222193,1.0,1.0,0.0593481,-1.1075617,0.010307316,1.0,1
ENSG00000221890,1.2411755,0.3222193,1.0,1.0,0.05795955,-1.1075617,0.01667647,1.0,1
ENSG00000169902,1.2509451,0.18752074,0.61547583,1.0,0.07035042,-1.2784013,0.14781936,1.0,1
ENSG00000169902,1.2509451,0.18752074,0.61547583,1.0,0.07035042,-1.2784013,0.14781936,1.0,1
ENSG00000169902,1.2500638,0.18752074,0.5965053,1.0,0.06923269,-1.2784013,0.09913717,1.0,1
ENSG00000169902,1.255929,0.18752074,0.5932008,1.0,0.07667161,-1.2784013,0.09065716,1.0,1
ENSG00000131037,1.2439369,1.0008677,1.0,1.0,0.06146185,-0.2468252,0.10386434,1.0,1
ENSG00000137824,1.3120432,1.3879235,1.0,1.0,0.14784169,0.24408142,-0.017939836,1.0,1
ENSG00000112419,1.2920164,1.0633334,1.0,1.0,0.12244158,-0.16759942,-0.01417112,1.0,1
ENSG00000112419,1.2937893,1.0633334,0.6047663,1.0,0.12469014,-0.16759942,0.12033659,1.0,1
ENSG00000112419,1.2916017,1.0633334,1.0,1.0,0.121915564,-0.16759942,0.088638455,1.0,1
ENSG00000112419,1.2868333,1.0633334,0.57944006,1.0,0.1158678,-0.16759942,0.0553443,1.0,1
ENSG00000112419,1.3003688,1.0633334,0.6021259,1.0,0.13303496,-0.16759942,0.11356078,1.0,1
ENSG00000112419,1.2809755,1.0633334,1.0,0.61854684,0.108438216,-0.16759942,0.08552179,0.15570018,1
ENSG00000100036,1.2450991,-0.11350918,1.0,1.0,0.06293587,-1.6602005,-0.030941423,1.0,1
ENSG00000097033,1.3053279,1.2873538,0.59571075,1.0,0.13932464,0.11652788,0.097098276,1.0,1
ENSG00000097033,1.2933228,1.2873538,1.0,0.9753615,0.12409848,0.11652788,0.021169674,1.0713587,1
ENSG00000097033,1.2951609,1.2873538,0.6136352,0.01721853,0.12642974,0.11652788,0.14309597,-1.3874295,1
ENSG00000130287,1.2074728,-0.8239088,1.0,1.0,0.015214055,-2.5612073,0.009551382,1.0,1
ENSG00000184730,1.2633063,0.068185806,0.59250766,1.0,0.08602827,-1.4297549,0.08887839,1.0,1
ENSG00000126254,1.2843428,1.4910814,0.5817275,1.0,0.11270897,0.37491766,0.06121434,1.0,1
ENSG00000126254,1.3053352,1.4910814,1.0,1.0,0.13933386,0.37491766,-0.014928125,1.0,1
ENSG00000112511,1.3100971,1.618362,0.5828969,1.0,0.14537343,0.5363488,0.0642153,1.0,1
ENSG00000112511,1.3092375,1.618362,0.57646453,0.98334485,0.14428316,0.5363488,0.047708552,1.0918455,1
ENSG00000099812,1.237967,-0.88605666,1.0,1.0,0.05389022,-2.64003,-0.06522505,1.0,1
ENSG00000120656,1.35931,1.7223871,1.0,1.0,0.20779069,0.66828495,-0.054058407,1.0,1
ENSG00000176148,1.3084192,0.6794279,1.0,1.0,0.14324535,-0.6545105,-0.021422476,1.0,1
ENSG00000176148,1.3126866,0.6794279,1.0,1.0,0.14865768,-0.6545105,-0.008921593,1.0,1
ENSG00000176148,1.2967803,0.6794279,0.60916644,0.14545453,0.12848365,-0.6545105,0.13162816,-1.0583501,1
ENSG00000164031,1.2787838,0.9614211,1.0,1.0,0.10565859,-0.29685575,0.00011398643,1.0,1
ENSG00000164031,1.278123,0.9614211,1.0,1.0,0.1048205,-0.29685575,-0.047608387,1.1345859,1
ENSG00000107854,1.2908124,1.1420765,0.5938541,1.0,0.12091448,-0.067728765,0.09233374,1.0,1
ENSG00000107485,1.225648,-0.9586072,1.0,1.0,0.038265914,-2.7320466,0.07931569,1.0,1
ENSG00000171793,1.3292834,1.5413296,1.0,1.0,0.16970758,0.4386479,-0.058414448,1.0,1
ENSG00000171793,1.3347346,1.5413296,1.0,1.0,0.17662136,0.4386479,-0.10491136,1.0,1
ENSG00000171793,1.3279284,1.5413296,1.0,0.88495576,0.1679891,0.4386479,-0.04003987,0.83935916,1
ENSG00000198721,1.3458428,1.7478776,0.63697904,1.0,0.19071016,0.7006149,0.20300096,1.0,1
ENSG00000198721,1.3225662,1.7478776,0.6085396,0.0029585958,0.16118808,0.7006149,0.1300195,-1.4240234,1
ENSG00000156381,1.2558576,1.1547282,1.0,1.0,0.07658104,-0.05168243,0.028689308,1.0,1
ENSG00000156381,1.2518919,1.1547282,1.0,0.95161283,0.071551256,-0.05168243,-0.023273852,1.0104148,1
ENSG00000120159,1.2731421,1.0157788,1.0,1.0,0.098503135,-0.2279134,0.10308045,1.0,1
ENSG00000120159,1.2760885,1.0157788,1.0,1.0,0.10224002,-0.2279134,0.055472918,1.0,1
ENSG00000120159,1.2565674,1.0157788,0.5957765,1.0,0.07748121,-0.2279134,0.09726699,1.0,1
ENSG00000120159,1.2565674,1.0157788,0.5957765,1.0,0.07748121,-0.2279134,0.09726699,1.0,1
ENSG00000151287,1.2840252,1.3982873,0.5820215,1.0,0.11230625,0.25722596,0.061968703,1.0,1
ENSG00000151287,1.285608,1.3982873,1.0,0.75855047,0.11431378,0.25722596,-0.052126158,0.51497775,1
ENSG00000151287,1.2870281,1.3982873,0.6055098,0.58589745,0.1161148,0.25722596,0.12224461,0.07191521,1
ENSG00000056050,1.2910504,1.3394514,1.0,1.0,0.12121648,0.18260387,-0.015704628,1.0,1
ENSG00000174483,1.2692943,1.0948204,1.0,1.0,0.093622886,-0.12766412,-0.016714,1.0,1
ENSG00000174483,1.2805519,1.0948204,0.61221904,0.9179229,0.10790107,-0.12766412,0.13946182,0.9239596,1
ENSG00000174483,1.2804208,1.0948204,1.0,0.82978725,0.10773474,-0.12766412,-0.0013132803,0.6977856,1
ENSG00000174483,1.2774228,1.0948204,1.0,0.103594095,0.10393238,-0.12766412,0.06521393,-1.1657724,1
ENSG00000110169,1.237571,-0.5086384,1.0,1.0,0.053387977,-2.1613467,-0.03598297,1.0,1
ENSG00000101444,1.3033128,2.3206031,1.0,1.0,0.13676894,1.4270083,0.009685092,1.0,1
ENSG00000136935,1.3149047,1.1338581,0.60476524,1.0,0.15147096,-0.078152165,0.12033388,1.0,1
ENSG00000186416,1.2529304,1.141136,1.0,1.0,0.07286837,-0.06892145,-0.08333905,1.0,1
ENSG00000040531,1.2865647,0.5670264,1.0,1.0,0.11552718,-0.79707044,-0.017262157,1.0,1
ENSG00000040531,1.2821286,0.5670264,1.0,1.0,0.109900765,-0.79707044,-0.004237633,1.0,1
ENSG00000003756,1.3026949,2.1204424,1.0,1.0,0.13598527,1.1731423,-0.02653497,1.0,1
ENSG00000003756,1.3117061,2.1204424,1.0,0.12372813,0.14741421,1.1731423,0.03392935,-1.1141044,1
ENSG00000163738,1.3045511,1.41397,0.603148,1.0,0.13833953,0.27711645,0.116183594,1.0,1
ENSG00000163738,1.3270962,1.41397,0.59448665,1.0,0.16693361,0.27711645,0.09395688,1.0,1
ENSG00000163738,1.3111237,1.41397,0.5928198,1.0,0.14667559,0.27711645,0.08967954,1.0,1
ENSG00000163738,1.3123709,1.41397,1.0,1.0,0.14825742,0.27711645,0.029098641,1.0,1
ENSG00000183337,1.25267,1.3308195,1.0,1.0,0.0725382,0.17165585,-0.04491217,1.0,1
ENSG00000183337,1.2692541,1.3308195,1.0,1.0,0.09357197,0.17165585,0.014451262,1.0,1
ENSG00000183337,1.2551565,1.3308195,1.0,1.0,0.075691886,0.17165585,-0.061463047,1.0,1
ENSG00000183337,1.2692592,1.3308195,1.0,0.70714283,0.09357841,0.17165585,0.021927593,0.3830554,1
ENSG00000049089,1.2258431,-0.39793992,1.0,1.0,0.038513307,-2.0209467,0.13829377,1.0,1
ENSG00000109501,1.2320166,-0.9586072,1.0,1.0,0.046343252,-2.7320466,0.023161298,1.0,1
ENSG00000185920,1.2843761,0.4099331,1.0,1.0,0.11275137,-0.9963134,0.04609854,1.0,1
ENSG00000185920,1.2722689,0.4099331,0.59656996,1.0,0.097395636,-0.9963134,0.09930313,1.0,1
ENSG00000013441,1.3038113,1.8779469,1.0,1.0,0.13740124,0.86558306,-0.03803433,1.0,1
ENSG00000013441,1.3096107,1.8779469,1.0,1.0,0.14475656,0.86558306,-0.059634198,1.0,1
ENSG00000013441,1.3128717,1.8779469,0.5780312,0.34098136,0.1488925,0.86558306,0.05172892,-0.55658877,1
ENSG00000172819,1.2664027,0.54900324,1.0,1.0,0.089955494,-0.81992936,-0.019394215,1.0,1
ENSG00000172819,1.262002,0.54900324,0.60855573,1.0,0.084373996,-0.81992936,0.13006097,1.1345859,1
ENSG00000172819,1.2548429,0.54900324,1.0,0.08780488,0.07529405,-0.81992936,0.030382931,-1.2062907,1
ENSG00000164168,1.2905374,1.1824147,1.0,1.0,0.1205657,-0.01656744,-0.009960119,1.0,1
ENSG00000166743,1.252533,0.021189332,1.0,1.0,0.07236428,-1.489361,0.0053944476,1.0,1
ENSG00000166743,1.2606863,0.021189332,1.0,1.0,0.08270527,-1.489361,0.065480754,1.0,1
ENSG00000166743,1.2552963,0.021189332,1.0,1.0,0.07586909,-1.489361,0.07714999,1.0,1
ENSG00000178951,1.2838689,0.269513,0.60653985,1.0,0.11210801,-1.1744096,0.12488788,1.0,1
ENSG00000178951,1.2838689,0.269513,0.60653985,1.0,0.11210801,-1.1744096,0.12488788,1.0,1
ENSG00000258466,1.246104,-0.39793992,1.0,1.0,0.064210474,-2.0209467,0.06722988,1.0,1
ENSG00000104886,1.2931377,1.7879561,0.5971061,1.0,0.123863705,0.7514468,0.10067892,1.0,1
ENSG00000104886,1.3177118,1.7879561,0.6122585,0.9535397,0.1550313,0.7514468,0.13956305,1.0153596,1
ENSG00000146842,1.371265,2.0689275,1.0,1.0,0.22295347,1.1078057,0.05106542,1.0,1
ENSG00000146842,1.3278161,2.0689275,0.6551897,0.6681399,0.16784666,1.1078057,0.2497331,0.282966,1
ENSG00000134690,1.3611468,1.9716005,1.0,1.0,0.2101203,0.98436475,-0.024634574,1.0,1
ENSG00000142784,1.2927024,1.0094509,1.0,1.0,0.12331165,-0.23593909,-0.020332992,1.0,1
ENSG00000142784,1.2922769,1.0094509,1.0,1.0,0.12277195,-0.23593909,-0.014978681,1.0,1
ENSG00000100532,1.2485996,0.67117286,1.0,1.0,0.06737573,-0.6649805,0.010391459,1.0,1
ENSG00000100532,1.2612944,0.67117286,0.589133,0.19999999,0.083476506,-0.6649805,0.08021851,-0.91837543,1
ENSG00000153048,1.2996218,1.4888326,1.0,1.0,0.1320876,0.3720655,-0.021275632,1.0,1
ENSG00000177731,1.2786862,2.0132165,1.0,1.0,0.10553473,1.0371468,-0.007880513,1.0,1
ENSG00000177731,1.2646332,2.0132165,1.0,0.84090906,0.0877112,1.0371468,-0.025140483,0.7263265,1
ENSG00000147168,1.2508813,1.5870371,1.0,1.0,0.07026958,0.49661922,-0.01334884,1.0,1
ENSG00000147168,1.262084,1.5870371,1.0,1.0,0.08447803,0.49661922,-0.034457225,1.0,1
ENSG00000147168,1.260427,1.5870371,1.0,0.9901961,0.08237646,0.49661922,-0.015661586,1.1094271,1
ENSG00000188612,1.3604664,2.5594876,0.6272389,1.0,0.20925733,1.7299879,0.17800587,1.0,1
ENSG00000188612,1.3604664,2.5594876,0.6272389,1.0,0.20925733,1.7299879,0.17800587,1.0,1
ENSG00000188612,1.3618807,2.5594876,1.0,0.47902358,0.2110511,1.7299879,0.043823775,-0.20234464,1
ENSG00000183048,1.3034726,1.3802112,1.0,1.0,0.13697164,0.23429993,-0.055587415,1.0,1
ENSG00000183048,1.2992109,1.3802112,1.0,1.0,0.13156636,0.23429993,0.070754476,1.0,1
ENSG00000183048,1.3035265,1.3802112,0.58740336,1.0,0.13703994,0.23429993,0.07577978,1.0,1
ENSG00000152601,1.2965615,1.9937887,0.59825134,1.0,0.12820613,1.0125064,0.10361792,1.0,1
ENSG00000152601,1.2866198,1.9937887,0.6058179,0.93671787,0.115597,1.0125064,0.12303516,0.9721913,1
ENSG00000152601,1.2957559,1.9937887,1.0,1.0,0.12718436,1.0125064,0.0756695,1.1345859,1
ENSG00000152601,1.2820473,1.9937887,1.0,0.32507396,0.109797604,1.0125064,0.05211688,-0.5974104,1
ENSG00000152601,1.284965,1.9937887,0.5967249,0.596391,0.11349831,1.0125064,0.09970072,0.098843925,1
ENSG00000152601,1.2914025,1.9937887,0.59367484,0.6635324,0.12166285,1.0125064,0.09187366,0.27114218,1
ENSG00000152601,1.2879906,1.9937887,1.0,0.0,0.11733561,1.0125064,-0.040351506,-1.4316157,1
ENSG00000129465,1.2239286,-0.61978865,1.0,1.0,0.03608508,-2.3023198,0.0784298,1.0,1
ENSG00000129465,1.2276813,-0.61978865,1.0,1.0,0.040844657,-2.3023198,0.022731997,1.0,1
ENSG00000122971,1.2987759,1.0468851,1.0,1.0,0.13101465,-0.1884608,0.047484543,1.0,1
ENSG00000141367,1.3069059,2.1812718,1.0,1.0,0.14132601,1.2502929,0.08106901,1.0,1
ENSG00000141367,1.3083738,2.1812718,1.0,1.0,0.14318785,1.2502929,0.052185487,1.0,1
ENSG00000141367,1.3115764,2.1812718,1.0,1.0,0.14724971,1.2502929,-0.011292208,1.0,1
ENSG00000141367,1.304039,2.1812718,1.0,1.0,0.13769001,1.2502929,0.030671466,1.0,1
ENSG00000141367,1.3125124,2.1812718,1.0,1.0,0.1484369,1.2502929,0.035799135,1.0,1
ENSG00000141367,1.3005773,2.1812718,0.61486673,0.09446487,0.13329941,1.2502929,0.14625639,-1.1891998,1
ENSG00000105699,1.3122768,1.3923452,0.60303193,1.0,0.14813802,0.24968949,0.115885854,1.0,1
ENSG00000105699,1.3102721,1.3923452,1.0,1.0,0.14559546,0.24968949,0.018076193,1.0,1
ENSG00000105699,1.3122768,1.3923452,0.60303193,1.0,0.14813802,0.24968949,0.115885854,1.1345859,1
ENSG00000105699,1.3132252,1.3923452,0.61841,0.29886147,0.14934078,0.24968949,0.15534906,-0.6646769,1
ENSG00000105699,1.31475,1.3923452,0.59175515,0.85532403,0.15127479,0.24968949,0.08694727,0.7633183,1
ENSG00000105699,1.3104872,1.3923452,1.0,0.9724771,0.14586818,0.24968949,0.019454211,1.0639565,1
ENSG00000132004,1.2686503,0.9425041,1.0,1.0,0.09280615,-0.32084835,0.0029749162,1.0,1
ENSG00000132004,1.2711356,0.9425041,1.0,0.9294797,0.09595812,-0.32084835,-0.006858621,0.95361674,1
ENSG00000132004,1.266329,0.9425041,1.0,0.9282353,0.08986211,-0.32084835,0.033478662,0.9504232,1
ENSG00000203667,1.3647436,1.5300715,1.0,1.0,0.2146822,0.42436925,0.019498978,1.0,1
ENSG00000203667,1.3399456,1.5300715,0.62263787,1.0,0.1832305,0.42436925,0.16619854,1.0,1
ENSG00000203667,1.3597943,1.5300715,1.0,1.0,0.20840487,0.42436925,0.07174973,1.0,1
ENSG00000203667,1.3468635,1.5300715,0.62577933,0.10897109,0.19200474,0.42436925,0.17426029,-1.151974,1
ENSG00000203667,1.3399456,1.5300715,0.62263787,0.5813536,0.1832305,0.42436925,0.16619854,0.060254943,1
ENSG00000185000,1.2969173,1.8620119,1.0,1.0,0.1286575,0.8453726,-0.0023960695,1.0,1
ENSG00000134245,1.2312266,-0.8239088,1.0,1.0,0.04534128,-2.5612073,0.03871291,1.0,1
ENSG00000134245,1.2354037,-0.8239088,1.0,1.0,0.050639004,-2.5612073,-0.021846429,1.0,1
ENSG00000007264,1.2760643,1.4003652,0.60365087,0.98459566,0.10220939,0.25986147,0.11747415,1.0950552,1
ENSG00000160194,1.3163904,1.4951279,0.6325671,1.0,0.15335529,0.38004982,0.1916791,1.0,1
ENSG00000160194,1.3163904,1.4951279,0.6325671,0.9844326,0.15335529,0.38004982,0.1916791,1.0946368,1
ENSG00000160194,1.3146666,1.4951279,0.6095228,0.8129263,0.151169,0.38004982,0.13254276,0.654517,1
ENSG00000068903,1.3189029,1.3958503,0.5903063,1.0,0.15654185,0.2541352,0.083229266,1.0,1
ENSG00000068903,1.334128,1.3958503,0.6067351,1.0,0.17585215,0.2541352,0.1253889,1.0,1
ENSG00000068903,1.3190025,1.3958503,0.6013627,0.14739883,0.15666828,0.2541352,0.11160226,-1.0533606,1
ENSG00000068903,1.3224329,1.3958503,0.5950707,0.0033783913,0.16101906,0.2541352,0.0954557,-1.4229461,1
ENSG00000165804,1.2315911,0.29225612,1.0,1.0,0.045803547,-1.1455643,0.08203922,1.0,1
ENSG00000102871,1.2820967,0.839478,1.0,1.0,0.1098604,-0.4515173,-0.02419741,1.0,1
ENSG00000074181,1.2547442,-0.53760195,0.6086746,1.0,0.0751688,-2.1980815,0.13036595,1.0,1
ENSG00000074181,1.2512501,-0.53760195,1.0,1.0,0.070737295,-2.1980815,0.12505108,1.0,1
ENSG00000074181,1.2386646,-0.53760195,1.0,1.0,0.054774947,-2.1980815,-0.0017481409,1.0,1
ENSG00000074181,1.2598332,-0.53760195,0.59241766,1.0,0.081623375,-2.1980815,0.08864753,1.0,1
ENSG00000182179,1.2458844,0.38201708,1.0,1.0,0.06393189,-1.0317196,-0.032514635,1.0,1
ENSG00000167394,1.2724985,0.5289167,1.0,1.0,0.097686805,-0.84540534,0.05908345,1.0,1
ENSG00000167394,1.2724985,0.5289167,1.0,1.0,0.097686805,-0.84540534,0.05908345,1.0,1
ENSG00000112640,1.3020566,1.6687585,1.0,1.0,0.13517566,0.6002673,-0.017015114,1.0,1
ENSG00000112640,1.2979503,1.6687585,1.0,0.7765317,0.1299675,0.6002673,0.040665183,0.5611212,1
ENSG00000160633,1.3331331,1.4723175,0.5898379,1.0,0.17459023,0.35111925,0.08202735,1.0,1
ENSG00000160633,1.3244154,1.4723175,1.0,1.0,0.16353364,0.35111925,0.023681354,1.0,1
ENSG00000160633,1.3255106,1.4723175,1.0,1.0,0.16492261,0.35111925,0.008565292,1.0,1
ENSG00000160633,1.3090107,1.4723175,0.5904885,1.0,0.14399569,0.35111925,0.08369689,1.0,1
ENSG00000160633,1.341408,1.4723175,0.5786906,1.0,0.18508536,0.35111925,0.053421106,1.1345859,1
ENSG00000168528,1.2664307,-0.07058108,0.6017303,1.0,0.089991026,-1.6057543,0.11254552,1.0,1
ENSG00000168528,1.2665195,-0.07058108,0.60318285,1.0,0.09010366,-1.6057543,0.116273075,1.0,1
ENSG00000111678,1.320479,2.301659,0.6094145,1.0,0.15854104,1.4029815,0.1322648,1.0,1
ENSG00000111678,1.3251135,2.301659,0.60592836,1.0,0.16441903,1.4029815,0.12331863,1.0,1
ENSG00000111678,1.3216025,2.301659,0.5999734,1.0,0.15996586,1.4029815,0.10803695,1.0,1
ENSG00000111678,1.3167963,2.301659,0.6085189,1.0,0.1538702,1.4029815,0.1299665,1.0,1
ENSG00000140350,1.3293335,2.019905,1.0,1.0,0.1697713,1.0456301,0.024819877,1.0,1
ENSG00000158234,1.2577498,0.19312465,0.6187877,1.0,0.07898094,-1.2712938,0.15631837,1.0,1
ENSG00000158234,1.2574339,0.19312465,1.0,0.1101695,0.07858024,-1.2712938,0.13992433,-1.1488986,1
ENSG00000140534,1.3010653,1.0884905,0.6227673,1.0,0.13391834,-0.1356924,0.16653086,1.0,1
ENSG00000183828,1.2405796,0.8808136,1.0,1.0,0.057203755,-0.39909104,0.017910931,1.0,1
ENSG00000183828,1.2569474,0.8808136,1.0,1.0,0.07796322,-0.39909104,-0.019454297,1.0,1
ENSG00000020181,1.2312782,-0.8239088,1.0,1.0,0.045406662,-2.5612073,-0.018609576,1.0,1
ENSG00000125885,1.288886,1.505557,1.0,1.0,0.11847123,0.3932771,0.063570246,1.0,1
ENSG00000125885,1.2861706,1.505557,1.0,0.96840954,0.11502733,0.3932771,-0.024316382,1.0535185,1
ENSG00000165714,1.303436,0.74741185,1.0,1.0,0.13692513,-0.5682858,0.02730387,1.0,1
ENSG00000165714,1.2991375,0.74741185,0.6087781,0.9166666,0.13147323,-0.5682858,0.13063169,0.9207357,1
ENSG00000046604,1.2863417,1.7292458,1.0,1.0,0.11524424,0.6769839,0.050064135,1.0,1
ENSG00000046604,1.2859207,1.7292458,1.0,1.0,0.11471041,0.6769839,0.09422474,1.0,1
ENSG00000110442,1.2731004,1.548635,0.60514903,1.0,0.09845021,0.44791353,0.12131877,1.0,1
ENSG00000110442,1.2731004,1.548635,0.60514903,1.0,0.09845021,0.44791353,0.12131877,1.0,1
ENSG00000110442,1.2797596,1.548635,0.5788533,0.8347309,0.106896274,0.44791353,0.053838648,0.71047217,1
ENSG00000110442,1.2736964,1.548635,0.5708796,0.39573616,0.09920613,0.44791353,0.033376377,-0.41607693,1
ENSG00000144791,1.2757986,1.2711443,1.0,1.0,0.10187237,0.09596927,0.059120953,1.0,1
ENSG00000144791,1.2814951,1.2711443,0.6131012,1.0,0.10909725,0.09596927,0.14172553,1.0,1
ENSG00000095380,1.3107266,2.0218918,0.5733377,1.0,0.14617194,1.0481498,0.03968445,1.0,1
ENSG00000173757,1.2986604,2.0993698,1.0,1.0,0.13086818,1.1464158,-0.005550593,1.0,1
ENSG00000197714,1.2888427,1.201943,1.0,1.0,0.118416265,0.008200636,0.03422499,1.0,1
ENSG00000110330,1.2772058,1.5868123,0.6022345,1.0,0.10365721,0.49633405,0.11383939,1.0,1
ENSG00000110330,1.2828633,1.5868123,1.0,1.0,0.110832475,0.49633405,-0.005394399,1.0,1
ENSG00000110330,1.2782019,1.5868123,0.604504,0.0026702285,0.10492059,0.49633405,0.11966348,-1.4247634,1
ENSG00000165912,1.2604421,0.7497363,0.5987759,1.0,0.08239564,-0.56533766,0.10496412,1.0,1
ENSG00000163082,1.2331244,-0.9586072,1.0,1.0,0.047748275,-2.7320466,-0.07812725,1.0,1
ENSG00000163082,1.2206798,-0.9586072,1.0,1.0,0.031964622,-2.7320466,0.027863301,1.0,1
ENSG00000116473,1.3305532,1.6959193,0.61955774,1.0,0.17131817,0.6347155,0.15829432,1.0,1
ENSG00000135870,1.2940811,1.1383027,1.0,1.0,0.12506022,-0.07251507,-0.034336086,1.0,1
ENSG00000243335,1.3080999,1.3085644,1.0,1.0,0.14284042,0.14342955,0.084842354,1.0,1
ENSG00000100083,1.3368522,1.6094877,0.57986826,1.0,0.17930728,0.5250935,0.056443214,1.0,1
ENSG00000100083,1.3261417,1.6094877,0.56696075,1.0,0.16572298,0.5250935,0.023319863,1.0,1
ENSG00000118564,1.3003151,1.3038437,1.0,1.0,0.13296698,0.1374423,0.07630481,1.0,1
ENSG00000118564,1.2964455,1.3038437,0.6077757,0.56748694,0.12805904,0.1374423,0.12805922,0.024670187,1
ENSG00000118564,1.2921249,1.3038437,1.0,0.06396061,0.12257918,0.1374423,0.080642596,-1.2674799,1
ENSG00000069869,1.2804193,1.071882,0.59016544,1.0,0.107732944,-0.15675709,0.082867816,1.0,1
ENSG00000069869,1.2720383,1.071882,0.579267,0.01025641,0.09710325,-0.15675709,0.054900307,-1.4052957,1
ENSG00000095906,1.3199584,1.3374592,1.0,1.0,0.1578807,0.18007717,-0.029863324,1.0,1
ENSG00000095906,1.3298868,1.3374592,1.0,0.5542895,0.17047298,0.18007717,-0.0016671233,-0.009197016,1
ENSG00000186448,1.2840426,0.9758911,1.0,1.0,0.11232838,-0.27850324,0.045009702,1.0,1
ENSG00000186448,1.2947893,0.9758911,0.5893142,1.0,0.12595843,-0.27850324,0.080683485,1.0,1
ENSG00000186448,1.2830942,0.9758911,1.0,1.0,0.11112539,-0.27850324,-0.061588306,1.0,1
ENSG00000186448,1.2654902,0.9758911,0.57315654,1.0,0.08879813,-0.27850324,0.03921953,1.0,1
ENSG00000186448,1.2682772,0.9758911,1.0,1.0,0.09233285,-0.27850324,0.0060581453,1.0,1
ENSG00000186448,1.2682772,0.9758911,1.0,1.0,0.09233285,-0.27850324,0.0060581453,1.0,1
ENSG00000186448,1.2766042,0.9758911,0.57594895,0.12299463,0.10289406,-0.27850324,0.0463855,-1.1159867,1
ENSG00000167525,1.2916061,0.7611758,1.0,1.0,0.12192107,-0.5508288,-0.040364195,1.0,1
ENSG00000167525,1.2825283,0.7611758,1.0,1.0,0.11040767,-0.5508288,-0.041416485,1.0,1
ENSG00000167525,1.2866126,0.7611758,1.0,1.0,0.11558796,-0.5508288,-0.033849712,1.0,1
ENSG00000167525,1.2832464,0.7611758,1.0,1.0,0.111318536,-0.5508288,-0.030323934,1.0,1
ENSG00000160959,1.2858673,1.2940251,1.0,1.0,0.11464262,0.12498918,0.025030559,1.0,1
ENSG00000160959,1.2693866,1.2940251,1.0,1.0,0.09373998,0.12498918,0.0035011657,1.0,1
ENSG00000160959,1.2864305,1.2940251,1.0,1.0,0.11535682,0.12498918,0.022049934,1.0,1
ENSG00000160959,1.280036,1.2940251,1.0,1.0,0.107246675,0.12498918,0.04662588,1.0,1
ENSG00000160959,1.2706683,1.2940251,1.0,0.16494846,0.09536549,0.12498918,0.014333218,-1.0083247,1
ENSG00000145216,1.3292192,1.3816564,0.62949795,1.0,0.1696262,0.23613293,0.18380299,1.0,1
ENSG00000145216,1.2953169,1.3816564,0.5791266,0.4718954,0.12662768,0.23613293,0.054539904,-0.22063693,1
ENSG00000145216,1.3106502,1.3816564,0.61049515,0.5609911,0.14607498,0.23613293,0.13503796,0.008000541,1
ENSG00000145216,1.3078678,1.3816564,0.592665,0.44155017,0.14254603,0.23613293,0.089282185,-0.29850894,1
ENSG00000145216,1.3052127,1.3816564,0.6179771,0.116040945,0.13917863,0.23613293,0.15423808,-1.1338313,1
ENSG00000125864,1.2427877,-0.2924298,1.0,1.0,0.06000436,-1.8871273,-0.023571577,1.0,1
ENSG00000138134,1.2232324,-0.9586072,1.0,1.0,0.03520211,-2.7320466,0.060036056,1.0,1
ENSG00000138134,1.2262112,-0.9586072,1.0,1.0,0.03898014,-2.7320466,0.122595355,1.0,1
ENSG00000138134,1.2194434,-0.9586072,1.0,1.0,0.030396618,-2.7320466,-0.022215337,1.0,1
ENSG00000138134,1.2293926,-0.9586072,1.0,1.0,0.04301523,-2.7320466,0.15644293,1.0,1
ENSG00000163661,1.2224908,-0.9208188,1.0,1.0,0.034261536,-2.6841192,-0.049112674,1.0,1
ENSG00000099974,1.2266204,-0.72124636,1.0,1.0,0.039499156,-2.4309995,0.026747728,1.0,1
ENSG00000150967,1.2693195,0.71349055,1.0,0.6142857,0.093654945,-0.6113085,-0.01856326,0.14476526,1
ENSG00000145348,1.3165339,1.278525,0.60304534,1.0,0.15353744,0.105330214,0.115920186,1.0,1
ENSG00000145348,1.3063269,1.278525,1.0,0.16543728,0.14059171,0.105330214,-0.0068370923,-1.0070703,1
ENSG00000183655,1.2124717,-0.72124636,1.0,1.0,0.021554295,-2.4309995,0.04301048,1.0,1
ENSG00000161904,1.3005623,1.5798979,1.0,1.0,0.13328038,0.48756444,0.018216271,1.0,1
ENSG00000161904,1.2970921,1.5798979,0.60175943,1.0,0.1288791,0.48756444,0.11262041,1.0,1
ENSG00000161904,1.2901118,1.5798979,1.0,1.0,0.12002584,0.48756444,0.01392507,1.0,1
ENSG00000169249,1.2861028,0.9390198,0.58563626,1.0,0.11494125,-0.32526755,0.07124505,1.0,1
ENSG00000169249,1.2846191,0.9390198,1.0,1.0,0.11305952,-0.32526755,0.05485309,1.0,1
ENSG00000140650,1.3287021,1.1792644,0.60603684,1.0,0.16897036,-0.020562856,0.12359698,1.0,1
ENSG00000140650,1.330741,1.1792644,0.58986396,0.9890939,0.17155643,-0.020562856,0.08209409,1.1065987,1
ENSG00000140650,1.3358282,1.1792644,1.0,0.9198067,0.17800853,-0.020562856,-0.034095835,0.92879385,1
ENSG00000123124,1.2675301,0.92531204,1.0,1.0,0.091385394,-0.34265316,-0.026913997,1.0,1
ENSG00000123124,1.288702,0.92531204,0.6214669,0.9937888,0.118237965,-0.34265316,0.16319363,1.1186467,1
ENSG00000100227,1.3056359,1.5873742,0.5996447,1.0,0.13971531,0.4970467,0.10719362,1.0,1
ENSG00000100227,1.3149744,1.5873742,1.0,0.6085994,0.15155947,0.4970467,0.045354344,0.1301731,1
ENSG00000100227,1.317109,1.5873742,1.0,0.023659289,0.15426673,0.4970467,0.02710471,-1.3709012,1
ENSG00000165526,1.3034234,1.6079909,1.0,1.0,0.13690923,0.5231951,0.08029741,1.0,1
ENSG00000165526,1.299742,1.6079909,1.0,1.0,0.13224007,0.5231951,-0.00045123324,1.0,1
ENSG00000165526,1.302304,1.6079909,1.0,1.0,0.13548948,0.5231951,-0.001986105,1.0,1
ENSG00000165526,1.2971592,1.6079909,1.0,1.0,0.12896423,0.5231951,0.006080508,1.0,1
ENSG00000049246,1.2824347,1.2187979,1.0,1.0,0.11028903,0.029577916,0.019410029,1.0,1
ENSG00000132912,1.3494412,1.7117229,0.60175353,1.0,0.19527395,0.6547594,0.11260517,1.0,1
ENSG00000132912,1.3187063,1.7117229,0.6114179,0.0,0.15629253,0.6547594,0.13740595,-1.4316157,1
ENSG00000103051,1.3249103,1.7604978,1.0,1.0,0.16416124,0.7166212,0.074831516,1.0,1
ENSG00000103051,1.3110261,1.7604978,0.5931121,1.0,0.14655167,0.7166212,0.09042959,1.1345859,1
ENSG00000103051,1.3170421,1.7604978,0.5923869,0.98330843,0.15418188,0.7166212,0.08856848,1.0917519,1
ENSG00000103051,1.3069398,1.7604978,0.5975512,0.0,0.14136916,0.7166212,0.101821296,-1.4316157,1
ENSG00000103051,1.3230578,1.7604978,0.6055381,0.90922767,0.16181163,0.7166212,0.12231712,0.90164584,1
ENSG00000127663,1.2686336,1.0948204,1.0,1.0,0.09278498,-0.12766412,0.023989445,1.0,1
ENSG00000127663,1.2737647,1.0948204,1.0,1.0,0.099292755,-0.12766412,-0.040106665,1.0,1
ENSG00000127663,1.2669264,1.0948204,1.0,0.08955222,0.090619735,-0.12766412,0.015528876,-1.2018067,1
ENSG00000176473,1.2823888,0.7242758,1.0,1.0,0.11023082,-0.59762937,0.01746285,1.0,1
ENSG00000176473,1.2764393,0.7242758,1.0,1.0,0.10268504,-0.59762937,0.0054152496,1.1345859,1
ENSG00000090861,1.34448,2.2807603,1.0,1.0,0.18898174,1.3764753,0.03008416,1.0,1
ENSG00000090861,1.3361077,2.2807603,1.0,1.0,0.17836298,1.3764753,-0.0049044676,1.0,1
ENSG00000090861,1.3556535,2.2807603,0.64098734,1.0,0.20315321,1.3764753,0.21328706,1.0,1
ENSG00000144283,1.2885529,1.7081659,1.0,1.0,0.11804881,0.650248,0.02742904,1.0,1
ENSG00000144283,1.3009964,1.7081659,1.0,0.72470874,0.13383101,0.650248,-0.02947585,0.42813307,1
ENSG00000144283,1.2840328,1.7081659,1.0,0.74196076,0.11231597,0.650248,-0.007063806,0.47240523,1
ENSG00000162695,1.3005124,0.7226339,0.6190467,1.0,0.13321723,-0.5997119,0.15698288,1.0,1
ENSG00000162695,1.3010339,0.7226339,1.0,1.0,0.13387842,-0.5997119,-0.005033046,1.0,1
ENSG00000186665,1.2775828,1.3895204,1.0,1.0,0.10413526,0.24610691,0.015788004,1.0,1
ENSG00000186665,1.2813419,1.3895204,1.0,1.0,0.108902976,0.24610691,0.018687857,1.0,1
ENSG00000076351,1.238233,0.42160392,0.5749775,1.0,0.054227557,-0.9815112,0.04389248,1.0,1
ENSG00000076351,1.2592955,0.42160392,0.599086,0.92307687,0.080941334,-0.9815112,0.105759785,0.93718576,1
ENSG00000104976,1.3108275,1.0944711,0.58658177,1.0,0.14629987,-0.12810709,0.073671386,1.0,1
ENSG00000125457,1.3229152,1.6118294,1.0,1.0,0.16163076,0.5280636,0.09194258,1.0,1
ENSG00000125457,1.3228961,1.6118294,1.0,1.0,0.16160657,0.5280636,0.08873521,1.0,1
ENSG00000125457,1.311382,1.6118294,1.0,0.97375727,0.1470033,0.5280636,0.015342046,1.0672419,1
ENSG00000125457,1.3173155,1.6118294,0.5917853,0.10934797,0.15452857,0.5280636,0.0870247,-1.1510068,1
ENSG00000103769,1.3171701,2.4376235,1.0,1.0,0.15434423,1.5754266,0.05938633,1.0,1
ENSG00000156869,1.2820865,1.5308397,0.5813904,1.0,0.10984738,0.42534357,0.060349315,1.0,1
ENSG00000167986,1.3168157,2.3942413,1.0,1.0,0.15389484,1.5204045,-0.026621293,1.0,1
ENSG00000167986,1.3090558,2.3942413,0.580067,0.005087018,0.14405285,1.5204045,0.05695313,-1.4185615,1
ENSG00000167986,1.3156453,2.3942413,1.0,0.005094886,0.15241034,1.5204045,-0.013354443,-1.4185412,1
ENSG00000056558,1.2491633,-0.16749108,1.0,1.0,0.06809058,-1.7286662,0.07051983,1.0,1
ENSG00000056558,1.2460777,-0.16749108,1.0,1.0,0.06417702,-1.7286662,0.07955299,1.0,1
ENSG00000076513,1.3085439,1.5936183,1.0,1.0,0.14340359,0.5049662,-0.04780442,1.0,1
ENSG00000076513,1.3085439,1.5936183,1.0,1.0,0.14340359,0.5049662,-0.04780442,1.0,1
ENSG00000076513,1.3112648,1.5936183,0.6095933,1.0,0.14685439,0.5049662,0.13272353,1.0,1
ENSG00000076513,1.3120573,1.5936183,0.6038153,1.0,0.14785953,0.5049662,0.11789614,1.0,1
ENSG00000076513,1.3108357,1.5936183,1.0,0.9869459,0.14631024,0.5049662,-0.03719647,1.1010866,1
ENSG00000138758,1.3101411,1.8264635,1.0,1.0,0.14542928,0.8002861,0.032133296,1.0,1
ENSG00000187144,1.2249491,-0.7447275,1.0,1.0,0.037379544,-2.4607809,-0.014656756,1.0,1
ENSG00000064995,1.3309819,1.8044802,0.59978765,1.0,0.17186177,0.77240443,0.10756038,1.0,1
ENSG00000064995,1.3202986,1.8044802,0.5929786,0.9632921,0.15831216,0.77240443,0.09008701,1.0403862,1
ENSG00000196456,1.3058263,0.7283538,0.6320647,1.0,0.13995676,-0.5924573,0.19038977,1.0,1
ENSG00000154710,1.3157228,1.2823955,1.0,1.0,0.1525087,0.11023926,0.091174245,1.0,1
ENSG00000154710,1.3158396,1.2823955,0.61460763,1.0,0.15265682,0.11023926,0.14559141,1.0,1
ENSG00000154710,1.3128762,1.2823955,1.0,0.27077746,0.14889836,0.11023926,0.037736285,-0.73674613,1
ENSG00000154710,1.304851,1.2823955,0.6090188,0.08469054,0.13871992,0.11023926,0.13124931,-1.2142828,1
ENSG00000154710,1.3172702,1.2823955,1.0,0.96986973,0.15447119,0.11023926,0.06843491,1.0572655,1
ENSG00000010219,1.2613655,1.3230457,1.0,1.0,0.08356673,0.16179635,-0.03707773,1.0,1
ENSG00000010219,1.2577615,1.3230457,1.0,0.03733957,0.07899577,0.16179635,0.0843084,-1.3357949,1
ENSG00000205758,1.3497771,1.8885726,0.5880114,1.0,0.1957,0.8790597,0.077340126,1.0,1
ENSG00000205758,1.3437083,1.8885726,1.0,1.0,0.18800282,0.8790597,-0.060726922,1.0,1
ENSG00000205758,1.3437083,1.8885726,1.0,1.0,0.18800282,0.8790597,-0.060726922,1.0,1
ENSG00000205758,1.3588746,1.8885726,0.59511447,1.0,0.20723844,0.8790597,0.09556797,1.0,1
ENSG00000205758,1.3469757,1.8885726,1.0,1.0,0.19214702,0.8790597,-0.05447599,1.0,1
ENSG00000205758,1.3475755,1.8885726,1.0,0.0995509,0.1929078,0.8790597,-0.05517469,-1.176148,1
ENSG00000119414,1.3233037,1.4562142,0.59689635,1.0,0.16212362,0.33069518,0.10014066,1.0,1
ENSG00000119414,1.3188789,1.4562142,0.60327184,0.9484909,0.15651155,0.33069518,0.11650154,1.0024033,1
ENSG00000140750,1.272111,0.90036714,1.0,1.0,0.097195365,-0.3742911,0.025016826,1.0,1
ENSG00000140750,1.2747966,0.90036714,0.59687936,0.258547,0.1006015,-0.3742911,0.10009704,-0.768132,1
ENSG00000140750,1.2705156,0.90036714,1.0,0.23591548,0.0951719,-0.3742911,0.06908034,-0.826209,1
ENSG00000140750,1.28226,0.90036714,0.6126878,0.64244187,0.11006737,-0.3742911,0.14066486,0.2170196,1
ENSG00000135365,1.2879076,1.1195858,1.0,1.0,0.11723033,-0.096253924,-0.01921596,1.0,1
ENSG00000135365,1.2850732,1.1195858,0.60422486,1.0,0.113635324,-0.096253924,0.11894715,1.1345859,1
ENSG00000135365,1.2849598,1.1195858,0.6092559,1.0,0.11349168,-0.096253924,0.13185774,1.1345859,1
ENSG00000053524,1.2532554,0.54282546,1.0,1.0,0.073280625,-0.82776475,-0.041031975,1.0,1
ENSG00000053524,1.2667524,0.54282546,0.59067607,1.0,0.090399,-0.82776475,0.084178224,1.0,1
ENSG00000053524,1.265961,0.54282546,0.6054631,0.14583331,0.089395255,-0.82776475,0.12212469,-1.057378,1
ENSG00000065911,1.3328717,2.3176246,1.0,1.0,0.17425878,1.4232305,0.06992297,1.0,1
ENSG00000065911,1.3224845,2.3176246,1.0,0.15467584,0.16108462,1.4232305,0.01641031,-1.0346863,1
ENSG00000065911,1.3334577,2.3176246,1.0,0.9992294,0.17500202,1.4232305,0.079972476,1.1326084,1
ENSG00000151445,1.3168256,1.2904798,1.0,1.0,0.15390731,0.12049267,-0.061393466,1.0,1
ENSG00000151445,1.3136884,1.2904798,1.0,1.0,0.14992836,0.12049267,-0.02528498,1.0,1
ENSG00000151445,1.3164485,1.2904798,1.0,1.0,0.15342899,0.12049267,-0.04832078,1.0,1
ENSG00000151445,1.3158845,1.2904798,0.6054313,1.0,0.15271369,0.12049267,0.12204307,1.0,1
ENSG00000151445,1.315473,1.2904798,0.61652315,1.0,0.15219177,0.12049267,0.15050702,1.0,1
ENSG00000151445,1.3215945,1.2904798,1.0,1.0,0.15995577,0.12049267,-0.008712586,1.1345859,1
ENSG00000151445,1.3134758,1.2904798,0.59444827,0.10200471,0.14965878,0.12049267,0.093858466,-1.1698511,1
ENSG00000103657,1.3046227,1.5582284,1.0,1.0,0.13843016,0.46008086,0.017898224,1.0,1
ENSG00000103657,1.316623,1.5582284,0.58880496,1.0,0.15365033,0.46008086,0.07937661,1.0,1
ENSG00000140905,1.3336247,1.572058,1.0,1.0,0.17521386,0.47762105,-0.047028404,1.0,1
ENSG00000140905,1.3086584,1.572058,0.60115665,0.97852504,0.14354873,0.47762105,0.11107351,1.079477,1
ENSG00000168944,1.2940184,1.3085644,0.5892183,1.0,0.124980666,0.14342955,0.08043733,1.0,1
ENSG00000102057,1.2279743,-0.26760626,1.0,1.0,0.04121627,-1.8556433,-0.0046653226,1.0,1
ENSG00000139160,1.2961582,-0.055517316,0.59445745,1.0,0.12769459,-1.5866488,0.093881935,1.0,1
ENSG00000139160,1.2932599,-0.055517316,0.613047,1.0,0.12401873,-1.5866488,0.14158656,1.0,1
ENSG00000134987,1.2674705,1.6682926,0.58741057,1.0,0.09130976,0.5996765,0.0757982,1.0,1
ENSG00000134987,1.2785015,1.6682926,1.0,1.0,0.10530057,0.5996765,-0.040308144,1.0,1
ENSG00000134987,1.279889,1.6682926,0.6198562,1.0,0.10706029,0.5996765,0.15906021,1.0,1
ENSG00000134987,1.2824799,1.6682926,0.6058559,1.0,0.11034635,0.5996765,0.12313269,1.0,1
ENSG00000091732,1.2977741,1.8364507,1.0,1.0,0.1297441,0.81295294,0.03486302,1.0,1
ENSG00000091732,1.3038837,1.8364507,1.0,1.0,0.13749295,0.81295294,-0.00068738684,1.1345859,1
ENSG00000091732,1.2943109,1.8364507,0.59450114,0.0,0.12535177,0.81295294,0.093994044,-1.4316157,1
ENSG00000169762,1.2555519,1.452553,0.5790575,1.0,0.07619331,0.32605177,0.05436266,1.0,1
ENSG00000169762,1.2751963,1.452553,0.6059365,0.8851981,0.101108484,0.32605177,0.12333958,0.83998114,1
ENSG00000169762,1.2737685,1.452553,1.0,0.4614878,0.09929766,0.32605177,0.025702022,-0.24734496,1
ENSG00000123636,1.256812,1.2000293,1.0,1.0,0.07779142,0.0057733483,0.08465814,1.0,1
ENSG00000139197,1.2820127,1.1152775,1.0,1.0,0.109753825,-0.10171804,0.05625388,1.0,1
ENSG00000139197,1.279614,1.1152775,0.58512807,0.39199996,0.106711514,-0.10171804,0.069940954,-0.42566472,1
ENSG00000125551,1.2262441,-0.63827217,1.0,1.0,0.039021913,-2.3257625,0.17019062,1.0,1
ENSG00000123384,1.2611508,-0.44369733,1.0,1.0,0.08329441,-2.0789814,-0.0143372305,1.0,1
ENSG00000240065,1.2974279,0.25285304,0.60528475,1.0,0.12930503,-1.1955396,0.12166701,1.0,1
ENSG00000240065,1.3050116,0.25285304,1.0,1.0,0.13892356,-1.1955396,0.031250253,1.0,1
ENSG00000151239,1.3284076,1.2177471,1.0,1.0,0.16859688,0.028245017,0.07377656,1.0,1
ENSG00000151239,1.3246878,1.2177471,0.6300745,1.0,0.16387904,0.028245017,0.18528256,1.0,1
ENSG00000151239,1.3081256,1.2177471,0.5879462,0.0,0.14287306,0.028245017,0.07717268,-1.4316157,1
ENSG00000151239,1.3199676,1.2177471,0.61925167,0.057666183,0.15789238,0.028245017,0.1575089,-1.2836326,1
ENSG00000175265,1.2808001,1.8933733,1.0,1.0,0.10821587,0.88514847,0.051025704,1.0,1
ENSG00000249471,1.2511648,0.51982796,1.0,1.0,0.07062901,-0.85693264,-0.01903791,1.0,1
ENSG00000249471,1.2497909,0.51982796,1.0,1.0,0.068886556,-0.85693264,-0.031029042,1.0,1
ENSG00000249471,1.270952,0.51982796,0.5854279,0.060109288,0.09572543,-0.85693264,0.07071023,-1.2773632,1
ENSG00000183111,1.2239369,-0.88605666,1.0,1.0,0.036095742,-2.64003,-0.043288004,1.0,1
ENSG00000162909,1.3063323,1.9639766,1.0,1.0,0.14059864,0.9746953,-0.012363441,1.0,1
ENSG00000116717,1.3264395,1.706547,1.0,1.0,0.16610079,0.6481949,-0.027933795,1.0,1
ENSG00000116717,1.3288972,1.706547,1.0,1.0,0.16921793,0.6481949,-0.0209038,1.0,1
ENSG00000116717,1.3243951,1.706547,1.0,0.9870348,0.1635077,0.6481949,-0.023657616,1.1013145,1
ENSG00000213064,1.3332816,1.4121244,1.0,1.0,0.17477867,0.2747757,0.039314564,1.0,1
ENSG00000109787,1.2805592,1.1947918,0.6002754,1.0,0.107910216,-0.0008694357,0.108812064,1.0,1
ENSG00000109787,1.3029104,1.1947918,1.0,1.0,0.13625865,-0.0008694357,0.07458093,1.0,1
ENSG00000109787,1.2861079,1.1947918,1.0,1.0,0.114947796,-0.0008694357,-0.008310068,1.0,1
ENSG00000176170,1.2813168,1.2203696,1.0,1.0,0.10887105,0.031571236,0.0054851472,1.0,1
ENSG00000136152,1.2953066,1.1708481,0.61014205,1.0,0.12661457,-0.031237282,0.13413186,1.0,1
ENSG00000136152,1.2953876,1.1708481,1.0,1.0,0.12671737,-0.031237282,0.027670559,1.0,1
ENSG00000141905,1.2837788,0.30963016,1.0,1.0,0.111993685,-1.1235286,0.026737884,1.0,1
ENSG00000141905,1.2837788,0.30963016,1.0,1.0,0.111993685,-1.1235286,0.026737884,1.0,1
ENSG00000141905,1.2935861,0.30963016,1.0,1.0,0.12443241,-1.1235286,0.009705376,1.0,1
ENSG00000141905,1.295524,0.30963016,1.0,1.0,0.12689023,-1.1235286,-0.0041408055,1.0,1
ENSG00000141905,1.3032398,0.30963016,0.60245746,1.0,0.13667631,-1.1235286,0.11441158,1.0,1
ENSG00000141905,1.2952946,0.30963016,0.60495126,0.41614905,0.12659943,-1.1235286,0.1208113,-0.36369333,1
ENSG00000141905,1.2913402,0.30963016,1.0,0.8318584,0.12158395,-1.1235286,0.028084558,0.7031006,1
ENSG00000152284,1.2267,-0.9586072,1.0,1.0,0.039600074,-2.7320466,-0.018680584,1.0,1
ENSG00000012174,1.2505746,1.1041455,1.0,1.0,0.06988046,-0.11583691,0.06679393,1.0,1
ENSG00000205084,1.2907923,1.3660492,1.0,1.0,0.12088914,0.21633808,0.042874772,1.0,1
ENSG00000182287,1.2863821,1.2148439,1.0,0.0,0.11529551,0.024562828,0.113398686,-1.4316157,1
ENSG00000182287,1.2643273,1.2148439,1.0,0.012021899,0.08732326,0.024562828,0.022866938,-1.4007652,1
ENSG00000182287,1.2848574,1.2148439,1.0,0.27896994,0.11336172,0.024562828,0.011507742,-0.71572256,1
ENSG00000204256,1.3159333,2.225955,0.5795649,1.0,0.15277565,1.3069651,0.05566472,1.0,1
ENSG00000204256,1.3117634,2.225955,0.61010164,1.0,0.14748684,1.3069651,0.13402815,1.0,1
ENSG00000204256,1.3108699,2.225955,1.0,1.0,0.14635365,1.3069651,0.017340316,1.0,1
ENSG00000204256,1.3039024,2.225955,0.6027228,0.1490115,0.13751668,1.3069651,0.115092546,-1.0492222,1
ENSG00000204256,1.3078302,2.225955,0.61333585,0.0006633401,0.14249843,1.3069651,0.14232771,-1.4299134,1
ENSG00000142655,1.3102142,1.0413927,0.6003186,1.0,0.14552192,-0.19542699,0.10892291,1.0,1
ENSG00000142655,1.3097038,1.0413927,0.60229397,1.0,0.14487472,-0.19542699,0.113992065,1.0,1
ENSG00000142655,1.3139664,1.0413927,0.5868328,1.0,0.15028094,-0.19542699,0.07431562,1.0,1
ENSG00000142655,1.311814,1.0413927,0.60690475,1.0,0.14755097,-0.19542699,0.12582421,1.0,1
ENSG00000114200,1.206768,-0.7447275,1.0,1.0,0.014320173,-2.4607809,0.026403023,1.0,1
ENSG00000126461,1.2890997,0.52374643,1.0,1.0,0.11874225,-0.8519628,0.0036225133,1.0,1
ENSG00000107798,1.223519,-0.8239088,1.0,1.0,0.03556555,-2.5612073,-0.023704853,1.0,1
ENSG00000026652,1.297619,1.108565,0.61631215,1.0,0.12954731,-0.11023165,0.14996547,1.0,1
ENSG00000026652,1.2856228,1.108565,1.0,1.0,0.114332564,-0.11023165,0.07568207,1.0,1
ENSG00000189334,1.2495296,-0.69896996,1.0,1.0,0.06855515,-2.4027462,0.002094131,1.0,1
ENSG00000138617,1.2735804,0.85248,0.5905742,1.0,0.09905911,-0.43502682,0.08391677,1.0,1
ENSG00000138617,1.2730781,0.85248,1.0,1.0,0.0984219,-0.43502682,0.0071500726,1.0,1
ENSG00000138617,1.2730781,0.85248,1.0,1.0,0.0984219,-0.43502682,0.0071500726,1.0,1
ENSG00000138617,1.2760181,0.85248,1.0,1.0,0.10215086,-0.43502682,-0.0039342456,1.0,1
ENSG00000138617,1.2660241,0.85248,1.0,1.0,0.08947533,-0.43502682,-0.028311025,1.0,1
ENSG00000144224,1.3228927,1.9483151,1.0,1.0,0.16160226,0.9548317,0.06206389,1.0,1
ENSG00000144224,1.3203537,1.9483151,1.0,1.0,0.15838206,0.9548317,0.011303373,1.0,1
ENSG00000144224,1.311529,1.9483151,1.0,0.51618737,0.14718965,0.9548317,0.0013859719,-0.10697486,1
ENSG00000186020,1.2957468,1.0174507,1.0,1.0,0.12717287,-0.22579281,0.11296275,1.0,1
ENSG00000186020,1.2977605,1.0174507,0.59398735,0.67535067,0.12972683,-0.22579281,0.0926756,0.3014703,1
ENSG00000197063,1.2750925,1.3312248,0.59292597,1.0,0.10097679,0.17216991,0.08995184,1.0,1
ENSG00000244005,1.3059216,1.762003,1.0,1.0,0.14007758,0.7185301,-0.030500825,1.0,1
ENSG00000244005,1.310007,1.762003,1.0,0.7732558,0.14525923,0.7185301,0.026768088,0.5527146,1
ENSG00000254870,1.2522193,1.8251663,1.0,1.0,0.07196652,0.7986409,0.044694632,1.0,1
ENSG00000254870,1.2523024,1.8251663,1.0,1.0,0.07207187,0.7986409,0.034403227,1.0,1
ENSG00000254870,1.2376548,1.8251663,1.0,1.0,0.053494267,0.7986409,0.059405476,1.0,1
ENSG00000254870,1.2490664,1.8251663,1.0,1.0,0.06796755,0.7986409,0.02371146,1.0,1
ENSG00000254870,1.2443315,1.8251663,1.0,1.0,0.061962306,0.7986409,0.08448659,1.0,1
ENSG00000236287,1.2803131,1.7107096,0.5939239,1.0,0.107598215,0.6534742,0.09251292,1.0,1
ENSG00000155858,1.258888,0.8267225,1.0,1.0,0.08042457,-0.46769527,0.005920958,1.0,1
ENSG00000155858,1.2553656,0.8267225,1.0,1.0,0.075956985,-0.46769527,0.01642351,1.0,1
ENSG00000256087,1.2881402,0.5820633,0.5859093,1.0,0.11752526,-0.7779989,0.07194565,1.0,1
ENSG00000256087,1.2853787,0.5820633,0.5857741,1.0,0.11402296,-0.7779989,0.07159878,1.0,1
ENSG00000256087,1.2907715,0.5820633,1.0,1.0,0.120862655,-0.7779989,0.06304017,1.0,1
ENSG00000256087,1.2907715,0.5820633,1.0,1.0,0.120862655,-0.7779989,0.06304017,1.0,1
ENSG00000132330,1.2962384,1.1132747,1.0,1.0,0.12779637,-0.104258336,-0.041015517,1.0,1
ENSG00000132330,1.3054454,1.1132747,0.5805412,1.0,0.1394737,-0.104258336,0.058170035,1.0,1
ENSG00000132330,1.3034443,1.1132747,0.6060241,1.0,0.13693559,-0.104258336,0.12356426,1.0,1
ENSG00000132330,1.2990105,1.1132747,1.0,0.12453532,0.13131224,-0.104258336,0.041711,-1.112033,1
ENSG00000144161,1.3291078,0.9278834,0.60176116,1.0,0.1694849,-0.33939192,0.11262481,1.0,1
ENSG00000134627,1.2693288,0.5010593,1.0,1.0,0.093666665,-0.8807372,-0.028913233,1.0,1
ENSG00000134627,1.2717896,0.5010593,1.0,1.0,0.09678763,-0.8807372,0.040116318,1.0,1
ENSG00000134627,1.2711267,0.5010593,1.0,1.0,0.09594699,-0.8807372,-0.0375471,1.0,1
ENSG00000134627,1.2612035,0.5010593,0.5556875,1.0,0.08336135,-0.8807372,-0.005609505,1.0,1
ENSG00000134627,1.2775235,0.5010593,1.0,1.0,0.104060054,-0.8807372,0.072418794,1.0,1
ENSG00000134627,1.27388,0.5010593,1.0,1.0,0.09943899,-0.8807372,0.06980632,1.0,1
ENSG00000160505,1.2075678,-0.88605666,1.0,1.0,0.015334554,-2.64003,0.013575181,1.0,1
ENSG00000169519,1.2487743,1.1821291,1.0,1.0,0.0675971,-0.016929464,-0.03485627,1.0,1
ENSG00000169519,1.2540802,1.1821291,1.0,0.5283019,0.07432666,-0.016929464,-0.08487271,-0.075886585,1
ENSG00000104517,1.3142716,1.8618329,0.5989636,1.0,0.15066798,0.8451455,0.10544571,1.0,1
ENSG00000104517,1.3084081,1.8618329,1.0,0.4800084,0.14323144,0.8451455,0.011011377,-0.19981736,1
ENSG00000108468,1.2968466,1.4821587,1.0,1.0,0.1285678,0.36360088,0.02370581,1.0,1
ENSG00000101417,1.2991072,0.74741185,0.6040453,1.0,0.13143486,-0.5682858,0.11848627,1.0,1
ENSG00000101417,1.2991072,0.74741185,0.6040453,1.0,0.13143486,-0.5682858,0.11848627,1.0,1
ENSG00000101417,1.2952726,0.74741185,0.60465795,0.7014493,0.12657136,-0.5682858,0.12005849,0.36844453,1
ENSG00000101417,1.2981943,0.74741185,1.0,0.6633987,0.130277,-0.5682858,0.084134534,0.27079907,1
ENSG00000083099,1.3247018,1.5536404,1.0,1.0,0.1638968,0.45426175,0.12754054,1.0,1
ENSG00000197223,1.3082674,1.5094713,0.5904705,1.0,0.14305276,0.3982418,0.08365066,1.0,1
ENSG00000197223,1.3245503,1.5094713,0.6067368,1.0,0.16370457,0.3982418,0.12539317,1.0,1
ENSG00000168826,1.2821975,0.56466603,0.600912,1.0,0.10998814,-0.8000641,0.110445514,1.0,1
ENSG00000168826,1.2801952,0.56466603,0.60566044,1.0,0.10744861,-0.8000641,0.1226311,1.0,1
ENSG00000168826,1.278994,0.56466603,0.60976905,1.0,0.10592509,-0.8000641,0.13317455,1.0,1
ENSG00000168826,1.2655919,0.56466603,1.0,0.8655462,0.088927045,-0.8000641,0.0473831,0.78955036,1
ENSG00000090316,1.3365839,1.6761446,0.6119752,1.0,0.17896691,0.60963523,0.13883598,1.0,1
ENSG00000090316,1.3430762,1.6761446,1.0,0.9964597,0.18720125,0.60963523,0.02028527,1.1255008,1
ENSG00000090316,1.3360456,1.6761446,1.0,0.94694614,0.17828426,0.60963523,-0.011449911,0.9984391,1
ENSG00000090316,1.3251756,1.6761446,0.58560324,0.44594592,0.1644977,0.60963523,0.07116026,-0.28722852,1
ENSG00000146955,1.2422873,-0.8239088,1.0,1.0,0.05936956,-2.5612073,-0.06343721,1.0,1
ENSG00000164828,1.2793226,2.0495281,1.0,1.0,0.10634197,1.0832012,-0.010799471,1.0,1
ENSG00000164828,1.2851585,2.0495281,1.0,1.0,0.11374358,1.0832012,0.08470852,1.0,1
ENSG00000164828,1.2821407,2.0495281,0.60771143,0.03648424,0.10991619,1.0832012,0.12789443,-1.3379898,1
ENSG00000164828,1.2799007,2.0495281,0.571326,0.6569921,0.10707511,1.0832012,0.034522105,0.2543584,1
ENSG00000164828,1.2738577,2.0495281,0.6037435,0.07331976,0.099410705,1.0832012,0.11771189,-1.2434624,1
ENSG00000164828,1.2798649,2.0495281,1.0,0.98724234,0.1070297,1.0832012,0.049762223,1.1018473,1
ENSG00000149532,1.314491,1.5731038,0.5918048,1.0,0.15094636,0.47894743,0.08707473,1.0,1
ENSG00000149532,1.308431,1.5731038,1.0,1.0,0.14326039,0.47894743,-0.004936699,1.0,1
ENSG00000149532,1.3124006,1.5731038,0.59721416,1.0,0.14829497,0.47894743,0.10095632,1.0,1
ENSG00000084072,1.3321939,2.1067686,1.0,1.0,0.17339899,1.1557999,0.013092171,1.0,1
ENSG00000084072,1.3281093,2.1067686,1.0,0.07317075,0.16821848,1.1557999,0.026503269,-1.2438449,1
ENSG00000146918,1.3506184,1.8914816,1.0,1.0,0.19676709,0.8827493,0.13397862,1.0,1
ENSG00000146918,1.3461907,1.8914816,0.6053571,1.0,0.19115141,0.8827493,0.12185277,1.0,1
ENSG00000146918,1.3408785,1.8914816,1.0,0.674584,0.18441391,0.8827493,0.100071,0.29950282,1
ENSG00000146918,1.3478677,1.8914816,1.0,0.12764111,0.1932784,0.8827493,0.10311866,-1.1040629,1
ENSG00000176890,1.3245237,2.4058414,1.0,1.0,0.16367091,1.5351167,0.056709472,1.0,1
ENSG00000176890,1.3144617,2.4058414,1.0,1.0,0.15090922,1.5351167,0.01963222,1.0,1
ENSG00000176890,1.3245237,2.4058414,1.0,0.9947846,0.16367091,1.5351167,0.056709472,1.1212022,1
ENSG00000105401,1.2962576,2.4003134,1.0,1.0,0.1278207,1.5281056,-0.04514574,1.0,1
ENSG00000105401,1.2958632,2.4003134,1.0,1.0,0.12732042,1.5281056,-0.041250814,1.0,1
ENSG00000105401,1.296754,2.4003134,1.0,1.0,0.12845033,1.5281056,-0.035320263,1.0,1
ENSG00000105401,1.2961831,2.4003134,1.0,1.0,0.1277262,1.5281056,-0.031956304,1.0,1
ENSG00000105401,1.2986069,2.4003134,1.0,1.0,0.13080028,1.5281056,-0.040814724,1.0,1
ENSG00000105401,1.3014892,2.4003134,1.0,1.0,0.1344561,1.5281056,-0.02389199,1.0,1
ENSG00000197965,1.3078165,1.9897168,1.0,1.0,0.14248094,1.0073417,0.066257015,1.0,1
ENSG00000197965,1.3078165,1.9897168,1.0,1.0,0.14248094,1.0073417,0.066257015,1.0,1
ENSG00000197965,1.3153232,1.9897168,0.613735,1.0,0.15200187,1.0073417,0.1433521,1.0,1
ENSG00000197965,1.3100728,1.9897168,1.0,0.92123866,0.14534265,1.0073417,0.047771163,0.9324685,1
ENSG00000197965,1.3039259,1.9897168,0.59487396,0.25078773,0.1375465,1.0073417,0.094950855,-0.78804386,1
ENSG00000181625,1.259493,1.065206,0.5942084,1.0,0.08119174,-0.16522416,0.09324287,1.0,1
ENSG00000181625,1.2734773,1.065206,0.5905585,0.7417631,0.09892819,-0.16522416,0.083876595,0.47189802,1
ENSG00000136560,1.307932,1.6435513,1.0,1.0,0.14262749,0.5682968,-0.048241954,1.0,1
ENSG00000136560,1.3154879,1.6435513,0.6179404,1.0,0.1522106,0.5682968,0.1541441,1.0,1
ENSG00000136560,1.3151959,1.6435513,1.0,1.0,0.1518404,0.5682968,-0.027376663,1.0,1
ENSG00000136560,1.3231992,1.6435513,0.60845023,1.0,0.161991,0.5682968,0.12979034,1.0,1
ENSG00000152291,1.2960057,1.5982432,0.6105091,1.0,0.12750122,0.510832,0.13507375,1.0,1
ENSG00000152291,1.2960057,1.5982432,0.6105091,1.0,0.12750122,0.510832,0.13507375,1.0,1
ENSG00000152291,1.2903392,1.5982432,1.0,1.0,0.12031436,0.510832,-0.038869154,1.0,1
ENSG00000152291,1.2844645,1.5982432,1.0,1.0,0.11286342,0.510832,-0.013542313,1.0,1
ENSG00000152291,1.2870277,1.5982432,1.0,1.0,0.11611443,0.510832,-0.020454165,1.0,1
ENSG00000099968,1.3316386,1.6910815,1.0,1.0,0.17269479,0.62857974,0.07348119,1.0,1
ENSG00000099968,1.3229929,1.6910815,0.62961817,0.9656882,0.1617294,0.62857974,0.1841115,1.0465351,1
ENSG00000099968,1.3234481,1.6910815,0.65555155,0.6998202,0.16230667,0.62857974,0.25066176,0.36426413,1
ENSG00000099968,1.3312732,1.6910815,0.6397118,0.8735832,0.17223136,0.62857974,0.21001372,0.81017506,1
ENSG00000111057,1.2921785,2.4412708,1.0,1.0,0.12264723,1.5800523,0.0046810806,1.0,1
ENSG00000111057,1.2954218,2.4412708,1.0,1.0,0.12676072,1.5800523,-0.002705913,1.0,1
ENSG00000111057,1.2879936,2.4412708,1.0,1.0,0.11733938,1.5800523,-0.016636945,1.0,1
ENSG00000069020,1.2812825,0.61278385,1.0,1.0,0.10882774,-0.7390358,0.017686162,1.0,1
ENSG00000172053,1.3172004,2.1927066,1.0,1.0,0.15438263,1.264796,-0.017434333,1.0,1
ENSG00000172053,1.3091654,2.1927066,1.0,0.9987719,0.14419182,1.264796,0.007013712,1.1314343,1
ENSG00000164104,1.3446227,2.621145,1.0,1.0,0.18916267,1.8081886,0.06777845,1.0,1
ENSG00000164104,1.3470727,2.621145,1.0,1.0,0.19227006,1.8081886,0.04183619,1.0,1
ENSG00000164104,1.3454995,2.621145,1.0,1.0,0.19027475,1.8081886,0.044725556,1.0,1
ENSG00000164104,1.3447523,2.621145,1.0,1.0,0.18932708,1.8081886,0.033752065,1.0,1
ENSG00000213551,1.3336279,1.8321254,0.60357106,1.0,0.17521791,0.8074673,0.11726937,1.0,1
ENSG00000213551,1.3302057,1.8321254,1.0,1.0,0.17087738,0.8074673,-0.017439473,1.0,1
ENSG00000111846,1.234778,-0.22184873,1.0,1.0,0.04984562,-1.7976086,0.08362294,1.0,1
ENSG00000130772,1.2894925,1.3916407,0.6137352,1.0,0.11924048,0.24879602,0.14335254,1.0,1
ENSG00000130772,1.2894925,1.3916407,0.6137352,1.0,0.11924048,0.24879602,0.14335254,1.0,1
ENSG00000131373,1.3317919,1.6127838,0.6062274,1.0,0.17288922,0.52927405,0.1240861,1.0,1
ENSG00000131373,1.33631,1.6127838,1.0,0.9944326,0.17861958,0.52927405,-0.048287768,1.120299,1
ENSG00000131373,1.30428,1.6127838,0.5705159,0.9914918,0.13799573,0.52927405,0.032443102,1.1127521,1
ENSG00000131373,1.318728,1.6127838,0.5852927,0.99332273,0.15632011,0.52927405,0.0703633,1.1174507,1
ENSG00000131373,1.3265854,1.6127838,1.0,0.9805825,0.1662858,0.52927405,-0.03936928,1.0847567,1
ENSG00000131373,1.3231615,1.6127838,0.60792565,0.48839426,0.16194317,0.52927405,0.12844403,-0.17829756,1
ENSG00000099864,1.2271612,0.3138672,1.0,1.0,0.040185094,-1.1181548,0.041031815,1.0,1
ENSG00000099864,1.2429807,0.3138672,1.0,1.0,0.06024908,-1.1181548,-0.013984162,1.0,1
ENSG00000050344,1.2482337,1.0124154,1.0,1.0,0.06691147,-0.2321792,-0.04328576,1.0,1
ENSG00000050344,1.2570941,1.0124154,1.0,1.0,0.07814939,-0.2321792,-0.017966505,1.0,1
ENSG00000123545,1.304927,2.0962493,0.6096521,1.0,0.1388162,1.1424582,0.1328745,1.0,1
ENSG00000107263,1.251354,1.2935835,1.0,1.0,0.07086901,0.12442912,-0.0041843317,1.0,1
ENSG00000129518,1.3034333,1.3289908,1.0,1.0,0.13692173,0.1693366,0.036597025,1.0,1
ENSG00000142459,1.2885008,0.24797326,1.0,1.0,0.117982715,-1.2017287,-0.056142513,1.0,1
ENSG00000142459,1.2872709,0.24797326,1.0,1.0,0.11642284,-1.2017287,-0.040817406,1.0,1
ENSG00000142459,1.2907633,0.24797326,0.5933156,1.0,0.120852165,-1.2017287,0.090951815,1.0,1
ENSG00000142459,1.2878816,0.24797326,1.0,1.0,0.1171973,-1.2017287,-0.032932464,1.0,1
ENSG00000165475,1.2645603,0.820858,0.620535,1.0,0.08761875,-0.47513333,0.16080232,1.0,1
ENSG00000165475,1.2676023,0.820858,1.0,1.0,0.091477014,-0.47513333,0.12807938,1.0,1
ENSG00000165475,1.2651846,0.820858,1.0,1.0,0.08841062,-0.47513333,0.017842874,1.0,1
ENSG00000165475,1.2725646,0.820858,0.6297031,1.0,0.097770795,-0.47513333,0.18432945,1.0,1
ENSG00000165475,1.2787331,0.820858,0.62936467,1.0,0.10559425,-0.47513333,0.18346101,1.0,1
ENSG00000165475,1.2559303,0.820858,1.0,1.0,0.07667316,-0.47513333,0.00046091527,1.0,1
ENSG00000165475,1.2692758,0.820858,0.6283022,0.0,0.09359943,-0.47513333,0.18073449,-1.4316157,1
ENSG00000103126,1.2678894,0.9132839,1.0,1.0,0.09184106,-0.35790864,0.018412858,1.0,1
ENSG00000103126,1.2657267,0.9132839,1.0,0.092689276,0.08909804,-0.35790864,0.007856593,-1.1937563,1
ENSG00000104883,1.2965076,0.041392684,0.603582,1.0,0.12813778,-1.4637369,0.117297456,1.0,1
ENSG00000137474,1.2330586,-0.69896996,1.0,1.0,0.047664806,-2.4027462,0.008117549,1.0,1
ENSG00000078061,1.3305538,1.5990092,1.0,1.0,0.17131892,0.51180357,0.030157521,1.0,1
ENSG00000078061,1.3290482,1.5990092,1.0,1.0,0.16940926,0.51180357,0.033307582,1.0,1
ENSG00000111832,1.3215111,1.5114822,1.0,1.0,0.15985005,0.4007923,-0.038684543,1.0,1
ENSG00000111832,1.3169503,1.5114822,0.60476553,0.93657815,0.15406555,0.4007923,0.120334625,0.9718327,1
ENSG00000172020,1.2168133,-0.9208188,1.0,1.0,0.027060835,-2.6841192,-0.06959675,1.0,1
ENSG00000185818,1.2352747,0.5526682,1.0,1.0,0.050475445,-0.81528103,0.09725328,1.0,1
ENSG00000008441,1.2828635,0.48144263,1.0,1.0,0.11083279,-0.9056172,0.014013557,1.0,1
ENSG00000136986,1.3112082,1.4865721,0.6112933,1.0,0.14678276,0.3691985,0.13708627,1.0,1
ENSG00000136986,1.3079938,1.4865721,0.5818892,1.0,0.14270589,0.3691985,0.06162932,1.0,1
ENSG00000213024,1.3072895,1.280806,1.0,1.0,0.14181252,0.108223185,0.05349588,1.0,1
ENSG00000213024,1.3035522,1.280806,1.0,1.0,0.1370724,0.108223185,0.021649178,1.0,1
ENSG00000213024,1.3035522,1.280806,1.0,1.0,0.1370724,0.108223185,0.021649178,1.0,1
ENSG00000213024,1.293835,1.280806,0.5782565,0.006849289,0.12474822,0.108223185,0.052307,-1.414039,1
ENSG00000213024,1.3035522,1.280806,1.0,0.07207838,0.1370724,0.108223185,0.021649178,-1.2466481,1
ENSG00000213024,1.3003111,1.280806,1.0,0.020679474,0.1329618,0.108223185,0.050044697,-1.378548,1
ENSG00000214013,1.317331,1.17667,1.0,1.0,0.1545482,-0.023853526,-0.073438704,1.0,1
ENSG00000128159,1.2873873,1.0461048,1.0,1.0,0.1165703,-0.18945059,-0.015928447,1.0,1
ENSG00000128159,1.2863421,1.0461048,1.0,1.0,0.115244895,-0.18945059,0.03402396,1.0,1
ENSG00000132109,1.2583709,1.1556396,1.0,1.0,0.07976865,-0.05052646,-0.091078594,1.0,1
ENSG00000132109,1.256457,1.1556396,1.0,1.0,0.077341236,-0.05052646,-0.016770959,1.0,1
ENSG00000007541,1.2809429,1.0852906,1.0,1.0,0.108396895,-0.13975087,0.08415035,1.0,1
ENSG00000007541,1.2744993,1.0852906,0.59252167,1.0,0.10022448,-0.13975087,0.08891432,1.0,1
ENSG00000007541,1.2589784,1.0852906,0.5663907,0.20547944,0.080539145,-0.13975087,0.021857053,-0.90431404,1
ENSG00000007541,1.2738333,1.0852906,1.0,0.28431374,0.099379785,-0.13975087,0.057697505,-0.7020094,1
ENSG00000189067,1.2400326,0.6884198,1.0,1.0,0.056509916,-0.643106,0.09474659,1.0,1
ENSG00000189067,1.2386274,0.6884198,0.59379727,0.006410241,0.054727826,-0.643106,0.09218786,-1.4151658,1
ENSG00000160199,1.319319,1.2869053,0.61825144,1.0,0.1570698,0.115959145,0.15494218,1.0,1
ENSG00000160199,1.3279148,1.2869053,1.0,0.9241245,0.16797194,0.115959145,0.01792574,0.93987405,1
ENSG00000164053,1.2830284,0.90902084,0.61243546,1.0,0.111041956,-0.3633155,0.14001712,1.0,1
ENSG00000164053,1.282012,0.90902084,1.0,0.627972,0.109752886,-0.3633155,-0.038033206,0.17988709,1
ENSG00000164053,1.281194,0.90902084,0.61747164,0.8716216,0.10871535,-0.3633155,0.15294096,0.8051411,1
ENSG00000173852,1.2741281,1.3586961,1.0,1.0,0.09975364,0.20701206,0.11379193,1.0,1
ENSG00000173852,1.2827318,1.3586961,0.5804674,1.0,0.1106657,0.20701206,0.05798076,1.0,1
ENSG00000173852,1.2659042,1.3586961,1.0,1.0,0.08932324,0.20701206,-0.005376216,1.0,1
ENSG00000173852,1.2780751,1.3586961,1.0,1.0,0.10475965,0.20701206,-0.008952711,1.0,1
ENSG00000198162,1.286604,1.1580608,1.0,1.0,0.11557705,-0.04745568,-0.03766663,1.0,1
ENSG00000174891,1.3039366,1.1379867,0.6011247,1.0,0.13756002,-0.07291581,0.11099151,1.0,1
ENSG00000174891,1.3039366,1.1379867,0.6011247,1.0,0.13756002,-0.07291581,0.11099151,1.0,1
ENSG00000108587,1.3169023,1.2013971,1.0,1.0,0.1540046,0.007508216,-0.029074576,1.0,1
ENSG00000108587,1.3248568,1.2013971,1.0,0.02131015,0.16409333,0.007508216,-0.025237907,-1.3769295,1
ENSG00000237649,1.3045157,1.8893017,1.0,1.0,0.13829458,0.8799844,0.06288074,1.0,1
ENSG00000144591,1.3044955,1.9159799,1.0,1.0,0.13826886,0.9138206,0.086571515,1.0,1
ENSG00000115368,1.3126336,1.839855,0.60577136,1.0,0.14859062,0.81727064,0.12291576,1.0,1
ENSG00000115368,1.3093375,1.839855,0.5919393,0.0028753877,0.14441006,0.81727064,0.08741978,-1.4242369,1
ENSG00000135482,1.2693248,-0.017728806,0.5941706,1.0,0.09366149,-1.5387212,0.09314575,1.0,1
ENSG00000111450,1.2921083,1.6092741,1.0,1.0,0.12255814,0.5248227,0.006461229,1.0,1
ENSG00000014138,1.3379304,1.9872639,0.5919554,1.0,0.18067485,1.0042309,0.08746123,1.0,1
ENSG00000014138,1.333744,1.9872639,1.0,0.4734793,0.17536512,1.0042309,-0.03240681,-0.21657234,1
ENSG00000029993,1.2808269,1.360404,1.0,1.0,0.108249836,0.20917827,-0.024763767,1.0,1
ENSG00000029993,1.2854961,1.360404,1.0,1.0,0.11417179,0.20917827,-0.04297905,1.0,1
ENSG00000061273,1.2934726,1.4109459,1.0,1.0,0.12428853,0.27328095,0.047959007,1.0,1
ENSG00000061273,1.2875893,1.4109459,1.0,1.0,0.116826594,0.27328095,0.046003684,1.0,1
ENSG00000061273,1.2944053,1.4109459,0.61384964,0.0,0.12547146,0.27328095,0.14364633,-1.4316157,1
ENSG00000061273,1.2827827,1.4109459,0.6129727,0.42357272,0.1107303,0.27328095,0.14139582,-0.34464267,1
ENSG00000061273,1.2895494,1.4109459,0.60399175,1.0,0.119312555,0.27328095,0.11834894,1.1345859,1
ENSG00000157800,1.303874,1.7117229,0.5955991,1.0,0.13748074,0.6547594,0.09681172,1.0,1
ENSG00000157800,1.2970738,1.7117229,0.5851818,0.99192894,0.12885594,0.6547594,0.07007871,1.113874,1
ENSG00000157800,1.2977036,1.7117229,0.5781774,0.98674613,0.12965468,0.6547594,0.052104034,1.1005739,1
ENSG00000153561,1.2383033,1.3207692,1.0,1.0,0.05431677,0.15890904,0.028769556,1.0,1
ENSG00000130052,1.2581488,1.1866739,1.0,1.0,0.079486944,-0.011165436,0.086989954,1.0,1
ENSG00000168916,1.241806,-0.14266741,1.0,1.0,0.058759198,-1.6971822,-0.07898064,1.0,1
ENSG00000183423,1.223363,-0.6575773,1.0,1.0,0.035367806,-2.3502474,-0.0051314086,1.0,1
ENSG00000163872,1.2892799,1.4508647,0.6040845,1.0,0.11897094,0.3239104,0.11858684,1.0,1
ENSG00000173575,1.2871658,1.6728364,0.584366,1.0,0.11628951,0.60543936,0.067985326,1.0,1
ENSG00000173575,1.2878233,1.6728364,1.0,1.0,0.11712349,0.60543936,-0.013318468,1.1345859,1
ENSG00000173575,1.2835227,1.6728364,0.58961034,1.0,0.11166893,0.60543936,0.08144333,1.1345859,1
ENSG00000173153,1.3016791,1.3740147,0.6003993,1.0,0.13469693,0.22644085,0.109129995,1.0,1
ENSG00000173153,1.2926791,1.3740147,1.0,0.9982759,0.12328203,0.22644085,0.002437044,1.1301614,1
ENSG00000173153,1.3045751,1.3740147,1.0,0.993464,0.13836983,0.22644085,-0.038687173,1.1178133,1
ENSG00000101290,1.2906629,1.6155292,0.5915354,1.0,0.12072485,0.53275603,0.08638345,1.0,1
ENSG00000101290,1.2910815,1.6155292,0.596785,1.0,0.12125588,0.53275603,0.09985496,1.0,1
ENSG00000101290,1.312321,1.6155292,1.0,0.14538309,0.14819406,0.53275603,0.030035026,-1.0585334,1
ENSG00000135249,1.3157598,1.7134905,0.58336544,1.0,0.15255558,0.6570014,0.06541764,1.0,1
ENSG00000139437,1.2873975,1.0534626,1.0,1.0,0.11658341,-0.18011859,-0.027390327,1.0,1
ENSG00000139437,1.2932646,1.0534626,1.0,1.0,0.124024734,-0.18011859,-0.00070055947,1.0,1
ENSG00000138593,1.2965399,1.0017337,0.59769875,1.0,0.12817883,-0.24572685,0.102199815,1.0,1
ENSG00000138593,1.2879119,1.0017337,1.0,1.0,0.117235795,-0.24572685,0.09180088,1.0,1
ENSG00000138593,1.2858529,1.0017337,1.0,0.23367697,0.11462441,-0.24572685,-0.009490725,-0.8319535,1
ENSG00000100596,1.2847458,1.3396502,0.6089523,1.0,0.11322024,0.1828559,0.13107869,1.0,1
ENSG00000158815,1.2249168,-0.5686362,1.0,1.0,0.037338477,-2.2374425,-0.020054411,1.0,1
ENSG00000170876,1.3458526,1.5630062,0.59456277,1.0,0.19072254,0.46614057,0.09415229,1.0,1
ENSG00000170876,1.3380446,1.5630062,1.0,1.0,0.18081968,0.46614057,-0.063896045,1.0,1
ENSG00000170876,1.3522311,1.5630062,0.62721604,1.0,0.19881245,0.46614057,0.17794716,1.0,1
ENSG00000170876,1.3450313,1.5630062,0.60032326,1.0,0.18968076,0.46614057,0.108934894,1.0,1
ENSG00000170876,1.3519251,1.5630062,1.0,1.0,0.19842441,0.46614057,0.055436637,1.0,1
ENSG00000130208,1.2585104,2.0516925,1.0,1.0,0.07994543,1.0859464,0.0051592514,1.0,1
ENSG00000130208,1.2676983,2.0516925,1.0,1.0,0.09159872,1.0859464,0.07828002,1.0,1
ENSG00000131398,1.2588955,0.36921585,1.0,1.0,0.08043407,-1.0479555,0.006458316,1.0,1
ENSG00000131398,1.2639843,0.36921585,1.0,1.0,0.08688825,-1.0479555,0.024097417,1.0,1
ENSG00000131398,1.263722,0.36921585,1.0,1.0,0.086555414,-1.0479555,0.013831006,1.0,1
ENSG00000131398,1.2582053,0.36921585,1.0,1.0,0.0795586,-1.0479555,0.036770023,1.0,1
ENSG00000131398,1.2592182,0.36921585,1.0,0.39512193,0.08084327,-1.0479555,0.011023264,-0.41765314,1
ENSG00000198189,1.3128953,1.7759016,1.0,1.0,0.14892246,0.7361579,0.025877323,1.0,1
ENSG00000121749,1.2998717,1.5784099,0.58356744,1.0,0.13240446,0.48567733,0.06593606,1.0,1
ENSG00000121749,1.3014517,1.5784099,0.5928075,0.0,0.13440841,0.48567733,0.08964783,-1.4316157,1
ENSG00000121749,1.2941688,1.5784099,0.57669485,0.006410241,0.12517145,0.48567733,0.04829963,-1.4151658,1
ENSG00000121749,1.3063949,1.5784099,0.60081017,0.983173,0.14067806,0.48567733,0.11018428,1.0914046,1
ENSG00000121749,1.2997411,1.5784099,0.5850659,0.058092922,0.13223894,0.48567733,0.06978132,-1.2825376,1
ENSG00000112079,1.3255742,1.2352759,0.6030929,1.0,0.1650032,0.050476972,0.116042316,1.0,1
ENSG00000168517,1.292296,0.053078413,1.0,1.0,0.12279629,-1.4489157,0.008168805,1.0,1
ENSG00000163507,1.2923036,1.3386557,0.5692275,1.0,0.122805804,0.18159458,0.029136937,1.0,1
ENSG00000163507,1.3008428,1.3386557,1.0,1.0,0.13363615,0.18159458,0.030783288,1.0,1
ENSG00000162430,1.2519027,0.757396,1.0,1.0,0.0715649,-0.55562276,0.0062308647,1.0,1
ENSG00000164404,1.3001084,-0.14266741,1.0,1.0,0.13270473,-1.6971822,0.11920251,1.0,1
ENSG00000164404,1.301184,-0.14266741,0.62530994,1.0,0.13406895,-1.6971822,0.17305566,1.0,1
ENSG00000101384,1.231409,-0.7447275,1.0,1.0,0.04557255,-2.4607809,0.044682432,1.0,1
ENSG00000101384,1.2277229,-0.7447275,1.0,1.0,0.040897522,-2.4607809,0.006542392,1.0,1
ENSG00000101384,1.2369221,-0.7447275,1.0,1.0,0.05256493,-2.4607809,0.06319532,1.0,1
ENSG00000101384,1.2389146,-0.7447275,1.0,1.0,0.055092037,-2.4607809,0.084780335,1.0,1
ENSG00000101384,1.2442601,-0.7447275,1.0,1.0,0.061871797,-2.4607809,0.12040211,1.0,1
ENSG00000101384,1.2411628,-0.7447275,1.0,1.0,0.057943407,-2.4607809,0.11014657,1.0,1
ENSG00000114902,1.2602303,1.7300551,0.5954218,1.0,0.082126915,0.6780104,0.09635667,1.0,1
ENSG00000114902,1.2786064,1.7300551,0.6137677,1.0,0.10543349,0.6780104,0.143436,1.0,1
ENSG00000172339,1.3128765,0.36921585,1.0,1.0,0.14889866,-1.0479555,0.09366757,1.0,1
ENSG00000146414,1.2989514,1.2792104,1.0,1.0,0.13123721,0.106199704,0.029494748,1.0,1
ENSG00000146414,1.303028,1.2792104,1.0,1.0,0.13640769,0.106199704,0.020990308,1.0,1
ENSG00000171148,1.34289,1.6979264,1.0,1.0,0.18696505,0.6372613,0.06175844,1.0,1
ENSG00000171148,1.3476998,1.6979264,1.0,1.0,0.19306536,0.6372613,0.06697063,1.0,1
ENSG00000101413,1.3123888,1.4312029,1.0,1.0,0.14828008,0.2989731,-0.0016628318,1.0,1
ENSG00000134248,1.3259286,2.6253228,1.0,1.0,0.16545275,1.8134872,0.008902196,1.0,1
ENSG00000134248,1.3219045,2.6253228,1.0,1.0,0.16034898,1.8134872,0.014983963,1.0,1
ENSG00000134248,1.3226484,2.6253228,1.0,0.014705539,0.16129242,1.8134872,0.030545082,-1.3938783,1
ENSG00000164934,1.3054222,2.0122888,0.6095294,1.0,0.13944422,1.0359701,0.1325596,1.0,1
ENSG00000186792,1.2817708,0.6928469,1.0,0.9735973,0.10944704,-0.63749105,0.018658713,1.0668314,1
ENSG00000147124,1.2703398,0.667453,1.0,1.0,0.094949014,-0.6696984,-0.001419019,1.0,1
ENSG00000141384,1.2894269,1.1658376,1.0,1.0,0.11915733,-0.037592247,0.01547268,1.0,1
ENSG00000160691,1.293268,1.7640266,1.0,1.0,0.124028966,0.72109675,0.013277391,1.0,1
ENSG00000103599,1.3093188,0.4014005,1.0,1.0,0.14438628,-1.0071354,-0.014317658,1.0,1
ENSG00000181035,1.3101078,1.1592664,1.0,1.0,0.14538714,-0.045926686,0.080019265,1.0,1
ENSG00000181035,1.311218,1.1592664,1.0,1.0,0.14679517,-0.045926686,0.054194264,1.0,1
ENSG00000120370,1.3326923,1.0394142,1.0,1.0,0.1740312,-0.19793643,0.1951957,1.0,1
ENSG00000120370,1.3009889,1.0394142,1.0,1.0,0.13382143,-0.19793643,-0.0030899309,1.0,1
ENSG00000120370,1.3009889,1.0394142,1.0,1.0,0.13382143,-0.19793643,-0.0030899309,1.0,1
ENSG00000067955,1.3398551,1.5532761,1.0,1.0,0.18311588,0.45379972,0.038350035,1.0,1
ENSG00000067955,1.3352308,1.5532761,1.0,0.9894531,0.17725088,0.45379972,-0.020886026,1.1075205,1
ENSG00000145388,1.2955952,1.2935835,1.0,1.0,0.12698056,0.12442912,-0.012501467,1.0,1
ENSG00000145388,1.3035026,1.2935835,1.0,1.0,0.13700958,0.12442912,0.10697827,1.0,1
ENSG00000090487,1.3120357,1.6517624,1.0,1.0,0.14783217,0.578711,-0.03885905,1.0,1
ENSG00000090487,1.306078,1.6517624,0.6024653,1.0,0.14027601,0.578711,0.11443168,1.0,1
ENSG00000090487,1.317218,1.6517624,0.59260017,0.9887961,0.1544049,0.578711,0.089115754,1.1058346,1
ENSG00000240053,1.240621,1.162863,1.0,1.0,0.057256192,-0.041365,-0.018370405,1.0,1
ENSG00000132256,1.2902106,1.1146109,1.0,1.0,0.120151296,-0.1025635,0.06526105,1.0,1
ENSG00000132256,1.2910482,1.1146109,0.5952241,0.85528755,0.12121349,-0.1025635,0.095849305,0.7632246,1
ENSG00000136932,1.300738,1.080987,1.0,1.0,0.13350317,-0.14520907,0.046104543,1.0,1
ENSG00000136932,1.3056545,1.080987,0.59263694,0.5799595,0.13973892,-0.14520907,0.089210145,0.0566773,1
ENSG00000156510,1.2132702,-0.88605666,1.0,1.0,0.022566913,-2.64003,-0.02584352,1.0,1
ENSG00000156510,1.2113265,-0.88605666,1.0,1.0,0.020101711,-2.64003,-0.021379527,1.0,1
ENSG00000103994,1.2949183,1.3868555,1.0,1.0,0.12612204,0.24272694,0.060288806,1.0,1
ENSG00000103994,1.2978193,1.3868555,1.0,1.0,0.12980136,0.24272694,0.062029045,1.0,1
ENSG00000057019,1.2805892,0.9365137,1.0,1.0,0.10794836,-0.328446,0.076385185,1.0,1
ENSG00000057019,1.2515262,0.9365137,0.5864505,0.08260104,0.07108748,-0.328446,0.07333453,-1.2196448,1
ENSG00000137492,1.2723327,1.8055687,0.6040406,1.0,0.097476505,0.7737851,0.118474364,1.0,1
ENSG00000137492,1.2691035,1.8055687,1.0,1.0,0.093380906,0.7737851,0.017265499,1.0,1
ENSG00000137492,1.2732047,1.8055687,1.0,1.0,0.098582484,0.7737851,0.04713236,1.0,1
ENSG00000165185,1.2828386,0.9740509,1.0,1.0,0.11080121,-0.28083724,0.03622037,1.0,1
ENSG00000213983,1.2890028,1.8955882,1.0,1.0,0.11861935,0.8879577,-0.084030166,1.0,1
ENSG00000213983,1.2905495,1.8955882,1.0,1.0,0.12058103,0.8879577,-0.06324704,1.0,1
ENSG00000213983,1.291824,1.8955882,1.0,0.6939704,0.12219754,0.8879577,-0.06457545,0.34925228,1
ENSG00000044090,1.3104836,1.3767594,1.0,1.0,0.14586361,0.2299219,0.013677381,1.0,1
ENSG00000136450,1.3523554,2.4945998,1.0,1.0,0.19897002,1.6476899,0.10533266,1.0,1
ENSG00000136450,1.3509622,2.4945998,1.0,1.0,0.19720304,1.6476899,0.098079905,1.0,1
ENSG00000179943,1.2986739,0.54032946,1.0,1.0,0.13088535,-0.8309304,0.049169745,1.0,1
ENSG00000179943,1.3014807,0.54032946,1.0,0.17454544,0.13444512,-0.8309304,0.022109363,-0.98369694,1
ENSG00000128891,1.3119409,1.4581845,0.613851,1.0,0.14771199,0.3331941,0.14364973,1.0,1
ENSG00000132205,1.2275258,-0.46852112,1.0,1.0,0.040647484,-2.1104655,0.14634913,1.0,1
ENSG00000132205,1.2188315,-0.46852112,1.0,1.0,0.029620465,-2.1104655,-0.04423066,1.0,1
ENSG00000132205,1.2297726,-0.46852112,0.601554,1.0,0.043497074,-2.1104655,0.112093076,1.0,1
ENSG00000162738,1.238821,0.53147894,0.60292464,1.0,0.05497332,-0.84215564,0.115610495,1.0,1
ENSG00000028203,1.2929682,1.6555226,1.0,1.0,0.12364868,0.58348,0.030551253,1.0,1
ENSG00000028203,1.2935685,1.6555226,1.0,0.8412138,0.124410026,0.58348,0.02020739,0.72710854,1
ENSG00000028203,1.2948754,1.6555226,0.6183862,0.78947365,0.12606767,0.58348,0.15528803,0.59433293,1
ENSG00000028203,1.2994338,1.6555226,0.61711305,0.948542,0.13184917,0.58348,0.15202086,1.0025344,1
ENSG00000028203,1.3010341,1.6555226,1.0,0.35714287,0.1338788,0.58348,0.060161557,-0.51511514,1
ENSG00000028203,1.29672,1.6555226,0.6072168,0.0,0.12840718,0.58348,0.12662493,-1.4316157,1
ENSG00000076924,1.3253973,1.3422252,1.0,1.0,0.1647789,0.1861219,0.00936877,1.0,1
ENSG00000010278,1.2685837,0.8463371,1.0,1.0,0.09272163,-0.4428179,0.006080549,1.0,1
ENSG00000010278,1.2569089,0.8463371,1.0,0.1488095,0.07791436,-0.4428179,0.09665768,-1.0497406,1
ENSG00000204463,1.2886344,2.0528092,0.6126431,1.0,0.11815211,1.0873628,0.1405501,1.0,1
ENSG00000204463,1.3001301,2.0528092,0.6428484,0.49851248,0.13273224,1.0873628,0.21806285,-0.1523322,1
ENSG00000204463,1.3250273,2.0528092,1.0,0.9256278,0.16430964,1.0873628,0.03493095,0.94373196,1
ENSG00000050327,1.2380618,-0.552842,0.57082385,1.0,0.054010414,-2.2174106,0.033233386,1.0,1
ENSG00000050327,1.2190558,-0.552842,1.0,1.0,0.02990488,-2.2174106,-0.06586081,1.0,1
ENSG00000096401,1.3457701,1.3180633,1.0,1.0,0.19061793,0.15547712,0.07010935,1.0,1
ENSG00000163933,1.2882118,1.2052044,0.5874729,1.0,0.11761611,0.012336975,0.075958274,1.0,1
ENSG00000036672,1.2643996,0.5453071,1.0,1.0,0.08741503,-0.8246172,-0.046403166,1.0,1
ENSG00000036672,1.2607284,0.5453071,1.0,1.0,0.08275865,-0.8246172,-0.033907335,1.0,1
ENSG00000036672,1.2626113,0.5453071,1.0,1.0,0.08514672,-0.8246172,0.056610063,1.0,1
ENSG00000181222,1.3190613,0.9479236,1.0,1.0,0.15674283,-0.31397474,0.05968114,1.0,1
ENSG00000162591,1.2535182,-0.7447275,1.0,1.0,0.07361396,-2.4607809,-0.06382263,1.0,1
ENSG00000134283,1.3060045,1.903307,1.0,1.0,0.14018287,0.8977475,0.004238218,1.0,1
ENSG00000134283,1.3207545,1.903307,1.0,1.0,0.15889038,0.8977475,0.0078351535,1.0,1
ENSG00000134283,1.3070587,1.903307,0.58658785,0.14871553,0.14151983,0.8977475,0.07368696,-1.0499817,1
ENSG00000134283,1.3278472,1.903307,0.58789533,0.57435775,0.16788624,0.8977475,0.07704231,0.042302087,1
ENSG00000134283,1.2901816,1.903307,0.56495386,0.035823703,0.12011454,0.8977475,0.018169863,-1.3396848,1
ENSG00000134283,1.3166037,1.903307,1.0,0.97013485,0.1536258,0.8977475,-0.0341405,1.057946,1
ENSG00000150756,1.3371421,1.4962375,0.64607704,1.0,0.179675,0.38145724,0.22634831,1.0,1
ENSG00000150756,1.3371421,1.4962375,0.64607704,1.0,0.179675,0.38145724,0.22634831,1.0,1
ENSG00000150756,1.3523958,1.4962375,1.0,1.0,0.19902128,0.38145724,0.11571954,1.0,1
ENSG00000150756,1.3455422,1.4962375,0.6757659,1.0,0.19032888,0.38145724,0.30253583,1.0,1
ENSG00000150756,1.3283987,1.4962375,0.65835416,0.70945615,0.16858566,0.38145724,0.25785384,0.38899177,1
ENSG00000150756,1.319342,1.4962375,0.64066577,0.47476727,0.15709898,0.38145724,0.21246181,-0.2132672,1
ENSG00000139517,1.2715259,0.48995847,0.6172705,1.0,0.09645315,-0.89481646,0.15242492,1.0,1
ENSG00000188859,1.2462369,-0.552842,1.0,1.0,0.064379066,-2.2174106,-0.008248419,1.0,1
ENSG00000146411,1.2324421,0.11058974,1.0,1.0,0.046882883,-1.3759736,0.05208364,1.0,1
ENSG00000035141,1.2977369,1.8196096,0.60698247,1.0,0.12969694,0.7915934,0.12602374,1.0,1
ENSG00000035141,1.2951118,1.8196096,0.600942,1.0,0.12636742,0.7915934,0.11052264,1.0,1
ENSG00000035141,1.2919263,1.8196096,0.60791665,0.0066541433,0.122327305,0.7915934,0.12842101,-1.4145398,1
ENSG00000173264,1.3118106,0.8363241,1.0,1.0,0.14754671,-0.45551747,0.05018719,1.0,1
ENSG00000173264,1.3118106,0.8363241,1.0,1.0,0.14754671,-0.45551747,0.05018719,1.0,1
ENSG00000173264,1.3118106,0.8363241,1.0,1.0,0.14754671,-0.45551747,0.05018719,1.0,1
ENSG00000173264,1.3090584,0.8363241,1.0,1.0,0.14405617,-0.45551747,0.06102506,1.0,1
ENSG00000173264,1.309122,0.8363241,1.0,0.78095233,0.14413679,-0.45551747,0.06883822,0.57246554,1
ENSG00000173264,1.3071247,0.8363241,1.0,0.8428571,0.14160368,-0.45551747,0.075573996,0.7313256,1
ENSG00000163156,1.3048496,1.198107,0.61048627,1.0,0.138718,0.0033353174,0.13501523,1.0,1
ENSG00000184083,1.2618448,0.25767863,0.56479776,1.0,0.08417462,-1.1894193,0.017769277,1.0,1
ENSG00000184708,1.2817261,1.0951693,0.5921863,0.012254894,0.109390296,-0.12722151,0.08805364,-1.4001672,1
ENSG00000100697,1.2704709,1.1858253,0.6002251,1.0,0.09511512,-0.012241607,0.108682886,1.0,1
ENSG00000100697,1.2701718,1.1858253,1.0,1.0,0.09473573,-0.012241607,-0.00119121,1.0,1
ENSG00000100697,1.2765887,1.1858253,1.0,0.9987421,0.10287451,-0.012241607,0.08109301,1.1313579,1
ENSG00000100697,1.278021,1.1858253,0.6041301,0.061340958,0.104691036,-0.012241607,0.118703976,-1.2742025,1
ENSG00000100697,1.2583379,1.1858253,0.5923778,0.01997149,0.0797268,-0.012241607,0.088545084,-1.3803649,1
ENSG00000117362,1.3222578,1.9643538,1.0,1.0,0.16079696,0.97517383,0.026353233,1.0,1
ENSG00000117362,1.3266199,1.9643538,1.0,0.99881315,0.16632949,0.97517383,-0.01803045,1.1315403,1
ENSG00000117362,1.3211602,1.9643538,1.0,0.98787576,0.15940489,0.97517383,-0.017505288,1.1034727,1
ENSG00000080603,1.2958555,0.53781915,0.5626745,1.0,0.12731075,-0.8341143,0.012320634,1.0,1
ENSG00000080603,1.2877862,0.53781915,1.0,1.0,0.11707636,-0.8341143,0.031901777,1.0,1
ENSG00000080603,1.2935824,0.53781915,1.0,1.0,0.12442776,-0.8341143,-0.039035197,1.0,1
ENSG00000080603,1.2929271,0.53781915,0.60526556,0.8369565,0.12359673,-0.8341143,0.121617764,0.7161834,1
ENSG00000064666,1.3064189,1.5922878,1.0,1.0,0.14070839,0.50327873,0.039359055,1.0,1
ENSG00000064666,1.3064189,1.5922878,1.0,1.0,0.14070839,0.50327873,0.039359055,1.0,1
ENSG00000064666,1.3023033,1.5922878,1.0,0.9964716,0.13548857,0.50327873,0.021374935,1.1255313,1
ENSG00000163463,1.307486,2.0860748,0.59981495,1.0,0.14206183,1.1295538,0.10763048,1.0,1
ENSG00000163463,1.3324897,2.0860748,1.0,1.0,0.17377424,1.1295538,0.015153095,1.0,1
ENSG00000163463,1.3169132,2.0860748,0.602277,1.0,0.15401842,1.1295538,0.113948464,1.0,1
ENSG00000102103,1.3415241,1.7841178,1.0,1.0,0.1852327,0.74657863,0.101160415,1.0,1
ENSG00000102103,1.3357196,1.7841178,0.6148929,1.0,0.17787069,0.74657863,0.1463235,1.0,1
ENSG00000085998,1.3184749,1.5644293,1.0,1.0,0.15599914,0.46794555,-0.021789867,1.0,1
ENSG00000085998,1.3171319,1.5644293,1.0,0.9806104,0.15429582,0.46794555,-0.037484463,1.0848283,1
ENSG00000198176,1.2592175,1.822495,1.0,1.0,0.08084232,0.79525274,-0.021599296,1.0,1
ENSG00000198176,1.2589287,1.822495,1.0,0.9376199,0.08047605,0.79525274,0.093686,0.97450614,1
ENSG00000175854,1.3300729,2.0201125,1.0,1.0,0.17070892,1.0458931,0.050626222,1.0,1
ENSG00000175854,1.3495073,2.0201125,1.0,1.0,0.19535786,1.0458931,-0.014957499,1.0,1
ENSG00000010626,1.282668,0.7671559,1.0,1.0,0.1105849,-0.54324424,0.07943298,1.0,1
ENSG00000010626,1.2772194,0.7671559,1.0,1.0,0.103674434,-0.54324424,-0.031372596,1.0,1
ENSG00000104818,1.243138,-0.72124636,1.0,1.0,0.0604486,-2.4309995,-0.020649139,1.0,1
ENSG00000104818,1.2383295,-0.72124636,1.0,1.0,0.05434998,-2.4309995,-0.01865806,1.0,1
ENSG00000093010,1.3383344,2.4356375,0.6339765,1.0,0.18118724,1.5729073,0.19529593,1.0,1
ENSG00000093010,1.344107,2.4356375,1.0,1.0,0.18850869,1.5729073,0.0407562,1.0,1
ENSG00000154957,1.2881974,0.63548374,1.0,1.0,0.11759793,-0.7102453,0.0102753155,1.0,1
ENSG00000154957,1.2774484,0.63548374,1.0,1.0,0.10396489,-0.7102453,0.03876623,1.0,1
ENSG00000100605,1.2795241,1.3767594,1.0,1.0,0.106597416,0.2299219,0.03838978,1.0,1
ENSG00000100605,1.2797087,1.3767594,1.0,0.96391153,0.10683164,0.2299219,0.037794754,1.0419756,1
ENSG00000148356,1.3206091,0.63245726,1.0,1.0,0.1587059,-0.7140838,0.01459416,1.0,1
ENSG00000148356,1.3074284,0.63245726,0.5976211,1.0,0.14198877,-0.7140838,0.10200055,1.0,1
ENSG00000148356,1.315131,0.63245726,1.0,0.99337745,0.1517579,-0.7140838,0.010094002,1.1175911,1
ENSG00000138375,1.2938757,1.349666,1.0,1.0,0.12479969,0.19555907,0.05297894,1.0,1
ENSG00000138375,1.2885118,1.349666,1.0,0.9495123,0.11799661,0.19555907,-0.016705684,1.0050243,1
ENSG00000125945,1.2888073,0.8494194,0.64420253,1.0,0.118371375,-0.43890858,0.22153786,1.0,1
ENSG00000010803,1.2894299,1.4431064,0.6021614,1.0,0.11916104,0.31407055,0.11365192,1.0,1
ENSG00000010803,1.295957,1.4431064,1.0,1.0,0.12743947,0.31407055,-0.0015621819,1.0,1
ENSG00000010803,1.3020009,1.4431064,0.5930802,1.0,0.13510504,0.31407055,0.09034769,1.0,1
ENSG00000010803,1.2953037,1.4431064,0.6020029,1.0,0.12661095,0.31407055,0.11324519,1.0,1
ENSG00000010803,1.2953037,1.4431064,0.6020029,1.0,0.12661095,0.31407055,0.11324519,1.0,1
ENSG00000010803,1.2813525,1.4431064,0.57812303,1.0,0.10891644,0.31407055,0.05196458,1.0,1
ENSG00000010803,1.271076,1.4431064,0.5660756,1.0,0.095882624,0.31407055,0.021048551,1.0,1
ENSG00000010803,1.2811866,1.4431064,1.0,0.5620104,0.10870605,0.31407055,0.026742514,0.010616369,1
ENSG00000010803,1.2758068,1.4431064,0.5717567,0.767624,0.10188276,0.31407055,0.035627306,0.53826225,1
ENSG00000010803,1.2939973,1.4431064,0.5955952,0.2798742,0.124953896,0.31407055,0.09680162,-0.7134021,1
ENSG00000171208,1.270862,1.3787612,0.60463613,1.0,0.09561127,0.2324608,0.12000252,1.0,1
ENSG00000171208,1.2729017,1.3787612,1.0,1.0,0.09819818,0.2324608,-0.016451336,1.0,1
ENSG00000171208,1.257495,1.3787612,1.0,1.0,0.07865779,0.2324608,-0.046803463,1.0,1
ENSG00000171208,1.2589222,1.3787612,0.6029448,1.0,0.08046793,0.2324608,0.11566217,1.0,1
ENSG00000124067,1.3000695,1.4531653,0.5922248,1.0,0.13265528,0.3268284,0.08815251,1.0,1
ENSG00000124067,1.3034886,1.4531653,0.593291,1.0,0.13699184,0.3268284,0.09088865,1.0,1
ENSG00000124067,1.3087089,1.4531653,0.5985959,1.0,0.14361276,0.3268284,0.10450205,1.0,1
ENSG00000124067,1.2977657,1.4531653,0.5985399,0.08283517,0.12973344,0.3268284,0.104358286,-1.219044,1
ENSG00000124067,1.3087089,1.4531653,0.5985959,0.76568264,0.14361276,0.3268284,0.10450205,0.5332803,1
ENSG00000155755,1.2500982,1.154424,1.0,1.0,0.069276266,-0.052068297,-0.008600187,1.0,1
ENSG00000155755,1.2510831,1.154424,1.0,1.0,0.070525445,-0.052068297,-0.03362227,1.0,1
ENSG00000155755,1.2361469,1.154424,1.0,1.0,0.05158171,-0.052068297,0.10029008,1.0,1
ENSG00000155755,1.2452815,1.154424,1.0,1.0,0.06316722,-0.052068297,-0.016248312,1.0,1
ENSG00000155755,1.2494489,1.154424,1.0,1.0,0.06845283,-0.052068297,0.10065469,1.0,1
ENSG00000155755,1.2327589,1.154424,1.0,1.0,0.04728461,-0.052068297,0.062032316,1.0,1
ENSG00000176208,1.2822728,1.2027607,1.0,1.0,0.11008361,0.009237637,-0.028343763,1.0,1
ENSG00000172239,1.3154013,2.1279466,0.5989774,1.0,0.15210092,1.1826601,0.10548101,1.0,1
ENSG00000128581,1.2816597,0.72997427,1.0,1.0,0.10930613,-0.590402,0.010764573,1.0,1
ENSG00000128581,1.2832657,0.72997427,1.0,0.8701594,0.11134294,-0.590402,-0.019469485,0.80138886,1
ENSG00000128581,1.2678688,0.72997427,1.0,0.8967136,0.09181487,-0.590402,0.07545246,0.86953217,1
ENSG00000128581,1.2641029,0.72997427,1.0,0.0,0.0870386,-0.590402,0.08369471,-1.4316157,1
ENSG00000028116,1.3098776,1.4935974,0.6127844,1.0,0.14509517,0.37810877,0.14091258,1.0,1
ENSG00000028116,1.3157192,1.4935974,0.59589136,1.0,0.15250406,0.37810877,0.09756172,1.0,1
ENSG00000028116,1.3054076,1.4935974,0.60102177,1.0,0.13942578,0.37810877,0.11072734,1.0,1
ENSG00000028116,1.3151928,1.4935974,1.0,1.0,0.15183651,0.37810877,-0.018815238,1.0,1
ENSG00000028116,1.2824235,1.4935974,0.5800733,0.0,0.1102748,0.37810877,0.05696931,-1.4316157,1
ENSG00000028116,1.3081251,1.4935974,0.5985152,0.0,0.14287242,0.37810877,0.10429497,-1.4316157,1
ENSG00000028116,1.3027914,1.4935974,1.0,0.063675344,0.1361076,0.37810877,-0.017558422,-1.268212,1
ENSG00000028116,1.3085148,1.4935974,0.56466335,0.88485646,0.14336671,0.37810877,0.017424356,0.8391044,1
ENSG00000028116,1.302729,1.4935974,0.59466726,0.045859456,0.13602845,0.37810877,0.09442039,-1.3139311,1
ENSG00000103490,1.2616972,1.1826999,1.0,0.4355895,0.08398734,-0.016205654,0.10011679,-0.31380522,1
ENSG00000100934,1.2544751,1.5670264,0.5830037,1.0,0.07482764,0.4712394,0.064489365,1.0,1
ENSG00000100934,1.2636759,1.5670264,0.5855833,0.6999506,0.086497,0.4712394,0.07110919,0.36459854,1
ENSG00000166529,1.2693977,0.9609462,1.0,1.0,0.09375415,-0.29745808,0.003829535,1.0,1
ENSG00000166529,1.2879033,0.9609462,0.6131455,0.097014904,0.117224865,-0.29745808,0.14183924,-1.1826559,1
ENSG00000088930,1.3125876,1.6702458,1.0,1.0,0.1485322,0.60215366,0.045096863,1.0,1
ENSG00000088930,1.2876145,1.6702458,1.0,1.0,0.1168585,0.60215366,0.09507792,1.0,1
ENSG00000088930,1.2988355,1.6702458,0.6126635,1.0,0.13109027,0.60215366,0.14060241,1.0,1
ENSG00000164309,1.2096355,-0.4089353,1.0,1.0,0.017957032,-2.0348923,0.09809107,1.0,1
ENSG00000164309,1.2176852,-0.4089353,0.55283344,1.0,0.028166626,-2.0348923,-0.0129335895,1.0,1
ENSG00000087995,1.2790304,1.41397,0.6167313,1.0,0.1059713,0.27711645,0.15104108,1.0,1
ENSG00000087995,1.2726243,1.41397,1.0,0.8200836,0.09784626,0.27711645,-0.009245835,0.67288435,1
ENSG00000101882,1.2673993,0.6848454,1.0,1.0,0.091219455,-0.64763945,-0.058419723,1.0,1
ENSG00000101882,1.2664995,0.6848454,1.0,1.0,0.090078175,-0.64763945,-0.055864204,1.0,1
ENSG00000215717,1.328944,1.3149201,0.5870289,1.0,0.16927709,0.15149046,0.07481882,1.0,1
ENSG00000188938,1.2735327,1.4747988,1.0,1.0,0.09899859,0.3542663,0.04100124,1.0,1
ENSG00000188938,1.2701144,1.4747988,0.59957206,0.40563276,0.09466309,0.3542663,0.10700709,-0.39068025,1
ENSG00000057608,1.327693,2.2882044,0.6220581,1.0,0.16769053,1.3859167,0.16471085,1.0,1
ENSG00000057608,1.3336676,2.2882044,0.62840027,1.0,0.1752682,1.3859167,0.18098614,1.0,1
ENSG00000057608,1.3318813,2.2882044,1.0,0.91717905,0.17300262,1.3859167,0.080974445,0.9220507,1
ENSG00000164070,1.3017244,1.0178677,1.0,1.0,0.13475443,-0.22526394,0.010086548,1.0,1
ENSG00000164070,1.2932429,1.0178677,1.0,0.98449606,0.12399719,-0.22526394,0.08111526,1.0947998,1
ENSG00000108518,1.3170209,2.5666847,1.0,1.0,0.15415508,1.7391162,0.047823053,1.0,1
ENSG00000175764,1.2588156,0.28103334,1.0,1.0,0.08033278,-1.1597983,0.06256674,1.0,1
ENSG00000175764,1.2594532,0.28103334,1.0,0.39759034,0.08114124,-1.1597983,0.006817322,-0.41131872,1
ENSG00000020633,1.215444,-0.9208188,1.0,1.0,0.025323916,-2.6841192,-0.05453572,1.0,1
ENSG00000169359,1.3128542,1.3277675,0.6058852,1.0,0.14887026,0.167785,0.1232079,1.0,1
ENSG00000163807,1.3215107,1.4502491,1.0,1.0,0.1598494,0.32312965,0.0023913532,1.0,1
ENSG00000164182,1.3067107,1.6754117,0.61970836,1.0,0.1410785,0.6087056,0.15868093,1.0,1
ENSG00000164182,1.3042293,1.6754117,0.6191612,1.0,0.13793129,0.6087056,0.15727682,1.0,1
ENSG00000164182,1.3042293,1.6754117,0.6191612,0.94950426,0.13793129,0.6087056,0.15727682,1.0050037,1
ENSG00000117560,1.2427632,-0.9208188,1.0,1.0,0.05997315,-2.6841192,0.1092304,1.0,1
ENSG00000197142,1.2173793,-0.045757413,1.0,1.0,0.027778585,-1.5742702,0.036199488,1.0,1
ENSG00000149922,1.2836785,-0.69896996,1.0,1.0,0.11186663,-2.4027462,0.01020851,1.0,1
ENSG00000166321,1.2976578,0.9329808,1.0,1.0,0.12959662,-0.33292684,0.018664742,1.0,1
ENSG00000166321,1.2976578,0.9329808,1.0,1.0,0.12959662,-0.33292684,0.018664742,1.0,1
ENSG00000166321,1.3037227,0.9329808,1.0,1.0,0.1372889,-0.33292684,0.05441298,1.0,1
ENSG00000166321,1.3071187,0.9329808,1.0,1.0,0.14159593,-0.33292684,0.07301776,1.0,1
ENSG00000166321,1.3046392,0.9329808,0.59776574,1.0,0.13845126,-0.33292684,0.10237175,1.0,1
ENSG00000166321,1.3046392,0.9329808,0.59776574,1.0,0.13845126,-0.33292684,0.10237175,1.0,1
ENSG00000166321,1.303881,0.9329808,1.0,1.0,0.13748962,-0.33292684,-0.016059134,1.0,1
ENSG00000166321,1.3087054,0.9329808,1.0,1.0,0.14360842,-0.33292684,0.011990152,1.0,1
ENSG00000166321,1.3074244,0.9329808,1.0,1.0,0.14198372,-0.33292684,-0.0051310807,1.0,1
ENSG00000141027,1.278305,1.6990569,1.0,1.0,0.105051294,0.63869494,-0.018452417,1.0,1
ENSG00000141027,1.2781196,1.6990569,1.0,1.0,0.10481613,0.63869494,0.019687587,1.0,1
ENSG00000141027,1.2689562,1.6990569,0.5768203,1.0,0.093194,0.63869494,0.04862148,1.0,1
ENSG00000141027,1.2764097,1.6990569,1.0,1.0,0.10264756,0.63869494,0.05190153,1.0,1
ENSG00000141027,1.2715149,1.6990569,0.59368587,0.33444816,0.096439324,0.63869494,0.091902,-0.5733543,1
ENSG00000141027,1.2721006,1.6990569,0.60192823,0.25744125,0.09718215,0.63869494,0.11305344,-0.77096957,1
ENSG00000141027,1.2514805,1.6990569,0.597196,0.29598445,0.07102945,0.63869494,0.100909635,-0.67205995,1
ENSG00000158711,1.3022097,0.9444827,1.0,1.0,0.13536985,-0.31833893,0.123156905,1.0,1
ENSG00000158711,1.3090304,0.9444827,1.0,1.0,0.14402059,-0.31833893,0.090727784,1.0,1
ENSG00000158711,1.3067286,0.9444827,0.6373168,1.0,0.14110124,-0.31833893,0.20386785,1.0,1
ENSG00000159479,1.3488197,1.3298045,1.0,1.0,0.19448571,0.17036858,0.02346525,1.0,1
ENSG00000159479,1.3412597,1.3298045,1.0,1.0,0.18489727,0.17036858,0.027430695,1.0,1
ENSG00000159479,1.3420551,1.3298045,1.0,1.0,0.1859061,0.17036858,0.027897347,1.0,1
ENSG00000187796,1.2905152,1.1775365,1.0,1.0,0.12053759,-0.02275445,-0.017556023,1.0,1
ENSG00000187796,1.2875412,1.1775365,1.0,1.0,0.116765484,-0.02275445,-0.024890285,1.0,1
ENSG00000170324,1.239583,0.079181194,1.0,1.0,0.055939727,-1.4158093,0.046597395,1.0,1
ENSG00000139613,1.2934065,1.6319509,1.0,1.0,0.1242047,0.55358374,0.0056895576,1.0,1
ENSG00000139613,1.2834375,1.6319509,0.607096,0.96204376,0.111560926,0.55358374,0.12631506,1.0371826,1
ENSG00000139613,1.2831004,1.6319509,1.0,0.35400516,0.11113321,0.55358374,0.04579746,-0.52316713,1
ENSG00000111319,1.2384578,-0.61978865,1.0,1.0,0.054512694,-2.3023198,-0.014651582,1.0,1
ENSG00000111319,1.2309859,-0.61978865,1.0,1.0,0.04503599,-2.3023198,-0.019207653,1.0,1
ENSG00000111319,1.2245102,-0.61978865,1.0,1.0,0.03682278,-2.3023198,-0.021096546,1.0,1
ENSG00000114812,1.2530451,-0.61978865,0.6206136,1.0,0.0730138,-2.3023198,0.16100393,1.0,1
ENSG00000198952,1.3086069,1.5755342,1.0,1.0,0.14348339,0.48202997,-0.016596183,1.0,1
ENSG00000198952,1.3054477,1.5755342,1.0,1.0,0.13947663,0.48202997,0.061608262,1.0,1
ENSG00000198952,1.3060589,1.5755342,1.0,1.0,0.14025185,0.48202997,0.016951893,1.0,1
ENSG00000156535,1.2270881,-0.88605666,1.0,1.0,0.040092338,-2.64003,0.1506047,1.0,1
ENSG00000133321,1.2495043,-0.30980396,1.0,1.0,0.0685231,-1.909163,0.122968525,1.0,1
ENSG00000133321,1.2511505,-0.30980396,1.0,1.0,0.07061095,-1.909163,0.12202853,1.0,1
ENSG00000130304,1.2907548,0.117271304,1.0,1.0,0.12084151,-1.3674992,0.025761427,1.0,1
ENSG00000122483,1.3208008,1.2400497,1.0,1.0,0.15894905,0.05653175,0.0050858483,1.0,1
ENSG00000122483,1.3160666,1.2400497,1.0,1.0,0.15294474,0.05653175,-0.011490662,1.0,1
ENSG00000172057,1.3184458,1.5855734,1.0,1.0,0.1559623,0.49476293,0.031488236,1.0,1
ENSG00000205236,1.2328982,-0.72124636,1.0,1.0,0.04746136,-2.4309995,-0.01635987,1.0,1
ENSG00000086061,1.2999731,2.133858,1.0,1.0,0.13253322,1.1901577,0.060097955,1.0,1
ENSG00000086061,1.2939453,2.133858,0.5970254,1.0,0.12488805,1.1901577,0.100471914,1.0,1
ENSG00000086061,1.2949798,2.133858,0.58643824,1.0,0.12620011,1.1901577,0.07330307,1.0,1
ENSG00000047315,1.298139,2.1932638,0.61214674,1.0,0.13020696,1.2655025,0.13927628,1.0,1
ENSG00000047315,1.307945,2.1932638,0.582254,1.0,0.14264405,1.2655025,0.062565476,1.0,1
ENSG00000047315,1.2998781,2.1932638,0.60120994,1.0,0.13241266,1.2655025,0.11121017,1.0,1
ENSG00000047315,1.3034463,2.1932638,1.0,1.0,0.13693818,1.2655025,-0.07238154,1.0,1
ENSG00000047315,1.2902799,2.1932638,1.0,1.0,0.12023906,1.2655025,0.0029618926,1.0,1
ENSG00000047315,1.3079622,2.1932638,0.58657473,1.0,0.1426658,1.2655025,0.073653325,1.0,1
ENSG00000047315,1.2998753,2.1932638,0.5879176,0.0,0.13240896,1.2655025,0.07709944,-1.4316157,1
ENSG00000047315,1.304526,2.1932638,0.60950553,0.7831654,0.13830751,1.2655025,0.13249843,0.5781446,1
ENSG00000137103,1.2604833,0.2966652,1.0,1.0,0.08244771,-1.1399722,0.06310313,1.0,1
ENSG00000137103,1.261599,0.2966652,1.0,1.0,0.08386278,-1.1399722,0.05466964,1.0,1
ENSG00000137103,1.2636057,0.2966652,0.6025867,1.0,0.08640805,-1.1399722,0.11474323,1.0,1
ENSG00000137103,1.2593513,0.2966652,1.0,1.0,0.08101204,-1.1399722,-0.0023646094,1.0,1
ENSG00000137103,1.2587495,0.2966652,1.0,1.0,0.080248855,-1.1399722,0.07366324,1.0,1
ENSG00000100403,1.2755347,1.2482185,1.0,1.0,0.10153773,0.0668923,-0.029671025,1.0,1
ENSG00000101596,1.305909,1.746712,0.58490086,1.0,0.14006174,0.6991365,0.06935787,1.0,1
ENSG00000101596,1.3179935,1.746712,1.0,1.0,0.15538855,0.6991365,0.06349604,1.0,1
ENSG00000101596,1.3176934,1.746712,0.61581665,1.0,0.1550079,0.6991365,0.14869402,1.0,1
ENSG00000101596,1.3169782,1.746712,1.0,1.0,0.15410087,0.6991365,-0.010782167,1.0,1
ENSG00000101596,1.306216,1.746712,0.6115181,0.021551728,0.14045098,0.6991365,0.13766308,-1.3763096,1
ENSG00000101596,1.3148386,1.746712,1.0,0.021551728,0.15138727,0.6991365,0.056681592,-1.3763096,1
ENSG00000101596,1.3126632,1.746712,0.61724174,0.021551728,0.14862813,0.6991365,0.15235108,-1.3763096,1
ENSG00000065308,1.2960236,0.81291336,1.0,1.0,0.1275239,-0.48520958,0.0479006,1.0,1
ENSG00000156384,1.2710572,0.69810057,0.5900915,1.0,0.095858835,-0.6308278,0.08267811,1.0,1
ENSG00000067064,1.3145757,2.2841597,1.0,1.0,0.15105377,1.3807869,0.013923954,1.0,1
ENSG00000067064,1.3136652,2.2841597,1.0,1.0,0.14989895,1.3807869,-0.036704008,1.0,1
ENSG00000067064,1.3156691,2.2841597,1.0,1.0,0.15244049,1.3807869,-0.01612474,1.0,1
ENSG00000067064,1.3136845,2.2841597,1.0,0.8615303,0.14992338,1.3807869,-0.031865302,0.7792447,1
ENSG00000126562,1.2924486,0.7176705,0.5816464,1.0,0.12298977,-0.60600704,0.06100614,1.0,1
ENSG00000126562,1.305173,0.7176705,0.5986494,1.0,0.13912827,-0.60600704,0.10463929,1.0,1
ENSG00000126562,1.2990133,0.7176705,1.0,1.0,0.13131572,-0.60600704,0.051640004,1.0,1
ENSG00000119514,1.2691306,1.8222988,1.0,1.0,0.093415305,0.795004,0.03522634,1.0,1
ENSG00000204634,1.251692,-0.004364848,1.0,1.0,0.07129787,-1.5217716,-0.08700307,1.0,1
ENSG00000117139,1.2725545,1.7192483,0.6010436,1.0,0.09775784,0.6643041,0.11078325,1.0,1
ENSG00000100890,1.2937348,1.4496326,0.63743544,1.0,0.12462095,0.3223478,0.20417221,1.0,1
ENSG00000100890,1.2937348,1.4496326,0.63743544,1.0,0.12462095,0.3223478,0.20417221,1.0,1
ENSG00000100890,1.3099837,1.4496326,1.0,1.0,0.14522967,0.3223478,0.074480705,1.0,1
ENSG00000100890,1.3012159,1.4496326,0.61905736,1.0,0.13410935,0.3223478,0.15701035,1.0,1
ENSG00000100890,1.2970494,1.4496326,0.61842066,0.83262885,0.1288249,0.3223478,0.15537646,0.7050779,1
ENSG00000120899,1.2787704,1.3609719,0.6058982,1.0,0.10564165,0.20989846,0.12324123,1.0,1
ENSG00000120899,1.2858944,1.3609719,1.0,1.0,0.11467703,0.20989846,0.032459684,1.0,1
ENSG00000120899,1.2689455,1.3609719,0.61473584,0.8305932,0.09318052,0.20989846,0.14592037,0.6998541,1
ENSG00000091483,1.3208112,2.2148967,1.0,1.0,0.15896222,1.2929399,0.09020182,1.0,1
ENSG00000091483,1.3201767,2.2148967,1.0,1.0,0.15815765,1.2929399,0.042252637,1.0,1
ENSG00000091483,1.308025,2.2148967,1.0,1.0,0.14274539,1.2929399,-0.00065705925,1.0,1
ENSG00000011052,1.3243142,1.043755,1.0,1.0,0.16340527,-0.19243069,0.07279616,1.0,1
ENSG00000011052,1.3286675,1.043755,1.0,1.0,0.1689266,-0.19243069,0.041554052,1.0,1
ENSG00000011052,1.3204725,1.043755,0.5769219,0.0,0.15853271,-0.19243069,0.048882183,-1.4316157,1
ENSG00000076984,1.3350905,1.0831442,1.0,1.0,0.17707291,-0.1424732,-0.03363179,1.0,1
ENSG00000076984,1.3331006,1.0831442,1.0,1.0,0.17454907,-0.1424732,-0.03513628,1.0,1
ENSG00000076984,1.3308473,1.0831442,1.0,0.7260869,0.17169113,-0.1424732,0.021453213,0.43166977,1
ENSG00000076984,1.3363822,1.0831442,0.6171624,0.06877729,0.17871116,-0.1424732,0.15214753,-1.2551193,1
ENSG00000166949,1.2880532,1.1658376,1.0,1.0,0.11741496,-0.037592247,0.01987579,1.0,1
ENSG00000166949,1.2880532,1.1658376,1.0,1.0,0.11741496,-0.037592247,0.01987579,1.0,1
ENSG00000166949,1.2827009,1.1658376,1.0,1.0,0.11062655,-0.037592247,0.052397892,1.0,1
ENSG00000166949,1.2762166,1.1658376,1.0,1.0,0.10240252,-0.037592247,0.028863607,1.0,1
ENSG00000166949,1.2929364,1.1658376,1.0,1.0,0.12360842,-0.037592247,0.04837889,1.0,1
ENSG00000166949,1.2801157,1.1658376,1.0,1.0,0.10734779,-0.037592247,0.010968275,1.0,1
ENSG00000160284,1.2968705,1.06032,1.0,1.0,0.12859803,-0.17142126,0.036958754,1.0,1
ENSG00000160284,1.2962061,1.06032,0.6200968,0.02282703,0.12775536,-0.17142126,0.15967779,-1.373037,1
ENSG00000103479,1.3069738,1.8020892,1.0,1.0,0.14141221,0.769372,0.05350852,1.0,1
ENSG00000103479,1.2940843,1.8020892,0.610596,0.47381485,0.12506425,0.769372,0.13529678,-0.21571133,1
ENSG00000140395,1.3287297,2.1770167,1.0,1.0,0.16900545,1.2448962,0.07138915,1.0,1
ENSG00000140395,1.3273014,2.1770167,0.5871744,1.0,0.16719386,1.2448962,0.07519218,1.0,1
ENSG00000140395,1.321698,2.1770167,1.0,1.0,0.16008703,1.2448962,0.0523939,1.0,1
ENSG00000140395,1.3288417,2.1770167,1.0,1.0,0.16914742,1.2448962,-0.05093729,1.0,1
ENSG00000140395,1.3226354,2.1770167,1.0,1.0,0.16127595,1.2448962,0.030717622,1.0,1
ENSG00000140395,1.3308234,2.1770167,1.0,1.0,0.17166084,1.2448962,0.044371527,1.0,1
ENSG00000140395,1.3332146,2.1770167,1.0,1.0,0.17469376,1.2448962,0.032392267,1.0,1
ENSG00000140395,1.3342849,2.1770167,1.0,1.0,0.17605117,1.2448962,0.028968275,1.0,1
ENSG00000140395,1.3271914,2.1770167,1.0,1.0,0.16705434,1.2448962,0.052444328,1.0,1
ENSG00000140395,1.314489,2.1770167,0.59597415,1.0,0.15094377,1.2448962,0.09777412,1.0,1
ENSG00000117713,1.2797649,1.198657,1.0,1.0,0.10690286,0.0040329993,0.050489444,1.0,1
ENSG00000117713,1.2746311,1.198657,1.0,1.0,0.10039168,0.0040329993,0.010910697,1.0,1
ENSG00000146109,1.3034916,1.5653754,1.0,1.0,0.1369957,0.4691456,0.12348659,1.0,1
ENSG00000035499,1.2993355,1.7120601,0.5897857,1.0,0.13172437,0.65518713,0.08189331,1.0,1
ENSG00000035499,1.3075745,1.7120601,1.0,0.7638972,0.14217402,0.65518713,-0.052036498,0.52869844,1
ENSG00000035499,1.2828566,1.7120601,0.57924116,0.014558315,0.110824086,0.65518713,0.054833863,-1.3942561,1
ENSG00000035499,1.3023651,1.7120601,0.58759016,0.0019924045,0.13556688,0.65518713,0.07625912,-1.4265028,1
ENSG00000114554,1.2286651,1.5731038,0.54990387,1.0,0.04209244,0.47894743,-0.020451538,1.0,1
ENSG00000114554,1.23361,1.5731038,1.0,1.0,0.048364148,0.47894743,0.067769416,1.0,1
ENSG00000139629,1.241973,0.79379034,1.0,1.0,0.058971006,-0.5094634,-0.005551692,1.0,1
ENSG00000139629,1.2520931,0.79379034,1.0,1.0,0.07180637,-0.5094634,-0.019992266,1.0,1
ENSG00000139629,1.2568048,0.79379034,1.0,0.89329267,0.07778233,-0.5094634,-0.015508901,0.8607534,1
ENSG00000184232,1.2624639,0.79098845,1.0,1.0,0.08495994,-0.5130171,0.01287741,1.0,1
ENSG00000184232,1.2606478,0.79098845,1.0,1.0,0.082656346,-0.5130171,-0.060589623,1.0,1
ENSG00000096654,1.3019266,1.0017337,0.6096928,1.0,0.13501081,-0.24572685,0.13297895,1.0,1
ENSG00000067182,1.2784836,1.351603,1.0,1.0,0.10527782,0.1980159,0.010020105,1.0,1
ENSG00000067182,1.2806362,1.351603,1.0,0.9922929,0.10800788,0.1980159,-0.022815797,1.1148078,1
ENSG00000067182,1.2791859,1.351603,1.0,0.9961315,0.10616844,0.1980159,-0.035395358,1.1246586,1
ENSG00000141428,1.3069005,1.6324573,0.59918725,1.0,0.14131925,0.5542261,0.1060196,1.0,1
ENSG00000141428,1.3069005,1.6324573,0.59918725,1.0,0.14131925,0.5542261,0.1060196,1.0,1
ENSG00000141428,1.3079724,1.6324573,1.0,1.0,0.14267878,0.5542261,-0.005806148,1.0,1
ENSG00000131148,1.313608,1.5896145,0.60526824,1.0,0.14982651,0.49988818,0.12162472,1.0,1
ENSG00000131148,1.3121864,1.5896145,1.0,0.9720955,0.14802328,0.49988818,0.023009248,1.0629773,1
ENSG00000090932,1.2236013,0.2718416,1.0,1.0,0.03567004,-1.1714562,0.059497178,1.0,1
ENSG00000007168,1.2744273,1.6084191,1.0,1.0,0.10013306,0.52373815,-0.059805144,1.0,1
ENSG00000007168,1.2740319,1.6084191,1.0,1.0,0.09963165,0.52373815,-0.018900793,1.1345859,1
ENSG00000146757,1.2792227,0.9479236,0.6288319,0.8916913,0.106215194,-0.31397474,0.1820938,0.85664415,1
ENSG00000146757,1.2793422,0.9479236,0.6268454,0.05806449,0.10636672,-0.31397474,0.17699598,-1.2826105,1
ENSG00000146757,1.2700967,0.9479236,1.0,0.3333333,0.094640605,-0.31397474,-0.06318106,-0.5762152,1
ENSG00000146757,1.2697667,0.9479236,1.0,0.9852459,0.09422203,-0.31397474,-0.059051584,1.0967239,1
ENSG00000114790,1.2266394,-0.9208188,1.0,1.0,0.039523218,-2.6841192,0.030430175,1.0,1
ENSG00000107164,1.3328825,1.4774107,1.0,1.0,0.17427246,0.35757893,0.01486906,1.0,1
ENSG00000107164,1.338108,1.4774107,1.0,1.0,0.18089992,0.35757893,0.026643455,1.0,1
ENSG00000107164,1.3195391,1.4774107,0.58682555,1.0,0.15734883,0.35757893,0.07429701,1.0,1
ENSG00000107164,1.3016331,1.4774107,0.5791199,1.0,0.1346385,0.35757893,0.054522816,1.0,1
ENSG00000168610,1.321813,1.9132838,1.0,1.0,0.1602329,0.9104012,0.008698203,1.0,1
ENSG00000168610,1.3182759,1.9132838,0.585537,1.0,0.15574686,0.9104012,0.0709904,1.0,1
ENSG00000168610,1.3249214,1.9132838,1.0,1.0,0.16417533,0.9104012,0.0053225197,1.0,1
ENSG00000168610,1.3238356,1.9132838,0.59612226,1.0,0.16279824,0.9104012,0.0981542,1.0,1
ENSG00000168610,1.3099452,1.9132838,0.5968174,0.99242425,0.14518082,0.9104012,0.099937946,1.115145,1
ENSG00000168610,1.3146334,1.9132838,0.5785896,0.9997371,0.15112682,0.9104012,0.053161915,1.1339113,1
ENSG00000162642,1.2927629,1.4671639,0.6005304,1.0,0.12338831,0.34458292,0.1094664,1.0,1
ENSG00000162642,1.2838389,1.4671639,1.0,0.4226557,0.112069935,0.34458292,-0.010419991,-0.34699595,1
ENSG00000181523,1.263722,0.45178646,1.0,1.0,0.08655535,-0.9432304,0.060251307,1.0,1
ENSG00000181523,1.2645512,0.45178646,1.0,0.58288765,0.087607145,-0.9432304,-0.01859923,0.06419162,1
ENSG00000095564,1.2918392,1.7922516,0.6037144,1.0,0.122216806,0.75689477,0.11763723,1.0,1
ENSG00000095564,1.2979009,1.7922516,1.0,1.0,0.12990499,0.75689477,0.04448532,1.0,1
ENSG00000095564,1.2974608,1.7922516,1.0,1.0,0.1293468,0.75689477,0.02820186,1.0,1
ENSG00000164896,1.3199693,1.6710802,1.0,1.0,0.15789449,0.60321194,0.06735964,1.0,1
ENSG00000164896,1.322953,1.6710802,1.0,0.9910394,0.16167866,0.60321194,0.11439125,1.1115912,1
ENSG00000117877,1.3067929,0.8530895,1.0,1.0,0.14118265,-0.43425375,0.08759406,1.0,1
ENSG00000101199,1.2853451,1.7181695,1.0,1.0,0.11398018,0.6629356,-0.018403377,1.0,1
ENSG00000101199,1.2869741,1.7181695,0.6114481,0.9925047,0.11604627,0.6629356,0.13748348,1.1153514,1
ENSG00000101199,1.2922518,1.7181695,1.0,0.952922,0.12274018,0.6629356,0.04712706,1.0137744,1
ENSG00000101199,1.2921481,1.7181695,0.6114969,0.011111081,0.12260866,0.6629356,0.13760877,-1.4031024,1
ENSG00000101199,1.2861292,1.7181695,0.61955225,0.01296407,0.11497477,0.6629356,0.15828039,-1.3983474,1
ENSG00000134970,1.2991335,1.4878451,1.0,1.0,0.13146825,0.37081304,-0.010225493,1.0,1
ENSG00000088356,1.2969326,1.3184807,0.62183636,1.0,0.12867686,0.1560065,0.16414177,1.0,1
ENSG00000088356,1.3142086,1.3184807,1.0,1.0,0.15058818,0.1560065,0.11961827,1.0,1
ENSG00000088356,1.3058442,1.3184807,1.0,1.0,0.1399795,0.1560065,0.055836987,1.0,1
ENSG00000168894,1.3333839,2.50737,1.0,1.0,0.17490846,1.6638865,0.05735294,1.0,1
ENSG00000169682,1.2771493,1.11294,0.6002071,1.0,0.103585474,-0.104682855,0.10863669,1.0,1
ENSG00000169682,1.2941062,1.11294,0.59606975,1.0,0.12509213,-0.104682855,0.09801945,1.1345859,1
ENSG00000169682,1.2813206,1.11294,1.0,0.928494,0.10887598,-0.104682855,0.10412499,0.9510872,1
ENSG00000008394,1.2597631,1.8624295,1.0,1.0,0.08153437,0.84590214,0.052944552,1.0,1
ENSG00000008394,1.2592958,1.8624295,1.0,0.9928534,0.080941774,0.84590214,-0.020485163,1.1162465,1
ENSG00000008394,1.248904,1.8624295,0.61425996,0.0021577477,0.06776168,0.84590214,0.14469925,-1.4260786,1
ENSG00000101132,1.346947,1.6816933,0.6279923,1.0,0.19211055,0.6166727,0.17993908,1.0,1
ENSG00000101132,1.3478248,1.6816933,1.0,1.0,0.1932239,0.6166727,0.061954137,1.0,1
ENSG00000181135,1.2624859,0.5352941,1.0,1.0,0.08498768,-0.8373168,-0.014376983,1.0,1
ENSG00000167657,1.2725931,1.3261309,1.0,1.0,0.09780687,0.16570936,0.03904566,1.0,1
ENSG00000185344,1.2905016,1.8576941,1.0,1.0,0.12052032,0.8398963,0.04986411,1.0,1
ENSG00000185344,1.2938161,1.8576941,0.6041937,1.0,0.124724194,0.8398963,0.118867084,1.0,1
ENSG00000166268,1.2521164,-0.9586072,1.0,1.0,0.071836025,-2.7320466,0.17057672,1.0,1
ENSG00000164010,1.3227179,1.2005769,0.5965307,1.0,0.16138057,0.006467951,0.09920223,1.0,1
ENSG00000239713,1.2458863,0.88930166,1.0,1.0,0.06393437,-0.38832548,-0.017473228,1.0,1
ENSG00000239713,1.2458863,0.88930166,1.0,1.0,0.06393437,-0.38832548,-0.017473228,1.0,1
ENSG00000239713,1.2306403,0.88930166,1.0,1.0,0.044597678,-0.38832548,-0.02407803,1.0,1
ENSG00000239713,1.2424737,0.88930166,1.0,1.0,0.05960613,-0.38832548,0.07051993,1.0,1
ENSG00000239713,1.2329458,0.88930166,1.0,1.0,0.047521707,-0.38832548,-0.04131495,1.0,1
ENSG00000239713,1.2225142,0.88930166,1.0,0.94386995,0.03429125,-0.38832548,-0.020520318,0.99054503,1
ENSG00000151208,1.2748951,0.91698,1.0,1.0,0.10072648,-0.35322076,-0.016830213,1.0,1
ENSG00000151208,1.2699778,0.91698,1.0,0.5102362,0.09448983,-0.35322076,0.042261504,-0.12224673,1
ENSG00000151208,1.2738352,0.91698,0.6027804,0.037037015,0.099382184,-0.35322076,0.11524038,-1.3365712,1
ENSG00000072135,1.314177,1.6394864,1.0,1.0,0.15054812,0.5631413,0.042130057,1.0,1
ENSG00000072135,1.3162943,1.6394864,0.6099383,1.0,0.15323348,0.5631413,0.13360909,1.0,1
ENSG00000072135,1.3144307,1.6394864,1.0,1.0,0.1508699,0.5631413,0.044123646,1.0,1
ENSG00000155368,1.3178465,2.024034,0.59622157,1.0,0.15520214,1.0508666,0.098409005,1.0,1
ENSG00000155368,1.3073952,2.024034,1.0,0.00058466196,0.14194673,1.0508666,-0.01372898,-1.4301153,1
ENSG00000155368,1.3162378,2.024034,1.0,0.004561782,0.15316185,1.0508666,0.058612745,-1.4199094,1
ENSG00000155368,1.3092442,2.024034,1.0,0.0,0.1442917,1.0508666,0.077837884,-1.4316157,1
ENSG00000174928,1.2769705,0.71180725,0.58720994,1.0,0.10335872,-0.6134435,0.075283475,1.0,1
ENSG00000186994,1.2559931,-0.7958801,1.0,1.0,0.07675282,-2.5256581,-0.013793264,1.0,1
ENSG00000229809,1.3021231,0.2718416,1.0,1.0,0.13526,-1.1714562,0.01624186,1.0,1
ENSG00000229809,1.2980669,0.2718416,0.6007432,1.0,0.13011537,-1.1714562,0.11001243,1.0,1
ENSG00000100209,1.2920474,0.91698,0.5826985,1.0,0.12248082,-0.35322076,0.063706234,1.0,1
ENSG00000100209,1.302001,0.91698,0.61929667,1.0,0.13510506,-0.35322076,0.15762436,1.0,1
ENSG00000129315,1.3092096,1.5712428,1.0,1.0,0.14424786,0.4765872,0.06997448,1.0,1
ENSG00000129315,1.3053766,1.5712428,1.0,0.6581071,0.1393865,0.4765872,0.044758674,0.2572198,1
ENSG00000171953,1.2789474,0.9609462,0.58120126,1.0,0.10586604,-0.29745808,0.059863947,1.0,1
ENSG00000171953,1.2942034,0.9609462,1.0,0.9010416,0.12521537,-0.29745808,0.012336846,0.88063884,1
ENSG00000171953,1.3010669,0.9609462,0.6138036,0.8753623,0.13392036,-0.29745808,0.14352815,0.8147405,1
ENSG00000137747,1.2363764,-0.4559319,1.0,1.0,0.051872797,-2.0944986,-0.030936401,1.0,1
ENSG00000137747,1.2385161,-0.4559319,1.0,1.0,0.054586582,-2.0944986,0.08600044,1.0,1
ENSG00000137747,1.242064,-0.4559319,0.5874073,1.0,0.05908651,-2.0944986,0.07578991,1.0,1
ENSG00000137747,1.24331,-0.4559319,1.0,1.0,0.06066679,-2.0944986,-0.03855027,1.0,1
ENSG00000137747,1.2349452,-0.4559319,1.0,1.0,0.050057624,-2.0944986,0.08842447,1.0,1
ENSG00000137747,1.2430611,-0.4559319,0.5950318,1.0,0.06035107,-2.0944986,0.09535594,1.0,1
ENSG00000137747,1.2349339,-0.4559319,1.0,1.0,0.050043136,-2.0944986,0.033814207,1.0,1
ENSG00000137747,1.2381105,-0.4559319,1.0,1.0,0.054072224,-2.0944986,0.11948496,1.0,1
ENSG00000137747,1.2440697,-0.4559319,1.0,1.0,0.06163034,-2.0944986,0.11142525,1.0,1
ENSG00000137747,1.2440697,-0.4559319,1.0,1.0,0.06163034,-2.0944986,0.11142525,1.0,1
ENSG00000137747,1.2412711,-0.4559319,0.5980842,1.0,0.058080785,-2.0944986,0.10318902,1.0,1
ENSG00000137747,1.2412711,-0.4559319,0.5980842,1.0,0.058080785,-2.0944986,0.10318902,1.0,1
ENSG00000163686,1.2620748,0.49968714,1.0,1.0,0.08446635,-0.8824775,0.08735131,1.0,1
ENSG00000163686,1.2487689,0.49968714,1.0,0.39999998,0.067590296,-0.8824775,-0.0035871565,-0.4051351,1
ENSG00000100767,1.2441193,0.4593925,1.0,1.0,0.061693143,-0.93358356,0.11368959,1.0,1
ENSG00000100767,1.2406589,0.4593925,1.0,1.0,0.057304345,-0.93358356,-0.077947944,1.0,1
ENSG00000100767,1.2362913,0.4593925,1.0,1.0,0.051764894,-0.93358356,-0.061312605,1.0,1
ENSG00000100767,1.2379823,0.4593925,1.0,1.0,0.053909577,-0.93358356,-0.0891127,1.0,1
ENSG00000100767,1.243337,0.4593925,1.0,1.0,0.06070105,-0.93358356,0.124004036,1.0,1
ENSG00000100767,1.2250091,0.4593925,1.0,1.0,0.037455585,-0.93358356,0.0037879944,1.0,1
ENSG00000100767,1.2314117,0.4593925,1.0,1.0,0.04557602,-0.93358356,0.003620956,1.0,1
ENSG00000100767,1.2389421,0.4593925,1.0,0.0,0.055127032,-0.93358356,0.1303603,-1.4316157,1
ENSG00000100767,1.2392579,0.4593925,1.0,0.005988002,0.055527445,-0.93358356,0.124362186,-1.4162493,1
ENSG00000105248,1.348444,1.0464952,1.0,1.0,0.19400917,-0.18895547,0.049671065,1.0,1
ENSG00000147601,1.2940274,1.1625644,1.0,1.0,0.124992184,-0.041743703,0.0910434,1.0,1
ENSG00000147601,1.2717377,1.1625644,0.61384135,0.3903846,0.096721895,-0.041743703,0.14362502,-0.4298101,1
ENSG00000174437,1.292354,1.717504,0.5810397,1.0,0.12286978,0.66209173,0.059449457,1.0,1
ENSG00000174437,1.3049635,1.717504,1.0,1.0,0.13886252,0.66209173,-0.0014367998,1.0,1
ENSG00000174437,1.2968102,1.717504,0.58418137,0.9757875,0.1285215,0.66209173,0.06751144,1.0724518,1
ENSG00000174437,1.2975805,1.717504,1.0,0.03964758,0.12949848,0.66209173,-0.012999035,-1.329872,1
ENSG00000101049,1.235116,-0.26760626,1.0,1.0,0.05027429,-1.8556433,0.0026895702,1.0,1
ENSG00000101049,1.2560107,-0.26760626,1.0,1.0,0.076775104,-1.8556433,-0.018999834,1.0,1
ENSG00000129250,1.2753675,1.2489536,1.0,1.0,0.101325616,0.06782458,0.020432085,1.0,1
ENSG00000114796,1.2712299,1.1306553,1.0,1.0,0.096077755,-0.08221427,0.08186537,1.0,1
ENSG00000114796,1.2669199,1.1306553,1.0,0.41439474,0.090611316,-0.08221427,0.08484325,-0.36819524,1
ENSG00000177791,1.2240138,-0.7958801,1.0,1.0,0.036193226,-2.5256581,0.017431293,1.0,1
ENSG00000177791,1.2397804,-0.7958801,1.0,1.0,0.056190167,-2.5256581,-0.03793205,1.0,1
ENSG00000177791,1.2416047,-0.7958801,1.0,1.0,0.05850394,-2.5256581,0.11271292,1.0,1
ENSG00000154174,1.2920045,1.5732198,1.0,1.0,0.12242638,0.47909462,-0.071685135,1.0,1
ENSG00000154174,1.2851838,1.5732198,0.6029775,1.0,0.11377565,0.47909462,0.115746185,1.0,1
ENSG00000154174,1.2840848,1.5732198,0.5990097,1.0,0.112381846,0.47909462,0.10556397,1.0,1
ENSG00000154174,1.2908516,1.5732198,1.0,1.0,0.12096427,0.47909462,-0.051027577,1.0,1
ENSG00000154174,1.3068897,1.5732198,1.0,1.0,0.14130539,0.47909462,0.041657943,1.0,1
ENSG00000154174,1.2847015,1.5732198,0.59205055,1.0,0.11316392,0.47909462,0.087705314,1.0,1
ENSG00000154174,1.2869812,1.5732198,0.59997094,1.0,0.116055466,0.47909462,0.10803065,1.0,1
ENSG00000154174,1.2867266,1.5732198,1.0,1.0,0.115732394,0.47909462,-0.077293485,1.0,1
ENSG00000171747,1.2412407,-0.49484992,1.0,1.0,0.058042325,-2.1438587,0.015089788,1.0,1
ENSG00000171747,1.2404065,-0.49484992,1.0,1.0,0.056984175,-2.1438587,0.04087338,1.0,1
ENSG00000171747,1.2460874,-0.49484992,0.5836165,1.0,0.06418944,-2.1438587,0.06606185,1.0,1
ENSG00000130638,1.2564716,2.1444185,1.0,1.0,0.077359796,1.2035515,0.019993369,1.0,1
ENSG00000130638,1.2636154,2.1444185,1.0,1.0,0.086420335,1.2035515,-0.00751698,1.0,1
ENSG00000130638,1.2718903,2.1444185,0.61875343,0.9950372,0.09691543,1.2035515,0.1562303,1.1218504,1
ENSG00000115310,1.2824146,2.0535777,1.0,1.0,0.11026348,1.0883373,0.039738767,1.0,1
ENSG00000115310,1.2888107,2.0535777,0.6002978,0.42436975,0.11837577,1.0883373,0.1088696,-0.3425974,1
ENSG00000115310,1.2895831,2.0535777,1.0,0.13550937,0.119355306,1.0883373,0.062702745,-1.0838714,1
ENSG00000172954,1.2832477,1.2013971,1.0,0.022134423,0.1113202,0.007508216,-0.026066419,-1.3748144,1
ENSG00000172954,1.2831446,1.2013971,0.62638545,0.046831965,0.11118943,0.007508216,0.17581573,-1.3114355,1
ENSG00000196943,1.2683616,0.94939,1.0,1.0,0.092439964,-0.3121149,0.065537356,1.0,1
ENSG00000113073,1.2187996,-0.8239088,1.0,1.0,0.029579982,-2.5612073,0.07060556,1.0,1
ENSG00000113073,1.2267945,-0.8239088,1.0,1.0,0.03971989,-2.5612073,0.0137974955,1.0,1
ENSG00000105835,1.3039709,1.8743658,0.6003674,1.0,0.13760366,0.86104107,0.10904825,1.0,1
ENSG00000105835,1.3111655,1.8743658,1.0,1.0,0.14672852,0.86104107,0.0346157,1.0,1
ENSG00000119729,1.2902123,1.2372923,1.0,1.0,0.12015331,0.05303447,0.07465787,1.0,1
ENSG00000119729,1.3000919,1.2372923,1.0,1.0,0.13268371,0.05303447,0.01777016,1.0,1
ENSG00000108733,1.302748,0.95085144,0.62183636,1.0,0.13605249,-0.3102613,0.16414174,1.0,1
ENSG00000104894,1.2755935,0.51587385,0.5833127,1.0,0.1016122,-0.8619477,0.065282315,1.0,1
ENSG00000136938,1.3394414,2.042536,0.5998403,1.0,0.18259114,1.0743331,0.10769537,1.0,1
ENSG00000113712,1.34325,2.1002326,1.0,1.0,0.1874217,1.1475102,-0.009119619,1.0,1
ENSG00000113712,1.3535893,2.1002326,1.0,1.0,0.20053504,1.1475102,-0.0011458136,1.0,1
ENSG00000113712,1.3482944,2.1002326,0.5929479,1.0,0.19381945,1.1475102,0.090008214,1.0,1
ENSG00000070610,1.2675586,1.5948343,1.0,1.0,0.09142144,0.5065085,0.027752684,1.0,1
ENSG00000176946,1.2784913,1.3666097,1.0,1.0,0.10528752,0.21704897,-0.0071698464,1.0,1
ENSG00000176946,1.2917491,1.3666097,0.5826744,1.0,0.12210251,0.21704897,0.063644245,1.0,1
ENSG00000176946,1.2823037,1.3666097,0.6037007,1.0,0.11012285,0.21704897,0.11760199,1.0,1
ENSG00000135845,1.2847793,1.6721902,1.0,1.0,0.1132627,0.6046198,0.05441008,1.0,1
ENSG00000197498,1.3294766,1.820858,1.0,1.0,0.1699527,0.79317653,0.07272017,1.0,1
ENSG00000197498,1.3204017,1.820858,0.5952238,0.7847278,0.15844281,0.79317653,0.095848575,0.58215415,1
ENSG00000125735,1.2190502,-0.4317981,1.0,1.0,0.029897824,-2.0638895,0.02677549,1.0,1
ENSG00000163617,1.2687036,-0.3767506,1.0,1.0,0.092873655,-1.9940722,0.052350074,1.0,1
ENSG00000136840,1.2672813,1.1238517,1.0,1.0,0.091069825,-0.090843484,-0.005086627,1.0,1
ENSG00000136840,1.2713058,1.1238517,1.0,1.0,0.09617413,-0.090843484,0.023670563,1.0,1
ENSG00000136840,1.2805277,1.1238517,1.0,1.0,0.10787036,-0.090843484,0.073000416,1.1345859,1
ENSG00000150773,1.3036582,0.35024804,1.0,1.0,0.13720702,-1.0720125,0.021569956,1.0,1
ENSG00000113812,1.2690792,1.1055101,1.0,1.0,0.093350045,-0.11410613,0.015963167,1.0,1
ENSG00000166797,1.3318222,2.26238,1.0,1.0,0.17292766,1.3531631,-0.044922683,1.0,1
ENSG00000166797,1.3318222,2.26238,1.0,1.0,0.17292766,1.3531631,-0.044922683,1.0,1
ENSG00000166797,1.3292675,2.26238,0.5990518,0.51077485,0.16968754,1.3531631,0.1056719,-0.120864436,1
ENSG00000125166,1.2889003,1.6043341,0.5717207,1.0,0.11848928,0.51855713,0.035534866,1.0,1
ENSG00000125166,1.290502,1.6043341,1.0,1.0,0.12052076,0.51855713,-0.016396075,1.1345859,1
ENSG00000119397,1.287008,1.32695,1.0,1.0,0.11608949,0.16674817,-0.0021668077,1.0,1
ENSG00000119397,1.2891026,1.32695,1.0,1.0,0.11874597,0.16674817,-0.023346227,1.0,1
ENSG00000119397,1.292759,1.32695,0.57480115,1.0,0.12338337,0.16674817,0.043439966,1.0,1
ENSG00000137871,1.2922194,1.1401937,0.604856,1.0,0.12269906,-0.07011672,0.120566726,1.0,1
ENSG00000137871,1.2836293,1.1401937,0.6188459,0.07751939,0.11180405,-0.07011672,0.15646762,-1.2326853,1
ENSG00000137871,1.2928163,1.1401937,1.0,0.1103448,0.1234561,-0.07011672,0.05470936,-1.1484487,1
ENSG00000137871,1.3087991,1.1401937,0.58638066,0.9975278,0.14372729,-0.07011672,0.07315538,1.1282418,1
ENSG00000137871,1.3084815,1.1401937,0.5899142,0.9925926,0.14332433,-0.07011672,0.08222303,1.115577,1
ENSG00000140577,1.2868052,1.09691,1.0,1.0,0.11583216,-0.12501381,0.039464436,1.0,1
ENSG00000140577,1.2773913,1.09691,1.0,1.0,0.103892475,-0.12501381,0.07011221,1.0,1
ENSG00000164823,1.2775495,1.2819419,1.0,1.0,0.10409298,0.10966399,0.0054006577,1.0,1
ENSG00000153975,1.2793912,1.4631461,0.5918481,1.0,0.106428854,0.33948708,0.087185845,1.0,1
ENSG00000153975,1.2823641,1.4631461,1.0,1.0,0.110199556,0.33948708,-0.052767884,1.0,1
ENSG00000153975,1.2753338,1.4631461,1.0,1.0,0.1012828,0.33948708,-0.040114578,1.0,1
ENSG00000100505,1.2338815,-0.88605666,1.0,1.0,0.048708525,-2.64003,-0.07500172,1.0,1
ENSG00000148204,1.2378184,-0.552842,1.0,1.0,0.053701688,-2.2174106,-0.007081751,1.0,1
ENSG00000141582,1.2770507,0.9344984,1.0,1.0,0.103460535,-0.331002,-0.029709708,1.0,1
ENSG00000141582,1.2733966,0.9344984,1.0,1.0,0.098825835,-0.331002,-0.00030914322,1.0,1
ENSG00000141582,1.2783307,0.9344984,1.0,1.0,0.10508386,-0.331002,-0.0045496933,1.0,1
ENSG00000146592,1.2375616,-0.4089353,1.0,1.0,0.053375933,-2.0348923,-0.09383461,1.0,1
ENSG00000139626,1.2236881,0.029383779,1.0,1.0,0.035780136,-1.4789679,0.006642103,1.0,1
ENSG00000102174,1.216334,-0.9208188,1.0,1.0,0.026452776,-2.6841192,0.12394413,1.0,1
ENSG00000102174,1.2516968,-0.9208188,0.5857843,1.0,0.07130384,-2.6841192,0.07162498,1.0,1
ENSG00000105750,1.2125349,0.21484387,1.0,1.0,0.021634463,-1.243747,0.0854646,1.0,1
ENSG00000171604,1.2779939,1.5905074,0.6236872,1.0,0.10465677,0.50102067,0.1688914,1.0,1
ENSG00000171604,1.2779939,1.5905074,0.6236872,1.0,0.10465677,0.50102067,0.1688914,1.0,1
ENSG00000131446,1.2617192,1.5772619,0.6059401,1.0,0.084015325,0.48422128,0.12334883,1.0,1
ENSG00000164221,1.2781782,0.3996737,0.608137,1.0,0.104890436,-1.0093255,0.12898642,1.0,1
ENSG00000164221,1.2703496,0.3996737,1.0,1.0,0.09496142,-1.0093255,0.029619887,1.0,1
ENSG00000164221,1.2702522,0.3996737,0.6158731,1.0,0.09483781,-1.0093255,0.14883885,1.0,1
ENSG00000166200,1.3213226,1.8992183,1.0,1.0,0.15961081,0.89256185,0.0038493723,1.0,1
ENSG00000143376,1.2820004,1.0273496,1.0,1.0,0.10973824,-0.21323797,-0.015210982,1.0,1
ENSG00000143376,1.2867545,1.0273496,1.0,1.0,0.115767874,-0.21323797,0.08147542,1.0,1
ENSG00000080608,1.3026972,1.5010593,1.0,1.0,0.13598809,0.38757265,0.070465595,1.0,1
ENSG00000136240,1.2849404,2.0493731,1.0,1.0,0.11346694,1.0830045,0.03636795,1.0,1
ENSG00000136240,1.287932,2.0493731,0.605659,1.0,0.11726127,1.0830045,0.12262751,1.0,1
ENSG00000136240,1.2982484,2.0493731,0.6061914,0.7967697,0.13034567,1.0830045,0.123993695,0.613056,1
ENSG00000161202,1.2821788,1.2805784,1.0,1.0,0.109964356,0.10793457,-0.034853157,1.0,1
ENSG00000166595,1.3180486,2.0856116,1.0,1.0,0.1554584,1.1289662,0.0467157,1.0,1
ENSG00000169592,1.3288351,1.2695129,1.0,1.0,0.16913909,0.09390018,0.009311531,1.0,1
ENSG00000169592,1.3294524,1.2695129,0.575411,1.0,0.16992205,0.09390018,0.045005064,1.0,1
ENSG00000169592,1.3338884,1.2695129,1.0,0.79858655,0.17554824,0.09390018,0.02191265,0.6177184,1
ENSG00000169592,1.3220472,1.2695129,0.5869347,0.54032254,0.16053,0.09390018,0.07457711,-0.04503906,1
ENSG00000169592,1.3314589,1.2695129,1.0,0.71244633,0.17246695,0.09390018,-0.008248489,0.39666525,1
ENSG00000111644,1.2272513,1.2187979,1.0,1.0,0.0402994,0.029577916,-0.025734525,1.0,1
ENSG00000129636,1.3164911,1.7702627,0.59436333,1.0,0.15348317,0.7290061,0.09364045,1.0,1
ENSG00000077585,1.2385092,-0.67778075,1.0,1.0,0.054577835,-2.3758717,-0.04865172,1.0,1
ENSG00000174705,1.2193916,-0.8239088,1.0,1.0,0.030330714,-2.5612073,-0.059840035,1.0,1
ENSG00000204209,1.3071187,1.3378584,0.5952644,1.0,0.14159597,0.18058343,0.09595272,1.0,1
ENSG00000204209,1.3040862,1.3378584,1.0,1.0,0.13774988,0.18058343,0.06510043,1.0,1
ENSG00000204209,1.3190026,1.3378584,1.0,1.0,0.15666848,0.18058343,0.12011193,1.1345859,1
ENSG00000204209,1.3190162,1.3378584,1.0,1.0,0.15668577,0.18058343,0.10059311,1.1345859,1
ENSG00000116539,1.3164029,1.1436392,1.0,1.0,0.15337127,-0.06574669,0.101980776,1.0,1
ENSG00000116539,1.3115928,1.1436392,1.0,1.0,0.14727059,-0.06574669,0.05417896,1.0,1
ENSG00000115112,1.2385452,-0.4559319,1.0,1.0,0.05462356,-2.0944986,0.055206947,1.0,1
ENSG00000124116,1.2966466,-0.88605666,1.0,1.0,0.12831405,-2.64003,0.07254885,1.0,1
ENSG00000124116,1.2938149,-0.88605666,1.0,1.0,0.124722645,-2.64003,0.058469642,1.0,1
ENSG00000096070,1.2885486,0.8444772,1.0,1.0,0.11804332,-0.44517687,0.046280745,1.0,1
ENSG00000101266,1.3104546,1.9939649,1.0,1.0,0.14582689,1.0127299,-0.04459602,1.0,1
ENSG00000101266,1.3111663,1.9939649,0.58463466,0.9660919,0.14672954,1.0127299,0.068674654,1.047571,1
ENSG00000101266,1.3108014,1.9939649,0.6142746,0.41293532,0.14626674,1.0127299,0.14473677,-0.37194043,1
ENSG00000101266,1.3325187,1.9939649,1.0,0.8958333,0.17381106,1.0127299,0.04745555,0.8672732,1
ENSG00000041802,1.300964,1.6168954,1.0,1.0,0.13378984,0.5344888,-0.0071642883,1.0,1
ENSG00000041802,1.2998166,1.6168954,1.0,1.0,0.13233466,0.5344888,0.036007594,1.0,1
ENSG00000198874,1.2802917,1.222196,1.0,1.0,0.10757095,0.033887696,0.045314126,1.0,1
ENSG00000198874,1.2704357,1.222196,1.0,1.0,0.09507057,0.033887696,-0.0096941665,1.0,1
ENSG00000198874,1.2851232,1.222196,1.0,0.94561183,0.11369889,0.033887696,0.06912002,0.99501497,1
ENSG00000250264,1.2938031,-0.4089353,1.0,1.0,0.12470766,-2.0348923,-0.011920523,1.0,1
ENSG00000204628,1.3309145,3.5796716,0.5974503,1.0,0.17177635,3.0238972,0.10156231,1.0,1
ENSG00000204628,1.331928,3.5796716,0.58356154,1.0,0.1730619,3.0238972,0.065920874,1.0,1
ENSG00000119772,1.227767,0.5693739,1.0,1.0,0.040953446,-0.7940931,-0.03296518,1.0,1
ENSG00000119772,1.231779,0.5693739,1.0,1.0,0.046041794,-0.7940931,0.13240318,1.0,1
ENSG00000119772,1.2247691,0.5693739,1.0,0.014388502,0.037151173,-0.7940931,0.018121663,-1.394692,1
ENSG00000085231,1.3365062,1.9846623,1.0,1.0,0.17886847,1.0009311,0.004803974,1.0,1
ENSG00000085231,1.3413701,1.9846623,0.576833,1.0,0.18503742,1.0009311,0.048654083,1.0,1
ENSG00000085231,1.3373344,1.9846623,0.6179319,1.0,0.17991878,1.0009311,0.15412216,1.0,1
ENSG00000188211,1.23993,1.2657609,1.0,1.0,0.05637998,0.08914145,0.00882541,1.0,1
ENSG00000188211,1.2457919,1.2657609,1.0,1.0,0.063814625,0.08914145,0.07333094,1.0,1
ENSG00000174953,1.3016545,1.852602,1.0,1.0,0.13466562,0.83343774,0.014061552,1.0,1
ENSG00000174953,1.2992259,1.852602,1.0,0.9505882,0.13158542,0.83343774,0.025655638,1.0077853,1
ENSG00000174953,1.3027464,1.852602,1.0,0.75655574,0.13605055,0.83343774,0.07137163,0.5098589,1
ENSG00000163539,1.319397,1.7298125,0.60288525,1.0,0.15716869,0.67770267,0.11550933,1.0,1
ENSG00000162851,1.304725,1.6788824,0.59055924,1.0,0.1385601,0.6131075,0.08387846,1.0,1
ENSG00000204130,1.3207877,1.0232525,1.0,1.0,0.15893246,-0.21843442,-0.025595512,1.0,1
ENSG00000204130,1.3044804,1.0232525,1.0,1.0,0.13824989,-0.21843442,0.052519545,1.0,1
ENSG00000182871,1.2689002,0.9375179,1.0,1.0,0.09312308,-0.32717243,-0.040635187,1.0,1
ENSG00000169689,1.3422483,2.1456003,1.0,1.0,0.18615125,1.2050505,-0.0142161995,1.0,1
ENSG00000169689,1.3410207,2.1456003,1.0,1.0,0.18459421,1.2050505,-0.008538172,1.0,1
ENSG00000169689,1.3475982,2.1456003,1.0,1.0,0.19293645,1.2050505,0.024024207,1.0,1
ENSG00000169689,1.3390998,2.1456003,1.0,1.0,0.18215787,1.2050505,0.0063268766,1.0,1
ENSG00000169689,1.3476634,2.1456003,1.0,1.0,0.19301914,1.2050505,0.048015703,1.0,1
ENSG00000169689,1.3403856,2.1456003,0.59236,1.0,0.18378869,1.2050505,0.08849959,1.0,1
ENSG00000169689,1.3403856,2.1456003,0.59236,1.0,0.18378869,1.2050505,0.08849959,1.0,1
ENSG00000169689,1.3348839,2.1456003,1.0,1.0,0.17681094,1.2050505,0.04467055,1.0,1
ENSG00000169689,1.3380951,2.1456003,0.60405385,0.16596738,0.18088354,1.2050505,0.118508294,-1.00571,1
ENSG00000169689,1.3381971,2.1456003,1.0,0.70225513,0.18101308,1.2050505,0.023381267,0.37051255,1
ENSG00000182670,1.3128669,1.6168954,0.5853985,1.0,0.14888643,0.5344888,0.07063489,1.0,1
ENSG00000182670,1.3105677,1.6168954,1.0,0.7588235,0.14597046,0.5344888,-0.010771979,0.5156784,1
ENSG00000137692,1.3276756,2.011232,1.0,1.0,0.1676684,1.0346298,0.036586616,1.0,1
ENSG00000137692,1.325041,2.011232,0.5942279,1.0,0.16432711,1.0346298,0.09329301,1.1345859,1
ENSG00000164332,1.3171077,1.2669369,0.5909762,1.0,0.15426502,0.090632975,0.084948376,1.0,1
ENSG00000164332,1.326607,1.2669369,0.596356,1.0,0.16631317,0.090632975,0.09875403,1.0,1
ENSG00000168818,1.2916545,1.2655253,1.0,1.0,0.12198256,0.08884266,-0.012243811,1.0,1
ENSG00000136521,1.3389676,1.9242792,0.5980406,1.0,0.18199016,0.9243468,0.103076965,1.0,1
ENSG00000136521,1.3277751,1.9242792,0.615237,0.942135,0.16779469,0.9243468,0.14720641,0.9860927,1
ENSG00000136521,1.329545,1.9242792,0.60671216,0.9613762,0.17003947,0.9243468,0.12533002,1.0354695,1
ENSG00000136521,1.3113604,1.9242792,0.58616394,0.5506329,0.14697562,0.9243468,0.07259919,-0.018580673,1
ENSG00000136521,1.3322519,1.9242792,0.6177316,0.99719924,0.17347267,0.9243468,0.15360802,1.1273986,1
ENSG00000164362,1.2450197,0.24551266,0.56164485,1.0,0.062835164,-1.2048495,0.009678308,1.0,1
ENSG00000186642,1.2577901,0.8954225,1.0,1.0,0.07903205,-0.38056237,-0.06343791,1.0,1
ENSG00000134765,1.2292712,-0.9586072,1.0,1.0,0.04286112,-2.7320466,0.0857423,1.0,1
ENSG00000134765,1.2431977,-0.9586072,0.589714,1.0,0.060524356,-2.7320466,0.081709355,1.0,1
ENSG00000134765,1.22547,-0.9586072,1.0,1.0,0.038040053,-2.7320466,0.018116686,1.0,1
ENSG00000134765,1.2348499,-0.9586072,1.0,1.0,0.04993674,-2.7320466,0.039442115,1.0,1
ENSG00000134765,1.2395124,-0.9586072,1.0,1.0,0.055850226,-2.7320466,0.15864074,1.0,1
ENSG00000134765,1.2315749,-0.9586072,1.0,1.0,0.04578298,-2.7320466,-0.010033842,1.0,1
ENSG00000107821,1.2609943,0.6364879,1.0,1.0,0.083095916,-0.70897174,0.045124743,1.0,1
ENSG00000107821,1.26907,0.6364879,1.0,1.0,0.0933385,-0.70897174,0.02647082,1.0,1
ENSG00000107821,1.2596215,0.6364879,1.0,1.0,0.081354834,-0.70897174,-0.0067578144,1.0,1
ENSG00000168026,1.3027943,-0.102372885,1.0,1.0,0.13611135,-1.6460762,0.008237723,1.0,1
ENSG00000168026,1.3027943,-0.102372885,1.0,1.0,0.13611135,-1.6460762,0.008237723,1.0,1
ENSG00000118514,1.2156373,-0.8538718,1.0,1.0,0.02556921,-2.5992098,0.03820359,1.0,1
ENSG00000118514,1.2206239,-0.8538718,1.0,1.0,0.031893693,-2.5992098,0.051967636,1.0,1
ENSG00000118514,1.2307085,-0.8538718,1.0,1.0,0.044684097,-2.5992098,0.13622554,1.0,1
ENSG00000010030,1.2211515,-0.88605666,1.0,1.0,0.032562926,-2.64003,0.0031097569,1.0,1
ENSG00000010030,1.2119781,-0.88605666,1.0,1.0,0.020928193,-2.64003,-0.0035993122,1.0,1
ENSG00000122068,1.2813789,1.6681994,1.0,1.0,0.10894994,0.59955823,0.04347771,1.0,1
ENSG00000139370,1.2933825,1.2070955,1.0,1.0,0.1241742,0.014735573,0.09975217,1.0,1
ENSG00000139370,1.25954,1.2070955,0.59130055,0.65,0.081251316,0.014735573,0.085780755,0.23641531,1
ENSG00000106105,1.3117766,2.6020164,0.57817245,1.0,0.1475037,1.7839277,0.052091446,1.0,1
ENSG00000143162,1.3017455,2.3299265,1.0,1.0,0.13478106,1.4388331,0.09525399,1.0,1
ENSG00000143162,1.2991542,2.3299265,0.6089491,1.0,0.13149445,1.4388331,0.13107058,1.0,1
ENSG00000168906,1.3333887,2.8064716,1.0,1.0,0.1749145,2.04324,-0.03904124,1.0,1
ENSG00000087074,1.3086143,1.5919545,0.6197429,1.0,0.14349282,0.5028561,0.15876953,1.0,1
ENSG00000132510,1.2204931,-0.20760822,1.0,1.0,0.031727877,-1.7795472,-0.06337258,1.0,1
ENSG00000168502,1.2733959,0.9652017,0.5832664,1.0,0.098824956,-0.29206076,0.06516345,1.0,1
ENSG00000131711,1.2543137,0.7218106,1.0,1.0,0.07462283,-0.6007561,-0.028741691,1.0,1
ENSG00000099795,1.3024338,2.1148777,1.0,1.0,0.13565412,1.1660846,-0.03972483,1.0,1
ENSG00000067836,1.3166125,1.1065308,1.0,1.0,0.15363698,-0.11281161,0.014456399,1.0,1
ENSG00000067836,1.2862903,1.1065308,1.0,1.0,0.11517902,-0.11281161,0.102017045,1.0,1
ENSG00000067836,1.3102832,1.1065308,0.60758144,1.0,0.14560947,-0.11281161,0.12756084,1.0,1
ENSG00000067836,1.3146622,1.1065308,0.59945875,1.0,0.1511635,-0.11281161,0.106716275,1.0,1
ENSG00000067836,1.3007348,1.1065308,0.61123306,1.0,0.1334992,-0.11281161,0.13693152,1.0,1
ENSG00000067836,1.2961468,1.1065308,0.6024505,1.0,0.1276802,-0.11281161,0.11439367,1.0,1
ENSG00000067836,1.3120005,1.1065308,1.0,1.0,0.14778766,-0.11281161,-0.023909044,1.0,1
ENSG00000067836,1.3066391,1.1065308,1.0,0.4239766,0.1409876,-0.11281161,0.08743043,-0.3436063,1
ENSG00000125148,1.2976642,1.1746411,1.0,1.0,0.12960476,-0.026426597,0.072237894,1.0,1
ENSG00000125148,1.2952826,1.1746411,1.0,1.0,0.12658416,-0.026426597,0.09003118,1.0,1
ENSG00000116852,1.2628049,0.9642596,1.0,1.0,0.08539222,-0.2932556,0.047927868,1.0,1
ENSG00000116852,1.2674806,0.9642596,0.5987071,0.2456547,0.09132259,-0.2932556,0.10478741,-0.80121624,1
ENSG00000126010,1.2234533,-0.7958801,1.0,1.0,0.035482213,-2.5256581,0.0052628927,1.0,1
ENSG00000107954,1.2061352,-0.5850266,1.0,1.0,0.01351759,-2.2582307,-0.018309359,1.0,1
ENSG00000107954,1.2184631,-0.5850266,1.0,1.0,0.029153127,-2.2582307,0.1117799,1.0,1
ENSG00000107954,1.2269943,-0.5850266,1.0,1.0,0.03997334,-2.2582307,-0.06679337,1.0,1
ENSG00000107954,1.2134827,-0.5850266,1.0,1.0,0.022836523,-2.2582307,0.056873105,1.0,1
ENSG00000244115,1.2866551,0.76192784,1.0,1.0,0.11564176,-0.549875,0.026426682,1.0,1
ENSG00000180776,1.290204,1.0707765,0.5983639,1.0,0.12014289,-0.15815926,0.10390659,1.0,1
ENSG00000180776,1.2882271,1.0707765,0.62448233,1.0,0.11763555,-0.15815926,0.17093188,1.0,1
ENSG00000180776,1.3000633,1.0707765,0.6123239,1.0,0.1326475,-0.15815926,0.13973077,1.0,1
ENSG00000180776,1.2739072,1.0707765,0.6101337,0.6478261,0.09947343,-0.15815926,0.13411044,0.23083661,1
ENSG00000180776,1.2754089,1.0707765,1.0,0.8610635,0.101378,-0.15815926,-0.032122675,0.7780467,1
ENSG00000105258,1.3204281,1.3558345,0.5963662,1.0,0.1584765,0.20338266,0.09878029,1.0,1
ENSG00000105258,1.3466966,1.3558345,1.0,0.93400204,0.19179296,0.20338266,0.030762743,0.965222,1
ENSG00000179750,1.2786947,1.3467441,1.0,1.0,0.10554559,0.19185317,0.013417644,1.0,1
ENSG00000179750,1.279005,1.3467441,1.0,1.0,0.105939165,0.19185317,0.008451235,1.1345859,1
ENSG00000130669,1.3047506,0.85733247,0.57682157,1.0,0.13859236,-0.42887235,0.048624724,1.0,1
ENSG00000130669,1.3047506,0.85733247,0.57682157,1.0,0.13859236,-0.42887235,0.048624724,1.0,1
ENSG00000130669,1.2948629,0.85733247,1.0,1.0,0.12605172,-0.42887235,-0.0034551993,1.0,1
ENSG00000130669,1.3017186,0.85733247,0.58013725,1.0,0.1347469,-0.42887235,0.05713351,1.0,1
ENSG00000130669,1.2912852,0.85733247,0.59453976,1.0,0.12151407,-0.42887235,0.094093286,1.0,1
ENSG00000130669,1.2994446,0.85733247,0.6042673,0.040650368,0.13186276,-0.42887235,0.119056,-1.3272986,1
ENSG00000130669,1.3012197,0.85733247,0.5835791,0.42625606,0.13411424,-0.42887235,0.06596607,-0.3377567,1
ENSG00000130669,1.2899425,0.85733247,1.0,0.01498127,0.11981126,-0.42887235,-0.002740655,-1.3931708,1
ENSG00000130669,1.3038181,0.85733247,1.0,0.5818584,0.13740975,-0.42887235,-0.004039645,0.061550245,1
ENSG00000130669,1.2997863,0.85733247,1.0,0.49329758,0.13229625,-0.42887235,0.009938136,-0.16571468,1
ENSG00000138231,1.2629311,0.8785218,0.59988236,1.0,0.085552365,-0.40199775,0.107803404,1.0,1
ENSG00000140983,1.2958784,2.0492954,0.5977547,1.0,0.12733983,1.0829061,0.10234347,1.0,1
ENSG00000140983,1.2929375,2.0492954,0.6053643,1.0,0.12360979,1.0829061,0.12187125,1.0,1
ENSG00000140983,1.2958343,2.0492954,0.6124559,1.0,0.12728386,1.0829061,0.14006971,1.1345859,1
ENSG00000140983,1.2900169,2.0492954,1.0,0.9110704,0.119905494,1.0829061,0.043226507,0.9063747,1
ENSG00000102606,1.2965933,1.209783,0.5898408,0.9667616,0.12824653,0.018144123,0.0820348,1.0492896,1
ENSG00000102606,1.3001257,1.209783,1.0,0.9670433,0.13272674,0.018144123,0.058122095,1.0500124,1
ENSG00000102606,1.2870839,1.209783,0.58594227,0.9721116,0.11618555,0.018144123,0.072030246,1.0630186,1
ENSG00000151229,1.2607918,0.77085197,0.6114424,1.0,0.08283906,-0.5385564,0.13746874,1.0,1
ENSG00000151229,1.2479643,0.77085197,0.5864367,1.0,0.06656986,-0.5385564,0.073299035,1.0,1
ENSG00000114904,1.2821207,1.1312978,1.0,1.0,0.109890714,-0.081399456,-0.020993166,1.0,1
ENSG00000114904,1.268455,1.1312978,1.0,0.1672355,0.09255848,-0.081399456,0.0096633565,-1.0024557,1
ENSG00000114904,1.2666234,1.1312978,1.0,0.27384958,0.09023539,-0.081399456,0.017543714,-0.72886246,1
ENSG00000114904,1.2767795,1.1312978,1.0,1.0,0.103116535,-0.081399456,-0.03257091,1.1345859,1
ENSG00000014216,1.3098584,1.8920388,1.0,1.0,0.14507082,0.883456,-0.024434257,1.0,1
ENSG00000014216,1.3115393,1.8920388,1.0,1.0,0.14720258,0.883456,-0.013300151,1.0,1
ENSG00000100994,1.2772777,0.7979596,1.0,1.0,0.10374832,-0.50417554,-0.06350793,1.0,1
ENSG00000162511,1.2788217,2.2565975,1.0,1.0,0.10570664,1.3458292,0.0932495,1.0,1
ENSG00000162511,1.2678801,2.2565975,0.64022386,1.0,0.09182925,1.3458292,0.21132782,1.0,1
ENSG00000162511,1.280011,2.2565975,1.0,1.0,0.107215025,1.3458292,0.13012306,1.0,1
ENSG00000151327,1.3030868,1.4149733,1.0,1.0,0.13648225,0.27838904,-0.032609615,1.0,1
ENSG00000151327,1.2937902,1.4149733,1.0,1.0,0.12469136,0.27838904,-0.05804984,1.0,1
ENSG00000117118,1.3518571,2.5982213,0.5902647,1.0,0.19833806,1.7791141,0.0831224,1.0,1
ENSG00000117118,1.3400533,2.5982213,1.0,1.0,0.18336733,1.7791141,-0.021071497,1.0,1
ENSG00000160446,1.3262851,1.1928461,1.0,1.0,0.16590498,-0.0033371134,0.09402175,1.0,1
ENSG00000160446,1.3284656,1.1928461,1.0,1.0,0.16867036,-0.0033371134,0.1120455,1.0,1
ENSG00000160446,1.3299078,1.1928461,1.0,1.0,0.17049953,-0.0033371134,0.09934503,1.0,1
ENSG00000213760,1.2354957,0.053078413,1.0,1.0,0.050755803,-1.4489157,0.015389152,1.0,1
ENSG00000186026,1.2471465,-0.8538718,1.0,1.0,0.06553254,-2.5992098,0.010833979,1.0,1
ENSG00000186026,1.2594285,-0.8538718,0.6028692,1.0,0.08110995,-2.5992098,0.115468234,1.0,1
ENSG00000257727,1.3394164,2.1634,1.0,1.0,0.18255942,1.2276258,-0.045024235,1.0,1
ENSG00000120992,1.3263708,2.2266772,1.0,1.0,0.16601363,1.3078811,-0.062355418,1.0,1
ENSG00000120992,1.3262169,2.2266772,1.0,0.97512,0.16581845,1.3078811,-0.048518542,1.0707389,1
ENSG00000120992,1.3197712,2.2266772,1.0,0.9656365,0.15764323,1.3078811,-0.026099604,1.0464022,1
ENSG00000101298,1.2414553,0.041392684,1.0,1.0,0.058314458,-1.4637369,0.03162848,1.0,1
ENSG00000101298,1.2443498,0.041392684,0.59399945,1.0,0.061985627,-1.4637369,0.09270659,1.0,1
ENSG00000006638,1.2738684,0.47567117,1.0,1.0,0.099424385,-0.91293716,0.039431646,1.0,1
ENSG00000127948,1.3137347,1.5260806,1.0,1.0,0.14998697,0.4193076,0.07704515,1.0,1
ENSG00000108523,1.3091733,1.5856862,0.59096116,1.0,0.14420186,0.49490595,0.08490975,1.0,1
ENSG00000154845,1.2879616,2.0187836,1.0,1.0,0.11729885,1.0442077,0.051314406,1.0,1
ENSG00000164953,1.2735679,0.7242758,0.62455124,1.0,0.09904318,-0.59762937,0.17110868,1.0,1
ENSG00000164953,1.2653496,0.7242758,0.62463707,0.019736826,0.08861975,-0.59762937,0.17132893,-1.380967,1
ENSG00000104856,1.2890791,-0.49484992,1.0,1.0,0.11871605,-2.1438587,0.082313985,1.0,1
ENSG00000104856,1.2936227,-0.49484992,1.0,1.0,0.12447891,-2.1438587,-0.0019827522,1.0,1
ENSG00000104856,1.2797062,-0.49484992,1.0,1.0,0.10682849,-2.1438587,0.024841521,1.0,1
ENSG00000121039,1.2976419,1.6543691,0.6050974,1.0,0.12957641,0.582017,0.12118633,1.0,1
ENSG00000121039,1.2928951,1.6543691,1.0,1.0,0.12355602,0.582017,-0.0071766675,1.0,1
ENSG00000130827,1.2523236,1.2307043,1.0,1.0,0.07209886,0.044678815,0.023629313,1.0,1
ENSG00000143772,1.2258235,-0.9586072,1.0,1.0,0.038488444,-2.7320466,-0.04999305,1.0,1
ENSG00000189007,1.3363476,1.6336703,0.62373203,1.0,0.17866726,0.5557647,0.16900648,1.0,1
ENSG00000101745,1.2962269,0.95085144,1.0,1.0,0.12778178,-0.3102613,0.08553709,1.0,1
ENSG00000101745,1.2735926,0.95085144,0.6109108,0.34153003,0.09907446,-0.3102613,0.1361045,-0.5551808,1
ENSG00000101745,1.2954534,0.95085144,1.0,0.0076190233,0.12680085,-0.3102613,0.0805497,-1.4120637,1
ENSG00000172661,1.256179,1.1841233,1.0,1.0,0.076988675,-0.014400277,0.008185722,1.0,1
ENSG00000172661,1.264626,1.1841233,0.5761503,0.9814385,0.087702155,-0.014400277,0.046902128,1.0869534,1
ENSG00000172661,1.2671398,1.1841233,0.6419641,0.9814385,0.09089025,-0.014400277,0.21579352,1.0869534,1
ENSG00000172661,1.2740477,1.1841233,0.5649783,0.9617169,0.099651754,-0.014400277,0.018232547,1.0363438,1
ENSG00000172361,1.2292122,0.18184352,1.0,1.0,0.04278633,-1.2856016,0.0067345425,1.0,1
ENSG00000173545,1.2991704,1.1925675,0.5983534,1.0,0.13151507,-0.003690543,0.10387981,1.0,1
ENSG00000204560,1.2907916,1.590619,1.0,1.0,0.120888166,0.5011621,0.0048379526,1.0,1
ENSG00000204560,1.290715,1.590619,1.0,1.0,0.12079102,0.5011621,-0.022195064,1.0,1
ENSG00000182134,1.2969586,1.1812718,1.0,1.0,0.12870978,-0.018016968,0.06925349,1.0,1
ENSG00000038427,1.2111212,-0.76955104,1.0,1.0,0.019841399,-2.4922647,0.11415623,1.0,1
ENSG00000048342,1.2464235,-0.5686362,1.0,1.0,0.06461562,-2.2374425,-0.031100888,1.0,1
ENSG00000100220,1.2809064,2.022717,0.61153454,1.0,0.10835072,1.0491962,0.13770528,1.0,1
ENSG00000078401,1.2458091,-0.9208188,1.0,1.0,0.0638364,-2.6841192,-0.031952087,1.0,1
ENSG00000078401,1.2416255,-0.9208188,1.0,1.0,0.05853042,-2.6841192,-0.011628117,1.0,1
ENSG00000078401,1.244705,-0.9208188,1.0,1.0,0.062435925,-2.6841192,0.17192191,1.0,1
ENSG00000171992,1.2211417,-0.9208188,1.0,1.0,0.032550488,-2.6841192,0.105858356,1.0,1
ENSG00000166199,1.2705599,1.3346548,1.0,1.0,0.09522813,0.1765202,-0.0029025748,1.0,1
ENSG00000166199,1.2797785,1.3346548,0.57843804,0.5040577,0.1069201,0.1765202,0.052772943,-0.13810202,1
ENSG00000166199,1.2739347,1.3346548,0.5825222,0.05008638,0.09950833,0.1765202,0.06325369,-1.303084,1
ENSG00000078070,1.3172464,1.2619761,1.0,1.0,0.15444109,0.08434124,-0.016553514,1.0,1
ENSG00000078070,1.3059759,1.2619761,1.0,0.99211645,0.1401465,0.08434124,0.03120565,1.1143551,1
ENSG00000078070,1.3026435,1.2619761,0.58706254,0.020359278,0.13591999,0.08434124,0.07490512,-1.3793697,1
ENSG00000078070,1.3107567,1.2619761,1.0,0.97979796,0.14621001,0.08434124,0.031005401,1.0827434,1
ENSG00000078070,1.3129348,1.2619761,0.59331024,0.94071853,0.14897251,0.08434124,0.09093808,0.98245776,1
ENSG00000078070,1.306519,1.2619761,0.59529585,0.9219219,0.14083533,0.08434124,0.096033424,0.9342218,1
ENSG00000122545,1.3098457,2.1290774,0.593622,1.0,0.14505465,1.1840942,0.09173818,1.0,1
ENSG00000122545,1.3140684,2.1290774,0.59884125,0.9108726,0.15041037,1.1840942,0.105131626,0.90586704,1
ENSG00000154309,1.2134553,-0.9586072,1.0,1.0,0.022801705,-2.7320466,-0.012599867,1.0,1
ENSG00000154309,1.2364023,-0.9586072,0.5832439,1.0,0.051905617,-2.7320466,0.06510578,1.0,1
ENSG00000154309,1.2446833,-0.9586072,1.0,1.0,0.06240847,-2.7320466,-0.10094558,1.0,1
ENSG00000154309,1.2369882,-0.9586072,0.5581789,1.0,0.05264872,-2.7320466,0.0007838793,1.0,1
ENSG00000152804,1.2775031,1.7580788,1.0,1.0,0.10403428,0.71355313,0.06636515,1.0,1
ENSG00000152804,1.2778919,1.7580788,1.0,1.0,0.10452728,0.71355313,0.054985203,1.0,1
ENSG00000152804,1.2719278,1.7580788,1.0,1.0,0.09696301,0.71355313,0.049788248,1.0,1
ENSG00000120438,1.3222098,2.3746018,1.0,1.0,0.16073622,1.4954952,0.052597877,1.0,1
ENSG00000120438,1.3292046,2.3746018,1.0,1.0,0.1696076,1.4954952,0.05771538,1.0,1
ENSG00000243696,1.2677572,-0.8239088,1.0,1.0,0.0916734,-2.5612073,0.097524956,1.0,1
ENSG00000143761,1.3376999,2.579852,1.0,1.0,0.18038231,1.7558163,0.005229648,1.0,1
ENSG00000143761,1.3376999,2.579852,1.0,1.0,0.18038231,1.7558163,0.005229648,1.0,1
ENSG00000143761,1.3376999,2.579852,1.0,1.0,0.18038231,1.7558163,0.005229648,1.0,1
ENSG00000143761,1.3315228,2.579852,1.0,1.0,0.1725479,1.7558163,-0.02472357,1.0,1
ENSG00000143761,1.3325789,2.579852,1.0,1.0,0.17388743,1.7558163,-0.013105687,1.0,1
ENSG00000121774,1.3456352,1.632862,0.5998347,1.0,0.19044685,0.5547394,0.10768099,1.0,1
ENSG00000121774,1.3418255,1.632862,0.6217123,1.0,0.18561488,0.5547394,0.16382357,1.0,1
ENSG00000121774,1.3353266,1.632862,1.0,0.98903704,0.1773723,0.5547394,0.010812845,1.1064527,1
ENSG00000136709,1.2996433,1.6395861,1.0,1.0,0.13211489,0.5632676,0.018151905,1.0,1
ENSG00000124380,1.29608,1.6141586,1.0,1.0,0.1275954,0.5310178,0.0023870654,1.0,1
ENSG00000124380,1.3072708,1.6141586,0.61623275,1.0,0.14178878,0.5310178,0.14976174,1.0,1
ENSG00000124380,1.3110516,1.6141586,1.0,1.0,0.14658411,0.5310178,0.12592885,1.0,1
ENSG00000124380,1.2892325,1.6141586,1.0,1.0,0.11891066,0.5310178,-0.0048788525,1.0,1
ENSG00000124380,1.2839123,1.6141586,1.0,1.0,0.11216308,0.5310178,0.047289416,1.0,1
ENSG00000072110,1.3104523,1.5101427,1.0,1.0,0.14582403,0.39909327,-0.011404119,1.0,1
ENSG00000072110,1.3087102,1.5101427,0.59559566,1.0,0.14361446,0.39909327,0.09680292,1.0,1
ENSG00000072110,1.3071116,1.5101427,0.60700893,0.0023028255,0.14158691,0.39909327,0.12609158,-1.4257063,1
ENSG00000115091,1.3203685,2.369976,1.0,1.0,0.15840079,1.4896286,-0.013298973,1.0,1
ENSG00000115091,1.3128394,2.369976,0.5924816,1.0,0.14885157,1.4896286,0.08881156,1.0,1
ENSG00000112874,1.2825055,1.267641,1.0,1.0,0.110378735,0.09152596,0.043735515,1.0,1
ENSG00000112874,1.2749221,1.267641,1.0,1.0,0.10076076,0.09152596,-0.073121235,1.0,1
ENSG00000179409,1.26532,1.1351327,1.0,1.0,0.08858215,-0.07653567,0.035685934,1.0,1
ENSG00000179409,1.2584357,1.1351327,1.0,0.13535589,0.07985079,-0.07653567,0.062094484,-1.0842652,1
ENSG00000114744,1.2586671,1.6238693,0.60845333,1.0,0.0801443,0.5433338,0.12979823,1.0,1
ENSG00000114744,1.2668387,1.6238693,0.6232122,0.08241618,0.09050839,0.5433338,0.16767244,-1.2201192,1
ENSG00000072518,1.3152591,1.0937718,0.5789207,1.0,0.15192045,-0.12899406,0.054011576,1.0,1
ENSG00000072518,1.3008231,1.0937718,0.5897095,0.24644029,0.13361111,-0.12899406,0.081697896,-0.79920024,1
ENSG00000072518,1.30918,1.0937718,0.59264076,0.1588367,0.1442103,-0.12899406,0.08922,-1.0240088,1
ENSG00000072518,1.3038415,1.0937718,1.0,0.9855832,0.13743947,-0.12899406,-0.0013902672,1.0975895,1
ENSG00000072518,1.3038415,1.0937718,1.0,0.9466666,0.13743947,-0.12899406,-0.0013902672,0.9977218,1
ENSG00000143970,1.2976793,1.1061909,0.6168801,1.0,0.12962385,-0.11324278,0.151423,1.0,1
ENSG00000156587,1.2517587,0.6608655,1.0,1.0,0.07138239,-0.6780534,0.11925878,1.0,1
ENSG00000140795,1.2495121,0.5289167,1.0,1.0,0.068532966,-0.84540534,0.100049764,1.0,1
ENSG00000140795,1.2448223,0.5289167,0.5971635,1.0,0.0625848,-0.84540534,0.10082619,1.0,1
ENSG00000140795,1.2410939,0.5289167,0.5869488,1.0,0.057856087,-0.84540534,0.07461329,1.0,1
ENSG00000159208,1.2210101,-0.61978865,1.0,1.0,0.03238351,-2.3023198,0.00039365143,1.0,1
ENSG00000196646,1.2734083,0.47567117,0.59321594,1.0,0.09884079,-0.91293716,0.09069599,1.0,1
ENSG00000196646,1.2745728,0.47567117,1.0,0.86742425,0.1003178,-0.91293716,0.008611526,0.79436976,1
ENSG00000197601,1.2616112,1.8058405,0.5823833,1.0,0.08387839,0.77412975,0.06289718,1.0,1
ENSG00000197601,1.2806344,1.8058405,1.0,1.0,0.10800568,0.77412975,0.0040819347,1.0,1
ENSG00000130479,1.251385,0.9863238,1.0,1.0,0.07090835,-0.26527143,-0.011640605,1.0,1
ENSG00000157992,1.2539364,0.12710488,1.0,1.0,0.07414436,-1.3550273,0.07546264,1.0,1
ENSG00000188290,1.292647,0.8095597,1.0,1.0,0.12324131,-0.48946303,-0.038227025,1.0,1
ENSG00000188290,1.2878898,0.8095597,1.0,1.0,0.11720777,-0.48946303,-0.029206198,1.0,1
ENSG00000115942,1.3233782,1.1283993,1.0,1.0,0.16221808,-0.085075684,-0.042959344,1.0,1
ENSG00000158286,1.2649047,1.0549959,1.0,1.0,0.08805558,-0.17817394,0.065364815,1.0,1
ENSG00000158286,1.2677512,1.0549959,1.0,1.0,0.09166578,-0.17817394,-0.013990033,1.0,1
ENSG00000158286,1.2768126,1.0549959,1.0,1.0,0.103158325,-0.17817394,-0.022047251,1.0,1
ENSG00000158286,1.2730473,1.0549959,1.0,1.0,0.09838283,-0.17817394,-0.019405827,1.0,1
ENSG00000158286,1.2761294,1.0549959,1.0,1.0,0.10229183,-0.17817394,0.07976037,1.0,1
ENSG00000158286,1.2772696,1.0549959,1.0,1.0,0.103738025,-0.17817394,0.078746915,1.0,1
ENSG00000158286,1.2827598,1.0549959,1.0,1.0,0.110701315,-0.17817394,0.05757348,1.0,1
ENSG00000158286,1.2710502,1.0549959,1.0,1.0,0.095849946,-0.17817394,0.020321906,1.0,1
ENSG00000158286,1.2746025,1.0549959,1.0,1.0,0.100355424,-0.17817394,0.013164181,1.0,1
ENSG00000118162,1.3352784,0.9068735,1.0,1.0,0.17731117,-0.36603895,0.0781822,1.0,1
ENSG00000100014,1.2862492,1.069668,1.0,1.0,0.11512689,-0.159565,0.042987607,1.0,1
ENSG00000100014,1.2862492,1.069668,1.0,1.0,0.11512689,-0.159565,0.042987607,1.0,1
ENSG00000100014,1.2866327,1.069668,0.60368973,0.37892377,0.11561331,-0.159565,0.11757389,-0.45922095,1
ENSG00000100014,1.2932045,1.069668,1.0,0.9932735,0.12394852,-0.159565,0.0058810264,1.1173245,1
ENSG00000058668,1.2994851,1.4884096,1.0,1.0,0.13191421,0.37152907,-0.0014701933,1.0,1
ENSG00000058668,1.2967168,1.4884096,1.0,0.55417407,0.12840316,0.37152907,0.024167996,-0.009493353,1
ENSG00000095261,1.3563681,2.0013442,0.6302031,1.0,0.2040594,1.022089,0.18561254,1.0,1
ENSG00000095261,1.3544732,2.0013442,0.60124785,0.9946043,0.20165616,1.022089,0.11130756,1.1207395,1
ENSG00000095261,1.3475803,2.0013442,1.0,0.9989041,0.19291377,1.022089,0.066654205,1.1317736,1
ENSG00000153201,1.2711496,1.3047059,1.0,1.0,0.09597609,0.13853575,0.06913862,1.0,1
ENSG00000143190,1.2948538,1.0433623,1.0,1.0,0.12604034,-0.19292894,-0.026173312,1.0,1
ENSG00000143190,1.3079773,1.0433623,0.62141395,1.0,0.14268498,-0.19292894,0.16305777,1.0,1
ENSG00000143190,1.2953323,1.0433623,1.0,0.07692307,0.12664714,-0.19292894,0.0027584732,-1.2342156,1
ENSG00000143190,1.2961217,1.0433623,0.59949714,0.18552035,0.12764837,-0.19292894,0.106814906,-0.9555331,1
ENSG00000143190,1.3092328,1.0433623,0.6377008,0.063559294,0.14427738,-0.19292894,0.20485318,-1.2685097,1
ENSG00000143190,1.3091156,1.0433623,1.0,0.9836956,0.14412875,-0.19292894,0.019626003,1.0927457,1
ENSG00000143190,1.3003346,1.0433623,0.62848437,0.008156598,0.13299154,-0.19292894,0.1812019,-1.4106842,1
ENSG00000165943,1.2531003,0.9934362,1.0,1.0,0.073083796,-0.25625065,0.052620456,1.0,1
ENSG00000130300,1.2575338,-0.17392516,1.0,1.0,0.07870688,-1.7368267,0.038715523,1.0,1
ENSG00000130300,1.2596774,-0.17392516,1.0,1.0,0.081425734,-1.7368267,0.039039794,1.0,1
ENSG00000171502,1.250881,-0.88605666,0.63028765,1.0,0.07026905,-2.64003,0.18582954,1.0,1
ENSG00000171502,1.2399973,-0.88605666,1.0,1.0,0.056465145,-2.64003,0.14113209,1.0,1
ENSG00000171502,1.2446002,-0.88605666,0.594,1.0,0.062303085,-2.64003,0.09270801,1.0,1
ENSG00000178127,1.3512003,2.567344,1.0,1.0,0.19750507,1.7399521,0.013804,1.0,1
ENSG00000102974,1.2995237,1.3344537,1.0,1.0,0.13196321,0.17626525,0.054140247,1.0,1
ENSG00000142733,1.3146328,0.85248,1.0,1.0,0.15112618,-0.43502682,-0.016847849,1.0,1
ENSG00000142733,1.3118823,0.85248,1.0,1.0,0.14763762,-0.43502682,-0.006313376,1.0,1
ENSG00000021574,1.3141226,1.024075,0.5946923,1.0,0.15047897,-0.2173912,0.09448461,1.0,1
ENSG00000021574,1.3178138,1.024075,0.6120055,1.0,0.1551606,-0.2173912,0.13891372,1.0,1
ENSG00000021574,1.3035368,1.024075,0.5907672,1.0,0.13705301,-0.2173912,0.08441202,1.0,1
ENSG00000021574,1.3074657,1.024075,0.6040569,1.0,0.14203604,-0.2173912,0.11851606,1.1345859,1
ENSG00000104228,1.297597,0.7867514,1.0,1.0,0.12951961,-0.518391,0.035314124,1.0,1
ENSG00000104228,1.2958629,0.7867514,0.62418234,0.9377358,0.12732016,-0.518391,0.170162,0.9748035,1
ENSG00000104228,1.2973068,0.7867514,1.0,0.94210523,0.12915136,-0.518391,0.0395043,0.98601633,1
ENSG00000103740,1.2212098,0.12385166,1.0,1.0,0.032636747,-1.3591534,0.008353088,1.0,1
ENSG00000101004,1.2227194,-0.88605666,1.0,1.0,0.034551475,-2.64003,0.078641675,1.0,1
ENSG00000101004,1.2294462,-0.88605666,1.0,1.0,0.043083187,-2.64003,0.1206446,1.0,1
ENSG00000101004,1.2333616,-0.88605666,1.0,1.0,0.04804916,-2.64003,-0.062247533,1.0,1
ENSG00000101004,1.2287291,-0.88605666,1.0,1.0,0.04217375,-2.64003,-0.057191852,1.0,1
ENSG00000004779,1.2937354,2.3464704,0.56487453,1.0,0.12462173,1.4598159,0.0179662,1.0,1
ENSG00000004779,1.2937354,2.3464704,0.56487453,1.0,0.12462173,1.4598159,0.0179662,1.0,1
ENSG00000004779,1.3055097,2.3464704,0.60738516,0.99628437,0.13955523,1.4598159,0.12705715,1.1250509,1
ENSG00000106948,1.2276404,0.2966652,1.0,1.0,0.040792793,-1.1399722,0.015500322,1.0,1
ENSG00000106948,1.222312,0.2966652,1.0,0.025423765,0.03403482,-1.1399722,-0.037206586,-1.3663733,1
ENSG00000064652,1.2910292,0.5899496,1.0,1.0,0.12118951,-0.7679967,0.19072817,1.0,1
ENSG00000064652,1.2728214,0.5899496,0.56543225,0.0,0.09809646,-0.7679967,0.019397441,-1.4316157,1
ENSG00000196705,1.2749912,1.357363,1.0,1.0,0.10084829,0.20532131,0.036389925,1.0,1
ENSG00000164252,1.2846735,1.1649474,1.0,1.0,0.113128364,-0.038721364,-0.028394472,1.0,1
ENSG00000162461,1.223827,-0.48148596,1.0,1.0,0.03595629,-2.126909,-0.0016480796,1.0,1
ENSG00000178934,1.2244594,-0.88605666,1.0,1.0,0.036758333,-2.64003,0.09934604,1.0,1
ENSG00000178934,1.2501898,-0.88605666,1.0,1.0,0.06939244,-2.64003,-0.0004449822,1.0,1
ENSG00000101347,1.3033752,1.0326188,1.0,1.0,0.13684815,-0.20655505,0.00886089,1.0,1
ENSG00000101347,1.3135904,1.0326188,0.6100648,1.0,0.14980407,-0.20655505,0.13393359,1.0,1
ENSG00000137509,1.2968278,1.5153439,1.0,1.0,0.12854385,0.40568998,0.086778775,1.0,1
ENSG00000137509,1.2971662,1.5153439,0.6123025,0.8664098,0.12897308,0.40568998,0.13967589,0.7917664,1
ENSG00000187997,1.2912148,1.1034616,0.6035322,1.0,0.12142488,-0.116704345,0.1171696,1.0,1
ENSG00000187997,1.2939252,1.1034616,1.0,1.0,0.1248624,-0.116704345,0.015402919,1.0,1
ENSG00000187997,1.2951549,1.1034616,0.5861265,1.0,0.12642221,-0.116704345,0.07250312,1.0,1
ENSG00000187997,1.3014336,1.1034616,0.6005051,1.0,0.13438544,-0.116704345,0.10940151,1.0,1
ENSG00000108469,1.2798717,1.1583625,0.583881,1.0,0.10703826,-0.047073033,0.0667408,1.0,1
ENSG00000093183,1.3486111,1.6953065,1.0,1.0,0.19422127,0.6339384,0.07487601,1.0,1
ENSG00000093183,1.3190774,1.6953065,0.63134694,0.9790672,0.1567633,0.6339384,0.1885478,1.0808681,1
ENSG00000093183,1.3238496,1.6953065,1.0,0.0353688,0.16281581,0.6339384,-0.016800266,-1.3408523,1
ENSG00000104388,1.3302008,1.853333,1.0,1.0,0.1708712,0.83436507,0.030999135,1.0,1
ENSG00000104388,1.3234363,1.853333,0.6100384,1.0,0.16229172,0.83436507,0.13386577,1.0,1
ENSG00000104388,1.3270077,1.853333,0.61184794,1.0,0.16682133,0.83436507,0.13850948,1.0,1
ENSG00000104388,1.3270077,1.853333,0.61184794,1.0,0.16682133,0.83436507,0.13850948,1.0,1
ENSG00000104388,1.3397939,1.853333,0.5911374,0.9982265,0.18303826,0.83436507,0.08536211,1.1300349,1
ENSG00000104388,1.3401688,1.853333,0.6007743,0.27738473,0.18351378,0.83436507,0.11009228,-0.7197906,1
ENSG00000146587,1.2656627,0.9106244,1.0,1.0,0.0890168,-0.3612817,0.025109924,1.0,1
ENSG00000091542,1.2877916,1.6127838,1.0,1.0,0.11708324,0.52927405,0.044715848,1.0,1
ENSG00000198522,1.2910954,1.8420472,0.62662226,1.0,0.12127336,0.82005113,0.1764234,1.0,1
ENSG00000160326,1.2318605,-0.6575773,1.0,1.0,0.046145286,-2.3502474,-0.0003897138,1.0,1
ENSG00000167850,1.2234443,-0.9208188,1.0,1.0,0.03547093,-2.6841192,-0.0035127178,1.0,1
ENSG00000066294,1.2720261,0.5831987,0.58565146,1.0,0.097087555,-0.7765589,0.071284086,1.0,1
ENSG00000066294,1.2701657,0.5831987,1.0,0.8632075,0.09472813,-0.7765589,0.07267547,0.7835489,1
ENSG00000066294,1.2666774,0.5831987,1.0,0.0,0.090303786,-0.7765589,0.015427742,-1.4316157,1
ENSG00000066294,1.2680361,0.5831987,1.0,0.9069767,0.09202719,-0.7765589,0.009428499,0.89586943,1
ENSG00000163568,1.2911516,-0.76955104,1.0,1.0,0.1213448,-2.4922647,0.14245228,1.0,1
ENSG00000147419,1.2780825,1.2365372,1.0,1.0,0.10476902,0.052076798,0.0772554,1.0,1
ENSG00000147419,1.2789993,1.2365372,1.0,1.0,0.105931826,0.052076798,0.13030083,1.0,1
ENSG00000147419,1.272935,1.2365372,1.0,0.9956763,0.09824052,0.052076798,0.1266932,1.1234905,1
ENSG00000147419,1.2749968,1.2365372,1.0,0.8380116,0.10085537,0.052076798,0.0036456771,0.7188912,1
ENSG00000147419,1.2698653,1.2365372,1.0,0.7818713,0.09434708,0.052076798,0.11580764,0.5748238,1
ENSG00000147419,1.2826229,1.2365372,1.0,0.05438596,0.11052778,0.052076798,-0.004775118,-1.2920504,1
ENSG00000170946,1.2923098,1.2477279,1.0,1.0,0.12281367,0.06626991,0.20519315,1.0,1
ENSG00000170946,1.2820361,1.2477279,0.6231134,1.0,0.109783426,0.06626991,0.16741897,1.0,1
ENSG00000170946,1.2747316,1.2477279,0.6143027,0.060752153,0.10051905,0.06626991,0.1448089,-1.2757134,1
ENSG00000136235,1.245509,-0.60205996,1.0,1.0,0.06345581,-2.2798343,-0.07552157,1.0,1
ENSG00000136235,1.2399007,-0.60205996,1.0,1.0,0.056342736,-2.2798343,-0.054904032,1.0,1
ENSG00000102003,1.2786947,0.5658478,1.0,1.0,0.105545565,-0.7985652,0.06986606,1.0,1
ENSG00000102003,1.2799755,0.5658478,1.0,1.0,0.107169986,-0.7985652,0.009565603,1.0,1
ENSG00000102003,1.281817,0.5658478,1.0,1.0,0.10950551,-0.7985652,-0.016087878,1.0,1
ENSG00000102003,1.2754009,0.5658478,1.0,1.0,0.10136799,-0.7985652,-0.0005637631,1.0,1
ENSG00000102003,1.2992511,0.5658478,0.59326255,0.9894366,0.1316174,-0.7985652,0.09081563,1.1074781,1
ENSG00000183426,1.2714635,1.448397,1.0,1.0,0.09637415,0.32078072,0.0074895397,1.0,1
ENSG00000183426,1.2492318,1.448397,1.0,0.46980336,0.06817752,0.32078072,0.01938537,-0.22600557,1
ENSG00000085185,1.2780255,0.07554698,1.0,1.0,0.10469673,-1.4204186,0.098186724,1.0,1
ENSG00000198793,1.3109097,1.6205524,0.5767592,1.0,0.14640413,0.53912705,0.048464794,1.0,1
ENSG00000114770,1.3067734,1.4752352,1.0,1.0,0.14115806,0.35481977,0.036137275,1.0,1
ENSG00000114770,1.2957296,1.4752352,1.0,0.8330404,0.12715113,0.35481977,0.025140598,0.70613396,1
ENSG00000148832,1.259515,0.53402615,1.0,0.0,0.08121985,-0.838925,0.09778218,-1.4316157,1
ENSG00000148832,1.2529333,0.53402615,1.0,0.8680555,0.07287199,-0.838925,0.09136635,0.7959898,1
ENSG00000148832,1.2600673,0.53402615,0.6096596,0.9270833,0.08192021,-0.838925,0.1328938,0.947467,1
ENSG00000131669,1.2706282,0.55145,1.0,1.0,0.09531479,-0.8168261,-0.01767223,1.0,1
ENSG00000131669,1.2668493,0.55145,1.0,1.0,0.090521805,-0.8168261,-0.03218684,1.0,1
ENSG00000131669,1.2536919,0.55145,1.0,0.0,0.0738342,-0.8168261,0.027740201,-1.4316157,1
ENSG00000197226,1.2462941,1.4976206,0.5789866,1.0,0.06445157,0.38321143,0.054180678,1.0,1
ENSG00000197226,1.2508619,1.4976206,1.0,1.0,0.07024488,0.38321143,-0.009340156,1.0,1
ENSG00000197226,1.2494382,1.4976206,1.0,1.0,0.06843918,0.38321143,-0.03547627,1.0,1
ENSG00000197226,1.2524697,1.4976206,0.5805132,0.45565748,0.07228409,0.38321143,0.058098137,-0.26230675,1
ENSG00000071537,1.265277,0.81224465,0.57635623,1.0,0.0885278,-0.48605764,0.047430605,1.0,1
ENSG00000071537,1.274141,0.81224465,1.0,1.0,0.09976989,-0.48605764,0.029100452,1.0,1
ENSG00000139291,1.2923827,1.1619666,0.60915625,1.0,0.12290613,-0.042501885,0.13160208,1.0,1
ENSG00000139291,1.298407,1.1619666,0.60944045,1.0,0.13054676,-0.042501885,0.13233134,1.0,1
ENSG00000090054,1.3066607,1.8347385,0.5970317,1.0,0.14101493,0.81078136,0.100488044,1.0,1
ENSG00000104312,1.2990135,1.2469907,1.0,1.0,0.13131611,0.065335,0.015067581,1.0,1
ENSG00000104312,1.298913,1.2469907,1.0,0.34510708,0.13118865,0.065335,0.063904166,-0.5460013,1
ENSG00000111012,1.2324032,0.5820633,1.0,1.0,0.046833478,-0.7779989,-0.030389737,1.0,1
ENSG00000163950,1.3478371,2.0828571,0.5987477,1.0,0.19323954,1.1254727,0.10489152,1.0,1
ENSG00000163950,1.3412237,2.0828571,1.0,0.97517455,0.18485162,1.1254727,-0.010492925,1.0708787,1
ENSG00000163950,1.3470774,2.0828571,0.5888084,0.11117005,0.19227585,1.1254727,0.079385445,-1.146331,1
ENSG00000177303,1.2771066,0.23552841,1.0,1.0,0.10353133,-1.2175126,-0.01276654,1.0,1
ENSG00000177303,1.2781357,0.23552841,1.0,1.0,0.10483644,-1.2175126,0.030575598,1.0,1
ENSG00000141337,1.2818944,-0.036212087,0.6188938,1.0,0.10960383,-1.5621638,0.15659055,1.0,1
ENSG00000141337,1.2620277,-0.036212087,0.6205488,1.0,0.08440668,-1.5621638,0.16083755,1.0,1
ENSG00000141452,1.3251573,1.3615389,0.58861226,1.0,0.16447446,0.2106177,0.078882,1.0,1
ENSG00000141452,1.3246193,1.3615389,0.58878034,0.9366666,0.1637921,0.2106177,0.07931334,0.9720598,1
ENSG00000166133,1.2807864,0.9867717,1.0,1.0,0.10819847,-0.26470327,-0.009207461,1.0,1
ENSG00000213853,1.2628157,0.67486113,1.0,1.0,0.08540599,-0.6603026,-0.019538317,1.0,1
ENSG00000213853,1.259198,0.67486113,1.0,1.0,0.080817595,-0.6603026,0.1084978,1.0,1
ENSG00000100084,1.356698,1.7835462,1.0,1.0,0.204478,0.7458537,0.050547045,1.0,1
ENSG00000078246,1.321372,0.98587537,0.60426843,1.0,0.15967357,-0.26584017,0.11905897,1.0,1
ENSG00000078246,1.3063147,0.98587537,0.60037124,0.9167603,0.14057623,-0.26584017,0.10905795,0.9209763,1
ENSG00000078246,1.3092334,0.98587537,0.6174391,0.9943757,0.14427817,-0.26584017,0.15285745,1.1201528,1
ENSG00000078246,1.3038577,0.98587537,0.6136086,0.9223847,0.13745998,-0.26584017,0.14302775,0.93540937,1
ENSG00000078246,1.3034437,0.98587537,0.61256754,0.9943757,0.13693482,-0.26584017,0.14035618,1.1201528,1
ENSG00000196455,1.2642304,1.542701,1.0,1.0,0.08720031,0.44038725,0.10038103,1.0,1
ENSG00000100722,1.2772143,1.9305925,1.0,1.0,0.10366783,0.9323539,0.024411537,1.0,1
ENSG00000100722,1.2762276,1.9305925,0.60695624,1.0,0.10241651,0.9323539,0.12595643,1.0,1
ENSG00000100722,1.2823035,1.9305925,1.0,1.0,0.11012254,0.9323539,0.10980931,1.0,1
ENSG00000213967,1.2710088,1.0530784,0.5779724,1.0,0.09579753,-0.18060583,0.051578104,1.0,1
ENSG00000213967,1.2738099,1.0530784,1.0,1.0,0.09935015,-0.18060583,0.038916927,1.0,1
ENSG00000213967,1.2738099,1.0530784,1.0,1.0,0.09935015,-0.18060583,0.038916927,1.0,1
ENSG00000175697,1.2259902,-0.7958801,1.0,1.0,0.038699873,-2.5256581,0.112604156,1.0,1
ENSG00000088836,1.2426401,-0.25963724,1.0,1.0,0.059817135,-1.8455361,0.00032472238,1.0,1
ENSG00000132793,1.296008,0.83505607,1.0,1.0,0.12750418,-0.45712572,0.03160128,1.0,1
ENSG00000132793,1.2892922,0.83505607,1.0,1.0,0.11898646,-0.45712572,0.024253298,1.0,1
ENSG00000136143,1.2785641,1.453624,1.0,1.0,0.105379865,0.32741013,-0.07080194,1.0,1
ENSG00000110851,1.2607132,1.1945143,1.0,1.0,0.08273945,-0.001221285,0.03327357,1.0,1
ENSG00000078596,1.2714741,1.8047526,1.0,1.0,0.096387535,0.7727499,-0.00083314255,1.0,1
ENSG00000078596,1.2724184,1.8047526,1.0,1.0,0.09758521,0.7727499,0.09628525,1.0,1
ENSG00000078596,1.2708812,1.8047526,1.0,0.7400894,0.09563551,0.7727499,0.12124035,0.4676029,1
ENSG00000114859,1.2762427,0.83378434,1.0,1.0,0.102435626,-0.45873865,-0.016331248,1.0,1
ENSG00000078369,1.323245,2.3312044,0.60959125,1.0,0.16204917,1.4404541,0.13271834,1.0,1
ENSG00000078369,1.3220749,2.3312044,0.6205095,1.0,0.16056497,1.4404541,0.16073672,1.0,1
ENSG00000189050,1.3026093,1.3891661,1.0,1.0,0.13587661,0.24565744,0.060713593,1.0,1
ENSG00000189050,1.3026093,1.3891661,1.0,0.26953745,0.13587661,0.24565744,0.060713593,-0.73992825,1
ENSG00000070759,1.2694345,0.29003465,0.590398,1.0,0.093800694,-1.1483818,0.083464615,1.0,1
ENSG00000070759,1.2706825,0.29003465,0.608859,1.0,0.09538347,-1.1483818,0.13083927,1.0,1
ENSG00000070759,1.2634953,0.29003465,0.58065766,0.6342857,0.08626806,-1.1483818,0.05846887,0.19608928,1
ENSG00000079950,1.3201336,1.4034636,0.61903113,1.0,0.15810281,0.26379123,0.15694293,1.0,1
ENSG00000079950,1.2952535,1.4034636,1.0,1.0,0.12654719,0.26379123,-0.033936556,1.0,1
ENSG00000151353,1.329844,1.2979792,0.5820804,1.0,0.1704187,0.13000427,0.062120046,1.0,1
ENSG00000113758,1.2725487,1.4886917,1.0,1.0,0.09775046,0.37188676,0.011994064,1.0,1
ENSG00000113758,1.2781057,1.4886917,0.6021327,1.0,0.10479859,0.37188676,0.113578185,1.0,1
ENSG00000113758,1.2730871,1.4886917,0.62327224,1.0,0.09843346,0.37188676,0.16782652,1.0,1
ENSG00000188215,1.297297,0.37839788,1.0,1.0,0.12913895,-1.0363098,0.109485656,1.0,1
ENSG00000132357,1.2586436,0.64147407,0.61273164,1.0,0.08011447,-0.7026477,0.14077729,1.0,1
ENSG00000172831,1.2845886,1.054613,0.5857012,1.0,0.11302081,-0.17865947,0.07141179,1.0,1
ENSG00000197969,1.2751566,1.1726029,1.0,1.0,0.101058185,-0.029011743,0.102658555,1.0,1
ENSG00000153786,1.3250915,1.4949889,1.0,1.0,0.16439098,0.37987366,0.050744925,1.0,1
ENSG00000153786,1.3157055,1.4949889,0.59959584,1.0,0.15248668,0.37987366,0.10706814,1.0,1
ENSG00000153786,1.3127077,1.4949889,1.0,0.022058845,0.14868456,0.37987366,0.027181353,-1.3750083,1
ENSG00000104731,1.2852821,1.2935835,1.0,1.0,0.113900505,0.12442912,-0.003869187,1.0,1
ENSG00000104731,1.2786399,1.2935835,1.0,1.0,0.10547609,0.12442912,0.0006437488,1.0,1
ENSG00000104731,1.2881335,1.2935835,1.0,0.98630136,0.1175168,0.12442912,0.027013265,1.0994325,1
ENSG00000104731,1.2777071,1.2935835,1.0,0.8767123,0.104292996,0.12442912,0.05100447,0.8182049,1
ENSG00000171163,1.3397145,1.925982,0.61119586,1.0,0.18293762,0.92650646,0.13683607,1.0,1
ENSG00000171163,1.3286276,1.925982,1.0,1.0,0.16887598,0.92650646,0.012641665,1.0,1
ENSG00000171163,1.313652,1.925982,0.6015656,1.0,0.1498823,0.92650646,0.112123,1.0,1
ENSG00000171163,1.3204007,1.925982,0.60615075,0.9958833,0.15844168,0.92650646,0.12388936,1.1240216,1
ENSG00000171163,1.3373113,1.925982,1.0,0.9802383,0.1798895,0.92650646,-0.042061005,1.0838734,1
ENSG00000173812,1.3579273,2.3517962,0.6171391,1.0,0.20603697,1.4665709,0.1520876,1.0,1
ENSG00000173812,1.3768997,2.3517962,1.0,1.0,0.23009984,1.4665709,0.021260876,1.0,1
ENSG00000173812,1.3792226,2.3517962,1.0,0.090036005,0.23304611,1.4665709,-0.022151705,-1.2005652,1
ENSG00000109762,1.2958182,1.2509077,0.5994541,1.0,0.1272635,0.07030296,0.106704384,1.0,1
ENSG00000109762,1.2923282,1.2509077,0.6086318,1.0,0.12283713,0.07030296,0.13025618,1.0,1
ENSG00000109762,1.3000768,1.2509077,0.5976699,1.0,0.13266477,0.07030296,0.102125704,1.1345859,1
ENSG00000100211,1.3323088,1.149219,1.0,1.0,0.17354475,-0.05866967,0.032033782,1.0,1
ENSG00000100211,1.3308401,1.149219,1.0,0.16543818,0.17168202,-0.05866967,0.053038683,-1.007068,1
ENSG00000108395,1.3123163,1.3508292,0.5989447,1.0,0.14818811,0.19703448,0.10539718,1.0,1
ENSG00000108395,1.3065088,1.3508292,0.60689145,0.91091955,0.14082243,0.19703448,0.12579007,0.90598744,1
ENSG00000108395,1.3040789,1.3508292,0.5963134,0.08201057,0.13774058,0.19703448,0.09864479,-1.22116,1
ENSG00000108395,1.3100772,1.3508292,0.6071934,0.9873016,0.14534822,0.19703448,0.12656502,1.1019992,1
ENSG00000151151,1.2837,0.2671718,0.60899705,1.0,0.1118938,-1.177379,0.13119355,1.0,1
ENSG00000103852,1.2186354,0.056904912,1.0,1.0,0.029371727,-1.4440626,0.09655179,1.0,1
ENSG00000101189,1.3174143,1.193681,1.0,1.0,0.15465389,-0.0022781831,0.04733129,1.0,1
ENSG00000076108,1.2707641,1.8205298,1.0,1.0,0.09548712,0.7927604,-0.010218471,1.0,1
ENSG00000076108,1.267071,1.8205298,1.0,1.0,0.090803,0.7927604,0.019079056,1.0,1
ENSG00000076108,1.2677561,1.8205298,0.5997888,0.15889746,0.09167201,0.7927604,0.10756332,-1.0238528,1
ENSG00000112561,1.2548045,0.41664052,1.0,1.0,0.07524533,-0.9878063,0.020274408,1.0,1
ENSG00000112561,1.2637727,0.41664052,1.0,1.0,0.086619884,-0.9878063,-0.0036928616,1.0,1
ENSG00000112561,1.2695929,0.41664052,1.0,1.0,0.09400157,-0.9878063,-0.016129702,1.1345859,1
ENSG00000155621,1.3143908,0.845718,1.0,1.0,0.15081917,-0.4436031,0.10323164,1.0,1
ENSG00000155621,1.3143908,0.845718,1.0,1.0,0.15081917,-0.4436031,0.10323164,1.0,1
ENSG00000155621,1.3087825,0.845718,1.0,0.8650602,0.14370607,-0.4436031,-0.04540314,0.78830326,1
ENSG00000163577,1.3111435,1.0595634,1.0,1.0,0.14670074,-0.17238088,-0.03779426,1.0,1
ENSG00000163577,1.3083335,1.0595634,1.0,1.0,0.14313675,-0.17238088,0.058831368,1.0,1
ENSG00000182318,1.2891983,0.6273658,1.0,1.0,0.11886727,-0.7205413,0.16261439,1.0,1
ENSG00000214160,1.3079418,1.8798983,1.0,1.0,0.14263992,0.86805797,0.012978544,1.0,1
ENSG00000214160,1.311463,1.8798983,1.0,1.0,0.14710587,0.86805797,0.037660558,1.0,1
ENSG00000214160,1.3042806,1.8798983,1.0,1.0,0.13799639,0.86805797,0.012585649,1.0,1
ENSG00000214160,1.3042806,1.8798983,1.0,0.9729409,0.13799639,0.86805797,0.012585649,1.0651469,1
ENSG00000214160,1.3042806,1.8798983,1.0,0.996904,0.13799639,0.86805797,0.012585649,1.126641,1
ENSG00000149761,1.3142494,1.5317342,1.0,1.0,0.15063988,0.42647812,-0.036250968,1.0,1
ENSG00000149761,1.290521,1.5317342,0.587095,1.0,0.12054499,0.42647812,0.0749885,1.0,1
ENSG00000188549,1.2524188,-0.88605666,1.0,1.0,0.07221945,-2.64003,-0.009708378,1.0,1
ENSG00000163444,1.3240898,2.155427,1.0,1.0,0.16312051,1.2175139,0.029893171,1.0,1
ENSG00000163444,1.3302443,2.155427,0.6116287,1.0,0.1709264,1.2175139,0.13794689,1.0,1
ENSG00000174099,1.2480874,-0.9208188,0.58367467,1.0,0.06672593,-2.6841192,0.066211164,1.0,1
ENSG00000025800,1.2973087,1.4874212,1.0,1.0,0.12915388,0.37027538,0.023283435,1.0,1
ENSG00000025800,1.2946633,1.4874212,0.59814996,1.0,0.12579863,0.37027538,0.10335769,1.0,1
ENSG00000203778,1.2694037,1.0472748,0.62326795,1.0,0.09376165,-0.18796656,0.16781554,1.0,1
ENSG00000203778,1.2771616,1.0472748,1.0,1.0,0.103601046,-0.18796656,0.024150308,1.0,1
ENSG00000171530,1.3270845,2.0499153,1.0,1.0,0.16691884,1.0836923,0.14782767,1.0,1
ENSG00000171530,1.327905,2.0499153,0.6462406,0.995686,0.16795953,1.0836923,0.2267679,1.1235154,1
ENSG00000171530,1.3088562,2.0499153,0.5943129,0.006792605,0.14379968,1.0836923,0.09351112,-1.4141846,1
ENSG00000198156,1.232458,-0.6575773,1.0,1.0,0.046903007,-2.3502474,-0.01815955,1.0,1
ENSG00000198156,1.2226789,-0.6575773,1.0,1.0,0.0345002,-2.3502474,0.028285375,1.0,1
ENSG00000165555,1.2142402,-0.1487416,1.0,1.0,0.023797292,-1.7048861,0.015632616,1.0,1
ENSG00000100228,1.3340222,-0.9208188,1.0,1.0,0.17571783,-2.6841192,0.05310465,1.0,1
ENSG00000149257,1.2967117,1.8301394,1.0,1.0,0.12839669,0.8049482,0.059481505,1.0,1
ENSG00000149257,1.2967117,1.8301394,1.0,1.0,0.12839669,0.8049482,0.059481505,1.0,1
ENSG00000149257,1.2791944,1.8301394,1.0,1.0,0.10617927,0.8049482,-0.035945173,1.0,1
ENSG00000149257,1.284889,1.8301394,0.59243095,0.0038885474,0.11340184,0.8049482,0.088681534,-1.4216369,1
ENSG00000166716,1.2447731,0.8518696,1.0,1.0,0.062522404,-0.435801,-0.006968472,1.0,1
ENSG00000106397,1.3358705,1.3176455,1.0,1.0,0.1780621,0.15494724,-0.028917942,1.0,1
ENSG00000106397,1.3160721,1.3176455,0.574859,1.0,0.15295167,0.15494724,0.043588478,1.0,1
ENSG00000106397,1.3133706,1.3176455,0.5764888,1.0,0.14952527,0.15494724,0.047770835,1.0,1
ENSG00000106397,1.3143026,1.3176455,1.0,1.0,0.15070733,0.15494724,-0.016141277,1.0,1
ENSG00000134769,1.2415608,0.045323014,1.0,1.0,0.05844827,-1.458752,-0.05250928,1.0,1
ENSG00000064989,1.2266325,-0.9208188,1.0,1.0,0.03951444,-2.6841192,0.13073349,1.0,1
