,PredExpr,ActualExpr,PredPsi,ActualPsi,fold_idx
ENSG00000196388,1.4674895,-0.82390875,-0.21045116,1.0,1
ENSG00000164051,1.4226089,1.1099159,-0.20650001,1.0,1
ENSG00000064102,1.4864855,1.7070589,-0.29944998,1.0,1
ENSG00000064102,1.4877443,1.7070589,-0.2915157,1.0,1
ENSG00000064102,1.4850869,1.7070589,-0.29335415,1.0,1
ENSG00000117533,1.5327846,1.1296899,-0.32049713,1.0,1
ENSG00000117533,1.5328555,1.1296899,-0.32507733,1.0,1
ENSG00000089094,1.4289962,1.2591158,-0.24702975,1.0,1
ENSG00000089094,1.4251715,1.2591158,-0.2504467,1.0,1
ENSG00000089094,1.4281349,1.2591158,-0.24786332,0.88706565,1
ENSG00000138688,1.4247228,1.3364598,-0.24723598,1.0,1
ENSG00000138688,1.4240686,1.3364598,-0.23188028,1.0,1
ENSG00000138688,1.4243187,1.3364598,-0.2420358,0.72337043,1
ENSG00000129195,1.4182016,0.80821097,-0.18174249,1.0,1
ENSG00000129195,1.417246,0.80821097,-0.17869377,0.7982646,1
ENSG00000086758,1.476794,1.7985126,-0.30913267,0.82222223,1
ENSG00000133641,1.4257984,1.5317343,-0.19221066,1.0,1
ENSG00000133641,1.4203516,1.5317343,-0.20253241,1.0,1
ENSG00000133641,1.416283,1.5317343,-0.19430268,0.66042554,1
ENSG00000133641,1.4216057,1.5317343,-0.20762783,0.9412023,1
ENSG00000035928,1.4264432,1.2402996,-0.24155083,1.0,1
ENSG00000035928,1.4232805,1.2402996,-0.24082845,1.0,1
ENSG00000035928,1.4249041,1.2402996,-0.24016768,1.0,1
ENSG00000035928,1.425375,1.2402996,-0.23919916,0.0049850447,1
ENSG00000115594,1.3766222,0.30963016,-0.22695088,1.0,1
ENSG00000115594,1.3794111,0.30963016,-0.21410537,1.0,1
ENSG00000161509,1.3690255,-0.7695511,-0.22443888,1.0,1
ENSG00000169223,1.5020407,2.0322561,-0.27764067,1.0,1
ENSG00000001461,1.4927961,1.1351327,-0.23450637,1.0,1
ENSG00000001461,1.4922425,1.1351327,-0.2338801,0.633833,1
ENSG00000001461,1.492576,1.1351327,-0.23813725,0.031847134,1
ENSG00000164346,1.4320589,1.7139943,-0.2233001,1.0,1
ENSG00000164346,1.4240073,1.7139943,-0.23328403,0.78319883,1
ENSG00000196588,1.4297694,0.21484385,-0.23664978,1.0,1
ENSG00000206177,1.3717551,-0.79588,-0.14466855,1.0,1
ENSG00000078403,1.4537345,1.8405452,-0.2403278,1.0,1
ENSG00000078403,1.4577578,1.8405452,-0.24486896,1.0,1
ENSG00000078403,1.4596351,1.8405452,-0.24130082,0.8148855,1
ENSG00000078403,1.4554979,1.8405452,-0.24206194,0.0,1
ENSG00000078403,1.4565438,1.8405452,-0.24028069,0.02932761,1
ENSG00000078403,1.4546673,1.8405452,-0.23827994,0.017422749,1
ENSG00000078403,1.4591407,1.8405452,-0.243909,0.97775596,1
ENSG00000078403,1.4552606,1.8405452,-0.24068499,0.014512318,1
ENSG00000031003,1.4686855,1.0569048,-0.2656323,1.0,1
ENSG00000031003,1.4655143,1.0569048,-0.26815352,1.0,1
ENSG00000031003,1.4739889,1.0569048,-0.2692588,0.9566075,1
ENSG00000031003,1.4681095,1.0569048,-0.27368245,0.043392505,1
ENSG00000031003,1.4708463,1.0569048,-0.27564704,0.9566075,1
ENSG00000031003,1.4697055,1.0569048,-0.27409256,0.0,1
ENSG00000102755,1.3560086,0.075546965,-0.20779586,1.0,1
ENSG00000102755,1.3580903,0.075546965,-0.21548355,1.0,1
ENSG00000004534,1.451881,1.6112983,-0.22165099,1.0,1
ENSG00000004534,1.449518,1.6112983,-0.21823293,0.51549053,1
ENSG00000004534,1.4478818,1.6112983,-0.2214323,0.71464777,1
ENSG00000004534,1.4506798,1.6112983,-0.22266653,0.9532909,1
ENSG00000004534,1.4516913,1.6112983,-0.21798223,0.779549,1
ENSG00000004534,1.446885,1.6112983,-0.21564826,0.0056254137,1
ENSG00000119927,1.4113102,0.69548166,-0.22149342,1.0,1
ENSG00000119927,1.4129711,0.69548166,-0.22803637,1.0,1
ENSG00000119927,1.4157826,0.69548166,-0.2357055,1.0,1
ENSG00000096872,1.4314176,0.8469553,-0.18257973,1.0,1
ENSG00000152782,1.3950441,0.8668778,-0.22387305,1.0,1
ENSG00000152782,1.3861932,0.8668778,-0.227555,1.0,1
ENSG00000152782,1.3943063,0.8668778,-0.21601236,1.0,1
ENSG00000152782,1.394547,0.8668778,-0.21817985,0.9722922,1
ENSG00000197566,1.3859009,-0.013228266,-0.2255995,1.0,1
ENSG00000170584,1.4900429,1.5811529,-0.3519874,1.0,1
ENSG00000170584,1.4899534,1.5811529,-0.3535305,1.0,1
ENSG00000142207,1.4689329,1.0068938,-0.33161917,1.0,1
ENSG00000142207,1.4680475,1.0068938,-0.32715586,1.0,1
ENSG00000162772,1.4852536,0.99825937,-0.31125444,0.0077021825,1
ENSG00000188157,1.4346129,1.3543006,-0.27401143,1.0,1
ENSG00000034677,1.452915,1.3277675,-0.2786373,1.0,1
ENSG00000034677,1.4527671,1.3277675,-0.27807656,1.0,1
ENSG00000034677,1.4513373,1.3277675,-0.27926984,0.9159975,1
ENSG00000104853,1.5074409,1.5117497,-0.33070323,1.0,1
ENSG00000104853,1.5062407,1.5117497,-0.33079153,1.0,1
ENSG00000116668,1.4753461,0.4065402,-0.25612,1.0,1
ENSG00000051341,1.41598,0.8920946,-0.19753061,1.0,1
ENSG00000051341,1.4101472,0.8920946,-0.18983737,1.0,1
ENSG00000135605,1.5015349,0.85733247,-0.28299257,1.0,1
ENSG00000143774,1.5349764,2.2415962,-0.25440732,1.0,1
ENSG00000143774,1.5349764,2.2415962,-0.25440732,1.0,1
ENSG00000143774,1.5348593,2.2415962,-0.25469264,1.0,1
ENSG00000143774,1.5346414,2.2415962,-0.2528453,1.0,1
ENSG00000143774,1.5345958,2.2415962,-0.25605235,0.15867049,1
ENSG00000143774,1.5355059,2.2415962,-0.25371048,0.9343574,1
ENSG00000140740,1.5153664,2.5661428,-0.36064276,1.0,1
ENSG00000065243,1.4729934,1.1958996,-0.28616714,1.0,1
ENSG00000065243,1.4737118,1.1958996,-0.28817955,1.0,1
ENSG00000065243,1.4763969,1.1958996,-0.29438636,1.0,1
ENSG00000065243,1.4708444,1.1958996,-0.2899498,1.0,1
ENSG00000065243,1.4696568,1.1958996,-0.28939173,0.99837,1
ENSG00000178852,1.4520694,-0.06550155,-0.25569943,1.0,1
ENSG00000178852,1.4522027,-0.06550155,-0.2566757,1.0,1
ENSG00000178852,1.4518954,-0.06550155,-0.25222063,1.0,1
ENSG00000186198,1.3667771,-0.92081875,-0.12999447,1.0,1
ENSG00000135048,1.3976188,1.34183,-0.19630075,1.0,1
ENSG00000175550,1.4669608,1.4536241,-0.15280943,1.0,1
ENSG00000108829,1.4718252,2.0370278,-0.25681004,1.0,1
ENSG00000108829,1.4723936,2.0370278,-0.25282648,1.0,1
ENSG00000108829,1.472201,2.0370278,-0.25427872,1.0,1
ENSG00000108829,1.4730872,2.0370278,-0.25334534,1.0,1
ENSG00000108829,1.4720541,2.0370278,-0.25577876,1.0,1
ENSG00000162522,1.4479505,0.92737037,-0.2502722,1.0,1
ENSG00000162522,1.4457492,0.92737037,-0.25087276,1.0,1
ENSG00000115165,1.3559805,-0.7695511,-0.13605908,1.0,1
ENSG00000115165,1.3582549,-0.7695511,-0.1449719,1.0,1
ENSG00000115165,1.3558437,-0.7695511,-0.13739464,1.0,1
ENSG00000143303,1.4840399,1.5156089,-0.26117486,1.0,1
ENSG00000143303,1.4839865,1.5156089,-0.2621332,1.0,1
ENSG00000181638,1.4475282,0.4756712,-0.29649216,1.0,1
ENSG00000181638,1.4475282,0.4756712,-0.29649216,1.0,1
ENSG00000214046,1.5537791,1.8994921,-0.313786,1.0,1
ENSG00000214046,1.5512377,1.8994921,-0.3165925,0.0060396893,1
ENSG00000214046,1.5519339,1.8994921,-0.31434938,0.7411935,1
ENSG00000059691,1.4390386,1.3529539,-0.19580404,1.0,1
ENSG00000148660,1.4765438,1.4977587,-0.2681848,1.0,1
ENSG00000148660,1.4754328,1.4977587,-0.26819834,1.0,1
ENSG00000148660,1.4761299,1.4977587,-0.2671062,1.0,1
ENSG00000148660,1.4766576,1.4977587,-0.26972294,0.09283196,1
ENSG00000148660,1.4754918,1.4977587,-0.26821437,0.087190524,1
ENSG00000165029,1.3508121,-0.9586073,-0.20211938,1.0,1
ENSG00000165029,1.3532324,-0.9586073,-0.20651685,1.0,1
ENSG00000165029,1.3564688,-0.9586073,-0.2091788,1.0,1
ENSG00000165029,1.3515859,-0.9586073,-0.21179381,1.0,1
ENSG00000180998,1.4191245,-0.65757734,-0.15396339,1.0,1
ENSG00000180998,1.4307009,-0.65757734,-0.16076133,1.0,1
ENSG00000185250,1.4553486,-0.1426675,-0.1917257,1.0,1
ENSG00000055483,1.472695,1.3500541,-0.33185557,1.0,1
ENSG00000165704,1.4676521,1.837904,-0.25284767,1.0,1
ENSG00000165704,1.4726728,1.837904,-0.25413814,1.0,1
ENSG00000059804,1.4300413,2.4926348,-0.23613438,1.0,1
ENSG00000143627,1.4248226,1.415641,-0.18084927,1.0,1
ENSG00000143627,1.4239408,1.415641,-0.18019855,1.0,1
ENSG00000143627,1.425011,1.415641,-0.17988308,1.0,1
ENSG00000143627,1.4277828,1.415641,-0.17827386,1.0,1
ENSG00000136802,1.4492778,0.9116902,-0.29258683,0.44444445,1
ENSG00000166002,1.4256583,0.924796,-0.16137649,1.0,1
ENSG00000101412,1.4435822,1.1038038,-0.21994486,1.0,1
ENSG00000101412,1.4399147,1.1038038,-0.22210631,1.0,1
ENSG00000068489,1.4954604,1.7180862,-0.27811977,1.0,1
ENSG00000068489,1.4995521,1.7180862,-0.28615493,1.0,1
ENSG00000145390,1.4587499,0.8182259,-0.2831166,1.0,1
ENSG00000145390,1.4593424,0.8182259,-0.27976343,1.0,1
ENSG00000145390,1.4604169,0.8182259,-0.2767979,1.0,1
ENSG00000145390,1.4516431,0.8182259,-0.27241412,1.0,1
ENSG00000168575,1.4609683,1.4563661,-0.25328603,1.0,1
ENSG00000168575,1.4585136,1.4563661,-0.25187677,1.0,1
ENSG00000104613,1.474121,1.9760288,-0.2541879,1.0,1
ENSG00000104613,1.4755243,1.9760288,-0.25151312,0.9973815,1
ENSG00000101282,1.3514842,-0.9586073,-0.17562462,1.0,1
ENSG00000100276,1.3510113,-0.38721615,-0.18979025,1.0,1
ENSG00000136371,1.4645995,1.7207379,-0.22026834,1.0,1
ENSG00000133243,1.3973147,1.2084414,-0.19840436,1.0,1
ENSG00000133243,1.3925512,1.2084414,-0.20095608,1.0,1
ENSG00000156860,1.4559909,0.83884907,-0.2857994,1.0,1
ENSG00000156860,1.4549748,0.83884907,-0.28535372,1.0,1
ENSG00000157613,1.4008309,0.25767857,-0.16457716,1.0,1
ENSG00000157613,1.4009787,0.25767857,-0.1628533,1.0,1
ENSG00000132953,1.4290369,1.1003705,-0.25317258,1.0,1
ENSG00000156795,1.5000038,1.2472365,-0.27111384,1.0,1
ENSG00000156795,1.5001386,1.2472365,-0.27335954,0.44016394,1
ENSG00000156795,1.5004752,1.2472365,-0.27064255,0.819928,1
ENSG00000123144,1.4760934,2.0587676,-0.22608998,1.0,1
ENSG00000123144,1.4756044,2.0587676,-0.22645754,1.0,1
ENSG00000167333,1.4463099,0.71011734,-0.26839513,1.0,1
ENSG00000132963,1.504327,1.8678797,-0.25714245,1.0,1
ENSG00000143624,1.5293185,1.3123889,-0.36931676,1.0,1
ENSG00000143624,1.5286913,1.3123889,-0.36708283,1.0,1
ENSG00000143624,1.5285676,1.3123889,-0.36786523,0.31625,1
ENSG00000143624,1.5311321,1.3123889,-0.3647991,0.17875,1
ENSG00000100147,1.4774352,0.6095944,-0.21050732,1.0,1
ENSG00000151348,1.4020553,1.6004283,-0.20973048,1.0,1
ENSG00000151348,1.4022809,1.6004283,-0.20356587,1.0,1
ENSG00000151348,1.4014484,1.6004283,-0.20931196,1.0,1
ENSG00000152465,1.4574944,0.6683859,-0.26264843,1.0,1
ENSG00000152465,1.4540509,0.6683859,-0.26298627,1.0,1
ENSG00000152465,1.4530622,0.6683859,-0.26516685,0.24,1
ENSG00000125351,1.4673146,1.3372595,-0.2824331,1.0,1
ENSG00000125351,1.4656565,1.3372595,-0.28580832,0.6180621,1
ENSG00000181826,1.443371,-0.055517327,-0.18777251,1.0,1
ENSG00000110090,1.3944128,0.52244425,-0.20592254,1.0,1
ENSG00000178952,1.4782156,2.1879153,-0.25729907,1.0,1
ENSG00000178952,1.4770802,2.1879153,-0.25857225,1.0,1
ENSG00000131504,1.4627415,2.0841472,-0.28333244,1.0,1
ENSG00000131504,1.4619602,2.0841472,-0.28259435,1.0,1
ENSG00000198018,1.4576341,1.000434,-0.2535535,1.0,1
ENSG00000198018,1.4579538,1.000434,-0.25171465,1.0,1
ENSG00000127452,1.4705604,1.3841741,-0.28286678,1.0,1
ENSG00000127452,1.4681329,1.3841741,-0.28640857,0.2110984,1
ENSG00000127452,1.4706532,1.3841741,-0.28293964,0.9470069,1
ENSG00000160447,1.4579277,1.2981979,-0.24712309,1.0,1
ENSG00000160447,1.456211,1.2981979,-0.24690008,1.0,1
ENSG00000160447,1.4558934,1.2981979,-0.24975675,1.0,1
ENSG00000092978,1.350294,0.025305865,-0.20556666,1.0,1
ENSG00000119787,1.4882449,1.7223871,-0.24550813,1.0,1
ENSG00000119787,1.487271,1.7223871,-0.24946743,1.0,1
ENSG00000119787,1.486988,1.7223871,-0.2536939,1.0,1
ENSG00000119787,1.4854798,1.7223871,-0.2500749,1.0,1
ENSG00000140367,1.513001,1.1370374,-0.28553104,1.0,1
ENSG00000140367,1.5129608,1.1370374,-0.27808234,0.91013384,1
ENSG00000182307,1.4424146,1.6290016,-0.22518328,1.0,1
ENSG00000174996,1.4508756,0.9180303,-0.25439352,1.0,1
ENSG00000174996,1.4485799,0.9180303,-0.2585226,1.0,1
ENSG00000136950,1.5019394,1.7786577,-0.29246846,1.0,1
ENSG00000113721,1.3714899,0.021189298,-0.22632769,1.0,1
ENSG00000135090,1.459986,1.6541766,-0.24515155,1.0,1
ENSG00000135090,1.4600577,1.6541766,-0.25110966,1.0,1
ENSG00000135090,1.4593302,1.6541766,-0.24698105,1.0,1
ENSG00000135090,1.4579492,1.6541766,-0.24521044,0.9892819,1
ENSG00000135090,1.4578849,1.6541766,-0.24708316,0.0,1
ENSG00000073605,1.3663949,0.65417653,-0.15797642,1.0,1
ENSG00000073605,1.36981,0.65417653,-0.15910202,1.0,1
ENSG00000073605,1.367298,0.65417653,-0.15563774,0.615,1
ENSG00000198961,1.4702623,1.774298,-0.30499658,1.0,1
ENSG00000198961,1.4743854,1.774298,-0.31611624,1.0,1
ENSG00000198961,1.4775406,1.774298,-0.3136576,1.0,1
ENSG00000198961,1.4709674,1.774298,-0.312563,1.0,1
ENSG00000167851,1.3744329,0.923244,-0.18546407,1.0,1
ENSG00000167851,1.3724972,0.923244,-0.18437412,0.8367953,1
ENSG00000167851,1.3732201,0.923244,-0.18404736,0.8938307,1
ENSG00000182359,1.4370635,1.071882,-0.21599844,1.0,1
ENSG00000065029,1.518078,1.2143139,-0.36018026,1.0,1
ENSG00000065029,1.516868,1.2143139,-0.35975134,0.7513089,1
ENSG00000048140,1.4938198,1.5133508,-0.2841668,1.0,1
ENSG00000048140,1.4958967,1.5133508,-0.28138453,0.6748182,1
ENSG00000101868,1.4559258,1.0098757,-0.23042321,1.0,1
ENSG00000219200,1.4633166,1.7158363,-0.20989475,1.0,1
ENSG00000219200,1.4649471,1.7158363,-0.20921879,0.0016972165,1
ENSG00000099381,1.4911453,0.33845648,-0.35307837,1.0,1
ENSG00000099381,1.4915544,0.33845648,-0.35271087,1.0,1
ENSG00000166225,1.447323,0.8413595,-0.14833659,0.12037037,1
ENSG00000254469,1.5056857,0.90091306,-0.33721605,1.0,1
ENSG00000254469,1.5046966,0.90091306,-0.33760428,1.0,1
ENSG00000177156,1.4839119,2.525589,-0.2390176,1.0,1
ENSG00000091527,1.4423133,1.7554938,-0.23939893,1.0,1
ENSG00000091527,1.4349304,1.7554938,-0.2342548,1.0,1
ENSG00000213965,1.4476678,0.90036714,-0.24092048,1.0,1
ENSG00000110367,1.4939605,1.6816934,-0.33386406,1.0,1
ENSG00000164002,1.3853683,0.35602584,-0.2157129,1.0,1
ENSG00000164002,1.3839988,0.35602584,-0.21990022,0.5652174,1
ENSG00000103067,1.3630686,-0.85387194,-0.209073,1.0,1
ENSG00000103067,1.3650129,-0.85387194,-0.21014051,1.0,1
ENSG00000188785,1.4517895,0.7678976,-0.24969119,1.0,1
ENSG00000188785,1.4507508,0.7678976,-0.24682337,0.65068495,1
ENSG00000021776,1.4328363,1.666518,-0.25041974,1.0,1
ENSG00000021776,1.432653,1.666518,-0.24268025,1.0,1
ENSG00000021776,1.4338676,1.666518,-0.24868912,1.0,1
ENSG00000007080,1.4936265,1.4922014,-0.2827808,1.0,1
ENSG00000007080,1.494171,1.4922014,-0.28140405,1.0,1
ENSG00000107282,1.3470141,-0.9586073,-0.2315248,1.0,1
ENSG00000107282,1.3453645,-0.9586073,-0.21978891,1.0,1
ENSG00000107282,1.3398417,-0.9586073,-0.21752378,1.0,1
ENSG00000107282,1.3447474,-0.9586073,-0.21184792,1.0,1
ENSG00000107282,1.3492358,-0.9586073,-0.21799669,1.0,1
ENSG00000107282,1.3502021,-0.9586073,-0.21040863,1.0,1
ENSG00000107282,1.3431934,-0.9586073,-0.22074133,1.0,1
ENSG00000107282,1.3423114,-0.9586073,-0.22876778,1.0,1
ENSG00000107282,1.3419417,-0.9586073,-0.23300955,1.0,1
ENSG00000107282,1.3346859,-0.9586073,-0.23905614,1.0,1
ENSG00000151849,1.4297799,0.9689497,-0.22403184,1.0,1
ENSG00000151849,1.4319912,0.9689497,-0.22162506,0.27564102,1
ENSG00000151849,1.4293393,0.9689497,-0.2294833,0.1931624,1
ENSG00000161999,1.4652604,1.3394514,-0.25763378,1.0,1
ENSG00000161999,1.4653906,1.3394514,-0.25743917,1.0,1
ENSG00000161999,1.4654355,1.3394514,-0.25722846,0.9972452,1
ENSG00000161999,1.4654456,1.3394514,-0.2573196,0.97651935,1
ENSG00000084207,1.4902517,2.8746383,-0.23849285,1.0,1
ENSG00000173914,1.4601214,1.4974825,-0.2866339,1.0,1
ENSG00000173914,1.4578671,1.4974825,-0.28664654,1.0,1
ENSG00000132475,1.5151144,2.6859386,-0.18470098,1.0,1
ENSG00000132475,1.5138083,2.6859386,-0.1879435,1.0,1
ENSG00000143198,1.5320628,1.936564,-0.28592762,1.0,1
ENSG00000143198,1.5308696,1.936564,-0.28508344,0.04818042,1
ENSG00000072849,1.487954,1.4355259,-0.28463086,1.0,1
ENSG00000204580,1.4521519,1.0813473,-0.26221335,1.0,1
ENSG00000204580,1.4500376,1.0813473,-0.26589623,0.8942308,1
ENSG00000204580,1.4514298,1.0813473,-0.2627299,0.994302,1
ENSG00000204580,1.4506108,1.0813473,-0.26414722,0.60818714,1
ENSG00000204580,1.4519886,1.0813473,-0.26145437,1.0,1
ENSG00000116254,1.3620737,-0.65757734,-0.23605335,1.0,1
ENSG00000186625,1.5027708,1.7259116,-0.31901762,1.0,1
ENSG00000186625,1.502375,1.7259116,-0.32018715,0.98672086,1
ENSG00000162664,1.5035999,1.3756636,-0.33375213,1.0,1
ENSG00000178741,1.4897887,2.3764675,-0.21371692,1.0,1
ENSG00000196187,1.5135009,1.6333674,-0.31470087,1.0,1
ENSG00000196187,1.512755,1.6333674,-0.315993,1.0,1
ENSG00000196187,1.5142776,1.6333674,-0.31425622,1.0,1
ENSG00000196187,1.513666,1.6333674,-0.3143493,1.0,1
ENSG00000011426,1.5027937,1.5304558,-0.39477462,1.0,1
ENSG00000011426,1.5007747,1.5304558,-0.39409184,0.6277732,1
ENSG00000100591,1.4811131,2.1271372,-0.21387713,1.0,1
ENSG00000214113,1.5008187,1.7266457,-0.23650792,1.0,1
ENSG00000214113,1.5006458,1.7266457,-0.2371819,1.0,1
ENSG00000214113,1.5006458,1.7266457,-0.2371819,1.0,1
ENSG00000214113,1.4959027,1.7266457,-0.2413649,0.03448276,1
ENSG00000214113,1.5006458,1.7266457,-0.2371819,0.22197056,1
ENSG00000175087,1.4624687,1.2853322,-0.31827664,1.0,1
ENSG00000175087,1.462216,1.2853322,-0.32133147,0.7629428,1
ENSG00000214226,1.46955,-0.4685211,-0.22140393,1.0,1
ENSG00000133687,1.3517892,-0.92081875,-0.18662576,1.0,1
ENSG00000097021,1.4875077,1.653309,-0.2617829,1.0,1
ENSG00000097021,1.4870962,1.653309,-0.2588752,0.0004453351,1
ENSG00000097021,1.487265,1.653309,-0.25889292,0.0,1
ENSG00000091140,1.5111806,2.390988,-0.38710144,1.0,1
ENSG00000091140,1.5104868,2.390988,-0.38860753,0.99671054,1
ENSG00000091140,1.5117732,2.390988,-0.38434055,0.34823135,1
ENSG00000091140,1.5111929,2.390988,-0.3870655,0.9532101,1
ENSG00000176783,1.4781243,1.3447851,-0.254418,1.0,1
ENSG00000176783,1.4779028,1.3447851,-0.2542103,1.0,1
ENSG00000176783,1.476285,1.3447851,-0.25615457,1.0,1
ENSG00000176783,1.4792361,1.3447851,-0.25586063,0.02800249,1
ENSG00000186105,1.3662463,-0.008773924,-0.1776614,1.0,1
ENSG00000148481,1.4601732,1.1501422,-0.23958895,1.0,1
ENSG00000148481,1.46052,1.1501422,-0.23320231,1.0,1
ENSG00000148481,1.4620965,1.1501422,-0.2368479,0.65520835,1
ENSG00000106144,1.5219077,1.4601458,-0.45474434,1.0,1
ENSG00000106144,1.5219079,1.4601458,-0.45449635,0.1117717,1
ENSG00000100246,1.4714468,0.78675145,-0.22555512,1.0,1
ENSG00000203666,1.519359,1.361539,-0.29677296,1.0,1
ENSG00000198746,1.4732972,0.70243055,-0.28080103,1.0,1
ENSG00000036257,1.4162533,1.4462264,-0.22359726,1.0,1
ENSG00000139154,1.4214455,0.854913,-0.2029663,1.0,1
ENSG00000111664,1.385238,0.54406804,-0.19156066,1.0,1
ENSG00000176386,1.4852252,1.4613484,-0.25400016,1.0,1
ENSG00000110422,1.4353348,0.8382192,-0.28525567,1.0,1
ENSG00000110422,1.4341879,0.8382192,-0.26924798,0.0,1
ENSG00000155629,1.3659828,0.48713836,-0.22071394,1.0,1
ENSG00000155629,1.3656987,0.48713836,-0.22206214,1.0,1
ENSG00000143971,1.4175938,0.84323275,-0.22125503,1.0,1
ENSG00000143971,1.4008781,0.84323275,-0.22448409,1.0,1
ENSG00000143971,1.4212393,0.84323275,-0.21519929,1.0,1
ENSG00000143971,1.4089378,0.84323275,-0.23064277,1.0,1
ENSG00000204116,1.3458923,-0.1426675,-0.17254138,1.0,1
ENSG00000108788,1.506178,1.6017342,-0.32676128,1.0,1
ENSG00000108788,1.5067829,1.6017342,-0.32705018,0.86434233,1
ENSG00000108788,1.5083345,1.6017342,-0.32478502,0.9323077,1
ENSG00000054967,1.4572474,0.88252455,-0.2661553,1.0,1
ENSG00000054967,1.4575027,0.88252455,-0.26475474,1.0,1
ENSG00000086598,1.4723945,2.15567,-0.2725186,1.0,1
ENSG00000090520,1.5208873,1.4382259,-0.3078898,1.0,1
ENSG00000138785,1.4561017,1.5969268,-0.21707997,1.0,1
ENSG00000138785,1.4512944,1.5969268,-0.20552559,0.79923224,1
ENSG00000144354,1.4881866,1.980912,-0.3093055,1.0,1
ENSG00000144354,1.4891367,1.980912,-0.31857032,0.9986503,1
ENSG00000144354,1.4887998,1.980912,-0.31322935,0.12868,1
ENSG00000144354,1.4888073,1.980912,-0.31670567,0.0,1
ENSG00000144354,1.4897164,1.980912,-0.31828734,0.9874893,1
ENSG00000173064,1.4437603,1.0277572,-0.26464817,1.0,1
ENSG00000173064,1.4451684,1.0277572,-0.26289967,1.0,1
ENSG00000089597,1.5083479,2.3546846,-0.29471293,1.0,1
ENSG00000089597,1.5047804,2.3546846,-0.29805037,0.57593465,1
ENSG00000089597,1.5074896,2.3546846,-0.29462495,0.60455555,1
ENSG00000119950,1.3920071,1.2789822,-0.17795718,1.0,1
ENSG00000121210,1.4960233,0.8864907,-0.25381026,1.0,1
ENSG00000183814,1.509538,1.3436055,-0.32394758,1.0,1
ENSG00000183814,1.5113012,1.3436055,-0.32740232,1.0,1
ENSG00000183814,1.5114793,1.3436055,-0.3284711,0.260631,1
ENSG00000143756,1.474835,1.2491983,-0.28618798,1.0,1
ENSG00000143756,1.4742104,1.2491983,-0.28623405,1.0,1
ENSG00000143756,1.473985,1.2491983,-0.2879027,0.7693981,1
ENSG00000143756,1.4742104,1.2491983,-0.28623405,0.93233746,1
ENSG00000171428,1.3987354,0.8027737,-0.22455987,0.28664497,1
ENSG00000220201,1.375984,0.3283796,-0.18238224,1.0,1
ENSG00000111877,1.4629663,0.9652017,-0.26234755,1.0,1
ENSG00000111877,1.4599489,0.9652017,-0.25748193,1.0,1
ENSG00000001630,1.4830996,1.3838154,-0.33190742,1.0,1
ENSG00000001630,1.485867,1.3838154,-0.3345944,1.0,1
ENSG00000001630,1.4841013,1.3838154,-0.32801092,1.0,1
ENSG00000100401,1.4687554,1.7291648,-0.257215,1.0,1
ENSG00000100401,1.4678162,1.7291648,-0.2533318,1.0,1
ENSG00000100401,1.4690722,1.7291648,-0.25841084,1.0,1
ENSG00000075399,1.4499198,0.20139712,-0.25151446,1.0,1
ENSG00000075399,1.449896,0.20139712,-0.25178543,1.0,1
ENSG00000188321,1.4100424,1.1274288,-0.20188478,1.0,1
ENSG00000188321,1.4101218,1.1274288,-0.20455536,1.0,1
ENSG00000188321,1.4164263,1.1274288,-0.19861941,1.0,1
ENSG00000188321,1.4167093,1.1274288,-0.20363896,0.6631944,1
ENSG00000188321,1.4113889,1.1274288,-0.21280982,0.48128343,1
ENSG00000161036,1.5147096,1.3253103,-0.29753378,1.0,1
ENSG00000161036,1.5128623,1.3253103,-0.29847935,1.0,1
ENSG00000161036,1.5146236,1.3253103,-0.29983518,1.0,1
ENSG00000161036,1.515719,1.3253103,-0.29736406,1.0,1
ENSG00000196296,1.3679976,0.25285304,-0.17823386,1.0,1
ENSG00000196296,1.3710421,0.25285304,-0.1750572,1.0,1
ENSG00000028528,1.4785874,1.7551886,-0.2724978,1.0,1
ENSG00000169641,1.4278368,0.9268567,-0.2694717,1.0,1
ENSG00000173457,1.4921277,2.176236,-0.23272333,1.0,1
ENSG00000059122,1.4232711,0.763428,-0.26728305,1.0,1
ENSG00000059122,1.4234935,0.763428,-0.26798615,1.0,1
ENSG00000135940,1.519837,2.6450388,-0.29052225,1.0,1
ENSG00000135940,1.5185829,2.6450388,-0.28419918,1.0,1
ENSG00000159792,1.4583734,1.1348144,-0.298385,1.0,1
ENSG00000163312,1.4965583,0.9894498,-0.31921142,1.0,1
ENSG00000163312,1.494672,0.9894498,-0.32307783,1.0,1
ENSG00000163312,1.4953971,0.9894498,-0.3237868,0.8890845,1
ENSG00000163312,1.4955863,0.9894498,-0.3267211,0.62147886,1
ENSG00000152689,1.3764703,0.033423755,-0.1838837,1.0,1
ENSG00000145029,1.4730171,0.86746746,-0.2243565,1.0,1
ENSG00000145029,1.4675487,0.86746746,-0.23037949,1.0,1
ENSG00000145029,1.4710444,0.86746746,-0.22469881,0.91604936,1
ENSG00000171824,1.514668,1.8664055,-0.26600322,1.0,1
ENSG00000171824,1.516751,1.8664055,-0.2660012,1.0,1
ENSG00000171824,1.5137062,1.8664055,-0.2663187,1.0,1
ENSG00000171824,1.5144343,1.8664055,-0.2696987,0.99113804,1
ENSG00000130270,1.4886862,0.94101423,-0.30595747,1.0,1
ENSG00000163945,1.4908768,0.63346845,-0.35953525,1.0,1
ENSG00000163945,1.4905533,0.63346845,-0.3633332,1.0,1
ENSG00000163945,1.4901729,0.63346845,-0.36374968,1.0,1
ENSG00000163945,1.4929186,0.63346845,-0.35782412,0.32214764,1
ENSG00000170412,1.3664865,1.5692568,-0.19769675,1.0,1
ENSG00000211584,1.4455159,1.0216027,-0.23233637,1.0,1
ENSG00000205643,1.4521083,0.95182306,-0.22277221,1.0,1
ENSG00000205643,1.451809,0.95182306,-0.22311711,1.0,1
ENSG00000205643,1.4519757,0.95182306,-0.22177005,1.0,1
ENSG00000164647,1.3546151,0.14612803,-0.17594147,1.0,1
ENSG00000164647,1.3503535,0.14612803,-0.16956869,1.0,1
ENSG00000164647,1.3498788,0.14612803,-0.16720758,1.0,1
ENSG00000054116,1.5098661,2.025101,-0.30965245,1.0,1
ENSG00000102547,1.4421309,0.30963016,-0.2362571,1.0,1
ENSG00000102547,1.4418851,0.30963016,-0.230064,1.0,1
ENSG00000102547,1.4419476,0.30963016,-0.22947934,1.0,1
ENSG00000102547,1.4395107,0.30963016,-0.22770897,1.0,1
ENSG00000102547,1.4400076,0.30963016,-0.22763076,1.0,1
ENSG00000102547,1.4397782,0.30963016,-0.22094205,1.0,1
ENSG00000163634,1.461047,1.7580788,-0.21059866,1.0,1
ENSG00000163634,1.4542723,1.7580788,-0.20827997,1.0,1
ENSG00000163634,1.4545413,1.7580788,-0.2096982,0.95077354,1
ENSG00000168765,1.4935944,1.604118,-0.2663807,1.0,1
ENSG00000168765,1.4920722,1.604118,-0.26863298,1.0,1
ENSG00000168765,1.4958867,1.604118,-0.27193013,1.0,1
ENSG00000168765,1.4957134,1.604118,-0.2684816,0.88014024,1
ENSG00000147573,1.3546455,-0.82390875,-0.1520842,1.0,1
ENSG00000145191,1.4802815,1.8125123,-0.27964684,1.0,1
ENSG00000145191,1.4796693,1.8125123,-0.27943894,0.43935052,1
ENSG00000121989,1.4005215,-0.04095861,-0.20483229,1.0,1
ENSG00000105186,1.476392,1.7085909,-0.27087155,1.0,1
ENSG00000136295,1.4606487,0.41664052,-0.28828397,1.0,1
ENSG00000136295,1.4609585,0.41664052,-0.2883571,1.0,1
ENSG00000136295,1.4603814,0.41664052,-0.2885238,0.0,1
ENSG00000085511,1.4807159,1.512551,-0.2881847,1.0,1
ENSG00000085511,1.4820774,1.512551,-0.2868515,1.0,1
ENSG00000085511,1.4811963,1.512551,-0.28924522,0.008333334,1
ENSG00000085511,1.4824774,1.512551,-0.28822836,0.325,1
ENSG00000085511,1.4840442,1.512551,-0.28786078,0.1582015,1
ENSG00000136928,1.353382,-0.55284196,-0.20452598,1.0,1
ENSG00000136928,1.353382,-0.55284196,-0.20452598,1.0,1
ENSG00000168389,1.3838022,-0.7212464,-0.18121244,1.0,1
ENSG00000151929,1.428537,0.4785665,-0.22350645,1.0,1
ENSG00000151929,1.4253567,0.4785665,-0.22656971,1.0,1
ENSG00000173120,1.47797,1.2915908,-0.32584056,1.0,1
ENSG00000173120,1.4780025,1.2915908,-0.32890034,1.0,1
ENSG00000173120,1.4793036,1.2915908,-0.32886615,1.0,1
ENSG00000173120,1.4793223,1.2915908,-0.3314714,0.046104927,1
ENSG00000101350,1.4066571,0.88252455,-0.25251365,1.0,1
ENSG00000172262,1.4788498,1.7367151,-0.28244463,1.0,1
ENSG00000172262,1.4773282,1.7367151,-0.28291354,1.0,1
ENSG00000172262,1.4788498,1.7367151,-0.28244463,0.97178423,1
ENSG00000172262,1.4773282,1.7367151,-0.28291354,0.9735376,1
ENSG00000134152,1.461291,1.5404546,-0.19574383,1.0,1
ENSG00000134152,1.4605274,1.5404546,-0.20433559,1.0,1
ENSG00000134152,1.4605274,1.5404546,-0.20433559,1.0,1
ENSG00000134152,1.4605274,1.5404546,-0.20433559,1.0,1
ENSG00000134152,1.4567965,1.5404546,-0.20994607,0.70695287,1
ENSG00000134152,1.4574536,1.5404546,-0.2132441,0.9906673,1
ENSG00000171940,1.401471,0.98407704,-0.23681575,1.0,1
ENSG00000171940,1.403329,0.98407704,-0.23620138,1.0,1
ENSG00000171940,1.404113,0.98407704,-0.2363267,0.8447205,1
ENSG00000025293,1.4651769,1.5284024,-0.25820318,0.0,1
ENSG00000025293,1.4655997,1.5284024,-0.25525805,0.010726073,1
ENSG00000025293,1.4630145,1.5284024,-0.25794777,0.9834711,1
ENSG00000213672,1.4236077,1.3752978,-0.23092175,1.0,1
ENSG00000213672,1.4205493,1.3752978,-0.23641106,1.0,1
ENSG00000109606,1.468663,2.2973008,-0.27060598,1.0,1
ENSG00000109606,1.4654318,2.2973008,-0.26704198,1.0,1
ENSG00000109606,1.4614445,2.2973008,-0.26922286,1.0,1
ENSG00000109606,1.4656286,2.2973008,-0.2803629,0.9932211,1
ENSG00000196365,1.5100647,1.8886849,-0.35750753,1.0,1
ENSG00000196365,1.509968,1.8886849,-0.36075792,0.7721822,1
ENSG00000196365,1.5099248,1.8886849,-0.36126232,0.29889297,1
ENSG00000182858,1.4383957,0.41995576,-0.27128688,1.0,1
ENSG00000138615,1.3574476,-0.88605666,-0.23027566,1.0,1
ENSG00000138615,1.3575989,-0.88605666,-0.22686693,1.0,1
ENSG00000165490,1.4427623,1.2516382,-0.25456962,1.0,1
ENSG00000165490,1.4440929,1.2516382,-0.25103536,0.018181818,1
ENSG00000165490,1.4427274,1.2516382,-0.26173326,0.8337662,1
ENSG00000119446,1.4964718,1.6288996,-0.31936324,1.0,1
ENSG00000119446,1.4971398,1.6288996,-0.3265696,1.0,1
ENSG00000119446,1.4954215,1.6288996,-0.32343754,0.7178899,1
ENSG00000196419,1.5062262,2.1923723,-0.30559948,1.0,1
ENSG00000196419,1.5070146,2.1923723,-0.3068729,0.98147076,1
ENSG00000115275,1.4332277,1.5039268,-0.27421525,1.0,1
ENSG00000115275,1.4329804,1.5039268,-0.27153024,1.0,1
ENSG00000141526,1.3515917,0.68304706,-0.2242539,1.0,1
ENSG00000010404,1.3823963,1.201124,-0.19148499,1.0,1
ENSG00000010404,1.3832339,1.201124,-0.19035119,1.0,1
ENSG00000010404,1.3798562,1.201124,-0.18896744,0.07814992,1
ENSG00000102349,1.3517065,-0.79588,-0.15486166,1.0,1
ENSG00000102349,1.3481344,-0.79588,-0.1518021,1.0,1
ENSG00000167588,1.3817871,-0.18045606,-0.19226575,1.0,1
ENSG00000132522,1.4438313,1.2027607,-0.17638701,1.0,1
ENSG00000010818,1.3839775,0.04921802,-0.23686633,1.0,1
ENSG00000069702,1.4154689,1.1014034,-0.24817178,1.0,1
ENSG00000069702,1.4169712,1.1014034,-0.25087097,1.0,1
ENSG00000069702,1.4163178,1.1014034,-0.24734151,0.013888889,1
ENSG00000166762,1.3443004,0.8555192,-0.1268759,1.0,1
ENSG00000124587,1.4814838,0.8394781,-0.2952989,1.0,1
ENSG00000124587,1.4807318,0.8394781,-0.29867762,1.0,1
ENSG00000132670,1.4698849,1.7884512,-0.25513712,1.0,1
ENSG00000132670,1.46481,1.7884512,-0.25593057,1.0,1
ENSG00000132670,1.4681207,1.7884512,-0.25486222,1.0,1
ENSG00000132670,1.4673635,1.7884512,-0.25831786,0.7184466,1
ENSG00000132670,1.4669378,1.7884512,-0.25452128,0.08124681,1
ENSG00000105171,1.5217923,1.8568497,-0.3020007,1.0,1
ENSG00000105171,1.5206071,1.8568497,-0.30500007,0.0,1
ENSG00000198498,1.511013,1.304275,-0.24416944,1.0,1
ENSG00000198498,1.5107577,1.304275,-0.24361455,1.0,1
ENSG00000198498,1.5131823,1.304275,-0.24119428,1.0,1
ENSG00000198498,1.5086786,1.304275,-0.24625745,1.0,1
ENSG00000198498,1.5086786,1.304275,-0.24625745,1.0,1
ENSG00000198498,1.5103072,1.304275,-0.24434403,0.9175986,1
ENSG00000227345,1.3951579,1.3306167,-0.16825458,1.0,1
ENSG00000227345,1.3955282,1.3306167,-0.1282884,0.84705883,1
ENSG00000151893,1.463467,1.045323,-0.31885323,1.0,1
ENSG00000151893,1.4617923,1.045323,-0.31802127,0.22250639,1
ENSG00000137210,1.5182773,2.3674119,-0.2648963,1.0,1
ENSG00000137210,1.5186082,2.3674119,-0.26220205,0.8166896,1
ENSG00000068120,1.4796458,1.590619,-0.26901266,1.0,1
ENSG00000068120,1.4824668,1.590619,-0.26137254,0.067729086,1
ENSG00000204427,1.5610342,1.9892718,-0.4945002,1.0,1
ENSG00000204427,1.5595539,1.9892718,-0.49462053,1.0,1
ENSG00000204427,1.5599054,1.9892718,-0.49416932,0.9798052,1
ENSG00000151461,1.4908966,1.2603099,-0.38429424,1.0,1
ENSG00000151461,1.4950227,1.2603099,-0.38873336,1.0,1
ENSG00000103356,1.4936315,1.674034,-0.33073768,1.0,1
ENSG00000138030,1.4584993,0.4578819,-0.25549236,1.0,1
ENSG00000123737,1.4855813,1.9109977,-0.19999923,1.0,1
ENSG00000123737,1.4863975,1.9109977,-0.20289174,0.41104004,1
ENSG00000105982,1.5227311,0.5740313,-0.40508637,1.0,1
ENSG00000149136,1.4473177,2.2829165,-0.22998473,1.0,1
ENSG00000149136,1.4461715,2.2829165,-0.2308326,1.0,1
ENSG00000166105,1.3908349,-0.39794,-0.14021347,1.0,1
ENSG00000015479,1.4935564,2.2356293,-0.3401943,1.0,1
ENSG00000015479,1.4922177,2.2356293,-0.34052545,0.91961306,1
ENSG00000015479,1.4922177,2.2356293,-0.34052545,0.027027028,1
ENSG00000015479,1.4949473,2.2356293,-0.33777773,0.9497197,1
ENSG00000197444,1.3795968,0.1430148,-0.17895061,1.0,1
ENSG00000070214,1.372892,-0.55284196,-0.19568767,1.0,1
ENSG00000070214,1.3648738,-0.55284196,-0.1871331,1.0,1
ENSG00000070214,1.3718683,-0.55284196,-0.20629662,1.0,1
ENSG00000151651,1.4019765,0.4756712,-0.20359226,1.0,1
ENSG00000151651,1.4039205,0.4756712,-0.20341434,1.0,1
ENSG00000151651,1.402365,0.4756712,-0.20345777,0.9920319,1
ENSG00000151651,1.4027897,0.4756712,-0.20236704,0.9920319,1
ENSG00000151651,1.4015744,0.4756712,-0.20522276,0.9920319,1
ENSG00000102575,1.3612386,-0.20065945,-0.18889008,1.0,1
ENSG00000102575,1.3635514,-0.20065945,-0.18479316,1.0,1
ENSG00000088854,1.4520649,0.4456042,-0.26215553,1.0,1
ENSG00000124209,1.4833032,0.7259116,-0.28415227,1.0,1
ENSG00000124209,1.4824494,0.7259116,-0.2830228,1.0,1
ENSG00000040487,1.5175138,1.3471348,-0.3054278,1.0,1
ENSG00000040487,1.5168244,1.3471348,-0.30316144,0.96744186,1
ENSG00000112304,1.4822992,1.9530828,-0.36709818,1.0,1
ENSG00000112304,1.4808253,1.9530828,-0.36822957,0.24616772,1
ENSG00000119408,1.4112288,1.2033049,-0.22136867,1.0,1
ENSG00000119408,1.4112016,1.2033049,-0.2233406,0.19607843,1
ENSG00000154358,1.3730187,0.5599066,-0.23920023,1.0,1
ENSG00000154358,1.3726128,0.5599066,-0.23992905,1.0,1
ENSG00000148672,1.4117755,1.7804613,-0.21489316,1.0,1
ENSG00000189306,1.4049193,1.4299136,-0.22841385,1.0,1
ENSG00000189306,1.4070417,1.4299136,-0.21883908,1.0,1
ENSG00000185973,1.4040836,1.469822,-0.2009807,1.0,1
ENSG00000107614,1.4862446,0.8998205,-0.23836389,1.0,1
ENSG00000107614,1.4875306,0.8998205,-0.23758462,1.0,1
ENSG00000107614,1.48674,0.8998205,-0.2368119,1.0,1
ENSG00000107614,1.485114,0.8998205,-0.23956734,0.93445694,1
ENSG00000107614,1.4868597,0.8998205,-0.23814026,0.8874598,1
ENSG00000107614,1.487156,0.8998205,-0.23180339,0.24795641,1
ENSG00000197362,1.43841,0.36361197,-0.25860742,1.0,1
ENSG00000197362,1.43841,0.36361197,-0.25860742,1.0,1
ENSG00000197362,1.4388194,0.36361197,-0.2617692,0.5565611,1
ENSG00000103194,1.4825755,2.085005,-0.24402902,1.0,1
ENSG00000103194,1.4810838,2.085005,-0.24723896,1.0,1
ENSG00000103194,1.4807602,2.085005,-0.24403217,0.017911091,1
ENSG00000103194,1.4824752,2.085005,-0.24235651,0.10939334,1
ENSG00000103194,1.481686,2.085005,-0.24704579,0.6359555,1
ENSG00000163069,1.3377461,-0.7447275,-0.17955492,1.0,1
ENSG00000163069,1.3358893,-0.7447275,-0.17469215,1.0,1
ENSG00000158161,1.5273556,1.7312664,-0.41115105,1.0,1
ENSG00000158161,1.5272434,1.7312664,-0.41302088,0.33947194,1
ENSG00000158161,1.5273731,1.7312664,-0.41138265,0.38495675,1
ENSG00000158161,1.5267975,1.7312664,-0.41158006,0.9658309,1
ENSG00000116205,1.5089822,0.80071706,-0.26920825,1.0,1
ENSG00000116205,1.5089822,0.80071706,-0.26920825,1.0,1
ENSG00000116205,1.50824,0.80071706,-0.26819417,1.0,1
ENSG00000116205,1.50824,0.80071706,-0.26819417,1.0,1
ENSG00000116205,1.5080012,0.80071706,-0.26908886,1.0,1
ENSG00000116205,1.5087653,0.80071706,-0.26656428,0.95454544,1
ENSG00000197943,1.3978713,0.68394715,-0.23414978,1.0,1
ENSG00000138686,1.4411563,1.2472365,-0.22671154,1.0,1
ENSG00000160255,1.3633968,-0.08092191,-0.21490726,1.0,1
ENSG00000166908,1.4689864,1.3914644,-0.24243441,1.0,1
ENSG00000166908,1.4670603,1.3914644,-0.24587503,0.9974392,1
ENSG00000078902,1.4834623,1.0711453,-0.3008126,1.0,1
ENSG00000078902,1.4840322,1.0711453,-0.30317506,0.9586466,1
ENSG00000078902,1.4831924,1.0711453,-0.30491897,0.3725702,1
ENSG00000100897,1.5076355,1.4797193,-0.33493277,1.0,1
ENSG00000100897,1.507747,1.4797193,-0.3321712,1.0,1
ENSG00000100897,1.5073533,1.4797193,-0.33392015,0.993262,1
ENSG00000102882,1.4711448,1.6550423,-0.25473452,1.0,1
ENSG00000102882,1.4674335,1.6550423,-0.25912416,0.17334779,1
ENSG00000102882,1.469896,1.6550423,-0.255156,0.96108663,1
ENSG00000162972,1.4414068,1.2219356,-0.21529844,1.0,1
ENSG00000162972,1.4396122,1.2219356,-0.20393962,1.0,1
ENSG00000162972,1.4424068,1.2219356,-0.20171812,1.0,1
ENSG00000162972,1.4432104,1.2219356,-0.21245185,1.0,1
ENSG00000130818,1.4346098,0.86391735,-0.24562421,1.0,1
ENSG00000130818,1.4334643,0.86391735,-0.24981731,0.9497207,1
ENSG00000130818,1.4372817,0.86391735,-0.24455312,0.71089387,1
ENSG00000165264,1.463286,1.6783363,-0.17983139,1.0,1
ENSG00000165264,1.4640763,1.6783363,-0.1778125,1.0,1
ENSG00000165264,1.463286,1.6783363,-0.17983139,0.728146,1
ENSG00000165264,1.4640763,1.6783363,-0.1778125,0.8359526,1
ENSG00000137868,1.3721621,0.2121876,-0.16913766,1.0,1
ENSG00000058335,1.358106,-0.82390875,-0.22065553,1.0,1
ENSG00000160445,1.4810818,0.9344984,-0.29740492,1.0,1
ENSG00000160445,1.4822465,0.9344984,-0.29506162,0.94787645,1
ENSG00000150995,1.448759,1.2787536,-0.28386614,1.0,1
ENSG00000150995,1.4505454,1.2787536,-0.28527713,0.89162564,1
ENSG00000156261,1.5156964,2.6973863,-0.3196022,1.0,1
ENSG00000156261,1.515962,2.6973863,-0.31697032,0.9807207,1
ENSG00000198830,1.5323294,2.5121105,-0.3455946,1.0,1
ENSG00000119703,1.4296868,0.7075702,-0.26654866,1.0,1
ENSG00000119703,1.4302019,0.7075702,-0.26445034,1.0,1
ENSG00000141759,1.4431076,1.9526472,-0.2079993,1.0,1
ENSG00000141759,1.443741,1.9526472,-0.20932415,1.0,1
ENSG00000141759,1.443741,1.9526472,-0.20932415,1.0,1
ENSG00000141759,1.4424626,1.9526472,-0.21102566,0.6507009,1
ENSG00000141759,1.4431076,1.9526472,-0.2079993,0.2712361,1
ENSG00000141759,1.4437686,1.9526472,-0.21089745,0.070767805,1
ENSG00000127831,1.3602244,-0.27572414,-0.17115894,1.0,1
ENSG00000127831,1.3635932,-0.27572414,-0.1749634,1.0,1
ENSG00000033170,1.3796793,0.7737864,-0.20181191,1.0,1
ENSG00000033170,1.3772238,0.7737864,-0.19070017,0.073308274,1
ENSG00000033170,1.3766965,0.7737864,-0.20113492,1.0,1
ENSG00000033170,1.3782283,0.7737864,-0.20729972,0.14224137,1
ENSG00000033170,1.3745507,0.7737864,-0.19415125,0.31434184,1
ENSG00000033170,1.3796818,0.7737864,-0.19777083,0.031434186,1
ENSG00000205155,1.4909495,1.4055171,-0.24098307,1.0,1
ENSG00000089876,1.3662735,1.155336,-0.1965018,1.0,1
ENSG00000089876,1.3662708,1.155336,-0.19701296,1.0,1
ENSG00000089876,1.3719069,1.155336,-0.19589882,1.0,1
ENSG00000089876,1.3614347,1.155336,-0.17797449,1.0,1
ENSG00000089876,1.3645264,1.155336,-0.19673024,1.0,1
ENSG00000133706,1.4898642,1.7079958,-0.29733,1.0,1
ENSG00000133706,1.4868339,1.7079958,-0.29552928,0.99813926,1
ENSG00000213809,1.3788495,-0.7695511,-0.09249589,1.0,1
ENSG00000213809,1.3810686,-0.7695511,-0.10706632,1.0,1
ENSG00000142303,1.3863102,-0.34678748,-0.20533228,1.0,1
ENSG00000130956,1.397925,0.1903317,-0.17593652,1.0,1
ENSG00000175544,1.3752924,-0.85387194,-0.20361736,1.0,1
ENSG00000175544,1.3761923,-0.85387194,-0.20488003,1.0,1
ENSG00000116171,1.4496933,1.7989957,-0.23510987,1.0,1
ENSG00000116171,1.449963,1.7989957,-0.22903192,1.0,1
ENSG00000116171,1.4496933,1.7989957,-0.23510987,1.0,1
ENSG00000116171,1.4491277,1.7989957,-0.23344412,0.9430052,1
ENSG00000116171,1.4486189,1.7989957,-0.23298681,0.04461371,1
ENSG00000116171,1.4498503,1.7989957,-0.23093379,0.7318234,1
ENSG00000165898,1.4721533,1.4007106,-0.22447348,0.34972677,1
ENSG00000143157,1.4374297,0.9795484,-0.27351257,1.0,1
ENSG00000120314,1.4666892,1.5098743,-0.2745135,1.0,1
ENSG00000103353,1.4904963,1.6131015,-0.31310084,1.0,1
ENSG00000198898,1.5259361,2.0552635,-0.33391365,1.0,1
ENSG00000118307,1.447145,-0.61978877,-0.20665844,1.0,1
ENSG00000160111,1.4875437,0.28103337,-0.27897456,1.0,1
ENSG00000133597,1.4187511,0.99475694,-0.211461,1.0,1
ENSG00000133597,1.4198868,0.99475694,-0.21105568,1.0,1
ENSG00000133597,1.4181293,0.99475694,-0.20870782,1.0,1
ENSG00000133597,1.4176725,0.99475694,-0.21223196,1.0,1
ENSG00000133597,1.4182466,0.99475694,-0.21319523,1.0,1
ENSG00000018869,1.4322461,0.38560626,-0.2139067,1.0,1
ENSG00000196262,1.510524,3.6723473,-0.3354954,1.0,1
ENSG00000196262,1.5103949,3.6723473,-0.3340501,1.0,1
ENSG00000196262,1.5116396,3.6723473,-0.3358558,1.0,1
ENSG00000196262,1.5124626,3.6723473,-0.3353993,1.0,1
ENSG00000196262,1.5098683,3.6723473,-0.33271912,1.0,1
ENSG00000196262,1.5114132,3.6723473,-0.33312234,1.0,1
ENSG00000196262,1.5115789,3.6723473,-0.33446842,1.0,1
ENSG00000196262,1.5100752,3.6723473,-0.33735865,0.5777347,1
ENSG00000196262,1.5114505,3.6723473,-0.33871296,0.04697524,1
ENSG00000196262,1.5106808,3.6723473,-0.3335897,0.09661274,1
ENSG00000131013,1.5075111,1.0157788,-0.2915991,1.0,1
ENSG00000122779,1.4950056,1.6976652,-0.397775,1.0,1
ENSG00000196511,1.4750284,0.8169038,-0.2824544,1.0,1
ENSG00000196511,1.4808944,0.8169038,-0.2786182,0.05263158,1
ENSG00000196511,1.4803289,0.8169038,-0.2806661,0.9305556,1
ENSG00000196511,1.4774436,0.8169038,-0.2827751,0.056338027,1
ENSG00000196511,1.4750032,0.8169038,-0.27486554,0.06849315,1
ENSG00000092208,1.4768502,1.5059636,-0.21720627,1.0,1
ENSG00000092208,1.4768559,1.5059636,-0.21193707,0.018867925,1
ENSG00000092208,1.4781178,1.5059636,-0.21785739,0.7460861,1
ENSG00000092208,1.4783539,1.5059636,-0.2165094,0.9803005,1
ENSG00000136404,1.3846656,0.4409091,-0.14990032,1.0,1
ENSG00000003056,1.4830179,1.9407157,-0.3002155,1.0,1
ENSG00000003056,1.485563,1.9407157,-0.30188942,1.0,1
ENSG00000003056,1.4849416,1.9407157,-0.30416617,1.0,1
ENSG00000103966,1.4431639,0.7411516,-0.27241418,1.0,1
ENSG00000103966,1.4426205,0.7411516,-0.2707222,1.0,1
ENSG00000103966,1.4426595,0.7411516,-0.2735316,1.0,1
ENSG00000213699,1.4264805,1.0523092,-0.21616116,1.0,1
ENSG00000213699,1.426877,1.0523092,-0.21462145,1.0,1
ENSG00000213699,1.4263209,1.0523092,-0.21317068,0.9528689,1
ENSG00000213699,1.4270327,1.0523092,-0.21271184,0.89855075,1
ENSG00000213699,1.4267112,1.0523092,-0.21656242,0.9669052,1
ENSG00000198700,1.4969953,1.763428,-0.34988883,1.0,1
ENSG00000058063,1.4813176,1.4437323,-0.31241968,1.0,1
ENSG00000149308,1.4894067,1.2543063,-0.31176895,1.0,1
ENSG00000149308,1.4869523,1.2543063,-0.31542435,1.0,1
ENSG00000165678,1.500866,2.5692334,-0.33966017,1.0,1
ENSG00000011478,1.4882404,1.1610684,-0.2904051,1.0,1
ENSG00000011478,1.4870131,1.1610684,-0.29119533,0.95166165,1
ENSG00000174460,1.3605863,-0.92081875,-0.21095227,1.0,1
ENSG00000174460,1.3607237,-0.92081875,-0.2087272,1.0,1
ENSG00000221890,1.3709649,0.32221928,-0.23864359,1.0,1
ENSG00000221890,1.3725624,0.32221928,-0.2321189,1.0,1
ENSG00000169902,1.3893471,0.18752073,-0.2038779,1.0,1
ENSG00000169902,1.3893471,0.18752073,-0.2038779,1.0,1
ENSG00000169902,1.3875304,0.18752073,-0.2020365,1.0,1
ENSG00000169902,1.3901058,0.18752073,-0.20116842,1.0,1
ENSG00000131037,1.3800596,1.0008677,-0.17853147,1.0,1
ENSG00000137824,1.4882396,1.3879235,-0.26202855,1.0,1
ENSG00000112419,1.4309005,1.0633334,-0.19405061,1.0,1
ENSG00000112419,1.4295801,1.0633334,-0.20776707,1.0,1
ENSG00000112419,1.4323999,1.0633334,-0.20179147,1.0,1
ENSG00000112419,1.4329462,1.0633334,-0.2024555,1.0,1
ENSG00000112419,1.4307196,1.0633334,-0.19951726,1.0,1
ENSG00000112419,1.4306297,1.0633334,-0.20362033,0.61854684,1
ENSG00000100036,1.3938776,-0.113509275,-0.22491151,1.0,1
ENSG00000097033,1.4715804,1.2873538,-0.30952725,1.0,1
ENSG00000097033,1.4712107,1.2873538,-0.30955788,0.9753615,1
ENSG00000097033,1.4696826,1.2873538,-0.30043468,0.017218543,1
ENSG00000130287,1.3632101,-0.82390875,-0.22065854,1.0,1
ENSG00000184730,1.4120347,0.06818586,-0.27534166,1.0,1
ENSG00000126254,1.4883648,1.4910814,-0.26927924,1.0,1
ENSG00000126254,1.487979,1.4910814,-0.27103004,1.0,1
ENSG00000112511,1.4959573,1.618362,-0.2729309,1.0,1
ENSG00000112511,1.4968176,1.618362,-0.27179185,0.9833449,1
ENSG00000099812,1.369074,-0.88605666,-0.21944234,1.0,1
ENSG00000120656,1.5333227,1.7223871,-0.32383195,1.0,1
ENSG00000176148,1.4654036,0.6794279,-0.22948736,1.0,1
ENSG00000176148,1.4608127,0.6794279,-0.24707392,1.0,1
ENSG00000176148,1.4663205,0.6794279,-0.23889396,0.14545454,1
ENSG00000164031,1.4218357,0.9614211,-0.21082923,1.0,1
ENSG00000164031,1.418914,0.9614211,-0.21021105,1.0,1
ENSG00000107854,1.4180304,1.1420765,-0.26177195,1.0,1
ENSG00000107485,1.3405039,-0.9586073,-0.20020507,1.0,1
ENSG00000171793,1.5245637,1.5413296,-0.33546093,1.0,1
ENSG00000171793,1.525803,1.5413296,-0.3275083,1.0,1
ENSG00000171793,1.523683,1.5413296,-0.3356609,0.88495576,1
ENSG00000198721,1.5131828,1.7478777,-0.29323748,1.0,1
ENSG00000198721,1.5118364,1.7478777,-0.28630438,0.00295858,1
ENSG00000156381,1.4101413,1.1547282,-0.26077417,1.0,1
ENSG00000156381,1.4120654,1.1547282,-0.25886163,0.9516129,1
ENSG00000120159,1.4069027,1.0157788,-0.18891948,1.0,1
ENSG00000120159,1.410344,1.0157788,-0.20011319,1.0,1
ENSG00000120159,1.4064287,1.0157788,-0.1877085,1.0,1
ENSG00000120159,1.4064287,1.0157788,-0.1877085,1.0,1
ENSG00000151287,1.4227362,1.3982873,-0.17610493,1.0,1
ENSG00000151287,1.4297448,1.3982873,-0.1825398,0.75855047,1
ENSG00000151287,1.4276272,1.3982873,-0.17172995,0.58589745,1
ENSG00000056050,1.4547123,1.3394514,-0.18337859,1.0,1
ENSG00000174483,1.4403008,1.0948204,-0.25275692,1.0,1
ENSG00000174483,1.4438709,1.0948204,-0.25219703,0.917923,1
ENSG00000174483,1.4426185,1.0948204,-0.25123134,0.82978725,1
ENSG00000174483,1.443184,1.0948204,-0.2526208,0.10359408,1
ENSG00000110169,1.3546782,-0.5086383,-0.14807205,1.0,1
ENSG00000101444,1.4713546,2.3206031,-0.2224395,1.0,1
ENSG00000136935,1.5067612,1.1338581,-0.31726226,1.0,1
ENSG00000186416,1.3983678,1.141136,-0.23857483,1.0,1
ENSG00000040531,1.4418633,0.5670264,-0.23936316,1.0,1
ENSG00000040531,1.4440231,0.5670264,-0.23668066,1.0,1
ENSG00000003756,1.4906363,2.1204424,-0.2783376,1.0,1
ENSG00000003756,1.4949104,2.1204424,-0.28218564,0.12372813,1
ENSG00000163738,1.5031172,1.41397,-0.2767678,1.0,1
ENSG00000163738,1.502576,1.41397,-0.27897176,1.0,1
ENSG00000163738,1.5018553,1.41397,-0.2773528,1.0,1
ENSG00000163738,1.5012208,1.41397,-0.27958742,1.0,1
ENSG00000183337,1.4219956,1.3308195,-0.25020438,1.0,1
ENSG00000183337,1.4208862,1.3308195,-0.25165713,1.0,1
ENSG00000183337,1.4213953,1.3308195,-0.25026527,1.0,1
ENSG00000183337,1.4219198,1.3308195,-0.24592096,0.70714283,1
ENSG00000049089,1.3974466,-0.39794,-0.22670195,1.0,1
ENSG00000109501,1.3760979,-0.9586073,-0.22976747,1.0,1
ENSG00000185920,1.4054747,0.40993312,-0.24679789,1.0,1
ENSG00000185920,1.40794,0.40993312,-0.25023752,1.0,1
ENSG00000013441,1.470555,1.877947,-0.20950884,1.0,1
ENSG00000013441,1.4703428,1.877947,-0.21149473,1.0,1
ENSG00000013441,1.4668308,1.877947,-0.20493701,0.34098136,1
ENSG00000172819,1.400377,0.54900324,-0.20367184,1.0,1
ENSG00000172819,1.4006609,0.54900324,-0.20424853,1.0,1
ENSG00000172819,1.398672,0.54900324,-0.2039815,0.087804876,1
ENSG00000164168,1.4510893,1.1824147,-0.23661074,1.0,1
ENSG00000166743,1.3826354,0.021189298,-0.056145307,1.0,1
ENSG00000166743,1.3819132,0.021189298,-0.05881409,1.0,1
ENSG00000166743,1.382735,0.021189298,-0.05730268,1.0,1
ENSG00000178951,1.4508909,0.26951295,-0.2177436,1.0,1
ENSG00000178951,1.4508909,0.26951295,-0.2177436,1.0,1
ENSG00000258466,1.3941294,-0.39794,-0.098430336,1.0,1
ENSG00000104886,1.5046086,1.7879561,-0.29631773,1.0,1
ENSG00000104886,1.5035722,1.7879561,-0.2983471,0.95353985,1
ENSG00000146842,1.5317873,2.0689275,-0.52026135,1.0,1
ENSG00000146842,1.5325304,2.0689275,-0.5188828,0.66813993,1
ENSG00000134690,1.5351313,1.9716005,-0.35846564,1.0,1
ENSG00000142784,1.4527421,1.0094509,-0.2881064,1.0,1
ENSG00000142784,1.4529926,1.0094509,-0.2883369,1.0,1
ENSG00000100532,1.3977982,0.67117286,-0.18297371,1.0,1
ENSG00000100532,1.3995041,0.67117286,-0.18267329,0.2,1
ENSG00000153048,1.4728582,1.4888326,-0.27460364,1.0,1
ENSG00000177731,1.4067174,2.0132165,-0.21075468,1.0,1
ENSG00000177731,1.4059287,2.0132165,-0.2084119,0.84090906,1
ENSG00000147168,1.3986429,1.5870371,-0.13563734,1.0,1
ENSG00000147168,1.4035031,1.5870371,-0.14009598,1.0,1
ENSG00000147168,1.4016356,1.5870371,-0.13591555,0.99019605,1
ENSG00000188612,1.5441014,2.5594876,-0.3030441,1.0,1
ENSG00000188612,1.5441014,2.5594876,-0.3030441,1.0,1
ENSG00000188612,1.544038,2.5594876,-0.30051324,0.47902358,1
ENSG00000183048,1.4662246,1.3802112,-0.2412056,1.0,1
ENSG00000183048,1.4658223,1.3802112,-0.24137637,1.0,1
ENSG00000183048,1.4672568,1.3802112,-0.24202713,1.0,1
ENSG00000152601,1.4713444,1.9937888,-0.267408,1.0,1
ENSG00000152601,1.4696707,1.9937888,-0.2677811,0.9367179,1
ENSG00000152601,1.471048,1.9937888,-0.26674578,1.0,1
ENSG00000152601,1.4727248,1.9937888,-0.26791617,0.32507396,1
ENSG00000152601,1.4716305,1.9937888,-0.26690787,0.596391,1
ENSG00000152601,1.4717956,1.9937888,-0.2669443,0.6635324,1
ENSG00000152601,1.4722911,1.9937888,-0.26827076,0.0,1
ENSG00000129465,1.3646009,-0.61978877,-0.18555988,1.0,1
ENSG00000129465,1.3649682,-0.61978877,-0.18519089,1.0,1
ENSG00000122971,1.4704578,1.0468851,-0.22176313,1.0,1
ENSG00000141367,1.482397,2.1812718,-0.3476661,1.0,1
ENSG00000141367,1.481703,2.1812718,-0.3469784,1.0,1
ENSG00000141367,1.4855769,2.1812718,-0.3427982,1.0,1
ENSG00000141367,1.4859395,2.1812718,-0.34216845,1.0,1
ENSG00000141367,1.4820738,2.1812718,-0.34413457,1.0,1
ENSG00000141367,1.4812604,2.1812718,-0.33937016,0.09446487,1
ENSG00000105699,1.4978689,1.3923452,-0.28749058,1.0,1
ENSG00000105699,1.5005778,1.3923452,-0.28501096,1.0,1
ENSG00000105699,1.4978689,1.3923452,-0.28749058,1.0,1
ENSG00000105699,1.4969864,1.3923452,-0.28986382,0.29886147,1
ENSG00000105699,1.4986851,1.3923452,-0.28802758,0.8553241,1
ENSG00000105699,1.5005536,1.3923452,-0.28495494,0.9724771,1
ENSG00000132004,1.4290165,0.9425041,-0.20375161,1.0,1
ENSG00000132004,1.4292154,0.9425041,-0.2010449,0.9294798,1
ENSG00000132004,1.4292305,0.9425041,-0.20231181,0.9282353,1
ENSG00000203667,1.5354033,1.5300716,-0.291262,1.0,1
ENSG00000203667,1.536408,1.5300716,-0.29091823,1.0,1
ENSG00000203667,1.5355912,1.5300716,-0.2919032,1.0,1
ENSG00000203667,1.5350915,1.5300716,-0.29176566,0.10897111,1
ENSG00000203667,1.536408,1.5300716,-0.29091823,0.58135366,1
ENSG00000185000,1.4890565,1.862012,-0.27932656,1.0,1
ENSG00000134245,1.3562351,-0.82390875,-0.21352497,1.0,1
ENSG00000134245,1.3565651,-0.82390875,-0.2108528,1.0,1
ENSG00000007264,1.4423131,1.4003652,-0.2415891,0.98459566,1
ENSG00000160194,1.4808205,1.4951279,-0.35461774,1.0,1
ENSG00000160194,1.4808205,1.4951279,-0.35461774,0.98443264,1
ENSG00000160194,1.4814761,1.4951279,-0.35286412,0.8129263,1
ENSG00000068903,1.5187043,1.3958504,-0.2788554,1.0,1
ENSG00000068903,1.5161288,1.3958504,-0.28107437,1.0,1
ENSG00000068903,1.5182487,1.3958504,-0.28155932,0.14739884,1
ENSG00000068903,1.5181125,1.3958504,-0.27846923,0.0033783785,1
ENSG00000165804,1.3654873,0.29225606,-0.21383695,1.0,1
ENSG00000102871,1.4346675,0.8394781,-0.24227247,1.0,1
ENSG00000074181,1.3673607,-0.537602,-0.22679302,1.0,1
ENSG00000074181,1.3661448,-0.537602,-0.22618434,1.0,1
ENSG00000074181,1.3661441,-0.537602,-0.2279779,1.0,1
ENSG00000074181,1.367379,-0.537602,-0.22663674,1.0,1
ENSG00000182179,1.3744715,0.38201705,-0.1793806,1.0,1
ENSG00000167394,1.4781784,0.5289167,-0.311759,1.0,1
ENSG00000167394,1.4781784,0.5289167,-0.311759,1.0,1
ENSG00000112640,1.4861072,1.6687585,-0.2627416,1.0,1
ENSG00000112640,1.4859684,1.6687585,-0.2627487,0.77653176,1
ENSG00000160633,1.522791,1.4723176,-0.3278838,1.0,1
ENSG00000160633,1.5222106,1.4723176,-0.32558873,1.0,1
ENSG00000160633,1.5236698,1.4723176,-0.32708362,1.0,1
ENSG00000160633,1.5235904,1.4723176,-0.32850957,1.0,1
ENSG00000160633,1.5233811,1.4723176,-0.32570866,1.0,1
ENSG00000168528,1.3924664,-0.07058107,-0.1700363,1.0,1
ENSG00000168528,1.3921757,-0.07058107,-0.16954279,1.0,1
ENSG00000111678,1.4888986,2.3016593,-0.09080659,1.0,1
ENSG00000111678,1.4900397,2.3016593,-0.08679706,1.0,1
ENSG00000111678,1.4895102,2.3016593,-0.08680782,1.0,1
ENSG00000111678,1.4898678,2.3016593,-0.0875175,1.0,1
ENSG00000140350,1.4916029,2.019905,-0.2968182,1.0,1
ENSG00000158234,1.4013041,0.19312459,-0.15650332,1.0,1
ENSG00000158234,1.3943533,0.19312459,-0.16169332,0.11016949,1
ENSG00000140534,1.46341,1.0884905,-0.30296326,1.0,1
ENSG00000183828,1.3869593,0.8808136,-0.13384333,1.0,1
ENSG00000183828,1.3868378,0.8808136,-0.13238493,1.0,1
ENSG00000020181,1.3827152,-0.82390875,-0.20495798,1.0,1
ENSG00000125885,1.4274997,1.505557,-0.22741905,1.0,1
ENSG00000125885,1.4222761,1.505557,-0.23758015,0.9684096,1
ENSG00000165714,1.4389111,0.7474118,-0.20469803,1.0,1
ENSG00000165714,1.4400811,0.7474118,-0.20556195,0.9166667,1
ENSG00000046604,1.4392029,1.7292458,-0.27079108,1.0,1
ENSG00000046604,1.4329948,1.7292458,-0.27959144,1.0,1
ENSG00000110442,1.4308428,1.548635,-0.18490903,1.0,1
ENSG00000110442,1.4308428,1.548635,-0.18490903,1.0,1
ENSG00000110442,1.4294206,1.548635,-0.18501037,0.834731,1
ENSG00000110442,1.4272481,1.548635,-0.18361887,0.3957362,1
ENSG00000144791,1.4415792,1.2711443,-0.28737688,1.0,1
ENSG00000144791,1.442429,1.2711443,-0.28722942,1.0,1
ENSG00000095380,1.4835786,2.0218918,-0.20440385,1.0,1
ENSG00000173757,1.45196,2.0993698,-0.25361657,1.0,1
ENSG00000197714,1.4560341,1.201943,-0.30788448,1.0,1
ENSG00000110330,1.4392687,1.5868123,-0.25099483,1.0,1
ENSG00000110330,1.4370314,1.5868123,-0.24756658,1.0,1
ENSG00000110330,1.4390149,1.5868123,-0.24584574,0.002670227,1
ENSG00000165912,1.3981382,0.7497363,-0.17845328,1.0,1
ENSG00000163082,1.3372055,-0.9586073,-0.1963973,1.0,1
ENSG00000163082,1.3340176,-0.9586073,-0.18497382,1.0,1
ENSG00000116473,1.5142981,1.6959193,-0.25579295,1.0,1
ENSG00000135870,1.4797443,1.1383027,-0.34990326,1.0,1
ENSG00000243335,1.4805422,1.3085644,-0.3217555,1.0,1
ENSG00000100083,1.5081227,1.6094877,-0.15915802,1.0,1
ENSG00000100083,1.507146,1.6094877,-0.16140997,1.0,1
ENSG00000118564,1.4502043,1.3038437,-0.23708415,1.0,1
ENSG00000118564,1.4481515,1.3038437,-0.23081172,0.56748694,1
ENSG00000118564,1.4506491,1.3038437,-0.23820761,0.06396064,1
ENSG00000069869,1.4415541,1.071882,-0.2704899,1.0,1
ENSG00000069869,1.4426483,1.071882,-0.2819735,0.010256411,1
ENSG00000095906,1.4845312,1.3374592,-0.1181325,1.0,1
ENSG00000095906,1.4836749,1.3374592,-0.122323126,0.5542895,1
ENSG00000186448,1.4758797,0.9758911,-0.20124328,1.0,1
ENSG00000186448,1.4795607,0.9758911,-0.19978184,1.0,1
ENSG00000186448,1.4776648,0.9758911,-0.1981184,1.0,1
ENSG00000186448,1.4769286,0.9758911,-0.19760315,1.0,1
ENSG00000186448,1.4785318,0.9758911,-0.20025502,1.0,1
ENSG00000186448,1.4785318,0.9758911,-0.20025502,1.0,1
ENSG00000186448,1.479673,0.9758911,-0.18844089,0.122994654,1
ENSG00000167525,1.480525,0.7611758,-0.2741297,1.0,1
ENSG00000167525,1.48067,0.7611758,-0.2755697,1.0,1
ENSG00000167525,1.480287,0.7611758,-0.27697852,1.0,1
ENSG00000167525,1.4812218,0.7611758,-0.27673122,1.0,1
ENSG00000160959,1.4498972,1.2940251,-0.27334556,1.0,1
ENSG00000160959,1.4509625,1.2940251,-0.27166638,1.0,1
ENSG00000160959,1.4506468,1.2940251,-0.27303666,1.0,1
ENSG00000160959,1.451741,1.2940251,-0.27176407,1.0,1
ENSG00000160959,1.4507241,1.2940251,-0.27369004,0.16494845,1
ENSG00000145216,1.4732474,1.3816565,-0.22468606,1.0,1
ENSG00000145216,1.4729984,1.3816565,-0.22083548,0.47189543,1
ENSG00000145216,1.4736253,1.3816565,-0.21464789,0.5609911,1
ENSG00000145216,1.4708403,1.3816565,-0.21125486,0.4415502,1
ENSG00000145216,1.470792,1.3816565,-0.23744357,0.11604095,1
ENSG00000125864,1.3692762,-0.29242983,-0.17449608,1.0,1
ENSG00000138134,1.347855,-0.9586073,-0.16704488,1.0,1
ENSG00000138134,1.3478904,-0.9586073,-0.17816082,1.0,1
ENSG00000138134,1.3532065,-0.9586073,-0.18151775,1.0,1
ENSG00000138134,1.3506348,-0.9586073,-0.17610899,1.0,1
ENSG00000163661,1.3502487,-0.92081875,-0.21090196,1.0,1
ENSG00000099974,1.3668135,-0.7212464,-0.17196114,1.0,1
ENSG00000150967,1.4172758,0.71349055,-0.2506932,0.6142857,1
ENSG00000145348,1.5008065,1.278525,-0.2980788,1.0,1
ENSG00000145348,1.4943402,1.278525,-0.32126048,0.1654373,1
ENSG00000183655,1.371805,-0.7212464,-0.26173803,1.0,1
ENSG00000161904,1.4510862,1.5798979,-0.25742736,1.0,1
ENSG00000161904,1.4495431,1.5798979,-0.26275387,1.0,1
ENSG00000161904,1.4505013,1.5798979,-0.25946966,1.0,1
ENSG00000169249,1.4394355,0.9390198,-0.1488812,1.0,1
ENSG00000169249,1.4386557,0.9390198,-0.15070288,1.0,1
ENSG00000140650,1.516843,1.1792644,-0.28172153,1.0,1
ENSG00000140650,1.5152689,1.1792644,-0.28463224,0.98909396,1
ENSG00000140650,1.5152996,1.1792644,-0.2847888,0.9198068,1
ENSG00000123124,1.4188355,0.9253121,-0.23368785,1.0,1
ENSG00000123124,1.4095193,0.9253121,-0.20798671,0.99378884,1
ENSG00000100227,1.4897107,1.5873742,-0.31240654,1.0,1
ENSG00000100227,1.4886267,1.5873742,-0.31730574,0.6085994,1
ENSG00000100227,1.4887172,1.5873742,-0.31683633,0.023659306,1
ENSG00000165526,1.4674348,1.6079909,-0.28095716,1.0,1
ENSG00000165526,1.4694673,1.6079909,-0.28698543,1.0,1
ENSG00000165526,1.4692708,1.6079909,-0.28689954,1.0,1
ENSG00000165526,1.4677206,1.6079909,-0.280683,1.0,1
ENSG00000049246,1.4235282,1.218798,-0.26115274,1.0,1
ENSG00000132912,1.5241685,1.7117229,-0.31957194,1.0,1
ENSG00000132912,1.5233095,1.7117229,-0.31538656,0.0,1
ENSG00000103051,1.5001647,1.7604979,-0.30024564,1.0,1
ENSG00000103051,1.5005747,1.7604979,-0.3000077,1.0,1
ENSG00000103051,1.4988617,1.7604979,-0.30554166,0.98330843,1
ENSG00000103051,1.5011808,1.7604979,-0.29831603,0.0,1
ENSG00000103051,1.4991897,1.7604979,-0.3053773,0.90922767,1
ENSG00000127663,1.4246496,1.0948204,-0.23753932,1.0,1
ENSG00000127663,1.4264237,1.0948204,-0.23299035,1.0,1
ENSG00000127663,1.4247543,1.0948204,-0.23696393,0.08955224,1
ENSG00000176473,1.4592651,0.7242759,-0.24832281,1.0,1
ENSG00000176473,1.4592065,0.7242759,-0.24772325,1.0,1
ENSG00000090861,1.5011219,2.2807605,-0.41702017,1.0,1
ENSG00000090861,1.4994653,2.2807605,-0.4157754,1.0,1
ENSG00000090861,1.5029265,2.2807605,-0.40328494,1.0,1
ENSG00000144283,1.4669939,1.7081659,-0.19611873,1.0,1
ENSG00000144283,1.467786,1.7081659,-0.19148123,0.7247088,1
ENSG00000144283,1.4673152,1.7081659,-0.1926077,0.74196076,1
ENSG00000162695,1.4709934,0.7226339,-0.24387145,1.0,1
ENSG00000162695,1.4675583,0.7226339,-0.2461895,1.0,1
ENSG00000186665,1.4370617,1.3895204,-0.24349096,1.0,1
ENSG00000186665,1.4403802,1.3895204,-0.24437523,1.0,1
ENSG00000076351,1.3856549,0.42160392,-0.24289891,1.0,1
ENSG00000076351,1.3859712,0.42160392,-0.24548078,0.9230769,1
ENSG00000104976,1.4753672,1.0944711,-0.27792087,1.0,1
ENSG00000125457,1.4827691,1.6118295,-0.27960944,1.0,1
ENSG00000125457,1.4842004,1.6118295,-0.2779138,1.0,1
ENSG00000125457,1.4856669,1.6118295,-0.27451447,0.9737573,1
ENSG00000125457,1.4827453,1.6118295,-0.27887473,0.109347954,1
ENSG00000103769,1.4976043,2.4376237,-0.29055506,1.0,1
ENSG00000156869,1.4387848,1.5308398,-0.17655358,1.0,1
ENSG00000167986,1.4986581,2.3942416,-0.28910246,1.0,1
ENSG00000167986,1.4953374,2.3942416,-0.29629174,0.0050870148,1
ENSG00000167986,1.4957911,2.3942416,-0.29085034,0.0050949263,1
ENSG00000056558,1.3670911,-0.1674911,-0.22036591,1.0,1
ENSG00000056558,1.3688413,-0.1674911,-0.22052583,1.0,1
ENSG00000076513,1.4921962,1.5936183,-0.30493447,1.0,1
ENSG00000076513,1.4921962,1.5936183,-0.30493447,1.0,1
ENSG00000076513,1.4906187,1.5936183,-0.30838856,1.0,1
ENSG00000076513,1.4920427,1.5936183,-0.3048801,1.0,1
ENSG00000076513,1.4918092,1.5936183,-0.30573156,0.986946,1
ENSG00000138758,1.4525226,1.8264636,-0.18617597,1.0,1
ENSG00000187144,1.3758739,-0.7447275,-0.15134697,1.0,1
ENSG00000064995,1.4936732,1.8044802,-0.29392093,1.0,1
ENSG00000064995,1.4937042,1.8044802,-0.29494515,0.9632922,1
ENSG00000196456,1.4860193,0.7283538,-0.3731935,1.0,1
ENSG00000154710,1.4890491,1.2823955,-0.31984833,1.0,1
ENSG00000154710,1.4898757,1.2823955,-0.31983528,1.0,1
ENSG00000154710,1.4905227,1.2823955,-0.3181884,0.2707775,1
ENSG00000154710,1.489807,1.2823955,-0.31736925,0.084690556,1
ENSG00000154710,1.4903215,1.2823955,-0.318014,0.96986973,1
ENSG00000010219,1.3905334,1.3230457,-0.13457194,1.0,1
ENSG00000010219,1.393414,1.3230457,-0.13868794,0.037339557,1
ENSG00000205758,1.5216116,1.8885726,-0.3088815,1.0,1
ENSG00000205758,1.5230919,1.8885726,-0.30427998,1.0,1
ENSG00000205758,1.5230919,1.8885726,-0.30427998,1.0,1
ENSG00000205758,1.525399,1.8885726,-0.30192778,1.0,1
ENSG00000205758,1.52528,1.8885726,-0.30005172,1.0,1
ENSG00000205758,1.5252509,1.8885726,-0.30009153,0.099550895,1
ENSG00000119414,1.4925272,1.4562142,-0.2906829,1.0,1
ENSG00000119414,1.4925443,1.4562142,-0.2927303,0.9484909,1
ENSG00000140750,1.4194802,0.90036714,-0.21016833,1.0,1
ENSG00000140750,1.4199833,0.90036714,-0.21335174,0.258547,1
ENSG00000140750,1.4188963,0.90036714,-0.2141549,0.2359155,1
ENSG00000140750,1.4207424,0.90036714,-0.21217945,0.64244187,1
ENSG00000135365,1.4566896,1.1195858,-0.19258885,1.0,1
ENSG00000135365,1.4571964,1.1195858,-0.19280885,1.0,1
ENSG00000135365,1.4543494,1.1195858,-0.19694093,1.0,1
ENSG00000053524,1.4077413,0.5428254,-0.20290956,1.0,1
ENSG00000053524,1.4071739,0.5428254,-0.20052321,1.0,1
ENSG00000053524,1.4079115,0.5428254,-0.20025916,0.14583333,1
ENSG00000065911,1.4976789,2.3176246,-0.33014396,1.0,1
ENSG00000065911,1.4979345,2.3176246,-0.33121568,0.15467583,1
ENSG00000065911,1.4986027,2.3176246,-0.33482844,0.99922943,1
ENSG00000151445,1.4956366,1.2904798,-0.23072335,1.0,1
ENSG00000151445,1.4943719,1.2904798,-0.24156758,1.0,1
ENSG00000151445,1.4919409,1.2904798,-0.24806485,1.0,1
ENSG00000151445,1.4931666,1.2904798,-0.23641941,1.0,1
ENSG00000151445,1.4922829,1.2904798,-0.23771495,1.0,1
ENSG00000151445,1.4944513,1.2904798,-0.23652789,1.0,1
ENSG00000151445,1.4978186,1.2904798,-0.23569372,0.102004714,1
ENSG00000103657,1.5044134,1.5582284,-0.33886322,1.0,1
ENSG00000103657,1.5039881,1.5582284,-0.33955547,1.0,1
ENSG00000140905,1.5109172,1.572058,-0.29286233,1.0,1
ENSG00000140905,1.5104824,1.572058,-0.2943332,0.9785251,1
ENSG00000168944,1.456276,1.3085644,-0.26677665,1.0,1
ENSG00000102057,1.3524364,-0.26760623,-0.21066096,1.0,1
ENSG00000139160,1.4515768,-0.055517327,-0.27836153,1.0,1
ENSG00000139160,1.4520148,-0.055517327,-0.28063107,1.0,1
ENSG00000134987,1.4187584,1.6682928,-0.21230821,1.0,1
ENSG00000134987,1.4145571,1.6682928,-0.23216245,1.0,1
ENSG00000134987,1.422637,1.6682928,-0.2230947,1.0,1
ENSG00000134987,1.4179255,1.6682928,-0.22527006,1.0,1
ENSG00000091732,1.479629,1.8364507,-0.25514886,1.0,1
ENSG00000091732,1.4793464,1.8364507,-0.25576353,1.0,1
ENSG00000091732,1.4793447,1.8364507,-0.25655487,0.0,1
ENSG00000169762,1.4349201,1.452553,-0.22300711,1.0,1
ENSG00000169762,1.4314215,1.452553,-0.21574894,0.8851981,1
ENSG00000169762,1.4321064,1.452553,-0.21831122,0.46148783,1
ENSG00000123636,1.3950351,1.2000293,-0.20855145,1.0,1
ENSG00000139197,1.4350383,1.1152776,-0.1987659,1.0,1
ENSG00000139197,1.4379035,1.1152776,-0.19933957,0.392,1
ENSG00000125551,1.34944,-0.63827217,-0.14934915,1.0,1
ENSG00000123384,1.3903153,-0.4436975,-0.2382218,1.0,1
ENSG00000240065,1.4626142,0.25285304,-0.18178864,1.0,1
ENSG00000240065,1.4659063,0.25285304,-0.17854011,1.0,1
ENSG00000151239,1.4753954,1.2177471,-0.16728078,1.0,1
ENSG00000151239,1.479385,1.2177471,-0.15913604,1.0,1
ENSG00000151239,1.475961,1.2177471,-0.1670292,0.0,1
ENSG00000151239,1.4760393,1.2177471,-0.1650993,0.057666216,1
ENSG00000175265,1.4095553,1.8933734,-0.23315153,1.0,1
ENSG00000249471,1.4073159,0.519828,-0.24512473,1.0,1
ENSG00000249471,1.4073725,0.519828,-0.24619189,1.0,1
ENSG00000249471,1.4077573,0.519828,-0.24583462,0.06010929,1
ENSG00000183111,1.3638698,-0.88605666,-0.23030701,1.0,1
ENSG00000162909,1.4782659,1.9639766,-0.25754157,1.0,1
ENSG00000116717,1.4799027,1.7065471,-0.25884137,1.0,1
ENSG00000116717,1.480813,1.7065471,-0.2555233,1.0,1
ENSG00000116717,1.48095,1.7065471,-0.25791213,0.9870348,1
ENSG00000213064,1.5205303,1.4121244,-0.3396656,1.0,1
ENSG00000109787,1.4458513,1.1947918,-0.24213296,1.0,1
ENSG00000109787,1.4437652,1.1947918,-0.2500223,1.0,1
ENSG00000109787,1.4468118,1.1947918,-0.24668142,1.0,1
ENSG00000176170,1.4577156,1.2203696,-0.2615061,1.0,1
ENSG00000136152,1.4473897,1.1708483,-0.26827893,1.0,1
ENSG00000136152,1.4477043,1.1708483,-0.26555845,1.0,1
ENSG00000141905,1.4731501,0.30963016,-0.3037164,1.0,1
ENSG00000141905,1.4731501,0.30963016,-0.3037164,1.0,1
ENSG00000141905,1.4733325,0.30963016,-0.30454096,1.0,1
ENSG00000141905,1.4739727,0.30963016,-0.30413166,1.0,1
ENSG00000141905,1.47419,0.30963016,-0.3046095,1.0,1
ENSG00000141905,1.4733534,0.30963016,-0.30618957,0.41614908,1
ENSG00000141905,1.4732829,0.30963016,-0.3027415,0.8318584,1
ENSG00000152284,1.3739516,-0.9586073,-0.18339835,1.0,1
ENSG00000012174,1.3671657,1.1041455,-0.18395582,1.0,1
ENSG00000205084,1.436736,1.3660492,-0.22138456,1.0,1
ENSG00000182287,1.4401648,1.2148439,-0.25221145,0.0,1
ENSG00000182287,1.4411741,1.2148439,-0.24506214,0.012021858,1
ENSG00000182287,1.4431558,1.2148439,-0.24872008,0.27896994,1
ENSG00000204256,1.4712956,2.225955,-0.29807281,1.0,1
ENSG00000204256,1.4710525,2.225955,-0.29662305,1.0,1
ENSG00000204256,1.4732344,2.225955,-0.29460445,1.0,1
ENSG00000204256,1.4724144,2.225955,-0.2929278,0.14901148,1
ENSG00000204256,1.4699582,2.225955,-0.2996016,0.0006633499,1
ENSG00000142655,1.4943091,1.0413927,-0.27033696,1.0,1
ENSG00000142655,1.4938945,1.0413927,-0.26978233,1.0,1
ENSG00000142655,1.4943962,1.0413927,-0.2661308,1.0,1
ENSG00000142655,1.4938129,1.0413927,-0.27074367,1.0,1
ENSG00000114200,1.3518347,-0.7447275,-0.19991037,1.0,1
ENSG00000126461,1.4811691,0.5237465,-0.3221341,1.0,1
ENSG00000107798,1.3484702,-0.82390875,-0.17609408,1.0,1
ENSG00000026652,1.4653223,1.108565,-0.26656476,1.0,1
ENSG00000026652,1.4650036,1.108565,-0.26872,1.0,1
ENSG00000189334,1.4088923,-0.69897,-0.21901888,1.0,1
ENSG00000138617,1.4127043,0.85248,-0.21299474,1.0,1
ENSG00000138617,1.4140469,0.85248,-0.21193409,1.0,1
ENSG00000138617,1.4140469,0.85248,-0.21193409,1.0,1
ENSG00000138617,1.4143883,0.85248,-0.21437976,1.0,1
ENSG00000138617,1.4142138,0.85248,-0.21351786,1.0,1
ENSG00000144224,1.4842364,1.9483151,-0.27332854,1.0,1
ENSG00000144224,1.4859799,1.9483151,-0.2726471,1.0,1
ENSG00000144224,1.4830905,1.9483151,-0.27539834,0.51618737,1
ENSG00000186020,1.452726,1.0174507,-0.28320247,1.0,1
ENSG00000186020,1.4566898,1.0174507,-0.27425528,0.6753507,1
ENSG00000197063,1.43625,1.3312248,-0.2738391,1.0,1
ENSG00000244005,1.4968525,1.762003,-0.29678884,1.0,1
ENSG00000244005,1.4990405,1.762003,-0.29407448,0.7732558,1
ENSG00000254870,1.4308711,1.8251663,-0.14920843,1.0,1
ENSG00000254870,1.4300121,1.8251663,-0.15257199,1.0,1
ENSG00000254870,1.4291624,1.8251663,-0.15057242,1.0,1
ENSG00000254870,1.4280638,1.8251663,-0.15056242,1.0,1
ENSG00000254870,1.4290829,1.8251663,-0.15377305,1.0,1
ENSG00000236287,1.4613967,1.7107096,-0.30462596,1.0,1
ENSG00000155858,1.3909413,0.8267225,-0.20466055,1.0,1
ENSG00000155858,1.3945664,0.8267225,-0.20073214,1.0,1
ENSG00000256087,1.4496284,0.5820634,-0.26212868,1.0,1
ENSG00000256087,1.4487538,0.5820634,-0.26410863,1.0,1
ENSG00000256087,1.4493183,0.5820634,-0.2657293,1.0,1
ENSG00000256087,1.4493183,0.5820634,-0.2657293,1.0,1
ENSG00000132330,1.4724728,1.1132747,-0.2870457,1.0,1
ENSG00000132330,1.4722534,1.1132747,-0.28744817,1.0,1
ENSG00000132330,1.4724444,1.1132747,-0.28858104,1.0,1
ENSG00000132330,1.4717408,1.1132747,-0.28942415,0.124535315,1
ENSG00000144161,1.5156642,0.9278834,-0.25231895,1.0,1
ENSG00000134627,1.4148294,0.50105923,-0.21137238,1.0,1
ENSG00000134627,1.4150704,0.50105923,-0.21545953,1.0,1
ENSG00000134627,1.415681,0.50105923,-0.21669891,1.0,1
ENSG00000134627,1.414457,0.50105923,-0.21354173,1.0,1
ENSG00000134627,1.4136405,0.50105923,-0.2150929,1.0,1
ENSG00000134627,1.416108,0.50105923,-0.20865583,1.0,1
ENSG00000160505,1.3533772,-0.88605666,-0.21856967,1.0,1
ENSG00000169519,1.3901798,1.1821293,-0.20540786,1.0,1
ENSG00000169519,1.3883115,1.1821293,-0.2080712,0.5283019,1
ENSG00000104517,1.4889129,1.861833,-0.2956745,1.0,1
ENSG00000104517,1.4851842,1.861833,-0.2918375,0.48000842,1
ENSG00000108468,1.4548236,1.4821587,-0.2402412,1.0,1
ENSG00000101417,1.4683858,0.7474118,-0.2980267,1.0,1
ENSG00000101417,1.4683858,0.7474118,-0.2980267,1.0,1
ENSG00000101417,1.4682907,0.7474118,-0.29427102,0.7014493,1
ENSG00000101417,1.4675375,0.7474118,-0.29554954,0.6633987,1
ENSG00000083099,1.4792248,1.5536404,-0.20065221,1.0,1
ENSG00000197223,1.4872152,1.5094713,-0.22573099,1.0,1
ENSG00000197223,1.487262,1.5094713,-0.23155302,1.0,1
ENSG00000168826,1.430439,0.5646661,-0.22994444,1.0,1
ENSG00000168826,1.4282683,0.5646661,-0.23565456,1.0,1
ENSG00000168826,1.4297901,0.5646661,-0.22949716,1.0,1
ENSG00000168826,1.4315845,0.5646661,-0.23560041,0.8655462,1
ENSG00000090316,1.50834,1.6761447,-0.2491278,1.0,1
ENSG00000090316,1.5082506,1.6761447,-0.24972934,0.9964597,1
ENSG00000090316,1.5090076,1.6761447,-0.25252476,0.94694614,1
ENSG00000090316,1.5082324,1.6761447,-0.25332937,0.44594595,1
ENSG00000146955,1.3804079,-0.82390875,-0.17227697,1.0,1
ENSG00000164828,1.4441278,2.0495281,-0.26374254,1.0,1
ENSG00000164828,1.4437469,2.0495281,-0.26504466,1.0,1
ENSG00000164828,1.4417149,2.0495281,-0.2650241,0.036484245,1
ENSG00000164828,1.4437294,2.0495281,-0.26179102,0.6569921,1
ENSG00000164828,1.4435228,2.0495281,-0.2619614,0.073319755,1
ENSG00000164828,1.4429928,2.0495281,-0.26419058,0.9872424,1
ENSG00000149532,1.4958562,1.5731038,-0.33466107,1.0,1
ENSG00000149532,1.4958284,1.5731038,-0.3348935,1.0,1
ENSG00000149532,1.4964062,1.5731038,-0.33395252,1.0,1
ENSG00000084072,1.5154042,2.1067686,-0.27615395,1.0,1
ENSG00000084072,1.5138389,2.1067686,-0.277788,0.07317073,1
ENSG00000146918,1.5074142,1.8914818,-0.4192977,1.0,1
ENSG00000146918,1.5093732,1.8914818,-0.41970232,1.0,1
ENSG00000146918,1.5064561,1.8914818,-0.41796914,0.67458403,1
ENSG00000146918,1.5075225,1.8914818,-0.42004803,0.1276411,1
ENSG00000176890,1.4882344,2.4058414,-0.26648757,1.0,1
ENSG00000176890,1.4883742,2.4058414,-0.26731744,1.0,1
ENSG00000176890,1.4882344,2.4058414,-0.26648757,0.99478465,1
ENSG00000105401,1.4770312,2.4003134,-0.22148976,1.0,1
ENSG00000105401,1.4771578,2.4003134,-0.22167534,1.0,1
ENSG00000105401,1.476967,2.4003134,-0.2224285,1.0,1
ENSG00000105401,1.4771457,2.4003134,-0.22260788,1.0,1
ENSG00000105401,1.4769092,2.4003134,-0.2210941,1.0,1
ENSG00000105401,1.4760743,2.4003134,-0.22280815,1.0,1
ENSG00000197965,1.4798923,1.9897168,-0.2942892,1.0,1
ENSG00000197965,1.4798923,1.9897168,-0.2942892,1.0,1
ENSG00000197965,1.478619,1.9897168,-0.29343778,1.0,1
ENSG00000197965,1.4782759,1.9897168,-0.29394257,0.92123866,1
ENSG00000197965,1.4797263,1.9897168,-0.29372358,0.25078773,1
ENSG00000181625,1.3532289,1.0652062,-0.13200948,1.0,1
ENSG00000181625,1.3391483,1.0652062,-0.17131066,0.7417631,1
ENSG00000136560,1.4908636,1.6435513,-0.3006153,1.0,1
ENSG00000136560,1.4906081,1.6435513,-0.3040812,1.0,1
ENSG00000136560,1.4914422,1.6435513,-0.30515102,1.0,1
ENSG00000136560,1.4913666,1.6435513,-0.30563948,1.0,1
ENSG00000152291,1.4785024,1.5982432,-0.3687152,1.0,1
ENSG00000152291,1.4785024,1.5982432,-0.3687152,1.0,1
ENSG00000152291,1.4761821,1.5982432,-0.36661753,1.0,1
ENSG00000152291,1.4755503,1.5982432,-0.36745828,1.0,1
ENSG00000152291,1.4776645,1.5982432,-0.36656108,1.0,1
ENSG00000099968,1.4620401,1.6910815,-0.4864836,1.0,1
ENSG00000099968,1.4624699,1.6910815,-0.48477587,0.9656883,1
ENSG00000099968,1.4640568,1.6910815,-0.48478493,0.6998203,1
ENSG00000099968,1.4629242,1.6910815,-0.48515365,0.87358326,1
ENSG00000111057,1.4355905,2.4412708,-0.1920955,1.0,1
ENSG00000111057,1.4355446,2.4412708,-0.19200444,1.0,1
ENSG00000111057,1.4370397,2.4412708,-0.19239074,1.0,1
ENSG00000069020,1.4535452,0.61278385,-0.27271333,1.0,1
ENSG00000172053,1.4916068,2.1927068,-0.2432113,1.0,1
ENSG00000172053,1.4919232,2.1927068,-0.24427345,0.99877185,1
ENSG00000164104,1.4906591,2.621145,-0.40168807,1.0,1
ENSG00000164104,1.4905868,2.621145,-0.40397882,1.0,1
ENSG00000164104,1.4894923,2.621145,-0.40748122,1.0,1
ENSG00000164104,1.488934,2.621145,-0.4066731,1.0,1
ENSG00000213551,1.4863791,1.8321255,-0.3139826,1.0,1
ENSG00000213551,1.4861325,1.8321255,-0.31259114,1.0,1
ENSG00000111846,1.3571028,-0.22184876,-0.21668166,1.0,1
ENSG00000130772,1.4624107,1.3916407,-0.28826836,1.0,1
ENSG00000130772,1.4624107,1.3916407,-0.28826836,1.0,1
ENSG00000131373,1.5151228,1.6127839,-0.26135752,1.0,1
ENSG00000131373,1.5146782,1.6127839,-0.2750962,0.9944327,1
ENSG00000131373,1.5147023,1.6127839,-0.26945558,0.9914918,1
ENSG00000131373,1.514811,1.6127839,-0.26616922,0.99332273,1
ENSG00000131373,1.5139558,1.6127839,-0.27008775,0.98058254,1
ENSG00000131373,1.5171108,1.6127839,-0.26949835,0.4883943,1
ENSG00000099864,1.3926224,0.3138672,-0.2125299,1.0,1
ENSG00000099864,1.3919271,0.3138672,-0.21145971,1.0,1
ENSG00000050344,1.4032742,1.0124154,-0.23043,1.0,1
ENSG00000050344,1.4037186,1.0124154,-0.22645128,1.0,1
ENSG00000123545,1.4530004,2.0962493,-0.26772863,1.0,1
ENSG00000107263,1.3907975,1.2935835,-0.22798416,1.0,1
ENSG00000129518,1.4485905,1.3289908,-0.22944221,1.0,1
ENSG00000142459,1.4416087,0.24797326,-0.2595032,1.0,1
ENSG00000142459,1.4443783,0.24797326,-0.25911537,1.0,1
ENSG00000142459,1.4410437,0.24797326,-0.26379392,1.0,1
ENSG00000142459,1.4442616,0.24797326,-0.25700715,1.0,1
ENSG00000165475,1.4099673,0.820858,-0.13835712,1.0,1
ENSG00000165475,1.410561,0.820858,-0.14555317,1.0,1
ENSG00000165475,1.4089723,0.820858,-0.1451234,1.0,1
ENSG00000165475,1.4109662,0.820858,-0.1406693,1.0,1
ENSG00000165475,1.4088942,0.820858,-0.14580563,1.0,1
ENSG00000165475,1.4110717,0.820858,-0.14947239,1.0,1
ENSG00000165475,1.4122356,0.820858,-0.14146498,0.0,1
ENSG00000103126,1.4142388,0.9132839,-0.23031506,1.0,1
ENSG00000103126,1.4156832,0.9132839,-0.23053843,0.0926893,1
ENSG00000104883,1.4601227,0.041392684,-0.19374216,1.0,1
ENSG00000137474,1.3700142,-0.69897,-0.21893063,1.0,1
ENSG00000078061,1.4998788,1.5990093,-0.28550118,1.0,1
ENSG00000078061,1.497993,1.5990093,-0.28846022,1.0,1
ENSG00000111832,1.4921006,1.5114822,-0.29369563,1.0,1
ENSG00000111832,1.4919263,1.5114822,-0.29423037,0.93657815,1
ENSG00000172020,1.3522207,-0.92081875,-0.17380933,1.0,1
ENSG00000185818,1.3828777,0.5526682,-0.20603639,1.0,1
ENSG00000008441,1.4345971,0.48144263,-0.1858159,1.0,1
ENSG00000136986,1.5026194,1.4865721,-0.27753326,1.0,1
ENSG00000136986,1.5033987,1.4865721,-0.28240398,1.0,1
ENSG00000213024,1.4576699,1.280806,-0.48315492,1.0,1
ENSG00000213024,1.4572753,1.280806,-0.48445013,1.0,1
ENSG00000213024,1.4572753,1.280806,-0.48445013,1.0,1
ENSG00000213024,1.4587921,1.280806,-0.48337057,0.006849315,1
ENSG00000213024,1.4572753,1.280806,-0.48445013,0.07207838,1
ENSG00000213024,1.4569206,1.280806,-0.4841335,0.020679468,1
ENSG00000214013,1.4984411,1.17667,-0.31114355,1.0,1
ENSG00000128159,1.4378697,1.0461048,-0.21566412,1.0,1
ENSG00000128159,1.4365242,1.0461048,-0.2189646,1.0,1
ENSG00000132109,1.3783998,1.1556396,-0.19555569,1.0,1
ENSG00000132109,1.3876548,1.1556396,-0.19234416,1.0,1
ENSG00000007541,1.4280936,1.0852906,-0.2483274,1.0,1
ENSG00000007541,1.4286771,1.0852906,-0.24834606,1.0,1
ENSG00000007541,1.430037,1.0852906,-0.24537179,0.20547946,1
ENSG00000007541,1.4291755,1.0852906,-0.24633026,0.28431374,1
ENSG00000189067,1.3847551,0.6884198,-0.2188819,1.0,1
ENSG00000189067,1.3845768,0.6884198,-0.21841303,0.0064102565,1
ENSG00000160199,1.4963084,1.2869054,-0.3046808,1.0,1
ENSG00000160199,1.4973265,1.2869054,-0.30920276,0.92412454,1
ENSG00000164053,1.420822,0.90902084,-0.19046181,1.0,1
ENSG00000164053,1.4230499,0.90902084,-0.1820938,0.627972,1
ENSG00000164053,1.421419,0.90902084,-0.18004073,0.8716216,1
ENSG00000173852,1.4326586,1.3586961,-0.21308187,1.0,1
ENSG00000173852,1.434369,1.3586961,-0.20383209,1.0,1
ENSG00000173852,1.4356927,1.3586961,-0.21565151,1.0,1
ENSG00000173852,1.4338928,1.3586961,-0.21675894,1.0,1
ENSG00000198162,1.442727,1.1580608,-0.26437882,1.0,1
ENSG00000174891,1.4800667,1.1379868,-0.23245513,1.0,1
ENSG00000174891,1.4800667,1.1379868,-0.23245513,1.0,1
ENSG00000108587,1.5093406,1.2013972,-0.30020455,1.0,1
ENSG00000108587,1.512271,1.2013972,-0.31301036,0.021310182,1
ENSG00000237649,1.5104222,1.8893017,-0.38980684,1.0,1
ENSG00000144591,1.4784801,1.9159799,-0.24304634,1.0,1
ENSG00000115368,1.4707162,1.839855,-0.24158287,1.0,1
ENSG00000115368,1.469339,1.839855,-0.23356503,0.0028753993,1
ENSG00000135482,1.42958,-0.017728766,-0.2808738,1.0,1
ENSG00000111450,1.476333,1.6092741,-0.22824714,1.0,1
ENSG00000014138,1.5264038,1.9872639,-0.35892037,1.0,1
ENSG00000014138,1.525117,1.9872639,-0.36209375,0.47347933,1
ENSG00000029993,1.4109735,1.360404,-0.124489546,1.0,1
ENSG00000029993,1.4090775,1.360404,-0.12810296,1.0,1
ENSG00000061273,1.4741851,1.4109459,-0.22186384,1.0,1
ENSG00000061273,1.4724461,1.4109459,-0.22611478,1.0,1
ENSG00000061273,1.4732807,1.4109459,-0.22511178,0.0,1
ENSG00000061273,1.4752024,1.4109459,-0.22139278,0.42357275,1
ENSG00000061273,1.4726866,1.4109459,-0.22275001,1.0,1
ENSG00000157800,1.4911431,1.7117229,-0.2872773,1.0,1
ENSG00000157800,1.4918224,1.7117229,-0.2869809,0.991929,1
ENSG00000157800,1.4921669,1.7117229,-0.2857649,0.9867462,1
ENSG00000153561,1.4011642,1.3207692,-0.23454562,1.0,1
ENSG00000130052,1.3939658,1.1866739,-0.19594386,1.0,1
ENSG00000168916,1.3687462,-0.1426675,-0.21972376,1.0,1
ENSG00000183423,1.3691809,-0.65757734,-0.19324937,1.0,1
ENSG00000163872,1.4234554,1.4508647,-0.26618597,1.0,1
ENSG00000173575,1.4434701,1.6728364,-0.2824447,1.0,1
ENSG00000173575,1.4458315,1.6728364,-0.28291237,1.0,1
ENSG00000173575,1.4432377,1.6728364,-0.2847964,1.0,1
ENSG00000173153,1.4755651,1.3740147,-0.2924791,1.0,1
ENSG00000173153,1.4769677,1.3740147,-0.28899863,0.9982759,1
ENSG00000173153,1.4770288,1.3740147,-0.28921375,0.99346405,1
ENSG00000101290,1.4582448,1.6155292,-0.2753401,1.0,1
ENSG00000101290,1.4571244,1.6155292,-0.27090526,1.0,1
ENSG00000101290,1.4554218,1.6155292,-0.27677312,0.1453831,1
ENSG00000135249,1.4887166,1.7134905,-0.2946248,1.0,1
ENSG00000139437,1.4397985,1.0534626,-0.24149555,1.0,1
ENSG00000139437,1.4390744,1.0534626,-0.24522379,1.0,1
ENSG00000138593,1.4428399,1.0017337,-0.27327076,1.0,1
ENSG00000138593,1.4397708,1.0017337,-0.27817675,1.0,1
ENSG00000138593,1.4422091,1.0017337,-0.2805024,0.23367697,1
ENSG00000100596,1.4349079,1.3396502,-0.22848824,1.0,1
ENSG00000158815,1.3779006,-0.56863624,-0.17298067,1.0,1
ENSG00000170876,1.5236973,1.5630062,-0.34507367,1.0,1
ENSG00000170876,1.5239047,1.5630062,-0.3443364,1.0,1
ENSG00000170876,1.5230006,1.5630062,-0.34946802,1.0,1
ENSG00000170876,1.5252479,1.5630062,-0.3431731,1.0,1
ENSG00000170876,1.5221539,1.5630062,-0.34748343,1.0,1
ENSG00000130208,1.421441,2.0516927,-0.16103873,1.0,1
ENSG00000130208,1.4201752,2.0516927,-0.1629575,1.0,1
ENSG00000131398,1.4257237,0.36921585,-0.2709001,1.0,1
ENSG00000131398,1.4250591,0.36921585,-0.27147412,1.0,1
ENSG00000131398,1.4269298,0.36921585,-0.26828873,1.0,1
ENSG00000131398,1.4242532,0.36921585,-0.27449068,1.0,1
ENSG00000131398,1.4271919,0.36921585,-0.2672319,0.39512196,1
ENSG00000198189,1.478871,1.7759016,-0.2637533,1.0,1
ENSG00000121749,1.4778265,1.57841,-0.28144047,1.0,1
ENSG00000121749,1.4746336,1.57841,-0.287387,0.0,1
ENSG00000121749,1.4740459,1.57841,-0.28640804,0.0064102565,1
ENSG00000121749,1.47633,1.57841,-0.28043905,0.9831731,1
ENSG00000121749,1.476846,1.57841,-0.27850083,0.058092948,1
ENSG00000112079,1.513863,1.2352759,-0.3243666,1.0,1
ENSG00000168517,1.4716383,0.053078443,-0.2693458,1.0,1
ENSG00000163507,1.4595307,1.3386557,-0.19005603,1.0,1
ENSG00000163507,1.4592373,1.3386557,-0.19125319,1.0,1
ENSG00000162430,1.4010478,0.75739604,-0.20778039,1.0,1
ENSG00000164404,1.4809581,-0.1426675,-0.3354105,1.0,1
ENSG00000164404,1.481373,-0.1426675,-0.33925366,1.0,1
ENSG00000101384,1.3624427,-0.7447275,-0.19845761,1.0,1
ENSG00000101384,1.355486,-0.7447275,-0.2022749,1.0,1
ENSG00000101384,1.3519027,-0.7447275,-0.19237222,1.0,1
ENSG00000101384,1.3604164,-0.7447275,-0.19147353,1.0,1
ENSG00000101384,1.3622925,-0.7447275,-0.19677585,1.0,1
ENSG00000101384,1.3577431,-0.7447275,-0.20796153,1.0,1
ENSG00000114902,1.4437056,1.7300551,-0.24910319,1.0,1
ENSG00000114902,1.4446465,1.7300551,-0.2508895,1.0,1
ENSG00000172339,1.4657933,0.36921585,-0.26091194,1.0,1
ENSG00000146414,1.4694325,1.2792106,-0.276859,1.0,1
ENSG00000146414,1.4653971,1.2792106,-0.27931532,1.0,1
ENSG00000171148,1.5032104,1.6979264,-0.38962924,1.0,1
ENSG00000171148,1.5040337,1.6979264,-0.38955185,1.0,1
ENSG00000101413,1.4930784,1.4312029,-0.2928795,1.0,1
ENSG00000134248,1.4968033,2.6253228,-0.26709232,1.0,1
ENSG00000134248,1.4952918,2.6253228,-0.26915178,1.0,1
ENSG00000134248,1.4960395,2.6253228,-0.26931092,0.014705529,1
ENSG00000164934,1.4593424,2.0122888,-0.26503983,1.0,1
ENSG00000186792,1.4536892,0.6928469,-0.28960606,0.97359735,1
ENSG00000147124,1.4164433,0.66745293,-0.298506,1.0,1
ENSG00000141384,1.4573548,1.1658376,-0.2101325,1.0,1
ENSG00000160691,1.46162,1.7640266,-0.25375214,1.0,1
ENSG00000103599,1.48675,0.40140054,-0.28946242,1.0,1
ENSG00000181035,1.4887006,1.1592664,-0.29166698,1.0,1
ENSG00000181035,1.4888649,1.1592664,-0.29013857,1.0,1
ENSG00000120370,1.4677461,1.0394142,-0.2799718,1.0,1
ENSG00000120370,1.4785467,1.0394142,-0.28104112,1.0,1
ENSG00000120370,1.4785467,1.0394142,-0.28104112,1.0,1
ENSG00000067955,1.5323888,1.5532761,-0.29842535,1.0,1
ENSG00000067955,1.5325679,1.5532761,-0.29706043,0.98945314,1
ENSG00000145388,1.4530176,1.2935835,-0.26176628,1.0,1
ENSG00000145388,1.4506953,1.2935835,-0.2550784,1.0,1
ENSG00000090487,1.4936278,1.6517625,-0.29002854,1.0,1
ENSG00000090487,1.4936055,1.6517625,-0.28920275,1.0,1
ENSG00000090487,1.4910438,1.6517625,-0.28983125,0.9887962,1
ENSG00000240053,1.3544735,1.162863,-0.19945924,1.0,1
ENSG00000132256,1.4676349,1.114611,-0.2939511,1.0,1
ENSG00000132256,1.4694797,1.114611,-0.30028233,0.85528755,1
ENSG00000136932,1.4861375,1.0809871,-0.32002184,1.0,1
ENSG00000136932,1.4863447,1.0809871,-0.31938675,0.5799595,1
ENSG00000156510,1.3455263,-0.88605666,-0.18442953,1.0,1
ENSG00000156510,1.3463861,-0.88605666,-0.18463248,1.0,1
ENSG00000103994,1.470482,1.3868555,-0.33366582,1.0,1
ENSG00000103994,1.4648323,1.3868555,-0.32756916,1.0,1
ENSG00000057019,1.4268916,0.9365137,-0.22938004,1.0,1
ENSG00000057019,1.4285542,0.9365137,-0.21798041,0.082601056,1
ENSG00000137492,1.4241595,1.8055688,-0.25943345,1.0,1
ENSG00000137492,1.4282702,1.8055688,-0.25460523,1.0,1
ENSG00000137492,1.4262674,1.8055688,-0.25953817,1.0,1
ENSG00000165185,1.4602989,0.9740509,-0.30310193,1.0,1
ENSG00000213983,1.4327483,1.8955883,-0.22227591,1.0,1
ENSG00000213983,1.4276804,1.8955883,-0.21481016,1.0,1
ENSG00000213983,1.4308798,1.8955883,-0.2131947,0.69397044,1
ENSG00000044090,1.4954416,1.3767594,-0.3107473,1.0,1
ENSG00000136450,1.4915851,2.4945998,-0.4008777,1.0,1
ENSG00000136450,1.490599,2.4945998,-0.4025324,1.0,1
ENSG00000179943,1.4552195,0.54032946,-0.4167262,1.0,1
ENSG00000179943,1.4550679,0.54032946,-0.41769466,0.17454545,1
ENSG00000128891,1.4775287,1.4581845,-0.1643594,1.0,1
ENSG00000132205,1.3591279,-0.4685211,-0.21453422,1.0,1
ENSG00000132205,1.3601927,-0.4685211,-0.21454075,1.0,1
ENSG00000132205,1.3591051,-0.4685211,-0.21493724,1.0,1
ENSG00000162738,1.3785431,0.53147894,-0.1930803,1.0,1
ENSG00000028203,1.4657823,1.6555226,-0.25758475,1.0,1
ENSG00000028203,1.4656253,1.6555226,-0.2592108,0.8412138,1
ENSG00000028203,1.4645077,1.6555226,-0.25617585,0.7894737,1
ENSG00000028203,1.4641246,1.6555226,-0.25392902,0.948542,1
ENSG00000028203,1.4672266,1.6555226,-0.2609139,0.35714287,1
ENSG00000028203,1.4637333,1.6555226,-0.2570007,0.0,1
ENSG00000076924,1.5036058,1.3422252,-0.2866002,1.0,1
ENSG00000010278,1.4199716,0.84633714,-0.059465375,1.0,1
ENSG00000010278,1.4209896,0.84633714,-0.057624158,0.14880952,1
ENSG00000204463,1.5199555,2.0528092,-0.75430995,1.0,1
ENSG00000204463,1.5193876,2.0528092,-0.755302,0.49851248,1
ENSG00000204463,1.5200868,2.0528092,-0.7541693,0.9256279,1
ENSG00000050327,1.3538443,-0.55284196,-0.22009894,1.0,1
ENSG00000050327,1.3498391,-0.55284196,-0.22167444,1.0,1
ENSG00000096401,1.4946802,1.3180634,-0.46250868,1.0,1
ENSG00000163933,1.4388441,1.2052044,-0.24609593,1.0,1
ENSG00000036672,1.4163934,0.5453071,-0.18530194,1.0,1
ENSG00000036672,1.4163715,0.5453071,-0.18459025,1.0,1
ENSG00000036672,1.4146018,0.5453071,-0.18691695,1.0,1
ENSG00000181222,1.5018208,0.9479236,-0.30029795,1.0,1
ENSG00000162591,1.3914586,-0.7447275,-0.22587654,1.0,1
ENSG00000134283,1.4713818,1.9033071,-0.06913689,1.0,1
ENSG00000134283,1.4706645,1.9033071,-0.057275083,1.0,1
ENSG00000134283,1.4715317,1.9033071,-0.056856062,0.14871553,1
ENSG00000134283,1.4718539,1.9033071,-0.057886448,0.57435775,1
ENSG00000134283,1.4733225,1.9033071,-0.05704495,0.03582371,1
ENSG00000134283,1.4700884,1.9033071,-0.06717616,0.97013485,1
ENSG00000150756,1.4943843,1.4962375,-0.41981226,1.0,1
ENSG00000150756,1.4943843,1.4962375,-0.41981226,1.0,1
ENSG00000150756,1.4927534,1.4962375,-0.4209877,1.0,1
ENSG00000150756,1.4928236,1.4962375,-0.4206095,1.0,1
ENSG00000150756,1.4946879,1.4962375,-0.41912773,0.70945615,1
ENSG00000150756,1.4943159,1.4962375,-0.41904107,0.47476727,1
ENSG00000139517,1.4004797,0.48995847,-0.22429368,1.0,1
ENSG00000188859,1.3816215,-0.55284196,-0.20685858,1.0,1
ENSG00000146411,1.3848193,0.11058971,-0.2193664,1.0,1
ENSG00000035141,1.426997,1.8196098,-0.20514557,1.0,1
ENSG00000035141,1.4298614,1.8196098,-0.20985013,1.0,1
ENSG00000035141,1.4221307,1.8196098,-0.20323038,0.0066541545,1
ENSG00000173264,1.4793981,0.8363241,-0.20364556,1.0,1
ENSG00000173264,1.4793981,0.8363241,-0.20364556,1.0,1
ENSG00000173264,1.4793981,0.8363241,-0.20364556,1.0,1
ENSG00000173264,1.4810568,0.8363241,-0.20030059,1.0,1
ENSG00000173264,1.4817765,0.8363241,-0.19960836,0.7809524,1
ENSG00000173264,1.4810923,0.8363241,-0.19934317,0.8428571,1
ENSG00000163156,1.4833933,1.198107,-0.2552181,1.0,1
ENSG00000184083,1.3821777,0.25767857,-0.26706448,1.0,1
ENSG00000184708,1.4265673,1.0951693,-0.23788708,0.012254902,1
ENSG00000100697,1.4188974,1.1858253,-0.2560187,1.0,1
ENSG00000100697,1.4237028,1.1858253,-0.26935866,1.0,1
ENSG00000100697,1.4252208,1.1858253,-0.26072243,0.99874216,1
ENSG00000100697,1.4205657,1.1858253,-0.26081258,0.061340943,1
ENSG00000100697,1.418815,1.1858253,-0.2509128,0.01997147,1
ENSG00000117362,1.4844943,1.9643539,-0.2482287,1.0,1
ENSG00000117362,1.4843656,1.9643539,-0.2482777,0.9988132,1
ENSG00000117362,1.4831556,1.9643539,-0.25089148,0.98787576,1
ENSG00000080603,1.4875339,0.5378191,-0.38037843,1.0,1
ENSG00000080603,1.4869839,0.5378191,-0.37836736,1.0,1
ENSG00000080603,1.487804,0.5378191,-0.37972966,1.0,1
ENSG00000080603,1.4869331,0.5378191,-0.37817514,0.8369565,1
ENSG00000064666,1.4770156,1.5922878,-0.2617819,1.0,1
ENSG00000064666,1.4770156,1.5922878,-0.2617819,1.0,1
ENSG00000064666,1.477559,1.5922878,-0.26244625,0.99647164,1
ENSG00000163463,1.4944922,2.086075,-0.21790785,1.0,1
ENSG00000163463,1.4948039,2.086075,-0.21696499,1.0,1
ENSG00000163463,1.4926556,2.086075,-0.21689942,1.0,1
ENSG00000102103,1.4978849,1.7841178,-0.26627558,1.0,1
ENSG00000102103,1.4992552,1.7841178,-0.26258403,1.0,1
ENSG00000085998,1.4984747,1.5644293,-0.22353241,1.0,1
ENSG00000085998,1.4985695,1.5644293,-0.22232413,0.98061043,1
ENSG00000198176,1.3986324,1.822495,-0.17985561,1.0,1
ENSG00000198176,1.3968452,1.822495,-0.1849696,0.93762,1
ENSG00000175854,1.5340466,2.0201125,-0.34131673,1.0,1
ENSG00000175854,1.5329334,2.0201125,-0.34030965,1.0,1
ENSG00000010626,1.4189875,0.7671559,-0.18597369,1.0,1
ENSG00000010626,1.4197308,0.7671559,-0.18402365,1.0,1
ENSG00000104818,1.3656629,-0.7212464,-0.13635762,1.0,1
ENSG00000104818,1.366558,-0.7212464,-0.13616131,1.0,1
ENSG00000093010,1.4892977,2.4356375,-0.5644227,1.0,1
ENSG00000093010,1.4899141,2.4356375,-0.56327647,1.0,1
ENSG00000154957,1.4262954,0.63548374,-0.24174133,1.0,1
ENSG00000154957,1.4280659,0.63548374,-0.23669872,1.0,1
ENSG00000100605,1.4302161,1.3767594,-0.23543125,1.0,1
ENSG00000100605,1.4298884,1.3767594,-0.23783436,0.96391153,1
ENSG00000148356,1.4998611,0.6324573,-0.2812032,1.0,1
ENSG00000148356,1.4992889,0.6324573,-0.28202716,1.0,1
ENSG00000148356,1.4998326,0.6324573,-0.28304937,0.9933775,1
ENSG00000138375,1.4520055,1.349666,-0.22256517,1.0,1
ENSG00000138375,1.4540805,1.349666,-0.22012955,0.94951236,1
ENSG00000125945,1.426262,0.8494194,-0.52506626,1.0,1
ENSG00000010803,1.4702977,1.4431064,-0.26809177,1.0,1
ENSG00000010803,1.4700831,1.4431064,-0.27184543,1.0,1
ENSG00000010803,1.4696991,1.4431064,-0.26671144,1.0,1
ENSG00000010803,1.4700578,1.4431064,-0.26826072,1.0,1
ENSG00000010803,1.4700578,1.4431064,-0.26826072,1.0,1
ENSG00000010803,1.469798,1.4431064,-0.26912937,1.0,1
ENSG00000010803,1.4704189,1.4431064,-0.2671894,1.0,1
ENSG00000010803,1.4707464,1.4431064,-0.27483597,0.56201047,1
ENSG00000010803,1.4703647,1.4431064,-0.27021596,0.767624,1
ENSG00000010803,1.4705943,1.4431064,-0.26861462,0.2798742,1
ENSG00000171208,1.4096329,1.3787612,-0.24518153,1.0,1
ENSG00000171208,1.4074506,1.3787612,-0.23695588,1.0,1
ENSG00000171208,1.4181286,1.3787612,-0.24185881,1.0,1
ENSG00000171208,1.4121777,1.3787612,-0.2447018,1.0,1
ENSG00000124067,1.4835358,1.4531654,-0.2976083,1.0,1
ENSG00000124067,1.4827083,1.4531654,-0.299378,1.0,1
ENSG00000124067,1.4820735,1.4531654,-0.30007163,1.0,1
ENSG00000124067,1.4816669,1.4531654,-0.2982072,0.08283518,1
ENSG00000124067,1.4820735,1.4531654,-0.30007163,0.76568264,1
ENSG00000155755,1.3651432,1.154424,-0.17669992,1.0,1
ENSG00000155755,1.3699764,1.154424,-0.17001468,1.0,1
ENSG00000155755,1.3771621,1.154424,-0.19084267,1.0,1
ENSG00000155755,1.371455,1.154424,-0.17181717,1.0,1
ENSG00000155755,1.3696666,1.154424,-0.18030408,1.0,1
ENSG00000155755,1.3672029,1.154424,-0.18854463,1.0,1
ENSG00000176208,1.4481093,1.2027607,-0.2739558,1.0,1
ENSG00000172239,1.4878136,2.1279466,-0.294639,1.0,1
ENSG00000128581,1.4513657,0.72997427,-0.21535924,1.0,1
ENSG00000128581,1.4521197,0.72997427,-0.21571782,0.87015945,1
ENSG00000128581,1.4519783,0.72997427,-0.21461606,0.8967136,1
ENSG00000128581,1.4527949,0.72997427,-0.2119185,0.0,1
ENSG00000028116,1.4891089,1.4935975,-0.25382742,1.0,1
ENSG00000028116,1.4864126,1.4935975,-0.25849345,1.0,1
ENSG00000028116,1.4860073,1.4935975,-0.2611373,1.0,1
ENSG00000028116,1.4838636,1.4935975,-0.25587294,1.0,1
ENSG00000028116,1.4885079,1.4935975,-0.25555322,0.0,1
ENSG00000028116,1.4914931,1.4935975,-0.25019503,0.0,1
ENSG00000028116,1.4930019,1.4935975,-0.25225493,0.06367535,1
ENSG00000028116,1.4864271,1.4935975,-0.26245034,0.88485646,1
ENSG00000028116,1.4855028,1.4935975,-0.24896279,0.045859452,1
ENSG00000103490,1.3727134,1.1826999,-0.16186449,0.43558952,1
ENSG00000100934,1.4113078,1.5670264,-0.21177757,1.0,1
ENSG00000100934,1.4101974,1.5670264,-0.20559469,0.6999506,1
ENSG00000166529,1.4538935,0.9609462,-0.2600566,1.0,1
ENSG00000166529,1.4530458,0.9609462,-0.26337928,0.09701493,1
ENSG00000088930,1.4614567,1.6702459,-0.22577783,1.0,1
ENSG00000088930,1.4671135,1.6702459,-0.21817178,1.0,1
ENSG00000088930,1.4647913,1.6702459,-0.22288081,1.0,1
ENSG00000164309,1.3530049,-0.4089354,-0.21802327,1.0,1
ENSG00000164309,1.356724,-0.4089354,-0.21681497,1.0,1
ENSG00000087995,1.427962,1.41397,-0.19128107,1.0,1
ENSG00000087995,1.4267436,1.41397,-0.18179442,0.8200837,1
ENSG00000101882,1.4242457,0.6848454,-0.24920255,1.0,1
ENSG00000101882,1.4238502,0.6848454,-0.2461645,1.0,1
ENSG00000215717,1.533703,1.3149201,-0.31495193,1.0,1
ENSG00000188938,1.4285802,1.4747988,-0.22592765,1.0,1
ENSG00000188938,1.4284933,1.4747988,-0.21586242,0.40563276,1
ENSG00000057608,1.5065618,2.2882044,-0.309737,1.0,1
ENSG00000057608,1.506334,2.2882044,-0.31458303,1.0,1
ENSG00000057608,1.5057136,2.2882044,-0.309962,0.9171791,1
ENSG00000164070,1.4510324,1.0178677,-0.27229705,1.0,1
ENSG00000164070,1.4470298,1.0178677,-0.26930013,0.9844961,1
ENSG00000108518,1.4726194,2.566685,-0.09896335,1.0,1
ENSG00000175764,1.3942146,0.28103337,-0.194572,1.0,1
ENSG00000175764,1.3946512,0.28103337,-0.19901362,0.39759037,1
ENSG00000020633,1.362888,-0.92081875,-0.21100612,1.0,1
ENSG00000169359,1.4857744,1.3277675,-0.3197619,1.0,1
ENSG00000163807,1.4739963,1.4502491,-0.33353615,1.0,1
ENSG00000164182,1.470323,1.6754117,-0.1423229,1.0,1
ENSG00000164182,1.4683679,1.6754117,-0.13471022,1.0,1
ENSG00000164182,1.4683679,1.6754117,-0.13471022,0.94950426,1
ENSG00000117560,1.3559737,-0.92081875,-0.18149981,1.0,1
ENSG00000197142,1.3712867,-0.04575749,-0.16920228,1.0,1
ENSG00000149922,1.4611859,-0.69897,-0.24660483,1.0,1
ENSG00000166321,1.459827,0.93298084,-0.2198726,1.0,1
ENSG00000166321,1.459827,0.93298084,-0.2198726,1.0,1
ENSG00000166321,1.4613119,0.93298084,-0.21707067,1.0,1
ENSG00000166321,1.4613491,0.93298084,-0.21441495,1.0,1
ENSG00000166321,1.4610492,0.93298084,-0.22391465,1.0,1
ENSG00000166321,1.4610492,0.93298084,-0.22391465,1.0,1
ENSG00000166321,1.4614156,0.93298084,-0.22087988,1.0,1
ENSG00000166321,1.4556599,0.93298084,-0.21806869,1.0,1
ENSG00000166321,1.4580586,0.93298084,-0.21923795,1.0,1
ENSG00000141027,1.414931,1.6990569,-0.2489197,1.0,1
ENSG00000141027,1.4112508,1.6990569,-0.24106434,1.0,1
ENSG00000141027,1.41287,1.6990569,-0.24366784,1.0,1
ENSG00000141027,1.4163446,1.6990569,-0.24655157,1.0,1
ENSG00000141027,1.4145107,1.6990569,-0.24884894,0.33444816,1
ENSG00000141027,1.4137682,1.6990569,-0.24405178,0.25744125,1
ENSG00000141027,1.412846,1.6990569,-0.24825224,0.29598445,1
ENSG00000158711,1.4591125,0.9444827,-0.34427136,1.0,1
ENSG00000158711,1.4592528,0.9444827,-0.3408194,1.0,1
ENSG00000158711,1.457645,0.9444827,-0.34190848,1.0,1
ENSG00000159479,1.5143087,1.3298045,-0.32387075,1.0,1
ENSG00000159479,1.5159675,1.3298045,-0.32321018,1.0,1
ENSG00000159479,1.5139264,1.3298045,-0.32436484,1.0,1
ENSG00000187796,1.435614,1.1775365,-0.22837558,1.0,1
ENSG00000187796,1.4373308,1.1775365,-0.22901782,1.0,1
ENSG00000170324,1.3515797,0.07918125,-0.1670987,1.0,1
ENSG00000139613,1.4591137,1.6319509,-0.2486473,1.0,1
ENSG00000139613,1.4594883,1.6319509,-0.24883357,0.9620438,1
ENSG00000139613,1.4613947,1.6319509,-0.24787423,0.35400516,1
ENSG00000111319,1.3598062,-0.61978877,-0.19395305,1.0,1
ENSG00000111319,1.3591222,-0.61978877,-0.19508389,1.0,1
ENSG00000111319,1.3556715,-0.61978877,-0.19346327,1.0,1
ENSG00000114812,1.4158101,-0.61978877,-0.22064713,1.0,1
ENSG00000198952,1.4848539,1.5755342,-0.2996495,1.0,1
ENSG00000198952,1.4828274,1.5755342,-0.30498663,1.0,1
ENSG00000198952,1.4855181,1.5755342,-0.3004044,1.0,1
ENSG00000156535,1.3621598,-0.88605666,-0.19901153,1.0,1
ENSG00000133321,1.3928615,-0.30980393,-0.14235759,1.0,1
ENSG00000133321,1.3910929,-0.30980393,-0.14413223,1.0,1
ENSG00000130304,1.4385408,0.1172713,-0.2569699,1.0,1
ENSG00000122483,1.473393,1.2400497,-0.14492248,1.0,1
ENSG00000122483,1.4754969,1.2400497,-0.133398,1.0,1
ENSG00000172057,1.4437894,1.5855736,-0.20122093,1.0,1
ENSG00000205236,1.3565001,-0.7212464,-0.17117977,1.0,1
ENSG00000086061,1.4467613,2.1338582,-0.2329509,1.0,1
ENSG00000086061,1.4474868,2.1338582,-0.23491606,1.0,1
ENSG00000086061,1.4486812,2.1338582,-0.23261198,1.0,1
ENSG00000047315,1.4388368,2.1932638,-0.23618373,1.0,1
ENSG00000047315,1.4442035,2.1932638,-0.22959235,1.0,1
ENSG00000047315,1.4408942,2.1932638,-0.23086774,1.0,1
ENSG00000047315,1.4455574,2.1932638,-0.23304954,1.0,1
ENSG00000047315,1.446791,2.1932638,-0.23132208,1.0,1
ENSG00000047315,1.4414072,2.1932638,-0.23288265,1.0,1
ENSG00000047315,1.4434901,2.1932638,-0.23279744,0.0,1
ENSG00000047315,1.4420724,2.1932638,-0.2362586,0.7831654,1
ENSG00000137103,1.4120064,0.2966652,-0.23843646,1.0,1
ENSG00000137103,1.4105483,0.2966652,-0.23911777,1.0,1
ENSG00000137103,1.4142495,0.2966652,-0.23589304,1.0,1
ENSG00000137103,1.4126519,0.2966652,-0.23514864,1.0,1
ENSG00000137103,1.4140234,0.2966652,-0.23550716,1.0,1
ENSG00000100403,1.4127294,1.2482185,-0.23802042,1.0,1
ENSG00000101596,1.5000752,1.746712,-0.30861688,1.0,1
ENSG00000101596,1.496163,1.746712,-0.30708042,1.0,1
ENSG00000101596,1.4970181,1.746712,-0.30815336,1.0,1
ENSG00000101596,1.4957501,1.746712,-0.30292448,1.0,1
ENSG00000101596,1.494665,1.746712,-0.30995515,0.021551725,1
ENSG00000101596,1.4986006,1.746712,-0.30998823,0.021551725,1
ENSG00000101596,1.4980077,1.746712,-0.30680594,0.021551725,1
ENSG00000065308,1.4989573,0.81291336,-0.23772812,1.0,1
ENSG00000156384,1.4137961,0.69810057,-0.19067213,1.0,1
ENSG00000067064,1.4823763,2.28416,-0.32853612,1.0,1
ENSG00000067064,1.4823338,2.28416,-0.32659534,1.0,1
ENSG00000067064,1.4834379,2.28416,-0.32424858,1.0,1
ENSG00000067064,1.4821094,2.28416,-0.32674822,0.8615303,1
ENSG00000126562,1.4829278,0.7176705,-0.25686345,1.0,1
ENSG00000126562,1.4821144,0.7176705,-0.26441172,1.0,1
ENSG00000126562,1.4816161,0.7176705,-0.25817713,1.0,1
ENSG00000119514,1.4255809,1.8222989,-0.20919958,1.0,1
ENSG00000204634,1.3783656,-0.0043648053,-0.19310468,1.0,1
ENSG00000117139,1.4199463,1.7192484,-0.24822882,1.0,1
ENSG00000100890,1.4549776,1.4496326,-0.24896374,1.0,1
ENSG00000100890,1.4549776,1.4496326,-0.24896374,1.0,1
ENSG00000100890,1.4630259,1.4496326,-0.2535556,1.0,1
ENSG00000100890,1.4651458,1.4496326,-0.24929276,1.0,1
ENSG00000100890,1.4610869,1.4496326,-0.24921116,0.8326289,1
ENSG00000120899,1.4230567,1.3609719,-0.21196823,1.0,1
ENSG00000120899,1.4233778,1.3609719,-0.21145348,1.0,1
ENSG00000120899,1.4219446,1.3609719,-0.21016642,0.8305933,1
ENSG00000091483,1.4707855,2.214897,-0.22674727,1.0,1
ENSG00000091483,1.4702893,2.214897,-0.22496715,1.0,1
ENSG00000091483,1.4716941,2.214897,-0.21858972,1.0,1
ENSG00000011052,1.4859203,1.0437552,-0.21082558,1.0,1
ENSG00000011052,1.4810685,1.0437552,-0.22163945,1.0,1
ENSG00000011052,1.4847894,1.0437552,-0.20648208,0.0,1
ENSG00000076984,1.5140334,1.0831442,-0.32434374,1.0,1
ENSG00000076984,1.5140735,1.0831442,-0.32444492,1.0,1
ENSG00000076984,1.508543,1.0831442,-0.32869217,0.726087,1
ENSG00000076984,1.5090734,1.0831442,-0.3298679,0.06877729,1
ENSG00000166949,1.4562082,1.1658376,-0.27094793,1.0,1
ENSG00000166949,1.4562082,1.1658376,-0.27094793,1.0,1
ENSG00000166949,1.4564115,1.1658376,-0.26896244,1.0,1
ENSG00000166949,1.4549168,1.1658376,-0.26909968,1.0,1
ENSG00000166949,1.455526,1.1658376,-0.2683242,1.0,1
ENSG00000166949,1.4538176,1.1658376,-0.2677023,1.0,1
ENSG00000160284,1.4723092,1.06032,-0.24953228,1.0,1
ENSG00000160284,1.4710351,1.06032,-0.2516244,0.02282704,1
ENSG00000103479,1.4442863,1.8020892,-0.2726885,1.0,1
ENSG00000103479,1.4446039,1.8020892,-0.2677272,0.47381485,1
ENSG00000140395,1.5053972,2.1770167,-0.25316334,1.0,1
ENSG00000140395,1.505596,2.1770167,-0.2530299,1.0,1
ENSG00000140395,1.5056499,2.1770167,-0.2544583,1.0,1
ENSG00000140395,1.5072583,2.1770167,-0.25075987,1.0,1
ENSG00000140395,1.5072447,2.1770167,-0.24743548,1.0,1
ENSG00000140395,1.5057563,2.1770167,-0.24825871,1.0,1
ENSG00000140395,1.5061704,2.1770167,-0.25004414,1.0,1
ENSG00000140395,1.5076513,2.1770167,-0.24995145,1.0,1
ENSG00000140395,1.5068808,2.1770167,-0.25312945,1.0,1
ENSG00000140395,1.5060614,2.1770167,-0.25356585,1.0,1
ENSG00000117713,1.4663275,1.198657,-0.30561396,1.0,1
ENSG00000117713,1.4694175,1.198657,-0.3032193,1.0,1
ENSG00000146109,1.4604846,1.5653754,-0.31825966,1.0,1
ENSG00000035499,1.4677885,1.7120601,-0.25776327,1.0,1
ENSG00000035499,1.4673694,1.7120601,-0.25240812,0.7638972,1
ENSG00000035499,1.4657601,1.7120601,-0.24465618,0.014558332,1
ENSG00000035499,1.4646825,1.7120601,-0.25068066,0.0019924287,1
ENSG00000114554,1.3686805,1.5731038,-0.21016994,1.0,1
ENSG00000114554,1.3712438,1.5731038,-0.20200421,1.0,1
ENSG00000139629,1.3821781,0.7937904,-0.17629707,1.0,1
ENSG00000139629,1.3801184,0.7937904,-0.17618465,1.0,1
ENSG00000139629,1.3807517,0.7937904,-0.17472696,0.89329267,1
ENSG00000184232,1.3989372,0.7909885,-0.2218754,1.0,1
ENSG00000184232,1.3989534,0.7909885,-0.22297713,1.0,1
ENSG00000096654,1.47631,1.0017337,-0.3332982,1.0,1
ENSG00000067182,1.4420747,1.351603,-0.22011107,1.0,1
ENSG00000067182,1.4428138,1.351603,-0.21924588,0.9922929,1
ENSG00000067182,1.4417006,1.351603,-0.22007394,0.99613154,1
ENSG00000141428,1.4825603,1.6324573,-0.23908445,1.0,1
ENSG00000141428,1.4825603,1.6324573,-0.23908445,1.0,1
ENSG00000141428,1.480822,1.6324573,-0.24377766,1.0,1
ENSG00000131148,1.483813,1.5896145,-0.2866585,1.0,1
ENSG00000131148,1.4852068,1.5896145,-0.28585815,0.9720955,1
ENSG00000090932,1.3621873,0.27184162,-0.18554665,1.0,1
ENSG00000007168,1.4467441,1.6084191,-0.26705077,1.0,1
ENSG00000007168,1.4444441,1.6084191,-0.2745606,1.0,1
ENSG00000146757,1.4301276,0.9479236,-0.24832034,0.8916914,1
ENSG00000146757,1.4298395,0.9479236,-0.24693367,0.058064517,1
ENSG00000146757,1.4335107,0.9479236,-0.2595214,0.33333334,1
ENSG00000146757,1.4347233,0.9479236,-0.24916285,0.9852459,1
ENSG00000114790,1.331723,-0.92081875,-0.20057228,1.0,1
ENSG00000107164,1.5155977,1.4774107,-0.30250216,1.0,1
ENSG00000107164,1.5149311,1.4774107,-0.30165675,1.0,1
ENSG00000107164,1.513748,1.4774107,-0.30150163,1.0,1
ENSG00000107164,1.5158135,1.4774107,-0.30264813,1.0,1
ENSG00000168610,1.5065418,1.913284,-0.2955498,1.0,1
ENSG00000168610,1.5060128,1.913284,-0.2971251,1.0,1
ENSG00000168610,1.5066893,1.913284,-0.29797086,1.0,1
ENSG00000168610,1.5068605,1.913284,-0.2966701,1.0,1
ENSG00000168610,1.5059029,1.913284,-0.2967635,0.99242425,1
ENSG00000168610,1.5051345,1.913284,-0.29559305,0.99973714,1
ENSG00000162642,1.4383559,1.4671639,-0.20435868,1.0,1
ENSG00000162642,1.4369379,1.4671639,-0.20173591,0.4226557,1
ENSG00000181523,1.4035383,0.45178643,-0.21584812,1.0,1
ENSG00000181523,1.4030873,0.45178643,-0.21842661,0.5828877,1
ENSG00000095564,1.4357795,1.7922516,-0.23715243,1.0,1
ENSG00000095564,1.4400445,1.7922516,-0.24482825,1.0,1
ENSG00000095564,1.4413329,1.7922516,-0.23842692,1.0,1
ENSG00000164896,1.4986037,1.6710802,-0.30508217,1.0,1
ENSG00000164896,1.4961618,1.6710802,-0.3072068,0.99103945,1
ENSG00000117877,1.4484831,0.8530895,-0.32480407,1.0,1
ENSG00000101199,1.453759,1.7181695,-0.23774102,1.0,1
ENSG00000101199,1.4563863,1.7181695,-0.23163828,0.99250466,1
ENSG00000101199,1.4545566,1.7181695,-0.23362145,0.9529221,1
ENSG00000101199,1.4545562,1.7181695,-0.23663011,0.011111111,1
ENSG00000101199,1.4588674,1.7181695,-0.22911537,0.012964054,1
ENSG00000134970,1.4507133,1.4878451,-0.2617887,1.0,1
ENSG00000088356,1.4883193,1.3184807,-0.26815066,1.0,1
ENSG00000088356,1.4879645,1.3184807,-0.27056196,1.0,1
ENSG00000088356,1.4879774,1.3184807,-0.2701842,1.0,1
ENSG00000168894,1.5158225,2.50737,-0.25344536,1.0,1
ENSG00000169682,1.4498,1.11294,-0.2096354,1.0,1
ENSG00000169682,1.4495767,1.11294,-0.2078747,1.0,1
ENSG00000169682,1.4474636,1.11294,-0.20524622,0.92849404,1
ENSG00000008394,1.3681271,1.8624295,-0.15704833,1.0,1
ENSG00000008394,1.3576299,1.8624295,-0.14144582,0.9928535,1
ENSG00000008394,1.3653258,1.8624295,-0.14423513,0.002157756,1
ENSG00000101132,1.5073935,1.6816934,-0.2391926,1.0,1
ENSG00000101132,1.505627,1.6816934,-0.24150085,1.0,1
ENSG00000181135,1.426973,0.5352941,-0.23678944,1.0,1
ENSG00000167657,1.4149354,1.326131,-0.22175297,1.0,1
ENSG00000185344,1.4468391,1.8576943,-0.27634075,1.0,1
ENSG00000185344,1.4456614,1.8576943,-0.27542084,1.0,1
ENSG00000166268,1.3749527,-0.9586073,-0.15693621,1.0,1
ENSG00000164010,1.4969194,1.2005769,-0.32340363,1.0,1
ENSG00000239713,1.386537,0.8893017,-0.21373281,1.0,1
ENSG00000239713,1.386537,0.8893017,-0.21373281,1.0,1
ENSG00000239713,1.3875602,0.8893017,-0.21317844,1.0,1
ENSG00000239713,1.3852793,0.8893017,-0.21690589,1.0,1
ENSG00000239713,1.3844343,0.8893017,-0.21528399,1.0,1
ENSG00000239713,1.3850152,0.8893017,-0.21715865,0.94387,1
ENSG00000151208,1.4208503,0.91698,-0.20388448,1.0,1
ENSG00000151208,1.4197009,0.91698,-0.20752159,0.5102362,1
ENSG00000151208,1.4204296,0.91698,-0.20683073,0.037037037,1
ENSG00000072135,1.491504,1.6394864,-0.25296545,1.0,1
ENSG00000072135,1.4917237,1.6394864,-0.24902257,1.0,1
ENSG00000072135,1.4883821,1.6394864,-0.25220242,1.0,1
ENSG00000155368,1.4790288,2.0240338,-0.20632307,1.0,1
ENSG00000155368,1.4777055,2.0240338,-0.21035326,0.00058468134,1
ENSG00000155368,1.479829,2.0240338,-0.20441034,0.004561778,1
ENSG00000155368,1.4790319,2.0240338,-0.20460406,0.0,1
ENSG00000174928,1.4399382,0.71180725,-0.22236052,1.0,1
ENSG00000186994,1.3880304,-0.79588,-0.1851302,1.0,1
ENSG00000229809,1.4698344,0.27184162,-0.2849522,1.0,1
ENSG00000229809,1.4705337,0.27184162,-0.2867026,1.0,1
ENSG00000100209,1.4703926,0.91698,-0.22123194,1.0,1
ENSG00000100209,1.4714621,0.91698,-0.21880433,1.0,1
ENSG00000129315,1.4752957,1.5712428,-0.40574536,1.0,1
ENSG00000129315,1.4757968,1.5712428,-0.4047594,0.6581071,1
ENSG00000171953,1.4629899,0.9609462,-0.21682495,1.0,1
ENSG00000171953,1.4644434,0.9609462,-0.21338156,0.9010417,1
ENSG00000171953,1.4662662,0.9609462,-0.21592966,0.87536234,1
ENSG00000137747,1.3783438,-0.45593196,-0.1914056,1.0,1
ENSG00000137747,1.3789488,-0.45593196,-0.19312291,1.0,1
ENSG00000137747,1.3774611,-0.45593196,-0.19112486,1.0,1
ENSG00000137747,1.3766011,-0.45593196,-0.19388601,1.0,1
ENSG00000137747,1.3771899,-0.45593196,-0.19506162,1.0,1
ENSG00000137747,1.3766135,-0.45593196,-0.19383667,1.0,1
ENSG00000137747,1.3757933,-0.45593196,-0.19212374,1.0,1
ENSG00000137747,1.3768402,-0.45593196,-0.19249576,1.0,1
ENSG00000137747,1.3764732,-0.45593196,-0.19434208,1.0,1
ENSG00000137747,1.3764732,-0.45593196,-0.19434208,1.0,1
ENSG00000137747,1.3757854,-0.45593196,-0.19689223,1.0,1
ENSG00000137747,1.3757854,-0.45593196,-0.19689223,1.0,1
ENSG00000163686,1.4049219,0.49968708,-0.22094095,1.0,1
ENSG00000163686,1.4056213,0.49968708,-0.22537073,0.4,1
ENSG00000100767,1.3545083,0.4593925,-0.17878813,1.0,1
ENSG00000100767,1.3570504,0.4593925,-0.18146232,1.0,1
ENSG00000100767,1.3608648,0.4593925,-0.17915033,1.0,1
ENSG00000100767,1.3581043,0.4593925,-0.18316512,1.0,1
ENSG00000100767,1.3607005,0.4593925,-0.1756932,1.0,1
ENSG00000100767,1.355618,0.4593925,-0.18489,1.0,1
ENSG00000100767,1.3616692,0.4593925,-0.17731772,1.0,1
ENSG00000100767,1.3632815,0.4593925,-0.17444387,0.0,1
ENSG00000100767,1.3610682,0.4593925,-0.17490037,0.005988024,1
ENSG00000105248,1.5108949,1.0464952,-0.39771113,1.0,1
ENSG00000147601,1.4433397,1.1625644,-0.16072476,1.0,1
ENSG00000147601,1.4422196,1.1625644,-0.15191989,0.3903846,1
ENSG00000174437,1.4831129,1.717504,-0.28812853,1.0,1
ENSG00000174437,1.4815593,1.717504,-0.28764775,1.0,1
ENSG00000174437,1.480572,1.717504,-0.28814998,0.9757876,1
ENSG00000174437,1.4804748,1.717504,-0.28944066,0.039647575,1
ENSG00000101049,1.3934299,-0.26760623,-0.17503498,1.0,1
ENSG00000101049,1.392416,-0.26760623,-0.17396975,1.0,1
ENSG00000129250,1.4433703,1.2489536,-0.28631258,1.0,1
ENSG00000114796,1.411453,1.1306554,-0.22960088,1.0,1
ENSG00000114796,1.4106416,1.1306554,-0.23676714,0.41439477,1
ENSG00000177791,1.3626885,-0.79588,-0.15983415,1.0,1
ENSG00000177791,1.3657051,-0.79588,-0.163634,1.0,1
ENSG00000177791,1.3645514,-0.79588,-0.16353537,1.0,1
ENSG00000154174,1.4402443,1.5732198,-0.27913895,1.0,1
ENSG00000154174,1.4373463,1.5732198,-0.27365428,1.0,1
ENSG00000154174,1.4384955,1.5732198,-0.27832428,1.0,1
ENSG00000154174,1.4376085,1.5732198,-0.26591173,1.0,1
ENSG00000154174,1.4367934,1.5732198,-0.2818811,1.0,1
ENSG00000154174,1.438575,1.5732198,-0.27432403,1.0,1
ENSG00000154174,1.441221,1.5732198,-0.27355984,1.0,1
ENSG00000154174,1.4413332,1.5732198,-0.27413622,1.0,1
ENSG00000171747,1.3923882,-0.49485,-0.1564044,1.0,1
ENSG00000171747,1.3925964,-0.49485,-0.15554747,1.0,1
ENSG00000171747,1.3917736,-0.49485,-0.15532383,1.0,1
ENSG00000130638,1.4056407,2.1444185,-0.21007213,1.0,1
ENSG00000130638,1.4040626,2.1444185,-0.20628682,1.0,1
ENSG00000130638,1.404699,2.1444185,-0.20388547,0.9950372,1
ENSG00000115310,1.4687959,2.053578,-0.30694425,1.0,1
ENSG00000115310,1.4676665,2.053578,-0.30827844,0.42436975,1
ENSG00000115310,1.4688106,2.053578,-0.30661923,0.1355094,1
ENSG00000172954,1.4419929,1.2013972,-0.22305095,0.022134388,1
ENSG00000172954,1.4396346,1.2013972,-0.22426966,0.046831954,1
ENSG00000196943,1.3996681,0.94939,-0.24559292,1.0,1
ENSG00000113073,1.3611867,-0.82390875,-0.16005255,1.0,1
ENSG00000113073,1.3596399,-0.82390875,-0.16093007,1.0,1
ENSG00000105835,1.4819651,1.8743658,-0.3234633,1.0,1
ENSG00000105835,1.482387,1.8743658,-0.32738283,1.0,1
ENSG00000119729,1.4465028,1.2372923,-0.22402039,1.0,1
ENSG00000119729,1.4519628,1.2372923,-0.22045374,1.0,1
ENSG00000108733,1.4559475,0.95085144,-0.2942684,1.0,1
ENSG00000104894,1.4396188,0.51587385,-0.21839103,1.0,1
ENSG00000136938,1.507378,2.042536,-0.26277325,1.0,1
ENSG00000113712,1.5261992,2.1002326,-0.36190733,1.0,1
ENSG00000113712,1.5251166,2.1002326,-0.35889223,1.0,1
ENSG00000113712,1.5246032,2.1002326,-0.36146644,1.0,1
ENSG00000070610,1.4240795,1.5948343,-0.23449543,1.0,1
ENSG00000176946,1.4412457,1.3666097,-0.23239717,1.0,1
ENSG00000176946,1.4424242,1.3666097,-0.23149046,1.0,1
ENSG00000176946,1.4387872,1.3666097,-0.23933876,1.0,1
ENSG00000135845,1.4081535,1.6721903,-0.25360516,1.0,1
ENSG00000197498,1.4977609,1.820858,-0.25568405,1.0,1
ENSG00000197498,1.4987391,1.820858,-0.25080004,0.7847279,1
ENSG00000125735,1.356121,-0.43179828,-0.18880981,1.0,1
ENSG00000163617,1.3932103,-0.3767507,-0.19774224,1.0,1
ENSG00000136840,1.4226115,1.1238517,-0.19180733,1.0,1
ENSG00000136840,1.4233328,1.1238517,-0.1912052,1.0,1
ENSG00000136840,1.4225084,1.1238517,-0.19122201,1.0,1
ENSG00000150773,1.4642303,0.350248,-0.21803299,1.0,1
ENSG00000113812,1.4010535,1.1055102,-0.18996155,1.0,1
ENSG00000166797,1.5240885,2.26238,-0.27803966,1.0,1
ENSG00000166797,1.5240885,2.26238,-0.27803966,1.0,1
ENSG00000166797,1.5242023,2.26238,-0.28335163,0.51077485,1
ENSG00000125166,1.4506942,1.6043341,-0.25820097,1.0,1
ENSG00000125166,1.4530375,1.6043341,-0.2584046,1.0,1
ENSG00000119397,1.4633527,1.32695,-0.29272357,1.0,1
ENSG00000119397,1.4609768,1.32695,-0.2945414,1.0,1
ENSG00000119397,1.4605271,1.32695,-0.29496786,1.0,1
ENSG00000137871,1.4498814,1.1401937,-0.21994802,1.0,1
ENSG00000137871,1.4473311,1.1401937,-0.22017303,0.07751938,1
ENSG00000137871,1.4386866,1.1401937,-0.2244736,0.11034483,1
ENSG00000137871,1.4460063,1.1401937,-0.22933039,0.99752784,1
ENSG00000137871,1.4462446,1.1401937,-0.2291834,0.9925926,1
ENSG00000140577,1.4476123,1.09691,-0.2007279,1.0,1
ENSG00000140577,1.4476322,1.09691,-0.20330393,1.0,1
ENSG00000164823,1.4264674,1.2819419,-0.25468427,1.0,1
ENSG00000153975,1.4260367,1.4631461,-0.20719406,1.0,1
ENSG00000153975,1.4302372,1.4631461,-0.19820431,1.0,1
ENSG00000153975,1.4276767,1.4631461,-0.20026849,1.0,1
ENSG00000100505,1.3475525,-0.88605666,-0.18729421,1.0,1
ENSG00000148204,1.3721522,-0.55284196,-0.19404292,1.0,1
ENSG00000141582,1.4329188,0.9344984,-0.2342417,1.0,1
ENSG00000141582,1.4319637,0.9344984,-0.23648632,1.0,1
ENSG00000141582,1.434544,0.9344984,-0.23453209,1.0,1
ENSG00000146592,1.3575016,-0.4089354,-0.17659256,1.0,1
ENSG00000139626,1.3594387,0.029383779,-0.182949,1.0,1
ENSG00000102174,1.3765935,-0.92081875,-0.21093437,1.0,1
ENSG00000102174,1.3783067,-0.92081875,-0.21184994,1.0,1
ENSG00000105750,1.3520112,0.21484385,-0.17663363,1.0,1
ENSG00000171604,1.4203115,1.5905075,-0.2360628,1.0,1
ENSG00000171604,1.4203115,1.5905075,-0.2360628,1.0,1
ENSG00000131446,1.4381968,1.5772619,-0.23247078,1.0,1
ENSG00000164221,1.4078761,0.39967373,-0.18399592,1.0,1
ENSG00000164221,1.4152874,0.39967373,-0.1838053,1.0,1
ENSG00000164221,1.4112966,0.39967373,-0.18849875,1.0,1
ENSG00000166200,1.4765844,1.8992184,-0.23738179,1.0,1
ENSG00000143376,1.4360865,1.0273496,-0.24927908,1.0,1
ENSG00000143376,1.4377611,1.0273496,-0.2484748,1.0,1
ENSG00000080608,1.4418727,1.5010593,-0.18153721,1.0,1
ENSG00000136240,1.4662243,2.0493731,-0.25372487,1.0,1
ENSG00000136240,1.4660258,2.0493731,-0.2501611,1.0,1
ENSG00000136240,1.4652158,2.0493731,-0.2494125,0.79676974,1
ENSG00000161202,1.4288443,1.2805784,-0.25287956,1.0,1
ENSG00000166595,1.4980361,2.0856116,-0.23292336,1.0,1
ENSG00000169592,1.511434,1.2695129,-0.29068175,1.0,1
ENSG00000169592,1.5114728,1.2695129,-0.29156253,1.0,1
ENSG00000169592,1.5114541,1.2695129,-0.29193807,0.79858655,1
ENSG00000169592,1.5114428,1.2695129,-0.2903922,0.5403226,1
ENSG00000169592,1.5109977,1.2695129,-0.29166827,0.71244633,1
ENSG00000111644,1.363515,1.218798,-0.19163062,1.0,1
ENSG00000129636,1.4987845,1.7702627,-0.25423074,1.0,1
ENSG00000077585,1.3590785,-0.6777807,-0.17918868,1.0,1
ENSG00000174705,1.3627098,-0.82390875,-0.21862006,1.0,1
ENSG00000204209,1.4820585,1.3378584,-0.31180164,1.0,1
ENSG00000204209,1.4826778,1.3378584,-0.31194818,1.0,1
ENSG00000204209,1.4815232,1.3378584,-0.31245318,1.0,1
ENSG00000204209,1.4815611,1.3378584,-0.312659,1.0,1
ENSG00000116539,1.4750729,1.1436392,-0.37860146,1.0,1
ENSG00000116539,1.4773659,1.1436392,-0.37837195,1.0,1
ENSG00000115112,1.3817536,-0.45593196,-0.21860865,1.0,1
ENSG00000124116,1.4529539,-0.88605666,-0.17887767,1.0,1
ENSG00000124116,1.4521879,-0.88605666,-0.17690265,1.0,1
ENSG00000096070,1.4668846,0.8444772,-0.34155473,1.0,1
ENSG00000101266,1.5036696,1.993965,-0.28427354,1.0,1
ENSG00000101266,1.50363,1.993965,-0.2811695,0.96609193,1
ENSG00000101266,1.5035807,1.993965,-0.2813622,0.41293532,1
ENSG00000101266,1.5037582,1.993965,-0.28000352,0.8958333,1
ENSG00000041802,1.4768398,1.6168954,-0.30475488,1.0,1
ENSG00000041802,1.477687,1.6168954,-0.30524507,1.0,1
ENSG00000198874,1.439289,1.2221961,-0.22071552,1.0,1
ENSG00000198874,1.4379506,1.2221961,-0.22294253,1.0,1
ENSG00000198874,1.4372224,1.2221961,-0.22208592,0.9456119,1
ENSG00000250264,1.4614083,-0.4089354,-0.12333028,1.0,1
ENSG00000204628,1.5191414,3.5796716,-0.15397981,1.0,1
ENSG00000204628,1.5197088,3.5796716,-0.15958315,1.0,1
ENSG00000119772,1.3751079,0.5693739,-0.20869927,1.0,1
ENSG00000119772,1.3721708,0.5693739,-0.2094986,1.0,1
ENSG00000119772,1.3752059,0.5693739,-0.20889401,0.01438849,1
ENSG00000085231,1.4984509,1.9846623,-0.2951691,1.0,1
ENSG00000085231,1.4975505,1.9846623,-0.29195812,1.0,1
ENSG00000085231,1.4945582,1.9846623,-0.2948837,1.0,1
ENSG00000188211,1.3790061,1.2657609,-0.24134621,1.0,1
ENSG00000188211,1.3874744,1.2657609,-0.23821566,1.0,1
ENSG00000174953,1.4483192,1.852602,-0.22507703,1.0,1
ENSG00000174953,1.4514354,1.852602,-0.23391977,0.9505882,1
ENSG00000174953,1.4524769,1.852602,-0.2494807,0.7565558,1
ENSG00000163539,1.5034615,1.7298125,-0.31483337,1.0,1
ENSG00000162851,1.4869066,1.6788824,-0.25588685,1.0,1
ENSG00000204130,1.4806539,1.0232525,-0.2752718,1.0,1
ENSG00000204130,1.4825042,1.0232525,-0.28303233,1.0,1
ENSG00000182871,1.4234575,0.9375179,-0.22301945,1.0,1
ENSG00000169689,1.5250862,2.1456003,-0.2494357,1.0,1
ENSG00000169689,1.5241393,2.1456003,-0.2489864,1.0,1
ENSG00000169689,1.5236167,2.1456003,-0.25206098,1.0,1
ENSG00000169689,1.5241623,2.1456003,-0.24902219,1.0,1
ENSG00000169689,1.5236415,2.1456003,-0.25209576,1.0,1
ENSG00000169689,1.5218325,2.1456003,-0.25437492,1.0,1
ENSG00000169689,1.5218325,2.1456003,-0.25437492,1.0,1
ENSG00000169689,1.5233619,2.1456003,-0.2523212,1.0,1
ENSG00000169689,1.525216,2.1456003,-0.24940655,0.16596736,1
ENSG00000169689,1.5243105,2.1456003,-0.24915579,0.70225513,1
ENSG00000182670,1.502783,1.6168954,-0.3696889,1.0,1
ENSG00000182670,1.5033606,1.6168954,-0.37695208,0.7588235,1
ENSG00000137692,1.4715935,2.011232,-0.21890777,1.0,1
ENSG00000137692,1.4828702,2.011232,-0.22037315,1.0,1
ENSG00000164332,1.4945425,1.2669369,-0.26975286,1.0,1
ENSG00000164332,1.4954695,1.2669369,-0.27187362,1.0,1
ENSG00000168818,1.4818126,1.2655253,-0.23973235,1.0,1
ENSG00000136521,1.5158962,1.9242793,-0.2693143,1.0,1
ENSG00000136521,1.518338,1.9242793,-0.27223253,0.94213504,1
ENSG00000136521,1.517836,1.9242793,-0.26941785,0.96137625,1
ENSG00000136521,1.5175216,1.9242793,-0.27117112,0.5506329,1
ENSG00000136521,1.516874,1.9242793,-0.2756682,0.99719924,1
ENSG00000164362,1.376525,0.24551266,-0.23339024,1.0,1
ENSG00000186642,1.4061502,0.8954225,-0.22297472,1.0,1
ENSG00000134765,1.3518871,-0.9586073,-0.1909377,1.0,1
ENSG00000134765,1.3483112,-0.9586073,-0.1845335,1.0,1
ENSG00000134765,1.353665,-0.9586073,-0.17636044,1.0,1
ENSG00000134765,1.3535701,-0.9586073,-0.18340439,1.0,1
ENSG00000134765,1.3550152,-0.9586073,-0.18109418,1.0,1
ENSG00000134765,1.3558778,-0.9586073,-0.1856331,1.0,1
ENSG00000107821,1.4073361,0.6364879,-0.2228137,1.0,1
ENSG00000107821,1.4106908,0.6364879,-0.2200056,1.0,1
ENSG00000107821,1.411883,0.6364879,-0.21818087,1.0,1
ENSG00000168026,1.4441676,-0.10237291,-0.21377109,1.0,1
ENSG00000168026,1.4441676,-0.10237291,-0.21377109,1.0,1
ENSG00000118514,1.3494276,-0.85387194,-0.17595255,1.0,1
ENSG00000118514,1.3507267,-0.85387194,-0.17598307,1.0,1
ENSG00000118514,1.3537128,-0.85387194,-0.17388952,1.0,1
ENSG00000010030,1.3748854,-0.88605666,-0.17638889,1.0,1
ENSG00000010030,1.3755559,-0.88605666,-0.17529202,1.0,1
ENSG00000122068,1.4564418,1.6681995,-0.26431522,1.0,1
ENSG00000139370,1.4345201,1.2070955,-0.21611133,1.0,1
ENSG00000139370,1.4286636,1.2070955,-0.21698758,0.65,1
ENSG00000106105,1.5005512,2.6020164,-0.2875514,1.0,1
ENSG00000143162,1.4673663,2.3299265,-0.25646612,1.0,1
ENSG00000143162,1.4667438,2.3299265,-0.25556257,1.0,1
ENSG00000168906,1.4942,2.8064716,-0.37089166,1.0,1
ENSG00000087074,1.4784139,1.5919546,-0.32420132,1.0,1
ENSG00000132510,1.3482,-0.20760831,-0.18012655,1.0,1
ENSG00000168502,1.4505569,0.9652017,-0.20803049,1.0,1
ENSG00000131711,1.4319152,0.72181064,-0.2890153,1.0,1
ENSG00000099795,1.455747,2.1148777,-0.1657373,1.0,1
ENSG00000067836,1.5124205,1.1065309,-0.2763203,1.0,1
ENSG00000067836,1.5122107,1.1065309,-0.27682018,1.0,1
ENSG00000067836,1.5079867,1.1065309,-0.2796534,1.0,1
ENSG00000067836,1.5077837,1.1065309,-0.27945024,1.0,1
ENSG00000067836,1.508257,1.1065309,-0.27880695,1.0,1
ENSG00000067836,1.5106839,1.1065309,-0.27732688,1.0,1
ENSG00000067836,1.5105978,1.1065309,-0.27735618,1.0,1
ENSG00000067836,1.5100113,1.1065309,-0.27861392,0.4239766,1
ENSG00000125148,1.4567146,1.1746413,-0.20154475,1.0,1
ENSG00000125148,1.4590952,1.1746413,-0.20101574,1.0,1
ENSG00000116852,1.3985158,0.9642596,-0.19580084,1.0,1
ENSG00000116852,1.3992425,0.9642596,-0.19659172,0.24565469,1
ENSG00000126010,1.3454243,-0.79588,-0.19979757,1.0,1
ENSG00000107954,1.3462621,-0.5850267,-0.20666623,1.0,1
ENSG00000107954,1.344315,-0.5850267,-0.20614952,1.0,1
ENSG00000107954,1.3462465,-0.5850267,-0.20479739,1.0,1
ENSG00000107954,1.3476764,-0.5850267,-0.20596476,1.0,1
ENSG00000244115,1.4651564,0.76192784,-0.20122804,1.0,1
ENSG00000180776,1.448251,1.0707765,-0.2036579,1.0,1
ENSG00000180776,1.4497204,1.0707765,-0.19688755,1.0,1
ENSG00000180776,1.4482948,1.0707765,-0.20567627,1.0,1
ENSG00000180776,1.4458448,1.0707765,-0.2018535,0.6478261,1
ENSG00000180776,1.4466549,1.0707765,-0.19827348,0.8610635,1
ENSG00000105258,1.5283133,1.3558345,-0.2593174,1.0,1
ENSG00000105258,1.5273798,1.3558345,-0.25853243,0.9340021,1
ENSG00000179750,1.4208382,1.3467441,-0.20271178,1.0,1
ENSG00000179750,1.4233085,1.3467441,-0.20558903,1.0,1
ENSG00000130669,1.4763595,0.85733247,-0.29541546,1.0,1
ENSG00000130669,1.4763595,0.85733247,-0.29541546,1.0,1
ENSG00000130669,1.4767884,0.85733247,-0.29371098,1.0,1
ENSG00000130669,1.4772708,0.85733247,-0.29272547,1.0,1
ENSG00000130669,1.477247,0.85733247,-0.2947084,1.0,1
ENSG00000130669,1.4764477,0.85733247,-0.2954446,0.040650405,1
ENSG00000130669,1.4765602,0.85733247,-0.29469356,0.4262561,1
ENSG00000130669,1.4766731,0.85733247,-0.29336253,0.014981274,1
ENSG00000130669,1.476686,0.85733247,-0.2945247,0.5818584,1
ENSG00000130669,1.4763623,0.85733247,-0.29476127,0.49329758,1
ENSG00000138231,1.3833603,0.8785218,-0.17032921,1.0,1
ENSG00000140983,1.456317,2.0492957,-0.2488699,1.0,1
ENSG00000140983,1.4564492,2.0492957,-0.24760762,1.0,1
ENSG00000140983,1.4547279,2.0492957,-0.24999687,1.0,1
ENSG00000140983,1.458367,2.0492957,-0.24614057,0.91107047,1
ENSG00000102606,1.4471443,1.209783,-0.26378497,0.96676165,1
ENSG00000102606,1.4494491,1.209783,-0.26459768,0.96704334,1
ENSG00000102606,1.4495503,1.209783,-0.26484284,0.9721116,1
ENSG00000151229,1.3983577,0.770852,-0.19231127,1.0,1
ENSG00000151229,1.3916386,0.770852,-0.19226433,1.0,1
ENSG00000114904,1.4309973,1.1312978,-0.27015534,1.0,1
ENSG00000114904,1.4329504,1.1312978,-0.2716914,0.1672355,1
ENSG00000114904,1.4319822,1.1312978,-0.27622512,0.2738496,1
ENSG00000114904,1.4317472,1.1312978,-0.2713906,1.0,1
ENSG00000014216,1.4983,1.892039,-0.25731233,1.0,1
ENSG00000014216,1.4976939,1.892039,-0.25683513,1.0,1
ENSG00000100994,1.423372,0.7979596,-0.2337685,1.0,1
ENSG00000162511,1.423782,2.2565975,-0.16504999,1.0,1
ENSG00000162511,1.4232633,2.2565975,-0.16664039,1.0,1
ENSG00000162511,1.4236611,2.2565975,-0.16751747,1.0,1
ENSG00000151327,1.4549636,1.4149734,-0.20831622,1.0,1
ENSG00000151327,1.4528211,1.4149734,-0.20772767,1.0,1
ENSG00000117118,1.5213848,2.5982213,-0.29751894,1.0,1
ENSG00000117118,1.5234817,2.5982213,-0.28988716,1.0,1
ENSG00000160446,1.4952062,1.1928461,-0.3055485,1.0,1
ENSG00000160446,1.4917928,1.1928461,-0.30811554,1.0,1
ENSG00000160446,1.4900883,1.1928461,-0.30889484,1.0,1
ENSG00000213760,1.4101142,0.053078443,-0.18963706,1.0,1
ENSG00000186026,1.3918282,-0.85387194,-0.24161303,1.0,1
ENSG00000186026,1.3905103,-0.85387194,-0.24658805,1.0,1
ENSG00000257727,1.5104433,2.1634,-0.24411222,1.0,1
ENSG00000120992,1.5114056,2.2266772,-0.29073614,1.0,1
ENSG00000120992,1.5126046,2.2266772,-0.29091454,0.97512,1
ENSG00000120992,1.5124673,2.2266772,-0.2877583,0.9656365,1
ENSG00000101298,1.4013546,0.041392684,-0.26005116,1.0,1
ENSG00000101298,1.4002624,0.041392684,-0.26351476,1.0,1
ENSG00000006638,1.4376776,0.4756712,-0.23023027,1.0,1
ENSG00000127948,1.4859675,1.5260807,-0.25878206,1.0,1
ENSG00000108523,1.4839828,1.5856863,-0.22059023,1.0,1
ENSG00000154845,1.4442681,2.0187838,-0.2670717,1.0,1
ENSG00000164953,1.3997189,0.7242759,-0.19959286,1.0,1
ENSG00000164953,1.4053986,0.7242759,-0.18937589,0.019736841,1
ENSG00000104856,1.4359531,-0.49485,-0.2323479,1.0,1
ENSG00000104856,1.435531,-0.49485,-0.23402438,1.0,1
ENSG00000104856,1.4378244,-0.49485,-0.23146966,1.0,1
ENSG00000121039,1.4681255,1.6543691,-0.27439678,1.0,1
ENSG00000121039,1.4728183,1.6543691,-0.2749817,1.0,1
ENSG00000130827,1.412892,1.2307043,-0.26973185,1.0,1
ENSG00000143772,1.3715831,-0.9586073,-0.23872116,1.0,1
ENSG00000189007,1.5142486,1.6336704,-0.29163682,1.0,1
ENSG00000101745,1.4662994,0.95085144,-0.362058,1.0,1
ENSG00000101745,1.4660691,0.95085144,-0.36349583,0.34153005,1
ENSG00000101745,1.4671623,0.95085144,-0.36093158,0.0076190475,1
ENSG00000172661,1.3849345,1.1841234,-0.1849167,1.0,1
ENSG00000172661,1.3817307,1.1841234,-0.19723022,0.9814385,1
ENSG00000172661,1.3794676,1.1841234,-0.19855544,0.9814385,1
ENSG00000172661,1.3789442,1.1841234,-0.19096765,0.96171695,1
ENSG00000172361,1.3444027,0.1818436,-0.15340391,1.0,1
ENSG00000173545,1.4530396,1.1925675,-0.20695195,1.0,1
ENSG00000204560,1.4434594,1.590619,-0.21565059,1.0,1
ENSG00000204560,1.4434031,1.590619,-0.216679,1.0,1
ENSG00000182134,1.4614686,1.1812718,-0.25190097,1.0,1
ENSG00000038427,1.3554662,-0.7695511,-0.22831997,1.0,1
ENSG00000048342,1.3751546,-0.56863624,-0.15223835,1.0,1
ENSG00000100220,1.4187185,2.022717,-0.18865345,1.0,1
ENSG00000078401,1.3659875,-0.92081875,-0.17709723,1.0,1
ENSG00000078401,1.3665282,-0.92081875,-0.16531557,1.0,1
ENSG00000078401,1.3666542,-0.92081875,-0.1741792,1.0,1
ENSG00000171992,1.3668947,-0.92081875,-0.2495816,1.0,1
ENSG00000166199,1.4271201,1.3346548,-0.18295649,1.0,1
ENSG00000166199,1.4304005,1.3346548,-0.18530431,0.5040577,1
ENSG00000166199,1.4302016,1.3346548,-0.19157743,0.050086357,1
ENSG00000078070,1.4839002,1.2619762,-0.25401774,1.0,1
ENSG00000078070,1.4827507,1.2619762,-0.24720481,0.99211645,1
ENSG00000078070,1.4830734,1.2619762,-0.25256303,0.020359281,1
ENSG00000078070,1.4848425,1.2619762,-0.25140092,0.97979796,1
ENSG00000078070,1.485942,1.2619762,-0.24265668,0.9407186,1
ENSG00000078070,1.4864827,1.2619762,-0.24640155,0.9219219,1
ENSG00000122545,1.4979962,2.1290774,-0.30836445,1.0,1
ENSG00000122545,1.4908359,2.1290774,-0.3142797,0.91087264,1
ENSG00000154309,1.3750724,-0.9586073,-0.20825154,1.0,1
ENSG00000154309,1.3738693,-0.9586073,-0.20004323,1.0,1
ENSG00000154309,1.3739287,-0.9586073,-0.18899825,1.0,1
ENSG00000154309,1.3835806,-0.9586073,-0.19307375,1.0,1
ENSG00000152804,1.4206953,1.7580788,-0.22234616,1.0,1
ENSG00000152804,1.4209485,1.7580788,-0.21835384,1.0,1
ENSG00000152804,1.4202822,1.7580788,-0.21878687,1.0,1
ENSG00000120438,1.5010356,2.3746018,-0.32296982,1.0,1
ENSG00000120438,1.501985,2.3746018,-0.32404566,1.0,1
ENSG00000243696,1.3951575,-0.82390875,-0.22234404,1.0,1
ENSG00000143761,1.4985051,2.579852,-0.36432233,1.0,1
ENSG00000143761,1.4985051,2.579852,-0.36432233,1.0,1
ENSG00000143761,1.4985051,2.579852,-0.36432233,1.0,1
ENSG00000143761,1.4993533,2.579852,-0.3628958,1.0,1
ENSG00000143761,1.4996662,2.579852,-0.36239865,1.0,1
ENSG00000121774,1.5031499,1.6328621,-0.45256585,1.0,1
ENSG00000121774,1.504726,1.6328621,-0.45127314,1.0,1
ENSG00000121774,1.5038987,1.6328621,-0.45317402,0.98903704,1
ENSG00000136709,1.4853983,1.6395861,-0.33198038,1.0,1
ENSG00000124380,1.4846207,1.6141587,-0.23029464,1.0,1
ENSG00000124380,1.4828109,1.6141587,-0.23270711,1.0,1
ENSG00000124380,1.4831219,1.6141587,-0.23090616,1.0,1
ENSG00000124380,1.4834242,1.6141587,-0.23183826,1.0,1
ENSG00000124380,1.487202,1.6141587,-0.22911856,1.0,1
ENSG00000072110,1.4737812,1.5101427,-0.10756776,1.0,1
ENSG00000072110,1.4726119,1.5101427,-0.11604582,1.0,1
ENSG00000072110,1.4719696,1.5101427,-0.11334793,0.002302821,1
ENSG00000115091,1.494324,2.369976,-0.3040024,1.0,1
ENSG00000115091,1.4977533,2.369976,-0.30347463,1.0,1
ENSG00000112874,1.4155809,1.267641,-0.23639116,1.0,1
ENSG00000112874,1.4261447,1.267641,-0.24194348,1.0,1
ENSG00000179409,1.4246119,1.1351327,-0.27703243,1.0,1
ENSG00000179409,1.4281361,1.1351327,-0.27713495,0.13535589,1
ENSG00000114744,1.4124404,1.6238693,-0.1887652,1.0,1
ENSG00000114744,1.4127039,1.6238693,-0.18863258,0.08241618,1
ENSG00000072518,1.4903557,1.0937718,-0.30438343,1.0,1
ENSG00000072518,1.4885873,1.0937718,-0.30647618,0.2464403,1
ENSG00000072518,1.48872,1.0937718,-0.30709296,0.1588367,1
ENSG00000072518,1.487947,1.0937718,-0.3060955,0.98558325,1
ENSG00000072518,1.487947,1.0937718,-0.3060955,0.94666666,1
ENSG00000143970,1.455355,1.1061909,-0.31929508,1.0,1
ENSG00000156587,1.400638,0.6608655,-0.19077209,1.0,1
ENSG00000140795,1.3759927,0.5289167,-0.20821069,1.0,1
ENSG00000140795,1.3717633,0.5289167,-0.20584434,1.0,1
ENSG00000140795,1.3655117,0.5289167,-0.21767113,1.0,1
ENSG00000159208,1.3507731,-0.61978877,-0.16205007,1.0,1
ENSG00000196646,1.4255167,0.4756712,-0.255528,1.0,1
ENSG00000196646,1.4310846,0.4756712,-0.25682494,0.86742425,1
ENSG00000197601,1.4477127,1.8058405,-0.26252934,1.0,1
ENSG00000197601,1.4407067,1.8058405,-0.25548908,1.0,1
ENSG00000130479,1.4040039,0.9863238,-0.23273453,1.0,1
ENSG00000157992,1.4013702,0.1271048,-0.19273658,1.0,1
ENSG00000188290,1.4581892,0.8095597,-0.2773905,1.0,1
ENSG00000188290,1.458196,0.8095597,-0.2772964,1.0,1
ENSG00000115942,1.48755,1.1283993,-0.29443476,1.0,1
ENSG00000158286,1.4512218,1.0549959,-0.2635045,1.0,1
ENSG00000158286,1.4514978,1.0549959,-0.26348934,1.0,1
ENSG00000158286,1.4486171,1.0549959,-0.2670233,1.0,1
ENSG00000158286,1.449046,1.0549959,-0.26690754,1.0,1
ENSG00000158286,1.4487065,1.0549959,-0.2666986,1.0,1
ENSG00000158286,1.4505624,1.0549959,-0.2640564,1.0,1
ENSG00000158286,1.4507178,1.0549959,-0.26513112,1.0,1
ENSG00000158286,1.4480333,1.0549959,-0.2671933,1.0,1
ENSG00000158286,1.4482647,1.0549959,-0.26763624,1.0,1
ENSG00000118162,1.5119214,0.9068735,-0.28329098,1.0,1
ENSG00000100014,1.4392434,1.069668,-0.26587376,1.0,1
ENSG00000100014,1.4392434,1.069668,-0.26587376,1.0,1
ENSG00000100014,1.4376229,1.069668,-0.26367322,0.37892377,1
ENSG00000100014,1.441823,1.069668,-0.26570252,0.99327356,1
ENSG00000058668,1.468619,1.4884096,-0.31272784,1.0,1
ENSG00000058668,1.4681705,1.4884096,-0.3111516,0.55417407,1
ENSG00000095261,1.4862007,2.0013442,-0.5564684,1.0,1
ENSG00000095261,1.4863739,2.0013442,-0.55353147,0.9946043,1
ENSG00000095261,1.4851133,2.0013442,-0.5566656,0.9989041,1
ENSG00000153201,1.4095756,1.3047059,-0.27692926,1.0,1
ENSG00000143190,1.4856561,1.0433623,-0.3053382,1.0,1
ENSG00000143190,1.48468,1.0433623,-0.30176535,1.0,1
ENSG00000143190,1.4862663,1.0433623,-0.3036599,0.07692308,1
ENSG00000143190,1.4866127,1.0433623,-0.30298325,0.18552037,1
ENSG00000143190,1.48437,1.0433623,-0.30225077,0.06355932,1
ENSG00000143190,1.4850787,1.0433623,-0.3002291,0.9836956,1
ENSG00000143190,1.4855872,1.0433623,-0.30312118,0.008156607,1
ENSG00000165943,1.4028738,0.9934362,-0.26877928,1.0,1
ENSG00000130300,1.380559,-0.17392519,-0.1928082,1.0,1
ENSG00000130300,1.3777759,-0.17392519,-0.19710349,1.0,1
ENSG00000171502,1.3663882,-0.88605666,-0.18528183,1.0,1
ENSG00000171502,1.3626546,-0.88605666,-0.19041291,1.0,1
ENSG00000171502,1.3637263,-0.88605666,-0.19403484,1.0,1
ENSG00000178127,1.5317367,2.567344,-0.2671757,1.0,1
ENSG00000102974,1.4785153,1.3344537,-0.31692973,1.0,1
ENSG00000142733,1.4789585,0.85248,-0.10717192,1.0,1
ENSG00000142733,1.4793016,0.85248,-0.106129944,1.0,1
ENSG00000021574,1.4874758,1.024075,-0.26844266,1.0,1
ENSG00000021574,1.4909449,1.024075,-0.26075098,1.0,1
ENSG00000021574,1.4918256,1.024075,-0.2628016,1.0,1
ENSG00000021574,1.4873039,1.024075,-0.26863846,1.0,1
ENSG00000104228,1.4728893,0.78675145,-0.29996222,1.0,1
ENSG00000104228,1.4720038,0.78675145,-0.29865512,0.93773586,1
ENSG00000104228,1.4731485,0.78675145,-0.2979128,0.94210523,1
ENSG00000103740,1.367862,0.12385164,-0.21366198,1.0,1
ENSG00000101004,1.3482425,-0.88605666,-0.17192258,1.0,1
ENSG00000101004,1.347149,-0.88605666,-0.16834795,1.0,1
ENSG00000101004,1.3426307,-0.88605666,-0.16831166,1.0,1
ENSG00000101004,1.3432134,-0.88605666,-0.17788021,1.0,1
ENSG00000004779,1.4752463,2.3464704,-0.21820268,1.0,1
ENSG00000004779,1.4752463,2.3464704,-0.21820268,1.0,1
ENSG00000004779,1.4745685,2.3464704,-0.21814156,0.99628437,1
ENSG00000106948,1.3518164,0.2966652,-0.21238515,1.0,1
ENSG00000106948,1.3546966,0.2966652,-0.21284293,0.025423728,1
ENSG00000064652,1.4667901,0.5899496,-0.20575628,1.0,1
ENSG00000064652,1.4687937,0.5899496,-0.2036831,0.0,1
ENSG00000196705,1.4002651,1.357363,-0.23635793,1.0,1
ENSG00000164252,1.4255813,1.1649474,-0.24642211,1.0,1
ENSG00000162461,1.3708954,-0.48148605,-0.22273487,1.0,1
ENSG00000178934,1.3850148,-0.88605666,-0.16244772,1.0,1
ENSG00000178934,1.3855354,-0.88605666,-0.16423362,1.0,1
ENSG00000101347,1.4808793,1.0326188,-0.29450503,1.0,1
ENSG00000101347,1.481191,1.0326188,-0.2861984,1.0,1
ENSG00000137509,1.4491798,1.5153439,-0.19782256,1.0,1
ENSG00000137509,1.4470154,1.5153439,-0.20483604,0.8664098,1
ENSG00000187997,1.4503086,1.1034616,-0.19390276,1.0,1
ENSG00000187997,1.4497699,1.1034616,-0.19323348,1.0,1
ENSG00000187997,1.4501611,1.1034616,-0.19469172,1.0,1
ENSG00000187997,1.4502759,1.1034616,-0.19271505,1.0,1
ENSG00000108469,1.4700456,1.1583625,-0.28359714,1.0,1
ENSG00000093183,1.5075027,1.6953065,-0.3982863,1.0,1
ENSG00000093183,1.5066122,1.6953065,-0.3954005,0.9790672,1
ENSG00000093183,1.5091916,1.6953065,-0.39322743,0.035368804,1
ENSG00000104388,1.5002877,1.8533331,-0.25991634,1.0,1
ENSG00000104388,1.5008737,1.8533331,-0.26767316,1.0,1
ENSG00000104388,1.501006,1.8533331,-0.2702897,1.0,1
ENSG00000104388,1.501006,1.8533331,-0.2702897,1.0,1
ENSG00000104388,1.498874,1.8533331,-0.26453117,0.9982266,1
ENSG00000104388,1.501891,1.8533331,-0.26641425,0.27738473,1
ENSG00000146587,1.4269029,0.9106244,-0.30892155,1.0,1
ENSG00000091542,1.4540159,1.6127839,-0.26800716,1.0,1
ENSG00000198522,1.4732939,1.8420473,-0.26835456,1.0,1
ENSG00000160326,1.3898679,-0.65757734,-0.23518476,1.0,1
ENSG00000167850,1.3511018,-0.92081875,-0.17771378,1.0,1
ENSG00000066294,1.4171456,0.5831988,-0.12528655,1.0,1
ENSG00000066294,1.4175183,0.5831988,-0.13201095,0.8632075,1
ENSG00000066294,1.4185034,0.5831988,-0.1349797,0.0,1
ENSG00000066294,1.4157454,0.5831988,-0.12820223,0.90697676,1
ENSG00000163568,1.4306816,-0.7695511,-0.22307697,1.0,1
ENSG00000147419,1.4700656,1.2365372,-0.2693946,1.0,1
ENSG00000147419,1.4671816,1.2365372,-0.26738372,1.0,1
ENSG00000147419,1.4685605,1.2365372,-0.26741382,0.99567634,1
ENSG00000147419,1.4699036,1.2365372,-0.2684058,0.8380117,1
ENSG00000147419,1.4684877,1.2365372,-0.27081355,0.7818713,1
ENSG00000147419,1.4655393,1.2365372,-0.2713513,0.054385964,1
ENSG00000170946,1.418511,1.2477279,-0.164726,1.0,1
ENSG00000170946,1.4095968,1.2477279,-0.14918205,1.0,1
ENSG00000170946,1.4125687,1.2477279,-0.15316747,0.06075217,1
ENSG00000136235,1.3484212,-0.60206,-0.13227814,1.0,1
ENSG00000136235,1.3479458,-0.60206,-0.12664823,1.0,1
ENSG00000102003,1.4333044,0.5658478,-0.21498409,1.0,1
ENSG00000102003,1.4339328,0.5658478,-0.2192407,1.0,1
ENSG00000102003,1.435064,0.5658478,-0.21782205,1.0,1
ENSG00000102003,1.4350463,0.5658478,-0.22025451,1.0,1
ENSG00000102003,1.4332594,0.5658478,-0.2131708,0.9894366,1
ENSG00000183426,1.3811845,1.4483972,-0.11230403,1.0,1
ENSG00000183426,1.380243,1.4483972,-0.11089316,0.46980336,1
ENSG00000085185,1.4425774,0.075546965,-0.283653,1.0,1
ENSG00000198793,1.4987564,1.6205524,-0.3093637,1.0,1
ENSG00000114770,1.4924643,1.4752352,-0.30223802,1.0,1
ENSG00000114770,1.4894536,1.4752352,-0.30132803,0.8330404,1
ENSG00000148832,1.3945427,0.5340261,-0.21059509,0.0,1
ENSG00000148832,1.3933293,0.5340261,-0.20999798,0.8680556,1
ENSG00000148832,1.3940064,0.5340261,-0.20867042,0.9270833,1
ENSG00000131669,1.4271965,0.55145,-0.21147707,1.0,1
ENSG00000131669,1.4263369,0.55145,-0.21260485,1.0,1
ENSG00000131669,1.4274148,0.55145,-0.21376054,0.0,1
ENSG00000197226,1.3902043,1.4976207,-0.24134985,1.0,1
ENSG00000197226,1.3927648,1.4976207,-0.23842958,1.0,1
ENSG00000197226,1.3915708,1.4976207,-0.23856273,1.0,1
ENSG00000197226,1.3893511,1.4976207,-0.23314062,0.45565748,1
ENSG00000071537,1.4223969,0.8122447,-0.2520772,1.0,1
ENSG00000071537,1.4254005,0.8122447,-0.22971752,1.0,1
ENSG00000139291,1.4573168,1.1619666,-0.29695323,1.0,1
ENSG00000139291,1.4560443,1.1619666,-0.29323134,1.0,1
ENSG00000090054,1.4983946,1.8347385,-0.23348442,1.0,1
ENSG00000104312,1.4498562,1.2469907,-0.23358837,1.0,1
ENSG00000104312,1.4508249,1.2469907,-0.23381695,0.3451071,1
ENSG00000111012,1.373104,0.5820634,-0.18600276,1.0,1
ENSG00000163950,1.5269531,2.0828571,-0.31145594,1.0,1
ENSG00000163950,1.5275279,2.0828571,-0.30974606,0.97517455,1
ENSG00000163950,1.529162,2.0828571,-0.3097836,0.11117007,1
ENSG00000177303,1.427711,0.23552845,-0.26487932,1.0,1
ENSG00000177303,1.4232249,0.23552845,-0.26777497,1.0,1
ENSG00000141337,1.4311746,-0.036212172,-0.24198583,1.0,1
ENSG00000141337,1.4317244,-0.036212172,-0.24256629,1.0,1
ENSG00000141452,1.5054063,1.361539,-0.26343352,1.0,1
ENSG00000141452,1.5050522,1.361539,-0.26142418,0.93666667,1
ENSG00000166133,1.4387515,0.98677176,-0.25831208,1.0,1
ENSG00000213853,1.4114765,0.67486113,-0.1486003,1.0,1
ENSG00000213853,1.4143598,0.67486113,-0.14916748,1.0,1
ENSG00000100084,1.5354362,1.7835463,-0.44161442,1.0,1
ENSG00000078246,1.4781426,0.98587537,-0.26342866,1.0,1
ENSG00000078246,1.4787283,0.98587537,-0.2623708,0.9167604,1
ENSG00000078246,1.4765896,0.98587537,-0.26175347,0.9943757,1
ENSG00000078246,1.4780674,0.98587537,-0.26198557,0.9223847,1
ENSG00000078246,1.4781626,0.98587537,-0.26153597,0.9943757,1
ENSG00000196455,1.4047915,1.542701,-0.2254012,1.0,1
ENSG00000100722,1.4013488,1.9305925,-0.26229796,1.0,1
ENSG00000100722,1.4020678,1.9305925,-0.26558506,1.0,1
ENSG00000100722,1.402172,1.9305925,-0.25527152,1.0,1
ENSG00000213967,1.4258695,1.0530784,-0.14975607,1.0,1
ENSG00000213967,1.4247124,1.0530784,-0.15735282,1.0,1
ENSG00000213967,1.4247124,1.0530784,-0.15735282,1.0,1
ENSG00000175697,1.3550102,-0.79588,-0.18910512,1.0,1
ENSG00000088836,1.3635237,-0.2596373,-0.19914281,1.0,1
ENSG00000132793,1.445899,0.8350561,-0.24560031,1.0,1
ENSG00000132793,1.4494823,0.8350561,-0.242547,1.0,1
ENSG00000136143,1.4293247,1.4536241,-0.17180684,1.0,1
ENSG00000110851,1.408483,1.1945144,-0.23900321,1.0,1
ENSG00000078596,1.3826109,1.8047526,-0.17216595,1.0,1
ENSG00000078596,1.3791631,1.8047526,-0.17295012,1.0,1
ENSG00000078596,1.3655845,1.8047526,-0.17343542,0.7400894,1
ENSG00000114859,1.4176159,0.8337844,-0.19280498,1.0,1
ENSG00000078369,1.495488,2.3312044,-0.27600092,1.0,1
ENSG00000078369,1.4945451,2.3312044,-0.27581874,1.0,1
ENSG00000189050,1.4753829,1.3891661,-0.28434804,1.0,1
ENSG00000189050,1.4753829,1.3891661,-0.28434804,0.26953748,1
ENSG00000070759,1.4138136,0.29003462,-0.2208586,1.0,1
ENSG00000070759,1.4146293,0.29003462,-0.22384128,1.0,1
ENSG00000070759,1.4138175,0.29003462,-0.2213544,0.6342857,1
ENSG00000079950,1.4593335,1.4034637,-0.2488161,1.0,1
ENSG00000079950,1.4600617,1.4034637,-0.2512249,1.0,1
ENSG00000151353,1.5293785,1.2979792,-0.3114297,1.0,1
ENSG00000113758,1.4212104,1.4886917,-0.21161386,1.0,1
ENSG00000113758,1.4198226,1.4886917,-0.21069016,1.0,1
ENSG00000113758,1.4183475,1.4886917,-0.21582893,1.0,1
ENSG00000188215,1.4600681,0.3783979,-0.29637703,1.0,1
ENSG00000132357,1.4168665,0.6414741,-0.25101182,1.0,1
ENSG00000172831,1.4492593,1.0546131,-0.2719938,1.0,1
ENSG00000197969,1.4127768,1.1726029,-0.24075487,1.0,1
ENSG00000153786,1.4986897,1.4949889,-0.32472458,1.0,1
ENSG00000153786,1.4986128,1.4949889,-0.3237074,1.0,1
ENSG00000153786,1.4983007,1.4949889,-0.3241737,0.022058824,1
ENSG00000104731,1.4551282,1.2935835,-0.2634387,1.0,1
ENSG00000104731,1.4541088,1.2935835,-0.2644832,1.0,1
ENSG00000104731,1.4538667,1.2935835,-0.26783225,0.98630136,1
ENSG00000104731,1.4550456,1.2935835,-0.26171368,0.8767123,1
ENSG00000171163,1.5175692,1.9259821,-0.32643908,1.0,1
ENSG00000171163,1.5159196,1.9259821,-0.323917,1.0,1
ENSG00000171163,1.5163001,1.9259821,-0.32030758,1.0,1
ENSG00000171163,1.5180553,1.9259821,-0.3221288,0.9958833,1
ENSG00000171163,1.5165304,1.9259821,-0.3213403,0.9802383,1
ENSG00000173812,1.5315313,2.3517964,-0.3026608,1.0,1
ENSG00000173812,1.5328597,2.3517964,-0.3037338,1.0,1
ENSG00000173812,1.5328859,2.3517964,-0.30387574,0.09003601,1
ENSG00000109762,1.4439338,1.2509077,-0.23462623,1.0,1
ENSG00000109762,1.4440213,1.2509077,-0.23559186,1.0,1
ENSG00000109762,1.4452287,1.2509077,-0.24307069,1.0,1
ENSG00000100211,1.509853,1.1492192,-0.26008913,1.0,1
ENSG00000100211,1.5077828,1.1492192,-0.2615935,0.16543816,1
ENSG00000108395,1.473247,1.3508292,-0.24225521,1.0,1
ENSG00000108395,1.4691247,1.3508292,-0.2592446,0.91091955,1
ENSG00000108395,1.4661877,1.3508292,-0.25518158,0.08201058,1
ENSG00000108395,1.4672611,1.3508292,-0.25690547,0.9873016,1
ENSG00000151151,1.4235481,0.26717174,-0.2407076,1.0,1
ENSG00000103852,1.3534186,0.056904852,-0.13995379,1.0,1
ENSG00000101189,1.4839736,1.193681,-0.2797677,1.0,1
ENSG00000076108,1.4137447,1.8205298,-0.24491617,1.0,1
ENSG00000076108,1.411581,1.8205298,-0.24562195,1.0,1
ENSG00000076108,1.4069437,1.8205298,-0.25324667,0.15889744,1
ENSG00000112561,1.4106839,0.41664052,-0.21263713,1.0,1
ENSG00000112561,1.4104356,0.41664052,-0.21341605,1.0,1
ENSG00000112561,1.4094427,0.41664052,-0.21261673,1.0,1
ENSG00000155621,1.4472325,0.845718,-0.2056022,1.0,1
ENSG00000155621,1.4472325,0.845718,-0.2056022,1.0,1
ENSG00000155621,1.4554754,0.845718,-0.19796717,0.86506027,1
ENSG00000163577,1.4685577,1.0595634,-0.28568724,1.0,1
ENSG00000163577,1.4702793,1.0595634,-0.28065503,1.0,1
ENSG00000182318,1.4524481,0.6273658,-0.2970044,1.0,1
ENSG00000214160,1.4794792,1.8798983,-0.26263455,1.0,1
ENSG00000214160,1.4787807,1.8798983,-0.2628651,1.0,1
ENSG00000214160,1.478506,1.8798983,-0.2626694,1.0,1
ENSG00000214160,1.478506,1.8798983,-0.2626694,0.9729409,1
ENSG00000214160,1.478506,1.8798983,-0.2626694,0.996904,1
ENSG00000149761,1.469338,1.5317343,-0.18572393,1.0,1
ENSG00000149761,1.4705926,1.5317343,-0.18146284,1.0,1
ENSG00000188549,1.3803892,-0.88605666,-0.1999039,1.0,1
ENSG00000163444,1.5016017,2.1554272,-0.32009324,1.0,1
ENSG00000163444,1.5006131,2.1554272,-0.32020524,1.0,1
ENSG00000174099,1.3793361,-0.92081875,-0.1814455,1.0,1
ENSG00000025800,1.4806274,1.4874212,-0.28512353,1.0,1
ENSG00000025800,1.4813703,1.4874212,-0.28520146,1.0,1
ENSG00000203778,1.4448829,1.0472748,-0.20616025,1.0,1
ENSG00000203778,1.443282,1.0472748,-0.20347945,1.0,1
ENSG00000171530,1.4789189,2.0499156,-0.17886825,1.0,1
ENSG00000171530,1.4794358,2.0499156,-0.17450836,0.995686,1
ENSG00000171530,1.478244,2.0499156,-0.1806365,0.0067925933,1
ENSG00000198156,1.3564593,-0.65757734,-0.18155192,1.0,1
ENSG00000198156,1.358142,-0.65757734,-0.18928482,1.0,1
ENSG00000165555,1.3501977,-0.14874165,-0.17757487,1.0,1
ENSG00000100228,1.5193907,-0.92081875,-0.2889606,1.0,1
ENSG00000149257,1.4435362,1.8301394,-0.24220386,1.0,1
ENSG00000149257,1.4435362,1.8301394,-0.24220386,1.0,1
ENSG00000149257,1.4472989,1.8301394,-0.24045545,1.0,1
ENSG00000149257,1.4452752,1.8301394,-0.2424196,0.0038885288,1
ENSG00000166716,1.4241012,0.8518696,-0.25818253,1.0,1
ENSG00000106397,1.5218146,1.3176455,-0.37180343,1.0,1
ENSG00000106397,1.5218846,1.3176455,-0.3716673,1.0,1
ENSG00000106397,1.5219018,1.3176455,-0.37192062,1.0,1
ENSG00000106397,1.5219979,1.3176455,-0.37250742,1.0,1
ENSG00000134769,1.3579665,0.045322977,-0.14435938,1.0,1
ENSG00000064989,1.3496028,-0.92081875,-0.1743438,1.0,1
