,PredExpr,ActualExpr,PredPsi,ActualPsi,fold_idx
ENSG00000196388,1.1841489,-0.82390875,0.41145024,1.0,1
ENSG00000164051,1.1684076,1.1099159,0.45074093,1.0,1
ENSG00000064102,1.2055973,1.7070589,0.41277438,1.0,1
ENSG00000064102,1.2065295,1.7070589,0.40971243,1.0,1
ENSG00000064102,1.2037709,1.7070589,0.41067627,1.0,1
ENSG00000117533,1.2310392,1.1296899,0.37461928,1.0,1
ENSG00000117533,1.2301351,1.1296899,0.37384015,1.0,1
ENSG00000089094,1.1572695,1.2591158,0.4432715,1.0,1
ENSG00000089094,1.1582953,1.2591158,0.4439597,1.0,1
ENSG00000089094,1.1573137,1.2591158,0.44371915,0.88706565,1
ENSG00000138688,1.1752907,1.3364598,0.43338898,1.0,1
ENSG00000138688,1.1729728,1.3364598,0.43021613,1.0,1
ENSG00000138688,1.1751758,1.3364598,0.43309596,0.72337043,1
ENSG00000129195,1.1621326,0.80821097,0.43699074,1.0,1
ENSG00000129195,1.1586732,0.80821097,0.43581894,0.7982646,1
ENSG00000086758,1.2051511,1.7985126,0.4204274,0.82222223,1
ENSG00000133641,1.1719593,1.5317343,0.41840112,1.0,1
ENSG00000133641,1.178715,1.5317343,0.41903836,1.0,1
ENSG00000133641,1.1837283,1.5317343,0.4217692,0.66042554,1
ENSG00000133641,1.1809381,1.5317343,0.4202841,0.9412023,1
ENSG00000035928,1.1714426,1.2402996,0.4263408,1.0,1
ENSG00000035928,1.1724051,1.2402996,0.42765114,1.0,1
ENSG00000035928,1.1725813,1.2402996,0.42726454,1.0,1
ENSG00000035928,1.1683612,1.2402996,0.42567143,0.0049850447,1
ENSG00000115594,1.1259446,0.30963016,0.45042711,1.0,1
ENSG00000115594,1.1243802,0.30963016,0.45083144,1.0,1
ENSG00000161509,1.1000363,-0.7695511,0.47118828,1.0,1
ENSG00000169223,1.2150031,2.0322561,0.40897265,1.0,1
ENSG00000001461,1.2031614,1.1351327,0.40670213,1.0,1
ENSG00000001461,1.2037631,1.1351327,0.4066256,0.633833,1
ENSG00000001461,1.2012689,1.1351327,0.40669215,0.031847134,1
ENSG00000164346,1.174123,1.7139943,0.41741997,1.0,1
ENSG00000164346,1.1776388,1.7139943,0.41991726,0.78319883,1
ENSG00000196588,1.1574165,0.21484385,0.44081485,1.0,1
ENSG00000206177,1.1050965,-0.79588,0.4405554,1.0,1
ENSG00000078403,1.1943469,1.8405452,0.417839,1.0,1
ENSG00000078403,1.197584,1.8405452,0.41601038,1.0,1
ENSG00000078403,1.194988,1.8405452,0.41633603,0.8148855,1
ENSG00000078403,1.1985087,1.8405452,0.41631213,0.0,1
ENSG00000078403,1.1973386,1.8405452,0.4161527,0.02932761,1
ENSG00000078403,1.1981297,1.8405452,0.41640827,0.017422749,1
ENSG00000078403,1.1975538,1.8405452,0.41737783,0.97775596,1
ENSG00000078403,1.200636,1.8405452,0.41635567,0.014512318,1
ENSG00000031003,1.2037205,1.0569048,0.41298243,1.0,1
ENSG00000031003,1.2069954,1.0569048,0.41514018,1.0,1
ENSG00000031003,1.2073913,1.0569048,0.41496262,0.9566075,1
ENSG00000031003,1.2090787,1.0569048,0.41450754,0.043392505,1
ENSG00000031003,1.2057465,1.0569048,0.41409925,0.9566075,1
ENSG00000031003,1.2047886,1.0569048,0.41515553,0.0,1
ENSG00000102755,1.1046894,0.075546965,0.45089957,1.0,1
ENSG00000102755,1.1093,0.075546965,0.4512378,1.0,1
ENSG00000004534,1.1859027,1.6112983,0.4274329,1.0,1
ENSG00000004534,1.1822736,1.6112983,0.42706934,0.51549053,1
ENSG00000004534,1.1832346,1.6112983,0.4284108,0.71464777,1
ENSG00000004534,1.1842695,1.6112983,0.42800924,0.9532909,1
ENSG00000004534,1.1812489,1.6112983,0.42706582,0.779549,1
ENSG00000004534,1.1830727,1.6112983,0.42737046,0.0056254137,1
ENSG00000119927,1.1662408,0.69548166,0.42645583,1.0,1
ENSG00000119927,1.1676666,0.69548166,0.42007673,1.0,1
ENSG00000119927,1.1658387,0.69548166,0.41968825,1.0,1
ENSG00000096872,1.1879516,0.8469553,0.41240525,1.0,1
ENSG00000152782,1.1429658,0.8668778,0.4394643,1.0,1
ENSG00000152782,1.1366663,0.8668778,0.43752375,1.0,1
ENSG00000152782,1.1349504,0.8668778,0.4419705,1.0,1
ENSG00000152782,1.1408199,0.8668778,0.44451058,0.9722922,1
ENSG00000197566,1.1304698,-0.013228266,0.4572608,1.0,1
ENSG00000170584,1.2098707,1.5811529,0.3974325,1.0,1
ENSG00000170584,1.2116576,1.5811529,0.39765164,1.0,1
ENSG00000142207,1.1805502,1.0068938,0.43436486,1.0,1
ENSG00000142207,1.1816684,1.0068938,0.4349254,1.0,1
ENSG00000162772,1.1970831,0.99825937,0.42116204,0.0077021825,1
ENSG00000188157,1.1688796,1.3543006,0.43971342,1.0,1
ENSG00000034677,1.1638129,1.3277675,0.43901792,1.0,1
ENSG00000034677,1.1650095,1.3277675,0.4380906,1.0,1
ENSG00000034677,1.1629871,1.3277675,0.4381988,0.9159975,1
ENSG00000104853,1.2119492,1.5117497,0.41212693,1.0,1
ENSG00000104853,1.2114364,1.5117497,0.41199023,1.0,1
ENSG00000116668,1.2038075,0.4065402,0.41870892,1.0,1
ENSG00000051341,1.1325831,0.8920946,0.46844503,1.0,1
ENSG00000051341,1.1274036,0.8920946,0.4607148,1.0,1
ENSG00000135605,1.2021483,0.85733247,0.40663305,1.0,1
ENSG00000143774,1.2508882,2.2415962,0.40077555,1.0,1
ENSG00000143774,1.2508882,2.2415962,0.40077555,1.0,1
ENSG00000143774,1.2498214,2.2415962,0.4007424,1.0,1
ENSG00000143774,1.2492654,2.2415962,0.40051574,1.0,1
ENSG00000143774,1.2525493,2.2415962,0.4016585,0.15867049,1
ENSG00000143774,1.2490097,2.2415962,0.400651,0.9343574,1
ENSG00000140740,1.2362868,2.5661428,0.38901168,1.0,1
ENSG00000065243,1.1982187,1.1958996,0.4115629,1.0,1
ENSG00000065243,1.1959687,1.1958996,0.41154793,1.0,1
ENSG00000065243,1.1954901,1.1958996,0.41098258,1.0,1
ENSG00000065243,1.1997768,1.1958996,0.41480795,1.0,1
ENSG00000065243,1.1971626,1.1958996,0.41062933,0.99837,1
ENSG00000178852,1.1743194,-0.06550155,0.42141378,1.0,1
ENSG00000178852,1.1775683,-0.06550155,0.41955048,1.0,1
ENSG00000178852,1.1754518,-0.06550155,0.41837683,1.0,1
ENSG00000186198,1.1034713,-0.92081875,0.43247542,1.0,1
ENSG00000135048,1.1288594,1.34183,0.44243553,1.0,1
ENSG00000175550,1.1789125,1.4536241,0.40225106,1.0,1
ENSG00000108829,1.1882882,2.0370278,0.42031318,1.0,1
ENSG00000108829,1.1874895,2.0370278,0.42014608,1.0,1
ENSG00000108829,1.1892091,2.0370278,0.41980317,1.0,1
ENSG00000108829,1.1880492,2.0370278,0.41933984,1.0,1
ENSG00000108829,1.187972,2.0370278,0.4200899,1.0,1
ENSG00000162522,1.1710685,0.92737037,0.454505,1.0,1
ENSG00000162522,1.173124,0.92737037,0.45464355,1.0,1
ENSG00000115165,1.1242465,-0.7695511,0.43997762,1.0,1
ENSG00000115165,1.1203347,-0.7695511,0.44060704,1.0,1
ENSG00000115165,1.1208439,-0.7695511,0.44262847,1.0,1
ENSG00000143303,1.2090894,1.5156089,0.41821733,1.0,1
ENSG00000143303,1.209391,1.5156089,0.41804,1.0,1
ENSG00000181638,1.1773474,0.4756712,0.44842398,1.0,1
ENSG00000181638,1.1773474,0.4756712,0.44842398,1.0,1
ENSG00000214046,1.2516878,1.8994921,0.36980963,1.0,1
ENSG00000214046,1.2496767,1.8994921,0.36853632,0.0060396893,1
ENSG00000214046,1.2538797,1.8994921,0.36881867,0.7411935,1
ENSG00000059691,1.1754897,1.3529539,0.42425895,1.0,1
ENSG00000148660,1.1986688,1.4977587,0.40538943,1.0,1
ENSG00000148660,1.1989008,1.4977587,0.40471703,1.0,1
ENSG00000148660,1.1978226,1.4977587,0.40543535,1.0,1
ENSG00000148660,1.199282,1.4977587,0.40523818,0.09283196,1
ENSG00000148660,1.1994191,1.4977587,0.4047326,0.087190524,1
ENSG00000165029,1.116261,-0.9586073,0.44481474,1.0,1
ENSG00000165029,1.1186854,-0.9586073,0.44397926,1.0,1
ENSG00000165029,1.1121386,-0.9586073,0.44472674,1.0,1
ENSG00000165029,1.122356,-0.9586073,0.44284615,1.0,1
ENSG00000180998,1.131082,-0.65757734,0.44953448,1.0,1
ENSG00000180998,1.1252171,-0.65757734,0.45363414,1.0,1
ENSG00000185250,1.1654675,-0.1426675,0.4099887,1.0,1
ENSG00000055483,1.1870044,1.3500541,0.42732972,1.0,1
ENSG00000165704,1.1847051,1.837904,0.39821213,1.0,1
ENSG00000165704,1.1772587,1.837904,0.39874545,1.0,1
ENSG00000059804,1.1587834,2.4926348,0.43162927,1.0,1
ENSG00000143627,1.1690379,1.415641,0.43978265,1.0,1
ENSG00000143627,1.1671637,1.415641,0.439808,1.0,1
ENSG00000143627,1.1670755,1.415641,0.4396496,1.0,1
ENSG00000143627,1.1673738,1.415641,0.4400522,1.0,1
ENSG00000136802,1.1740719,0.9116902,0.4568075,0.44444445,1
ENSG00000166002,1.1396488,0.924796,0.43771204,1.0,1
ENSG00000101412,1.1738018,1.1038038,0.43374753,1.0,1
ENSG00000101412,1.1740644,1.1038038,0.43309757,1.0,1
ENSG00000068489,1.2111354,1.7180862,0.40065056,1.0,1
ENSG00000068489,1.2148429,1.7180862,0.3977313,1.0,1
ENSG00000145390,1.1917305,0.8182259,0.43077204,1.0,1
ENSG00000145390,1.1848416,0.8182259,0.43008447,1.0,1
ENSG00000145390,1.1895497,0.8182259,0.42709652,1.0,1
ENSG00000145390,1.1833054,0.8182259,0.43249184,1.0,1
ENSG00000168575,1.1852,1.4563661,0.42884216,1.0,1
ENSG00000168575,1.182093,1.4563661,0.43089834,1.0,1
ENSG00000104613,1.2021854,1.9760288,0.41351834,1.0,1
ENSG00000104613,1.1965834,1.9760288,0.41309392,0.9973815,1
ENSG00000101282,1.1016288,-0.9586073,0.44686416,1.0,1
ENSG00000100276,1.1040752,-0.38721615,0.44648877,1.0,1
ENSG00000136371,1.173191,1.7207379,0.4359491,1.0,1
ENSG00000133243,1.1228606,1.2084414,0.45757663,1.0,1
ENSG00000133243,1.12471,1.2084414,0.45714056,1.0,1
ENSG00000156860,1.1889756,0.83884907,0.4200333,1.0,1
ENSG00000156860,1.1907102,0.83884907,0.42031074,1.0,1
ENSG00000157613,1.1298214,0.25767857,0.43297222,1.0,1
ENSG00000157613,1.1308018,0.25767857,0.43298894,1.0,1
ENSG00000132953,1.1717335,1.1003705,0.42867947,1.0,1
ENSG00000156795,1.2118646,1.2472365,0.39476308,1.0,1
ENSG00000156795,1.2133565,1.2472365,0.39546618,0.44016394,1
ENSG00000156795,1.2093476,1.2472365,0.39421284,0.819928,1
ENSG00000123144,1.1939305,2.0587676,0.42464063,1.0,1
ENSG00000123144,1.1933515,2.0587676,0.42458117,1.0,1
ENSG00000167333,1.1956218,0.71011734,0.44390544,1.0,1
ENSG00000132963,1.202549,1.8678797,0.386077,1.0,1
ENSG00000143624,1.2179971,1.3123889,0.40477574,1.0,1
ENSG00000143624,1.2187133,1.3123889,0.40484694,1.0,1
ENSG00000143624,1.2182155,1.3123889,0.40427572,0.31625,1
ENSG00000143624,1.2180899,1.3123889,0.40449554,0.17875,1
ENSG00000100147,1.1863507,0.6095944,0.41275945,1.0,1
ENSG00000151348,1.1329119,1.6004283,0.4486138,1.0,1
ENSG00000151348,1.1349771,1.6004283,0.44969377,1.0,1
ENSG00000151348,1.1325685,1.6004283,0.44696602,1.0,1
ENSG00000152465,1.1763769,0.6683859,0.42719433,1.0,1
ENSG00000152465,1.1764733,0.6683859,0.42636204,1.0,1
ENSG00000152465,1.1760911,0.6683859,0.42666087,0.24,1
ENSG00000125351,1.1880666,1.3372595,0.41606906,1.0,1
ENSG00000125351,1.1874737,1.3372595,0.41550273,0.6180621,1
ENSG00000181826,1.1669751,-0.055517327,0.42135948,1.0,1
ENSG00000110090,1.1358749,0.52244425,0.4369814,1.0,1
ENSG00000178952,1.2012525,2.1879153,0.41406,1.0,1
ENSG00000178952,1.2026249,2.1879153,0.41417673,1.0,1
ENSG00000131504,1.1836451,2.0841472,0.42522356,1.0,1
ENSG00000131504,1.1815099,2.0841472,0.4261619,1.0,1
ENSG00000198018,1.1870042,1.000434,0.4276806,1.0,1
ENSG00000198018,1.188836,1.000434,0.42599776,1.0,1
ENSG00000127452,1.1822916,1.3841741,0.43520746,1.0,1
ENSG00000127452,1.1858056,1.3841741,0.43552405,0.2110984,1
ENSG00000127452,1.182263,1.3841741,0.43531063,0.9470069,1
ENSG00000160447,1.1921402,1.2981979,0.41538948,1.0,1
ENSG00000160447,1.1918191,1.2981979,0.41466728,1.0,1
ENSG00000160447,1.1916168,1.2981979,0.41559166,1.0,1
ENSG00000092978,1.128416,0.025305865,0.436692,1.0,1
ENSG00000119787,1.1692958,1.7223871,0.42619824,1.0,1
ENSG00000119787,1.1699992,1.7223871,0.42632654,1.0,1
ENSG00000119787,1.174517,1.7223871,0.42746946,1.0,1
ENSG00000119787,1.174158,1.7223871,0.42778853,1.0,1
ENSG00000140367,1.2101593,1.1370374,0.3920707,1.0,1
ENSG00000140367,1.2111057,1.1370374,0.39162436,0.91013384,1
ENSG00000182307,1.1801742,1.6290016,0.41748255,1.0,1
ENSG00000174996,1.178058,0.9180303,0.416825,1.0,1
ENSG00000174996,1.180529,0.9180303,0.41599298,1.0,1
ENSG00000136950,1.2206448,1.7786577,0.39993936,1.0,1
ENSG00000113721,1.104976,0.021189298,0.4522893,1.0,1
ENSG00000135090,1.1920081,1.6541766,0.42274326,1.0,1
ENSG00000135090,1.1918782,1.6541766,0.42234525,1.0,1
ENSG00000135090,1.191176,1.6541766,0.42258137,1.0,1
ENSG00000135090,1.1893064,1.6541766,0.4239694,0.9892819,1
ENSG00000135090,1.1912137,1.6541766,0.4234326,0.0,1
ENSG00000073605,1.0969987,0.65417653,0.44324225,1.0,1
ENSG00000073605,1.0982131,0.65417653,0.44365448,1.0,1
ENSG00000073605,1.098625,0.65417653,0.44365624,0.615,1
ENSG00000198961,1.1825243,1.774298,0.427137,1.0,1
ENSG00000198961,1.1891212,1.774298,0.43222603,1.0,1
ENSG00000198961,1.183716,1.774298,0.430932,1.0,1
ENSG00000198961,1.1871444,1.774298,0.429154,1.0,1
ENSG00000167851,1.096418,0.923244,0.4378206,1.0,1
ENSG00000167851,1.0961896,0.923244,0.4386135,0.8367953,1
ENSG00000167851,1.0965664,0.923244,0.43970475,0.8938307,1
ENSG00000182359,1.175505,1.071882,0.45945388,1.0,1
ENSG00000065029,1.2071604,1.2143139,0.4119753,1.0,1
ENSG00000065029,1.2112299,1.2143139,0.41133863,0.7513089,1
ENSG00000048140,1.2017686,1.5133508,0.4068565,1.0,1
ENSG00000048140,1.2016122,1.5133508,0.40712553,0.6748182,1
ENSG00000101868,1.1822385,1.0098757,0.4180487,1.0,1
ENSG00000219200,1.1941395,1.7158363,0.41139132,1.0,1
ENSG00000219200,1.1902835,1.7158363,0.41039237,0.0016972165,1
ENSG00000099381,1.1921014,0.33845648,0.42708036,1.0,1
ENSG00000099381,1.1926525,0.33845648,0.42644405,1.0,1
ENSG00000166225,1.1554961,0.8413595,0.44222143,0.12037037,1
ENSG00000254469,1.2048527,0.90091306,0.40339628,1.0,1
ENSG00000254469,1.2028143,0.90091306,0.4062615,1.0,1
ENSG00000177156,1.1874654,2.525589,0.4125602,1.0,1
ENSG00000091527,1.1782146,1.7554938,0.41803172,1.0,1
ENSG00000091527,1.1710087,1.7554938,0.4176813,1.0,1
ENSG00000213965,1.1312677,0.90036714,0.46352875,1.0,1
ENSG00000110367,1.1947323,1.6816934,0.4097647,1.0,1
ENSG00000164002,1.1005508,0.35602584,0.4696441,1.0,1
ENSG00000164002,1.0950788,0.35602584,0.47141656,0.5652174,1
ENSG00000103067,1.1062304,-0.85387194,0.44844776,1.0,1
ENSG00000103067,1.1050118,-0.85387194,0.44793004,1.0,1
ENSG00000188785,1.1807209,0.7678976,0.4438894,1.0,1
ENSG00000188785,1.1814125,0.7678976,0.4451844,0.65068495,1
ENSG00000021776,1.1823144,1.666518,0.42301035,1.0,1
ENSG00000021776,1.1858072,1.666518,0.42047536,1.0,1
ENSG00000021776,1.1849486,1.666518,0.4225636,1.0,1
ENSG00000007080,1.2083477,1.4922014,0.4192617,1.0,1
ENSG00000007080,1.2085252,1.4922014,0.41940403,1.0,1
ENSG00000107282,1.1026746,-0.9586073,0.45129547,1.0,1
ENSG00000107282,1.1039919,-0.9586073,0.4511409,1.0,1
ENSG00000107282,1.1061715,-0.9586073,0.45245904,1.0,1
ENSG00000107282,1.1057066,-0.9586073,0.45241636,1.0,1
ENSG00000107282,1.096604,-0.9586073,0.45155132,1.0,1
ENSG00000107282,1.0973432,-0.9586073,0.4501292,1.0,1
ENSG00000107282,1.1099449,-0.9586073,0.45162407,1.0,1
ENSG00000107282,1.1075896,-0.9586073,0.4511032,1.0,1
ENSG00000107282,1.1036764,-0.9586073,0.4504795,1.0,1
ENSG00000107282,1.1033844,-0.9586073,0.45063245,1.0,1
ENSG00000151849,1.1719462,0.9689497,0.44468948,1.0,1
ENSG00000151849,1.1691958,0.9689497,0.4454888,0.27564102,1
ENSG00000151849,1.1738684,0.9689497,0.4450019,0.1931624,1
ENSG00000161999,1.1778914,1.3394514,0.4106346,1.0,1
ENSG00000161999,1.1777798,1.3394514,0.4105663,1.0,1
ENSG00000161999,1.1782445,1.3394514,0.4106537,0.9972452,1
ENSG00000161999,1.1777452,1.3394514,0.41052657,0.97651935,1
ENSG00000084207,1.2011259,2.8746383,0.39812648,1.0,1
ENSG00000173914,1.1902131,1.4974825,0.4435876,1.0,1
ENSG00000173914,1.1916537,1.4974825,0.44691533,1.0,1
ENSG00000132475,1.2134959,2.6859386,0.41706398,1.0,1
ENSG00000132475,1.2133497,2.6859386,0.41707024,1.0,1
ENSG00000143198,1.2267907,1.936564,0.38440102,1.0,1
ENSG00000143198,1.2296606,1.936564,0.3843265,0.04818042,1
ENSG00000072849,1.2157518,1.4355259,0.39872047,1.0,1
ENSG00000204580,1.1767877,1.0813473,0.43176866,1.0,1
ENSG00000204580,1.1771415,1.0813473,0.4312016,0.8942308,1
ENSG00000204580,1.1768396,1.0813473,0.4318519,0.994302,1
ENSG00000204580,1.1761365,1.0813473,0.4311445,0.60818714,1
ENSG00000204580,1.1770226,1.0813473,0.43118116,1.0,1
ENSG00000116254,1.1244262,-0.65757734,0.45957965,1.0,1
ENSG00000186625,1.2014515,1.7259116,0.4104354,1.0,1
ENSG00000186625,1.19916,1.7259116,0.4108542,0.98672086,1
ENSG00000162664,1.1998391,1.3756636,0.41107967,1.0,1
ENSG00000178741,1.2099122,2.3764675,0.4067307,1.0,1
ENSG00000196187,1.2145014,1.6333674,0.4017167,1.0,1
ENSG00000196187,1.2145926,1.6333674,0.40177965,1.0,1
ENSG00000196187,1.2147342,1.6333674,0.40199855,1.0,1
ENSG00000196187,1.2159144,1.6333674,0.40181413,1.0,1
ENSG00000011426,1.1977345,1.5304558,0.40978706,1.0,1
ENSG00000011426,1.193159,1.5304558,0.40881157,0.6277732,1
ENSG00000100591,1.2086952,2.1271372,0.40543017,1.0,1
ENSG00000214113,1.1962436,1.7266457,0.4131755,1.0,1
ENSG00000214113,1.1980581,1.7266457,0.41289803,1.0,1
ENSG00000214113,1.1980581,1.7266457,0.41289803,1.0,1
ENSG00000214113,1.1947484,1.7266457,0.41273728,0.03448276,1
ENSG00000214113,1.1980581,1.7266457,0.41289803,0.22197056,1
ENSG00000175087,1.1767528,1.2853322,0.4381263,1.0,1
ENSG00000175087,1.1748668,1.2853322,0.43879092,0.7629428,1
ENSG00000214226,1.1657501,-0.4685211,0.40178183,1.0,1
ENSG00000133687,1.1217784,-0.92081875,0.4453928,1.0,1
ENSG00000097021,1.2021762,1.653309,0.4199463,1.0,1
ENSG00000097021,1.2029462,1.653309,0.42082903,0.0004453351,1
ENSG00000097021,1.202772,1.653309,0.42038277,0.0,1
ENSG00000091140,1.2003182,2.390988,0.39029852,1.0,1
ENSG00000091140,1.2025503,2.390988,0.39121315,0.99671054,1
ENSG00000091140,1.2014352,2.390988,0.39183137,0.34823135,1
ENSG00000091140,1.2003214,2.390988,0.3903017,0.9532101,1
ENSG00000176783,1.1901422,1.3447851,0.417503,1.0,1
ENSG00000176783,1.1913714,1.3447851,0.41659012,1.0,1
ENSG00000176783,1.1906565,1.3447851,0.41658166,1.0,1
ENSG00000176783,1.1891776,1.3447851,0.4163953,0.02800249,1
ENSG00000186105,1.1138313,-0.008773924,0.46551603,1.0,1
ENSG00000148481,1.1904695,1.1501422,0.4131352,1.0,1
ENSG00000148481,1.1857337,1.1501422,0.412534,1.0,1
ENSG00000148481,1.1888378,1.1501422,0.41316515,0.65520835,1
ENSG00000106144,1.2059108,1.4601458,0.38940868,1.0,1
ENSG00000106144,1.203285,1.4601458,0.38854855,0.1117717,1
ENSG00000100246,1.1804683,0.78675145,0.41171786,1.0,1
ENSG00000203666,1.2031978,1.361539,0.3963869,1.0,1
ENSG00000198746,1.1857165,0.70243055,0.4404172,1.0,1
ENSG00000036257,1.1766537,1.4462264,0.42542326,1.0,1
ENSG00000139154,1.1651876,0.854913,0.43095097,1.0,1
ENSG00000111664,1.1108447,0.54406804,0.43048128,1.0,1
ENSG00000176386,1.212932,1.4613484,0.40438676,1.0,1
ENSG00000110422,1.1667727,0.8382192,0.4425294,1.0,1
ENSG00000110422,1.1722876,0.8382192,0.44175306,0.0,1
ENSG00000155629,1.110471,0.48713836,0.44975996,1.0,1
ENSG00000155629,1.1101402,0.48713836,0.44971183,1.0,1
ENSG00000143971,1.1577914,0.84323275,0.4393546,1.0,1
ENSG00000143971,1.1420796,0.84323275,0.44594514,1.0,1
ENSG00000143971,1.1761479,0.84323275,0.4398369,1.0,1
ENSG00000143971,1.1767846,0.84323275,0.439554,1.0,1
ENSG00000204116,1.1519569,-0.1426675,0.43202522,1.0,1
ENSG00000108788,1.2232965,1.6017342,0.39929554,1.0,1
ENSG00000108788,1.2236134,1.6017342,0.3993521,0.86434233,1
ENSG00000108788,1.222728,1.6017342,0.39951155,0.9323077,1
ENSG00000054967,1.1854995,0.88252455,0.4145655,1.0,1
ENSG00000054967,1.1852821,0.88252455,0.41417852,1.0,1
ENSG00000086598,1.1953901,2.15567,0.41410398,1.0,1
ENSG00000090520,1.2194889,1.4382259,0.39408353,1.0,1
ENSG00000138785,1.1965281,1.5969268,0.4339854,1.0,1
ENSG00000138785,1.1891515,1.5969268,0.43841156,0.79923224,1
ENSG00000144354,1.2043365,1.980912,0.41751954,1.0,1
ENSG00000144354,1.2037258,1.980912,0.4173241,0.9986503,1
ENSG00000144354,1.2026854,1.980912,0.41841337,0.12868,1
ENSG00000144354,1.203205,1.980912,0.41849092,0.0,1
ENSG00000144354,1.2030853,1.980912,0.41841546,0.9874893,1
ENSG00000173064,1.1818565,1.0277572,0.43080688,1.0,1
ENSG00000173064,1.1824151,1.0277572,0.43201855,1.0,1
ENSG00000089597,1.2068516,2.3546846,0.41310132,1.0,1
ENSG00000089597,1.2067978,2.3546846,0.41293588,0.57593465,1
ENSG00000089597,1.2072142,2.3546846,0.41343543,0.60455555,1
ENSG00000119950,1.1080984,1.2789822,0.4363358,1.0,1
ENSG00000121210,1.1995696,0.8864907,0.4210994,1.0,1
ENSG00000183814,1.1987424,1.3436055,0.40897048,1.0,1
ENSG00000183814,1.1978,1.3436055,0.40891352,1.0,1
ENSG00000183814,1.1958867,1.3436055,0.4082354,0.260631,1
ENSG00000143756,1.1765692,1.2491983,0.43497857,1.0,1
ENSG00000143756,1.1785707,1.2491983,0.43577918,1.0,1
ENSG00000143756,1.180405,1.2491983,0.43685544,0.7693981,1
ENSG00000143756,1.1785707,1.2491983,0.43577918,0.93233746,1
ENSG00000171428,1.1287704,0.8027737,0.45679742,0.28664497,1
ENSG00000220201,1.1129022,0.3283796,0.44789723,1.0,1
ENSG00000111877,1.1842538,0.9652017,0.43290803,1.0,1
ENSG00000111877,1.1861141,0.9652017,0.43621033,1.0,1
ENSG00000001630,1.2046922,1.3838154,0.410943,1.0,1
ENSG00000001630,1.2008935,1.3838154,0.41016573,1.0,1
ENSG00000001630,1.1973977,1.3838154,0.41076928,1.0,1
ENSG00000100401,1.1944033,1.7291648,0.41511533,1.0,1
ENSG00000100401,1.193385,1.7291648,0.4142475,1.0,1
ENSG00000100401,1.1931671,1.7291648,0.4142411,1.0,1
ENSG00000075399,1.1779197,0.20139712,0.4159321,1.0,1
ENSG00000075399,1.1778926,0.20139712,0.41591796,1.0,1
ENSG00000188321,1.1625489,1.1274288,0.44479284,1.0,1
ENSG00000188321,1.1543839,1.1274288,0.44309515,1.0,1
ENSG00000188321,1.1570463,1.1274288,0.4446396,1.0,1
ENSG00000188321,1.1652946,1.1274288,0.44738793,0.6631944,1
ENSG00000188321,1.1660573,1.1274288,0.445349,0.48128343,1
ENSG00000161036,1.2193321,1.3253103,0.40375397,1.0,1
ENSG00000161036,1.2216994,1.3253103,0.40415037,1.0,1
ENSG00000161036,1.2225946,1.3253103,0.40418455,1.0,1
ENSG00000161036,1.2190964,1.3253103,0.4031415,1.0,1
ENSG00000196296,1.1077226,0.25285304,0.44625464,1.0,1
ENSG00000196296,1.1078827,0.25285304,0.4474111,1.0,1
ENSG00000028528,1.1887248,1.7551886,0.41534653,1.0,1
ENSG00000169641,1.1560688,0.9268567,0.46741724,1.0,1
ENSG00000173457,1.2042816,2.176236,0.40581676,1.0,1
ENSG00000059122,1.1586565,0.763428,0.44571453,1.0,1
ENSG00000059122,1.1597103,0.763428,0.4462692,1.0,1
ENSG00000135940,1.2307403,2.6450388,0.3882686,1.0,1
ENSG00000135940,1.2283794,2.6450388,0.38912338,1.0,1
ENSG00000159792,1.1769018,1.1348144,0.45245558,1.0,1
ENSG00000163312,1.1934888,0.9894498,0.41572678,1.0,1
ENSG00000163312,1.1909698,0.9894498,0.4163552,1.0,1
ENSG00000163312,1.1955637,0.9894498,0.41614294,0.8890845,1
ENSG00000163312,1.1962069,0.9894498,0.41745937,0.62147886,1
ENSG00000152689,1.1210761,0.033423755,0.43225345,1.0,1
ENSG00000145029,1.1925293,0.86746746,0.40415645,1.0,1
ENSG00000145029,1.1957496,0.86746746,0.4030792,1.0,1
ENSG00000145029,1.1929173,0.86746746,0.40392318,0.91604936,1
ENSG00000171824,1.2150513,1.8664055,0.40393335,1.0,1
ENSG00000171824,1.2128507,1.8664055,0.40427205,1.0,1
ENSG00000171824,1.2135059,1.8664055,0.40389344,1.0,1
ENSG00000171824,1.2137581,1.8664055,0.4043669,0.99113804,1
ENSG00000130270,1.2083492,0.94101423,0.4188349,1.0,1
ENSG00000163945,1.2024558,0.63346845,0.41342443,1.0,1
ENSG00000163945,1.2013339,0.63346845,0.41341603,1.0,1
ENSG00000163945,1.2012389,0.63346845,0.41341966,1.0,1
ENSG00000163945,1.2035841,0.63346845,0.413229,0.32214764,1
ENSG00000170412,1.1031865,1.5692568,0.4606964,1.0,1
ENSG00000211584,1.173999,1.0216027,0.43162435,1.0,1
ENSG00000205643,1.1736468,0.95182306,0.41607818,1.0,1
ENSG00000205643,1.1745645,0.95182306,0.41726848,1.0,1
ENSG00000205643,1.1757272,0.95182306,0.41761744,1.0,1
ENSG00000164647,1.1169189,0.14612803,0.44649896,1.0,1
ENSG00000164647,1.1160696,0.14612803,0.44946924,1.0,1
ENSG00000164647,1.1237781,0.14612803,0.44712982,1.0,1
ENSG00000054116,1.2252806,2.025101,0.39802527,1.0,1
ENSG00000102547,1.178975,0.30963016,0.41652316,1.0,1
ENSG00000102547,1.1765755,0.30963016,0.41510138,1.0,1
ENSG00000102547,1.177157,0.30963016,0.4165832,1.0,1
ENSG00000102547,1.1757859,0.30963016,0.41609895,1.0,1
ENSG00000102547,1.1794459,0.30963016,0.41854772,1.0,1
ENSG00000102547,1.1815208,0.30963016,0.4147397,1.0,1
ENSG00000163634,1.1755468,1.7580788,0.3964522,1.0,1
ENSG00000163634,1.1747988,1.7580788,0.3952919,1.0,1
ENSG00000163634,1.1742481,1.7580788,0.39561582,0.95077354,1
ENSG00000168765,1.2068383,1.604118,0.38814592,1.0,1
ENSG00000168765,1.2060511,1.604118,0.38819945,1.0,1
ENSG00000168765,1.209314,1.604118,0.38836876,1.0,1
ENSG00000168765,1.2046293,1.604118,0.38851854,0.88014024,1
ENSG00000147573,1.1133142,-0.82390875,0.43915597,1.0,1
ENSG00000145191,1.2086688,1.8125123,0.41684985,1.0,1
ENSG00000145191,1.2052925,1.8125123,0.41699183,0.43935052,1
ENSG00000121989,1.1262804,-0.04095861,0.4296644,1.0,1
ENSG00000105186,1.191391,1.7085909,0.4105583,1.0,1
ENSG00000136295,1.1800078,0.41664052,0.41592857,1.0,1
ENSG00000136295,1.1803644,0.41664052,0.41567215,1.0,1
ENSG00000136295,1.1804988,0.41664052,0.4161802,0.0,1
ENSG00000085511,1.1848017,1.512551,0.42147526,1.0,1
ENSG00000085511,1.1865851,1.512551,0.4242128,1.0,1
ENSG00000085511,1.1906796,1.512551,0.42200795,0.008333334,1
ENSG00000085511,1.1881667,1.512551,0.421858,0.325,1
ENSG00000085511,1.1867262,1.512551,0.42338514,0.1582015,1
ENSG00000136928,1.1040179,-0.55284196,0.45220622,1.0,1
ENSG00000136928,1.1040179,-0.55284196,0.45220622,1.0,1
ENSG00000168389,1.111694,-0.7212464,0.43445063,1.0,1
ENSG00000151929,1.1612825,0.4785665,0.45029053,1.0,1
ENSG00000151929,1.1593868,0.4785665,0.44993785,1.0,1
ENSG00000173120,1.1836369,1.2915908,0.42206746,1.0,1
ENSG00000173120,1.1825955,1.2915908,0.42158833,1.0,1
ENSG00000173120,1.1792992,1.2915908,0.4201353,1.0,1
ENSG00000173120,1.1805496,1.2915908,0.42099783,0.046104927,1
ENSG00000101350,1.1404012,0.88252455,0.4543632,1.0,1
ENSG00000172262,1.1792618,1.7367151,0.4334147,1.0,1
ENSG00000172262,1.1791748,1.7367151,0.43494195,1.0,1
ENSG00000172262,1.1792618,1.7367151,0.4334147,0.97178423,1
ENSG00000172262,1.1791748,1.7367151,0.43494195,0.9735376,1
ENSG00000134152,1.1938667,1.5404546,0.40644094,1.0,1
ENSG00000134152,1.1956294,1.5404546,0.40940642,1.0,1
ENSG00000134152,1.1956294,1.5404546,0.40940642,1.0,1
ENSG00000134152,1.1956294,1.5404546,0.40940642,1.0,1
ENSG00000134152,1.1913706,1.5404546,0.40910408,0.70695287,1
ENSG00000134152,1.1933315,1.5404546,0.4069961,0.9906673,1
ENSG00000171940,1.1152706,0.98407704,0.46544793,1.0,1
ENSG00000171940,1.1137956,0.98407704,0.46308362,1.0,1
ENSG00000171940,1.1140214,0.98407704,0.4652964,0.8447205,1
ENSG00000025293,1.1868713,1.5284024,0.42147946,0.0,1
ENSG00000025293,1.1859857,1.5284024,0.42357346,0.010726073,1
ENSG00000025293,1.1866183,1.5284024,0.4230518,0.9834711,1
ENSG00000213672,1.1638292,1.3752978,0.44141856,1.0,1
ENSG00000213672,1.1609958,1.3752978,0.44327474,1.0,1
ENSG00000109606,1.1910251,2.2973008,0.42093322,1.0,1
ENSG00000109606,1.1889579,2.2973008,0.41751036,1.0,1
ENSG00000109606,1.1908575,2.2973008,0.42473853,1.0,1
ENSG00000109606,1.1886693,2.2973008,0.42136496,0.9932211,1
ENSG00000196365,1.213494,1.8886849,0.40709344,1.0,1
ENSG00000196365,1.2146357,1.8886849,0.4071883,0.7721822,1
ENSG00000196365,1.2148334,1.8886849,0.4073434,0.29889297,1
ENSG00000182858,1.1715838,0.41995576,0.43884018,1.0,1
ENSG00000138615,1.0991442,-0.88605666,0.47355595,1.0,1
ENSG00000138615,1.097789,-0.88605666,0.47446728,1.0,1
ENSG00000165490,1.168793,1.2516382,0.4559198,1.0,1
ENSG00000165490,1.1655918,1.2516382,0.4570248,0.018181818,1
ENSG00000165490,1.1658386,1.2516382,0.45514533,0.8337662,1
ENSG00000119446,1.1965001,1.6288996,0.40136674,1.0,1
ENSG00000119446,1.1952322,1.6288996,0.4022715,1.0,1
ENSG00000119446,1.2004281,1.6288996,0.40196112,0.7178899,1
ENSG00000196419,1.2066935,2.1923723,0.41119945,1.0,1
ENSG00000196419,1.2061738,2.1923723,0.41127,0.98147076,1
ENSG00000115275,1.1529473,1.5039268,0.46362242,1.0,1
ENSG00000115275,1.1511194,1.5039268,0.4627507,1.0,1
ENSG00000141526,1.0869265,0.68304706,0.46345362,1.0,1
ENSG00000010404,1.1394674,1.201124,0.4349761,1.0,1
ENSG00000010404,1.1376437,1.201124,0.43592238,1.0,1
ENSG00000010404,1.1412245,1.201124,0.4370373,0.07814992,1
ENSG00000102349,1.1439329,-0.79588,0.43039683,1.0,1
ENSG00000102349,1.1434838,-0.79588,0.43135992,1.0,1
ENSG00000167588,1.1137539,-0.18045606,0.43701136,1.0,1
ENSG00000132522,1.1605836,1.2027607,0.41588417,1.0,1
ENSG00000010818,1.1071591,0.04921802,0.46923673,1.0,1
ENSG00000069702,1.1444985,1.1014034,0.43627897,1.0,1
ENSG00000069702,1.1492293,1.1014034,0.43965524,1.0,1
ENSG00000069702,1.1476108,1.1014034,0.43620908,0.013888889,1
ENSG00000166762,1.1259438,0.8555192,0.43866983,1.0,1
ENSG00000124587,1.1985132,0.8394781,0.42779535,1.0,1
ENSG00000124587,1.1982634,0.8394781,0.42728367,1.0,1
ENSG00000132670,1.1878473,1.7884512,0.41197154,1.0,1
ENSG00000132670,1.1878682,1.7884512,0.4133027,1.0,1
ENSG00000132670,1.1852239,1.7884512,0.4136202,1.0,1
ENSG00000132670,1.1851928,1.7884512,0.41300276,0.7184466,1
ENSG00000132670,1.1885685,1.7884512,0.41261327,0.08124681,1
ENSG00000105171,1.2329694,1.8568497,0.39290124,1.0,1
ENSG00000105171,1.2289191,1.8568497,0.39206102,0.0,1
ENSG00000198498,1.1897311,1.304275,0.40680572,1.0,1
ENSG00000198498,1.1940709,1.304275,0.40692174,1.0,1
ENSG00000198498,1.1924133,1.304275,0.4059103,1.0,1
ENSG00000198498,1.1897752,1.304275,0.4053297,1.0,1
ENSG00000198498,1.1897752,1.304275,0.4053297,1.0,1
ENSG00000198498,1.1925832,1.304275,0.4074348,0.9175986,1
ENSG00000227345,1.1634314,1.3306167,0.43636203,1.0,1
ENSG00000227345,1.1638852,1.3306167,0.4345116,0.84705883,1
ENSG00000151893,1.1862358,1.045323,0.41521293,1.0,1
ENSG00000151893,1.1861887,1.045323,0.4134743,0.22250639,1
ENSG00000137210,1.2233121,2.3674119,0.38708153,1.0,1
ENSG00000137210,1.223705,2.3674119,0.38653526,0.8166896,1
ENSG00000068120,1.2113073,1.590619,0.4225917,1.0,1
ENSG00000068120,1.2102578,1.590619,0.42191616,0.067729086,1
ENSG00000204427,1.2250473,1.9892718,0.37162745,1.0,1
ENSG00000204427,1.225296,1.9892718,0.3718001,1.0,1
ENSG00000204427,1.223365,1.9892718,0.371541,0.9798052,1
ENSG00000151461,1.1924275,1.2603099,0.40599567,1.0,1
ENSG00000151461,1.1970676,1.2603099,0.4065705,1.0,1
ENSG00000103356,1.1895031,1.674034,0.42245093,1.0,1
ENSG00000138030,1.1825922,0.4578819,0.40872878,1.0,1
ENSG00000123737,1.203538,1.9109977,0.40839994,1.0,1
ENSG00000123737,1.2081206,1.9109977,0.40762082,0.41104004,1
ENSG00000105982,1.21125,0.5740313,0.40064728,1.0,1
ENSG00000149136,1.1757666,2.2829165,0.42465252,1.0,1
ENSG00000149136,1.1773865,2.2829165,0.42396748,1.0,1
ENSG00000166105,1.1116395,-0.39794,0.4218596,1.0,1
ENSG00000015479,1.1954089,2.2356293,0.4136604,1.0,1
ENSG00000015479,1.1967894,2.2356293,0.4141091,0.91961306,1
ENSG00000015479,1.1967894,2.2356293,0.4141091,0.027027028,1
ENSG00000015479,1.1961738,2.2356293,0.41259947,0.9497197,1
ENSG00000197444,1.1290957,0.1430148,0.4377764,1.0,1
ENSG00000070214,1.1276037,-0.55284196,0.43458885,1.0,1
ENSG00000070214,1.1279577,-0.55284196,0.4366893,1.0,1
ENSG00000070214,1.1259221,-0.55284196,0.43462777,1.0,1
ENSG00000151651,1.1373911,0.4756712,0.43214923,1.0,1
ENSG00000151651,1.1384994,0.4756712,0.43253177,1.0,1
ENSG00000151651,1.1382744,0.4756712,0.432606,0.9920319,1
ENSG00000151651,1.1380349,0.4756712,0.43262392,0.9920319,1
ENSG00000151651,1.140273,0.4756712,0.43262368,0.9920319,1
ENSG00000102575,1.1021351,-0.20065945,0.45815364,1.0,1
ENSG00000102575,1.0972677,-0.20065945,0.4595789,1.0,1
ENSG00000088854,1.1776747,0.4456042,0.41989502,1.0,1
ENSG00000124209,1.1860307,0.7259116,0.4018782,1.0,1
ENSG00000124209,1.1861074,0.7259116,0.39968255,1.0,1
ENSG00000040487,1.2151622,1.3471348,0.40382302,1.0,1
ENSG00000040487,1.2168288,1.3471348,0.4021687,0.96744186,1
ENSG00000112304,1.2002095,1.9530828,0.40703386,1.0,1
ENSG00000112304,1.2007874,1.9530828,0.40663064,0.24616772,1
ENSG00000119408,1.1389126,1.2033049,0.42561984,1.0,1
ENSG00000119408,1.1388592,1.2033049,0.4259262,0.19607843,1
ENSG00000154358,1.1275424,0.5599066,0.47579336,1.0,1
ENSG00000154358,1.1292454,0.5599066,0.47649062,1.0,1
ENSG00000148672,1.1753306,1.7804613,0.42249408,1.0,1
ENSG00000189306,1.1289177,1.4299136,0.43900228,1.0,1
ENSG00000189306,1.1339397,1.4299136,0.44028947,1.0,1
ENSG00000185973,1.1700357,1.469822,0.4282275,1.0,1
ENSG00000107614,1.1919705,0.8998205,0.41203988,1.0,1
ENSG00000107614,1.1945053,0.8998205,0.41089067,1.0,1
ENSG00000107614,1.1932974,0.8998205,0.4109021,1.0,1
ENSG00000107614,1.1936915,0.8998205,0.4102891,0.93445694,1
ENSG00000107614,1.1939555,0.8998205,0.41120532,0.8874598,1
ENSG00000107614,1.1888646,0.8998205,0.40955448,0.24795641,1
ENSG00000197362,1.1623605,0.36361197,0.4539059,1.0,1
ENSG00000197362,1.1623605,0.36361197,0.4539059,1.0,1
ENSG00000197362,1.160471,0.36361197,0.45444188,0.5565611,1
ENSG00000103194,1.1929674,2.085005,0.425132,1.0,1
ENSG00000103194,1.1944969,2.085005,0.42406407,1.0,1
ENSG00000103194,1.1935377,2.085005,0.4248794,0.017911091,1
ENSG00000103194,1.1942598,2.085005,0.42365608,0.10939334,1
ENSG00000103194,1.1937393,2.085005,0.42499864,0.6359555,1
ENSG00000163069,1.1218808,-0.7447275,0.4359369,1.0,1
ENSG00000163069,1.1247336,-0.7447275,0.4353483,1.0,1
ENSG00000158161,1.2097542,1.7312664,0.38997307,1.0,1
ENSG00000158161,1.208552,1.7312664,0.38889667,0.33947194,1
ENSG00000158161,1.2150048,1.7312664,0.39083743,0.38495675,1
ENSG00000158161,1.2096742,1.7312664,0.3908845,0.9658309,1
ENSG00000116205,1.2088444,0.80071706,0.419667,1.0,1
ENSG00000116205,1.2088444,0.80071706,0.419667,1.0,1
ENSG00000116205,1.2088084,0.80071706,0.41953126,1.0,1
ENSG00000116205,1.2088084,0.80071706,0.41953126,1.0,1
ENSG00000116205,1.2090058,0.80071706,0.4190364,1.0,1
ENSG00000116205,1.2105373,0.80071706,0.4201489,0.95454544,1
ENSG00000197943,1.1473101,0.68394715,0.44374853,1.0,1
ENSG00000138686,1.1692543,1.2472365,0.41499394,1.0,1
ENSG00000160255,1.0984119,-0.08092191,0.45670736,1.0,1
ENSG00000166908,1.1925267,1.3914644,0.41402283,1.0,1
ENSG00000166908,1.1941923,1.3914644,0.414409,0.9974392,1
ENSG00000078902,1.2019442,1.0711453,0.41656724,1.0,1
ENSG00000078902,1.2012067,1.0711453,0.41502926,0.9586466,1
ENSG00000078902,1.2020695,1.0711453,0.41475293,0.3725702,1
ENSG00000100897,1.2159079,1.4797193,0.39859837,1.0,1
ENSG00000100897,1.2145337,1.4797193,0.39847586,1.0,1
ENSG00000100897,1.2146901,1.4797193,0.39892215,0.993262,1
ENSG00000102882,1.1899235,1.6550423,0.42254463,1.0,1
ENSG00000102882,1.1924533,1.6550423,0.4224059,0.17334779,1
ENSG00000102882,1.189447,1.6550423,0.4222041,0.96108663,1
ENSG00000162972,1.176065,1.2219356,0.43173608,1.0,1
ENSG00000162972,1.175404,1.2219356,0.43356496,1.0,1
ENSG00000162972,1.1751703,1.2219356,0.4315203,1.0,1
ENSG00000162972,1.1803533,1.2219356,0.428983,1.0,1
ENSG00000130818,1.1759044,0.86391735,0.44282445,1.0,1
ENSG00000130818,1.1693205,0.86391735,0.44219077,0.9497207,1
ENSG00000130818,1.177816,0.86391735,0.44323084,0.71089387,1
ENSG00000165264,1.1889294,1.6783363,0.40701878,1.0,1
ENSG00000165264,1.1904445,1.6783363,0.40906295,1.0,1
ENSG00000165264,1.1889294,1.6783363,0.40701878,0.728146,1
ENSG00000165264,1.1904445,1.6783363,0.40906295,0.8359526,1
ENSG00000137868,1.1120156,0.2121876,0.43709958,1.0,1
ENSG00000058335,1.1059877,-0.82390875,0.44985175,1.0,1
ENSG00000160445,1.1983199,0.9344984,0.42157522,1.0,1
ENSG00000160445,1.1965362,0.9344984,0.42263806,0.94787645,1
ENSG00000150995,1.1792923,1.2787536,0.42632592,1.0,1
ENSG00000150995,1.1811141,1.2787536,0.4268856,0.89162564,1
ENSG00000156261,1.2142516,2.6973863,0.3961391,1.0,1
ENSG00000156261,1.2108393,2.6973863,0.39668474,0.9807207,1
ENSG00000198830,1.2443632,2.5121105,0.36209282,1.0,1
ENSG00000119703,1.157978,0.7075702,0.45240062,1.0,1
ENSG00000119703,1.1624762,0.7075702,0.45304185,1.0,1
ENSG00000141759,1.1781274,1.9526472,0.42660895,1.0,1
ENSG00000141759,1.1765538,1.9526472,0.42803064,1.0,1
ENSG00000141759,1.1765538,1.9526472,0.42803064,1.0,1
ENSG00000141759,1.1745044,1.9526472,0.42778486,0.6507009,1
ENSG00000141759,1.1781274,1.9526472,0.42660895,0.2712361,1
ENSG00000141759,1.1772846,1.9526472,0.42567942,0.070767805,1
ENSG00000127831,1.1126612,-0.27572414,0.44404843,1.0,1
ENSG00000127831,1.112574,-0.27572414,0.444021,1.0,1
ENSG00000033170,1.1052436,0.7737864,0.45153967,1.0,1
ENSG00000033170,1.1123213,0.7737864,0.451721,0.073308274,1
ENSG00000033170,1.1093787,0.7737864,0.45361993,1.0,1
ENSG00000033170,1.1099206,0.7737864,0.45346278,0.14224137,1
ENSG00000033170,1.1107737,0.7737864,0.45471194,0.31434184,1
ENSG00000033170,1.1063169,0.7737864,0.45532918,0.031434186,1
ENSG00000205155,1.2034323,1.4055171,0.3962016,1.0,1
ENSG00000089876,1.1041483,1.155336,0.45114756,1.0,1
ENSG00000089876,1.0996643,1.155336,0.4504836,1.0,1
ENSG00000089876,1.1007968,1.155336,0.45027328,1.0,1
ENSG00000089876,1.1019427,1.155336,0.44978088,1.0,1
ENSG00000089876,1.1029646,1.155336,0.4533603,1.0,1
ENSG00000133706,1.2026602,1.7079958,0.40271544,1.0,1
ENSG00000133706,1.2092489,1.7079958,0.40112865,0.99813926,1
ENSG00000213809,1.1495386,-0.7695511,0.41984546,1.0,1
ENSG00000213809,1.1415051,-0.7695511,0.42525426,1.0,1
ENSG00000142303,1.1228733,-0.34678748,0.44459698,1.0,1
ENSG00000130956,1.1420488,0.1903317,0.43216324,1.0,1
ENSG00000175544,1.1066235,-0.85387194,0.4485394,1.0,1
ENSG00000175544,1.1068419,-0.85387194,0.4481951,1.0,1
ENSG00000116171,1.167928,1.7989957,0.4179188,1.0,1
ENSG00000116171,1.1666787,1.7989957,0.41712844,1.0,1
ENSG00000116171,1.167928,1.7989957,0.4179188,1.0,1
ENSG00000116171,1.1694016,1.7989957,0.41672286,0.9430052,1
ENSG00000116171,1.1650001,1.7989957,0.41729486,0.04461371,1
ENSG00000116171,1.167647,1.7989957,0.4166826,0.7318234,1
ENSG00000165898,1.1995968,1.4007106,0.40557483,0.34972677,1
ENSG00000143157,1.1721119,0.9795484,0.44814694,1.0,1
ENSG00000120314,1.1908586,1.5098743,0.42040864,1.0,1
ENSG00000103353,1.205376,1.6131015,0.41113114,1.0,1
ENSG00000198898,1.2020985,2.0552635,0.38921133,1.0,1
ENSG00000118307,1.1838837,-0.61978877,0.42165294,1.0,1
ENSG00000160111,1.2061507,0.28103337,0.41226178,1.0,1
ENSG00000133597,1.1399337,0.99475694,0.45179403,1.0,1
ENSG00000133597,1.140041,0.99475694,0.45126963,1.0,1
ENSG00000133597,1.1412814,0.99475694,0.45223424,1.0,1
ENSG00000133597,1.1406068,0.99475694,0.45225286,1.0,1
ENSG00000133597,1.1407365,0.99475694,0.45121846,1.0,1
ENSG00000018869,1.1507121,0.38560626,0.44429258,1.0,1
ENSG00000196262,1.2182869,3.6723473,0.3909272,1.0,1
ENSG00000196262,1.214918,3.6723473,0.3914068,1.0,1
ENSG00000196262,1.2158988,3.6723473,0.39142236,1.0,1
ENSG00000196262,1.2154852,3.6723473,0.39115793,1.0,1
ENSG00000196262,1.2170398,3.6723473,0.39159504,1.0,1
ENSG00000196262,1.2156307,3.6723473,0.39109367,1.0,1
ENSG00000196262,1.2163872,3.6723473,0.3911938,1.0,1
ENSG00000196262,1.2160081,3.6723473,0.3912892,0.5777347,1
ENSG00000196262,1.2163824,3.6723473,0.39148003,0.04697524,1
ENSG00000196262,1.2188122,3.6723473,0.39093766,0.09661274,1
ENSG00000131013,1.2058375,1.0157788,0.40308332,1.0,1
ENSG00000122779,1.181442,1.6976652,0.40901724,1.0,1
ENSG00000196511,1.2115339,0.8169038,0.39050645,1.0,1
ENSG00000196511,1.2132891,0.8169038,0.39295882,0.05263158,1
ENSG00000196511,1.2123023,0.8169038,0.38939452,0.9305556,1
ENSG00000196511,1.2160329,0.8169038,0.39155647,0.056338027,1
ENSG00000196511,1.218402,0.8169038,0.39092815,0.06849315,1
ENSG00000092208,1.1910895,1.5059636,0.39695075,1.0,1
ENSG00000092208,1.1952786,1.5059636,0.39776736,0.018867925,1
ENSG00000092208,1.19331,1.5059636,0.3989072,0.7460861,1
ENSG00000092208,1.1935629,1.5059636,0.39855975,0.9803005,1
ENSG00000136404,1.1234363,0.4409091,0.42944962,1.0,1
ENSG00000003056,1.2066295,1.9407157,0.4087172,1.0,1
ENSG00000003056,1.2069055,1.9407157,0.40980425,1.0,1
ENSG00000003056,1.2074381,1.9407157,0.4085157,1.0,1
ENSG00000103966,1.1663332,0.7411516,0.44365108,1.0,1
ENSG00000103966,1.1635756,0.7411516,0.44219378,1.0,1
ENSG00000103966,1.1645726,0.7411516,0.44307595,1.0,1
ENSG00000213699,1.170153,1.0523092,0.43786007,1.0,1
ENSG00000213699,1.1691682,1.0523092,0.43886748,1.0,1
ENSG00000213699,1.172309,1.0523092,0.43916902,0.9528689,1
ENSG00000213699,1.1712964,1.0523092,0.4397006,0.89855075,1
ENSG00000213699,1.1714816,1.0523092,0.43870857,0.9669052,1
ENSG00000198700,1.1953515,1.763428,0.4118371,1.0,1
ENSG00000058063,1.1945903,1.4437323,0.41239795,1.0,1
ENSG00000149308,1.1773158,1.2543063,0.41910896,1.0,1
ENSG00000149308,1.1763629,1.2543063,0.42023885,1.0,1
ENSG00000165678,1.2154186,2.5692334,0.4084242,1.0,1
ENSG00000011478,1.2052089,1.1610684,0.41733292,1.0,1
ENSG00000011478,1.2055128,1.1610684,0.41666973,0.95166165,1
ENSG00000174460,1.0985562,-0.92081875,0.4628435,1.0,1
ENSG00000174460,1.102223,-0.92081875,0.4626422,1.0,1
ENSG00000221890,1.1132451,0.32221928,0.45957127,1.0,1
ENSG00000221890,1.1168774,0.32221928,0.46091565,1.0,1
ENSG00000169902,1.1105143,0.18752073,0.45879194,1.0,1
ENSG00000169902,1.1105143,0.18752073,0.45879194,1.0,1
ENSG00000169902,1.1099352,0.18752073,0.45582283,1.0,1
ENSG00000169902,1.1107496,0.18752073,0.45617205,1.0,1
ENSG00000131037,1.1122919,1.0008677,0.43612024,1.0,1
ENSG00000137824,1.2081137,1.3879235,0.40207607,1.0,1
ENSG00000112419,1.1716853,1.0633334,0.429602,1.0,1
ENSG00000112419,1.1711653,1.0633334,0.42961633,1.0,1
ENSG00000112419,1.1720048,1.0633334,0.42869344,1.0,1
ENSG00000112419,1.1721965,1.0633334,0.42878398,1.0,1
ENSG00000112419,1.1745504,1.0633334,0.4290354,1.0,1
ENSG00000112419,1.1684813,1.0633334,0.42859688,0.61854684,1
ENSG00000100036,1.1186228,-0.113509275,0.46659443,1.0,1
ENSG00000097033,1.1816564,1.2873538,0.4138506,1.0,1
ENSG00000097033,1.1801008,1.2873538,0.41303992,0.9753615,1
ENSG00000097033,1.1821362,1.2873538,0.4122902,0.017218543,1
ENSG00000130287,1.1043023,-0.82390875,0.4702255,1.0,1
ENSG00000184730,1.1399043,0.06818586,0.46219918,1.0,1
ENSG00000126254,1.214346,1.4910814,0.41446647,1.0,1
ENSG00000126254,1.2145767,1.4910814,0.41473696,1.0,1
ENSG00000112511,1.2266328,1.618362,0.4062407,1.0,1
ENSG00000112511,1.2265694,1.618362,0.4057688,0.9833449,1
ENSG00000099812,1.0995483,-0.88605666,0.47521773,1.0,1
ENSG00000120656,1.2155713,1.7223871,0.3917277,1.0,1
ENSG00000176148,1.1997076,0.6794279,0.41351303,1.0,1
ENSG00000176148,1.1951845,0.6794279,0.41758072,1.0,1
ENSG00000176148,1.202265,0.6794279,0.41469917,0.14545454,1
ENSG00000164031,1.163609,0.9614211,0.42386848,1.0,1
ENSG00000164031,1.1660069,0.9614211,0.42339075,1.0,1
ENSG00000107854,1.1785458,1.1420765,0.415141,1.0,1
ENSG00000107485,1.0976745,-0.9586073,0.45682648,1.0,1
ENSG00000171793,1.2093521,1.5413296,0.395754,1.0,1
ENSG00000171793,1.2088586,1.5413296,0.39594784,1.0,1
ENSG00000171793,1.2118167,1.5413296,0.3944037,0.88495576,1
ENSG00000198721,1.2141181,1.7478777,0.39801392,1.0,1
ENSG00000198721,1.215713,1.7478777,0.39815536,0.00295858,1
ENSG00000156381,1.1563646,1.1547282,0.46395135,1.0,1
ENSG00000156381,1.1535934,1.1547282,0.46289852,0.9516129,1
ENSG00000120159,1.1451422,1.0157788,0.43159282,1.0,1
ENSG00000120159,1.1466122,1.0157788,0.432712,1.0,1
ENSG00000120159,1.1444726,1.0157788,0.43167228,1.0,1
ENSG00000120159,1.1444726,1.0157788,0.43167228,1.0,1
ENSG00000151287,1.1692976,1.3982873,0.42597473,1.0,1
ENSG00000151287,1.1609633,1.3982873,0.42416665,0.75855047,1
ENSG00000151287,1.1688553,1.3982873,0.42632142,0.58589745,1
ENSG00000056050,1.1714857,1.3394514,0.42278895,1.0,1
ENSG00000174483,1.1643285,1.0948204,0.42586046,1.0,1
ENSG00000174483,1.1625575,1.0948204,0.4234425,0.917923,1
ENSG00000174483,1.1626079,1.0948204,0.42449608,0.82978725,1
ENSG00000174483,1.1627036,1.0948204,0.42394757,0.10359408,1
ENSG00000110169,1.1043692,-0.5086383,0.44323084,1.0,1
ENSG00000101444,1.188996,2.3206031,0.42092317,1.0,1
ENSG00000136935,1.2113204,1.1338581,0.40312457,1.0,1
ENSG00000186416,1.131026,1.141136,0.46102643,1.0,1
ENSG00000040531,1.1644907,0.5670264,0.4155204,1.0,1
ENSG00000040531,1.1639146,0.5670264,0.41481525,1.0,1
ENSG00000003756,1.1986867,2.1204424,0.40627584,1.0,1
ENSG00000003756,1.2008337,2.1204424,0.40474182,0.12372813,1
ENSG00000163738,1.1976247,1.41397,0.41754177,1.0,1
ENSG00000163738,1.1971842,1.41397,0.4187068,1.0,1
ENSG00000163738,1.1939591,1.41397,0.4179995,1.0,1
ENSG00000163738,1.201609,1.41397,0.41899392,1.0,1
ENSG00000183337,1.1419189,1.3308195,0.45481017,1.0,1
ENSG00000183337,1.1423746,1.3308195,0.45514765,1.0,1
ENSG00000183337,1.1427138,1.3308195,0.4553212,1.0,1
ENSG00000183337,1.1405777,1.3308195,0.4557642,0.70714283,1
ENSG00000049089,1.1761454,-0.39794,0.41023624,1.0,1
ENSG00000109501,1.1063936,-0.9586073,0.46768877,1.0,1
ENSG00000185920,1.1666768,0.40993312,0.42996392,1.0,1
ENSG00000185920,1.1637806,0.40993312,0.42892045,1.0,1
ENSG00000013441,1.1937306,1.877947,0.4099244,1.0,1
ENSG00000013441,1.1973313,1.877947,0.40846825,1.0,1
ENSG00000013441,1.1948057,1.877947,0.40904588,0.34098136,1
ENSG00000172819,1.1412038,0.54900324,0.4403408,1.0,1
ENSG00000172819,1.142923,0.54900324,0.44013456,1.0,1
ENSG00000172819,1.1437539,0.54900324,0.4399686,0.087804876,1
ENSG00000164168,1.1868372,1.1824147,0.41495848,1.0,1
ENSG00000166743,1.1093212,0.021189298,0.44524017,1.0,1
ENSG00000166743,1.1120067,0.021189298,0.44637388,1.0,1
ENSG00000166743,1.111974,0.021189298,0.44562134,1.0,1
ENSG00000178951,1.1629838,0.26951295,0.45928735,1.0,1
ENSG00000178951,1.1629838,0.26951295,0.45928735,1.0,1
ENSG00000258466,1.1140106,-0.39794,0.45844588,1.0,1
ENSG00000104886,1.218778,1.7879561,0.40941232,1.0,1
ENSG00000104886,1.2183471,1.7879561,0.40987167,0.95353985,1
ENSG00000146842,1.1950716,2.0689275,0.38591287,1.0,1
ENSG00000146842,1.1962131,2.0689275,0.3860811,0.66813993,1
ENSG00000134690,1.2314924,1.9716005,0.3855954,1.0,1
ENSG00000142784,1.1742638,1.0094509,0.42329764,1.0,1
ENSG00000142784,1.1726586,1.0094509,0.42448774,1.0,1
ENSG00000100532,1.1278775,0.67117286,0.44024044,1.0,1
ENSG00000100532,1.1292573,0.67117286,0.43913573,0.2,1
ENSG00000153048,1.1907593,1.4888326,0.4173691,1.0,1
ENSG00000177731,1.1567533,2.0132165,0.43333077,1.0,1
ENSG00000177731,1.1574506,2.0132165,0.4332631,0.84090906,1
ENSG00000147168,1.1436572,1.5870371,0.43662754,1.0,1
ENSG00000147168,1.1426134,1.5870371,0.43525678,1.0,1
ENSG00000147168,1.1435405,1.5870371,0.43556666,0.99019605,1
ENSG00000188612,1.235741,2.5594876,0.376478,1.0,1
ENSG00000188612,1.235741,2.5594876,0.376478,1.0,1
ENSG00000188612,1.2373551,2.5594876,0.37686867,0.47902358,1
ENSG00000183048,1.1956767,1.3802112,0.4094203,1.0,1
ENSG00000183048,1.1948599,1.3802112,0.40926838,1.0,1
ENSG00000183048,1.1954535,1.3802112,0.4092081,1.0,1
ENSG00000152601,1.1853371,1.9937888,0.42066675,1.0,1
ENSG00000152601,1.1851672,1.9937888,0.42024487,0.9367179,1
ENSG00000152601,1.1840463,1.9937888,0.4202771,1.0,1
ENSG00000152601,1.1856683,1.9937888,0.41945535,0.32507396,1
ENSG00000152601,1.1841469,1.9937888,0.4204471,0.596391,1
ENSG00000152601,1.1851939,1.9937888,0.42065054,0.6635324,1
ENSG00000152601,1.1839345,1.9937888,0.4192511,0.0,1
ENSG00000129465,1.0979682,-0.61978877,0.4498413,1.0,1
ENSG00000129465,1.0982443,-0.61978877,0.44975823,1.0,1
ENSG00000122971,1.1898695,1.0468851,0.40834796,1.0,1
ENSG00000141367,1.182628,2.1812718,0.40620938,1.0,1
ENSG00000141367,1.184983,2.1812718,0.4060187,1.0,1
ENSG00000141367,1.1881601,2.1812718,0.40487882,1.0,1
ENSG00000141367,1.1879824,2.1812718,0.40436965,1.0,1
ENSG00000141367,1.1865917,2.1812718,0.40521005,1.0,1
ENSG00000141367,1.1865021,2.1812718,0.40642244,0.09446487,1
ENSG00000105699,1.2093863,1.3923452,0.42118883,1.0,1
ENSG00000105699,1.2089466,1.3923452,0.42113084,1.0,1
ENSG00000105699,1.2093863,1.3923452,0.42118883,1.0,1
ENSG00000105699,1.2090727,1.3923452,0.4213394,0.29886147,1
ENSG00000105699,1.2092682,1.3923452,0.42126882,0.8553241,1
ENSG00000105699,1.2090448,1.3923452,0.4211402,0.9724771,1
ENSG00000132004,1.1635846,0.9425041,0.43752968,1.0,1
ENSG00000132004,1.1644913,0.9425041,0.4373337,0.9294798,1
ENSG00000132004,1.1650633,0.9425041,0.4376629,0.9282353,1
ENSG00000203667,1.2386147,1.5300716,0.37980738,1.0,1
ENSG00000203667,1.236442,1.5300716,0.37943295,1.0,1
ENSG00000203667,1.2383971,1.5300716,0.3797234,1.0,1
ENSG00000203667,1.2375822,1.5300716,0.37924835,0.10897111,1
ENSG00000203667,1.236442,1.5300716,0.37943295,0.58135366,1
ENSG00000185000,1.2002674,1.862012,0.39654994,1.0,1
ENSG00000134245,1.1078228,-0.82390875,0.44949245,1.0,1
ENSG00000134245,1.1047034,-0.82390875,0.44983676,1.0,1
ENSG00000007264,1.1510252,1.4003652,0.4322262,0.98459566,1
ENSG00000160194,1.1849121,1.4951279,0.4328406,1.0,1
ENSG00000160194,1.1849121,1.4951279,0.4328406,0.98443264,1
ENSG00000160194,1.1888899,1.4951279,0.43336222,0.8129263,1
ENSG00000068903,1.2186399,1.3958504,0.38663486,1.0,1
ENSG00000068903,1.2189581,1.3958504,0.38629773,1.0,1
ENSG00000068903,1.2185225,1.3958504,0.38576406,0.14739884,1
ENSG00000068903,1.21786,1.3958504,0.38572896,0.0033783785,1
ENSG00000165804,1.1092517,0.29225606,0.46507716,1.0,1
ENSG00000102871,1.1648625,0.8394781,0.4405826,1.0,1
ENSG00000074181,1.1061999,-0.537602,0.47172806,1.0,1
ENSG00000074181,1.1085947,-0.537602,0.47178108,1.0,1
ENSG00000074181,1.1073227,-0.537602,0.4721026,1.0,1
ENSG00000074181,1.1079206,-0.537602,0.47206795,1.0,1
ENSG00000182179,1.1103458,0.38201705,0.44550917,1.0,1
ENSG00000167394,1.202065,0.5289167,0.45571974,1.0,1
ENSG00000167394,1.202065,0.5289167,0.45571974,1.0,1
ENSG00000112640,1.1935494,1.6687585,0.41233307,1.0,1
ENSG00000112640,1.1934831,1.6687585,0.41204774,0.77653176,1
ENSG00000160633,1.204955,1.4723176,0.41027656,1.0,1
ENSG00000160633,1.2063369,1.4723176,0.41014153,1.0,1
ENSG00000160633,1.2049379,1.4723176,0.4108412,1.0,1
ENSG00000160633,1.2052951,1.4723176,0.41068986,1.0,1
ENSG00000160633,1.2051581,1.4723176,0.4109693,1.0,1
ENSG00000168528,1.1207818,-0.07058107,0.43686786,1.0,1
ENSG00000168528,1.1218349,-0.07058107,0.43637058,1.0,1
ENSG00000111678,1.2241322,2.3016593,0.4005138,1.0,1
ENSG00000111678,1.2256633,2.3016593,0.40047672,1.0,1
ENSG00000111678,1.2276567,2.3016593,0.40060025,1.0,1
ENSG00000111678,1.2258176,2.3016593,0.40060103,1.0,1
ENSG00000140350,1.2010461,2.019905,0.39497668,1.0,1
ENSG00000158234,1.1282679,0.19312459,0.4285601,1.0,1
ENSG00000158234,1.1273751,0.19312459,0.42852086,0.11016949,1
ENSG00000140534,1.1775377,1.0884905,0.4363183,1.0,1
ENSG00000183828,1.1282693,0.8808136,0.43235412,1.0,1
ENSG00000183828,1.1279013,0.8808136,0.43093193,1.0,1
ENSG00000020181,1.1100043,-0.82390875,0.4759143,1.0,1
ENSG00000125885,1.1693269,1.505557,0.42584532,1.0,1
ENSG00000125885,1.1696886,1.505557,0.4251603,0.9684096,1
ENSG00000165714,1.1655577,0.7474118,0.42817056,1.0,1
ENSG00000165714,1.1628665,0.7474118,0.42806488,0.9166667,1
ENSG00000046604,1.1773869,1.7292458,0.43885157,1.0,1
ENSG00000046604,1.1743349,1.7292458,0.44136918,1.0,1
ENSG00000110442,1.1668013,1.548635,0.42391664,1.0,1
ENSG00000110442,1.1668013,1.548635,0.42391664,1.0,1
ENSG00000110442,1.1577888,1.548635,0.4212877,0.834731,1
ENSG00000110442,1.169616,1.548635,0.42353418,0.3957362,1
ENSG00000144791,1.1698717,1.2711443,0.45711416,1.0,1
ENSG00000144791,1.1691264,1.2711443,0.45759705,1.0,1
ENSG00000095380,1.2017564,2.0218918,0.42738062,1.0,1
ENSG00000173757,1.1892643,2.0993698,0.4198304,1.0,1
ENSG00000197714,1.1943817,1.201943,0.44264174,1.0,1
ENSG00000110330,1.1627163,1.5868123,0.4325332,1.0,1
ENSG00000110330,1.1666595,1.5868123,0.435463,1.0,1
ENSG00000110330,1.16598,1.5868123,0.4353475,0.002670227,1
ENSG00000165912,1.1393942,0.7497363,0.439443,1.0,1
ENSG00000163082,1.11511,-0.9586073,0.45118985,1.0,1
ENSG00000163082,1.1069499,-0.9586073,0.44049653,1.0,1
ENSG00000116473,1.2044038,1.6959193,0.3974869,1.0,1
ENSG00000135870,1.1876677,1.1383027,0.42237052,1.0,1
ENSG00000243335,1.1948119,1.3085644,0.41912845,1.0,1
ENSG00000100083,1.2411269,1.6094877,0.41187707,1.0,1
ENSG00000100083,1.240697,1.6094877,0.41182393,1.0,1
ENSG00000118564,1.1937984,1.3038437,0.42660227,1.0,1
ENSG00000118564,1.1908873,1.3038437,0.4279839,0.56748694,1
ENSG00000118564,1.1894795,1.3038437,0.42571437,0.06396064,1
ENSG00000069869,1.1680324,1.071882,0.42583302,1.0,1
ENSG00000069869,1.1748217,1.071882,0.42555663,0.010256411,1
ENSG00000095906,1.2125388,1.3374592,0.41204467,1.0,1
ENSG00000095906,1.2101957,1.3374592,0.4120424,0.5542895,1
ENSG00000186448,1.1738716,0.9758911,0.45220906,1.0,1
ENSG00000186448,1.1744968,0.9758911,0.45260656,1.0,1
ENSG00000186448,1.1697441,0.9758911,0.44697705,1.0,1
ENSG00000186448,1.1700934,0.9758911,0.44720247,1.0,1
ENSG00000186448,1.1717976,0.9758911,0.4470367,1.0,1
ENSG00000186448,1.1717976,0.9758911,0.4470367,1.0,1
ENSG00000186448,1.1745759,0.9758911,0.449095,0.122994654,1
ENSG00000167525,1.1953743,0.7611758,0.42646572,1.0,1
ENSG00000167525,1.1953264,0.7611758,0.42603225,1.0,1
ENSG00000167525,1.1971959,0.7611758,0.42687982,1.0,1
ENSG00000167525,1.1970263,0.7611758,0.42679143,1.0,1
ENSG00000160959,1.173379,1.2940251,0.4453612,1.0,1
ENSG00000160959,1.1746987,1.2940251,0.445243,1.0,1
ENSG00000160959,1.171682,1.2940251,0.4457026,1.0,1
ENSG00000160959,1.1746358,1.2940251,0.44530064,1.0,1
ENSG00000160959,1.1714324,1.2940251,0.44529244,0.16494845,1
ENSG00000145216,1.2152046,1.3816565,0.40011597,1.0,1
ENSG00000145216,1.2164596,1.3816565,0.40071294,0.47189543,1
ENSG00000145216,1.2120365,1.3816565,0.39928085,0.5609911,1
ENSG00000145216,1.2120777,1.3816565,0.4006862,0.4415502,1
ENSG00000145216,1.213998,1.3816565,0.40145808,0.11604095,1
ENSG00000125864,1.11605,-0.29242983,0.459716,1.0,1
ENSG00000138134,1.101825,-0.9586073,0.43879932,1.0,1
ENSG00000138134,1.1012192,-0.9586073,0.43955258,1.0,1
ENSG00000138134,1.1042835,-0.9586073,0.43906367,1.0,1
ENSG00000138134,1.0978743,-0.9586073,0.4366745,1.0,1
ENSG00000163661,1.0884472,-0.92081875,0.46614686,1.0,1
ENSG00000099974,1.1044537,-0.7212464,0.4387887,1.0,1
ENSG00000150967,1.1462892,0.71349055,0.44836107,0.6142857,1
ENSG00000145348,1.2095594,1.278525,0.40251967,1.0,1
ENSG00000145348,1.2154361,1.278525,0.40144295,0.1654373,1
ENSG00000183655,1.1031458,-0.7212464,0.47399184,1.0,1
ENSG00000161904,1.1773303,1.5798979,0.43996212,1.0,1
ENSG00000161904,1.1785941,1.5798979,0.4401098,1.0,1
ENSG00000161904,1.1773098,1.5798979,0.43985075,1.0,1
ENSG00000169249,1.1632882,0.9390198,0.43053052,1.0,1
ENSG00000169249,1.1613637,0.9390198,0.43157488,1.0,1
ENSG00000140650,1.2125933,1.1792644,0.39334372,1.0,1
ENSG00000140650,1.2127777,1.1792644,0.39331397,0.98909396,1
ENSG00000140650,1.2160053,1.1792644,0.39466783,0.9198068,1
ENSG00000123124,1.1787825,0.9253121,0.42215818,1.0,1
ENSG00000123124,1.1769226,0.9253121,0.42378703,0.99378884,1
ENSG00000100227,1.2020689,1.5873742,0.41634488,1.0,1
ENSG00000100227,1.1985583,1.5873742,0.41638595,0.6085994,1
ENSG00000100227,1.1992128,1.5873742,0.41646582,0.023659306,1
ENSG00000165526,1.1897005,1.6079909,0.42310917,1.0,1
ENSG00000165526,1.1903194,1.6079909,0.42358074,1.0,1
ENSG00000165526,1.1904281,1.6079909,0.42343038,1.0,1
ENSG00000165526,1.1898265,1.6079909,0.42462113,1.0,1
ENSG00000049246,1.1611916,1.218798,0.44181132,1.0,1
ENSG00000132912,1.2095546,1.7117229,0.3899462,1.0,1
ENSG00000132912,1.2093228,1.7117229,0.3901723,0.0,1
ENSG00000103051,1.1969393,1.7604979,0.42104256,1.0,1
ENSG00000103051,1.1974171,1.7604979,0.421682,1.0,1
ENSG00000103051,1.1987379,1.7604979,0.4203483,0.98330843,1
ENSG00000103051,1.1972877,1.7604979,0.42050752,0.0,1
ENSG00000103051,1.2020533,1.7604979,0.42182174,0.90922767,1
ENSG00000127663,1.1623186,1.0948204,0.43475807,1.0,1
ENSG00000127663,1.162238,1.0948204,0.43426597,1.0,1
ENSG00000127663,1.1615247,1.0948204,0.43477902,0.08955224,1
ENSG00000176473,1.1720855,0.7242759,0.4476495,1.0,1
ENSG00000176473,1.1741191,0.7242759,0.44769713,1.0,1
ENSG00000090861,1.1974344,2.2807605,0.39659122,1.0,1
ENSG00000090861,1.2012666,2.2807605,0.39621302,1.0,1
ENSG00000090861,1.1998237,2.2807605,0.39658338,1.0,1
ENSG00000144283,1.1774306,1.7081659,0.42838678,1.0,1
ENSG00000144283,1.179293,1.7081659,0.42782772,0.7247088,1
ENSG00000144283,1.182713,1.7081659,0.42755827,0.74196076,1
ENSG00000162695,1.1991242,0.7226339,0.4108628,1.0,1
ENSG00000162695,1.1954385,0.7226339,0.40914083,1.0,1
ENSG00000186665,1.1779648,1.3895204,0.4411019,1.0,1
ENSG00000186665,1.1840367,1.3895204,0.44088316,1.0,1
ENSG00000076351,1.1314574,0.42160392,0.45780164,1.0,1
ENSG00000076351,1.1312171,0.42160392,0.45906684,0.9230769,1
ENSG00000104976,1.1956922,1.0944711,0.41760737,1.0,1
ENSG00000125457,1.2075151,1.6118295,0.4066219,1.0,1
ENSG00000125457,1.2075255,1.6118295,0.40659374,1.0,1
ENSG00000125457,1.2070631,1.6118295,0.4066216,0.9737573,1
ENSG00000125457,1.2072572,1.6118295,0.4061072,0.109347954,1
ENSG00000103769,1.2026644,2.4376237,0.41466916,1.0,1
ENSG00000156869,1.1708449,1.5308398,0.42547,1.0,1
ENSG00000167986,1.2039379,2.3942416,0.40955704,1.0,1
ENSG00000167986,1.200742,2.3942416,0.41064328,0.0050870148,1
ENSG00000167986,1.2044002,2.3942416,0.4095177,0.0050949263,1
ENSG00000056558,1.10605,-0.1674911,0.4491685,1.0,1
ENSG00000056558,1.1047052,-0.1674911,0.44929114,1.0,1
ENSG00000076513,1.1946732,1.5936183,0.4160907,1.0,1
ENSG00000076513,1.1946732,1.5936183,0.4160907,1.0,1
ENSG00000076513,1.1929203,1.5936183,0.41673085,1.0,1
ENSG00000076513,1.1957175,1.5936183,0.41630024,1.0,1
ENSG00000076513,1.1919196,1.5936183,0.41639927,0.986946,1
ENSG00000138758,1.1970943,1.8264636,0.40905264,1.0,1
ENSG00000187144,1.0978613,-0.7447275,0.43810016,1.0,1
ENSG00000064995,1.2061247,1.8044802,0.4085195,1.0,1
ENSG00000064995,1.2063174,1.8044802,0.40778166,0.9632922,1
ENSG00000196456,1.1878392,0.7283538,0.43829736,1.0,1
ENSG00000154710,1.1892964,1.2823955,0.4176871,1.0,1
ENSG00000154710,1.1890922,1.2823955,0.41877243,1.0,1
ENSG00000154710,1.1881977,1.2823955,0.4186477,0.2707775,1
ENSG00000154710,1.1898242,1.2823955,0.41741234,0.084690556,1
ENSG00000154710,1.1905819,1.2823955,0.41851786,0.96986973,1
ENSG00000010219,1.1373416,1.3230457,0.43575913,1.0,1
ENSG00000010219,1.1377654,1.3230457,0.43808722,0.037339557,1
ENSG00000205758,1.2171805,1.8885726,0.38825464,1.0,1
ENSG00000205758,1.2200453,1.8885726,0.38718438,1.0,1
ENSG00000205758,1.2200453,1.8885726,0.38718438,1.0,1
ENSG00000205758,1.2158092,1.8885726,0.3864827,1.0,1
ENSG00000205758,1.2175152,1.8885726,0.38740286,1.0,1
ENSG00000205758,1.2173555,1.8885726,0.38737646,0.099550895,1
ENSG00000119414,1.1998358,1.4562142,0.40690506,1.0,1
ENSG00000119414,1.202219,1.4562142,0.4049684,0.9484909,1
ENSG00000140750,1.1552013,0.90036714,0.43179634,1.0,1
ENSG00000140750,1.1550478,0.90036714,0.4316411,0.258547,1
ENSG00000140750,1.1573116,0.90036714,0.4314586,0.2359155,1
ENSG00000140750,1.1556073,0.90036714,0.4321614,0.64244187,1
ENSG00000135365,1.1839142,1.1195858,0.41613114,1.0,1
ENSG00000135365,1.1864341,1.1195858,0.41716126,1.0,1
ENSG00000135365,1.1846675,1.1195858,0.417431,1.0,1
ENSG00000053524,1.1578215,0.5428254,0.4356738,1.0,1
ENSG00000053524,1.1589774,0.5428254,0.43467286,1.0,1
ENSG00000053524,1.1537732,0.5428254,0.43623388,0.14583333,1
ENSG00000065911,1.197084,2.3176246,0.4055429,1.0,1
ENSG00000065911,1.1992228,2.3176246,0.40661904,0.15467583,1
ENSG00000065911,1.19507,2.3176246,0.4057314,0.99922943,1
ENSG00000151445,1.2057239,1.2904798,0.39658847,1.0,1
ENSG00000151445,1.2046351,1.2904798,0.396226,1.0,1
ENSG00000151445,1.2016236,1.2904798,0.39501753,1.0,1
ENSG00000151445,1.20459,1.2904798,0.39567906,1.0,1
ENSG00000151445,1.2056206,1.2904798,0.39550477,1.0,1
ENSG00000151445,1.20652,1.2904798,0.39562425,1.0,1
ENSG00000151445,1.2053066,1.2904798,0.39520645,0.102004714,1
ENSG00000103657,1.1899428,1.5582284,0.42261595,1.0,1
ENSG00000103657,1.190576,1.5582284,0.42328525,1.0,1
ENSG00000140905,1.2203547,1.572058,0.39998406,1.0,1
ENSG00000140905,1.2188939,1.572058,0.40007558,0.9785251,1
ENSG00000168944,1.1933175,1.3085644,0.41485536,1.0,1
ENSG00000102057,1.106569,-0.26760623,0.46028006,1.0,1
ENSG00000139160,1.1825259,-0.055517327,0.43116072,1.0,1
ENSG00000139160,1.1798874,-0.055517327,0.4311464,1.0,1
ENSG00000134987,1.1838058,1.6682928,0.41696033,1.0,1
ENSG00000134987,1.1816919,1.6682928,0.41681075,1.0,1
ENSG00000134987,1.1836302,1.6682928,0.41794086,1.0,1
ENSG00000134987,1.1804507,1.6682928,0.41993222,1.0,1
ENSG00000091732,1.19638,1.8364507,0.42724636,1.0,1
ENSG00000091732,1.1940069,1.8364507,0.42773208,1.0,1
ENSG00000091732,1.1945735,1.8364507,0.42651013,0.0,1
ENSG00000169762,1.1642938,1.452553,0.42579684,1.0,1
ENSG00000169762,1.1669185,1.452553,0.42430958,0.8851981,1
ENSG00000169762,1.166958,1.452553,0.42354566,0.46148783,1
ENSG00000123636,1.146196,1.2000293,0.4417557,1.0,1
ENSG00000139197,1.1611646,1.1152776,0.43091205,1.0,1
ENSG00000139197,1.1626053,1.1152776,0.43233463,0.392,1
ENSG00000125551,1.1248466,-0.63827217,0.424286,1.0,1
ENSG00000123384,1.1447552,-0.4436975,0.44580105,1.0,1
ENSG00000240065,1.1861784,0.25285304,0.4096313,1.0,1
ENSG00000240065,1.1822833,0.25285304,0.40907684,1.0,1
ENSG00000151239,1.2030476,1.2177471,0.4088937,1.0,1
ENSG00000151239,1.1998309,1.2177471,0.4091018,1.0,1
ENSG00000151239,1.1983577,1.2177471,0.4072005,0.0,1
ENSG00000151239,1.2000493,1.2177471,0.40481034,0.057666216,1
ENSG00000175265,1.153785,1.8933734,0.42807403,1.0,1
ENSG00000249471,1.1413989,0.519828,0.4577904,1.0,1
ENSG00000249471,1.1410477,0.519828,0.45748615,1.0,1
ENSG00000249471,1.1425325,0.519828,0.45830613,0.06010929,1
ENSG00000183111,1.0938317,-0.88605666,0.455794,1.0,1
ENSG00000162909,1.2114526,1.9639766,0.39975014,1.0,1
ENSG00000116717,1.2108651,1.7065471,0.4035485,1.0,1
ENSG00000116717,1.2105788,1.7065471,0.40317333,1.0,1
ENSG00000116717,1.210098,1.7065471,0.4033789,0.9870348,1
ENSG00000213064,1.2280382,1.4121244,0.3754209,1.0,1
ENSG00000109787,1.1775333,1.1947918,0.4331848,1.0,1
ENSG00000109787,1.1779845,1.1947918,0.43361953,1.0,1
ENSG00000109787,1.1774074,1.1947918,0.43309727,1.0,1
ENSG00000176170,1.1912323,1.2203696,0.43741927,1.0,1
ENSG00000136152,1.1719228,1.1708483,0.414035,1.0,1
ENSG00000136152,1.1688112,1.1708483,0.41162318,1.0,1
ENSG00000141905,1.1879656,0.30963016,0.4266451,1.0,1
ENSG00000141905,1.1879656,0.30963016,0.4266451,1.0,1
ENSG00000141905,1.1866273,0.30963016,0.42636228,1.0,1
ENSG00000141905,1.1881549,0.30963016,0.42697826,1.0,1
ENSG00000141905,1.1876978,0.30963016,0.42672908,1.0,1
ENSG00000141905,1.187429,0.30963016,0.4266987,0.41614908,1
ENSG00000141905,1.1875935,0.30963016,0.4268087,0.8318584,1
ENSG00000152284,1.1053414,-0.9586073,0.43885177,1.0,1
ENSG00000012174,1.1432376,1.1041455,0.43138123,1.0,1
ENSG00000205084,1.1701924,1.3660492,0.44089192,1.0,1
ENSG00000182287,1.1629392,1.2148439,0.42035955,0.0,1
ENSG00000182287,1.1632696,1.2148439,0.41868776,0.012021858,1
ENSG00000182287,1.1674238,1.2148439,0.41945365,0.27896994,1
ENSG00000204256,1.1847116,2.225955,0.4164741,1.0,1
ENSG00000204256,1.1842068,2.225955,0.41736403,1.0,1
ENSG00000204256,1.1840609,2.225955,0.41607252,1.0,1
ENSG00000204256,1.1841753,2.225955,0.41631967,0.14901148,1
ENSG00000204256,1.1854192,2.225955,0.41675472,0.0006633499,1
ENSG00000142655,1.1996983,1.0413927,0.41029653,1.0,1
ENSG00000142655,1.1999971,1.0413927,0.41055104,1.0,1
ENSG00000142655,1.1997856,1.0413927,0.41040125,1.0,1
ENSG00000142655,1.2011327,1.0413927,0.41083297,1.0,1
ENSG00000114200,1.0852344,-0.7447275,0.46656471,1.0,1
ENSG00000126461,1.1948571,0.5237465,0.43634075,1.0,1
ENSG00000107798,1.1003898,-0.82390875,0.44039848,1.0,1
ENSG00000026652,1.1767393,1.108565,0.42850098,1.0,1
ENSG00000026652,1.1775067,1.108565,0.42740753,1.0,1
ENSG00000189334,1.1250237,-0.69897,0.419905,1.0,1
ENSG00000138617,1.1465893,0.85248,0.43717617,1.0,1
ENSG00000138617,1.1474954,0.85248,0.4374054,1.0,1
ENSG00000138617,1.1474954,0.85248,0.4374054,1.0,1
ENSG00000138617,1.1474706,0.85248,0.43731076,1.0,1
ENSG00000138617,1.1453997,0.85248,0.43675035,1.0,1
ENSG00000144224,1.2017366,1.9483151,0.4038718,1.0,1
ENSG00000144224,1.2022456,1.9483151,0.4036474,1.0,1
ENSG00000144224,1.1981082,1.9483151,0.4020598,0.51618737,1
ENSG00000186020,1.16648,1.0174507,0.44193134,1.0,1
ENSG00000186020,1.1694945,1.0174507,0.44052327,0.6753507,1
ENSG00000197063,1.1762002,1.3312248,0.43713698,1.0,1
ENSG00000244005,1.2070814,1.762003,0.4035476,1.0,1
ENSG00000244005,1.2070087,1.762003,0.4041978,0.7732558,1
ENSG00000254870,1.1299499,1.8251663,0.4227382,1.0,1
ENSG00000254870,1.1317613,1.8251663,0.4231027,1.0,1
ENSG00000254870,1.1317436,1.8251663,0.42246225,1.0,1
ENSG00000254870,1.1319922,1.8251663,0.42267942,1.0,1
ENSG00000254870,1.1317214,1.8251663,0.42275494,1.0,1
ENSG00000236287,1.1806468,1.7107096,0.45658997,1.0,1
ENSG00000155858,1.1427089,0.8267225,0.44748685,1.0,1
ENSG00000155858,1.1361139,0.8267225,0.44764397,1.0,1
ENSG00000256087,1.1790057,0.5820634,0.44851756,1.0,1
ENSG00000256087,1.1753267,0.5820634,0.44829082,1.0,1
ENSG00000256087,1.1749202,0.5820634,0.4480357,1.0,1
ENSG00000256087,1.1749202,0.5820634,0.4480357,1.0,1
ENSG00000132330,1.1849829,1.1132747,0.41488123,1.0,1
ENSG00000132330,1.1855937,1.1132747,0.41537485,1.0,1
ENSG00000132330,1.1850734,1.1132747,0.41410625,1.0,1
ENSG00000132330,1.1856138,1.1132747,0.41489395,0.124535315,1
ENSG00000144161,1.2181702,0.9278834,0.39734924,1.0,1
ENSG00000134627,1.1455407,0.50105923,0.43393162,1.0,1
ENSG00000134627,1.1466957,0.50105923,0.4341703,1.0,1
ENSG00000134627,1.1470822,0.50105923,0.43352705,1.0,1
ENSG00000134627,1.1459348,0.50105923,0.43409696,1.0,1
ENSG00000134627,1.1466503,0.50105923,0.43305925,1.0,1
ENSG00000134627,1.147294,0.50105923,0.43279055,1.0,1
ENSG00000160505,1.0960755,-0.88605666,0.45983362,1.0,1
ENSG00000169519,1.1666958,1.1821293,0.43870032,1.0,1
ENSG00000169519,1.1655046,1.1821293,0.44277692,0.5283019,1
ENSG00000104517,1.2064632,1.861833,0.42195868,1.0,1
ENSG00000104517,1.2023522,1.861833,0.4217237,0.48000842,1
ENSG00000108468,1.1658497,1.4821587,0.4309414,1.0,1
ENSG00000101417,1.1911772,0.7474118,0.426761,1.0,1
ENSG00000101417,1.1911772,0.7474118,0.426761,1.0,1
ENSG00000101417,1.1892493,0.7474118,0.42664993,0.7014493,1
ENSG00000101417,1.1897705,0.7474118,0.42670855,0.6633987,1
ENSG00000083099,1.2019402,1.5536404,0.40045577,1.0,1
ENSG00000197223,1.202165,1.5094713,0.40680322,1.0,1
ENSG00000197223,1.2027372,1.5094713,0.40669283,1.0,1
ENSG00000168826,1.1692276,0.5646661,0.454756,1.0,1
ENSG00000168826,1.1663927,0.5646661,0.45524418,1.0,1
ENSG00000168826,1.164856,0.5646661,0.45572793,1.0,1
ENSG00000168826,1.1702961,0.5646661,0.4546158,0.8655462,1
ENSG00000090316,1.212942,1.6761447,0.4080544,1.0,1
ENSG00000090316,1.2162849,1.6761447,0.40905187,0.9964597,1
ENSG00000090316,1.2130612,1.6761447,0.40772313,0.94694614,1
ENSG00000090316,1.2136103,1.6761447,0.40770686,0.44594595,1
ENSG00000146955,1.103742,-0.82390875,0.46027553,1.0,1
ENSG00000164828,1.1670634,2.0495281,0.42941445,1.0,1
ENSG00000164828,1.1683952,2.0495281,0.42959628,1.0,1
ENSG00000164828,1.166085,2.0495281,0.428306,0.036484245,1
ENSG00000164828,1.1661323,2.0495281,0.42824882,0.6569921,1
ENSG00000164828,1.1636921,2.0495281,0.43025553,0.073319755,1
ENSG00000164828,1.167952,2.0495281,0.42892835,0.9872424,1
ENSG00000149532,1.1904969,1.5731038,0.4244612,1.0,1
ENSG00000149532,1.1898156,1.5731038,0.4236282,1.0,1
ENSG00000149532,1.1870242,1.5731038,0.42442006,1.0,1
ENSG00000084072,1.2156752,2.1067686,0.40420485,1.0,1
ENSG00000084072,1.2164958,2.1067686,0.40273488,0.07317073,1
ENSG00000146918,1.2037189,1.8914818,0.3963008,1.0,1
ENSG00000146918,1.2037364,1.8914818,0.3965156,1.0,1
ENSG00000146918,1.2024425,1.8914818,0.3970024,0.67458403,1
ENSG00000146918,1.2040921,1.8914818,0.39665064,0.1276411,1
ENSG00000176890,1.211698,2.4058414,0.413849,1.0,1
ENSG00000176890,1.2103549,2.4058414,0.41416028,1.0,1
ENSG00000176890,1.211698,2.4058414,0.413849,0.99478465,1
ENSG00000105401,1.1931136,2.4003134,0.41575748,1.0,1
ENSG00000105401,1.1931313,2.4003134,0.41568655,1.0,1
ENSG00000105401,1.1935837,2.4003134,0.41605222,1.0,1
ENSG00000105401,1.1936721,2.4003134,0.41596276,1.0,1
ENSG00000105401,1.1938156,2.4003134,0.41583806,1.0,1
ENSG00000105401,1.1942738,2.4003134,0.4159612,1.0,1
ENSG00000197965,1.1906921,1.9897168,0.41445094,1.0,1
ENSG00000197965,1.1906921,1.9897168,0.41445094,1.0,1
ENSG00000197965,1.1906166,1.9897168,0.41353047,1.0,1
ENSG00000197965,1.1906925,1.9897168,0.41382816,0.92123866,1
ENSG00000197965,1.1913229,1.9897168,0.41377202,0.25078773,1
ENSG00000181625,1.1415654,1.0652062,0.437973,1.0,1
ENSG00000181625,1.1609398,1.0652062,0.42928225,0.7417631,1
ENSG00000136560,1.1913679,1.6435513,0.41625616,1.0,1
ENSG00000136560,1.190776,1.6435513,0.4160685,1.0,1
ENSG00000136560,1.1878864,1.6435513,0.41477397,1.0,1
ENSG00000136560,1.1903421,1.6435513,0.41451713,1.0,1
ENSG00000152291,1.1937264,1.5982432,0.43480042,1.0,1
ENSG00000152291,1.1937264,1.5982432,0.43480042,1.0,1
ENSG00000152291,1.1899875,1.5982432,0.434761,1.0,1
ENSG00000152291,1.1908758,1.5982432,0.4351158,1.0,1
ENSG00000152291,1.1877905,1.5982432,0.43340045,1.0,1
ENSG00000099968,1.1798798,1.6910815,0.4148517,1.0,1
ENSG00000099968,1.1824398,1.6910815,0.41347504,0.9656883,1
ENSG00000099968,1.1850164,1.6910815,0.4145526,0.6998203,1
ENSG00000099968,1.183499,1.6910815,0.41298947,0.87358326,1
ENSG00000111057,1.1675246,2.4412708,0.4337129,1.0,1
ENSG00000111057,1.1680639,2.4412708,0.43358147,1.0,1
ENSG00000111057,1.1685241,2.4412708,0.43366593,1.0,1
ENSG00000069020,1.180425,0.61278385,0.43713033,1.0,1
ENSG00000172053,1.2125001,2.1927068,0.3983956,1.0,1
ENSG00000172053,1.2127534,2.1927068,0.3981552,0.99877185,1
ENSG00000164104,1.2164372,2.621145,0.40671667,1.0,1
ENSG00000164104,1.2169888,2.621145,0.4062809,1.0,1
ENSG00000164104,1.2182702,2.621145,0.40669152,1.0,1
ENSG00000164104,1.217316,2.621145,0.40754318,1.0,1
ENSG00000213551,1.2160158,1.8321255,0.40274435,1.0,1
ENSG00000213551,1.217421,1.8321255,0.40434495,1.0,1
ENSG00000111846,1.0939163,-0.22184876,0.4674094,1.0,1
ENSG00000130772,1.1997601,1.3916407,0.44053492,1.0,1
ENSG00000130772,1.1997601,1.3916407,0.44053492,1.0,1
ENSG00000131373,1.2185272,1.6127839,0.4010179,1.0,1
ENSG00000131373,1.217841,1.6127839,0.40091625,0.9944327,1
ENSG00000131373,1.2207022,1.6127839,0.4005262,0.9914918,1
ENSG00000131373,1.2132983,1.6127839,0.40050554,0.99332273,1
ENSG00000131373,1.2175704,1.6127839,0.39949355,0.98058254,1
ENSG00000131373,1.2137768,1.6127839,0.40055412,0.4883943,1
ENSG00000099864,1.1221825,0.3138672,0.44753486,1.0,1
ENSG00000099864,1.1216775,0.3138672,0.44767666,1.0,1
ENSG00000050344,1.1241323,1.0124154,0.46174824,1.0,1
ENSG00000050344,1.1238586,1.0124154,0.46180207,1.0,1
ENSG00000123545,1.1973568,2.0962493,0.4166064,1.0,1
ENSG00000107263,1.1207227,1.2935835,0.44990343,1.0,1
ENSG00000129518,1.1730922,1.3289908,0.42709035,1.0,1
ENSG00000142459,1.188773,0.24797326,0.4218046,1.0,1
ENSG00000142459,1.18545,0.24797326,0.42163792,1.0,1
ENSG00000142459,1.1878924,0.24797326,0.42208958,1.0,1
ENSG00000142459,1.1863158,0.24797326,0.42157373,1.0,1
ENSG00000165475,1.1376299,0.820858,0.43131468,1.0,1
ENSG00000165475,1.1379178,0.820858,0.4323214,1.0,1
ENSG00000165475,1.1391984,0.820858,0.43130288,1.0,1
ENSG00000165475,1.1407232,0.820858,0.4318197,1.0,1
ENSG00000165475,1.1408786,0.820858,0.43326095,1.0,1
ENSG00000165475,1.1403102,0.820858,0.43354136,1.0,1
ENSG00000165475,1.14041,0.820858,0.4313184,0.0,1
ENSG00000103126,1.1402532,0.9132839,0.4500503,1.0,1
ENSG00000103126,1.1394691,0.9132839,0.4502317,0.0926893,1
ENSG00000104883,1.1860522,0.041392684,0.43001902,1.0,1
ENSG00000137474,1.1246651,-0.69897,0.45790225,1.0,1
ENSG00000078061,1.2163144,1.5990093,0.40277886,1.0,1
ENSG00000078061,1.2162415,1.5990093,0.40280643,1.0,1
ENSG00000111832,1.2075702,1.5114822,0.40241623,1.0,1
ENSG00000111832,1.2095234,1.5114822,0.40232104,0.93657815,1
ENSG00000172020,1.1088597,-0.92081875,0.45344242,1.0,1
ENSG00000185818,1.1099143,0.5526682,0.48255906,1.0,1
ENSG00000008441,1.1493894,0.48144263,0.4287255,1.0,1
ENSG00000136986,1.2192336,1.4865721,0.39691508,1.0,1
ENSG00000136986,1.2192024,1.4865721,0.39740577,1.0,1
ENSG00000213024,1.1879466,1.280806,0.4221062,1.0,1
ENSG00000213024,1.1875039,1.280806,0.42080364,1.0,1
ENSG00000213024,1.1875039,1.280806,0.42080364,1.0,1
ENSG00000213024,1.1859746,1.280806,0.42151302,0.006849315,1
ENSG00000213024,1.1875039,1.280806,0.42080364,0.07207838,1
ENSG00000213024,1.1865484,1.280806,0.4205521,0.020679468,1
ENSG00000214013,1.202344,1.17667,0.40107125,1.0,1
ENSG00000128159,1.154521,1.0461048,0.44094896,1.0,1
ENSG00000128159,1.1537405,1.0461048,0.4410006,1.0,1
ENSG00000132109,1.143756,1.1556396,0.43654293,1.0,1
ENSG00000132109,1.1538539,1.1556396,0.44108188,1.0,1
ENSG00000007541,1.1520494,1.0852906,0.45273876,1.0,1
ENSG00000007541,1.1519121,1.0852906,0.45284873,1.0,1
ENSG00000007541,1.152122,1.0852906,0.45217374,0.20547946,1
ENSG00000007541,1.1519688,1.0852906,0.45161366,0.28431374,1
ENSG00000189067,1.1105249,0.6884198,0.4707867,1.0,1
ENSG00000189067,1.1101216,0.6884198,0.47019744,0.0064102565,1
ENSG00000160199,1.1991268,1.2869054,0.40465757,1.0,1
ENSG00000160199,1.2012554,1.2869054,0.4050259,0.92412454,1
ENSG00000164053,1.1623186,0.90902084,0.43787098,1.0,1
ENSG00000164053,1.1656916,0.90902084,0.43947834,0.627972,1
ENSG00000164053,1.1646613,0.90902084,0.43782783,0.8716216,1
ENSG00000173852,1.1905137,1.3586961,0.4124309,1.0,1
ENSG00000173852,1.1834252,1.3586961,0.41198862,1.0,1
ENSG00000173852,1.1843092,1.3586961,0.41445208,1.0,1
ENSG00000173852,1.1840793,1.3586961,0.41265976,1.0,1
ENSG00000198162,1.1936146,1.1580608,0.42099735,1.0,1
ENSG00000174891,1.2033309,1.1379868,0.40499106,1.0,1
ENSG00000174891,1.2033309,1.1379868,0.40499106,1.0,1
ENSG00000108587,1.2031382,1.2013972,0.39301714,1.0,1
ENSG00000108587,1.2075624,1.2013972,0.39198634,0.021310182,1
ENSG00000237649,1.2179672,1.8893017,0.405754,1.0,1
ENSG00000144591,1.2062945,1.9159799,0.4194263,1.0,1
ENSG00000115368,1.185573,1.839855,0.4140132,1.0,1
ENSG00000115368,1.1845236,1.839855,0.4155557,0.0028753993,1
ENSG00000135482,1.1655498,-0.017728766,0.46224928,1.0,1
ENSG00000111450,1.1924126,1.6092741,0.40594482,1.0,1
ENSG00000014138,1.2194494,1.9872639,0.393444,1.0,1
ENSG00000014138,1.2193081,1.9872639,0.39374885,0.47347933,1
ENSG00000029993,1.1417968,1.360404,0.42948103,1.0,1
ENSG00000029993,1.1428512,1.360404,0.43086824,1.0,1
ENSG00000061273,1.1770874,1.4109459,0.4311314,1.0,1
ENSG00000061273,1.177869,1.4109459,0.4306635,1.0,1
ENSG00000061273,1.1776172,1.4109459,0.4307961,0.0,1
ENSG00000061273,1.1771129,1.4109459,0.43066075,0.42357275,1
ENSG00000061273,1.1792823,1.4109459,0.43151698,1.0,1
ENSG00000157800,1.1910805,1.7117229,0.41132644,1.0,1
ENSG00000157800,1.1910075,1.7117229,0.4114697,0.991929,1
ENSG00000157800,1.192818,1.7117229,0.41171542,0.9867462,1
ENSG00000153561,1.1381731,1.3207692,0.4329863,1.0,1
ENSG00000130052,1.1249079,1.1866739,0.45006353,1.0,1
ENSG00000168916,1.0838542,-0.1426675,0.47537833,1.0,1
ENSG00000183423,1.0988959,-0.65757734,0.4869664,1.0,1
ENSG00000163872,1.1725699,1.4508647,0.42456406,1.0,1
ENSG00000173575,1.1835929,1.6728364,0.42639896,1.0,1
ENSG00000173575,1.18287,1.6728364,0.4262862,1.0,1
ENSG00000173575,1.1838518,1.6728364,0.42654714,1.0,1
ENSG00000173153,1.1981968,1.3740147,0.42383233,1.0,1
ENSG00000173153,1.1980102,1.3740147,0.42334116,0.9982759,1
ENSG00000173153,1.1981367,1.3740147,0.4233477,0.99346405,1
ENSG00000101290,1.2019573,1.6155292,0.4094332,1.0,1
ENSG00000101290,1.1997257,1.6155292,0.4078663,1.0,1
ENSG00000101290,1.198213,1.6155292,0.4074156,0.1453831,1
ENSG00000135249,1.200276,1.7134905,0.41758195,1.0,1
ENSG00000139437,1.1645541,1.0534626,0.4207781,1.0,1
ENSG00000139437,1.1646496,1.0534626,0.4224245,1.0,1
ENSG00000138593,1.1731495,1.0017337,0.4368546,1.0,1
ENSG00000138593,1.1722533,1.0017337,0.43708733,1.0,1
ENSG00000138593,1.172354,1.0017337,0.43649864,0.23367697,1
ENSG00000100596,1.183813,1.3396502,0.41917637,1.0,1
ENSG00000158815,1.104123,-0.56863624,0.43933186,1.0,1
ENSG00000170876,1.2179924,1.5630062,0.39355484,1.0,1
ENSG00000170876,1.218619,1.5630062,0.3940994,1.0,1
ENSG00000170876,1.2163306,1.5630062,0.39332289,1.0,1
ENSG00000170876,1.2153213,1.5630062,0.39268494,1.0,1
ENSG00000170876,1.2188076,1.5630062,0.39381087,1.0,1
ENSG00000130208,1.1372436,2.0516927,0.42829525,1.0,1
ENSG00000130208,1.1401724,2.0516927,0.42846546,1.0,1
ENSG00000131398,1.1544954,0.36921585,0.45986325,1.0,1
ENSG00000131398,1.1549419,0.36921585,0.46043575,1.0,1
ENSG00000131398,1.1550058,0.36921585,0.4602024,1.0,1
ENSG00000131398,1.1553398,0.36921585,0.46018448,1.0,1
ENSG00000131398,1.1557461,0.36921585,0.45997903,0.39512196,1
ENSG00000198189,1.2102224,1.7759016,0.40405816,1.0,1
ENSG00000121749,1.185131,1.57841,0.4062428,1.0,1
ENSG00000121749,1.1835315,1.57841,0.40824336,0.0,1
ENSG00000121749,1.1836073,1.57841,0.40638557,0.0064102565,1
ENSG00000121749,1.1829125,1.57841,0.40727797,0.9831731,1
ENSG00000121749,1.1837167,1.57841,0.40480888,0.058092948,1
ENSG00000112079,1.20741,1.2352759,0.40213636,1.0,1
ENSG00000168517,1.1963655,0.053078443,0.44811884,1.0,1
ENSG00000163507,1.1922466,1.3386557,0.4169213,1.0,1
ENSG00000163507,1.1878783,1.3386557,0.416404,1.0,1
ENSG00000162430,1.1472822,0.75739604,0.43794534,1.0,1
ENSG00000164404,1.1975616,-0.1426675,0.44362068,1.0,1
ENSG00000164404,1.1936089,-0.1426675,0.4430754,1.0,1
ENSG00000101384,1.1280063,-0.7447275,0.44218153,1.0,1
ENSG00000101384,1.1303169,-0.7447275,0.43967184,1.0,1
ENSG00000101384,1.1283689,-0.7447275,0.43617076,1.0,1
ENSG00000101384,1.1282121,-0.7447275,0.4412743,1.0,1
ENSG00000101384,1.1328889,-0.7447275,0.43857867,1.0,1
ENSG00000101384,1.1323286,-0.7447275,0.44071212,1.0,1
ENSG00000114902,1.1800646,1.7300551,0.41752735,1.0,1
ENSG00000114902,1.1756178,1.7300551,0.4183329,1.0,1
ENSG00000172339,1.1894261,0.36921585,0.42653662,1.0,1
ENSG00000146414,1.2058133,1.2792106,0.42484248,1.0,1
ENSG00000146414,1.2044166,1.2792106,0.42484626,1.0,1
ENSG00000171148,1.2143482,1.6979264,0.40355286,1.0,1
ENSG00000171148,1.2133721,1.6979264,0.40291524,1.0,1
ENSG00000101413,1.2035974,1.4312029,0.41796443,1.0,1
ENSG00000134248,1.2185512,2.6253228,0.40733752,1.0,1
ENSG00000134248,1.219147,2.6253228,0.4076521,1.0,1
ENSG00000134248,1.2185633,2.6253228,0.40813574,0.014705529,1
ENSG00000164934,1.1969732,2.0122888,0.4174118,1.0,1
ENSG00000186792,1.1812675,0.6928469,0.44580266,0.97359735,1
ENSG00000147124,1.1457686,0.66745293,0.45706147,1.0,1
ENSG00000141384,1.1847111,1.1658376,0.42393124,1.0,1
ENSG00000160691,1.1885642,1.7640266,0.4245527,1.0,1
ENSG00000103599,1.184902,0.40140054,0.4194365,1.0,1
ENSG00000181035,1.1991183,1.1592664,0.41286105,1.0,1
ENSG00000181035,1.1982945,1.1592664,0.41428638,1.0,1
ENSG00000120370,1.1840059,1.0394142,0.43151337,1.0,1
ENSG00000120370,1.1942807,1.0394142,0.4293191,1.0,1
ENSG00000120370,1.1942807,1.0394142,0.4293191,1.0,1
ENSG00000067955,1.2162262,1.5532761,0.39412802,1.0,1
ENSG00000067955,1.215889,1.5532761,0.39343116,0.98945314,1
ENSG00000145388,1.1803282,1.2935835,0.41350576,1.0,1
ENSG00000145388,1.1870173,1.2935835,0.41379455,1.0,1
ENSG00000090487,1.1987897,1.6517625,0.41286525,1.0,1
ENSG00000090487,1.1974353,1.6517625,0.4137688,1.0,1
ENSG00000090487,1.1973119,1.6517625,0.4132592,0.9887962,1
ENSG00000240053,1.1116215,1.162863,0.45127508,1.0,1
ENSG00000132256,1.1834142,1.114611,0.42933077,1.0,1
ENSG00000132256,1.18447,1.114611,0.42826787,0.85528755,1
ENSG00000136932,1.1870052,1.0809871,0.43729997,1.0,1
ENSG00000136932,1.1892462,1.0809871,0.4366828,0.5799595,1
ENSG00000156510,1.0976483,-0.88605666,0.45465025,1.0,1
ENSG00000156510,1.0978689,-0.88605666,0.4537708,1.0,1
ENSG00000103994,1.1776108,1.3868555,0.43639213,1.0,1
ENSG00000103994,1.1743796,1.3868555,0.43673387,1.0,1
ENSG00000057019,1.164919,0.9365137,0.42304406,1.0,1
ENSG00000057019,1.1687975,0.9365137,0.42271796,0.082601056,1
ENSG00000137492,1.157,1.8055688,0.45521218,1.0,1
ENSG00000137492,1.1545143,1.8055688,0.45458826,1.0,1
ENSG00000137492,1.1563426,1.8055688,0.45395592,1.0,1
ENSG00000165185,1.1676313,0.9740509,0.4555787,1.0,1
ENSG00000213983,1.1707602,1.8955883,0.4177386,1.0,1
ENSG00000213983,1.1703502,1.8955883,0.41610166,1.0,1
ENSG00000213983,1.1700891,1.8955883,0.41590783,0.69397044,1
ENSG00000044090,1.2045379,1.3767594,0.4161773,1.0,1
ENSG00000136450,1.2090377,2.4945998,0.40502137,1.0,1
ENSG00000136450,1.2090446,2.4945998,0.40478802,1.0,1
ENSG00000179943,1.1779959,0.54032946,0.43672535,1.0,1
ENSG00000179943,1.1758212,0.54032946,0.436153,0.17454545,1
ENSG00000128891,1.2092676,1.4581845,0.4203191,1.0,1
ENSG00000132205,1.1080898,-0.4685211,0.46744114,1.0,1
ENSG00000132205,1.1083349,-0.4685211,0.46805856,1.0,1
ENSG00000132205,1.1055182,-0.4685211,0.4686189,1.0,1
ENSG00000162738,1.1292697,0.53147894,0.4417284,1.0,1
ENSG00000028203,1.1918799,1.6555226,0.43115905,1.0,1
ENSG00000028203,1.1907579,1.6555226,0.4305622,0.8412138,1
ENSG00000028203,1.1927055,1.6555226,0.4298829,0.7894737,1
ENSG00000028203,1.1902272,1.6555226,0.43033758,0.948542,1
ENSG00000028203,1.193653,1.6555226,0.430482,0.35714287,1
ENSG00000028203,1.1904646,1.6555226,0.42975235,0.0,1
ENSG00000076924,1.2183822,1.3422252,0.41146353,1.0,1
ENSG00000010278,1.1117713,0.84633714,0.4156599,1.0,1
ENSG00000010278,1.1106523,0.84633714,0.41471502,0.14880952,1
ENSG00000204463,1.2115605,2.0528092,0.3725807,1.0,1
ENSG00000204463,1.210634,2.0528092,0.3725796,0.49851248,1
ENSG00000204463,1.2119147,2.0528092,0.37233806,0.9256279,1
ENSG00000050327,1.0950047,-0.55284196,0.46705204,1.0,1
ENSG00000050327,1.0916322,-0.55284196,0.466279,1.0,1
ENSG00000096401,1.209217,1.3180634,0.40561253,1.0,1
ENSG00000163933,1.1728392,1.2052044,0.43065003,1.0,1
ENSG00000036672,1.1566432,0.5453071,0.4315758,1.0,1
ENSG00000036672,1.1567769,0.5453071,0.43169037,1.0,1
ENSG00000036672,1.15633,0.5453071,0.43175697,1.0,1
ENSG00000181222,1.202942,0.9479236,0.41155618,1.0,1
ENSG00000162591,1.132268,-0.7447275,0.44526786,1.0,1
ENSG00000134283,1.1812025,1.9033071,0.41900495,1.0,1
ENSG00000134283,1.1798687,1.9033071,0.41996405,1.0,1
ENSG00000134283,1.1811572,1.9033071,0.42095748,0.14871553,1
ENSG00000134283,1.1799659,1.9033071,0.41987437,0.57435775,1
ENSG00000134283,1.1829215,1.9033071,0.41980773,0.03582371,1
ENSG00000134283,1.1810018,1.9033071,0.42041144,0.97013485,1
ENSG00000150756,1.2029625,1.4962375,0.39942977,1.0,1
ENSG00000150756,1.2029625,1.4962375,0.39942977,1.0,1
ENSG00000150756,1.209421,1.4962375,0.4007979,1.0,1
ENSG00000150756,1.2081416,1.4962375,0.40105084,1.0,1
ENSG00000150756,1.2082998,1.4962375,0.40126818,0.70945615,1
ENSG00000150756,1.2090533,1.4962375,0.399485,0.47476727,1
ENSG00000139517,1.1335173,0.48995847,0.44588366,1.0,1
ENSG00000188859,1.1268206,-0.55284196,0.45618367,1.0,1
ENSG00000146411,1.106633,0.11058971,0.46611717,1.0,1
ENSG00000035141,1.1718249,1.8196098,0.4430969,1.0,1
ENSG00000035141,1.1708214,1.8196098,0.4432142,1.0,1
ENSG00000035141,1.1710333,1.8196098,0.44234866,0.0066541545,1
ENSG00000173264,1.2070073,0.8363241,0.42145684,1.0,1
ENSG00000173264,1.2070073,0.8363241,0.42145684,1.0,1
ENSG00000173264,1.2070073,0.8363241,0.42145684,1.0,1
ENSG00000173264,1.2076888,0.8363241,0.42094043,1.0,1
ENSG00000173264,1.2070719,0.8363241,0.4213196,0.7809524,1
ENSG00000173264,1.2069994,0.8363241,0.42120805,0.8428571,1
ENSG00000163156,1.2085445,1.198107,0.40090334,1.0,1
ENSG00000184083,1.1665975,0.25767857,0.44023696,1.0,1
ENSG00000184708,1.1687717,1.0951693,0.42815325,0.012254902,1
ENSG00000100697,1.1689119,1.1858253,0.43794844,1.0,1
ENSG00000100697,1.1743981,1.1858253,0.4403444,1.0,1
ENSG00000100697,1.1716632,1.1858253,0.44003153,0.99874216,1
ENSG00000100697,1.1732942,1.1858253,0.44117215,0.061340943,1
ENSG00000100697,1.1670634,1.1858253,0.44044307,0.01997147,1
ENSG00000117362,1.2221591,1.9643539,0.40058038,1.0,1
ENSG00000117362,1.2219963,1.9643539,0.40074787,0.9988132,1
ENSG00000117362,1.2211615,1.9643539,0.40083042,0.98787576,1
ENSG00000080603,1.1889344,0.5378191,0.4295667,1.0,1
ENSG00000080603,1.1919956,0.5378191,0.42991474,1.0,1
ENSG00000080603,1.1903089,0.5378191,0.42918974,1.0,1
ENSG00000080603,1.1895403,0.5378191,0.42921022,0.8369565,1
ENSG00000064666,1.1947035,1.5922878,0.41770777,1.0,1
ENSG00000064666,1.1947035,1.5922878,0.41770777,1.0,1
ENSG00000064666,1.1943405,1.5922878,0.41748723,0.99647164,1
ENSG00000163463,1.2283223,2.086075,0.39867905,1.0,1
ENSG00000163463,1.2282367,2.086075,0.39802578,1.0,1
ENSG00000163463,1.2276986,2.086075,0.39801168,1.0,1
ENSG00000102103,1.2209448,1.7841178,0.40545395,1.0,1
ENSG00000102103,1.2221047,1.7841178,0.40533322,1.0,1
ENSG00000085998,1.2190813,1.5644293,0.40596354,1.0,1
ENSG00000085998,1.219947,1.5644293,0.4051295,0.98061043,1
ENSG00000198176,1.1383691,1.822495,0.42356044,1.0,1
ENSG00000198176,1.1379322,1.822495,0.42244267,0.93762,1
ENSG00000175854,1.2307063,2.0201125,0.39574543,1.0,1
ENSG00000175854,1.23317,2.0201125,0.3958352,1.0,1
ENSG00000010626,1.1549319,0.7671559,0.4376815,1.0,1
ENSG00000010626,1.1545341,0.7671559,0.43619472,1.0,1
ENSG00000104818,1.1061064,-0.7212464,0.44803852,1.0,1
ENSG00000104818,1.1055619,-0.7212464,0.44809446,1.0,1
ENSG00000093010,1.2102603,2.4356375,0.3829925,1.0,1
ENSG00000093010,1.209852,2.4356375,0.38283134,1.0,1
ENSG00000154957,1.1492395,0.63548374,0.45141664,1.0,1
ENSG00000154957,1.1521733,0.63548374,0.45368674,1.0,1
ENSG00000100605,1.159867,1.3767594,0.42694828,1.0,1
ENSG00000100605,1.1601363,1.3767594,0.42648757,0.96391153,1
ENSG00000148356,1.2053167,0.6324573,0.40332294,1.0,1
ENSG00000148356,1.2059492,0.6324573,0.4036296,1.0,1
ENSG00000148356,1.2059087,0.6324573,0.4032171,0.9933775,1
ENSG00000138375,1.1771373,1.349666,0.42445734,1.0,1
ENSG00000138375,1.179872,1.349666,0.42513022,0.94951236,1
ENSG00000125945,1.1707168,0.8494194,0.41104928,1.0,1
ENSG00000010803,1.179416,1.4431064,0.42514935,1.0,1
ENSG00000010803,1.1794442,1.4431064,0.4226695,1.0,1
ENSG00000010803,1.1795897,1.4431064,0.4240499,1.0,1
ENSG00000010803,1.1788089,1.4431064,0.42497954,1.0,1
ENSG00000010803,1.1788089,1.4431064,0.42497954,1.0,1
ENSG00000010803,1.1779367,1.4431064,0.42464754,1.0,1
ENSG00000010803,1.17808,1.4431064,0.42447048,1.0,1
ENSG00000010803,1.178547,1.4431064,0.42422152,0.56201047,1
ENSG00000010803,1.1796582,1.4431064,0.4237079,0.767624,1
ENSG00000010803,1.1779162,1.4431064,0.42495662,0.2798742,1
ENSG00000171208,1.1549505,1.3787612,0.43196544,1.0,1
ENSG00000171208,1.154637,1.3787612,0.4332462,1.0,1
ENSG00000171208,1.1541374,1.3787612,0.4314629,1.0,1
ENSG00000171208,1.1503152,1.3787612,0.43248263,1.0,1
ENSG00000124067,1.1892895,1.4531654,0.42134342,1.0,1
ENSG00000124067,1.1898772,1.4531654,0.42138034,1.0,1
ENSG00000124067,1.19178,1.4531654,0.42175436,1.0,1
ENSG00000124067,1.1905566,1.4531654,0.42199105,0.08283518,1
ENSG00000124067,1.19178,1.4531654,0.42175436,0.76568264,1
ENSG00000155755,1.1493365,1.154424,0.42468494,1.0,1
ENSG00000155755,1.1518074,1.154424,0.42483976,1.0,1
ENSG00000155755,1.1494166,1.154424,0.42538622,1.0,1
ENSG00000155755,1.1528054,1.154424,0.4213443,1.0,1
ENSG00000155755,1.1493075,1.154424,0.4281893,1.0,1
ENSG00000155755,1.1512607,1.154424,0.4248045,1.0,1
ENSG00000176208,1.177672,1.2027607,0.42816707,1.0,1
ENSG00000172239,1.2057568,2.1279466,0.41217285,1.0,1
ENSG00000128581,1.1665094,0.72997427,0.41879368,1.0,1
ENSG00000128581,1.1664,0.72997427,0.4188748,0.87015945,1
ENSG00000128581,1.1666795,0.72997427,0.41918164,0.8967136,1
ENSG00000128581,1.1669164,0.72997427,0.4191501,0.0,1
ENSG00000028116,1.2114815,1.4935975,0.40673736,1.0,1
ENSG00000028116,1.2098719,1.4935975,0.40673167,1.0,1
ENSG00000028116,1.2078769,1.4935975,0.40590817,1.0,1
ENSG00000028116,1.2096438,1.4935975,0.40544763,1.0,1
ENSG00000028116,1.2057225,1.4935975,0.40561405,0.0,1
ENSG00000028116,1.2096125,1.4935975,0.40552393,0.0,1
ENSG00000028116,1.2077793,1.4935975,0.40597787,0.06367535,1
ENSG00000028116,1.204416,1.4935975,0.4043057,0.88485646,1
ENSG00000028116,1.2121367,1.4935975,0.406564,0.045859452,1
ENSG00000103490,1.1125054,1.1826999,0.45198548,0.43558952,1
ENSG00000100934,1.1552781,1.5670264,0.4266829,1.0,1
ENSG00000100934,1.1497732,1.5670264,0.43015388,0.6999506,1
ENSG00000166529,1.173703,0.9609462,0.45017704,1.0,1
ENSG00000166529,1.1747333,0.9609462,0.44922477,0.09701493,1
ENSG00000088930,1.2044369,1.6702459,0.41366532,1.0,1
ENSG00000088930,1.2004524,1.6702459,0.40983102,1.0,1
ENSG00000088930,1.2050396,1.6702459,0.40967786,1.0,1
ENSG00000164309,1.0976229,-0.4089354,0.48155415,1.0,1
ENSG00000164309,1.0999318,-0.4089354,0.48063084,1.0,1
ENSG00000087995,1.1644689,1.41397,0.42183653,1.0,1
ENSG00000087995,1.1656277,1.41397,0.4205728,0.8200837,1
ENSG00000101882,1.1503388,0.6848454,0.4289795,1.0,1
ENSG00000101882,1.1506561,0.6848454,0.4288667,1.0,1
ENSG00000215717,1.2280506,1.3149201,0.37341842,1.0,1
ENSG00000188938,1.1574575,1.4747988,0.44116762,1.0,1
ENSG00000188938,1.1574794,1.4747988,0.43953565,0.40563276,1
ENSG00000057608,1.2116829,2.2882044,0.40672874,1.0,1
ENSG00000057608,1.2092904,2.2882044,0.40499505,1.0,1
ENSG00000057608,1.2126392,2.2882044,0.40642694,0.9171791,1
ENSG00000164070,1.1825113,1.0178677,0.41478324,1.0,1
ENSG00000164070,1.1774375,1.0178677,0.4159004,0.9844961,1
ENSG00000108518,1.1885089,2.566685,0.4227615,1.0,1
ENSG00000175764,1.1151428,0.28103337,0.45595816,1.0,1
ENSG00000175764,1.1173022,0.28103337,0.46001717,0.39759037,1
ENSG00000020633,1.0894464,-0.92081875,0.46004894,1.0,1
ENSG00000169359,1.1950661,1.3277675,0.42097005,1.0,1
ENSG00000163807,1.2025918,1.4502491,0.41705552,1.0,1
ENSG00000164182,1.1859471,1.6754117,0.4157726,1.0,1
ENSG00000164182,1.182005,1.6754117,0.41602662,1.0,1
ENSG00000164182,1.182005,1.6754117,0.41602662,0.94950426,1
ENSG00000117560,1.1044232,-0.92081875,0.45392293,1.0,1
ENSG00000197142,1.116528,-0.04575749,0.439212,1.0,1
ENSG00000149922,1.1837895,-0.69897,0.42717922,1.0,1
ENSG00000166321,1.1892515,0.93298084,0.41752806,1.0,1
ENSG00000166321,1.1892515,0.93298084,0.41752806,1.0,1
ENSG00000166321,1.189349,0.93298084,0.41774783,1.0,1
ENSG00000166321,1.1889249,0.93298084,0.41881666,1.0,1
ENSG00000166321,1.1898276,0.93298084,0.41890875,1.0,1
ENSG00000166321,1.1898276,0.93298084,0.41890875,1.0,1
ENSG00000166321,1.1885176,0.93298084,0.41933534,1.0,1
ENSG00000166321,1.1904317,0.93298084,0.41989952,1.0,1
ENSG00000166321,1.1881231,0.93298084,0.4180437,1.0,1
ENSG00000141027,1.1735852,1.6990569,0.42887008,1.0,1
ENSG00000141027,1.1765559,1.6990569,0.42839444,1.0,1
ENSG00000141027,1.1765969,1.6990569,0.4273712,1.0,1
ENSG00000141027,1.1753235,1.6990569,0.4269628,1.0,1
ENSG00000141027,1.176953,1.6990569,0.42682713,0.33444816,1
ENSG00000141027,1.1760556,1.6990569,0.4262588,0.25744125,1
ENSG00000141027,1.1800514,1.6990569,0.4285231,0.29598445,1
ENSG00000158711,1.175501,0.9444827,0.43692443,1.0,1
ENSG00000158711,1.1807673,0.9444827,0.43668777,1.0,1
ENSG00000158711,1.1784897,0.9444827,0.43705973,1.0,1
ENSG00000159479,1.2239116,1.3298045,0.4012735,1.0,1
ENSG00000159479,1.2226043,1.3298045,0.4011082,1.0,1
ENSG00000159479,1.2223707,1.3298045,0.4006732,1.0,1
ENSG00000187796,1.1735172,1.1775365,0.43117386,1.0,1
ENSG00000187796,1.171708,1.1775365,0.43080264,1.0,1
ENSG00000170324,1.1078146,0.07918125,0.44742504,1.0,1
ENSG00000139613,1.1834043,1.6319509,0.4280144,1.0,1
ENSG00000139613,1.1812772,1.6319509,0.4274097,0.9620438,1
ENSG00000139613,1.1811738,1.6319509,0.427682,0.35400516,1
ENSG00000111319,1.0955696,-0.61978877,0.45293188,1.0,1
ENSG00000111319,1.0963877,-0.61978877,0.4540495,1.0,1
ENSG00000111319,1.0956653,-0.61978877,0.45304567,1.0,1
ENSG00000114812,1.1384219,-0.61978877,0.42402643,1.0,1
ENSG00000198952,1.1947477,1.5755342,0.41723,1.0,1
ENSG00000198952,1.1941755,1.5755342,0.41770285,1.0,1
ENSG00000198952,1.1951174,1.5755342,0.4174398,1.0,1
ENSG00000156535,1.1120383,-0.88605666,0.4479221,1.0,1
ENSG00000133321,1.1173968,-0.30980393,0.43603554,1.0,1
ENSG00000133321,1.1182153,-0.30980393,0.43701038,1.0,1
ENSG00000130304,1.182738,0.1172713,0.43470713,1.0,1
ENSG00000122483,1.2246233,1.2400497,0.42218134,1.0,1
ENSG00000122483,1.2224427,1.2400497,0.42290372,1.0,1
ENSG00000172057,1.1769233,1.5855736,0.42281052,1.0,1
ENSG00000205236,1.1128412,-0.7212464,0.43975028,1.0,1
ENSG00000086061,1.1748902,2.1338582,0.42249033,1.0,1
ENSG00000086061,1.1757158,2.1338582,0.42209628,1.0,1
ENSG00000086061,1.1753991,2.1338582,0.42282254,1.0,1
ENSG00000047315,1.1892697,2.1932638,0.41536152,1.0,1
ENSG00000047315,1.1944062,2.1932638,0.41412386,1.0,1
ENSG00000047315,1.1911815,2.1932638,0.41359076,1.0,1
ENSG00000047315,1.1919152,2.1932638,0.41395175,1.0,1
ENSG00000047315,1.192372,2.1932638,0.41561583,1.0,1
ENSG00000047315,1.1935974,2.1932638,0.41444454,1.0,1
ENSG00000047315,1.1889447,2.1932638,0.41600493,0.0,1
ENSG00000047315,1.1923355,2.1932638,0.41404516,0.7831654,1
ENSG00000137103,1.1399721,0.2966652,0.44077146,1.0,1
ENSG00000137103,1.143736,0.2966652,0.4401644,1.0,1
ENSG00000137103,1.142486,0.2966652,0.4400316,1.0,1
ENSG00000137103,1.1435717,0.2966652,0.4396497,1.0,1
ENSG00000137103,1.142248,0.2966652,0.43997476,1.0,1
ENSG00000100403,1.1584095,1.2482185,0.4309282,1.0,1
ENSG00000101596,1.2011489,1.746712,0.3996585,1.0,1
ENSG00000101596,1.1974769,1.746712,0.40130445,1.0,1
ENSG00000101596,1.1991998,1.746712,0.40205473,1.0,1
ENSG00000101596,1.1990532,1.746712,0.40041623,1.0,1
ENSG00000101596,1.1962807,1.746712,0.40001625,0.021551725,1
ENSG00000101596,1.1961669,1.746712,0.40162924,0.021551725,1
ENSG00000101596,1.2005216,1.746712,0.4004135,0.021551725,1
ENSG00000065308,1.1762022,0.81291336,0.42572507,1.0,1
ENSG00000156384,1.1550903,0.69810057,0.43425176,1.0,1
ENSG00000067064,1.1904684,2.28416,0.41318485,1.0,1
ENSG00000067064,1.1867557,2.28416,0.41268706,1.0,1
ENSG00000067064,1.1898555,2.28416,0.41260806,1.0,1
ENSG00000067064,1.1867629,2.28416,0.4126173,0.8615303,1
ENSG00000126562,1.1943846,0.7176705,0.4270548,1.0,1
ENSG00000126562,1.1957382,0.7176705,0.4272891,1.0,1
ENSG00000126562,1.1943513,0.7176705,0.42735335,1.0,1
ENSG00000119514,1.1318854,1.8222989,0.4680138,1.0,1
ENSG00000204634,1.1097244,-0.0043648053,0.453311,1.0,1
ENSG00000117139,1.166799,1.7192484,0.43757206,1.0,1
ENSG00000100890,1.1772262,1.4496326,0.43073177,1.0,1
ENSG00000100890,1.1772262,1.4496326,0.43073177,1.0,1
ENSG00000100890,1.1758946,1.4496326,0.42881975,1.0,1
ENSG00000100890,1.1780287,1.4496326,0.43460053,1.0,1
ENSG00000100890,1.1773416,1.4496326,0.42830116,0.8326289,1
ENSG00000120899,1.1666166,1.3609719,0.42075697,1.0,1
ENSG00000120899,1.1650563,1.3609719,0.42084092,1.0,1
ENSG00000120899,1.1645732,1.3609719,0.41956845,0.8305933,1
ENSG00000091483,1.2011945,2.214897,0.42449299,1.0,1
ENSG00000091483,1.2035426,2.214897,0.4259834,1.0,1
ENSG00000091483,1.1988667,2.214897,0.4249914,1.0,1
ENSG00000011052,1.2100075,1.0437552,0.39523476,1.0,1
ENSG00000011052,1.2057025,1.0437552,0.39293534,1.0,1
ENSG00000011052,1.2050922,1.0437552,0.3913617,0.0,1
ENSG00000076984,1.2111866,1.0831442,0.39778653,1.0,1
ENSG00000076984,1.2116402,1.0831442,0.39776593,1.0,1
ENSG00000076984,1.219004,1.0831442,0.39796022,0.726087,1
ENSG00000076984,1.2157565,1.0831442,0.39819565,0.06877729,1
ENSG00000166949,1.1778105,1.1658376,0.42239076,1.0,1
ENSG00000166949,1.1778105,1.1658376,0.42239076,1.0,1
ENSG00000166949,1.1777682,1.1658376,0.4217726,1.0,1
ENSG00000166949,1.1772379,1.1658376,0.42185047,1.0,1
ENSG00000166949,1.1772776,1.1658376,0.42235368,1.0,1
ENSG00000166949,1.1774745,1.1658376,0.42149648,1.0,1
ENSG00000160284,1.179294,1.06032,0.43824354,1.0,1
ENSG00000160284,1.1776322,1.06032,0.43960088,0.02282704,1
ENSG00000103479,1.1804698,1.8020892,0.41996923,1.0,1
ENSG00000103479,1.1796004,1.8020892,0.4197457,0.47381485,1
ENSG00000140395,1.2179435,2.1770167,0.39233693,1.0,1
ENSG00000140395,1.2166424,2.1770167,0.3924063,1.0,1
ENSG00000140395,1.2169453,2.1770167,0.39157334,1.0,1
ENSG00000140395,1.2177995,2.1770167,0.39158723,1.0,1
ENSG00000140395,1.2179472,2.1770167,0.39230815,1.0,1
ENSG00000140395,1.216186,2.1770167,0.39170623,1.0,1
ENSG00000140395,1.2177923,2.1770167,0.3917257,1.0,1
ENSG00000140395,1.2186896,2.1770167,0.39171958,1.0,1
ENSG00000140395,1.2174741,2.1770167,0.39218313,1.0,1
ENSG00000140395,1.2162274,2.1770167,0.3920087,1.0,1
ENSG00000117713,1.1806977,1.198657,0.43625474,1.0,1
ENSG00000117713,1.1789984,1.198657,0.4369796,1.0,1
ENSG00000146109,1.1900414,1.5653754,0.4323851,1.0,1
ENSG00000035499,1.1943864,1.7120601,0.4146809,1.0,1
ENSG00000035499,1.1962584,1.7120601,0.41547582,0.7638972,1
ENSG00000035499,1.1983153,1.7120601,0.4117804,0.014558332,1
ENSG00000035499,1.1982261,1.7120601,0.4132842,0.0019924287,1
ENSG00000114554,1.1067206,1.5731038,0.47968662,1.0,1
ENSG00000114554,1.1031377,1.5731038,0.47799698,1.0,1
ENSG00000139629,1.1245245,0.7937904,0.4524632,1.0,1
ENSG00000139629,1.1270455,0.7937904,0.45246544,1.0,1
ENSG00000139629,1.1266923,0.7937904,0.4510224,0.89329267,1
ENSG00000184232,1.1294416,0.7909885,0.4445929,1.0,1
ENSG00000184232,1.1311272,0.7909885,0.44397372,1.0,1
ENSG00000096654,1.1840214,1.0017337,0.44030783,1.0,1
ENSG00000067182,1.1743617,1.351603,0.42628688,1.0,1
ENSG00000067182,1.1756495,1.351603,0.42650345,0.9922929,1
ENSG00000067182,1.1748759,1.351603,0.42689878,0.99613154,1
ENSG00000141428,1.2017307,1.6324573,0.41527784,1.0,1
ENSG00000141428,1.2017307,1.6324573,0.41527784,1.0,1
ENSG00000141428,1.2045913,1.6324573,0.414283,1.0,1
ENSG00000131148,1.2059398,1.5896145,0.41176575,1.0,1
ENSG00000131148,1.20356,1.5896145,0.41137657,0.9720955,1
ENSG00000090932,1.1123744,0.27184162,0.46939316,1.0,1
ENSG00000007168,1.159633,1.6084191,0.41795793,1.0,1
ENSG00000007168,1.163411,1.6084191,0.41582,1.0,1
ENSG00000146757,1.1760226,0.9479236,0.4462316,0.8916914,1
ENSG00000146757,1.1807781,0.9479236,0.44702938,0.058064517,1
ENSG00000146757,1.1723047,0.9479236,0.4464387,0.33333334,1
ENSG00000146757,1.1689796,0.9479236,0.44663626,0.9852459,1
ENSG00000114790,1.1472963,-0.92081875,0.44087204,1.0,1
ENSG00000107164,1.2147447,1.4774107,0.39788592,1.0,1
ENSG00000107164,1.2164797,1.4774107,0.3985364,1.0,1
ENSG00000107164,1.2154299,1.4774107,0.39795092,1.0,1
ENSG00000107164,1.214748,1.4774107,0.3986105,1.0,1
ENSG00000168610,1.210229,1.913284,0.40248105,1.0,1
ENSG00000168610,1.2091296,1.913284,0.40242782,1.0,1
ENSG00000168610,1.2108281,1.913284,0.40245625,1.0,1
ENSG00000168610,1.2102813,1.913284,0.40212256,1.0,1
ENSG00000168610,1.2124064,1.913284,0.40173626,0.99242425,1
ENSG00000168610,1.2112964,1.913284,0.40166077,0.99973714,1
ENSG00000162642,1.165409,1.4671639,0.44438943,1.0,1
ENSG00000162642,1.1629456,1.4671639,0.44343895,0.4226557,1
ENSG00000181523,1.1359206,0.45178643,0.44925374,1.0,1
ENSG00000181523,1.1367778,0.45178643,0.4482036,0.5828877,1
ENSG00000095564,1.1789829,1.7922516,0.41852832,1.0,1
ENSG00000095564,1.1794093,1.7922516,0.42107376,1.0,1
ENSG00000095564,1.1783159,1.7922516,0.4209822,1.0,1
ENSG00000164896,1.2118095,1.6710802,0.41438445,1.0,1
ENSG00000164896,1.2110924,1.6710802,0.4149312,0.99103945,1
ENSG00000117877,1.1688555,0.8530895,0.44319186,1.0,1
ENSG00000101199,1.1777998,1.7181695,0.41594663,1.0,1
ENSG00000101199,1.1746961,1.7181695,0.41451812,0.99250466,1
ENSG00000101199,1.1748315,1.7181695,0.41582057,0.9529221,1
ENSG00000101199,1.1783499,1.7181695,0.41600806,0.011111111,1
ENSG00000101199,1.1736797,1.7181695,0.41522703,0.012964054,1
ENSG00000134970,1.1868554,1.4878451,0.42446342,1.0,1
ENSG00000088356,1.1868317,1.3184807,0.39810103,1.0,1
ENSG00000088356,1.1894609,1.3184807,0.39920005,1.0,1
ENSG00000088356,1.1884701,1.3184807,0.3986584,1.0,1
ENSG00000168894,1.2357324,2.50737,0.38971227,1.0,1
ENSG00000169682,1.1874229,1.11294,0.43065083,1.0,1
ENSG00000169682,1.1869651,1.11294,0.43092525,1.0,1
ENSG00000169682,1.1855279,1.11294,0.43016598,0.92849404,1
ENSG00000008394,1.1475853,1.8624295,0.42908236,1.0,1
ENSG00000008394,1.1346081,1.8624295,0.4338558,0.9928535,1
ENSG00000008394,1.1463217,1.8624295,0.43108895,0.002157756,1
ENSG00000101132,1.21975,1.6816934,0.3914408,1.0,1
ENSG00000101132,1.2213637,1.6816934,0.39226347,1.0,1
ENSG00000181135,1.1584765,0.5352941,0.45192966,1.0,1
ENSG00000167657,1.154152,1.326131,0.4467969,1.0,1
ENSG00000185344,1.1891162,1.8576943,0.41232368,1.0,1
ENSG00000185344,1.1887338,1.8576943,0.4129586,1.0,1
ENSG00000166268,1.1187385,-0.9586073,0.4366618,1.0,1
ENSG00000164010,1.2063396,1.2005769,0.4103814,1.0,1
ENSG00000239713,1.1086737,0.8893017,0.44412166,1.0,1
ENSG00000239713,1.1086737,0.8893017,0.44412166,1.0,1
ENSG00000239713,1.1088157,0.8893017,0.4443416,1.0,1
ENSG00000239713,1.1116873,0.8893017,0.44498312,1.0,1
ENSG00000239713,1.1098459,0.8893017,0.44430217,1.0,1
ENSG00000239713,1.1115448,0.8893017,0.44453725,0.94387,1
ENSG00000151208,1.1548892,0.91698,0.45163956,1.0,1
ENSG00000151208,1.1555344,0.91698,0.45163438,0.5102362,1
ENSG00000151208,1.1535753,0.91698,0.45299864,0.037037037,1
ENSG00000072135,1.2150782,1.6394864,0.4000425,1.0,1
ENSG00000072135,1.2140253,1.6394864,0.3982157,1.0,1
ENSG00000072135,1.2134256,1.6394864,0.39872563,1.0,1
ENSG00000155368,1.1910249,2.0240338,0.40599254,1.0,1
ENSG00000155368,1.1894921,2.0240338,0.40436873,0.00058468134,1
ENSG00000155368,1.191067,2.0240338,0.40607288,0.004561778,1
ENSG00000155368,1.1914066,2.0240338,0.40610996,0.0,1
ENSG00000174928,1.1638161,0.71180725,0.43723896,1.0,1
ENSG00000186994,1.121386,-0.79588,0.46485645,1.0,1
ENSG00000229809,1.1955692,0.27184162,0.4319923,1.0,1
ENSG00000229809,1.197535,0.27184162,0.4317082,1.0,1
ENSG00000100209,1.1929127,0.91698,0.41032892,1.0,1
ENSG00000100209,1.1897343,0.91698,0.40956113,1.0,1
ENSG00000129315,1.1791614,1.5712428,0.41510525,1.0,1
ENSG00000129315,1.1788112,1.5712428,0.41598287,0.6581071,1
ENSG00000171953,1.1768783,0.9609462,0.41668817,1.0,1
ENSG00000171953,1.1764823,0.9609462,0.4161136,0.9010417,1
ENSG00000171953,1.1738118,0.9609462,0.41625726,0.87536234,1
ENSG00000137747,1.101141,-0.45593196,0.45307198,1.0,1
ENSG00000137747,1.1005948,-0.45593196,0.4526296,1.0,1
ENSG00000137747,1.1017584,-0.45593196,0.45280123,1.0,1
ENSG00000137747,1.1023067,-0.45593196,0.45220426,1.0,1
ENSG00000137747,1.1014229,-0.45593196,0.45182225,1.0,1
ENSG00000137747,1.101856,-0.45593196,0.45263135,1.0,1
ENSG00000137747,1.1012049,-0.45593196,0.45282996,1.0,1
ENSG00000137747,1.1015745,-0.45593196,0.4528363,1.0,1
ENSG00000137747,1.1029156,-0.45593196,0.45306024,1.0,1
ENSG00000137747,1.1029156,-0.45593196,0.45306024,1.0,1
ENSG00000137747,1.102612,-0.45593196,0.45273563,1.0,1
ENSG00000137747,1.102612,-0.45593196,0.45273563,1.0,1
ENSG00000163686,1.1304157,0.49968708,0.43187833,1.0,1
ENSG00000163686,1.1300477,0.49968708,0.4316059,0.4,1
ENSG00000100767,1.1065526,0.4593925,0.443188,1.0,1
ENSG00000100767,1.1040595,0.4593925,0.44140792,1.0,1
ENSG00000100767,1.1067224,0.4593925,0.44463077,1.0,1
ENSG00000100767,1.1078646,0.4593925,0.44577765,1.0,1
ENSG00000100767,1.1086503,0.4593925,0.44441092,1.0,1
ENSG00000100767,1.1068001,0.4593925,0.44399458,1.0,1
ENSG00000100767,1.1076931,0.4593925,0.443551,1.0,1
ENSG00000100767,1.1078815,0.4593925,0.4452481,0.0,1
ENSG00000100767,1.1062614,0.4593925,0.4462128,0.005988024,1
ENSG00000105248,1.2305129,1.0464952,0.40164584,1.0,1
ENSG00000147601,1.1572977,1.1625644,0.42298055,1.0,1
ENSG00000147601,1.1568915,1.1625644,0.4226188,0.3903846,1
ENSG00000174437,1.1952528,1.717504,0.42088354,1.0,1
ENSG00000174437,1.1989118,1.717504,0.42190444,1.0,1
ENSG00000174437,1.19802,1.717504,0.42068172,0.9757876,1
ENSG00000174437,1.198973,1.717504,0.42157665,0.039647575,1
ENSG00000101049,1.1271027,-0.26760623,0.42687735,1.0,1
ENSG00000101049,1.1278241,-0.26760623,0.42552018,1.0,1
ENSG00000129250,1.1751825,1.2489536,0.43238133,1.0,1
ENSG00000114796,1.1626186,1.1306554,0.4524473,1.0,1
ENSG00000114796,1.1603293,1.1306554,0.45332682,0.41439477,1
ENSG00000177791,1.120436,-0.79588,0.4415366,1.0,1
ENSG00000177791,1.1173228,-0.79588,0.44220498,1.0,1
ENSG00000177791,1.1177045,-0.79588,0.44226843,1.0,1
ENSG00000154174,1.1824213,1.5732198,0.4189243,1.0,1
ENSG00000154174,1.1799233,1.5732198,0.42018244,1.0,1
ENSG00000154174,1.1805779,1.5732198,0.42018652,1.0,1
ENSG00000154174,1.1795384,1.5732198,0.41778,1.0,1
ENSG00000154174,1.1809746,1.5732198,0.42072818,1.0,1
ENSG00000154174,1.1794993,1.5732198,0.41690212,1.0,1
ENSG00000154174,1.179778,1.5732198,0.4185796,1.0,1
ENSG00000154174,1.1797982,1.5732198,0.41674602,1.0,1
ENSG00000171747,1.1182953,-0.49485,0.42328867,1.0,1
ENSG00000171747,1.1160982,-0.49485,0.42396694,1.0,1
ENSG00000171747,1.118895,-0.49485,0.42369604,1.0,1
ENSG00000130638,1.1378899,2.1444185,0.4358614,1.0,1
ENSG00000130638,1.131514,2.1444185,0.432362,1.0,1
ENSG00000130638,1.1358818,2.1444185,0.43321103,0.9950372,1
ENSG00000115310,1.1809051,2.053578,0.44951394,1.0,1
ENSG00000115310,1.1801268,2.053578,0.44926515,0.42436975,1
ENSG00000115310,1.1822546,2.053578,0.44958583,0.1355094,1
ENSG00000172954,1.1762373,1.2013972,0.434783,0.022134388,1
ENSG00000172954,1.1780148,1.2013972,0.4334326,0.046831954,1
ENSG00000196943,1.1514336,0.94939,0.4461367,1.0,1
ENSG00000113073,1.1092564,-0.82390875,0.45077738,1.0,1
ENSG00000113073,1.1096355,-0.82390875,0.45036247,1.0,1
ENSG00000105835,1.1927637,1.8743658,0.41824678,1.0,1
ENSG00000105835,1.1932732,1.8743658,0.4179568,1.0,1
ENSG00000119729,1.1796633,1.2372923,0.41128072,1.0,1
ENSG00000119729,1.1824541,1.2372923,0.41180208,1.0,1
ENSG00000108733,1.1994003,0.95085144,0.43658265,1.0,1
ENSG00000104894,1.1505013,0.51587385,0.4182783,1.0,1
ENSG00000136938,1.2160255,2.042536,0.40142664,1.0,1
ENSG00000113712,1.2163068,2.1002326,0.39619005,1.0,1
ENSG00000113712,1.2131554,2.1002326,0.39604938,1.0,1
ENSG00000113712,1.2085476,2.1002326,0.39474484,1.0,1
ENSG00000070610,1.1585152,1.5948343,0.4384074,1.0,1
ENSG00000176946,1.1636163,1.3666097,0.44242975,1.0,1
ENSG00000176946,1.1635587,1.3666097,0.44388035,1.0,1
ENSG00000176946,1.1623375,1.3666097,0.44434282,1.0,1
ENSG00000135845,1.186154,1.6721903,0.45288658,1.0,1
ENSG00000197498,1.2048136,1.820858,0.39883664,1.0,1
ENSG00000197498,1.2082464,1.820858,0.39859754,0.7847279,1
ENSG00000125735,1.0947776,-0.43179828,0.45314425,1.0,1
ENSG00000163617,1.1372293,-0.3767507,0.43799242,1.0,1
ENSG00000136840,1.1616102,1.1238517,0.43983442,1.0,1
ENSG00000136840,1.160614,1.1238517,0.43958133,1.0,1
ENSG00000136840,1.162379,1.1238517,0.43948397,1.0,1
ENSG00000150773,1.1895621,0.350248,0.4180145,1.0,1
ENSG00000113812,1.1595093,1.1055102,0.43395492,1.0,1
ENSG00000166797,1.2194601,2.26238,0.39648828,1.0,1
ENSG00000166797,1.2194601,2.26238,0.39648828,1.0,1
ENSG00000166797,1.2197195,2.26238,0.39546186,0.51077485,1
ENSG00000125166,1.1795644,1.6043341,0.42233947,1.0,1
ENSG00000125166,1.1790367,1.6043341,0.42226014,1.0,1
ENSG00000119397,1.184383,1.32695,0.4286089,1.0,1
ENSG00000119397,1.1862198,1.32695,0.4285598,1.0,1
ENSG00000119397,1.1832035,1.32695,0.42866874,1.0,1
ENSG00000137871,1.1856663,1.1401937,0.4233811,1.0,1
ENSG00000137871,1.1913021,1.1401937,0.42363396,0.07751938,1
ENSG00000137871,1.1894563,1.1401937,0.42130876,0.11034483,1
ENSG00000137871,1.1900762,1.1401937,0.4233132,0.99752784,1
ENSG00000137871,1.1900834,1.1401937,0.42349973,0.9925926,1
ENSG00000140577,1.173055,1.09691,0.43141457,1.0,1
ENSG00000140577,1.1743699,1.09691,0.4321291,1.0,1
ENSG00000164823,1.1659147,1.2819419,0.43985575,1.0,1
ENSG00000153975,1.1446444,1.4631461,0.43767208,1.0,1
ENSG00000153975,1.1478075,1.4631461,0.43781203,1.0,1
ENSG00000153975,1.145311,1.4631461,0.4366385,1.0,1
ENSG00000100505,1.1136117,-0.88605666,0.4443145,1.0,1
ENSG00000148204,1.1038634,-0.55284196,0.47115365,1.0,1
ENSG00000141582,1.1699331,0.9344984,0.44485447,1.0,1
ENSG00000141582,1.1699382,0.9344984,0.44560185,1.0,1
ENSG00000141582,1.1694808,0.9344984,0.44534525,1.0,1
ENSG00000146592,1.1233877,-0.4089354,0.4411897,1.0,1
ENSG00000139626,1.0950834,0.029383779,0.4571738,1.0,1
ENSG00000102174,1.1085645,-0.92081875,0.4337683,1.0,1
ENSG00000102174,1.1134158,-0.92081875,0.43404242,1.0,1
ENSG00000105750,1.086023,0.21484385,0.450668,1.0,1
ENSG00000171604,1.1523925,1.5905075,0.45310658,1.0,1
ENSG00000171604,1.1523925,1.5905075,0.45310658,1.0,1
ENSG00000131446,1.1615323,1.5772619,0.4575427,1.0,1
ENSG00000164221,1.1565608,0.39967373,0.42787537,1.0,1
ENSG00000164221,1.1563824,0.39967373,0.42847833,1.0,1
ENSG00000164221,1.1595565,0.39967373,0.42694068,1.0,1
ENSG00000166200,1.2004021,1.8992184,0.40404594,1.0,1
ENSG00000143376,1.1566025,1.0273496,0.42589107,1.0,1
ENSG00000143376,1.1563793,1.0273496,0.42484415,1.0,1
ENSG00000080608,1.1854647,1.5010593,0.4151405,1.0,1
ENSG00000136240,1.1772331,2.0493731,0.42496884,1.0,1
ENSG00000136240,1.176313,2.0493731,0.42518398,1.0,1
ENSG00000136240,1.1754731,2.0493731,0.42459282,0.79676974,1
ENSG00000161202,1.1709538,1.2805784,0.43014082,1.0,1
ENSG00000166595,1.2158881,2.0856116,0.3994279,1.0,1
ENSG00000169592,1.2289922,1.2695129,0.39510518,1.0,1
ENSG00000169592,1.2285835,1.2695129,0.39493385,1.0,1
ENSG00000169592,1.2298012,1.2695129,0.39490172,0.79858655,1
ENSG00000169592,1.2289349,1.2695129,0.3948798,0.5403226,1
ENSG00000169592,1.2286249,1.2695129,0.39527252,0.71244633,1
ENSG00000111644,1.0957503,1.218798,0.45103326,1.0,1
ENSG00000129636,1.2225782,1.7702627,0.39984354,1.0,1
ENSG00000077585,1.1059945,-0.6777807,0.4487483,1.0,1
ENSG00000174705,1.1094202,-0.82390875,0.453827,1.0,1
ENSG00000204209,1.1958573,1.3378584,0.4301149,1.0,1
ENSG00000204209,1.1961124,1.3378584,0.43008974,1.0,1
ENSG00000204209,1.2005686,1.3378584,0.43146685,1.0,1
ENSG00000204209,1.2001872,1.3378584,0.4314413,1.0,1
ENSG00000116539,1.1946516,1.1436392,0.41890234,1.0,1
ENSG00000116539,1.1928015,1.1436392,0.41694325,1.0,1
ENSG00000115112,1.1378866,-0.45593196,0.43283665,1.0,1
ENSG00000124116,1.1761608,-0.88605666,0.42021325,1.0,1
ENSG00000124116,1.1759423,-0.88605666,0.41896415,1.0,1
ENSG00000096070,1.1779712,0.8444772,0.44415283,1.0,1
ENSG00000101266,1.2068688,1.993965,0.39762488,1.0,1
ENSG00000101266,1.2048763,1.993965,0.3978507,0.96609193,1
ENSG00000101266,1.2043138,1.993965,0.39820638,0.41293532,1
ENSG00000101266,1.20493,1.993965,0.39751846,0.8958333,1
ENSG00000041802,1.1947241,1.6168954,0.42041138,1.0,1
ENSG00000041802,1.1936932,1.6168954,0.42076582,1.0,1
ENSG00000198874,1.1737187,1.2221961,0.43549195,1.0,1
ENSG00000198874,1.1756816,1.2221961,0.4351149,1.0,1
ENSG00000198874,1.1761333,1.2221961,0.43553555,0.9456119,1
ENSG00000250264,1.1666018,-0.4089354,0.4362374,1.0,1
ENSG00000204628,1.2505999,3.5796716,0.3964937,1.0,1
ENSG00000204628,1.2510248,3.5796716,0.39697623,1.0,1
ENSG00000119772,1.1179509,0.5693739,0.45416182,1.0,1
ENSG00000119772,1.11818,0.5693739,0.4521328,1.0,1
ENSG00000119772,1.1155332,0.5693739,0.45208898,0.01438849,1
ENSG00000085231,1.2213521,1.9846623,0.3984448,1.0,1
ENSG00000085231,1.2188808,1.9846623,0.4005246,1.0,1
ENSG00000085231,1.2157357,1.9846623,0.39821002,1.0,1
ENSG00000188211,1.1203481,1.2657609,0.45789266,1.0,1
ENSG00000188211,1.1201924,1.2657609,0.4579899,1.0,1
ENSG00000174953,1.1931186,1.852602,0.4162596,1.0,1
ENSG00000174953,1.1894826,1.852602,0.4171862,0.9505882,1
ENSG00000174953,1.1883909,1.852602,0.41687182,0.7565558,1
ENSG00000163539,1.2019819,1.7298125,0.4042178,1.0,1
ENSG00000162851,1.1991429,1.6788824,0.41701823,1.0,1
ENSG00000204130,1.2040683,1.0232525,0.4054328,1.0,1
ENSG00000204130,1.205329,1.0232525,0.40668276,1.0,1
ENSG00000182871,1.160525,0.9375179,0.44031566,1.0,1
ENSG00000169689,1.2237431,2.1456003,0.39091223,1.0,1
ENSG00000169689,1.2240223,2.1456003,0.3912252,1.0,1
ENSG00000169689,1.2229263,2.1456003,0.39063367,1.0,1
ENSG00000169689,1.2241368,2.1456003,0.39120963,1.0,1
ENSG00000169689,1.2230335,2.1456003,0.3906149,1.0,1
ENSG00000169689,1.2262383,2.1456003,0.39035583,1.0,1
ENSG00000169689,1.2262383,2.1456003,0.39035583,1.0,1
ENSG00000169689,1.2272018,2.1456003,0.39061165,1.0,1
ENSG00000169689,1.2238573,2.1456003,0.39093718,0.16596736,1
ENSG00000169689,1.2239596,2.1456003,0.39116645,0.70225513,1
ENSG00000182670,1.2079881,1.6168954,0.40525085,1.0,1
ENSG00000182670,1.2080381,1.6168954,0.4060501,0.7588235,1
ENSG00000137692,1.2251881,2.011232,0.39260563,1.0,1
ENSG00000137692,1.2261957,2.011232,0.39202824,1.0,1
ENSG00000164332,1.2065843,1.2669369,0.39791733,1.0,1
ENSG00000164332,1.2074016,1.2669369,0.39753437,1.0,1
ENSG00000168818,1.1919206,1.2655253,0.40221792,1.0,1
ENSG00000136521,1.2215712,1.9242793,0.38972256,1.0,1
ENSG00000136521,1.2221136,1.9242793,0.38986978,0.94213504,1
ENSG00000136521,1.2219934,1.9242793,0.3904083,0.96137625,1
ENSG00000136521,1.2206355,1.9242793,0.39061818,0.5506329,1
ENSG00000136521,1.2181041,1.9242793,0.3891338,0.99719924,1
ENSG00000164362,1.1156178,0.24551266,0.4621462,1.0,1
ENSG00000186642,1.154699,0.8954225,0.4300887,1.0,1
ENSG00000134765,1.0984396,-0.9586073,0.44412926,1.0,1
ENSG00000134765,1.0978963,-0.9586073,0.44660318,1.0,1
ENSG00000134765,1.1028568,-0.9586073,0.44943014,1.0,1
ENSG00000134765,1.1053251,-0.9586073,0.44858587,1.0,1
ENSG00000134765,1.1027485,-0.9586073,0.4475364,1.0,1
ENSG00000134765,1.1032324,-0.9586073,0.4490221,1.0,1
ENSG00000107821,1.1576757,0.6364879,0.44275874,1.0,1
ENSG00000107821,1.1565062,0.6364879,0.4430558,1.0,1
ENSG00000107821,1.1548382,0.6364879,0.44344732,1.0,1
ENSG00000168026,1.1784647,-0.10237291,0.42686963,1.0,1
ENSG00000168026,1.1784647,-0.10237291,0.42686963,1.0,1
ENSG00000118514,1.093799,-0.85387194,0.45733625,1.0,1
ENSG00000118514,1.1000928,-0.85387194,0.45813516,1.0,1
ENSG00000118514,1.1010462,-0.85387194,0.46042114,1.0,1
ENSG00000010030,1.1067767,-0.88605666,0.44195694,1.0,1
ENSG00000010030,1.1071368,-0.88605666,0.44177625,1.0,1
ENSG00000122068,1.1801428,1.6681995,0.40782687,1.0,1
ENSG00000139370,1.1641437,1.2070955,0.43646502,1.0,1
ENSG00000139370,1.1695895,1.2070955,0.4376999,0.65,1
ENSG00000106105,1.2087842,2.6020164,0.40382856,1.0,1
ENSG00000143162,1.1956867,2.3299265,0.42918232,1.0,1
ENSG00000143162,1.1972643,2.3299265,0.43053833,1.0,1
ENSG00000168906,1.213713,2.8064716,0.40424666,1.0,1
ENSG00000087074,1.1984129,1.5919546,0.44503826,1.0,1
ENSG00000132510,1.1010376,-0.20760831,0.46253598,1.0,1
ENSG00000168502,1.124122,0.9652017,0.47465262,1.0,1
ENSG00000131711,1.1524773,0.72181064,0.46218327,1.0,1
ENSG00000099795,1.1754665,2.1148777,0.42029566,1.0,1
ENSG00000067836,1.207903,1.1065309,0.38972625,1.0,1
ENSG00000067836,1.2077935,1.1065309,0.38978854,1.0,1
ENSG00000067836,1.2100707,1.1065309,0.39060208,1.0,1
ENSG00000067836,1.209784,1.1065309,0.39022946,1.0,1
ENSG00000067836,1.2108892,1.1065309,0.39025757,1.0,1
ENSG00000067836,1.2088206,1.1065309,0.39046398,1.0,1
ENSG00000067836,1.2088591,1.1065309,0.39019123,1.0,1
ENSG00000067836,1.2086601,1.1065309,0.3900873,0.4239766,1
ENSG00000125148,1.1873741,1.1746413,0.41010085,1.0,1
ENSG00000125148,1.1871492,1.1746413,0.41001016,1.0,1
ENSG00000116852,1.1452638,0.9642596,0.43584582,1.0,1
ENSG00000116852,1.1476548,0.9642596,0.43522245,0.24565469,1
ENSG00000126010,1.1028022,-0.79588,0.45562908,1.0,1
ENSG00000107954,1.0996354,-0.5850267,0.4613793,1.0,1
ENSG00000107954,1.098574,-0.5850267,0.46067274,1.0,1
ENSG00000107954,1.0992557,-0.5850267,0.46112972,1.0,1
ENSG00000107954,1.0992054,-0.5850267,0.46256736,1.0,1
ENSG00000244115,1.1736058,0.76192784,0.43722093,1.0,1
ENSG00000180776,1.172639,1.0707765,0.40654138,1.0,1
ENSG00000180776,1.1706733,1.0707765,0.4043084,1.0,1
ENSG00000180776,1.1723642,1.0707765,0.4057885,1.0,1
ENSG00000180776,1.1730449,1.0707765,0.4062626,0.6478261,1
ENSG00000180776,1.1740893,1.0707765,0.40433037,0.8610635,1
ENSG00000105258,1.22203,1.3558345,0.3755749,1.0,1
ENSG00000105258,1.2215744,1.3558345,0.3759059,0.9340021,1
ENSG00000179750,1.149297,1.3467441,0.44553056,1.0,1
ENSG00000179750,1.1528245,1.3467441,0.44700336,1.0,1
ENSG00000130669,1.192566,0.85733247,0.42923096,1.0,1
ENSG00000130669,1.192566,0.85733247,0.42923096,1.0,1
ENSG00000130669,1.1931543,0.85733247,0.43001845,1.0,1
ENSG00000130669,1.1926749,0.85733247,0.42991015,1.0,1
ENSG00000130669,1.192817,0.85733247,0.42941156,1.0,1
ENSG00000130669,1.19206,0.85733247,0.429789,0.040650405,1
ENSG00000130669,1.1924268,0.85733247,0.42969415,0.4262561,1
ENSG00000130669,1.1914958,0.85733247,0.42974123,0.014981274,1
ENSG00000130669,1.1915789,0.85733247,0.42885333,0.5818584,1
ENSG00000130669,1.1919942,0.85733247,0.42950892,0.49329758,1
ENSG00000138231,1.1377841,0.8785218,0.44628128,1.0,1
ENSG00000140983,1.1768086,2.0492957,0.41424823,1.0,1
ENSG00000140983,1.1773423,2.0492957,0.41466686,1.0,1
ENSG00000140983,1.1772197,2.0492957,0.41487613,1.0,1
ENSG00000140983,1.1768574,2.0492957,0.4137987,0.91107047,1
ENSG00000102606,1.1867303,1.209783,0.41629758,0.96676165,1
ENSG00000102606,1.1849383,1.209783,0.41749814,0.96704334,1
ENSG00000102606,1.1837019,1.209783,0.41949195,0.9721116,1
ENSG00000151229,1.1452528,0.770852,0.4428181,1.0,1
ENSG00000151229,1.1448116,0.770852,0.44123963,1.0,1
ENSG00000114904,1.1589195,1.1312978,0.44477397,1.0,1
ENSG00000114904,1.1609715,1.1312978,0.443052,0.1672355,1
ENSG00000114904,1.1568949,1.1312978,0.44292808,0.2738496,1
ENSG00000114904,1.1605687,1.1312978,0.44278604,1.0,1
ENSG00000014216,1.2085546,1.892039,0.40115646,1.0,1
ENSG00000014216,1.207988,1.892039,0.40125814,1.0,1
ENSG00000100994,1.1642942,0.7979596,0.43042824,1.0,1
ENSG00000162511,1.143358,2.2565975,0.42473608,1.0,1
ENSG00000162511,1.1434474,2.2565975,0.424645,1.0,1
ENSG00000162511,1.1442329,2.2565975,0.42442906,1.0,1
ENSG00000151327,1.1877459,1.4149734,0.41716972,1.0,1
ENSG00000151327,1.186079,1.4149734,0.41641864,1.0,1
ENSG00000117118,1.2278374,2.5982213,0.39936382,1.0,1
ENSG00000117118,1.2256631,2.5982213,0.3995611,1.0,1
ENSG00000160446,1.210333,1.1928461,0.42309025,1.0,1
ENSG00000160446,1.2110084,1.1928461,0.4238389,1.0,1
ENSG00000160446,1.213127,1.1928461,0.42380664,1.0,1
ENSG00000213760,1.1272427,0.053078443,0.43019357,1.0,1
ENSG00000186026,1.122303,-0.85387194,0.4586274,1.0,1
ENSG00000186026,1.122248,-0.85387194,0.46070436,1.0,1
ENSG00000257727,1.2358211,2.1634,0.39752474,1.0,1
ENSG00000120992,1.2156339,2.2266772,0.38401374,1.0,1
ENSG00000120992,1.2154714,2.2266772,0.38487267,0.97512,1
ENSG00000120992,1.2132419,2.2266772,0.38407052,0.9656365,1
ENSG00000101298,1.1193651,0.041392684,0.4618575,1.0,1
ENSG00000101298,1.1203797,0.041392684,0.46361986,1.0,1
ENSG00000006638,1.152666,0.4756712,0.45210752,1.0,1
ENSG00000127948,1.18995,1.5260807,0.42126593,1.0,1
ENSG00000108523,1.2001244,1.5856863,0.40478802,1.0,1
ENSG00000154845,1.1797217,2.0187838,0.42907393,1.0,1
ENSG00000164953,1.1451101,0.7242759,0.4296621,1.0,1
ENSG00000164953,1.1494584,0.7242759,0.43357402,0.019736841,1
ENSG00000104856,1.1654167,-0.49485,0.4278278,1.0,1
ENSG00000104856,1.1650653,-0.49485,0.42784944,1.0,1
ENSG00000104856,1.1639677,-0.49485,0.42668656,1.0,1
ENSG00000121039,1.1944268,1.6543691,0.42105797,1.0,1
ENSG00000121039,1.1961008,1.6543691,0.42146447,1.0,1
ENSG00000130827,1.1515328,1.2307043,0.44939294,1.0,1
ENSG00000143772,1.1009654,-0.9586073,0.4755972,1.0,1
ENSG00000189007,1.2100531,1.6336704,0.39248487,1.0,1
ENSG00000101745,1.1698542,0.95085144,0.4350898,1.0,1
ENSG00000101745,1.1685476,0.95085144,0.43475345,0.34153005,1
ENSG00000101745,1.1708374,0.95085144,0.4339051,0.0076190475,1
ENSG00000172661,1.1307632,1.1841234,0.43627825,1.0,1
ENSG00000172661,1.1319588,1.1841234,0.43818387,0.9814385,1
ENSG00000172661,1.1288863,1.1841234,0.43630075,0.9814385,1
ENSG00000172661,1.1312227,1.1841234,0.43524832,0.96171695,1
ENSG00000172361,1.0886847,0.1818436,0.45882913,1.0,1
ENSG00000173545,1.1739246,1.1925675,0.43910658,1.0,1
ENSG00000204560,1.1783799,1.590619,0.4290511,1.0,1
ENSG00000204560,1.1799122,1.590619,0.4283649,1.0,1
ENSG00000182134,1.1856043,1.1812718,0.42132726,1.0,1
ENSG00000038427,1.1032271,-0.7695511,0.46207243,1.0,1
ENSG00000048342,1.1229105,-0.56863624,0.44443125,1.0,1
ENSG00000100220,1.1516193,2.022717,0.43268412,1.0,1
ENSG00000078401,1.1173332,-0.92081875,0.4369205,1.0,1
ENSG00000078401,1.113627,-0.92081875,0.4359995,1.0,1
ENSG00000078401,1.1144313,-0.92081875,0.4346166,1.0,1
ENSG00000171992,1.100917,-0.92081875,0.4801677,1.0,1
ENSG00000166199,1.145791,1.3346548,0.41935727,1.0,1
ENSG00000166199,1.1488725,1.3346548,0.42136332,0.5040577,1
ENSG00000166199,1.1509196,1.3346548,0.4218897,0.050086357,1
ENSG00000078070,1.19534,1.2619762,0.4113253,1.0,1
ENSG00000078070,1.1933274,1.2619762,0.41193852,0.99211645,1
ENSG00000078070,1.1947976,1.2619762,0.41187108,0.020359281,1
ENSG00000078070,1.1958315,1.2619762,0.4118832,0.97979796,1
ENSG00000078070,1.1962082,1.2619762,0.41267467,0.9407186,1
ENSG00000078070,1.1958376,1.2619762,0.41185418,0.9219219,1
ENSG00000122545,1.2065157,2.1290774,0.39719307,1.0,1
ENSG00000122545,1.2048447,2.1290774,0.39522335,0.91087264,1
ENSG00000154309,1.1006948,-0.9586073,0.46856046,1.0,1
ENSG00000154309,1.1032509,-0.9586073,0.46875274,1.0,1
ENSG00000154309,1.099256,-0.9586073,0.4663734,1.0,1
ENSG00000154309,1.0935932,-0.9586073,0.46174988,1.0,1
ENSG00000152804,1.1500937,1.7580788,0.44775245,1.0,1
ENSG00000152804,1.1504675,1.7580788,0.44737056,1.0,1
ENSG00000152804,1.1517037,1.7580788,0.44708103,1.0,1
ENSG00000120438,1.2047014,2.3746018,0.40888014,1.0,1
ENSG00000120438,1.2063731,2.3746018,0.40940005,1.0,1
ENSG00000243696,1.1418847,-0.82390875,0.40573585,1.0,1
ENSG00000143761,1.2024634,2.579852,0.40231797,1.0,1
ENSG00000143761,1.2024634,2.579852,0.40231797,1.0,1
ENSG00000143761,1.2024634,2.579852,0.40231797,1.0,1
ENSG00000143761,1.2003622,2.579852,0.40128294,1.0,1
ENSG00000143761,1.2005533,2.579852,0.40102455,1.0,1
ENSG00000121774,1.2111456,1.6328621,0.40086973,1.0,1
ENSG00000121774,1.2108086,1.6328621,0.40160507,1.0,1
ENSG00000121774,1.2125767,1.6328621,0.40228918,0.98903704,1
ENSG00000136709,1.1858383,1.6395861,0.4296416,1.0,1
ENSG00000124380,1.1936051,1.6141587,0.40631694,1.0,1
ENSG00000124380,1.1930573,1.6141587,0.40725866,1.0,1
ENSG00000124380,1.1947762,1.6141587,0.40780416,1.0,1
ENSG00000124380,1.1934019,1.6141587,0.40644214,1.0,1
ENSG00000124380,1.1929394,1.6141587,0.4066338,1.0,1
ENSG00000072110,1.1745492,1.5101427,0.4332895,1.0,1
ENSG00000072110,1.1765686,1.5101427,0.43256363,1.0,1
ENSG00000072110,1.1696266,1.5101427,0.43472713,0.002302821,1
ENSG00000115091,1.1934683,2.369976,0.39980578,1.0,1
ENSG00000115091,1.1954232,2.369976,0.3997906,1.0,1
ENSG00000112874,1.160627,1.267641,0.4380178,1.0,1
ENSG00000112874,1.1681184,1.267641,0.4402159,1.0,1
ENSG00000179409,1.1600308,1.1351327,0.46767616,1.0,1
ENSG00000179409,1.1593422,1.1351327,0.46649027,0.13535589,1
ENSG00000114744,1.141794,1.6238693,0.42417935,1.0,1
ENSG00000114744,1.1457177,1.6238693,0.42588893,0.08241618,1
ENSG00000072518,1.1966048,1.0937718,0.413318,1.0,1
ENSG00000072518,1.1968325,1.0937718,0.41307834,0.2464403,1
ENSG00000072518,1.1971802,1.0937718,0.4138505,0.1588367,1
ENSG00000072518,1.1959417,1.0937718,0.4136213,0.98558325,1
ENSG00000072518,1.1959417,1.0937718,0.4136213,0.94666666,1
ENSG00000143970,1.1808801,1.1061909,0.44621015,1.0,1
ENSG00000156587,1.1271152,0.6608655,0.43377408,1.0,1
ENSG00000140795,1.1139023,0.5289167,0.44852477,1.0,1
ENSG00000140795,1.1111153,0.5289167,0.4498435,1.0,1
ENSG00000140795,1.1107891,0.5289167,0.44406942,1.0,1
ENSG00000159208,1.0995175,-0.61978877,0.4544731,1.0,1
ENSG00000196646,1.1602565,0.4756712,0.45111573,1.0,1
ENSG00000196646,1.1613897,0.4756712,0.45215043,0.86742425,1
ENSG00000197601,1.1902831,1.8058405,0.41606823,1.0,1
ENSG00000197601,1.1888542,1.8058405,0.41988304,1.0,1
ENSG00000130479,1.1207565,0.9863238,0.46672833,1.0,1
ENSG00000157992,1.1170558,0.1271048,0.43686265,1.0,1
ENSG00000188290,1.1976777,0.8095597,0.43040252,1.0,1
ENSG00000188290,1.1977133,0.8095597,0.43040514,1.0,1
ENSG00000115942,1.2036648,1.1283993,0.40562746,1.0,1
ENSG00000158286,1.1691493,1.0549959,0.42034322,1.0,1
ENSG00000158286,1.1686187,1.0549959,0.42063612,1.0,1
ENSG00000158286,1.1705998,1.0549959,0.42052326,1.0,1
ENSG00000158286,1.1707119,1.0549959,0.4203677,1.0,1
ENSG00000158286,1.1700095,1.0549959,0.42072117,1.0,1
ENSG00000158286,1.1687405,1.0549959,0.42094037,1.0,1
ENSG00000158286,1.169924,1.0549959,0.42081392,1.0,1
ENSG00000158286,1.1717751,1.0549959,0.42100582,1.0,1
ENSG00000158286,1.1712152,1.0549959,0.42130452,1.0,1
ENSG00000118162,1.2226161,0.9068735,0.40414825,1.0,1
ENSG00000100014,1.1799759,1.069668,0.4413144,1.0,1
ENSG00000100014,1.1799759,1.069668,0.4413144,1.0,1
ENSG00000100014,1.1770824,1.069668,0.43959948,0.37892377,1
ENSG00000100014,1.1779361,1.069668,0.44291237,0.99327356,1
ENSG00000058668,1.1904404,1.4884096,0.4218964,1.0,1
ENSG00000058668,1.1914656,1.4884096,0.4217544,0.55417407,1
ENSG00000095261,1.2055026,2.0013442,0.38892382,1.0,1
ENSG00000095261,1.2036227,2.0013442,0.3889022,0.9946043,1
ENSG00000095261,1.2053763,2.0013442,0.38905305,0.9989041,1
ENSG00000153201,1.1534951,1.3047059,0.44152,1.0,1
ENSG00000143190,1.1814333,1.0433623,0.41343266,1.0,1
ENSG00000143190,1.1822917,1.0433623,0.41398042,1.0,1
ENSG00000143190,1.1827909,1.0433623,0.41378525,0.07692308,1
ENSG00000143190,1.1820161,1.0433623,0.41280082,0.18552037,1
ENSG00000143190,1.1804605,1.0433623,0.41327712,0.06355932,1
ENSG00000143190,1.18152,1.0433623,0.41223833,0.9836956,1
ENSG00000143190,1.1805402,1.0433623,0.4125021,0.008156607,1
ENSG00000165943,1.1326874,0.9934362,0.46389604,1.0,1
ENSG00000130300,1.1080929,-0.17392519,0.4613531,1.0,1
ENSG00000130300,1.1079048,-0.17392519,0.46153143,1.0,1
ENSG00000171502,1.1688226,-0.88605666,0.44092032,1.0,1
ENSG00000171502,1.1745436,-0.88605666,0.43335375,1.0,1
ENSG00000171502,1.1736385,-0.88605666,0.43903232,1.0,1
ENSG00000178127,1.2334024,2.567344,0.38686103,1.0,1
ENSG00000102974,1.1860908,1.3344537,0.43158978,1.0,1
ENSG00000142733,1.2035702,0.85248,0.42227292,1.0,1
ENSG00000142733,1.2033842,0.85248,0.42245808,1.0,1
ENSG00000021574,1.2031718,1.024075,0.40710726,1.0,1
ENSG00000021574,1.2032205,1.024075,0.40526283,1.0,1
ENSG00000021574,1.2036284,1.024075,0.40455857,1.0,1
ENSG00000021574,1.2004596,1.024075,0.4047198,1.0,1
ENSG00000104228,1.1790879,0.78675145,0.428739,1.0,1
ENSG00000104228,1.1789247,0.78675145,0.42882225,0.93773586,1
ENSG00000104228,1.1786062,0.78675145,0.42843193,0.94210523,1
ENSG00000103740,1.0908182,0.12385164,0.45518875,1.0,1
ENSG00000101004,1.1139339,-0.88605666,0.4530418,1.0,1
ENSG00000101004,1.1084135,-0.88605666,0.45392016,1.0,1
ENSG00000101004,1.1090348,-0.88605666,0.45116478,1.0,1
ENSG00000101004,1.1107434,-0.88605666,0.45236415,1.0,1
ENSG00000004779,1.1917216,2.3464704,0.42157406,1.0,1
ENSG00000004779,1.1917216,2.3464704,0.42157406,1.0,1
ENSG00000004779,1.1903366,2.3464704,0.42106035,0.99628437,1
ENSG00000106948,1.1020559,0.2966652,0.46571708,1.0,1
ENSG00000106948,1.0981688,0.2966652,0.4675678,0.025423728,1
ENSG00000064652,1.1809617,0.5899496,0.4077759,1.0,1
ENSG00000064652,1.176695,0.5899496,0.4041101,0.0,1
ENSG00000196705,1.1402662,1.357363,0.4476065,1.0,1
ENSG00000164252,1.1592892,1.1649474,0.4347636,1.0,1
ENSG00000162461,1.1003007,-0.48148605,0.45792365,1.0,1
ENSG00000178934,1.1082078,-0.88605666,0.4346375,1.0,1
ENSG00000178934,1.1085058,-0.88605666,0.43516085,1.0,1
ENSG00000101347,1.2007424,1.0326188,0.411072,1.0,1
ENSG00000101347,1.2010291,1.0326188,0.4122689,1.0,1
ENSG00000137509,1.1760621,1.5153439,0.43615285,1.0,1
ENSG00000137509,1.1787976,1.5153439,0.43689457,0.8664098,1
ENSG00000187997,1.1763741,1.1034616,0.4261263,1.0,1
ENSG00000187997,1.1770989,1.1034616,0.4268816,1.0,1
ENSG00000187997,1.1771168,1.1034616,0.42714334,1.0,1
ENSG00000187997,1.1783534,1.1034616,0.4272722,1.0,1
ENSG00000108469,1.1910259,1.1583625,0.4290993,1.0,1
ENSG00000093183,1.2087411,1.6953065,0.40691248,1.0,1
ENSG00000093183,1.2110845,1.6953065,0.40699396,0.9790672,1
ENSG00000093183,1.209261,1.6953065,0.40607855,0.035368804,1
ENSG00000104388,1.2218726,1.8533331,0.38966072,1.0,1
ENSG00000104388,1.2232497,1.8533331,0.38886967,1.0,1
ENSG00000104388,1.2246342,1.8533331,0.38959464,1.0,1
ENSG00000104388,1.2246342,1.8533331,0.38959464,1.0,1
ENSG00000104388,1.2269639,1.8533331,0.3882632,0.9982266,1
ENSG00000104388,1.2249159,1.8533331,0.38793892,0.27738473,1
ENSG00000146587,1.1611818,0.9106244,0.45738205,1.0,1
ENSG00000091542,1.1589278,1.6127839,0.44041345,1.0,1
ENSG00000198522,1.1792061,1.8420473,0.4077712,1.0,1
ENSG00000160326,1.1147938,-0.65757734,0.4546392,1.0,1
ENSG00000167850,1.1032754,-0.92081875,0.4429325,1.0,1
ENSG00000066294,1.1347042,0.5831988,0.43568024,1.0,1
ENSG00000066294,1.1372846,0.5831988,0.4359513,0.8632075,1
ENSG00000066294,1.1374172,0.5831988,0.43598613,0.0,1
ENSG00000066294,1.1360396,0.5831988,0.43587047,0.90697676,1
ENSG00000163568,1.1490015,-0.7695511,0.43968326,1.0,1
ENSG00000147419,1.1693472,1.2365372,0.40250042,1.0,1
ENSG00000147419,1.1727892,1.2365372,0.402179,1.0,1
ENSG00000147419,1.1710778,1.2365372,0.40205163,0.99567634,1
ENSG00000147419,1.1689034,1.2365372,0.40267807,0.8380117,1
ENSG00000147419,1.1724591,1.2365372,0.40193173,0.7818713,1
ENSG00000147419,1.1703676,1.2365372,0.40179953,0.054385964,1
ENSG00000170946,1.1560768,1.2477279,0.42039642,1.0,1
ENSG00000170946,1.1558176,1.2477279,0.4106088,1.0,1
ENSG00000170946,1.1560036,1.2477279,0.41552588,0.06075217,1
ENSG00000136235,1.0839099,-0.60206,0.4483535,1.0,1
ENSG00000136235,1.0846295,-0.60206,0.44848037,1.0,1
ENSG00000102003,1.1632954,0.5658478,0.43609127,1.0,1
ENSG00000102003,1.1619639,0.5658478,0.4370172,1.0,1
ENSG00000102003,1.1622307,0.5658478,0.43651173,1.0,1
ENSG00000102003,1.1629372,0.5658478,0.43616143,1.0,1
ENSG00000102003,1.1627043,0.5658478,0.43662885,0.9894366,1
ENSG00000183426,1.1165503,1.4483972,0.46360356,1.0,1
ENSG00000183426,1.1187488,1.4483972,0.46619284,0.46980336,1
ENSG00000085185,1.162025,0.075546965,0.4563114,1.0,1
ENSG00000198793,1.2020062,1.6205524,0.41331044,1.0,1
ENSG00000114770,1.1985976,1.4752352,0.41966668,1.0,1
ENSG00000114770,1.2010772,1.4752352,0.41628817,0.8330404,1
ENSG00000148832,1.1192075,0.5340261,0.45995218,0.0,1
ENSG00000148832,1.1201838,0.5340261,0.45986193,0.8680556,1
ENSG00000148832,1.1200356,0.5340261,0.4614667,0.9270833,1
ENSG00000131669,1.1524161,0.55145,0.43647146,1.0,1
ENSG00000131669,1.1514301,0.55145,0.43734902,1.0,1
ENSG00000131669,1.1510221,0.55145,0.43647143,0.0,1
ENSG00000197226,1.125177,1.4976207,0.45896953,1.0,1
ENSG00000197226,1.1258656,1.4976207,0.45841026,1.0,1
ENSG00000197226,1.1241906,1.4976207,0.4585768,1.0,1
ENSG00000197226,1.122527,1.4976207,0.45757574,0.45565748,1
ENSG00000071537,1.1664555,0.8122447,0.42424533,1.0,1
ENSG00000071537,1.1629716,0.8122447,0.42038164,1.0,1
ENSG00000139291,1.1887119,1.1619666,0.42677268,1.0,1
ENSG00000139291,1.1913952,1.1619666,0.42708635,1.0,1
ENSG00000090054,1.189314,1.8347385,0.41436666,1.0,1
ENSG00000104312,1.1892346,1.2469907,0.41689125,1.0,1
ENSG00000104312,1.1860727,1.2469907,0.4195349,0.3451071,1
ENSG00000111012,1.1122469,0.5820634,0.4485026,1.0,1
ENSG00000163950,1.2252234,2.0828571,0.4021157,1.0,1
ENSG00000163950,1.2251226,2.0828571,0.40182725,0.97517455,1
ENSG00000163950,1.2238258,2.0828571,0.401666,0.11117007,1
ENSG00000177303,1.1528292,0.23552845,0.443743,1.0,1
ENSG00000177303,1.1520993,0.23552845,0.4447602,1.0,1
ENSG00000141337,1.1685518,-0.036212172,0.4265786,1.0,1
ENSG00000141337,1.1658831,-0.036212172,0.42703035,1.0,1
ENSG00000141452,1.2140185,1.361539,0.3997736,1.0,1
ENSG00000141452,1.2137197,1.361539,0.40021497,0.93666667,1
ENSG00000166133,1.1678668,0.98677176,0.45177403,1.0,1
ENSG00000213853,1.1227927,0.67486113,0.4360183,1.0,1
ENSG00000213853,1.1230665,0.67486113,0.4368568,1.0,1
ENSG00000100084,1.213522,1.7835463,0.39431986,1.0,1
ENSG00000078246,1.1928451,0.98587537,0.42209303,1.0,1
ENSG00000078246,1.1906412,0.98587537,0.42206836,0.9167604,1
ENSG00000078246,1.1923732,0.98587537,0.42130622,0.9943757,1
ENSG00000078246,1.1932036,0.98587537,0.4208559,0.9223847,1
ENSG00000078246,1.1938504,0.98587537,0.4204387,0.9943757,1
ENSG00000196455,1.1376706,1.542701,0.45032358,1.0,1
ENSG00000100722,1.1774769,1.9305925,0.41274136,1.0,1
ENSG00000100722,1.1793846,1.9305925,0.4110873,1.0,1
ENSG00000100722,1.1753005,1.9305925,0.41383812,1.0,1
ENSG00000213967,1.1349396,1.0530784,0.45350915,1.0,1
ENSG00000213967,1.1346838,1.0530784,0.45303315,1.0,1
ENSG00000213967,1.1346838,1.0530784,0.45303315,1.0,1
ENSG00000175697,1.0984195,-0.79588,0.45460382,1.0,1
ENSG00000088836,1.1065091,-0.2596373,0.4479953,1.0,1
ENSG00000132793,1.1738433,0.8350561,0.42987198,1.0,1
ENSG00000132793,1.171867,0.8350561,0.42793265,1.0,1
ENSG00000136143,1.1676688,1.4536241,0.4205127,1.0,1
ENSG00000110851,1.1482755,1.1945144,0.44031405,1.0,1
ENSG00000078596,1.1648871,1.8047526,0.4238833,1.0,1
ENSG00000078596,1.1680194,1.8047526,0.42679784,1.0,1
ENSG00000078596,1.1700684,1.8047526,0.42312333,0.7400894,1
ENSG00000114859,1.155506,0.8337844,0.42398828,1.0,1
ENSG00000078369,1.1984076,2.3312044,0.40161228,1.0,1
ENSG00000078369,1.1986221,2.3312044,0.40203294,1.0,1
ENSG00000189050,1.188747,1.3891661,0.41846892,1.0,1
ENSG00000189050,1.188747,1.3891661,0.41846892,0.26953748,1
ENSG00000070759,1.1451501,0.29003462,0.44232705,1.0,1
ENSG00000070759,1.1467164,0.29003462,0.4406124,1.0,1
ENSG00000070759,1.1427118,0.29003462,0.44163477,0.6342857,1
ENSG00000079950,1.1966311,1.4034637,0.40185088,1.0,1
ENSG00000079950,1.2008182,1.4034637,0.39843142,1.0,1
ENSG00000151353,1.232529,1.2979792,0.38270894,1.0,1
ENSG00000113758,1.146266,1.4886917,0.43529823,1.0,1
ENSG00000113758,1.1467026,1.4886917,0.43530032,1.0,1
ENSG00000113758,1.1486294,1.4886917,0.43534052,1.0,1
ENSG00000188215,1.1765412,0.3783979,0.44273108,1.0,1
ENSG00000132357,1.153482,0.6414741,0.46334106,1.0,1
ENSG00000172831,1.1816405,1.0546131,0.41811493,1.0,1
ENSG00000197969,1.177145,1.1726029,0.429279,1.0,1
ENSG00000153786,1.2054709,1.4949889,0.41691384,1.0,1
ENSG00000153786,1.2040871,1.4949889,0.41676718,1.0,1
ENSG00000153786,1.2039118,1.4949889,0.41713947,0.022058824,1
ENSG00000104731,1.1709843,1.2935835,0.4284793,1.0,1
ENSG00000104731,1.172342,1.2935835,0.429082,1.0,1
ENSG00000104731,1.1721145,1.2935835,0.42835063,0.98630136,1
ENSG00000104731,1.1722871,1.2935835,0.42878434,0.8767123,1
ENSG00000171163,1.2176348,1.9259821,0.40373784,1.0,1
ENSG00000171163,1.2181308,1.9259821,0.40365422,1.0,1
ENSG00000171163,1.2169915,1.9259821,0.40343803,1.0,1
ENSG00000171163,1.2170421,1.9259821,0.40251827,0.9958833,1
ENSG00000171163,1.214759,1.9259821,0.40286136,0.9802383,1
ENSG00000173812,1.2411846,2.3517964,0.37188193,1.0,1
ENSG00000173812,1.2421763,2.3517964,0.3720278,1.0,1
ENSG00000173812,1.2418252,2.3517964,0.3718718,0.09003601,1
ENSG00000109762,1.1687762,1.2509077,0.42491195,1.0,1
ENSG00000109762,1.1713275,1.2509077,0.42449048,1.0,1
ENSG00000109762,1.1697513,1.2509077,0.42308134,1.0,1
ENSG00000100211,1.2184839,1.1492192,0.39448944,1.0,1
ENSG00000100211,1.216905,1.1492192,0.39459804,0.16543816,1
ENSG00000108395,1.2159392,1.3508292,0.40695524,1.0,1
ENSG00000108395,1.2163899,1.3508292,0.40782523,0.91091955,1
ENSG00000108395,1.2117409,1.3508292,0.40731987,0.08201058,1
ENSG00000108395,1.2139379,1.3508292,0.4059149,0.9873016,1
ENSG00000151151,1.1674846,0.26717174,0.43594503,1.0,1
ENSG00000103852,1.1123582,0.056904852,0.43966782,1.0,1
ENSG00000101189,1.1996982,1.193681,0.41190958,1.0,1
ENSG00000076108,1.1558528,1.8205298,0.4401901,1.0,1
ENSG00000076108,1.155872,1.8205298,0.44104272,1.0,1
ENSG00000076108,1.1567403,1.8205298,0.4413323,0.15889744,1
ENSG00000112561,1.1431328,0.41664052,0.4617151,1.0,1
ENSG00000112561,1.1443555,0.41664052,0.4625665,1.0,1
ENSG00000112561,1.1428286,0.41664052,0.46354005,1.0,1
ENSG00000155621,1.1842449,0.845718,0.41533667,1.0,1
ENSG00000155621,1.1842449,0.845718,0.41533667,1.0,1
ENSG00000155621,1.1821703,0.845718,0.41919765,0.86506027,1
ENSG00000163577,1.1991171,1.0595634,0.41233608,1.0,1
ENSG00000163577,1.195527,1.0595634,0.41239187,1.0,1
ENSG00000182318,1.1777381,0.6273658,0.44619685,1.0,1
ENSG00000214160,1.2058841,1.8798983,0.42179027,1.0,1
ENSG00000214160,1.2086112,1.8798983,0.42173645,1.0,1
ENSG00000214160,1.2071533,1.8798983,0.4217105,1.0,1
ENSG00000214160,1.2071533,1.8798983,0.4217105,0.9729409,1
ENSG00000214160,1.2071533,1.8798983,0.4217105,0.996904,1
ENSG00000149761,1.2014595,1.5317343,0.41376898,1.0,1
ENSG00000149761,1.2028117,1.5317343,0.41360596,1.0,1
ENSG00000188549,1.114576,-0.88605666,0.45327106,1.0,1
ENSG00000163444,1.2040454,2.1554272,0.413289,1.0,1
ENSG00000163444,1.2047297,2.1554272,0.41410896,1.0,1
ENSG00000174099,1.1150459,-0.92081875,0.4250613,1.0,1
ENSG00000025800,1.1943544,1.4874212,0.40895838,1.0,1
ENSG00000025800,1.1950549,1.4874212,0.40864524,1.0,1
ENSG00000203778,1.1610879,1.0472748,0.42249262,1.0,1
ENSG00000203778,1.1573645,1.0472748,0.42162123,1.0,1
ENSG00000171530,1.2030462,2.0499156,0.3984081,1.0,1
ENSG00000171530,1.2001046,2.0499156,0.39723554,0.995686,1
ENSG00000171530,1.2044394,2.0499156,0.40009815,0.0067925933,1
ENSG00000198156,1.0869725,-0.65757734,0.4530289,1.0,1
ENSG00000198156,1.0904003,-0.65757734,0.45092183,1.0,1
ENSG00000165555,1.0968207,-0.14874165,0.45303068,1.0,1
ENSG00000100228,1.2204494,-0.92081875,0.3953615,1.0,1
ENSG00000149257,1.1810353,1.8301394,0.43933842,1.0,1
ENSG00000149257,1.1810353,1.8301394,0.43933842,1.0,1
ENSG00000149257,1.1821105,1.8301394,0.43992367,1.0,1
ENSG00000149257,1.1812398,1.8301394,0.43869215,0.0038885288,1
ENSG00000166716,1.1514977,0.8518696,0.45380533,1.0,1
ENSG00000106397,1.2181445,1.3176455,0.4044244,1.0,1
ENSG00000106397,1.2181472,1.3176455,0.40439576,1.0,1
ENSG00000106397,1.2173895,1.3176455,0.40429863,1.0,1
ENSG00000106397,1.218306,1.3176455,0.40445715,1.0,1
ENSG00000134769,1.1196705,0.045322977,0.43238965,1.0,1
ENSG00000064989,1.1141984,-0.92081875,0.42689222,1.0,1
