,PredExpr,ActualExpr,CellLine,PredPsi,ActualPsi,fold_idx
ENSG00000002016,1.2113746,1.0107238,GM12878,0.8599584,1.0,1
ENSG00000002016,1.0679439,1.0107238,GM12878,0.8379176,1.0,1
ENSG00000002016,1.1202934,1.0107238,GM12878,0.5262554,0.208,1
ENSG00000002016,1.079454,1.0107238,GM12878,0.90750456,0.0,1
ENSG00000003056,1.7273136,1.9407157,GM12878,0.52324843,1.0,1
ENSG00000003056,1.8848044,1.9407157,GM12878,0.64988804,1.0,1
ENSG00000003056,1.790494,1.9407157,GM12878,0.6444471,1.0,1
ENSG00000003393,1.5277817,1.0102999,GM12878,0.7528356,1.0,1
ENSG00000003393,1.636351,1.0102999,GM12878,0.6507877,0.00589391,1
ENSG00000003400,1.8690051,1.224274,GM12878,0.83689994,0.929374,1
ENSG00000003400,1.9007348,1.224274,GM12878,0.8496278,0.88451445,1
ENSG00000003402,1.6248308,1.7873896,GM12878,0.86929995,1.0,1
ENSG00000003402,1.578249,1.7873896,GM12878,0.8744113,1.0,1
ENSG00000003402,1.6489269,1.7873896,GM12878,0.3542825,0.026152482,1
ENSG00000003436,1.3969117,2.6872168,GM12878,0.93145394,1.0,1
ENSG00000003509,1.7518457,1.4595432,GM12878,0.7182825,1.0,1
ENSG00000003509,1.686438,1.4595432,GM12878,0.7475052,0.9572501,1
ENSG00000004478,0.745796,1.8022262,GM12878,0.97554296,1.0,1
ENSG00000004700,1.2203492,1.2805784,GM12878,0.87726134,1.0,1
ENSG00000005175,1.7600842,1.506505,GM12878,0.8785884,1.0,1
ENSG00000005175,1.7850398,1.506505,GM12878,0.9079283,1.0,1
ENSG00000005175,1.8089155,1.506505,GM12878,0.8797678,1.0,1
ENSG00000005175,1.7892785,1.506505,GM12878,0.8518658,0.75994515,1
ENSG00000005175,1.7824746,1.506505,GM12878,0.92327625,0.41775545,1
ENSG00000005436,1.4583791,1.3756636,GM12878,0.91197014,1.0,1
ENSG00000005436,1.4583791,1.3756636,GM12878,0.91197014,1.0,1
ENSG00000005436,1.5050461,1.3756636,GM12878,0.9177627,0.6383266,1
ENSG00000005436,1.5197046,1.3756636,GM12878,0.83344704,1.0,1
ENSG00000005448,0.2810122,1.0976043,GM12878,0.98748684,1.0,1
ENSG00000005448,0.37220672,1.0976043,GM12878,0.9046472,0.98672116,1
ENSG00000006607,1.010651,1.3558345,GM12878,0.85393167,1.0,1
ENSG00000006607,0.9001563,1.3558345,GM12878,0.9071778,1.0,1
ENSG00000006607,0.84473306,1.3558345,GM12878,0.935204,1.0,1
ENSG00000006831,1.6927298,1.6070259,GM12878,0.71106553,1.0,1
ENSG00000006831,1.6792264,1.6070259,GM12878,0.72491544,1.0,1
ENSG00000008323,0.36345673,-0.4685211,GM12878,0.9640492,1.0,1
ENSG00000008323,0.36461562,-0.4685211,GM12878,0.987207,1.0,1
ENSG00000008394,1.2024318,1.8624295,GM12878,0.92470473,1.0,1
ENSG00000008394,1.2062813,1.8624295,GM12878,0.90670145,0.9928535,1
ENSG00000008394,1.0822502,1.8624295,GM12878,0.91037077,0.002157756,1
ENSG00000008405,1.6828879,1.4427933,GM12878,0.7915155,1.0,1
ENSG00000008869,1.361075,1.2008505,GM12878,0.6927515,1.0,1
ENSG00000008869,1.3723271,1.2008505,GM12878,0.64338404,1.0,1
ENSG00000008869,1.3819216,1.2008505,GM12878,0.82691324,1.0,1
ENSG00000010219,0.53241646,1.3230457,GM12878,0.9752931,1.0,1
ENSG00000010219,0.50295866,1.3230457,GM12878,0.8659452,0.037339557,1
ENSG00000010278,-0.2204591,0.84633714,GM12878,0.9762972,1.0,1
ENSG00000010278,-0.1299861,0.84633714,GM12878,0.9743764,0.14880952,1
ENSG00000010292,1.7304658,1.8221027,GM12878,0.9094183,1.0,1
ENSG00000010292,1.8498706,1.8221027,GM12878,0.8787587,1.0,1
ENSG00000010292,1.693174,1.8221027,GM12878,0.8251832,1.0,1
ENSG00000010292,1.8260318,1.8221027,GM12878,0.86045945,0.75792295,1
ENSG00000010626,1.4796475,0.7671559,GM12878,0.7693472,1.0,1
ENSG00000010626,1.5024946,0.7671559,GM12878,0.82893974,1.0,1
ENSG00000011523,1.3502972,0.7888751,GM12878,0.86453897,1.0,1
ENSG00000011523,1.4347466,0.7888751,GM12878,0.8111019,0.095108695,1
ENSG00000011566,1.4627002,1.129045,GM12878,0.83972317,1.0,1
ENSG00000011566,1.5102472,1.129045,GM12878,0.8372005,1.0,1
ENSG00000011566,1.44812,1.129045,GM12878,0.9124265,1.0,1
ENSG00000011566,1.4443758,1.129045,GM12878,0.8791711,1.0,1
ENSG00000012822,1.4373318,1.4377506,GM12878,0.94567114,1.0,1
ENSG00000012822,1.419413,1.4377506,GM12878,0.84186983,0.9685535,1
ENSG00000013016,-0.45518956,-0.92081875,GM12878,0.9870591,1.0,1
ENSG00000013441,1.7744895,1.877947,GM12878,0.842473,1.0,1
ENSG00000013441,1.6936622,1.877947,GM12878,0.91648746,1.0,1
ENSG00000013441,1.733627,1.877947,GM12878,0.88862884,0.34098136,1
ENSG00000013503,1.1977159,0.9020029,GM12878,0.6038757,1.0,1
ENSG00000013503,1.2507173,0.9020029,GM12878,0.9308155,1.0,1
ENSG00000013503,1.220319,0.9020029,GM12878,0.7865228,1.0,1
ENSG00000013573,1.3369751,1.6029277,GM12878,0.85398686,0.9442283,1
ENSG00000013573,1.3340589,1.6029277,GM12878,0.4938718,0.8894231,1
ENSG00000013588,-0.28428137,-0.69897,GM12878,0.99243015,1.0,1
ENSG00000014641,1.2823442,2.5179346,GM12878,0.87656265,1.0,1
ENSG00000014641,1.2776704,2.5179346,GM12878,0.936511,0.99506503,1
ENSG00000015153,1.4792058,1.2342641,GM12878,0.57628894,0.0,1
ENSG00000015153,1.3358766,1.2342641,GM12878,0.55459553,0.20512821,1
ENSG00000015153,1.3952256,1.2342641,GM12878,0.8283838,0.18585859,1
ENSG00000015153,1.3252157,1.2342641,GM12878,0.8623339,0.34181508,1
ENSG00000015153,1.3952256,1.2342641,GM12878,0.8283838,0.0,1
ENSG00000015568,0.7350441,0.30535138,GM12878,0.98081297,1.0,1
ENSG00000017427,0.027890332,0.5301997,GM12878,0.9625562,1.0,1
ENSG00000017427,0.027890332,0.5301997,GM12878,0.9625562,1.0,1
ENSG00000018280,-0.17409098,-0.25181198,GM12878,0.98226166,1.0,1
ENSG00000018510,1.4227847,1.5725231,GM12878,0.864013,1.0,1
ENSG00000018510,1.5622472,1.5725231,GM12878,0.7687886,1.0,1
ENSG00000018510,1.492886,1.5725231,GM12878,0.88516164,1.0,1
ENSG00000018510,1.5254848,1.5725231,GM12878,0.7226682,1.0,1
ENSG00000018510,1.4874068,1.5725231,GM12878,0.88078445,1.0,1
ENSG00000018510,1.4953303,1.5725231,GM12878,0.84951144,1.0,1
ENSG00000018699,1.0104378,1.6684791,GM12878,0.8463588,1.0,1
ENSG00000021574,1.2806051,1.024075,GM12878,0.9295566,1.0,1
ENSG00000021574,1.3778325,1.024075,GM12878,0.94365746,1.0,1
ENSG00000021574,1.3892508,1.024075,GM12878,0.92746854,1.0,1
ENSG00000021574,1.2821411,1.024075,GM12878,0.9005923,1.0,1
ENSG00000021826,0.29649726,0.9973864,GM12878,0.9748989,1.0,1
ENSG00000022840,1.4718984,1.8890775,GM12878,0.8452273,1.0,1
ENSG00000022840,1.5216993,1.8890775,GM12878,0.8369151,1.0,1
ENSG00000022840,1.520796,1.8890775,GM12878,0.89559925,1.0,1
ENSG00000022840,1.3889993,1.8890775,GM12878,0.7153625,1.0,1
ENSG00000022840,1.4542125,1.8890775,GM12878,0.9207172,1.0,1
ENSG00000023228,1.4948196,1.9354569,GM12878,0.9289147,1.0,1
ENSG00000023228,1.38614,1.9354569,GM12878,0.8892053,0.66994554,1
ENSG00000023228,1.271443,1.9354569,GM12878,0.9227238,0.88380915,1
ENSG00000023697,0.33142704,0.5888317,GM12878,0.85867035,1.0,1
ENSG00000023734,1.7987102,1.9306434,GM12878,0.8035992,1.0,1
ENSG00000023734,1.7490991,1.9306434,GM12878,0.67569005,0.0023739957,1
ENSG00000023734,1.8050938,1.9306434,GM12878,0.8044115,0.9822006,1
ENSG00000028116,1.5829078,1.4935975,GM12878,0.8458841,1.0,1
ENSG00000028116,1.5951993,1.4935975,GM12878,0.81262976,1.0,1
ENSG00000028116,1.5871246,1.4935975,GM12878,0.79546064,1.0,1
ENSG00000028116,1.6058332,1.4935975,GM12878,0.8857707,1.0,1
ENSG00000028116,1.4957532,1.4935975,GM12878,0.3519866,0.0,1
ENSG00000028116,1.5614619,1.4935975,GM12878,0.34225893,0.0,1
ENSG00000028116,1.5954803,1.4935975,GM12878,0.6085826,0.06367535,1
ENSG00000028116,1.5729189,1.4935975,GM12878,0.8201511,0.88485646,1
ENSG00000028116,1.5962583,1.4935975,GM12878,0.56099075,0.045859452,1
ENSG00000028203,1.402983,1.6555226,GM12878,0.9246252,1.0,1
ENSG00000028203,1.4376776,1.6555226,GM12878,0.6276922,0.8412138,1
ENSG00000028203,1.4585207,1.6555226,GM12878,0.75820553,0.7894737,1
ENSG00000028203,1.450206,1.6555226,GM12878,0.7737462,0.948542,1
ENSG00000028203,1.4125689,1.6555226,GM12878,0.93599236,0.35714287,1
ENSG00000028203,1.4197375,1.6555226,GM12878,0.89810926,0.0,1
ENSG00000029153,-0.43854934,-0.22914799,GM12878,0.9662973,1.0,1
ENSG00000032389,1.5080415,1.6226285,GM12878,0.9401378,1.0,1
ENSG00000033030,1.6307064,1.3785796,GM12878,0.88584244,1.0,1
ENSG00000033030,1.6543146,1.3785796,GM12878,0.89785564,0.9973082,1
ENSG00000034510,1.5672172,2.497952,GM12878,0.9316787,1.0,1
ENSG00000035115,-0.09265844,0.811575,GM12878,0.9481051,1.0,1
ENSG00000035115,-0.09923639,0.811575,GM12878,0.920173,0.6007905,1
ENSG00000035115,-0.0825867,0.811575,GM12878,0.9748682,1.0,1
ENSG00000035115,0.021368466,0.811575,GM12878,0.88162047,0.0042735045,1
ENSG00000035115,-0.18137595,0.811575,GM12878,0.8184272,0.27142859,1
ENSG00000035141,1.0230352,1.8196098,GM12878,0.919673,1.0,1
ENSG00000035141,1.053844,1.8196098,GM12878,0.8973443,1.0,1
ENSG00000035141,1.0874788,1.8196098,GM12878,0.7133188,0.0066541545,1
ENSG00000036257,1.297343,1.4462264,GM12878,0.50206095,1.0,1
ENSG00000037897,1.801584,1.5247854,GM12878,0.9116975,1.0,1
ENSG00000037897,1.7297258,1.5247854,GM12878,0.90934527,1.0,1
ENSG00000037897,1.7500336,1.5247854,GM12878,0.8305473,0.23014441,1
ENSG00000040933,0.8165051,1.0366288,GM12878,0.9593054,1.0,1
ENSG00000040933,0.8965618,1.0366288,GM12878,0.4402643,0.10675381,1
ENSG00000042445,1.7911521,1.1417632,GM12878,0.8722406,1.0,1
ENSG00000042445,1.701012,1.1417632,GM12878,0.9312892,1.0,1
ENSG00000042445,1.7655684,1.1417632,GM12878,0.827709,0.6638585,1
ENSG00000042445,1.7855693,1.1417632,GM12878,0.81407195,0.99119496,1
ENSG00000042493,0.6505816,1.725585,GM12878,0.926161,1.0,1
ENSG00000047621,1.7049634,1.0417873,GM12878,0.78929496,1.0,1
ENSG00000047621,1.6797851,1.0417873,GM12878,0.61440015,1.0,1
ENSG00000047621,1.630149,1.0417873,GM12878,0.7797209,1.0,1
ENSG00000048991,1.495382,1.7825443,GM12878,0.81100935,1.0,1
ENSG00000048991,1.2437414,1.7825443,GM12878,0.8311894,1.0,1
ENSG00000048991,1.3156523,1.7825443,GM12878,0.891793,0.9871293,1
ENSG00000048991,1.2653377,1.7825443,GM12878,0.4688174,0.027957622,1
ENSG00000049323,-0.07498528,1.04883,GM12878,0.9646659,1.0,1
ENSG00000049323,-0.15810809,1.04883,GM12878,0.97838914,1.0,1
ENSG00000050405,1.2540724,1.3907585,GM12878,0.8553179,1.0,1
ENSG00000050405,1.2974945,1.3907585,GM12878,0.6216888,0.0,1
ENSG00000050426,1.6293479,2.1715217,GM12878,0.7733019,1.0,1
ENSG00000050426,1.7068516,2.1715217,GM12878,0.7779567,1.0,1
ENSG00000050426,1.7858065,2.1715217,GM12878,0.8165282,1.0,1
ENSG00000050426,1.7051703,2.1715217,GM12878,0.79439986,0.8888889,1
ENSG00000050426,1.5826658,2.1715217,GM12878,0.9077912,0.92021114,1
ENSG00000050426,1.5826658,2.1715217,GM12878,0.9077912,0.063182525,1
ENSG00000050426,1.573618,2.1715217,GM12878,0.90897083,0.07553957,1
ENSG00000050426,1.6426169,2.1715217,GM12878,0.83851296,0.9354232,1
ENSG00000050438,-0.39324015,-0.33724216,GM12878,0.9892135,1.0,1
ENSG00000051825,1.7355967,1.6564815,GM12878,0.8146656,1.0,1
ENSG00000051825,1.7886292,1.6564815,GM12878,0.8093777,0.26948357,1
ENSG00000055044,1.7234625,2.0313277,GM12878,0.9198804,1.0,1
ENSG00000055044,1.6960143,2.0313277,GM12878,0.9169101,0.032931123,1
ENSG00000055332,1.1716442,0.9934362,GM12878,0.85106856,1.0,1
ENSG00000055332,1.1099939,0.9934362,GM12878,0.9157459,1.0,1
ENSG00000055332,1.1378769,0.9934362,GM12878,0.8192083,0.69730943,1
ENSG00000055917,1.6754137,1.6688516,GM12878,0.9194833,1.0,1
ENSG00000055917,1.6382374,1.6688516,GM12878,0.8045639,1.0,1
ENSG00000055917,1.640072,1.6688516,GM12878,0.7710734,1.0,1
ENSG00000055917,1.4919653,1.6688516,GM12878,0.89706385,0.8681767,1
ENSG00000055917,1.522843,1.6688516,GM12878,0.93134207,0.90764415,1
ENSG00000055917,1.6584251,1.6688516,GM12878,0.8378374,0.14331445,1
ENSG00000057935,0.93844175,1.4459155,GM12878,0.8754842,1.0,1
ENSG00000058272,1.3881422,1.5872618,GM12878,0.92667073,1.0,1
ENSG00000058272,1.4431366,1.5872618,GM12878,0.6521235,0.0,1
ENSG00000058272,1.3122308,1.5872618,GM12878,0.9133269,1.0,1
ENSG00000058272,1.4360687,1.5872618,GM12878,0.8767267,0.9219089,1
ENSG00000058272,1.3870368,1.5872618,GM12878,0.9255488,0.48738533,1
ENSG00000059728,1.138887,1.3909351,GM12878,0.92216086,1.0,1
ENSG00000059728,1.0809706,1.3909351,GM12878,0.95293516,1.0,1
ENSG00000059728,1.1670913,1.3909351,GM12878,0.84619135,0.9619565,1
ENSG00000059758,1.353379,1.2033049,GM12878,0.8207005,1.0,1
ENSG00000059758,1.4211278,1.2033049,GM12878,0.823401,0.98778194,1
ENSG00000059804,1.3326604,2.4926348,GM12878,0.9206954,1.0,1
ENSG00000060138,0.73068035,1.5975856,GM12878,0.92752874,1.0,1
ENSG00000060138,0.71247214,1.5975856,GM12878,0.94295377,1.0,1
ENSG00000060138,0.7778219,1.5975856,GM12878,0.803288,0.59007204,1
ENSG00000060138,0.8663193,1.5975856,GM12878,0.64360046,0.0,1
ENSG00000060140,0.9221859,-0.4436975,GM12878,0.8447407,1.0,1
ENSG00000060237,1.1455253,1.378398,GM12878,0.8798846,1.0,1
ENSG00000060237,0.97704244,1.378398,GM12878,0.9420694,0.0,1
ENSG00000060237,1.0597907,1.378398,GM12878,0.8718566,0.0,1
ENSG00000060982,2.1967394,1.6651118,GM12878,0.8306084,1.0,1
ENSG00000060982,2.167039,1.6651118,GM12878,0.82578176,0.9716636,1
ENSG00000060982,2.1907606,1.6651118,GM12878,0.78223974,0.9990838,1
ENSG00000061273,1.5157994,1.4109459,GM12878,0.9330973,1.0,1
ENSG00000061273,1.4880332,1.4109459,GM12878,0.8990348,1.0,1
ENSG00000061273,1.4702237,1.4109459,GM12878,0.8358498,0.0,1
ENSG00000061273,1.5405035,1.4109459,GM12878,0.7943956,0.42357275,1
ENSG00000061273,1.5115207,1.4109459,GM12878,0.6768255,1.0,1
ENSG00000061676,1.7141383,2.0211065,GM12878,0.7466239,1.0,1
ENSG00000061936,1.9174458,1.2929204,GM12878,0.8821178,1.0,1
ENSG00000061936,1.8646331,1.2929204,GM12878,0.83747596,1.0,1
ENSG00000061936,1.8480642,1.2929204,GM12878,0.8884732,1.0,1
ENSG00000061936,1.7629486,1.2929204,GM12878,0.8097685,0.014285714,1
ENSG00000061987,1.4083166,1.2079035,GM12878,0.83157444,1.0,1
ENSG00000061987,1.3560727,1.2079035,GM12878,0.9067585,1.0,1
ENSG00000061987,1.3990694,1.2079035,GM12878,0.65639484,0.12878788,1
ENSG00000061987,1.3969022,1.2079035,GM12878,0.581881,0.0,1
ENSG00000062485,2.0040834,2.056333,GM12878,0.7546932,1.0,1
ENSG00000062485,2.0040834,2.056333,GM12878,0.7546932,1.0,1
ENSG00000062485,1.9620289,2.056333,GM12878,0.70774525,0.0,1
ENSG00000062485,1.9597994,2.056333,GM12878,0.73318887,0.016642628,1
ENSG00000063046,1.8936633,2.591098,GM12878,0.8965698,1.0,1
ENSG00000063046,1.9185122,2.591098,GM12878,0.92346305,1.0,1
ENSG00000063046,1.8988119,2.591098,GM12878,0.81870204,0.9991147,1
ENSG00000063046,1.9276415,2.591098,GM12878,0.9268784,0.7175943,1
ENSG00000063660,-0.036427572,-0.5850267,GM12878,0.85318494,1.0,1
ENSG00000063660,0.053732015,-0.5850267,GM12878,0.98590565,1.0,1
ENSG00000064012,1.6096135,1.1000258,GM12878,0.49228185,1.0,1
ENSG00000064012,1.5501684,1.1000258,GM12878,0.8074192,0.0,1
ENSG00000064012,1.6964643,1.1000258,GM12878,0.87134725,0.36689654,1
ENSG00000064012,1.6551176,1.1000258,GM12878,0.803306,0.9888476,1
ENSG00000064102,1.5892948,1.7070589,GM12878,0.7554272,1.0,1
ENSG00000064102,1.6431792,1.7070589,GM12878,0.9079767,1.0,1
ENSG00000064102,1.507703,1.7070589,GM12878,0.9011577,1.0,1
ENSG00000064115,1.2910132,1.8372726,GM12878,0.72441465,1.0,1
ENSG00000064763,0.84559405,0.920645,GM12878,0.70264065,1.0,1
ENSG00000064933,1.4658549,1.227115,GM12878,0.8769786,1.0,1
ENSG00000064933,1.3668644,1.227115,GM12878,0.63607347,1.0,1
ENSG00000064933,1.6416429,1.227115,GM12878,0.70858145,1.0,1
ENSG00000064933,1.410448,1.227115,GM12878,0.7704213,0.9388275,1
ENSG00000064933,1.5511063,1.227115,GM12878,0.72683305,0.9592183,1
ENSG00000064933,1.4991958,1.227115,GM12878,0.85971683,0.0027777778,1
ENSG00000064933,1.3853079,1.227115,GM12878,0.6180961,0.595217,1
ENSG00000064989,-0.0055019855,-0.92081875,GM12878,0.9386098,1.0,1
ENSG00000065357,0.68474954,0.81954396,GM12878,0.9307625,0.8831169,1
ENSG00000065548,1.6352669,2.1490343,GM12878,0.86446613,1.0,1
ENSG00000065548,1.6412855,2.1490343,GM12878,0.87101567,1.0,1
ENSG00000065548,1.5788897,2.1490343,GM12878,0.9148786,1.0,1
ENSG00000065548,1.5752076,2.1490343,GM12878,0.9108246,1.0,1
ENSG00000065548,1.5235938,2.1490343,GM12878,0.8964639,0.27601242,1
ENSG00000065802,1.7551979,1.3005955,GM12878,0.91146106,1.0,1
ENSG00000065911,1.8551718,2.3176246,GM12878,0.9251891,1.0,1
ENSG00000065911,1.8688318,2.3176246,GM12878,0.8982878,0.15467583,1
ENSG00000065911,1.8453215,2.3176246,GM12878,0.8929687,0.99922943,1
ENSG00000065970,1.7033929,0.35793483,GM12878,0.9319895,1.0,1
ENSG00000066084,1.0623101,1.2650537,GM12878,0.7523572,1.0,1
ENSG00000066117,1.6378206,1.6785184,GM12878,0.9283046,1.0,1
ENSG00000066117,1.5998499,1.6785184,GM12878,0.69718826,1.0,1
ENSG00000066117,1.5998499,1.6785184,GM12878,0.69718826,1.0,1
ENSG00000066117,1.6076235,1.6785184,GM12878,0.87128943,0.44461077,1
ENSG00000067066,1.3789029,1.4056878,GM12878,0.8709891,1.0,1
ENSG00000067066,1.5567396,1.4056878,GM12878,0.82835853,0.8678011,1
ENSG00000067066,1.5954583,1.4056878,GM12878,0.8573049,0.009708738,1
ENSG00000067066,1.4110018,1.4056878,GM12878,0.82245094,0.8682635,1
ENSG00000067182,1.9047902,1.351603,GM12878,0.80311203,1.0,1
ENSG00000067182,1.896738,1.351603,GM12878,0.90466475,0.9922929,1
ENSG00000067182,1.773589,1.351603,GM12878,0.8161241,0.99613154,1
ENSG00000068024,0.8006389,0.48429984,GM12878,0.9624502,1.0,1
ENSG00000068654,1.4504554,0.9454686,GM12878,0.9230784,1.0,1
ENSG00000068697,1.7188476,2.0860393,GM12878,0.8627366,1.0,1
ENSG00000068697,1.7248416,2.0860393,GM12878,0.81450593,1.0,1
ENSG00000068724,1.2064478,0.81491315,GM12878,0.8599367,1.0,1
ENSG00000068724,1.2477895,0.81491315,GM12878,0.34920686,0.018796992,1
ENSG00000068724,1.2263192,0.81491315,GM12878,0.7593105,0.065789476,1
ENSG00000068724,1.293449,0.81491315,GM12878,0.8219493,0.9868914,1
ENSG00000068724,1.1325314,0.81491315,GM12878,0.94969344,0.9580537,1
ENSG00000068724,1.1957994,0.81491315,GM12878,0.8747059,0.0,1
ENSG00000068784,1.6100222,0.94101423,GM12878,0.8307408,1.0,1
ENSG00000068878,1.5238662,1.7384634,GM12878,0.611027,1.0,1
ENSG00000068878,1.4223708,1.7384634,GM12878,0.7283494,0.639196,1
ENSG00000068878,1.5246445,1.7384634,GM12878,0.6690708,0.9855346,1
ENSG00000068912,1.6733382,1.462398,GM12878,0.7652579,1.0,1
ENSG00000068912,1.6081668,1.462398,GM12878,0.60033256,0.8584008,1
ENSG00000069493,0.014719553,0.64836,GM12878,0.9789817,1.0,1
ENSG00000069493,0.005219497,0.64836,GM12878,0.9516012,0.87815124,1
ENSG00000069493,0.1955986,0.64836,GM12878,0.9801896,0.44295302,1
ENSG00000070018,1.481381,0.89376175,GM12878,0.82283235,1.0,1
ENSG00000070019,-0.17615783,-0.92081875,GM12878,0.9900484,1.0,1
ENSG00000070019,-0.04249099,-0.92081875,GM12878,0.97675055,1.0,1
ENSG00000070019,-0.26036125,-0.92081875,GM12878,0.9902227,1.0,1
ENSG00000070019,-0.29912472,-0.92081875,GM12878,0.9175334,1.0,1
ENSG00000070961,1.2903669,1.1994809,GM12878,0.9276437,1.0,1
ENSG00000070961,1.3115212,1.1994809,GM12878,0.84785414,1.0,1
ENSG00000070961,1.3908577,1.1994809,GM12878,0.8767808,1.0,1
ENSG00000070961,1.4602692,1.1994809,GM12878,0.81729174,0.97525775,1
ENSG00000071051,0.79831344,0.57054293,GM12878,0.96782494,1.0,1
ENSG00000071051,0.71872365,0.57054293,GM12878,0.8961862,0.5444015,1
ENSG00000071054,1.3093423,1.5724069,GM12878,0.9318759,1.0,1
ENSG00000071054,1.3344393,1.5724069,GM12878,0.7168535,0.41871583,1
ENSG00000071054,1.2866496,1.5724069,GM12878,0.4494256,0.58128417,1
ENSG00000071054,1.1911896,1.5724069,GM12878,0.90711826,0.38251367,1
ENSG00000071073,-0.2893153,-0.60206,GM12878,0.9522681,1.0,1
ENSG00000071073,-0.342012,-0.60206,GM12878,0.9818381,1.0,1
ENSG00000071073,-0.24748468,-0.60206,GM12878,0.8745363,1.0,1
ENSG00000071073,-0.33163553,-0.60206,GM12878,0.9786103,1.0,1
ENSG00000071073,-0.3068998,-0.60206,GM12878,0.97542995,1.0,1
ENSG00000071575,0.8744096,1.2995073,GM12878,0.82729995,1.0,1
ENSG00000071909,0.019109175,0.21484385,GM12878,0.96227276,1.0,1
ENSG00000071967,1.6105125,1.2600714,GM12878,0.8925205,1.0,1
ENSG00000071967,1.5942531,1.2600714,GM12878,0.6192851,1.0,1
ENSG00000071967,1.5942531,1.2600714,GM12878,0.6192851,1.0,1
ENSG00000071967,1.6105125,1.2600714,GM12878,0.8925205,0.95373666,1
ENSG00000072135,1.4674176,1.6394864,GM12878,0.84934443,1.0,1
ENSG00000072135,1.4256291,1.6394864,GM12878,0.92627287,1.0,1
ENSG00000072135,1.3701366,1.6394864,GM12878,0.89071286,1.0,1
ENSG00000072609,1.3520128,1.4173056,GM12878,0.84387696,1.0,1
ENSG00000072609,1.3525256,1.4173056,GM12878,0.72653234,1.0,1
ENSG00000072609,1.3950605,1.4173056,GM12878,0.34623984,0.067885116,1
ENSG00000072609,1.3550831,1.4173056,GM12878,0.8678221,0.51428574,1
ENSG00000072609,1.3097473,1.4173056,GM12878,0.9177166,0.41571194,1
ENSG00000072609,1.4539412,1.4173056,GM12878,0.7707624,0.5989933,1
ENSG00000073060,1.4930173,1.9950645,GM12878,0.94802684,1.0,1
ENSG00000073060,1.4988213,1.9950645,GM12878,0.88379616,0.6875557,1
ENSG00000073060,1.5074745,1.9950645,GM12878,0.8173501,0.02337278,1
ENSG00000073614,1.8712083,1.0043213,GM12878,0.79959667,1.0,1
ENSG00000073614,1.9107754,1.0043213,GM12878,0.8153227,1.0,1
ENSG00000073614,1.9212317,1.0043213,GM12878,0.8184988,0.07196402,1
ENSG00000074054,1.6897761,0.8756399,GM12878,0.84168243,1.0,1
ENSG00000074054,1.7967925,0.8756399,GM12878,0.8276429,1.0,1
ENSG00000074054,1.7937628,0.8756399,GM12878,0.92577636,1.0,1
ENSG00000074582,1.3293673,1.6382896,GM12878,0.69545734,1.0,1
ENSG00000074582,1.3117801,1.6382896,GM12878,0.92978203,0.04265403,1
ENSG00000074582,1.3369906,1.6382896,GM12878,0.9171815,0.012707722,1
ENSG00000074582,1.308266,1.6382896,GM12878,0.9054401,0.039923955,1
ENSG00000075089,1.4797442,1.8997658,GM12878,0.84582424,1.0,1
ENSG00000075089,1.5173258,1.8997658,GM12878,0.8082592,0.9995011,1
ENSG00000075188,1.6677022,2.2130394,GM12878,0.62159896,1.0,1
ENSG00000075188,1.7194661,2.2130394,GM12878,0.71921986,0.026617851,1
ENSG00000075292,1.3738903,1.8391637,GM12878,0.82060874,1.0,1
ENSG00000075292,1.3914428,1.8391637,GM12878,0.7442569,0.9626697,1
ENSG00000075415,1.5891719,2.5069783,GM12878,0.9257889,1.0,1
ENSG00000075426,0.87978196,-0.34678748,GM12878,0.93332464,1.0,1
ENSG00000075426,0.96321607,-0.34678748,GM12878,0.84918875,1.0,1
ENSG00000075856,1.7614299,1.4109459,GM12878,0.7810728,1.0,1
ENSG00000075856,1.7743051,1.4109459,GM12878,0.90427154,0.9958042,1
ENSG00000075856,1.7756325,1.4109459,GM12878,0.8588202,0.025874127,1
ENSG00000075884,0.16263944,-0.013228266,GM12878,0.94445676,1.0,1
ENSG00000076003,1.3652455,1.9534214,GM12878,0.92332894,1.0,1
ENSG00000076003,1.3669332,1.9534214,GM12878,0.88736415,1.0,1
ENSG00000076067,0.13762681,0.12057393,GM12878,0.965725,1.0,1
ENSG00000076108,1.4275633,1.8205298,GM12878,0.9362505,1.0,1
ENSG00000076108,1.3347596,1.8205298,GM12878,0.912752,1.0,1
ENSG00000076108,1.2793658,1.8205298,GM12878,0.9085594,0.15889744,1
ENSG00000076248,0.95163876,1.2966652,GM12878,0.9263644,1.0,1
ENSG00000076248,0.9829373,1.2966652,GM12878,0.8158661,0.99693567,1
ENSG00000076513,1.6243953,1.5936183,GM12878,0.8353728,1.0,1
ENSG00000076513,1.6243953,1.5936183,GM12878,0.8353728,1.0,1
ENSG00000076513,1.6598808,1.5936183,GM12878,0.6586171,1.0,1
ENSG00000076513,1.653114,1.5936183,GM12878,0.8576633,1.0,1
ENSG00000076513,1.6279651,1.5936183,GM12878,0.90490055,0.986946,1
ENSG00000077044,0.5592248,1.1964525,GM12878,0.9664758,1.0,1
ENSG00000077044,0.6524824,1.1964525,GM12878,0.8741629,0.01369863,1
ENSG00000077232,1.4098436,1.5851222,GM12878,0.7065284,1.0,1
ENSG00000077232,1.4366077,1.5851222,GM12878,0.87134904,1.0,1
ENSG00000077232,1.4745022,1.5851222,GM12878,0.51147085,0.9609848,1
ENSG00000077232,1.5154091,1.5851222,GM12878,0.6413613,0.014757281,1
ENSG00000077232,1.4138342,1.5851222,GM12878,0.77963287,0.03846154,1
ENSG00000077232,1.500978,1.5851222,GM12878,0.776986,0.08199643,1
ENSG00000077380,1.6570407,2.136467,GM12878,0.67369497,1.0,1
ENSG00000077380,1.6364406,2.136467,GM12878,0.44239476,0.0,1
ENSG00000077380,1.6987526,2.136467,GM12878,0.82018524,0.0011638433,1
ENSG00000078237,0.43967333,-0.52287877,GM12878,0.91361266,1.0,1
ENSG00000078246,1.5831904,0.98587537,GM12878,0.8945713,1.0,1
ENSG00000078246,1.6464883,0.98587537,GM12878,0.8756531,0.9167604,1
ENSG00000078246,1.5767583,0.98587537,GM12878,0.8973847,0.9943757,1
ENSG00000078246,1.5906895,0.98587537,GM12878,0.93505496,0.9223847,1
ENSG00000078246,1.6343983,0.98587537,GM12878,0.908447,0.9943757,1
ENSG00000079150,1.3050319,1.154424,GM12878,0.867137,1.0,1
ENSG00000079150,1.3343073,1.154424,GM12878,0.91958165,0.83908045,1
ENSG00000079150,1.3976794,1.154424,GM12878,0.8999583,0.23958333,1
ENSG00000079150,1.3050319,1.154424,GM12878,0.867137,0.38020834,1
ENSG00000079156,0.76262593,1.1510632,GM12878,0.9671971,1.0,1
ENSG00000079246,1.4750226,2.570823,GM12878,0.91805017,1.0,1
ENSG00000079246,1.4048631,2.570823,GM12878,0.9305134,1.0,1
ENSG00000079337,0.7786633,-0.34678748,GM12878,0.97565436,1.0,1
ENSG00000079337,0.73283476,-0.34678748,GM12878,0.97896487,1.0,1
ENSG00000079387,1.7706565,1.6055205,GM12878,0.6906265,1.0,1
ENSG00000079387,1.7883626,1.6055205,GM12878,0.8444325,0.29693994,1
ENSG00000079785,1.6164068,2.186589,GM12878,0.80714643,1.0,1
ENSG00000080345,1.6068066,1.4865721,GM12878,0.70143896,1.0,1
ENSG00000080345,1.5502162,1.4865721,GM12878,0.49923703,1.0,1
ENSG00000080345,1.440707,1.4865721,GM12878,0.9365549,1.0,1
ENSG00000080345,1.5027044,1.4865721,GM12878,0.83088446,0.20479302,1
ENSG00000080345,1.6337361,1.4865721,GM12878,0.8430079,0.6510773,1
ENSG00000080371,1.3086648,0.9375179,GM12878,0.8642633,1.0,1
ENSG00000080371,1.3499931,0.9375179,GM12878,0.8942577,1.0,1
ENSG00000080371,1.3028321,0.9375179,GM12878,0.94602966,1.0,1
ENSG00000081320,1.4771826,0.9375179,GM12878,0.8409364,1.0,1
ENSG00000081320,1.4572471,0.9375179,GM12878,0.879617,1.0,1
ENSG00000081320,1.5651973,0.9375179,GM12878,0.60933274,1.0,1
ENSG00000081760,0.76492923,0.666518,GM12878,0.96489877,1.0,1
ENSG00000081760,0.7798109,0.666518,GM12878,0.9226295,1.0,1
ENSG00000081760,0.7605539,0.666518,GM12878,0.95244306,0.10033445,1
ENSG00000081760,0.74459887,0.666518,GM12878,0.9667645,0.83798885,1
ENSG00000082146,1.218759,1.2352759,GM12878,0.73979825,1.0,1
ENSG00000082146,1.3032045,1.2352759,GM12878,0.90731037,1.0,1
ENSG00000082146,1.3162497,1.2352759,GM12878,0.72010905,1.0,1
ENSG00000082153,1.7897558,2.1173708,GM12878,0.9157353,1.0,1
ENSG00000082258,1.4778782,1.3172274,GM12878,0.8177333,1.0,1
ENSG00000082258,1.604374,1.3172274,GM12878,0.8975008,0.2628012,1
ENSG00000082805,1.2204782,0.33845648,GM12878,0.9330536,0.6804734,1
ENSG00000082805,1.2194024,0.33845648,GM12878,0.53356034,0.02366864,1
ENSG00000082805,1.1616048,0.33845648,GM12878,0.93973094,1.0,1
ENSG00000082805,1.278133,0.33845648,GM12878,0.80383873,0.023391813,1
ENSG00000082805,1.1662688,0.33845648,GM12878,0.77847815,0.005882353,1
ENSG00000082898,1.9421939,2.331326,GM12878,0.72619843,1.0,1
ENSG00000082898,2.016872,2.331326,GM12878,0.8615596,1.0,1
ENSG00000082898,2.0013797,2.331326,GM12878,0.8281305,1.0,1
ENSG00000082898,2.01114,2.331326,GM12878,0.8653604,1.0,1
ENSG00000084090,1.5789659,1.9021118,GM12878,0.8107747,1.0,1
ENSG00000084110,-0.66246283,-0.60206,GM12878,0.99033177,1.0,1
ENSG00000084112,1.2744077,0.4913617,GM12878,0.8418021,1.0,1
ENSG00000084444,0.87371933,0.65513843,GM12878,0.8986355,1.0,1
ENSG00000084463,1.5113479,1.0362295,GM12878,0.90072525,1.0,1
ENSG00000084463,1.5377407,1.0362295,GM12878,0.9218678,1.0,1
ENSG00000084463,1.5539268,1.0362295,GM12878,0.60766536,0.0046425257,1
ENSG00000084676,1.1193901,1.2764618,GM12878,0.9271022,1.0,1
ENSG00000084676,1.1770676,1.2764618,GM12878,0.8399793,1.0,1
ENSG00000084676,1.1565421,1.2764618,GM12878,0.8816725,0.689951,1
ENSG00000084676,1.132134,1.2764618,GM12878,0.79690206,0.7805582,1
ENSG00000084693,1.4871907,1.5991186,GM12878,0.5652576,1.0,1
ENSG00000084693,1.4888173,1.5991186,GM12878,0.8512191,0.56435645,1
ENSG00000084731,0.7113525,0.42160392,GM12878,0.9702983,1.0,1
ENSG00000084731,0.7852279,0.42160392,GM12878,0.9698612,1.0,1
ENSG00000084733,1.9022472,1.9852917,GM12878,0.8840868,1.0,1
ENSG00000084733,1.8863214,1.9852917,GM12878,0.87377,1.0,1
ENSG00000084733,1.890113,1.9852917,GM12878,0.92341447,1.0,1
ENSG00000084733,1.8791176,1.9852917,GM12878,0.90987134,1.0,1
ENSG00000084754,1.8383613,2.190472,GM12878,0.71310675,1.0,1
ENSG00000084764,1.1030438,1.4965146,GM12878,0.8754326,1.0,1
ENSG00000084774,1.8087991,1.5732198,GM12878,0.85623014,1.0,1
ENSG00000084774,1.864539,1.5732198,GM12878,0.75708914,0.9823691,1
ENSG00000085449,1.0784845,1.3895204,GM12878,0.74874395,1.0,1
ENSG00000085760,1.3067099,1.7431176,GM12878,0.8958573,1.0,1
ENSG00000085760,1.2918206,1.7431176,GM12878,0.9390334,1.0,1
ENSG00000085760,1.1939746,1.7431176,GM12878,0.32828143,0.100053504,1
ENSG00000085978,1.5592496,1.2276297,GM12878,0.8467149,1.0,1
ENSG00000085978,1.5592496,1.2276297,GM12878,0.8467149,1.0,1
ENSG00000085978,1.4992566,1.2276297,GM12878,0.8827358,1.0,1
ENSG00000085978,1.4593607,1.2276297,GM12878,0.5107407,0.2453125,1
ENSG00000085982,1.1953026,1.0881361,GM12878,0.89894694,1.0,1
ENSG00000085982,1.2141534,1.0881361,GM12878,0.71368104,1.0,1
ENSG00000086598,1.7129345,2.15567,GM12878,0.925741,1.0,1
ENSG00000087338,1.3298994,1.2484637,GM12878,0.92576563,1.0,1
ENSG00000087448,0.98562074,0.94151145,GM12878,0.6215023,1.0,1
ENSG00000087470,1.2260367,1.7861123,GM12878,0.8625611,1.0,1
ENSG00000087470,1.2260367,1.7861123,GM12878,0.8625611,1.0,1
ENSG00000087470,1.1449515,1.7861123,GM12878,0.8957825,1.0,1
ENSG00000087470,1.181037,1.7861123,GM12878,0.68405795,1.0,1
ENSG00000087470,1.2258807,1.7861123,GM12878,0.7553578,0.21595427,1
ENSG00000087470,1.1086706,1.7861123,GM12878,0.83080715,1.0,1
ENSG00000087470,1.2051907,1.7861123,GM12878,0.7509203,0.9932165,1
ENSG00000087470,1.2070557,1.7861123,GM12878,0.6910412,1.0,1
ENSG00000087470,1.1935955,1.7861123,GM12878,0.8750705,0.18685122,1
ENSG00000087470,1.1579818,1.7861123,GM12878,0.8564694,0.27376696,1
ENSG00000087470,1.199011,1.7861123,GM12878,0.77333945,0.675503,1
ENSG00000087470,1.1853248,1.7861123,GM12878,0.7525927,0.5592635,1
ENSG00000087494,-0.024034746,0.17026171,GM12878,0.9799668,1.0,1
ENSG00000087502,1.3223773,1.5619358,GM12878,0.9209004,1.0,1
ENSG00000088179,1.6805365,1.3697723,GM12878,0.6170796,1.0,1
ENSG00000088205,1.1940997,2.0459876,GM12878,0.888189,1.0,1
ENSG00000088986,1.6828659,2.5452452,GM12878,0.7325338,1.0,1
ENSG00000088986,1.5881828,2.5452452,GM12878,0.8297568,1.0,1
ENSG00000088992,1.041034,1.2720737,GM12878,0.9178348,1.0,1
ENSG00000088992,1.0394423,1.2720737,GM12878,0.8609276,1.0,1
ENSG00000088992,0.9680831,1.2720737,GM12878,0.86755043,0.9531773,1
ENSG00000089022,1.6709512,1.7231271,GM12878,0.69856715,1.0,1
ENSG00000089041,0.09877978,-0.82390875,GM12878,0.94453615,1.0,1
ENSG00000089053,1.5704468,2.3872297,GM12878,0.8449299,1.0,1
ENSG00000089053,1.5016408,2.3872297,GM12878,0.86789995,0.84344923,1
ENSG00000089060,1.5607103,1.2387986,GM12878,0.62219995,1.0,1
ENSG00000089060,1.4312676,1.2387986,GM12878,0.829323,1.0,1
ENSG00000089060,1.4200345,1.2387986,GM12878,0.60215276,0.022988506,1
ENSG00000089060,1.5569519,1.2387986,GM12878,0.816411,1.0,1
ENSG00000089094,0.9507794,1.2591158,GM12878,0.9625867,1.0,1
ENSG00000089094,1.0037626,1.2591158,GM12878,0.50084186,1.0,1
ENSG00000089094,0.9891438,1.2591158,GM12878,0.865436,0.88706565,1
ENSG00000089154,1.8704702,1.7058637,GM12878,0.91410387,1.0,1
ENSG00000089159,1.0141374,1.4581845,GM12878,0.8181322,0.40955952,1
ENSG00000089163,1.1143378,0.35983548,GM12878,0.9403664,1.0,1
ENSG00000089163,1.1475146,0.35983548,GM12878,0.80782336,1.0,1
ENSG00000089220,1.1086304,2.007321,GM12878,0.9245491,1.0,1
ENSG00000089220,1.0661151,2.007321,GM12878,0.86521393,1.0,1
ENSG00000089234,1.5442702,1.34262,GM12878,0.92023605,1.0,1
ENSG00000089248,1.7621719,1.9694159,GM12878,0.8471923,0.88129413,1
ENSG00000089692,-0.04614518,-0.6777807,GM12878,0.857914,1.0,1
ENSG00000089693,1.9467484,2.1970875,GM12878,0.69969493,1.0,1
ENSG00000089693,1.8392138,2.1970875,GM12878,0.7409388,1.0,1
ENSG00000089818,1.7081736,1.1906118,GM12878,0.7523699,1.0,1
ENSG00000089818,1.7309211,1.1906118,GM12878,0.86025625,0.95894426,1
ENSG00000090376,-0.73556787,-0.92081875,GM12878,0.9960257,1.0,1
ENSG00000090382,0.96416974,1.477266,GM12878,0.7657969,1.0,1
ENSG00000090612,1.0808504,0.68663627,GM12878,0.8828359,0.8636364,1
ENSG00000090612,1.1704463,0.68663627,GM12878,0.9058245,0.7702703,1
ENSG00000090612,1.1639549,0.68663627,GM12878,0.46357825,0.34538153,1
ENSG00000090615,1.886154,1.148911,GM12878,0.9122532,1.0,1
ENSG00000091039,1.7625378,1.5323721,GM12878,0.77631664,1.0,1
ENSG00000091039,1.7571493,1.5323721,GM12878,0.838541,1.0,1
ENSG00000091039,1.7011436,1.5323721,GM12878,0.8590111,0.31226766,1
ENSG00000091106,-0.07970038,-0.85387194,GM12878,0.9882384,1.0,1
ENSG00000091106,-0.04569985,-0.85387194,GM12878,0.9754651,1.0,1
ENSG00000091409,-0.6146758,-0.92081875,GM12878,0.9990689,1.0,1
ENSG00000091409,-0.56803876,-0.92081875,GM12878,0.9984452,1.0,1
ENSG00000091428,-0.6512313,-0.4089354,GM12878,0.98973864,1.0,1
ENSG00000091428,-0.6728896,-0.4089354,GM12878,0.9822818,1.0,1
ENSG00000091436,0.99029005,1.3378584,GM12878,0.73029965,1.0,1
ENSG00000092841,1.9820738,3.0676584,GM12878,0.70847636,1.0,1
ENSG00000092841,1.9957376,3.0676584,GM12878,0.8816287,1.0,1
ENSG00000092841,2.0354555,3.0676584,GM12878,0.90392536,1.0,1
ENSG00000092841,2.0070043,3.0676584,GM12878,0.88496965,1.0,1
ENSG00000092841,1.9571162,3.0676584,GM12878,0.86760193,1.0,1
ENSG00000092841,1.9710625,3.0676584,GM12878,0.91447717,0.9697458,1
ENSG00000092841,2.0146122,3.0676584,GM12878,0.73517996,0.07447057,1
ENSG00000094914,1.6837007,1.8744239,GM12878,0.7430469,1.0,1
ENSG00000094914,1.6561085,1.8744239,GM12878,0.9105732,0.97541666,1
ENSG00000094916,1.9503423,1.8588979,GM12878,0.8005141,1.0,1
ENSG00000094916,1.9646716,1.8588979,GM12878,0.9116197,1.0,1
ENSG00000095002,1.521219,1.9315088,GM12878,0.93569577,1.0,1
ENSG00000095002,1.491428,1.9315088,GM12878,0.8888686,1.0,1
ENSG00000102189,1.3800706,0.5965971,GM12878,0.9213055,1.0,1
ENSG00000102189,1.4383247,0.5965971,GM12878,0.9323551,1.0,1
ENSG00000110801,1.6919599,1.7159199,GM12878,0.91415477,1.0,1
ENSG00000110801,1.601037,1.7159199,GM12878,0.93227804,0.52356213,1
ENSG00000110801,1.7039973,1.7159199,GM12878,0.74799675,0.2872928,1
ENSG00000110841,0.33787778,0.17609125,GM12878,0.9636138,1.0,1
ENSG00000110844,0.73788965,0.587711,GM12878,0.907868,1.0,1
ENSG00000110844,0.6296391,0.587711,GM12878,0.9384073,1.0,1
ENSG00000110848,1.4497423,1.7195798,GM12878,0.9154213,1.0,1
ENSG00000110848,1.3633136,1.7195798,GM12878,0.9295671,1.0,1
ENSG00000110848,1.3938578,1.7195798,GM12878,0.9214734,1.0,1
ENSG00000110851,0.95743525,1.1945144,GM12878,0.67037684,1.0,1
ENSG00000110852,0.2696982,0.5888317,GM12878,0.95817924,1.0,1
ENSG00000110852,0.19341469,0.5888317,GM12878,0.97053075,1.0,1
ENSG00000110852,0.44066322,0.5888317,GM12878,0.89478534,0.8680352,1
ENSG00000110871,1.9572691,1.6590601,GM12878,0.8843872,1.0,1
ENSG00000110871,1.9904106,1.6590601,GM12878,0.88370436,0.9988799,1
ENSG00000110871,1.9780992,1.6590601,GM12878,0.88064206,0.04121864,1
ENSG00000110880,1.9127191,2.3280737,GM12878,0.77837545,1.0,1
ENSG00000110880,1.7410735,2.3280737,GM12878,0.92259955,1.0,1
ENSG00000110881,0.095636435,0.20951502,GM12878,0.9924805,1.0,1
ENSG00000110888,1.1543974,1.0265332,GM12878,0.8840092,1.0,1
ENSG00000110888,1.1402159,1.0265332,GM12878,0.9324164,1.0,1
ENSG00000110888,1.269035,1.0265332,GM12878,0.90747225,1.0,1
ENSG00000110888,1.2281402,1.0265332,GM12878,0.6899159,0.25040388,1
ENSG00000110888,1.242179,1.0265332,GM12878,0.9041374,0.9846154,1
ENSG00000110888,1.1826451,1.0265332,GM12878,0.49265245,0.6297663,1
ENSG00000110888,1.2023234,1.0265332,GM12878,0.8998319,0.3457189,1
ENSG00000110906,1.6410189,1.4665711,GM12878,0.82014346,1.0,1
ENSG00000110906,1.6410189,1.4665711,GM12878,0.82014346,1.0,1
ENSG00000110906,1.6181941,1.4665711,GM12878,0.9306354,1.0,1
ENSG00000110906,1.6083072,1.4665711,GM12878,0.8956823,1.0,1
ENSG00000110906,1.6083072,1.4665711,GM12878,0.8956823,0.73277557,1
ENSG00000110911,1.3986126,1.6755034,GM12878,0.89260185,1.0,1
ENSG00000110917,1.5898077,1.5609821,GM12878,0.8989095,1.0,1
ENSG00000110917,1.6309338,1.5609821,GM12878,0.93845457,1.0,1
ENSG00000110917,1.6019672,1.5609821,GM12878,0.7763065,1.0,1
ENSG00000110921,1.598589,1.4432629,GM12878,0.8379725,1.0,1
ENSG00000110921,1.5057275,1.4432629,GM12878,0.7672435,1.0,1
ENSG00000110921,1.6300923,1.4432629,GM12878,0.6029044,0.8910082,1
ENSG00000110921,1.5638283,1.4432629,GM12878,0.6556942,0.8161889,1
ENSG00000110925,1.2596585,0.8915374,GM12878,0.7561989,1.0,1
ENSG00000110925,1.3014166,0.8915374,GM12878,0.7725581,1.0,1
ENSG00000110931,1.2178053,1.1869563,GM12878,0.8971113,1.0,1
ENSG00000110931,1.3315856,1.1869563,GM12878,0.88321626,1.0,1
ENSG00000110931,1.1966668,1.1869563,GM12878,0.7592938,0.122857146,1
ENSG00000110931,1.2076119,1.1869563,GM12878,0.90445346,0.8297587,1
ENSG00000110934,-0.24751312,-0.537602,GM12878,0.9904039,1.0,1
ENSG00000110944,0.6291059,1.0174507,GM12878,0.9460708,1.0,1
ENSG00000110955,1.8935131,3.3983412,GM12878,0.87486273,1.0,1
ENSG00000110958,1.9270797,2.114244,GM12878,0.8406453,1.0,1
ENSG00000110958,1.8455415,2.114244,GM12878,0.9224048,1.0,1
ENSG00000110958,2.0154097,2.114244,GM12878,0.8796911,1.0,1
ENSG00000110958,1.7788783,2.114244,GM12878,0.87314254,0.88235295,1
ENSG00000110958,1.8455415,2.114244,GM12878,0.9224048,0.9948186,1
ENSG00000110958,1.9302028,2.114244,GM12878,0.8454774,0.86775446,1
ENSG00000110958,1.9821208,2.114244,GM12878,0.87772197,0.9996437,1
ENSG00000110987,1.1857635,0.9561684,GM12878,0.9163326,1.0,1
ENSG00000110987,1.2040075,0.9561684,GM12878,0.95871735,1.0,1
ENSG00000111011,1.7757885,1.7259933,GM12878,0.91639096,1.0,1
ENSG00000111011,1.8208541,1.7259933,GM12878,0.8452882,0.70385605,1
ENSG00000111011,1.7565608,1.7259933,GM12878,0.91719854,0.99866134,1
ENSG00000111012,0.44463992,0.5820634,GM12878,0.97257507,1.0,1
ENSG00000111057,1.5771313,2.4412708,GM12878,0.93502057,1.0,1
ENSG00000111057,1.5400343,2.4412708,GM12878,0.9489848,1.0,1
ENSG00000111057,1.5841162,2.4412708,GM12878,0.9228848,1.0,1
ENSG00000111087,1.0989954,-0.14874165,GM12878,0.96006036,1.0,1
ENSG00000111087,1.0733907,-0.14874165,GM12878,0.9310872,1.0,1
ENSG00000111110,0.5288116,0.63848925,GM12878,0.97312456,1.0,1
ENSG00000111110,0.55836266,0.63848925,GM12878,0.9411936,1.0,1
ENSG00000111110,0.5750966,0.63848925,GM12878,0.953148,1.0,1
ENSG00000111110,0.42930293,0.63848925,GM12878,0.94271046,1.0,1
ENSG00000111142,1.4081062,2.1322596,GM12878,0.9416184,1.0,1
ENSG00000111142,1.4901313,2.1322596,GM12878,0.92847735,1.0,1
ENSG00000111142,1.4081062,2.1322596,GM12878,0.9416184,0.942899,1
ENSG00000111142,1.4721528,2.1322596,GM12878,0.9089194,0.99957174,1
ENSG00000111144,1.3871641,1.5805829,GM12878,0.74722767,1.0,1
ENSG00000111144,1.2344868,1.5805829,GM12878,0.88731164,0.89862496,1
ENSG00000111144,1.2320749,1.5805829,GM12878,0.7604513,0.06234414,1
ENSG00000111144,1.346951,1.5805829,GM12878,0.76605445,0.022925764,1
ENSG00000111145,0.9915093,-0.013228266,GM12878,0.9319665,1.0,1
ENSG00000111145,0.9260219,-0.013228266,GM12878,0.7959132,1.0,1
ENSG00000111196,1.7261441,1.6009729,GM12878,0.89184725,1.0,1
ENSG00000111196,1.6339322,1.6009729,GM12878,0.5606218,0.5342679,1
ENSG00000111203,1.6988673,1.0733517,GM12878,0.8718695,1.0,1
ENSG00000111203,1.6572958,1.0733517,GM12878,0.86532015,1.0,1
ENSG00000111206,1.7035357,0.99782306,GM12878,0.91957843,1.0,1
ENSG00000111206,1.6578231,0.99782306,GM12878,0.9009812,1.0,1
ENSG00000111206,1.829262,0.99782306,GM12878,0.8651493,0.06612685,1
ENSG00000111206,1.6262721,0.99782306,GM12878,0.7096751,0.7301855,1
ENSG00000111224,0.7944423,-0.5086383,GM12878,0.91790557,1.0,1
ENSG00000111224,0.57075006,-0.5086383,GM12878,0.9425955,1.0,1
ENSG00000111229,1.6341296,1.7294078,GM12878,0.81546557,1.0,1
ENSG00000111231,1.3971678,1.7625285,GM12878,0.92617124,1.0,1
ENSG00000111237,1.5770007,2.2845435,GM12878,0.83729523,0.055408534,1
ENSG00000111237,1.5571531,2.2845435,GM12878,0.4987954,0.46666044,1
ENSG00000111247,1.6140214,1.8617135,GM12878,0.91723925,1.0,1
ENSG00000111247,1.6631256,1.8617135,GM12878,0.8124102,0.15399121,1
ENSG00000111247,1.6832193,1.8617135,GM12878,0.863451,0.9311657,1
ENSG00000111247,1.6832193,1.8617135,GM12878,0.863451,0.9927441,1
ENSG00000111247,1.7054008,1.8617135,GM12878,0.883796,0.5789816,1
ENSG00000111247,1.6379504,1.8617135,GM12878,0.9012314,0.09753832,1
ENSG00000111252,1.5640296,1.3789427,GM12878,0.719627,1.0,1
ENSG00000111261,1.1597897,0.19589965,GM12878,0.8018,1.0,1
ENSG00000111266,1.2481395,0.9449759,GM12878,0.59642583,1.0,1
ENSG00000111269,1.424315,0.5987905,GM12878,0.46915102,1.0,1
ENSG00000111271,1.5328599,1.0962145,GM12878,0.7528204,1.0,1
ENSG00000111271,1.4917915,1.0962145,GM12878,0.7954644,1.0,1
ENSG00000111271,1.6204411,1.0962145,GM12878,0.39214066,0.45,1
ENSG00000111271,1.4662067,1.0962145,GM12878,0.8833303,1.0,1
ENSG00000111271,1.5038402,1.0962145,GM12878,0.7639721,0.9701493,1
ENSG00000111275,1.1894377,1.2237555,GM12878,0.9540241,1.0,1
ENSG00000111275,1.1139661,1.2237555,GM12878,0.93861985,1.0,1
ENSG00000111275,1.1381724,1.2237555,GM12878,0.9522777,0.047309835,1
ENSG00000111276,1.630721,1.0244857,GM12878,0.9362509,1.0,1
ENSG00000111300,1.6235926,1.5972563,GM12878,0.7354782,1.0,1
ENSG00000111300,1.8073572,1.5972563,GM12878,0.83913535,1.0,1
ENSG00000111300,1.7331144,1.5972563,GM12878,0.78619075,0.14213625,1
ENSG00000111300,1.7548128,1.5972563,GM12878,0.88278675,0.8578637,1
ENSG00000111300,1.6943884,1.5972563,GM12878,0.46782058,0.021026073,1
ENSG00000111319,-0.07742867,-0.61978877,GM12878,0.9820784,1.0,1
ENSG00000111319,0.011615954,-0.61978877,GM12878,0.98256487,1.0,1
ENSG00000111319,-0.113371916,-0.61978877,GM12878,0.97159374,1.0,1
ENSG00000111325,1.9982868,1.4266739,GM12878,0.72075576,1.0,1
ENSG00000111325,2.1240544,1.4266739,GM12878,0.789064,1.0,1
ENSG00000111325,2.0985644,1.4266739,GM12878,0.8193273,1.0,1
ENSG00000111325,2.047179,1.4266739,GM12878,0.77468854,1.0,1
ENSG00000111325,2.1150277,1.4266739,GM12878,0.7916345,0.38821137,1
ENSG00000111325,2.123442,1.4266739,GM12878,0.6563364,0.060568605,1
ENSG00000111325,2.133473,1.4266739,GM12878,0.7784569,0.3888889,1
ENSG00000111328,0.7518904,1.905364,GM12878,0.7354288,1.0,1
ENSG00000111328,0.7518904,1.905364,GM12878,0.7354288,1.0,1
ENSG00000111331,0.12586829,-0.14874165,GM12878,0.9757691,1.0,1
ENSG00000111331,0.15744227,-0.14874165,GM12878,0.9485217,1.0,1
ENSG00000111331,0.270892,-0.14874165,GM12878,0.96743983,1.0,1
ENSG00000111348,0.9321958,1.0891984,GM12878,0.8493456,1.0,1
ENSG00000111358,1.6586899,1.8342935,GM12878,0.72723246,1.0,1
ENSG00000111358,1.6914896,1.8342935,GM12878,0.82006025,0.5840046,1
ENSG00000111358,1.6905985,1.8342935,GM12878,0.79734427,0.94355965,1
ENSG00000111361,1.4566618,1.6484576,GM12878,0.8480834,1.0,1
ENSG00000111361,1.4576296,1.6484576,GM12878,0.8927799,1.0,1
ENSG00000111361,1.452922,1.6484576,GM12878,0.7285287,1.0,1
ENSG00000111364,1.9481238,1.6652995,GM12878,0.8276276,1.0,1
ENSG00000111371,1.5966817,1.5344069,GM12878,0.8074586,1.0,1
ENSG00000111371,1.5468657,1.5344069,GM12878,0.8215003,1.0,1
ENSG00000111371,1.6061513,1.5344069,GM12878,0.8258003,0.99778074,1
ENSG00000111371,1.4964932,1.5344069,GM12878,0.74801576,0.041364606,1
ENSG00000111412,1.140143,0.7986506,GM12878,0.93289423,1.0,1
ENSG00000111412,1.138694,0.7986506,GM12878,0.9351155,0.7328767,1
ENSG00000111424,0.11496386,0.17318627,GM12878,0.99489033,1.0,1
ENSG00000111424,0.052344676,0.17318627,GM12878,0.9727163,1.0,1
ENSG00000111424,0.13339065,0.17318627,GM12878,0.982064,0.5089286,1
ENSG00000111445,1.2846446,1.8686445,GM12878,0.8624913,1.0,1
ENSG00000111445,1.2063605,1.8686445,GM12878,0.41689426,0.29612947,1
ENSG00000111450,1.3188831,1.6092741,GM12878,0.83933836,1.0,1
ENSG00000111452,-0.08895893,0.7715875,GM12878,0.9817738,1.0,1
ENSG00000111481,2.0922034,2.5834029,GM12878,0.9101003,1.0,1
ENSG00000111481,2.1234217,2.5834029,GM12878,0.7729776,1.0,1
ENSG00000111481,2.0563924,2.5834029,GM12878,0.88938284,1.0,1
ENSG00000111481,2.1514015,2.5834029,GM12878,0.8129441,1.0,1
ENSG00000111481,2.1002526,2.5834029,GM12878,0.89913785,0.96806204,1
ENSG00000111481,2.0520065,2.5834029,GM12878,0.8775015,0.9833247,1
ENSG00000111490,-0.7848016,-0.61978877,GM12878,0.96681833,1.0,1
ENSG00000111530,1.4518793,2.0729113,GM12878,0.8774078,1.0,1
ENSG00000111530,1.7148514,2.0729113,GM12878,0.81592435,1.0,1
ENSG00000111537,0.03302992,-0.9586073,GM12878,0.9685545,1.0,1
ENSG00000111537,0.16122428,-0.9586073,GM12878,0.9642218,1.0,1
ENSG00000111540,1.2729349,1.7817553,GM12878,0.60921323,1.0,1
ENSG00000111540,1.2251805,1.7817553,GM12878,0.9077051,0.994782,1
ENSG00000111554,1.1643349,1.0394142,GM12878,0.91786754,1.0,1
ENSG00000111554,0.9458074,1.0394142,GM12878,0.94223213,1.0,1
ENSG00000111554,1.137637,1.0394142,GM12878,0.9307122,0.96039605,1
ENSG00000111554,1.1701809,1.0394142,GM12878,0.578079,0.19381443,1
ENSG00000111554,1.1033057,1.0394142,GM12878,0.70115364,0.80618554,1
ENSG00000111554,0.9458074,1.0394142,GM12878,0.94223213,1.0,1
ENSG00000111581,1.9771832,2.2729318,GM12878,0.8901111,1.0,1
ENSG00000111581,1.9065515,2.2729318,GM12878,0.8442686,0.99365366,1
ENSG00000111596,1.6184757,1.8489892,GM12878,0.8936413,1.0,1
ENSG00000111596,1.58197,1.8489892,GM12878,0.85129577,1.0,1
ENSG00000111596,1.6222209,1.8489892,GM12878,0.6504148,0.0,1
ENSG00000111602,1.6647228,1.09691,GM12878,0.8319246,1.0,1
ENSG00000111605,1.1526631,1.7075702,GM12878,0.66512495,1.0,1
ENSG00000111605,1.0283617,1.7075702,GM12878,0.91321236,1.0,1
ENSG00000111605,1.015996,1.7075702,GM12878,0.9405505,1.0,1
ENSG00000111605,1.0052273,1.7075702,GM12878,0.94019175,1.0,1
ENSG00000111605,1.2944521,1.7075702,GM12878,0.86799353,0.43953934,1
ENSG00000111615,1.4612936,1.6179434,GM12878,0.93018055,1.0,1
ENSG00000111615,1.1776956,1.6179434,GM12878,0.8930888,0.20603836,1
ENSG00000111640,1.6599191,3.780303,GM12878,0.8050332,1.0,1
ENSG00000111640,1.7212785,3.780303,GM12878,0.92901367,1.0,1
ENSG00000111641,1.6519797,1.81697,GM12878,0.94251364,1.0,1
ENSG00000111641,1.6463757,1.81697,GM12878,0.333367,0.031418525,1
ENSG00000111641,1.691946,1.81697,GM12878,0.41923952,0.015474794,1
ENSG00000111644,-0.025662787,1.218798,GM12878,0.977563,1.0,1
ENSG00000111647,1.4484333,1.1495271,GM12878,0.90888345,1.0,1
ENSG00000111652,1.520159,1.4995496,GM12878,0.5347523,1.0,1
ENSG00000111653,1.8904953,1.3868555,GM12878,0.89379096,1.0,1
ENSG00000111653,1.7829233,1.3868555,GM12878,0.7184848,1.0,1
ENSG00000111653,1.7879349,1.3868555,GM12878,0.91015625,0.76649743,1
ENSG00000111653,1.7816222,1.3868555,GM12878,0.866852,0.9263804,1
ENSG00000111664,-0.04991713,0.54406804,GM12878,0.96634054,1.0,1
ENSG00000111665,1.7228694,1.690639,GM12878,0.6028646,1.0,1
ENSG00000111665,1.8033918,1.690639,GM12878,0.8764516,1.0,1
ENSG00000111665,1.8237492,1.690639,GM12878,0.90119725,0.9242958,1
ENSG00000111666,1.219809,1.7963661,GM12878,0.90933186,1.0,1
ENSG00000111666,1.2183932,1.7963661,GM12878,0.81363666,1.0,1
ENSG00000111666,1.1528872,1.7963661,GM12878,0.8318539,0.028457599,1
ENSG00000111667,1.8987858,1.602711,GM12878,0.91918486,1.0,1
ENSG00000111667,1.769542,1.602711,GM12878,0.8591901,1.0,1
ENSG00000111667,1.7985641,1.602711,GM12878,0.8849243,1.0,1
ENSG00000111667,1.7748111,1.602711,GM12878,0.9119193,1.0,1
ENSG00000111667,1.9045298,1.602711,GM12878,0.6971749,1.0,1
ENSG00000111669,1.5877397,3.187828,GM12878,0.89896524,1.0,1
ENSG00000111670,1.2426355,1.1934029,GM12878,0.6969318,1.0,1
ENSG00000111670,1.1637586,1.1934029,GM12878,0.87234074,1.0,1
ENSG00000111674,0.51902837,1.652343,GM12878,0.98054814,1.0,1
ENSG00000111674,0.56877947,1.652343,GM12878,0.9761521,1.0,1
ENSG00000111674,0.48554814,1.652343,GM12878,0.985658,1.0,1
ENSG00000111674,0.52339655,1.652343,GM12878,0.92137563,1.0,1
ENSG00000111674,0.5253152,1.652343,GM12878,0.99224246,1.0,1
ENSG00000111674,0.5594145,1.652343,GM12878,0.9805335,1.0,1
ENSG00000111674,0.5746818,1.652343,GM12878,0.94906604,1.0,1
ENSG00000111676,1.3260487,0.651278,GM12878,0.89229196,1.0,1
ENSG00000111678,1.5197963,2.3016593,GM12878,0.9441714,1.0,1
ENSG00000111678,1.5403575,2.3016593,GM12878,0.736307,1.0,1
ENSG00000111678,1.5648912,2.3016593,GM12878,0.93020654,1.0,1
ENSG00000111678,1.543999,2.3016593,GM12878,0.94443005,1.0,1
ENSG00000111679,0.010643326,0.67394197,GM12878,0.9565765,1.0,1
ENSG00000111679,0.036728762,0.67394197,GM12878,0.99188614,1.0,1
ENSG00000111684,1.2564812,1.5936183,GM12878,0.8593958,1.0,1
ENSG00000111684,1.3398978,1.5936183,GM12878,0.7559085,0.97394544,1
ENSG00000111696,1.3313386,0.83569056,GM12878,0.80758333,1.0,1
ENSG00000111696,1.2853742,0.83569056,GM12878,0.8922968,1.0,1
ENSG00000111707,1.5808535,1.3453737,GM12878,0.9081521,1.0,1
ENSG00000111711,1.4213963,1.3100557,GM12878,0.7211301,1.0,1
ENSG00000111711,1.3609947,1.3100557,GM12878,0.8100265,1.0,1
ENSG00000111711,1.3609947,1.3100557,GM12878,0.8100265,0.31460676,1
ENSG00000111711,1.3073862,1.3100557,GM12878,0.74619305,0.0,1
ENSG00000111711,1.3877181,1.3100557,GM12878,0.7932915,0.046457607,1
ENSG00000111711,1.3073862,1.3100557,GM12878,0.74619305,0.96702003,1
ENSG00000111716,1.5150906,2.9872193,GM12878,0.83489025,1.0,1
ENSG00000111725,1.8796384,1.9398686,GM12878,0.8885538,1.0,1
ENSG00000111725,1.9142667,1.9398686,GM12878,0.7987288,1.0,1
ENSG00000111726,1.3987172,1.746167,GM12878,0.9274862,1.0,1
ENSG00000111726,1.3432912,1.746167,GM12878,0.9010722,0.6717835,1
ENSG00000111727,1.1603354,0.59217674,GM12878,0.9242589,1.0,1
ENSG00000111727,1.0554765,0.59217674,GM12878,0.5595635,0.42628205,1
ENSG00000111729,-0.18181202,-0.43179828,GM12878,0.9499222,1.0,1
ENSG00000111731,1.1923562,1.2664669,GM12878,0.80470484,1.0,1
ENSG00000111731,1.1249981,1.2664669,GM12878,0.48377863,0.006451613,1
ENSG00000111731,1.1267772,1.2664669,GM12878,0.7438855,0.0070967744,1
ENSG00000111737,1.5395952,1.4988617,GM12878,0.9215483,1.0,1
ENSG00000111737,1.442834,1.4988617,GM12878,0.9430951,0.76766855,1
ENSG00000111737,1.4999207,1.4988617,GM12878,0.9206354,0.0021513088,1
ENSG00000111752,1.0910052,1.071882,GM12878,0.66725296,1.0,1
ENSG00000111752,1.1954856,1.071882,GM12878,0.51115566,0.0,1
ENSG00000111752,1.098147,1.071882,GM12878,0.9376516,0.4009662,1
ENSG00000111775,1.6926174,2.8180676,GM12878,0.91732633,1.0,1
ENSG00000111785,1.490183,0.7551123,GM12878,0.84677154,1.0,1
ENSG00000111785,1.4882562,0.7551123,GM12878,0.8996255,1.0,1
ENSG00000111785,1.4788903,0.7551123,GM12878,0.80761164,0.19915254,1
ENSG00000111785,1.4856368,0.7551123,GM12878,0.81923234,0.20547946,1
ENSG00000111786,1.5346676,2.1542413,GM12878,0.90113026,1.0,1
ENSG00000111790,1.5331948,1.5150787,GM12878,0.9339659,1.0,1
ENSG00000111790,1.6058075,1.5150787,GM12878,0.87329656,0.60135645,1
ENSG00000112787,0.7163776,0.39967373,GM12878,0.8476784,1.0,1
ENSG00000112787,0.6993792,0.39967373,GM12878,0.95544994,1.0,1
ENSG00000114942,1.5403256,2.8967025,GM12878,0.8603326,1.0,1
ENSG00000114942,1.486519,2.8967025,GM12878,0.926385,1.0,1
ENSG00000114942,1.5111951,2.8967025,GM12878,0.8543878,1.0,1
ENSG00000114942,1.6775042,2.8967025,GM12878,0.6797615,1.0,1
ENSG00000114956,1.5941999,2.0667357,GM12878,0.92099816,1.0,1
ENSG00000114956,1.696704,2.0667357,GM12878,0.8619346,0.109127864,1
ENSG00000114978,1.3477316,1.7536596,GM12878,0.94351363,1.0,1
ENSG00000114982,1.5238327,1.3937507,GM12878,0.8703749,1.0,1
ENSG00000114982,1.4693676,1.3937507,GM12878,0.7703266,0.8035714,1
ENSG00000114982,1.6007639,1.3937507,GM12878,0.695444,0.0123152705,1
ENSG00000114982,1.6230721,1.3937507,GM12878,0.6910222,0.1841133,1
ENSG00000114982,1.5909615,1.3937507,GM12878,0.86589926,0.8158867,1
ENSG00000114988,1.1676711,1.1051694,GM12878,0.95724034,1.0,1
ENSG00000114988,1.2293621,1.1051694,GM12878,0.88484377,1.0,1
ENSG00000114988,1.1722647,1.1051694,GM12878,0.9521008,1.0,1
ENSG00000114988,1.1826874,1.1051694,GM12878,0.9530402,1.0,1
ENSG00000114988,1.193029,1.1051694,GM12878,0.8017994,0.0,1
ENSG00000114988,1.284383,1.1051694,GM12878,0.90943754,0.9781161,1
ENSG00000114988,1.1964408,1.1051694,GM12878,0.92059684,0.9781161,1
ENSG00000114993,-0.25897875,0.41329977,GM12878,0.9909531,1.0,1
ENSG00000114999,1.3663077,1.3848908,GM12878,0.93503326,1.0,1
ENSG00000115008,0.5003696,-0.79588,GM12878,0.9573241,1.0,1
ENSG00000115008,0.4994028,-0.79588,GM12878,0.9555183,1.0,1
ENSG00000115008,0.44829983,-0.79588,GM12878,0.96573055,1.0,1
ENSG00000115008,0.53246653,-0.79588,GM12878,0.9280992,1.0,1
ENSG00000115008,0.5865021,-0.79588,GM12878,0.9259877,1.0,1
ENSG00000115020,1.4183418,1.2375437,GM12878,0.92365044,1.0,1
ENSG00000115020,1.4795861,1.2375437,GM12878,0.92004645,1.0,1
ENSG00000115020,1.4670905,1.2375437,GM12878,0.7589983,0.0,1
ENSG00000115020,1.4327618,1.2375437,GM12878,0.9157903,0.14436619,1
ENSG00000115020,1.4773815,1.2375437,GM12878,0.6204075,0.9707769,1
ENSG00000115020,1.3819525,1.2375437,GM12878,0.9395596,0.92523366,1
ENSG00000115042,1.4037501,1.5700758,GM12878,0.8149046,1.0,1
ENSG00000115053,1.7980794,2.1045213,GM12878,0.8263589,1.0,1
ENSG00000115053,1.751321,2.1045213,GM12878,0.8574589,1.0,1
ENSG00000115073,1.7630564,1.542701,GM12878,0.8746259,1.0,1
ENSG00000115084,1.723525,1.5456781,GM12878,0.7600067,1.0,1
ENSG00000115085,-0.3761754,-0.4089354,GM12878,0.993473,1.0,1
ENSG00000115091,1.6785573,2.369976,GM12878,0.660986,1.0,1
ENSG00000115091,1.7550342,2.369976,GM12878,0.7809131,1.0,1
ENSG00000115107,0.9415302,0.88479537,GM12878,0.8983361,1.0,1
ENSG00000115107,0.926876,0.88479537,GM12878,0.85383534,0.91101694,1
ENSG00000115107,1.1049134,0.88479537,GM12878,0.43062273,0.961183,1
ENSG00000115107,1.050886,0.88479537,GM12878,0.67737955,0.018518519,1
ENSG00000115109,0.6122563,0.991669,GM12878,0.8527242,1.0,1
ENSG00000115109,0.5876809,0.991669,GM12878,0.88178223,1.0,1
ENSG00000115109,0.70688796,0.991669,GM12878,0.79705894,0.8786982,1
ENSG00000115112,-0.135292,-0.45593196,GM12878,0.9931078,1.0,1
ENSG00000115128,1.5641834,2.504566,GM12878,0.821233,1.0,1
ENSG00000115128,1.5776026,2.504566,GM12878,0.9122559,1.0,1
ENSG00000115129,1.3467377,0.54777473,GM12878,0.90764546,1.0,1
ENSG00000115129,1.2752665,0.54777473,GM12878,0.87434065,1.0,1
ENSG00000115129,1.3872877,0.54777473,GM12878,0.79343754,0.64705884,1
ENSG00000115137,1.6772199,0.5211381,GM12878,0.7841984,1.0,1
ENSG00000115137,1.6772199,0.5211381,GM12878,0.7841984,0.75982535,1
ENSG00000115137,1.7593399,0.5211381,GM12878,0.81739014,0.14285715,1
ENSG00000115137,1.7394513,0.5211381,GM12878,0.6699614,0.1124031,1
ENSG00000115145,1.4798431,0.9813655,GM12878,0.8441556,1.0,1
ENSG00000115155,-0.7397801,-0.82390875,GM12878,0.99539655,1.0,1
ENSG00000115155,-0.7061887,-0.82390875,GM12878,0.99183416,1.0,1
ENSG00000115159,0.31859356,1.0476642,GM12878,0.96892625,1.0,1
ENSG00000115159,0.41891208,1.0476642,GM12878,0.9714732,1.0,1
ENSG00000115163,1.5579551,1.6607707,GM12878,0.8685092,1.0,1
ENSG00000115163,1.5240232,1.6607707,GM12878,0.85023826,0.68728286,1
ENSG00000115165,0.3324994,-0.7695511,GM12878,0.8871535,1.0,1
ENSG00000115165,0.27847314,-0.7695511,GM12878,0.9650283,1.0,1
ENSG00000115165,0.4110975,-0.7695511,GM12878,0.8979334,1.0,1
ENSG00000115204,2.1075716,2.048442,GM12878,0.7700375,1.0,1
ENSG00000115204,2.1946394,2.048442,GM12878,0.8646435,1.0,1
ENSG00000115207,1.8466444,1.9230367,GM12878,0.8027046,1.0,1
ENSG00000115207,1.8466444,1.9230367,GM12878,0.8027046,1.0,1
ENSG00000115211,1.6341077,1.6626635,GM12878,0.9305292,1.0,1
ENSG00000115216,1.8121659,1.7903556,GM12878,0.8026961,1.0,1
ENSG00000115232,-0.3831381,-0.19382003,GM12878,0.9774854,1.0,1
ENSG00000115232,-0.3992757,-0.19382003,GM12878,0.98188746,1.0,1
ENSG00000115233,1.7031866,2.1515844,GM12878,0.7157427,1.0,1
ENSG00000115233,1.7377661,2.1515844,GM12878,0.92115486,1.0,1
ENSG00000115233,1.6573297,2.1515844,GM12878,0.8213019,1.0,1
ENSG00000115233,1.6344433,2.1515844,GM12878,0.89457977,1.0,1
ENSG00000115234,1.5675191,1.6115109,GM12878,0.8293621,1.0,1
ENSG00000115234,1.5749125,1.6115109,GM12878,0.834928,0.8955345,1
ENSG00000115234,1.5296481,1.6115109,GM12878,0.7988567,0.9722922,1
ENSG00000115234,1.5296481,1.6115109,GM12878,0.7988567,0.9886968,1
ENSG00000115234,1.6290572,1.6115109,GM12878,0.8699984,0.052186176,1
ENSG00000115234,1.6202908,1.6115109,GM12878,0.89784694,0.9969282,1
ENSG00000115239,1.4551942,1.4225899,GM12878,0.92212945,1.0,1
ENSG00000115239,1.4551942,1.4225899,GM12878,0.92212945,1.0,1
ENSG00000115239,1.3589622,1.4225899,GM12878,0.9080298,0.83146065,1
ENSG00000115241,1.5612348,1.8093576,GM12878,0.907035,1.0,1
ENSG00000115271,-0.13108337,-0.537602,GM12878,0.97902507,1.0,1
ENSG00000115274,1.5250293,0.77451694,GM12878,0.9516233,1.0,1
ENSG00000115274,1.5867212,0.77451694,GM12878,0.9217413,1.0,1
ENSG00000115274,1.4693726,0.77451694,GM12878,0.9470552,1.0,1
ENSG00000115274,1.4813124,0.77451694,GM12878,0.9555738,1.0,1
ENSG00000115275,1.7625686,1.5039268,GM12878,0.7143891,1.0,1
ENSG00000115275,1.7503989,1.5039268,GM12878,0.8874102,1.0,1
ENSG00000115282,1.6004863,1.1705551,GM12878,0.92290986,1.0,1
ENSG00000115282,1.571022,1.1705551,GM12878,0.90696687,1.0,1
ENSG00000115282,1.5893302,1.1705551,GM12878,0.9249753,0.6763285,1
ENSG00000115289,1.7273731,1.3639878,GM12878,0.78068334,1.0,1
ENSG00000115289,1.7603952,1.3639878,GM12878,0.8685311,1.0,1
ENSG00000115289,1.7736652,1.3639878,GM12878,0.80050164,1.0,1
ENSG00000115306,-0.5249684,0.94841295,GM12878,0.9976497,1.0,1
ENSG00000115306,-0.5098206,0.94841295,GM12878,0.9979049,1.0,1
ENSG00000115306,-0.48381037,0.94841295,GM12878,0.9896688,1.0,1
ENSG00000115307,1.9843192,2.0883842,GM12878,0.79180354,1.0,1
ENSG00000115310,1.5132424,2.053578,GM12878,0.78460145,1.0,1
ENSG00000115310,1.4308096,2.053578,GM12878,0.9148013,0.42436975,1
ENSG00000115310,1.4919288,2.053578,GM12878,0.7816298,0.1355094,1
ENSG00000115317,1.7632562,1.619615,GM12878,0.82209027,1.0,1
ENSG00000115317,1.7132429,1.619615,GM12878,0.8772494,0.9809886,1
ENSG00000115317,1.7195538,1.619615,GM12878,0.9160357,0.7462039,1
ENSG00000115318,0.39051545,-0.036212172,GM12878,0.98436695,1.0,1
ENSG00000115325,1.3983289,0.96707976,GM12878,0.8711903,1.0,1
ENSG00000115325,1.4248009,0.96707976,GM12878,0.8691094,1.0,1
ENSG00000115325,1.4340055,0.96707976,GM12878,0.87428683,1.0,1
ENSG00000115325,1.4872578,0.96707976,GM12878,0.5682552,0.54910713,1
ENSG00000115339,-0.7160734,-0.85387194,GM12878,0.9113116,1.0,1
ENSG00000115350,1.1611266,1.6434526,GM12878,0.9145259,1.0,1
ENSG00000115350,1.2024881,1.6434526,GM12878,0.93640333,1.0,1
ENSG00000115355,1.2314699,1.7261565,GM12878,0.79350066,1.0,1
ENSG00000115355,1.2817317,1.7261565,GM12878,0.5923704,1.0,1
ENSG00000115355,1.2189378,1.7261565,GM12878,0.918186,0.6755749,1
ENSG00000115355,1.1934006,1.7261565,GM12878,0.91308284,0.5144186,1
ENSG00000115355,1.2629031,1.7261565,GM12878,0.86828595,0.49126035,1
ENSG00000115355,1.2560384,1.7261565,GM12878,0.89956635,0.96688133,1
ENSG00000115365,0.8838497,1.6116171,GM12878,0.8107337,1.0,1
ENSG00000115365,0.75509036,1.6116171,GM12878,0.83645916,1.0,1
ENSG00000115368,1.4330916,1.839855,GM12878,0.7579987,1.0,1
ENSG00000115368,1.4881349,1.839855,GM12878,0.79648787,0.0028753993,1
ENSG00000115392,1.0162296,1.806587,GM12878,0.8746074,1.0,1
ENSG00000115392,1.0000306,1.806587,GM12878,0.80074304,0.95378417,1
ENSG00000115414,0.46058607,0.8785218,GM12878,0.75687927,1.0,1
ENSG00000115415,1.6053585,1.2909245,GM12878,0.7435129,1.0,1
ENSG00000115415,1.6311051,1.2909245,GM12878,0.9274956,1.0,1
ENSG00000115415,1.6282834,1.2909245,GM12878,0.9102979,0.0039551747,1
ENSG00000115419,1.2595111,1.6270585,GM12878,0.8230417,1.0,1
ENSG00000115421,1.5682293,1.0674429,GM12878,0.7174113,1.0,1
ENSG00000115421,1.5954942,1.0674429,GM12878,0.819007,0.9436039,1
ENSG00000115421,1.5455266,1.0674429,GM12878,0.8161606,0.9257221,1
ENSG00000115421,1.5596565,1.0674429,GM12878,0.83775884,0.98569727,1
ENSG00000115421,1.6200134,1.0674429,GM12878,0.90438336,0.86172837,1
ENSG00000115421,1.6141975,1.0674429,GM12878,0.7506336,0.014302742,1
ENSG00000115425,0.4192329,0.8102325,GM12878,0.96682656,1.0,1
ENSG00000115425,0.38990662,0.8102325,GM12878,0.9211629,1.0,1
ENSG00000115425,0.3464719,0.8102325,GM12878,0.9784791,0.9926063,1
ENSG00000115446,1.7262654,1.5594279,GM12878,0.7386675,1.0,1
ENSG00000115446,1.8480765,1.5594279,GM12878,0.7825626,1.0,1
ENSG00000115459,1.5433682,1.1215599,GM12878,0.49595237,1.0,1
ENSG00000115459,1.6067934,1.1215599,GM12878,0.8537714,0.8787879,1
ENSG00000115459,1.603538,1.1215599,GM12878,0.85912883,0.97029704,1
ENSG00000115459,1.5445212,1.1215599,GM12878,0.7867757,0.5811966,1
ENSG00000115459,1.5978788,1.1215599,GM12878,0.9464075,0.7777778,1
ENSG00000115459,1.5014575,1.1215599,GM12878,0.93374705,0.37738854,1
ENSG00000115464,1.5544327,1.7687861,GM12878,0.8818581,1.0,1
ENSG00000115464,1.6076576,1.7687861,GM12878,0.7809425,1.0,1
ENSG00000115464,1.569709,1.7687861,GM12878,0.8709736,1.0,1
ENSG00000115484,1.7434415,2.3533392,GM12878,0.89672697,1.0,1
ENSG00000115484,1.6248223,2.3533392,GM12878,0.84897757,0.99017084,1
ENSG00000115486,1.8252627,1.2166936,GM12878,0.90789336,1.0,1
ENSG00000115486,1.8763326,1.2166936,GM12878,0.84581286,1.0,1
ENSG00000115486,1.8615931,1.2166936,GM12878,0.6654458,1.0,1
ENSG00000115486,1.9071128,1.2166936,GM12878,0.83132625,1.0,1
ENSG00000115486,1.9160045,1.2166936,GM12878,0.6641018,0.6747503,1
ENSG00000115504,0.8440691,1.1832699,GM12878,0.9450623,0.26150393,1
ENSG00000115504,0.76936805,1.1832699,GM12878,0.94354135,0.33238232,1
ENSG00000115507,1.2701459,-0.49485,GM12878,0.7793196,1.0,1
ENSG00000115514,1.5812793,1.6383893,GM12878,0.8922503,1.0,1
ENSG00000115520,1.6284425,0.30103,GM12878,0.69586694,1.0,1
ENSG00000115524,1.5422045,2.4675488,GM12878,0.92341757,1.0,1
ENSG00000115524,1.527627,2.4675488,GM12878,0.92992955,1.0,1
ENSG00000115524,1.5334789,2.4675488,GM12878,0.84984,0.30440328,1
ENSG00000115525,0.9782073,0.85430604,GM12878,0.9320864,1.0,1
ENSG00000115526,1.0544205,1.2648178,GM12878,0.9302776,1.0,1
ENSG00000115526,1.0935587,1.2648178,GM12878,0.8739789,1.0,1
ENSG00000115526,1.1699728,1.2648178,GM12878,0.85134387,1.0,1
ENSG00000115539,1.5567452,1.2482185,GM12878,0.8875686,1.0,1
ENSG00000115539,1.5620236,1.2482185,GM12878,0.9228175,1.0,1
ENSG00000115539,1.6355401,1.2482185,GM12878,0.73875827,1.0,1
ENSG00000115540,1.3203954,1.209515,GM12878,0.8750126,1.0,1
ENSG00000115540,1.3203954,1.209515,GM12878,0.8750126,0.49778622,1
ENSG00000115540,1.3392252,1.209515,GM12878,0.9131394,0.9728059,1
ENSG00000115541,1.6938931,2.3945918,GM12878,0.877418,1.0,1
ENSG00000115541,1.6938931,2.3945918,GM12878,0.877418,1.0,1
ENSG00000115541,1.5594274,2.3945918,GM12878,0.6063449,0.9993367,1
ENSG00000115548,1.8692545,1.7692295,GM12878,0.81985795,1.0,1
ENSG00000115561,1.4665768,1.4101021,GM12878,0.92691004,1.0,1
ENSG00000115561,1.6115412,1.4101021,GM12878,0.8021041,0.9814607,1
ENSG00000115568,1.3331406,0.4329693,GM12878,0.8162673,1.0,1
ENSG00000115568,1.1342192,0.4329693,GM12878,0.91695744,0.1875,1
ENSG00000115590,-0.676846,-0.92081875,GM12878,0.9649294,1.0,1
ENSG00000115590,-0.7109507,-0.92081875,GM12878,0.99607867,1.0,1
ENSG00000115594,0.09427086,0.30963016,GM12878,0.9906867,1.0,1
ENSG00000115594,0.1391582,0.30963016,GM12878,0.9502707,1.0,1
ENSG00000115607,0.30054727,-0.13667715,GM12878,0.90621585,1.0,1
ENSG00000115616,0.22043091,0.18752073,GM12878,0.97109544,1.0,1
ENSG00000115641,1.2594771,1.0965624,GM12878,0.8770458,0.002469136,1
ENSG00000115641,1.2678105,1.0965624,GM12878,0.58198524,0.2709581,1
ENSG00000115649,1.6332558,1.3816565,GM12878,0.77394664,1.0,1
ENSG00000115649,1.6690048,1.3816565,GM12878,0.9217408,1.0,1
ENSG00000115649,1.6146258,1.3816565,GM12878,0.8726012,1.0,1
ENSG00000115649,1.6105007,1.3816565,GM12878,0.8804065,1.0,1
ENSG00000115652,1.0978566,1.2942457,GM12878,0.8880217,1.0,1
ENSG00000115657,1.2894908,1.422918,GM12878,0.9334834,1.0,1
ENSG00000115657,1.4593309,1.422918,GM12878,0.658265,1.0,1
ENSG00000115661,1.6276194,1.4787108,GM12878,0.91235846,1.0,1
ENSG00000115661,1.7394111,1.4787108,GM12878,0.90732265,0.9543058,1
ENSG00000115677,1.239949,2.0262473,GM12878,0.8223019,1.0,1
ENSG00000115677,1.3204995,2.0262473,GM12878,0.6607407,1.0,1
ENSG00000115677,1.3677236,2.0262473,GM12878,0.5836956,0.0,1
ENSG00000115685,1.137156,1.6084191,GM12878,0.93209064,1.0,1
ENSG00000115685,1.137156,1.6084191,GM12878,0.93209064,1.0,1
ENSG00000115685,1.0015846,1.6084191,GM12878,0.9419448,0.11139241,1
ENSG00000115685,1.0015846,1.6084191,GM12878,0.9419448,0.97536945,1
ENSG00000115687,1.026156,0.9537597,GM12878,0.91323173,1.0,1
ENSG00000115694,1.3673874,2.1803267,GM12878,0.9302996,1.0,1
ENSG00000115694,1.4841303,2.1803267,GM12878,0.90450615,1.0,1
ENSG00000115694,1.4359199,2.1803267,GM12878,0.9313441,0.9843057,1
ENSG00000115694,1.3840113,2.1803267,GM12878,0.93692625,0.771578,1
ENSG00000115694,1.4434582,2.1803267,GM12878,0.77490526,0.24150944,1
ENSG00000115738,1.0754308,1.2607867,GM12878,0.80635357,1.0,1
ENSG00000115750,1.4215645,1.0588055,GM12878,0.89541686,1.0,1
ENSG00000115750,1.429698,1.0588055,GM12878,0.8903829,0.9504405,1
ENSG00000115756,1.168842,1.456973,GM12878,0.7610645,1.0,1
ENSG00000115756,1.0876234,1.456973,GM12878,0.95798016,1.0,1
ENSG00000115756,1.0578979,1.456973,GM12878,0.9607448,1.0,1
ENSG00000115756,1.047559,1.456973,GM12878,0.83914435,1.0,1
ENSG00000115756,1.1752299,1.456973,GM12878,0.51062095,0.3321033,1
ENSG00000115758,1.4092513,2.5652337,GM12878,0.95811707,1.0,1
ENSG00000115758,1.3835098,2.5652337,GM12878,0.87861514,1.0,1
ENSG00000115760,1.4320623,1.7463228,GM12878,0.76489204,1.0,1
ENSG00000115760,1.3838419,1.7463228,GM12878,0.5787045,0.5196051,1
ENSG00000115761,1.6122435,1.5507175,GM12878,0.79122347,1.0,1
ENSG00000115761,1.5547894,1.5507175,GM12878,0.84456676,0.8523059,1
ENSG00000115761,1.5210549,1.5507175,GM12878,0.83813566,0.9392878,1
ENSG00000115762,1.3502328,1.6927588,GM12878,0.7860224,1.0,1
ENSG00000115762,1.3803176,1.6927588,GM12878,0.8279764,1.0,1
ENSG00000115762,1.3404853,1.6927588,GM12878,0.9260595,1.0,1
ENSG00000115762,1.3404853,1.6927588,GM12878,0.9260595,0.98125,1
ENSG00000115762,1.370874,1.6927588,GM12878,0.92637455,0.99749655,1
ENSG00000115806,1.849153,2.2171416,GM12878,0.7469526,1.0,1
ENSG00000115806,1.8438946,2.2171416,GM12878,0.68234223,0.70474124,1
ENSG00000115808,1.2938875,1.343999,GM12878,0.7693985,1.0,1
ENSG00000115816,1.5793759,1.500648,GM12878,0.9341667,1.0,1
ENSG00000115825,0.92293227,1.2695129,GM12878,0.83028036,1.0,1
ENSG00000115827,1.5304954,1.3891661,GM12878,0.71960646,1.0,1
ENSG00000115827,1.5304954,1.3891661,GM12878,0.71960646,1.0,1
ENSG00000115827,1.6036179,1.3891661,GM12878,0.7653425,1.0,1
ENSG00000115827,1.5993985,1.3891661,GM12878,0.76534104,0.8977505,1
ENSG00000115827,1.646752,1.3891661,GM12878,0.7759395,0.58030593,1
ENSG00000115839,1.6985697,1.2392995,GM12878,0.80120504,1.0,1
ENSG00000115839,1.6680486,1.2392995,GM12878,0.82236457,1.0,1
ENSG00000115839,1.7027515,1.2392995,GM12878,0.46530485,0.0,1
ENSG00000115840,1.6548187,1.3991543,GM12878,0.7598629,1.0,1
ENSG00000115840,1.5833527,1.3991543,GM12878,0.74363023,0.05656304,1
ENSG00000115840,1.5824157,1.3991543,GM12878,0.8786283,0.9981727,1
ENSG00000115841,0.8279624,0.17897695,GM12878,0.906805,1.0,1
ENSG00000115841,0.88016844,0.17897695,GM12878,0.83390546,0.3119266,1
ENSG00000115850,-0.15159237,-0.92081875,GM12878,0.98729485,1.0,1
ENSG00000115866,1.3716799,2.2408736,GM12878,0.8237852,1.0,1
ENSG00000115866,1.3818073,2.2408736,GM12878,0.8827917,0.9185604,1
ENSG00000115875,1.7265223,2.6917796,GM12878,0.82497054,1.0,1
ENSG00000115875,1.7972928,2.6917796,GM12878,0.8591058,0.54516155,1
ENSG00000115875,1.7450773,2.6917796,GM12878,0.6790859,0.19339581,1
ENSG00000115884,0.13004403,0.09342168,GM12878,0.98987097,1.0,1
ENSG00000115896,0.93245816,1.0606978,GM12878,0.8429523,1.0,1
ENSG00000115896,0.9753076,1.0606978,GM12878,0.8994638,1.0,1
ENSG00000115902,1.319514,0.9068735,GM12878,0.6893683,1.0,1
ENSG00000115902,1.2954706,0.9068735,GM12878,0.91604424,0.9907039,1
ENSG00000115904,1.6716973,1.3314273,GM12878,0.8893777,1.0,1
ENSG00000115919,0.3766198,0.96567196,GM12878,0.9557294,1.0,1
ENSG00000115919,0.32123804,0.96567196,GM12878,0.97187275,0.77539504,1
ENSG00000115935,-0.2914368,0.24303804,GM12878,0.9719096,1.0,1
ENSG00000115935,-0.44958305,0.24303804,GM12878,0.9723087,1.0,1
ENSG00000115935,-0.31327307,0.24303804,GM12878,0.97182715,1.0,1
ENSG00000115935,-0.16586211,0.24303804,GM12878,0.9018477,1.0,1
ENSG00000115942,1.4630096,1.1283993,GM12878,0.9507832,1.0,1
ENSG00000115944,1.624592,2.1067007,GM12878,0.8730514,1.0,1
ENSG00000115944,1.624592,2.1067007,GM12878,0.8730514,1.0,1
ENSG00000115944,1.4568222,2.1067007,GM12878,0.8502503,1.0,1
ENSG00000115946,1.6376382,1.2794387,GM12878,0.85397714,1.0,1
ENSG00000115946,1.7023907,1.2794387,GM12878,0.7770974,1.0,1
ENSG00000115947,1.2848222,1.7611005,GM12878,0.8272393,1.0,1
ENSG00000115947,1.3365527,1.7611005,GM12878,0.7128197,1.0,1
ENSG00000115956,-0.16288006,-0.79588,GM12878,0.9751551,1.0,1
ENSG00000115956,-0.096508645,-0.79588,GM12878,0.97017777,1.0,1
ENSG00000115956,-0.07467998,-0.79588,GM12878,0.97223365,1.0,1
ENSG00000115966,1.8083642,1.9419584,GM12878,0.87690425,0.006829017,1
ENSG00000115966,1.8386887,1.9419584,GM12878,0.80457366,0.32899937,1
ENSG00000115966,1.8065561,1.9419584,GM12878,0.90888405,0.99808794,1
ENSG00000115966,1.7276947,1.9419584,GM12878,0.89093953,0.68267035,1
ENSG00000115966,1.7142113,1.9419584,GM12878,0.65252733,0.30421573,1
ENSG00000115970,1.6082529,1.1908917,GM12878,0.8562653,1.0,1
ENSG00000115970,1.4648129,1.1908917,GM12878,0.60099685,0.013513514,1
ENSG00000115977,1.6871241,0.5237465,GM12878,0.88545614,1.0,1
ENSG00000115993,1.114034,0.8299467,GM12878,0.8129239,1.0,1
ENSG00000115993,1.1802968,0.8299467,GM12878,0.8901418,1.0,1
ENSG00000115998,1.9478832,0.7143298,GM12878,0.7611227,1.0,1
ENSG00000116001,1.9137955,1.9482663,GM12878,0.8384239,1.0,1
ENSG00000116001,1.9394008,1.9482663,GM12878,0.7967725,1.0,1
ENSG00000116001,1.9715551,1.9482663,GM12878,0.6959334,0.76545167,1
ENSG00000116005,1.2881376,1.0409977,GM12878,0.6809372,1.0,1
ENSG00000116016,0.82723266,0.86093664,GM12878,0.9407516,1.0,1
ENSG00000116016,0.67739016,0.86093664,GM12878,0.97136176,1.0,1
ENSG00000116016,0.75807977,0.86093664,GM12878,0.96594787,1.0,1
ENSG00000116030,1.3320525,1.7703364,GM12878,0.901252,1.0,1
ENSG00000116030,1.2834934,1.7703364,GM12878,0.8321931,0.9948718,1
ENSG00000116030,1.264498,1.7703364,GM12878,0.8981126,0.69074935,1
ENSG00000116062,1.4034631,1.7057782,GM12878,0.8128721,1.0,1
ENSG00000116062,1.3191819,1.7057782,GM12878,0.57387215,0.110888444,1
ENSG00000116095,1.1363192,1.172311,GM12878,0.92456317,1.0,1
ENSG00000116095,1.0784744,1.172311,GM12878,0.9156104,1.0,1
ENSG00000116096,0.55302185,1.2579185,GM12878,0.84624326,1.0,1
ENSG00000116120,1.7641083,1.774444,GM12878,0.69455147,1.0,1
ENSG00000116127,1.0783997,0.9334873,GM12878,0.92021215,1.0,1
ENSG00000116127,1.171662,0.9334873,GM12878,0.90736455,0.17351598,1
ENSG00000116127,1.084851,0.9334873,GM12878,0.7178084,0.9183938,1
ENSG00000118242,0.71262103,0.20139712,GM12878,0.95807195,1.0,1
ENSG00000118246,1.253811,1.5659658,GM12878,0.83095306,1.0,1
ENSG00000118246,1.5288864,1.5659658,GM12878,0.87272704,1.0,1
ENSG00000118246,1.6148537,1.5659658,GM12878,0.78171355,1.0,1
ENSG00000118246,1.4708096,1.5659658,GM12878,0.7527471,1.0,1
ENSG00000118246,1.3464491,1.5659658,GM12878,0.8590116,1.0,1
ENSG00000118246,1.5414162,1.5659658,GM12878,0.6962487,1.0,1
ENSG00000118260,1.4219898,1.5997739,GM12878,0.9272968,1.0,1
ENSG00000118260,1.5075407,1.5997739,GM12878,0.90690225,1.0,1
ENSG00000118260,1.4805809,1.5997739,GM12878,0.90402657,1.0,1
ENSG00000118260,1.5186453,1.5997739,GM12878,0.9179318,1.0,1
ENSG00000118260,1.5424669,1.5997739,GM12878,0.88490665,1.0,1
ENSG00000118260,1.4136859,1.5997739,GM12878,0.93510705,1.0,1
ENSG00000118260,1.4096992,1.5997739,GM12878,0.9315131,1.0,1
ENSG00000118260,1.4739499,1.5997739,GM12878,0.7410783,0.2573052,1
ENSG00000118307,1.4769993,-0.61978877,GM12878,0.7993236,1.0,1
ENSG00000118308,0.36935326,1.0572857,GM12878,0.96844137,1.0,1
ENSG00000118308,0.29401436,1.0572857,GM12878,0.9386872,0.22782609,1
ENSG00000118308,0.25765494,1.0572857,GM12878,0.97460383,0.75272727,1
ENSG00000118308,0.2624168,1.0572857,GM12878,0.92370564,0.95780593,1
ENSG00000118308,0.33844653,1.0572857,GM12878,0.9594031,0.98480666,1
ENSG00000118600,1.2973988,1.1610684,GM12878,0.67342645,1.0,1
ENSG00000118600,1.1922203,1.1610684,GM12878,0.75805986,0.007231405,1
ENSG00000118640,1.7146908,2.3129175,GM12878,0.921535,1.0,1
ENSG00000118960,0.96374834,0.587711,GM12878,0.91340816,1.0,1
ENSG00000118960,1.0382357,0.587711,GM12878,0.9481652,1.0,1
ENSG00000118961,1.4223229,1.6205524,GM12878,0.64068377,1.0,1
ENSG00000118961,1.4954892,1.6205524,GM12878,0.88283163,1.0,1
ENSG00000118961,1.4040984,1.6205524,GM12878,0.59162754,0.85960317,1
ENSG00000118961,1.5218421,1.6205524,GM12878,0.73123306,1.0,1
ENSG00000118961,1.5218421,1.6205524,GM12878,0.73123306,1.0,1
ENSG00000118961,1.5712405,1.6205524,GM12878,0.80590034,0.86384094,1
ENSG00000118965,0.8634028,0.8182259,GM12878,0.861864,1.0,1
ENSG00000118965,0.840143,0.8182259,GM12878,0.88714266,1.0,1
ENSG00000118965,0.8720927,0.8182259,GM12878,0.79103243,1.0,1
ENSG00000118965,0.7831093,0.8182259,GM12878,0.9535879,1.0,1
ENSG00000118965,0.9708353,0.8182259,GM12878,0.7760292,1.0,1
ENSG00000118965,0.7899182,0.8182259,GM12878,0.9574241,1.0,1
ENSG00000118965,0.80364466,0.8182259,GM12878,0.95525414,0.95681065,1
ENSG00000118965,0.8092002,0.8182259,GM12878,0.8483368,0.9547826,1
ENSG00000118965,0.72962916,0.8182259,GM12878,0.93034023,0.046875,1
ENSG00000118971,1.5092654,1.4967914,GM12878,0.8769179,1.0,1
ENSG00000118997,0.9584435,-0.36653155,GM12878,0.9446659,1.0,1
ENSG00000119004,1.4605922,0.8876173,GM12878,0.76777166,1.0,1
ENSG00000119004,1.4080045,0.8876173,GM12878,0.8792403,1.0,1
ENSG00000119004,1.4867479,0.8876173,GM12878,0.77397597,0.29467085,1
ENSG00000119004,1.4425746,0.8876173,GM12878,0.79013854,0.8089431,1
ENSG00000119004,1.4915526,0.8876173,GM12878,0.75885195,0.030612245,1
ENSG00000119004,1.4933838,0.8876173,GM12878,0.86145717,0.73277074,1
ENSG00000119013,2.0045872,2.0301137,GM12878,0.907571,1.0,1
ENSG00000119013,2.134687,2.0301137,GM12878,0.80156946,0.09055492,1
ENSG00000119013,2.0474534,2.0301137,GM12878,0.7108595,0.018258283,1
ENSG00000119041,1.1270179,1.6016254,GM12878,0.7684063,1.0,1
ENSG00000119041,1.0814148,1.6016254,GM12878,0.84431314,1.0,1
ENSG00000119042,1.5004861,0.8627275,GM12878,0.8663229,1.0,1
ENSG00000119042,1.5835481,0.8627275,GM12878,0.9069995,1.0,1
ENSG00000119185,1.3603096,1.808211,GM12878,0.8106502,1.0,1
ENSG00000119185,1.525914,1.808211,GM12878,0.87019116,1.0,1
ENSG00000119185,1.5799636,1.808211,GM12878,0.6047854,0.98585904,1
ENSG00000119185,1.5255054,1.808211,GM12878,0.87569916,0.8656399,1
ENSG00000119185,1.525914,1.808211,GM12878,0.87019116,0.93703705,1
ENSG00000119185,1.525914,1.808211,GM12878,0.87019116,0.9322034,1
ENSG00000119203,1.406978,1.6127839,GM12878,0.94117486,1.0,1
ENSG00000119242,1.1357511,0.5786392,GM12878,0.9191726,1.0,1
ENSG00000119242,1.2079804,0.5786392,GM12878,0.78490394,0.1969697,1
ENSG00000119729,1.0238502,1.2372923,GM12878,0.8645355,1.0,1
ENSG00000119729,1.1076995,1.2372923,GM12878,0.84288704,1.0,1
ENSG00000119760,1.6854407,1.7847599,GM12878,0.863906,1.0,1
ENSG00000119760,1.6310583,1.7847599,GM12878,0.9275275,0.98817444,1
ENSG00000119760,1.6197621,1.7847599,GM12878,0.7913011,0.9878512,1
ENSG00000119771,-0.5867541,-0.92081875,GM12878,0.9961511,1.0,1
ENSG00000119772,0.68178344,0.5693739,GM12878,0.92957085,1.0,1
ENSG00000119772,0.54218113,0.5693739,GM12878,0.807831,1.0,1
ENSG00000119772,0.77394956,0.5693739,GM12878,0.85685825,0.01438849,1
ENSG00000119777,1.7729783,1.8829796,GM12878,0.82616544,1.0,1
ENSG00000119777,1.6912247,1.8829796,GM12878,0.8754983,0.9908821,1
ENSG00000119777,1.6940142,1.8829796,GM12878,0.66861826,0.9938883,1
ENSG00000119778,1.5869384,0.95327634,GM12878,0.8597431,1.0,1
ENSG00000119778,1.512055,0.95327634,GM12878,0.9061398,1.0,1
ENSG00000119778,1.5931431,0.95327634,GM12878,0.84639096,1.0,1
ENSG00000119787,1.5850455,1.7223871,GM12878,0.9179655,1.0,1
ENSG00000119787,1.6256572,1.7223871,GM12878,0.78795546,1.0,1
ENSG00000119787,1.5219823,1.7223871,GM12878,0.842195,1.0,1
ENSG00000119787,1.4461532,1.7223871,GM12878,0.952266,1.0,1
ENSG00000119801,1.0984075,1.4575791,GM12878,0.71875936,1.0,1
ENSG00000119801,1.1305822,1.4575791,GM12878,0.679673,1.0,1
ENSG00000119801,1.1485713,1.4575791,GM12878,0.8799732,0.01778809,1
ENSG00000119801,1.0984075,1.4575791,GM12878,0.71875936,0.22181372,1
ENSG00000119801,1.1462144,1.4575791,GM12878,0.8298519,0.0033670033,1
ENSG00000119801,1.1462144,1.4575791,GM12878,0.8298519,0.02688172,1
ENSG00000119812,1.0788753,1.8899177,GM12878,0.8744386,1.0,1
ENSG00000119812,1.0748745,1.8899177,GM12878,0.9209848,1.0,1
ENSG00000119812,1.1028398,1.8899177,GM12878,0.9256965,1.0,1
ENSG00000119812,1.1132704,1.8899177,GM12878,0.8887736,0.97541213,1
ENSG00000119820,1.2730422,1.209783,GM12878,0.9347408,1.0,1
ENSG00000119820,1.3197693,1.209783,GM12878,0.76689297,1.0,1
ENSG00000119844,1.3185505,1.1883659,GM12878,0.7005966,1.0,1
ENSG00000119844,1.2407333,1.1883659,GM12878,0.90946317,0.437788,1
ENSG00000119862,-0.13049543,-0.39794,GM12878,0.8884893,1.0,1
ENSG00000119878,1.5112323,0.96567196,GM12878,0.8363549,1.0,1
ENSG00000119888,1.259249,1.6857418,GM12878,0.94590384,1.0,1
ENSG00000119888,1.2259218,1.6857418,GM12878,0.88404,1.0,1
ENSG00000120647,1.2348418,1.1072099,GM12878,0.9096089,1.0,1
ENSG00000120647,1.3602118,1.1072099,GM12878,0.87560254,0.4965035,1
ENSG00000120798,1.2137882,1.542452,GM12878,0.7469995,1.0,1
ENSG00000120798,1.4083648,1.542452,GM12878,0.7694112,0.26685795,1
ENSG00000120800,0.8032266,1.141136,GM12878,0.8312152,1.0,1
ENSG00000120800,0.7604983,1.141136,GM12878,0.8039211,1.0,1
ENSG00000120802,1.6459116,2.0572476,GM12878,0.5378828,1.0,1
ENSG00000120802,1.7863442,2.0572476,GM12878,0.8011012,1.0,1
ENSG00000120805,1.6327559,1.9766709,GM12878,0.9080284,1.0,1
ENSG00000120805,1.6140833,1.9766709,GM12878,0.6776529,1.0,1
ENSG00000120805,1.6623632,1.9766709,GM12878,0.75579596,1.0,1
ENSG00000120805,1.6623632,1.9766709,GM12878,0.75579596,1.0,1
ENSG00000120805,1.6283619,1.9766709,GM12878,0.682547,0.95432585,1
ENSG00000120832,1.4576255,1.3836359,GM12878,0.9103676,1.0,1
ENSG00000120833,1.275366,1.8873359,GM12878,0.6324036,1.0,1
ENSG00000120833,1.275366,1.8873359,GM12878,0.6324036,1.0,1
ENSG00000120833,1.264989,1.8873359,GM12878,0.57297474,1.0,1
ENSG00000120837,1.1861,1.4305588,GM12878,0.94203514,1.0,1
ENSG00000120837,1.0562145,1.4305588,GM12878,0.9063926,1.0,1
ENSG00000120837,1.0562145,1.4305588,GM12878,0.9063926,1.0,1
ENSG00000120860,0.88295966,1.5761108,GM12878,0.9461493,1.0,1
ENSG00000120860,1.0112896,1.5761108,GM12878,0.38300544,0.0700961,1
ENSG00000120868,1.4382292,1.0326188,GM12878,0.9092684,1.0,1
ENSG00000120868,1.4318665,1.0326188,GM12878,0.88345516,0.9823232,1
ENSG00000120868,1.4363294,1.0326188,GM12878,0.77995574,1.0,1
ENSG00000121152,1.5727861,1.7512791,GM12878,0.9383129,1.0,1
ENSG00000121152,1.5984461,1.7512791,GM12878,0.6909855,1.0,1
ENSG00000121152,1.6346947,1.7512791,GM12878,0.911334,0.9639483,1
ENSG00000121152,1.6526845,1.7512791,GM12878,0.93405885,0.8500517,1
ENSG00000121152,1.7155397,1.7512791,GM12878,0.87157893,0.3287037,1
ENSG00000121316,0.82236207,1.4056878,GM12878,0.8427464,1.0,1
ENSG00000121350,1.4999884,0.79588,GM12878,0.9097637,1.0,1
ENSG00000121350,1.4112878,0.79588,GM12878,0.576007,1.0,1
ENSG00000121350,1.4656792,0.79588,GM12878,0.707861,0.72845954,1
ENSG00000121749,1.4286412,1.57841,GM12878,0.918448,1.0,1
ENSG00000121749,1.4309433,1.57841,GM12878,0.53865546,0.0,1
ENSG00000121749,1.520337,1.57841,GM12878,0.8175421,0.0064102565,1
ENSG00000121749,1.3947475,1.57841,GM12878,0.9064524,0.9831731,1
ENSG00000121749,1.474229,1.57841,GM12878,0.88809603,0.058092948,1
ENSG00000121964,1.5385784,0.9127533,GM12878,0.75024354,1.0,1
ENSG00000121988,1.5423797,1.1658376,GM12878,0.78417355,1.0,1
ENSG00000121988,1.6284589,1.1658376,GM12878,0.6923768,0.0,1
ENSG00000121989,0.6592043,-0.04095861,GM12878,0.83836347,1.0,1
ENSG00000122085,1.4946421,1.2977605,GM12878,0.71108013,1.0,1
ENSG00000122085,1.5209246,1.2977605,GM12878,0.8568074,0.010638298,1
ENSG00000122085,1.4512112,1.2977605,GM12878,0.70269275,0.12345679,1
ENSG00000122085,1.5061414,1.2977605,GM12878,0.93248564,0.8217593,1
ENSG00000122085,1.3150772,1.2977605,GM12878,0.77174956,0.60914177,1
ENSG00000122965,1.3899865,1.2516382,GM12878,0.85513365,1.0,1
ENSG00000122965,1.47414,1.2516382,GM12878,0.89328605,1.0,1
ENSG00000122966,1.293648,1.3463529,GM12878,0.8529492,1.0,1
ENSG00000122966,1.2459844,1.3463529,GM12878,0.9115145,0.98638135,1
ENSG00000122970,1.1796353,0.81557775,GM12878,0.94787633,1.0,1
ENSG00000122971,1.0957731,1.0468851,GM12878,0.94983476,1.0,1
ENSG00000122986,-0.108852394,0.31175387,GM12878,0.9981799,1.0,1
ENSG00000122986,-0.12037959,0.31175387,GM12878,0.99055064,1.0,1
ENSG00000122986,-0.048278652,0.31175387,GM12878,0.9904427,0.97333336,1
ENSG00000123064,1.7621999,1.7327154,GM12878,0.87770855,1.0,1
ENSG00000123066,1.0714613,1.5703094,GM12878,0.8753251,1.0,1
ENSG00000123104,0.6824616,-0.06550155,GM12878,0.87792736,1.0,1
ENSG00000123104,0.964128,-0.06550155,GM12878,0.8970839,1.0,1
ENSG00000123106,1.8634781,1.3641757,GM12878,0.82771885,1.0,1
ENSG00000123106,1.9229854,1.3641757,GM12878,0.8192853,1.0,1
ENSG00000123106,1.875935,1.3641757,GM12878,0.86256397,1.0,1
ENSG00000123106,1.9022464,1.3641757,GM12878,0.86992127,1.0,1
ENSG00000123106,1.8236841,1.3641757,GM12878,0.89624685,1.0,1
ENSG00000123106,1.8360583,1.3641757,GM12878,0.84625435,0.05717916,1
ENSG00000123106,1.7711,1.3641757,GM12878,0.43916434,0.021601016,1
ENSG00000123268,1.6510274,1.832892,GM12878,0.91936076,1.0,1
ENSG00000123297,1.7189143,1.5182507,GM12878,0.56929594,0.48857868,1
ENSG00000123297,1.7148024,1.5182507,GM12878,0.73857903,0.85376346,1
ENSG00000123329,0.35002196,1.0704073,GM12878,0.9769986,1.0,1
ENSG00000123329,0.42230088,1.0704073,GM12878,0.9745933,0.94049907,1
ENSG00000123338,0.8330809,1.5537617,GM12878,0.9552216,1.0,1
ENSG00000123349,1.7830797,2.9257915,GM12878,0.94473565,1.0,1
ENSG00000123349,1.8194953,2.9257915,GM12878,0.9159986,0.6959459,1
ENSG00000123349,1.8250355,2.9257915,GM12878,0.91751486,0.047885645,1
ENSG00000123349,1.7188592,2.9257915,GM12878,0.3553744,0.022023737,1
ENSG00000123349,1.7025235,2.9257915,GM12878,0.43999454,0.013575219,1
ENSG00000123349,1.8346208,2.9257915,GM12878,0.92006886,0.93028396,1
ENSG00000123349,1.863782,2.9257915,GM12878,0.56569475,0.9937535,1
ENSG00000123352,1.5266461,1.4935975,GM12878,0.83913815,1.0,1
ENSG00000123352,1.6323608,1.4935975,GM12878,0.60318893,0.47153124,1
ENSG00000123352,1.5786823,1.4935975,GM12878,0.7771677,0.13838384,1
ENSG00000123352,1.5973352,1.4935975,GM12878,0.8745362,0.022909507,1
ENSG00000123352,1.6033634,1.4935975,GM12878,0.8270523,0.039215688,1
ENSG00000123353,1.3749211,1.3548764,GM12878,0.90340763,1.0,1
ENSG00000123358,0.7876606,0.3283796,GM12878,0.97936046,1.0,1
ENSG00000123358,0.7307908,0.3283796,GM12878,0.86582816,0.0,1
ENSG00000123374,1.662017,2.2174313,GM12878,0.73117256,1.0,1
ENSG00000123374,1.6904072,2.2174313,GM12878,0.8635512,0.9916879,1
ENSG00000123374,1.5780225,2.2174313,GM12878,0.6836379,0.9362171,1
ENSG00000123384,0.7605426,-0.4436975,GM12878,0.91915756,1.0,1
ENSG00000123395,1.8216087,1.5259514,GM12878,0.79042923,1.0,1
ENSG00000123395,1.7332753,1.5259514,GM12878,0.7712302,1.0,1
ENSG00000123411,1.3742534,0.77524626,GM12878,0.8290385,1.0,1
ENSG00000123411,1.4216563,0.77524626,GM12878,0.8363582,1.0,1
ENSG00000123411,1.41337,0.77524626,GM12878,0.8340222,1.0,1
ENSG00000123411,1.4702182,0.77524626,GM12878,0.80751604,0.8654292,1
ENSG00000123415,1.1251405,1.5917323,GM12878,0.94811356,1.0,1
ENSG00000123415,1.1088799,1.5917323,GM12878,0.9215953,1.0,1
ENSG00000123415,1.1088799,1.5917323,GM12878,0.9215953,1.0,1
ENSG00000123415,1.1656333,1.5917323,GM12878,0.8789771,1.0,1
ENSG00000123415,1.2094156,1.5917323,GM12878,0.90604633,1.0,1
ENSG00000123415,1.2042279,1.5917323,GM12878,0.47750878,1.0,1
ENSG00000123415,1.1809659,1.5917323,GM12878,0.8651353,0.2173913,1
ENSG00000123415,1.186837,1.5917323,GM12878,0.57781726,0.0786802,1
ENSG00000123416,1.8894811,3.5772781,GM12878,0.8981804,1.0,1
ENSG00000123427,1.5442257,1.141136,GM12878,0.94244957,1.0,1
ENSG00000123427,1.4976926,1.141136,GM12878,0.8863766,0.7287273,1
ENSG00000123485,1.3979548,1.9139198,GM12878,0.6927598,1.0,1
ENSG00000123600,1.6011035,1.4321673,GM12878,0.7064258,1.0,1
ENSG00000123600,1.7545835,1.4321673,GM12878,0.5552358,1.0,1
ENSG00000123600,1.6082109,1.4321673,GM12878,0.35139263,1.0,1
ENSG00000123600,1.6851199,1.4321673,GM12878,0.821339,0.22931938,1
ENSG00000123600,1.7545835,1.4321673,GM12878,0.5552358,0.3387978,1
ENSG00000123607,1.2280517,1.4080703,GM12878,0.8411256,1.0,1
ENSG00000123609,1.5166734,1.0895519,GM12878,0.8952741,1.0,1
ENSG00000123609,1.4681847,1.0895519,GM12878,0.916045,1.0,1
ENSG00000123609,1.4392234,1.0895519,GM12878,0.9111423,1.0,1
ENSG00000123609,1.4485459,1.0895519,GM12878,0.9344498,1.0,1
ENSG00000123609,1.4647844,1.0895519,GM12878,0.9350984,1.0,1
ENSG00000123609,1.4803864,1.0895519,GM12878,0.94013083,0.981893,1
ENSG00000123610,0.14820197,-0.92081875,GM12878,0.9628313,1.0,1
ENSG00000123610,0.09958482,-0.92081875,GM12878,0.8641697,1.0,1
ENSG00000123636,1.1785953,1.2000293,GM12878,0.7978053,1.0,1
ENSG00000123983,1.4187056,1.913496,GM12878,0.66686106,1.0,1
ENSG00000123989,1.2673926,0.99913055,GM12878,0.92809695,1.0,1
ENSG00000123989,1.2085937,0.99913055,GM12878,0.72449005,1.0,1
ENSG00000123992,1.4414846,1.6747693,GM12878,0.7294645,1.0,1
ENSG00000123992,1.467459,1.6747693,GM12878,0.8474312,1.0,1
ENSG00000123992,1.4414898,1.6747693,GM12878,0.90473443,1.0,1
ENSG00000124356,1.4512008,1.548635,GM12878,0.8240524,1.0,1
ENSG00000124356,1.5816433,1.548635,GM12878,0.8832121,1.0,1
ENSG00000124356,1.5006521,1.548635,GM12878,0.861113,1.0,1
ENSG00000124357,1.1102053,0.9175055,GM12878,0.93627757,1.0,1
ENSG00000124370,1.4815096,1.3666097,GM12878,0.6402276,1.0,1
ENSG00000124374,-0.3012772,-0.69897,GM12878,0.99548185,1.0,1
ENSG00000124380,1.6468266,1.6141587,GM12878,0.93910414,1.0,1
ENSG00000124380,1.6600852,1.6141587,GM12878,0.92614985,1.0,1
ENSG00000124380,1.6618662,1.6141587,GM12878,0.85078084,1.0,1
ENSG00000124380,1.6589375,1.6141587,GM12878,0.7970351,1.0,1
ENSG00000124380,1.7636952,1.6141587,GM12878,0.8429014,1.0,1
ENSG00000124383,1.5351058,1.3898746,GM12878,0.905417,1.0,1
ENSG00000124383,1.6548887,1.3898746,GM12878,0.92563397,1.0,1
ENSG00000124831,1.1584867,1.2491983,GM12878,0.83053833,1.0,1
ENSG00000124831,1.194907,1.2491983,GM12878,0.86721313,1.0,1
ENSG00000124831,1.0740471,1.2491983,GM12878,0.90043235,1.0,1
ENSG00000124831,1.251927,1.2491983,GM12878,0.87434584,1.0,1
ENSG00000124831,1.208304,1.2491983,GM12878,0.90392464,0.0074850298,1
ENSG00000125538,-0.03903246,-0.79588,GM12878,0.9841576,1.0,1
ENSG00000125551,-0.053287677,-0.63827217,GM12878,0.9766384,1.0,1
ENSG00000125571,0.033036917,-0.88605666,GM12878,0.848694,1.0,1
ENSG00000125611,1.7420931,1.1863912,GM12878,0.81684583,1.0,1
ENSG00000125611,1.6875973,1.1863912,GM12878,0.87529767,1.0,1
ENSG00000125629,1.0310327,1.3870337,GM12878,0.8506843,1.0,1
ENSG00000125629,1.1174585,1.3870337,GM12878,0.8036879,1.0,1
ENSG00000125629,1.056691,1.3870337,GM12878,0.9208118,1.0,1
ENSG00000125629,0.9393389,1.3870337,GM12878,0.87577105,0.47379795,1
ENSG00000125630,1.7084826,1.499137,GM12878,0.8576729,1.0,1
ENSG00000125630,1.7293859,1.499137,GM12878,0.8875428,1.0,1
ENSG00000125630,1.6899364,1.499137,GM12878,0.3540623,0.062063616,1
ENSG00000125630,1.7362115,1.499137,GM12878,0.9223838,0.93,1
ENSG00000125633,0.8141239,1.1658376,GM12878,0.8635337,1.0,1
ENSG00000125637,1.3740332,1.0081742,GM12878,0.9482714,1.0,1
ENSG00000125637,1.4172032,1.0081742,GM12878,0.6542673,1.0,1
ENSG00000125637,1.2469229,1.0081742,GM12878,0.91696155,1.0,1
ENSG00000125637,1.2682563,1.0081742,GM12878,0.87976366,1.0,1
ENSG00000125637,1.3040074,1.0081742,GM12878,0.9024078,1.0,1
ENSG00000125637,1.399566,1.0081742,GM12878,0.94441634,1.0,1
ENSG00000125637,1.4184259,1.0081742,GM12878,0.9161335,1.0,1
ENSG00000125637,1.3343326,1.0081742,GM12878,0.95680183,1.0,1
ENSG00000125637,1.3004762,1.0081742,GM12878,0.8546865,1.0,1
ENSG00000125637,1.3531706,1.0081742,GM12878,0.913994,1.0,1
ENSG00000126746,1.9556704,1.548635,GM12878,0.76714796,1.0,1
ENSG00000126746,1.7408074,1.548635,GM12878,0.9246272,0.20787746,1
ENSG00000127311,1.204124,0.4756712,GM12878,0.9267422,1.0,1
ENSG00000127311,1.2931671,0.4756712,GM12878,0.8580729,1.0,1
ENSG00000127311,1.2711202,0.4756712,GM12878,0.76034373,1.0,1
ENSG00000127311,1.3116593,0.4756712,GM12878,0.7749931,1.0,1
ENSG00000127311,1.2897389,0.4756712,GM12878,0.8770055,0.8467433,1
ENSG00000127314,1.4019208,2.2907023,GM12878,0.7693925,1.0,1
ENSG00000127314,1.3311187,2.2907023,GM12878,0.94659644,1.0,1
ENSG00000127314,1.4019208,2.2907023,GM12878,0.7693925,0.8893035,1
ENSG00000127314,1.3508745,2.2907023,GM12878,0.90075016,0.54487586,1
ENSG00000127314,1.3585556,2.2907023,GM12878,0.8441579,0.9493011,1
ENSG00000127314,1.3498021,2.2907023,GM12878,0.9357908,0.97630507,1
ENSG00000127328,0.66158617,1.20412,GM12878,0.89189035,1.0,1
ENSG00000127328,0.83746386,1.20412,GM12878,0.78233576,0.03137255,1
ENSG00000127329,0.018302761,0.11394335,GM12878,0.9844565,1.0,1
ENSG00000127329,0.006876193,0.11394335,GM12878,0.98709065,1.0,1
ENSG00000127329,-0.08184812,0.11394335,GM12878,0.9654587,1.0,1
ENSG00000127329,0.06060005,0.11394335,GM12878,0.9712595,1.0,1
ENSG00000127329,0.05825246,0.11394335,GM12878,0.84830534,1.0,1
ENSG00000127329,-0.03259287,0.11394335,GM12878,0.9725362,1.0,1
ENSG00000127334,0.87247354,0.9973864,GM12878,0.55910003,0.5381485,1
ENSG00000127337,1.3607874,1.538825,GM12878,0.8495286,1.0,1
ENSG00000127720,1.6257554,0.13672057,GM12878,0.72639096,1.0,1
ENSG00000127720,1.6257554,0.13672057,GM12878,0.72639096,1.0,1
ENSG00000127831,0.1439228,-0.27572414,GM12878,0.98391724,1.0,1
ENSG00000127831,0.2744846,-0.27572414,GM12878,0.96476674,1.0,1
ENSG00000127837,1.6931094,1.5370631,GM12878,0.65972435,1.0,1
ENSG00000128641,-0.5443725,-0.92081875,GM12878,0.9916392,1.0,1
ENSG00000128654,1.4752423,2.0857186,GM12878,0.69387186,1.0,1
ENSG00000128654,1.31719,2.0857186,GM12878,0.36413527,0.04629921,1
ENSG00000128656,0.1550065,-0.10237291,GM12878,0.9786689,1.0,1
ENSG00000128656,0.20941657,-0.10237291,GM12878,0.9174243,1.0,1
ENSG00000128694,1.6460481,0.924796,GM12878,0.7818304,1.0,1
ENSG00000128694,1.566467,0.924796,GM12878,0.75858504,0.76880985,1
ENSG00000128699,1.2022743,1.7199938,GM12878,0.8913373,1.0,1
ENSG00000128699,1.3108975,1.7199938,GM12878,0.6706592,1.0,1
ENSG00000128699,1.2652347,1.7199938,GM12878,0.61628646,1.0,1
ENSG00000128699,1.2528781,1.7199938,GM12878,0.6896091,0.7994707,1
ENSG00000128708,1.7100446,2.2692094,GM12878,0.79785913,1.0,1
ENSG00000128708,1.7468513,2.2692094,GM12878,0.9007983,0.9689303,1
ENSG00000128708,1.7277999,2.2692094,GM12878,0.84198034,0.9924983,1
ENSG00000129315,1.7360975,1.5712428,GM12878,0.8064713,1.0,1
ENSG00000129315,1.6949204,1.5712428,GM12878,0.60129404,0.6581071,1
ENSG00000129317,1.5958444,1.3016809,GM12878,0.871371,1.0,1
ENSG00000129317,1.56007,1.3016809,GM12878,0.7474924,0.5429395,1
ENSG00000130038,0.82479787,0.8645111,GM12878,0.9452004,1.0,1
ENSG00000130038,0.8064622,0.8645111,GM12878,0.92300034,1.0,1
ENSG00000130414,1.4732931,1.9393694,GM12878,0.9043427,1.0,1
ENSG00000130783,-0.03422939,-0.124938734,GM12878,0.98361707,1.0,1
ENSG00000130787,1.0946683,1.0941216,GM12878,0.8611467,1.0,1
ENSG00000130921,1.4202236,1.1048284,GM12878,0.76185626,1.0,1
ENSG00000132300,1.7417358,2.152533,GM12878,0.6968027,1.0,1
ENSG00000132300,1.7225326,2.152533,GM12878,0.9078553,1.0,1
ENSG00000132300,1.659293,2.152533,GM12878,0.9095087,1.0,1
ENSG00000132305,1.81423,1.9421073,GM12878,0.9179243,1.0,1
ENSG00000132305,1.7923309,1.9421073,GM12878,0.8983544,1.0,1
ENSG00000132323,1.3849386,1.3490832,GM12878,0.9165048,1.0,1
ENSG00000132323,1.3545398,1.3490832,GM12878,0.9342794,1.0,1
ENSG00000132323,1.3573557,1.3490832,GM12878,0.851636,1.0,1
ENSG00000132323,1.3389164,1.3490832,GM12878,0.92311233,0.9828393,1
ENSG00000132326,1.2765757,0.350248,GM12878,0.89017874,1.0,1
ENSG00000132326,1.316996,0.350248,GM12878,0.9244682,0.66169155,1
ENSG00000132329,-0.70311165,-0.30980393,GM12878,0.9949668,1.0,1
ENSG00000132330,1.1352172,1.1132747,GM12878,0.9430593,1.0,1
ENSG00000132330,1.168906,1.1132747,GM12878,0.87032557,1.0,1
ENSG00000132330,1.0736297,1.1132747,GM12878,0.8343303,1.0,1
ENSG00000132330,1.1771268,1.1132747,GM12878,0.9304929,0.124535315,1
ENSG00000132341,1.6840395,3.411069,GM12878,0.72800565,0.08587893,1
ENSG00000133641,1.1683341,1.5317343,GM12878,0.92229784,1.0,1
ENSG00000133641,1.0023369,1.5317343,GM12878,0.8780029,1.0,1
ENSG00000133641,1.0734141,1.5317343,GM12878,0.9082879,0.66042554,1
ENSG00000133641,1.0270506,1.5317343,GM12878,0.84670055,0.9412023,1
ENSG00000133687,-0.15193072,-0.92081875,GM12878,0.984832,1.0,1
ENSG00000133703,0.8521517,1.1646502,GM12878,0.9014251,1.0,1
ENSG00000133703,0.8598125,1.1646502,GM12878,0.9059646,0.016381767,1
ENSG00000133704,1.2588779,1.1866739,GM12878,0.9355432,1.0,1
ENSG00000133773,1.2238272,1.4001925,GM12878,0.7009588,1.0,1
ENSG00000133773,1.2025586,1.4001925,GM12878,0.7337701,1.0,1
ENSG00000133858,1.775265,1.8242561,GM12878,0.7470769,1.0,1
ENSG00000133858,1.8295541,1.8242561,GM12878,0.90807164,1.0,1
ENSG00000134283,1.5677049,1.9033071,GM12878,0.90830785,1.0,1
ENSG00000134283,1.3258488,1.9033071,GM12878,0.9374103,1.0,1
ENSG00000134283,1.5392705,1.9033071,GM12878,0.7970245,0.14871553,1
ENSG00000134283,1.4983999,1.9033071,GM12878,0.9167024,0.57435775,1
ENSG00000134283,1.6213623,1.9033071,GM12878,0.60159767,0.03582371,1
ENSG00000134283,1.5009626,1.9033071,GM12878,0.78243834,0.97013485,1
ENSG00000134285,0.8855313,0.8312297,GM12878,0.82553625,1.0,1
ENSG00000134287,1.3348635,2.0677402,GM12878,0.92950666,1.0,1
ENSG00000134287,1.3348635,2.0677402,GM12878,0.92950666,1.0,1
ENSG00000134287,1.4850674,2.0677402,GM12878,0.8990642,0.9950777,1
ENSG00000134291,0.6540065,2.1332195,GM12878,0.8759972,1.0,1
ENSG00000134294,1.6103991,2.0171585,GM12878,0.74047,1.0,1
ENSG00000134294,1.6200943,2.0171585,GM12878,0.81751066,0.91113335,1
ENSG00000134308,1.4757422,2.3748765,GM12878,0.93643856,1.0,1
ENSG00000134313,1.2157786,1.5081255,GM12878,0.9351005,1.0,1
ENSG00000134313,1.2555927,1.5081255,GM12878,0.6041882,1.0,1
ENSG00000134313,1.303733,1.5081255,GM12878,0.7561552,0.09715994,1
ENSG00000134317,1.1508129,0.7041505,GM12878,0.93208236,1.0,1
ENSG00000134317,1.046955,0.7041505,GM12878,0.92088604,1.0,1
ENSG00000134318,1.4346708,0.84010607,GM12878,0.8934074,1.0,1
ENSG00000134318,1.3152426,0.84010607,GM12878,0.9372698,1.0,1
ENSG00000134318,1.460447,0.84010607,GM12878,0.9273293,1.0,1
ENSG00000134318,1.4398869,0.84010607,GM12878,0.8190334,1.0,1
ENSG00000134321,-0.27707553,-0.4202164,GM12878,0.99057174,1.0,1
ENSG00000134324,1.4343064,1.854306,GM12878,0.8810484,1.0,1
ENSG00000134324,1.5128707,1.854306,GM12878,0.8055712,0.056830805,1
ENSG00000134326,0.9544947,0.50105923,GM12878,0.92915773,1.0,1
ENSG00000134531,-0.015811764,-0.7212464,GM12878,0.980909,1.0,1
ENSG00000134532,-0.64737564,1.0681858,GM12878,0.9961659,1.0,1
ENSG00000134532,-0.6922878,1.0681858,GM12878,0.9981651,1.0,1
ENSG00000135090,1.2604225,1.6541766,GM12878,0.9484673,1.0,1
ENSG00000135090,1.3661478,1.6541766,GM12878,0.8163639,1.0,1
ENSG00000135090,1.3246992,1.6541766,GM12878,0.9530898,1.0,1
ENSG00000135090,1.3757886,1.6541766,GM12878,0.9220504,0.9892819,1
ENSG00000135090,1.3030645,1.6541766,GM12878,0.38324648,0.0,1
ENSG00000135093,1.0721165,1.0906107,GM12878,0.9173886,1.0,1
ENSG00000135093,1.1363363,1.0906107,GM12878,0.6861384,1.0,1
ENSG00000135093,1.1130673,1.0906107,GM12878,0.80896264,1.0,1
ENSG00000135093,1.1629592,1.0906107,GM12878,0.9254457,1.0,1
ENSG00000135108,0.66848266,0.8293038,GM12878,0.9720178,1.0,1
ENSG00000135124,1.2295719,1.1743506,GM12878,0.80982304,0.30533335,1
ENSG00000135124,1.2886945,1.1743506,GM12878,0.4742112,0.0,1
ENSG00000135124,1.2726884,1.1743506,GM12878,0.3722898,0.07363014,1
ENSG00000135127,-0.35107785,0.11058971,GM12878,0.97949994,1.0,1
ENSG00000135148,1.500737,1.6369891,GM12878,0.81572545,1.0,1
ENSG00000135390,1.5260307,2.530046,GM12878,0.87892973,1.0,1
ENSG00000135390,1.6907936,2.530046,GM12878,0.64645904,1.0,1
ENSG00000135392,1.5989351,0.83884907,GM12878,0.6024263,1.0,1
ENSG00000135404,1.5955054,2.3220744,GM12878,0.8049797,1.0,1
ENSG00000135407,0.16861305,-0.60206,GM12878,0.9249789,1.0,1
ENSG00000135414,0.89413095,0.5658478,GM12878,0.953117,1.0,1
ENSG00000135424,0.18751833,-0.022276394,GM12878,0.97077125,1.0,1
ENSG00000135426,0.3614169,0.1398791,GM12878,0.8746894,1.0,1
ENSG00000135436,-0.17274937,-0.7447275,GM12878,0.9815134,1.0,1
ENSG00000135436,-0.24403328,-0.7447275,GM12878,0.98989254,1.0,1
ENSG00000135436,-0.2631989,-0.7447275,GM12878,0.9927651,1.0,1
ENSG00000135439,0.0027885959,-0.537602,GM12878,0.9869659,1.0,1
ENSG00000135441,1.3409467,1.8585372,GM12878,0.9580595,1.0,1
ENSG00000135441,1.3409467,1.8585372,GM12878,0.9580595,1.0,1
ENSG00000135441,1.3140529,1.8585372,GM12878,0.77220315,0.98213196,1
ENSG00000135441,1.3492432,1.8585372,GM12878,0.85246557,0.5353774,1
ENSG00000135446,1.7072988,2.536899,GM12878,0.8561006,1.0,1
ENSG00000135446,1.7566868,2.536899,GM12878,0.92041427,0.9989126,1
ENSG00000135451,1.9960793,1.6447339,GM12878,0.7967387,1.0,1
ENSG00000135451,2.0062287,1.6447339,GM12878,0.8403808,1.0,1
ENSG00000135451,1.9552382,1.6447339,GM12878,0.75263906,1.0,1
ENSG00000135451,1.9879466,1.6447339,GM12878,0.8082364,0.97270954,1
ENSG00000135452,1.8283303,1.1826999,GM12878,0.5935529,1.0,1
ENSG00000135454,1.0026429,0.89872515,GM12878,0.9447961,1.0,1
ENSG00000135457,1.7229954,1.3747483,GM12878,0.84155464,1.0,1
ENSG00000135469,1.2883121,1.3586961,GM12878,0.5244694,1.0,1
ENSG00000135469,1.2655033,1.3586961,GM12878,0.4946926,1.0,1
ENSG00000135469,1.347514,1.3586961,GM12878,0.8268132,1.0,1
ENSG00000135473,1.9031531,1.883775,GM12878,0.83510816,1.0,1
ENSG00000135473,1.8604335,1.883775,GM12878,0.88079435,1.0,1
ENSG00000135476,1.5298668,1.2355285,GM12878,0.4946756,1.0,1
ENSG00000135476,1.4158628,1.2355285,GM12878,0.92625344,0.5907173,1
ENSG00000135482,1.4503324,-0.017728766,GM12878,0.8184701,1.0,1
ENSG00000135486,2.076706,2.9958897,GM12878,0.8634935,1.0,1
ENSG00000135486,2.0584433,2.9958897,GM12878,0.8044271,0.34279418,1
ENSG00000135503,0.92122334,0.8162413,GM12878,0.9628344,1.0,1
ENSG00000135503,1.0151709,0.8162413,GM12878,0.9373296,1.0,1
ENSG00000135506,1.6362538,1.8877298,GM12878,0.47487924,1.0,1
ENSG00000135506,1.6966037,1.8877298,GM12878,0.58594626,0.9977635,1
ENSG00000135506,1.6580187,1.8877298,GM12878,0.7881829,0.998253,1
ENSG00000135506,1.7171671,1.8877298,GM12878,0.8827533,0.6018163,1
ENSG00000135517,-0.14316559,-0.88605666,GM12878,0.92395604,1.0,1
ENSG00000135519,-0.23813534,-0.92081875,GM12878,0.9671872,1.0,1
ENSG00000135519,-0.26860476,-0.92081875,GM12878,0.99536115,1.0,1
ENSG00000135519,-0.16328216,-0.92081875,GM12878,0.9955461,1.0,1
ENSG00000135617,1.3545889,1.358506,GM12878,0.93681514,1.0,1
ENSG00000135617,1.306842,1.358506,GM12878,0.91899145,1.0,1
ENSG00000135617,1.3287686,1.358506,GM12878,0.63366306,1.0,1
ENSG00000135622,0.42880565,-0.27572414,GM12878,0.89594084,1.0,1
ENSG00000135624,1.5660104,2.686082,GM12878,0.81277764,1.0,1
ENSG00000135624,1.560901,2.686082,GM12878,0.7473536,0.009721189,1
ENSG00000135632,1.647108,1.5007852,GM12878,0.589873,1.0,1
ENSG00000135643,0.2501165,-0.56863624,GM12878,0.9280795,1.0,1
ENSG00000135655,1.8415195,2.1769302,GM12878,0.83029467,1.0,1
ENSG00000135655,1.8415195,2.1769302,GM12878,0.83029467,1.0,1
ENSG00000135655,1.8202049,2.1769302,GM12878,0.9048444,0.9838002,1
ENSG00000135677,1.2899841,1.3802112,GM12878,0.8011826,1.0,1
ENSG00000135677,1.2215474,1.3802112,GM12878,0.9074306,0.7834483,1
ENSG00000135677,1.233112,1.3802112,GM12878,0.9177382,0.0,1
ENSG00000135679,1.7118198,1.3823773,GM12878,0.86428475,1.0,1
ENSG00000135679,1.7888659,1.3823773,GM12878,0.88105726,0.97324723,1
ENSG00000135679,1.8590783,1.3823773,GM12878,0.8685749,0.99904764,1
ENSG00000135679,1.6839668,1.3823773,GM12878,0.83661264,0.9740019,1
ENSG00000135679,1.8397493,1.3823773,GM12878,0.87125385,1.0,1
ENSG00000135898,-0.6770497,-0.36653155,GM12878,0.9966551,1.0,1
ENSG00000135899,0.8419251,0.29003462,GM12878,0.9360087,1.0,1
ENSG00000135899,0.8364319,0.29003462,GM12878,0.898723,1.0,1
ENSG00000135899,0.8796142,0.29003462,GM12878,0.9558393,1.0,1
ENSG00000135912,1.2339355,1.5507175,GM12878,0.9183235,1.0,1
ENSG00000135913,1.5633911,0.81291336,GM12878,0.69444793,1.0,1
ENSG00000135913,1.5032517,0.81291336,GM12878,0.8341201,1.0,1
ENSG00000135913,1.5611286,0.81291336,GM12878,0.8693051,0.96666664,1
ENSG00000135913,1.4591856,0.81291336,GM12878,0.73025656,0.9627451,1
ENSG00000135916,0.9148208,1.6893089,GM12878,0.94825137,1.0,1
ENSG00000135916,1.0144583,1.6893089,GM12878,0.9378005,1.0,1
ENSG00000135916,0.95640975,1.6893089,GM12878,0.9348459,1.0,1
ENSG00000135916,0.96576786,1.6893089,GM12878,0.8844257,0.7501063,1
ENSG00000135916,1.0022259,1.6893089,GM12878,0.88797206,0.99872506,1
ENSG00000135924,0.8764329,0.6314438,GM12878,0.8084009,1.0,1
ENSG00000135924,0.8538475,0.6314438,GM12878,0.9508871,1.0,1
ENSG00000135926,1.4545836,1.6454222,GM12878,0.75566524,1.0,1
ENSG00000135926,1.5938663,1.6454222,GM12878,0.8310603,1.0,1
ENSG00000135926,1.4545836,1.6454222,GM12878,0.75566524,0.55841535,1
ENSG00000135926,1.5810175,1.6454222,GM12878,0.7148724,0.0013537906,1
ENSG00000135930,1.5457901,1.3117539,GM12878,0.8798674,1.0,1
ENSG00000135930,1.4913038,1.3117539,GM12878,0.9119934,0.76930064,1
ENSG00000135931,0.5652028,0.2552725,GM12878,0.96997863,1.0,1
ENSG00000135931,0.58776784,0.2552725,GM12878,0.9787259,1.0,1
ENSG00000135932,1.3491654,1.769525,GM12878,0.9428323,1.0,1
ENSG00000135940,1.6052485,2.6450388,GM12878,0.8951769,1.0,1
ENSG00000135940,1.59906,2.6450388,GM12878,0.76090586,1.0,1
ENSG00000135945,1.2740539,1.6389881,GM12878,0.9261521,1.0,1
ENSG00000135945,1.422289,1.6389881,GM12878,0.8132727,0.1492205,1
ENSG00000135953,1.2356886,0.79934055,GM12878,0.6885358,1.0,1
ENSG00000135953,1.2959293,0.79934055,GM12878,0.8576251,1.0,1
ENSG00000135953,1.310434,0.79934055,GM12878,0.9375363,0.22434367,1
ENSG00000135956,1.2427648,1.0417873,GM12878,0.7603424,1.0,1
ENSG00000135956,1.2426951,1.0417873,GM12878,0.6791284,1.0,1
ENSG00000135966,1.4165288,0.854913,GM12878,0.9104266,1.0,1
ENSG00000135966,1.285128,0.854913,GM12878,0.9159938,1.0,1
ENSG00000135968,1.6528715,1.1519824,GM12878,0.90796316,1.0,1
ENSG00000135974,1.8739928,1.3873898,GM12878,0.9249327,1.0,1
ENSG00000135976,0.9579717,0.98989457,GM12878,0.91594607,1.0,1
ENSG00000135999,1.3595494,1.414472,GM12878,0.93277687,1.0,1
ENSG00000135999,1.4583908,1.414472,GM12878,0.9494604,1.0,1
ENSG00000135999,1.3885697,1.414472,GM12878,0.930202,1.0,1
ENSG00000136003,1.7180068,1.8243862,GM12878,0.9137939,1.0,1
ENSG00000136003,1.7186884,1.8243862,GM12878,0.8692739,0.06982093,1
ENSG00000136003,1.750096,1.8243862,GM12878,0.68755215,0.0022763088,1
ENSG00000136003,1.7887763,1.8243862,GM12878,0.6440782,0.00070150825,1
ENSG00000136010,0.61293244,0.48144263,GM12878,0.93151724,1.0,1
ENSG00000136010,0.60624003,0.48144263,GM12878,0.94236946,1.0,1
ENSG00000136010,0.54861957,0.48144263,GM12878,0.9107625,1.0,1
ENSG00000136021,1.4827924,1.3546846,GM12878,0.9216135,1.0,1
ENSG00000136021,1.4528164,1.3546846,GM12878,0.91687995,1.0,1
ENSG00000136040,-0.18061486,-0.48148605,GM12878,0.9196065,1.0,1
ENSG00000136040,-0.1755495,-0.48148605,GM12878,0.9559109,1.0,1
ENSG00000136044,1.1154205,1.0077478,GM12878,0.94535524,1.0,1
ENSG00000136044,1.1681505,1.0077478,GM12878,0.86597437,1.0,1
ENSG00000136045,1.5692267,1.9060656,GM12878,0.83419645,1.0,1
ENSG00000136048,1.1898032,0.22271647,GM12878,0.79042274,1.0,1
ENSG00000136051,1.397899,1.2605484,GM12878,0.8752091,1.0,1
ENSG00000136051,1.4669406,1.2605484,GM12878,0.470148,1.0,1
ENSG00000136052,0.03511177,-0.6777807,GM12878,0.929424,1.0,1
ENSG00000136536,1.7284807,1.6893089,GM12878,0.85230863,1.0,1
ENSG00000136536,1.7401739,1.6893089,GM12878,0.8361912,1.0,1
ENSG00000136536,1.6435968,1.6893089,GM12878,0.8381789,0.8555219,1
ENSG00000136536,1.7421979,1.6893089,GM12878,0.8583047,0.8555219,1
ENSG00000136541,0.2518225,-0.7447275,GM12878,0.82094604,1.0,1
ENSG00000136541,-0.018981554,-0.7447275,GM12878,0.98005736,1.0,1
ENSG00000136542,1.7224891,1.6290016,GM12878,0.91100055,1.0,1
ENSG00000136542,1.8524586,1.6290016,GM12878,0.81851083,1.0,1
ENSG00000136560,1.5786922,1.6435513,GM12878,0.8909046,1.0,1
ENSG00000136560,1.6482198,1.6435513,GM12878,0.8835039,1.0,1
ENSG00000136560,1.5642847,1.6435513,GM12878,0.87240887,1.0,1
ENSG00000136560,1.6173967,1.6435513,GM12878,0.8673378,1.0,1
ENSG00000136682,1.4080577,1.4702635,GM12878,0.79321164,1.0,1
ENSG00000136682,1.4318632,1.4702635,GM12878,0.6227302,0.39384496,1
ENSG00000136682,1.3335329,1.4702635,GM12878,0.832968,0.018551765,1
ENSG00000136682,1.3479377,1.4702635,GM12878,0.51752275,0.12951168,1
ENSG00000136682,1.44086,1.4702635,GM12878,0.5062728,0.8266108,1
ENSG00000136699,1.3657687,1.6574383,GM12878,0.84302247,1.0,1
ENSG00000136699,1.479336,1.6574383,GM12878,0.8255708,0.08573903,1
ENSG00000136699,1.4998764,1.6574383,GM12878,0.79733646,0.76760566,1
ENSG00000136699,1.5937269,1.6574383,GM12878,0.7855724,0.9672771,1
ENSG00000136709,1.6121918,1.6395861,GM12878,0.9144701,1.0,1
ENSG00000136710,1.5099149,1.6773331,GM12878,0.82626325,1.0,1
ENSG00000136710,1.369578,1.6773331,GM12878,0.9431109,0.102380954,1
ENSG00000136715,1.2211187,0.9965117,GM12878,0.58200115,0.4827586,1
ENSG00000136717,-0.44774684,-0.060480747,GM12878,0.99857235,1.0,1
ENSG00000136718,1.6267549,2.0466902,GM12878,0.84770596,1.0,1
ENSG00000136731,1.4267069,1.2962263,GM12878,0.8859553,1.0,1
ENSG00000136731,1.5352436,1.2962263,GM12878,0.91199553,1.0,1
ENSG00000136732,1.5912068,2.287152,GM12878,0.889459,1.0,1
ENSG00000136732,1.5406243,2.287152,GM12878,0.63769263,0.0075281016,1
ENSG00000136732,1.5663403,2.287152,GM12878,0.71953243,0.50829196,1
ENSG00000138002,1.1535635,1.2214142,GM12878,0.86289513,1.0,1
ENSG00000138002,1.2190908,1.2214142,GM12878,0.5228642,0.0,1
ENSG00000138018,1.6865159,1.3220124,GM12878,0.6634478,1.0,1
ENSG00000138029,1.6117371,1.962322,GM12878,0.8776807,1.0,1
ENSG00000138029,1.6117371,1.962322,GM12878,0.8776807,1.0,1
ENSG00000138029,1.6012892,1.962322,GM12878,0.62279505,0.9915265,1
ENSG00000138030,0.8050616,0.4578819,GM12878,0.9813188,1.0,1
ENSG00000138031,0.44894284,1.474362,GM12878,0.98721015,1.0,1
ENSG00000138031,0.5462468,1.474362,GM12878,0.9776539,1.0,1
ENSG00000138031,0.570722,1.474362,GM12878,0.7954205,0.3809524,1
ENSG00000138032,0.9997891,1.5174599,GM12878,0.9180789,1.0,1
ENSG00000138032,1.0994352,1.5174599,GM12878,0.8748758,1.0,1
ENSG00000138032,0.8368883,1.5174599,GM12878,0.79515946,0.99812263,1
ENSG00000138032,1.0371825,1.5174599,GM12878,0.85322917,0.637321,1
ENSG00000138035,1.3924049,1.602711,GM12878,0.881971,1.0,1
ENSG00000138035,1.5312709,1.602711,GM12878,0.8578675,1.0,1
ENSG00000138035,1.4599898,1.602711,GM12878,0.74009544,1.0,1
ENSG00000138036,0.95801836,1.4723176,GM12878,0.74646074,1.0,1
ENSG00000138050,1.4486752,1.4776999,GM12878,0.7590244,1.0,1
ENSG00000138050,1.3132638,1.4776999,GM12878,0.9115425,1.0,1
ENSG00000138050,1.439772,1.4776999,GM12878,0.7330522,0.4416191,1
ENSG00000138050,1.3909675,1.4776999,GM12878,0.8337176,0.054569364,1
ENSG00000138069,1.5391288,2.0828214,GM12878,0.8811862,1.0,1
ENSG00000138071,1.5229785,2.0807707,GM12878,0.91613495,1.0,1
ENSG00000138071,1.5424718,2.0807707,GM12878,0.93467164,1.0,1
ENSG00000138071,1.5740402,2.0807707,GM12878,0.78155017,1.0,1
ENSG00000138071,1.5185452,2.0807707,GM12878,0.7203732,1.0,1
ENSG00000138071,1.5238985,2.0807707,GM12878,0.7686731,0.0,1
ENSG00000138073,1.5543821,1.8209236,GM12878,0.89432085,1.0,1
ENSG00000138073,1.526784,1.8209236,GM12878,0.92790157,1.0,1
ENSG00000138073,1.6159395,1.8209236,GM12878,0.84933805,0.993831,1
ENSG00000138073,1.6010581,1.8209236,GM12878,0.8340238,0.98530495,1
ENSG00000138074,1.584488,2.0226758,GM12878,0.69711685,1.0,1
ENSG00000138074,1.6248384,2.0226758,GM12878,0.8505942,0.0038812784,1
ENSG00000138078,1.863094,1.6208645,GM12878,0.7292522,1.0,1
ENSG00000138078,1.8477417,1.6208645,GM12878,0.44940624,1.0,1
ENSG00000138078,1.8576894,1.6208645,GM12878,0.8420432,1.0,1
ENSG00000138078,1.8491567,1.6208645,GM12878,0.84286153,1.0,1
ENSG00000138078,1.8754499,1.6208645,GM12878,0.81849164,1.0,1
ENSG00000138078,1.8530902,1.6208645,GM12878,0.8388322,0.9982614,1
ENSG00000138078,1.6685551,1.6208645,GM12878,0.6894474,0.34531185,1
ENSG00000138080,0.036585994,-0.4436975,GM12878,0.9920099,1.0,1
ENSG00000138080,0.03750188,-0.4436975,GM12878,0.9912464,1.0,1
ENSG00000138081,1.5895896,1.4988617,GM12878,0.81079507,1.0,1
ENSG00000138085,1.6268973,2.12827,GM12878,0.92831993,1.0,1
ENSG00000138092,1.9555496,1.731347,GM12878,0.84187794,1.0,1
ENSG00000138092,1.9580061,1.731347,GM12878,0.85600024,0.60303515,1
ENSG00000138095,1.8214476,2.1406024,GM12878,0.82233524,1.0,1
ENSG00000138095,1.786343,2.1406024,GM12878,0.7391398,1.0,1
ENSG00000138095,1.9153156,2.1406024,GM12878,0.78673285,1.0,1
ENSG00000138095,1.7422949,2.1406024,GM12878,0.5169192,1.0,1
ENSG00000138095,1.7219948,2.1406024,GM12878,0.82828707,1.0,1
ENSG00000138101,-0.21669471,0.1271048,GM12878,0.9815864,1.0,1
ENSG00000138101,-0.14628619,0.1271048,GM12878,0.9194356,1.0,1
ENSG00000138356,0.114095576,-0.7447275,GM12878,0.9593368,1.0,1
ENSG00000138363,1.6931562,2.0111897,GM12878,0.8944151,1.0,1
ENSG00000138375,1.6106707,1.349666,GM12878,0.8818303,1.0,1
ENSG00000138375,1.644125,1.349666,GM12878,0.78164285,0.94951236,1
ENSG00000138376,1.1041781,0.9334873,GM12878,0.9035968,1.0,1
ENSG00000138376,1.1144887,0.9334873,GM12878,0.8110679,1.0,1
ENSG00000138376,1.2919825,0.9334873,GM12878,0.61871773,1.0,1
ENSG00000138376,0.9635716,0.9334873,GM12878,0.8524439,0.87261146,1
ENSG00000138376,1.2729555,0.9334873,GM12878,0.76501983,1.0,1
ENSG00000138378,-0.38534045,-0.92081875,GM12878,0.97066057,1.0,1
ENSG00000138380,1.6349806,0.5599066,GM12878,0.7644243,1.0,1
ENSG00000138380,1.5257684,0.5599066,GM12878,0.9075009,1.0,1
ENSG00000138380,1.5498749,0.5599066,GM12878,0.7376624,0.0,1
ENSG00000138380,1.4446069,0.5599066,GM12878,0.8128743,0.12719299,1
ENSG00000138380,1.5257684,0.5599066,GM12878,0.9075009,0.9754902,1
ENSG00000138380,1.5468153,0.5599066,GM12878,0.69124496,1.0,1
ENSG00000138380,1.4907633,0.5599066,GM12878,0.4461048,0.6271777,1
ENSG00000138380,1.6349782,0.5599066,GM12878,0.51656365,0.0,1
ENSG00000138381,1.4527733,1.3003781,GM12878,0.78650254,1.0,1
ENSG00000138381,1.3207277,1.3003781,GM12878,0.57600486,1.0,1
ENSG00000138382,1.4907349,2.1152444,GM12878,0.76668537,1.0,1
ENSG00000138385,1.5946832,2.4353347,GM12878,0.80435324,1.0,1
ENSG00000138386,1.3567116,1.2129862,GM12878,0.77313745,1.0,1
ENSG00000138386,1.3846074,1.2129862,GM12878,0.8865842,1.0,1
ENSG00000138386,1.3258305,1.2129862,GM12878,0.71487916,1.0,1
ENSG00000138386,1.3132519,1.2129862,GM12878,0.92650986,1.0,1
ENSG00000138386,1.3754345,1.2129862,GM12878,0.8797928,1.0,1
ENSG00000138386,1.3754345,1.2129862,GM12878,0.8797928,1.0,1
ENSG00000138386,1.4027168,1.2129862,GM12878,0.84192675,1.0,1
ENSG00000138386,1.3278073,1.2129862,GM12878,0.93441087,1.0,1
ENSG00000138386,1.3813063,1.2129862,GM12878,0.79167753,0.97722095,1
ENSG00000138398,1.541796,1.9762124,GM12878,0.9412854,1.0,1
ENSG00000138398,1.5575598,1.9762124,GM12878,0.88775235,0.93984795,1
ENSG00000138399,1.4532483,1.9340438,GM12878,0.71584976,1.0,1
ENSG00000138399,1.4314191,1.9340438,GM12878,0.70766455,0.76833487,1
ENSG00000138399,1.4059585,1.9340438,GM12878,0.87926507,0.91881496,1
ENSG00000138411,-0.5844149,-0.32790214,GM12878,0.9967891,1.0,1
ENSG00000138411,-0.59945685,-0.32790214,GM12878,0.9935448,1.0,1
ENSG00000138413,1.2538091,1.8581159,GM12878,0.8172508,1.0,1
ENSG00000138430,1.3018459,2.3815482,GM12878,0.8973879,1.0,1
ENSG00000138430,1.3454722,2.3815482,GM12878,0.82060575,1.0,1
ENSG00000138430,1.3946228,2.3815482,GM12878,0.8848976,1.0,1
ENSG00000138430,1.3370084,2.3815482,GM12878,0.9111877,1.0,1
ENSG00000138430,1.3596196,2.3815482,GM12878,0.8959948,0.57125014,1
ENSG00000138433,1.2453963,1.1212314,GM12878,0.9192354,1.0,1
ENSG00000138433,1.2292312,1.1212314,GM12878,0.9388013,1.0,1
ENSG00000138433,1.3026286,1.1212314,GM12878,0.8880398,1.0,1
ENSG00000138433,1.2955867,1.1212314,GM12878,0.8888241,1.0,1
ENSG00000138433,1.3834776,1.1212314,GM12878,0.9190721,1.0,1
ENSG00000138433,1.3348618,1.1212314,GM12878,0.6978645,1.0,1
ENSG00000138433,1.3587707,1.1212314,GM12878,0.905038,1.0,1
ENSG00000138433,1.242944,1.1212314,GM12878,0.9484172,1.0,1
ENSG00000138434,1.3403698,1.5533975,GM12878,0.785611,1.0,1
ENSG00000138434,1.4237852,1.5533975,GM12878,0.78521913,0.94389206,1
ENSG00000138434,1.3463396,1.5533975,GM12878,0.82237434,0.7046632,1
ENSG00000138434,1.434282,1.5533975,GM12878,0.7783876,0.7635422,1
ENSG00000138439,0.84006774,0.23804611,GM12878,0.8956834,1.0,1
ENSG00000138442,1.5308739,2.2621899,GM12878,0.91985184,1.0,1
ENSG00000138443,0.7882687,1.0860037,GM12878,0.9507668,1.0,1
ENSG00000138443,0.86343896,1.0860037,GM12878,0.82016337,1.0,1
ENSG00000138443,0.75237393,1.0860037,GM12878,0.9564329,1.0,1
ENSG00000138443,0.74379766,1.0860037,GM12878,0.69165397,0.023201857,1
ENSG00000138443,0.8192353,1.0860037,GM12878,0.7697784,0.14430894,1
ENSG00000138443,0.85402757,1.0860037,GM12878,0.44559518,0.005976096,1
ENSG00000138443,0.8631758,1.0860037,GM12878,0.81878,0.96893203,1
ENSG00000138443,0.8586539,1.0860037,GM12878,0.7875135,0.005976096,1
ENSG00000138443,0.8199451,1.0860037,GM12878,0.77015907,0.82509506,1
ENSG00000138448,1.1317545,1.1010593,GM12878,0.90555054,1.0,1
ENSG00000138449,1.7033478,1.5110809,GM12878,0.8126712,1.0,1
ENSG00000139044,-0.31864208,-0.537602,GM12878,0.98607254,1.0,1
ENSG00000139044,-0.3653847,-0.537602,GM12878,0.98435193,1.0,1
ENSG00000139044,-0.38751018,-0.537602,GM12878,0.9772545,1.0,1
ENSG00000139083,1.1578795,0.45636603,GM12878,0.87335247,1.0,1
ENSG00000139112,1.2867653,1.0476642,GM12878,0.90659606,1.0,1
ENSG00000139112,1.325231,1.0476642,GM12878,0.8465217,1.0,1
ENSG00000139116,0.9205804,1.2638726,GM12878,0.8995836,1.0,1
ENSG00000139116,1.0998439,1.2638726,GM12878,0.7780475,1.0,1
ENSG00000139116,1.0676425,1.2638726,GM12878,0.87350726,1.0,1
ENSG00000139116,1.0530438,1.2638726,GM12878,0.6030491,0.005291005,1
ENSG00000139116,1.1739264,1.2638726,GM12878,0.82818264,0.38004947,1
ENSG00000139116,1.0594984,1.2638726,GM12878,0.48744276,0.03730738,1
ENSG00000139116,1.1879383,1.2638726,GM12878,0.8836172,0.9459459,1
ENSG00000139116,1.0893755,1.2638726,GM12878,0.8210051,0.01048218,1
ENSG00000139131,1.2329859,1.4364806,GM12878,0.9243273,1.0,1
ENSG00000139133,0.9401958,1.0809871,GM12878,0.5253518,1.0,1
ENSG00000139133,0.9401958,1.0809871,GM12878,0.5253518,1.0,1
ENSG00000139146,1.7140727,1.8637391,GM12878,0.63083804,1.0,1
ENSG00000139146,1.7140727,1.8637391,GM12878,0.63083804,1.0,1
ENSG00000139154,1.1381351,0.854913,GM12878,0.8909327,1.0,1
ENSG00000139160,1.3595473,-0.055517327,GM12878,0.84148514,1.0,1
ENSG00000139160,1.3877505,-0.055517327,GM12878,0.8640841,1.0,1
ENSG00000139163,1.2267274,1.4116197,GM12878,0.9170689,1.0,1
ENSG00000139163,1.2144232,1.4116197,GM12878,0.92566216,1.0,1
ENSG00000139163,1.1461912,1.4116197,GM12878,0.54394716,1.0,1
ENSG00000139163,1.2289802,1.4116197,GM12878,0.61632997,1.0,1
ENSG00000139163,1.2301475,1.4116197,GM12878,0.772611,0.0,1
ENSG00000139168,1.5753123,1.447778,GM12878,0.7742733,1.0,1
ENSG00000139173,0.5133761,-0.1426675,GM12878,0.9654937,1.0,1
ENSG00000139173,0.53597456,-0.1426675,GM12878,0.92736673,1.0,1
ENSG00000139173,0.5400452,-0.1426675,GM12878,0.65957206,1.0,1
ENSG00000139174,-0.50339305,-0.17392519,GM12878,0.97412986,1.0,1
ENSG00000139178,1.9226004,0.7185017,GM12878,0.8638729,1.0,1
ENSG00000139180,1.5321115,1.8949803,GM12878,0.6105999,1.0,1
ENSG00000139180,1.5739022,1.8949803,GM12878,0.34247062,0.85535055,1
ENSG00000139182,1.2393727,1.3104808,GM12878,0.834986,1.0,1
ENSG00000139182,1.2436123,1.3104808,GM12878,0.844405,1.0,1
ENSG00000139182,1.2653295,1.3104808,GM12878,0.874433,1.0,1
ENSG00000139187,-0.11284942,0.37106785,GM12878,0.9255611,1.0,1
ENSG00000139190,1.3876102,0.8280151,GM12878,0.7955961,1.0,1
ENSG00000139190,1.3822737,0.8280151,GM12878,0.78445154,1.0,1
ENSG00000139190,1.4457752,0.8280151,GM12878,0.84056634,1.0,1
ENSG00000139190,1.4749492,0.8280151,GM12878,0.9317452,1.0,1
ENSG00000139192,0.8593596,-0.36653155,GM12878,0.80966765,1.0,1
ENSG00000139192,0.9470277,-0.36653155,GM12878,0.8935927,1.0,1
ENSG00000139192,0.8338361,-0.36653155,GM12878,0.93546265,1.0,1
ENSG00000139192,0.7183179,-0.36653155,GM12878,0.8921812,1.0,1
ENSG00000139194,1.5868195,0.92737037,GM12878,0.8619875,1.0,1
ENSG00000139197,1.3601819,1.1152776,GM12878,0.8680685,1.0,1
ENSG00000139197,1.3662589,1.1152776,GM12878,0.83577365,0.392,1
ENSG00000139218,1.6567938,1.6919651,GM12878,0.9183368,1.0,1
ENSG00000139233,1.5479786,1.177825,GM12878,0.9353911,1.0,1
ENSG00000139263,0.18646035,-0.7695511,GM12878,0.9039097,1.0,1
ENSG00000139266,0.90313804,0.8318698,GM12878,0.85401124,1.0,1
ENSG00000139278,-0.13989803,-0.55284196,GM12878,0.9796825,1.0,1
ENSG00000139278,-0.13989803,-0.55284196,GM12878,0.9796825,1.0,1
ENSG00000139278,-0.10752661,-0.55284196,GM12878,0.97964925,1.0,1
ENSG00000139278,-0.10752661,-0.55284196,GM12878,0.97964925,1.0,1
ENSG00000139278,0.111154206,-0.55284196,GM12878,0.95345557,1.0,1
ENSG00000139291,1.5424422,1.1619666,GM12878,0.7819401,1.0,1
ENSG00000139291,1.369378,1.1619666,GM12878,0.8650022,1.0,1
ENSG00000139323,1.6920904,1.0802656,GM12878,0.7918893,1.0,1
ENSG00000139323,1.6654307,1.0802656,GM12878,0.81488985,1.0,1
ENSG00000139323,1.6866583,1.0802656,GM12878,0.5321233,0.16414687,1
ENSG00000139323,1.6001343,1.0802656,GM12878,0.6268528,0.79913604,1
ENSG00000139324,0.9962659,0.69108146,GM12878,0.8525225,1.0,1
ENSG00000139324,1.0869142,0.69108146,GM12878,0.6332749,1.0,1
ENSG00000139324,1.0258623,0.69108146,GM12878,0.907651,1.0,1
ENSG00000139324,0.9691041,0.69108146,GM12878,0.8321952,1.0,1
ENSG00000139324,1.0068599,0.69108146,GM12878,0.88327503,0.53318584,1
ENSG00000139343,1.3376073,1.5625308,GM12878,0.85669345,1.0,1
ENSG00000139350,1.24338,1.3213912,GM12878,0.6597944,1.0,1
ENSG00000139350,1.3551418,1.3213912,GM12878,0.47702354,0.9693356,1
ENSG00000139351,-0.19802532,-0.69897,GM12878,0.98534644,1.0,1
ENSG00000139354,0.39974242,0.30103,GM12878,0.8980823,1.0,1
ENSG00000139370,1.0449201,1.2070955,GM12878,0.8778899,1.0,1
ENSG00000139370,1.1313498,1.2070955,GM12878,0.7643129,0.65,1
ENSG00000139372,1.5599166,1.6894865,GM12878,0.926776,1.0,1
ENSG00000139372,1.6227242,1.6894865,GM12878,0.8031923,0.00046189377,1
ENSG00000139372,1.5921508,1.6894865,GM12878,0.9210276,0.990389,1
ENSG00000139372,1.7317173,1.6894865,GM12878,0.9167035,0.9840973,1
ENSG00000139405,1.5360212,1.1492192,GM12878,0.8291388,1.0,1
ENSG00000139405,1.5033215,1.1492192,GM12878,0.7999499,1.0,1
ENSG00000139405,1.6913207,1.1492192,GM12878,0.8340284,0.99482757,1
ENSG00000139405,1.6797606,1.1492192,GM12878,0.86840105,0.96103895,1
ENSG00000139410,1.3310461,0.91592723,GM12878,0.9375453,1.0,1
ENSG00000139428,1.3292212,1.595386,GM12878,0.86001766,1.0,1
ENSG00000139428,1.5228066,1.595386,GM12878,0.89886785,0.9215407,1
ENSG00000139433,0.46495992,0.5976952,GM12878,0.8420649,1.0,1
ENSG00000139433,0.5422614,0.5976952,GM12878,0.73469114,0.093333334,1
ENSG00000139436,1.3943514,1.360404,GM12878,0.8948907,1.0,1
ENSG00000139436,1.4000777,1.360404,GM12878,0.82845455,0.9881188,1
ENSG00000139436,1.3634558,1.360404,GM12878,0.9367789,0.9960396,1
ENSG00000139436,1.552431,1.360404,GM12878,0.4538377,0.0023640662,1
ENSG00000139436,1.4056456,1.360404,GM12878,0.73839015,0.99527186,1
ENSG00000139437,1.2173654,1.0534626,GM12878,0.9559384,1.0,1
ENSG00000139437,1.2227616,1.0534626,GM12878,0.9548955,1.0,1
ENSG00000139438,-0.10068067,-0.85387194,GM12878,0.94629085,1.0,1
ENSG00000139531,1.869569,1.3984609,GM12878,0.6886935,1.0,1
ENSG00000139531,1.8366377,1.3984609,GM12878,0.46362042,0.75310034,1
ENSG00000139531,1.7947739,1.3984609,GM12878,0.49005806,0.41454864,1
ENSG00000139540,0.77586627,-0.69897,GM12878,0.95220757,1.0,1
ENSG00000139546,1.6910285,1.5749568,GM12878,0.906378,1.0,1
ENSG00000139546,1.6591941,1.5749568,GM12878,0.7926088,1.0,1
ENSG00000139546,1.689387,1.5749568,GM12878,0.91928047,1.0,1
ENSG00000139547,-0.6336783,-0.34678748,GM12878,0.921152,1.0,1
ENSG00000139579,1.194832,1.6471874,GM12878,0.8894629,1.0,1
ENSG00000139613,1.5128002,1.6319509,GM12878,0.8927925,1.0,1
ENSG00000139613,1.4998829,1.6319509,GM12878,0.7458909,0.9620438,1
ENSG00000139613,1.6157514,1.6319509,GM12878,0.8621069,0.35400516,1
ENSG00000139620,1.6607467,1.6909045,GM12878,0.86489606,1.0,1
ENSG00000139620,1.5842263,1.6909045,GM12878,0.8430701,1.0,1
ENSG00000139620,1.6155971,1.6909045,GM12878,0.9257607,0.92889136,1
ENSG00000139624,1.450205,1.5384481,GM12878,0.67918694,1.0,1
ENSG00000139624,1.4277842,1.5384481,GM12878,0.7876906,1.0,1
ENSG00000139624,1.4700115,1.5384481,GM12878,0.6180236,0.13030832,1
ENSG00000139624,1.4614089,1.5384481,GM12878,0.799878,0.99424297,1
ENSG00000139624,1.4344457,1.5384481,GM12878,0.7026303,0.871042,1
ENSG00000139624,1.3125163,1.5384481,GM12878,0.8939558,1.0,1
ENSG00000139624,1.4328737,1.5384481,GM12878,0.4508539,0.116637066,1
ENSG00000139625,0.7126826,0.20139712,GM12878,0.6013996,1.0,1
ENSG00000139626,0.098285384,0.029383779,GM12878,0.8976023,1.0,1
ENSG00000139629,0.44587,0.7937904,GM12878,0.96934503,1.0,1
ENSG00000139629,0.4022024,0.7937904,GM12878,0.9830703,1.0,1
ENSG00000139629,0.40224725,0.7937904,GM12878,0.98258775,0.89329267,1
ENSG00000139631,1.6856984,1.2622137,GM12878,0.907236,1.0,1
ENSG00000139636,1.3580495,1.7886633,GM12878,0.7206464,1.0,1
ENSG00000139636,1.3582484,1.7886633,GM12878,0.9073475,1.0,1
ENSG00000139636,1.3657608,1.7886633,GM12878,0.855081,1.0,1
ENSG00000139636,1.4136027,1.7886633,GM12878,0.8214951,1.0,1
ENSG00000139636,1.2678612,1.7886633,GM12878,0.9125012,1.0,1
ENSG00000139636,1.3252165,1.7886633,GM12878,0.93197757,1.0,1
ENSG00000139636,1.2889313,1.7886633,GM12878,0.9188307,0.9653938,1
ENSG00000139636,1.3432456,1.7886633,GM12878,0.9411602,0.3025862,1
ENSG00000139636,1.3711439,1.7886633,GM12878,0.38074556,0.056279622,1
ENSG00000139637,0.3421581,0.6117233,GM12878,0.9823783,1.0,1
ENSG00000139637,0.348711,0.6117233,GM12878,0.9918794,1.0,1
ENSG00000139637,0.29771504,0.6117233,GM12878,0.9912765,0.972973,1
ENSG00000139641,1.7702857,2.1837254,GM12878,0.9211084,1.0,1
ENSG00000139644,1.5600876,2.473487,GM12878,0.883548,1.0,1
ENSG00000139645,1.5275841,0.92582756,GM12878,0.85563207,1.0,1
ENSG00000139651,1.5352329,1.4324882,GM12878,0.60079986,1.0,1
ENSG00000139697,1.7434815,1.3342526,GM12878,0.8551561,1.0,1
ENSG00000139714,0.097207196,-0.52287877,GM12878,0.98172337,1.0,1
ENSG00000139714,0.12459509,-0.52287877,GM12878,0.9601656,1.0,1
ENSG00000139718,1.5258639,-0.07572071,GM12878,0.9452709,1.0,1
ENSG00000139719,1.3758049,1.2108533,GM12878,0.93891895,1.0,1
ENSG00000139719,1.4567636,1.2108533,GM12878,0.8145428,0.61228603,1
ENSG00000139722,1.4235027,1.0685569,GM12878,0.7851382,1.0,1
ENSG00000139722,1.4163295,1.0685569,GM12878,0.90285176,1.0,1
ENSG00000139725,0.5037721,0.61278385,GM12878,0.99219304,1.0,1
ENSG00000139725,0.5409287,0.61278385,GM12878,0.9950471,1.0,1
ENSG00000139725,0.5037341,0.61278385,GM12878,0.99056584,1.0,1
ENSG00000139726,1.2123497,1.5540043,GM12878,0.9143533,1.0,1
ENSG00000139726,1.2241765,1.5540043,GM12878,0.7348752,1.0,1
ENSG00000139726,1.2005247,1.5540043,GM12878,0.9450378,1.0,1
ENSG00000142327,1.4051775,0.7909885,GM12878,0.8823933,1.0,1
ENSG00000142330,1.1583344,0.95279247,GM12878,0.54627067,1.0,1
ENSG00000142330,1.1079615,0.95279247,GM12878,0.4036076,1.0,1
ENSG00000142330,1.1909614,0.95279247,GM12878,0.7687507,0.09266409,1
ENSG00000142330,1.081833,0.95279247,GM12878,0.6097009,1.0,1
ENSG00000143727,1.6369598,2.1746702,GM12878,0.7706524,1.0,1
ENSG00000143727,1.6493176,2.1746702,GM12878,0.7170418,1.0,1
ENSG00000143727,1.6252204,2.1746702,GM12878,0.7941826,1.0,1
ENSG00000143727,1.6270174,2.1746702,GM12878,0.679572,1.0,1
ENSG00000143727,1.6895171,2.1746702,GM12878,0.6619355,1.0,1
ENSG00000143727,1.5993406,2.1746702,GM12878,0.66369027,0.32360098,1
ENSG00000143727,1.6528527,2.1746702,GM12878,0.66562897,0.9009593,1
ENSG00000143797,1.0245713,1.9423058,GM12878,0.8419724,1.0,1
ENSG00000143870,1.3350247,2.217247,GM12878,0.78276926,1.0,1
ENSG00000143870,1.3748112,2.217247,GM12878,0.652518,0.0037619076,1
ENSG00000143882,-0.73887026,-0.85387194,GM12878,0.96967274,1.0,1
ENSG00000143882,-0.674701,-0.85387194,GM12878,0.9811761,1.0,1
ENSG00000143882,-0.6969205,-0.85387194,GM12878,0.9939851,1.0,1
ENSG00000143889,1.7524874,1.9645425,GM12878,0.7966161,1.0,1
ENSG00000143889,1.7309612,1.9645425,GM12878,0.7651803,1.0,1
ENSG00000143891,1.34285,1.5017437,GM12878,0.90743697,1.0,1
ENSG00000143919,1.6614858,0.968483,GM12878,0.82562375,1.0,1
ENSG00000143919,1.6651375,0.968483,GM12878,0.7672761,1.0,1
ENSG00000143924,1.2023517,1.5285311,GM12878,0.83021116,1.0,1
ENSG00000143924,1.0843421,1.5285311,GM12878,0.9503197,0.96640587,1
ENSG00000143933,2.0204837,2.332095,GM12878,0.929808,1.0,1
ENSG00000143933,2.0904918,2.332095,GM12878,0.89766455,1.0,1
ENSG00000143933,2.0532753,2.332095,GM12878,0.919699,1.0,1
ENSG00000143933,2.033623,2.332095,GM12878,0.7327365,1.0,1
ENSG00000143933,2.033623,2.332095,GM12878,0.7327365,1.0,1
ENSG00000143933,2.0318522,2.332095,GM12878,0.8463215,0.003452381,1
ENSG00000143942,1.6286769,0.9614211,GM12878,0.7684465,1.0,1
ENSG00000143951,1.1024518,0.61909336,GM12878,0.9004393,1.0,1
ENSG00000143951,1.0743581,0.61909336,GM12878,0.90766037,0.704,1
ENSG00000143951,0.98125887,0.61909336,GM12878,0.89494354,0.18340611,1
ENSG00000143952,1.203312,1.1970047,GM12878,0.6780064,1.0,1
ENSG00000143952,1.238032,1.1970047,GM12878,0.7999419,0.16591422,1
ENSG00000143952,1.1649212,1.1970047,GM12878,0.859833,0.97564274,1
ENSG00000143970,1.6045669,1.1061909,GM12878,0.83004695,1.0,1
ENSG00000143971,0.8392618,0.84323275,GM12878,0.8561015,1.0,1
ENSG00000143971,0.60285616,0.84323275,GM12878,0.8824774,1.0,1
ENSG00000143971,0.738762,0.84323275,GM12878,0.9341653,1.0,1
ENSG00000143971,0.52395195,0.84323275,GM12878,0.8995578,1.0,1
ENSG00000143977,1.6290821,2.557411,GM12878,0.90217584,1.0,1
ENSG00000143977,1.5728208,2.557411,GM12878,0.7801211,1.0,1
ENSG00000143977,1.5728208,2.557411,GM12878,0.7801211,1.0,1
ENSG00000143977,1.5728208,2.557411,GM12878,0.7801211,0.9324989,1
ENSG00000143994,0.49031234,-0.61978877,GM12878,0.8897845,1.0,1
ENSG00000144021,1.3816875,1.9440383,GM12878,0.6362188,1.0,1
ENSG00000144021,1.5178763,1.9440383,GM12878,0.7439054,1.0,1
ENSG00000144021,1.4786025,1.9440383,GM12878,0.8999,1.0,1
ENSG00000144021,1.4290164,1.9440383,GM12878,0.8745744,1.0,1
ENSG00000144021,1.2899159,1.9440383,GM12878,0.71929634,1.0,1
ENSG00000144021,1.4252028,1.9440383,GM12878,0.8248769,1.0,1
ENSG00000144021,1.4741311,1.9440383,GM12878,0.88921106,0.77730757,1
ENSG00000144026,1.4695877,1.193959,GM12878,0.9321068,1.0,1
ENSG00000144026,1.3910654,1.193959,GM12878,0.876364,1.0,1
ENSG00000144028,1.7595562,2.183099,GM12878,0.80746293,1.0,1
ENSG00000144028,1.9003562,2.183099,GM12878,0.72387356,0.002232475,1
ENSG00000144034,1.2780415,1.7953933,GM12878,0.9119287,1.0,1
ENSG00000144036,0.4201629,0.15228835,GM12878,0.93647087,1.0,1
ENSG00000144040,1.2115306,1.2046626,GM12878,0.93482083,1.0,1
ENSG00000144040,1.3200343,1.2046626,GM12878,0.93182963,0.034210525,1
ENSG00000144040,1.267092,1.2046626,GM12878,0.6677485,0.778022,1
ENSG00000144040,1.3404841,1.2046626,GM12878,0.84046036,0.9750567,1
ENSG00000144040,1.2725818,1.2046626,GM12878,0.4256008,0.025761124,1
ENSG00000144043,1.1230104,1.7659664,GM12878,0.8112629,1.0,1
ENSG00000144043,1.0551265,1.7659664,GM12878,0.86379397,1.0,1
ENSG00000144043,1.0551265,1.7659664,GM12878,0.86379397,1.0,1
ENSG00000144043,1.0471992,1.7659664,GM12878,0.8862946,0.9393325,1
ENSG00000144048,1.4576818,1.3271545,GM12878,0.5546992,1.0,1
ENSG00000144118,1.2321962,1.66483,GM12878,0.8550679,1.0,1
ENSG00000144130,0.025471762,0.61278385,GM12878,0.98259485,1.0,1
ENSG00000144130,0.1018008,0.61278385,GM12878,0.9863067,1.0,1
ENSG00000144130,0.016840406,0.61278385,GM12878,0.95477897,1.0,1
ENSG00000144130,-0.0022180974,0.61278385,GM12878,0.94838023,1.0,1
ENSG00000144134,0.64615893,0.6434527,GM12878,0.9515348,1.0,1
ENSG00000144136,1.8504008,1.9937888,GM12878,0.66702455,1.0,1
ENSG00000144161,1.3190147,0.9278834,GM12878,0.91954327,1.0,1
ENSG00000144182,1.4630619,1.0867157,GM12878,0.40899438,0.17594936,1
ENSG00000144199,-0.0046864375,1.2281436,GM12878,0.98710316,1.0,1
ENSG00000144224,1.3064013,1.9483151,GM12878,0.94263405,1.0,1
ENSG00000144224,1.2812647,1.9483151,GM12878,0.8523693,1.0,1
ENSG00000144224,1.3210051,1.9483151,GM12878,0.87401974,0.51618737,1
ENSG00000144228,1.3565284,0.6560982,GM12878,0.93129337,1.0,1
ENSG00000144231,1.517087,1.61878,GM12878,0.89753085,1.0,1
ENSG00000144231,1.6358925,1.61878,GM12878,0.7982588,0.44040555,1
ENSG00000144231,1.517087,1.61878,GM12878,0.89753085,0.95606256,1
ENSG00000144233,0.16072091,0.8247765,GM12878,0.96975696,1.0,1
ENSG00000144283,1.1623883,1.7081659,GM12878,0.8309032,1.0,1
ENSG00000144283,1.1549511,1.7081659,GM12878,0.9267137,0.7247088,1
ENSG00000144283,1.1527742,1.7081659,GM12878,0.8513586,0.74196076,1
ENSG00000144306,1.3202181,1.0881361,GM12878,0.92595,1.0,1
ENSG00000144306,1.4126762,1.0881361,GM12878,0.55607283,1.0,1
ENSG00000144306,1.3764414,1.0881361,GM12878,0.8824764,0.9485646,1
ENSG00000144320,1.3978626,1.4331295,GM12878,0.9263352,1.0,1
ENSG00000144320,1.4113725,1.4331295,GM12878,0.40613082,0.04285049,1
ENSG00000144354,1.5003741,1.980912,GM12878,0.94833726,1.0,1
ENSG00000144354,1.6027496,1.980912,GM12878,0.89275956,0.9986503,1
ENSG00000144354,1.5480124,1.980912,GM12878,0.92091215,0.12868,1
ENSG00000144354,1.6007936,1.980912,GM12878,0.8717557,0.0,1
ENSG00000144354,1.6733099,1.980912,GM12878,0.9010353,0.9874893,1
ENSG00000144381,1.5605611,2.5907862,GM12878,0.8269095,1.0,1
ENSG00000144395,0.7203655,1.2084414,GM12878,0.9422494,1.0,1
ENSG00000144401,1.6326743,1.4247184,GM12878,0.8341774,1.0,1
ENSG00000144445,1.0306302,0.6803355,GM12878,0.90459937,1.0,1
ENSG00000144445,1.039232,0.6803355,GM12878,0.88527805,1.0,1
ENSG00000144468,1.6911786,1.3993275,GM12878,0.8355137,1.0,1
ENSG00000144468,1.7731228,1.3993275,GM12878,0.83406734,1.0,1
ENSG00000144468,1.7304523,1.3993275,GM12878,0.6755667,1.0,1
ENSG00000144468,1.7304523,1.3993275,GM12878,0.6755667,1.0,1
ENSG00000144468,1.7021736,1.3993275,GM12878,0.90142626,1.0,1
ENSG00000144485,1.2592392,1.5031095,GM12878,0.9210115,1.0,1
ENSG00000144485,1.2210488,1.5031095,GM12878,0.95371217,0.993865,1
ENSG00000144488,-0.17105857,-0.82390875,GM12878,0.99085826,1.0,1
ENSG00000144504,1.4638779,1.1122698,GM12878,0.9026034,1.0,1
ENSG00000144504,1.4065768,1.1122698,GM12878,0.9291282,0.09848485,1
ENSG00000144504,1.457697,1.1122698,GM12878,0.85002244,0.84090906,1
ENSG00000144524,1.1302762,1.6443402,GM12878,0.9244564,1.0,1
ENSG00000144524,1.2634008,1.6443402,GM12878,0.85072845,1.0,1
ENSG00000144524,1.225233,1.6443402,GM12878,0.85678685,0.95001966,1
ENSG00000144524,1.2742934,1.6443402,GM12878,0.8394428,0.041322313,1
ENSG00000144524,1.2018509,1.6443402,GM12878,0.79906434,0.0011231748,1
ENSG00000144535,1.4604149,0.57054293,GM12878,0.79712033,1.0,1
ENSG00000144567,1.5394384,1.5022905,GM12878,0.76575255,1.0,1
ENSG00000144567,1.5268229,1.5022905,GM12878,0.87922275,1.0,1
ENSG00000144567,1.560863,1.5022905,GM12878,0.8392044,1.0,1
ENSG00000144579,1.5802417,1.6488477,GM12878,0.9218925,1.0,1
ENSG00000144580,1.4109868,1.7729814,GM12878,0.802649,1.0,1
ENSG00000144580,1.4088987,1.7729814,GM12878,0.43351066,0.023099652,1
ENSG00000144589,1.6530305,0.88479537,GM12878,0.8533741,1.0,1
ENSG00000144591,1.6380693,1.9159799,GM12878,0.87856483,1.0,1
ENSG00000149948,-0.6160656,-0.36653155,GM12878,0.99328095,1.0,1
ENSG00000150938,-0.50210303,-0.5850267,GM12878,0.9148124,1.0,1
ENSG00000150938,-0.53681004,-0.5850267,GM12878,0.99493235,1.0,1
ENSG00000150967,0.47818398,0.71349055,GM12878,0.9874615,0.6142857,1
ENSG00000150977,1.0835876,0.53147894,GM12878,0.9590693,1.0,1
ENSG00000150977,1.1497167,0.53147894,GM12878,0.96000344,1.0,1
ENSG00000150990,1.0769734,0.8744818,GM12878,0.9231256,1.0,1
ENSG00000151065,1.042926,0.74272513,GM12878,0.9220735,1.0,1
ENSG00000151065,1.0475677,0.74272513,GM12878,0.9075233,1.0,1
ENSG00000151065,1.0234823,0.74272513,GM12878,0.7314322,1.0,1
ENSG00000151131,1.1375848,1.133539,GM12878,0.86817175,1.0,1
ENSG00000151131,1.0229648,1.133539,GM12878,0.8692744,1.0,1
ENSG00000151135,1.3513466,1.4671639,GM12878,0.8905832,1.0,1
ENSG00000151135,1.3803345,1.4671639,GM12878,0.93244034,1.0,1
ENSG00000151135,1.3803345,1.4671639,GM12878,0.93244034,1.0,1
ENSG00000151135,1.3803345,1.4671639,GM12878,0.93244034,1.0,1
ENSG00000151135,1.3513466,1.4671639,GM12878,0.8905832,0.3417466,1
ENSG00000151135,1.4149262,1.4671639,GM12878,0.3763504,0.17813383,1
ENSG00000151135,1.3931057,1.4671639,GM12878,0.39509732,0.058315333,1
ENSG00000151148,1.6191922,1.3106933,GM12878,0.91241527,1.0,1
ENSG00000151148,1.6496583,1.3106933,GM12878,0.75861853,0.9882507,1
ENSG00000151164,1.5235826,-0.45593196,GM12878,0.81213826,1.0,1
ENSG00000151164,1.6023842,-0.45593196,GM12878,0.91153574,1.0,1
ENSG00000151176,1.2655855,0.71933126,GM12878,0.87922835,1.0,1
ENSG00000151176,1.3025826,0.71933126,GM12878,0.89590746,1.0,1
ENSG00000151176,1.3246986,0.71933126,GM12878,0.9273375,0.9662162,1
ENSG00000151229,1.0512222,0.770852,GM12878,0.67056763,1.0,1
ENSG00000151229,0.95676523,0.770852,GM12878,0.8713661,1.0,1
ENSG00000151233,1.2221014,0.7671559,GM12878,0.88310814,1.0,1
ENSG00000151233,1.2449142,0.7671559,GM12878,0.9176587,1.0,1
ENSG00000151233,1.2699057,0.7671559,GM12878,0.77178615,0.7147826,1
ENSG00000151239,1.256188,1.2177471,GM12878,0.9345156,1.0,1
ENSG00000151239,1.2930877,1.2177471,GM12878,0.91912735,1.0,1
ENSG00000151239,1.30097,1.2177471,GM12878,0.62671745,0.0,1
ENSG00000151239,1.2930008,1.2177471,GM12878,0.8142204,0.057666216,1
ENSG00000151353,1.5921227,1.2979792,GM12878,0.8889657,1.0,1
ENSG00000151665,1.3574883,1.7770642,GM12878,0.898434,1.0,1
ENSG00000151665,1.3873868,1.7770642,GM12878,0.56533253,0.7399518,1
ENSG00000151687,-0.30233854,-0.31875876,GM12878,0.9858704,1.0,1
ENSG00000151689,-0.22136107,0.7075702,GM12878,0.9584212,1.0,1
ENSG00000151690,0.65204555,0.61700034,GM12878,0.95541865,1.0,1
ENSG00000151692,0.5467522,0.9132839,GM12878,0.96026003,1.0,1
ENSG00000151694,1.5303035,0.98677176,GM12878,0.66917986,1.0,1
ENSG00000151694,1.6475117,0.98677176,GM12878,0.8956494,1.0,1
ENSG00000151694,1.6078321,0.98677176,GM12878,0.8574883,1.0,1
ENSG00000151694,1.6010977,0.98677176,GM12878,0.90690535,1.0,1
ENSG00000151743,1.7972796,1.3163898,GM12878,0.70915806,1.0,1
ENSG00000151743,1.8499849,1.3163898,GM12878,0.72338045,1.0,1
ENSG00000151743,1.7369709,1.3163898,GM12878,0.79635876,1.0,1
ENSG00000151743,1.7369709,1.3163898,GM12878,0.79635876,1.0,1
ENSG00000151743,1.7834932,1.3163898,GM12878,0.77348536,1.0,1
ENSG00000151743,1.6979214,1.3163898,GM12878,0.8391764,1.0,1
ENSG00000151743,1.8323482,1.3163898,GM12878,0.51513034,0.88271606,1
ENSG00000151743,1.8323482,1.3163898,GM12878,0.51513034,0.36334196,1
ENSG00000151746,1.1406976,0.9804579,GM12878,0.943492,1.0,1
ENSG00000151746,1.1418506,0.9804579,GM12878,0.94002193,1.0,1
ENSG00000151746,1.0258578,0.9804579,GM12878,0.8331599,1.0,1
ENSG00000151746,1.1849295,0.9804579,GM12878,0.85675377,1.0,1
ENSG00000151746,1.090984,0.9804579,GM12878,0.93295926,1.0,1
ENSG00000151746,1.0892951,0.9804579,GM12878,0.89247954,1.0,1
ENSG00000151746,1.1397423,0.9804579,GM12878,0.81875974,1.0,1
ENSG00000151746,1.11725,0.9804579,GM12878,0.627476,1.0,1
ENSG00000151779,1.6090329,1.6458151,GM12878,0.930405,1.0,1
ENSG00000151779,1.7356565,1.6458151,GM12878,0.9009012,1.0,1
ENSG00000151779,1.6561811,1.6458151,GM12878,0.8999031,1.0,1
ENSG00000151779,1.7196485,1.6458151,GM12878,0.7263649,1.0,1
ENSG00000151779,1.6246971,1.6458151,GM12878,0.8952801,0.93941844,1
ENSG00000151779,1.5930059,1.6458151,GM12878,0.7793482,0.7257094,1
ENSG00000151779,1.7245729,1.6458151,GM12878,0.85487056,0.0,1
ENSG00000152056,0.2449953,-0.30980393,GM12878,0.8524805,1.0,1
ENSG00000152076,-0.0056755543,0.14921911,GM12878,0.9816803,1.0,1
ENSG00000152082,1.2799966,2.0530784,GM12878,0.8628395,1.0,1
ENSG00000152082,1.4277258,2.0530784,GM12878,0.86627233,0.45897877,1
ENSG00000152102,1.6938428,1.6353832,GM12878,0.8586588,1.0,1
ENSG00000152127,1.1740702,0.8254261,GM12878,0.8626134,1.0,1
ENSG00000152128,-0.6545316,-0.24412514,GM12878,0.97670984,1.0,1
ENSG00000152128,-0.6933927,-0.24412514,GM12878,0.9938065,1.0,1
ENSG00000152133,1.4799951,1.0899051,GM12878,0.9398455,1.0,1
ENSG00000152133,1.5324886,1.0899051,GM12878,0.9318644,1.0,1
ENSG00000152147,1.2107245,1.2643455,GM12878,0.5425823,0.0,1
ENSG00000152147,1.292802,1.2643455,GM12878,0.62178475,0.8342451,1
ENSG00000152253,1.3770764,1.7322329,GM12878,0.8595793,1.0,1
ENSG00000152253,1.3815414,1.7322329,GM12878,0.8582167,1.0,1
ENSG00000152253,1.4188418,1.7322329,GM12878,0.8933631,1.0,1
ENSG00000152253,1.4796289,1.7322329,GM12878,0.90693176,1.0,1
ENSG00000152253,1.5272968,1.7322329,GM12878,0.89147425,1.0,1
ENSG00000152256,1.5967821,2.1176689,GM12878,0.9001745,1.0,1
ENSG00000152256,1.6318583,2.1176689,GM12878,0.8626752,0.22713213,1
ENSG00000152284,-0.18407723,-0.9586073,GM12878,0.88560414,1.0,1
ENSG00000152291,1.7391579,1.5982432,GM12878,0.8871315,1.0,1
ENSG00000152291,1.7391579,1.5982432,GM12878,0.8871315,1.0,1
ENSG00000152291,1.6755286,1.5982432,GM12878,0.83545923,1.0,1
ENSG00000152291,1.5895858,1.5982432,GM12878,0.67753273,1.0,1
ENSG00000152291,1.7018121,1.5982432,GM12878,0.795232,1.0,1
ENSG00000152292,1.5519166,-0.38721615,GM12878,0.8497858,1.0,1
ENSG00000152556,0.75209284,1.4168068,GM12878,0.8856609,0.00097276265,1
ENSG00000152683,1.7345113,1.4912215,GM12878,0.8512649,1.0,1
ENSG00000152683,1.7736399,1.4912215,GM12878,0.78959,0.9926271,1
ENSG00000152683,1.6922361,1.4912215,GM12878,0.54006547,0.977828,1
ENSG00000152683,1.6460621,1.4912215,GM12878,0.3393792,0.14517406,1
ENSG00000152683,1.7445818,1.4912215,GM12878,0.7877119,0.09057301,1
ENSG00000152683,1.7529396,1.4912215,GM12878,0.7948358,0.8370861,1
ENSG00000152683,1.7386973,1.4912215,GM12878,0.5952937,0.9651352,1
ENSG00000152689,0.65374935,0.033423755,GM12878,0.7297752,1.0,1
ENSG00000152944,1.3602885,1.6620018,GM12878,0.89581704,1.0,1
ENSG00000152944,1.3834263,1.6620018,GM12878,0.9129026,0.95557076,1
ENSG00000153093,-0.36590588,-0.28399664,GM12878,0.996021,1.0,1
ENSG00000153094,1.0529996,0.5899496,GM12878,0.7953922,1.0,1
ENSG00000153094,1.1857445,0.5899496,GM12878,0.81862164,1.0,1
ENSG00000153107,1.7826976,1.7555699,GM12878,0.63156193,1.0,1
ENSG00000153107,1.7030008,1.7555699,GM12878,0.85436225,1.0,1
ENSG00000153165,0.5825535,-0.92081875,GM12878,0.5297451,1.0,1
ENSG00000153165,0.32887295,-0.92081875,GM12878,0.9175734,1.0,1
ENSG00000153165,0.34445024,-0.92081875,GM12878,0.953413,1.0,1
ENSG00000153179,1.4669544,1.2857822,GM12878,0.9289883,1.0,1
ENSG00000153179,1.5004113,1.2857822,GM12878,0.84192175,1.0,1
ENSG00000153179,1.4191171,1.2857822,GM12878,0.7644177,0.98282146,1
ENSG00000153201,1.2869879,1.3047059,GM12878,0.9430461,1.0,1
ENSG00000153208,0.33438042,0.25042,GM12878,0.88873386,1.0,1
ENSG00000153214,1.4576633,1.0606978,GM12878,0.9046064,1.0,1
ENSG00000153214,1.4747306,1.0606978,GM12878,0.8245022,0.96893203,1
ENSG00000153561,0.08685848,1.3207692,GM12878,0.96441513,1.0,1
ENSG00000153574,1.292548,1.2753114,GM12878,0.91052276,1.0,1
ENSG00000153827,1.7141372,1.7670816,GM12878,0.8889207,1.0,1
ENSG00000153827,1.789496,1.7670816,GM12878,0.7556045,1.0,1
ENSG00000153827,1.8078278,1.7670816,GM12878,0.8578556,1.0,1
ENSG00000153827,1.7581483,1.7670816,GM12878,0.5034729,0.328232,1
ENSG00000153832,1.4439089,-0.013228266,GM12878,0.86717016,1.0,1
ENSG00000154252,-0.23946682,-0.88605666,GM12878,0.90471464,1.0,1
ENSG00000154252,-0.3196442,-0.88605666,GM12878,0.98796064,1.0,1
ENSG00000154518,1.6477689,3.2507079,GM12878,0.80780244,1.0,1
ENSG00000155368,1.0826095,2.0240338,GM12878,0.92085814,1.0,1
ENSG00000155368,1.1572732,2.0240338,GM12878,0.7765718,0.00058468134,1
ENSG00000155368,1.1183435,2.0240338,GM12878,0.5090711,0.004561778,1
ENSG00000155368,1.1519796,2.0240338,GM12878,0.5225829,0.0,1
ENSG00000155438,1.649106,1.6143699,GM12878,0.8371298,1.0,1
ENSG00000155636,1.3292285,1.0845762,GM12878,0.9101711,1.0,1
ENSG00000155729,1.2952422,0.36921585,GM12878,0.85362476,1.0,1
ENSG00000155744,1.9796206,1.0334238,GM12878,0.89075845,1.0,1
ENSG00000155744,1.9156106,1.0334238,GM12878,0.873014,1.0,1
ENSG00000155744,1.9461657,1.0334238,GM12878,0.78362757,1.0,1
ENSG00000155744,1.9380364,1.0334238,GM12878,0.8556425,0.24071322,1
ENSG00000155744,2.022524,1.0334238,GM12878,0.75737596,0.24071322,1
ENSG00000155749,0.19274321,-0.56863624,GM12878,0.95185924,1.0,1
ENSG00000155755,0.14644837,1.154424,GM12878,0.9253188,1.0,1
ENSG00000155755,0.18526033,1.154424,GM12878,0.97901195,1.0,1
ENSG00000155755,0.1362786,1.154424,GM12878,0.9766668,1.0,1
ENSG00000155755,0.08533668,1.154424,GM12878,0.94901323,1.0,1
ENSG00000155755,0.1028738,1.154424,GM12878,0.968852,1.0,1
ENSG00000155755,0.11569923,1.154424,GM12878,0.9203648,1.0,1
ENSG00000155957,1.5189891,1.6821451,GM12878,0.67210305,1.0,1
ENSG00000155957,1.5528064,1.6821451,GM12878,0.68020064,0.98955226,1
ENSG00000155957,1.5975931,1.6821451,GM12878,0.74988085,0.9916418,1
ENSG00000155980,1.0749363,1.1464381,GM12878,0.9802234,1.0,1
ENSG00000155980,1.0908958,1.1464381,GM12878,0.97412676,1.0,1
ENSG00000156973,0.98775774,0.99782306,GM12878,0.92467517,1.0,1
ENSG00000157827,0.30463788,-0.60206,GM12878,0.92911863,1.0,1
ENSG00000157827,0.12867829,-0.60206,GM12878,0.9607674,1.0,1
ENSG00000157833,0.8312639,0.587711,GM12878,0.9382085,1.0,1
ENSG00000157833,0.8082834,0.587711,GM12878,0.9237253,1.0,1
ENSG00000157833,0.71481353,0.587711,GM12878,0.6826559,1.0,1
ENSG00000157837,0.9123963,0.7535831,GM12878,0.708953,1.0,1
ENSG00000157895,1.1540922,0.9116902,GM12878,0.95164543,1.0,1
ENSG00000157895,1.0545037,0.9116902,GM12878,0.9307094,1.0,1
ENSG00000157895,1.0501547,0.9116902,GM12878,0.72125024,0.11241218,1
ENSG00000157992,0.22946942,0.1271048,GM12878,0.968983,1.0,1
ENSG00000158019,1.4299401,1.2789822,GM12878,0.865608,1.0,1
ENSG00000158019,1.491407,1.2789822,GM12878,0.86932176,1.0,1
ENSG00000158019,1.5116166,1.2789822,GM12878,0.82066333,0.08649553,1
ENSG00000158019,1.3514088,1.2789822,GM12878,0.6492441,0.070913464,1
ENSG00000158019,1.2515973,1.2789822,GM12878,0.88628954,0.0686747,1
ENSG00000158023,0.17497957,1.2177471,GM12878,0.90554905,1.0,1
ENSG00000158023,0.17497957,1.2177471,GM12878,0.90554905,1.0,1
ENSG00000158023,0.08063351,1.2177471,GM12878,0.9539427,1.0,1
ENSG00000158050,-0.33414486,-0.92081875,GM12878,0.9874335,1.0,1
ENSG00000158050,-0.24913016,-0.92081875,GM12878,0.98100877,1.0,1
ENSG00000158104,0.58967286,-0.88605666,GM12878,0.7452592,1.0,1
ENSG00000158158,0.88691306,0.5998831,GM12878,0.86859435,1.0,1
ENSG00000158158,0.7959992,0.5998831,GM12878,0.94933504,1.0,1
ENSG00000158411,1.0723909,1.3226327,GM12878,0.87494856,1.0,1
ENSG00000158417,1.5240146,1.408918,GM12878,0.9035983,1.0,1
ENSG00000158435,1.5575725,1.876968,GM12878,0.7800494,1.0,1
ENSG00000158552,1.522523,1.3527611,GM12878,0.8743343,1.0,1
ENSG00000159335,1.5222615,1.7976829,GM12878,0.9326608,1.0,1
ENSG00000159335,1.6198952,1.7976829,GM12878,0.93341094,1.0,1
ENSG00000159374,0.53595525,-0.82390875,GM12878,0.79628,1.0,1
ENSG00000159374,0.6107522,-0.82390875,GM12878,0.89835507,1.0,1
ENSG00000159399,0.87208295,1.5694909,GM12878,0.96686333,1.0,1
ENSG00000159403,-0.12647352,-0.27572414,GM12878,0.9886234,1.0,1
ENSG00000159403,-0.24526533,-0.27572414,GM12878,0.9930989,1.0,1
ENSG00000159403,-0.23273939,-0.27572414,GM12878,0.89016056,1.0,1
ENSG00000161638,1.7028311,1.8184239,GM12878,0.7905388,1.0,1
ENSG00000161642,0.8272219,0.97034687,GM12878,0.8936255,1.0,1
ENSG00000161642,0.8272219,0.97034687,GM12878,0.8936255,1.0,1
ENSG00000161642,0.8288022,0.97034687,GM12878,0.7877679,0.9419355,1
ENSG00000161791,0.9059362,0.7489629,GM12878,0.8557712,1.0,1
ENSG00000161791,0.7596224,0.7489629,GM12878,0.9452984,0.27094972,1
ENSG00000161813,1.3775464,1.5618167,GM12878,0.8639008,1.0,1
ENSG00000161813,1.5464962,1.5618167,GM12878,0.63431805,0.19802445,1
ENSG00000161813,1.5267482,1.5618167,GM12878,0.5866781,0.9883408,1
ENSG00000161813,1.3650479,1.5618167,GM12878,0.92722785,0.96921074,1
ENSG00000161835,-0.039985128,-0.08618615,GM12878,0.97874624,1.0,1
ENSG00000161835,-0.081357285,-0.08618615,GM12878,0.9719319,1.0,1
ENSG00000161835,-0.065796986,-0.08618615,GM12878,0.98188007,1.0,1
ENSG00000162869,1.4682266,1.0762763,GM12878,0.736831,1.0,1
ENSG00000162869,1.4441563,1.0762763,GM12878,0.73148817,0.9591837,1
ENSG00000162869,1.4207662,1.0762763,GM12878,0.73551035,0.9138322,1
ENSG00000162878,-0.096228324,1.1743506,GM12878,0.991704,1.0,1
ENSG00000162878,-0.1465857,1.1743506,GM12878,0.9903314,1.0,1
ENSG00000162878,0.010867346,1.1743506,GM12878,0.9759937,1.0,1
ENSG00000162878,-0.012657877,1.1743506,GM12878,0.99134326,1.0,1
ENSG00000162878,-0.012319241,1.1743506,GM12878,0.9729321,1.0,1
ENSG00000162924,1.5730935,0.6963564,GM12878,0.781658,1.0,1
ENSG00000162924,1.5799742,0.6963564,GM12878,0.5066736,0.5,1
ENSG00000162927,1.7644719,0.85064626,GM12878,0.8797179,1.0,1
ENSG00000162928,1.71922,1.3279716,GM12878,0.8514125,1.0,1
ENSG00000162929,0.7706263,0.7331973,GM12878,0.89455205,1.0,1
ENSG00000162929,0.9643455,0.7331973,GM12878,0.5088588,0.6365915,1
ENSG00000162929,0.81658494,0.7331973,GM12878,0.9417572,0.97243106,1
ENSG00000162959,1.5246941,1.6905504,GM12878,0.8460658,0.9353838,1
ENSG00000162959,1.4071732,1.6905504,GM12878,0.816177,0.98249197,1
ENSG00000162961,1.530102,2.0017338,GM12878,0.86178064,1.0,1
ENSG00000162971,1.597168,0.61384183,GM12878,0.8972205,1.0,1
ENSG00000162971,1.4875098,0.61384183,GM12878,0.8678331,1.0,1
ENSG00000162971,1.601663,0.61384183,GM12878,0.7812875,0.52492666,1
ENSG00000162971,1.6479428,0.61384183,GM12878,0.87192786,0.49720672,1
ENSG00000162971,1.616082,0.61384183,GM12878,0.90521467,0.64285713,1
ENSG00000162972,1.5386916,1.2219356,GM12878,0.6999896,1.0,1
ENSG00000162972,1.636505,1.2219356,GM12878,0.7849748,1.0,1
ENSG00000162972,1.4964923,1.2219356,GM12878,0.919203,1.0,1
ENSG00000162972,1.5631117,1.2219356,GM12878,0.7421184,1.0,1
ENSG00000162976,1.0715024,1.3743817,GM12878,0.88741136,1.0,1
ENSG00000162976,1.0276588,1.3743817,GM12878,0.7777303,1.0,1
ENSG00000162976,1.0317245,1.3743817,GM12878,0.8327808,1.0,1
ENSG00000162976,1.1464356,1.3743817,GM12878,0.8638878,0.94198626,1
ENSG00000162976,1.0929891,1.3743817,GM12878,0.7868706,0.5866503,1
ENSG00000162980,1.5173229,1.7244397,GM12878,0.8795137,1.0,1
ENSG00000162994,1.5996534,0.98677176,GM12878,0.7689553,1.0,1
ENSG00000162994,1.5361313,0.98677176,GM12878,0.86088926,1.0,1
ENSG00000162998,-0.7608229,-0.82390875,GM12878,0.99392176,1.0,1
ENSG00000162999,1.4572101,0.65513843,GM12878,0.89731425,1.0,1
ENSG00000162999,1.4572101,0.65513843,GM12878,0.89731425,1.0,1
ENSG00000163001,1.3798281,1.512017,GM12878,0.86071026,1.0,1
ENSG00000163001,1.2379558,1.512017,GM12878,0.7733718,0.56860745,1
ENSG00000163002,1.7194118,1.5519377,GM12878,0.64955336,1.0,1
ENSG00000163002,1.747259,1.5519377,GM12878,0.8385416,0.874599,1
ENSG00000163006,0.85723764,1.0874264,GM12878,0.92967635,1.0,1
ENSG00000163006,0.7264396,1.0874264,GM12878,0.59377617,0.73622507,1
ENSG00000163013,1.0088813,0.67209786,GM12878,0.87656665,1.0,1
ENSG00000163026,0.93924415,1.4896773,GM12878,0.8570094,1.0,1
ENSG00000163026,0.93924415,1.4896773,GM12878,0.8570094,1.0,1
ENSG00000163026,1.1247954,1.4896773,GM12878,0.8840552,0.93406147,1
ENSG00000163029,1.7289125,1.507451,GM12878,0.906305,1.0,1
ENSG00000163029,1.694074,1.507451,GM12878,0.56891453,0.056740616,1
ENSG00000163029,1.6368791,1.507451,GM12878,0.81399554,0.17406143,1
ENSG00000163040,0.454788,1.3062105,GM12878,0.7762297,1.0,1
ENSG00000163040,0.46609294,1.3062105,GM12878,0.921061,1.0,1
ENSG00000163040,0.6079818,1.3062105,GM12878,0.6699301,1.0,1
ENSG00000163040,0.70066,1.3062105,GM12878,0.9034862,0.9887937,1
ENSG00000163053,-0.6067666,-0.9586073,GM12878,0.91247606,1.0,1
ENSG00000163082,-0.532145,-0.9586073,GM12878,0.95480824,1.0,1
ENSG00000163082,-0.6164701,-0.9586073,GM12878,0.9925587,1.0,1
ENSG00000163093,1.0533373,0.36921585,GM12878,0.5094418,1.0,1
ENSG00000163093,1.0085016,0.36921585,GM12878,0.83163285,0.5,1
ENSG00000163126,1.4316393,0.70243055,GM12878,0.65309197,1.0,1
ENSG00000163126,1.3862691,0.70243055,GM12878,0.93067896,0.8079096,1
ENSG00000163161,1.4966748,1.6307329,GM12878,0.88665044,1.0,1
ENSG00000163162,1.4291079,1.3396502,GM12878,0.64781517,1.0,1
ENSG00000163162,1.5981969,1.3396502,GM12878,0.81081,1.0,1
ENSG00000163166,1.8425711,1.5113485,GM12878,0.790905,1.0,1
ENSG00000163166,1.8499764,1.5113485,GM12878,0.8535357,1.0,1
ENSG00000163166,1.8035733,1.5113485,GM12878,0.91888833,0.97981983,1
ENSG00000163170,1.5092655,2.0399294,GM12878,0.9052336,1.0,1
ENSG00000163170,1.5092655,2.0399294,GM12878,0.9052336,1.0,1
ENSG00000163170,1.5692259,2.0399294,GM12878,0.9365398,0.5649986,1
ENSG00000163219,0.15708941,0.80821097,GM12878,0.96883196,1.0,1
ENSG00000163249,1.1805973,0.7126497,GM12878,0.9318931,1.0,1
ENSG00000163249,1.2346772,0.7126497,GM12878,0.843653,1.0,1
ENSG00000163249,1.1784862,0.7126497,GM12878,0.90648425,1.0,1
ENSG00000163249,1.1881479,0.7126497,GM12878,0.8070879,1.0,1
ENSG00000163249,1.2122451,0.7126497,GM12878,0.7181056,1.0,1
ENSG00000163328,0.31698716,-0.32790214,GM12878,0.92270637,1.0,1
ENSG00000163328,0.3832636,-0.32790214,GM12878,0.8854492,1.0,1
ENSG00000163328,0.44686967,-0.32790214,GM12878,0.96022654,1.0,1
ENSG00000163328,0.24376217,-0.32790214,GM12878,0.97808254,1.0,1
ENSG00000163328,0.37984234,-0.32790214,GM12878,0.7883079,1.0,1
ENSG00000163328,0.21990323,-0.32790214,GM12878,0.9309198,1.0,1
ENSG00000163466,1.396373,2.156731,GM12878,0.8882617,1.0,1
ENSG00000163466,1.4493219,2.156731,GM12878,0.84509075,1.0,1
ENSG00000163466,1.4737093,2.156731,GM12878,0.91899925,1.0,1
ENSG00000163466,1.6011944,2.156731,GM12878,0.7684952,0.0,1
ENSG00000163481,1.1898891,1.577032,GM12878,0.9500968,1.0,1
ENSG00000163482,0.9322866,1.1376705,GM12878,0.803719,1.0,1
ENSG00000163510,1.782389,0.96754795,GM12878,0.77927876,1.0,1
ENSG00000163510,1.6934086,0.96754795,GM12878,0.6557706,1.0,1
ENSG00000163510,1.5948315,0.96754795,GM12878,0.9257503,1.0,1
ENSG00000163510,1.8287542,0.96754795,GM12878,0.8592513,1.0,1
ENSG00000163516,1.6374369,1.7165042,GM12878,0.8606573,1.0,1
ENSG00000163516,1.6138662,1.7165042,GM12878,0.94453573,1.0,1
ENSG00000163516,1.6067382,1.7165042,GM12878,0.88587534,1.0,1
ENSG00000163521,0.020678252,0.2966652,GM12878,0.9779627,1.0,1
ENSG00000163521,0.00070793927,0.2966652,GM12878,0.98956114,0.36,1
ENSG00000163535,1.6740454,1.2260841,GM12878,0.7835826,1.0,1
ENSG00000163535,1.5075697,1.2260841,GM12878,0.6655928,1.0,1
ENSG00000163541,1.6093463,1.836514,GM12878,0.8569698,1.0,1
ENSG00000163596,0.9993134,0.07188201,GM12878,0.83013314,1.0,1
ENSG00000163596,0.924035,0.07188201,GM12878,0.92419386,1.0,1
ENSG00000163596,1.0652026,0.07188201,GM12878,0.82633734,1.0,1
ENSG00000163795,1.7347065,0.64933485,GM12878,0.57000464,1.0,1
ENSG00000163795,1.7661546,0.64933485,GM12878,0.83128095,1.0,1
ENSG00000163798,1.6637659,1.095518,GM12878,0.8936188,1.0,1
ENSG00000163806,-0.39590907,-0.7695511,GM12878,0.9750939,1.0,1
ENSG00000163811,1.3678288,2.130623,GM12878,0.7836906,1.0,1
ENSG00000163811,1.3962706,2.130623,GM12878,0.90774816,1.0,1
ENSG00000163811,1.4315969,2.130623,GM12878,0.8654761,1.0,1
ENSG00000163811,1.4267495,2.130623,GM12878,0.8983398,1.0,1
ENSG00000165714,1.83001,0.7474118,GM12878,0.84114,1.0,1
ENSG00000165714,1.8318099,0.7474118,GM12878,0.7550342,0.9166667,1
ENSG00000165891,1.0439062,0.7737864,GM12878,0.72322816,1.0,1
ENSG00000165891,1.077055,0.7737864,GM12878,0.8929903,1.0,1
ENSG00000166046,1.3142936,0.5237465,GM12878,0.9449415,1.0,1
ENSG00000166130,1.5622714,1.0523092,GM12878,0.9116999,1.0,1
ENSG00000166130,1.5622714,1.0523092,GM12878,0.9116999,0.17520216,1
ENSG00000166153,1.6911772,0.76937735,GM12878,0.70249367,1.0,1
ENSG00000166153,1.6417093,0.76937735,GM12878,0.66436106,0.59770113,1
ENSG00000166153,1.6238182,0.76937735,GM12878,0.55895585,0.065853655,1
ENSG00000166153,1.5169221,0.76937735,GM12878,0.85435784,0.89033943,1
ENSG00000166225,1.3565115,0.8413595,GM12878,0.80096656,0.12037037,1
ENSG00000166226,1.3666103,2.6832721,GM12878,0.8923468,1.0,1
ENSG00000166226,1.522285,2.6832721,GM12878,0.8547411,1.0,1
ENSG00000166268,-0.17382011,-0.9586073,GM12878,0.8010027,1.0,1
ENSG00000166532,1.1492674,1.2153732,GM12878,0.74174356,1.0,1
ENSG00000166532,1.3014263,1.2153732,GM12878,0.87227,1.0,1
ENSG00000166598,1.7395222,2.7067263,GM12878,0.7836979,1.0,1
ENSG00000166881,2.009957,1.7764833,GM12878,0.71866846,1.0,1
ENSG00000166881,2.0040374,1.7764833,GM12878,0.73700655,1.0,1
ENSG00000166881,2.0272777,1.7764833,GM12878,0.8150633,0.94788,1
ENSG00000166881,1.9706519,1.7764833,GM12878,0.6693618,0.14873266,1
ENSG00000166886,1.5216795,1.3514098,GM12878,0.9386857,1.0,1
ENSG00000166886,1.570501,1.3514098,GM12878,0.91321194,1.0,1
ENSG00000166888,1.9563655,1.5954962,GM12878,0.74361944,1.0,1
ENSG00000166888,1.867545,1.5954962,GM12878,0.75671065,0.9941396,1
ENSG00000166888,1.836259,1.5954962,GM12878,0.8682449,1.0,1
ENSG00000166896,1.7617582,1.55145,GM12878,0.74448603,1.0,1
ENSG00000166896,1.6083293,1.55145,GM12878,0.8667922,1.0,1
ENSG00000166896,1.6557716,1.55145,GM12878,0.8379118,1.0,1
ENSG00000166896,1.6441082,1.55145,GM12878,0.87027663,1.0,1
ENSG00000166908,1.4488376,1.3914644,GM12878,0.82749957,1.0,1
ENSG00000166908,1.3256899,1.3914644,GM12878,0.89494425,0.9974392,1
ENSG00000166986,1.8761023,2.2179313,GM12878,0.8017699,1.0,1
ENSG00000166986,1.763222,2.2179313,GM12878,0.6921109,1.0,1
ENSG00000166987,1.7821249,0.553883,GM12878,0.87956375,1.0,1
ENSG00000166987,1.7401949,0.553883,GM12878,0.61203486,1.0,1
ENSG00000166987,1.8029407,0.553883,GM12878,0.77287275,1.0,1
ENSG00000167272,1.364308,1.9222063,GM12878,0.95349056,1.0,1
ENSG00000167272,1.4324075,1.9222063,GM12878,0.9188667,1.0,1
ENSG00000167272,1.4324075,1.9222063,GM12878,0.9188667,1.0,1
ENSG00000167272,1.4235742,1.9222063,GM12878,0.8219466,0.8964165,1
ENSG00000167528,1.3746904,0.70070374,GM12878,0.9367713,1.0,1
ENSG00000167528,1.353792,0.70070374,GM12878,0.9288083,1.0,1
ENSG00000167528,1.3252746,0.70070374,GM12878,0.8812417,1.0,1
ENSG00000167528,1.4266729,0.70070374,GM12878,0.6999597,1.0,1
ENSG00000167528,1.3645161,0.70070374,GM12878,0.80868894,1.0,1
ENSG00000167528,1.3192734,0.70070374,GM12878,0.91540265,1.0,1
ENSG00000167535,0.46055588,0.12385164,GM12878,0.97204417,1.0,1
ENSG00000167535,0.4189632,0.12385164,GM12878,0.9414789,1.0,1
ENSG00000167535,0.41262588,0.12385164,GM12878,0.98232657,1.0,1
ENSG00000167535,0.40836918,0.12385164,GM12878,0.98540944,1.0,1
ENSG00000167550,1.71065,0.87215626,GM12878,0.6537007,1.0,1
ENSG00000167550,1.7236369,0.87215626,GM12878,0.8455828,0.8791209,1
ENSG00000167552,0.96552277,1.9076263,GM12878,0.9638379,1.0,1
ENSG00000167552,0.92411476,1.9076263,GM12878,0.93776333,1.0,1
ENSG00000167553,1.7017747,3.4164674,GM12878,0.90830654,1.0,1
ENSG00000167566,1.1427673,0.3424227,GM12878,0.8588405,1.0,1
ENSG00000167588,0.02586779,-0.18045606,GM12878,0.98818886,1.0,1
ENSG00000167778,1.3815769,0.75204843,GM12878,0.9481442,1.0,1
ENSG00000167778,1.3095921,0.75204843,GM12878,0.9343335,0.99019605,1
ENSG00000167779,0.31892604,-0.1611509,GM12878,0.99309134,1.0,1
ENSG00000168288,1.8069373,2.242616,GM12878,0.81945825,1.0,1
ENSG00000168385,1.699243,2.3964958,GM12878,0.88199633,1.0,1
ENSG00000168385,1.6702505,2.3964958,GM12878,0.7960828,0.0,1
ENSG00000168385,1.6681916,2.3964958,GM12878,0.89531994,0.004602301,1
ENSG00000168385,1.7218454,2.3964958,GM12878,0.831271,0.020285573,1
ENSG00000168385,1.7720364,2.3964958,GM12878,0.8429807,0.13043478,1
ENSG00000168385,1.798038,2.3964958,GM12878,0.8453555,0.0019248396,1
ENSG00000168393,1.6272178,1.6111921,GM12878,0.90188265,1.0,1
ENSG00000168393,1.657961,1.6111921,GM12878,0.9258105,0.76466775,1
ENSG00000168395,1.4380252,1.4324882,GM12878,0.9120816,1.0,1
ENSG00000168395,1.5501612,1.4324882,GM12878,0.90334594,1.0,1
ENSG00000168397,1.934654,1.7221401,GM12878,0.7357013,1.0,1
ENSG00000168397,1.8105019,1.7221401,GM12878,0.77055454,1.0,1
ENSG00000168397,1.9764646,1.7221401,GM12878,0.72035015,0.22041763,1
ENSG00000168754,-0.4218447,2.534445,GM12878,0.8687212,1.0,1
ENSG00000168754,-0.48201126,2.534445,GM12878,0.9586641,1.0,1
ENSG00000168758,1.5443945,1.8273046,GM12878,0.9015672,1.0,1
ENSG00000168763,1.2606676,0.813581,GM12878,0.7224257,1.0,1
ENSG00000168763,1.2940518,0.813581,GM12878,0.94693434,0.9826923,1
ENSG00000168778,0.8958497,0.665581,GM12878,0.90183055,1.0,1
ENSG00000168778,0.8643281,0.665581,GM12878,0.84271806,1.0,1
ENSG00000168778,0.8831613,0.665581,GM12878,0.9049718,1.0,1
ENSG00000168778,1.0202287,0.665581,GM12878,0.937189,1.0,1
ENSG00000168883,1.8022429,2.0083873,GM12878,0.7690855,1.0,1
ENSG00000168883,1.7828368,2.0083873,GM12878,0.93413043,0.9984219,1
ENSG00000168887,1.6290632,1.5174599,GM12878,0.79305357,1.0,1
ENSG00000168890,1.0231296,0.86391735,GM12878,0.7042525,0.8227612,1
ENSG00000168894,1.7236077,2.50737,GM12878,0.8760486,1.0,1
ENSG00000168899,0.19821578,0.15228835,GM12878,0.99084014,1.0,1
ENSG00000168906,1.9054106,2.8064716,GM12878,0.93367076,1.0,1
ENSG00000168918,0.12580591,0.6009729,GM12878,0.9969176,1.0,1
ENSG00000168918,0.10687243,0.6009729,GM12878,0.98642576,1.0,1
ENSG00000168958,1.3918577,1.567732,GM12878,0.8940692,1.0,1
ENSG00000168958,1.3627987,1.567732,GM12878,0.8726881,1.0,1
ENSG00000168958,1.3741276,1.567732,GM12878,0.85269135,1.0,1
ENSG00000168958,1.3376898,1.567732,GM12878,0.87757945,0.98651963,1
ENSG00000168958,1.259499,1.567732,GM12878,0.7610727,0.10576923,1
ENSG00000168958,1.4060038,1.567732,GM12878,0.6373781,0.0,1
ENSG00000168958,1.3642515,1.567732,GM12878,0.6558766,0.026818182,1
ENSG00000168958,1.3872998,1.567732,GM12878,0.7301812,0.94758064,1
ENSG00000168958,1.3872998,1.567732,GM12878,0.7301812,0.088160135,1
ENSG00000168958,1.4249989,1.567732,GM12878,0.7872999,0.006035283,1
ENSG00000168958,1.4249989,1.567732,GM12878,0.7872999,0.63492066,1
ENSG00000169016,1.3844929,1.3436055,GM12878,0.9204154,1.0,1
ENSG00000169016,1.3506972,1.3436055,GM12878,0.8046844,0.52971727,1
ENSG00000169016,1.3844929,1.3436055,GM12878,0.9204154,0.64533824,1
ENSG00000169016,1.434422,1.3436055,GM12878,0.5194786,0.57846504,1
ENSG00000169372,1.6390468,1.3174365,GM12878,0.8395729,1.0,1
ENSG00000169554,1.6081018,1.7385428,GM12878,0.90328324,1.0,1
ENSG00000169554,1.5168068,1.7385428,GM12878,0.9162859,1.0,1
ENSG00000169554,1.5632002,1.7385428,GM12878,0.92723995,1.0,1
ENSG00000169599,1.5733587,1.525563,GM12878,0.8991332,1.0,1
ENSG00000169599,1.5733587,1.525563,GM12878,0.8991332,1.0,1
ENSG00000169599,1.7233944,1.525563,GM12878,0.8157969,1.0,1
ENSG00000169599,1.6067364,1.525563,GM12878,0.89490855,1.0,1
ENSG00000169599,1.5990429,1.525563,GM12878,0.8951183,0.9988354,1
ENSG00000169599,1.635871,1.525563,GM12878,0.84457725,0.8952679,1
ENSG00000169607,1.5616003,1.1316186,GM12878,0.88049185,1.0,1
ENSG00000169607,1.5207222,1.1316186,GM12878,0.85260814,1.0,1
ENSG00000169607,1.515127,1.1316186,GM12878,0.93960315,1.0,1
ENSG00000169607,1.6003927,1.1316186,GM12878,0.84598017,1.0,1
ENSG00000169621,1.3520565,-0.28399664,GM12878,0.92898136,1.0,1
ENSG00000169621,1.3613313,-0.28399664,GM12878,0.8623143,1.0,1
ENSG00000169679,1.8207867,2.232615,GM12878,0.90756726,1.0,1
ENSG00000169679,1.8264481,2.232615,GM12878,0.858975,0.57782394,1
ENSG00000169756,1.534104,1.9571761,GM12878,0.7926215,1.0,1
ENSG00000169756,1.534104,1.9571761,GM12878,0.7926215,1.0,1
ENSG00000169756,1.538246,1.9571761,GM12878,0.7115702,0.99112666,1
ENSG00000169764,1.1535801,1.6325585,GM12878,0.9158057,1.0,1
ENSG00000169764,1.239832,1.6325585,GM12878,0.7811624,0.0,1
ENSG00000169884,0.33907413,0.22010809,GM12878,0.97808707,1.0,1
ENSG00000169967,1.554146,0.651278,GM12878,0.8353188,1.0,1
ENSG00000170035,0.77540207,1.9546283,GM12878,0.9684345,1.0,1
ENSG00000170035,0.83895266,1.9546283,GM12878,0.8707736,1.0,1
ENSG00000170144,1.776765,2.1576078,GM12878,0.9166413,1.0,1
ENSG00000170417,1.5198239,0.7259116,GM12878,0.8510397,1.0,1
ENSG00000170417,1.5275068,0.7259116,GM12878,0.7780954,1.0,1
ENSG00000170417,1.5341606,0.7259116,GM12878,0.75116956,0.7080745,1
ENSG00000170426,-0.16612178,-0.88605666,GM12878,0.96767664,1.0,1
ENSG00000170426,-0.17691553,-0.88605666,GM12878,0.98095554,1.0,1
ENSG00000170456,0.86659884,0.8518696,GM12878,0.9140988,1.0,1
ENSG00000170473,1.7473881,1.513484,GM12878,0.6446578,1.0,1
ENSG00000170500,0.5065541,0.57170886,GM12878,0.9906782,1.0,1
ENSG00000170515,1.7940294,2.791838,GM12878,0.922509,1.0,1
ENSG00000170545,1.098056,1.6559064,GM12878,0.9285869,1.0,1
ENSG00000170545,1.098056,1.6559064,GM12878,0.9285869,1.0,1
ENSG00000170545,1.0443958,1.6559064,GM12878,0.36033118,0.021474773,1
ENSG00000170627,1.9467292,2.7779992,GM12878,0.80355364,1.0,1
ENSG00000170627,1.945326,2.7779992,GM12878,0.77987576,1.0,1
ENSG00000170633,1.5950762,1.5625308,GM12878,0.6684145,1.0,1
ENSG00000170633,1.5857767,1.5625308,GM12878,0.8532047,0.16459017,1
ENSG00000170634,1.3380003,0.33645973,GM12878,0.91698116,1.0,1
ENSG00000170634,1.2760472,0.33645973,GM12878,0.88608,0.0,1
ENSG00000170653,1.5178071,1.2422929,GM12878,0.8143467,1.0,1
ENSG00000170802,1.0844368,1.2853322,GM12878,0.89190006,1.0,1
ENSG00000171055,0.97965634,1.4116197,GM12878,0.93123764,0.8443149,1
ENSG00000171055,0.9446089,1.4116197,GM12878,0.9402864,0.20570488,1
ENSG00000171055,1.1406367,1.4116197,GM12878,0.86012834,0.0,1
ENSG00000171103,1.5085231,1.3077099,GM12878,0.8852603,1.0,1
ENSG00000171132,0.7400357,-0.60206,GM12878,0.926014,1.0,1
ENSG00000171132,0.70235944,-0.60206,GM12878,0.43790656,1.0,1
ENSG00000171174,0.90382874,-0.4202164,GM12878,0.55359465,1.0,1
ENSG00000171310,1.0270593,1.1344959,GM12878,0.95940405,1.0,1
ENSG00000171310,1.0270593,1.1344959,GM12878,0.95940405,1.0,1
ENSG00000171596,-0.13490275,-0.61978877,GM12878,0.99233854,1.0,1
ENSG00000171681,1.0561169,0.69548166,GM12878,0.95305747,1.0,1
ENSG00000171681,1.0713248,0.69548166,GM12878,0.9413553,1.0,1
ENSG00000171681,1.1322917,0.69548166,GM12878,0.8043227,0.9607843,1
ENSG00000171792,1.603119,1.6608654,GM12878,0.92612207,0.64361703,1
ENSG00000171792,1.5841824,1.6608654,GM12878,0.9153667,0.9333665,1
ENSG00000171840,1.4301828,0.5575072,GM12878,0.84558904,1.0,1
ENSG00000171840,1.3792322,0.5575072,GM12878,0.9531764,1.0,1
ENSG00000171840,1.3792322,0.5575072,GM12878,0.9531764,1.0,1
ENSG00000171847,-0.14933547,-0.82390875,GM12878,0.99371934,1.0,1
ENSG00000171847,-0.24819496,-0.82390875,GM12878,0.99323684,1.0,1
ENSG00000171848,1.7547476,1.7937903,GM12878,0.9045201,1.0,1
ENSG00000171853,1.2453701,1.5284024,GM12878,0.8541561,1.0,1
ENSG00000171853,1.3065058,1.5284024,GM12878,0.8655221,1.0,1
ENSG00000171865,1.689622,1.2727696,GM12878,0.8487973,1.0,1
ENSG00000172059,1.5512798,1.0976043,GM12878,0.6732099,1.0,1
ENSG00000172059,1.5512798,1.0976043,GM12878,0.6732099,1.0,1
ENSG00000172071,1.4473315,0.7881684,GM12878,0.75614876,1.0,1
ENSG00000172071,1.4473189,0.7881684,GM12878,0.50058764,1.0,1
ENSG00000172071,1.3608568,0.7881684,GM12878,0.92122173,1.0,1
ENSG00000172073,-0.3623983,-0.9586073,GM12878,0.9931583,1.0,1
ENSG00000172086,1.6012634,0.6324573,GM12878,0.8827521,1.0,1
ENSG00000172292,1.0725312,0.54654264,GM12878,0.78295994,1.0,1
ENSG00000172292,1.0506476,0.54654264,GM12878,0.5560623,0.26900584,1
ENSG00000172428,0.58346194,1.9241759,GM12878,0.8570762,1.0,1
ENSG00000172428,0.72738343,1.9241759,GM12878,0.878269,1.0,1
ENSG00000172602,0.2496351,-0.23657201,GM12878,0.9210141,1.0,1
ENSG00000172819,1.2901895,0.54900324,GM12878,0.8856909,1.0,1
ENSG00000172819,1.3078786,0.54900324,GM12878,0.42427185,1.0,1
ENSG00000172819,1.2583297,0.54900324,GM12878,0.520002,0.087804876,1
ENSG00000172845,1.6700193,1.8178958,GM12878,0.8529442,1.0,1
ENSG00000172845,1.613475,1.8178958,GM12878,0.9063491,0.22721088,1
ENSG00000172878,1.6781439,1.223496,GM12878,0.87424016,1.0,1
ENSG00000172954,1.5271899,1.2013972,GM12878,0.8201668,0.022134388,1
ENSG00000172954,1.5239332,1.2013972,GM12878,0.8972416,0.046831954,1
ENSG00000173064,1.5044688,1.0277572,GM12878,0.9081507,1.0,1
ENSG00000173064,1.5206057,1.0277572,GM12878,0.7148082,1.0,1
ENSG00000173163,0.9320217,1.4094259,GM12878,0.86058223,1.0,1
ENSG00000173166,0.50137097,-0.28399664,GM12878,0.92227536,1.0,1
ENSG00000173209,1.4272835,1.7185017,GM12878,0.9070449,1.0,1
ENSG00000173272,1.2157736,2.0541148,GM12878,0.89268523,1.0,1
ENSG00000173272,1.2157736,2.0541148,GM12878,0.89268523,1.0,1
ENSG00000173451,1.6685867,0.78675145,GM12878,0.8739247,1.0,1
ENSG00000173559,1.7216407,1.228657,GM12878,0.8349144,1.0,1
ENSG00000173559,1.7389777,1.228657,GM12878,0.8473029,1.0,1
ENSG00000173559,1.7389777,1.228657,GM12878,0.8473029,1.0,1
ENSG00000173559,1.7034775,1.228657,GM12878,0.7968097,0.25104603,1
ENSG00000173567,1.8625336,-0.82390875,GM12878,0.8873506,1.0,1
ENSG00000173588,1.0544989,1.3312248,GM12878,0.9125548,1.0,1
ENSG00000173588,1.0705425,1.3312248,GM12878,0.9004602,0.04696673,1
ENSG00000173588,1.1715909,1.3312248,GM12878,0.813013,0.01847575,1
ENSG00000173588,1.1221222,1.3312248,GM12878,0.7321743,0.70016474,1
ENSG00000173598,1.8596972,2.151615,GM12878,0.5207767,1.0,1
ENSG00000173598,1.7262051,2.151615,GM12878,0.84981656,1.0,1
ENSG00000173692,1.7028462,2.2464986,GM12878,0.91922116,1.0,1
ENSG00000173692,1.7361287,2.2464986,GM12878,0.74141073,1.0,1
ENSG00000173744,1.1818696,1.8409212,GM12878,0.57606107,1.0,1
ENSG00000173744,1.260577,1.8409212,GM12878,0.9122524,0.9965221,1
ENSG00000173744,1.2140129,1.8409212,GM12878,0.75728834,0.33338484,1
ENSG00000173960,1.5530901,1.0402067,GM12878,0.8994906,1.0,1
ENSG00000173960,1.5169474,1.0402067,GM12878,0.82817715,0.026809651,1
ENSG00000173960,1.5058392,1.0402067,GM12878,0.35623574,0.68105066,1
ENSG00000174099,-0.65842223,-0.92081875,GM12878,0.98469216,1.0,1
ENSG00000174106,1.3279586,1.1379868,GM12878,0.8917178,1.0,1
ENSG00000174106,1.3872315,1.1379868,GM12878,0.92929095,1.0,1
ENSG00000174106,1.3996906,1.1379868,GM12878,0.8174566,1.0,1
ENSG00000174206,0.94058776,0.7355989,GM12878,0.88963515,1.0,1
ENSG00000174233,-0.3113248,0.012837225,GM12878,0.9952223,1.0,1
ENSG00000174243,1.9755853,1.8702868,GM12878,0.47828943,1.0,1
ENSG00000174437,1.5878552,1.717504,GM12878,0.6243667,1.0,1
ENSG00000174437,1.6201807,1.717504,GM12878,0.8954138,1.0,1
ENSG00000174437,1.6783776,1.717504,GM12878,0.7938942,0.9757876,1
ENSG00000174437,1.6074482,1.717504,GM12878,0.610063,0.039647575,1
ENSG00000174456,1.3602024,1.525563,GM12878,0.88208973,1.0,1
ENSG00000174456,1.3872828,1.525563,GM12878,0.84888285,1.0,1
ENSG00000174501,1.005797,0.95279247,GM12878,0.82644624,1.0,1
ENSG00000174501,0.9979936,0.95279247,GM12878,0.921106,1.0,1
ENSG00000174501,0.96800005,0.95279247,GM12878,0.87378883,1.0,1
ENSG00000174501,0.9532151,0.95279247,GM12878,0.93331844,1.0,1
ENSG00000174501,0.96447104,0.95279247,GM12878,0.91174805,1.0,1
ENSG00000174718,1.4598858,1.6188844,GM12878,0.9001507,1.0,1
ENSG00000174718,1.4284892,1.6188844,GM12878,0.8169381,0.83912086,1
ENSG00000174718,1.2986051,1.6188844,GM12878,0.8377815,0.9621976,1
ENSG00000174989,0.874643,0.8169038,GM12878,0.95186496,1.0,1
ENSG00000175183,0.5707935,0.62838894,GM12878,0.9581362,1.0,1
ENSG00000175197,1.9194701,1.9383196,GM12878,0.89211744,1.0,1
ENSG00000175203,1.6087325,2.0703335,GM12878,0.90047586,0.9882207,1
ENSG00000175215,1.5196854,1.8581761,GM12878,0.9254786,1.0,1
ENSG00000175548,0.36385936,0.25042,GM12878,0.45995137,1.0,1
ENSG00000175548,0.36385936,0.25042,GM12878,0.45995137,1.0,1
ENSG00000175727,1.3785566,1.1420765,GM12878,0.9301833,1.0,1
ENSG00000175782,1.332503,0.70329136,GM12878,0.87904865,1.0,1
ENSG00000175970,1.1519737,1.3812957,GM12878,0.9070008,1.0,1
ENSG00000176407,1.418837,1.7571682,GM12878,0.8629266,1.0,1
ENSG00000176407,1.2567692,1.7571682,GM12878,0.9253822,1.0,1
ENSG00000176720,0.124883726,0.29446623,GM12878,0.9309091,1.0,1
ENSG00000176720,0.1733363,0.29446623,GM12878,0.9800381,1.0,1
ENSG00000176720,0.2977106,0.29446623,GM12878,0.97187525,1.0,1
ENSG00000176732,1.2281386,-0.61978877,GM12878,0.7952995,1.0,1
ENSG00000176834,0.0675277,0.78746045,GM12878,0.9888127,1.0,1
ENSG00000176871,1.6952249,1.6904619,GM12878,0.7336928,1.0,1
ENSG00000176894,1.6063317,1.5137502,GM12878,0.9331223,1.0,1
ENSG00000176894,1.5177127,1.5137502,GM12878,0.930969,1.0,1
ENSG00000176915,1.5390877,1.6996644,GM12878,0.9045291,1.0,1
ENSG00000176946,1.8989564,1.3666097,GM12878,0.87373227,1.0,1
ENSG00000176946,1.8866092,1.3666097,GM12878,0.8605769,1.0,1
ENSG00000176946,1.7615558,1.3666097,GM12878,0.7084332,1.0,1
ENSG00000177084,1.8487401,1.7036352,GM12878,0.64635396,1.0,1
ENSG00000177084,1.856236,1.7036352,GM12878,0.77918756,1.0,1
ENSG00000177084,1.8005816,1.7036352,GM12878,0.86976475,1.0,1
ENSG00000177084,1.8148825,1.7036352,GM12878,0.8110948,0.99876493,1
ENSG00000177119,1.9286214,1.225826,GM12878,0.8843155,1.0,1
ENSG00000177119,1.8880538,1.225826,GM12878,0.806364,1.0,1
ENSG00000177119,1.847344,1.225826,GM12878,0.6563684,0.0343965,1
ENSG00000177119,1.9278699,1.225826,GM12878,0.7946376,0.98156387,1
ENSG00000177119,1.765523,1.225826,GM12878,0.5172743,0.017813267,1
ENSG00000177169,1.1134995,0.5774918,GM12878,0.8312596,1.0,1
ENSG00000177169,1.0243485,0.5774918,GM12878,0.9451352,1.0,1
ENSG00000177169,1.1166632,0.5774918,GM12878,0.92108047,1.0,1
ENSG00000177192,1.5403565,1.4051756,GM12878,0.90865356,1.0,1
ENSG00000177483,-0.36716428,-0.56863624,GM12878,0.9866436,1.0,1
ENSG00000177889,1.7052441,2.382899,GM12878,0.9271196,1.0,1
ENSG00000177889,1.7290627,2.382899,GM12878,0.6840478,1.0,1
ENSG00000177917,1.6620884,1.8632634,GM12878,0.81931937,1.0,1
ENSG00000177917,1.5999596,1.8632634,GM12878,0.81600213,0.34760606,1
ENSG00000177917,1.6296538,1.8632634,GM12878,0.7511387,0.044444446,1
ENSG00000177981,1.1887302,1.3014641,GM12878,0.9032812,1.0,1
ENSG00000177981,1.2064878,1.3014641,GM12878,0.8182248,1.0,1
ENSG00000177981,1.2554975,1.3014641,GM12878,0.6780945,0.059889678,1
ENSG00000177990,-0.40909857,-0.79588,GM12878,0.98352194,1.0,1
ENSG00000177990,-0.3467175,-0.79588,GM12878,0.66946274,1.0,1
ENSG00000178295,1.6001114,1.4299136,GM12878,0.91958106,1.0,1
ENSG00000178401,0.12495086,-0.04095861,GM12878,0.99196035,1.0,1
ENSG00000178449,1.5790565,1.8041394,GM12878,0.69089293,0.004327506,1
ENSG00000178449,1.5367374,1.8041394,GM12878,0.5532192,0.088575505,1
ENSG00000178623,-0.13054568,-0.7447275,GM12878,0.98472875,1.0,1
ENSG00000179104,-0.20393452,-0.22914799,GM12878,0.96804863,1.0,1
ENSG00000179195,1.1772194,1.7858279,GM12878,0.37141755,1.0,1
ENSG00000179195,1.265185,1.7858279,GM12878,0.9117526,1.0,1
ENSG00000179295,1.579202,1.7273786,GM12878,0.7872389,1.0,1
ENSG00000179295,1.5001079,1.7273786,GM12878,0.8863096,1.0,1
ENSG00000179295,1.5736107,1.7273786,GM12878,0.8719201,1.0,1
ENSG00000179295,1.5629176,1.7273786,GM12878,0.92539656,1.0,1
ENSG00000179528,1.6850024,-0.04575749,GM12878,0.9241795,1.0,1
ENSG00000179715,0.5576781,-0.1426675,GM12878,0.9248452,1.0,1
ENSG00000179912,1.5485967,1.1000258,GM12878,0.92220956,1.0,1
ENSG00000179912,1.510141,1.1000258,GM12878,0.8440087,1.0,1
ENSG00000179912,1.5962772,1.1000258,GM12878,0.7684987,0.0,1
ENSG00000179912,1.5328839,1.1000258,GM12878,0.90370333,1.0,1
ENSG00000179912,1.5572197,1.1000258,GM12878,0.62399906,1.0,1
ENSG00000180228,1.3741809,1.7247672,GM12878,0.91495085,1.0,1
ENSG00000180228,1.4017256,1.7247672,GM12878,0.5558438,0.033542976,1
ENSG00000180263,1.4784566,0.6095944,GM12878,0.85637903,1.0,1
ENSG00000180263,1.3576542,0.6095944,GM12878,0.85775316,0.88451445,1
ENSG00000180398,1.7242801,2.15567,GM12878,0.9254696,1.0,1
ENSG00000180398,1.7242801,2.15567,GM12878,0.9254696,1.0,1
ENSG00000180398,1.7242801,2.15567,GM12878,0.9254696,0.88586956,1
ENSG00000180398,1.7943223,2.15567,GM12878,0.7618093,0.71181047,1
ENSG00000180398,1.7943223,2.15567,GM12878,0.7618093,0.80265653,1
ENSG00000180398,1.7489743,2.15567,GM12878,0.34428814,0.39994037,1
ENSG00000180881,0.56646234,-0.7447275,GM12878,0.9569695,1.0,1
ENSG00000180881,0.7480509,-0.7447275,GM12878,0.9303136,1.0,1
ENSG00000180902,1.3786122,1.2062861,GM12878,0.90951943,1.0,1
ENSG00000180902,1.249165,1.2062861,GM12878,0.6951196,0.8868715,1
ENSG00000180902,1.3435925,1.2062861,GM12878,0.50836116,0.37936267,1
ENSG00000181852,1.9024075,1.6280823,GM12878,0.74674714,1.0,1
ENSG00000181852,1.9307905,1.6280823,GM12878,0.6743246,0.02148955,1
ENSG00000181852,1.9205809,1.6280823,GM12878,0.6447657,0.31061074,1
ENSG00000181929,1.8723403,1.931407,GM12878,0.84851176,1.0,1
ENSG00000182196,1.5118524,2.0070646,GM12878,0.91357636,1.0,1
ENSG00000182199,1.667754,2.0803378,GM12878,0.8934449,0.7227899,1
ENSG00000182326,-0.13637426,-0.21467017,GM12878,0.9651958,1.0,1
ENSG00000182389,-0.66912806,-0.92081875,GM12878,0.97935575,1.0,1
ENSG00000182551,1.5019249,1.212454,GM12878,0.9391535,1.0,1
ENSG00000182993,1.3026277,0.29225606,GM12878,0.3384539,1.0,1
ENSG00000182993,1.3132849,0.29225606,GM12878,0.76305604,1.0,1
ENSG00000183054,0.589641,-0.20760831,GM12878,0.7313295,1.0,1
ENSG00000183283,1.6373495,2.4188812,GM12878,0.8754877,1.0,1
ENSG00000183283,1.6141318,2.4188812,GM12878,0.8721292,1.0,1
ENSG00000183283,1.6673295,2.4188812,GM12878,0.82778585,0.9899753,1
ENSG00000183283,1.6066984,2.4188812,GM12878,0.8329215,0.8757669,1
ENSG00000183395,0.6761927,-0.88605666,GM12878,0.65940654,1.0,1
ENSG00000183495,1.5858709,0.77451694,GM12878,0.8531341,1.0,1
ENSG00000183495,1.5710092,0.77451694,GM12878,0.9072567,1.0,1
ENSG00000183495,1.567435,0.77451694,GM12878,0.8642886,0.6573427,1
ENSG00000183513,1.7277406,1.6155292,GM12878,0.76977986,1.0,1
ENSG00000183735,1.4378475,1.2716093,GM12878,0.8649553,1.0,1
ENSG00000183891,1.793935,1.7229629,GM12878,0.74447757,1.0,1
ENSG00000183955,1.3034054,1.8150462,GM12878,0.82948273,1.0,1
ENSG00000183955,1.2234737,1.8150462,GM12878,0.92814934,0.4181232,1
ENSG00000184047,1.8099232,1.5887197,GM12878,0.582169,1.0,1
ENSG00000184047,1.6166142,1.5887197,GM12878,0.7116252,1.0,1
ENSG00000184047,1.6185492,1.5887197,GM12878,0.8936786,0.020094892,1
ENSG00000184047,1.8099232,1.5887197,GM12878,0.582169,0.97038215,1
ENSG00000184047,1.8099232,1.5887197,GM12878,0.582169,0.98123324,1
ENSG00000184047,1.6166142,1.5887197,GM12878,0.7116252,0.9928315,1
ENSG00000184047,1.6479319,1.5887197,GM12878,0.6444683,0.943299,1
ENSG00000184182,1.4364623,1.7896512,GM12878,0.5898273,1.0,1
ENSG00000184182,1.5117826,1.7896512,GM12878,0.88904935,1.0,1
ENSG00000184182,1.4640596,1.7896512,GM12878,0.7693328,0.73438483,1
ENSG00000184271,1.5656587,0.4281348,GM12878,0.81238157,1.0,1
ENSG00000184271,1.3831263,0.4281348,GM12878,0.5140381,1.0,1
ENSG00000184445,1.6176199,2.033102,GM12878,0.9017929,1.0,1
ENSG00000184445,1.6549534,2.033102,GM12878,0.9219588,1.0,1
ENSG00000184445,1.5966363,2.033102,GM12878,0.9141209,1.0,1
ENSG00000184445,1.5702354,2.033102,GM12878,0.75831467,0.8590272,1
ENSG00000184445,1.4758118,2.033102,GM12878,0.37675732,0.42275363,1
ENSG00000184575,1.6222303,2.1749897,GM12878,0.83557904,1.0,1
ENSG00000184575,1.6327531,2.1749897,GM12878,0.87714666,1.0,1
ENSG00000184613,-0.18109322,-0.4089354,GM12878,0.99062157,1.0,1
ENSG00000184752,0.97687984,2.2918348,GM12878,0.56402355,1.0,1
ENSG00000184752,1.0533322,2.2918348,GM12878,0.8940329,0.9304363,1
ENSG00000184898,1.3028806,0.6589649,GM12878,0.6964136,1.0,1
ENSG00000184898,1.2144797,0.6589649,GM12878,0.9200313,1.0,1
ENSG00000184967,1.2483846,0.7307823,GM12878,0.81488746,1.0,1
ENSG00000184992,1.083929,1.0565237,GM12878,0.91702616,1.0,1
ENSG00000185163,1.3454254,1.0561422,GM12878,0.89369917,1.0,1
ENSG00000185163,1.3102181,1.0561422,GM12878,0.88125646,1.0,1
ENSG00000185163,1.305383,1.0561422,GM12878,0.900546,1.0,1
ENSG00000185163,1.2384816,1.0561422,GM12878,0.7901227,1.0,1
ENSG00000185163,1.1989655,1.0561422,GM12878,0.9007147,1.0,1
ENSG00000185344,1.2764074,1.8576943,GM12878,0.90962124,1.0,1
ENSG00000185344,1.2612331,1.8576943,GM12878,0.89266485,1.0,1
ENSG00000185404,0.63542163,0.90525603,GM12878,0.9115885,1.0,1
ENSG00000185404,0.63188994,0.90525603,GM12878,0.8797622,0.14864865,1
ENSG00000185432,1.5599669,0.9973864,GM12878,0.4356003,1.0,1
ENSG00000185480,1.3593291,1.5067755,GM12878,0.87904483,1.0,1
ENSG00000185480,1.3593291,1.5067755,GM12878,0.87904483,1.0,1
ENSG00000185480,1.3097472,1.5067755,GM12878,0.8504608,0.9807468,1
ENSG00000185480,1.2680811,1.5067755,GM12878,0.8000725,0.047052152,1
ENSG00000185480,1.3557974,1.5067755,GM12878,0.8938962,0.5017668,1
ENSG00000185480,1.4603242,1.5067755,GM12878,0.86008656,0.8797629,1
ENSG00000185482,0.49906403,0.59549624,GM12878,0.9853625,1.0,1
ENSG00000185482,0.5369108,0.59549624,GM12878,0.9624013,1.0,1
ENSG00000185482,0.49127117,0.59549624,GM12878,0.97309667,0.9874608,1
ENSG00000185482,0.4811042,0.59549624,GM12878,0.949891,0.041269843,1
ENSG00000185591,1.2281142,1.6252096,GM12878,0.9574833,1.0,1
ENSG00000185591,1.1389529,1.6252096,GM12878,0.9658246,1.0,1
ENSG00000185640,-0.4657259,0.12057393,GM12878,0.9953178,1.0,1
ENSG00000185664,0.59648263,0.30103,GM12878,0.94294953,1.0,1
ENSG00000186132,1.1184187,1.0421816,GM12878,0.9284419,1.0,1
ENSG00000186132,1.2092872,1.0421816,GM12878,0.86906946,1.0,1
ENSG00000186298,1.3271219,2.289745,GM12878,0.9018246,1.0,1
ENSG00000186298,1.4130639,2.289745,GM12878,0.9077375,1.0,1
ENSG00000186298,1.3530501,2.289745,GM12878,0.9185966,1.0,1
ENSG00000186815,1.1153148,1.1000258,GM12878,0.86253595,1.0,1
ENSG00000186815,1.2458147,1.1000258,GM12878,0.37502557,0.08759124,1
ENSG00000186815,1.1563463,1.1000258,GM12878,0.3657449,0.1463964,1
ENSG00000186854,-0.54492587,-0.49485,GM12878,0.9968532,1.0,1
ENSG00000186854,-0.58685815,-0.49485,GM12878,0.9977229,1.0,1
ENSG00000186889,1.2128278,0.20411998,GM12878,0.82373285,1.0,1
ENSG00000186889,1.2299055,0.20411998,GM12878,0.75564003,1.0,1
ENSG00000186908,1.4699062,1.6647359,GM12878,0.8772197,1.0,1
ENSG00000186908,1.351097,1.6647359,GM12878,0.92344475,0.8091603,1
ENSG00000186908,1.4375256,1.6647359,GM12878,0.89341164,0.1908397,1
ENSG00000187109,1.4911445,2.5370002,GM12878,0.58635056,1.0,1
ENSG00000187109,1.488894,2.5370002,GM12878,0.9348635,0.7525151,1
ENSG00000187109,1.4421844,2.5370002,GM12878,0.93453777,0.99739194,1
ENSG00000187109,1.4597298,2.5370002,GM12878,0.7470184,0.7152778,1
ENSG00000187514,1.4364895,2.4737496,GM12878,0.91648686,1.0,1
ENSG00000187605,0.5461814,0.53275436,GM12878,0.9807046,1.0,1
ENSG00000187736,1.2804686,1.193681,GM12878,0.8973159,1.0,1
ENSG00000187778,1.6655887,1.8017466,GM12878,0.5384488,1.0,1
ENSG00000187778,1.7949969,1.8017466,GM12878,0.9193108,1.0,1
ENSG00000187778,1.7271796,1.8017466,GM12878,0.9042827,1.0,1
ENSG00000187778,1.6782973,1.8017466,GM12878,0.8637019,1.0,1
ENSG00000187833,0.16988379,-0.65757734,GM12878,0.889792,1.0,1
ENSG00000187944,-0.2614316,-0.9586073,GM12878,0.9218576,1.0,1
ENSG00000188010,0.90085137,1.0744507,GM12878,0.8689426,1.0,1
ENSG00000188010,0.90485686,1.0744507,GM12878,0.9403257,1.0,1
ENSG00000188010,0.96733016,1.0744507,GM12878,0.9234432,1.0,1
ENSG00000188026,1.1364888,0.90741134,GM12878,0.9474437,1.0,1
ENSG00000188026,1.0713272,0.90741134,GM12878,0.9436478,1.0,1
ENSG00000188026,1.0980862,0.90741134,GM12878,0.9293742,1.0,1
ENSG00000188026,1.0451518,0.90741134,GM12878,0.94290507,1.0,1
ENSG00000188177,1.7836154,0.2121876,GM12878,0.92455167,1.0,1
ENSG00000188177,1.6140682,0.2121876,GM12878,0.8929921,1.0,1
ENSG00000188282,-0.30900538,-0.9586073,GM12878,0.9611399,1.0,1
ENSG00000188389,-0.0686586,0.29885307,GM12878,0.99378926,1.0,1
ENSG00000188389,0.05921258,0.29885307,GM12878,0.94035983,1.0,1
ENSG00000188542,1.7318386,0.7937904,GM12878,0.73932356,1.0,1
ENSG00000188735,1.2027246,0.8668778,GM12878,0.9545484,1.0,1
ENSG00000188735,1.2119694,0.8668778,GM12878,0.84686714,1.0,1
ENSG00000188735,1.2657102,0.8668778,GM12878,0.6079972,0.21768707,1
ENSG00000188760,1.106117,0.1335389,GM12878,0.791285,1.0,1
ENSG00000188906,0.7040273,-0.55284196,GM12878,0.7292538,1.0,1
ENSG00000189046,1.1121408,1.3963737,GM12878,0.8833245,1.0,1
ENSG00000189046,1.2481105,1.3963737,GM12878,0.47377676,0.97117364,1
ENSG00000189079,1.5549427,1.4061995,GM12878,0.9134986,1.0,1
ENSG00000189079,1.5922416,1.4061995,GM12878,0.8761794,0.0,1
ENSG00000189079,1.4839417,1.4061995,GM12878,0.8265346,0.16,1
ENSG00000189362,1.5091647,0.36172783,GM12878,0.79366016,1.0,1
ENSG00000189362,1.5437697,0.36172783,GM12878,0.794284,1.0,1
ENSG00000189362,1.4932977,0.36172783,GM12878,0.8183275,0.7837838,1
ENSG00000196141,0.9580821,1.4640422,GM12878,0.75233895,1.0,1
ENSG00000196141,0.97194403,1.4640422,GM12878,0.8453595,1.0,1
ENSG00000196141,0.9039613,1.4640422,GM12878,0.9551835,1.0,1
ENSG00000196141,0.9549495,1.4640422,GM12878,0.87923384,1.0,1
ENSG00000196141,1.0195658,1.4640422,GM12878,0.87883633,1.0,1
ENSG00000196141,0.89241356,1.4640422,GM12878,0.88547456,0.37549758,1
ENSG00000196290,1.394143,1.8479426,GM12878,0.56374806,0.6967787,1
ENSG00000196387,1.5853273,0.75739604,GM12878,0.4553369,1.0,1
ENSG00000196387,1.581537,0.75739604,GM12878,0.79993373,1.0,1
ENSG00000196387,1.581537,0.75739604,GM12878,0.79993373,1.0,1
ENSG00000196387,1.584751,0.75739604,GM12878,0.5423651,0.4181818,1
ENSG00000196458,0.7331946,-0.4685211,GM12878,0.94424325,1.0,1
ENSG00000196465,1.7390736,1.7137425,GM12878,0.8341025,1.0,1
ENSG00000196498,0.19432464,0.48000693,GM12878,0.8697948,1.0,1
ENSG00000196504,1.6219758,2.3094172,GM12878,0.90990025,1.0,1
ENSG00000196504,1.6818056,2.3094172,GM12878,0.6569861,1.0,1
ENSG00000196504,1.7983216,2.3094172,GM12878,0.76141125,0.9396194,1
ENSG00000196504,1.8330935,2.3094172,GM12878,0.78639436,0.031471092,1
ENSG00000196510,1.8621539,2.059904,GM12878,0.7964327,1.0,1
ENSG00000196510,1.9754981,2.059904,GM12878,0.61842686,1.0,1
ENSG00000196510,1.6925627,2.059904,GM12878,0.7322715,1.0,1
ENSG00000196604,-0.30465987,-0.7212464,GM12878,0.99144137,1.0,1
ENSG00000196604,-0.30270785,-0.7212464,GM12878,0.98892784,1.0,1
ENSG00000196604,-0.14175236,-0.7212464,GM12878,0.90990895,1.0,1
ENSG00000196604,-0.29962906,-0.7212464,GM12878,0.9877928,1.0,1
ENSG00000196604,-0.17639881,-0.7212464,GM12878,0.96539026,1.0,1
ENSG00000196604,0.059554018,-0.7212464,GM12878,0.6021687,1.0,1
ENSG00000196843,0.79059476,0.48572144,GM12878,0.9675011,1.0,1
ENSG00000196843,0.8009478,0.48572144,GM12878,0.97277135,0.72695035,1
ENSG00000196850,1.4448727,1.2457594,GM12878,0.81934196,1.0,1
ENSG00000196850,1.429932,1.2457594,GM12878,0.8687458,1.0,1
ENSG00000196850,1.3994362,1.2457594,GM12878,0.89794743,1.0,1
ENSG00000196850,1.441172,1.2457594,GM12878,0.7967105,1.0,1
ENSG00000196862,0.60881567,-0.9586073,GM12878,0.92177796,1.0,1
ENSG00000196935,0.071222164,-0.85387194,GM12878,0.9726993,1.0,1
ENSG00000196935,-0.03779126,-0.85387194,GM12878,0.76031464,1.0,1
ENSG00000196950,1.4491552,1.4543874,GM12878,0.91985685,1.0,1
ENSG00000196975,1.1508691,0.92582756,GM12878,0.8758614,1.0,1
ENSG00000197111,1.5506107,2.4339457,GM12878,0.9210421,1.0,1
ENSG00000197111,1.4741764,2.4339457,GM12878,0.65818906,1.0,1
ENSG00000197111,1.4724832,2.4339457,GM12878,0.9157873,0.7134209,1
ENSG00000197111,1.4765482,2.4339457,GM12878,0.6557252,0.8773534,1
ENSG00000197121,0.48119992,-0.36653155,GM12878,0.89151055,1.0,1
ENSG00000197223,1.52437,1.5094713,GM12878,0.84910077,1.0,1
ENSG00000197223,1.4091564,1.5094713,GM12878,0.93018055,1.0,1
ENSG00000197329,0.9747549,1.1112626,GM12878,0.9490564,1.0,1
ENSG00000197713,1.4248084,1.6422666,GM12878,0.88361174,1.0,1
ENSG00000197713,1.3022236,1.6422666,GM12878,0.42513874,0.0029368575,1
ENSG00000197713,1.4706163,1.6422666,GM12878,0.7672733,0.6555048,1
ENSG00000197713,1.5257131,1.6422666,GM12878,0.6293817,0.082868725,1
ENSG00000197713,1.5269219,1.6422666,GM12878,0.9115478,0.89506525,1
ENSG00000197713,1.5502379,1.6422666,GM12878,0.7648509,0.05678422,1
ENSG00000197872,0.025912426,-0.07572071,GM12878,0.96331173,1.0,1
ENSG00000197905,1.0720416,1.182985,GM12878,0.9475504,1.0,1
ENSG00000198001,1.5193629,1.416141,GM12878,0.9320266,1.0,1
ENSG00000198001,1.5193629,1.416141,GM12878,0.9320266,1.0,1
ENSG00000198001,1.629955,1.416141,GM12878,0.8097186,1.0,1
ENSG00000198001,1.6016393,1.416141,GM12878,0.71175194,0.15306123,1
ENSG00000198001,1.5193629,1.416141,GM12878,0.9320266,0.67346936,1
ENSG00000198001,1.7498473,1.416141,GM12878,0.8814915,0.0983871,1
ENSG00000198001,1.7145104,1.416141,GM12878,0.75274485,0.83996993,1
ENSG00000198040,1.2285904,1.2619762,GM12878,0.92353237,1.0,1
ENSG00000198056,1.5471088,1.9697886,GM12878,0.9190413,1.0,1
ENSG00000198130,1.1539932,1.3565995,GM12878,0.92921567,1.0,1
ENSG00000198130,1.1028054,1.3565995,GM12878,0.7505734,0.94187427,1
ENSG00000198270,1.8108295,1.8424845,GM12878,0.7620374,1.0,1
ENSG00000198270,1.7800105,1.8424845,GM12878,0.6824687,1.0,1
ENSG00000198270,1.8183743,1.8424845,GM12878,0.64807576,0.89046055,1
ENSG00000198270,1.7483311,1.8424845,GM12878,0.8683855,0.84433377,1
ENSG00000198270,1.7856538,1.8424845,GM12878,0.7457641,0.33092105,1
ENSG00000198353,0.18638265,-0.27572414,GM12878,0.90758014,1.0,1
ENSG00000198369,1.7053212,1.1024337,GM12878,0.90073645,1.0,1
ENSG00000198380,1.2107964,1.0986438,GM12878,0.79803056,1.0,1
ENSG00000198393,1.1813084,0.7701153,GM12878,0.9098226,1.0,1
ENSG00000198393,1.1408873,0.7701153,GM12878,0.9109443,1.0,1
ENSG00000198399,1.2141448,1.0633334,GM12878,0.8148429,1.0,1
ENSG00000198399,1.1594224,1.0633334,GM12878,0.86713403,0.0034602077,1
ENSG00000198399,1.1803211,1.0633334,GM12878,0.79749155,0.4114053,1
ENSG00000198431,1.850388,2.1384606,GM12878,0.9062453,1.0,1
ENSG00000198431,1.8501911,2.1384606,GM12878,0.862122,0.65478665,1
ENSG00000198431,1.8450137,2.1384606,GM12878,0.5506641,0.0020149343,1
ENSG00000198431,1.8022637,2.1384606,GM12878,0.8836715,1.0,1
ENSG00000198431,1.8374538,2.1384606,GM12878,0.37019917,0.036704335,1
ENSG00000198522,1.3731054,1.8420473,GM12878,0.7764788,1.0,1
ENSG00000198586,1.6879786,1.3602146,GM12878,0.89996064,1.0,1
ENSG00000198586,1.6336706,1.3602146,GM12878,0.6712888,1.0,1
ENSG00000198586,1.7038934,1.3602146,GM12878,0.8587352,1.0,1
ENSG00000198586,1.7046249,1.3602146,GM12878,0.642769,1.0,1
ENSG00000198586,1.5986316,1.3602146,GM12878,0.86196834,0.00054347824,1
ENSG00000198586,1.658431,1.3602146,GM12878,0.7732942,0.0076086954,1
ENSG00000198612,1.4659747,1.7039788,GM12878,0.71856856,1.0,1
ENSG00000198612,1.4820572,1.7039788,GM12878,0.6694805,0.8845161,1
ENSG00000198648,0.2536684,-0.22914799,GM12878,0.86553144,1.0,1
ENSG00000198648,0.23928314,-0.22914799,GM12878,0.97812897,1.0,1
ENSG00000198648,0.3095965,-0.22914799,GM12878,0.9628114,1.0,1
ENSG00000198707,1.4005076,0.74350977,GM12878,0.9065177,1.0,1
ENSG00000198707,1.2946678,0.74350977,GM12878,0.89447325,0.9844358,1
ENSG00000198707,1.2363762,0.74350977,GM12878,0.864366,0.054474708,1
ENSG00000198855,0.88399,-0.11918641,GM12878,0.9153622,1.0,1
ENSG00000198885,1.2426277,0.350248,GM12878,0.8349135,1.0,1
ENSG00000198925,1.6032847,1.7627536,GM12878,0.893314,1.0,1
ENSG00000198925,1.5644133,1.7627536,GM12878,0.94272983,0.99839485,1
ENSG00000198925,1.524105,1.7627536,GM12878,0.86381555,0.45178765,1
ENSG00000198925,1.50873,1.7627536,GM12878,0.8904437,0.2883263,1
ENSG00000204099,-0.29690948,-0.82390875,GM12878,0.98386246,1.0,1
ENSG00000204104,0.9465502,0.2764618,GM12878,0.8172622,1.0,1
ENSG00000204120,1.4361919,1.4695275,GM12878,0.84864104,1.0,1
ENSG00000204120,1.4805782,1.4695275,GM12878,0.892923,1.0,1
ENSG00000204120,1.4188331,1.4695275,GM12878,0.5963071,0.9606481,1
ENSG00000204120,1.3878096,1.4695275,GM12878,0.8165712,0.04278075,1
ENSG00000204120,1.341564,1.4695275,GM12878,0.56499183,0.9054054,1
ENSG00000204120,1.4482485,1.4695275,GM12878,0.66712844,0.025917927,1
ENSG00000204217,1.0515817,0.65705585,GM12878,0.8991604,1.0,1
ENSG00000204217,1.0252455,0.65705585,GM12878,0.71971804,1.0,1
ENSG00000204311,1.343872,0.24303804,GM12878,0.9347981,1.0,1
ENSG00000204406,1.1580199,1.1900514,GM12878,0.8959418,1.0,1
ENSG00000204406,0.9629677,1.1900514,GM12878,0.9185653,1.0,1
ENSG00000204634,0.106975764,-0.0043648053,GM12878,0.98694104,1.0,1
ENSG00000204842,1.567942,1.4141374,GM12878,0.8949485,1.0,1
ENSG00000204842,1.6890749,1.4141374,GM12878,0.8703804,1.0,1
ENSG00000204842,1.6890749,1.4141374,GM12878,0.8703804,1.0,1
ENSG00000204842,1.7474201,1.4141374,GM12878,0.8343636,1.0,1
ENSG00000204842,1.7217207,1.4141374,GM12878,0.8270523,1.0,1
ENSG00000204842,1.692966,1.4141374,GM12878,0.73559135,1.0,1
ENSG00000204842,1.7096491,1.4141374,GM12878,0.76582974,0.0,1
ENSG00000204842,1.6358624,1.4141374,GM12878,0.7387659,0.030837005,1
ENSG00000204842,1.6805059,1.4141374,GM12878,0.8044018,0.8839779,1
ENSG00000204842,1.6680913,1.4141374,GM12878,0.83823705,0.2626728,1
ENSG00000204843,1.574944,1.4313638,GM12878,0.87615305,1.0,1
ENSG00000204843,1.6654898,1.4313638,GM12878,0.72782564,0.0,1
ENSG00000204852,0.85228014,0.9628427,GM12878,0.97210974,1.0,1
ENSG00000204852,0.90107226,0.9628427,GM12878,0.92444795,1.0,1
ENSG00000204852,0.92086136,0.9628427,GM12878,0.369239,0.04016064,1
ENSG00000204852,0.9514308,0.9628427,GM12878,0.8030623,0.9795082,1
ENSG00000204852,1.0270655,0.9628427,GM12878,0.5789213,0.096885815,1
ENSG00000204852,1.0206506,0.9628427,GM12878,0.79309386,0.018796992,1
ENSG00000204856,1.3608083,1.8397921,GM12878,0.62010086,1.0,1
ENSG00000204856,1.3608083,1.8397921,GM12878,0.62010086,1.0,1
ENSG00000204856,1.3782043,1.8397921,GM12878,0.8794923,1.0,1
ENSG00000204856,1.3078296,1.8397921,GM12878,0.94619894,1.0,1
ENSG00000204856,1.2645966,1.8397921,GM12878,0.85758173,0.9939551,1
ENSG00000204923,1.2964817,0.10720997,GM12878,0.7947723,1.0,1
ENSG00000204923,1.2791926,0.10720997,GM12878,0.67742854,1.0,1
ENSG00000204954,1.7017099,1.5497388,GM12878,0.8507609,1.0,1
ENSG00000204954,1.7766258,1.5497388,GM12878,0.7178011,0.018209409,1
ENSG00000205086,-0.3334257,-0.9586073,GM12878,0.97179204,1.0,1
ENSG00000205086,-0.4199053,-0.9586073,GM12878,0.97009796,1.0,1
ENSG00000205323,1.727964,2.1086664,GM12878,0.73621064,1.0,1
ENSG00000205323,1.7159563,2.1086664,GM12878,0.8817,0.97135794,1
ENSG00000205352,1.8505601,2.2241704,GM12878,0.8707551,1.0,1
ENSG00000205639,1.6172072,0.76417613,GM12878,0.89618856,1.0,1
ENSG00000205707,1.4930125,1.3527611,GM12878,0.92066777,1.0,1
ENSG00000205707,1.4930125,1.3527611,GM12878,0.92066777,1.0,1
ENSG00000205707,1.4400759,1.3527611,GM12878,0.90043855,0.0,1
ENSG00000205795,-0.17972118,-0.9586073,GM12878,0.98298603,1.0,1
ENSG00000211455,0.4542107,0.5888317,GM12878,0.907136,1.0,1
ENSG00000211460,1.5700508,1.9278321,GM12878,0.89044213,1.0,1
ENSG00000211460,1.5700508,1.9278321,GM12878,0.89044213,1.0,1
ENSG00000211460,1.6624185,1.9278321,GM12878,0.8447254,1.0,1
ENSG00000211460,1.6624185,1.9278321,GM12878,0.8447254,1.0,1
ENSG00000211460,1.6425307,1.9278321,GM12878,0.8802567,0.9965157,1
ENSG00000211584,1.4310116,1.0216027,GM12878,0.89229536,1.0,1
ENSG00000212127,1.1342272,0.24303804,GM12878,0.3498718,1.0,1
ENSG00000212127,1.0475343,0.24303804,GM12878,0.77370703,1.0,1
ENSG00000213160,1.473765,1.6390879,GM12878,0.92581856,1.0,1
ENSG00000213337,1.1993212,1.3562171,GM12878,0.9079386,1.0,1
ENSG00000213639,1.6671902,1.6006463,GM12878,0.8562624,1.0,1
ENSG00000213699,1.2908757,1.0523092,GM12878,0.8244094,1.0,1
ENSG00000213699,1.3790791,1.0523092,GM12878,0.840104,1.0,1
ENSG00000213699,1.3529255,1.0523092,GM12878,0.86634105,0.9528689,1
ENSG00000213699,1.4404356,1.0523092,GM12878,0.70597273,0.89855075,1
ENSG00000213699,1.360395,1.0523092,GM12878,0.95009327,0.9669052,1
ENSG00000213782,1.4579788,1.5390761,GM12878,0.66236234,1.0,1
ENSG00000213782,1.5291134,1.5390761,GM12878,0.49900278,0.98846036,1
ENSG00000213782,1.4937917,1.5390761,GM12878,0.8066086,0.99616724,1
ENSG00000213809,0.7641305,-0.7695511,GM12878,0.59284645,1.0,1
ENSG00000213809,0.37681714,-0.7695511,GM12878,0.9773816,1.0,1
ENSG00000213901,0.26423672,-0.3767507,GM12878,0.9119094,1.0,1
ENSG00000214595,0.4529341,-0.21467017,GM12878,0.9750065,1.0,1
ENSG00000214595,0.5169432,-0.21467017,GM12878,0.9791911,1.0,1
ENSG00000214595,0.61087686,-0.21467017,GM12878,0.971627,1.0,1
ENSG00000214595,0.5513233,-0.21467017,GM12878,0.9608605,1.0,1
ENSG00000215021,1.8905448,2.5502162,GM12878,0.8624796,1.0,1
ENSG00000215021,1.9713653,2.5502162,GM12878,0.83893144,1.0,1
ENSG00000215021,1.9792523,2.5502162,GM12878,0.8891494,1.0,1
ENSG00000215021,1.9300799,2.5502162,GM12878,0.8779033,1.0,1
ENSG00000215021,1.9727312,2.5502162,GM12878,0.8369084,1.0,1
ENSG00000218739,1.7511736,1.6078837,GM12878,0.8857302,1.0,1
ENSG00000219626,1.450693,0.48429984,GM12878,0.9028338,1.0,1
ENSG00000221823,1.5402788,1.0599419,GM12878,0.9123617,1.0,1
ENSG00000221823,1.5981452,1.0599419,GM12878,0.78854924,1.0,1
ENSG00000221823,1.5874876,1.0599419,GM12878,0.73799944,1.0,1
ENSG00000221823,1.6235142,1.0599419,GM12878,0.44834465,1.0,1
ENSG00000231672,-0.45791608,-0.9586073,GM12878,0.9850513,1.0,1
ENSG00000231887,0.75087357,0.48000693,GM12878,0.9095235,1.0,1
ENSG00000231887,0.74600494,0.48000693,GM12878,0.9106901,1.0,1
ENSG00000231887,0.37805992,0.48000693,GM12878,0.8545962,1.0,1
ENSG00000235162,-0.3309492,-0.26760623,GM12878,0.9858468,1.0,1
ENSG00000239305,0.75321436,0.553883,GM12878,0.9330156,1.0,1
ENSG00000239474,0.2218593,-0.7212464,GM12878,0.9168576,1.0,1
ENSG00000239779,0.94861394,1.2156376,GM12878,0.9468585,1.0,1
ENSG00000239779,0.8688575,1.2156376,GM12878,0.9316811,0.1745283,1
ENSG00000240344,1.8890043,1.7319914,GM12878,0.7259476,1.0,1
ENSG00000240344,1.8890043,1.7319914,GM12878,0.7259476,1.0,1
ENSG00000240344,1.8261907,1.7319914,GM12878,0.8045694,0.74934864,1
ENSG00000240344,1.907855,1.7319914,GM12878,0.34789026,0.0,1
ENSG00000240344,1.8872553,1.7319914,GM12878,0.5564717,0.7108597,1
ENSG00000240771,1.037357,1.0934217,GM12878,0.9309941,1.0,1
ENSG00000241119,-0.28118935,-0.9586073,GM12878,0.9538413,1.0,1
ENSG00000241962,0.825239,-0.43179828,GM12878,0.86517936,1.0,1
ENSG00000243244,0.43283415,0.025305865,GM12878,0.9701212,1.0,1
ENSG00000243667,1.637128,0.5428254,GM12878,0.72479075,1.0,1
ENSG00000243667,1.7040973,0.5428254,GM12878,0.69632417,1.0,1
ENSG00000243943,1.4968555,1.8286599,GM12878,0.8944203,1.0,1
ENSG00000243943,1.7235609,1.8286599,GM12878,0.7477753,0.0132,1
ENSG00000243943,1.6079153,1.8286599,GM12878,0.7775648,0.48008007,1
ENSG00000243943,1.639273,1.8286599,GM12878,0.9014598,0.98646265,1
ENSG00000247077,1.3308433,1.5903959,GM12878,0.94482374,1.0,1
ENSG00000250565,1.012801,0.90091306,GM12878,0.725847,1.0,1
ENSG00000251569,0.9871346,-0.24412514,GM12878,0.9389671,1.0,1
ENSG00000251569,0.99419355,-0.24412514,GM12878,0.5163069,1.0,1
ENSG00000251569,1.0639386,-0.24412514,GM12878,0.84066653,1.0,1
ENSG00000251569,1.0492141,-0.24412514,GM12878,0.93412304,1.0,1
ENSG00000256223,1.5162292,0.5843312,GM12878,0.88759583,1.0,1
ENSG00000256223,1.4390135,0.5843312,GM12878,0.9372628,1.0,1
ENSG00000256223,1.4714663,0.5843312,GM12878,0.8988152,1.0,1
ENSG00000256223,1.3635498,0.5843312,GM12878,0.8789544,1.0,1
ENSG00000257218,1.8144708,1.438384,GM12878,0.8922206,1.0,1
ENSG00000257218,1.8639458,1.438384,GM12878,0.37428007,0.18068764,1
ENSG00000257390,0.61481076,-0.55284196,GM12878,0.9813176,1.0,1
ENSG00000257390,0.7123741,-0.55284196,GM12878,0.9794281,1.0,1
ENSG00000257390,0.684813,-0.55284196,GM12878,0.9643232,1.0,1
ENSG00000257390,0.70486337,-0.55284196,GM12878,0.9858825,1.0,1
ENSG00000257727,1.6002313,2.1634,GM12878,0.9189381,1.0,1
ENSG00000257921,1.4321975,-0.13667715,GM12878,0.7554785,1.0,1
ENSG00000258311,1.4966094,0.096910015,GM12878,0.92916894,1.0,1
ENSG00000259075,1.5651779,-0.33724216,GM12878,0.7918612,1.0,1
