,PredExpr,ActualExpr,CellLine,PredPsi,ActualPsi,fold_idx
ENSG00000002016,1.006914,1.0107238,GM12878,0.8726501,1.0,1
ENSG00000002016,0.9727498,1.0107238,GM12878,0.84891206,1.0,1
ENSG00000002016,1.073311,1.0107238,GM12878,0.7653653,0.208,1
ENSG00000002016,0.95419365,1.0107238,GM12878,0.8955048,0.0,1
ENSG00000003056,1.3974602,1.9407157,GM12878,0.8363664,1.0,1
ENSG00000003056,1.3796189,1.9407157,GM12878,0.8642084,1.0,1
ENSG00000003056,1.315818,1.9407157,GM12878,0.87751395,1.0,1
ENSG00000003393,0.99840796,1.0102999,GM12878,0.86833286,1.0,1
ENSG00000003393,1.091674,1.0102999,GM12878,0.7866176,0.00589391,1
ENSG00000003400,1.3678567,1.224274,GM12878,0.9005999,0.929374,1
ENSG00000003400,1.4729925,1.224274,GM12878,0.9087029,0.88451445,1
ENSG00000003402,1.4472232,1.7873896,GM12878,0.880471,1.0,1
ENSG00000003402,1.2449384,1.7873896,GM12878,0.87169975,1.0,1
ENSG00000003402,1.4270633,1.7873896,GM12878,0.25219432,0.026152482,1
ENSG00000003436,1.323586,2.6872168,GM12878,0.9150673,1.0,1
ENSG00000003509,1.5541921,1.4595432,GM12878,0.85937196,1.0,1
ENSG00000003509,1.5225284,1.4595432,GM12878,0.85365516,0.9572501,1
ENSG00000004478,0.6339077,1.8022262,GM12878,0.9815445,1.0,1
ENSG00000004700,1.1114154,1.2805784,GM12878,0.9066854,1.0,1
ENSG00000005175,1.4027922,1.506505,GM12878,0.871195,1.0,1
ENSG00000005175,1.4030992,1.506505,GM12878,0.9001909,1.0,1
ENSG00000005175,1.4981248,1.506505,GM12878,0.8673555,1.0,1
ENSG00000005175,1.4882312,1.506505,GM12878,0.9238139,0.75994515,1
ENSG00000005175,1.4186783,1.506505,GM12878,0.926464,0.41775545,1
ENSG00000005436,1.1159338,1.3756636,GM12878,0.92524225,1.0,1
ENSG00000005436,1.1159338,1.3756636,GM12878,0.92524225,1.0,1
ENSG00000005436,1.066776,1.3756636,GM12878,0.8960287,0.6383266,1
ENSG00000005436,1.04969,1.3756636,GM12878,0.9010701,1.0,1
ENSG00000005448,0.26988494,1.0976043,GM12878,0.9911815,1.0,1
ENSG00000005448,0.25836736,1.0976043,GM12878,0.9612867,0.98672116,1
ENSG00000006607,0.9122172,1.3558345,GM12878,0.8320637,1.0,1
ENSG00000006607,0.84228057,1.3558345,GM12878,0.9001937,1.0,1
ENSG00000006607,0.84260887,1.3558345,GM12878,0.92080075,1.0,1
ENSG00000006831,1.3906335,1.6070259,GM12878,0.91053885,1.0,1
ENSG00000006831,1.3864443,1.6070259,GM12878,0.8609058,1.0,1
ENSG00000008323,0.19451807,-0.4685211,GM12878,0.9951933,1.0,1
ENSG00000008323,0.16841953,-0.4685211,GM12878,0.9958092,1.0,1
ENSG00000008394,0.9826286,1.8624295,GM12878,0.9400442,1.0,1
ENSG00000008394,1.0090821,1.8624295,GM12878,0.94925755,0.9928535,1
ENSG00000008394,0.9514866,1.8624295,GM12878,0.9229804,0.002157756,1
ENSG00000008405,1.2229455,1.4427933,GM12878,0.86828154,1.0,1
ENSG00000008869,1.1418773,1.2008505,GM12878,0.82976884,1.0,1
ENSG00000008869,1.1778905,1.2008505,GM12878,0.91995615,1.0,1
ENSG00000008869,1.1555271,1.2008505,GM12878,0.8900798,1.0,1
ENSG00000010219,0.71109104,1.3230457,GM12878,0.9612037,1.0,1
ENSG00000010219,0.78586656,1.3230457,GM12878,0.89698076,0.037339557,1
ENSG00000010278,0.08322595,0.84633714,GM12878,0.9923151,1.0,1
ENSG00000010278,0.09898417,0.84633714,GM12878,0.9845153,0.14880952,1
ENSG00000010292,1.5480535,1.8221027,GM12878,0.94192964,1.0,1
ENSG00000010292,1.4936216,1.8221027,GM12878,0.9088994,1.0,1
ENSG00000010292,1.5226662,1.8221027,GM12878,0.89414376,1.0,1
ENSG00000010292,1.6445423,1.8221027,GM12878,0.8731182,0.75792295,1
ENSG00000010626,1.1368742,0.7671559,GM12878,0.94608456,1.0,1
ENSG00000010626,1.135311,0.7671559,GM12878,0.95982987,1.0,1
ENSG00000011523,1.0694166,0.7888751,GM12878,0.8968496,1.0,1
ENSG00000011523,1.0581307,0.7888751,GM12878,0.92646545,0.095108695,1
ENSG00000011566,1.1379498,1.129045,GM12878,0.85612017,1.0,1
ENSG00000011566,1.2460839,1.129045,GM12878,0.89073396,1.0,1
ENSG00000011566,1.1483425,1.129045,GM12878,0.8983471,1.0,1
ENSG00000011566,1.1206523,1.129045,GM12878,0.9266723,1.0,1
ENSG00000012822,1.0474086,1.4377506,GM12878,0.9551965,1.0,1
ENSG00000012822,1.0719076,1.4377506,GM12878,0.9388841,0.9685535,1
ENSG00000013016,-0.6740676,-0.92081875,GM12878,0.99783367,1.0,1
ENSG00000013441,1.2390044,1.877947,GM12878,0.93073857,1.0,1
ENSG00000013441,1.2399127,1.877947,GM12878,0.93999064,1.0,1
ENSG00000013441,1.3439348,1.877947,GM12878,0.92569536,0.34098136,1
ENSG00000013503,1.135737,0.9020029,GM12878,0.5446157,1.0,1
ENSG00000013503,1.0622182,0.9020029,GM12878,0.94046336,1.0,1
ENSG00000013503,1.032744,0.9020029,GM12878,0.819475,1.0,1
ENSG00000013573,0.88642955,1.6029277,GM12878,0.9213736,0.9442283,1
ENSG00000013573,0.8522223,1.6029277,GM12878,0.89678794,0.8894231,1
ENSG00000013588,-0.3044579,-0.69897,GM12878,0.9978192,1.0,1
ENSG00000014641,0.975122,2.5179346,GM12878,0.90705276,1.0,1
ENSG00000014641,0.9603384,2.5179346,GM12878,0.9337299,0.99506503,1
ENSG00000015153,0.85185957,1.2342641,GM12878,0.74339473,0.0,1
ENSG00000015153,0.86600393,1.2342641,GM12878,0.8067883,0.20512821,1
ENSG00000015153,0.84437287,1.2342641,GM12878,0.9022087,0.18585859,1
ENSG00000015153,0.8043558,1.2342641,GM12878,0.9331493,0.34181508,1
ENSG00000015153,0.84437287,1.2342641,GM12878,0.9022087,0.0,1
ENSG00000015568,1.0385343,0.30535138,GM12878,0.9786564,1.0,1
ENSG00000017427,0.013274938,0.5301997,GM12878,0.9782672,1.0,1
ENSG00000017427,0.013274938,0.5301997,GM12878,0.9782672,1.0,1
ENSG00000018280,-0.22956713,-0.25181198,GM12878,0.9925565,1.0,1
ENSG00000018510,1.1254652,1.5725231,GM12878,0.90932393,1.0,1
ENSG00000018510,1.1476709,1.5725231,GM12878,0.7400987,1.0,1
ENSG00000018510,1.0809782,1.5725231,GM12878,0.8996737,1.0,1
ENSG00000018510,1.1860784,1.5725231,GM12878,0.79566985,1.0,1
ENSG00000018510,1.1457672,1.5725231,GM12878,0.90258825,1.0,1
ENSG00000018510,1.1454273,1.5725231,GM12878,0.842374,1.0,1
ENSG00000018699,1.2140328,1.6684791,GM12878,0.88863635,1.0,1
ENSG00000021574,1.1314708,1.024075,GM12878,0.932263,1.0,1
ENSG00000021574,1.1802609,1.024075,GM12878,0.95053893,1.0,1
ENSG00000021574,1.1341243,1.024075,GM12878,0.92960614,1.0,1
ENSG00000021574,1.0463014,1.024075,GM12878,0.89714223,1.0,1
ENSG00000021826,-0.09106152,0.9973864,GM12878,0.9898527,1.0,1
ENSG00000022840,1.1975951,1.8890775,GM12878,0.9282762,1.0,1
ENSG00000022840,1.2160757,1.8890775,GM12878,0.85494906,1.0,1
ENSG00000022840,1.2384725,1.8890775,GM12878,0.9317002,1.0,1
ENSG00000022840,1.2252195,1.8890775,GM12878,0.84118104,1.0,1
ENSG00000022840,1.2578439,1.8890775,GM12878,0.9190892,1.0,1
ENSG00000023228,1.2398951,1.9354569,GM12878,0.93700486,1.0,1
ENSG00000023228,1.0908418,1.9354569,GM12878,0.912724,0.66994554,1
ENSG00000023228,1.0535493,1.9354569,GM12878,0.9350462,0.88380915,1
ENSG00000023697,0.3277899,0.5888317,GM12878,0.9034239,1.0,1
ENSG00000023734,1.2768378,1.9306434,GM12878,0.9181138,1.0,1
ENSG00000023734,1.3150989,1.9306434,GM12878,0.9194721,0.0023739957,1
ENSG00000023734,1.2131581,1.9306434,GM12878,0.93606436,0.9822006,1
ENSG00000028116,1.3553681,1.4935975,GM12878,0.8737589,1.0,1
ENSG00000028116,1.3763639,1.4935975,GM12878,0.76027113,1.0,1
ENSG00000028116,1.4457432,1.4935975,GM12878,0.7930703,1.0,1
ENSG00000028116,1.2903147,1.4935975,GM12878,0.9092101,1.0,1
ENSG00000028116,1.4206908,1.4935975,GM12878,0.14732267,0.0,1
ENSG00000028116,1.4485201,1.4935975,GM12878,0.14955495,0.0,1
ENSG00000028116,1.3479868,1.4935975,GM12878,0.68755776,0.06367535,1
ENSG00000028116,1.391684,1.4935975,GM12878,0.81014913,0.88485646,1
ENSG00000028116,1.421947,1.4935975,GM12878,0.33348992,0.045859452,1
ENSG00000028203,1.1376686,1.6555226,GM12878,0.93713975,1.0,1
ENSG00000028203,1.1724811,1.6555226,GM12878,0.64043796,0.8412138,1
ENSG00000028203,1.1108186,1.6555226,GM12878,0.83954453,0.7894737,1
ENSG00000028203,1.1149876,1.6555226,GM12878,0.8122754,0.948542,1
ENSG00000028203,0.9644886,1.6555226,GM12878,0.94026434,0.35714287,1
ENSG00000028203,0.99187106,1.6555226,GM12878,0.89648354,0.0,1
ENSG00000029153,-0.5475781,-0.22914799,GM12878,0.9981462,1.0,1
ENSG00000032389,0.9623216,1.6226285,GM12878,0.9443879,1.0,1
ENSG00000033030,1.3746185,1.3785796,GM12878,0.9199161,1.0,1
ENSG00000033030,1.3232169,1.3785796,GM12878,0.93204033,0.9973082,1
ENSG00000034510,1.1246663,2.497952,GM12878,0.9591875,1.0,1
ENSG00000035115,-0.23150964,0.811575,GM12878,0.98208743,1.0,1
ENSG00000035115,-0.21328346,0.811575,GM12878,0.95250624,0.6007905,1
ENSG00000035115,-0.25299168,0.811575,GM12878,0.99471235,1.0,1
ENSG00000035115,-0.19470966,0.811575,GM12878,0.961011,0.0042735045,1
ENSG00000035115,-0.2176147,0.811575,GM12878,0.9842169,0.27142859,1
ENSG00000035141,1.0456042,1.8196098,GM12878,0.91558826,1.0,1
ENSG00000035141,1.0048094,1.8196098,GM12878,0.9149443,1.0,1
ENSG00000035141,0.95018405,1.8196098,GM12878,0.8805471,0.0066541545,1
ENSG00000036257,1.1003065,1.4462264,GM12878,0.85887235,1.0,1
ENSG00000037897,1.5184168,1.5247854,GM12878,0.93874454,1.0,1
ENSG00000037897,1.4299178,1.5247854,GM12878,0.9111987,1.0,1
ENSG00000037897,1.3980231,1.5247854,GM12878,0.9393083,0.23014441,1
ENSG00000040933,0.81113786,1.0366288,GM12878,0.94818383,1.0,1
ENSG00000040933,0.871734,1.0366288,GM12878,0.36366698,0.10675381,1
ENSG00000042445,1.413698,1.1417632,GM12878,0.9292268,1.0,1
ENSG00000042445,1.1835467,1.1417632,GM12878,0.94281757,1.0,1
ENSG00000042445,1.3510432,1.1417632,GM12878,0.9443333,0.6638585,1
ENSG00000042445,1.2151958,1.1417632,GM12878,0.95232034,0.99119496,1
ENSG00000042493,0.9448839,1.725585,GM12878,0.78531957,1.0,1
ENSG00000047621,1.2512374,1.0417873,GM12878,0.8693415,1.0,1
ENSG00000047621,1.162503,1.0417873,GM12878,0.8756676,1.0,1
ENSG00000047621,1.2600067,1.0417873,GM12878,0.86568516,1.0,1
ENSG00000048991,1.4595976,1.7825443,GM12878,0.7839866,1.0,1
ENSG00000048991,1.2652919,1.7825443,GM12878,0.8931505,1.0,1
ENSG00000048991,1.2296551,1.7825443,GM12878,0.9121431,0.9871293,1
ENSG00000048991,1.2387058,1.7825443,GM12878,0.7391098,0.027957622,1
ENSG00000049323,-0.07274417,1.04883,GM12878,0.9802341,1.0,1
ENSG00000049323,-0.15982541,1.04883,GM12878,0.98844725,1.0,1
ENSG00000050405,1.000073,1.3907585,GM12878,0.89112556,1.0,1
ENSG00000050405,1.0932755,1.3907585,GM12878,0.45377627,0.0,1
ENSG00000050426,1.3211846,2.1715217,GM12878,0.87882453,1.0,1
ENSG00000050426,1.3773326,2.1715217,GM12878,0.9238792,1.0,1
ENSG00000050426,1.449064,2.1715217,GM12878,0.8818312,1.0,1
ENSG00000050426,1.3273433,2.1715217,GM12878,0.90285915,0.8888889,1
ENSG00000050426,1.3109187,2.1715217,GM12878,0.93356967,0.92021114,1
ENSG00000050426,1.3109187,2.1715217,GM12878,0.93356967,0.063182525,1
ENSG00000050426,1.3048117,2.1715217,GM12878,0.92506367,0.07553957,1
ENSG00000050426,1.3066854,2.1715217,GM12878,0.8950602,0.9354232,1
ENSG00000050438,-0.30178207,-0.33724216,GM12878,0.99372137,1.0,1
ENSG00000051825,1.4240637,1.6564815,GM12878,0.85598165,1.0,1
ENSG00000051825,1.4155309,1.6564815,GM12878,0.84663427,0.26948357,1
ENSG00000055044,1.3052506,2.0313277,GM12878,0.92852634,1.0,1
ENSG00000055044,1.3245502,2.0313277,GM12878,0.8923918,0.032931123,1
ENSG00000055332,1.0839274,0.9934362,GM12878,0.9233371,1.0,1
ENSG00000055332,0.9079228,0.9934362,GM12878,0.9499138,1.0,1
ENSG00000055332,0.9167076,0.9934362,GM12878,0.89983577,0.69730943,1
ENSG00000055917,1.4462856,1.6688516,GM12878,0.90542394,1.0,1
ENSG00000055917,1.3922592,1.6688516,GM12878,0.8951745,1.0,1
ENSG00000055917,1.3019142,1.6688516,GM12878,0.82972705,1.0,1
ENSG00000055917,1.3334217,1.6688516,GM12878,0.8765101,0.8681767,1
ENSG00000055917,1.387975,1.6688516,GM12878,0.88939166,0.90764415,1
ENSG00000055917,1.3614688,1.6688516,GM12878,0.7564915,0.14331445,1
ENSG00000057935,0.9795334,1.4459155,GM12878,0.914201,1.0,1
ENSG00000058272,1.1278082,1.5872618,GM12878,0.9001773,1.0,1
ENSG00000058272,1.3508419,1.5872618,GM12878,0.41689965,0.0,1
ENSG00000058272,1.1247276,1.5872618,GM12878,0.9016309,1.0,1
ENSG00000058272,1.1612611,1.5872618,GM12878,0.91,0.9219089,1
ENSG00000058272,1.173766,1.5872618,GM12878,0.9229887,0.48738533,1
ENSG00000059728,0.8859271,1.3909351,GM12878,0.9100041,1.0,1
ENSG00000059728,0.8625919,1.3909351,GM12878,0.95062953,1.0,1
ENSG00000059728,0.8957038,1.3909351,GM12878,0.70414543,0.9619565,1
ENSG00000059758,1.0270028,1.2033049,GM12878,0.89677393,1.0,1
ENSG00000059758,1.1171054,1.2033049,GM12878,0.9115473,0.98778194,1
ENSG00000059804,1.3215628,2.4926348,GM12878,0.9186749,1.0,1
ENSG00000060138,0.80016446,1.5975856,GM12878,0.9294917,1.0,1
ENSG00000060138,0.716721,1.5975856,GM12878,0.92927426,1.0,1
ENSG00000060138,0.70826113,1.5975856,GM12878,0.9049027,0.59007204,1
ENSG00000060138,0.8572449,1.5975856,GM12878,0.6211543,0.0,1
ENSG00000060140,0.8381758,-0.4436975,GM12878,0.84659785,1.0,1
ENSG00000060237,1.0641847,1.378398,GM12878,0.9289001,1.0,1
ENSG00000060237,0.81977355,1.378398,GM12878,0.92950875,0.0,1
ENSG00000060237,1.0500624,1.378398,GM12878,0.7289192,0.0,1
ENSG00000060982,1.5617034,1.6651118,GM12878,0.90653276,1.0,1
ENSG00000060982,1.5201278,1.6651118,GM12878,0.9144896,0.9716636,1
ENSG00000060982,1.4816768,1.6651118,GM12878,0.8972675,0.9990838,1
ENSG00000061273,1.1367512,1.4109459,GM12878,0.96039385,1.0,1
ENSG00000061273,1.0408244,1.4109459,GM12878,0.9393248,1.0,1
ENSG00000061273,1.1228312,1.4109459,GM12878,0.94686365,0.0,1
ENSG00000061273,1.1876109,1.4109459,GM12878,0.9545184,0.42357275,1
ENSG00000061273,1.114563,1.4109459,GM12878,0.7996753,1.0,1
ENSG00000061676,1.0968406,2.0211065,GM12878,0.85812306,1.0,1
ENSG00000061936,1.5576553,1.2929204,GM12878,0.92138565,1.0,1
ENSG00000061936,1.5978264,1.2929204,GM12878,0.875547,1.0,1
ENSG00000061936,1.5233676,1.2929204,GM12878,0.9225217,1.0,1
ENSG00000061936,1.5180875,1.2929204,GM12878,0.8391908,0.014285714,1
ENSG00000061987,1.0064135,1.2079035,GM12878,0.89767265,1.0,1
ENSG00000061987,1.0531301,1.2079035,GM12878,0.9360255,1.0,1
ENSG00000061987,1.207435,1.2079035,GM12878,0.49185959,0.12878788,1
ENSG00000061987,1.1809887,1.2079035,GM12878,0.7551042,0.0,1
ENSG00000062485,1.5038097,2.056333,GM12878,0.55652475,1.0,1
ENSG00000062485,1.5038097,2.056333,GM12878,0.55652475,1.0,1
ENSG00000062485,1.4340415,2.056333,GM12878,0.7821215,0.0,1
ENSG00000062485,1.4042552,2.056333,GM12878,0.8486174,0.016642628,1
ENSG00000063046,1.4529368,2.591098,GM12878,0.8970176,1.0,1
ENSG00000063046,1.4919941,2.591098,GM12878,0.93437034,1.0,1
ENSG00000063046,1.4970443,2.591098,GM12878,0.90301985,0.9991147,1
ENSG00000063046,1.5532576,2.591098,GM12878,0.9155764,0.7175943,1
ENSG00000063660,0.38083696,-0.5850267,GM12878,0.977289,1.0,1
ENSG00000063660,0.44158524,-0.5850267,GM12878,0.98485684,1.0,1
ENSG00000064012,1.1276083,1.1000258,GM12878,0.6974966,1.0,1
ENSG00000064012,1.0585952,1.1000258,GM12878,0.9335367,0.0,1
ENSG00000064012,1.1696922,1.1000258,GM12878,0.9080274,0.36689654,1
ENSG00000064012,0.98707193,1.1000258,GM12878,0.8995071,0.9888476,1
ENSG00000064102,1.2437004,1.7070589,GM12878,0.9126437,1.0,1
ENSG00000064102,1.300397,1.7070589,GM12878,0.91454315,1.0,1
ENSG00000064102,1.1987681,1.7070589,GM12878,0.9058948,1.0,1
ENSG00000064115,0.8664112,1.8372726,GM12878,0.91849506,1.0,1
ENSG00000064763,0.7671226,0.920645,GM12878,0.9548653,1.0,1
ENSG00000064933,1.000424,1.227115,GM12878,0.9394797,1.0,1
ENSG00000064933,1.0011077,1.227115,GM12878,0.8519494,1.0,1
ENSG00000064933,1.1880603,1.227115,GM12878,0.93790674,1.0,1
ENSG00000064933,1.0060785,1.227115,GM12878,0.91501814,0.9388275,1
ENSG00000064933,1.0165589,1.227115,GM12878,0.84239465,0.9592183,1
ENSG00000064933,1.0017501,1.227115,GM12878,0.9103656,0.0027777778,1
ENSG00000064933,0.91729414,1.227115,GM12878,0.904548,0.595217,1
ENSG00000064989,-0.07988186,-0.92081875,GM12878,0.97818756,1.0,1
ENSG00000065357,0.8410759,0.81954396,GM12878,0.9524486,0.8831169,1
ENSG00000065548,1.1925226,2.1490343,GM12878,0.8969654,1.0,1
ENSG00000065548,1.2540035,2.1490343,GM12878,0.8412972,1.0,1
ENSG00000065548,1.1747227,2.1490343,GM12878,0.8986192,1.0,1
ENSG00000065548,1.2425556,2.1490343,GM12878,0.9077424,1.0,1
ENSG00000065548,1.2184312,2.1490343,GM12878,0.878166,0.27601242,1
ENSG00000065802,1.4320779,1.3005955,GM12878,0.91109437,1.0,1
ENSG00000065911,1.8519266,2.3176246,GM12878,0.88947964,1.0,1
ENSG00000065911,1.81231,2.3176246,GM12878,0.90117854,0.15467583,1
ENSG00000065911,1.8587508,2.3176246,GM12878,0.8952279,0.99922943,1
ENSG00000065970,1.4086485,0.35793483,GM12878,0.9444948,1.0,1
ENSG00000066084,1.1066735,1.2650537,GM12878,0.9421022,1.0,1
ENSG00000066117,1.2269514,1.6785184,GM12878,0.932436,1.0,1
ENSG00000066117,1.2191839,1.6785184,GM12878,0.9048078,1.0,1
ENSG00000066117,1.2191839,1.6785184,GM12878,0.9048078,1.0,1
ENSG00000066117,1.1552082,1.6785184,GM12878,0.9404836,0.44461077,1
ENSG00000067066,1.1362772,1.4056878,GM12878,0.92482924,1.0,1
ENSG00000067066,1.1480525,1.4056878,GM12878,0.91141844,0.8678011,1
ENSG00000067066,1.2460165,1.4056878,GM12878,0.86100507,0.009708738,1
ENSG00000067066,1.1781651,1.4056878,GM12878,0.80201113,0.8682635,1
ENSG00000067182,1.2120249,1.351603,GM12878,0.852484,1.0,1
ENSG00000067182,1.2458946,1.351603,GM12878,0.94160646,0.9922929,1
ENSG00000067182,1.1784045,1.351603,GM12878,0.9120715,0.99613154,1
ENSG00000068024,0.98289585,0.48429984,GM12878,0.9330566,1.0,1
ENSG00000068654,1.2972845,0.9454686,GM12878,0.93042636,1.0,1
ENSG00000068697,1.3697093,2.0860393,GM12878,0.89629436,1.0,1
ENSG00000068697,1.3633908,2.0860393,GM12878,0.89809877,1.0,1
ENSG00000068724,1.1404133,0.81491315,GM12878,0.89477694,1.0,1
ENSG00000068724,1.1607623,0.81491315,GM12878,0.25477135,0.018796992,1
ENSG00000068724,1.1119186,0.81491315,GM12878,0.845702,0.065789476,1
ENSG00000068724,1.1499294,0.81491315,GM12878,0.8873681,0.9868914,1
ENSG00000068724,1.1295005,0.81491315,GM12878,0.92909,0.9580537,1
ENSG00000068724,1.1510483,0.81491315,GM12878,0.86873466,0.0,1
ENSG00000068784,1.5232447,0.94101423,GM12878,0.8912256,1.0,1
ENSG00000068878,1.210288,1.7384634,GM12878,0.744834,1.0,1
ENSG00000068878,1.0665443,1.7384634,GM12878,0.91230154,0.639196,1
ENSG00000068878,1.3093741,1.7384634,GM12878,0.89265764,0.9855346,1
ENSG00000068912,1.1860468,1.462398,GM12878,0.7288712,1.0,1
ENSG00000068912,1.0750355,1.462398,GM12878,0.86226684,0.8584008,1
ENSG00000069493,0.28842175,0.64836,GM12878,0.9786162,1.0,1
ENSG00000069493,0.35639864,0.64836,GM12878,0.9287808,0.87815124,1
ENSG00000069493,0.40796304,0.64836,GM12878,0.970525,0.44295302,1
ENSG00000070018,1.1112888,0.89376175,GM12878,0.8360959,1.0,1
ENSG00000070019,-0.23832561,-0.92081875,GM12878,0.98592305,1.0,1
ENSG00000070019,-0.25819713,-0.92081875,GM12878,0.98099613,1.0,1
ENSG00000070019,-0.34479064,-0.92081875,GM12878,0.9880376,1.0,1
ENSG00000070019,-0.28125197,-0.92081875,GM12878,0.98799336,1.0,1
ENSG00000070961,1.0082121,1.1994809,GM12878,0.9192237,1.0,1
ENSG00000070961,1.0489812,1.1994809,GM12878,0.6884272,1.0,1
ENSG00000070961,1.0100014,1.1994809,GM12878,0.90700626,1.0,1
ENSG00000070961,1.1270627,1.1994809,GM12878,0.9172498,0.97525775,1
ENSG00000071051,0.6732454,0.57054293,GM12878,0.96106625,1.0,1
ENSG00000071051,0.6878364,0.57054293,GM12878,0.94796836,0.5444015,1
ENSG00000071054,1.1493833,1.5724069,GM12878,0.95269847,1.0,1
ENSG00000071054,1.1034938,1.5724069,GM12878,0.92331654,0.41871583,1
ENSG00000071054,1.2897339,1.5724069,GM12878,0.27093005,0.58128417,1
ENSG00000071054,1.0992882,1.5724069,GM12878,0.9547242,0.38251367,1
ENSG00000071073,-0.14244802,-0.60206,GM12878,0.9805438,1.0,1
ENSG00000071073,-0.06910744,-0.60206,GM12878,0.9866681,1.0,1
ENSG00000071073,-0.077176854,-0.60206,GM12878,0.96487546,1.0,1
ENSG00000071073,-0.06959157,-0.60206,GM12878,0.98097163,1.0,1
ENSG00000071073,-0.07576428,-0.60206,GM12878,0.9883454,1.0,1
ENSG00000071575,0.8217618,1.2995073,GM12878,0.9120604,1.0,1
ENSG00000071909,-0.12293701,0.21484385,GM12878,0.98102874,1.0,1
ENSG00000071967,1.1108222,1.2600714,GM12878,0.95182025,1.0,1
ENSG00000071967,1.1781178,1.2600714,GM12878,0.85285056,1.0,1
ENSG00000071967,1.1781178,1.2600714,GM12878,0.85285056,1.0,1
ENSG00000071967,1.1108222,1.2600714,GM12878,0.95182025,0.95373666,1
ENSG00000072135,1.3526547,1.6394864,GM12878,0.877599,1.0,1
ENSG00000072135,1.350482,1.6394864,GM12878,0.92868835,1.0,1
ENSG00000072135,1.2202427,1.6394864,GM12878,0.9422344,1.0,1
ENSG00000072609,0.9417839,1.4173056,GM12878,0.92743564,1.0,1
ENSG00000072609,0.969992,1.4173056,GM12878,0.89048904,1.0,1
ENSG00000072609,1.0616927,1.4173056,GM12878,0.20342846,0.067885116,1
ENSG00000072609,0.9841099,1.4173056,GM12878,0.93336076,0.51428574,1
ENSG00000072609,0.958897,1.4173056,GM12878,0.94895095,0.41571194,1
ENSG00000072609,1.1287265,1.4173056,GM12878,0.7878328,0.5989933,1
ENSG00000073060,1.2608521,1.9950645,GM12878,0.9342718,1.0,1
ENSG00000073060,1.2911377,1.9950645,GM12878,0.8628075,0.6875557,1
ENSG00000073060,1.2632732,1.9950645,GM12878,0.7522544,0.02337278,1
ENSG00000073614,1.2840792,1.0043213,GM12878,0.91293937,1.0,1
ENSG00000073614,1.3753577,1.0043213,GM12878,0.83288276,1.0,1
ENSG00000073614,1.3369772,1.0043213,GM12878,0.8157371,0.07196402,1
ENSG00000074054,1.2941709,0.8756399,GM12878,0.9356799,1.0,1
ENSG00000074054,1.3322134,0.8756399,GM12878,0.93935275,1.0,1
ENSG00000074054,1.2651896,0.8756399,GM12878,0.92644453,1.0,1
ENSG00000074582,1.0976775,1.6382896,GM12878,0.78868836,1.0,1
ENSG00000074582,1.2106203,1.6382896,GM12878,0.9491693,0.04265403,1
ENSG00000074582,1.0900887,1.6382896,GM12878,0.9455181,0.012707722,1
ENSG00000074582,1.1466575,1.6382896,GM12878,0.948413,0.039923955,1
ENSG00000075089,1.152535,1.8997658,GM12878,0.9082696,1.0,1
ENSG00000075089,1.0616139,1.8997658,GM12878,0.94614106,0.9995011,1
ENSG00000075188,1.3862226,2.2130394,GM12878,0.7788924,1.0,1
ENSG00000075188,1.3996369,2.2130394,GM12878,0.7897326,0.026617851,1
ENSG00000075292,1.2791023,1.8391637,GM12878,0.91376716,1.0,1
ENSG00000075292,1.308481,1.8391637,GM12878,0.9141596,0.9626697,1
ENSG00000075415,1.3206365,2.5069783,GM12878,0.94344085,1.0,1
ENSG00000075426,0.68026483,-0.34678748,GM12878,0.9592487,1.0,1
ENSG00000075426,0.73079026,-0.34678748,GM12878,0.947444,1.0,1
ENSG00000075856,1.4785423,1.4109459,GM12878,0.85025734,1.0,1
ENSG00000075856,1.3908104,1.4109459,GM12878,0.8479654,0.9958042,1
ENSG00000075856,1.5565253,1.4109459,GM12878,0.90067935,0.025874127,1
ENSG00000075884,0.14866248,-0.013228266,GM12878,0.9819682,1.0,1
ENSG00000076003,1.2122601,1.9534214,GM12878,0.9201928,1.0,1
ENSG00000076003,1.2231913,1.9534214,GM12878,0.9342722,1.0,1
ENSG00000076067,0.45957887,0.12057393,GM12878,0.9750217,1.0,1
ENSG00000076108,0.9373832,1.8205298,GM12878,0.945359,1.0,1
ENSG00000076108,0.90200585,1.8205298,GM12878,0.9168473,1.0,1
ENSG00000076108,0.8026873,1.8205298,GM12878,0.9053791,0.15889744,1
ENSG00000076248,0.81876457,1.2966652,GM12878,0.95799404,1.0,1
ENSG00000076248,0.78210324,1.2966652,GM12878,0.9557944,0.99693567,1
ENSG00000076513,1.2326968,1.5936183,GM12878,0.9261248,1.0,1
ENSG00000076513,1.2326968,1.5936183,GM12878,0.9261248,1.0,1
ENSG00000076513,1.1993883,1.5936183,GM12878,0.87692356,1.0,1
ENSG00000076513,1.3220885,1.5936183,GM12878,0.8951223,1.0,1
ENSG00000076513,1.1644223,1.5936183,GM12878,0.94148946,0.986946,1
ENSG00000077044,0.39668447,1.1964525,GM12878,0.97407216,1.0,1
ENSG00000077044,0.41805464,1.1964525,GM12878,0.9684903,0.01369863,1
ENSG00000077232,1.3482999,1.5851222,GM12878,0.7128356,1.0,1
ENSG00000077232,1.3854483,1.5851222,GM12878,0.8826973,1.0,1
ENSG00000077232,1.4421456,1.5851222,GM12878,0.30111146,0.9609848,1
ENSG00000077232,1.3875428,1.5851222,GM12878,0.82850283,0.014757281,1
ENSG00000077232,1.4133456,1.5851222,GM12878,0.80062497,0.03846154,1
ENSG00000077232,1.4296091,1.5851222,GM12878,0.8672202,0.08199643,1
ENSG00000077380,1.3722796,2.136467,GM12878,0.8894498,1.0,1
ENSG00000077380,1.3718171,2.136467,GM12878,0.29281214,0.0,1
ENSG00000077380,1.36727,2.136467,GM12878,0.8189071,0.0011638433,1
ENSG00000078237,0.30382252,-0.52287877,GM12878,0.93811506,1.0,1
ENSG00000078246,1.2289629,0.98587537,GM12878,0.9383692,1.0,1
ENSG00000078246,1.2822585,0.98587537,GM12878,0.9221834,0.9167604,1
ENSG00000078246,1.3000817,0.98587537,GM12878,0.9269312,0.9943757,1
ENSG00000078246,1.2328509,0.98587537,GM12878,0.9311637,0.9223847,1
ENSG00000078246,1.2801325,0.98587537,GM12878,0.9313795,0.9943757,1
ENSG00000079150,1.114284,1.154424,GM12878,0.9127649,1.0,1
ENSG00000079150,1.1168143,1.154424,GM12878,0.92704195,0.83908045,1
ENSG00000079150,1.0620283,1.154424,GM12878,0.9187076,0.23958333,1
ENSG00000079150,1.114284,1.154424,GM12878,0.9127649,0.38020834,1
ENSG00000079156,0.71024656,1.1510632,GM12878,0.9428256,1.0,1
ENSG00000079246,1.1630795,2.570823,GM12878,0.90105855,1.0,1
ENSG00000079246,1.1000204,2.570823,GM12878,0.9400435,1.0,1
ENSG00000079337,0.666992,-0.34678748,GM12878,0.956172,1.0,1
ENSG00000079337,0.66093785,-0.34678748,GM12878,0.9648616,1.0,1
ENSG00000079387,1.3026268,1.6055205,GM12878,0.6257219,1.0,1
ENSG00000079387,1.4621204,1.6055205,GM12878,0.9157322,0.29693994,1
ENSG00000079785,1.6098809,2.186589,GM12878,0.79992527,1.0,1
ENSG00000080345,1.3774257,1.4865721,GM12878,0.89639664,1.0,1
ENSG00000080345,1.2782334,1.4865721,GM12878,0.7968204,1.0,1
ENSG00000080345,1.3109453,1.4865721,GM12878,0.92396843,1.0,1
ENSG00000080345,1.3057575,1.4865721,GM12878,0.8657782,0.20479302,1
ENSG00000080345,1.4635477,1.4865721,GM12878,0.8265953,0.6510773,1
ENSG00000080371,1.1607325,0.9375179,GM12878,0.83512497,1.0,1
ENSG00000080371,1.3054069,0.9375179,GM12878,0.8259113,1.0,1
ENSG00000080371,1.2569202,0.9375179,GM12878,0.90067106,1.0,1
ENSG00000081320,1.1248944,0.9375179,GM12878,0.7842472,1.0,1
ENSG00000081320,1.0614986,0.9375179,GM12878,0.9344183,1.0,1
ENSG00000081320,1.1187704,0.9375179,GM12878,0.8917931,1.0,1
ENSG00000081760,0.52135104,0.666518,GM12878,0.95458263,1.0,1
ENSG00000081760,0.55535054,0.666518,GM12878,0.96307915,1.0,1
ENSG00000081760,0.4920268,0.666518,GM12878,0.95732486,0.10033445,1
ENSG00000081760,0.5314858,0.666518,GM12878,0.9590661,0.83798885,1
ENSG00000082146,0.9656993,1.2352759,GM12878,0.8712098,1.0,1
ENSG00000082146,1.0001484,1.2352759,GM12878,0.888442,1.0,1
ENSG00000082146,1.0049498,1.2352759,GM12878,0.82373327,1.0,1
ENSG00000082153,1.4604359,2.1173708,GM12878,0.93887556,1.0,1
ENSG00000082258,1.2068416,1.3172274,GM12878,0.80567807,1.0,1
ENSG00000082258,1.3307762,1.3172274,GM12878,0.9056109,0.2628012,1
ENSG00000082805,1.0241264,0.33845648,GM12878,0.83796847,0.6804734,1
ENSG00000082805,1.0815145,0.33845648,GM12878,0.22938551,0.02366864,1
ENSG00000082805,1.0271531,0.33845648,GM12878,0.90764886,1.0,1
ENSG00000082805,1.0189891,0.33845648,GM12878,0.78677285,0.023391813,1
ENSG00000082805,1.0282035,0.33845648,GM12878,0.7276866,0.005882353,1
ENSG00000082898,1.2625711,2.331326,GM12878,0.78762484,1.0,1
ENSG00000082898,1.3665471,2.331326,GM12878,0.89007574,1.0,1
ENSG00000082898,1.3373108,2.331326,GM12878,0.8747687,1.0,1
ENSG00000082898,1.3079847,2.331326,GM12878,0.9168486,1.0,1
ENSG00000084090,1.2710867,1.9021118,GM12878,0.8035019,1.0,1
ENSG00000084110,-0.6637719,-0.60206,GM12878,0.9939282,1.0,1
ENSG00000084112,0.91794837,0.4913617,GM12878,0.94188046,1.0,1
ENSG00000084444,0.60726213,0.65513843,GM12878,0.933606,1.0,1
ENSG00000084463,1.2924633,1.0362295,GM12878,0.93188316,1.0,1
ENSG00000084463,1.3801535,1.0362295,GM12878,0.93089646,1.0,1
ENSG00000084463,1.5155973,1.0362295,GM12878,0.73376155,0.0046425257,1
ENSG00000084676,1.008412,1.2764618,GM12878,0.9330504,1.0,1
ENSG00000084676,1.0677215,1.2764618,GM12878,0.8272891,1.0,1
ENSG00000084676,1.0053561,1.2764618,GM12878,0.92079973,0.689951,1
ENSG00000084676,1.0816172,1.2764618,GM12878,0.80503,0.7805582,1
ENSG00000084693,1.0768425,1.5991186,GM12878,0.86913115,1.0,1
ENSG00000084693,1.1028665,1.5991186,GM12878,0.8449724,0.56435645,1
ENSG00000084731,0.8364961,0.42160392,GM12878,0.9528199,1.0,1
ENSG00000084731,0.8812152,0.42160392,GM12878,0.96680987,1.0,1
ENSG00000084733,1.422318,1.9852917,GM12878,0.8506036,1.0,1
ENSG00000084733,1.4495062,1.9852917,GM12878,0.9169475,1.0,1
ENSG00000084733,1.5006227,1.9852917,GM12878,0.9018198,1.0,1
ENSG00000084733,1.536967,1.9852917,GM12878,0.90587753,1.0,1
ENSG00000084754,1.6963096,2.190472,GM12878,0.81001997,1.0,1
ENSG00000084764,1.4412681,1.4965146,GM12878,0.9440999,1.0,1
ENSG00000084774,1.1745853,1.5732198,GM12878,0.9465331,1.0,1
ENSG00000084774,1.2180874,1.5732198,GM12878,0.943744,0.9823691,1
ENSG00000085449,0.8306426,1.3895204,GM12878,0.92570865,1.0,1
ENSG00000085760,1.1441512,1.7431176,GM12878,0.9328635,1.0,1
ENSG00000085760,1.1547483,1.7431176,GM12878,0.92701524,1.0,1
ENSG00000085760,1.370127,1.7431176,GM12878,0.19526556,0.100053504,1
ENSG00000085978,1.209284,1.2276297,GM12878,0.92030007,1.0,1
ENSG00000085978,1.209284,1.2276297,GM12878,0.92030007,1.0,1
ENSG00000085978,1.263631,1.2276297,GM12878,0.9073234,1.0,1
ENSG00000085978,1.1901847,1.2276297,GM12878,0.8207849,0.2453125,1
ENSG00000085982,1.1582472,1.0881361,GM12878,0.8850146,1.0,1
ENSG00000085982,1.129242,1.0881361,GM12878,0.75398666,1.0,1
ENSG00000086598,1.4525365,2.15567,GM12878,0.92156994,1.0,1
ENSG00000087338,1.183786,1.2484637,GM12878,0.9362981,1.0,1
ENSG00000087448,0.7040181,0.94151145,GM12878,0.8880509,1.0,1
ENSG00000087470,1.1633584,1.7861123,GM12878,0.61669344,1.0,1
ENSG00000087470,1.1633584,1.7861123,GM12878,0.61669344,1.0,1
ENSG00000087470,1.2676567,1.7861123,GM12878,0.8364871,1.0,1
ENSG00000087470,1.2047317,1.7861123,GM12878,0.56042296,1.0,1
ENSG00000087470,1.1773067,1.7861123,GM12878,0.32648122,0.21595427,1
ENSG00000087470,1.1907825,1.7861123,GM12878,0.77448386,1.0,1
ENSG00000087470,1.2416577,1.7861123,GM12878,0.81568414,0.9932165,1
ENSG00000087470,1.1616622,1.7861123,GM12878,0.7925446,1.0,1
ENSG00000087470,1.2504096,1.7861123,GM12878,0.73591214,0.18685122,1
ENSG00000087470,1.1797504,1.7861123,GM12878,0.71446306,0.27376696,1
ENSG00000087470,1.1998345,1.7861123,GM12878,0.47123486,0.675503,1
ENSG00000087470,1.2085142,1.7861123,GM12878,0.48752734,0.5592635,1
ENSG00000087494,-0.1890667,0.17026171,GM12878,0.98961836,1.0,1
ENSG00000087502,1.1100197,1.5619358,GM12878,0.9160599,1.0,1
ENSG00000088179,1.3507023,1.3697723,GM12878,0.5775706,1.0,1
ENSG00000088205,1.0430319,2.0459876,GM12878,0.92361933,1.0,1
ENSG00000088986,1.2839975,2.5452452,GM12878,0.82010245,1.0,1
ENSG00000088986,1.1858315,2.5452452,GM12878,0.92496413,1.0,1
ENSG00000088992,0.68468934,1.2720737,GM12878,0.97450835,1.0,1
ENSG00000088992,0.6754729,1.2720737,GM12878,0.9529123,1.0,1
ENSG00000088992,0.6266229,1.2720737,GM12878,0.92036927,0.9531773,1
ENSG00000089022,1.4090259,1.7231271,GM12878,0.8248409,1.0,1
ENSG00000089041,-0.104381286,-0.82390875,GM12878,0.9934109,1.0,1
ENSG00000089053,1.4495981,2.3872297,GM12878,0.8824937,1.0,1
ENSG00000089053,1.4658521,2.3872297,GM12878,0.8641928,0.84344923,1
ENSG00000089060,1.0842574,1.2387986,GM12878,0.93470967,1.0,1
ENSG00000089060,1.1113482,1.2387986,GM12878,0.9005542,1.0,1
ENSG00000089060,0.9601913,1.2387986,GM12878,0.864576,0.022988506,1
ENSG00000089060,1.0823091,1.2387986,GM12878,0.9468155,1.0,1
ENSG00000089094,0.7741984,1.2591158,GM12878,0.9580308,1.0,1
ENSG00000089094,0.6900067,1.2591158,GM12878,0.83556175,1.0,1
ENSG00000089094,0.8233066,1.2591158,GM12878,0.9294369,0.88706565,1
ENSG00000089154,1.6961952,1.7058637,GM12878,0.87037253,1.0,1
ENSG00000089159,0.8380824,1.4581845,GM12878,0.9559776,0.40955952,1
ENSG00000089163,0.8322521,0.35983548,GM12878,0.917398,1.0,1
ENSG00000089163,0.90422064,0.35983548,GM12878,0.9386856,1.0,1
ENSG00000089220,0.8559237,2.007321,GM12878,0.9184282,1.0,1
ENSG00000089220,0.86042845,2.007321,GM12878,0.9335765,1.0,1
ENSG00000089234,1.5351108,1.34262,GM12878,0.9038185,1.0,1
ENSG00000089248,1.1727737,1.9694159,GM12878,0.8987361,0.88129413,1
ENSG00000089692,-0.10059974,-0.6777807,GM12878,0.97424424,1.0,1
ENSG00000089693,1.4323452,2.1970875,GM12878,0.92356956,1.0,1
ENSG00000089693,1.421692,2.1970875,GM12878,0.8095302,1.0,1
ENSG00000089818,1.5124259,1.1906118,GM12878,0.7403707,1.0,1
ENSG00000089818,1.4894013,1.1906118,GM12878,0.88692075,0.95894426,1
ENSG00000090376,-0.6275805,-0.92081875,GM12878,0.9974262,1.0,1
ENSG00000090382,0.56984454,1.477266,GM12878,0.92124224,1.0,1
ENSG00000090612,0.86189616,0.68663627,GM12878,0.9351538,0.8636364,1
ENSG00000090612,0.8871485,0.68663627,GM12878,0.90986204,0.7702703,1
ENSG00000090612,0.7933376,0.68663627,GM12878,0.84098923,0.34538153,1
ENSG00000090615,1.5332227,1.148911,GM12878,0.93031245,1.0,1
ENSG00000091039,1.4728599,1.5323721,GM12878,0.8709571,1.0,1
ENSG00000091039,1.5050416,1.5323721,GM12878,0.8804551,1.0,1
ENSG00000091039,1.513622,1.5323721,GM12878,0.7639119,0.31226766,1
ENSG00000091106,0.040868185,-0.85387194,GM12878,0.98340994,1.0,1
ENSG00000091106,0.1552675,-0.85387194,GM12878,0.9652313,1.0,1
ENSG00000091409,-0.4120825,-0.92081875,GM12878,0.9990232,1.0,1
ENSG00000091409,-0.42988533,-0.92081875,GM12878,0.99881953,1.0,1
ENSG00000091428,-0.41366106,-0.4089354,GM12878,0.9775729,1.0,1
ENSG00000091428,-0.59238124,-0.4089354,GM12878,0.97664934,1.0,1
ENSG00000091436,1.1329494,1.3378584,GM12878,0.9172076,1.0,1
ENSG00000092841,1.5916406,3.0676584,GM12878,0.510216,1.0,1
ENSG00000092841,1.6689453,3.0676584,GM12878,0.90945643,1.0,1
ENSG00000092841,1.6809812,3.0676584,GM12878,0.9135102,1.0,1
ENSG00000092841,1.7127006,3.0676584,GM12878,0.90845025,1.0,1
ENSG00000092841,1.6518829,3.0676584,GM12878,0.904305,1.0,1
ENSG00000092841,1.5885587,3.0676584,GM12878,0.90541446,0.9697458,1
ENSG00000092841,1.6463921,3.0676584,GM12878,0.7547213,0.07447057,1
ENSG00000094914,1.4971181,1.8744239,GM12878,0.79328835,1.0,1
ENSG00000094914,1.5212548,1.8744239,GM12878,0.9218123,0.97541666,1
ENSG00000094916,1.3631537,1.8588979,GM12878,0.9364942,1.0,1
ENSG00000094916,1.3085955,1.8588979,GM12878,0.9390826,1.0,1
ENSG00000095002,1.2714742,1.9315088,GM12878,0.9325297,1.0,1
ENSG00000095002,1.3755015,1.9315088,GM12878,0.93765074,1.0,1
ENSG00000102189,1.2879468,0.5965971,GM12878,0.8987162,1.0,1
ENSG00000102189,1.3183861,0.5965971,GM12878,0.91341037,1.0,1
ENSG00000110801,1.3962566,1.7159199,GM12878,0.9376817,1.0,1
ENSG00000110801,1.4367193,1.7159199,GM12878,0.9515548,0.52356213,1
ENSG00000110801,1.4691156,1.7159199,GM12878,0.78880143,0.2872928,1
ENSG00000110841,0.47649115,0.17609125,GM12878,0.949377,1.0,1
ENSG00000110844,0.66660726,0.587711,GM12878,0.9626863,1.0,1
ENSG00000110844,0.68595564,0.587711,GM12878,0.9591261,1.0,1
ENSG00000110848,0.95828974,1.7195798,GM12878,0.94008315,1.0,1
ENSG00000110848,0.9251656,1.7195798,GM12878,0.9507804,1.0,1
ENSG00000110848,0.9252866,1.7195798,GM12878,0.93096703,1.0,1
ENSG00000110851,0.9001036,1.1945144,GM12878,0.88859546,1.0,1
ENSG00000110852,-0.004937388,0.5888317,GM12878,0.98535955,1.0,1
ENSG00000110852,0.09876018,0.5888317,GM12878,0.98537016,1.0,1
ENSG00000110852,0.15911227,0.5888317,GM12878,0.9738133,0.8680352,1
ENSG00000110871,1.2490871,1.6590601,GM12878,0.89032537,1.0,1
ENSG00000110871,1.2411449,1.6590601,GM12878,0.9301261,0.9988799,1
ENSG00000110871,1.3375717,1.6590601,GM12878,0.885089,0.04121864,1
ENSG00000110880,1.5436313,2.3280737,GM12878,0.9149902,1.0,1
ENSG00000110880,1.5513744,2.3280737,GM12878,0.89814687,1.0,1
ENSG00000110881,0.16049229,0.20951502,GM12878,0.99612206,1.0,1
ENSG00000110888,0.8774499,1.0265332,GM12878,0.84967995,1.0,1
ENSG00000110888,0.8527873,1.0265332,GM12878,0.9200313,1.0,1
ENSG00000110888,0.8567395,1.0265332,GM12878,0.8304433,1.0,1
ENSG00000110888,0.9695966,1.0265332,GM12878,0.6615044,0.25040388,1
ENSG00000110888,0.90779746,1.0265332,GM12878,0.8538081,0.9846154,1
ENSG00000110888,0.9233142,1.0265332,GM12878,0.7051223,0.6297663,1
ENSG00000110888,0.9120911,1.0265332,GM12878,0.8660434,0.3457189,1
ENSG00000110906,1.683766,1.4665711,GM12878,0.8109422,1.0,1
ENSG00000110906,1.683766,1.4665711,GM12878,0.8109422,1.0,1
ENSG00000110906,1.5112126,1.4665711,GM12878,0.92442816,1.0,1
ENSG00000110906,1.6498523,1.4665711,GM12878,0.9248128,1.0,1
ENSG00000110906,1.6498523,1.4665711,GM12878,0.9248128,0.73277557,1
ENSG00000110911,1.2494314,1.6755034,GM12878,0.7878282,1.0,1
ENSG00000110917,1.183322,1.5609821,GM12878,0.94387,1.0,1
ENSG00000110917,1.2253721,1.5609821,GM12878,0.94290024,1.0,1
ENSG00000110917,1.2662666,1.5609821,GM12878,0.90685666,1.0,1
ENSG00000110921,1.5180337,1.4432629,GM12878,0.9235727,1.0,1
ENSG00000110921,1.452405,1.4432629,GM12878,0.90247035,1.0,1
ENSG00000110921,1.4679067,1.4432629,GM12878,0.8271349,0.8910082,1
ENSG00000110921,1.4866126,1.4432629,GM12878,0.91340345,0.8161889,1
ENSG00000110925,0.8105303,0.8915374,GM12878,0.87508184,1.0,1
ENSG00000110925,0.73711944,0.8915374,GM12878,0.87747425,1.0,1
ENSG00000110931,1.1499212,1.1869563,GM12878,0.8350401,1.0,1
ENSG00000110931,1.2309803,1.1869563,GM12878,0.789255,1.0,1
ENSG00000110931,1.2341938,1.1869563,GM12878,0.3865853,0.122857146,1
ENSG00000110931,1.1835043,1.1869563,GM12878,0.89768654,0.8297587,1
ENSG00000110934,0.046655133,-0.537602,GM12878,0.97844636,1.0,1
ENSG00000110944,0.302697,1.0174507,GM12878,0.9792777,1.0,1
ENSG00000110955,1.7443459,3.3983412,GM12878,0.8962558,1.0,1
ENSG00000110958,1.3579588,2.114244,GM12878,0.63500684,1.0,1
ENSG00000110958,1.3580172,2.114244,GM12878,0.8993595,1.0,1
ENSG00000110958,1.4970878,2.114244,GM12878,0.90041804,1.0,1
ENSG00000110958,1.3363833,2.114244,GM12878,0.9030347,0.88235295,1
ENSG00000110958,1.3580172,2.114244,GM12878,0.8993595,0.9948186,1
ENSG00000110958,1.3734776,2.114244,GM12878,0.8699714,0.86775446,1
ENSG00000110958,1.4669946,2.114244,GM12878,0.8849244,0.9996437,1
ENSG00000110987,1.1123912,0.9561684,GM12878,0.93909293,1.0,1
ENSG00000110987,1.0922073,0.9561684,GM12878,0.96479625,1.0,1
ENSG00000111011,1.3934579,1.7259933,GM12878,0.92847776,1.0,1
ENSG00000111011,1.4583378,1.7259933,GM12878,0.8398458,0.70385605,1
ENSG00000111011,1.4611577,1.7259933,GM12878,0.93046325,0.99866134,1
ENSG00000111012,0.15215628,0.5820634,GM12878,0.99117625,1.0,1
ENSG00000111057,1.4100809,2.4412708,GM12878,0.92462456,1.0,1
ENSG00000111057,1.3870766,2.4412708,GM12878,0.9442917,1.0,1
ENSG00000111057,1.4197949,2.4412708,GM12878,0.9433666,1.0,1
ENSG00000111087,1.3326309,-0.14874165,GM12878,0.9049418,1.0,1
ENSG00000111087,1.3115112,-0.14874165,GM12878,0.9235528,1.0,1
ENSG00000111110,0.47892118,0.63848925,GM12878,0.9721549,1.0,1
ENSG00000111110,0.48423463,0.63848925,GM12878,0.83145255,1.0,1
ENSG00000111110,0.46942478,0.63848925,GM12878,0.9613601,1.0,1
ENSG00000111110,0.4229126,0.63848925,GM12878,0.96037865,1.0,1
ENSG00000111142,1.3743913,2.1322596,GM12878,0.9205819,1.0,1
ENSG00000111142,1.3539109,2.1322596,GM12878,0.9358252,1.0,1
ENSG00000111142,1.3743913,2.1322596,GM12878,0.9205819,0.942899,1
ENSG00000111142,1.4511377,2.1322596,GM12878,0.9165153,0.99957174,1
ENSG00000111144,0.8951956,1.5805829,GM12878,0.9291441,1.0,1
ENSG00000111144,0.7551146,1.5805829,GM12878,0.93420625,0.89862496,1
ENSG00000111144,0.8230309,1.5805829,GM12878,0.8859057,0.06234414,1
ENSG00000111144,0.834605,1.5805829,GM12878,0.84569615,0.022925764,1
ENSG00000111145,0.37122643,-0.013228266,GM12878,0.9846902,1.0,1
ENSG00000111145,0.33308375,-0.013228266,GM12878,0.9761698,1.0,1
ENSG00000111196,1.6509502,1.6009729,GM12878,0.8699697,1.0,1
ENSG00000111196,1.5820167,1.6009729,GM12878,0.6145499,0.5342679,1
ENSG00000111203,1.2968456,1.0733517,GM12878,0.9288633,1.0,1
ENSG00000111203,1.2288909,1.0733517,GM12878,0.944832,1.0,1
ENSG00000111206,1.5164753,0.99782306,GM12878,0.91031003,1.0,1
ENSG00000111206,1.5177239,0.99782306,GM12878,0.91282827,1.0,1
ENSG00000111206,1.5237632,0.99782306,GM12878,0.85416937,0.06612685,1
ENSG00000111206,1.5418215,0.99782306,GM12878,0.82604057,0.7301855,1
ENSG00000111224,0.78027534,-0.5086383,GM12878,0.93052465,1.0,1
ENSG00000111224,0.60698974,-0.5086383,GM12878,0.9309755,1.0,1
ENSG00000111229,1.4657767,1.7294078,GM12878,0.8246214,1.0,1
ENSG00000111231,1.0835911,1.7625285,GM12878,0.9416617,1.0,1
ENSG00000111237,1.1620842,2.2845435,GM12878,0.81696856,0.055408534,1
ENSG00000111237,1.3521056,2.2845435,GM12878,0.21880071,0.46666044,1
ENSG00000111247,1.3956438,1.8617135,GM12878,0.92765224,1.0,1
ENSG00000111247,1.443207,1.8617135,GM12878,0.6268093,0.15399121,1
ENSG00000111247,1.3864403,1.8617135,GM12878,0.9020078,0.9311657,1
ENSG00000111247,1.3864403,1.8617135,GM12878,0.9020078,0.9927441,1
ENSG00000111247,1.3487886,1.8617135,GM12878,0.90940815,0.5789816,1
ENSG00000111247,1.3477033,1.8617135,GM12878,0.92098695,0.09753832,1
ENSG00000111252,1.0899503,1.3789427,GM12878,0.9061348,1.0,1
ENSG00000111261,1.0393342,0.19589965,GM12878,0.8176484,1.0,1
ENSG00000111266,0.8296951,0.9449759,GM12878,0.89306366,1.0,1
ENSG00000111269,1.2712945,0.5987905,GM12878,0.87112546,1.0,1
ENSG00000111271,1.3373063,1.0962145,GM12878,0.82596874,1.0,1
ENSG00000111271,1.3958423,1.0962145,GM12878,0.8971331,1.0,1
ENSG00000111271,1.4957938,1.0962145,GM12878,0.2129827,0.45,1
ENSG00000111271,1.4582688,1.0962145,GM12878,0.85751563,1.0,1
ENSG00000111271,1.418379,1.0962145,GM12878,0.9069572,0.9701493,1
ENSG00000111275,0.87023425,1.2237555,GM12878,0.9538186,1.0,1
ENSG00000111275,0.8219901,1.2237555,GM12878,0.9460958,1.0,1
ENSG00000111275,0.83324045,1.2237555,GM12878,0.9655676,0.047309835,1
ENSG00000111276,1.4473436,1.0244857,GM12878,0.9114939,1.0,1
ENSG00000111300,1.390767,1.5972563,GM12878,0.88709235,1.0,1
ENSG00000111300,1.4707507,1.5972563,GM12878,0.88937885,1.0,1
ENSG00000111300,1.4173667,1.5972563,GM12878,0.900161,0.14213625,1
ENSG00000111300,1.3822535,1.5972563,GM12878,0.8750277,0.8578637,1
ENSG00000111300,1.4602542,1.5972563,GM12878,0.71196973,0.021026073,1
ENSG00000111319,-0.06374277,-0.61978877,GM12878,0.96310455,1.0,1
ENSG00000111319,-0.04169379,-0.61978877,GM12878,0.98756635,1.0,1
ENSG00000111319,-0.08752792,-0.61978877,GM12878,0.9802541,1.0,1
ENSG00000111325,1.3839538,1.4266739,GM12878,0.87511206,1.0,1
ENSG00000111325,1.4789011,1.4266739,GM12878,0.8222091,1.0,1
ENSG00000111325,1.4991963,1.4266739,GM12878,0.9118291,1.0,1
ENSG00000111325,1.5074189,1.4266739,GM12878,0.8644345,1.0,1
ENSG00000111325,1.4760445,1.4266739,GM12878,0.823634,0.38821137,1
ENSG00000111325,1.6883945,1.4266739,GM12878,0.851106,0.060568605,1
ENSG00000111325,1.4906431,1.4266739,GM12878,0.89052504,0.3888889,1
ENSG00000111328,0.71654344,1.905364,GM12878,0.9019065,1.0,1
ENSG00000111328,0.71654344,1.905364,GM12878,0.9019065,1.0,1
ENSG00000111331,0.10725643,-0.14874165,GM12878,0.990542,1.0,1
ENSG00000111331,0.12103237,-0.14874165,GM12878,0.99087733,1.0,1
ENSG00000111331,0.10719065,-0.14874165,GM12878,0.99051416,1.0,1
ENSG00000111348,0.57511175,1.0891984,GM12878,0.9443369,1.0,1
ENSG00000111358,1.622682,1.8342935,GM12878,0.6407405,1.0,1
ENSG00000111358,1.5781248,1.8342935,GM12878,0.86129457,0.5840046,1
ENSG00000111358,1.6412325,1.8342935,GM12878,0.79940474,0.94355965,1
ENSG00000111361,1.1320632,1.6484576,GM12878,0.85274166,1.0,1
ENSG00000111361,1.1198101,1.6484576,GM12878,0.88855785,1.0,1
ENSG00000111361,1.1332419,1.6484576,GM12878,0.8293466,1.0,1
ENSG00000111364,1.4038309,1.6652995,GM12878,0.90016735,1.0,1
ENSG00000111371,1.1137155,1.5344069,GM12878,0.9265424,1.0,1
ENSG00000111371,1.0521992,1.5344069,GM12878,0.9226033,1.0,1
ENSG00000111371,1.0853443,1.5344069,GM12878,0.8962284,0.99778074,1
ENSG00000111371,1.019212,1.5344069,GM12878,0.8976447,0.041364606,1
ENSG00000111412,0.98243415,0.7986506,GM12878,0.9333535,1.0,1
ENSG00000111412,0.9638097,0.7986506,GM12878,0.9258178,0.7328767,1
ENSG00000111424,0.18955894,0.17318627,GM12878,0.99510854,1.0,1
ENSG00000111424,0.18299215,0.17318627,GM12878,0.99434644,1.0,1
ENSG00000111424,0.18103331,0.17318627,GM12878,0.98233,0.5089286,1
ENSG00000111445,1.4512969,1.8686445,GM12878,0.8401531,1.0,1
ENSG00000111445,1.37429,1.8686445,GM12878,0.90296304,0.29612947,1
ENSG00000111450,1.0644453,1.6092741,GM12878,0.912438,1.0,1
ENSG00000111452,-0.042441458,0.7715875,GM12878,0.98862374,1.0,1
ENSG00000111481,1.6277387,2.5834029,GM12878,0.9064116,1.0,1
ENSG00000111481,1.5610068,2.5834029,GM12878,0.7483871,1.0,1
ENSG00000111481,1.5850691,2.5834029,GM12878,0.88453186,1.0,1
ENSG00000111481,1.6079679,2.5834029,GM12878,0.8018687,1.0,1
ENSG00000111481,1.6066694,2.5834029,GM12878,0.85532606,0.96806204,1
ENSG00000111481,1.5703877,2.5834029,GM12878,0.8423236,0.9833247,1
ENSG00000111490,-0.80518657,-0.61978877,GM12878,0.9278344,1.0,1
ENSG00000111530,1.1215787,2.0729113,GM12878,0.9053776,1.0,1
ENSG00000111530,1.2758117,2.0729113,GM12878,0.8927266,1.0,1
ENSG00000111537,-0.45105416,-0.9586073,GM12878,0.993598,1.0,1
ENSG00000111537,-0.35020554,-0.9586073,GM12878,0.98676735,1.0,1
ENSG00000111540,1.1836987,1.7817553,GM12878,0.90851927,1.0,1
ENSG00000111540,1.0709906,1.7817553,GM12878,0.94088554,0.994782,1
ENSG00000111554,1.1182833,1.0394142,GM12878,0.8681476,1.0,1
ENSG00000111554,0.9405796,1.0394142,GM12878,0.9292601,1.0,1
ENSG00000111554,1.0365636,1.0394142,GM12878,0.8279677,0.96039605,1
ENSG00000111554,1.0938369,1.0394142,GM12878,0.30056107,0.19381443,1
ENSG00000111554,1.1170579,1.0394142,GM12878,0.8132296,0.80618554,1
ENSG00000111554,0.9405796,1.0394142,GM12878,0.9292601,1.0,1
ENSG00000111581,1.4759345,2.2729318,GM12878,0.93188864,1.0,1
ENSG00000111581,1.433567,2.2729318,GM12878,0.91941196,0.99365366,1
ENSG00000111596,1.0632885,1.8489892,GM12878,0.8745321,1.0,1
ENSG00000111596,1.1063462,1.8489892,GM12878,0.9116908,1.0,1
ENSG00000111596,1.180149,1.8489892,GM12878,0.81819075,0.0,1
ENSG00000111602,1.419351,1.09691,GM12878,0.8976195,1.0,1
ENSG00000111605,1.0464113,1.7075702,GM12878,0.48341396,1.0,1
ENSG00000111605,1.0328178,1.7075702,GM12878,0.94541687,1.0,1
ENSG00000111605,0.9940126,1.7075702,GM12878,0.8400007,1.0,1
ENSG00000111605,0.9854612,1.7075702,GM12878,0.8530546,1.0,1
ENSG00000111605,1.143225,1.7075702,GM12878,0.9107087,0.43953934,1
ENSG00000111615,1.1731439,1.6179434,GM12878,0.941574,1.0,1
ENSG00000111615,0.9351179,1.6179434,GM12878,0.9366691,0.20603836,1
ENSG00000111640,1.3560236,3.780303,GM12878,0.9014321,1.0,1
ENSG00000111640,1.447351,3.780303,GM12878,0.94690794,1.0,1
ENSG00000111641,1.4176588,1.81697,GM12878,0.9344526,1.0,1
ENSG00000111641,1.5197699,1.81697,GM12878,0.19554597,0.031418525,1
ENSG00000111641,1.5524976,1.81697,GM12878,0.537681,0.015474794,1
ENSG00000111644,-0.21373196,1.218798,GM12878,0.9718659,1.0,1
ENSG00000111647,1.0435556,1.1495271,GM12878,0.929443,1.0,1
ENSG00000111652,1.629436,1.4995496,GM12878,0.8597725,1.0,1
ENSG00000111653,1.8583705,1.3868555,GM12878,0.891303,1.0,1
ENSG00000111653,1.7971153,1.3868555,GM12878,0.8574061,1.0,1
ENSG00000111653,1.8165203,1.3868555,GM12878,0.89534515,0.76649743,1
ENSG00000111653,1.7840366,1.3868555,GM12878,0.78175646,0.9263804,1
ENSG00000111664,-0.10755436,0.54406804,GM12878,0.9960431,1.0,1
ENSG00000111665,1.1792425,1.690639,GM12878,0.90402734,1.0,1
ENSG00000111665,1.2923748,1.690639,GM12878,0.9482579,1.0,1
ENSG00000111665,1.2530968,1.690639,GM12878,0.955218,0.9242958,1
ENSG00000111666,1.13537,1.7963661,GM12878,0.9339604,1.0,1
ENSG00000111666,1.134724,1.7963661,GM12878,0.92394614,1.0,1
ENSG00000111666,1.1919264,1.7963661,GM12878,0.76736706,0.028457599,1
ENSG00000111667,1.3358176,1.602711,GM12878,0.94425017,1.0,1
ENSG00000111667,1.224419,1.602711,GM12878,0.9495602,1.0,1
ENSG00000111667,1.3774683,1.602711,GM12878,0.92896736,1.0,1
ENSG00000111667,1.3822967,1.602711,GM12878,0.95120853,1.0,1
ENSG00000111667,1.2643218,1.602711,GM12878,0.90671724,1.0,1
ENSG00000111669,1.471743,3.187828,GM12878,0.93276185,1.0,1
ENSG00000111670,0.73700166,1.1934029,GM12878,0.826153,1.0,1
ENSG00000111670,0.79529274,1.1934029,GM12878,0.78542185,1.0,1
ENSG00000111674,0.81446064,1.652343,GM12878,0.9421359,1.0,1
ENSG00000111674,0.82664204,1.652343,GM12878,0.9216533,1.0,1
ENSG00000111674,0.7882701,1.652343,GM12878,0.9426151,1.0,1
ENSG00000111674,0.79048204,1.652343,GM12878,0.8963338,1.0,1
ENSG00000111674,0.7953348,1.652343,GM12878,0.95530397,1.0,1
ENSG00000111674,0.8084305,1.652343,GM12878,0.92814684,1.0,1
ENSG00000111674,0.7964036,1.652343,GM12878,0.8864853,1.0,1
ENSG00000111676,1.0403455,0.651278,GM12878,0.95553637,1.0,1
ENSG00000111678,1.1772819,2.3016593,GM12878,0.959397,1.0,1
ENSG00000111678,1.1472166,2.3016593,GM12878,0.9521367,1.0,1
ENSG00000111678,1.1298009,2.3016593,GM12878,0.95263493,1.0,1
ENSG00000111678,1.1537348,2.3016593,GM12878,0.95946705,1.0,1
ENSG00000111679,-0.18173175,0.67394197,GM12878,0.9946733,1.0,1
ENSG00000111679,-0.12399809,0.67394197,GM12878,0.99583864,1.0,1
ENSG00000111684,1.3138443,1.5936183,GM12878,0.9253372,1.0,1
ENSG00000111684,1.3899287,1.5936183,GM12878,0.76101977,0.97394544,1
ENSG00000111696,1.1212895,0.83569056,GM12878,0.9178377,1.0,1
ENSG00000111696,1.0189064,0.83569056,GM12878,0.93227494,1.0,1
ENSG00000111707,1.6072663,1.3453737,GM12878,0.91245025,1.0,1
ENSG00000111711,1.0738904,1.3100557,GM12878,0.8650527,1.0,1
ENSG00000111711,1.0499802,1.3100557,GM12878,0.86731625,1.0,1
ENSG00000111711,1.0499802,1.3100557,GM12878,0.86731625,0.31460676,1
ENSG00000111711,0.99918807,1.3100557,GM12878,0.8897179,0.0,1
ENSG00000111711,1.0589137,1.3100557,GM12878,0.8902629,0.046457607,1
ENSG00000111711,0.99918807,1.3100557,GM12878,0.8897179,0.96702003,1
ENSG00000111716,0.9273629,2.9872193,GM12878,0.8866513,1.0,1
ENSG00000111725,1.1983312,1.9398686,GM12878,0.93682724,1.0,1
ENSG00000111725,1.3059886,1.9398686,GM12878,0.876918,1.0,1
ENSG00000111726,1.3621358,1.746167,GM12878,0.9130772,1.0,1
ENSG00000111726,1.2565445,1.746167,GM12878,0.78456175,0.6717835,1
ENSG00000111727,0.7354649,0.59217674,GM12878,0.8748394,1.0,1
ENSG00000111727,0.83220965,0.59217674,GM12878,0.7520142,0.42628205,1
ENSG00000111729,0.050946727,-0.43179828,GM12878,0.9749926,1.0,1
ENSG00000111731,1.0123545,1.2664669,GM12878,0.87619877,1.0,1
ENSG00000111731,1.044532,1.2664669,GM12878,0.77828753,0.006451613,1
ENSG00000111731,1.0976053,1.2664669,GM12878,0.5078971,0.0070967744,1
ENSG00000111737,1.3313918,1.4988617,GM12878,0.9330563,1.0,1
ENSG00000111737,1.3227363,1.4988617,GM12878,0.9372634,0.76766855,1
ENSG00000111737,1.351032,1.4988617,GM12878,0.9351937,0.0021513088,1
ENSG00000111752,0.56088686,1.071882,GM12878,0.8960801,1.0,1
ENSG00000111752,0.72141266,1.071882,GM12878,0.37310153,0.0,1
ENSG00000111752,0.6749164,1.071882,GM12878,0.96522987,0.4009662,1
ENSG00000111775,1.323951,2.8180676,GM12878,0.9294607,1.0,1
ENSG00000111785,1.2118618,0.7551123,GM12878,0.8992029,1.0,1
ENSG00000111785,1.2534207,0.7551123,GM12878,0.90912753,1.0,1
ENSG00000111785,1.3280116,0.7551123,GM12878,0.89821637,0.19915254,1
ENSG00000111785,1.291556,0.7551123,GM12878,0.81684256,0.20547946,1
ENSG00000111786,1.1299603,2.1542413,GM12878,0.94349366,1.0,1
ENSG00000111790,1.269248,1.5150787,GM12878,0.91831017,1.0,1
ENSG00000111790,1.2622132,1.5150787,GM12878,0.9158845,0.60135645,1
ENSG00000112787,0.5574054,0.39967373,GM12878,0.9380797,1.0,1
ENSG00000112787,0.65396816,0.39967373,GM12878,0.9801862,1.0,1
ENSG00000114942,1.2443271,2.8967025,GM12878,0.91469026,1.0,1
ENSG00000114942,1.2628704,2.8967025,GM12878,0.93767726,1.0,1
ENSG00000114942,1.3273709,2.8967025,GM12878,0.8895457,1.0,1
ENSG00000114942,1.458816,2.8967025,GM12878,0.8353274,1.0,1
ENSG00000114956,1.2433352,2.0667357,GM12878,0.9435041,1.0,1
ENSG00000114956,1.2908607,2.0667357,GM12878,0.92418844,0.109127864,1
ENSG00000114978,1.1225022,1.7536596,GM12878,0.95225126,1.0,1
ENSG00000114982,1.1886435,1.3937507,GM12878,0.8712806,1.0,1
ENSG00000114982,1.2233046,1.3937507,GM12878,0.8995363,0.8035714,1
ENSG00000114982,1.2250202,1.3937507,GM12878,0.7902748,0.0123152705,1
ENSG00000114982,1.2775525,1.3937507,GM12878,0.69334275,0.1841133,1
ENSG00000114982,1.3049039,1.3937507,GM12878,0.92163223,0.8158867,1
ENSG00000114988,0.95126307,1.1051694,GM12878,0.95467573,1.0,1
ENSG00000114988,1.0670898,1.1051694,GM12878,0.95824414,1.0,1
ENSG00000114988,0.98993355,1.1051694,GM12878,0.9584357,1.0,1
ENSG00000114988,0.99523765,1.1051694,GM12878,0.96015465,1.0,1
ENSG00000114988,1.0647036,1.1051694,GM12878,0.81380534,0.0,1
ENSG00000114988,0.9924437,1.1051694,GM12878,0.92903787,0.9781161,1
ENSG00000114988,1.0611385,1.1051694,GM12878,0.95372236,0.9781161,1
ENSG00000114993,-0.25632828,0.41329977,GM12878,0.9938346,1.0,1
ENSG00000114999,1.0465527,1.3848908,GM12878,0.9358929,1.0,1
ENSG00000115008,0.07832311,-0.79588,GM12878,0.9809747,1.0,1
ENSG00000115008,0.1197094,-0.79588,GM12878,0.9849219,1.0,1
ENSG00000115008,0.13967332,-0.79588,GM12878,0.9872563,1.0,1
ENSG00000115008,0.19597033,-0.79588,GM12878,0.96692854,1.0,1
ENSG00000115008,0.16883117,-0.79588,GM12878,0.96900415,1.0,1
ENSG00000115020,1.1075416,1.2375437,GM12878,0.9419643,1.0,1
ENSG00000115020,1.0328953,1.2375437,GM12878,0.92390984,1.0,1
ENSG00000115020,1.0781696,1.2375437,GM12878,0.7842154,0.0,1
ENSG00000115020,0.98495287,1.2375437,GM12878,0.91786915,0.14436619,1
ENSG00000115020,0.96024245,1.2375437,GM12878,0.92277867,0.9707769,1
ENSG00000115020,1.0380996,1.2375437,GM12878,0.94432926,0.92523366,1
ENSG00000115042,1.2320213,1.5700758,GM12878,0.83764076,1.0,1
ENSG00000115053,1.4198602,2.1045213,GM12878,0.9152325,1.0,1
ENSG00000115053,1.3506436,2.1045213,GM12878,0.8457651,1.0,1
ENSG00000115073,1.2797335,1.542701,GM12878,0.9220973,1.0,1
ENSG00000115084,1.3909043,1.5456781,GM12878,0.8764879,1.0,1
ENSG00000115085,-0.004507065,-0.4089354,GM12878,0.9924036,1.0,1
ENSG00000115091,1.6432841,2.369976,GM12878,0.84050786,1.0,1
ENSG00000115091,1.7318597,2.369976,GM12878,0.90233064,1.0,1
ENSG00000115107,0.90556484,0.88479537,GM12878,0.9216392,1.0,1
ENSG00000115107,0.9116092,0.88479537,GM12878,0.8815467,0.91101694,1
ENSG00000115107,1.0459088,0.88479537,GM12878,0.44870543,0.961183,1
ENSG00000115107,0.9760238,0.88479537,GM12878,0.94202024,0.018518519,1
ENSG00000115109,0.35774386,0.991669,GM12878,0.94416577,1.0,1
ENSG00000115109,0.37766218,0.991669,GM12878,0.91956383,1.0,1
ENSG00000115109,0.44043344,0.991669,GM12878,0.89865494,0.8786982,1
ENSG00000115112,-0.009834304,-0.45593196,GM12878,0.9952042,1.0,1
ENSG00000115128,1.1051389,2.504566,GM12878,0.915576,1.0,1
ENSG00000115128,1.0822031,2.504566,GM12878,0.91076684,1.0,1
ENSG00000115129,1.1507066,0.54777473,GM12878,0.9274765,1.0,1
ENSG00000115129,1.106696,0.54777473,GM12878,0.93179756,1.0,1
ENSG00000115129,1.1317614,0.54777473,GM12878,0.9133411,0.64705884,1
ENSG00000115137,1.2370113,0.5211381,GM12878,0.90314823,1.0,1
ENSG00000115137,1.2370113,0.5211381,GM12878,0.90314823,0.75982535,1
ENSG00000115137,1.1655502,0.5211381,GM12878,0.829632,0.14285715,1
ENSG00000115137,1.1842432,0.5211381,GM12878,0.6604622,0.1124031,1
ENSG00000115145,1.2016611,0.9813655,GM12878,0.9196051,1.0,1
ENSG00000115155,-0.35902756,-0.82390875,GM12878,0.9965251,1.0,1
ENSG00000115155,-0.41309935,-0.82390875,GM12878,0.9970196,1.0,1
ENSG00000115159,0.52458334,1.0476642,GM12878,0.9718774,1.0,1
ENSG00000115159,0.5636923,1.0476642,GM12878,0.9722881,1.0,1
ENSG00000115163,1.1984093,1.6607707,GM12878,0.8372115,1.0,1
ENSG00000115163,1.176943,1.6607707,GM12878,0.8069574,0.68728286,1
ENSG00000115165,-0.14321946,-0.7695511,GM12878,0.9738437,1.0,1
ENSG00000115165,0.062106006,-0.7695511,GM12878,0.9827036,1.0,1
ENSG00000115165,0.16282164,-0.7695511,GM12878,0.84653825,1.0,1
ENSG00000115204,1.4993122,2.048442,GM12878,0.80388504,1.0,1
ENSG00000115204,1.6304495,2.048442,GM12878,0.92926806,1.0,1
ENSG00000115207,1.360499,1.9230367,GM12878,0.933136,1.0,1
ENSG00000115207,1.360499,1.9230367,GM12878,0.933136,1.0,1
ENSG00000115211,1.3705689,1.6626635,GM12878,0.93221724,1.0,1
ENSG00000115216,1.2272644,1.7903556,GM12878,0.88729656,1.0,1
ENSG00000115232,-0.1968772,-0.19382003,GM12878,0.98232347,1.0,1
ENSG00000115232,-0.08872764,-0.19382003,GM12878,0.9788755,1.0,1
ENSG00000115233,1.3190182,2.1515844,GM12878,0.7984866,1.0,1
ENSG00000115233,1.3521224,2.1515844,GM12878,0.93605465,1.0,1
ENSG00000115233,1.2581527,2.1515844,GM12878,0.86292464,1.0,1
ENSG00000115233,1.2240506,2.1515844,GM12878,0.9065757,1.0,1
ENSG00000115234,1.5092026,1.6115109,GM12878,0.8381216,1.0,1
ENSG00000115234,1.4190221,1.6115109,GM12878,0.8213795,0.8955345,1
ENSG00000115234,1.5444584,1.6115109,GM12878,0.8371233,0.9722922,1
ENSG00000115234,1.5444584,1.6115109,GM12878,0.8371233,0.9886968,1
ENSG00000115234,1.5569739,1.6115109,GM12878,0.896275,0.052186176,1
ENSG00000115234,1.506493,1.6115109,GM12878,0.8929232,0.9969282,1
ENSG00000115239,1.1548339,1.4225899,GM12878,0.9350146,1.0,1
ENSG00000115239,1.1548339,1.4225899,GM12878,0.9350146,1.0,1
ENSG00000115239,1.1163981,1.4225899,GM12878,0.9421637,0.83146065,1
ENSG00000115241,1.3106412,1.8093576,GM12878,0.95059603,1.0,1
ENSG00000115271,-0.109805465,-0.537602,GM12878,0.9696268,1.0,1
ENSG00000115274,1.511276,0.77451694,GM12878,0.9582481,1.0,1
ENSG00000115274,1.5543838,0.77451694,GM12878,0.922801,1.0,1
ENSG00000115274,1.4655788,0.77451694,GM12878,0.95628154,1.0,1
ENSG00000115274,1.4769619,0.77451694,GM12878,0.9530709,1.0,1
ENSG00000115275,1.0787497,1.5039268,GM12878,0.9346704,1.0,1
ENSG00000115275,1.1397467,1.5039268,GM12878,0.9384675,1.0,1
ENSG00000115282,1.3469127,1.1705551,GM12878,0.9345901,1.0,1
ENSG00000115282,1.3432536,1.1705551,GM12878,0.90520793,1.0,1
ENSG00000115282,1.3474362,1.1705551,GM12878,0.9359622,0.6763285,1
ENSG00000115289,1.4528489,1.3639878,GM12878,0.8961046,1.0,1
ENSG00000115289,1.4262972,1.3639878,GM12878,0.92832917,1.0,1
ENSG00000115289,1.3819618,1.3639878,GM12878,0.92091364,1.0,1
ENSG00000115306,-0.3156777,0.94841295,GM12878,0.99730396,1.0,1
ENSG00000115306,-0.33294296,0.94841295,GM12878,0.99683774,1.0,1
ENSG00000115306,-0.28821623,0.94841295,GM12878,0.9962212,1.0,1
ENSG00000115307,1.4466211,2.0883842,GM12878,0.92526805,1.0,1
ENSG00000115310,1.3224173,2.053578,GM12878,0.6823804,1.0,1
ENSG00000115310,1.1991397,2.053578,GM12878,0.86028916,0.42436975,1
ENSG00000115310,1.3066617,2.053578,GM12878,0.70672655,0.1355094,1
ENSG00000115317,1.2664067,1.619615,GM12878,0.90975225,1.0,1
ENSG00000115317,1.2162781,1.619615,GM12878,0.9473771,0.9809886,1
ENSG00000115317,1.268606,1.619615,GM12878,0.9333046,0.7462039,1
ENSG00000115318,0.25754696,-0.036212172,GM12878,0.9898205,1.0,1
ENSG00000115325,1.0012877,0.96707976,GM12878,0.9180864,1.0,1
ENSG00000115325,1.0217956,0.96707976,GM12878,0.9379897,1.0,1
ENSG00000115325,1.0309113,0.96707976,GM12878,0.9434406,1.0,1
ENSG00000115325,1.0121341,0.96707976,GM12878,0.9147449,0.54910713,1
ENSG00000115339,-0.6940151,-0.85387194,GM12878,0.9958003,1.0,1
ENSG00000115350,0.8940387,1.6434526,GM12878,0.9396757,1.0,1
ENSG00000115350,0.91376007,1.6434526,GM12878,0.9542023,1.0,1
ENSG00000115355,0.96458584,1.7261565,GM12878,0.85769516,1.0,1
ENSG00000115355,0.9748821,1.7261565,GM12878,0.8937706,1.0,1
ENSG00000115355,1.1166567,1.7261565,GM12878,0.9367033,0.6755749,1
ENSG00000115355,1.0837886,1.7261565,GM12878,0.9449874,0.5144186,1
ENSG00000115355,1.09957,1.7261565,GM12878,0.9006035,0.49126035,1
ENSG00000115355,1.0518657,1.7261565,GM12878,0.93610036,0.96688133,1
ENSG00000115365,0.7302954,1.6116171,GM12878,0.9341078,1.0,1
ENSG00000115365,0.71987563,1.6116171,GM12878,0.926486,1.0,1
ENSG00000115368,1.3463722,1.839855,GM12878,0.80848294,1.0,1
ENSG00000115368,1.4263105,1.839855,GM12878,0.6275211,0.0028753993,1
ENSG00000115392,1.0091751,1.806587,GM12878,0.8407899,1.0,1
ENSG00000115392,1.1105754,1.806587,GM12878,0.8825017,0.95378417,1
ENSG00000115414,0.2747401,0.8785218,GM12878,0.96344626,1.0,1
ENSG00000115415,1.3075453,1.2909245,GM12878,0.7543826,1.0,1
ENSG00000115415,1.3170288,1.2909245,GM12878,0.92513204,1.0,1
ENSG00000115415,1.2090621,1.2909245,GM12878,0.89302635,0.0039551747,1
ENSG00000115419,1.0632911,1.6270585,GM12878,0.83582556,1.0,1
ENSG00000115421,1.2503165,1.0674429,GM12878,0.8289523,1.0,1
ENSG00000115421,1.3546593,1.0674429,GM12878,0.79620475,0.9436039,1
ENSG00000115421,1.2907872,1.0674429,GM12878,0.8824889,0.9257221,1
ENSG00000115421,1.266848,1.0674429,GM12878,0.9128196,0.98569727,1
ENSG00000115421,1.3767612,1.0674429,GM12878,0.8994365,0.86172837,1
ENSG00000115421,1.3348457,1.0674429,GM12878,0.60779107,0.014302742,1
ENSG00000115425,0.55651045,0.8102325,GM12878,0.960444,1.0,1
ENSG00000115425,0.5289795,0.8102325,GM12878,0.9581549,1.0,1
ENSG00000115425,0.5255802,0.8102325,GM12878,0.95544267,0.9926063,1
ENSG00000115446,1.2227505,1.5594279,GM12878,0.9221765,1.0,1
ENSG00000115446,1.359684,1.5594279,GM12878,0.8802305,1.0,1
ENSG00000115459,1.3506866,1.1215599,GM12878,0.77503663,1.0,1
ENSG00000115459,1.3607309,1.1215599,GM12878,0.93265027,0.8787879,1
ENSG00000115459,1.343536,1.1215599,GM12878,0.9341779,0.97029704,1
ENSG00000115459,1.3617373,1.1215599,GM12878,0.7843609,0.5811966,1
ENSG00000115459,1.3724095,1.1215599,GM12878,0.9461524,0.7777778,1
ENSG00000115459,1.3226324,1.1215599,GM12878,0.93655795,0.37738854,1
ENSG00000115464,1.315966,1.7687861,GM12878,0.8915648,1.0,1
ENSG00000115464,1.3590982,1.7687861,GM12878,0.86347085,1.0,1
ENSG00000115464,1.3102607,1.7687861,GM12878,0.89813125,1.0,1
ENSG00000115484,1.2973061,2.3533392,GM12878,0.9223583,1.0,1
ENSG00000115484,1.2628284,2.3533392,GM12878,0.9246615,0.99017084,1
ENSG00000115486,1.5679893,1.2166936,GM12878,0.93578106,1.0,1
ENSG00000115486,1.5086639,1.2166936,GM12878,0.9063965,1.0,1
ENSG00000115486,1.4812521,1.2166936,GM12878,0.82778776,1.0,1
ENSG00000115486,1.5250504,1.2166936,GM12878,0.89114565,1.0,1
ENSG00000115486,1.4726615,1.2166936,GM12878,0.8177872,0.6747503,1
ENSG00000115504,0.8351958,1.1832699,GM12878,0.93635315,0.26150393,1
ENSG00000115504,0.83467233,1.1832699,GM12878,0.94482565,0.33238232,1
ENSG00000115507,0.78007805,-0.49485,GM12878,0.89321744,1.0,1
ENSG00000115514,1.2624471,1.6383893,GM12878,0.88540465,1.0,1
ENSG00000115520,1.3794646,0.30103,GM12878,0.9062002,1.0,1
ENSG00000115524,1.4433174,2.4675488,GM12878,0.92571527,1.0,1
ENSG00000115524,1.2858312,2.4675488,GM12878,0.9302416,1.0,1
ENSG00000115524,1.3309088,2.4675488,GM12878,0.84398735,0.30440328,1
ENSG00000115525,0.8788923,0.85430604,GM12878,0.8784157,1.0,1
ENSG00000115526,0.80504996,1.2648178,GM12878,0.9204361,1.0,1
ENSG00000115526,0.7679187,1.2648178,GM12878,0.9227211,1.0,1
ENSG00000115526,0.86469984,1.2648178,GM12878,0.9003241,1.0,1
ENSG00000115539,1.4246843,1.2482185,GM12878,0.9083924,1.0,1
ENSG00000115539,1.5181444,1.2482185,GM12878,0.93591064,1.0,1
ENSG00000115539,1.4830154,1.2482185,GM12878,0.937255,1.0,1
ENSG00000115540,1.3273649,1.209515,GM12878,0.8511575,1.0,1
ENSG00000115540,1.3273649,1.209515,GM12878,0.8511575,0.49778622,1
ENSG00000115540,1.3092866,1.209515,GM12878,0.85624576,0.9728059,1
ENSG00000115541,1.4000957,2.3945918,GM12878,0.9085512,1.0,1
ENSG00000115541,1.4000957,2.3945918,GM12878,0.9085512,1.0,1
ENSG00000115541,1.2056315,2.3945918,GM12878,0.8800583,0.9993367,1
ENSG00000115548,1.239784,1.7692295,GM12878,0.8949407,1.0,1
ENSG00000115561,1.2148988,1.4101021,GM12878,0.9396978,1.0,1
ENSG00000115561,1.2592928,1.4101021,GM12878,0.88167083,0.9814607,1
ENSG00000115568,1.0889318,0.4329693,GM12878,0.9551944,1.0,1
ENSG00000115568,0.952831,0.4329693,GM12878,0.9405934,0.1875,1
ENSG00000115590,-0.7439834,-0.92081875,GM12878,0.9927031,1.0,1
ENSG00000115590,-0.7366917,-0.92081875,GM12878,0.9971335,1.0,1
ENSG00000115594,0.14355241,0.30963016,GM12878,0.99004716,1.0,1
ENSG00000115594,0.18960866,0.30963016,GM12878,0.96053153,1.0,1
ENSG00000115607,0.031024933,-0.13667715,GM12878,0.98124975,1.0,1
ENSG00000115616,0.2182722,0.18752073,GM12878,0.9642075,1.0,1
ENSG00000115641,1.0816915,1.0965624,GM12878,0.7921656,0.002469136,1
ENSG00000115641,1.1847491,1.0965624,GM12878,0.76457655,0.2709581,1
ENSG00000115649,1.1677413,1.3816565,GM12878,0.86735946,1.0,1
ENSG00000115649,1.2095033,1.3816565,GM12878,0.93351805,1.0,1
ENSG00000115649,1.0756118,1.3816565,GM12878,0.93018013,1.0,1
ENSG00000115649,1.0702592,1.3816565,GM12878,0.9183763,1.0,1
ENSG00000115652,1.0920358,1.2942457,GM12878,0.8065003,1.0,1
ENSG00000115657,1.034818,1.422918,GM12878,0.9755756,1.0,1
ENSG00000115657,1.0781349,1.422918,GM12878,0.970675,1.0,1
ENSG00000115661,1.2740082,1.4787108,GM12878,0.9231865,1.0,1
ENSG00000115661,1.265895,1.4787108,GM12878,0.9481113,0.9543058,1
ENSG00000115677,1.0467418,2.0262473,GM12878,0.95164466,1.0,1
ENSG00000115677,1.0323513,2.0262473,GM12878,0.9532254,1.0,1
ENSG00000115677,0.95983064,2.0262473,GM12878,0.84724426,0.0,1
ENSG00000115685,0.6442591,1.6084191,GM12878,0.9104266,1.0,1
ENSG00000115685,0.6442591,1.6084191,GM12878,0.9104266,1.0,1
ENSG00000115685,0.65256524,1.6084191,GM12878,0.949567,0.11139241,1
ENSG00000115685,0.65256524,1.6084191,GM12878,0.949567,0.97536945,1
ENSG00000115687,0.7725717,0.9537597,GM12878,0.9498844,1.0,1
ENSG00000115694,1.1930223,2.1803267,GM12878,0.92940277,1.0,1
ENSG00000115694,1.2433851,2.1803267,GM12878,0.94171363,1.0,1
ENSG00000115694,1.1968764,2.1803267,GM12878,0.9405937,0.9843057,1
ENSG00000115694,1.2047642,2.1803267,GM12878,0.9506718,0.771578,1
ENSG00000115694,1.1639345,2.1803267,GM12878,0.9137739,0.24150944,1
ENSG00000115738,0.81819344,1.2607867,GM12878,0.7894254,1.0,1
ENSG00000115750,1.5302749,1.0588055,GM12878,0.8019226,1.0,1
ENSG00000115750,1.5671513,1.0588055,GM12878,0.8719969,0.9504405,1
ENSG00000115756,0.7596646,1.456973,GM12878,0.9113094,1.0,1
ENSG00000115756,0.7589112,1.456973,GM12878,0.9421063,1.0,1
ENSG00000115756,0.7796494,1.456973,GM12878,0.9515103,1.0,1
ENSG00000115756,0.75942713,1.456973,GM12878,0.92686343,1.0,1
ENSG00000115756,0.7767297,1.456973,GM12878,0.8725014,0.3321033,1
ENSG00000115758,1.4646592,2.5652337,GM12878,0.9382927,1.0,1
ENSG00000115758,1.4203825,2.5652337,GM12878,0.8361949,1.0,1
ENSG00000115760,1.1057235,1.7463228,GM12878,0.77599245,1.0,1
ENSG00000115760,1.1162263,1.7463228,GM12878,0.8488583,0.5196051,1
ENSG00000115761,1.343303,1.5507175,GM12878,0.7579046,1.0,1
ENSG00000115761,1.3705391,1.5507175,GM12878,0.84748393,0.8523059,1
ENSG00000115761,1.3332734,1.5507175,GM12878,0.8505073,0.9392878,1
ENSG00000115762,0.8685437,1.6927588,GM12878,0.8997476,1.0,1
ENSG00000115762,0.8616984,1.6927588,GM12878,0.9114135,1.0,1
ENSG00000115762,0.8845817,1.6927588,GM12878,0.9145679,1.0,1
ENSG00000115762,0.8845817,1.6927588,GM12878,0.9145679,0.98125,1
ENSG00000115762,0.8742008,1.6927588,GM12878,0.92744935,0.99749655,1
ENSG00000115806,1.4908283,2.2171416,GM12878,0.8675353,1.0,1
ENSG00000115806,1.6436099,2.2171416,GM12878,0.8081393,0.70474124,1
ENSG00000115808,1.0019931,1.343999,GM12878,0.9159483,1.0,1
ENSG00000115816,1.4353893,1.500648,GM12878,0.9471829,1.0,1
ENSG00000115825,0.8600824,1.2695129,GM12878,0.7225934,1.0,1
ENSG00000115827,1.1075265,1.3891661,GM12878,0.8412385,1.0,1
ENSG00000115827,1.1075265,1.3891661,GM12878,0.8412385,1.0,1
ENSG00000115827,1.1272806,1.3891661,GM12878,0.87075335,1.0,1
ENSG00000115827,1.1361394,1.3891661,GM12878,0.8911735,0.8977505,1
ENSG00000115827,1.1927845,1.3891661,GM12878,0.8895479,0.58030593,1
ENSG00000115839,1.2104375,1.2392995,GM12878,0.9006122,1.0,1
ENSG00000115839,1.2547472,1.2392995,GM12878,0.92677176,1.0,1
ENSG00000115839,1.2381811,1.2392995,GM12878,0.30340263,0.0,1
ENSG00000115840,1.2790139,1.3991543,GM12878,0.82971877,1.0,1
ENSG00000115840,1.2561089,1.3991543,GM12878,0.85318744,0.05656304,1
ENSG00000115840,1.2054154,1.3991543,GM12878,0.88267314,0.9981727,1
ENSG00000115841,0.8207733,0.17897695,GM12878,0.88331944,1.0,1
ENSG00000115841,0.75232524,0.17897695,GM12878,0.90113366,0.3119266,1
ENSG00000115850,0.0051651224,-0.92081875,GM12878,0.98212737,1.0,1
ENSG00000115866,1.4051313,2.2408736,GM12878,0.87901115,1.0,1
ENSG00000115866,1.4410838,2.2408736,GM12878,0.8794044,0.9185604,1
ENSG00000115875,1.3297305,2.6917796,GM12878,0.9267401,1.0,1
ENSG00000115875,1.4437711,2.6917796,GM12878,0.8220423,0.54516155,1
ENSG00000115875,1.4059474,2.6917796,GM12878,0.8450666,0.19339581,1
ENSG00000115884,0.14753981,0.09342168,GM12878,0.9964805,1.0,1
ENSG00000115896,0.65516067,1.0606978,GM12878,0.9269805,1.0,1
ENSG00000115896,0.7565639,1.0606978,GM12878,0.9129643,1.0,1
ENSG00000115902,0.8092776,0.9068735,GM12878,0.9493782,1.0,1
ENSG00000115902,0.8589089,0.9068735,GM12878,0.9618311,0.9907039,1
ENSG00000115904,1.1830432,1.3314273,GM12878,0.8939685,1.0,1
ENSG00000115919,0.15431456,0.96567196,GM12878,0.97411025,1.0,1
ENSG00000115919,-0.0193898,0.96567196,GM12878,0.9815372,0.77539504,1
ENSG00000115935,-0.47137612,0.24303804,GM12878,0.9938915,1.0,1
ENSG00000115935,-0.50913,0.24303804,GM12878,0.99338996,1.0,1
ENSG00000115935,-0.5196853,0.24303804,GM12878,0.9937,1.0,1
ENSG00000115935,-0.49742144,0.24303804,GM12878,0.95175976,1.0,1
ENSG00000115942,1.2361557,1.1283993,GM12878,0.92025566,1.0,1
ENSG00000115944,1.1957589,2.1067007,GM12878,0.8885649,1.0,1
ENSG00000115944,1.1957589,2.1067007,GM12878,0.8885649,1.0,1
ENSG00000115944,1.142523,2.1067007,GM12878,0.9135527,1.0,1
ENSG00000115946,1.3769038,1.2794387,GM12878,0.8355641,1.0,1
ENSG00000115946,1.2849475,1.2794387,GM12878,0.8732533,1.0,1
ENSG00000115947,1.197267,1.7611005,GM12878,0.8573975,1.0,1
ENSG00000115947,1.1964554,1.7611005,GM12878,0.8522869,1.0,1
ENSG00000115956,0.17791629,-0.79588,GM12878,0.9846704,1.0,1
ENSG00000115956,0.133151,-0.79588,GM12878,0.9805941,1.0,1
ENSG00000115956,0.19701882,-0.79588,GM12878,0.93303365,1.0,1
ENSG00000115966,1.3430505,1.9419584,GM12878,0.8901319,0.006829017,1
ENSG00000115966,1.2960627,1.9419584,GM12878,0.8517228,0.32899937,1
ENSG00000115966,1.350886,1.9419584,GM12878,0.9072,0.99808794,1
ENSG00000115966,1.2262264,1.9419584,GM12878,0.8935442,0.68267035,1
ENSG00000115966,1.2981765,1.9419584,GM12878,0.27190086,0.30421573,1
ENSG00000115970,1.4503706,1.1908917,GM12878,0.79257137,1.0,1
ENSG00000115970,1.4082116,1.1908917,GM12878,0.36693087,0.013513514,1
ENSG00000115977,1.3164003,0.5237465,GM12878,0.8579478,1.0,1
ENSG00000115993,0.85329473,0.8299467,GM12878,0.9435739,1.0,1
ENSG00000115993,0.93407506,0.8299467,GM12878,0.93642336,1.0,1
ENSG00000115998,1.4789286,0.7143298,GM12878,0.8916487,1.0,1
ENSG00000116001,1.4290596,1.9482663,GM12878,0.8789722,1.0,1
ENSG00000116001,1.5617223,1.9482663,GM12878,0.9118551,1.0,1
ENSG00000116001,1.5528927,1.9482663,GM12878,0.78351897,0.76545167,1
ENSG00000116005,0.74696213,1.0409977,GM12878,0.96013445,1.0,1
ENSG00000116016,0.81599045,0.86093664,GM12878,0.940774,1.0,1
ENSG00000116016,0.81552404,0.86093664,GM12878,0.9558784,1.0,1
ENSG00000116016,0.8077948,0.86093664,GM12878,0.9461348,1.0,1
ENSG00000116030,1.0275654,1.7703364,GM12878,0.81459415,1.0,1
ENSG00000116030,1.0871418,1.7703364,GM12878,0.7841269,0.9948718,1
ENSG00000116030,1.1144143,1.7703364,GM12878,0.8426518,0.69074935,1
ENSG00000116062,1.1345764,1.7057782,GM12878,0.8384956,1.0,1
ENSG00000116062,1.0997564,1.7057782,GM12878,0.9381142,0.110888444,1
ENSG00000116095,1.066056,1.172311,GM12878,0.9484836,1.0,1
ENSG00000116095,1.0376785,1.172311,GM12878,0.9177005,1.0,1
ENSG00000116096,0.49828,1.2579185,GM12878,0.9760247,1.0,1
ENSG00000116120,1.2795844,1.774444,GM12878,0.8455775,1.0,1
ENSG00000116127,1.0083861,0.9334873,GM12878,0.9208815,1.0,1
ENSG00000116127,1.0526025,0.9334873,GM12878,0.8763894,0.17351598,1
ENSG00000116127,1.0597383,0.9334873,GM12878,0.90836716,0.9183938,1
ENSG00000118242,0.6048327,0.20139712,GM12878,0.94950813,1.0,1
ENSG00000118246,1.0006028,1.5659658,GM12878,0.87394243,1.0,1
ENSG00000118246,1.0773239,1.5659658,GM12878,0.9129938,1.0,1
ENSG00000118246,1.2821933,1.5659658,GM12878,0.88038135,1.0,1
ENSG00000118246,1.1596055,1.5659658,GM12878,0.8531537,1.0,1
ENSG00000118246,1.1031054,1.5659658,GM12878,0.9403635,1.0,1
ENSG00000118246,1.1794462,1.5659658,GM12878,0.8724164,1.0,1
ENSG00000118260,1.1029427,1.5997739,GM12878,0.9268124,1.0,1
ENSG00000118260,1.2861744,1.5997739,GM12878,0.85549706,1.0,1
ENSG00000118260,1.2667193,1.5997739,GM12878,0.8503984,1.0,1
ENSG00000118260,1.234502,1.5997739,GM12878,0.877511,1.0,1
ENSG00000118260,1.2530587,1.5997739,GM12878,0.9104446,1.0,1
ENSG00000118260,1.0881861,1.5997739,GM12878,0.9307401,1.0,1
ENSG00000118260,1.1642755,1.5997739,GM12878,0.93846893,1.0,1
ENSG00000118260,1.2459412,1.5997739,GM12878,0.6560551,0.2573052,1
ENSG00000118307,1.0938959,-0.61978877,GM12878,0.9300392,1.0,1
ENSG00000118308,0.46843046,1.0572857,GM12878,0.9545631,1.0,1
ENSG00000118308,0.37992847,1.0572857,GM12878,0.9169507,0.22782609,1
ENSG00000118308,0.32411766,1.0572857,GM12878,0.97110724,0.75272727,1
ENSG00000118308,0.42892545,1.0572857,GM12878,0.9297205,0.95780593,1
ENSG00000118308,0.38992238,1.0572857,GM12878,0.9615179,0.98480666,1
ENSG00000118600,0.9218122,1.1610684,GM12878,0.8173976,1.0,1
ENSG00000118600,0.91730845,1.1610684,GM12878,0.86755455,0.007231405,1
ENSG00000118640,1.1176486,2.3129175,GM12878,0.9499896,1.0,1
ENSG00000118960,0.90027285,0.587711,GM12878,0.9612246,1.0,1
ENSG00000118960,0.86608064,0.587711,GM12878,0.9658301,1.0,1
ENSG00000118961,0.97848487,1.6205524,GM12878,0.9083287,1.0,1
ENSG00000118961,0.9953793,1.6205524,GM12878,0.90871733,1.0,1
ENSG00000118961,1.0675539,1.6205524,GM12878,0.877492,0.85960317,1
ENSG00000118961,1.0156164,1.6205524,GM12878,0.8107771,1.0,1
ENSG00000118961,1.0156164,1.6205524,GM12878,0.8107771,1.0,1
ENSG00000118961,0.98938173,1.6205524,GM12878,0.8795979,0.86384094,1
ENSG00000118965,0.59534943,0.8182259,GM12878,0.97055954,1.0,1
ENSG00000118965,0.5963166,0.8182259,GM12878,0.97402984,1.0,1
ENSG00000118965,0.6470961,0.8182259,GM12878,0.90967155,1.0,1
ENSG00000118965,0.6353593,0.8182259,GM12878,0.9687321,1.0,1
ENSG00000118965,0.63676465,0.8182259,GM12878,0.96453285,1.0,1
ENSG00000118965,0.6029263,0.8182259,GM12878,0.96939206,1.0,1
ENSG00000118965,0.59496206,0.8182259,GM12878,0.9716377,0.95681065,1
ENSG00000118965,0.5987806,0.8182259,GM12878,0.9021325,0.9547826,1
ENSG00000118965,0.61462814,0.8182259,GM12878,0.8866128,0.046875,1
ENSG00000118971,1.0620553,1.4967914,GM12878,0.9346518,1.0,1
ENSG00000118997,0.93005157,-0.36653155,GM12878,0.9426741,1.0,1
ENSG00000119004,1.3986002,0.8876173,GM12878,0.89436984,1.0,1
ENSG00000119004,1.3004291,0.8876173,GM12878,0.92323285,1.0,1
ENSG00000119004,1.4034505,0.8876173,GM12878,0.8058042,0.29467085,1
ENSG00000119004,1.410697,0.8876173,GM12878,0.8526169,0.8089431,1
ENSG00000119004,1.3674078,0.8876173,GM12878,0.8847277,0.030612245,1
ENSG00000119004,1.3298208,0.8876173,GM12878,0.92610395,0.73277074,1
ENSG00000119013,1.3328207,2.0301137,GM12878,0.9297208,1.0,1
ENSG00000119013,1.3842919,2.0301137,GM12878,0.9050111,0.09055492,1
ENSG00000119013,1.372669,2.0301137,GM12878,0.60496265,0.018258283,1
ENSG00000119041,1.0876163,1.6016254,GM12878,0.7930537,1.0,1
ENSG00000119041,1.0791079,1.6016254,GM12878,0.8947384,1.0,1
ENSG00000119042,1.0265956,0.8627275,GM12878,0.87866235,1.0,1
ENSG00000119042,1.0303136,0.8627275,GM12878,0.90963596,1.0,1
ENSG00000119185,1.0927081,1.808211,GM12878,0.87671095,1.0,1
ENSG00000119185,1.1524893,1.808211,GM12878,0.9097191,1.0,1
ENSG00000119185,1.2108223,1.808211,GM12878,0.82594866,0.98585904,1
ENSG00000119185,1.207526,1.808211,GM12878,0.89011985,0.8656399,1
ENSG00000119185,1.1524893,1.808211,GM12878,0.9097191,0.93703705,1
ENSG00000119185,1.1524893,1.808211,GM12878,0.9097191,0.9322034,1
ENSG00000119203,1.1454563,1.6127839,GM12878,0.93436503,1.0,1
ENSG00000119242,0.87734973,0.5786392,GM12878,0.9437258,1.0,1
ENSG00000119242,0.88453454,0.5786392,GM12878,0.86879295,0.1969697,1
ENSG00000119729,1.1046295,1.2372923,GM12878,0.89013064,1.0,1
ENSG00000119729,1.1785703,1.2372923,GM12878,0.91835356,1.0,1
ENSG00000119760,1.4047526,1.7847599,GM12878,0.926714,1.0,1
ENSG00000119760,1.2661996,1.7847599,GM12878,0.92250216,0.98817444,1
ENSG00000119760,1.3289188,1.7847599,GM12878,0.863279,0.9878512,1
ENSG00000119771,-0.5145012,-0.92081875,GM12878,0.99672663,1.0,1
ENSG00000119772,0.47605836,0.5693739,GM12878,0.9701933,1.0,1
ENSG00000119772,0.45035225,0.5693739,GM12878,0.97746575,1.0,1
ENSG00000119772,0.4954096,0.5693739,GM12878,0.97814584,0.01438849,1
ENSG00000119777,1.8804221,1.8829796,GM12878,0.7827093,1.0,1
ENSG00000119777,1.8505957,1.8829796,GM12878,0.8983574,0.9908821,1
ENSG00000119777,1.83847,1.8829796,GM12878,0.7881312,0.9938883,1
ENSG00000119778,1.1724846,0.95327634,GM12878,0.91596407,1.0,1
ENSG00000119778,1.1660544,0.95327634,GM12878,0.93172085,1.0,1
ENSG00000119778,1.2070416,0.95327634,GM12878,0.9031354,1.0,1
ENSG00000119787,1.4068116,1.7223871,GM12878,0.89401007,1.0,1
ENSG00000119787,1.3759494,1.7223871,GM12878,0.7885545,1.0,1
ENSG00000119787,1.3171388,1.7223871,GM12878,0.8370434,1.0,1
ENSG00000119787,1.2676531,1.7223871,GM12878,0.93757015,1.0,1
ENSG00000119801,1.1053007,1.4575791,GM12878,0.94553053,1.0,1
ENSG00000119801,1.2061552,1.4575791,GM12878,0.916316,1.0,1
ENSG00000119801,1.121193,1.4575791,GM12878,0.9020259,0.01778809,1
ENSG00000119801,1.1053007,1.4575791,GM12878,0.94553053,0.22181372,1
ENSG00000119801,1.1595652,1.4575791,GM12878,0.82689226,0.0033670033,1
ENSG00000119801,1.1595652,1.4575791,GM12878,0.82689226,0.02688172,1
ENSG00000119812,0.9348991,1.8899177,GM12878,0.9063513,1.0,1
ENSG00000119812,0.85690117,1.8899177,GM12878,0.889591,1.0,1
ENSG00000119812,0.9103322,1.8899177,GM12878,0.89920145,1.0,1
ENSG00000119812,0.8668931,1.8899177,GM12878,0.9080003,0.97541213,1
ENSG00000119820,1.1974034,1.209783,GM12878,0.9472875,1.0,1
ENSG00000119820,1.2035474,1.209783,GM12878,0.9029476,1.0,1
ENSG00000119844,1.0827478,1.1883659,GM12878,0.71443474,1.0,1
ENSG00000119844,1.0042236,1.1883659,GM12878,0.9120935,0.437788,1
ENSG00000119862,0.19472985,-0.39794,GM12878,0.9829622,1.0,1
ENSG00000119878,1.2059512,0.96567196,GM12878,0.866447,1.0,1
ENSG00000119888,1.2491486,1.6857418,GM12878,0.94633025,1.0,1
ENSG00000119888,1.1734772,1.6857418,GM12878,0.91780436,1.0,1
ENSG00000120647,1.0726973,1.1072099,GM12878,0.9250886,1.0,1
ENSG00000120647,1.1543113,1.1072099,GM12878,0.8058204,0.4965035,1
ENSG00000120798,0.83562815,1.542452,GM12878,0.9399897,1.0,1
ENSG00000120798,0.8558217,1.542452,GM12878,0.8178908,0.26685795,1
ENSG00000120800,0.7379838,1.141136,GM12878,0.8801437,1.0,1
ENSG00000120800,0.78767097,1.141136,GM12878,0.8120912,1.0,1
ENSG00000120802,1.413059,2.0572476,GM12878,0.6442126,1.0,1
ENSG00000120802,1.4833345,2.0572476,GM12878,0.9276907,1.0,1
ENSG00000120805,1.0488349,1.9766709,GM12878,0.92960006,1.0,1
ENSG00000120805,1.105337,1.9766709,GM12878,0.91153425,1.0,1
ENSG00000120805,1.1274142,1.9766709,GM12878,0.856154,1.0,1
ENSG00000120805,1.1274142,1.9766709,GM12878,0.856154,1.0,1
ENSG00000120805,1.1013107,1.9766709,GM12878,0.82248616,0.95432585,1
ENSG00000120832,1.2343558,1.3836359,GM12878,0.93211746,1.0,1
ENSG00000120833,1.0377873,1.8873359,GM12878,0.90589345,1.0,1
ENSG00000120833,1.0377873,1.8873359,GM12878,0.90589345,1.0,1
ENSG00000120833,1.0401528,1.8873359,GM12878,0.91991013,1.0,1
ENSG00000120837,0.88584197,1.4305588,GM12878,0.9423189,1.0,1
ENSG00000120837,0.93459594,1.4305588,GM12878,0.9383265,1.0,1
ENSG00000120837,0.93459594,1.4305588,GM12878,0.9383265,1.0,1
ENSG00000120860,0.8713475,1.5761108,GM12878,0.8788917,1.0,1
ENSG00000120860,0.82437897,1.5761108,GM12878,0.4013893,0.0700961,1
ENSG00000120868,1.1639317,1.0326188,GM12878,0.93809503,1.0,1
ENSG00000120868,1.2028365,1.0326188,GM12878,0.8652683,0.9823232,1
ENSG00000120868,1.1351535,1.0326188,GM12878,0.9200878,1.0,1
ENSG00000121152,1.3766468,1.7512791,GM12878,0.9341412,1.0,1
ENSG00000121152,1.5137147,1.7512791,GM12878,0.7549851,1.0,1
ENSG00000121152,1.503145,1.7512791,GM12878,0.9473175,0.9639483,1
ENSG00000121152,1.5144138,1.7512791,GM12878,0.9476943,0.8500517,1
ENSG00000121152,1.5599018,1.7512791,GM12878,0.9439283,0.3287037,1
ENSG00000121316,0.6590915,1.4056878,GM12878,0.87235385,1.0,1
ENSG00000121350,1.0237079,0.79588,GM12878,0.9060145,1.0,1
ENSG00000121350,0.979524,0.79588,GM12878,0.9498951,1.0,1
ENSG00000121350,0.9642852,0.79588,GM12878,0.78006285,0.72845954,1
ENSG00000121749,1.1056366,1.57841,GM12878,0.9371163,1.0,1
ENSG00000121749,1.1842275,1.57841,GM12878,0.8345539,0.0,1
ENSG00000121749,1.127662,1.57841,GM12878,0.81625843,0.0064102565,1
ENSG00000121749,1.1131027,1.57841,GM12878,0.93672913,0.9831731,1
ENSG00000121749,1.1679649,1.57841,GM12878,0.85456717,0.058092948,1
ENSG00000121964,1.1625844,0.9127533,GM12878,0.7602861,1.0,1
ENSG00000121988,1.1371493,1.1658376,GM12878,0.8419711,1.0,1
ENSG00000121988,1.1745553,1.1658376,GM12878,0.83296365,0.0,1
ENSG00000121989,0.62684983,-0.04095861,GM12878,0.9139006,1.0,1
ENSG00000122085,1.3330553,1.2977605,GM12878,0.7656307,1.0,1
ENSG00000122085,1.3191296,1.2977605,GM12878,0.9434246,0.010638298,1
ENSG00000122085,1.1751237,1.2977605,GM12878,0.884695,0.12345679,1
ENSG00000122085,1.2865853,1.2977605,GM12878,0.92693615,0.8217593,1
ENSG00000122085,1.0926428,1.2977605,GM12878,0.90539837,0.60914177,1
ENSG00000122965,1.3742762,1.2516382,GM12878,0.94102085,1.0,1
ENSG00000122965,1.4789042,1.2516382,GM12878,0.9427734,1.0,1
ENSG00000122966,1.4230778,1.3463529,GM12878,0.8098118,1.0,1
ENSG00000122966,1.3245997,1.3463529,GM12878,0.9309525,0.98638135,1
ENSG00000122970,1.2058082,0.81557775,GM12878,0.8972993,1.0,1
ENSG00000122971,0.92575264,1.0468851,GM12878,0.9677212,1.0,1
ENSG00000122986,-0.009189621,0.31175387,GM12878,0.99837166,1.0,1
ENSG00000122986,-0.025201932,0.31175387,GM12878,0.99452114,1.0,1
ENSG00000122986,-0.013410881,0.31175387,GM12878,0.9892265,0.97333336,1
ENSG00000123064,1.4599229,1.7327154,GM12878,0.9251204,1.0,1
ENSG00000123066,0.85526335,1.5703094,GM12878,0.9286277,1.0,1
ENSG00000123104,0.40770495,-0.06550155,GM12878,0.9608073,1.0,1
ENSG00000123104,0.4330353,-0.06550155,GM12878,0.94809455,1.0,1
ENSG00000123106,1.2971504,1.3641757,GM12878,0.80204856,1.0,1
ENSG00000123106,1.313681,1.3641757,GM12878,0.9331689,1.0,1
ENSG00000123106,1.3216456,1.3641757,GM12878,0.93649435,1.0,1
ENSG00000123106,1.3446376,1.3641757,GM12878,0.9053837,1.0,1
ENSG00000123106,1.2274508,1.3641757,GM12878,0.927119,1.0,1
ENSG00000123106,1.2909526,1.3641757,GM12878,0.8886383,0.05717916,1
ENSG00000123106,1.2730867,1.3641757,GM12878,0.87986743,0.021601016,1
ENSG00000123268,1.2722704,1.832892,GM12878,0.88150835,1.0,1
ENSG00000123297,1.401561,1.5182507,GM12878,0.45124158,0.48857868,1
ENSG00000123297,1.3979944,1.5182507,GM12878,0.7835065,0.85376346,1
ENSG00000123329,0.3736452,1.0704073,GM12878,0.99265575,1.0,1
ENSG00000123329,0.35585576,1.0704073,GM12878,0.9851597,0.94049907,1
ENSG00000123338,0.5063194,1.5537617,GM12878,0.97770166,1.0,1
ENSG00000123349,1.3986795,2.9257915,GM12878,0.9474743,1.0,1
ENSG00000123349,1.2887256,2.9257915,GM12878,0.93982214,0.6959459,1
ENSG00000123349,1.3136613,2.9257915,GM12878,0.9410137,0.047885645,1
ENSG00000123349,1.3419604,2.9257915,GM12878,0.29174432,0.022023737,1
ENSG00000123349,1.3537688,2.9257915,GM12878,0.2954613,0.013575219,1
ENSG00000123349,1.331398,2.9257915,GM12878,0.9404969,0.93028396,1
ENSG00000123349,1.4097254,2.9257915,GM12878,0.38759062,0.9937535,1
ENSG00000123352,1.2465354,1.4935975,GM12878,0.9230507,1.0,1
ENSG00000123352,1.2738667,1.4935975,GM12878,0.63662463,0.47153124,1
ENSG00000123352,1.3003532,1.4935975,GM12878,0.8364681,0.13838384,1
ENSG00000123352,1.2112159,1.4935975,GM12878,0.8334723,0.022909507,1
ENSG00000123352,1.2751744,1.4935975,GM12878,0.79888046,0.039215688,1
ENSG00000123353,1.2125435,1.3548764,GM12878,0.9084497,1.0,1
ENSG00000123358,0.7019365,0.3283796,GM12878,0.974683,1.0,1
ENSG00000123358,0.68593895,0.3283796,GM12878,0.9493827,0.0,1
ENSG00000123374,1.4031435,2.2174313,GM12878,0.9210646,1.0,1
ENSG00000123374,1.4111854,2.2174313,GM12878,0.87330556,0.9916879,1
ENSG00000123374,1.3690846,2.2174313,GM12878,0.8572317,0.9362171,1
ENSG00000123384,0.63687664,-0.4436975,GM12878,0.98400533,1.0,1
ENSG00000123395,1.4659678,1.5259514,GM12878,0.8805989,1.0,1
ENSG00000123395,1.3721365,1.5259514,GM12878,0.90256494,1.0,1
ENSG00000123411,1.4995348,0.77524626,GM12878,0.8391132,1.0,1
ENSG00000123411,1.4992244,0.77524626,GM12878,0.89843273,1.0,1
ENSG00000123411,1.4877877,0.77524626,GM12878,0.8595819,1.0,1
ENSG00000123411,1.5390238,0.77524626,GM12878,0.68403625,0.8654292,1
ENSG00000123415,1.1724226,1.5917323,GM12878,0.9215574,1.0,1
ENSG00000123415,1.1350249,1.5917323,GM12878,0.90752614,1.0,1
ENSG00000123415,1.1350249,1.5917323,GM12878,0.90752614,1.0,1
ENSG00000123415,1.3020312,1.5917323,GM12878,0.8526352,1.0,1
ENSG00000123415,1.303882,1.5917323,GM12878,0.8674721,1.0,1
ENSG00000123415,1.3787694,1.5917323,GM12878,0.67680705,1.0,1
ENSG00000123415,1.2689192,1.5917323,GM12878,0.84836364,0.2173913,1
ENSG00000123415,1.2877369,1.5917323,GM12878,0.31627753,0.0786802,1
ENSG00000123416,1.4585438,3.5772781,GM12878,0.93959033,1.0,1
ENSG00000123427,0.99159944,1.141136,GM12878,0.9284991,1.0,1
ENSG00000123427,1.1253438,1.141136,GM12878,0.93928915,0.7287273,1
ENSG00000123485,1.2679732,1.9139198,GM12878,0.6773786,1.0,1
ENSG00000123600,1.1428382,1.4321673,GM12878,0.8552343,1.0,1
ENSG00000123600,1.1086377,1.4321673,GM12878,0.9210501,1.0,1
ENSG00000123600,1.1948748,1.4321673,GM12878,0.22740802,1.0,1
ENSG00000123600,1.1980081,1.4321673,GM12878,0.8932201,0.22931938,1
ENSG00000123600,1.1086377,1.4321673,GM12878,0.9210501,0.3387978,1
ENSG00000123607,1.1649513,1.4080703,GM12878,0.9169901,1.0,1
ENSG00000123609,1.2299397,1.0895519,GM12878,0.8714761,1.0,1
ENSG00000123609,1.2483454,1.0895519,GM12878,0.93814504,1.0,1
ENSG00000123609,1.1875558,1.0895519,GM12878,0.91369426,1.0,1
ENSG00000123609,1.1910589,1.0895519,GM12878,0.91853064,1.0,1
ENSG00000123609,1.2086575,1.0895519,GM12878,0.9215476,1.0,1
ENSG00000123609,1.1948159,1.0895519,GM12878,0.91932935,0.981893,1
ENSG00000123610,-0.024508558,-0.92081875,GM12878,0.9889613,1.0,1
ENSG00000123610,0.037873983,-0.92081875,GM12878,0.9773685,1.0,1
ENSG00000123636,1.0576938,1.2000293,GM12878,0.8967606,1.0,1
ENSG00000123983,1.1629446,1.913496,GM12878,0.77704203,1.0,1
ENSG00000123989,0.8391203,0.99913055,GM12878,0.9520568,1.0,1
ENSG00000123989,0.7786277,0.99913055,GM12878,0.9500608,1.0,1
ENSG00000123992,1.2738444,1.6747693,GM12878,0.75988585,1.0,1
ENSG00000123992,1.2968647,1.6747693,GM12878,0.9239244,1.0,1
ENSG00000123992,1.3481681,1.6747693,GM12878,0.9431474,1.0,1
ENSG00000124356,1.1767917,1.548635,GM12878,0.94398683,1.0,1
ENSG00000124356,1.2262163,1.548635,GM12878,0.89737993,1.0,1
ENSG00000124356,1.270978,1.548635,GM12878,0.9279715,1.0,1
ENSG00000124357,1.0887454,0.9175055,GM12878,0.9419942,1.0,1
ENSG00000124370,1.2254064,1.3666097,GM12878,0.84242797,1.0,1
ENSG00000124374,-0.109024525,-0.69897,GM12878,0.9927436,1.0,1
ENSG00000124380,1.3175356,1.6141587,GM12878,0.9355212,1.0,1
ENSG00000124380,1.4029756,1.6141587,GM12878,0.9347123,1.0,1
ENSG00000124380,1.4013488,1.6141587,GM12878,0.8803521,1.0,1
ENSG00000124380,1.3386347,1.6141587,GM12878,0.8222501,1.0,1
ENSG00000124380,1.4012203,1.6141587,GM12878,0.8767027,1.0,1
ENSG00000124383,1.1865219,1.3898746,GM12878,0.8948492,1.0,1
ENSG00000124383,1.0753143,1.3898746,GM12878,0.8891704,1.0,1
ENSG00000124831,0.9780837,1.2491983,GM12878,0.88751,1.0,1
ENSG00000124831,1.0526727,1.2491983,GM12878,0.8800099,1.0,1
ENSG00000124831,0.93391716,1.2491983,GM12878,0.9262767,1.0,1
ENSG00000124831,1.0246726,1.2491983,GM12878,0.8880086,1.0,1
ENSG00000124831,0.98119783,1.2491983,GM12878,0.88271505,0.0074850298,1
ENSG00000125538,-0.4020115,-0.79588,GM12878,0.9933937,1.0,1
ENSG00000125551,-0.0923662,-0.63827217,GM12878,0.98612297,1.0,1
ENSG00000125571,-0.394549,-0.88605666,GM12878,0.98406327,1.0,1
ENSG00000125611,1.2358539,1.1863912,GM12878,0.91384935,1.0,1
ENSG00000125611,1.224736,1.1863912,GM12878,0.93526053,1.0,1
ENSG00000125629,0.813255,1.3870337,GM12878,0.7744671,1.0,1
ENSG00000125629,0.95510256,1.3870337,GM12878,0.8000415,1.0,1
ENSG00000125629,0.93112576,1.3870337,GM12878,0.90036345,1.0,1
ENSG00000125629,0.7149074,1.3870337,GM12878,0.8545339,0.47379795,1
ENSG00000125630,1.4022585,1.499137,GM12878,0.8735409,1.0,1
ENSG00000125630,1.4629892,1.499137,GM12878,0.8442997,1.0,1
ENSG00000125630,1.4738166,1.499137,GM12878,0.17389512,0.062063616,1
ENSG00000125630,1.4627702,1.499137,GM12878,0.90313,0.93,1
ENSG00000125633,0.653283,1.1658376,GM12878,0.89277905,1.0,1
ENSG00000125637,1.5429894,1.0081742,GM12878,0.9366026,1.0,1
ENSG00000125637,1.5955462,1.0081742,GM12878,0.6832318,1.0,1
ENSG00000125637,1.5225863,1.0081742,GM12878,0.82145727,1.0,1
ENSG00000125637,1.4851239,1.0081742,GM12878,0.88650984,1.0,1
ENSG00000125637,1.4907146,1.0081742,GM12878,0.92485726,1.0,1
ENSG00000125637,1.5689005,1.0081742,GM12878,0.93731046,1.0,1
ENSG00000125637,1.5660578,1.0081742,GM12878,0.90157837,1.0,1
ENSG00000125637,1.502868,1.0081742,GM12878,0.9444789,1.0,1
ENSG00000125637,1.5261607,1.0081742,GM12878,0.78685975,1.0,1
ENSG00000125637,1.4447162,1.0081742,GM12878,0.94289833,1.0,1
ENSG00000126746,1.731077,1.548635,GM12878,0.8962098,1.0,1
ENSG00000126746,1.5357723,1.548635,GM12878,0.9258118,0.20787746,1
ENSG00000127311,0.9007005,0.4756712,GM12878,0.8822633,1.0,1
ENSG00000127311,0.9945283,0.4756712,GM12878,0.90537196,1.0,1
ENSG00000127311,0.8956861,0.4756712,GM12878,0.9277965,1.0,1
ENSG00000127311,0.8640009,0.4756712,GM12878,0.8940843,1.0,1
ENSG00000127311,0.9095752,0.4756712,GM12878,0.9421603,0.8467433,1
ENSG00000127314,1.110784,2.2907023,GM12878,0.86970323,1.0,1
ENSG00000127314,1.0385422,2.2907023,GM12878,0.9514937,1.0,1
ENSG00000127314,1.110784,2.2907023,GM12878,0.86970323,0.8893035,1
ENSG00000127314,0.9717747,2.2907023,GM12878,0.9235243,0.54487586,1
ENSG00000127314,1.024158,2.2907023,GM12878,0.90141505,0.9493011,1
ENSG00000127314,1.0260532,2.2907023,GM12878,0.92803824,0.97630507,1
ENSG00000127328,0.63328576,1.20412,GM12878,0.82060623,1.0,1
ENSG00000127328,0.7670865,1.20412,GM12878,0.9096663,0.03137255,1
ENSG00000127329,0.2274629,0.11394335,GM12878,0.98378205,1.0,1
ENSG00000127329,0.33367813,0.11394335,GM12878,0.98582494,1.0,1
ENSG00000127329,0.17276353,0.11394335,GM12878,0.9868552,1.0,1
ENSG00000127329,0.19246608,0.11394335,GM12878,0.9857342,1.0,1
ENSG00000127329,0.2859959,0.11394335,GM12878,0.9831776,1.0,1
ENSG00000127329,0.23651376,0.11394335,GM12878,0.9809523,1.0,1
ENSG00000127334,0.65844965,0.9973864,GM12878,0.9353938,0.5381485,1
ENSG00000127337,1.1466707,1.538825,GM12878,0.94743615,1.0,1
ENSG00000127720,1.0647045,0.13672057,GM12878,0.86242634,1.0,1
ENSG00000127720,1.0647045,0.13672057,GM12878,0.86242634,1.0,1
ENSG00000127831,0.45502973,-0.27572414,GM12878,0.98650056,1.0,1
ENSG00000127831,0.4925514,-0.27572414,GM12878,0.98442936,1.0,1
ENSG00000127837,1.1435555,1.5370631,GM12878,0.846981,1.0,1
ENSG00000128641,-0.55258435,-0.92081875,GM12878,0.99440765,1.0,1
ENSG00000128654,1.1963623,2.0857186,GM12878,0.7598572,1.0,1
ENSG00000128654,1.0652401,2.0857186,GM12878,0.8014729,0.04629921,1
ENSG00000128656,-0.16327263,-0.10237291,GM12878,0.98780805,1.0,1
ENSG00000128656,-0.23201156,-0.10237291,GM12878,0.9304475,1.0,1
ENSG00000128694,1.289905,0.924796,GM12878,0.88468903,1.0,1
ENSG00000128694,1.3715446,0.924796,GM12878,0.8711202,0.76880985,1
ENSG00000128699,0.9346584,1.7199938,GM12878,0.8151171,1.0,1
ENSG00000128699,0.9774695,1.7199938,GM12878,0.74722725,1.0,1
ENSG00000128699,0.8621228,1.7199938,GM12878,0.77920943,1.0,1
ENSG00000128699,0.9274787,1.7199938,GM12878,0.7778243,0.7994707,1
ENSG00000128708,1.6062799,2.2692094,GM12878,0.82397276,1.0,1
ENSG00000128708,1.6279976,2.2692094,GM12878,0.89467514,0.9689303,1
ENSG00000128708,1.513747,2.2692094,GM12878,0.82958627,0.9924983,1
ENSG00000129315,1.500279,1.5712428,GM12878,0.82786834,1.0,1
ENSG00000129315,1.5489402,1.5712428,GM12878,0.7453976,0.6581071,1
ENSG00000129317,1.1231415,1.3016809,GM12878,0.9459271,1.0,1
ENSG00000129317,1.0671909,1.3016809,GM12878,0.8529547,0.5429395,1
ENSG00000130038,0.8388732,0.8645111,GM12878,0.9158996,1.0,1
ENSG00000130038,0.83292973,0.8645111,GM12878,0.9335146,1.0,1
ENSG00000130414,1.1571791,1.9393694,GM12878,0.85968846,1.0,1
ENSG00000130783,-0.22591451,-0.124938734,GM12878,0.98784655,1.0,1
ENSG00000130787,1.1097739,1.0941216,GM12878,0.8660357,1.0,1
ENSG00000130921,1.2571309,1.1048284,GM12878,0.88061583,1.0,1
ENSG00000132300,1.2280742,2.152533,GM12878,0.8338666,1.0,1
ENSG00000132300,1.2640533,2.152533,GM12878,0.9033029,1.0,1
ENSG00000132300,1.2889671,2.152533,GM12878,0.9106601,1.0,1
ENSG00000132305,1.3603948,1.9421073,GM12878,0.91935897,1.0,1
ENSG00000132305,1.3341922,1.9421073,GM12878,0.93052083,1.0,1
ENSG00000132323,1.0043795,1.3490832,GM12878,0.9154771,1.0,1
ENSG00000132323,0.9624156,1.3490832,GM12878,0.9206845,1.0,1
ENSG00000132323,1.0125426,1.3490832,GM12878,0.80896795,1.0,1
ENSG00000132323,0.9898938,1.3490832,GM12878,0.9233948,0.9828393,1
ENSG00000132326,1.016137,0.350248,GM12878,0.928267,1.0,1
ENSG00000132326,1.1018587,0.350248,GM12878,0.91879946,0.66169155,1
ENSG00000132329,-0.60703146,-0.30980393,GM12878,0.9949602,1.0,1
ENSG00000132330,0.9437467,1.1132747,GM12878,0.9492036,1.0,1
ENSG00000132330,0.9314372,1.1132747,GM12878,0.9515608,1.0,1
ENSG00000132330,0.9235053,1.1132747,GM12878,0.9121808,1.0,1
ENSG00000132330,0.9210366,1.1132747,GM12878,0.9133223,0.124535315,1
ENSG00000132341,1.4825916,3.411069,GM12878,0.7315956,0.08587893,1
ENSG00000133641,0.93909144,1.5317343,GM12878,0.93451774,1.0,1
ENSG00000133641,0.7787241,1.5317343,GM12878,0.85417956,1.0,1
ENSG00000133641,0.832767,1.5317343,GM12878,0.87332153,0.66042554,1
ENSG00000133641,0.77106416,1.5317343,GM12878,0.9278306,0.9412023,1
ENSG00000133687,0.51508844,-0.92081875,GM12878,0.96957916,1.0,1
ENSG00000133703,0.8838929,1.1646502,GM12878,0.9319377,1.0,1
ENSG00000133703,0.93337667,1.1646502,GM12878,0.8996023,0.016381767,1
ENSG00000133704,1.0378954,1.1866739,GM12878,0.8758738,1.0,1
ENSG00000133773,1.0149206,1.4001925,GM12878,0.9265176,1.0,1
ENSG00000133773,0.9787228,1.4001925,GM12878,0.9266354,1.0,1
ENSG00000133858,1.3564351,1.8242561,GM12878,0.83852994,1.0,1
ENSG00000133858,1.4174879,1.8242561,GM12878,0.91052383,1.0,1
ENSG00000134283,1.0902522,1.9033071,GM12878,0.9199303,1.0,1
ENSG00000134283,1.0465503,1.9033071,GM12878,0.94381744,1.0,1
ENSG00000134283,1.1295884,1.9033071,GM12878,0.72946805,0.14871553,1
ENSG00000134283,0.9945306,1.9033071,GM12878,0.938116,0.57435775,1
ENSG00000134283,1.2231238,1.9033071,GM12878,0.5532405,0.03582371,1
ENSG00000134283,1.0388856,1.9033071,GM12878,0.8752116,0.97013485,1
ENSG00000134285,0.240846,0.8312297,GM12878,0.96956944,1.0,1
ENSG00000134287,0.9452302,2.0677402,GM12878,0.94890296,1.0,1
ENSG00000134287,0.9452302,2.0677402,GM12878,0.94890296,1.0,1
ENSG00000134287,1.0007516,2.0677402,GM12878,0.9409339,0.9950777,1
ENSG00000134291,0.63036,2.1332195,GM12878,0.87461144,1.0,1
ENSG00000134294,1.4866263,2.0171585,GM12878,0.87943345,1.0,1
ENSG00000134294,1.4443476,2.0171585,GM12878,0.8553983,0.91113335,1
ENSG00000134308,1.2636839,2.3748765,GM12878,0.91278785,1.0,1
ENSG00000134313,0.84688,1.5081255,GM12878,0.9406123,1.0,1
ENSG00000134313,0.98795986,1.5081255,GM12878,0.85590327,1.0,1
ENSG00000134313,1.0245757,1.5081255,GM12878,0.6069536,0.09715994,1
ENSG00000134317,1.0515485,0.7041505,GM12878,0.93927336,1.0,1
ENSG00000134317,0.9587038,0.7041505,GM12878,0.9106747,1.0,1
ENSG00000134318,1.0745676,0.84010607,GM12878,0.892056,1.0,1
ENSG00000134318,1.0956919,0.84010607,GM12878,0.9445478,1.0,1
ENSG00000134318,1.1676021,0.84010607,GM12878,0.92798096,1.0,1
ENSG00000134318,1.1147169,0.84010607,GM12878,0.74572015,1.0,1
ENSG00000134321,-0.17900823,-0.4202164,GM12878,0.9913325,1.0,1
ENSG00000134324,1.154028,1.854306,GM12878,0.9252655,1.0,1
ENSG00000134324,1.2547265,1.854306,GM12878,0.9040171,0.056830805,1
ENSG00000134326,0.97001195,0.50105923,GM12878,0.97193354,1.0,1
ENSG00000134531,-0.29377264,-0.7212464,GM12878,0.989504,1.0,1
ENSG00000134532,-0.6083919,1.0681858,GM12878,0.99741554,1.0,1
ENSG00000134532,-0.5976791,1.0681858,GM12878,0.9980868,1.0,1
ENSG00000135090,0.9283227,1.6541766,GM12878,0.93732744,1.0,1
ENSG00000135090,1.0608213,1.6541766,GM12878,0.8809805,1.0,1
ENSG00000135090,0.9744403,1.6541766,GM12878,0.9258622,1.0,1
ENSG00000135090,0.98078394,1.6541766,GM12878,0.88058245,0.9892819,1
ENSG00000135090,0.9971497,1.6541766,GM12878,0.22864385,0.0,1
ENSG00000135093,1.1028979,1.0906107,GM12878,0.89470714,1.0,1
ENSG00000135093,1.1040587,1.0906107,GM12878,0.7698811,1.0,1
ENSG00000135093,1.1448164,1.0906107,GM12878,0.7510942,1.0,1
ENSG00000135093,1.1390808,1.0906107,GM12878,0.9377258,1.0,1
ENSG00000135108,0.62908983,0.8293038,GM12878,0.95593494,1.0,1
ENSG00000135124,1.058575,1.1743506,GM12878,0.90371245,0.30533335,1
ENSG00000135124,1.1734736,1.1743506,GM12878,0.6274875,0.0,1
ENSG00000135124,1.1510969,1.1743506,GM12878,0.54940456,0.07363014,1
ENSG00000135127,-0.62817264,0.11058971,GM12878,0.9944811,1.0,1
ENSG00000135148,1.0284859,1.6369891,GM12878,0.9180347,1.0,1
ENSG00000135390,1.1860743,2.530046,GM12878,0.9315874,1.0,1
ENSG00000135390,1.359192,2.530046,GM12878,0.84936255,1.0,1
ENSG00000135392,1.3540834,0.83884907,GM12878,0.83678347,1.0,1
ENSG00000135404,1.2377899,2.3220744,GM12878,0.8503817,1.0,1
ENSG00000135407,0.4379781,-0.60206,GM12878,0.97584224,1.0,1
ENSG00000135414,1.0750251,0.5658478,GM12878,0.89691246,1.0,1
ENSG00000135424,0.041162,-0.022276394,GM12878,0.9958748,1.0,1
ENSG00000135426,0.18511929,0.1398791,GM12878,0.9197805,1.0,1
ENSG00000135436,-0.19334169,-0.7447275,GM12878,0.98932296,1.0,1
ENSG00000135436,-0.2978291,-0.7447275,GM12878,0.9888466,1.0,1
ENSG00000135436,-0.22870047,-0.7447275,GM12878,0.9935393,1.0,1
ENSG00000135439,0.15854512,-0.537602,GM12878,0.9806693,1.0,1
ENSG00000135441,1.1926713,1.8585372,GM12878,0.9440604,1.0,1
ENSG00000135441,1.1926713,1.8585372,GM12878,0.9440604,1.0,1
ENSG00000135441,1.1578178,1.8585372,GM12878,0.90524346,0.98213196,1
ENSG00000135441,1.1898066,1.8585372,GM12878,0.926874,0.5353774,1
ENSG00000135446,1.4109447,2.536899,GM12878,0.91745293,1.0,1
ENSG00000135446,1.464843,2.536899,GM12878,0.9446248,0.9989126,1
ENSG00000135451,1.4663744,1.6447339,GM12878,0.9455485,1.0,1
ENSG00000135451,1.4446156,1.6447339,GM12878,0.9434088,1.0,1
ENSG00000135451,1.2914331,1.6447339,GM12878,0.8910431,1.0,1
ENSG00000135451,1.4437027,1.6447339,GM12878,0.9449091,0.97270954,1
ENSG00000135452,1.4010863,1.1826999,GM12878,0.8081344,1.0,1
ENSG00000135454,0.86130947,0.89872515,GM12878,0.95955354,1.0,1
ENSG00000135457,1.3167014,1.3747483,GM12878,0.9157617,1.0,1
ENSG00000135469,0.93445295,1.3586961,GM12878,0.87333643,1.0,1
ENSG00000135469,0.94486487,1.3586961,GM12878,0.8483302,1.0,1
ENSG00000135469,0.9750371,1.3586961,GM12878,0.9630056,1.0,1
ENSG00000135473,1.6953627,1.883775,GM12878,0.9199585,1.0,1
ENSG00000135473,1.7296672,1.883775,GM12878,0.92792034,1.0,1
ENSG00000135476,1.3249302,1.2355285,GM12878,0.5174795,1.0,1
ENSG00000135476,1.182504,1.2355285,GM12878,0.9331822,0.5907173,1
ENSG00000135482,1.2615019,-0.017728766,GM12878,0.8511552,1.0,1
ENSG00000135486,1.7523644,2.9958897,GM12878,0.92037934,1.0,1
ENSG00000135486,1.7194208,2.9958897,GM12878,0.93081653,0.34279418,1
ENSG00000135503,0.6540288,0.8162413,GM12878,0.97584325,1.0,1
ENSG00000135503,0.6401105,0.8162413,GM12878,0.94109356,1.0,1
ENSG00000135506,1.0851785,1.8877298,GM12878,0.9096545,1.0,1
ENSG00000135506,1.0903027,1.8877298,GM12878,0.9138835,0.9977635,1
ENSG00000135506,1.1627468,1.8877298,GM12878,0.94718695,0.998253,1
ENSG00000135506,1.0827456,1.8877298,GM12878,0.9557025,0.6018163,1
ENSG00000135517,0.11011517,-0.88605666,GM12878,0.9658115,1.0,1
ENSG00000135519,-0.12719955,-0.92081875,GM12878,0.9979838,1.0,1
ENSG00000135519,-0.15194152,-0.92081875,GM12878,0.9965049,1.0,1
ENSG00000135519,-0.118600056,-0.92081875,GM12878,0.9965611,1.0,1
ENSG00000135617,1.1575876,1.358506,GM12878,0.95144695,1.0,1
ENSG00000135617,1.124995,1.358506,GM12878,0.92730933,1.0,1
ENSG00000135617,1.1375688,1.358506,GM12878,0.8520129,1.0,1
ENSG00000135622,0.42748845,-0.27572414,GM12878,0.9515215,1.0,1
ENSG00000135624,1.2659324,2.686082,GM12878,0.9286856,1.0,1
ENSG00000135624,1.3189285,2.686082,GM12878,0.8708002,0.009721189,1
ENSG00000135632,1.3112464,1.5007852,GM12878,0.7427494,1.0,1
ENSG00000135643,0.07020934,-0.56863624,GM12878,0.9393841,1.0,1
ENSG00000135655,1.609503,2.1769302,GM12878,0.8458677,1.0,1
ENSG00000135655,1.609503,2.1769302,GM12878,0.8458677,1.0,1
ENSG00000135655,1.69247,2.1769302,GM12878,0.9083995,0.9838002,1
ENSG00000135677,1.169765,1.3802112,GM12878,0.77093095,1.0,1
ENSG00000135677,1.1498855,1.3802112,GM12878,0.83418155,0.7834483,1
ENSG00000135677,1.1085918,1.3802112,GM12878,0.9176128,0.0,1
ENSG00000135679,1.1727891,1.3823773,GM12878,0.90916747,1.0,1
ENSG00000135679,1.3593581,1.3823773,GM12878,0.92280275,0.97324723,1
ENSG00000135679,1.2817433,1.3823773,GM12878,0.91647524,0.99904764,1
ENSG00000135679,1.1939962,1.3823773,GM12878,0.93911237,0.9740019,1
ENSG00000135679,1.3405353,1.3823773,GM12878,0.8845347,1.0,1
ENSG00000135898,-0.6163807,-0.36653155,GM12878,0.99541557,1.0,1
ENSG00000135899,1.0878626,0.29003462,GM12878,0.90114766,1.0,1
ENSG00000135899,1.0387683,0.29003462,GM12878,0.9205969,1.0,1
ENSG00000135899,1.0871415,0.29003462,GM12878,0.9267936,1.0,1
ENSG00000135912,1.4398345,1.5507175,GM12878,0.9058428,1.0,1
ENSG00000135913,1.212766,0.81291336,GM12878,0.9024924,1.0,1
ENSG00000135913,1.2737523,0.81291336,GM12878,0.9116528,1.0,1
ENSG00000135913,1.143471,0.81291336,GM12878,0.8629206,0.96666664,1
ENSG00000135913,1.1059262,0.81291336,GM12878,0.9058853,0.9627451,1
ENSG00000135916,0.71108395,1.6893089,GM12878,0.9587043,1.0,1
ENSG00000135916,0.7728658,1.6893089,GM12878,0.96601963,1.0,1
ENSG00000135916,0.7924112,1.6893089,GM12878,0.96873987,1.0,1
ENSG00000135916,0.75736797,1.6893089,GM12878,0.96534616,0.7501063,1
ENSG00000135916,0.77129173,1.6893089,GM12878,0.960571,0.99872506,1
ENSG00000135924,1.0663793,0.6314438,GM12878,0.9081926,1.0,1
ENSG00000135924,1.0303693,0.6314438,GM12878,0.9381359,1.0,1
ENSG00000135926,1.2466686,1.6454222,GM12878,0.90668744,1.0,1
ENSG00000135926,1.3266051,1.6454222,GM12878,0.91439235,1.0,1
ENSG00000135926,1.2466686,1.6454222,GM12878,0.90668744,0.55841535,1
ENSG00000135926,1.2482592,1.6454222,GM12878,0.90873015,0.0013537906,1
ENSG00000135930,1.1375245,1.3117539,GM12878,0.9171223,1.0,1
ENSG00000135930,1.1091192,1.3117539,GM12878,0.92777556,0.76930064,1
ENSG00000135931,0.651866,0.2552725,GM12878,0.96537834,1.0,1
ENSG00000135931,0.64676654,0.2552725,GM12878,0.9576923,1.0,1
ENSG00000135932,1.1410455,1.769525,GM12878,0.9528386,1.0,1
ENSG00000135940,1.2448416,2.6450388,GM12878,0.9023891,1.0,1
ENSG00000135940,1.3907254,2.6450388,GM12878,0.8718642,1.0,1
ENSG00000135945,1.2633226,1.6389881,GM12878,0.9086068,1.0,1
ENSG00000135945,1.1158329,1.6389881,GM12878,0.87599915,0.1492205,1
ENSG00000135953,0.9871952,0.79934055,GM12878,0.8696166,1.0,1
ENSG00000135953,0.9338989,0.79934055,GM12878,0.87076527,1.0,1
ENSG00000135953,1.0291404,0.79934055,GM12878,0.9366301,0.22434367,1
ENSG00000135956,0.8932687,1.0417873,GM12878,0.9116314,1.0,1
ENSG00000135956,0.86754555,1.0417873,GM12878,0.9035599,1.0,1
ENSG00000135966,1.2918168,0.854913,GM12878,0.87344086,1.0,1
ENSG00000135966,1.2364261,0.854913,GM12878,0.8787283,1.0,1
ENSG00000135968,1.0685449,1.1519824,GM12878,0.90951866,1.0,1
ENSG00000135974,1.671897,1.3873898,GM12878,0.9304756,1.0,1
ENSG00000135976,0.67146206,0.98989457,GM12878,0.93314844,1.0,1
ENSG00000135999,1.1202214,1.414472,GM12878,0.936566,1.0,1
ENSG00000135999,1.1439615,1.414472,GM12878,0.93301433,1.0,1
ENSG00000135999,1.0866897,1.414472,GM12878,0.93220896,1.0,1
ENSG00000136003,1.2353799,1.8243862,GM12878,0.8808026,1.0,1
ENSG00000136003,1.2823887,1.8243862,GM12878,0.92087835,0.06982093,1
ENSG00000136003,1.3174045,1.8243862,GM12878,0.77283204,0.0022763088,1
ENSG00000136003,1.2223262,1.8243862,GM12878,0.8352666,0.00070150825,1
ENSG00000136010,0.57724404,0.48144263,GM12878,0.9646327,1.0,1
ENSG00000136010,0.550536,0.48144263,GM12878,0.9451795,1.0,1
ENSG00000136010,0.6103147,0.48144263,GM12878,0.9504168,1.0,1
ENSG00000136021,1.2685702,1.3546846,GM12878,0.927608,1.0,1
ENSG00000136021,1.3843378,1.3546846,GM12878,0.8560731,1.0,1
ENSG00000136040,-0.3082056,-0.48148605,GM12878,0.9493331,1.0,1
ENSG00000136040,-0.34799492,-0.48148605,GM12878,0.98469234,1.0,1
ENSG00000136044,0.9656416,1.0077478,GM12878,0.9320825,1.0,1
ENSG00000136044,1.0488483,1.0077478,GM12878,0.79533654,1.0,1
ENSG00000136045,1.4411354,1.9060656,GM12878,0.9117436,1.0,1
ENSG00000136048,0.82325214,0.22271647,GM12878,0.8663598,1.0,1
ENSG00000136051,1.0431024,1.2605484,GM12878,0.8465142,1.0,1
ENSG00000136051,1.1401683,1.2605484,GM12878,0.74552,1.0,1
ENSG00000136052,0.1539252,-0.6777807,GM12878,0.9462033,1.0,1
ENSG00000136536,1.5702225,1.6893089,GM12878,0.922634,1.0,1
ENSG00000136536,1.532383,1.6893089,GM12878,0.82766944,1.0,1
ENSG00000136536,1.4680551,1.6893089,GM12878,0.91518426,0.8555219,1
ENSG00000136536,1.5434816,1.6893089,GM12878,0.77721316,0.8555219,1
ENSG00000136541,-0.1731797,-0.7447275,GM12878,0.94465435,1.0,1
ENSG00000136541,-0.29334635,-0.7447275,GM12878,0.9921705,1.0,1
ENSG00000136542,1.3125558,1.6290016,GM12878,0.91713476,1.0,1
ENSG00000136542,1.3371148,1.6290016,GM12878,0.86059016,1.0,1
ENSG00000136560,1.0555972,1.6435513,GM12878,0.9300132,1.0,1
ENSG00000136560,1.1021894,1.6435513,GM12878,0.9171722,1.0,1
ENSG00000136560,1.1716311,1.6435513,GM12878,0.92622495,1.0,1
ENSG00000136560,1.1503177,1.6435513,GM12878,0.8828271,1.0,1
ENSG00000136682,0.481924,1.4702635,GM12878,0.96182126,1.0,1
ENSG00000136682,0.5594348,1.4702635,GM12878,0.93883246,0.39384496,1
ENSG00000136682,0.43876177,1.4702635,GM12878,0.9157542,0.018551765,1
ENSG00000136682,0.24845584,1.4702635,GM12878,0.86928606,0.12951168,1
ENSG00000136682,0.52275854,1.4702635,GM12878,0.81387895,0.8266108,1
ENSG00000136699,1.2017365,1.6574383,GM12878,0.8730943,1.0,1
ENSG00000136699,1.2558675,1.6574383,GM12878,0.9010744,0.08573903,1
ENSG00000136699,1.285471,1.6574383,GM12878,0.8421286,0.76760566,1
ENSG00000136699,1.2711622,1.6574383,GM12878,0.9167899,0.9672771,1
ENSG00000136709,1.4006273,1.6395861,GM12878,0.9141509,1.0,1
ENSG00000136710,1.4464527,1.6773331,GM12878,0.9063694,1.0,1
ENSG00000136710,1.2926364,1.6773331,GM12878,0.9244533,0.102380954,1
ENSG00000136715,0.8697161,0.9965117,GM12878,0.80595005,0.4827586,1
ENSG00000136717,-0.20441775,-0.060480747,GM12878,0.9981415,1.0,1
ENSG00000136718,0.9745109,2.0466902,GM12878,0.94447833,1.0,1
ENSG00000136731,1.2430794,1.2962263,GM12878,0.8387094,1.0,1
ENSG00000136731,1.2975981,1.2962263,GM12878,0.9109924,1.0,1
ENSG00000136732,1.2011535,2.287152,GM12878,0.92170805,1.0,1
ENSG00000136732,1.173934,2.287152,GM12878,0.88552994,0.0075281016,1
ENSG00000136732,1.1569238,2.287152,GM12878,0.860971,0.50829196,1
ENSG00000138002,1.1592247,1.2214142,GM12878,0.9262417,1.0,1
ENSG00000138002,1.1861091,1.2214142,GM12878,0.8482272,0.0,1
ENSG00000138018,1.1155297,1.3220124,GM12878,0.8910956,1.0,1
ENSG00000138029,1.4347775,1.962322,GM12878,0.8970385,1.0,1
ENSG00000138029,1.4347775,1.962322,GM12878,0.8970385,1.0,1
ENSG00000138029,1.3954458,1.962322,GM12878,0.6526753,0.9915265,1
ENSG00000138030,0.654013,0.4578819,GM12878,0.9821113,1.0,1
ENSG00000138031,0.46974576,1.474362,GM12878,0.99047893,1.0,1
ENSG00000138031,0.49761313,1.474362,GM12878,0.9869819,1.0,1
ENSG00000138031,0.51129854,1.474362,GM12878,0.97826844,0.3809524,1
ENSG00000138032,1.0822775,1.5174599,GM12878,0.90391123,1.0,1
ENSG00000138032,1.1047461,1.5174599,GM12878,0.7397803,1.0,1
ENSG00000138032,0.9040992,1.5174599,GM12878,0.88834745,0.99812263,1
ENSG00000138032,1.0414271,1.5174599,GM12878,0.8860279,0.637321,1
ENSG00000138035,1.1448578,1.602711,GM12878,0.9010232,1.0,1
ENSG00000138035,1.2981517,1.602711,GM12878,0.7625869,1.0,1
ENSG00000138035,1.2379194,1.602711,GM12878,0.86051685,1.0,1
ENSG00000138036,0.8189751,1.4723176,GM12878,0.49921826,1.0,1
ENSG00000138050,1.222758,1.4776999,GM12878,0.79834056,1.0,1
ENSG00000138050,1.1898127,1.4776999,GM12878,0.88619334,1.0,1
ENSG00000138050,1.2597958,1.4776999,GM12878,0.8415977,0.4416191,1
ENSG00000138050,1.2684929,1.4776999,GM12878,0.92863935,0.054569364,1
ENSG00000138069,1.2263231,2.0828214,GM12878,0.9126334,1.0,1
ENSG00000138071,1.3334279,2.0807707,GM12878,0.9067087,1.0,1
ENSG00000138071,1.3252158,2.0807707,GM12878,0.94440496,1.0,1
ENSG00000138071,1.4075419,2.0807707,GM12878,0.8174934,1.0,1
ENSG00000138071,1.2793374,2.0807707,GM12878,0.8130984,1.0,1
ENSG00000138071,1.3871126,2.0807707,GM12878,0.52296627,0.0,1
ENSG00000138073,1.2012889,1.8209236,GM12878,0.9376755,1.0,1
ENSG00000138073,1.2138556,1.8209236,GM12878,0.9555781,1.0,1
ENSG00000138073,1.260634,1.8209236,GM12878,0.9235341,0.993831,1
ENSG00000138073,1.263481,1.8209236,GM12878,0.9247705,0.98530495,1
ENSG00000138074,1.3585416,2.0226758,GM12878,0.84954494,1.0,1
ENSG00000138074,1.394768,2.0226758,GM12878,0.8304207,0.0038812784,1
ENSG00000138078,1.545676,1.6208645,GM12878,0.8498604,1.0,1
ENSG00000138078,1.4645698,1.6208645,GM12878,0.837257,1.0,1
ENSG00000138078,1.4059978,1.6208645,GM12878,0.9322397,1.0,1
ENSG00000138078,1.3607678,1.6208645,GM12878,0.92587,1.0,1
ENSG00000138078,1.3984053,1.6208645,GM12878,0.91393447,1.0,1
ENSG00000138078,1.4892802,1.6208645,GM12878,0.88597834,0.9982614,1
ENSG00000138078,1.437628,1.6208645,GM12878,0.82560796,0.34531185,1
ENSG00000138080,0.07217936,-0.4436975,GM12878,0.9913305,1.0,1
ENSG00000138080,0.0775605,-0.4436975,GM12878,0.9914825,1.0,1
ENSG00000138081,1.3462954,1.4988617,GM12878,0.8965298,1.0,1
ENSG00000138085,1.4612322,2.12827,GM12878,0.89663136,1.0,1
ENSG00000138092,1.5382596,1.731347,GM12878,0.90201306,1.0,1
ENSG00000138092,1.4754946,1.731347,GM12878,0.9128315,0.60303515,1
ENSG00000138095,1.3594671,2.1406024,GM12878,0.9257436,1.0,1
ENSG00000138095,1.1883954,2.1406024,GM12878,0.81774074,1.0,1
ENSG00000138095,1.3941107,2.1406024,GM12878,0.90484655,1.0,1
ENSG00000138095,1.2163551,2.1406024,GM12878,0.762965,1.0,1
ENSG00000138095,1.1500338,2.1406024,GM12878,0.9219685,1.0,1
ENSG00000138101,-0.09861244,0.1271048,GM12878,0.99412704,1.0,1
ENSG00000138101,-0.08819829,0.1271048,GM12878,0.9930112,1.0,1
ENSG00000138356,-0.3768676,-0.7447275,GM12878,0.9882032,1.0,1
ENSG00000138363,1.2701124,2.0111897,GM12878,0.9096375,1.0,1
ENSG00000138375,1.1846564,1.349666,GM12878,0.87142813,1.0,1
ENSG00000138375,1.2320005,1.349666,GM12878,0.8373238,0.94951236,1
ENSG00000138376,0.89578015,0.9334873,GM12878,0.9055388,1.0,1
ENSG00000138376,0.85604286,0.9334873,GM12878,0.8949118,1.0,1
ENSG00000138376,0.920642,0.9334873,GM12878,0.9080748,1.0,1
ENSG00000138376,0.71219647,0.9334873,GM12878,0.87420845,0.87261146,1
ENSG00000138376,0.9479798,0.9334873,GM12878,0.7883578,1.0,1
ENSG00000138378,-0.489385,-0.92081875,GM12878,0.9808116,1.0,1
ENSG00000138380,1.2042854,0.5599066,GM12878,0.91138214,1.0,1
ENSG00000138380,1.2805333,0.5599066,GM12878,0.92303807,1.0,1
ENSG00000138380,1.2080276,0.5599066,GM12878,0.8453148,0.0,1
ENSG00000138380,1.1930733,0.5599066,GM12878,0.8411758,0.12719299,1
ENSG00000138380,1.2805333,0.5599066,GM12878,0.92303807,0.9754902,1
ENSG00000138380,1.2064388,0.5599066,GM12878,0.92642367,1.0,1
ENSG00000138380,1.1707649,0.5599066,GM12878,0.8383794,0.6271777,1
ENSG00000138380,1.2896498,0.5599066,GM12878,0.75675255,0.0,1
ENSG00000138381,1.431544,1.3003781,GM12878,0.75428617,1.0,1
ENSG00000138381,1.3792257,1.3003781,GM12878,0.8269665,1.0,1
ENSG00000138382,1.0133932,2.1152444,GM12878,0.9321611,1.0,1
ENSG00000138385,1.3538928,2.4353347,GM12878,0.925974,1.0,1
ENSG00000138386,1.0171812,1.2129862,GM12878,0.9167581,1.0,1
ENSG00000138386,1.039342,1.2129862,GM12878,0.92963964,1.0,1
ENSG00000138386,1.0385205,1.2129862,GM12878,0.8530646,1.0,1
ENSG00000138386,0.9894589,1.2129862,GM12878,0.89064133,1.0,1
ENSG00000138386,1.0803689,1.2129862,GM12878,0.85431325,1.0,1
ENSG00000138386,1.0803689,1.2129862,GM12878,0.85431325,1.0,1
ENSG00000138386,1.0086432,1.2129862,GM12878,0.92404324,1.0,1
ENSG00000138386,1.0321524,1.2129862,GM12878,0.89531815,1.0,1
ENSG00000138386,1.0989624,1.2129862,GM12878,0.8737066,0.97722095,1
ENSG00000138398,1.3042495,1.9762124,GM12878,0.94401807,1.0,1
ENSG00000138398,1.3361504,1.9762124,GM12878,0.87791353,0.93984795,1
ENSG00000138399,1.2534213,1.9340438,GM12878,0.82917595,1.0,1
ENSG00000138399,1.1946048,1.9340438,GM12878,0.78218603,0.76833487,1
ENSG00000138399,1.248545,1.9340438,GM12878,0.890658,0.91881496,1
ENSG00000138411,-0.41068238,-0.32790214,GM12878,0.9971898,1.0,1
ENSG00000138411,-0.4120974,-0.32790214,GM12878,0.9948777,1.0,1
ENSG00000138413,0.91502786,1.8581159,GM12878,0.93798155,1.0,1
ENSG00000138430,1.1235538,2.3815482,GM12878,0.9194582,1.0,1
ENSG00000138430,1.204623,2.3815482,GM12878,0.92570794,1.0,1
ENSG00000138430,1.2301878,2.3815482,GM12878,0.9053886,1.0,1
ENSG00000138430,1.2093122,2.3815482,GM12878,0.9010136,1.0,1
ENSG00000138430,1.2147623,2.3815482,GM12878,0.83590835,0.57125014,1
ENSG00000138433,1.0060029,1.1212314,GM12878,0.93592954,1.0,1
ENSG00000138433,1.0303583,1.1212314,GM12878,0.940644,1.0,1
ENSG00000138433,1.0880578,1.1212314,GM12878,0.8735592,1.0,1
ENSG00000138433,1.080199,1.1212314,GM12878,0.77877206,1.0,1
ENSG00000138433,1.1273674,1.1212314,GM12878,0.9016076,1.0,1
ENSG00000138433,1.1495681,1.1212314,GM12878,0.70670533,1.0,1
ENSG00000138433,1.0373185,1.1212314,GM12878,0.8760866,1.0,1
ENSG00000138433,0.98997986,1.1212314,GM12878,0.9425751,1.0,1
ENSG00000138434,1.3568289,1.5533975,GM12878,0.8884743,1.0,1
ENSG00000138434,1.4387145,1.5533975,GM12878,0.73259264,0.94389206,1
ENSG00000138434,1.378819,1.5533975,GM12878,0.78294766,0.7046632,1
ENSG00000138434,1.3775556,1.5533975,GM12878,0.9012134,0.7635422,1
ENSG00000138439,0.6822043,0.23804611,GM12878,0.93323845,1.0,1
ENSG00000138442,1.3185279,2.2621899,GM12878,0.9048487,1.0,1
ENSG00000138443,0.6304864,1.0860037,GM12878,0.93397325,1.0,1
ENSG00000138443,0.6457966,1.0860037,GM12878,0.8713874,1.0,1
ENSG00000138443,0.58673054,1.0860037,GM12878,0.9418509,1.0,1
ENSG00000138443,0.6711695,1.0860037,GM12878,0.80024254,0.023201857,1
ENSG00000138443,0.6591827,1.0860037,GM12878,0.8556872,0.14430894,1
ENSG00000138443,0.69796526,1.0860037,GM12878,0.22885858,0.005976096,1
ENSG00000138443,0.64587456,1.0860037,GM12878,0.8716335,0.96893203,1
ENSG00000138443,0.61648154,1.0860037,GM12878,0.91389525,0.005976096,1
ENSG00000138443,0.64869314,1.0860037,GM12878,0.60045314,0.82509506,1
ENSG00000138448,1.0952593,1.1010593,GM12878,0.927871,1.0,1
ENSG00000138449,1.5293225,1.5110809,GM12878,0.8614133,1.0,1
ENSG00000139044,-0.17356281,-0.537602,GM12878,0.99346995,1.0,1
ENSG00000139044,-0.20489429,-0.537602,GM12878,0.99344516,1.0,1
ENSG00000139044,-0.19811977,-0.537602,GM12878,0.9936614,1.0,1
ENSG00000139083,0.84900707,0.45636603,GM12878,0.91287756,1.0,1
ENSG00000139112,1.0613809,1.0476642,GM12878,0.9094458,1.0,1
ENSG00000139112,1.0601543,1.0476642,GM12878,0.88217443,1.0,1
ENSG00000139116,0.8289055,1.2638726,GM12878,0.9133381,1.0,1
ENSG00000139116,0.8469711,1.2638726,GM12878,0.91655123,1.0,1
ENSG00000139116,0.78076655,1.2638726,GM12878,0.86758083,1.0,1
ENSG00000139116,0.8507297,1.2638726,GM12878,0.5780109,0.005291005,1
ENSG00000139116,0.80786616,1.2638726,GM12878,0.8602649,0.38004947,1
ENSG00000139116,0.88816696,1.2638726,GM12878,0.32228056,0.03730738,1
ENSG00000139116,0.93845403,1.2638726,GM12878,0.91141194,0.9459459,1
ENSG00000139116,0.7741296,1.2638726,GM12878,0.75075734,0.01048218,1
ENSG00000139131,1.0946558,1.4364806,GM12878,0.89119035,1.0,1
ENSG00000139133,0.92127836,1.0809871,GM12878,0.8090689,1.0,1
ENSG00000139133,0.92127836,1.0809871,GM12878,0.8090689,1.0,1
ENSG00000139146,1.3212554,1.8637391,GM12878,0.8284903,1.0,1
ENSG00000139146,1.3212554,1.8637391,GM12878,0.8284903,1.0,1
ENSG00000139154,0.88460183,0.854913,GM12878,0.9245613,1.0,1
ENSG00000139160,1.004267,-0.055517327,GM12878,0.8417197,1.0,1
ENSG00000139160,0.98237133,-0.055517327,GM12878,0.8575833,1.0,1
ENSG00000139163,0.87553537,1.4116197,GM12878,0.93098015,1.0,1
ENSG00000139163,0.9103357,1.4116197,GM12878,0.9361455,1.0,1
ENSG00000139163,0.97728086,1.4116197,GM12878,0.8425441,1.0,1
ENSG00000139163,1.0175011,1.4116197,GM12878,0.81935805,1.0,1
ENSG00000139163,1.0182489,1.4116197,GM12878,0.8632336,0.0,1
ENSG00000139168,1.1198595,1.447778,GM12878,0.9327184,1.0,1
ENSG00000139173,0.39688826,-0.1426675,GM12878,0.9682391,1.0,1
ENSG00000139173,0.43175668,-0.1426675,GM12878,0.9686904,1.0,1
ENSG00000139173,0.4047336,-0.1426675,GM12878,0.95457363,1.0,1
ENSG00000139174,-0.43890673,-0.17392519,GM12878,0.99769837,1.0,1
ENSG00000139178,1.4579662,0.7185017,GM12878,0.9326908,1.0,1
ENSG00000139180,1.3249038,1.8949803,GM12878,0.8673541,1.0,1
ENSG00000139180,1.369665,1.8949803,GM12878,0.17908198,0.85535055,1
ENSG00000139182,0.79047966,1.3104808,GM12878,0.9512754,1.0,1
ENSG00000139182,0.77611893,1.3104808,GM12878,0.9465092,1.0,1
ENSG00000139182,0.8513169,1.3104808,GM12878,0.95566297,1.0,1
ENSG00000139187,-0.044496283,0.37106785,GM12878,0.9755186,1.0,1
ENSG00000139190,0.8843584,0.8280151,GM12878,0.91913694,1.0,1
ENSG00000139190,0.9079855,0.8280151,GM12878,0.9075375,1.0,1
ENSG00000139190,0.92904556,0.8280151,GM12878,0.9612269,1.0,1
ENSG00000139190,0.91539264,0.8280151,GM12878,0.9460742,1.0,1
ENSG00000139192,0.74670404,-0.36653155,GM12878,0.9697165,1.0,1
ENSG00000139192,0.7727154,-0.36653155,GM12878,0.9650936,1.0,1
ENSG00000139192,0.7513871,-0.36653155,GM12878,0.974,1.0,1
ENSG00000139192,0.7087296,-0.36653155,GM12878,0.9759523,1.0,1
ENSG00000139194,0.9428528,0.92737037,GM12878,0.9405323,1.0,1
ENSG00000139197,1.2201073,1.1152776,GM12878,0.7306928,1.0,1
ENSG00000139197,1.2036464,1.1152776,GM12878,0.8687325,0.392,1
ENSG00000139218,1.2050893,1.6919651,GM12878,0.8636452,1.0,1
ENSG00000139233,1.3855562,1.177825,GM12878,0.91672945,1.0,1
ENSG00000139263,-0.1415819,-0.7695511,GM12878,0.9765313,1.0,1
ENSG00000139266,0.7484386,0.8318698,GM12878,0.9521444,1.0,1
ENSG00000139278,0.03398346,-0.55284196,GM12878,0.9802239,1.0,1
ENSG00000139278,0.03398346,-0.55284196,GM12878,0.9802239,1.0,1
ENSG00000139278,-0.038851388,-0.55284196,GM12878,0.97757405,1.0,1
ENSG00000139278,-0.038851388,-0.55284196,GM12878,0.97757405,1.0,1
ENSG00000139278,0.15403037,-0.55284196,GM12878,0.9786906,1.0,1
ENSG00000139291,1.3505044,1.1619666,GM12878,0.9122439,1.0,1
ENSG00000139291,1.193666,1.1619666,GM12878,0.82458186,1.0,1
ENSG00000139323,1.1615824,1.0802656,GM12878,0.84898555,1.0,1
ENSG00000139323,1.1514463,1.0802656,GM12878,0.91120183,1.0,1
ENSG00000139323,1.2442703,1.0802656,GM12878,0.19053543,0.16414687,1
ENSG00000139323,1.1750239,1.0802656,GM12878,0.8064276,0.79913604,1
ENSG00000139324,1.0004013,0.69108146,GM12878,0.91544753,1.0,1
ENSG00000139324,0.91606224,0.69108146,GM12878,0.89001393,1.0,1
ENSG00000139324,0.9995191,0.69108146,GM12878,0.862253,1.0,1
ENSG00000139324,0.95451677,0.69108146,GM12878,0.8928611,1.0,1
ENSG00000139324,1.0589434,0.69108146,GM12878,0.9252338,0.53318584,1
ENSG00000139343,1.0545108,1.5625308,GM12878,0.8847798,1.0,1
ENSG00000139350,1.0684266,1.3213912,GM12878,0.74005085,1.0,1
ENSG00000139350,1.0215305,1.3213912,GM12878,0.75951827,0.9693356,1
ENSG00000139351,-0.18977843,-0.69897,GM12878,0.989286,1.0,1
ENSG00000139354,0.26736617,0.30103,GM12878,0.95538455,1.0,1
ENSG00000139370,0.7618078,1.2070955,GM12878,0.89615875,1.0,1
ENSG00000139370,0.922807,1.2070955,GM12878,0.84124327,0.65,1
ENSG00000139372,1.2612886,1.6894865,GM12878,0.9499876,1.0,1
ENSG00000139372,1.4022788,1.6894865,GM12878,0.82729113,0.00046189377,1
ENSG00000139372,1.3754643,1.6894865,GM12878,0.9306778,0.990389,1
ENSG00000139372,1.481843,1.6894865,GM12878,0.9061392,0.9840973,1
ENSG00000139405,1.2489207,1.1492192,GM12878,0.9013774,1.0,1
ENSG00000139405,1.2271296,1.1492192,GM12878,0.88770384,1.0,1
ENSG00000139405,1.3731661,1.1492192,GM12878,0.87618405,0.99482757,1
ENSG00000139405,1.3656564,1.1492192,GM12878,0.8670568,0.96103895,1
ENSG00000139410,1.5771737,0.91592723,GM12878,0.89944893,1.0,1
ENSG00000139428,1.1842686,1.595386,GM12878,0.86422306,1.0,1
ENSG00000139428,1.3519908,1.595386,GM12878,0.9173171,0.9215407,1
ENSG00000139433,0.45641863,0.5976952,GM12878,0.91014147,1.0,1
ENSG00000139433,0.47380984,0.5976952,GM12878,0.9203434,0.093333334,1
ENSG00000139436,0.8993125,1.360404,GM12878,0.93822503,1.0,1
ENSG00000139436,0.95800084,1.360404,GM12878,0.86024475,0.9881188,1
ENSG00000139436,1.019635,1.360404,GM12878,0.9361872,0.9960396,1
ENSG00000139436,1.1448987,1.360404,GM12878,0.36658138,0.0023640662,1
ENSG00000139436,0.9169351,1.360404,GM12878,0.8973812,0.99527186,1
ENSG00000139437,1.0357176,1.0534626,GM12878,0.96098775,1.0,1
ENSG00000139437,1.0237012,1.0534626,GM12878,0.96220785,1.0,1
ENSG00000139438,0.10813525,-0.85387194,GM12878,0.9673071,1.0,1
ENSG00000139531,1.3959496,1.3984609,GM12878,0.9135624,1.0,1
ENSG00000139531,1.4119276,1.3984609,GM12878,0.823978,0.75310034,1
ENSG00000139531,1.4396877,1.3984609,GM12878,0.7000835,0.41454864,1
ENSG00000139540,0.3616523,-0.69897,GM12878,0.98886263,1.0,1
ENSG00000139546,1.2965444,1.5749568,GM12878,0.9285467,1.0,1
ENSG00000139546,1.2588024,1.5749568,GM12878,0.9090229,1.0,1
ENSG00000139546,1.3765609,1.5749568,GM12878,0.93354493,1.0,1
ENSG00000139547,-0.503499,-0.34678748,GM12878,0.9897794,1.0,1
ENSG00000139579,1.0700996,1.6471874,GM12878,0.94037956,1.0,1
ENSG00000139613,1.0987527,1.6319509,GM12878,0.9294079,1.0,1
ENSG00000139613,1.1637017,1.6319509,GM12878,0.83727324,0.9620438,1
ENSG00000139613,1.171818,1.6319509,GM12878,0.92466956,0.35400516,1
ENSG00000139620,1.3406036,1.6909045,GM12878,0.91409534,1.0,1
ENSG00000139620,1.265468,1.6909045,GM12878,0.9374916,1.0,1
ENSG00000139620,1.2805715,1.6909045,GM12878,0.89621544,0.92889136,1
ENSG00000139624,1.173407,1.5384481,GM12878,0.91064197,1.0,1
ENSG00000139624,1.3144054,1.5384481,GM12878,0.8490067,1.0,1
ENSG00000139624,1.1857868,1.5384481,GM12878,0.6669405,0.13030832,1
ENSG00000139624,1.2560583,1.5384481,GM12878,0.8329599,0.99424297,1
ENSG00000139624,1.2105346,1.5384481,GM12878,0.73170733,0.871042,1
ENSG00000139624,1.1121047,1.5384481,GM12878,0.92555195,1.0,1
ENSG00000139624,1.184229,1.5384481,GM12878,0.5673582,0.116637066,1
ENSG00000139625,0.43543953,0.20139712,GM12878,0.95350415,1.0,1
ENSG00000139626,0.020408288,0.029383779,GM12878,0.9386772,1.0,1
ENSG00000139629,0.5207464,0.7937904,GM12878,0.98009986,1.0,1
ENSG00000139629,0.515026,0.7937904,GM12878,0.9871351,1.0,1
ENSG00000139629,0.50477433,0.7937904,GM12878,0.98266155,0.89329267,1
ENSG00000139631,1.3577089,1.2622137,GM12878,0.8462594,1.0,1
ENSG00000139636,1.1761912,1.7886633,GM12878,0.74943984,1.0,1
ENSG00000139636,1.1496357,1.7886633,GM12878,0.89720476,1.0,1
ENSG00000139636,1.1421492,1.7886633,GM12878,0.9138217,1.0,1
ENSG00000139636,1.1917733,1.7886633,GM12878,0.84018064,1.0,1
ENSG00000139636,1.1791828,1.7886633,GM12878,0.85060906,1.0,1
ENSG00000139636,1.0979475,1.7886633,GM12878,0.906007,1.0,1
ENSG00000139636,1.1199749,1.7886633,GM12878,0.82815695,0.9653938,1
ENSG00000139636,1.1293483,1.7886633,GM12878,0.95066434,0.3025862,1
ENSG00000139636,1.1201303,1.7886633,GM12878,0.9360269,0.056279622,1
ENSG00000139637,0.14505905,0.6117233,GM12878,0.99330336,1.0,1
ENSG00000139637,0.18530728,0.6117233,GM12878,0.995174,1.0,1
ENSG00000139637,0.1854097,0.6117233,GM12878,0.9956656,0.972973,1
ENSG00000139641,1.5694458,2.1837254,GM12878,0.91812444,1.0,1
ENSG00000139644,1.672359,2.473487,GM12878,0.80432546,1.0,1
ENSG00000139645,1.2508008,0.92582756,GM12878,0.92090183,1.0,1
ENSG00000139651,1.1991934,1.4324882,GM12878,0.8429285,1.0,1
ENSG00000139697,1.1613286,1.3342526,GM12878,0.89229643,1.0,1
ENSG00000139714,-0.25123507,-0.52287877,GM12878,0.99504197,1.0,1
ENSG00000139714,-0.28894502,-0.52287877,GM12878,0.99446374,1.0,1
ENSG00000139718,1.2783389,-0.07572071,GM12878,0.93677044,1.0,1
ENSG00000139719,1.3960843,1.2108533,GM12878,0.93558943,1.0,1
ENSG00000139719,1.4329863,1.2108533,GM12878,0.85129,0.61228603,1
ENSG00000139722,1.4045507,1.0685569,GM12878,0.86366636,1.0,1
ENSG00000139722,1.3695246,1.0685569,GM12878,0.9166959,1.0,1
ENSG00000139725,0.53877544,0.61278385,GM12878,0.99366367,1.0,1
ENSG00000139725,0.5291333,0.61278385,GM12878,0.9928859,1.0,1
ENSG00000139725,0.53402454,0.61278385,GM12878,0.9936128,1.0,1
ENSG00000139726,1.3457283,1.5540043,GM12878,0.88006455,1.0,1
ENSG00000139726,1.406082,1.5540043,GM12878,0.40021726,1.0,1
ENSG00000139726,1.3887687,1.5540043,GM12878,0.90175426,1.0,1
ENSG00000142327,1.298569,0.7909885,GM12878,0.9307311,1.0,1
ENSG00000142330,0.9644042,0.95279247,GM12878,0.94163245,1.0,1
ENSG00000142330,0.9878428,0.95279247,GM12878,0.9206841,1.0,1
ENSG00000142330,1.0182222,0.95279247,GM12878,0.9494663,0.09266409,1
ENSG00000142330,0.92856455,0.95279247,GM12878,0.9404577,1.0,1
ENSG00000143727,1.1303282,2.1746702,GM12878,0.922019,1.0,1
ENSG00000143727,1.1161796,2.1746702,GM12878,0.92293245,1.0,1
ENSG00000143727,1.03905,2.1746702,GM12878,0.9258476,1.0,1
ENSG00000143727,1.0961206,2.1746702,GM12878,0.918865,1.0,1
ENSG00000143727,1.1512922,2.1746702,GM12878,0.88254225,1.0,1
ENSG00000143727,1.2274799,2.1746702,GM12878,0.9156129,0.32360098,1
ENSG00000143727,0.9951859,2.1746702,GM12878,0.7503136,0.9009593,1
ENSG00000143797,1.0140119,1.9423058,GM12878,0.8963744,1.0,1
ENSG00000143870,1.3807076,2.217247,GM12878,0.86151254,1.0,1
ENSG00000143870,1.4203107,2.217247,GM12878,0.75939775,0.0037619076,1
ENSG00000143882,-0.53391117,-0.85387194,GM12878,0.9963276,1.0,1
ENSG00000143882,-0.5200533,-0.85387194,GM12878,0.997477,1.0,1
ENSG00000143882,-0.53020453,-0.85387194,GM12878,0.9974492,1.0,1
ENSG00000143889,1.3831558,1.9645425,GM12878,0.91302055,1.0,1
ENSG00000143889,1.221675,1.9645425,GM12878,0.9201152,1.0,1
ENSG00000143891,1.2966785,1.5017437,GM12878,0.9502491,1.0,1
ENSG00000143919,1.1637266,0.968483,GM12878,0.89523864,1.0,1
ENSG00000143919,1.2974948,0.968483,GM12878,0.8362429,1.0,1
ENSG00000143924,0.9624998,1.5285311,GM12878,0.8742725,1.0,1
ENSG00000143924,0.95297897,1.5285311,GM12878,0.96472853,0.96640587,1
ENSG00000143933,1.3767891,2.332095,GM12878,0.9246117,1.0,1
ENSG00000143933,1.4287896,2.332095,GM12878,0.91808665,1.0,1
ENSG00000143933,1.4773306,2.332095,GM12878,0.9270353,1.0,1
ENSG00000143933,1.4033887,2.332095,GM12878,0.7150612,1.0,1
ENSG00000143933,1.4033887,2.332095,GM12878,0.7150612,1.0,1
ENSG00000143933,1.3816719,2.332095,GM12878,0.7801154,0.003452381,1
ENSG00000143942,1.3631777,0.9614211,GM12878,0.7371105,1.0,1
ENSG00000143951,0.88147795,0.61909336,GM12878,0.88295096,1.0,1
ENSG00000143951,0.90356964,0.61909336,GM12878,0.9195731,0.704,1
ENSG00000143951,0.87692165,0.61909336,GM12878,0.93505985,0.18340611,1
ENSG00000143952,1.2548676,1.1970047,GM12878,0.88165045,1.0,1
ENSG00000143952,1.2594583,1.1970047,GM12878,0.86972517,0.16591422,1
ENSG00000143952,1.1076669,1.1970047,GM12878,0.8238746,0.97564274,1
ENSG00000143970,1.2338662,1.1061909,GM12878,0.8846438,1.0,1
ENSG00000143971,1.046241,0.84323275,GM12878,0.7911375,1.0,1
ENSG00000143971,0.6645772,0.84323275,GM12878,0.85990155,1.0,1
ENSG00000143971,1.1021019,0.84323275,GM12878,0.8873957,1.0,1
ENSG00000143971,0.9015807,0.84323275,GM12878,0.853697,1.0,1
ENSG00000143977,1.2371016,2.557411,GM12878,0.90529495,1.0,1
ENSG00000143977,1.4290105,2.557411,GM12878,0.6309215,1.0,1
ENSG00000143977,1.4290105,2.557411,GM12878,0.6309215,1.0,1
ENSG00000143977,1.4290105,2.557411,GM12878,0.6309215,0.9324989,1
ENSG00000143994,0.419128,-0.61978877,GM12878,0.96433383,1.0,1
ENSG00000144021,1.2719914,1.9440383,GM12878,0.90712625,1.0,1
ENSG00000144021,1.3631006,1.9440383,GM12878,0.91700304,1.0,1
ENSG00000144021,1.3297867,1.9440383,GM12878,0.8996784,1.0,1
ENSG00000144021,1.2448776,1.9440383,GM12878,0.9071816,1.0,1
ENSG00000144021,1.2112432,1.9440383,GM12878,0.78619486,1.0,1
ENSG00000144021,1.2352946,1.9440383,GM12878,0.8773372,1.0,1
ENSG00000144021,1.228214,1.9440383,GM12878,0.936115,0.77730757,1
ENSG00000144026,1.2002423,1.193959,GM12878,0.9207205,1.0,1
ENSG00000144026,1.1822044,1.193959,GM12878,0.87983406,1.0,1
ENSG00000144028,1.5027752,2.183099,GM12878,0.93032825,1.0,1
ENSG00000144028,1.5283973,2.183099,GM12878,0.8015214,0.002232475,1
ENSG00000144034,1.1986462,1.7953933,GM12878,0.9381319,1.0,1
ENSG00000144036,0.40352482,0.15228835,GM12878,0.9720201,1.0,1
ENSG00000144040,0.9467592,1.2046626,GM12878,0.92778707,1.0,1
ENSG00000144040,0.90233135,1.2046626,GM12878,0.9328774,0.034210525,1
ENSG00000144040,0.962932,1.2046626,GM12878,0.86136687,0.778022,1
ENSG00000144040,0.895216,1.2046626,GM12878,0.85862136,0.9750567,1
ENSG00000144040,1.0072467,1.2046626,GM12878,0.20540917,0.025761124,1
ENSG00000144043,0.9176817,1.7659664,GM12878,0.8170541,1.0,1
ENSG00000144043,0.8038524,1.7659664,GM12878,0.89947665,1.0,1
ENSG00000144043,0.8038524,1.7659664,GM12878,0.89947665,1.0,1
ENSG00000144043,0.8586196,1.7659664,GM12878,0.9275746,0.9393325,1
ENSG00000144048,1.1196733,1.3271545,GM12878,0.8716472,1.0,1
ENSG00000144118,1.2170854,1.66483,GM12878,0.93827605,1.0,1
ENSG00000144130,-0.0629988,0.61278385,GM12878,0.995492,1.0,1
ENSG00000144130,-0.046592385,0.61278385,GM12878,0.9920306,1.0,1
ENSG00000144130,-0.08261524,0.61278385,GM12878,0.98026603,1.0,1
ENSG00000144130,-0.11352593,0.61278385,GM12878,0.97384024,1.0,1
ENSG00000144134,1.0326657,0.6434527,GM12878,0.90403026,1.0,1
ENSG00000144136,1.4470648,1.9937888,GM12878,0.8616471,1.0,1
ENSG00000144161,0.95544547,0.9278834,GM12878,0.9091559,1.0,1
ENSG00000144182,1.322572,1.0867157,GM12878,0.1948418,0.17594936,1
ENSG00000144199,0.1638269,1.2281436,GM12878,0.9849375,1.0,1
ENSG00000144224,1.3549687,1.9483151,GM12878,0.91844064,1.0,1
ENSG00000144224,1.4112868,1.9483151,GM12878,0.90019697,1.0,1
ENSG00000144224,1.3964955,1.9483151,GM12878,0.8776797,0.51618737,1
ENSG00000144228,1.2450105,0.6560982,GM12878,0.9249668,1.0,1
ENSG00000144231,1.1994188,1.61878,GM12878,0.9420376,1.0,1
ENSG00000144231,1.290607,1.61878,GM12878,0.78315616,0.44040555,1
ENSG00000144231,1.1994188,1.61878,GM12878,0.9420376,0.95606256,1
ENSG00000144233,0.233256,0.8247765,GM12878,0.9817987,1.0,1
ENSG00000144283,0.7747143,1.7081659,GM12878,0.8057209,1.0,1
ENSG00000144283,0.751108,1.7081659,GM12878,0.91060394,0.7247088,1
ENSG00000144283,0.768271,1.7081659,GM12878,0.8883928,0.74196076,1
ENSG00000144306,0.96913964,1.0881361,GM12878,0.9420879,1.0,1
ENSG00000144306,0.970389,1.0881361,GM12878,0.78636813,1.0,1
ENSG00000144306,0.9439265,1.0881361,GM12878,0.9344172,0.9485646,1
ENSG00000144320,1.169199,1.4331295,GM12878,0.9043453,1.0,1
ENSG00000144320,1.1782973,1.4331295,GM12878,0.23101169,0.04285049,1
ENSG00000144354,1.1989348,1.980912,GM12878,0.9486016,1.0,1
ENSG00000144354,1.2445046,1.980912,GM12878,0.91226166,0.9986503,1
ENSG00000144354,1.2669528,1.980912,GM12878,0.9434304,0.12868,1
ENSG00000144354,1.3151364,1.980912,GM12878,0.9291533,0.0,1
ENSG00000144354,1.2667235,1.980912,GM12878,0.94517875,0.9874893,1
ENSG00000144381,1.0712987,2.5907862,GM12878,0.89494073,1.0,1
ENSG00000144395,0.73102194,1.2084414,GM12878,0.9551984,1.0,1
ENSG00000144401,1.2081844,1.4247184,GM12878,0.90961653,1.0,1
ENSG00000144445,0.8673276,0.6803355,GM12878,0.9364024,1.0,1
ENSG00000144445,0.7026958,0.6803355,GM12878,0.90173876,1.0,1
ENSG00000144468,1.449249,1.3993275,GM12878,0.79543567,1.0,1
ENSG00000144468,1.4866651,1.3993275,GM12878,0.8798549,1.0,1
ENSG00000144468,1.512141,1.3993275,GM12878,0.75684416,1.0,1
ENSG00000144468,1.512141,1.3993275,GM12878,0.75684416,1.0,1
ENSG00000144468,1.4540424,1.3993275,GM12878,0.9355694,1.0,1
ENSG00000144485,1.0188193,1.5031095,GM12878,0.9462401,1.0,1
ENSG00000144485,1.0641847,1.5031095,GM12878,0.9436498,0.993865,1
ENSG00000144488,0.18999358,-0.82390875,GM12878,0.99134386,1.0,1
ENSG00000144504,0.94573474,1.1122698,GM12878,0.93529016,1.0,1
ENSG00000144504,0.9189732,1.1122698,GM12878,0.92189354,0.09848485,1
ENSG00000144504,0.93323684,1.1122698,GM12878,0.90579647,0.84090906,1
ENSG00000144524,0.8198375,1.6443402,GM12878,0.9403121,1.0,1
ENSG00000144524,0.88627106,1.6443402,GM12878,0.81190014,1.0,1
ENSG00000144524,0.82462656,1.6443402,GM12878,0.8955527,0.95001966,1
ENSG00000144524,0.8735346,1.6443402,GM12878,0.84949833,0.041322313,1
ENSG00000144524,0.90442836,1.6443402,GM12878,0.833839,0.0011231748,1
ENSG00000144535,0.94806176,0.57054293,GM12878,0.8710127,1.0,1
ENSG00000144567,1.2022475,1.5022905,GM12878,0.7995386,1.0,1
ENSG00000144567,1.2200469,1.5022905,GM12878,0.79780376,1.0,1
ENSG00000144567,1.2395842,1.5022905,GM12878,0.8734201,1.0,1
ENSG00000144579,1.348933,1.6488477,GM12878,0.93359023,1.0,1
ENSG00000144580,1.0595633,1.7729814,GM12878,0.89388037,1.0,1
ENSG00000144580,1.1761006,1.7729814,GM12878,0.32964385,0.023099652,1
ENSG00000144589,1.4494956,0.88479537,GM12878,0.95068115,1.0,1
ENSG00000144591,1.4545043,1.9159799,GM12878,0.901554,1.0,1
ENSG00000149948,-0.31249595,-0.36653155,GM12878,0.9855527,1.0,1
ENSG00000150938,-0.46545768,-0.5850267,GM12878,0.99219126,1.0,1
ENSG00000150938,-0.49355882,-0.5850267,GM12878,0.9941036,1.0,1
ENSG00000150967,0.51808655,0.71349055,GM12878,0.9882528,0.6142857,1
ENSG00000150977,0.85092294,0.53147894,GM12878,0.9253235,1.0,1
ENSG00000150977,0.8940011,0.53147894,GM12878,0.9136956,1.0,1
ENSG00000150990,0.7928357,0.8744818,GM12878,0.9602453,1.0,1
ENSG00000151065,0.82527184,0.74272513,GM12878,0.93413717,1.0,1
ENSG00000151065,0.92547745,0.74272513,GM12878,0.9385038,1.0,1
ENSG00000151065,0.94742763,0.74272513,GM12878,0.5859271,1.0,1
ENSG00000151131,0.74700713,1.133539,GM12878,0.83919245,1.0,1
ENSG00000151131,0.7398958,1.133539,GM12878,0.92537624,1.0,1
ENSG00000151135,1.2090704,1.4671639,GM12878,0.8420358,1.0,1
ENSG00000151135,1.2712519,1.4671639,GM12878,0.93790025,1.0,1
ENSG00000151135,1.2712519,1.4671639,GM12878,0.93790025,1.0,1
ENSG00000151135,1.2712519,1.4671639,GM12878,0.93790025,1.0,1
ENSG00000151135,1.2090704,1.4671639,GM12878,0.8420358,0.3417466,1
ENSG00000151135,1.2540511,1.4671639,GM12878,0.3551024,0.17813383,1
ENSG00000151135,1.2402292,1.4671639,GM12878,0.2770467,0.058315333,1
ENSG00000151148,1.518023,1.3106933,GM12878,0.89359444,1.0,1
ENSG00000151148,1.5061684,1.3106933,GM12878,0.8165201,0.9882507,1
ENSG00000151164,1.2268736,-0.45593196,GM12878,0.85979265,1.0,1
ENSG00000151164,1.1651827,-0.45593196,GM12878,0.89014685,1.0,1
ENSG00000151176,0.7626579,0.71933126,GM12878,0.94381386,1.0,1
ENSG00000151176,0.75375617,0.71933126,GM12878,0.94310313,1.0,1
ENSG00000151176,0.77003527,0.71933126,GM12878,0.957528,0.9662162,1
ENSG00000151229,0.99549806,0.770852,GM12878,0.79561305,1.0,1
ENSG00000151229,0.8790999,0.770852,GM12878,0.86787957,1.0,1
ENSG00000151233,0.99035597,0.7671559,GM12878,0.8928273,1.0,1
ENSG00000151233,0.90131986,0.7671559,GM12878,0.9369667,1.0,1
ENSG00000151233,1.0218267,0.7671559,GM12878,0.8478506,0.7147826,1
ENSG00000151239,1.0832818,1.2177471,GM12878,0.92657125,1.0,1
ENSG00000151239,1.1310319,1.2177471,GM12878,0.92812055,1.0,1
ENSG00000151239,1.1147695,1.2177471,GM12878,0.3135343,0.0,1
ENSG00000151239,1.0645953,1.2177471,GM12878,0.8607334,0.057666216,1
ENSG00000151353,1.223887,1.2979792,GM12878,0.8921115,1.0,1
ENSG00000151665,1.1849155,1.7770642,GM12878,0.82498467,1.0,1
ENSG00000151665,1.1796911,1.7770642,GM12878,0.77505416,0.7399518,1
ENSG00000151687,-0.32045162,-0.31875876,GM12878,0.9627479,1.0,1
ENSG00000151689,-0.18616812,0.7075702,GM12878,0.9813664,1.0,1
ENSG00000151690,0.8062536,0.61700034,GM12878,0.9459903,1.0,1
ENSG00000151692,0.5657764,0.9132839,GM12878,0.9455666,1.0,1
ENSG00000151694,1.401206,0.98677176,GM12878,0.8571415,1.0,1
ENSG00000151694,1.3267293,0.98677176,GM12878,0.91177875,1.0,1
ENSG00000151694,1.3059651,0.98677176,GM12878,0.90575206,1.0,1
ENSG00000151694,1.3109987,0.98677176,GM12878,0.9176616,1.0,1
ENSG00000151743,1.3023126,1.3163898,GM12878,0.9248657,1.0,1
ENSG00000151743,1.3347538,1.3163898,GM12878,0.78516024,1.0,1
ENSG00000151743,1.2750719,1.3163898,GM12878,0.9107458,1.0,1
ENSG00000151743,1.2750719,1.3163898,GM12878,0.9107458,1.0,1
ENSG00000151743,1.3669515,1.3163898,GM12878,0.9081807,1.0,1
ENSG00000151743,1.2920384,1.3163898,GM12878,0.9108494,1.0,1
ENSG00000151743,1.2731562,1.3163898,GM12878,0.864544,0.88271606,1
ENSG00000151743,1.2731562,1.3163898,GM12878,0.864544,0.36334196,1
ENSG00000151746,0.8897321,0.9804579,GM12878,0.9519546,1.0,1
ENSG00000151746,0.91382754,0.9804579,GM12878,0.95575064,1.0,1
ENSG00000151746,0.97639215,0.9804579,GM12878,0.93610156,1.0,1
ENSG00000151746,0.94583887,0.9804579,GM12878,0.9544995,1.0,1
ENSG00000151746,0.9496603,0.9804579,GM12878,0.95524824,1.0,1
ENSG00000151746,0.90884805,0.9804579,GM12878,0.9537202,1.0,1
ENSG00000151746,0.930663,0.9804579,GM12878,0.933389,1.0,1
ENSG00000151746,0.953106,0.9804579,GM12878,0.81805754,1.0,1
ENSG00000151779,1.5479594,1.6458151,GM12878,0.9315735,1.0,1
ENSG00000151779,1.5726967,1.6458151,GM12878,0.9232883,1.0,1
ENSG00000151779,1.5328496,1.6458151,GM12878,0.9107476,1.0,1
ENSG00000151779,1.6093014,1.6458151,GM12878,0.8978965,1.0,1
ENSG00000151779,1.5609071,1.6458151,GM12878,0.92180634,0.93941844,1
ENSG00000151779,1.5106696,1.6458151,GM12878,0.9119052,0.7257094,1
ENSG00000151779,1.6518648,1.6458151,GM12878,0.9106574,0.0,1
ENSG00000152056,0.02749078,-0.30980393,GM12878,0.971031,1.0,1
ENSG00000152076,0.15524976,0.14921911,GM12878,0.97520906,1.0,1
ENSG00000152082,0.9929702,2.0530784,GM12878,0.92862546,1.0,1
ENSG00000152082,1.0413717,2.0530784,GM12878,0.93650055,0.45897877,1
ENSG00000152102,1.2414137,1.6353832,GM12878,0.7311317,1.0,1
ENSG00000152127,0.8770623,0.8254261,GM12878,0.9384729,1.0,1
ENSG00000152128,-0.5935459,-0.24412514,GM12878,0.9893332,1.0,1
ENSG00000152128,-0.57615805,-0.24412514,GM12878,0.99367154,1.0,1
ENSG00000152133,1.1703556,1.0899051,GM12878,0.9316061,1.0,1
ENSG00000152133,1.2980419,1.0899051,GM12878,0.93893355,1.0,1
ENSG00000152147,0.9315975,1.2643455,GM12878,0.818488,0.0,1
ENSG00000152147,0.9725853,1.2643455,GM12878,0.7376508,0.8342451,1
ENSG00000152253,1.5436993,1.7322329,GM12878,0.72557425,1.0,1
ENSG00000152253,1.4945326,1.7322329,GM12878,0.883208,1.0,1
ENSG00000152253,1.4709754,1.7322329,GM12878,0.9047485,1.0,1
ENSG00000152253,1.6525582,1.7322329,GM12878,0.88307905,1.0,1
ENSG00000152253,1.5705062,1.7322329,GM12878,0.9223013,1.0,1
ENSG00000152256,1.0666127,2.1176689,GM12878,0.93369174,1.0,1
ENSG00000152256,1.1481837,2.1176689,GM12878,0.83897245,0.22713213,1
ENSG00000152284,-0.07069503,-0.9586073,GM12878,0.97678465,1.0,1
ENSG00000152291,1.236273,1.5982432,GM12878,0.9247588,1.0,1
ENSG00000152291,1.236273,1.5982432,GM12878,0.9247588,1.0,1
ENSG00000152291,1.0947254,1.5982432,GM12878,0.92686003,1.0,1
ENSG00000152291,1.0826066,1.5982432,GM12878,0.81602794,1.0,1
ENSG00000152291,1.1580385,1.5982432,GM12878,0.9273132,1.0,1
ENSG00000152292,1.3076932,-0.38721615,GM12878,0.87364316,1.0,1
ENSG00000152556,0.68274724,1.4168068,GM12878,0.8924489,0.00097276265,1
ENSG00000152683,1.5519812,1.4912215,GM12878,0.8747741,1.0,1
ENSG00000152683,1.5668592,1.4912215,GM12878,0.8660621,0.9926271,1
ENSG00000152683,1.4811883,1.4912215,GM12878,0.61130077,0.977828,1
ENSG00000152683,1.4717315,1.4912215,GM12878,0.18622118,0.14517406,1
ENSG00000152683,1.5077362,1.4912215,GM12878,0.8135441,0.09057301,1
ENSG00000152683,1.4877489,1.4912215,GM12878,0.79786277,0.8370861,1
ENSG00000152683,1.465864,1.4912215,GM12878,0.7825976,0.9651352,1
ENSG00000152689,0.4740321,0.033423755,GM12878,0.8478433,1.0,1
ENSG00000152944,0.87234765,1.6620018,GM12878,0.9365455,1.0,1
ENSG00000152944,0.82351315,1.6620018,GM12878,0.93238807,0.95557076,1
ENSG00000153093,-0.23230928,-0.28399664,GM12878,0.9986979,1.0,1
ENSG00000153094,0.8599596,0.5899496,GM12878,0.91704744,1.0,1
ENSG00000153094,0.96786726,0.5899496,GM12878,0.8799828,1.0,1
ENSG00000153107,1.2968335,1.7555699,GM12878,0.829617,1.0,1
ENSG00000153107,1.212943,1.7555699,GM12878,0.90860593,1.0,1
ENSG00000153165,0.6777227,-0.92081875,GM12878,0.9652815,1.0,1
ENSG00000153165,0.14804478,-0.92081875,GM12878,0.97668207,1.0,1
ENSG00000153165,0.44925714,-0.92081875,GM12878,0.97089833,1.0,1
ENSG00000153179,1.2287455,1.2857822,GM12878,0.93405086,1.0,1
ENSG00000153179,1.253668,1.2857822,GM12878,0.9011348,1.0,1
ENSG00000153179,1.1491385,1.2857822,GM12878,0.90785503,0.98282146,1
ENSG00000153201,1.0145092,1.3047059,GM12878,0.9172404,1.0,1
ENSG00000153208,0.32275456,0.25042,GM12878,0.96871275,1.0,1
ENSG00000153214,1.1815853,1.0606978,GM12878,0.8832176,1.0,1
ENSG00000153214,1.1887565,1.0606978,GM12878,0.8148775,0.96893203,1
ENSG00000153561,0.44221354,1.3207692,GM12878,0.9577609,1.0,1
ENSG00000153574,1.0560603,1.2753114,GM12878,0.9073621,1.0,1
ENSG00000153827,1.3636254,1.7670816,GM12878,0.9142503,1.0,1
ENSG00000153827,1.6100956,1.7670816,GM12878,0.75723666,1.0,1
ENSG00000153827,1.5033807,1.7670816,GM12878,0.84955645,1.0,1
ENSG00000153827,1.4903076,1.7670816,GM12878,0.43350905,0.328232,1
ENSG00000153832,1.1588099,-0.013228266,GM12878,0.9236523,1.0,1
ENSG00000154252,-0.20474006,-0.88605666,GM12878,0.96464455,1.0,1
ENSG00000154252,-0.2297983,-0.88605666,GM12878,0.99354583,1.0,1
ENSG00000154518,1.2997086,3.2507079,GM12878,0.9191054,1.0,1
ENSG00000155368,0.84080774,2.0240338,GM12878,0.94677883,1.0,1
ENSG00000155368,0.9474688,2.0240338,GM12878,0.9519177,0.00058468134,1
ENSG00000155368,0.88043773,2.0240338,GM12878,0.819707,0.004561778,1
ENSG00000155368,0.89107984,2.0240338,GM12878,0.8063271,0.0,1
ENSG00000155438,1.4045286,1.6143699,GM12878,0.93125427,1.0,1
ENSG00000155636,0.7427523,1.0845762,GM12878,0.94238466,1.0,1
ENSG00000155729,0.96971816,0.36921585,GM12878,0.8840784,1.0,1
ENSG00000155744,1.4890157,1.0334238,GM12878,0.9335756,1.0,1
ENSG00000155744,1.515653,1.0334238,GM12878,0.90494287,1.0,1
ENSG00000155744,1.5061762,1.0334238,GM12878,0.90111566,1.0,1
ENSG00000155744,1.5065982,1.0334238,GM12878,0.9097687,0.24071322,1
ENSG00000155744,1.4771857,1.0334238,GM12878,0.6979786,0.24071322,1
ENSG00000155749,-0.13465191,-0.56863624,GM12878,0.9865791,1.0,1
ENSG00000155755,0.2003009,1.154424,GM12878,0.9281867,1.0,1
ENSG00000155755,0.24656458,1.154424,GM12878,0.96731144,1.0,1
ENSG00000155755,0.20794055,1.154424,GM12878,0.97045666,1.0,1
ENSG00000155755,0.21334247,1.154424,GM12878,0.95615554,1.0,1
ENSG00000155755,0.17164825,1.154424,GM12878,0.9381541,1.0,1
ENSG00000155755,0.2420521,1.154424,GM12878,0.80129695,1.0,1
ENSG00000155957,1.3331525,1.6821451,GM12878,0.6186382,1.0,1
ENSG00000155957,1.413157,1.6821451,GM12878,0.3217268,0.98955226,1
ENSG00000155957,1.3785303,1.6821451,GM12878,0.7486266,0.9916418,1
ENSG00000155980,0.9880452,1.1464381,GM12878,0.9481997,1.0,1
ENSG00000155980,1.0314329,1.1464381,GM12878,0.95614433,1.0,1
ENSG00000156973,0.8975485,0.99782306,GM12878,0.8994736,1.0,1
ENSG00000157827,0.19474252,-0.60206,GM12878,0.9434577,1.0,1
ENSG00000157827,0.19652689,-0.60206,GM12878,0.95586085,1.0,1
ENSG00000157833,0.5545397,0.587711,GM12878,0.97840786,1.0,1
ENSG00000157833,0.5319944,0.587711,GM12878,0.9731108,1.0,1
ENSG00000157833,0.47089028,0.587711,GM12878,0.9842442,1.0,1
ENSG00000157837,0.7995438,0.7535831,GM12878,0.9514318,1.0,1
ENSG00000157895,1.370127,0.9116902,GM12878,0.9502827,1.0,1
ENSG00000157895,1.3517917,0.9116902,GM12878,0.9533223,1.0,1
ENSG00000157895,1.3188246,0.9116902,GM12878,0.68726206,0.11241218,1
ENSG00000157992,0.031437352,0.1271048,GM12878,0.9957539,1.0,1
ENSG00000158019,1.0525308,1.2789822,GM12878,0.85442924,1.0,1
ENSG00000158019,1.0871971,1.2789822,GM12878,0.83539706,1.0,1
ENSG00000158019,0.98101723,1.2789822,GM12878,0.82570845,0.08649553,1
ENSG00000158019,1.0131012,1.2789822,GM12878,0.8135496,0.070913464,1
ENSG00000158019,0.8937239,1.2789822,GM12878,0.89747745,0.0686747,1
ENSG00000158023,0.2399844,1.2177471,GM12878,0.9772465,1.0,1
ENSG00000158023,0.2399844,1.2177471,GM12878,0.9772465,1.0,1
ENSG00000158023,0.21618783,1.2177471,GM12878,0.98293877,1.0,1
ENSG00000158050,-0.07493633,-0.92081875,GM12878,0.98973316,1.0,1
ENSG00000158050,-0.02920027,-0.92081875,GM12878,0.988436,1.0,1
ENSG00000158104,-0.234937,-0.88605666,GM12878,0.9843029,1.0,1
ENSG00000158158,0.7031476,0.5998831,GM12878,0.9739372,1.0,1
ENSG00000158158,0.7449483,0.5998831,GM12878,0.9793028,1.0,1
ENSG00000158411,1.0236018,1.3226327,GM12878,0.8864237,1.0,1
ENSG00000158417,1.2778285,1.408918,GM12878,0.89778656,1.0,1
ENSG00000158435,1.2514473,1.876968,GM12878,0.90135235,1.0,1
ENSG00000158552,1.2750409,1.3527611,GM12878,0.8533043,1.0,1
ENSG00000159335,1.4766536,1.7976829,GM12878,0.87090987,1.0,1
ENSG00000159335,1.5569477,1.7976829,GM12878,0.92888355,1.0,1
ENSG00000159374,0.15338069,-0.82390875,GM12878,0.97435194,1.0,1
ENSG00000159374,0.20361201,-0.82390875,GM12878,0.9866752,1.0,1
ENSG00000159399,0.7173837,1.5694909,GM12878,0.9679262,1.0,1
ENSG00000159403,-0.27603894,-0.27572414,GM12878,0.99399215,1.0,1
ENSG00000159403,-0.30385572,-0.27572414,GM12878,0.9939023,1.0,1
ENSG00000159403,-0.2867369,-0.27572414,GM12878,0.99325174,1.0,1
ENSG00000161638,1.2194922,1.8184239,GM12878,0.89619124,1.0,1
ENSG00000161642,0.4451813,0.97034687,GM12878,0.9880265,1.0,1
ENSG00000161642,0.4451813,0.97034687,GM12878,0.9880265,1.0,1
ENSG00000161642,0.46819818,0.97034687,GM12878,0.97580576,0.9419355,1
ENSG00000161791,0.8134509,0.7489629,GM12878,0.9166345,1.0,1
ENSG00000161791,0.82264847,0.7489629,GM12878,0.95838284,0.27094972,1
ENSG00000161813,1.3380693,1.5618167,GM12878,0.84977585,1.0,1
ENSG00000161813,1.3172818,1.5618167,GM12878,0.692244,0.19802445,1
ENSG00000161813,1.2518345,1.5618167,GM12878,0.79428875,0.9883408,1
ENSG00000161813,1.1987255,1.5618167,GM12878,0.9424335,0.96921074,1
ENSG00000161835,0.15614758,-0.08618615,GM12878,0.9750035,1.0,1
ENSG00000161835,0.16772614,-0.08618615,GM12878,0.97882205,1.0,1
ENSG00000161835,0.20912075,-0.08618615,GM12878,0.9744238,1.0,1
ENSG00000162869,0.93528706,1.0762763,GM12878,0.84024394,1.0,1
ENSG00000162869,0.9168643,1.0762763,GM12878,0.9182775,0.9591837,1
ENSG00000162869,0.8806778,1.0762763,GM12878,0.6835057,0.9138322,1
ENSG00000162878,0.29803246,1.1743506,GM12878,0.9851999,1.0,1
ENSG00000162878,0.2813366,1.1743506,GM12878,0.9889392,1.0,1
ENSG00000162878,0.30560142,1.1743506,GM12878,0.9813402,1.0,1
ENSG00000162878,0.2808535,1.1743506,GM12878,0.9839479,1.0,1
ENSG00000162878,0.32836008,1.1743506,GM12878,0.9812595,1.0,1
ENSG00000162924,1.1948764,0.6963564,GM12878,0.88983613,1.0,1
ENSG00000162924,1.4061562,0.6963564,GM12878,0.84119636,0.5,1
ENSG00000162927,1.3111699,0.85064626,GM12878,0.928065,1.0,1
ENSG00000162928,1.3446473,1.3279716,GM12878,0.9208632,1.0,1
ENSG00000162929,0.6538583,0.7331973,GM12878,0.9524274,1.0,1
ENSG00000162929,0.71164083,0.7331973,GM12878,0.47408897,0.6365915,1
ENSG00000162929,0.6424031,0.7331973,GM12878,0.9330261,0.97243106,1
ENSG00000162959,1.257044,1.6905504,GM12878,0.81299806,0.9353838,1
ENSG00000162959,1.138102,1.6905504,GM12878,0.92980295,0.98249197,1
ENSG00000162961,1.2715065,2.0017338,GM12878,0.86562294,1.0,1
ENSG00000162971,1.335365,0.61384183,GM12878,0.90286636,1.0,1
ENSG00000162971,1.4396151,0.61384183,GM12878,0.8833991,1.0,1
ENSG00000162971,1.4520297,0.61384183,GM12878,0.881628,0.52492666,1
ENSG00000162971,1.3892984,0.61384183,GM12878,0.86378473,0.49720672,1
ENSG00000162971,1.4007903,0.61384183,GM12878,0.8773129,0.64285713,1
ENSG00000162972,1.3868515,1.2219356,GM12878,0.88015336,1.0,1
ENSG00000162972,1.5531776,1.2219356,GM12878,0.7829793,1.0,1
ENSG00000162972,1.509862,1.2219356,GM12878,0.9310818,1.0,1
ENSG00000162972,1.3934817,1.2219356,GM12878,0.8687788,1.0,1
ENSG00000162976,0.9003905,1.3743817,GM12878,0.8645243,1.0,1
ENSG00000162976,0.9407768,1.3743817,GM12878,0.8867857,1.0,1
ENSG00000162976,0.95449984,1.3743817,GM12878,0.87132,1.0,1
ENSG00000162976,0.8998036,1.3743817,GM12878,0.7486806,0.94198626,1
ENSG00000162976,0.98332036,1.3743817,GM12878,0.78597933,0.5866503,1
ENSG00000162980,1.2216251,1.7244397,GM12878,0.8449723,1.0,1
ENSG00000162994,1.6124172,0.98677176,GM12878,0.8737251,1.0,1
ENSG00000162994,1.4858112,0.98677176,GM12878,0.915014,1.0,1
ENSG00000162998,-0.72709596,-0.82390875,GM12878,0.9956411,1.0,1
ENSG00000162999,1.2192997,0.65513843,GM12878,0.90094745,1.0,1
ENSG00000162999,1.2192997,0.65513843,GM12878,0.90094745,1.0,1
ENSG00000163001,1.20366,1.512017,GM12878,0.8934975,1.0,1
ENSG00000163001,1.1399319,1.512017,GM12878,0.8583036,0.56860745,1
ENSG00000163002,1.2982092,1.5519377,GM12878,0.8921697,1.0,1
ENSG00000163002,1.3636394,1.5519377,GM12878,0.9066462,0.874599,1
ENSG00000163006,0.7342003,1.0874264,GM12878,0.90235436,1.0,1
ENSG00000163006,0.79880595,1.0874264,GM12878,0.799867,0.73622507,1
ENSG00000163013,0.8795265,0.67209786,GM12878,0.9476053,1.0,1
ENSG00000163026,1.0280976,1.4896773,GM12878,0.8976812,1.0,1
ENSG00000163026,1.0280976,1.4896773,GM12878,0.8976812,1.0,1
ENSG00000163026,1.1589533,1.4896773,GM12878,0.70022273,0.93406147,1
ENSG00000163029,1.4464823,1.507451,GM12878,0.89442307,1.0,1
ENSG00000163029,1.5480809,1.507451,GM12878,0.4210643,0.056740616,1
ENSG00000163029,1.4797403,1.507451,GM12878,0.7851777,0.17406143,1
ENSG00000163040,0.27376616,1.3062105,GM12878,0.94286937,1.0,1
ENSG00000163040,0.298849,1.3062105,GM12878,0.9773373,1.0,1
ENSG00000163040,0.39709014,1.3062105,GM12878,0.923775,1.0,1
ENSG00000163040,0.43545693,1.3062105,GM12878,0.9773187,0.9887937,1
ENSG00000163053,-0.48978198,-0.9586073,GM12878,0.9810144,1.0,1
ENSG00000163082,-0.26085472,-0.9586073,GM12878,0.98866093,1.0,1
ENSG00000163082,-0.03905361,-0.9586073,GM12878,0.9926621,1.0,1
ENSG00000163093,0.78275716,0.36921585,GM12878,0.87959474,1.0,1
ENSG00000163093,0.77684736,0.36921585,GM12878,0.8721879,0.5,1
ENSG00000163126,1.1711593,0.70243055,GM12878,0.8538027,1.0,1
ENSG00000163126,1.1527579,0.70243055,GM12878,0.9387875,0.8079096,1
ENSG00000163161,0.8882057,1.6307329,GM12878,0.95533276,1.0,1
ENSG00000163162,0.9677863,1.3396502,GM12878,0.9002141,1.0,1
ENSG00000163162,1.0005993,1.3396502,GM12878,0.813143,1.0,1
ENSG00000163166,1.4788692,1.5113485,GM12878,0.8460176,1.0,1
ENSG00000163166,1.3855964,1.5113485,GM12878,0.8173422,1.0,1
ENSG00000163166,1.3552142,1.5113485,GM12878,0.90078855,0.97981983,1
ENSG00000163170,1.3406565,2.0399294,GM12878,0.92164326,1.0,1
ENSG00000163170,1.3406565,2.0399294,GM12878,0.92164326,1.0,1
ENSG00000163170,1.2937107,2.0399294,GM12878,0.91261345,0.5649986,1
ENSG00000163219,-0.15616058,0.80821097,GM12878,0.98046863,1.0,1
ENSG00000163249,0.8328138,0.7126497,GM12878,0.95939356,1.0,1
ENSG00000163249,0.9039802,0.7126497,GM12878,0.78143436,1.0,1
ENSG00000163249,0.9156919,0.7126497,GM12878,0.8508811,1.0,1
ENSG00000163249,0.8307214,0.7126497,GM12878,0.9354774,1.0,1
ENSG00000163249,0.8386527,0.7126497,GM12878,0.9025804,1.0,1
ENSG00000163328,0.47195572,-0.32790214,GM12878,0.9053229,1.0,1
ENSG00000163328,0.46309274,-0.32790214,GM12878,0.9370834,1.0,1
ENSG00000163328,0.52229047,-0.32790214,GM12878,0.9654948,1.0,1
ENSG00000163328,0.44722992,-0.32790214,GM12878,0.95921516,1.0,1
ENSG00000163328,0.4414584,-0.32790214,GM12878,0.8474054,1.0,1
ENSG00000163328,0.4141518,-0.32790214,GM12878,0.9516831,1.0,1
ENSG00000163466,1.0269392,2.156731,GM12878,0.94323313,1.0,1
ENSG00000163466,0.9241245,2.156731,GM12878,0.916497,1.0,1
ENSG00000163466,0.95583946,2.156731,GM12878,0.94565994,1.0,1
ENSG00000163466,1.0479667,2.156731,GM12878,0.88305813,0.0,1
ENSG00000163481,1.2867131,1.577032,GM12878,0.9479469,1.0,1
ENSG00000163482,0.746755,1.1376705,GM12878,0.9301825,1.0,1
ENSG00000163510,1.2618166,0.96754795,GM12878,0.93063605,1.0,1
ENSG00000163510,1.2362037,0.96754795,GM12878,0.8799441,1.0,1
ENSG00000163510,1.2013301,0.96754795,GM12878,0.9264416,1.0,1
ENSG00000163510,1.3054833,0.96754795,GM12878,0.9068685,1.0,1
ENSG00000163516,1.2189865,1.7165042,GM12878,0.94881177,1.0,1
ENSG00000163516,1.1824208,1.7165042,GM12878,0.95447904,1.0,1
ENSG00000163516,1.151261,1.7165042,GM12878,0.9440517,1.0,1
ENSG00000163521,-0.0036114603,0.2966652,GM12878,0.98812205,1.0,1
ENSG00000163521,-0.02183117,0.2966652,GM12878,0.98938227,0.36,1
ENSG00000163535,1.1742611,1.2260841,GM12878,0.9112375,1.0,1
ENSG00000163535,1.0138185,1.2260841,GM12878,0.8820494,1.0,1
ENSG00000163541,1.0977945,1.836514,GM12878,0.92260635,1.0,1
ENSG00000163596,0.78344816,0.07188201,GM12878,0.7280673,1.0,1
ENSG00000163596,0.7017337,0.07188201,GM12878,0.89811975,1.0,1
ENSG00000163596,0.6840712,0.07188201,GM12878,0.93981236,1.0,1
ENSG00000163795,1.2342958,0.64933485,GM12878,0.8617537,1.0,1
ENSG00000163795,1.2667971,0.64933485,GM12878,0.95010155,1.0,1
ENSG00000163798,1.249346,1.095518,GM12878,0.92599916,1.0,1
ENSG00000163806,-0.5330243,-0.7695511,GM12878,0.98216575,1.0,1
ENSG00000163811,1.2779249,2.130623,GM12878,0.76181024,1.0,1
ENSG00000163811,1.2781609,2.130623,GM12878,0.89307964,1.0,1
ENSG00000163811,1.2491763,2.130623,GM12878,0.89810175,1.0,1
ENSG00000163811,1.3882151,2.130623,GM12878,0.86557925,1.0,1
ENSG00000165714,1.4591722,0.7474118,GM12878,0.9190738,1.0,1
ENSG00000165714,1.4797312,0.7474118,GM12878,0.8975644,0.9166667,1
ENSG00000165891,0.8016335,0.7737864,GM12878,0.8257096,1.0,1
ENSG00000165891,0.75630206,0.7737864,GM12878,0.90148294,1.0,1
ENSG00000166046,1.0615827,0.5237465,GM12878,0.9133271,1.0,1
ENSG00000166130,1.3409487,1.0523092,GM12878,0.925563,1.0,1
ENSG00000166130,1.3409487,1.0523092,GM12878,0.925563,0.17520216,1
ENSG00000166153,1.1738358,0.76937735,GM12878,0.8991362,1.0,1
ENSG00000166153,1.2455231,0.76937735,GM12878,0.9433175,0.59770113,1
ENSG00000166153,1.1771104,0.76937735,GM12878,0.73117876,0.065853655,1
ENSG00000166153,1.1180909,0.76937735,GM12878,0.8703848,0.89033943,1
ENSG00000166225,0.9058893,0.8413595,GM12878,0.901414,0.12037037,1
ENSG00000166226,1.2888451,2.6832721,GM12878,0.8625583,1.0,1
ENSG00000166226,1.2184865,2.6832721,GM12878,0.8781243,1.0,1
ENSG00000166268,-0.5696968,-0.9586073,GM12878,0.9734101,1.0,1
ENSG00000166532,0.9030119,1.2153732,GM12878,0.8881688,1.0,1
ENSG00000166532,1.0018156,1.2153732,GM12878,0.9052639,1.0,1
ENSG00000166598,1.3886089,2.7067263,GM12878,0.9185871,1.0,1
ENSG00000166881,1.4267592,1.7764833,GM12878,0.90180635,1.0,1
ENSG00000166881,1.4322642,1.7764833,GM12878,0.92013526,1.0,1
ENSG00000166881,1.434233,1.7764833,GM12878,0.8313164,0.94788,1
ENSG00000166881,1.4557776,1.7764833,GM12878,0.84068274,0.14873266,1
ENSG00000166886,1.1339325,1.3514098,GM12878,0.9534519,1.0,1
ENSG00000166886,1.1794769,1.3514098,GM12878,0.9386528,1.0,1
ENSG00000166888,1.301049,1.5954962,GM12878,0.92935336,1.0,1
ENSG00000166888,1.3327,1.5954962,GM12878,0.93759686,0.9941396,1
ENSG00000166888,1.303504,1.5954962,GM12878,0.94052094,1.0,1
ENSG00000166896,1.2385257,1.55145,GM12878,0.61373425,1.0,1
ENSG00000166896,1.1606789,1.55145,GM12878,0.8650561,1.0,1
ENSG00000166896,1.1525182,1.55145,GM12878,0.8741209,1.0,1
ENSG00000166896,1.1719184,1.55145,GM12878,0.85493624,1.0,1
ENSG00000166908,1.1170382,1.3914644,GM12878,0.8954051,1.0,1
ENSG00000166908,0.98831433,1.3914644,GM12878,0.95482874,0.9974392,1
ENSG00000166986,1.5794399,2.2179313,GM12878,0.91726786,1.0,1
ENSG00000166986,1.4754465,2.2179313,GM12878,0.9165039,1.0,1
ENSG00000166987,1.6517501,0.553883,GM12878,0.9126152,1.0,1
ENSG00000166987,1.5298871,0.553883,GM12878,0.81921947,1.0,1
ENSG00000166987,1.6454446,0.553883,GM12878,0.8502406,1.0,1
ENSG00000167272,1.2216783,1.9222063,GM12878,0.94222355,1.0,1
ENSG00000167272,1.1680908,1.9222063,GM12878,0.93879014,1.0,1
ENSG00000167272,1.1680908,1.9222063,GM12878,0.93879014,1.0,1
ENSG00000167272,1.2363144,1.9222063,GM12878,0.94405335,0.8964165,1
ENSG00000167528,0.93859106,0.70070374,GM12878,0.94488734,1.0,1
ENSG00000167528,0.93827105,0.70070374,GM12878,0.924078,1.0,1
ENSG00000167528,1.0099726,0.70070374,GM12878,0.9078748,1.0,1
ENSG00000167528,0.95751953,0.70070374,GM12878,0.873362,1.0,1
ENSG00000167528,0.96573347,0.70070374,GM12878,0.8866199,1.0,1
ENSG00000167528,0.8886775,0.70070374,GM12878,0.94172883,1.0,1
ENSG00000167535,0.18648742,0.12385164,GM12878,0.99118924,1.0,1
ENSG00000167535,0.22292247,0.12385164,GM12878,0.99374264,1.0,1
ENSG00000167535,0.24528562,0.12385164,GM12878,0.99526584,1.0,1
ENSG00000167535,0.23790143,0.12385164,GM12878,0.9942179,1.0,1
ENSG00000167550,1.0708588,0.87215626,GM12878,0.9296487,1.0,1
ENSG00000167550,1.1570117,0.87215626,GM12878,0.9049919,0.8791209,1
ENSG00000167552,0.9548019,1.9076263,GM12878,0.95064807,1.0,1
ENSG00000167552,0.8654011,1.9076263,GM12878,0.9474822,1.0,1
ENSG00000167553,1.6117208,3.4164674,GM12878,0.92746353,1.0,1
ENSG00000167566,0.9519802,0.3424227,GM12878,0.8794853,1.0,1
ENSG00000167588,0.06880984,-0.18045606,GM12878,0.9922575,1.0,1
ENSG00000167778,1.0569522,0.75204843,GM12878,0.96560603,1.0,1
ENSG00000167778,0.99986887,0.75204843,GM12878,0.95479876,0.99019605,1
ENSG00000167779,0.33317512,-0.1611509,GM12878,0.9959693,1.0,1
ENSG00000168288,1.2859339,2.242616,GM12878,0.8407508,1.0,1
ENSG00000168385,1.3989825,2.3964958,GM12878,0.92584825,1.0,1
ENSG00000168385,1.344763,2.3964958,GM12878,0.8540787,0.0,1
ENSG00000168385,1.3660958,2.3964958,GM12878,0.921208,0.004602301,1
ENSG00000168385,1.4580774,2.3964958,GM12878,0.87463623,0.020285573,1
ENSG00000168385,1.3674924,2.3964958,GM12878,0.88422835,0.13043478,1
ENSG00000168385,1.5472194,2.3964958,GM12878,0.76628315,0.0019248396,1
ENSG00000168393,1.1283337,1.6111921,GM12878,0.92283106,1.0,1
ENSG00000168393,1.2529773,1.6111921,GM12878,0.9270815,0.76466775,1
ENSG00000168395,1.1500435,1.4324882,GM12878,0.908766,1.0,1
ENSG00000168395,1.1972466,1.4324882,GM12878,0.84317,1.0,1
ENSG00000168397,1.4798377,1.7221401,GM12878,0.85216826,1.0,1
ENSG00000168397,1.4624702,1.7221401,GM12878,0.86810106,1.0,1
ENSG00000168397,1.50949,1.7221401,GM12878,0.8271676,0.22041763,1
ENSG00000168754,-0.545681,2.534445,GM12878,0.9967187,1.0,1
ENSG00000168754,-0.5205587,2.534445,GM12878,0.9953637,1.0,1
ENSG00000168758,1.0969101,1.8273046,GM12878,0.89816415,1.0,1
ENSG00000168763,0.908967,0.813581,GM12878,0.9424963,1.0,1
ENSG00000168763,0.97579056,0.813581,GM12878,0.9545217,0.9826923,1
ENSG00000168778,0.5490328,0.665581,GM12878,0.97083324,1.0,1
ENSG00000168778,0.5478842,0.665581,GM12878,0.95932746,1.0,1
ENSG00000168778,0.5420207,0.665581,GM12878,0.9519333,1.0,1
ENSG00000168778,0.56960475,0.665581,GM12878,0.9775214,1.0,1
ENSG00000168883,1.3907974,2.0083873,GM12878,0.90092903,1.0,1
ENSG00000168883,1.3830035,2.0083873,GM12878,0.94502467,0.9984219,1
ENSG00000168887,1.3756828,1.5174599,GM12878,0.8907014,1.0,1
ENSG00000168890,0.8923191,0.86391735,GM12878,0.9094789,0.8227612,1
ENSG00000168894,1.5240619,2.50737,GM12878,0.9288423,1.0,1
ENSG00000168899,0.21359669,0.15228835,GM12878,0.98980063,1.0,1
ENSG00000168906,1.8674718,2.8064716,GM12878,0.92435616,1.0,1
ENSG00000168918,0.2826882,0.6009729,GM12878,0.99655676,1.0,1
ENSG00000168918,0.2181597,0.6009729,GM12878,0.99073094,1.0,1
ENSG00000168958,0.9616022,1.567732,GM12878,0.9193807,1.0,1
ENSG00000168958,0.9827335,1.567732,GM12878,0.8977751,1.0,1
ENSG00000168958,0.8349403,1.567732,GM12878,0.92462,1.0,1
ENSG00000168958,0.9358885,1.567732,GM12878,0.90651304,0.98651963,1
ENSG00000168958,0.9197259,1.567732,GM12878,0.94669026,0.10576923,1
ENSG00000168958,0.97739714,1.567732,GM12878,0.7621968,0.0,1
ENSG00000168958,0.9785386,1.567732,GM12878,0.87734455,0.026818182,1
ENSG00000168958,0.9098809,1.567732,GM12878,0.9147073,0.94758064,1
ENSG00000168958,0.9098809,1.567732,GM12878,0.9147073,0.088160135,1
ENSG00000168958,0.91291034,1.567732,GM12878,0.88721293,0.006035283,1
ENSG00000168958,0.91291034,1.567732,GM12878,0.88721293,0.63492066,1
ENSG00000169016,1.0920802,1.3436055,GM12878,0.84508026,1.0,1
ENSG00000169016,0.94506466,1.3436055,GM12878,0.87641984,0.52971727,1
ENSG00000169016,1.0920802,1.3436055,GM12878,0.84508026,0.64533824,1
ENSG00000169016,1.0336645,1.3436055,GM12878,0.65038306,0.57846504,1
ENSG00000169372,1.3067211,1.3174365,GM12878,0.9139931,1.0,1
ENSG00000169554,1.3490105,1.7385428,GM12878,0.94630885,1.0,1
ENSG00000169554,1.3613521,1.7385428,GM12878,0.9506255,1.0,1
ENSG00000169554,1.2636867,1.7385428,GM12878,0.9455569,1.0,1
ENSG00000169599,1.1275373,1.525563,GM12878,0.89896566,1.0,1
ENSG00000169599,1.1275373,1.525563,GM12878,0.89896566,1.0,1
ENSG00000169599,1.2014871,1.525563,GM12878,0.8617207,1.0,1
ENSG00000169599,1.2648103,1.525563,GM12878,0.9324534,1.0,1
ENSG00000169599,1.1473626,1.525563,GM12878,0.93937093,0.9988354,1
ENSG00000169599,1.3664492,1.525563,GM12878,0.90015227,0.8952679,1
ENSG00000169607,1.2903004,1.1316186,GM12878,0.92953527,1.0,1
ENSG00000169607,1.2650979,1.1316186,GM12878,0.90269643,1.0,1
ENSG00000169607,1.2185284,1.1316186,GM12878,0.942121,1.0,1
ENSG00000169607,1.3203483,1.1316186,GM12878,0.8200237,1.0,1
ENSG00000169621,0.99431896,-0.28399664,GM12878,0.9282343,1.0,1
ENSG00000169621,0.94957364,-0.28399664,GM12878,0.82036823,1.0,1
ENSG00000169679,1.3651817,2.232615,GM12878,0.92750037,1.0,1
ENSG00000169679,1.3593779,2.232615,GM12878,0.88383603,0.57782394,1
ENSG00000169756,1.095095,1.9571761,GM12878,0.9102489,1.0,1
ENSG00000169756,1.095095,1.9571761,GM12878,0.9102489,1.0,1
ENSG00000169756,1.2200274,1.9571761,GM12878,0.81804127,0.99112666,1
ENSG00000169764,1.1518583,1.6325585,GM12878,0.91764253,1.0,1
ENSG00000169764,1.1978091,1.6325585,GM12878,0.81401384,0.0,1
ENSG00000169884,0.3973148,0.22010809,GM12878,0.9878764,1.0,1
ENSG00000169967,1.0416863,0.651278,GM12878,0.8975619,1.0,1
ENSG00000170035,0.76328593,1.9546283,GM12878,0.9618093,1.0,1
ENSG00000170035,0.7878094,1.9546283,GM12878,0.8036834,1.0,1
ENSG00000170144,1.7348499,2.1576078,GM12878,0.89236677,1.0,1
ENSG00000170417,1.0714611,0.7259116,GM12878,0.8915726,1.0,1
ENSG00000170417,1.0423316,0.7259116,GM12878,0.84592783,1.0,1
ENSG00000170417,1.0714848,0.7259116,GM12878,0.886692,0.7080745,1
ENSG00000170426,-0.19828154,-0.88605666,GM12878,0.99144757,1.0,1
ENSG00000170426,-0.18895851,-0.88605666,GM12878,0.9922924,1.0,1
ENSG00000170456,0.47807503,0.8518696,GM12878,0.9558931,1.0,1
ENSG00000170473,1.4637198,1.513484,GM12878,0.822346,1.0,1
ENSG00000170500,0.44362968,0.57170886,GM12878,0.9786058,1.0,1
ENSG00000170515,1.589154,2.791838,GM12878,0.91794294,1.0,1
ENSG00000170545,0.7856605,1.6559064,GM12878,0.92671824,1.0,1
ENSG00000170545,0.7856605,1.6559064,GM12878,0.92671824,1.0,1
ENSG00000170545,0.9486107,1.6559064,GM12878,0.27477995,0.021474773,1
ENSG00000170627,1.5977429,2.7779992,GM12878,0.8559954,1.0,1
ENSG00000170627,1.6390163,2.7779992,GM12878,0.8349984,1.0,1
ENSG00000170633,1.4551523,1.5625308,GM12878,0.84431654,1.0,1
ENSG00000170633,1.4472013,1.5625308,GM12878,0.8124854,0.16459017,1
ENSG00000170634,1.2097882,0.33645973,GM12878,0.889237,1.0,1
ENSG00000170634,1.2611258,0.33645973,GM12878,0.84769285,0.0,1
ENSG00000170653,1.2933277,1.2422929,GM12878,0.8844025,1.0,1
ENSG00000170802,1.0161585,1.2853322,GM12878,0.87144715,1.0,1
ENSG00000171055,1.0867968,1.4116197,GM12878,0.92748475,0.8443149,1
ENSG00000171055,1.1613139,1.4116197,GM12878,0.9140173,0.20570488,1
ENSG00000171055,1.1901802,1.4116197,GM12878,0.87853545,0.0,1
ENSG00000171103,1.4420925,1.3077099,GM12878,0.90907365,1.0,1
ENSG00000171132,0.55308217,-0.60206,GM12878,0.92919976,1.0,1
ENSG00000171132,0.52487564,-0.60206,GM12878,0.5073485,1.0,1
ENSG00000171174,0.87378967,-0.4202164,GM12878,0.93818265,1.0,1
ENSG00000171310,1.0158262,1.1344959,GM12878,0.9357106,1.0,1
ENSG00000171310,1.0158262,1.1344959,GM12878,0.9357106,1.0,1
ENSG00000171596,0.030985638,-0.61978877,GM12878,0.9946306,1.0,1
ENSG00000171681,0.84226644,0.69548166,GM12878,0.9511616,1.0,1
ENSG00000171681,0.8336485,0.69548166,GM12878,0.9578672,1.0,1
ENSG00000171681,0.9706786,0.69548166,GM12878,0.9182238,0.9607843,1
ENSG00000171792,1.2125888,1.6608654,GM12878,0.94813895,0.64361703,1
ENSG00000171792,1.1802906,1.6608654,GM12878,0.94433224,0.9333665,1
ENSG00000171840,1.0260316,0.5575072,GM12878,0.9267974,1.0,1
ENSG00000171840,0.98946506,0.5575072,GM12878,0.9289584,1.0,1
ENSG00000171840,0.98946506,0.5575072,GM12878,0.9289584,1.0,1
ENSG00000171847,0.10827543,-0.82390875,GM12878,0.98423886,1.0,1
ENSG00000171847,0.115891576,-0.82390875,GM12878,0.98620296,1.0,1
ENSG00000171848,1.3605247,1.7937903,GM12878,0.9286565,1.0,1
ENSG00000171853,0.89777136,1.5284024,GM12878,0.8945759,1.0,1
ENSG00000171853,0.88240933,1.5284024,GM12878,0.91921943,1.0,1
ENSG00000171865,1.3682625,1.2727696,GM12878,0.896814,1.0,1
ENSG00000172059,1.1021769,1.0976043,GM12878,0.9399247,1.0,1
ENSG00000172059,1.1021769,1.0976043,GM12878,0.9399247,1.0,1
ENSG00000172071,1.1206491,0.7881684,GM12878,0.86187917,1.0,1
ENSG00000172071,1.2047522,0.7881684,GM12878,0.83196217,1.0,1
ENSG00000172071,1.069991,0.7881684,GM12878,0.9340319,1.0,1
ENSG00000172073,-0.4914223,-0.9586073,GM12878,0.9919646,1.0,1
ENSG00000172086,1.2988651,0.6324573,GM12878,0.85923076,1.0,1
ENSG00000172292,0.9332639,0.54654264,GM12878,0.88314235,1.0,1
ENSG00000172292,0.96654284,0.54654264,GM12878,0.3519972,0.26900584,1
ENSG00000172428,0.53983206,1.9241759,GM12878,0.86385673,1.0,1
ENSG00000172428,0.5252706,1.9241759,GM12878,0.9163864,1.0,1
ENSG00000172602,0.29984623,-0.23657201,GM12878,0.9772979,1.0,1
ENSG00000172819,1.0435404,0.54900324,GM12878,0.9516852,1.0,1
ENSG00000172819,1.0011339,0.54900324,GM12878,0.9105544,1.0,1
ENSG00000172819,0.93935883,0.54900324,GM12878,0.83797956,0.087804876,1
ENSG00000172845,1.2083567,1.8178958,GM12878,0.9384579,1.0,1
ENSG00000172845,1.1615298,1.8178958,GM12878,0.94283587,0.22721088,1
ENSG00000172878,1.3783282,1.223496,GM12878,0.7985101,1.0,1
ENSG00000172954,1.1715472,1.2013972,GM12878,0.9273965,0.022134388,1
ENSG00000172954,1.1771557,1.2013972,GM12878,0.93075675,0.046831954,1
ENSG00000173064,1.0265837,1.0277572,GM12878,0.91436,1.0,1
ENSG00000173064,1.0977085,1.0277572,GM12878,0.8531417,1.0,1
ENSG00000173163,0.6915277,1.4094259,GM12878,0.94818896,1.0,1
ENSG00000173166,0.24787672,-0.28399664,GM12878,0.96437544,1.0,1
ENSG00000173209,1.0420575,1.7185017,GM12878,0.9085104,1.0,1
ENSG00000173272,1.0087038,2.0541148,GM12878,0.9195982,1.0,1
ENSG00000173272,1.0087038,2.0541148,GM12878,0.9195982,1.0,1
ENSG00000173451,1.0578771,0.78675145,GM12878,0.91340715,1.0,1
ENSG00000173559,1.2722596,1.228657,GM12878,0.9075691,1.0,1
ENSG00000173559,1.3557317,1.228657,GM12878,0.8997133,1.0,1
ENSG00000173559,1.3557317,1.228657,GM12878,0.8997133,1.0,1
ENSG00000173559,1.2671616,1.228657,GM12878,0.90704864,0.25104603,1
ENSG00000173567,1.4421614,-0.82390875,GM12878,0.9177325,1.0,1
ENSG00000173588,0.87128025,1.3312248,GM12878,0.9048824,1.0,1
ENSG00000173588,0.9404304,1.3312248,GM12878,0.7952287,0.04696673,1
ENSG00000173588,0.97843385,1.3312248,GM12878,0.66985923,0.01847575,1
ENSG00000173588,0.96122336,1.3312248,GM12878,0.7325013,0.70016474,1
ENSG00000173598,1.6617386,2.151615,GM12878,0.48703608,1.0,1
ENSG00000173598,1.5866525,2.151615,GM12878,0.8923423,1.0,1
ENSG00000173692,1.1700463,2.2464986,GM12878,0.9281338,1.0,1
ENSG00000173692,1.2771791,2.2464986,GM12878,0.92207503,1.0,1
ENSG00000173744,0.9681245,1.8409212,GM12878,0.8252623,1.0,1
ENSG00000173744,1.0290933,1.8409212,GM12878,0.8718434,0.9965221,1
ENSG00000173744,1.0353193,1.8409212,GM12878,0.617761,0.33338484,1
ENSG00000173960,1.615369,1.0402067,GM12878,0.93658626,1.0,1
ENSG00000173960,1.5262878,1.0402067,GM12878,0.7505273,0.026809651,1
ENSG00000173960,1.6380445,1.0402067,GM12878,0.4037344,0.68105066,1
ENSG00000174099,-0.52375305,-0.92081875,GM12878,0.9639443,1.0,1
ENSG00000174106,1.010797,1.1379868,GM12878,0.83453184,1.0,1
ENSG00000174106,1.1441536,1.1379868,GM12878,0.9161525,1.0,1
ENSG00000174106,1.1338549,1.1379868,GM12878,0.87201864,1.0,1
ENSG00000174206,1.1329021,0.7355989,GM12878,0.90277344,1.0,1
ENSG00000174233,-0.11509861,0.012837225,GM12878,0.9962818,1.0,1
ENSG00000174243,1.5491269,1.8702868,GM12878,0.8416941,1.0,1
ENSG00000174437,1.6006267,1.717504,GM12878,0.8305976,1.0,1
ENSG00000174437,1.3935771,1.717504,GM12878,0.9121449,1.0,1
ENSG00000174437,1.4845339,1.717504,GM12878,0.84453946,0.9757876,1
ENSG00000174437,1.4740787,1.717504,GM12878,0.54747534,0.039647575,1
ENSG00000174456,1.076215,1.525563,GM12878,0.929177,1.0,1
ENSG00000174456,1.1353521,1.525563,GM12878,0.89585924,1.0,1
ENSG00000174501,1.1770933,0.95279247,GM12878,0.82221353,1.0,1
ENSG00000174501,1.1234552,0.95279247,GM12878,0.9326803,1.0,1
ENSG00000174501,1.0506936,0.95279247,GM12878,0.8172967,1.0,1
ENSG00000174501,1.1502156,0.95279247,GM12878,0.9348275,1.0,1
ENSG00000174501,1.1585953,0.95279247,GM12878,0.9181195,1.0,1
ENSG00000174718,1.2231679,1.6188844,GM12878,0.9014602,1.0,1
ENSG00000174718,1.176618,1.6188844,GM12878,0.88638926,0.83912086,1
ENSG00000174718,1.0765076,1.6188844,GM12878,0.8611597,0.9621976,1
ENSG00000174989,0.8204839,0.8169038,GM12878,0.93493414,1.0,1
ENSG00000175183,0.5489802,0.62838894,GM12878,0.9604488,1.0,1
ENSG00000175197,1.7164643,1.9383196,GM12878,0.89537525,1.0,1
ENSG00000175203,1.372858,2.0703335,GM12878,0.91646177,0.9882207,1
ENSG00000175215,1.2642806,1.8581761,GM12878,0.93437195,1.0,1
ENSG00000175548,0.38565743,0.25042,GM12878,0.9154579,1.0,1
ENSG00000175548,0.38565743,0.25042,GM12878,0.9154579,1.0,1
ENSG00000175727,1.3057655,1.1420765,GM12878,0.9046147,1.0,1
ENSG00000175782,1.0352572,0.70329136,GM12878,0.9263488,1.0,1
ENSG00000175970,0.9531934,1.3812957,GM12878,0.92758965,1.0,1
ENSG00000176407,1.4298522,1.7571682,GM12878,0.9139027,1.0,1
ENSG00000176407,1.4535865,1.7571682,GM12878,0.9014217,1.0,1
ENSG00000176720,0.15014952,0.29446623,GM12878,0.9933461,1.0,1
ENSG00000176720,0.1602288,0.29446623,GM12878,0.9917591,1.0,1
ENSG00000176720,0.20300426,0.29446623,GM12878,0.9931579,1.0,1
ENSG00000176732,0.99364656,-0.61978877,GM12878,0.87365645,1.0,1
ENSG00000176834,0.069162145,0.78746045,GM12878,0.9974354,1.0,1
ENSG00000176871,1.415443,1.6904619,GM12878,0.8624264,1.0,1
ENSG00000176894,1.2008662,1.5137502,GM12878,0.9212963,1.0,1
ENSG00000176894,1.2747669,1.5137502,GM12878,0.935569,1.0,1
ENSG00000176915,1.3128102,1.6996644,GM12878,0.9419639,1.0,1
ENSG00000176946,1.5414808,1.3666097,GM12878,0.912069,1.0,1
ENSG00000176946,1.542639,1.3666097,GM12878,0.9320024,1.0,1
ENSG00000176946,1.4617257,1.3666097,GM12878,0.8972135,1.0,1
ENSG00000177084,1.4925487,1.7036352,GM12878,0.787906,1.0,1
ENSG00000177084,1.4112289,1.7036352,GM12878,0.9218595,1.0,1
ENSG00000177084,1.467432,1.7036352,GM12878,0.9281535,1.0,1
ENSG00000177084,1.4167858,1.7036352,GM12878,0.90314096,0.99876493,1
ENSG00000177119,1.4762344,1.225826,GM12878,0.9161871,1.0,1
ENSG00000177119,1.4632555,1.225826,GM12878,0.77729464,1.0,1
ENSG00000177119,1.5890476,1.225826,GM12878,0.5914887,0.0343965,1
ENSG00000177119,1.5048748,1.225826,GM12878,0.8877083,0.98156387,1
ENSG00000177119,1.533923,1.225826,GM12878,0.77176934,0.017813267,1
ENSG00000177169,0.77946126,0.5774918,GM12878,0.9569898,1.0,1
ENSG00000177169,0.8202543,0.5774918,GM12878,0.95162004,1.0,1
ENSG00000177169,0.83576477,0.5774918,GM12878,0.96855205,1.0,1
ENSG00000177192,1.2670717,1.4051756,GM12878,0.95404905,1.0,1
ENSG00000177483,-0.25081825,-0.56863624,GM12878,0.9850028,1.0,1
ENSG00000177889,1.497956,2.382899,GM12878,0.93317926,1.0,1
ENSG00000177889,1.5152704,2.382899,GM12878,0.913807,1.0,1
ENSG00000177917,1.3885643,1.8632634,GM12878,0.834402,1.0,1
ENSG00000177917,1.4701065,1.8632634,GM12878,0.90231043,0.34760606,1
ENSG00000177917,1.3958507,1.8632634,GM12878,0.74971104,0.044444446,1
ENSG00000177981,1.1789422,1.3014641,GM12878,0.8867028,1.0,1
ENSG00000177981,1.1611179,1.3014641,GM12878,0.95129365,1.0,1
ENSG00000177981,1.227346,1.3014641,GM12878,0.7585251,0.059889678,1
ENSG00000177990,-0.30359185,-0.79588,GM12878,0.98833233,1.0,1
ENSG00000177990,-0.39237595,-0.79588,GM12878,0.9917898,1.0,1
ENSG00000178295,1.3701608,1.4299136,GM12878,0.9146771,1.0,1
ENSG00000178401,-0.06830086,-0.04095861,GM12878,0.9968309,1.0,1
ENSG00000178449,1.1160009,1.8041394,GM12878,0.84918934,0.004327506,1
ENSG00000178449,1.0605556,1.8041394,GM12878,0.7548056,0.088575505,1
ENSG00000178623,0.016097188,-0.7447275,GM12878,0.996347,1.0,1
ENSG00000179104,-0.12636146,-0.22914799,GM12878,0.97625494,1.0,1
ENSG00000179195,0.90840393,1.7858279,GM12878,0.27554658,1.0,1
ENSG00000179195,1.0610683,1.7858279,GM12878,0.9221334,1.0,1
ENSG00000179295,1.3399605,1.7273786,GM12878,0.8413934,1.0,1
ENSG00000179295,1.3043472,1.7273786,GM12878,0.9129811,1.0,1
ENSG00000179295,1.3411803,1.7273786,GM12878,0.9077818,1.0,1
ENSG00000179295,1.3504771,1.7273786,GM12878,0.8874074,1.0,1
ENSG00000179528,1.0514189,-0.04575749,GM12878,0.9534721,1.0,1
ENSG00000179715,0.36846334,-0.1426675,GM12878,0.9319458,1.0,1
ENSG00000179912,1.5314521,1.1000258,GM12878,0.932919,1.0,1
ENSG00000179912,1.4883358,1.1000258,GM12878,0.81318253,1.0,1
ENSG00000179912,1.5926477,1.1000258,GM12878,0.8539525,0.0,1
ENSG00000179912,1.3368353,1.1000258,GM12878,0.8749652,1.0,1
ENSG00000179912,1.4171064,1.1000258,GM12878,0.8049878,1.0,1
ENSG00000180228,1.5176581,1.7247672,GM12878,0.8353386,1.0,1
ENSG00000180228,1.5047655,1.7247672,GM12878,0.6630129,0.033542976,1
ENSG00000180263,1.2839409,0.6095944,GM12878,0.86745733,1.0,1
ENSG00000180263,1.2095386,0.6095944,GM12878,0.91807294,0.88451445,1
ENSG00000180398,1.1510669,2.15567,GM12878,0.9216215,1.0,1
ENSG00000180398,1.1510669,2.15567,GM12878,0.9216215,1.0,1
ENSG00000180398,1.1510669,2.15567,GM12878,0.9216215,0.88586956,1
ENSG00000180398,1.1038944,2.15567,GM12878,0.89314926,0.71181047,1
ENSG00000180398,1.1038944,2.15567,GM12878,0.89314926,0.80265653,1
ENSG00000180398,1.2106855,2.15567,GM12878,0.21786104,0.39994037,1
ENSG00000180881,0.31952137,-0.7447275,GM12878,0.9686585,1.0,1
ENSG00000180881,0.40144753,-0.7447275,GM12878,0.9593076,1.0,1
ENSG00000180902,0.98937404,1.2062861,GM12878,0.9302651,1.0,1
ENSG00000180902,0.9658452,1.2062861,GM12878,0.91539997,0.8868715,1
ENSG00000180902,1.0651116,1.2062861,GM12878,0.82636493,0.37936267,1
ENSG00000181852,1.4330103,1.6280823,GM12878,0.92139643,1.0,1
ENSG00000181852,1.4961572,1.6280823,GM12878,0.82819813,0.02148955,1
ENSG00000181852,1.4161534,1.6280823,GM12878,0.8788174,0.31061074,1
ENSG00000181929,1.6264193,1.931407,GM12878,0.8545343,1.0,1
ENSG00000182196,1.1541007,2.0070646,GM12878,0.95581913,1.0,1
ENSG00000182199,1.3978225,2.0803378,GM12878,0.9230347,0.7227899,1
ENSG00000182326,-0.10158719,-0.21467017,GM12878,0.98494536,1.0,1
ENSG00000182389,-0.53383625,-0.92081875,GM12878,0.99540836,1.0,1
ENSG00000182551,0.98353595,1.212454,GM12878,0.94024515,1.0,1
ENSG00000182993,1.3833352,0.29225606,GM12878,0.22740035,1.0,1
ENSG00000182993,1.3451893,0.29225606,GM12878,0.8235742,1.0,1
ENSG00000183054,0.55971515,-0.20760831,GM12878,0.94348,1.0,1
ENSG00000183283,1.6108403,2.4188812,GM12878,0.8283859,1.0,1
ENSG00000183283,1.5559424,2.4188812,GM12878,0.81992835,1.0,1
ENSG00000183283,1.6082629,2.4188812,GM12878,0.8448081,0.9899753,1
ENSG00000183283,1.5509256,2.4188812,GM12878,0.85234916,0.8757669,1
ENSG00000183395,0.6131103,-0.88605666,GM12878,0.9502832,1.0,1
ENSG00000183495,1.1790652,0.77451694,GM12878,0.85684425,1.0,1
ENSG00000183495,1.1452304,0.77451694,GM12878,0.93290323,1.0,1
ENSG00000183495,1.1805048,0.77451694,GM12878,0.8891151,0.6573427,1
ENSG00000183513,1.2962471,1.6155292,GM12878,0.83999485,1.0,1
ENSG00000183735,1.1415981,1.2716093,GM12878,0.913414,1.0,1
ENSG00000183891,1.2734722,1.7229629,GM12878,0.853662,1.0,1
ENSG00000183955,0.8352908,1.8150462,GM12878,0.96240765,1.0,1
ENSG00000183955,0.7546975,1.8150462,GM12878,0.9645698,0.4181232,1
ENSG00000184047,1.3728018,1.5887197,GM12878,0.8234163,1.0,1
ENSG00000184047,1.3336463,1.5887197,GM12878,0.81325513,1.0,1
ENSG00000184047,1.3784353,1.5887197,GM12878,0.9114711,0.020094892,1
ENSG00000184047,1.3728018,1.5887197,GM12878,0.8234163,0.97038215,1
ENSG00000184047,1.3728018,1.5887197,GM12878,0.8234163,0.98123324,1
ENSG00000184047,1.3336463,1.5887197,GM12878,0.81325513,0.9928315,1
ENSG00000184047,1.315432,1.5887197,GM12878,0.75480044,0.943299,1
ENSG00000184182,0.9657153,1.7896512,GM12878,0.9322623,1.0,1
ENSG00000184182,0.97658694,1.7896512,GM12878,0.94155604,1.0,1
ENSG00000184182,0.954111,1.7896512,GM12878,0.9102491,0.73438483,1
ENSG00000184271,1.3505685,0.4281348,GM12878,0.9296536,1.0,1
ENSG00000184271,1.2935934,0.4281348,GM12878,0.9092248,1.0,1
ENSG00000184445,1.2221642,2.033102,GM12878,0.88673574,1.0,1
ENSG00000184445,1.3729055,2.033102,GM12878,0.9259081,1.0,1
ENSG00000184445,1.2846473,2.033102,GM12878,0.92944044,1.0,1
ENSG00000184445,1.3862236,2.033102,GM12878,0.8005545,0.8590272,1
ENSG00000184445,1.3228544,2.033102,GM12878,0.32291573,0.42275363,1
ENSG00000184575,1.4029541,2.1749897,GM12878,0.80660623,1.0,1
ENSG00000184575,1.4222031,2.1749897,GM12878,0.891488,1.0,1
ENSG00000184613,-0.060390398,-0.4089354,GM12878,0.99290705,1.0,1
ENSG00000184752,0.8931291,2.2918348,GM12878,0.5917708,1.0,1
ENSG00000184752,0.91471106,2.2918348,GM12878,0.9394403,0.9304363,1
ENSG00000184898,1.026649,0.6589649,GM12878,0.78516144,1.0,1
ENSG00000184898,1.0581357,0.6589649,GM12878,0.9297438,1.0,1
ENSG00000184967,0.9384255,0.7307823,GM12878,0.9154652,1.0,1
ENSG00000184992,0.98397815,1.0565237,GM12878,0.9352233,1.0,1
ENSG00000185163,1.1066098,1.0561422,GM12878,0.9364333,1.0,1
ENSG00000185163,1.0524951,1.0561422,GM12878,0.9447671,1.0,1
ENSG00000185163,1.0871284,1.0561422,GM12878,0.9387115,1.0,1
ENSG00000185163,1.001222,1.0561422,GM12878,0.92848617,1.0,1
ENSG00000185163,0.9768917,1.0561422,GM12878,0.9372115,1.0,1
ENSG00000185344,1.2253072,1.8576943,GM12878,0.8411153,1.0,1
ENSG00000185344,1.2193227,1.8576943,GM12878,0.8396454,1.0,1
ENSG00000185404,0.6435795,0.90525603,GM12878,0.96396416,1.0,1
ENSG00000185404,0.67526567,0.90525603,GM12878,0.910598,0.14864865,1
ENSG00000185432,1.2143602,0.9973864,GM12878,0.79005784,1.0,1
ENSG00000185480,1.2409353,1.5067755,GM12878,0.9236363,1.0,1
ENSG00000185480,1.2409353,1.5067755,GM12878,0.9236363,1.0,1
ENSG00000185480,1.2316979,1.5067755,GM12878,0.9349622,0.9807468,1
ENSG00000185480,1.1467716,1.5067755,GM12878,0.8916291,0.047052152,1
ENSG00000185480,1.2504604,1.5067755,GM12878,0.8642184,0.5017668,1
ENSG00000185480,1.3311223,1.5067755,GM12878,0.7918033,0.8797629,1
ENSG00000185482,0.30701798,0.59549624,GM12878,0.9853963,1.0,1
ENSG00000185482,0.25149035,0.59549624,GM12878,0.9627449,1.0,1
ENSG00000185482,0.26482946,0.59549624,GM12878,0.9843376,0.9874608,1
ENSG00000185482,0.26123464,0.59549624,GM12878,0.94753975,0.041269843,1
ENSG00000185591,0.97554505,1.6252096,GM12878,0.9595663,1.0,1
ENSG00000185591,1.1417245,1.6252096,GM12878,0.97208214,1.0,1
ENSG00000185640,-0.4464407,0.12057393,GM12878,0.9962232,1.0,1
ENSG00000185664,0.45758492,0.30103,GM12878,0.9652635,1.0,1
ENSG00000186132,0.8995363,1.0421816,GM12878,0.9160216,1.0,1
ENSG00000186132,0.9272653,1.0421816,GM12878,0.8923926,1.0,1
ENSG00000186298,0.9601238,2.289745,GM12878,0.95080537,1.0,1
ENSG00000186298,0.9125029,2.289745,GM12878,0.9172519,1.0,1
ENSG00000186298,0.9583943,2.289745,GM12878,0.95154464,1.0,1
ENSG00000186815,1.0855614,1.1000258,GM12878,0.8971813,1.0,1
ENSG00000186815,1.1591659,1.1000258,GM12878,0.24971595,0.08759124,1
ENSG00000186815,1.1310952,1.1000258,GM12878,0.27643764,0.1463964,1
ENSG00000186854,-0.4919861,-0.49485,GM12878,0.99886847,1.0,1
ENSG00000186854,-0.4887144,-0.49485,GM12878,0.99902153,1.0,1
ENSG00000186889,1.1341298,0.20411998,GM12878,0.92455083,1.0,1
ENSG00000186889,1.05759,0.20411998,GM12878,0.8910434,1.0,1
ENSG00000186908,1.2441913,1.6647359,GM12878,0.9064192,1.0,1
ENSG00000186908,1.317751,1.6647359,GM12878,0.9406781,0.8091603,1
ENSG00000186908,1.1614823,1.6647359,GM12878,0.9016648,0.1908397,1
ENSG00000187109,1.3384297,2.5370002,GM12878,0.43344897,1.0,1
ENSG00000187109,1.275638,2.5370002,GM12878,0.9062927,0.7525151,1
ENSG00000187109,1.2004411,2.5370002,GM12878,0.9109217,0.99739194,1
ENSG00000187109,1.2809277,2.5370002,GM12878,0.7446339,0.7152778,1
ENSG00000187514,1.0112572,2.4737496,GM12878,0.9268683,1.0,1
ENSG00000187605,0.72071236,0.53275436,GM12878,0.9785917,1.0,1
ENSG00000187736,0.76522005,1.193681,GM12878,0.8605338,1.0,1
ENSG00000187778,1.1539977,1.8017466,GM12878,0.9010985,1.0,1
ENSG00000187778,1.1934958,1.8017466,GM12878,0.9409672,1.0,1
ENSG00000187778,1.1640005,1.8017466,GM12878,0.9408986,1.0,1
ENSG00000187778,1.2284801,1.8017466,GM12878,0.90241927,1.0,1
ENSG00000187833,-0.18016867,-0.65757734,GM12878,0.9826811,1.0,1
ENSG00000187944,-0.22167961,-0.9586073,GM12878,0.9858257,1.0,1
ENSG00000188010,0.9294559,1.0744507,GM12878,0.76273906,1.0,1
ENSG00000188010,0.8775283,1.0744507,GM12878,0.92604643,1.0,1
ENSG00000188010,0.8602979,1.0744507,GM12878,0.8738596,1.0,1
ENSG00000188026,0.76769376,0.90741134,GM12878,0.9489288,1.0,1
ENSG00000188026,0.8463079,0.90741134,GM12878,0.95646244,1.0,1
ENSG00000188026,0.8342231,0.90741134,GM12878,0.95656705,1.0,1
ENSG00000188026,0.79943424,0.90741134,GM12878,0.94754344,1.0,1
ENSG00000188177,1.3073094,0.2121876,GM12878,0.93770313,1.0,1
ENSG00000188177,1.2776213,0.2121876,GM12878,0.9102008,1.0,1
ENSG00000188282,-0.33321518,-0.9586073,GM12878,0.98844427,1.0,1
ENSG00000188389,0.18401612,0.29885307,GM12878,0.99444616,1.0,1
ENSG00000188389,0.27125275,0.29885307,GM12878,0.99470526,1.0,1
ENSG00000188542,1.1813135,0.7937904,GM12878,0.8590913,1.0,1
ENSG00000188735,0.9103548,0.8668778,GM12878,0.9083829,1.0,1
ENSG00000188735,0.9305631,0.8668778,GM12878,0.9148789,1.0,1
ENSG00000188735,0.914277,0.8668778,GM12878,0.7596922,0.21768707,1
ENSG00000188760,0.7434375,0.1335389,GM12878,0.9560837,1.0,1
ENSG00000188906,0.0026519746,-0.55284196,GM12878,0.98049533,1.0,1
ENSG00000189046,0.61603874,1.3963737,GM12878,0.96754396,1.0,1
ENSG00000189046,0.6559851,1.3963737,GM12878,0.94821054,0.97117364,1
ENSG00000189079,1.3707254,1.4061995,GM12878,0.8984896,1.0,1
ENSG00000189079,1.2091557,1.4061995,GM12878,0.8182808,0.0,1
ENSG00000189079,1.3287889,1.4061995,GM12878,0.6977482,0.16,1
ENSG00000189362,1.21679,0.36172783,GM12878,0.8307506,1.0,1
ENSG00000189362,1.3850442,0.36172783,GM12878,0.8082329,1.0,1
ENSG00000189362,1.2395235,0.36172783,GM12878,0.78111666,0.7837838,1
ENSG00000196141,0.9357213,1.4640422,GM12878,0.7795095,1.0,1
ENSG00000196141,0.8131716,1.4640422,GM12878,0.8851809,1.0,1
ENSG00000196141,0.7766056,1.4640422,GM12878,0.951764,1.0,1
ENSG00000196141,0.8047502,1.4640422,GM12878,0.9153588,1.0,1
ENSG00000196141,0.83333987,1.4640422,GM12878,0.87663215,1.0,1
ENSG00000196141,0.80409193,1.4640422,GM12878,0.9456472,0.37549758,1
ENSG00000196290,1.3777363,1.8479426,GM12878,0.83610183,0.6967787,1
ENSG00000196387,1.1271657,0.75739604,GM12878,0.7424041,1.0,1
ENSG00000196387,1.1252433,0.75739604,GM12878,0.90827835,1.0,1
ENSG00000196387,1.1252433,0.75739604,GM12878,0.90827835,1.0,1
ENSG00000196387,1.0845279,0.75739604,GM12878,0.8015424,0.4181818,1
ENSG00000196458,0.8647628,-0.4685211,GM12878,0.9238445,1.0,1
ENSG00000196465,1.6188153,1.7137425,GM12878,0.7771143,1.0,1
ENSG00000196498,-0.03559929,0.48000693,GM12878,0.97073245,1.0,1
ENSG00000196504,1.2347187,2.3094172,GM12878,0.92192006,1.0,1
ENSG00000196504,1.3706348,2.3094172,GM12878,0.5467211,1.0,1
ENSG00000196504,1.390199,2.3094172,GM12878,0.7032674,0.9396194,1
ENSG00000196504,1.3427656,2.3094172,GM12878,0.8449611,0.031471092,1
ENSG00000196510,1.3282188,2.059904,GM12878,0.92392784,1.0,1
ENSG00000196510,1.2850757,2.059904,GM12878,0.903014,1.0,1
ENSG00000196510,1.2374103,2.059904,GM12878,0.89887357,1.0,1
ENSG00000196604,0.093677394,-0.7212464,GM12878,0.9840719,1.0,1
ENSG00000196604,0.16286795,-0.7212464,GM12878,0.98567396,1.0,1
ENSG00000196604,0.46904713,-0.7212464,GM12878,0.94815713,1.0,1
ENSG00000196604,-0.0033627525,-0.7212464,GM12878,0.9839234,1.0,1
ENSG00000196604,0.24938168,-0.7212464,GM12878,0.9282354,1.0,1
ENSG00000196604,0.3144694,-0.7212464,GM12878,0.9242707,1.0,1
ENSG00000196843,0.71892583,0.48572144,GM12878,0.9595128,1.0,1
ENSG00000196843,0.7057644,0.48572144,GM12878,0.9630352,0.72695035,1
ENSG00000196850,1.2433802,1.2457594,GM12878,0.7173991,1.0,1
ENSG00000196850,1.2483344,1.2457594,GM12878,0.9364005,1.0,1
ENSG00000196850,1.1397339,1.2457594,GM12878,0.92557514,1.0,1
ENSG00000196850,1.2752628,1.2457594,GM12878,0.903147,1.0,1
ENSG00000196862,-0.08686218,-0.9586073,GM12878,0.98919594,1.0,1
ENSG00000196935,0.024638996,-0.85387194,GM12878,0.9879265,1.0,1
ENSG00000196935,0.001955703,-0.85387194,GM12878,0.98705274,1.0,1
ENSG00000196950,1.2471342,1.4543874,GM12878,0.88404065,1.0,1
ENSG00000196975,0.81278104,0.92582756,GM12878,0.894011,1.0,1
ENSG00000197111,1.3470321,2.4339457,GM12878,0.936234,1.0,1
ENSG00000197111,1.2626762,2.4339457,GM12878,0.56431127,1.0,1
ENSG00000197111,1.2283003,2.4339457,GM12878,0.9345965,0.7134209,1
ENSG00000197111,1.2641698,2.4339457,GM12878,0.56534606,0.8773534,1
ENSG00000197121,0.4321105,-0.36653155,GM12878,0.9336306,1.0,1
ENSG00000197223,1.4936087,1.5094713,GM12878,0.76526386,1.0,1
ENSG00000197223,1.3845091,1.5094713,GM12878,0.9115356,1.0,1
ENSG00000197329,0.9087488,1.1112626,GM12878,0.905231,1.0,1
ENSG00000197713,1.1625226,1.6422666,GM12878,0.90745014,1.0,1
ENSG00000197713,1.2033157,1.6422666,GM12878,0.26588,0.0029368575,1
ENSG00000197713,1.0758094,1.6422666,GM12878,0.888218,0.6555048,1
ENSG00000197713,1.3425423,1.6422666,GM12878,0.82921576,0.082868725,1
ENSG00000197713,1.0389736,1.6422666,GM12878,0.9100897,0.89506525,1
ENSG00000197713,1.1554779,1.6422666,GM12878,0.82064414,0.05678422,1
ENSG00000197872,-0.027912542,-0.07572071,GM12878,0.97442526,1.0,1
ENSG00000197905,1.2690777,1.182985,GM12878,0.81852657,1.0,1
ENSG00000198001,1.1176028,1.416141,GM12878,0.918362,1.0,1
ENSG00000198001,1.1176028,1.416141,GM12878,0.918362,1.0,1
ENSG00000198001,1.2924976,1.416141,GM12878,0.88227844,1.0,1
ENSG00000198001,1.1937099,1.416141,GM12878,0.79946584,0.15306123,1
ENSG00000198001,1.1176028,1.416141,GM12878,0.918362,0.67346936,1
ENSG00000198001,1.3075845,1.416141,GM12878,0.88267505,0.0983871,1
ENSG00000198001,1.2226405,1.416141,GM12878,0.8670712,0.83996993,1
ENSG00000198040,1.1061392,1.2619762,GM12878,0.93067455,1.0,1
ENSG00000198056,1.3427887,1.9697886,GM12878,0.89205396,1.0,1
ENSG00000198130,1.2037864,1.3565995,GM12878,0.88969946,1.0,1
ENSG00000198130,1.1828495,1.3565995,GM12878,0.74197793,0.94187427,1
ENSG00000198270,1.1604261,1.8424845,GM12878,0.7565214,1.0,1
ENSG00000198270,1.301782,1.8424845,GM12878,0.809779,1.0,1
ENSG00000198270,1.1703078,1.8424845,GM12878,0.87331027,0.89046055,1
ENSG00000198270,1.1860168,1.8424845,GM12878,0.8954066,0.84433377,1
ENSG00000198270,1.1459373,1.8424845,GM12878,0.8437797,0.33092105,1
ENSG00000198353,0.538137,-0.27572414,GM12878,0.9650271,1.0,1
ENSG00000198369,1.3114738,1.1024337,GM12878,0.9154293,1.0,1
ENSG00000198380,1.0190117,1.0986438,GM12878,0.87879217,1.0,1
ENSG00000198393,0.7299443,0.7701153,GM12878,0.9341502,1.0,1
ENSG00000198393,0.712055,0.7701153,GM12878,0.93347824,1.0,1
ENSG00000198399,0.86404014,1.0633334,GM12878,0.6726559,1.0,1
ENSG00000198399,0.8798686,1.0633334,GM12878,0.8990745,0.0034602077,1
ENSG00000198399,0.8656741,1.0633334,GM12878,0.82260484,0.4114053,1
ENSG00000198431,1.2006565,2.1384606,GM12878,0.9210531,1.0,1
ENSG00000198431,1.2476254,2.1384606,GM12878,0.9278757,0.65478665,1
ENSG00000198431,1.269135,2.1384606,GM12878,0.23333655,0.0020149343,1
ENSG00000198431,1.1666443,2.1384606,GM12878,0.93334055,1.0,1
ENSG00000198431,1.2723527,2.1384606,GM12878,0.23291968,0.036704335,1
ENSG00000198522,1.0573164,1.8420473,GM12878,0.85785675,1.0,1
ENSG00000198586,1.2740626,1.3602146,GM12878,0.8863125,1.0,1
ENSG00000198586,1.1266767,1.3602146,GM12878,0.86343455,1.0,1
ENSG00000198586,1.225739,1.3602146,GM12878,0.82715786,1.0,1
ENSG00000198586,1.1383106,1.3602146,GM12878,0.74880517,1.0,1
ENSG00000198586,1.1189253,1.3602146,GM12878,0.9216404,0.00054347824,1
ENSG00000198586,1.1212413,1.3602146,GM12878,0.854519,0.0076086954,1
ENSG00000198612,1.212764,1.7039788,GM12878,0.750913,1.0,1
ENSG00000198612,1.135119,1.7039788,GM12878,0.8213987,0.8845161,1
ENSG00000198648,0.17814282,-0.22914799,GM12878,0.90843296,1.0,1
ENSG00000198648,0.20035587,-0.22914799,GM12878,0.9733387,1.0,1
ENSG00000198648,0.22138879,-0.22914799,GM12878,0.96784604,1.0,1
ENSG00000198707,1.1289229,0.74350977,GM12878,0.9334772,1.0,1
ENSG00000198707,1.044198,0.74350977,GM12878,0.88050026,0.9844358,1
ENSG00000198707,0.9840359,0.74350977,GM12878,0.8968813,0.054474708,1
ENSG00000198855,0.9641452,-0.11918641,GM12878,0.831563,1.0,1
ENSG00000198885,1.1202706,0.350248,GM12878,0.9448476,1.0,1
ENSG00000198925,1.1382351,1.7627536,GM12878,0.91019666,1.0,1
ENSG00000198925,1.1001638,1.7627536,GM12878,0.9482326,0.99839485,1
ENSG00000198925,1.0595231,1.7627536,GM12878,0.84379125,0.45178765,1
ENSG00000198925,1.0542169,1.7627536,GM12878,0.86053693,0.2883263,1
ENSG00000204099,-0.16230567,-0.82390875,GM12878,0.9946931,1.0,1
ENSG00000204104,0.8681307,0.2764618,GM12878,0.89339936,1.0,1
ENSG00000204120,0.99553084,1.4695275,GM12878,0.9112791,1.0,1
ENSG00000204120,0.97194093,1.4695275,GM12878,0.94198835,1.0,1
ENSG00000204120,1.0049801,1.4695275,GM12878,0.72385025,0.9606481,1
ENSG00000204120,0.93440735,1.4695275,GM12878,0.8432897,0.04278075,1
ENSG00000204120,1.0009801,1.4695275,GM12878,0.73720306,0.9054054,1
ENSG00000204120,0.98499894,1.4695275,GM12878,0.79570043,0.025917927,1
ENSG00000204217,0.7329402,0.65705585,GM12878,0.926257,1.0,1
ENSG00000204217,0.7518093,0.65705585,GM12878,0.8412075,1.0,1
ENSG00000204311,1.2869465,0.24303804,GM12878,0.9157574,1.0,1
ENSG00000204406,1.2315638,1.1900514,GM12878,0.86622924,1.0,1
ENSG00000204406,1.0985277,1.1900514,GM12878,0.92278016,1.0,1
ENSG00000204634,0.34785897,-0.0043648053,GM12878,0.9810184,1.0,1
ENSG00000204842,1.1803162,1.4141374,GM12878,0.9177419,1.0,1
ENSG00000204842,1.1738021,1.4141374,GM12878,0.9288919,1.0,1
ENSG00000204842,1.1738021,1.4141374,GM12878,0.9288919,1.0,1
ENSG00000204842,1.2913655,1.4141374,GM12878,0.81637734,1.0,1
ENSG00000204842,1.2719092,1.4141374,GM12878,0.9108974,1.0,1
ENSG00000204842,1.1976469,1.4141374,GM12878,0.79548365,1.0,1
ENSG00000204842,1.2237267,1.4141374,GM12878,0.6795873,0.0,1
ENSG00000204842,1.3065506,1.4141374,GM12878,0.72797495,0.030837005,1
ENSG00000204842,1.278089,1.4141374,GM12878,0.82232916,0.8839779,1
ENSG00000204842,1.2355202,1.4141374,GM12878,0.84949,0.2626728,1
ENSG00000204843,1.3231063,1.4313638,GM12878,0.9163864,1.0,1
ENSG00000204843,1.3257153,1.4313638,GM12878,0.61006415,0.0,1
ENSG00000204852,0.77812827,0.9628427,GM12878,0.94547355,1.0,1
ENSG00000204852,0.822816,0.9628427,GM12878,0.9290605,1.0,1
ENSG00000204852,0.8308392,0.9628427,GM12878,0.27733815,0.04016064,1
ENSG00000204852,0.83481133,0.9628427,GM12878,0.9272877,0.9795082,1
ENSG00000204852,0.8631347,0.9628427,GM12878,0.7891574,0.096885815,1
ENSG00000204852,0.8684373,0.9628427,GM12878,0.83606285,0.018796992,1
ENSG00000204856,1.1988509,1.8397921,GM12878,0.71275115,1.0,1
ENSG00000204856,1.1988509,1.8397921,GM12878,0.71275115,1.0,1
ENSG00000204856,1.1777287,1.8397921,GM12878,0.8889053,1.0,1
ENSG00000204856,1.0913914,1.8397921,GM12878,0.91757977,1.0,1
ENSG00000204856,1.1575521,1.8397921,GM12878,0.89370155,0.9939551,1
ENSG00000204923,1.1327649,0.10720997,GM12878,0.79036665,1.0,1
ENSG00000204923,1.118257,0.10720997,GM12878,0.8565174,1.0,1
ENSG00000204954,1.35984,1.5497388,GM12878,0.9100734,1.0,1
ENSG00000204954,1.4038606,1.5497388,GM12878,0.8567104,0.018209409,1
ENSG00000205086,-0.39294922,-0.9586073,GM12878,0.9771385,1.0,1
ENSG00000205086,-0.38831478,-0.9586073,GM12878,0.99063325,1.0,1
ENSG00000205323,1.2799432,2.1086664,GM12878,0.8261863,1.0,1
ENSG00000205323,1.345132,2.1086664,GM12878,0.8956173,0.97135794,1
ENSG00000205352,1.3156035,2.2241704,GM12878,0.9414641,1.0,1
ENSG00000205639,1.5191078,0.76417613,GM12878,0.93577904,1.0,1
ENSG00000205707,1.2778671,1.3527611,GM12878,0.9297457,1.0,1
ENSG00000205707,1.2778671,1.3527611,GM12878,0.9297457,1.0,1
ENSG00000205707,1.340365,1.3527611,GM12878,0.9108534,0.0,1
ENSG00000205795,-0.08208616,-0.9586073,GM12878,0.9734431,1.0,1
ENSG00000211455,0.5312634,0.5888317,GM12878,0.9644439,1.0,1
ENSG00000211460,1.2701443,1.9278321,GM12878,0.92392355,1.0,1
ENSG00000211460,1.2701443,1.9278321,GM12878,0.92392355,1.0,1
ENSG00000211460,1.2889972,1.9278321,GM12878,0.9041698,1.0,1
ENSG00000211460,1.2889972,1.9278321,GM12878,0.9041698,1.0,1
ENSG00000211460,1.3493526,1.9278321,GM12878,0.9097074,0.9965157,1
ENSG00000211584,0.9167042,1.0216027,GM12878,0.94909483,1.0,1
ENSG00000212127,1.1680219,0.24303804,GM12878,0.31321093,1.0,1
ENSG00000212127,1.1725967,0.24303804,GM12878,0.8365383,1.0,1
ENSG00000213160,1.1353927,1.6390879,GM12878,0.94992185,1.0,1
ENSG00000213337,0.89501935,1.3562171,GM12878,0.9567059,1.0,1
ENSG00000213639,1.0640893,1.6006463,GM12878,0.8663562,1.0,1
ENSG00000213699,1.1882142,1.0523092,GM12878,0.94585377,1.0,1
ENSG00000213699,1.2191396,1.0523092,GM12878,0.9444996,1.0,1
ENSG00000213699,1.158168,1.0523092,GM12878,0.89061666,0.9528689,1
ENSG00000213699,1.1928054,1.0523092,GM12878,0.8750714,0.89855075,1
ENSG00000213699,1.2332528,1.0523092,GM12878,0.9462307,0.9669052,1
ENSG00000213782,1.2432777,1.5390761,GM12878,0.8353188,1.0,1
ENSG00000213782,1.3021677,1.5390761,GM12878,0.8178731,0.98846036,1
ENSG00000213782,1.266868,1.5390761,GM12878,0.8944118,0.99616724,1
ENSG00000213809,-0.022027329,-0.7695511,GM12878,0.98139244,1.0,1
ENSG00000213809,-0.20893048,-0.7695511,GM12878,0.98795635,1.0,1
ENSG00000213901,-0.20477521,-0.3767507,GM12878,0.96689576,1.0,1
ENSG00000214595,0.4507867,-0.21467017,GM12878,0.95492053,1.0,1
ENSG00000214595,0.44730568,-0.21467017,GM12878,0.95583797,1.0,1
ENSG00000214595,0.55260676,-0.21467017,GM12878,0.971502,1.0,1
ENSG00000214595,0.50301576,-0.21467017,GM12878,0.9565845,1.0,1
ENSG00000215021,1.5359032,2.5502162,GM12878,0.9264026,1.0,1
ENSG00000215021,1.4374202,2.5502162,GM12878,0.9154996,1.0,1
ENSG00000215021,1.5274068,2.5502162,GM12878,0.9344064,1.0,1
ENSG00000215021,1.3727931,2.5502162,GM12878,0.93339664,1.0,1
ENSG00000215021,1.4653773,2.5502162,GM12878,0.9250041,1.0,1
ENSG00000218739,1.6265097,1.6078837,GM12878,0.8744256,1.0,1
ENSG00000219626,1.1943375,0.48429984,GM12878,0.93006593,1.0,1
ENSG00000221823,1.318212,1.0599419,GM12878,0.9388331,1.0,1
ENSG00000221823,1.40507,1.0599419,GM12878,0.7684184,1.0,1
ENSG00000221823,1.3728173,1.0599419,GM12878,0.8841727,1.0,1
ENSG00000221823,1.4422472,1.0599419,GM12878,0.43062723,1.0,1
ENSG00000231672,-0.31025988,-0.9586073,GM12878,0.9859956,1.0,1
ENSG00000231887,1.0480847,0.48000693,GM12878,0.8267222,1.0,1
ENSG00000231887,0.8550042,0.48000693,GM12878,0.9168417,1.0,1
ENSG00000231887,0.6752864,0.48000693,GM12878,0.9325509,1.0,1
ENSG00000235162,-0.22250319,-0.26760623,GM12878,0.93273425,1.0,1
ENSG00000239305,0.8559756,0.553883,GM12878,0.91336083,1.0,1
ENSG00000239474,0.10948329,-0.7212464,GM12878,0.9825776,1.0,1
ENSG00000239779,0.82316744,1.2156376,GM12878,0.97516304,1.0,1
ENSG00000239779,0.68723345,1.2156376,GM12878,0.9701614,0.1745283,1
ENSG00000240344,1.2871351,1.7319914,GM12878,0.84989536,1.0,1
ENSG00000240344,1.2871351,1.7319914,GM12878,0.84989536,1.0,1
ENSG00000240344,1.3243847,1.7319914,GM12878,0.8779753,0.74934864,1
ENSG00000240344,1.353018,1.7319914,GM12878,0.2233866,0.0,1
ENSG00000240344,1.243183,1.7319914,GM12878,0.77790725,0.7108597,1
ENSG00000240771,0.74656844,1.0934217,GM12878,0.98521936,1.0,1
ENSG00000241119,-0.160965,-0.9586073,GM12878,0.9882598,1.0,1
ENSG00000241962,0.5463443,-0.43179828,GM12878,0.8485094,1.0,1
ENSG00000243244,0.3714857,0.025305865,GM12878,0.9536174,1.0,1
ENSG00000243667,1.5382798,0.5428254,GM12878,0.77415115,1.0,1
ENSG00000243667,1.5293502,0.5428254,GM12878,0.84081686,1.0,1
ENSG00000243943,1.2326611,1.8286599,GM12878,0.9394766,1.0,1
ENSG00000243943,1.4147236,1.8286599,GM12878,0.8954235,0.0132,1
ENSG00000243943,1.3307434,1.8286599,GM12878,0.8513958,0.48008007,1
ENSG00000243943,1.3739529,1.8286599,GM12878,0.93250936,0.98646265,1
ENSG00000247077,1.25604,1.5903959,GM12878,0.920506,1.0,1
ENSG00000250565,1.2284656,0.90091306,GM12878,0.8395237,1.0,1
ENSG00000251569,0.801451,-0.24412514,GM12878,0.93461883,1.0,1
ENSG00000251569,0.843844,-0.24412514,GM12878,0.8121216,1.0,1
ENSG00000251569,0.90997887,-0.24412514,GM12878,0.89112645,1.0,1
ENSG00000251569,0.88215214,-0.24412514,GM12878,0.9534411,1.0,1
ENSG00000256223,1.3047523,0.5843312,GM12878,0.86147124,1.0,1
ENSG00000256223,1.3218344,0.5843312,GM12878,0.90014267,1.0,1
ENSG00000256223,1.3428257,0.5843312,GM12878,0.8913057,1.0,1
ENSG00000256223,1.2844483,0.5843312,GM12878,0.9001926,1.0,1
ENSG00000257218,1.6569734,1.438384,GM12878,0.92849946,1.0,1
ENSG00000257218,1.6945301,1.438384,GM12878,0.2270104,0.18068764,1
ENSG00000257390,0.49995935,-0.55284196,GM12878,0.9656683,1.0,1
ENSG00000257390,0.50581646,-0.55284196,GM12878,0.9790084,1.0,1
ENSG00000257390,0.5322512,-0.55284196,GM12878,0.9690223,1.0,1
ENSG00000257390,0.45342165,-0.55284196,GM12878,0.9851613,1.0,1
ENSG00000257727,1.1692126,2.1634,GM12878,0.9399939,1.0,1
ENSG00000257921,1.1446979,-0.13667715,GM12878,0.8988453,1.0,1
ENSG00000258311,1.2526946,0.096910015,GM12878,0.93469757,1.0,1
ENSG00000259075,1.1938301,-0.33724216,GM12878,0.9111997,1.0,1
