,PredExpr,ActualExpr,CellLine,PredPsi,ActualPsi,fold_idx
ENSG00000002016,1.1556411,1.0107238,GM12878,0.8410673,1.0,1
ENSG00000002016,1.0050017,1.0107238,GM12878,0.7978555,1.0,1
ENSG00000002016,1.2380589,1.0107238,GM12878,0.86259127,0.208,1
ENSG00000002016,1.144202,1.0107238,GM12878,0.85481125,0.0,1
ENSG00000003056,1.9111307,1.9407157,GM12878,0.8356574,1.0,1
ENSG00000003056,1.8963732,1.9407157,GM12878,0.78532517,1.0,1
ENSG00000003056,1.8390021,1.9407157,GM12878,0.8337177,1.0,1
ENSG00000003393,1.5439767,1.0102999,GM12878,0.8302401,1.0,1
ENSG00000003393,1.5238345,1.0102999,GM12878,0.797871,0.00589391,1
ENSG00000003400,1.8316615,1.224274,GM12878,0.8460075,0.929374,1
ENSG00000003400,1.8063742,1.224274,GM12878,0.8171264,0.88451445,1
ENSG00000003402,1.8486195,1.7873896,GM12878,0.8008916,1.0,1
ENSG00000003402,1.6703254,1.7873896,GM12878,0.85487527,1.0,1
ENSG00000003402,1.7553517,1.7873896,GM12878,0.26632458,0.026152482,1
ENSG00000003436,1.3775536,2.6872168,GM12878,0.8751812,1.0,1
ENSG00000003509,1.5309762,1.4595432,GM12878,0.8317841,1.0,1
ENSG00000003509,1.535069,1.4595432,GM12878,0.7891124,0.9572501,1
ENSG00000004478,0.42786783,1.8022262,GM12878,0.96193624,1.0,1
ENSG00000004700,1.0279804,1.2805784,GM12878,0.8746757,1.0,1
ENSG00000005175,2.0465162,1.506505,GM12878,0.77680266,1.0,1
ENSG00000005175,2.008049,1.506505,GM12878,0.8846542,1.0,1
ENSG00000005175,2.0588062,1.506505,GM12878,0.8048178,1.0,1
ENSG00000005175,2.0905027,1.506505,GM12878,0.85967445,0.75994515,1
ENSG00000005175,1.9695697,1.506505,GM12878,0.8339273,0.41775545,1
ENSG00000005436,1.1135724,1.3756636,GM12878,0.87363315,1.0,1
ENSG00000005436,1.1135724,1.3756636,GM12878,0.87363315,1.0,1
ENSG00000005436,1.0923696,1.3756636,GM12878,0.86140585,0.6383266,1
ENSG00000005436,1.1277705,1.3756636,GM12878,0.8612384,1.0,1
ENSG00000005448,0.3347723,1.0976043,GM12878,0.97165924,1.0,1
ENSG00000005448,0.3976306,1.0976043,GM12878,0.9634187,0.98672116,1
ENSG00000006607,1.0340046,1.3558345,GM12878,0.8689016,1.0,1
ENSG00000006607,1.1105392,1.3558345,GM12878,0.8327008,1.0,1
ENSG00000006607,1.001734,1.3558345,GM12878,0.90846455,1.0,1
ENSG00000006831,1.4751428,1.6070259,GM12878,0.88970184,1.0,1
ENSG00000006831,1.403574,1.6070259,GM12878,0.8620417,1.0,1
ENSG00000008323,0.2224913,-0.4685211,GM12878,0.9765936,1.0,1
ENSG00000008323,0.18798618,-0.4685211,GM12878,0.9738324,1.0,1
ENSG00000008394,1.0852654,1.8624295,GM12878,0.84599084,1.0,1
ENSG00000008394,1.0671321,1.8624295,GM12878,0.8819356,0.9928535,1
ENSG00000008394,1.007421,1.8624295,GM12878,0.8941918,0.002157756,1
ENSG00000008405,1.8479044,1.4427933,GM12878,0.7867879,1.0,1
ENSG00000008869,1.2263546,1.2008505,GM12878,0.8563183,1.0,1
ENSG00000008869,1.2823095,1.2008505,GM12878,0.8617053,1.0,1
ENSG00000008869,1.3557041,1.2008505,GM12878,0.9099243,1.0,1
ENSG00000010219,0.18647468,1.3230457,GM12878,0.95463836,1.0,1
ENSG00000010219,0.14078444,1.3230457,GM12878,0.89746326,0.037339557,1
ENSG00000010278,-0.21425907,0.84633714,GM12878,0.95315754,1.0,1
ENSG00000010278,-0.1431968,0.84633714,GM12878,0.97467405,0.14880952,1
ENSG00000010292,1.7283932,1.8221027,GM12878,0.8566661,1.0,1
ENSG00000010292,1.6990588,1.8221027,GM12878,0.8521944,1.0,1
ENSG00000010292,1.5541916,1.8221027,GM12878,0.8824636,1.0,1
ENSG00000010292,1.7571919,1.8221027,GM12878,0.7570289,0.75792295,1
ENSG00000010626,1.427601,0.7671559,GM12878,0.913614,1.0,1
ENSG00000010626,1.4964157,0.7671559,GM12878,0.9155376,1.0,1
ENSG00000011523,1.5496467,0.7888751,GM12878,0.8472802,1.0,1
ENSG00000011523,1.574584,0.7888751,GM12878,0.80942595,0.095108695,1
ENSG00000011566,1.1958773,1.129045,GM12878,0.81279135,1.0,1
ENSG00000011566,1.2823215,1.129045,GM12878,0.84360164,1.0,1
ENSG00000011566,1.2306907,1.129045,GM12878,0.80573636,1.0,1
ENSG00000011566,1.1941202,1.129045,GM12878,0.8815166,1.0,1
ENSG00000012822,0.89272153,1.4377506,GM12878,0.93856806,1.0,1
ENSG00000012822,1.0246574,1.4377506,GM12878,0.916044,0.9685535,1
ENSG00000013016,-0.8906005,-0.92081875,GM12878,0.9937034,1.0,1
ENSG00000013441,1.2113563,1.877947,GM12878,0.9010837,1.0,1
ENSG00000013441,1.199681,1.877947,GM12878,0.90049744,1.0,1
ENSG00000013441,1.2460891,1.877947,GM12878,0.8581418,0.34098136,1
ENSG00000013503,1.5460926,0.9020029,GM12878,0.45731163,1.0,1
ENSG00000013503,1.5670099,0.9020029,GM12878,0.86265135,1.0,1
ENSG00000013503,1.5791979,0.9020029,GM12878,0.8557449,1.0,1
ENSG00000013573,1.4664593,1.6029277,GM12878,0.83736223,0.9442283,1
ENSG00000013573,1.3427367,1.6029277,GM12878,0.75722635,0.8894231,1
ENSG00000013588,-0.70284873,-0.69897,GM12878,0.99237216,1.0,1
ENSG00000014641,1.1201622,2.5179346,GM12878,0.84620893,1.0,1
ENSG00000014641,1.1549546,2.5179346,GM12878,0.8748091,0.99506503,1
ENSG00000015153,1.3055341,1.2342641,GM12878,0.7864064,0.0,1
ENSG00000015153,1.3322291,1.2342641,GM12878,0.8345346,0.20512821,1
ENSG00000015153,1.2634695,1.2342641,GM12878,0.7881686,0.18585859,1
ENSG00000015153,1.1918285,1.2342641,GM12878,0.86526453,0.34181508,1
ENSG00000015153,1.2634695,1.2342641,GM12878,0.7881686,0.0,1
ENSG00000015568,-0.057108752,0.30535138,GM12878,0.9728248,1.0,1
ENSG00000017427,-0.2770128,0.5301997,GM12878,0.95989853,1.0,1
ENSG00000017427,-0.2770128,0.5301997,GM12878,0.95989853,1.0,1
ENSG00000018280,-0.5313894,-0.25181198,GM12878,0.987212,1.0,1
ENSG00000018510,1.0918648,1.5725231,GM12878,0.86837673,1.0,1
ENSG00000018510,1.1463908,1.5725231,GM12878,0.8512614,1.0,1
ENSG00000018510,1.1300983,1.5725231,GM12878,0.87298083,1.0,1
ENSG00000018510,1.1300715,1.5725231,GM12878,0.8399843,1.0,1
ENSG00000018510,1.0280385,1.5725231,GM12878,0.8542935,1.0,1
ENSG00000018510,1.1178545,1.5725231,GM12878,0.82439953,1.0,1
ENSG00000018699,0.90801716,1.6684791,GM12878,0.90708774,1.0,1
ENSG00000021574,1.5357069,1.024075,GM12878,0.8265575,1.0,1
ENSG00000021574,1.7424111,1.024075,GM12878,0.8844695,1.0,1
ENSG00000021574,1.7710252,1.024075,GM12878,0.82645714,1.0,1
ENSG00000021574,1.67054,1.024075,GM12878,0.71886444,1.0,1
ENSG00000021826,-0.26455602,0.9973864,GM12878,0.960144,1.0,1
ENSG00000022840,1.2821276,1.8890775,GM12878,0.9056216,1.0,1
ENSG00000022840,1.3271656,1.8890775,GM12878,0.8914467,1.0,1
ENSG00000022840,1.4017726,1.8890775,GM12878,0.9043611,1.0,1
ENSG00000022840,1.2929758,1.8890775,GM12878,0.89633715,1.0,1
ENSG00000022840,1.3797514,1.8890775,GM12878,0.91357905,1.0,1
ENSG00000023228,1.4927908,1.9354569,GM12878,0.87133265,1.0,1
ENSG00000023228,1.3582509,1.9354569,GM12878,0.8682085,0.66994554,1
ENSG00000023228,1.3248048,1.9354569,GM12878,0.86798286,0.88380915,1
ENSG00000023697,0.028531468,0.5888317,GM12878,0.84919757,1.0,1
ENSG00000023734,1.9763435,1.9306434,GM12878,0.82759655,1.0,1
ENSG00000023734,1.9784025,1.9306434,GM12878,0.46901724,0.0023739957,1
ENSG00000023734,1.821666,1.9306434,GM12878,0.82690233,0.9822006,1
ENSG00000028116,1.8282297,1.4935975,GM12878,0.7713582,1.0,1
ENSG00000028116,1.8252821,1.4935975,GM12878,0.63986236,1.0,1
ENSG00000028116,1.8188787,1.4935975,GM12878,0.62399566,1.0,1
ENSG00000028116,1.8010108,1.4935975,GM12878,0.815191,1.0,1
ENSG00000028116,1.7197052,1.4935975,GM12878,0.37186033,0.0,1
ENSG00000028116,1.6493598,1.4935975,GM12878,0.23500872,0.0,1
ENSG00000028116,1.7436916,1.4935975,GM12878,0.6609104,0.06367535,1
ENSG00000028116,1.8671986,1.4935975,GM12878,0.76703334,0.88485646,1
ENSG00000028116,1.7620535,1.4935975,GM12878,0.6338845,0.045859452,1
ENSG00000028203,1.2992564,1.6555226,GM12878,0.90639347,1.0,1
ENSG00000028203,1.3720006,1.6555226,GM12878,0.8382756,0.8412138,1
ENSG00000028203,1.3648401,1.6555226,GM12878,0.87158006,0.7894737,1
ENSG00000028203,1.3564992,1.6555226,GM12878,0.8628941,0.948542,1
ENSG00000028203,1.2913917,1.6555226,GM12878,0.8998522,0.35714287,1
ENSG00000028203,1.2368112,1.6555226,GM12878,0.8698631,0.0,1
ENSG00000029153,-0.8520796,-0.22914799,GM12878,0.9854232,1.0,1
ENSG00000032389,1.1527697,1.6226285,GM12878,0.9017434,1.0,1
ENSG00000033030,2.1522393,1.3785796,GM12878,0.82253385,1.0,1
ENSG00000033030,2.1031253,1.3785796,GM12878,0.8027888,0.9973082,1
ENSG00000034510,1.50531,2.497952,GM12878,0.8458273,1.0,1
ENSG00000035115,-0.53571546,0.811575,GM12878,0.92114866,1.0,1
ENSG00000035115,-0.56205595,0.811575,GM12878,0.93555886,0.6007905,1
ENSG00000035115,-0.60537976,0.811575,GM12878,0.98541564,1.0,1
ENSG00000035115,-0.47620934,0.811575,GM12878,0.84707934,0.0042735045,1
ENSG00000035115,-0.56428164,0.811575,GM12878,0.9888405,0.27142859,1
ENSG00000035141,1.2306795,1.8196098,GM12878,0.8958092,1.0,1
ENSG00000035141,1.1835436,1.8196098,GM12878,0.89041334,1.0,1
ENSG00000035141,1.1744852,1.8196098,GM12878,0.91077656,0.0066541545,1
ENSG00000036257,1.0847548,1.4462264,GM12878,0.866782,1.0,1
ENSG00000037897,2.1517527,1.5247854,GM12878,0.909973,1.0,1
ENSG00000037897,2.0541282,1.5247854,GM12878,0.89103025,1.0,1
ENSG00000037897,2.0261726,1.5247854,GM12878,0.8407575,0.23014441,1
ENSG00000040933,1.2118459,1.0366288,GM12878,0.9108438,1.0,1
ENSG00000040933,1.1806304,1.0366288,GM12878,0.52464736,0.10675381,1
ENSG00000042445,1.6045961,1.1417632,GM12878,0.9091147,1.0,1
ENSG00000042445,1.5579104,1.1417632,GM12878,0.9289757,1.0,1
ENSG00000042445,1.512742,1.1417632,GM12878,0.9056953,0.6638585,1
ENSG00000042445,1.5221809,1.1417632,GM12878,0.90182555,0.99119496,1
ENSG00000042493,0.51657856,1.725585,GM12878,0.90065974,1.0,1
ENSG00000047621,1.7416452,1.0417873,GM12878,0.76809865,1.0,1
ENSG00000047621,1.7480292,1.0417873,GM12878,0.82070124,1.0,1
ENSG00000047621,1.6936224,1.0417873,GM12878,0.83507156,1.0,1
ENSG00000048991,1.3404789,1.7825443,GM12878,0.8034554,1.0,1
ENSG00000048991,1.2213272,1.7825443,GM12878,0.8599595,1.0,1
ENSG00000048991,1.114901,1.7825443,GM12878,0.8717195,0.9871293,1
ENSG00000048991,1.09676,1.7825443,GM12878,0.78504056,0.027957622,1
ENSG00000049323,-0.47926518,1.04883,GM12878,0.9828342,1.0,1
ENSG00000049323,-0.5210984,1.04883,GM12878,0.9670245,1.0,1
ENSG00000050405,1.0099715,1.3907585,GM12878,0.8270472,1.0,1
ENSG00000050405,0.9680296,1.3907585,GM12878,0.6843037,0.0,1
ENSG00000050426,1.3978571,2.1715217,GM12878,0.7827265,1.0,1
ENSG00000050426,1.5180725,2.1715217,GM12878,0.8744715,1.0,1
ENSG00000050426,1.4227755,2.1715217,GM12878,0.8773711,1.0,1
ENSG00000050426,1.3716819,2.1715217,GM12878,0.8788334,0.8888889,1
ENSG00000050426,1.3991718,2.1715217,GM12878,0.9001455,0.92021114,1
ENSG00000050426,1.3991718,2.1715217,GM12878,0.9001455,0.063182525,1
ENSG00000050426,1.3874135,2.1715217,GM12878,0.90130675,0.07553957,1
ENSG00000050426,1.3726828,2.1715217,GM12878,0.8339855,0.9354232,1
ENSG00000050438,-0.55600625,-0.33724216,GM12878,0.9839684,1.0,1
ENSG00000051825,2.0284376,1.6564815,GM12878,0.81315714,1.0,1
ENSG00000051825,2.0457704,1.6564815,GM12878,0.7730683,0.26948357,1
ENSG00000055044,1.5568787,2.0313277,GM12878,0.84980094,1.0,1
ENSG00000055044,1.5812653,2.0313277,GM12878,0.85556537,0.032931123,1
ENSG00000055332,1.8764807,0.9934362,GM12878,0.80175275,1.0,1
ENSG00000055332,1.7119957,0.9934362,GM12878,0.8134253,1.0,1
ENSG00000055332,1.7834611,0.9934362,GM12878,0.774503,0.69730943,1
ENSG00000055917,1.4850596,1.6688516,GM12878,0.80846775,1.0,1
ENSG00000055917,1.4670832,1.6688516,GM12878,0.82253546,1.0,1
ENSG00000055917,1.5712898,1.6688516,GM12878,0.8533088,1.0,1
ENSG00000055917,1.2907454,1.6688516,GM12878,0.85837525,0.8681767,1
ENSG00000055917,1.4583275,1.6688516,GM12878,0.88277113,0.90764415,1
ENSG00000055917,1.5281762,1.6688516,GM12878,0.8516753,0.14331445,1
ENSG00000057935,0.77919185,1.4459155,GM12878,0.87590253,1.0,1
ENSG00000058272,1.482082,1.5872618,GM12878,0.8607794,1.0,1
ENSG00000058272,1.373375,1.5872618,GM12878,0.4363674,0.0,1
ENSG00000058272,1.425148,1.5872618,GM12878,0.8704656,1.0,1
ENSG00000058272,1.4092703,1.5872618,GM12878,0.88957256,0.9219089,1
ENSG00000058272,1.4553624,1.5872618,GM12878,0.893574,0.48738533,1
ENSG00000059728,0.9972002,1.3909351,GM12878,0.9178944,1.0,1
ENSG00000059728,0.93991005,1.3909351,GM12878,0.93538654,1.0,1
ENSG00000059728,1.0609468,1.3909351,GM12878,0.7518469,0.9619565,1
ENSG00000059758,1.5814952,1.2033049,GM12878,0.82983255,1.0,1
ENSG00000059758,1.6378995,1.2033049,GM12878,0.8375767,0.98778194,1
ENSG00000059804,1.6118846,2.4926348,GM12878,0.86555904,1.0,1
ENSG00000060138,0.72138226,1.5975856,GM12878,0.8939154,1.0,1
ENSG00000060138,0.8833531,1.5975856,GM12878,0.8787542,1.0,1
ENSG00000060138,0.7095028,1.5975856,GM12878,0.9067233,0.59007204,1
ENSG00000060138,1.0278279,1.5975856,GM12878,0.6513811,0.0,1
ENSG00000060140,0.72595435,-0.4436975,GM12878,0.86987734,1.0,1
ENSG00000060237,1.0131966,1.378398,GM12878,0.8925514,1.0,1
ENSG00000060237,0.68001515,1.378398,GM12878,0.8571912,0.0,1
ENSG00000060237,1.0245485,1.378398,GM12878,0.6739294,0.0,1
ENSG00000060982,1.6687031,1.6651118,GM12878,0.89408255,1.0,1
ENSG00000060982,1.5903256,1.6651118,GM12878,0.8806177,0.9716636,1
ENSG00000060982,1.5818255,1.6651118,GM12878,0.8239632,0.9990838,1
ENSG00000061273,1.4584858,1.4109459,GM12878,0.91501784,1.0,1
ENSG00000061273,1.3529022,1.4109459,GM12878,0.8733286,1.0,1
ENSG00000061273,1.3231221,1.4109459,GM12878,0.9084552,0.0,1
ENSG00000061273,1.4996932,1.4109459,GM12878,0.9459621,0.42357275,1
ENSG00000061273,1.4581767,1.4109459,GM12878,0.7704544,1.0,1
ENSG00000061676,1.5456036,2.0211065,GM12878,0.8399643,1.0,1
ENSG00000061936,1.4761324,1.2929204,GM12878,0.87298244,1.0,1
ENSG00000061936,1.4702734,1.2929204,GM12878,0.823173,1.0,1
ENSG00000061936,1.3078185,1.2929204,GM12878,0.88591224,1.0,1
ENSG00000061936,1.4007008,1.2929204,GM12878,0.8817304,0.014285714,1
ENSG00000061987,1.7600551,1.2079035,GM12878,0.82364994,1.0,1
ENSG00000061987,1.7469965,1.2079035,GM12878,0.8762598,1.0,1
ENSG00000061987,1.876962,1.2079035,GM12878,0.31575936,0.12878788,1
ENSG00000061987,1.7941868,1.2079035,GM12878,0.7551599,0.0,1
ENSG00000062485,1.8237525,2.056333,GM12878,0.54238784,1.0,1
ENSG00000062485,1.8237525,2.056333,GM12878,0.54238784,1.0,1
ENSG00000062485,1.9023944,2.056333,GM12878,0.7865066,0.0,1
ENSG00000062485,1.7923712,2.056333,GM12878,0.8228779,0.016642628,1
ENSG00000063046,1.9985361,2.591098,GM12878,0.8646237,1.0,1
ENSG00000063046,1.8563633,2.591098,GM12878,0.8748528,1.0,1
ENSG00000063046,2.1201737,2.591098,GM12878,0.85181904,0.9991147,1
ENSG00000063046,2.1169984,2.591098,GM12878,0.85005605,0.7175943,1
ENSG00000063660,-0.23341426,-0.5850267,GM12878,0.9758232,1.0,1
ENSG00000063660,-0.11949324,-0.5850267,GM12878,0.97754353,1.0,1
ENSG00000064012,1.71033,1.1000258,GM12878,0.8140978,1.0,1
ENSG00000064012,1.673945,1.1000258,GM12878,0.83978415,0.0,1
ENSG00000064012,1.8267744,1.1000258,GM12878,0.6568812,0.36689654,1
ENSG00000064012,1.7030452,1.1000258,GM12878,0.7808033,0.9888476,1
ENSG00000064102,1.4787095,1.7070589,GM12878,0.88791996,1.0,1
ENSG00000064102,1.5605668,1.7070589,GM12878,0.8724024,1.0,1
ENSG00000064102,1.434318,1.7070589,GM12878,0.79949784,1.0,1
ENSG00000064115,1.2576666,1.8372726,GM12878,0.8030927,1.0,1
ENSG00000064763,1.1838573,0.920645,GM12878,0.8944312,1.0,1
ENSG00000064933,0.8289871,1.227115,GM12878,0.8986792,1.0,1
ENSG00000064933,0.7984937,1.227115,GM12878,0.8924752,1.0,1
ENSG00000064933,0.9189291,1.227115,GM12878,0.91970336,1.0,1
ENSG00000064933,0.8893954,1.227115,GM12878,0.9151827,0.9388275,1
ENSG00000064933,0.8408509,1.227115,GM12878,0.91175646,0.9592183,1
ENSG00000064933,0.91862315,1.227115,GM12878,0.8919962,0.0027777778,1
ENSG00000064933,0.66551113,1.227115,GM12878,0.8694961,0.595217,1
ENSG00000064989,-0.26111528,-0.92081875,GM12878,0.9346828,1.0,1
ENSG00000065357,0.9764761,0.81954396,GM12878,0.90462136,0.8831169,1
ENSG00000065548,1.821054,2.1490343,GM12878,0.8348783,1.0,1
ENSG00000065548,1.7549785,2.1490343,GM12878,0.8598966,1.0,1
ENSG00000065548,1.8453044,2.1490343,GM12878,0.847468,1.0,1
ENSG00000065548,1.8652809,2.1490343,GM12878,0.8166148,1.0,1
ENSG00000065548,1.747894,2.1490343,GM12878,0.8422097,0.27601242,1
ENSG00000065802,1.5770802,1.3005955,GM12878,0.878392,1.0,1
ENSG00000065911,1.9357239,2.3176246,GM12878,0.8713075,1.0,1
ENSG00000065911,1.7417991,2.3176246,GM12878,0.8534717,0.15467583,1
ENSG00000065911,1.9605192,2.3176246,GM12878,0.86718005,0.99922943,1
ENSG00000065970,2.2675483,0.35793483,GM12878,0.8557361,1.0,1
ENSG00000066084,1.1268665,1.2650537,GM12878,0.871124,1.0,1
ENSG00000066117,1.3812627,1.6785184,GM12878,0.8841505,1.0,1
ENSG00000066117,1.3662826,1.6785184,GM12878,0.8737036,1.0,1
ENSG00000066117,1.3662826,1.6785184,GM12878,0.8737036,1.0,1
ENSG00000066117,1.3011336,1.6785184,GM12878,0.872425,0.44461077,1
ENSG00000067066,1.1385472,1.4056878,GM12878,0.91013473,1.0,1
ENSG00000067066,1.2005067,1.4056878,GM12878,0.8561,0.8678011,1
ENSG00000067066,1.1897012,1.4056878,GM12878,0.8790083,0.009708738,1
ENSG00000067066,1.1562288,1.4056878,GM12878,0.7399778,0.8682635,1
ENSG00000067182,1.2916967,1.351603,GM12878,0.7962414,1.0,1
ENSG00000067182,1.3130034,1.351603,GM12878,0.9052055,0.9922929,1
ENSG00000067182,1.2989806,1.351603,GM12878,0.8902934,0.99613154,1
ENSG00000068024,1.2730651,0.48429984,GM12878,0.9080806,1.0,1
ENSG00000068654,1.4369512,0.9454686,GM12878,0.84082407,1.0,1
ENSG00000068697,2.0364068,2.0860393,GM12878,0.85672235,1.0,1
ENSG00000068697,1.8680508,2.0860393,GM12878,0.84854364,1.0,1
ENSG00000068724,0.9598666,0.81491315,GM12878,0.9021885,1.0,1
ENSG00000068724,0.8788975,0.81491315,GM12878,0.46268252,0.018796992,1
ENSG00000068724,0.940308,0.81491315,GM12878,0.82558805,0.065789476,1
ENSG00000068724,0.941473,0.81491315,GM12878,0.930339,0.9868914,1
ENSG00000068724,0.8950449,0.81491315,GM12878,0.87803274,0.9580537,1
ENSG00000068724,0.95020777,0.81491315,GM12878,0.8950351,0.0,1
ENSG00000068784,1.2623638,0.94101423,GM12878,0.80280644,1.0,1
ENSG00000068878,1.6024693,1.7384634,GM12878,0.80461943,1.0,1
ENSG00000068878,1.5675652,1.7384634,GM12878,0.8266869,0.639196,1
ENSG00000068878,1.6847929,1.7384634,GM12878,0.84468156,0.9855346,1
ENSG00000068912,1.6541927,1.462398,GM12878,0.8231306,1.0,1
ENSG00000068912,1.5053992,1.462398,GM12878,0.83853066,0.8584008,1
ENSG00000069493,-0.36124122,0.64836,GM12878,0.9553143,1.0,1
ENSG00000069493,-0.33405736,0.64836,GM12878,0.9775475,0.87815124,1
ENSG00000069493,-0.15956181,0.64836,GM12878,0.96488523,0.44295302,1
ENSG00000070018,1.7085322,0.89376175,GM12878,0.8375299,1.0,1
ENSG00000070019,-0.5021461,-0.92081875,GM12878,0.9471371,1.0,1
ENSG00000070019,-0.5329382,-0.92081875,GM12878,0.95282376,1.0,1
ENSG00000070019,-0.56880444,-0.92081875,GM12878,0.9637708,1.0,1
ENSG00000070019,-0.61230344,-0.92081875,GM12878,0.97740096,1.0,1
ENSG00000070961,1.7344576,1.1994809,GM12878,0.8439519,1.0,1
ENSG00000070961,1.7823018,1.1994809,GM12878,0.6100654,1.0,1
ENSG00000070961,1.8409059,1.1994809,GM12878,0.86299586,1.0,1
ENSG00000070961,1.7728585,1.1994809,GM12878,0.8120026,0.97525775,1
ENSG00000071051,0.83637065,0.57054293,GM12878,0.9306771,1.0,1
ENSG00000071051,0.6409772,0.57054293,GM12878,0.8130696,0.5444015,1
ENSG00000071054,0.6222813,1.5724069,GM12878,0.9372583,1.0,1
ENSG00000071054,0.5611261,1.5724069,GM12878,0.94091624,0.41871583,1
ENSG00000071054,0.6693811,1.5724069,GM12878,0.56011647,0.58128417,1
ENSG00000071054,0.54597324,1.5724069,GM12878,0.93966895,0.38251367,1
ENSG00000071073,-0.62700987,-0.60206,GM12878,0.9794621,1.0,1
ENSG00000071073,-0.64534944,-0.60206,GM12878,0.9907862,1.0,1
ENSG00000071073,-0.65865153,-0.60206,GM12878,0.98621875,1.0,1
ENSG00000071073,-0.653465,-0.60206,GM12878,0.9861412,1.0,1
ENSG00000071073,-0.6846119,-0.60206,GM12878,0.9866676,1.0,1
ENSG00000071575,1.0401382,1.2995073,GM12878,0.85904247,1.0,1
ENSG00000071909,-0.46127155,0.21484385,GM12878,0.9706895,1.0,1
ENSG00000071967,1.4456712,1.2600714,GM12878,0.89443207,1.0,1
ENSG00000071967,1.5408355,1.2600714,GM12878,0.8775798,1.0,1
ENSG00000071967,1.5408355,1.2600714,GM12878,0.8775798,1.0,1
ENSG00000071967,1.4456712,1.2600714,GM12878,0.89443207,0.95373666,1
ENSG00000072135,1.2628559,1.6394864,GM12878,0.734318,1.0,1
ENSG00000072135,1.2410381,1.6394864,GM12878,0.8963739,1.0,1
ENSG00000072135,0.93781185,1.6394864,GM12878,0.832118,1.0,1
ENSG00000072609,1.6915574,1.4173056,GM12878,0.7818624,1.0,1
ENSG00000072609,1.6763101,1.4173056,GM12878,0.78752,1.0,1
ENSG00000072609,1.5392035,1.4173056,GM12878,0.23765254,0.067885116,1
ENSG00000072609,1.520938,1.4173056,GM12878,0.89989763,0.51428574,1
ENSG00000072609,1.4980928,1.4173056,GM12878,0.9021943,0.41571194,1
ENSG00000072609,1.616966,1.4173056,GM12878,0.6994898,0.5989933,1
ENSG00000073060,1.5054873,1.9950645,GM12878,0.89514893,1.0,1
ENSG00000073060,1.5508082,1.9950645,GM12878,0.8464677,0.6875557,1
ENSG00000073060,1.5117263,1.9950645,GM12878,0.866261,0.02337278,1
ENSG00000073614,1.3451729,1.0043213,GM12878,0.8408266,1.0,1
ENSG00000073614,1.4634506,1.0043213,GM12878,0.83241147,1.0,1
ENSG00000073614,1.4088905,1.0043213,GM12878,0.8621648,0.07196402,1
ENSG00000074054,1.4296945,0.8756399,GM12878,0.8921556,1.0,1
ENSG00000074054,1.8416438,0.8756399,GM12878,0.8679925,1.0,1
ENSG00000074054,1.7268538,0.8756399,GM12878,0.89902663,1.0,1
ENSG00000074582,2.0107403,1.6382896,GM12878,0.7785222,1.0,1
ENSG00000074582,2.0254185,1.6382896,GM12878,0.8017436,0.04265403,1
ENSG00000074582,1.9978921,1.6382896,GM12878,0.76856333,0.012707722,1
ENSG00000074582,1.943973,1.6382896,GM12878,0.7850501,0.039923955,1
ENSG00000075089,1.2146742,1.8997658,GM12878,0.85783166,1.0,1
ENSG00000075089,1.1777791,1.8997658,GM12878,0.90442,0.9995011,1
ENSG00000075188,1.1730002,2.2130394,GM12878,0.72617143,1.0,1
ENSG00000075188,1.102868,2.2130394,GM12878,0.8920481,0.026617851,1
ENSG00000075292,1.407157,1.8391637,GM12878,0.87675303,1.0,1
ENSG00000075292,1.3944869,1.8391637,GM12878,0.854544,0.9626697,1
ENSG00000075415,2.2122092,2.5069783,GM12878,0.8446434,1.0,1
ENSG00000075426,1.0330944,-0.34678748,GM12878,0.9116697,1.0,1
ENSG00000075426,1.1940781,-0.34678748,GM12878,0.79055166,1.0,1
ENSG00000075856,2.0666242,1.4109459,GM12878,0.72624516,1.0,1
ENSG00000075856,2.1406927,1.4109459,GM12878,0.8470918,0.9958042,1
ENSG00000075856,2.167659,1.4109459,GM12878,0.81483126,0.025874127,1
ENSG00000075884,-0.35347173,-0.013228266,GM12878,0.96271294,1.0,1
ENSG00000076003,0.95442027,1.9534214,GM12878,0.920301,1.0,1
ENSG00000076003,1.1485007,1.9534214,GM12878,0.8863763,1.0,1
ENSG00000076067,0.08372039,0.12057393,GM12878,0.9627044,1.0,1
ENSG00000076108,1.8863738,1.8205298,GM12878,0.91594666,1.0,1
ENSG00000076108,1.8158804,1.8205298,GM12878,0.84897053,1.0,1
ENSG00000076108,1.6190969,1.8205298,GM12878,0.8273587,0.15889744,1
ENSG00000076248,1.0078336,1.2966652,GM12878,0.90781164,1.0,1
ENSG00000076248,1.0704247,1.2966652,GM12878,0.8717635,0.99693567,1
ENSG00000076513,1.4708885,1.5936183,GM12878,0.8922336,1.0,1
ENSG00000076513,1.4708885,1.5936183,GM12878,0.8922336,1.0,1
ENSG00000076513,1.5565543,1.5936183,GM12878,0.911261,1.0,1
ENSG00000076513,1.5302395,1.5936183,GM12878,0.8839609,1.0,1
ENSG00000076513,1.5658928,1.5936183,GM12878,0.8859445,0.986946,1
ENSG00000077044,0.6158127,1.1964525,GM12878,0.9381035,1.0,1
ENSG00000077044,0.7922237,1.1964525,GM12878,0.9310631,0.01369863,1
ENSG00000077232,0.97671276,1.5851222,GM12878,0.8853939,1.0,1
ENSG00000077232,1.2389101,1.5851222,GM12878,0.8941748,1.0,1
ENSG00000077232,1.3024232,1.5851222,GM12878,0.48323768,0.9609848,1
ENSG00000077232,1.2470602,1.5851222,GM12878,0.8822841,0.014757281,1
ENSG00000077232,1.2270356,1.5851222,GM12878,0.84246147,0.03846154,1
ENSG00000077232,1.3263226,1.5851222,GM12878,0.9072736,0.08199643,1
ENSG00000077380,1.6088864,2.136467,GM12878,0.80941117,1.0,1
ENSG00000077380,1.5679384,2.136467,GM12878,0.37495384,0.0,1
ENSG00000077380,1.5714006,2.136467,GM12878,0.71521044,0.0011638433,1
ENSG00000078237,0.19514516,-0.52287877,GM12878,0.7761413,1.0,1
ENSG00000078246,1.5951462,0.98587537,GM12878,0.8793601,1.0,1
ENSG00000078246,1.5741448,0.98587537,GM12878,0.8936732,0.9167604,1
ENSG00000078246,1.5092854,0.98587537,GM12878,0.8661881,0.9943757,1
ENSG00000078246,1.5997012,0.98587537,GM12878,0.89116573,0.9223847,1
ENSG00000078246,1.5515827,0.98587537,GM12878,0.8922652,0.9943757,1
ENSG00000079150,1.5021688,1.154424,GM12878,0.89687777,1.0,1
ENSG00000079150,1.5133677,1.154424,GM12878,0.9237139,0.83908045,1
ENSG00000079150,1.4883149,1.154424,GM12878,0.85605466,0.23958333,1
ENSG00000079150,1.5021688,1.154424,GM12878,0.89687777,0.38020834,1
ENSG00000079156,0.8875962,1.1510632,GM12878,0.9095521,1.0,1
ENSG00000079246,1.5443996,2.570823,GM12878,0.880519,1.0,1
ENSG00000079246,1.5860829,2.570823,GM12878,0.8672499,1.0,1
ENSG00000079337,0.60637516,-0.34678748,GM12878,0.9691868,1.0,1
ENSG00000079337,0.5327811,-0.34678748,GM12878,0.9695286,1.0,1
ENSG00000079387,1.2185905,1.6055205,GM12878,0.69809586,1.0,1
ENSG00000079387,1.3005252,1.6055205,GM12878,0.89261496,0.29693994,1
ENSG00000079785,2.2324693,2.186589,GM12878,0.73950094,1.0,1
ENSG00000080345,1.9402488,1.4865721,GM12878,0.82440406,1.0,1
ENSG00000080345,1.927698,1.4865721,GM12878,0.7545163,1.0,1
ENSG00000080345,1.8829337,1.4865721,GM12878,0.83893275,1.0,1
ENSG00000080345,1.8461828,1.4865721,GM12878,0.7978564,0.20479302,1
ENSG00000080345,1.9853483,1.4865721,GM12878,0.807239,0.6510773,1
ENSG00000080371,1.3614606,0.9375179,GM12878,0.8563567,1.0,1
ENSG00000080371,1.414635,0.9375179,GM12878,0.82129824,1.0,1
ENSG00000080371,1.4586146,0.9375179,GM12878,0.884145,1.0,1
ENSG00000081320,1.1141646,0.9375179,GM12878,0.82273656,1.0,1
ENSG00000081320,1.0578462,0.9375179,GM12878,0.9131287,1.0,1
ENSG00000081320,1.0896369,0.9375179,GM12878,0.84982395,1.0,1
ENSG00000081760,0.71482795,0.666518,GM12878,0.93289846,1.0,1
ENSG00000081760,0.73329836,0.666518,GM12878,0.91297936,1.0,1
ENSG00000081760,0.56993324,0.666518,GM12878,0.8711777,0.10033445,1
ENSG00000081760,0.67662716,0.666518,GM12878,0.910998,0.83798885,1
ENSG00000082146,1.3075945,1.2352759,GM12878,0.83386105,1.0,1
ENSG00000082146,1.3189884,1.2352759,GM12878,0.8566353,1.0,1
ENSG00000082146,1.3911364,1.2352759,GM12878,0.85320807,1.0,1
ENSG00000082153,1.5719928,2.1173708,GM12878,0.88558835,1.0,1
ENSG00000082258,1.4628022,1.3172274,GM12878,0.77801424,1.0,1
ENSG00000082258,1.599905,1.3172274,GM12878,0.83724576,0.2628012,1
ENSG00000082805,1.3798554,0.33845648,GM12878,0.7891276,0.6804734,1
ENSG00000082805,1.3970366,0.33845648,GM12878,0.5796064,0.02366864,1
ENSG00000082805,1.3397794,0.33845648,GM12878,0.8365388,1.0,1
ENSG00000082805,1.4250286,0.33845648,GM12878,0.78869504,0.023391813,1
ENSG00000082805,1.3297067,0.33845648,GM12878,0.7510408,0.005882353,1
ENSG00000082898,1.5275421,2.331326,GM12878,0.81740785,1.0,1
ENSG00000082898,1.7138592,2.331326,GM12878,0.87619054,1.0,1
ENSG00000082898,1.678863,2.331326,GM12878,0.85447043,1.0,1
ENSG00000082898,1.682634,2.331326,GM12878,0.81421715,1.0,1
ENSG00000084090,1.9805535,1.9021118,GM12878,0.6325332,1.0,1
ENSG00000084110,-0.8048591,-0.60206,GM12878,0.9744631,1.0,1
ENSG00000084112,1.2358645,0.4913617,GM12878,0.7957414,1.0,1
ENSG00000084444,0.49784765,0.65513843,GM12878,0.8521677,1.0,1
ENSG00000084463,1.5630065,1.0362295,GM12878,0.8149704,1.0,1
ENSG00000084463,1.495702,1.0362295,GM12878,0.88507396,1.0,1
ENSG00000084463,1.5370979,1.0362295,GM12878,0.86039054,0.0046425257,1
ENSG00000084676,1.0454433,1.2764618,GM12878,0.90652657,1.0,1
ENSG00000084676,0.9905175,1.2764618,GM12878,0.91164696,1.0,1
ENSG00000084676,1.0530372,1.2764618,GM12878,0.9189136,0.689951,1
ENSG00000084676,1.1760998,1.2764618,GM12878,0.830844,0.7805582,1
ENSG00000084693,1.9551699,1.5991186,GM12878,0.8659429,1.0,1
ENSG00000084693,2.0013778,1.5991186,GM12878,0.4214715,0.56435645,1
ENSG00000084731,0.8431895,0.42160392,GM12878,0.8595633,1.0,1
ENSG00000084731,0.8396753,0.42160392,GM12878,0.9313114,1.0,1
ENSG00000084733,2.1848283,1.9852917,GM12878,0.7783657,1.0,1
ENSG00000084733,1.9275528,1.9852917,GM12878,0.85277724,1.0,1
ENSG00000084733,2.134189,1.9852917,GM12878,0.8564742,1.0,1
ENSG00000084733,2.1541896,1.9852917,GM12878,0.78476053,1.0,1
ENSG00000084754,1.5119959,2.190472,GM12878,0.7114088,1.0,1
ENSG00000084764,0.9667845,1.4965146,GM12878,0.9434386,1.0,1
ENSG00000084774,1.5341277,1.5732198,GM12878,0.91515267,1.0,1
ENSG00000084774,1.564641,1.5732198,GM12878,0.9075683,0.9823691,1
ENSG00000085449,1.3089621,1.3895204,GM12878,0.88613474,1.0,1
ENSG00000085760,1.2488152,1.7431176,GM12878,0.90286034,1.0,1
ENSG00000085760,1.25263,1.7431176,GM12878,0.8818349,1.0,1
ENSG00000085760,1.0924203,1.7431176,GM12878,0.24575022,0.100053504,1
ENSG00000085978,1.7073199,1.2276297,GM12878,0.7854899,1.0,1
ENSG00000085978,1.7073199,1.2276297,GM12878,0.7854899,1.0,1
ENSG00000085978,1.6672688,1.2276297,GM12878,0.87202203,1.0,1
ENSG00000085978,1.6787161,1.2276297,GM12878,0.67230695,0.2453125,1
ENSG00000085982,1.128113,1.0881361,GM12878,0.8261704,1.0,1
ENSG00000085982,1.2162329,1.0881361,GM12878,0.70704806,1.0,1
ENSG00000086598,1.676309,2.15567,GM12878,0.87537,1.0,1
ENSG00000087338,1.7978749,1.2484637,GM12878,0.8365686,1.0,1
ENSG00000087448,1.015279,0.94151145,GM12878,0.88327366,1.0,1
ENSG00000087470,1.3515216,1.7861123,GM12878,0.69878,1.0,1
ENSG00000087470,1.3515216,1.7861123,GM12878,0.69878,1.0,1
ENSG00000087470,1.3159856,1.7861123,GM12878,0.8308435,1.0,1
ENSG00000087470,1.3193731,1.7861123,GM12878,0.7084127,1.0,1
ENSG00000087470,1.344485,1.7861123,GM12878,0.62395394,0.21595427,1
ENSG00000087470,1.3477494,1.7861123,GM12878,0.83187586,1.0,1
ENSG00000087470,1.3029908,1.7861123,GM12878,0.8663916,0.9932165,1
ENSG00000087470,1.3839513,1.7861123,GM12878,0.79331505,1.0,1
ENSG00000087470,1.3237519,1.7861123,GM12878,0.81640327,0.18685122,1
ENSG00000087470,1.2741641,1.7861123,GM12878,0.78150433,0.27376696,1
ENSG00000087470,1.3681927,1.7861123,GM12878,0.6873717,0.675503,1
ENSG00000087470,1.4350803,1.7861123,GM12878,0.70565444,0.5592635,1
ENSG00000087494,-0.2263749,0.17026171,GM12878,0.9730645,1.0,1
ENSG00000087502,1.3412398,1.5619358,GM12878,0.8501613,1.0,1
ENSG00000088179,1.7236044,1.3697723,GM12878,0.65680784,1.0,1
ENSG00000088205,1.5088518,2.0459876,GM12878,0.8458858,1.0,1
ENSG00000088986,1.6253873,2.5452452,GM12878,0.751235,1.0,1
ENSG00000088986,1.540067,2.5452452,GM12878,0.86842746,1.0,1
ENSG00000088992,0.723697,1.2720737,GM12878,0.93607813,1.0,1
ENSG00000088992,0.7595605,1.2720737,GM12878,0.8481295,1.0,1
ENSG00000088992,0.76560736,1.2720737,GM12878,0.8010254,0.9531773,1
ENSG00000089022,1.8140413,1.7231271,GM12878,0.81011087,1.0,1
ENSG00000089041,-0.42514566,-0.82390875,GM12878,0.97220314,1.0,1
ENSG00000089053,1.7393576,2.3872297,GM12878,0.8620966,1.0,1
ENSG00000089053,1.8320197,2.3872297,GM12878,0.8025972,0.84344923,1
ENSG00000089060,1.6117774,1.2387986,GM12878,0.87507063,1.0,1
ENSG00000089060,1.4692932,1.2387986,GM12878,0.8721528,1.0,1
ENSG00000089060,1.3564205,1.2387986,GM12878,0.85763055,0.022988506,1
ENSG00000089060,1.5969594,1.2387986,GM12878,0.8441824,1.0,1
ENSG00000089094,1.1051205,1.2591158,GM12878,0.9190001,1.0,1
ENSG00000089094,1.0765913,1.2591158,GM12878,0.7002462,1.0,1
ENSG00000089094,1.0476906,1.2591158,GM12878,0.87919307,0.88706565,1
ENSG00000089154,2.12947,1.7058637,GM12878,0.90227115,1.0,1
ENSG00000089159,0.9675438,1.4581845,GM12878,0.9298005,0.40955952,1
ENSG00000089163,0.8309332,0.35983548,GM12878,0.8993298,1.0,1
ENSG00000089163,1.141079,0.35983548,GM12878,0.89646703,1.0,1
ENSG00000089220,1.1289994,2.007321,GM12878,0.8523248,1.0,1
ENSG00000089220,1.225032,2.007321,GM12878,0.8299401,1.0,1
ENSG00000089234,1.9431692,1.34262,GM12878,0.8575562,1.0,1
ENSG00000089248,1.5226346,1.9694159,GM12878,0.7978593,0.88129413,1
ENSG00000089692,-0.35340923,-0.6777807,GM12878,0.9753386,1.0,1
ENSG00000089693,1.5868329,2.1970875,GM12878,0.8948711,1.0,1
ENSG00000089693,1.5825702,2.1970875,GM12878,0.7682749,1.0,1
ENSG00000089818,2.171937,1.1906118,GM12878,0.82200736,1.0,1
ENSG00000089818,2.156273,1.1906118,GM12878,0.80105454,0.95894426,1
ENSG00000090376,-0.859452,-0.92081875,GM12878,0.9916313,1.0,1
ENSG00000090382,0.24047017,1.477266,GM12878,0.964331,1.0,1
ENSG00000090612,1.2123715,0.68663627,GM12878,0.84849066,0.8636364,1
ENSG00000090612,1.3409142,0.68663627,GM12878,0.8632678,0.7702703,1
ENSG00000090612,1.2037727,0.68663627,GM12878,0.84640497,0.34538153,1
ENSG00000090615,1.8389335,1.148911,GM12878,0.86327785,1.0,1
ENSG00000091039,1.3622668,1.5323721,GM12878,0.8808042,1.0,1
ENSG00000091039,1.5594438,1.5323721,GM12878,0.88359165,1.0,1
ENSG00000091039,1.4545661,1.5323721,GM12878,0.76403403,0.31226766,1
ENSG00000091106,-0.13806923,-0.85387194,GM12878,0.95700234,1.0,1
ENSG00000091106,-0.07361988,-0.85387194,GM12878,0.9528847,1.0,1
ENSG00000091409,-0.30898935,-0.92081875,GM12878,0.98383105,1.0,1
ENSG00000091409,-0.24909733,-0.92081875,GM12878,0.98143,1.0,1
ENSG00000091428,-0.5485165,-0.4089354,GM12878,0.9427729,1.0,1
ENSG00000091428,-0.7018302,-0.4089354,GM12878,0.9419232,1.0,1
ENSG00000091436,1.3820522,1.3378584,GM12878,0.85104185,1.0,1
ENSG00000092841,2.2000625,3.0676584,GM12878,0.65976924,1.0,1
ENSG00000092841,2.2093477,3.0676584,GM12878,0.86323917,1.0,1
ENSG00000092841,2.2039595,3.0676584,GM12878,0.8815344,1.0,1
ENSG00000092841,2.1903267,3.0676584,GM12878,0.8785167,1.0,1
ENSG00000092841,2.2082014,3.0676584,GM12878,0.8521198,1.0,1
ENSG00000092841,2.1752384,3.0676584,GM12878,0.8740066,0.9697458,1
ENSG00000092841,2.1519623,3.0676584,GM12878,0.70216745,0.07447057,1
ENSG00000094914,2.0368853,1.8744239,GM12878,0.87372404,1.0,1
ENSG00000094914,2.0792727,1.8744239,GM12878,0.8801591,0.97541666,1
ENSG00000094916,1.8647668,1.8588979,GM12878,0.89364463,1.0,1
ENSG00000094916,1.7986823,1.8588979,GM12878,0.89710826,1.0,1
ENSG00000095002,1.757744,1.9315088,GM12878,0.88139695,1.0,1
ENSG00000095002,1.7333715,1.9315088,GM12878,0.87743264,1.0,1
ENSG00000102189,1.3573303,0.5965971,GM12878,0.92196333,1.0,1
ENSG00000102189,1.3897291,0.5965971,GM12878,0.8918128,1.0,1
ENSG00000110801,1.711842,1.7159199,GM12878,0.89928645,1.0,1
ENSG00000110801,1.5534905,1.7159199,GM12878,0.9051137,0.52356213,1
ENSG00000110801,1.7604461,1.7159199,GM12878,0.71066755,0.2872928,1
ENSG00000110841,0.4844955,0.17609125,GM12878,0.91962695,1.0,1
ENSG00000110844,0.52954113,0.587711,GM12878,0.9394391,1.0,1
ENSG00000110844,0.5427114,0.587711,GM12878,0.9229464,1.0,1
ENSG00000110848,1.0445933,1.7195798,GM12878,0.8315937,1.0,1
ENSG00000110848,1.0107826,1.7195798,GM12878,0.9312854,1.0,1
ENSG00000110848,1.1103059,1.7195798,GM12878,0.89511853,1.0,1
ENSG00000110851,0.8515421,1.1945144,GM12878,0.89930683,1.0,1
ENSG00000110852,-0.16469619,0.5888317,GM12878,0.9556139,1.0,1
ENSG00000110852,-0.2189933,0.5888317,GM12878,0.9679235,1.0,1
ENSG00000110852,-0.09028921,0.5888317,GM12878,0.88511795,0.8680352,1
ENSG00000110871,1.3481269,1.6590601,GM12878,0.8865014,1.0,1
ENSG00000110871,1.3127812,1.6590601,GM12878,0.87074214,0.9988799,1
ENSG00000110871,1.5071926,1.6590601,GM12878,0.8548307,0.04121864,1
ENSG00000110880,1.3027866,2.3280737,GM12878,0.8856638,1.0,1
ENSG00000110880,1.3163583,2.3280737,GM12878,0.91006225,1.0,1
ENSG00000110881,-0.2953597,0.20951502,GM12878,0.98758066,1.0,1
ENSG00000110888,1.2099186,1.0265332,GM12878,0.7267527,1.0,1
ENSG00000110888,1.1193995,1.0265332,GM12878,0.905644,1.0,1
ENSG00000110888,1.1889297,1.0265332,GM12878,0.8295754,1.0,1
ENSG00000110888,1.2913955,1.0265332,GM12878,0.70883465,0.25040388,1
ENSG00000110888,1.124119,1.0265332,GM12878,0.8750528,0.9846154,1
ENSG00000110888,1.2070582,1.0265332,GM12878,0.8217623,0.6297663,1
ENSG00000110888,1.1737384,1.0265332,GM12878,0.82952064,0.3457189,1
ENSG00000110906,1.4305146,1.4665711,GM12878,0.8284968,1.0,1
ENSG00000110906,1.4305146,1.4665711,GM12878,0.8284968,1.0,1
ENSG00000110906,1.3049718,1.4665711,GM12878,0.906283,1.0,1
ENSG00000110906,1.3408071,1.4665711,GM12878,0.901057,1.0,1
ENSG00000110906,1.3408071,1.4665711,GM12878,0.901057,0.73277557,1
ENSG00000110911,1.5154126,1.6755034,GM12878,0.83338946,1.0,1
ENSG00000110917,1.6657875,1.5609821,GM12878,0.86975086,1.0,1
ENSG00000110917,1.6675531,1.5609821,GM12878,0.8835711,1.0,1
ENSG00000110917,1.7246307,1.5609821,GM12878,0.77453506,1.0,1
ENSG00000110921,1.4911643,1.4432629,GM12878,0.8069076,1.0,1
ENSG00000110921,1.4402671,1.4432629,GM12878,0.86786747,1.0,1
ENSG00000110921,1.4488183,1.4432629,GM12878,0.88620216,0.8910082,1
ENSG00000110921,1.4061897,1.4432629,GM12878,0.8572816,0.8161889,1
ENSG00000110925,1.0107065,0.8915374,GM12878,0.9184629,1.0,1
ENSG00000110925,1.041235,0.8915374,GM12878,0.8718904,1.0,1
ENSG00000110931,1.2998302,1.1869563,GM12878,0.890292,1.0,1
ENSG00000110931,1.3073581,1.1869563,GM12878,0.72145617,1.0,1
ENSG00000110931,1.1704202,1.1869563,GM12878,0.5163285,0.122857146,1
ENSG00000110931,1.1511897,1.1869563,GM12878,0.8430754,0.8297587,1
ENSG00000110934,-0.23201403,-0.537602,GM12878,0.9646654,1.0,1
ENSG00000110944,0.19618118,1.0174507,GM12878,0.9821515,1.0,1
ENSG00000110955,2.5256805,3.3983412,GM12878,0.8416781,1.0,1
ENSG00000110958,1.8141074,2.114244,GM12878,0.7467008,1.0,1
ENSG00000110958,1.6480067,2.114244,GM12878,0.8123316,1.0,1
ENSG00000110958,1.8645216,2.114244,GM12878,0.8870116,1.0,1
ENSG00000110958,1.4125327,2.114244,GM12878,0.8723232,0.88235295,1
ENSG00000110958,1.6480067,2.114244,GM12878,0.8123316,0.9948186,1
ENSG00000110958,1.7830619,2.114244,GM12878,0.8466823,0.86775446,1
ENSG00000110958,1.7652167,2.114244,GM12878,0.86743927,0.9996437,1
ENSG00000110987,1.7072653,0.9561684,GM12878,0.859206,1.0,1
ENSG00000110987,1.6482192,0.9561684,GM12878,0.9015498,1.0,1
ENSG00000111011,1.4824959,1.7259933,GM12878,0.89317846,1.0,1
ENSG00000111011,1.4662067,1.7259933,GM12878,0.8022802,0.70385605,1
ENSG00000111011,1.4096975,1.7259933,GM12878,0.8722829,0.99866134,1
ENSG00000111012,-0.09546788,0.5820634,GM12878,0.9884665,1.0,1
ENSG00000111057,1.6818271,2.4412708,GM12878,0.87428737,1.0,1
ENSG00000111057,1.5801815,2.4412708,GM12878,0.92010444,1.0,1
ENSG00000111057,1.6211773,2.4412708,GM12878,0.9091177,1.0,1
ENSG00000111087,1.6908365,-0.14874165,GM12878,0.90506005,1.0,1
ENSG00000111087,1.5926547,-0.14874165,GM12878,0.88498414,1.0,1
ENSG00000111110,0.41433543,0.63848925,GM12878,0.93692416,1.0,1
ENSG00000111110,0.46530923,0.63848925,GM12878,0.9225321,1.0,1
ENSG00000111110,0.5401836,0.63848925,GM12878,0.9234576,1.0,1
ENSG00000111110,0.31516433,0.63848925,GM12878,0.92438084,1.0,1
ENSG00000111142,1.8472594,2.1322596,GM12878,0.8250469,1.0,1
ENSG00000111142,1.8164583,2.1322596,GM12878,0.8728101,1.0,1
ENSG00000111142,1.8472594,2.1322596,GM12878,0.8250469,0.942899,1
ENSG00000111142,1.8902597,2.1322596,GM12878,0.86073714,0.99957174,1
ENSG00000111144,1.0376577,1.5805829,GM12878,0.9185545,1.0,1
ENSG00000111144,1.0930737,1.5805829,GM12878,0.89277625,0.89862496,1
ENSG00000111144,1.0376853,1.5805829,GM12878,0.89962906,0.06234414,1
ENSG00000111144,1.0838413,1.5805829,GM12878,0.8476117,0.022925764,1
ENSG00000111145,0.13199034,-0.013228266,GM12878,0.9695674,1.0,1
ENSG00000111145,0.056806304,-0.013228266,GM12878,0.93319225,1.0,1
ENSG00000111196,1.6242815,1.6009729,GM12878,0.79120606,1.0,1
ENSG00000111196,1.6313483,1.6009729,GM12878,0.68282986,0.5342679,1
ENSG00000111203,1.3969414,1.0733517,GM12878,0.80839,1.0,1
ENSG00000111203,1.4378016,1.0733517,GM12878,0.88988596,1.0,1
ENSG00000111206,1.7522402,0.99782306,GM12878,0.86418915,1.0,1
ENSG00000111206,1.7610129,0.99782306,GM12878,0.8764668,1.0,1
ENSG00000111206,1.8009197,0.99782306,GM12878,0.8536003,0.06612685,1
ENSG00000111206,1.7330704,0.99782306,GM12878,0.6942588,0.7301855,1
ENSG00000111224,0.7577749,-0.5086383,GM12878,0.9116857,1.0,1
ENSG00000111224,0.44716823,-0.5086383,GM12878,0.9136676,1.0,1
ENSG00000111229,1.763753,1.7294078,GM12878,0.8026929,1.0,1
ENSG00000111231,1.5888369,1.7625285,GM12878,0.8890377,1.0,1
ENSG00000111237,1.7899824,2.2845435,GM12878,0.5966544,0.055408534,1
ENSG00000111237,1.7608719,2.2845435,GM12878,0.45730364,0.46666044,1
ENSG00000111247,1.6070423,1.8617135,GM12878,0.8735159,1.0,1
ENSG00000111247,1.571982,1.8617135,GM12878,0.42211625,0.15399121,1
ENSG00000111247,1.6346185,1.8617135,GM12878,0.8514779,0.9311657,1
ENSG00000111247,1.6346185,1.8617135,GM12878,0.8514779,0.9927441,1
ENSG00000111247,1.5725366,1.8617135,GM12878,0.859558,0.5789816,1
ENSG00000111247,1.5699284,1.8617135,GM12878,0.86150855,0.09753832,1
ENSG00000111252,1.5252469,1.3789427,GM12878,0.8291544,1.0,1
ENSG00000111261,1.3147618,0.19589965,GM12878,0.84575844,1.0,1
ENSG00000111266,0.8766695,0.9449759,GM12878,0.8274486,1.0,1
ENSG00000111269,1.417403,0.5987905,GM12878,0.8795914,1.0,1
ENSG00000111271,1.8041903,1.0962145,GM12878,0.84093297,1.0,1
ENSG00000111271,1.6853667,1.0962145,GM12878,0.79517794,1.0,1
ENSG00000111271,1.9250054,1.0962145,GM12878,0.28676036,0.45,1
ENSG00000111271,1.8258071,1.0962145,GM12878,0.83163327,1.0,1
ENSG00000111271,1.734096,1.0962145,GM12878,0.8754295,0.9701493,1
ENSG00000111275,0.94057417,1.2237555,GM12878,0.91478086,1.0,1
ENSG00000111275,0.8644199,1.2237555,GM12878,0.94071406,1.0,1
ENSG00000111275,0.9204988,1.2237555,GM12878,0.9422968,0.047309835,1
ENSG00000111276,1.5066988,1.0244857,GM12878,0.8865843,1.0,1
ENSG00000111300,1.8500493,1.5972563,GM12878,0.7365747,1.0,1
ENSG00000111300,2.1158528,1.5972563,GM12878,0.80998325,1.0,1
ENSG00000111300,2.0730836,1.5972563,GM12878,0.7661941,0.14213625,1
ENSG00000111300,2.0136595,1.5972563,GM12878,0.81380963,0.8578637,1
ENSG00000111300,1.8251265,1.5972563,GM12878,0.67990094,0.021026073,1
ENSG00000111319,-0.1915293,-0.61978877,GM12878,0.9702908,1.0,1
ENSG00000111319,-0.18292941,-0.61978877,GM12878,0.9771584,1.0,1
ENSG00000111319,-0.19422081,-0.61978877,GM12878,0.977239,1.0,1
ENSG00000111325,2.1599538,1.4266739,GM12878,0.8428739,1.0,1
ENSG00000111325,2.1733725,1.4266739,GM12878,0.74401873,1.0,1
ENSG00000111325,2.260879,1.4266739,GM12878,0.8321684,1.0,1
ENSG00000111325,2.1451395,1.4266739,GM12878,0.7404602,1.0,1
ENSG00000111325,2.1974425,1.4266739,GM12878,0.7462827,0.38821137,1
ENSG00000111325,2.1449828,1.4266739,GM12878,0.7492545,0.060568605,1
ENSG00000111325,2.1921582,1.4266739,GM12878,0.841024,0.3888889,1
ENSG00000111328,1.4142624,1.905364,GM12878,0.861204,1.0,1
ENSG00000111328,1.4142624,1.905364,GM12878,0.861204,1.0,1
ENSG00000111331,-0.11526837,-0.14874165,GM12878,0.9665141,1.0,1
ENSG00000111331,-0.13038972,-0.14874165,GM12878,0.9769718,1.0,1
ENSG00000111331,-0.10396477,-0.14874165,GM12878,0.9806831,1.0,1
ENSG00000111348,0.9817314,1.0891984,GM12878,0.8730176,1.0,1
ENSG00000111358,1.6535732,1.8342935,GM12878,0.6810691,1.0,1
ENSG00000111358,1.6261677,1.8342935,GM12878,0.8020388,0.5840046,1
ENSG00000111358,1.686152,1.8342935,GM12878,0.67606586,0.94355965,1
ENSG00000111361,1.6186562,1.6484576,GM12878,0.84190613,1.0,1
ENSG00000111361,1.6139392,1.6484576,GM12878,0.78542036,1.0,1
ENSG00000111361,1.6190013,1.6484576,GM12878,0.8634101,1.0,1
ENSG00000111364,2.0188131,1.6652995,GM12878,0.86753184,1.0,1
ENSG00000111371,0.90846807,1.5344069,GM12878,0.90246034,1.0,1
ENSG00000111371,0.9456234,1.5344069,GM12878,0.91342545,1.0,1
ENSG00000111371,0.89840055,1.5344069,GM12878,0.91338736,0.99778074,1
ENSG00000111371,0.8817696,1.5344069,GM12878,0.90911496,0.041364606,1
ENSG00000111412,1.3354869,0.7986506,GM12878,0.8885311,1.0,1
ENSG00000111412,1.2075236,0.7986506,GM12878,0.9000349,0.7328767,1
ENSG00000111424,0.005284583,0.17318627,GM12878,0.981545,1.0,1
ENSG00000111424,0.082083486,0.17318627,GM12878,0.9711463,1.0,1
ENSG00000111424,0.027391052,0.17318627,GM12878,0.9600884,0.5089286,1
ENSG00000111445,1.3720367,1.8686445,GM12878,0.79942864,1.0,1
ENSG00000111445,1.2069496,1.8686445,GM12878,0.87648124,0.29612947,1
ENSG00000111450,1.2536381,1.6092741,GM12878,0.8554642,1.0,1
ENSG00000111452,-0.3662199,0.7715875,GM12878,0.9597068,1.0,1
ENSG00000111481,1.3299438,2.5834029,GM12878,0.900711,1.0,1
ENSG00000111481,1.2547191,2.5834029,GM12878,0.79157794,1.0,1
ENSG00000111481,1.3893003,2.5834029,GM12878,0.91227555,1.0,1
ENSG00000111481,1.36604,2.5834029,GM12878,0.85309523,1.0,1
ENSG00000111481,1.2533941,2.5834029,GM12878,0.8470786,0.96806204,1
ENSG00000111481,1.3263822,2.5834029,GM12878,0.8941707,0.9833247,1
ENSG00000111490,-0.9197292,-0.61978877,GM12878,0.9149802,1.0,1
ENSG00000111530,1.9100825,2.0729113,GM12878,0.79636693,1.0,1
ENSG00000111530,1.984921,2.0729113,GM12878,0.79809666,1.0,1
ENSG00000111537,-0.701166,-0.9586073,GM12878,0.98289746,1.0,1
ENSG00000111537,-0.6087904,-0.9586073,GM12878,0.96608424,1.0,1
ENSG00000111540,1.3006938,1.7817553,GM12878,0.8271481,1.0,1
ENSG00000111540,1.2038386,1.7817553,GM12878,0.89008284,0.994782,1
ENSG00000111554,1.1823896,1.0394142,GM12878,0.9018732,1.0,1
ENSG00000111554,0.91086066,1.0394142,GM12878,0.8738453,1.0,1
ENSG00000111554,1.1968138,1.0394142,GM12878,0.7924556,0.96039605,1
ENSG00000111554,1.3172969,1.0394142,GM12878,0.4699358,0.19381443,1
ENSG00000111554,1.126873,1.0394142,GM12878,0.8325876,0.80618554,1
ENSG00000111554,0.91086066,1.0394142,GM12878,0.8738453,1.0,1
ENSG00000111581,1.2674427,2.2729318,GM12878,0.8961089,1.0,1
ENSG00000111581,1.0256003,2.2729318,GM12878,0.90063816,0.99365366,1
ENSG00000111596,1.5753173,1.8489892,GM12878,0.8202523,1.0,1
ENSG00000111596,1.6119608,1.8489892,GM12878,0.8401167,1.0,1
ENSG00000111596,1.4449171,1.8489892,GM12878,0.33771944,0.0,1
ENSG00000111602,1.743021,1.09691,GM12878,0.86935645,1.0,1
ENSG00000111605,1.5439293,1.7075702,GM12878,0.347104,1.0,1
ENSG00000111605,1.3864572,1.7075702,GM12878,0.85742015,1.0,1
ENSG00000111605,1.373044,1.7075702,GM12878,0.76043046,1.0,1
ENSG00000111605,1.4353865,1.7075702,GM12878,0.76898456,1.0,1
ENSG00000111605,1.601747,1.7075702,GM12878,0.840991,0.43953934,1
ENSG00000111615,1.5248866,1.6179434,GM12878,0.8909476,1.0,1
ENSG00000111615,1.1504357,1.6179434,GM12878,0.880172,0.20603836,1
ENSG00000111640,1.4838587,3.780303,GM12878,0.7607188,1.0,1
ENSG00000111640,1.5716264,3.780303,GM12878,0.8849391,1.0,1
ENSG00000111641,1.2540522,1.81697,GM12878,0.8971044,1.0,1
ENSG00000111641,1.2407697,1.81697,GM12878,0.29342595,0.031418525,1
ENSG00000111641,1.4426475,1.81697,GM12878,0.37349713,0.015474794,1
ENSG00000111644,0.061745368,1.218798,GM12878,0.9655976,1.0,1
ENSG00000111647,1.0293393,1.1495271,GM12878,0.914887,1.0,1
ENSG00000111652,1.9171915,1.4995496,GM12878,0.7897468,1.0,1
ENSG00000111653,1.8191273,1.3868555,GM12878,0.89176416,1.0,1
ENSG00000111653,1.602383,1.3868555,GM12878,0.89760494,1.0,1
ENSG00000111653,1.6203014,1.3868555,GM12878,0.90464115,0.76649743,1
ENSG00000111653,1.634002,1.3868555,GM12878,0.8573115,0.9263804,1
ENSG00000111664,0.1733049,0.54406804,GM12878,0.9661195,1.0,1
ENSG00000111665,1.4785357,1.690639,GM12878,0.8919179,1.0,1
ENSG00000111665,1.696801,1.690639,GM12878,0.8942803,1.0,1
ENSG00000111665,1.7639763,1.690639,GM12878,0.9325827,0.9242958,1
ENSG00000111666,1.7727239,1.7963661,GM12878,0.83962184,1.0,1
ENSG00000111666,1.8686757,1.7963661,GM12878,0.8134501,1.0,1
ENSG00000111666,1.7644469,1.7963661,GM12878,0.6296872,0.028457599,1
ENSG00000111667,1.728247,1.602711,GM12878,0.91051316,1.0,1
ENSG00000111667,1.5724833,1.602711,GM12878,0.9102392,1.0,1
ENSG00000111667,1.6795927,1.602711,GM12878,0.8418314,1.0,1
ENSG00000111667,1.6797546,1.602711,GM12878,0.90705204,1.0,1
ENSG00000111667,1.6929209,1.602711,GM12878,0.82090884,1.0,1
ENSG00000111669,1.3426645,3.187828,GM12878,0.891898,1.0,1
ENSG00000111670,1.1495013,1.1934029,GM12878,0.88754714,1.0,1
ENSG00000111670,1.1187197,1.1934029,GM12878,0.7892547,1.0,1
ENSG00000111674,0.81033874,1.652343,GM12878,0.9486463,1.0,1
ENSG00000111674,0.82664675,1.652343,GM12878,0.9478245,1.0,1
ENSG00000111674,0.8379231,1.652343,GM12878,0.92947525,1.0,1
ENSG00000111674,0.8236395,1.652343,GM12878,0.93152636,1.0,1
ENSG00000111674,0.7172456,1.652343,GM12878,0.9540678,1.0,1
ENSG00000111674,0.8523112,1.652343,GM12878,0.94635737,1.0,1
ENSG00000111674,0.8724306,1.652343,GM12878,0.9131873,1.0,1
ENSG00000111676,1.5048437,0.651278,GM12878,0.92043924,1.0,1
ENSG00000111678,1.7134169,2.3016593,GM12878,0.9053909,1.0,1
ENSG00000111678,1.64898,2.3016593,GM12878,0.88326055,1.0,1
ENSG00000111678,1.7939548,2.3016593,GM12878,0.87979454,1.0,1
ENSG00000111678,1.7726287,2.3016593,GM12878,0.907664,1.0,1
ENSG00000111679,-0.2794625,0.67394197,GM12878,0.98620623,1.0,1
ENSG00000111679,-0.21773659,0.67394197,GM12878,0.99177104,1.0,1
ENSG00000111684,1.3122779,1.5936183,GM12878,0.91123384,1.0,1
ENSG00000111684,1.4573087,1.5936183,GM12878,0.7747704,0.97394544,1
ENSG00000111696,1.5915343,0.83569056,GM12878,0.78677666,1.0,1
ENSG00000111696,1.5755641,0.83569056,GM12878,0.8236727,1.0,1
ENSG00000111707,1.0894904,1.3453737,GM12878,0.86696416,1.0,1
ENSG00000111711,1.2125247,1.3100557,GM12878,0.8492342,1.0,1
ENSG00000111711,1.1179285,1.3100557,GM12878,0.8473134,1.0,1
ENSG00000111711,1.1179285,1.3100557,GM12878,0.8473134,0.31460676,1
ENSG00000111711,1.140081,1.3100557,GM12878,0.8486856,0.0,1
ENSG00000111711,1.1700428,1.3100557,GM12878,0.9012262,0.046457607,1
ENSG00000111711,1.140081,1.3100557,GM12878,0.8486856,0.96702003,1
ENSG00000111716,1.2774463,2.9872193,GM12878,0.84235513,1.0,1
ENSG00000111725,2.0034072,1.9398686,GM12878,0.867567,1.0,1
ENSG00000111725,1.8764267,1.9398686,GM12878,0.8536586,1.0,1
ENSG00000111726,1.571221,1.746167,GM12878,0.82459563,1.0,1
ENSG00000111726,1.5642147,1.746167,GM12878,0.9021984,0.6717835,1
ENSG00000111727,1.5719588,0.59217674,GM12878,0.80500394,1.0,1
ENSG00000111727,1.4658681,0.59217674,GM12878,0.70757776,0.42628205,1
ENSG00000111729,-0.5593217,-0.43179828,GM12878,0.9732487,1.0,1
ENSG00000111731,1.2158633,1.2664669,GM12878,0.84637314,1.0,1
ENSG00000111731,1.206031,1.2664669,GM12878,0.75687915,0.006451613,1
ENSG00000111731,1.2106214,1.2664669,GM12878,0.6143037,0.0070967744,1
ENSG00000111737,1.6105351,1.4988617,GM12878,0.7978161,1.0,1
ENSG00000111737,1.6147454,1.4988617,GM12878,0.85714006,0.76766855,1
ENSG00000111737,1.6069899,1.4988617,GM12878,0.848241,0.0021513088,1
ENSG00000111752,0.29592708,1.071882,GM12878,0.90257317,1.0,1
ENSG00000111752,0.48508874,1.071882,GM12878,0.64827424,0.0,1
ENSG00000111752,0.4571323,1.071882,GM12878,0.95104694,0.4009662,1
ENSG00000111775,2.1777582,2.8180676,GM12878,0.8568215,1.0,1
ENSG00000111785,1.6482186,0.7551123,GM12878,0.83405346,1.0,1
ENSG00000111785,1.9183098,0.7551123,GM12878,0.86060977,1.0,1
ENSG00000111785,1.9037539,0.7551123,GM12878,0.8589217,0.19915254,1
ENSG00000111785,1.9299552,0.7551123,GM12878,0.8599118,0.20547946,1
ENSG00000111786,2.1241853,2.1542413,GM12878,0.86981046,1.0,1
ENSG00000111790,1.5787158,1.5150787,GM12878,0.8660228,1.0,1
ENSG00000111790,1.6114467,1.5150787,GM12878,0.8204804,0.60135645,1
ENSG00000112787,0.6654391,0.39967373,GM12878,0.85067254,1.0,1
ENSG00000112787,0.53887177,0.39967373,GM12878,0.9635615,1.0,1
ENSG00000114942,1.571001,2.8967025,GM12878,0.8481434,1.0,1
ENSG00000114942,1.4575953,2.8967025,GM12878,0.87333846,1.0,1
ENSG00000114942,1.497212,2.8967025,GM12878,0.7976204,1.0,1
ENSG00000114942,1.6831148,2.8967025,GM12878,0.82887846,1.0,1
ENSG00000114956,1.7366462,2.0667357,GM12878,0.86804914,1.0,1
ENSG00000114956,1.7984133,2.0667357,GM12878,0.8688234,0.109127864,1
ENSG00000114978,1.2612281,1.7536596,GM12878,0.9299179,1.0,1
ENSG00000114982,1.625369,1.3937507,GM12878,0.83936155,1.0,1
ENSG00000114982,1.523724,1.3937507,GM12878,0.90887594,0.8035714,1
ENSG00000114982,1.7334114,1.3937507,GM12878,0.8285528,0.0123152705,1
ENSG00000114982,1.7133796,1.3937507,GM12878,0.5117044,0.1841133,1
ENSG00000114982,1.649552,1.3937507,GM12878,0.8629852,0.8158867,1
ENSG00000114988,0.87047696,1.1051694,GM12878,0.9309267,1.0,1
ENSG00000114988,0.89638674,1.1051694,GM12878,0.91778296,1.0,1
ENSG00000114988,0.7883475,1.1051694,GM12878,0.9248092,1.0,1
ENSG00000114988,0.7771195,1.1051694,GM12878,0.9251155,1.0,1
ENSG00000114988,0.83043957,1.1051694,GM12878,0.49999875,0.0,1
ENSG00000114988,0.81463146,1.1051694,GM12878,0.93659043,0.9781161,1
ENSG00000114988,0.71646935,1.1051694,GM12878,0.914978,0.9781161,1
ENSG00000114993,-0.22156389,0.41329977,GM12878,0.9810135,1.0,1
ENSG00000114999,1.3959731,1.3848908,GM12878,0.8388507,1.0,1
ENSG00000115008,0.25690284,-0.79588,GM12878,0.96322423,1.0,1
ENSG00000115008,0.2042576,-0.79588,GM12878,0.9754376,1.0,1
ENSG00000115008,0.17601395,-0.79588,GM12878,0.9677356,1.0,1
ENSG00000115008,0.3526846,-0.79588,GM12878,0.89154476,1.0,1
ENSG00000115008,0.30426463,-0.79588,GM12878,0.91884637,1.0,1
ENSG00000115020,1.1493545,1.2375437,GM12878,0.8772375,1.0,1
ENSG00000115020,1.2810518,1.2375437,GM12878,0.85177803,1.0,1
ENSG00000115020,1.3142242,1.2375437,GM12878,0.67820495,0.0,1
ENSG00000115020,1.2764486,1.2375437,GM12878,0.8162951,0.14436619,1
ENSG00000115020,1.214464,1.2375437,GM12878,0.8396706,0.9707769,1
ENSG00000115020,1.1598594,1.2375437,GM12878,0.90004677,0.92523366,1
ENSG00000115042,1.4695538,1.5700758,GM12878,0.88109696,1.0,1
ENSG00000115053,1.9452664,2.1045213,GM12878,0.8704682,1.0,1
ENSG00000115053,2.0535052,2.1045213,GM12878,0.82430977,1.0,1
ENSG00000115073,1.5402861,1.542701,GM12878,0.7923651,1.0,1
ENSG00000115084,1.5627204,1.5456781,GM12878,0.8497104,1.0,1
ENSG00000115085,-0.6320686,-0.4089354,GM12878,0.9883088,1.0,1
ENSG00000115091,1.8777934,2.369976,GM12878,0.83636266,1.0,1
ENSG00000115091,1.931541,2.369976,GM12878,0.84015924,1.0,1
ENSG00000115107,1.1597499,0.88479537,GM12878,0.84253067,1.0,1
ENSG00000115107,1.1390474,0.88479537,GM12878,0.8304426,0.91101694,1
ENSG00000115107,1.4216468,0.88479537,GM12878,0.6822145,0.961183,1
ENSG00000115107,1.2386397,0.88479537,GM12878,0.8106283,0.018518519,1
ENSG00000115109,1.0055306,0.991669,GM12878,0.7948966,1.0,1
ENSG00000115109,0.9467025,0.991669,GM12878,0.797145,1.0,1
ENSG00000115109,1.0714799,0.991669,GM12878,0.7319157,0.8786982,1
ENSG00000115112,-0.5232666,-0.45593196,GM12878,0.99168503,1.0,1
ENSG00000115128,1.2122861,2.504566,GM12878,0.9096451,1.0,1
ENSG00000115128,1.1957511,2.504566,GM12878,0.89707273,1.0,1
ENSG00000115129,1.1897129,0.54777473,GM12878,0.8952027,1.0,1
ENSG00000115129,1.0687269,0.54777473,GM12878,0.8627772,1.0,1
ENSG00000115129,1.2925155,0.54777473,GM12878,0.8369859,0.64705884,1
ENSG00000115137,1.4038085,0.5211381,GM12878,0.8068099,1.0,1
ENSG00000115137,1.4038085,0.5211381,GM12878,0.8068099,0.75982535,1
ENSG00000115137,1.3887918,0.5211381,GM12878,0.8588738,0.14285715,1
ENSG00000115137,1.345261,0.5211381,GM12878,0.7436073,0.1124031,1
ENSG00000115145,1.0932078,0.9813655,GM12878,0.87495595,1.0,1
ENSG00000115155,-0.7787087,-0.82390875,GM12878,0.992823,1.0,1
ENSG00000115155,-0.7388207,-0.82390875,GM12878,0.9893579,1.0,1
ENSG00000115159,0.49085352,1.0476642,GM12878,0.95994115,1.0,1
ENSG00000115159,0.6123056,1.0476642,GM12878,0.955187,1.0,1
ENSG00000115163,1.8288345,1.6607707,GM12878,0.86587995,1.0,1
ENSG00000115163,1.7990657,1.6607707,GM12878,0.8038387,0.68728286,1
ENSG00000115165,-0.7011586,-0.7695511,GM12878,0.9631888,1.0,1
ENSG00000115165,-0.668258,-0.7695511,GM12878,0.98164225,1.0,1
ENSG00000115165,-0.54438096,-0.7695511,GM12878,0.8999813,1.0,1
ENSG00000115204,1.955525,2.048442,GM12878,0.7334579,1.0,1
ENSG00000115204,2.1054516,2.048442,GM12878,0.8729535,1.0,1
ENSG00000115207,2.2339134,1.9230367,GM12878,0.8577461,1.0,1
ENSG00000115207,2.2339134,1.9230367,GM12878,0.8577461,1.0,1
ENSG00000115211,1.6950438,1.6626635,GM12878,0.90738744,1.0,1
ENSG00000115216,1.5171301,1.7903556,GM12878,0.88830984,1.0,1
ENSG00000115232,-0.5092086,-0.19382003,GM12878,0.9703686,1.0,1
ENSG00000115232,-0.13976462,-0.19382003,GM12878,0.96833426,1.0,1
ENSG00000115233,1.8117063,2.1515844,GM12878,0.51100284,1.0,1
ENSG00000115233,1.9306856,2.1515844,GM12878,0.86301994,1.0,1
ENSG00000115233,1.8462927,2.1515844,GM12878,0.79936427,1.0,1
ENSG00000115233,1.7849789,2.1515844,GM12878,0.7597066,1.0,1
ENSG00000115234,2.1382353,1.6115109,GM12878,0.7608884,1.0,1
ENSG00000115234,2.1171288,1.6115109,GM12878,0.71368754,0.8955345,1
ENSG00000115234,2.1706645,1.6115109,GM12878,0.7944737,0.9722922,1
ENSG00000115234,2.1706645,1.6115109,GM12878,0.7944737,0.9886968,1
ENSG00000115234,2.232709,1.6115109,GM12878,0.8607731,0.052186176,1
ENSG00000115234,2.2394109,1.6115109,GM12878,0.85889506,0.9969282,1
ENSG00000115239,1.7278831,1.4225899,GM12878,0.86969197,1.0,1
ENSG00000115239,1.7278831,1.4225899,GM12878,0.86969197,1.0,1
ENSG00000115239,1.5905402,1.4225899,GM12878,0.8701622,0.83146065,1
ENSG00000115241,2.1252477,1.8093576,GM12878,0.86618245,1.0,1
ENSG00000115271,-0.31474435,-0.537602,GM12878,0.9400454,1.0,1
ENSG00000115274,1.7537315,0.77451694,GM12878,0.8577984,1.0,1
ENSG00000115274,1.8479944,0.77451694,GM12878,0.88751245,1.0,1
ENSG00000115274,1.7853377,0.77451694,GM12878,0.90683377,1.0,1
ENSG00000115274,1.7769561,0.77451694,GM12878,0.9126182,1.0,1
ENSG00000115275,1.8433155,1.5039268,GM12878,0.8484261,1.0,1
ENSG00000115275,1.9445958,1.5039268,GM12878,0.88858336,1.0,1
ENSG00000115282,1.5132256,1.1705551,GM12878,0.8991718,1.0,1
ENSG00000115282,1.4308548,1.1705551,GM12878,0.9119421,1.0,1
ENSG00000115282,1.5762064,1.1705551,GM12878,0.9163414,0.6763285,1
ENSG00000115289,2.0767105,1.3639878,GM12878,0.8391376,1.0,1
ENSG00000115289,2.057781,1.3639878,GM12878,0.91973335,1.0,1
ENSG00000115289,1.9919788,1.3639878,GM12878,0.8236939,1.0,1
ENSG00000115306,-0.07653185,0.94841295,GM12878,0.9743329,1.0,1
ENSG00000115306,-0.0645274,0.94841295,GM12878,0.9650889,1.0,1
ENSG00000115306,-0.014129544,0.94841295,GM12878,0.9512019,1.0,1
ENSG00000115307,2.2827895,2.0883842,GM12878,0.88135904,1.0,1
ENSG00000115310,1.4325565,2.053578,GM12878,0.65446025,1.0,1
ENSG00000115310,1.207942,2.053578,GM12878,0.8738705,0.42436975,1
ENSG00000115310,1.4746544,2.053578,GM12878,0.66787034,0.1355094,1
ENSG00000115317,2.1883633,1.619615,GM12878,0.6459731,1.0,1
ENSG00000115317,2.132873,1.619615,GM12878,0.8889563,0.9809886,1
ENSG00000115317,2.185151,1.619615,GM12878,0.7871295,0.7462039,1
ENSG00000115318,0.23107217,-0.036212172,GM12878,0.9749478,1.0,1
ENSG00000115325,1.8289336,0.96707976,GM12878,0.90740836,1.0,1
ENSG00000115325,1.8659396,0.96707976,GM12878,0.89722157,1.0,1
ENSG00000115325,1.8628614,0.96707976,GM12878,0.8782953,1.0,1
ENSG00000115325,1.8134761,0.96707976,GM12878,0.83687985,0.54910713,1
ENSG00000115339,-0.49781147,-0.85387194,GM12878,0.97371113,1.0,1
ENSG00000115350,1.1656811,1.6434526,GM12878,0.8348042,1.0,1
ENSG00000115350,1.1589468,1.6434526,GM12878,0.86251396,1.0,1
ENSG00000115355,1.3962145,1.7261565,GM12878,0.8792123,1.0,1
ENSG00000115355,1.3852803,1.7261565,GM12878,0.8997972,1.0,1
ENSG00000115355,1.4760535,1.7261565,GM12878,0.8615012,0.6755749,1
ENSG00000115355,1.2875808,1.7261565,GM12878,0.88996774,0.5144186,1
ENSG00000115355,1.447833,1.7261565,GM12878,0.8749386,0.49126035,1
ENSG00000115355,1.3999641,1.7261565,GM12878,0.8845179,0.96688133,1
ENSG00000115365,0.49176773,1.6116171,GM12878,0.88025767,1.0,1
ENSG00000115365,0.46157476,1.6116171,GM12878,0.91578,1.0,1
ENSG00000115368,1.5303445,1.839855,GM12878,0.80221665,1.0,1
ENSG00000115368,1.693791,1.839855,GM12878,0.72254694,0.0028753993,1
ENSG00000115392,1.352031,1.806587,GM12878,0.656564,1.0,1
ENSG00000115392,1.422925,1.806587,GM12878,0.84109145,0.95378417,1
ENSG00000115414,-0.019919941,0.8785218,GM12878,0.905327,1.0,1
ENSG00000115415,1.9832809,1.2909245,GM12878,0.743261,1.0,1
ENSG00000115415,1.8995066,1.2909245,GM12878,0.8318533,1.0,1
ENSG00000115415,1.9250234,1.2909245,GM12878,0.8477258,0.0039551747,1
ENSG00000115419,1.5116928,1.6270585,GM12878,0.7455955,1.0,1
ENSG00000115421,1.0585799,1.0674429,GM12878,0.7895013,1.0,1
ENSG00000115421,1.1155759,1.0674429,GM12878,0.83921903,0.9436039,1
ENSG00000115421,1.066118,1.0674429,GM12878,0.80544645,0.9257221,1
ENSG00000115421,1.0236027,1.0674429,GM12878,0.8626365,0.98569727,1
ENSG00000115421,1.2006012,1.0674429,GM12878,0.9018771,0.86172837,1
ENSG00000115421,1.1662571,1.0674429,GM12878,0.76118577,0.014302742,1
ENSG00000115425,0.39939636,0.8102325,GM12878,0.9537011,1.0,1
ENSG00000115425,0.4626722,0.8102325,GM12878,0.9390978,1.0,1
ENSG00000115425,0.3993579,0.8102325,GM12878,0.94800556,0.9926063,1
ENSG00000115446,1.2511503,1.5594279,GM12878,0.8446285,1.0,1
ENSG00000115446,1.5226827,1.5594279,GM12878,0.87222934,1.0,1
ENSG00000115459,1.5258371,1.1215599,GM12878,0.86915106,1.0,1
ENSG00000115459,1.6362761,1.1215599,GM12878,0.90268534,0.8787879,1
ENSG00000115459,1.6413352,1.1215599,GM12878,0.8995745,0.97029704,1
ENSG00000115459,1.5979445,1.1215599,GM12878,0.4578432,0.5811966,1
ENSG00000115459,1.603692,1.1215599,GM12878,0.9169855,0.7777778,1
ENSG00000115459,1.6003155,1.1215599,GM12878,0.87820876,0.37738854,1
ENSG00000115464,2.3751514,1.7687861,GM12878,0.8225457,1.0,1
ENSG00000115464,2.339389,1.7687861,GM12878,0.84209037,1.0,1
ENSG00000115464,2.285258,1.7687861,GM12878,0.80838495,1.0,1
ENSG00000115484,2.0404968,2.3533392,GM12878,0.8222348,1.0,1
ENSG00000115484,1.9662832,2.3533392,GM12878,0.82091504,0.99017084,1
ENSG00000115486,1.9527373,1.2166936,GM12878,0.830988,1.0,1
ENSG00000115486,2.037269,1.2166936,GM12878,0.87703115,1.0,1
ENSG00000115486,1.9762915,1.2166936,GM12878,0.82044584,1.0,1
ENSG00000115486,2.061365,1.2166936,GM12878,0.81069684,1.0,1
ENSG00000115486,2.033992,1.2166936,GM12878,0.8485525,0.6747503,1
ENSG00000115504,0.85891706,1.1832699,GM12878,0.86713946,0.26150393,1
ENSG00000115504,0.82443553,1.1832699,GM12878,0.87645656,0.33238232,1
ENSG00000115507,0.6802364,-0.49485,GM12878,0.8880993,1.0,1
ENSG00000115514,1.5405352,1.6383893,GM12878,0.8548064,1.0,1
ENSG00000115520,1.2779645,0.30103,GM12878,0.8604376,1.0,1
ENSG00000115524,2.1721737,2.4675488,GM12878,0.8578935,1.0,1
ENSG00000115524,1.8640815,2.4675488,GM12878,0.8621064,1.0,1
ENSG00000115524,2.1861703,2.4675488,GM12878,0.73592645,0.30440328,1
ENSG00000115525,1.2781096,0.85430604,GM12878,0.8965452,1.0,1
ENSG00000115526,1.648247,1.2648178,GM12878,0.8172595,1.0,1
ENSG00000115526,1.6672461,1.2648178,GM12878,0.8199728,1.0,1
ENSG00000115526,1.6721277,1.2648178,GM12878,0.77394223,1.0,1
ENSG00000115539,1.3901751,1.2482185,GM12878,0.82252663,1.0,1
ENSG00000115539,1.3592254,1.2482185,GM12878,0.8441466,1.0,1
ENSG00000115539,1.3750743,1.2482185,GM12878,0.8666535,1.0,1
ENSG00000115540,1.6939362,1.209515,GM12878,0.75761336,1.0,1
ENSG00000115540,1.6939362,1.209515,GM12878,0.75761336,0.49778622,1
ENSG00000115540,1.8450017,1.209515,GM12878,0.81573176,0.9728059,1
ENSG00000115541,2.3894684,2.3945918,GM12878,0.806877,1.0,1
ENSG00000115541,2.3894684,2.3945918,GM12878,0.806877,1.0,1
ENSG00000115541,2.2496076,2.3945918,GM12878,0.80587375,0.9993367,1
ENSG00000115548,2.0465603,1.7692295,GM12878,0.8343063,1.0,1
ENSG00000115561,1.5013903,1.4101021,GM12878,0.89532614,1.0,1
ENSG00000115561,1.6660609,1.4101021,GM12878,0.7474255,0.9814607,1
ENSG00000115568,1.3830492,0.4329693,GM12878,0.88449526,1.0,1
ENSG00000115568,1.4228821,0.4329693,GM12878,0.8642529,0.1875,1
ENSG00000115590,-0.80902463,-0.92081875,GM12878,0.99028355,1.0,1
ENSG00000115590,-0.7853412,-0.92081875,GM12878,0.9900461,1.0,1
ENSG00000115594,0.18923709,0.30963016,GM12878,0.9367064,1.0,1
ENSG00000115594,0.31589815,0.30963016,GM12878,0.9100635,1.0,1
ENSG00000115607,-0.07764361,-0.13667715,GM12878,0.9617499,1.0,1
ENSG00000115616,0.37603903,0.18752073,GM12878,0.9080598,1.0,1
ENSG00000115641,1.147651,1.0965624,GM12878,0.8848237,0.002469136,1
ENSG00000115641,1.2416654,1.0965624,GM12878,0.668815,0.2709581,1
ENSG00000115649,1.4687693,1.3816565,GM12878,0.713814,1.0,1
ENSG00000115649,1.5892854,1.3816565,GM12878,0.8719814,1.0,1
ENSG00000115649,1.4249678,1.3816565,GM12878,0.8737173,1.0,1
ENSG00000115649,1.4753112,1.3816565,GM12878,0.8227276,1.0,1
ENSG00000115652,1.2177145,1.2942457,GM12878,0.78278476,1.0,1
ENSG00000115657,1.0774683,1.422918,GM12878,0.9458023,1.0,1
ENSG00000115657,1.092319,1.422918,GM12878,0.9497686,1.0,1
ENSG00000115661,1.9130685,1.4787108,GM12878,0.8616741,1.0,1
ENSG00000115661,1.9302267,1.4787108,GM12878,0.89506984,0.9543058,1
ENSG00000115677,0.8658934,2.0262473,GM12878,0.92511123,1.0,1
ENSG00000115677,0.8728377,2.0262473,GM12878,0.90824056,1.0,1
ENSG00000115677,0.9624148,2.0262473,GM12878,0.87132263,0.0,1
ENSG00000115685,1.3004451,1.6084191,GM12878,0.79270756,1.0,1
ENSG00000115685,1.3004451,1.6084191,GM12878,0.79270756,1.0,1
ENSG00000115685,1.2271793,1.6084191,GM12878,0.8580914,0.11139241,1
ENSG00000115685,1.2271793,1.6084191,GM12878,0.8580914,0.97536945,1
ENSG00000115687,0.92711306,0.9537597,GM12878,0.92839503,1.0,1
ENSG00000115694,1.7353157,2.1803267,GM12878,0.8667437,1.0,1
ENSG00000115694,1.7637868,2.1803267,GM12878,0.90698594,1.0,1
ENSG00000115694,1.6432447,2.1803267,GM12878,0.85988444,0.9843057,1
ENSG00000115694,1.6999385,2.1803267,GM12878,0.87627405,0.771578,1
ENSG00000115694,1.6572583,2.1803267,GM12878,0.78471893,0.24150944,1
ENSG00000115738,1.3172573,1.2607867,GM12878,0.8103942,1.0,1
ENSG00000115750,1.2699486,1.0588055,GM12878,0.80592066,1.0,1
ENSG00000115750,1.2631794,1.0588055,GM12878,0.9232754,0.9504405,1
ENSG00000115756,1.0876507,1.456973,GM12878,0.8171713,1.0,1
ENSG00000115756,0.863554,1.456973,GM12878,0.90424496,1.0,1
ENSG00000115756,1.0759811,1.456973,GM12878,0.9286643,1.0,1
ENSG00000115756,0.9923058,1.456973,GM12878,0.88672674,1.0,1
ENSG00000115756,1.0624963,1.456973,GM12878,0.86805665,0.3321033,1
ENSG00000115758,1.734399,2.5652337,GM12878,0.9094886,1.0,1
ENSG00000115758,1.657653,2.5652337,GM12878,0.88453406,1.0,1
ENSG00000115760,1.4613979,1.7463228,GM12878,0.86181873,1.0,1
ENSG00000115760,1.3939164,1.7463228,GM12878,0.8426326,0.5196051,1
ENSG00000115761,1.8416827,1.5507175,GM12878,0.76174116,1.0,1
ENSG00000115761,1.7218622,1.5507175,GM12878,0.86549157,0.8523059,1
ENSG00000115761,1.809522,1.5507175,GM12878,0.7977438,0.9392878,1
ENSG00000115762,1.7307079,1.6927588,GM12878,0.82387507,1.0,1
ENSG00000115762,1.7059544,1.6927588,GM12878,0.8421158,1.0,1
ENSG00000115762,1.7011033,1.6927588,GM12878,0.8452178,1.0,1
ENSG00000115762,1.7011033,1.6927588,GM12878,0.8452178,0.98125,1
ENSG00000115762,1.6774108,1.6927588,GM12878,0.86610204,0.99749655,1
ENSG00000115806,1.6666352,2.2171416,GM12878,0.8406928,1.0,1
ENSG00000115806,1.5763906,2.2171416,GM12878,0.7965341,0.70474124,1
ENSG00000115808,1.2560128,1.343999,GM12878,0.89971644,1.0,1
ENSG00000115816,1.49976,1.500648,GM12878,0.8947368,1.0,1
ENSG00000115825,1.1744553,1.2695129,GM12878,0.65831643,1.0,1
ENSG00000115827,1.4327573,1.3891661,GM12878,0.7863928,1.0,1
ENSG00000115827,1.4327573,1.3891661,GM12878,0.7863928,1.0,1
ENSG00000115827,1.4599197,1.3891661,GM12878,0.75677687,1.0,1
ENSG00000115827,1.4489571,1.3891661,GM12878,0.78725344,0.8977505,1
ENSG00000115827,1.45563,1.3891661,GM12878,0.788552,0.58030593,1
ENSG00000115839,1.7430243,1.2392995,GM12878,0.80834,1.0,1
ENSG00000115839,1.7810652,1.2392995,GM12878,0.8182429,1.0,1
ENSG00000115839,1.8901335,1.2392995,GM12878,0.3578413,0.0,1
ENSG00000115840,1.990828,1.3991543,GM12878,0.8595314,1.0,1
ENSG00000115840,1.9080305,1.3991543,GM12878,0.82906103,0.05656304,1
ENSG00000115840,2.1116269,1.3991543,GM12878,0.7928485,0.9981727,1
ENSG00000115841,1.0338031,0.17897695,GM12878,0.84215796,1.0,1
ENSG00000115841,1.0435811,0.17897695,GM12878,0.8291563,0.3119266,1
ENSG00000115850,-0.47678277,-0.92081875,GM12878,0.9570301,1.0,1
ENSG00000115866,1.7033288,2.2408736,GM12878,0.84152836,1.0,1
ENSG00000115866,1.6911081,2.2408736,GM12878,0.8421532,0.9185604,1
ENSG00000115875,1.8987031,2.6917796,GM12878,0.9061759,1.0,1
ENSG00000115875,1.9470435,2.6917796,GM12878,0.695813,0.54516155,1
ENSG00000115875,1.9220612,2.6917796,GM12878,0.79351306,0.19339581,1
ENSG00000115884,-0.21394244,0.09342168,GM12878,0.9873487,1.0,1
ENSG00000115896,1.0780578,1.0606978,GM12878,0.83159584,1.0,1
ENSG00000115896,1.2249732,1.0606978,GM12878,0.86727595,1.0,1
ENSG00000115902,1.1969897,0.9068735,GM12878,0.85881555,1.0,1
ENSG00000115902,1.1200919,0.9068735,GM12878,0.8540625,0.9907039,1
ENSG00000115904,1.1578208,1.3314273,GM12878,0.8597745,1.0,1
ENSG00000115919,-0.12554766,0.96567196,GM12878,0.95385474,1.0,1
ENSG00000115919,-0.2169838,0.96567196,GM12878,0.9648928,0.77539504,1
ENSG00000115935,-0.87456334,0.24303804,GM12878,0.9814114,1.0,1
ENSG00000115935,-0.90711904,0.24303804,GM12878,0.98779863,1.0,1
ENSG00000115935,-0.8513257,0.24303804,GM12878,0.98525226,1.0,1
ENSG00000115935,-0.8309658,0.24303804,GM12878,0.95497084,1.0,1
ENSG00000115942,1.6712226,1.1283993,GM12878,0.8007171,1.0,1
ENSG00000115944,2.1091135,2.1067007,GM12878,0.80351937,1.0,1
ENSG00000115944,2.1091135,2.1067007,GM12878,0.80351937,1.0,1
ENSG00000115944,1.7483456,2.1067007,GM12878,0.7670159,1.0,1
ENSG00000115946,1.5419838,1.2794387,GM12878,0.815665,1.0,1
ENSG00000115946,1.5900197,1.2794387,GM12878,0.8111752,1.0,1
ENSG00000115947,0.87701035,1.7611005,GM12878,0.8801711,1.0,1
ENSG00000115947,0.9289912,1.7611005,GM12878,0.831093,1.0,1
ENSG00000115956,-0.54841954,-0.79588,GM12878,0.9817939,1.0,1
ENSG00000115956,-0.5324332,-0.79588,GM12878,0.97679454,1.0,1
ENSG00000115956,-0.5290975,-0.79588,GM12878,0.92444307,1.0,1
ENSG00000115966,1.9257414,1.9419584,GM12878,0.8384508,0.006829017,1
ENSG00000115966,1.8218486,1.9419584,GM12878,0.7558529,0.32899937,1
ENSG00000115966,1.8095741,1.9419584,GM12878,0.8461958,0.99808794,1
ENSG00000115966,1.8642405,1.9419584,GM12878,0.8121367,0.68267035,1
ENSG00000115966,1.794879,1.9419584,GM12878,0.28301248,0.30421573,1
ENSG00000115970,1.8973147,1.1908917,GM12878,0.4947929,1.0,1
ENSG00000115970,1.8072296,1.1908917,GM12878,0.3983268,0.013513514,1
ENSG00000115977,1.5837827,0.5237465,GM12878,0.85489285,1.0,1
ENSG00000115993,1.2656946,0.8299467,GM12878,0.8769068,1.0,1
ENSG00000115993,1.270617,0.8299467,GM12878,0.8673755,1.0,1
ENSG00000115998,1.4831547,0.7143298,GM12878,0.8803322,1.0,1
ENSG00000116001,1.7540398,1.9482663,GM12878,0.8215231,1.0,1
ENSG00000116001,1.6328007,1.9482663,GM12878,0.8361188,1.0,1
ENSG00000116001,1.8128563,1.9482663,GM12878,0.71439505,0.76545167,1
ENSG00000116005,1.3525918,1.0409977,GM12878,0.89146036,1.0,1
ENSG00000116016,0.67811644,0.86093664,GM12878,0.81172216,1.0,1
ENSG00000116016,0.61905706,0.86093664,GM12878,0.9486023,1.0,1
ENSG00000116016,0.73743683,0.86093664,GM12878,0.95030487,1.0,1
ENSG00000116030,1.3041972,1.7703364,GM12878,0.8649882,1.0,1
ENSG00000116030,1.2915072,1.7703364,GM12878,0.79638726,0.9948718,1
ENSG00000116030,1.3144903,1.7703364,GM12878,0.80466706,0.69074935,1
ENSG00000116062,1.7263694,1.7057782,GM12878,0.76852447,1.0,1
ENSG00000116062,1.5268922,1.7057782,GM12878,0.87944645,0.110888444,1
ENSG00000116095,1.1837385,1.172311,GM12878,0.9095531,1.0,1
ENSG00000116095,1.2082527,1.172311,GM12878,0.89381164,1.0,1
ENSG00000116096,0.57302195,1.2579185,GM12878,0.88417333,1.0,1
ENSG00000116120,1.0554916,1.774444,GM12878,0.85803103,1.0,1
ENSG00000116127,1.1227236,0.9334873,GM12878,0.84063184,1.0,1
ENSG00000116127,1.2018956,0.9334873,GM12878,0.76407796,0.17351598,1
ENSG00000116127,0.97107834,0.9334873,GM12878,0.8955467,0.9183938,1
ENSG00000118242,0.46877477,0.20139712,GM12878,0.9146819,1.0,1
ENSG00000118246,1.20644,1.5659658,GM12878,0.8443155,1.0,1
ENSG00000118246,1.4979819,1.5659658,GM12878,0.83828056,1.0,1
ENSG00000118246,1.6807667,1.5659658,GM12878,0.8406178,1.0,1
ENSG00000118246,1.516013,1.5659658,GM12878,0.8654517,1.0,1
ENSG00000118246,1.446012,1.5659658,GM12878,0.87753665,1.0,1
ENSG00000118246,1.6067094,1.5659658,GM12878,0.77594775,1.0,1
ENSG00000118260,1.5959787,1.5997739,GM12878,0.8721967,1.0,1
ENSG00000118260,1.4979085,1.5997739,GM12878,0.8613815,1.0,1
ENSG00000118260,1.5171528,1.5997739,GM12878,0.8659972,1.0,1
ENSG00000118260,1.5454009,1.5997739,GM12878,0.7882947,1.0,1
ENSG00000118260,1.584159,1.5997739,GM12878,0.8521987,1.0,1
ENSG00000118260,1.4919035,1.5997739,GM12878,0.8982678,1.0,1
ENSG00000118260,1.5742239,1.5997739,GM12878,0.8539002,1.0,1
ENSG00000118260,1.6059954,1.5997739,GM12878,0.7049505,0.2573052,1
ENSG00000118307,1.4287963,-0.61978877,GM12878,0.8894657,1.0,1
ENSG00000118308,0.1520178,1.0572857,GM12878,0.94957495,1.0,1
ENSG00000118308,-0.08269253,1.0572857,GM12878,0.9026488,0.22782609,1
ENSG00000118308,-0.02591298,1.0572857,GM12878,0.9504792,0.75272727,1
ENSG00000118308,-0.12410729,1.0572857,GM12878,0.9713606,0.95780593,1
ENSG00000118308,0.018252095,1.0572857,GM12878,0.97225934,0.98480666,1
ENSG00000118600,1.1712515,1.1610684,GM12878,0.82932055,1.0,1
ENSG00000118600,1.1284239,1.1610684,GM12878,0.8696928,0.007231405,1
ENSG00000118640,1.0810754,2.3129175,GM12878,0.9300265,1.0,1
ENSG00000118960,0.70560116,0.587711,GM12878,0.90505195,1.0,1
ENSG00000118960,0.72649735,0.587711,GM12878,0.9384955,1.0,1
ENSG00000118961,1.4101473,1.6205524,GM12878,0.80303264,1.0,1
ENSG00000118961,1.7258152,1.6205524,GM12878,0.86358845,1.0,1
ENSG00000118961,1.5934596,1.6205524,GM12878,0.8403228,0.85960317,1
ENSG00000118961,1.6558075,1.6205524,GM12878,0.8638704,1.0,1
ENSG00000118961,1.6558075,1.6205524,GM12878,0.8638704,1.0,1
ENSG00000118961,1.6621636,1.6205524,GM12878,0.86021584,0.86384094,1
ENSG00000118965,0.58429986,0.8182259,GM12878,0.94746286,1.0,1
ENSG00000118965,0.513071,0.8182259,GM12878,0.95244676,1.0,1
ENSG00000118965,0.53657293,0.8182259,GM12878,0.9459583,1.0,1
ENSG00000118965,0.49553302,0.8182259,GM12878,0.96062636,1.0,1
ENSG00000118965,0.46984378,0.8182259,GM12878,0.96196204,1.0,1
ENSG00000118965,0.5848709,0.8182259,GM12878,0.953595,1.0,1
ENSG00000118965,0.5492442,0.8182259,GM12878,0.9638635,0.95681065,1
ENSG00000118965,0.6056572,0.8182259,GM12878,0.83924264,0.9547826,1
ENSG00000118965,0.5867893,0.8182259,GM12878,0.7854337,0.046875,1
ENSG00000118971,0.99528295,1.4967914,GM12878,0.90643585,1.0,1
ENSG00000118997,1.1857665,-0.36653155,GM12878,0.87660176,1.0,1
ENSG00000119004,1.1019596,0.8876173,GM12878,0.857843,1.0,1
ENSG00000119004,1.1917363,0.8876173,GM12878,0.82960737,1.0,1
ENSG00000119004,1.2551304,0.8876173,GM12878,0.69918185,0.29467085,1
ENSG00000119004,1.1270865,0.8876173,GM12878,0.8717315,0.8089431,1
ENSG00000119004,1.2654992,0.8876173,GM12878,0.8237604,0.030612245,1
ENSG00000119004,1.273819,0.8876173,GM12878,0.8464079,0.73277074,1
ENSG00000119013,2.2593694,2.0301137,GM12878,0.87282187,1.0,1
ENSG00000119013,2.3834276,2.0301137,GM12878,0.85770315,0.09055492,1
ENSG00000119013,2.4006808,2.0301137,GM12878,0.43265823,0.018258283,1
ENSG00000119041,1.0080657,1.6016254,GM12878,0.8441189,1.0,1
ENSG00000119041,1.0454509,1.6016254,GM12878,0.8839559,1.0,1
ENSG00000119042,1.0434879,0.8627275,GM12878,0.8470505,1.0,1
ENSG00000119042,1.3767154,0.8627275,GM12878,0.89622295,1.0,1
ENSG00000119185,0.95889026,1.808211,GM12878,0.8654896,1.0,1
ENSG00000119185,1.136046,1.808211,GM12878,0.88082534,1.0,1
ENSG00000119185,1.0929176,1.808211,GM12878,0.90390384,0.98585904,1
ENSG00000119185,1.1562078,1.808211,GM12878,0.9007608,0.8656399,1
ENSG00000119185,1.136046,1.808211,GM12878,0.88082534,0.93703705,1
ENSG00000119185,1.136046,1.808211,GM12878,0.88082534,0.9322034,1
ENSG00000119203,1.3146949,1.6127839,GM12878,0.8940248,1.0,1
ENSG00000119242,1.2234153,0.5786392,GM12878,0.92149395,1.0,1
ENSG00000119242,1.3134937,0.5786392,GM12878,0.7553163,0.1969697,1
ENSG00000119729,0.9918607,1.2372923,GM12878,0.8431485,1.0,1
ENSG00000119729,1.0557702,1.2372923,GM12878,0.9169467,1.0,1
ENSG00000119760,1.7902821,1.7847599,GM12878,0.8851888,1.0,1
ENSG00000119760,1.5755453,1.7847599,GM12878,0.86741865,0.98817444,1
ENSG00000119760,1.5772835,1.7847599,GM12878,0.8688953,0.9878512,1
ENSG00000119771,-0.76263636,-0.92081875,GM12878,0.9888137,1.0,1
ENSG00000119772,0.35627845,0.5693739,GM12878,0.949847,1.0,1
ENSG00000119772,0.08404366,0.5693739,GM12878,0.969681,1.0,1
ENSG00000119772,0.38760948,0.5693739,GM12878,0.934992,0.01438849,1
ENSG00000119777,2.3022795,1.8829796,GM12878,0.85491014,1.0,1
ENSG00000119777,2.3339996,1.8829796,GM12878,0.8729082,0.9908821,1
ENSG00000119777,2.2971091,1.8829796,GM12878,0.7619964,0.9938883,1
ENSG00000119778,1.5828465,0.95327634,GM12878,0.83659154,1.0,1
ENSG00000119778,1.4216511,0.95327634,GM12878,0.8835576,1.0,1
ENSG00000119778,1.5207735,0.95327634,GM12878,0.8603832,1.0,1
ENSG00000119787,1.5241904,1.7223871,GM12878,0.74777824,1.0,1
ENSG00000119787,1.5627328,1.7223871,GM12878,0.8079789,1.0,1
ENSG00000119787,1.508661,1.7223871,GM12878,0.7363959,1.0,1
ENSG00000119787,1.43344,1.7223871,GM12878,0.8894501,1.0,1
ENSG00000119801,1.5805413,1.4575791,GM12878,0.78155965,1.0,1
ENSG00000119801,1.6376177,1.4575791,GM12878,0.8579389,1.0,1
ENSG00000119801,1.69388,1.4575791,GM12878,0.6687655,0.01778809,1
ENSG00000119801,1.5805413,1.4575791,GM12878,0.78155965,0.22181372,1
ENSG00000119801,1.8088111,1.4575791,GM12878,0.6711339,0.0033670033,1
ENSG00000119801,1.8088111,1.4575791,GM12878,0.6711339,0.02688172,1
ENSG00000119812,1.3639678,1.8899177,GM12878,0.84242004,1.0,1
ENSG00000119812,1.2661024,1.8899177,GM12878,0.8633643,1.0,1
ENSG00000119812,1.2422212,1.8899177,GM12878,0.86920345,1.0,1
ENSG00000119812,1.2068458,1.8899177,GM12878,0.874593,0.97541213,1
ENSG00000119820,1.552284,1.209783,GM12878,0.8899955,1.0,1
ENSG00000119820,1.5706484,1.209783,GM12878,0.84485114,1.0,1
ENSG00000119844,1.64659,1.1883659,GM12878,0.6863294,1.0,1
ENSG00000119844,1.6801051,1.1883659,GM12878,0.8085835,0.437788,1
ENSG00000119862,-0.23256506,-0.39794,GM12878,0.97395927,1.0,1
ENSG00000119878,2.1389823,0.96567196,GM12878,0.69634336,1.0,1
ENSG00000119888,1.5708019,1.6857418,GM12878,0.8810731,1.0,1
ENSG00000119888,1.4772373,1.6857418,GM12878,0.81247437,1.0,1
ENSG00000120647,0.9704998,1.1072099,GM12878,0.89621586,1.0,1
ENSG00000120647,1.1729443,1.1072099,GM12878,0.808802,0.4965035,1
ENSG00000120798,1.0039011,1.542452,GM12878,0.90766084,1.0,1
ENSG00000120798,1.0757139,1.542452,GM12878,0.86501765,0.26685795,1
ENSG00000120800,0.49115962,1.141136,GM12878,0.8766796,1.0,1
ENSG00000120800,0.47057638,1.141136,GM12878,0.88723797,1.0,1
ENSG00000120802,2.038707,2.0572476,GM12878,0.7980049,1.0,1
ENSG00000120802,2.1203556,2.0572476,GM12878,0.8441586,1.0,1
ENSG00000120805,1.6943762,1.9766709,GM12878,0.8625859,1.0,1
ENSG00000120805,1.6753215,1.9766709,GM12878,0.8349074,1.0,1
ENSG00000120805,1.6595323,1.9766709,GM12878,0.820877,1.0,1
ENSG00000120805,1.6595323,1.9766709,GM12878,0.820877,1.0,1
ENSG00000120805,1.6458867,1.9766709,GM12878,0.82792264,0.95432585,1
ENSG00000120832,1.2677913,1.3836359,GM12878,0.89913493,1.0,1
ENSG00000120833,1.562658,1.8873359,GM12878,0.7835895,1.0,1
ENSG00000120833,1.562658,1.8873359,GM12878,0.7835895,1.0,1
ENSG00000120833,1.5720505,1.8873359,GM12878,0.7746063,1.0,1
ENSG00000120837,1.1805074,1.4305588,GM12878,0.8364606,1.0,1
ENSG00000120837,1.0978966,1.4305588,GM12878,0.9132066,1.0,1
ENSG00000120837,1.0978966,1.4305588,GM12878,0.9132066,1.0,1
ENSG00000120860,0.8910608,1.5761108,GM12878,0.9055434,1.0,1
ENSG00000120860,0.92548096,1.5761108,GM12878,0.5088638,0.0700961,1
ENSG00000120868,1.2778789,1.0326188,GM12878,0.9037436,1.0,1
ENSG00000120868,1.2578627,1.0326188,GM12878,0.90101904,0.9823232,1
ENSG00000120868,1.2864902,1.0326188,GM12878,0.86306334,1.0,1
ENSG00000121152,1.1390226,1.7512791,GM12878,0.8982559,1.0,1
ENSG00000121152,1.1746321,1.7512791,GM12878,0.8510642,1.0,1
ENSG00000121152,1.2369773,1.7512791,GM12878,0.9043418,0.9639483,1
ENSG00000121152,1.1780488,1.7512791,GM12878,0.8848788,0.8500517,1
ENSG00000121152,1.2915646,1.7512791,GM12878,0.8913305,0.3287037,1
ENSG00000121316,0.47549284,1.4056878,GM12878,0.8846894,1.0,1
ENSG00000121350,1.132766,0.79588,GM12878,0.8771585,1.0,1
ENSG00000121350,1.0608441,0.79588,GM12878,0.9198485,1.0,1
ENSG00000121350,1.1105096,0.79588,GM12878,0.7974475,0.72845954,1
ENSG00000121749,1.5068252,1.57841,GM12878,0.86298317,1.0,1
ENSG00000121749,1.4868662,1.57841,GM12878,0.74927425,0.0,1
ENSG00000121749,1.5729344,1.57841,GM12878,0.7452307,0.0064102565,1
ENSG00000121749,1.4379017,1.57841,GM12878,0.88424575,0.9831731,1
ENSG00000121749,1.5488443,1.57841,GM12878,0.7444342,0.058092948,1
ENSG00000121964,1.4134157,0.9127533,GM12878,0.8112629,1.0,1
ENSG00000121988,1.5319643,1.1658376,GM12878,0.7714349,1.0,1
ENSG00000121988,1.5769362,1.1658376,GM12878,0.7792178,0.0,1
ENSG00000121989,0.74263567,-0.04095861,GM12878,0.8757299,1.0,1
ENSG00000122085,1.6046655,1.2977605,GM12878,0.74164903,1.0,1
ENSG00000122085,1.5820894,1.2977605,GM12878,0.8536736,0.010638298,1
ENSG00000122085,1.2795706,1.2977605,GM12878,0.85083133,0.12345679,1
ENSG00000122085,1.504516,1.2977605,GM12878,0.8764836,0.8217593,1
ENSG00000122085,1.2234112,1.2977605,GM12878,0.84148955,0.60914177,1
ENSG00000122965,1.2045,1.2516382,GM12878,0.8773943,1.0,1
ENSG00000122965,1.2181369,1.2516382,GM12878,0.8620742,1.0,1
ENSG00000122966,1.5822217,1.3463529,GM12878,0.7734829,1.0,1
ENSG00000122966,1.5526602,1.3463529,GM12878,0.8382917,0.98638135,1
ENSG00000122970,1.2076386,0.81557775,GM12878,0.8186938,1.0,1
ENSG00000122971,1.1538491,1.0468851,GM12878,0.92306143,1.0,1
ENSG00000122986,-0.44235104,0.31175387,GM12878,0.99572974,1.0,1
ENSG00000122986,-0.46016562,0.31175387,GM12878,0.992735,1.0,1
ENSG00000122986,-0.4354492,0.31175387,GM12878,0.98425275,0.97333336,1
ENSG00000123064,2.1623225,1.7327154,GM12878,0.80039793,1.0,1
ENSG00000123066,1.069806,1.5703094,GM12878,0.88344246,1.0,1
ENSG00000123104,0.34602448,-0.06550155,GM12878,0.9072238,1.0,1
ENSG00000123104,0.5185231,-0.06550155,GM12878,0.90802693,1.0,1
ENSG00000123106,1.4602649,1.3641757,GM12878,0.67205584,1.0,1
ENSG00000123106,1.4124063,1.3641757,GM12878,0.87376535,1.0,1
ENSG00000123106,1.3609397,1.3641757,GM12878,0.88842565,1.0,1
ENSG00000123106,1.4723731,1.3641757,GM12878,0.8656377,1.0,1
ENSG00000123106,1.4220076,1.3641757,GM12878,0.8740132,1.0,1
ENSG00000123106,1.4135066,1.3641757,GM12878,0.8235725,0.05717916,1
ENSG00000123106,1.3580588,1.3641757,GM12878,0.89019364,0.021601016,1
ENSG00000123268,1.618064,1.832892,GM12878,0.85255915,1.0,1
ENSG00000123297,1.4820482,1.5182507,GM12878,0.6524598,0.48857868,1
ENSG00000123297,1.3412193,1.5182507,GM12878,0.81361806,0.85376346,1
ENSG00000123329,0.065531254,1.0704073,GM12878,0.9875328,1.0,1
ENSG00000123329,0.12512839,1.0704073,GM12878,0.9843891,0.94049907,1
ENSG00000123338,0.3318682,1.5537617,GM12878,0.9665032,1.0,1
ENSG00000123349,2.2924964,2.9257915,GM12878,0.88377917,1.0,1
ENSG00000123349,2.3119965,2.9257915,GM12878,0.8499492,0.6959459,1
ENSG00000123349,2.2834334,2.9257915,GM12878,0.82077456,0.047885645,1
ENSG00000123349,2.273935,2.9257915,GM12878,0.23535585,0.022023737,1
ENSG00000123349,2.2642717,2.9257915,GM12878,0.41918242,0.013575219,1
ENSG00000123349,2.2479956,2.9257915,GM12878,0.83220476,0.93028396,1
ENSG00000123349,2.3227944,2.9257915,GM12878,0.53306127,0.9937535,1
ENSG00000123352,1.9576738,1.4935975,GM12878,0.8620887,1.0,1
ENSG00000123352,2.1633327,1.4935975,GM12878,0.7222712,0.47153124,1
ENSG00000123352,2.047927,1.4935975,GM12878,0.7649045,0.13838384,1
ENSG00000123352,2.1640787,1.4935975,GM12878,0.8253435,0.022909507,1
ENSG00000123352,2.1668568,1.4935975,GM12878,0.71433735,0.039215688,1
ENSG00000123353,2.2403624,1.3548764,GM12878,0.86523795,1.0,1
ENSG00000123358,1.1234405,0.3283796,GM12878,0.9337899,1.0,1
ENSG00000123358,1.1182609,0.3283796,GM12878,0.8917386,0.0,1
ENSG00000123374,1.9056971,2.2174313,GM12878,0.8348505,1.0,1
ENSG00000123374,1.9284117,2.2174313,GM12878,0.7807511,0.9916879,1
ENSG00000123374,1.893344,2.2174313,GM12878,0.7684732,0.9362171,1
ENSG00000123384,0.57079667,-0.4436975,GM12878,0.95921934,1.0,1
ENSG00000123395,1.766262,1.5259514,GM12878,0.8890833,1.0,1
ENSG00000123395,1.6514187,1.5259514,GM12878,0.8771029,1.0,1
ENSG00000123411,1.9398533,0.77524626,GM12878,0.886052,1.0,1
ENSG00000123411,1.7862523,0.77524626,GM12878,0.87987375,1.0,1
ENSG00000123411,1.9395101,0.77524626,GM12878,0.9027233,1.0,1
ENSG00000123411,1.9947066,0.77524626,GM12878,0.8285765,0.8654292,1
ENSG00000123415,0.6394912,1.5917323,GM12878,0.92549634,1.0,1
ENSG00000123415,0.578959,1.5917323,GM12878,0.910203,1.0,1
ENSG00000123415,0.578959,1.5917323,GM12878,0.910203,1.0,1
ENSG00000123415,0.6681388,1.5917323,GM12878,0.90690833,1.0,1
ENSG00000123415,0.6595708,1.5917323,GM12878,0.91406906,1.0,1
ENSG00000123415,0.8964622,1.5917323,GM12878,0.4623606,1.0,1
ENSG00000123415,0.6428313,1.5917323,GM12878,0.9044298,0.2173913,1
ENSG00000123415,0.803147,1.5917323,GM12878,0.52933455,0.0786802,1
ENSG00000123416,1.9926684,3.5772781,GM12878,0.8953489,1.0,1
ENSG00000123427,1.7220004,1.141136,GM12878,0.8313558,1.0,1
ENSG00000123427,1.7181512,1.141136,GM12878,0.8966402,0.7287273,1
ENSG00000123485,1.2486705,1.9139198,GM12878,0.8205963,1.0,1
ENSG00000123600,1.5878233,1.4321673,GM12878,0.596884,1.0,1
ENSG00000123600,1.6753948,1.4321673,GM12878,0.84184355,1.0,1
ENSG00000123600,1.600109,1.4321673,GM12878,0.24811003,1.0,1
ENSG00000123600,1.7840923,1.4321673,GM12878,0.84285396,0.22931938,1
ENSG00000123600,1.6753948,1.4321673,GM12878,0.84184355,0.3387978,1
ENSG00000123607,1.2462553,1.4080703,GM12878,0.8670927,1.0,1
ENSG00000123609,2.0108142,1.0895519,GM12878,0.87604606,1.0,1
ENSG00000123609,1.9160436,1.0895519,GM12878,0.85451716,1.0,1
ENSG00000123609,1.876788,1.0895519,GM12878,0.88700604,1.0,1
ENSG00000123609,1.9928505,1.0895519,GM12878,0.8734576,1.0,1
ENSG00000123609,1.9816124,1.0895519,GM12878,0.87417513,1.0,1
ENSG00000123609,1.919991,1.0895519,GM12878,0.87057894,0.981893,1
ENSG00000123610,-0.44185424,-0.92081875,GM12878,0.97974247,1.0,1
ENSG00000123610,-0.44916683,-0.92081875,GM12878,0.9467217,1.0,1
ENSG00000123636,1.171889,1.2000293,GM12878,0.868413,1.0,1
ENSG00000123983,1.6077716,1.913496,GM12878,0.80996966,1.0,1
ENSG00000123989,1.2289317,0.99913055,GM12878,0.9025353,1.0,1
ENSG00000123989,1.0952581,0.99913055,GM12878,0.7991881,1.0,1
ENSG00000123992,1.3187706,1.6747693,GM12878,0.8119056,1.0,1
ENSG00000123992,1.4202423,1.6747693,GM12878,0.8657025,1.0,1
ENSG00000123992,1.4166317,1.6747693,GM12878,0.85864544,1.0,1
ENSG00000124356,1.5396935,1.548635,GM12878,0.8067338,1.0,1
ENSG00000124356,1.7849677,1.548635,GM12878,0.87057495,1.0,1
ENSG00000124356,1.6005082,1.548635,GM12878,0.88491064,1.0,1
ENSG00000124357,1.7529645,0.9175055,GM12878,0.8147665,1.0,1
ENSG00000124370,1.3181913,1.3666097,GM12878,0.8214627,1.0,1
ENSG00000124374,-0.5761048,-0.69897,GM12878,0.98804003,1.0,1
ENSG00000124380,1.1936142,1.6141587,GM12878,0.89384115,1.0,1
ENSG00000124380,1.2690853,1.6141587,GM12878,0.89122146,1.0,1
ENSG00000124380,1.2440586,1.6141587,GM12878,0.87603235,1.0,1
ENSG00000124380,1.3920474,1.6141587,GM12878,0.7492285,1.0,1
ENSG00000124380,1.4322479,1.6141587,GM12878,0.88126916,1.0,1
ENSG00000124383,1.4227805,1.3898746,GM12878,0.87057596,1.0,1
ENSG00000124383,1.5471982,1.3898746,GM12878,0.86670184,1.0,1
ENSG00000124831,0.8805399,1.2491983,GM12878,0.7156666,1.0,1
ENSG00000124831,0.90158325,1.2491983,GM12878,0.7634214,1.0,1
ENSG00000124831,0.8604315,1.2491983,GM12878,0.90435696,1.0,1
ENSG00000124831,1.0408975,1.2491983,GM12878,0.82229954,1.0,1
ENSG00000124831,0.96022946,1.2491983,GM12878,0.87451607,0.0074850298,1
ENSG00000125538,-0.4764867,-0.79588,GM12878,0.98565096,1.0,1
ENSG00000125551,-0.5091551,-0.63827217,GM12878,0.96992993,1.0,1
ENSG00000125571,-0.5156674,-0.88605666,GM12878,0.96919614,1.0,1
ENSG00000125611,1.7965881,1.1863912,GM12878,0.8908191,1.0,1
ENSG00000125611,1.8061699,1.1863912,GM12878,0.8914697,1.0,1
ENSG00000125629,1.0556453,1.3870337,GM12878,0.8584826,1.0,1
ENSG00000125629,1.2062662,1.3870337,GM12878,0.8827947,1.0,1
ENSG00000125629,1.1721485,1.3870337,GM12878,0.87906945,1.0,1
ENSG00000125629,0.95193017,1.3870337,GM12878,0.8176865,0.47379795,1
ENSG00000125630,1.7960324,1.499137,GM12878,0.85524344,1.0,1
ENSG00000125630,1.7520268,1.499137,GM12878,0.8702463,1.0,1
ENSG00000125630,1.7463225,1.499137,GM12878,0.24830079,0.062063616,1
ENSG00000125630,1.7221047,1.499137,GM12878,0.84656984,0.93,1
ENSG00000125633,1.2051005,1.1658376,GM12878,0.8112869,1.0,1
ENSG00000125637,1.3067851,1.0081742,GM12878,0.84506273,1.0,1
ENSG00000125637,1.2991571,1.0081742,GM12878,0.8054026,1.0,1
ENSG00000125637,1.0901847,1.0081742,GM12878,0.8406385,1.0,1
ENSG00000125637,1.1290323,1.0081742,GM12878,0.8527377,1.0,1
ENSG00000125637,1.2286203,1.0081742,GM12878,0.84904087,1.0,1
ENSG00000125637,1.3761998,1.0081742,GM12878,0.8969052,1.0,1
ENSG00000125637,1.3667694,1.0081742,GM12878,0.8752056,1.0,1
ENSG00000125637,1.3870044,1.0081742,GM12878,0.84218395,1.0,1
ENSG00000125637,1.3078958,1.0081742,GM12878,0.55372214,1.0,1
ENSG00000125637,1.26983,1.0081742,GM12878,0.88806194,1.0,1
ENSG00000126746,1.6519786,1.548635,GM12878,0.81654704,1.0,1
ENSG00000126746,1.5030515,1.548635,GM12878,0.89846253,0.20787746,1
ENSG00000127311,1.3976974,0.4756712,GM12878,0.82674456,1.0,1
ENSG00000127311,1.385839,0.4756712,GM12878,0.7891472,1.0,1
ENSG00000127311,1.305728,0.4756712,GM12878,0.79876,1.0,1
ENSG00000127311,1.3416246,0.4756712,GM12878,0.81121254,1.0,1
ENSG00000127311,1.4508812,0.4756712,GM12878,0.8272588,0.8467433,1
ENSG00000127314,1.2618775,2.2907023,GM12878,0.8325344,1.0,1
ENSG00000127314,1.0703924,2.2907023,GM12878,0.8828098,1.0,1
ENSG00000127314,1.2618775,2.2907023,GM12878,0.8325344,0.8893035,1
ENSG00000127314,1.0881071,2.2907023,GM12878,0.74624,0.54487586,1
ENSG00000127314,1.1833863,2.2907023,GM12878,0.74848926,0.9493011,1
ENSG00000127314,1.079504,2.2907023,GM12878,0.8874843,0.97630507,1
ENSG00000127328,0.62386066,1.20412,GM12878,0.8349413,1.0,1
ENSG00000127328,0.6868925,1.20412,GM12878,0.9132202,0.03137255,1
ENSG00000127329,-0.3896989,0.11394335,GM12878,0.9790906,1.0,1
ENSG00000127329,-0.32643598,0.11394335,GM12878,0.97320753,1.0,1
ENSG00000127329,-0.4228817,0.11394335,GM12878,0.9823746,1.0,1
ENSG00000127329,-0.33778134,0.11394335,GM12878,0.9795359,1.0,1
ENSG00000127329,-0.3097881,0.11394335,GM12878,0.9658977,1.0,1
ENSG00000127329,-0.3992902,0.11394335,GM12878,0.9624957,1.0,1
ENSG00000127334,0.9316303,0.9973864,GM12878,0.8344938,0.5381485,1
ENSG00000127337,1.0813296,1.538825,GM12878,0.88548166,1.0,1
ENSG00000127720,1.6517596,0.13672057,GM12878,0.7531901,1.0,1
ENSG00000127720,1.6517596,0.13672057,GM12878,0.7531901,1.0,1
ENSG00000127831,-0.32057136,-0.27572414,GM12878,0.98820275,1.0,1
ENSG00000127831,-0.25198764,-0.27572414,GM12878,0.9849753,1.0,1
ENSG00000127837,1.5519786,1.5370631,GM12878,0.8099238,1.0,1
ENSG00000128641,-0.63276213,-0.92081875,GM12878,0.9814865,1.0,1
ENSG00000128654,1.5437995,2.0857186,GM12878,0.51553655,1.0,1
ENSG00000128654,1.3481072,2.0857186,GM12878,0.65695745,0.04629921,1
ENSG00000128656,-0.32894614,-0.10237291,GM12878,0.9633403,1.0,1
ENSG00000128656,-0.3285968,-0.10237291,GM12878,0.86241233,1.0,1
ENSG00000128694,1.5319579,0.924796,GM12878,0.88553405,1.0,1
ENSG00000128694,1.5072788,0.924796,GM12878,0.8151342,0.76880985,1
ENSG00000128699,0.92837507,1.7199938,GM12878,0.78092974,1.0,1
ENSG00000128699,0.9743725,1.7199938,GM12878,0.84177905,1.0,1
ENSG00000128699,0.9247988,1.7199938,GM12878,0.85684365,1.0,1
ENSG00000128699,1.0309159,1.7199938,GM12878,0.8207963,0.7994707,1
ENSG00000128708,1.4655854,2.2692094,GM12878,0.8826803,1.0,1
ENSG00000128708,1.3747817,2.2692094,GM12878,0.882992,0.9689303,1
ENSG00000128708,1.3695676,2.2692094,GM12878,0.88022596,0.9924983,1
ENSG00000129315,1.758029,1.5712428,GM12878,0.7855611,1.0,1
ENSG00000129315,1.7174461,1.5712428,GM12878,0.78570276,0.6581071,1
ENSG00000129317,1.5252978,1.3016809,GM12878,0.9010282,1.0,1
ENSG00000129317,1.2682508,1.3016809,GM12878,0.85209894,0.5429395,1
ENSG00000130038,0.99093777,0.8645111,GM12878,0.8869798,1.0,1
ENSG00000130038,0.9200613,0.8645111,GM12878,0.91994834,1.0,1
ENSG00000130414,1.7203424,1.9393694,GM12878,0.7967165,1.0,1
ENSG00000130783,-0.25513318,-0.124938734,GM12878,0.9763391,1.0,1
ENSG00000130787,1.4467846,1.0941216,GM12878,0.8616031,1.0,1
ENSG00000130921,1.3298464,1.1048284,GM12878,0.8584568,1.0,1
ENSG00000132300,1.919692,2.152533,GM12878,0.75761837,1.0,1
ENSG00000132300,1.8853831,2.152533,GM12878,0.88525695,1.0,1
ENSG00000132300,1.9442017,2.152533,GM12878,0.8767061,1.0,1
ENSG00000132305,1.0647038,1.9421073,GM12878,0.8942991,1.0,1
ENSG00000132305,1.1911058,1.9421073,GM12878,0.8887621,1.0,1
ENSG00000132323,1.180591,1.3490832,GM12878,0.9088638,1.0,1
ENSG00000132323,1.2571507,1.3490832,GM12878,0.9218455,1.0,1
ENSG00000132323,1.2273294,1.3490832,GM12878,0.76921713,1.0,1
ENSG00000132323,1.1656346,1.3490832,GM12878,0.9269479,0.9828393,1
ENSG00000132326,1.2709372,0.350248,GM12878,0.88302404,1.0,1
ENSG00000132326,1.3266431,0.350248,GM12878,0.8840363,0.66169155,1
ENSG00000132329,-0.70753485,-0.30980393,GM12878,0.98473233,1.0,1
ENSG00000132330,1.2770898,1.1132747,GM12878,0.87594944,1.0,1
ENSG00000132330,1.2395699,1.1132747,GM12878,0.8581641,1.0,1
ENSG00000132330,1.1678325,1.1132747,GM12878,0.83136874,1.0,1
ENSG00000132330,1.2824997,1.1132747,GM12878,0.8138785,0.124535315,1
ENSG00000132341,1.4188604,3.411069,GM12878,0.7000108,0.08587893,1
ENSG00000133641,0.9792937,1.5317343,GM12878,0.862879,1.0,1
ENSG00000133641,0.7729248,1.5317343,GM12878,0.8258334,1.0,1
ENSG00000133641,0.9888026,1.5317343,GM12878,0.8744324,0.66042554,1
ENSG00000133641,0.90165555,1.5317343,GM12878,0.8786764,0.9412023,1
ENSG00000133687,-0.1265342,-0.92081875,GM12878,0.93005884,1.0,1
ENSG00000133703,1.444976,1.1646502,GM12878,0.8386439,1.0,1
ENSG00000133703,1.4935535,1.1646502,GM12878,0.7906303,0.016381767,1
ENSG00000133704,1.3704395,1.1866739,GM12878,0.8140578,1.0,1
ENSG00000133773,1.4237475,1.4001925,GM12878,0.8338937,1.0,1
ENSG00000133773,1.4410465,1.4001925,GM12878,0.83815885,1.0,1
ENSG00000133858,1.3368752,1.8242561,GM12878,0.8365629,1.0,1
ENSG00000133858,1.4542845,1.8242561,GM12878,0.896277,1.0,1
ENSG00000134283,1.6061099,1.9033071,GM12878,0.835876,1.0,1
ENSG00000134283,1.3375131,1.9033071,GM12878,0.90014136,1.0,1
ENSG00000134283,1.6275486,1.9033071,GM12878,0.6586323,0.14871553,1
ENSG00000134283,1.5472229,1.9033071,GM12878,0.8675412,0.57435775,1
ENSG00000134283,1.7077464,1.9033071,GM12878,0.34465256,0.03582371,1
ENSG00000134283,1.6102879,1.9033071,GM12878,0.76958084,0.97013485,1
ENSG00000134285,-0.12250437,0.8312297,GM12878,0.9649203,1.0,1
ENSG00000134287,1.0868105,2.0677402,GM12878,0.91894,1.0,1
ENSG00000134287,1.0868105,2.0677402,GM12878,0.91894,1.0,1
ENSG00000134287,1.2667243,2.0677402,GM12878,0.8871378,0.9950777,1
ENSG00000134291,0.68923396,2.1332195,GM12878,0.8170239,1.0,1
ENSG00000134294,1.6877373,2.0171585,GM12878,0.8769998,1.0,1
ENSG00000134294,1.6714631,2.0171585,GM12878,0.8648463,0.91113335,1
ENSG00000134308,1.5848836,2.3748765,GM12878,0.8994847,1.0,1
ENSG00000134313,1.0145615,1.5081255,GM12878,0.9162039,1.0,1
ENSG00000134313,1.0712123,1.5081255,GM12878,0.832482,1.0,1
ENSG00000134313,1.113089,1.5081255,GM12878,0.62853736,0.09715994,1
ENSG00000134317,1.1042622,0.7041505,GM12878,0.927507,1.0,1
ENSG00000134317,1.1535002,0.7041505,GM12878,0.8231608,1.0,1
ENSG00000134318,1.2269031,0.84010607,GM12878,0.89096326,1.0,1
ENSG00000134318,1.0944408,0.84010607,GM12878,0.92177844,1.0,1
ENSG00000134318,1.3165259,0.84010607,GM12878,0.92236,1.0,1
ENSG00000134318,1.1207757,0.84010607,GM12878,0.7485767,1.0,1
ENSG00000134321,-0.5300521,-0.4202164,GM12878,0.984193,1.0,1
ENSG00000134324,1.7133014,1.854306,GM12878,0.8777643,1.0,1
ENSG00000134324,1.7807544,1.854306,GM12878,0.90819484,0.056830805,1
ENSG00000134326,1.0821735,0.50105923,GM12878,0.8289148,1.0,1
ENSG00000134531,-0.7808053,-0.7212464,GM12878,0.97852796,1.0,1
ENSG00000134532,-0.9605182,1.0681858,GM12878,0.9756993,1.0,1
ENSG00000134532,-0.96108305,1.0681858,GM12878,0.9948397,1.0,1
ENSG00000135090,1.0232817,1.6541766,GM12878,0.9191768,1.0,1
ENSG00000135090,1.1116388,1.6541766,GM12878,0.89154303,1.0,1
ENSG00000135090,1.0562893,1.6541766,GM12878,0.9207086,1.0,1
ENSG00000135090,1.2155501,1.6541766,GM12878,0.9145634,0.9892819,1
ENSG00000135090,1.0776855,1.6541766,GM12878,0.62920505,0.0,1
ENSG00000135093,1.2615054,1.0906107,GM12878,0.85048413,1.0,1
ENSG00000135093,1.3099687,1.0906107,GM12878,0.73787886,1.0,1
ENSG00000135093,1.2455198,1.0906107,GM12878,0.71398944,1.0,1
ENSG00000135093,1.171661,1.0906107,GM12878,0.8832886,1.0,1
ENSG00000135108,0.67969966,0.8293038,GM12878,0.9459387,1.0,1
ENSG00000135124,1.1287522,1.1743506,GM12878,0.9145674,0.30533335,1
ENSG00000135124,1.2801127,1.1743506,GM12878,0.86597645,0.0,1
ENSG00000135124,1.1473548,1.1743506,GM12878,0.75530994,0.07363014,1
ENSG00000135127,-0.88865846,0.11058971,GM12878,0.9870156,1.0,1
ENSG00000135148,1.3905466,1.6369891,GM12878,0.91739213,1.0,1
ENSG00000135390,1.274215,2.530046,GM12878,0.8926439,1.0,1
ENSG00000135390,1.3496786,2.530046,GM12878,0.8193527,1.0,1
ENSG00000135392,1.2893839,0.83884907,GM12878,0.84944534,1.0,1
ENSG00000135404,1.1432395,2.3220744,GM12878,0.83228403,1.0,1
ENSG00000135407,-0.34551546,-0.60206,GM12878,0.984511,1.0,1
ENSG00000135414,0.52246934,0.5658478,GM12878,0.9381044,1.0,1
ENSG00000135424,-0.36525726,-0.022276394,GM12878,0.9882239,1.0,1
ENSG00000135426,-0.019387053,0.1398791,GM12878,0.843708,1.0,1
ENSG00000135436,-0.654888,-0.7447275,GM12878,0.986616,1.0,1
ENSG00000135436,-0.63419837,-0.7447275,GM12878,0.982373,1.0,1
ENSG00000135436,-0.6217044,-0.7447275,GM12878,0.9868264,1.0,1
ENSG00000135439,-0.31290853,-0.537602,GM12878,0.98340917,1.0,1
ENSG00000135441,1.5647147,1.8585372,GM12878,0.7924346,1.0,1
ENSG00000135441,1.5647147,1.8585372,GM12878,0.7924346,1.0,1
ENSG00000135441,1.6653291,1.8585372,GM12878,0.82515216,0.98213196,1
ENSG00000135441,1.6547009,1.8585372,GM12878,0.8797233,0.5353774,1
ENSG00000135446,1.2807295,2.536899,GM12878,0.8910003,1.0,1
ENSG00000135446,1.4145688,2.536899,GM12878,0.92106414,0.9989126,1
ENSG00000135451,1.6548927,1.6447339,GM12878,0.90863526,1.0,1
ENSG00000135451,1.6546876,1.6447339,GM12878,0.88931173,1.0,1
ENSG00000135451,1.4463404,1.6447339,GM12878,0.8880297,1.0,1
ENSG00000135451,1.6348639,1.6447339,GM12878,0.8980785,0.97270954,1
ENSG00000135452,2.1269698,1.1826999,GM12878,0.810534,1.0,1
ENSG00000135454,1.139383,0.89872515,GM12878,0.94488716,1.0,1
ENSG00000135457,1.7509887,1.3747483,GM12878,0.79836446,1.0,1
ENSG00000135469,0.68533784,1.3586961,GM12878,0.8893633,1.0,1
ENSG00000135469,0.76647806,1.3586961,GM12878,0.8927162,1.0,1
ENSG00000135469,0.8957302,1.3586961,GM12878,0.9497781,1.0,1
ENSG00000135473,2.0015852,1.883775,GM12878,0.8022599,1.0,1
ENSG00000135473,2.1389031,1.883775,GM12878,0.8551267,1.0,1
ENSG00000135476,1.9762352,1.2355285,GM12878,0.72251123,1.0,1
ENSG00000135476,1.7289739,1.2355285,GM12878,0.8310445,0.5907173,1
ENSG00000135482,1.5445949,-0.017728766,GM12878,0.7362811,1.0,1
ENSG00000135486,2.316432,2.9958897,GM12878,0.91152847,1.0,1
ENSG00000135486,2.2280495,2.9958897,GM12878,0.85884917,0.34279418,1
ENSG00000135503,1.3421708,0.8162413,GM12878,0.9163451,1.0,1
ENSG00000135503,1.3437972,0.8162413,GM12878,0.9099502,1.0,1
ENSG00000135506,1.4542401,1.8877298,GM12878,0.84851205,1.0,1
ENSG00000135506,1.5797348,1.8877298,GM12878,0.8947694,0.9977635,1
ENSG00000135506,1.5626522,1.8877298,GM12878,0.9118871,0.998253,1
ENSG00000135506,1.6172391,1.8877298,GM12878,0.9278198,0.6018163,1
ENSG00000135517,-0.59571344,-0.88605666,GM12878,0.978227,1.0,1
ENSG00000135519,-0.21991934,-0.92081875,GM12878,0.9831034,1.0,1
ENSG00000135519,-0.13646144,-0.92081875,GM12878,0.98316836,1.0,1
ENSG00000135519,-0.12881254,-0.92081875,GM12878,0.9770558,1.0,1
ENSG00000135617,1.5724583,1.358506,GM12878,0.91021067,1.0,1
ENSG00000135617,1.5874233,1.358506,GM12878,0.91511714,1.0,1
ENSG00000135617,1.5968508,1.358506,GM12878,0.8516784,1.0,1
ENSG00000135622,0.42950395,-0.27572414,GM12878,0.89920413,1.0,1
ENSG00000135624,2.1322737,2.686082,GM12878,0.84438807,1.0,1
ENSG00000135624,2.1516433,2.686082,GM12878,0.69575584,0.009721189,1
ENSG00000135632,1.5357423,1.5007852,GM12878,0.602533,1.0,1
ENSG00000135643,-0.042680435,-0.56863624,GM12878,0.9200987,1.0,1
ENSG00000135655,1.9949005,2.1769302,GM12878,0.8353573,1.0,1
ENSG00000135655,1.9949005,2.1769302,GM12878,0.8353573,1.0,1
ENSG00000135655,1.8732876,2.1769302,GM12878,0.85970134,0.9838002,1
ENSG00000135677,1.1830167,1.3802112,GM12878,0.7754462,1.0,1
ENSG00000135677,1.206707,1.3802112,GM12878,0.78588086,0.7834483,1
ENSG00000135677,1.1322495,1.3802112,GM12878,0.8715523,0.0,1
ENSG00000135679,1.5135336,1.3823773,GM12878,0.821293,1.0,1
ENSG00000135679,1.5374473,1.3823773,GM12878,0.8706457,0.97324723,1
ENSG00000135679,1.516575,1.3823773,GM12878,0.8830547,0.99904764,1
ENSG00000135679,1.4746035,1.3823773,GM12878,0.8818109,0.9740019,1
ENSG00000135679,1.4080639,1.3823773,GM12878,0.80760753,1.0,1
ENSG00000135898,-0.76019496,-0.36653155,GM12878,0.9837617,1.0,1
ENSG00000135899,0.9208054,0.29003462,GM12878,0.91164714,1.0,1
ENSG00000135899,0.8907185,0.29003462,GM12878,0.91296804,1.0,1
ENSG00000135899,0.8631346,0.29003462,GM12878,0.9167067,1.0,1
ENSG00000135912,1.3047882,1.5507175,GM12878,0.90061665,1.0,1
ENSG00000135913,1.3788294,0.81291336,GM12878,0.857775,1.0,1
ENSG00000135913,1.36431,0.81291336,GM12878,0.824425,1.0,1
ENSG00000135913,1.4330834,0.81291336,GM12878,0.7209753,0.96666664,1
ENSG00000135913,1.3795071,0.81291336,GM12878,0.77897644,0.9627451,1
ENSG00000135916,1.3285916,1.6893089,GM12878,0.8837814,1.0,1
ENSG00000135916,1.3672814,1.6893089,GM12878,0.8795063,1.0,1
ENSG00000135916,1.3790528,1.6893089,GM12878,0.86560655,1.0,1
ENSG00000135916,1.382938,1.6893089,GM12878,0.85246927,0.7501063,1
ENSG00000135916,1.403415,1.6893089,GM12878,0.80722356,0.99872506,1
ENSG00000135924,1.1258621,0.6314438,GM12878,0.88252646,1.0,1
ENSG00000135924,1.2486408,0.6314438,GM12878,0.83090794,1.0,1
ENSG00000135926,1.2157259,1.6454222,GM12878,0.91414535,1.0,1
ENSG00000135926,1.4273744,1.6454222,GM12878,0.8912832,1.0,1
ENSG00000135926,1.2157259,1.6454222,GM12878,0.91414535,0.55841535,1
ENSG00000135926,1.2976179,1.6454222,GM12878,0.84925514,0.0013537906,1
ENSG00000135930,1.7588482,1.3117539,GM12878,0.822066,1.0,1
ENSG00000135930,1.6546496,1.3117539,GM12878,0.83310264,0.76930064,1
ENSG00000135931,0.5410584,0.2552725,GM12878,0.9396277,1.0,1
ENSG00000135931,0.57429296,0.2552725,GM12878,0.94343954,1.0,1
ENSG00000135932,1.106005,1.769525,GM12878,0.92402446,1.0,1
ENSG00000135940,1.8355502,2.6450388,GM12878,0.8380668,1.0,1
ENSG00000135940,1.8673607,2.6450388,GM12878,0.853487,1.0,1
ENSG00000135945,1.6879934,1.6389881,GM12878,0.86425877,1.0,1
ENSG00000135945,1.5347631,1.6389881,GM12878,0.86069185,0.1492205,1
ENSG00000135953,1.2217073,0.79934055,GM12878,0.82270443,1.0,1
ENSG00000135953,1.2314758,0.79934055,GM12878,0.7854311,1.0,1
ENSG00000135953,1.3307229,0.79934055,GM12878,0.8507007,0.22434367,1
ENSG00000135956,1.1446337,1.0417873,GM12878,0.86745733,1.0,1
ENSG00000135956,1.1652892,1.0417873,GM12878,0.8531732,1.0,1
ENSG00000135966,1.5837351,0.854913,GM12878,0.9024509,1.0,1
ENSG00000135966,1.4860576,0.854913,GM12878,0.8535638,1.0,1
ENSG00000135968,1.5520091,1.1519824,GM12878,0.8716841,1.0,1
ENSG00000135974,1.7263983,1.3873898,GM12878,0.8918022,1.0,1
ENSG00000135976,0.9863263,0.98989457,GM12878,0.8645856,1.0,1
ENSG00000135999,1.3277951,1.414472,GM12878,0.9119659,1.0,1
ENSG00000135999,1.4681089,1.414472,GM12878,0.872069,1.0,1
ENSG00000135999,1.3892,1.414472,GM12878,0.917317,1.0,1
ENSG00000136003,1.061809,1.8243862,GM12878,0.90044993,1.0,1
ENSG00000136003,1.2813425,1.8243862,GM12878,0.8945955,0.06982093,1
ENSG00000136003,1.0648813,1.8243862,GM12878,0.8881556,0.0022763088,1
ENSG00000136003,1.1765867,1.8243862,GM12878,0.85874784,0.00070150825,1
ENSG00000136010,0.6959366,0.48144263,GM12878,0.84116894,1.0,1
ENSG00000136010,0.6251345,0.48144263,GM12878,0.897709,1.0,1
ENSG00000136010,0.7037018,0.48144263,GM12878,0.9015785,1.0,1
ENSG00000136021,1.9985056,1.3546846,GM12878,0.8460063,1.0,1
ENSG00000136021,1.9564815,1.3546846,GM12878,0.84773344,1.0,1
ENSG00000136040,-0.6624375,-0.48148605,GM12878,0.9603897,1.0,1
ENSG00000136040,-0.7164895,-0.48148605,GM12878,0.93976146,1.0,1
ENSG00000136044,1.5466949,1.0077478,GM12878,0.8835795,1.0,1
ENSG00000136044,1.5705056,1.0077478,GM12878,0.7892642,1.0,1
ENSG00000136045,1.6053337,1.9060656,GM12878,0.78502107,1.0,1
ENSG00000136048,1.0987196,0.22271647,GM12878,0.82709193,1.0,1
ENSG00000136051,1.380588,1.2605484,GM12878,0.8405964,1.0,1
ENSG00000136051,1.3769559,1.2605484,GM12878,0.88884526,1.0,1
ENSG00000136052,-0.1356441,-0.6777807,GM12878,0.966512,1.0,1
ENSG00000136536,1.5187707,1.6893089,GM12878,0.8757517,1.0,1
ENSG00000136536,1.5514848,1.6893089,GM12878,0.83916056,1.0,1
ENSG00000136536,1.5385362,1.6893089,GM12878,0.85076195,0.8555219,1
ENSG00000136536,1.6149132,1.6893089,GM12878,0.7550059,0.8555219,1
ENSG00000136541,-0.41184932,-0.7447275,GM12878,0.89735544,1.0,1
ENSG00000136541,-0.4841311,-0.7447275,GM12878,0.9697762,1.0,1
ENSG00000136542,1.5201312,1.6290016,GM12878,0.89656126,1.0,1
ENSG00000136542,1.4633257,1.6290016,GM12878,0.85310924,1.0,1
ENSG00000136560,1.6627226,1.6435513,GM12878,0.893501,1.0,1
ENSG00000136560,1.6702447,1.6435513,GM12878,0.86123157,1.0,1
ENSG00000136560,1.6039563,1.6435513,GM12878,0.8296139,1.0,1
ENSG00000136560,1.6706438,1.6435513,GM12878,0.8547427,1.0,1
ENSG00000136682,1.5176967,1.4702635,GM12878,0.7529195,1.0,1
ENSG00000136682,1.4775912,1.4702635,GM12878,0.6290693,0.39384496,1
ENSG00000136682,1.4743543,1.4702635,GM12878,0.69350415,0.018551765,1
ENSG00000136682,1.4847801,1.4702635,GM12878,0.6309265,0.12951168,1
ENSG00000136682,1.4828391,1.4702635,GM12878,0.58864,0.8266108,1
ENSG00000136699,1.6344329,1.6574383,GM12878,0.8071975,1.0,1
ENSG00000136699,1.8321066,1.6574383,GM12878,0.7575925,0.08573903,1
ENSG00000136699,1.9166735,1.6574383,GM12878,0.77441007,0.76760566,1
ENSG00000136699,1.9601158,1.6574383,GM12878,0.83081716,0.9672771,1
ENSG00000136709,1.7328746,1.6395861,GM12878,0.86332005,1.0,1
ENSG00000136710,1.4052874,1.6773331,GM12878,0.88839626,1.0,1
ENSG00000136710,1.2476392,1.6773331,GM12878,0.92313486,0.102380954,1
ENSG00000136715,1.2876766,0.9965117,GM12878,0.80003357,0.4827586,1
ENSG00000136717,-0.75070274,-0.060480747,GM12878,0.9935626,1.0,1
ENSG00000136718,1.2142712,2.0466902,GM12878,0.91517895,1.0,1
ENSG00000136731,1.5854149,1.2962263,GM12878,0.6472584,1.0,1
ENSG00000136731,1.5093085,1.2962263,GM12878,0.794091,1.0,1
ENSG00000136732,1.6277355,2.287152,GM12878,0.85513,1.0,1
ENSG00000136732,1.2171365,2.287152,GM12878,0.874393,0.0075281016,1
ENSG00000136732,1.5245178,2.287152,GM12878,0.7575653,0.50829196,1
ENSG00000138002,0.9700067,1.2214142,GM12878,0.9385702,1.0,1
ENSG00000138002,0.87202024,1.2214142,GM12878,0.8986884,0.0,1
ENSG00000138018,2.0815167,1.3220124,GM12878,0.81299907,1.0,1
ENSG00000138029,1.6427033,1.962322,GM12878,0.87465316,1.0,1
ENSG00000138029,1.6427033,1.962322,GM12878,0.87465316,1.0,1
ENSG00000138029,1.6327341,1.962322,GM12878,0.6770194,0.9915265,1
ENSG00000138030,0.9471869,0.4578819,GM12878,0.94095427,1.0,1
ENSG00000138031,0.1014056,1.474362,GM12878,0.98110914,1.0,1
ENSG00000138031,0.11391228,1.474362,GM12878,0.9778349,1.0,1
ENSG00000138031,0.19991149,1.474362,GM12878,0.96762645,0.3809524,1
ENSG00000138032,1.1821158,1.5174599,GM12878,0.84120935,1.0,1
ENSG00000138032,1.3395635,1.5174599,GM12878,0.66158813,1.0,1
ENSG00000138032,0.8552744,1.5174599,GM12878,0.8043125,0.99812263,1
ENSG00000138032,1.0085905,1.5174599,GM12878,0.82206774,0.637321,1
ENSG00000138035,1.2073572,1.602711,GM12878,0.8976,1.0,1
ENSG00000138035,1.4017916,1.602711,GM12878,0.8607513,1.0,1
ENSG00000138035,1.3523422,1.602711,GM12878,0.8733104,1.0,1
ENSG00000138036,0.74683106,1.4723176,GM12878,0.57437223,1.0,1
ENSG00000138050,1.4886155,1.4776999,GM12878,0.85430217,1.0,1
ENSG00000138050,1.1170428,1.4776999,GM12878,0.8815212,1.0,1
ENSG00000138050,1.4028653,1.4776999,GM12878,0.8763021,0.4416191,1
ENSG00000138050,1.2857946,1.4776999,GM12878,0.8487307,0.054569364,1
ENSG00000138069,1.1494311,2.0828214,GM12878,0.8610135,1.0,1
ENSG00000138071,1.9183794,2.0807707,GM12878,0.8411337,1.0,1
ENSG00000138071,1.7743272,2.0807707,GM12878,0.8663712,1.0,1
ENSG00000138071,1.9124426,2.0807707,GM12878,0.77463853,1.0,1
ENSG00000138071,1.9569036,2.0807707,GM12878,0.89266485,1.0,1
ENSG00000138071,1.984589,2.0807707,GM12878,0.5224041,0.0,1
ENSG00000138073,1.4793819,1.8209236,GM12878,0.92561823,1.0,1
ENSG00000138073,1.4921298,1.8209236,GM12878,0.92862535,1.0,1
ENSG00000138073,1.5821449,1.8209236,GM12878,0.9295825,0.993831,1
ENSG00000138073,1.586922,1.8209236,GM12878,0.92926806,0.98530495,1
ENSG00000138074,2.0491195,2.0226758,GM12878,0.77500826,1.0,1
ENSG00000138074,2.1111398,2.0226758,GM12878,0.78942156,0.0038812784,1
ENSG00000138078,1.547117,1.6208645,GM12878,0.8075923,1.0,1
ENSG00000138078,1.4552066,1.6208645,GM12878,0.8689765,1.0,1
ENSG00000138078,1.5286071,1.6208645,GM12878,0.85151905,1.0,1
ENSG00000138078,1.4704349,1.6208645,GM12878,0.8193607,1.0,1
ENSG00000138078,1.5137687,1.6208645,GM12878,0.83280927,1.0,1
ENSG00000138078,1.482095,1.6208645,GM12878,0.87354434,0.9982614,1
ENSG00000138078,1.2536813,1.6208645,GM12878,0.871489,0.34531185,1
ENSG00000138080,-0.39229718,-0.4436975,GM12878,0.9824076,1.0,1
ENSG00000138080,-0.38787833,-0.4436975,GM12878,0.9824656,1.0,1
ENSG00000138081,1.599325,1.4988617,GM12878,0.85758793,1.0,1
ENSG00000138085,1.9601105,2.12827,GM12878,0.8824178,1.0,1
ENSG00000138092,2.1709986,1.731347,GM12878,0.8621256,1.0,1
ENSG00000138092,2.2307546,1.731347,GM12878,0.8420855,0.60303515,1
ENSG00000138095,1.7315097,2.1406024,GM12878,0.7923083,1.0,1
ENSG00000138095,1.7844086,2.1406024,GM12878,0.8237936,1.0,1
ENSG00000138095,1.7994838,2.1406024,GM12878,0.8570325,1.0,1
ENSG00000138095,1.7449455,2.1406024,GM12878,0.7779666,1.0,1
ENSG00000138095,1.7461752,2.1406024,GM12878,0.82128865,1.0,1
ENSG00000138101,-0.5874317,0.1271048,GM12878,0.9876654,1.0,1
ENSG00000138101,-0.5733436,0.1271048,GM12878,0.9876183,1.0,1
ENSG00000138356,-0.42214137,-0.7447275,GM12878,0.94895196,1.0,1
ENSG00000138363,1.9647648,2.0111897,GM12878,0.846284,1.0,1
ENSG00000138375,1.3748419,1.349666,GM12878,0.83750165,1.0,1
ENSG00000138375,1.6237606,1.349666,GM12878,0.8039775,0.94951236,1
ENSG00000138376,1.1731048,0.9334873,GM12878,0.8848829,1.0,1
ENSG00000138376,1.0600781,0.9334873,GM12878,0.84293157,1.0,1
ENSG00000138376,1.0846792,0.9334873,GM12878,0.8572297,1.0,1
ENSG00000138376,0.88185614,0.9334873,GM12878,0.8362035,0.87261146,1
ENSG00000138376,1.0689578,0.9334873,GM12878,0.7039445,1.0,1
ENSG00000138378,-0.76005274,-0.92081875,GM12878,0.93350923,1.0,1
ENSG00000138380,1.2527971,0.5599066,GM12878,0.8332838,1.0,1
ENSG00000138380,1.4135432,0.5599066,GM12878,0.8524697,1.0,1
ENSG00000138380,1.3786283,0.5599066,GM12878,0.822084,0.0,1
ENSG00000138380,1.2105211,0.5599066,GM12878,0.8488297,0.12719299,1
ENSG00000138380,1.4135432,0.5599066,GM12878,0.8524697,0.9754902,1
ENSG00000138380,1.313313,0.5599066,GM12878,0.84261465,1.0,1
ENSG00000138380,1.3271515,0.5599066,GM12878,0.8711326,0.6271777,1
ENSG00000138380,1.3178759,0.5599066,GM12878,0.7840035,0.0,1
ENSG00000138381,1.2497699,1.3003781,GM12878,0.6518899,1.0,1
ENSG00000138381,1.2797688,1.3003781,GM12878,0.8535855,1.0,1
ENSG00000138382,1.6887534,2.1152444,GM12878,0.89839,1.0,1
ENSG00000138385,1.6871442,2.4353347,GM12878,0.8928643,1.0,1
ENSG00000138386,1.792515,1.2129862,GM12878,0.7873499,1.0,1
ENSG00000138386,1.7660325,1.2129862,GM12878,0.8826956,1.0,1
ENSG00000138386,1.5539744,1.2129862,GM12878,0.83832175,1.0,1
ENSG00000138386,1.6888933,1.2129862,GM12878,0.8966517,1.0,1
ENSG00000138386,1.7800298,1.2129862,GM12878,0.7083513,1.0,1
ENSG00000138386,1.7800298,1.2129862,GM12878,0.7083513,1.0,1
ENSG00000138386,1.7009996,1.2129862,GM12878,0.83251214,1.0,1
ENSG00000138386,1.6994531,1.2129862,GM12878,0.882435,1.0,1
ENSG00000138386,1.7407464,1.2129862,GM12878,0.80640787,0.97722095,1
ENSG00000138398,1.21121,1.9762124,GM12878,0.9039047,1.0,1
ENSG00000138398,1.255599,1.9762124,GM12878,0.7100335,0.93984795,1
ENSG00000138399,1.7918282,1.9340438,GM12878,0.811172,1.0,1
ENSG00000138399,1.7010472,1.9340438,GM12878,0.7758758,0.76833487,1
ENSG00000138399,1.8275527,1.9340438,GM12878,0.8107114,0.91881496,1
ENSG00000138411,-0.7902697,-0.32790214,GM12878,0.9804017,1.0,1
ENSG00000138411,-0.7717317,-0.32790214,GM12878,0.9793649,1.0,1
ENSG00000138413,1.0650831,1.8581159,GM12878,0.8106342,1.0,1
ENSG00000138430,1.4162109,2.3815482,GM12878,0.7911272,1.0,1
ENSG00000138430,1.5023738,2.3815482,GM12878,0.91922075,1.0,1
ENSG00000138430,1.5003773,2.3815482,GM12878,0.8701922,1.0,1
ENSG00000138430,1.4133307,2.3815482,GM12878,0.9077791,1.0,1
ENSG00000138430,1.4173008,2.3815482,GM12878,0.8773797,0.57125014,1
ENSG00000138433,1.611008,1.1212314,GM12878,0.8649334,1.0,1
ENSG00000138433,1.6013023,1.1212314,GM12878,0.88277113,1.0,1
ENSG00000138433,1.6008475,1.1212314,GM12878,0.8930753,1.0,1
ENSG00000138433,1.6569847,1.1212314,GM12878,0.6798012,1.0,1
ENSG00000138433,1.7522407,1.1212314,GM12878,0.8416307,1.0,1
ENSG00000138433,1.7632829,1.1212314,GM12878,0.50666356,1.0,1
ENSG00000138433,1.6759516,1.1212314,GM12878,0.8004526,1.0,1
ENSG00000138433,1.5912794,1.1212314,GM12878,0.8904581,1.0,1
ENSG00000138434,1.2155371,1.5533975,GM12878,0.7668889,1.0,1
ENSG00000138434,1.3027034,1.5533975,GM12878,0.78109723,0.94389206,1
ENSG00000138434,1.2617464,1.5533975,GM12878,0.77655196,0.7046632,1
ENSG00000138434,1.33098,1.5533975,GM12878,0.8234403,0.7635422,1
ENSG00000138439,1.204165,0.23804611,GM12878,0.8204629,1.0,1
ENSG00000138442,1.7078879,2.2621899,GM12878,0.8429665,1.0,1
ENSG00000138443,1.2696553,1.0860037,GM12878,0.87777376,1.0,1
ENSG00000138443,1.2231178,1.0860037,GM12878,0.81364757,1.0,1
ENSG00000138443,1.2027012,1.0860037,GM12878,0.8488224,1.0,1
ENSG00000138443,1.2150246,1.0860037,GM12878,0.76654875,0.023201857,1
ENSG00000138443,1.2552532,1.0860037,GM12878,0.7716275,0.14430894,1
ENSG00000138443,1.2389095,1.0860037,GM12878,0.5547744,0.005976096,1
ENSG00000138443,1.2208025,1.0860037,GM12878,0.81431216,0.96893203,1
ENSG00000138443,1.1942395,1.0860037,GM12878,0.8720682,0.005976096,1
ENSG00000138443,1.20961,1.0860037,GM12878,0.81051654,0.82509506,1
ENSG00000138448,1.4119362,1.1010593,GM12878,0.88615733,1.0,1
ENSG00000138449,1.0122497,1.5110809,GM12878,0.91356057,1.0,1
ENSG00000139044,-0.650955,-0.537602,GM12878,0.9833892,1.0,1
ENSG00000139044,-0.69888353,-0.537602,GM12878,0.99085134,1.0,1
ENSG00000139044,-0.66276187,-0.537602,GM12878,0.9907567,1.0,1
ENSG00000139083,1.2947983,0.45636603,GM12878,0.8096955,1.0,1
ENSG00000139112,1.1104807,1.0476642,GM12878,0.8267715,1.0,1
ENSG00000139112,1.1176528,1.0476642,GM12878,0.893908,1.0,1
ENSG00000139116,0.84894544,1.2638726,GM12878,0.9011577,1.0,1
ENSG00000139116,0.9187175,1.2638726,GM12878,0.8981104,1.0,1
ENSG00000139116,0.8887169,1.2638726,GM12878,0.8653214,1.0,1
ENSG00000139116,0.87971884,1.2638726,GM12878,0.66639215,0.005291005,1
ENSG00000139116,0.9846308,1.2638726,GM12878,0.8295254,0.38004947,1
ENSG00000139116,0.9559195,1.2638726,GM12878,0.421538,0.03730738,1
ENSG00000139116,1.0668439,1.2638726,GM12878,0.8712343,0.9459459,1
ENSG00000139116,0.90064234,1.2638726,GM12878,0.6938225,0.01048218,1
ENSG00000139131,1.2197125,1.4364806,GM12878,0.90138644,1.0,1
ENSG00000139133,0.881011,1.0809871,GM12878,0.8486324,1.0,1
ENSG00000139133,0.881011,1.0809871,GM12878,0.8486324,1.0,1
ENSG00000139146,1.7583892,1.8637391,GM12878,0.81595474,1.0,1
ENSG00000139146,1.7583892,1.8637391,GM12878,0.81595474,1.0,1
ENSG00000139154,0.9220252,0.854913,GM12878,0.8969134,1.0,1
ENSG00000139160,1.1013774,-0.055517327,GM12878,0.87084955,1.0,1
ENSG00000139160,1.0733718,-0.055517327,GM12878,0.8884039,1.0,1
ENSG00000139163,1.5433373,1.4116197,GM12878,0.8557333,1.0,1
ENSG00000139163,1.4968288,1.4116197,GM12878,0.8546487,1.0,1
ENSG00000139163,1.4788437,1.4116197,GM12878,0.81177,1.0,1
ENSG00000139163,1.6168015,1.4116197,GM12878,0.7597156,1.0,1
ENSG00000139163,1.5627197,1.4116197,GM12878,0.77295053,0.0,1
ENSG00000139168,1.7924335,1.447778,GM12878,0.864715,1.0,1
ENSG00000139173,0.16969682,-0.1426675,GM12878,0.9344335,1.0,1
ENSG00000139173,0.17932175,-0.1426675,GM12878,0.94969743,1.0,1
ENSG00000139173,0.21406825,-0.1426675,GM12878,0.8726665,1.0,1
ENSG00000139174,-0.8518596,-0.17392519,GM12878,0.9819437,1.0,1
ENSG00000139178,1.5209198,0.7185017,GM12878,0.8954899,1.0,1
ENSG00000139180,1.3184421,1.8949803,GM12878,0.8207219,1.0,1
ENSG00000139180,1.2994063,1.8949803,GM12878,0.22415763,0.85535055,1
ENSG00000139182,0.9684095,1.3104808,GM12878,0.929992,1.0,1
ENSG00000139182,0.940225,1.3104808,GM12878,0.91792417,1.0,1
ENSG00000139182,1.0045015,1.3104808,GM12878,0.9082543,1.0,1
ENSG00000139187,-0.084775425,0.37106785,GM12878,0.96555096,1.0,1
ENSG00000139190,1.0181262,0.8280151,GM12878,0.7261396,1.0,1
ENSG00000139190,1.031385,0.8280151,GM12878,0.73038393,1.0,1
ENSG00000139190,1.0587461,0.8280151,GM12878,0.9359004,1.0,1
ENSG00000139190,1.0404077,0.8280151,GM12878,0.9027034,1.0,1
ENSG00000139192,0.73663217,-0.36653155,GM12878,0.9479377,1.0,1
ENSG00000139192,0.8858601,-0.36653155,GM12878,0.8711877,1.0,1
ENSG00000139192,0.8571319,-0.36653155,GM12878,0.90834,1.0,1
ENSG00000139192,0.6739885,-0.36653155,GM12878,0.94126827,1.0,1
ENSG00000139194,1.2117357,0.92737037,GM12878,0.90476924,1.0,1
ENSG00000139197,1.5366126,1.1152776,GM12878,0.7830003,1.0,1
ENSG00000139197,1.4525365,1.1152776,GM12878,0.80973196,0.392,1
ENSG00000139218,1.5748403,1.6919651,GM12878,0.89288765,1.0,1
ENSG00000139233,1.6621646,1.177825,GM12878,0.8408259,1.0,1
ENSG00000139263,-0.44997218,-0.7695511,GM12878,0.9506347,1.0,1
ENSG00000139266,0.49114522,0.8318698,GM12878,0.9583258,1.0,1
ENSG00000139278,-0.41229174,-0.55284196,GM12878,0.97853506,1.0,1
ENSG00000139278,-0.41229174,-0.55284196,GM12878,0.97853506,1.0,1
ENSG00000139278,-0.43906572,-0.55284196,GM12878,0.97292525,1.0,1
ENSG00000139278,-0.43906572,-0.55284196,GM12878,0.97292525,1.0,1
ENSG00000139278,-0.22852848,-0.55284196,GM12878,0.88031965,1.0,1
ENSG00000139291,1.2820628,1.1619666,GM12878,0.8659114,1.0,1
ENSG00000139291,1.4736972,1.1619666,GM12878,0.69364804,1.0,1
ENSG00000139323,1.51323,1.0802656,GM12878,0.8593848,1.0,1
ENSG00000139323,1.4530513,1.0802656,GM12878,0.88929147,1.0,1
ENSG00000139323,1.5094414,1.0802656,GM12878,0.37155503,0.16414687,1
ENSG00000139323,1.3763229,1.0802656,GM12878,0.8649757,0.79913604,1
ENSG00000139324,1.27468,0.69108146,GM12878,0.8683767,1.0,1
ENSG00000139324,1.2494845,0.69108146,GM12878,0.76697093,1.0,1
ENSG00000139324,1.091669,0.69108146,GM12878,0.7901956,1.0,1
ENSG00000139324,1.0960777,0.69108146,GM12878,0.87244606,1.0,1
ENSG00000139324,1.301752,0.69108146,GM12878,0.86856127,0.53318584,1
ENSG00000139343,1.3849858,1.5625308,GM12878,0.74736595,1.0,1
ENSG00000139350,1.6747124,1.3213912,GM12878,0.7123926,1.0,1
ENSG00000139350,1.6068361,1.3213912,GM12878,0.69928026,0.9693356,1
ENSG00000139351,-0.42399395,-0.69897,GM12878,0.9792829,1.0,1
ENSG00000139354,-0.15009493,0.30103,GM12878,0.9486376,1.0,1
ENSG00000139370,0.905754,1.2070955,GM12878,0.8863878,1.0,1
ENSG00000139370,0.8949791,1.2070955,GM12878,0.8518898,0.65,1
ENSG00000139372,1.7467185,1.6894865,GM12878,0.8891654,1.0,1
ENSG00000139372,1.8278545,1.6894865,GM12878,0.79227906,0.00046189377,1
ENSG00000139372,1.7094141,1.6894865,GM12878,0.8542053,0.990389,1
ENSG00000139372,2.0015376,1.6894865,GM12878,0.86306727,0.9840973,1
ENSG00000139405,2.027311,1.1492192,GM12878,0.85027444,1.0,1
ENSG00000139405,2.0715635,1.1492192,GM12878,0.8439566,1.0,1
ENSG00000139405,2.2980773,1.1492192,GM12878,0.85959744,0.99482757,1
ENSG00000139405,2.3062446,1.1492192,GM12878,0.8557469,0.96103895,1
ENSG00000139410,1.633544,0.91592723,GM12878,0.86742675,1.0,1
ENSG00000139428,1.5903575,1.595386,GM12878,0.8097828,1.0,1
ENSG00000139428,1.6832495,1.595386,GM12878,0.86835736,0.9215407,1
ENSG00000139433,0.64924353,0.5976952,GM12878,0.8658889,1.0,1
ENSG00000139433,0.64362854,0.5976952,GM12878,0.9384883,0.093333334,1
ENSG00000139436,1.4684256,1.360404,GM12878,0.88765025,1.0,1
ENSG00000139436,1.6079661,1.360404,GM12878,0.8438479,0.9881188,1
ENSG00000139436,1.5814168,1.360404,GM12878,0.9064191,0.9960396,1
ENSG00000139436,1.7903768,1.360404,GM12878,0.60338587,0.0023640662,1
ENSG00000139436,1.5725503,1.360404,GM12878,0.8249539,0.99527186,1
ENSG00000139437,0.6615788,1.0534626,GM12878,0.9339179,1.0,1
ENSG00000139437,0.7022786,1.0534626,GM12878,0.9424928,1.0,1
ENSG00000139438,0.2461878,-0.85387194,GM12878,0.95126134,1.0,1
ENSG00000139531,1.8523713,1.3984609,GM12878,0.7985878,1.0,1
ENSG00000139531,1.8851576,1.3984609,GM12878,0.7289579,0.75310034,1
ENSG00000139531,1.7664127,1.3984609,GM12878,0.69473994,0.41454864,1
ENSG00000139540,0.12351314,-0.69897,GM12878,0.9686516,1.0,1
ENSG00000139546,2.0807157,1.5749568,GM12878,0.8351716,1.0,1
ENSG00000139546,2.1086092,1.5749568,GM12878,0.78712213,1.0,1
ENSG00000139546,2.0898082,1.5749568,GM12878,0.80459064,1.0,1
ENSG00000139547,-0.48015878,-0.34678748,GM12878,0.9806733,1.0,1
ENSG00000139579,1.4448469,1.6471874,GM12878,0.8945008,1.0,1
ENSG00000139613,1.1194518,1.6319509,GM12878,0.91287905,1.0,1
ENSG00000139613,1.1961193,1.6319509,GM12878,0.8826897,0.9620438,1
ENSG00000139613,1.3195895,1.6319509,GM12878,0.8909363,0.35400516,1
ENSG00000139620,1.6595576,1.6909045,GM12878,0.85772,1.0,1
ENSG00000139620,1.5380375,1.6909045,GM12878,0.88847184,1.0,1
ENSG00000139620,1.6992431,1.6909045,GM12878,0.85512304,0.92889136,1
ENSG00000139624,1.1487193,1.5384481,GM12878,0.91137695,1.0,1
ENSG00000139624,1.2269717,1.5384481,GM12878,0.91934925,1.0,1
ENSG00000139624,0.9696903,1.5384481,GM12878,0.8934197,0.13030832,1
ENSG00000139624,1.1050023,1.5384481,GM12878,0.90709877,0.99424297,1
ENSG00000139624,1.200048,1.5384481,GM12878,0.79497814,0.871042,1
ENSG00000139624,1.1245534,1.5384481,GM12878,0.9009711,1.0,1
ENSG00000139624,1.0333046,1.5384481,GM12878,0.48077586,0.116637066,1
ENSG00000139625,0.29368976,0.20139712,GM12878,0.9491716,1.0,1
ENSG00000139626,0.8484947,0.029383779,GM12878,0.9460708,1.0,1
ENSG00000139629,0.43118113,0.7937904,GM12878,0.9636883,1.0,1
ENSG00000139629,0.4271768,0.7937904,GM12878,0.9553307,1.0,1
ENSG00000139629,0.52533793,0.7937904,GM12878,0.9596319,0.89329267,1
ENSG00000139631,1.9320159,1.2622137,GM12878,0.77794725,1.0,1
ENSG00000139636,1.5065466,1.7886633,GM12878,0.8194153,1.0,1
ENSG00000139636,1.4092842,1.7886633,GM12878,0.886194,1.0,1
ENSG00000139636,1.4324903,1.7886633,GM12878,0.87098366,1.0,1
ENSG00000139636,1.4531964,1.7886633,GM12878,0.8975667,1.0,1
ENSG00000139636,1.4075166,1.7886633,GM12878,0.71291286,1.0,1
ENSG00000139636,1.4198984,1.7886633,GM12878,0.8816133,1.0,1
ENSG00000139636,1.3850455,1.7886633,GM12878,0.7052832,0.9653938,1
ENSG00000139636,1.4466509,1.7886633,GM12878,0.9301309,0.3025862,1
ENSG00000139636,1.3375081,1.7886633,GM12878,0.74787796,0.056279622,1
ENSG00000139637,0.29548737,0.6117233,GM12878,0.9710349,1.0,1
ENSG00000139637,0.32295027,0.6117233,GM12878,0.9796429,1.0,1
ENSG00000139637,0.27502677,0.6117233,GM12878,0.9873218,0.972973,1
ENSG00000139641,1.6824639,2.1837254,GM12878,0.89693916,1.0,1
ENSG00000139644,1.5615901,2.473487,GM12878,0.77016866,1.0,1
ENSG00000139645,2.1599977,0.92582756,GM12878,0.82291615,1.0,1
ENSG00000139651,1.9565333,1.4324882,GM12878,0.82995915,1.0,1
ENSG00000139697,1.4025242,1.3342526,GM12878,0.87226903,1.0,1
ENSG00000139714,-0.41490337,-0.52287877,GM12878,0.9789216,1.0,1
ENSG00000139714,-0.49442932,-0.52287877,GM12878,0.98759323,1.0,1
ENSG00000139718,1.9403958,-0.07572071,GM12878,0.89334494,1.0,1
ENSG00000139719,1.5108217,1.2108533,GM12878,0.9073322,1.0,1
ENSG00000139719,1.5959527,1.2108533,GM12878,0.8234031,0.61228603,1
ENSG00000139722,1.8894902,1.0685569,GM12878,0.82737625,1.0,1
ENSG00000139722,1.9437904,1.0685569,GM12878,0.8871419,1.0,1
ENSG00000139725,0.65001065,0.61278385,GM12878,0.9780784,1.0,1
ENSG00000139725,0.6583455,0.61278385,GM12878,0.97512555,1.0,1
ENSG00000139725,0.63404775,0.61278385,GM12878,0.9756737,1.0,1
ENSG00000139726,1.2412783,1.5540043,GM12878,0.8232543,1.0,1
ENSG00000139726,1.2745352,1.5540043,GM12878,0.4716489,1.0,1
ENSG00000139726,1.1942233,1.5540043,GM12878,0.86019474,1.0,1
ENSG00000142327,1.5096353,0.7909885,GM12878,0.9077407,1.0,1
ENSG00000142330,1.1982843,0.95279247,GM12878,0.87083644,1.0,1
ENSG00000142330,1.3163515,0.95279247,GM12878,0.8583149,1.0,1
ENSG00000142330,1.3910317,0.95279247,GM12878,0.89885765,0.09266409,1
ENSG00000142330,1.2737906,0.95279247,GM12878,0.9013137,1.0,1
ENSG00000143727,1.672947,2.1746702,GM12878,0.8240232,1.0,1
ENSG00000143727,1.5728164,2.1746702,GM12878,0.80416346,1.0,1
ENSG00000143727,1.6212921,2.1746702,GM12878,0.83246654,1.0,1
ENSG00000143727,1.5419149,2.1746702,GM12878,0.7781642,1.0,1
ENSG00000143727,1.6559,2.1746702,GM12878,0.8505435,1.0,1
ENSG00000143727,1.6883186,2.1746702,GM12878,0.7575444,0.32360098,1
ENSG00000143727,1.6229032,2.1746702,GM12878,0.69364256,0.9009593,1
ENSG00000143797,0.744344,1.9423058,GM12878,0.8878368,1.0,1
ENSG00000143870,1.402057,2.217247,GM12878,0.88915825,1.0,1
ENSG00000143870,1.5874817,2.217247,GM12878,0.8874145,0.0037619076,1
ENSG00000143882,-0.92887276,-0.85387194,GM12878,0.9910773,1.0,1
ENSG00000143882,-0.9211865,-0.85387194,GM12878,0.9927671,1.0,1
ENSG00000143882,-0.9022589,-0.85387194,GM12878,0.9939757,1.0,1
ENSG00000143889,1.575185,1.9645425,GM12878,0.83395857,1.0,1
ENSG00000143889,1.5029548,1.9645425,GM12878,0.8299163,1.0,1
ENSG00000143891,1.1881554,1.5017437,GM12878,0.9010879,1.0,1
ENSG00000143919,1.5769173,0.968483,GM12878,0.7554805,1.0,1
ENSG00000143919,1.6380051,0.968483,GM12878,0.6628962,1.0,1
ENSG00000143924,1.248667,1.5285311,GM12878,0.8299232,1.0,1
ENSG00000143924,1.1903579,1.5285311,GM12878,0.92970407,0.96640587,1
ENSG00000143933,1.9441824,2.332095,GM12878,0.88691443,1.0,1
ENSG00000143933,2.0252845,2.332095,GM12878,0.8892007,1.0,1
ENSG00000143933,1.9946649,2.332095,GM12878,0.8850651,1.0,1
ENSG00000143933,1.9638909,2.332095,GM12878,0.6935211,1.0,1
ENSG00000143933,1.9638909,2.332095,GM12878,0.6935211,1.0,1
ENSG00000143933,1.9882263,2.332095,GM12878,0.79070765,0.003452381,1
ENSG00000143942,0.988513,0.9614211,GM12878,0.6722897,1.0,1
ENSG00000143951,1.3417559,0.61909336,GM12878,0.8245253,1.0,1
ENSG00000143951,1.3638394,0.61909336,GM12878,0.81490076,0.704,1
ENSG00000143951,1.1960711,0.61909336,GM12878,0.8446958,0.18340611,1
ENSG00000143952,0.9761296,1.1970047,GM12878,0.87204826,1.0,1
ENSG00000143952,1.1402724,1.1970047,GM12878,0.8920605,0.16591422,1
ENSG00000143952,1.0459603,1.1970047,GM12878,0.88782376,0.97564274,1
ENSG00000143970,1.4332756,1.1061909,GM12878,0.8929406,1.0,1
ENSG00000143971,0.90907496,0.84323275,GM12878,0.8565898,1.0,1
ENSG00000143971,0.39038876,0.84323275,GM12878,0.83919847,1.0,1
ENSG00000143971,0.9874169,0.84323275,GM12878,0.820007,1.0,1
ENSG00000143971,0.6187312,0.84323275,GM12878,0.7779925,1.0,1
ENSG00000143977,1.3679466,2.557411,GM12878,0.8802508,1.0,1
ENSG00000143977,1.3547486,2.557411,GM12878,0.49515003,1.0,1
ENSG00000143977,1.3547486,2.557411,GM12878,0.49515003,1.0,1
ENSG00000143977,1.3547486,2.557411,GM12878,0.49515003,0.9324989,1
ENSG00000143994,0.43751946,-0.61978877,GM12878,0.9701455,1.0,1
ENSG00000144021,1.9676644,1.9440383,GM12878,0.87775356,1.0,1
ENSG00000144021,2.0163076,1.9440383,GM12878,0.8943553,1.0,1
ENSG00000144021,1.9043452,1.9440383,GM12878,0.7649526,1.0,1
ENSG00000144021,1.749978,1.9440383,GM12878,0.8821274,1.0,1
ENSG00000144021,1.6201112,1.9440383,GM12878,0.8116208,1.0,1
ENSG00000144021,1.8865683,1.9440383,GM12878,0.8415898,1.0,1
ENSG00000144021,1.9362826,1.9440383,GM12878,0.8670856,0.77730757,1
ENSG00000144026,1.089289,1.193959,GM12878,0.8929302,1.0,1
ENSG00000144026,0.94536036,1.193959,GM12878,0.8584201,1.0,1
ENSG00000144028,1.776776,2.183099,GM12878,0.87819445,1.0,1
ENSG00000144028,1.5796578,2.183099,GM12878,0.72694933,0.002232475,1
ENSG00000144034,1.1340657,1.7953933,GM12878,0.9201108,1.0,1
ENSG00000144036,0.08821211,0.15228835,GM12878,0.9481204,1.0,1
ENSG00000144040,1.5364348,1.2046626,GM12878,0.85474193,1.0,1
ENSG00000144040,1.5494362,1.2046626,GM12878,0.8758794,0.034210525,1
ENSG00000144040,1.4447966,1.2046626,GM12878,0.8044836,0.778022,1
ENSG00000144040,1.5767325,1.2046626,GM12878,0.72735155,0.9750567,1
ENSG00000144040,1.6472542,1.2046626,GM12878,0.4898708,0.025761124,1
ENSG00000144043,1.4558544,1.7659664,GM12878,0.74150556,1.0,1
ENSG00000144043,1.4613026,1.7659664,GM12878,0.8105193,1.0,1
ENSG00000144043,1.4613026,1.7659664,GM12878,0.8105193,1.0,1
ENSG00000144043,1.4671757,1.7659664,GM12878,0.79897267,0.9393325,1
ENSG00000144048,1.3852118,1.3271545,GM12878,0.7967506,1.0,1
ENSG00000144118,1.1722853,1.66483,GM12878,0.88469034,1.0,1
ENSG00000144130,-0.13725668,0.61278385,GM12878,0.9889298,1.0,1
ENSG00000144130,-0.14864272,0.61278385,GM12878,0.98664075,1.0,1
ENSG00000144130,-0.19615419,0.61278385,GM12878,0.9518234,1.0,1
ENSG00000144130,-0.16222073,0.61278385,GM12878,0.97033083,1.0,1
ENSG00000144134,0.603368,0.6434527,GM12878,0.9371371,1.0,1
ENSG00000144136,2.241756,1.9937888,GM12878,0.8854122,1.0,1
ENSG00000144161,1.5715909,0.9278834,GM12878,0.82228386,1.0,1
ENSG00000144182,1.3896574,1.0867157,GM12878,0.2624465,0.17594936,1
ENSG00000144199,-0.23083161,1.2281436,GM12878,0.96633106,1.0,1
ENSG00000144224,1.4561763,1.9483151,GM12878,0.9076384,1.0,1
ENSG00000144224,1.5186412,1.9483151,GM12878,0.8703711,1.0,1
ENSG00000144224,1.5561047,1.9483151,GM12878,0.82471603,0.51618737,1
ENSG00000144228,1.872519,0.6560982,GM12878,0.8960704,1.0,1
ENSG00000144231,1.3260905,1.61878,GM12878,0.89433384,1.0,1
ENSG00000144231,1.5731633,1.61878,GM12878,0.7928408,0.44040555,1
ENSG00000144231,1.3260905,1.61878,GM12878,0.89433384,0.95606256,1
ENSG00000144233,0.051269017,0.8247765,GM12878,0.9555858,1.0,1
ENSG00000144283,0.96494687,1.7081659,GM12878,0.7572571,1.0,1
ENSG00000144283,0.8044317,1.7081659,GM12878,0.90105903,0.7247088,1
ENSG00000144283,0.85411423,1.7081659,GM12878,0.884923,0.74196076,1
ENSG00000144306,1.0155313,1.0881361,GM12878,0.922063,1.0,1
ENSG00000144306,1.0502974,1.0881361,GM12878,0.9145018,1.0,1
ENSG00000144306,0.9925787,1.0881361,GM12878,0.90926814,0.9485646,1
ENSG00000144320,1.3146724,1.4331295,GM12878,0.8904831,1.0,1
ENSG00000144320,1.3413984,1.4331295,GM12878,0.26760107,0.04285049,1
ENSG00000144354,1.5296919,1.980912,GM12878,0.87242544,1.0,1
ENSG00000144354,1.5725583,1.980912,GM12878,0.8714363,0.9986503,1
ENSG00000144354,1.5441127,1.980912,GM12878,0.8810353,0.12868,1
ENSG00000144354,1.582014,1.980912,GM12878,0.8684025,0.0,1
ENSG00000144354,1.5017005,1.980912,GM12878,0.78437364,0.9874893,1
ENSG00000144381,1.7662481,2.5907862,GM12878,0.86479264,1.0,1
ENSG00000144395,0.53191775,1.2084414,GM12878,0.932644,1.0,1
ENSG00000144401,1.558356,1.4247184,GM12878,0.872787,1.0,1
ENSG00000144445,1.0700636,0.6803355,GM12878,0.88880396,1.0,1
ENSG00000144445,0.7806218,0.6803355,GM12878,0.801693,1.0,1
ENSG00000144468,1.4801315,1.3993275,GM12878,0.81690407,1.0,1
ENSG00000144468,1.6350905,1.3993275,GM12878,0.85076994,1.0,1
ENSG00000144468,1.6267142,1.3993275,GM12878,0.62430644,1.0,1
ENSG00000144468,1.6267142,1.3993275,GM12878,0.62430644,1.0,1
ENSG00000144468,1.6349158,1.3993275,GM12878,0.86498,1.0,1
ENSG00000144485,1.2470516,1.5031095,GM12878,0.90724504,1.0,1
ENSG00000144485,1.3223925,1.5031095,GM12878,0.91834503,0.993865,1
ENSG00000144488,-0.5194225,-0.82390875,GM12878,0.9841494,1.0,1
ENSG00000144504,1.3149004,1.1122698,GM12878,0.9143688,1.0,1
ENSG00000144504,1.3317239,1.1122698,GM12878,0.90939325,0.09848485,1
ENSG00000144504,1.238406,1.1122698,GM12878,0.9089635,0.84090906,1
ENSG00000144524,1.4411149,1.6443402,GM12878,0.7805435,1.0,1
ENSG00000144524,1.3690381,1.6443402,GM12878,0.90570635,1.0,1
ENSG00000144524,1.409638,1.6443402,GM12878,0.80991083,0.95001966,1
ENSG00000144524,1.4731764,1.6443402,GM12878,0.8085502,0.041322313,1
ENSG00000144524,1.476556,1.6443402,GM12878,0.7168245,0.0011231748,1
ENSG00000144535,1.5035863,0.57054293,GM12878,0.87153816,1.0,1
ENSG00000144567,1.6202444,1.5022905,GM12878,0.6608323,1.0,1
ENSG00000144567,1.6220636,1.5022905,GM12878,0.6792441,1.0,1
ENSG00000144567,1.6331439,1.5022905,GM12878,0.8775445,1.0,1
ENSG00000144579,2.1526237,1.6488477,GM12878,0.869226,1.0,1
ENSG00000144580,1.5749398,1.7729814,GM12878,0.8075421,1.0,1
ENSG00000144580,1.6240603,1.7729814,GM12878,0.234413,0.023099652,1
ENSG00000144589,1.8487685,0.88479537,GM12878,0.89205796,1.0,1
ENSG00000144591,1.8269649,1.9159799,GM12878,0.73782784,1.0,1
ENSG00000149948,-0.8844542,-0.36653155,GM12878,0.9924901,1.0,1
ENSG00000150938,-0.78876644,-0.5850267,GM12878,0.97075784,1.0,1
ENSG00000150938,-0.78007036,-0.5850267,GM12878,0.98101234,1.0,1
ENSG00000150967,0.1704276,0.71349055,GM12878,0.9799344,0.6142857,1
ENSG00000150977,1.0379366,0.53147894,GM12878,0.90617454,1.0,1
ENSG00000150977,1.1080962,0.53147894,GM12878,0.8959034,1.0,1
ENSG00000150990,0.83357155,0.8744818,GM12878,0.92629427,1.0,1
ENSG00000151065,0.9198913,0.74272513,GM12878,0.91172415,1.0,1
ENSG00000151065,0.99289376,0.74272513,GM12878,0.8952168,1.0,1
ENSG00000151065,0.99963194,0.74272513,GM12878,0.69600505,1.0,1
ENSG00000151131,1.2007089,1.133539,GM12878,0.7947517,1.0,1
ENSG00000151131,1.1201704,1.133539,GM12878,0.8700156,1.0,1
ENSG00000151135,1.8916034,1.4671639,GM12878,0.7453934,1.0,1
ENSG00000151135,1.92927,1.4671639,GM12878,0.84600055,1.0,1
ENSG00000151135,1.92927,1.4671639,GM12878,0.84600055,1.0,1
ENSG00000151135,1.92927,1.4671639,GM12878,0.84600055,1.0,1
ENSG00000151135,1.8916034,1.4671639,GM12878,0.7453934,0.3417466,1
ENSG00000151135,1.9427516,1.4671639,GM12878,0.667112,0.17813383,1
ENSG00000151135,1.9411095,1.4671639,GM12878,0.53908503,0.058315333,1
ENSG00000151148,1.6194766,1.3106933,GM12878,0.8670119,1.0,1
ENSG00000151148,1.7268505,1.3106933,GM12878,0.8423468,0.9882507,1
ENSG00000151164,1.4524858,-0.45593196,GM12878,0.895144,1.0,1
ENSG00000151164,1.5166827,-0.45593196,GM12878,0.90214276,1.0,1
ENSG00000151176,1.4538056,0.71933126,GM12878,0.85962856,1.0,1
ENSG00000151176,1.4232681,0.71933126,GM12878,0.89944035,1.0,1
ENSG00000151176,1.4837619,0.71933126,GM12878,0.8783776,0.9662162,1
ENSG00000151229,1.0544991,0.770852,GM12878,0.8643497,1.0,1
ENSG00000151229,0.90709,0.770852,GM12878,0.8256018,1.0,1
ENSG00000151233,0.99373525,0.7671559,GM12878,0.91914207,1.0,1
ENSG00000151233,0.9751057,0.7671559,GM12878,0.9192568,1.0,1
ENSG00000151233,1.103149,0.7671559,GM12878,0.8151913,0.7147826,1
ENSG00000151239,1.3866746,1.2177471,GM12878,0.87069184,1.0,1
ENSG00000151239,1.4287113,1.2177471,GM12878,0.8395044,1.0,1
ENSG00000151239,1.2763617,1.2177471,GM12878,0.532089,0.0,1
ENSG00000151239,1.2848833,1.2177471,GM12878,0.75710326,0.057666216,1
ENSG00000151353,1.3135211,1.2979792,GM12878,0.8511934,1.0,1
ENSG00000151665,1.5152656,1.7770642,GM12878,0.8672284,1.0,1
ENSG00000151665,1.4923397,1.7770642,GM12878,0.8779106,0.7399518,1
ENSG00000151687,-0.15284398,-0.31875876,GM12878,0.971018,1.0,1
ENSG00000151689,-0.4194658,0.7075702,GM12878,0.9755068,1.0,1
ENSG00000151690,0.6961784,0.61700034,GM12878,0.94268894,1.0,1
ENSG00000151692,0.35255665,0.9132839,GM12878,0.93909436,1.0,1
ENSG00000151694,1.3357811,0.98677176,GM12878,0.64268005,1.0,1
ENSG00000151694,1.4433968,0.98677176,GM12878,0.8386439,1.0,1
ENSG00000151694,1.3800882,0.98677176,GM12878,0.82309175,1.0,1
ENSG00000151694,1.3222144,0.98677176,GM12878,0.8793896,1.0,1
ENSG00000151743,1.2455425,1.3163898,GM12878,0.88593227,1.0,1
ENSG00000151743,1.3136095,1.3163898,GM12878,0.71611536,1.0,1
ENSG00000151743,1.1716663,1.3163898,GM12878,0.88064486,1.0,1
ENSG00000151743,1.1716663,1.3163898,GM12878,0.88064486,1.0,1
ENSG00000151743,1.1995732,1.3163898,GM12878,0.7972839,1.0,1
ENSG00000151743,1.2044061,1.3163898,GM12878,0.8962263,1.0,1
ENSG00000151743,1.2251354,1.3163898,GM12878,0.87917143,0.88271606,1
ENSG00000151743,1.2251354,1.3163898,GM12878,0.87917143,0.36334196,1
ENSG00000151746,0.8431566,0.9804579,GM12878,0.9013839,1.0,1
ENSG00000151746,0.9125233,0.9804579,GM12878,0.9088054,1.0,1
ENSG00000151746,0.6673901,0.9804579,GM12878,0.8729948,1.0,1
ENSG00000151746,0.99069315,0.9804579,GM12878,0.9227908,1.0,1
ENSG00000151746,0.8677883,0.9804579,GM12878,0.9084243,1.0,1
ENSG00000151746,0.7560467,0.9804579,GM12878,0.88770574,1.0,1
ENSG00000151746,0.8743079,0.9804579,GM12878,0.9046658,1.0,1
ENSG00000151746,0.9950041,0.9804579,GM12878,0.88724804,1.0,1
ENSG00000151779,1.6425292,1.6458151,GM12878,0.83502686,1.0,1
ENSG00000151779,1.7160795,1.6458151,GM12878,0.87132454,1.0,1
ENSG00000151779,1.6796737,1.6458151,GM12878,0.8686466,1.0,1
ENSG00000151779,1.559941,1.6458151,GM12878,0.88688344,1.0,1
ENSG00000151779,1.5667626,1.6458151,GM12878,0.8106279,0.93941844,1
ENSG00000151779,1.4349021,1.6458151,GM12878,0.86131847,0.7257094,1
ENSG00000151779,1.6390457,1.6458151,GM12878,0.8809137,0.0,1
ENSG00000152056,0.028749501,-0.30980393,GM12878,0.9195422,1.0,1
ENSG00000152076,-0.18263862,0.14921911,GM12878,0.9708082,1.0,1
ENSG00000152082,1.4783016,2.0530784,GM12878,0.8387983,1.0,1
ENSG00000152082,1.644315,2.0530784,GM12878,0.86501396,0.45897877,1
ENSG00000152102,1.3567038,1.6353832,GM12878,0.87482905,1.0,1
ENSG00000152127,0.996522,0.8254261,GM12878,0.9205226,1.0,1
ENSG00000152128,-0.8221918,-0.24412514,GM12878,0.9652745,1.0,1
ENSG00000152128,-0.8440687,-0.24412514,GM12878,0.98747,1.0,1
ENSG00000152133,1.7281698,1.0899051,GM12878,0.9039587,1.0,1
ENSG00000152133,1.8123429,1.0899051,GM12878,0.85731214,1.0,1
ENSG00000152147,0.94848627,1.2643455,GM12878,0.8494555,0.0,1
ENSG00000152147,0.93891984,1.2643455,GM12878,0.86001813,0.8342451,1
ENSG00000152253,1.3191364,1.7322329,GM12878,0.8761115,1.0,1
ENSG00000152253,1.4577955,1.7322329,GM12878,0.87987745,1.0,1
ENSG00000152253,1.3649548,1.7322329,GM12878,0.90539706,1.0,1
ENSG00000152253,1.4075602,1.7322329,GM12878,0.85608286,1.0,1
ENSG00000152253,1.4819096,1.7322329,GM12878,0.8997652,1.0,1
ENSG00000152256,1.2959324,2.1176689,GM12878,0.87421167,1.0,1
ENSG00000152256,1.4204882,2.1176689,GM12878,0.76905036,0.22713213,1
ENSG00000152284,-0.5367387,-0.9586073,GM12878,0.9766127,1.0,1
ENSG00000152291,1.8752394,1.5982432,GM12878,0.8369891,1.0,1
ENSG00000152291,1.8752394,1.5982432,GM12878,0.8369891,1.0,1
ENSG00000152291,1.71321,1.5982432,GM12878,0.9000324,1.0,1
ENSG00000152291,1.7133099,1.5982432,GM12878,0.8901526,1.0,1
ENSG00000152291,1.7513623,1.5982432,GM12878,0.8981038,1.0,1
ENSG00000152292,2.0104547,-0.38721615,GM12878,0.7804724,1.0,1
ENSG00000152556,0.30182853,1.4168068,GM12878,0.88979954,0.00097276265,1
ENSG00000152683,1.9840385,1.4912215,GM12878,0.85645765,1.0,1
ENSG00000152683,2.1092937,1.4912215,GM12878,0.8139303,0.9926271,1
ENSG00000152683,2.0055861,1.4912215,GM12878,0.6394763,0.977828,1
ENSG00000152683,1.9673417,1.4912215,GM12878,0.28965726,0.14517406,1
ENSG00000152683,2.1593363,1.4912215,GM12878,0.76713914,0.09057301,1
ENSG00000152683,2.1636229,1.4912215,GM12878,0.6240057,0.8370861,1
ENSG00000152683,2.0452452,1.4912215,GM12878,0.7398002,0.9651352,1
ENSG00000152689,0.102638595,0.033423755,GM12878,0.8819181,1.0,1
ENSG00000152944,1.076891,1.6620018,GM12878,0.9041417,1.0,1
ENSG00000152944,1.1557751,1.6620018,GM12878,0.88689804,0.95557076,1
ENSG00000153093,-0.74371195,-0.28399664,GM12878,0.9951467,1.0,1
ENSG00000153094,0.908927,0.5899496,GM12878,0.87110466,1.0,1
ENSG00000153094,1.2311094,0.5899496,GM12878,0.8643072,1.0,1
ENSG00000153107,1.8687513,1.7555699,GM12878,0.8354492,1.0,1
ENSG00000153107,1.7858319,1.7555699,GM12878,0.83046067,1.0,1
ENSG00000153165,-0.07311634,-0.92081875,GM12878,0.9514545,1.0,1
ENSG00000153165,-0.081125505,-0.92081875,GM12878,0.96586967,1.0,1
ENSG00000153165,-0.23639803,-0.92081875,GM12878,0.97295254,1.0,1
ENSG00000153179,1.488525,1.2857822,GM12878,0.88094956,1.0,1
ENSG00000153179,1.5397145,1.2857822,GM12878,0.87803465,1.0,1
ENSG00000153179,1.4006382,1.2857822,GM12878,0.8948535,0.98282146,1
ENSG00000153201,1.2509716,1.3047059,GM12878,0.8941045,1.0,1
ENSG00000153208,0.16653223,0.25042,GM12878,0.9653877,1.0,1
ENSG00000153214,1.3618317,1.0606978,GM12878,0.8739963,1.0,1
ENSG00000153214,1.3861126,1.0606978,GM12878,0.73812646,0.96893203,1
ENSG00000153561,0.5097977,1.3207692,GM12878,0.9390599,1.0,1
ENSG00000153574,1.2317969,1.2753114,GM12878,0.8368506,1.0,1
ENSG00000153827,1.466497,1.7670816,GM12878,0.8824192,1.0,1
ENSG00000153827,1.5426463,1.7670816,GM12878,0.7812165,1.0,1
ENSG00000153827,1.466812,1.7670816,GM12878,0.8436098,1.0,1
ENSG00000153827,1.5136244,1.7670816,GM12878,0.79730815,0.328232,1
ENSG00000153832,1.2661649,-0.013228266,GM12878,0.89932,1.0,1
ENSG00000154252,-0.16912669,-0.88605666,GM12878,0.9125585,1.0,1
ENSG00000154252,-0.19830662,-0.88605666,GM12878,0.966564,1.0,1
ENSG00000154518,1.9105719,3.2507079,GM12878,0.8072201,1.0,1
ENSG00000155368,1.0762547,2.0240338,GM12878,0.9129626,1.0,1
ENSG00000155368,1.0581151,2.0240338,GM12878,0.8460844,0.00058468134,1
ENSG00000155368,1.0857369,2.0240338,GM12878,0.8723229,0.004561778,1
ENSG00000155368,1.115133,2.0240338,GM12878,0.87116355,0.0,1
ENSG00000155438,1.3091997,1.6143699,GM12878,0.8749525,1.0,1
ENSG00000155636,0.8726541,1.0845762,GM12878,0.9314413,1.0,1
ENSG00000155729,1.2191795,0.36921585,GM12878,0.873798,1.0,1
ENSG00000155744,1.5486265,1.0334238,GM12878,0.9021015,1.0,1
ENSG00000155744,1.5575761,1.0334238,GM12878,0.8915814,1.0,1
ENSG00000155744,1.6611497,1.0334238,GM12878,0.84441483,1.0,1
ENSG00000155744,1.4790349,1.0334238,GM12878,0.8987597,0.24071322,1
ENSG00000155744,1.5475296,1.0334238,GM12878,0.69788265,0.24071322,1
ENSG00000155749,-0.35197642,-0.56863624,GM12878,0.975001,1.0,1
ENSG00000155755,0.14299038,1.154424,GM12878,0.80539995,1.0,1
ENSG00000155755,0.09046843,1.154424,GM12878,0.9581105,1.0,1
ENSG00000155755,0.021511024,1.154424,GM12878,0.8739091,1.0,1
ENSG00000155755,0.026456645,1.154424,GM12878,0.9435521,1.0,1
ENSG00000155755,0.11338586,1.154424,GM12878,0.7825641,1.0,1
ENSG00000155755,0.09541402,1.154424,GM12878,0.6814653,1.0,1
ENSG00000155957,1.1674734,1.6821451,GM12878,0.6352617,1.0,1
ENSG00000155957,1.1947787,1.6821451,GM12878,0.57175153,0.98955226,1
ENSG00000155957,1.2185644,1.6821451,GM12878,0.72394407,0.9916418,1
ENSG00000155980,0.8930437,1.1464381,GM12878,0.939342,1.0,1
ENSG00000155980,1.1613994,1.1464381,GM12878,0.9674777,1.0,1
ENSG00000156973,0.9232803,0.99782306,GM12878,0.9103393,1.0,1
ENSG00000157827,0.15561698,-0.60206,GM12878,0.88361835,1.0,1
ENSG00000157827,0.17369963,-0.60206,GM12878,0.9203028,1.0,1
ENSG00000157833,0.15912585,0.587711,GM12878,0.9716628,1.0,1
ENSG00000157833,0.18829545,0.587711,GM12878,0.9648706,1.0,1
ENSG00000157833,0.068983905,0.587711,GM12878,0.9577261,1.0,1
ENSG00000157837,1.2764765,0.7535831,GM12878,0.86124355,1.0,1
ENSG00000157895,0.8805719,0.9116902,GM12878,0.9063918,1.0,1
ENSG00000157895,1.0361763,0.9116902,GM12878,0.89840317,1.0,1
ENSG00000157895,0.81359524,0.9116902,GM12878,0.8337379,0.11241218,1
ENSG00000157992,0.24173109,0.1271048,GM12878,0.98757684,1.0,1
ENSG00000158019,1.4788065,1.2789822,GM12878,0.78461635,1.0,1
ENSG00000158019,1.4980578,1.2789822,GM12878,0.8210998,1.0,1
ENSG00000158019,1.5603498,1.2789822,GM12878,0.71958756,0.08649553,1
ENSG00000158019,1.4183844,1.2789822,GM12878,0.6899413,0.070913464,1
ENSG00000158019,1.2140805,1.2789822,GM12878,0.8337292,0.0686747,1
ENSG00000158023,-0.2724843,1.2177471,GM12878,0.981831,1.0,1
ENSG00000158023,-0.2724843,1.2177471,GM12878,0.981831,1.0,1
ENSG00000158023,-0.30456117,1.2177471,GM12878,0.9713452,1.0,1
ENSG00000158050,-0.22014962,-0.92081875,GM12878,0.97576433,1.0,1
ENSG00000158050,-0.17198053,-0.92081875,GM12878,0.97089505,1.0,1
ENSG00000158104,-0.446225,-0.88605666,GM12878,0.9425509,1.0,1
ENSG00000158158,0.36917624,0.5998831,GM12878,0.968386,1.0,1
ENSG00000158158,0.3736989,0.5998831,GM12878,0.96722066,1.0,1
ENSG00000158411,0.9403534,1.3226327,GM12878,0.8421095,1.0,1
ENSG00000158417,1.5929588,1.408918,GM12878,0.86430943,1.0,1
ENSG00000158435,1.2195884,1.876968,GM12878,0.89357185,1.0,1
ENSG00000158552,1.4165602,1.3527611,GM12878,0.90360236,1.0,1
ENSG00000159335,1.6225355,1.7976829,GM12878,0.8994194,1.0,1
ENSG00000159335,1.6271967,1.7976829,GM12878,0.9206635,1.0,1
ENSG00000159374,0.056327008,-0.82390875,GM12878,0.9468801,1.0,1
ENSG00000159374,0.1253952,-0.82390875,GM12878,0.96667284,1.0,1
ENSG00000159399,1.1851692,1.5694909,GM12878,0.88677186,1.0,1
ENSG00000159403,-0.48090115,-0.27572414,GM12878,0.99004257,1.0,1
ENSG00000159403,-0.528102,-0.27572414,GM12878,0.9859439,1.0,1
ENSG00000159403,-0.5816582,-0.27572414,GM12878,0.98273474,1.0,1
ENSG00000161638,1.4438404,1.8184239,GM12878,0.8891299,1.0,1
ENSG00000161642,0.49323937,0.97034687,GM12878,0.97998273,1.0,1
ENSG00000161642,0.49323937,0.97034687,GM12878,0.97998273,1.0,1
ENSG00000161642,0.50919265,0.97034687,GM12878,0.97930944,0.9419355,1
ENSG00000161791,1.0202041,0.7489629,GM12878,0.81275463,1.0,1
ENSG00000161791,0.8745929,0.7489629,GM12878,0.92209864,0.27094972,1
ENSG00000161813,1.4096082,1.5618167,GM12878,0.6966591,1.0,1
ENSG00000161813,1.3336738,1.5618167,GM12878,0.5565226,0.19802445,1
ENSG00000161813,1.4690837,1.5618167,GM12878,0.73955524,0.9883408,1
ENSG00000161813,1.241293,1.5618167,GM12878,0.8912908,0.96921074,1
ENSG00000161835,-0.3354614,-0.08618615,GM12878,0.96073097,1.0,1
ENSG00000161835,-0.37467837,-0.08618615,GM12878,0.97379434,1.0,1
ENSG00000161835,-0.2769811,-0.08618615,GM12878,0.96584976,1.0,1
ENSG00000162869,1.5046238,1.0762763,GM12878,0.72561824,1.0,1
ENSG00000162869,1.4636694,1.0762763,GM12878,0.846426,0.9591837,1
ENSG00000162869,1.4644879,1.0762763,GM12878,0.5970233,0.9138322,1
ENSG00000162878,-0.36157542,1.1743506,GM12878,0.98426336,1.0,1
ENSG00000162878,-0.30314228,1.1743506,GM12878,0.98177147,1.0,1
ENSG00000162878,-0.2887241,1.1743506,GM12878,0.98096013,1.0,1
ENSG00000162878,-0.2783105,1.1743506,GM12878,0.98342943,1.0,1
ENSG00000162878,-0.31998703,1.1743506,GM12878,0.984379,1.0,1
ENSG00000162924,1.3174512,0.6963564,GM12878,0.8833029,1.0,1
ENSG00000162924,1.2985748,0.6963564,GM12878,0.5173709,0.5,1
ENSG00000162927,1.790587,0.85064626,GM12878,0.8751765,1.0,1
ENSG00000162928,1.9849267,1.3279716,GM12878,0.86250633,1.0,1
ENSG00000162929,0.71316665,0.7331973,GM12878,0.9203367,1.0,1
ENSG00000162929,1.0099553,0.7331973,GM12878,0.6353253,0.6365915,1
ENSG00000162929,0.87939876,0.7331973,GM12878,0.87547946,0.97243106,1
ENSG00000162959,1.4584476,1.6905504,GM12878,0.7995262,0.9353838,1
ENSG00000162959,1.2247319,1.6905504,GM12878,0.8497861,0.98249197,1
ENSG00000162961,1.5315378,2.0017338,GM12878,0.73712057,1.0,1
ENSG00000162971,1.5887305,0.61384183,GM12878,0.86621124,1.0,1
ENSG00000162971,1.5471693,0.61384183,GM12878,0.7749841,1.0,1
ENSG00000162971,1.5867144,0.61384183,GM12878,0.8178031,0.52492666,1
ENSG00000162971,1.503217,0.61384183,GM12878,0.810499,0.49720672,1
ENSG00000162971,1.4185671,0.61384183,GM12878,0.81951636,0.64285713,1
ENSG00000162972,1.6285887,1.2219356,GM12878,0.8165156,1.0,1
ENSG00000162972,1.8460526,1.2219356,GM12878,0.77384603,1.0,1
ENSG00000162972,1.839637,1.2219356,GM12878,0.85554236,1.0,1
ENSG00000162972,1.759503,1.2219356,GM12878,0.79617786,1.0,1
ENSG00000162976,1.2158028,1.3743817,GM12878,0.80499774,1.0,1
ENSG00000162976,1.2559079,1.3743817,GM12878,0.7880275,1.0,1
ENSG00000162976,1.2723246,1.3743817,GM12878,0.79426146,1.0,1
ENSG00000162976,1.1696439,1.3743817,GM12878,0.80724794,0.94198626,1
ENSG00000162976,1.1953202,1.3743817,GM12878,0.75345844,0.5866503,1
ENSG00000162980,1.4046886,1.7244397,GM12878,0.88309073,1.0,1
ENSG00000162994,1.3334662,0.98677176,GM12878,0.8629696,1.0,1
ENSG00000162994,1.328243,0.98677176,GM12878,0.88526714,1.0,1
ENSG00000162998,-0.9807022,-0.82390875,GM12878,0.99304503,1.0,1
ENSG00000162999,1.7265108,0.65513843,GM12878,0.64962775,1.0,1
ENSG00000162999,1.7265108,0.65513843,GM12878,0.64962775,1.0,1
ENSG00000163001,0.8928308,1.512017,GM12878,0.8941554,1.0,1
ENSG00000163001,0.9167991,1.512017,GM12878,0.86984754,0.56860745,1
ENSG00000163002,1.427532,1.5519377,GM12878,0.8281692,1.0,1
ENSG00000163002,1.5126472,1.5519377,GM12878,0.8924387,0.874599,1
ENSG00000163006,0.8846714,1.0874264,GM12878,0.84335655,1.0,1
ENSG00000163006,0.7140494,1.0874264,GM12878,0.8404415,0.73622507,1
ENSG00000163013,0.91128355,0.67209786,GM12878,0.89775795,1.0,1
ENSG00000163026,1.1456369,1.4896773,GM12878,0.8581141,1.0,1
ENSG00000163026,1.1456369,1.4896773,GM12878,0.8581141,1.0,1
ENSG00000163026,1.353973,1.4896773,GM12878,0.8614684,0.93406147,1
ENSG00000163029,1.9028733,1.507451,GM12878,0.863745,1.0,1
ENSG00000163029,1.7710959,1.507451,GM12878,0.71852124,0.056740616,1
ENSG00000163029,1.6373719,1.507451,GM12878,0.77186245,0.17406143,1
ENSG00000163040,0.084510095,1.3062105,GM12878,0.80676275,1.0,1
ENSG00000163040,0.051143922,1.3062105,GM12878,0.94345486,1.0,1
ENSG00000163040,0.2333617,1.3062105,GM12878,0.8825305,1.0,1
ENSG00000163040,0.1899929,1.3062105,GM12878,0.95131606,0.9887937,1
ENSG00000163053,-0.82436055,-0.9586073,GM12878,0.98512924,1.0,1
ENSG00000163082,-0.7850848,-0.9586073,GM12878,0.9783925,1.0,1
ENSG00000163082,-0.7084232,-0.9586073,GM12878,0.979572,1.0,1
ENSG00000163093,1.072263,0.36921585,GM12878,0.81675357,1.0,1
ENSG00000163093,0.91827965,0.36921585,GM12878,0.6695474,0.5,1
ENSG00000163126,1.1508163,0.70243055,GM12878,0.91100156,1.0,1
ENSG00000163126,1.1130044,0.70243055,GM12878,0.9113667,0.8079096,1
ENSG00000163161,1.3550618,1.6307329,GM12878,0.9200373,1.0,1
ENSG00000163162,0.7731226,1.3396502,GM12878,0.9056608,1.0,1
ENSG00000163162,0.82192206,1.3396502,GM12878,0.8668784,1.0,1
ENSG00000163166,1.3955431,1.5113485,GM12878,0.7568061,1.0,1
ENSG00000163166,1.2999214,1.5113485,GM12878,0.84166783,1.0,1
ENSG00000163166,1.2289537,1.5113485,GM12878,0.85880446,0.97981983,1
ENSG00000163170,1.9072325,2.0399294,GM12878,0.8231857,1.0,1
ENSG00000163170,1.9072325,2.0399294,GM12878,0.8231857,1.0,1
ENSG00000163170,1.963494,2.0399294,GM12878,0.8377023,0.5649986,1
ENSG00000163219,-0.41574043,0.80821097,GM12878,0.9654287,1.0,1
ENSG00000163249,1.4629952,0.7126497,GM12878,0.886645,1.0,1
ENSG00000163249,1.6132594,0.7126497,GM12878,0.75150335,1.0,1
ENSG00000163249,1.4814492,0.7126497,GM12878,0.8424174,1.0,1
ENSG00000163249,1.4640405,0.7126497,GM12878,0.8733329,1.0,1
ENSG00000163249,1.4325922,0.7126497,GM12878,0.8520764,1.0,1
ENSG00000163328,0.6956927,-0.32790214,GM12878,0.7847341,1.0,1
ENSG00000163328,0.5843131,-0.32790214,GM12878,0.89719343,1.0,1
ENSG00000163328,0.7972407,-0.32790214,GM12878,0.88318217,1.0,1
ENSG00000163328,0.66561514,-0.32790214,GM12878,0.9351136,1.0,1
ENSG00000163328,0.61045176,-0.32790214,GM12878,0.9211689,1.0,1
ENSG00000163328,0.6351407,-0.32790214,GM12878,0.8745855,1.0,1
ENSG00000163466,1.6434456,2.156731,GM12878,0.8811876,1.0,1
ENSG00000163466,1.6700921,2.156731,GM12878,0.8577686,1.0,1
ENSG00000163466,1.5262084,2.156731,GM12878,0.8541287,1.0,1
ENSG00000163466,1.621378,2.156731,GM12878,0.8087758,0.0,1
ENSG00000163481,0.88160384,1.577032,GM12878,0.9136083,1.0,1
ENSG00000163482,1.3871837,1.1376705,GM12878,0.8695051,1.0,1
ENSG00000163510,1.9335302,0.96754795,GM12878,0.8315214,1.0,1
ENSG00000163510,1.9317431,0.96754795,GM12878,0.8446978,1.0,1
ENSG00000163510,1.8792384,0.96754795,GM12878,0.8295296,1.0,1
ENSG00000163510,2.0234818,0.96754795,GM12878,0.79304034,1.0,1
ENSG00000163516,1.6330127,1.7165042,GM12878,0.92659426,1.0,1
ENSG00000163516,1.5536455,1.7165042,GM12878,0.92581564,1.0,1
ENSG00000163516,1.5161588,1.7165042,GM12878,0.85610324,1.0,1
ENSG00000163521,0.036745243,0.2966652,GM12878,0.9792518,1.0,1
ENSG00000163521,0.018782122,0.2966652,GM12878,0.97984856,0.36,1
ENSG00000163535,1.8974444,1.2260841,GM12878,0.7407863,1.0,1
ENSG00000163535,1.5294617,1.2260841,GM12878,0.8225654,1.0,1
ENSG00000163541,1.5565076,1.836514,GM12878,0.8530313,1.0,1
ENSG00000163596,0.8344225,0.07188201,GM12878,0.6073423,1.0,1
ENSG00000163596,0.8668179,0.07188201,GM12878,0.8633255,1.0,1
ENSG00000163596,0.90216404,0.07188201,GM12878,0.87214,1.0,1
ENSG00000163795,1.6818364,0.64933485,GM12878,0.7624398,1.0,1
ENSG00000163795,1.6447833,0.64933485,GM12878,0.79914767,1.0,1
ENSG00000163798,1.4343611,1.095518,GM12878,0.86387515,1.0,1
ENSG00000163806,-0.5604951,-0.7695511,GM12878,0.9394372,1.0,1
ENSG00000163811,1.3881985,2.130623,GM12878,0.7959242,1.0,1
ENSG00000163811,1.3370888,2.130623,GM12878,0.8331453,1.0,1
ENSG00000163811,1.288407,2.130623,GM12878,0.83931285,1.0,1
ENSG00000163811,1.4919994,2.130623,GM12878,0.7798467,1.0,1
ENSG00000165714,1.2826196,0.7474118,GM12878,0.8964812,1.0,1
ENSG00000165714,1.2052654,0.7474118,GM12878,0.8139302,0.9166667,1
ENSG00000165891,1.0918219,0.7737864,GM12878,0.8081766,1.0,1
ENSG00000165891,1.0435265,0.7737864,GM12878,0.8412678,1.0,1
ENSG00000166046,0.9162304,0.5237465,GM12878,0.90258753,1.0,1
ENSG00000166130,1.3630446,1.0523092,GM12878,0.84386635,1.0,1
ENSG00000166130,1.3630446,1.0523092,GM12878,0.84386635,0.17520216,1
ENSG00000166153,1.2402251,0.76937735,GM12878,0.8659396,1.0,1
ENSG00000166153,1.056913,0.76937735,GM12878,0.87607956,0.59770113,1
ENSG00000166153,1.2754244,0.76937735,GM12878,0.70610785,0.065853655,1
ENSG00000166153,0.99182487,0.76937735,GM12878,0.84308296,0.89033943,1
ENSG00000166225,1.243808,0.8413595,GM12878,0.8023324,0.12037037,1
ENSG00000166226,1.3967427,2.6832721,GM12878,0.80538684,1.0,1
ENSG00000166226,1.5300844,2.6832721,GM12878,0.81911594,1.0,1
ENSG00000166268,-0.6261985,-0.9586073,GM12878,0.94370466,1.0,1
ENSG00000166532,1.2800598,1.2153732,GM12878,0.8041912,1.0,1
ENSG00000166532,1.2766137,1.2153732,GM12878,0.7323885,1.0,1
ENSG00000166598,1.9639254,2.7067263,GM12878,0.8406075,1.0,1
ENSG00000166881,2.3018372,1.7764833,GM12878,0.88419706,1.0,1
ENSG00000166881,2.316369,1.7764833,GM12878,0.8898453,1.0,1
ENSG00000166881,2.4321396,1.7764833,GM12878,0.82900894,0.94788,1
ENSG00000166881,2.4317393,1.7764833,GM12878,0.79296494,0.14873266,1
ENSG00000166886,1.9942989,1.3514098,GM12878,0.87204164,1.0,1
ENSG00000166886,2.0220447,1.3514098,GM12878,0.8319427,1.0,1
ENSG00000166888,1.9803696,1.5954962,GM12878,0.81372446,1.0,1
ENSG00000166888,1.913327,1.5954962,GM12878,0.88871664,0.9941396,1
ENSG00000166888,1.9122764,1.5954962,GM12878,0.90021217,1.0,1
ENSG00000166896,1.9620043,1.55145,GM12878,0.5983299,1.0,1
ENSG00000166896,1.9786761,1.55145,GM12878,0.7867284,1.0,1
ENSG00000166896,1.9256049,1.55145,GM12878,0.8312054,1.0,1
ENSG00000166896,1.9901518,1.55145,GM12878,0.833218,1.0,1
ENSG00000166908,1.8705014,1.3914644,GM12878,0.9130517,1.0,1
ENSG00000166908,1.5057213,1.3914644,GM12878,0.91848135,0.9974392,1
ENSG00000166986,1.9212886,2.2179313,GM12878,0.8813109,1.0,1
ENSG00000166986,1.8775923,2.2179313,GM12878,0.82185507,1.0,1
ENSG00000166987,2.0783646,0.553883,GM12878,0.8820599,1.0,1
ENSG00000166987,2.1187012,0.553883,GM12878,0.8620146,1.0,1
ENSG00000166987,2.0671763,0.553883,GM12878,0.8784692,1.0,1
ENSG00000167272,1.4002296,1.9222063,GM12878,0.9077989,1.0,1
ENSG00000167272,1.4064095,1.9222063,GM12878,0.9035681,1.0,1
ENSG00000167272,1.4064095,1.9222063,GM12878,0.9035681,1.0,1
ENSG00000167272,1.3749367,1.9222063,GM12878,0.90900743,0.8964165,1
ENSG00000167528,1.4056715,0.70070374,GM12878,0.91292626,1.0,1
ENSG00000167528,1.3535696,0.70070374,GM12878,0.91137487,1.0,1
ENSG00000167528,1.2927918,0.70070374,GM12878,0.87901336,1.0,1
ENSG00000167528,1.2426004,0.70070374,GM12878,0.9073008,1.0,1
ENSG00000167528,1.3332046,0.70070374,GM12878,0.83561003,1.0,1
ENSG00000167528,1.2351915,0.70070374,GM12878,0.91764104,1.0,1
ENSG00000167535,0.17034167,0.12385164,GM12878,0.974294,1.0,1
ENSG00000167535,0.27544263,0.12385164,GM12878,0.9338264,1.0,1
ENSG00000167535,0.17220084,0.12385164,GM12878,0.9818885,1.0,1
ENSG00000167535,0.13271467,0.12385164,GM12878,0.988213,1.0,1
ENSG00000167550,1.9935608,0.87215626,GM12878,0.8631658,1.0,1
ENSG00000167550,2.0232494,0.87215626,GM12878,0.8623785,0.8791209,1
ENSG00000167552,0.95313996,1.9076263,GM12878,0.95517594,1.0,1
ENSG00000167552,0.82906526,1.9076263,GM12878,0.9402843,1.0,1
ENSG00000167553,2.1868253,3.4164674,GM12878,0.8603658,1.0,1
ENSG00000167566,1.2763091,0.3424227,GM12878,0.9080804,1.0,1
ENSG00000167588,-0.35230097,-0.18045606,GM12878,0.98643064,1.0,1
ENSG00000167778,1.3265857,0.75204843,GM12878,0.8878893,1.0,1
ENSG00000167778,1.3410797,0.75204843,GM12878,0.9154331,0.99019605,1
ENSG00000167779,0.14616388,-0.1611509,GM12878,0.98087573,1.0,1
ENSG00000168288,2.1064003,2.242616,GM12878,0.6885319,1.0,1
ENSG00000168385,2.1929758,2.3964958,GM12878,0.7783911,1.0,1
ENSG00000168385,2.1482308,2.3964958,GM12878,0.80208236,0.0,1
ENSG00000168385,2.2176042,2.3964958,GM12878,0.83733785,0.004602301,1
ENSG00000168385,2.2626843,2.3964958,GM12878,0.8014513,0.020285573,1
ENSG00000168385,2.3130052,2.3964958,GM12878,0.82322747,0.13043478,1
ENSG00000168385,2.3131514,2.3964958,GM12878,0.7179361,0.0019248396,1
ENSG00000168393,1.6977868,1.6111921,GM12878,0.8833216,1.0,1
ENSG00000168393,1.7604789,1.6111921,GM12878,0.8462704,0.76466775,1
ENSG00000168395,2.015592,1.4324882,GM12878,0.84366184,1.0,1
ENSG00000168395,2.0772479,1.4324882,GM12878,0.7630905,1.0,1
ENSG00000168397,2.00608,1.7221401,GM12878,0.8023834,1.0,1
ENSG00000168397,1.8560851,1.7221401,GM12878,0.801687,1.0,1
ENSG00000168397,1.9434979,1.7221401,GM12878,0.8213697,0.22041763,1
ENSG00000168754,-0.72567475,2.534445,GM12878,0.99343383,1.0,1
ENSG00000168754,-0.7589536,2.534445,GM12878,0.9937156,1.0,1
ENSG00000168758,1.6974273,1.8273046,GM12878,0.88233924,1.0,1
ENSG00000168763,0.6465674,0.813581,GM12878,0.86658734,1.0,1
ENSG00000168763,0.89772934,0.813581,GM12878,0.93165237,0.9826923,1
ENSG00000168778,0.66367066,0.665581,GM12878,0.8871029,1.0,1
ENSG00000168778,0.523043,0.665581,GM12878,0.9369278,1.0,1
ENSG00000168778,0.5471922,0.665581,GM12878,0.90769345,1.0,1
ENSG00000168778,0.55232394,0.665581,GM12878,0.93042874,1.0,1
ENSG00000168883,2.0439084,2.0083873,GM12878,0.89088446,1.0,1
ENSG00000168883,1.9882735,2.0083873,GM12878,0.87840503,0.9984219,1
ENSG00000168887,1.6105589,1.5174599,GM12878,0.7926498,1.0,1
ENSG00000168890,1.5532318,0.86391735,GM12878,0.7973383,0.8227612,1
ENSG00000168894,1.4515142,2.50737,GM12878,0.92571163,1.0,1
ENSG00000168899,-0.10021049,0.15228835,GM12878,0.9887362,1.0,1
ENSG00000168906,1.9923449,2.8064716,GM12878,0.88189334,1.0,1
ENSG00000168918,-0.084896006,0.6009729,GM12878,0.98808646,1.0,1
ENSG00000168918,-0.06397066,0.6009729,GM12878,0.9651671,1.0,1
ENSG00000168958,1.2056793,1.567732,GM12878,0.86446416,1.0,1
ENSG00000168958,1.226007,1.567732,GM12878,0.8276336,1.0,1
ENSG00000168958,1.229947,1.567732,GM12878,0.87010795,1.0,1
ENSG00000168958,1.2817667,1.567732,GM12878,0.85697615,0.98651963,1
ENSG00000168958,1.1555,1.567732,GM12878,0.8594303,0.10576923,1
ENSG00000168958,1.2896352,1.567732,GM12878,0.84293735,0.0,1
ENSG00000168958,1.3422185,1.567732,GM12878,0.82226646,0.026818182,1
ENSG00000168958,1.2317882,1.567732,GM12878,0.8131153,0.94758064,1
ENSG00000168958,1.2317882,1.567732,GM12878,0.8131153,0.088160135,1
ENSG00000168958,1.3199543,1.567732,GM12878,0.7394184,0.006035283,1
ENSG00000168958,1.3199543,1.567732,GM12878,0.7394184,0.63492066,1
ENSG00000169016,1.7728766,1.3436055,GM12878,0.6509625,1.0,1
ENSG00000169016,1.7312398,1.3436055,GM12878,0.79879797,0.52971727,1
ENSG00000169016,1.7728766,1.3436055,GM12878,0.6509625,0.64533824,1
ENSG00000169016,1.762029,1.3436055,GM12878,0.6227266,0.57846504,1
ENSG00000169372,1.6963608,1.3174365,GM12878,0.895796,1.0,1
ENSG00000169554,1.7320921,1.7385428,GM12878,0.8980266,1.0,1
ENSG00000169554,1.7549982,1.7385428,GM12878,0.9169098,1.0,1
ENSG00000169554,1.7598696,1.7385428,GM12878,0.9157276,1.0,1
ENSG00000169599,1.584771,1.525563,GM12878,0.73872554,1.0,1
ENSG00000169599,1.584771,1.525563,GM12878,0.73872554,1.0,1
ENSG00000169599,1.7050822,1.525563,GM12878,0.80263543,1.0,1
ENSG00000169599,1.5077325,1.525563,GM12878,0.8741914,1.0,1
ENSG00000169599,1.6018447,1.525563,GM12878,0.86339915,0.9988354,1
ENSG00000169599,1.5587486,1.525563,GM12878,0.88375473,0.8952679,1
ENSG00000169607,1.4907353,1.1316186,GM12878,0.86926574,1.0,1
ENSG00000169607,1.5988535,1.1316186,GM12878,0.90481067,1.0,1
ENSG00000169607,1.4912213,1.1316186,GM12878,0.91609836,1.0,1
ENSG00000169607,1.6507323,1.1316186,GM12878,0.8435925,1.0,1
ENSG00000169621,1.2098117,-0.28399664,GM12878,0.90115273,1.0,1
ENSG00000169621,1.2377182,-0.28399664,GM12878,0.72779524,1.0,1
ENSG00000169679,1.7427746,2.232615,GM12878,0.8933577,1.0,1
ENSG00000169679,1.6933963,2.232615,GM12878,0.835311,0.57782394,1
ENSG00000169756,0.9087952,1.9571761,GM12878,0.91100895,1.0,1
ENSG00000169756,0.9087952,1.9571761,GM12878,0.91100895,1.0,1
ENSG00000169756,0.87741643,1.9571761,GM12878,0.850467,0.99112666,1
ENSG00000169764,1.2151543,1.6325585,GM12878,0.8193845,1.0,1
ENSG00000169764,1.1245942,1.6325585,GM12878,0.7386356,0.0,1
ENSG00000169884,0.059543304,0.22010809,GM12878,0.9689672,1.0,1
ENSG00000169967,1.5391567,0.651278,GM12878,0.80838203,1.0,1
ENSG00000170035,1.1823276,1.9546283,GM12878,0.91480297,1.0,1
ENSG00000170035,1.3432202,1.9546283,GM12878,0.54787135,1.0,1
ENSG00000170144,1.959703,2.1576078,GM12878,0.8773588,1.0,1
ENSG00000170417,1.2644932,0.7259116,GM12878,0.8615103,1.0,1
ENSG00000170417,1.2685723,0.7259116,GM12878,0.89057875,1.0,1
ENSG00000170417,1.2153465,0.7259116,GM12878,0.87680775,0.7080745,1
ENSG00000170426,-0.6193794,-0.88605666,GM12878,0.98679894,1.0,1
ENSG00000170426,-0.62945837,-0.88605666,GM12878,0.98536694,1.0,1
ENSG00000170456,0.8699543,0.8518696,GM12878,0.7899077,1.0,1
ENSG00000170473,1.8443631,1.513484,GM12878,0.8598804,1.0,1
ENSG00000170500,0.836784,0.57170886,GM12878,0.94309306,1.0,1
ENSG00000170515,1.8512496,2.791838,GM12878,0.88882935,1.0,1
ENSG00000170545,1.1399184,1.6559064,GM12878,0.8485576,1.0,1
ENSG00000170545,1.1399184,1.6559064,GM12878,0.8485576,1.0,1
ENSG00000170545,0.900765,1.6559064,GM12878,0.36299837,0.021474773,1
ENSG00000170627,2.6108477,2.7779992,GM12878,0.77409834,1.0,1
ENSG00000170627,2.5405846,2.7779992,GM12878,0.76021254,1.0,1
ENSG00000170633,1.5590283,1.5625308,GM12878,0.8437657,1.0,1
ENSG00000170633,1.6892418,1.5625308,GM12878,0.8346161,0.16459017,1
ENSG00000170634,1.9948657,0.33645973,GM12878,0.78140485,1.0,1
ENSG00000170634,1.9839803,0.33645973,GM12878,0.7559221,0.0,1
ENSG00000170653,1.3405707,1.2422929,GM12878,0.89424276,1.0,1
ENSG00000170802,0.9896765,1.2853322,GM12878,0.79195535,1.0,1
ENSG00000171055,0.94083965,1.4116197,GM12878,0.905105,0.8443149,1
ENSG00000171055,0.92508644,1.4116197,GM12878,0.87639475,0.20570488,1
ENSG00000171055,1.0913953,1.4116197,GM12878,0.8847743,0.0,1
ENSG00000171103,1.3732396,1.3077099,GM12878,0.83992296,1.0,1
ENSG00000171132,0.5506336,-0.60206,GM12878,0.8529419,1.0,1
ENSG00000171132,0.51589555,-0.60206,GM12878,0.7194413,1.0,1
ENSG00000171174,0.86142457,-0.4202164,GM12878,0.9002864,1.0,1
ENSG00000171310,1.0286121,1.1344959,GM12878,0.9009804,1.0,1
ENSG00000171310,1.0286121,1.1344959,GM12878,0.9009804,1.0,1
ENSG00000171596,-0.125398,-0.61978877,GM12878,0.96621186,1.0,1
ENSG00000171681,0.7589629,0.69548166,GM12878,0.9224732,1.0,1
ENSG00000171681,0.749014,0.69548166,GM12878,0.92216504,1.0,1
ENSG00000171681,0.8095227,0.69548166,GM12878,0.8286401,0.9607843,1
ENSG00000171792,1.5354271,1.6608654,GM12878,0.90349114,0.64361703,1
ENSG00000171792,1.4819714,1.6608654,GM12878,0.90532535,0.9333665,1
ENSG00000171840,1.2362025,0.5575072,GM12878,0.9008925,1.0,1
ENSG00000171840,1.1869392,0.5575072,GM12878,0.92038155,1.0,1
ENSG00000171840,1.1869392,0.5575072,GM12878,0.92038155,1.0,1
ENSG00000171847,-0.1076255,-0.82390875,GM12878,0.97704554,1.0,1
ENSG00000171847,-0.1967349,-0.82390875,GM12878,0.9750074,1.0,1
ENSG00000171848,2.0075643,1.7937903,GM12878,0.85969454,1.0,1
ENSG00000171853,1.1206672,1.5284024,GM12878,0.8083156,1.0,1
ENSG00000171853,1.0906872,1.5284024,GM12878,0.7965308,1.0,1
ENSG00000171865,1.7565246,1.2727696,GM12878,0.899524,1.0,1
ENSG00000172059,1.473352,1.0976043,GM12878,0.87506396,1.0,1
ENSG00000172059,1.473352,1.0976043,GM12878,0.87506396,1.0,1
ENSG00000172071,1.5049545,0.7881684,GM12878,0.8664109,1.0,1
ENSG00000172071,1.4749575,0.7881684,GM12878,0.8716295,1.0,1
ENSG00000172071,1.404726,0.7881684,GM12878,0.8962213,1.0,1
ENSG00000172073,-0.9247938,-0.9586073,GM12878,0.9848667,1.0,1
ENSG00000172086,1.8863537,0.6324573,GM12878,0.82859343,1.0,1
ENSG00000172292,1.0168152,0.54654264,GM12878,0.9155302,1.0,1
ENSG00000172292,1.0028416,0.54654264,GM12878,0.60499203,0.26900584,1
ENSG00000172428,0.43305364,1.9241759,GM12878,0.9019127,1.0,1
ENSG00000172428,0.4618588,1.9241759,GM12878,0.878099,1.0,1
ENSG00000172602,-0.050844103,-0.23657201,GM12878,0.913375,1.0,1
ENSG00000172819,1.0208005,0.54900324,GM12878,0.9372085,1.0,1
ENSG00000172819,1.0768769,0.54900324,GM12878,0.91383135,1.0,1
ENSG00000172819,0.86195344,0.54900324,GM12878,0.8871528,0.087804876,1
ENSG00000172845,1.5267893,1.8178958,GM12878,0.87981164,1.0,1
ENSG00000172845,1.312897,1.8178958,GM12878,0.8887753,0.22721088,1
ENSG00000172878,1.9989474,1.223496,GM12878,0.68283355,1.0,1
ENSG00000172954,1.1515267,1.2013972,GM12878,0.8754146,0.022134388,1
ENSG00000172954,1.2179604,1.2013972,GM12878,0.8808012,0.046831954,1
ENSG00000173064,1.1114,1.0277572,GM12878,0.8972925,1.0,1
ENSG00000173064,0.94982076,1.0277572,GM12878,0.8582375,1.0,1
ENSG00000173163,0.39460477,1.4094259,GM12878,0.9095434,1.0,1
ENSG00000173166,0.48397207,-0.28399664,GM12878,0.9111468,1.0,1
ENSG00000173209,1.5629914,1.7185017,GM12878,0.8728933,1.0,1
ENSG00000173272,1.5219015,2.0541148,GM12878,0.8846336,1.0,1
ENSG00000173272,1.5219015,2.0541148,GM12878,0.8846336,1.0,1
ENSG00000173451,1.7396836,0.78675145,GM12878,0.9037688,1.0,1
ENSG00000173559,1.7319477,1.228657,GM12878,0.7794144,1.0,1
ENSG00000173559,1.7644585,1.228657,GM12878,0.83123565,1.0,1
ENSG00000173559,1.7644585,1.228657,GM12878,0.83123565,1.0,1
ENSG00000173559,1.7708687,1.228657,GM12878,0.84271383,0.25104603,1
ENSG00000173567,2.2786028,-0.82390875,GM12878,0.83164304,1.0,1
ENSG00000173588,1.2893122,1.3312248,GM12878,0.8615046,1.0,1
ENSG00000173588,1.3152162,1.3312248,GM12878,0.8385209,0.04696673,1
ENSG00000173588,1.377151,1.3312248,GM12878,0.6727424,0.01847575,1
ENSG00000173588,1.3986214,1.3312248,GM12878,0.6373161,0.70016474,1
ENSG00000173598,2.1265724,2.151615,GM12878,0.62498933,1.0,1
ENSG00000173598,2.220543,2.151615,GM12878,0.839303,1.0,1
ENSG00000173692,1.951632,2.2464986,GM12878,0.8694287,1.0,1
ENSG00000173692,1.9859747,2.2464986,GM12878,0.8449459,1.0,1
ENSG00000173744,1.158177,1.8409212,GM12878,0.8615271,1.0,1
ENSG00000173744,1.1484883,1.8409212,GM12878,0.8637224,0.9965221,1
ENSG00000173744,1.2340246,1.8409212,GM12878,0.60061,0.33338484,1
ENSG00000173960,1.766085,1.0402067,GM12878,0.88314563,1.0,1
ENSG00000173960,1.6323129,1.0402067,GM12878,0.8158805,0.026809651,1
ENSG00000173960,1.7822101,1.0402067,GM12878,0.2472484,0.68105066,1
ENSG00000174099,-0.8304734,-0.92081875,GM12878,0.93090725,1.0,1
ENSG00000174106,1.5667497,1.1379868,GM12878,0.67790115,1.0,1
ENSG00000174106,1.649131,1.1379868,GM12878,0.8040057,1.0,1
ENSG00000174106,1.6247358,1.1379868,GM12878,0.8377625,1.0,1
ENSG00000174206,0.83681756,0.7355989,GM12878,0.8898609,1.0,1
ENSG00000174233,-0.4871318,0.012837225,GM12878,0.9904185,1.0,1
ENSG00000174243,1.5324494,1.8702868,GM12878,0.85057956,1.0,1
ENSG00000174437,1.3430543,1.717504,GM12878,0.6125402,1.0,1
ENSG00000174437,1.3990602,1.717504,GM12878,0.9039899,1.0,1
ENSG00000174437,1.3464786,1.717504,GM12878,0.8353525,0.9757876,1
ENSG00000174437,1.3841434,1.717504,GM12878,0.8303767,0.039647575,1
ENSG00000174456,1.6051158,1.525563,GM12878,0.90601707,1.0,1
ENSG00000174456,1.5811386,1.525563,GM12878,0.8476685,1.0,1
ENSG00000174501,0.82650495,0.95279247,GM12878,0.76999974,1.0,1
ENSG00000174501,0.91206735,0.95279247,GM12878,0.8543098,1.0,1
ENSG00000174501,0.63234615,0.95279247,GM12878,0.756221,1.0,1
ENSG00000174501,0.84974885,0.95279247,GM12878,0.9126073,1.0,1
ENSG00000174501,0.8692557,0.95279247,GM12878,0.91521597,1.0,1
ENSG00000174718,1.8810523,1.6188844,GM12878,0.8455554,1.0,1
ENSG00000174718,1.7526568,1.6188844,GM12878,0.84093565,0.83912086,1
ENSG00000174718,1.689731,1.6188844,GM12878,0.8078499,0.9621976,1
ENSG00000174989,1.0406473,0.8169038,GM12878,0.8816323,1.0,1
ENSG00000175183,0.82868713,0.62838894,GM12878,0.896039,1.0,1
ENSG00000175197,2.1057236,1.9383196,GM12878,0.7968082,1.0,1
ENSG00000175203,1.415271,2.0703335,GM12878,0.8662816,0.9882207,1
ENSG00000175215,1.6369843,1.8581761,GM12878,0.90871423,1.0,1
ENSG00000175548,0.627996,0.25042,GM12878,0.8203902,1.0,1
ENSG00000175548,0.627996,0.25042,GM12878,0.8203902,1.0,1
ENSG00000175727,1.5160624,1.1420765,GM12878,0.8874287,1.0,1
ENSG00000175782,1.466414,0.70329136,GM12878,0.87435097,1.0,1
ENSG00000175970,0.8845714,1.3812957,GM12878,0.91648644,1.0,1
ENSG00000176407,1.5030531,1.7571682,GM12878,0.9034422,1.0,1
ENSG00000176407,1.5546873,1.7571682,GM12878,0.8760652,1.0,1
ENSG00000176720,0.075035624,0.29446623,GM12878,0.97483534,1.0,1
ENSG00000176720,0.07699167,0.29446623,GM12878,0.9607732,1.0,1
ENSG00000176720,0.09086377,0.29446623,GM12878,0.9605784,1.0,1
ENSG00000176732,1.7250475,-0.61978877,GM12878,0.7924729,1.0,1
ENSG00000176834,-0.3665739,0.78746045,GM12878,0.99315107,1.0,1
ENSG00000176871,1.8001951,1.6904619,GM12878,0.84558344,1.0,1
ENSG00000176894,1.6092347,1.5137502,GM12878,0.85084003,1.0,1
ENSG00000176894,1.6301103,1.5137502,GM12878,0.88008744,1.0,1
ENSG00000176915,1.8041006,1.6996644,GM12878,0.88978255,1.0,1
ENSG00000176946,2.173778,1.3666097,GM12878,0.83905673,1.0,1
ENSG00000176946,1.9924352,1.3666097,GM12878,0.831552,1.0,1
ENSG00000176946,1.8903581,1.3666097,GM12878,0.81913185,1.0,1
ENSG00000177084,1.8495924,1.7036352,GM12878,0.8324989,1.0,1
ENSG00000177084,1.9919157,1.7036352,GM12878,0.87264615,1.0,1
ENSG00000177084,1.9471842,1.7036352,GM12878,0.86506045,1.0,1
ENSG00000177084,1.9878303,1.7036352,GM12878,0.85405654,0.99876493,1
ENSG00000177119,2.0690277,1.225826,GM12878,0.8291521,1.0,1
ENSG00000177119,2.0577247,1.225826,GM12878,0.5869951,1.0,1
ENSG00000177119,2.0647883,1.225826,GM12878,0.7057926,0.0343965,1
ENSG00000177119,2.1508229,1.225826,GM12878,0.77414113,0.98156387,1
ENSG00000177119,2.0766468,1.225826,GM12878,0.7366987,0.017813267,1
ENSG00000177169,1.4492073,0.5774918,GM12878,0.7929318,1.0,1
ENSG00000177169,1.3722626,0.5774918,GM12878,0.8438099,1.0,1
ENSG00000177169,1.4410255,0.5774918,GM12878,0.88672835,1.0,1
ENSG00000177192,1.9479071,1.4051756,GM12878,0.89252305,1.0,1
ENSG00000177483,-0.7096533,-0.56863624,GM12878,0.9783167,1.0,1
ENSG00000177889,1.5959965,2.382899,GM12878,0.8852369,1.0,1
ENSG00000177889,1.5962607,2.382899,GM12878,0.902042,1.0,1
ENSG00000177917,1.7280914,1.8632634,GM12878,0.8123978,1.0,1
ENSG00000177917,1.642293,1.8632634,GM12878,0.825944,0.34760606,1
ENSG00000177917,1.6835711,1.8632634,GM12878,0.6550399,0.044444446,1
ENSG00000177981,1.4965302,1.3014641,GM12878,0.8683826,1.0,1
ENSG00000177981,1.4559253,1.3014641,GM12878,0.89885634,1.0,1
ENSG00000177981,1.5804518,1.3014641,GM12878,0.6668736,0.059889678,1
ENSG00000177990,-0.7498601,-0.79588,GM12878,0.97757417,1.0,1
ENSG00000177990,-0.6711047,-0.79588,GM12878,0.9810976,1.0,1
ENSG00000178295,1.6586419,1.4299136,GM12878,0.8916274,1.0,1
ENSG00000178401,-0.44516778,-0.04095861,GM12878,0.9940978,1.0,1
ENSG00000178449,1.3721557,1.8041394,GM12878,0.82091886,0.004327506,1
ENSG00000178449,1.4379092,1.8041394,GM12878,0.6116257,0.088575505,1
ENSG00000178623,-0.41171947,-0.7447275,GM12878,0.98276454,1.0,1
ENSG00000179104,-0.23989251,-0.22914799,GM12878,0.9508375,1.0,1
ENSG00000179195,1.4082944,1.7858279,GM12878,0.3224458,1.0,1
ENSG00000179195,1.5700722,1.7858279,GM12878,0.7911599,1.0,1
ENSG00000179295,1.8291086,1.7273786,GM12878,0.8180496,1.0,1
ENSG00000179295,1.8008429,1.7273786,GM12878,0.8728867,1.0,1
ENSG00000179295,1.9843276,1.7273786,GM12878,0.78091127,1.0,1
ENSG00000179295,1.7893391,1.7273786,GM12878,0.87063986,1.0,1
ENSG00000179528,1.1918557,-0.04575749,GM12878,0.91997397,1.0,1
ENSG00000179715,0.13154417,-0.1426675,GM12878,0.94525224,1.0,1
ENSG00000179912,1.584781,1.1000258,GM12878,0.93042713,1.0,1
ENSG00000179912,1.6288983,1.1000258,GM12878,0.85875225,1.0,1
ENSG00000179912,1.6789072,1.1000258,GM12878,0.79382277,0.0,1
ENSG00000179912,1.6770074,1.1000258,GM12878,0.87314117,1.0,1
ENSG00000179912,1.6282308,1.1000258,GM12878,0.7491193,1.0,1
ENSG00000180228,1.9115988,1.7247672,GM12878,0.85152763,1.0,1
ENSG00000180228,1.9001288,1.7247672,GM12878,0.82194555,0.033542976,1
ENSG00000180263,1.2084937,0.6095944,GM12878,0.8415746,1.0,1
ENSG00000180263,1.0254607,0.6095944,GM12878,0.8669086,0.88451445,1
ENSG00000180398,1.8835984,2.15567,GM12878,0.8891758,1.0,1
ENSG00000180398,1.8835984,2.15567,GM12878,0.8891758,1.0,1
ENSG00000180398,1.8835984,2.15567,GM12878,0.8891758,0.88586956,1
ENSG00000180398,1.8149742,2.15567,GM12878,0.8440405,0.71181047,1
ENSG00000180398,1.8149742,2.15567,GM12878,0.8440405,0.80265653,1
ENSG00000180398,1.9411676,2.15567,GM12878,0.24866812,0.39994037,1
ENSG00000180881,-0.020039493,-0.7447275,GM12878,0.9283658,1.0,1
ENSG00000180881,-0.02030822,-0.7447275,GM12878,0.9277046,1.0,1
ENSG00000180902,1.1000657,1.2062861,GM12878,0.85578245,1.0,1
ENSG00000180902,0.88319516,1.2062861,GM12878,0.8552784,0.8868715,1
ENSG00000180902,1.0669342,1.2062861,GM12878,0.83943486,0.37936267,1
ENSG00000181852,1.5093182,1.6280823,GM12878,0.86689246,1.0,1
ENSG00000181852,1.5603453,1.6280823,GM12878,0.8877914,0.02148955,1
ENSG00000181852,1.539369,1.6280823,GM12878,0.87992513,0.31061074,1
ENSG00000181929,1.5072155,1.931407,GM12878,0.88167226,1.0,1
ENSG00000182196,1.1946235,2.0070646,GM12878,0.8789894,1.0,1
ENSG00000182199,1.4470217,2.0803378,GM12878,0.86417073,0.7227899,1
ENSG00000182326,-0.32126063,-0.21467017,GM12878,0.96124476,1.0,1
ENSG00000182389,-0.9153941,-0.92081875,GM12878,0.9930495,1.0,1
ENSG00000182551,1.4690243,1.212454,GM12878,0.9171449,1.0,1
ENSG00000182993,1.3184143,0.29225606,GM12878,0.25905022,1.0,1
ENSG00000182993,1.3007503,0.29225606,GM12878,0.83555216,1.0,1
ENSG00000183054,-0.009818653,-0.20760831,GM12878,0.9696857,1.0,1
ENSG00000183283,1.8270054,2.4188812,GM12878,0.8023602,1.0,1
ENSG00000183283,1.8054261,2.4188812,GM12878,0.79591256,1.0,1
ENSG00000183283,1.8877383,2.4188812,GM12878,0.877749,0.9899753,1
ENSG00000183283,1.8990592,2.4188812,GM12878,0.8268169,0.8757669,1
ENSG00000183395,-0.18721229,-0.88605666,GM12878,0.9696279,1.0,1
ENSG00000183495,1.5858178,0.77451694,GM12878,0.86315656,1.0,1
ENSG00000183495,1.5097215,0.77451694,GM12878,0.8711029,1.0,1
ENSG00000183495,1.602179,0.77451694,GM12878,0.87549776,0.6573427,1
ENSG00000183513,1.8909658,1.6155292,GM12878,0.82511234,1.0,1
ENSG00000183735,1.7874173,1.2716093,GM12878,0.8206212,1.0,1
ENSG00000183891,1.950865,1.7229629,GM12878,0.8505396,1.0,1
ENSG00000183955,1.1340185,1.8150462,GM12878,0.91757905,1.0,1
ENSG00000183955,1.0178359,1.8150462,GM12878,0.87077767,0.4181232,1
ENSG00000184047,1.9678314,1.5887197,GM12878,0.8564303,1.0,1
ENSG00000184047,1.9641,1.5887197,GM12878,0.8411193,1.0,1
ENSG00000184047,1.9263499,1.5887197,GM12878,0.8174763,0.020094892,1
ENSG00000184047,1.9678314,1.5887197,GM12878,0.8564303,0.97038215,1
ENSG00000184047,1.9678314,1.5887197,GM12878,0.8564303,0.98123324,1
ENSG00000184047,1.9641,1.5887197,GM12878,0.8411193,0.9928315,1
ENSG00000184047,1.9431713,1.5887197,GM12878,0.8514593,0.943299,1
ENSG00000184182,1.6532869,1.7896512,GM12878,0.862424,1.0,1
ENSG00000184182,1.745739,1.7896512,GM12878,0.7853644,1.0,1
ENSG00000184182,1.6459326,1.7896512,GM12878,0.7664004,0.73438483,1
ENSG00000184271,1.3162913,0.4281348,GM12878,0.8688423,1.0,1
ENSG00000184271,1.1532247,0.4281348,GM12878,0.91123384,1.0,1
ENSG00000184445,2.102141,2.033102,GM12878,0.83821255,1.0,1
ENSG00000184445,2.089759,2.033102,GM12878,0.8641926,1.0,1
ENSG00000184445,2.0077188,2.033102,GM12878,0.88993657,1.0,1
ENSG00000184445,2.0008647,2.033102,GM12878,0.8394247,0.8590272,1
ENSG00000184445,1.8386087,2.033102,GM12878,0.37134054,0.42275363,1
ENSG00000184575,1.9188606,2.1749897,GM12878,0.45182908,1.0,1
ENSG00000184575,1.9161216,2.1749897,GM12878,0.77880085,1.0,1
ENSG00000184613,-0.56089824,-0.4089354,GM12878,0.9857017,1.0,1
ENSG00000184752,0.7421132,2.2918348,GM12878,0.44684172,1.0,1
ENSG00000184752,0.6538044,2.2918348,GM12878,0.9073873,0.9304363,1
ENSG00000184898,1.2968414,0.6589649,GM12878,0.8301771,1.0,1
ENSG00000184898,1.1442244,0.6589649,GM12878,0.9254899,1.0,1
ENSG00000184967,1.5433668,0.7307823,GM12878,0.9081028,1.0,1
ENSG00000184992,0.78057885,1.0565237,GM12878,0.9082537,1.0,1
ENSG00000185163,1.5959508,1.0561422,GM12878,0.83860713,1.0,1
ENSG00000185163,1.5169835,1.0561422,GM12878,0.8385813,1.0,1
ENSG00000185163,1.5443699,1.0561422,GM12878,0.8808852,1.0,1
ENSG00000185163,1.4454608,1.0561422,GM12878,0.85363084,1.0,1
ENSG00000185163,1.4112419,1.0561422,GM12878,0.8520237,1.0,1
ENSG00000185344,1.0249903,1.8576943,GM12878,0.84663594,1.0,1
ENSG00000185344,1.0365441,1.8576943,GM12878,0.84982234,1.0,1
ENSG00000185404,0.56211525,0.90525603,GM12878,0.9517137,1.0,1
ENSG00000185404,0.5429153,0.90525603,GM12878,0.91733795,0.14864865,1
ENSG00000185432,1.3424792,0.9973864,GM12878,0.8290251,1.0,1
ENSG00000185480,1.3655479,1.5067755,GM12878,0.8715856,1.0,1
ENSG00000185480,1.3655479,1.5067755,GM12878,0.8715856,1.0,1
ENSG00000185480,1.2305225,1.5067755,GM12878,0.82710785,0.9807468,1
ENSG00000185480,1.1648811,1.5067755,GM12878,0.83649886,0.047052152,1
ENSG00000185480,1.3891836,1.5067755,GM12878,0.84210694,0.5017668,1
ENSG00000185480,1.3563055,1.5067755,GM12878,0.8571986,0.8797629,1
ENSG00000185482,0.19209531,0.59549624,GM12878,0.96761703,1.0,1
ENSG00000185482,0.1095927,0.59549624,GM12878,0.97379667,1.0,1
ENSG00000185482,0.012458382,0.59549624,GM12878,0.9710243,0.9874608,1
ENSG00000185482,0.05276236,0.59549624,GM12878,0.90098786,0.041269843,1
ENSG00000185591,1.5062798,1.6252096,GM12878,0.9170583,1.0,1
ENSG00000185591,1.3553959,1.6252096,GM12878,0.932985,1.0,1
ENSG00000185640,-0.7125471,0.12057393,GM12878,0.98824847,1.0,1
ENSG00000185664,0.39197215,0.30103,GM12878,0.9306386,1.0,1
ENSG00000186132,1.2114773,1.0421816,GM12878,0.8451475,1.0,1
ENSG00000186132,1.2778686,1.0421816,GM12878,0.88549596,1.0,1
ENSG00000186298,1.5621884,2.289745,GM12878,0.8806692,1.0,1
ENSG00000186298,1.5671602,2.289745,GM12878,0.820245,1.0,1
ENSG00000186298,1.5225487,2.289745,GM12878,0.8560626,1.0,1
ENSG00000186815,1.0247761,1.1000258,GM12878,0.8031648,1.0,1
ENSG00000186815,1.133009,1.1000258,GM12878,0.3695267,0.08759124,1
ENSG00000186815,1.0790148,1.1000258,GM12878,0.32581827,0.1463964,1
ENSG00000186854,-0.6138906,-0.49485,GM12878,0.9959122,1.0,1
ENSG00000186854,-0.64420336,-0.49485,GM12878,0.99645007,1.0,1
ENSG00000186889,1.6322114,0.20411998,GM12878,0.80144763,1.0,1
ENSG00000186889,1.6067178,0.20411998,GM12878,0.8251695,1.0,1
ENSG00000186908,1.5824136,1.6647359,GM12878,0.8170466,1.0,1
ENSG00000186908,1.549377,1.6647359,GM12878,0.8450638,0.8091603,1
ENSG00000186908,1.5138762,1.6647359,GM12878,0.88561696,0.1908397,1
ENSG00000187109,1.7270435,2.5370002,GM12878,0.5568916,1.0,1
ENSG00000187109,1.7013739,2.5370002,GM12878,0.9012235,0.7525151,1
ENSG00000187109,1.628749,2.5370002,GM12878,0.85404503,0.99739194,1
ENSG00000187109,1.6726047,2.5370002,GM12878,0.7829082,0.7152778,1
ENSG00000187514,1.2496116,2.4737496,GM12878,0.84931284,1.0,1
ENSG00000187605,0.3845842,0.53275436,GM12878,0.9386521,1.0,1
ENSG00000187736,1.5600297,1.193681,GM12878,0.7152916,1.0,1
ENSG00000187778,1.2121528,1.8017466,GM12878,0.847079,1.0,1
ENSG00000187778,1.494828,1.8017466,GM12878,0.8686689,1.0,1
ENSG00000187778,1.3862029,1.8017466,GM12878,0.8757226,1.0,1
ENSG00000187778,1.3258201,1.8017466,GM12878,0.8532033,1.0,1
ENSG00000187833,-0.32994723,-0.65757734,GM12878,0.9637677,1.0,1
ENSG00000187944,-0.6110868,-0.9586073,GM12878,0.9794138,1.0,1
ENSG00000188010,0.7722562,1.0744507,GM12878,0.7907798,1.0,1
ENSG00000188010,0.73932934,1.0744507,GM12878,0.8716527,1.0,1
ENSG00000188010,0.6641845,1.0744507,GM12878,0.9198402,1.0,1
ENSG00000188026,0.8542206,0.90741134,GM12878,0.92418367,1.0,1
ENSG00000188026,0.7525633,0.90741134,GM12878,0.9140369,1.0,1
ENSG00000188026,0.8112731,0.90741134,GM12878,0.93079203,1.0,1
ENSG00000188026,0.84695286,0.90741134,GM12878,0.9158739,1.0,1
ENSG00000188177,1.666681,0.2121876,GM12878,0.8755074,1.0,1
ENSG00000188177,1.6248311,0.2121876,GM12878,0.80305845,1.0,1
ENSG00000188282,-0.39466742,-0.9586073,GM12878,0.97875893,1.0,1
ENSG00000188389,-0.06713342,0.29885307,GM12878,0.97858983,1.0,1
ENSG00000188389,0.042866074,0.29885307,GM12878,0.99019694,1.0,1
ENSG00000188542,2.1022031,0.7937904,GM12878,0.86585593,1.0,1
ENSG00000188735,1.4741678,0.8668778,GM12878,0.8927416,1.0,1
ENSG00000188735,1.4267547,0.8668778,GM12878,0.8471825,1.0,1
ENSG00000188735,1.3855903,0.8668778,GM12878,0.8098751,0.21768707,1
ENSG00000188760,0.9853349,0.1335389,GM12878,0.9057698,1.0,1
ENSG00000188906,0.61250466,-0.55284196,GM12878,0.8348257,1.0,1
ENSG00000189046,0.9375016,1.3963737,GM12878,0.9063872,1.0,1
ENSG00000189046,0.9337198,1.3963737,GM12878,0.92164814,0.97117364,1
ENSG00000189079,1.318976,1.4061995,GM12878,0.8619264,1.0,1
ENSG00000189079,1.3545171,1.4061995,GM12878,0.8584098,0.0,1
ENSG00000189079,1.1631447,1.4061995,GM12878,0.73597395,0.16,1
ENSG00000189362,1.9736447,0.36172783,GM12878,0.79494345,1.0,1
ENSG00000189362,2.0711582,0.36172783,GM12878,0.80909073,1.0,1
ENSG00000189362,2.0095537,0.36172783,GM12878,0.82033455,0.7837838,1
ENSG00000196141,1.3166275,1.4640422,GM12878,0.4333993,1.0,1
ENSG00000196141,1.2845286,1.4640422,GM12878,0.76148236,1.0,1
ENSG00000196141,1.1476029,1.4640422,GM12878,0.8961497,1.0,1
ENSG00000196141,1.2542974,1.4640422,GM12878,0.73171514,1.0,1
ENSG00000196141,1.2214087,1.4640422,GM12878,0.7207983,1.0,1
ENSG00000196141,1.1880683,1.4640422,GM12878,0.9055598,0.37549758,1
ENSG00000196290,1.8238916,1.8479426,GM12878,0.87733775,0.6967787,1
ENSG00000196387,1.436125,0.75739604,GM12878,0.547335,1.0,1
ENSG00000196387,1.502355,0.75739604,GM12878,0.81936765,1.0,1
ENSG00000196387,1.502355,0.75739604,GM12878,0.81936765,1.0,1
ENSG00000196387,1.4585736,0.75739604,GM12878,0.765832,0.4181818,1
ENSG00000196458,0.11546906,-0.4685211,GM12878,0.9452041,1.0,1
ENSG00000196465,1.9806371,1.7137425,GM12878,0.66503114,1.0,1
ENSG00000196498,0.28229693,0.48000693,GM12878,0.8171957,1.0,1
ENSG00000196504,0.9589595,2.3094172,GM12878,0.8889925,1.0,1
ENSG00000196504,1.1384488,2.3094172,GM12878,0.49085984,1.0,1
ENSG00000196504,1.2665577,2.3094172,GM12878,0.7616351,0.9396194,1
ENSG00000196504,1.1853803,2.3094172,GM12878,0.87196565,0.031471092,1
ENSG00000196510,1.5875717,2.059904,GM12878,0.83745277,1.0,1
ENSG00000196510,1.8892779,2.059904,GM12878,0.85799694,1.0,1
ENSG00000196510,1.6911622,2.059904,GM12878,0.85256034,1.0,1
ENSG00000196604,-0.40267935,-0.7212464,GM12878,0.9716418,1.0,1
ENSG00000196604,-0.1803132,-0.7212464,GM12878,0.97895575,1.0,1
ENSG00000196604,-0.18907373,-0.7212464,GM12878,0.93694866,1.0,1
ENSG00000196604,-0.22955686,-0.7212464,GM12878,0.9712955,1.0,1
ENSG00000196604,0.039034933,-0.7212464,GM12878,0.8833525,1.0,1
ENSG00000196604,-0.03184223,-0.7212464,GM12878,0.9508363,1.0,1
ENSG00000196843,1.2835579,0.48572144,GM12878,0.89412135,1.0,1
ENSG00000196843,1.2510526,0.48572144,GM12878,0.8985182,0.72695035,1
ENSG00000196850,1.560445,1.2457594,GM12878,0.8750989,1.0,1
ENSG00000196850,1.5583627,1.2457594,GM12878,0.8709404,1.0,1
ENSG00000196850,1.5357019,1.2457594,GM12878,0.89166236,1.0,1
ENSG00000196850,1.5220587,1.2457594,GM12878,0.8846666,1.0,1
ENSG00000196862,-0.29179057,-0.9586073,GM12878,0.9626861,1.0,1
ENSG00000196935,-0.31065527,-0.85387194,GM12878,0.9740518,1.0,1
ENSG00000196935,-0.45385304,-0.85387194,GM12878,0.98559046,1.0,1
ENSG00000196950,1.4369007,1.4543874,GM12878,0.8433865,1.0,1
ENSG00000196975,1.1574118,0.92582756,GM12878,0.864713,1.0,1
ENSG00000197111,1.7272322,2.4339457,GM12878,0.9002108,1.0,1
ENSG00000197111,1.7911199,2.4339457,GM12878,0.6098078,1.0,1
ENSG00000197111,1.7108324,2.4339457,GM12878,0.8768926,0.7134209,1
ENSG00000197111,1.7914828,2.4339457,GM12878,0.60950387,0.8773534,1
ENSG00000197121,0.27674386,-0.36653155,GM12878,0.8679468,1.0,1
ENSG00000197223,1.6568155,1.5094713,GM12878,0.7801854,1.0,1
ENSG00000197223,1.583316,1.5094713,GM12878,0.89005744,1.0,1
ENSG00000197329,0.94398206,1.1112626,GM12878,0.85548073,1.0,1
ENSG00000197713,1.511663,1.6422666,GM12878,0.8218561,1.0,1
ENSG00000197713,1.3338517,1.6422666,GM12878,0.47531864,0.0029368575,1
ENSG00000197713,1.3941944,1.6422666,GM12878,0.76948106,0.6555048,1
ENSG00000197713,1.5197418,1.6422666,GM12878,0.7909073,0.082868725,1
ENSG00000197713,1.3160888,1.6422666,GM12878,0.7819278,0.89506525,1
ENSG00000197713,1.388797,1.6422666,GM12878,0.7301221,0.05678422,1
ENSG00000197872,-0.30798116,-0.07572071,GM12878,0.9465135,1.0,1
ENSG00000197905,1.3684293,1.182985,GM12878,0.8930243,1.0,1
ENSG00000198001,1.6430234,1.416141,GM12878,0.84969,1.0,1
ENSG00000198001,1.6430234,1.416141,GM12878,0.84969,1.0,1
ENSG00000198001,1.6331302,1.416141,GM12878,0.7587198,1.0,1
ENSG00000198001,1.7448274,1.416141,GM12878,0.752153,0.15306123,1
ENSG00000198001,1.6430234,1.416141,GM12878,0.84969,0.67346936,1
ENSG00000198001,1.8107358,1.416141,GM12878,0.7542129,0.0983871,1
ENSG00000198001,1.7643417,1.416141,GM12878,0.83758533,0.83996993,1
ENSG00000198040,1.5306172,1.2619762,GM12878,0.8120596,1.0,1
ENSG00000198056,1.8134441,1.9697886,GM12878,0.82404584,1.0,1
ENSG00000198130,1.3655372,1.3565995,GM12878,0.7576519,1.0,1
ENSG00000198130,1.3834281,1.3565995,GM12878,0.5607151,0.94187427,1
ENSG00000198270,1.53514,1.8424845,GM12878,0.5497801,1.0,1
ENSG00000198270,1.4414825,1.8424845,GM12878,0.69056505,1.0,1
ENSG00000198270,1.5977051,1.8424845,GM12878,0.8830425,0.89046055,1
ENSG00000198270,1.4672668,1.8424845,GM12878,0.88360655,0.84433377,1
ENSG00000198270,1.4002213,1.8424845,GM12878,0.7889067,0.33092105,1
ENSG00000198353,0.1697122,-0.27572414,GM12878,0.9671907,1.0,1
ENSG00000198369,1.8199359,1.1024337,GM12878,0.7774078,1.0,1
ENSG00000198380,1.0555406,1.0986438,GM12878,0.87227595,1.0,1
ENSG00000198393,1.2276038,0.7701153,GM12878,0.8991215,1.0,1
ENSG00000198393,1.2528201,0.7701153,GM12878,0.8827589,1.0,1
ENSG00000198399,1.6636382,1.0633334,GM12878,0.6952978,1.0,1
ENSG00000198399,1.4521501,1.0633334,GM12878,0.78769666,0.0034602077,1
ENSG00000198399,1.5828981,1.0633334,GM12878,0.8336621,0.4114053,1
ENSG00000198431,2.2599614,2.1384606,GM12878,0.8724997,1.0,1
ENSG00000198431,2.240772,2.1384606,GM12878,0.85114115,0.65478665,1
ENSG00000198431,2.1541243,2.1384606,GM12878,0.37157694,0.0020149343,1
ENSG00000198431,2.1596098,2.1384606,GM12878,0.86527187,1.0,1
ENSG00000198431,2.108437,2.1384606,GM12878,0.564476,0.036704335,1
ENSG00000198522,1.2502323,1.8420473,GM12878,0.7911382,1.0,1
ENSG00000198586,1.820152,1.3602146,GM12878,0.8736247,1.0,1
ENSG00000198586,1.7242354,1.3602146,GM12878,0.8489437,1.0,1
ENSG00000198586,1.8219028,1.3602146,GM12878,0.803649,1.0,1
ENSG00000198586,1.830278,1.3602146,GM12878,0.80273914,1.0,1
ENSG00000198586,1.662029,1.3602146,GM12878,0.87407744,0.00054347824,1
ENSG00000198586,1.7426199,1.3602146,GM12878,0.6447299,0.0076086954,1
ENSG00000198612,1.2616082,1.7039788,GM12878,0.7393615,1.0,1
ENSG00000198612,1.2457066,1.7039788,GM12878,0.80211633,0.8845161,1
ENSG00000198648,0.59678084,-0.22914799,GM12878,0.7932459,1.0,1
ENSG00000198648,0.66072863,-0.22914799,GM12878,0.91974896,1.0,1
ENSG00000198648,0.68038064,-0.22914799,GM12878,0.90121895,1.0,1
ENSG00000198707,1.242589,0.74350977,GM12878,0.9034453,1.0,1
ENSG00000198707,1.0325382,0.74350977,GM12878,0.8773853,0.9844358,1
ENSG00000198707,1.0255605,0.74350977,GM12878,0.8353516,0.054474708,1
ENSG00000198855,0.7086016,-0.11918641,GM12878,0.9124114,1.0,1
ENSG00000198885,1.3835374,0.350248,GM12878,0.9041508,1.0,1
ENSG00000198925,2.0721653,1.7627536,GM12878,0.7291821,1.0,1
ENSG00000198925,2.0306141,1.7627536,GM12878,0.8707454,0.99839485,1
ENSG00000198925,1.898814,1.7627536,GM12878,0.72760856,0.45178765,1
ENSG00000198925,1.9057685,1.7627536,GM12878,0.66878957,0.2883263,1
ENSG00000204099,-0.4708005,-0.82390875,GM12878,0.9809729,1.0,1
ENSG00000204104,1.0034341,0.2764618,GM12878,0.8610009,1.0,1
ENSG00000204120,1.4679533,1.4695275,GM12878,0.8060828,1.0,1
ENSG00000204120,1.376207,1.4695275,GM12878,0.8681716,1.0,1
ENSG00000204120,1.4902363,1.4695275,GM12878,0.6365641,0.9606481,1
ENSG00000204120,1.4895649,1.4695275,GM12878,0.7413185,0.04278075,1
ENSG00000204120,1.441543,1.4695275,GM12878,0.67537415,0.9054054,1
ENSG00000204120,1.5249331,1.4695275,GM12878,0.72127634,0.025917927,1
ENSG00000204217,1.2786282,0.65705585,GM12878,0.83717716,1.0,1
ENSG00000204217,1.2856773,0.65705585,GM12878,0.83250654,1.0,1
ENSG00000204311,1.5813698,0.24303804,GM12878,0.9072921,1.0,1
ENSG00000204406,1.1821898,1.1900514,GM12878,0.8348481,1.0,1
ENSG00000204406,0.9783529,1.1900514,GM12878,0.83925366,1.0,1
ENSG00000204634,-0.28376958,-0.0043648053,GM12878,0.9772284,1.0,1
ENSG00000204842,1.6434555,1.4141374,GM12878,0.8998721,1.0,1
ENSG00000204842,1.8072557,1.4141374,GM12878,0.893236,1.0,1
ENSG00000204842,1.8072557,1.4141374,GM12878,0.893236,1.0,1
ENSG00000204842,1.9118608,1.4141374,GM12878,0.7931509,1.0,1
ENSG00000204842,1.8783114,1.4141374,GM12878,0.8384656,1.0,1
ENSG00000204842,1.7329235,1.4141374,GM12878,0.7681093,1.0,1
ENSG00000204842,1.8637763,1.4141374,GM12878,0.79509556,0.0,1
ENSG00000204842,1.815186,1.4141374,GM12878,0.7780245,0.030837005,1
ENSG00000204842,1.7756461,1.4141374,GM12878,0.7818743,0.8839779,1
ENSG00000204842,1.8840494,1.4141374,GM12878,0.81971675,0.2626728,1
ENSG00000204843,2.0586488,1.4313638,GM12878,0.84320796,1.0,1
ENSG00000204843,2.1034338,1.4313638,GM12878,0.40770203,0.0,1
ENSG00000204852,0.8786941,0.9628427,GM12878,0.92172813,1.0,1
ENSG00000204852,1.0124036,0.9628427,GM12878,0.9205973,1.0,1
ENSG00000204852,1.0828214,0.9628427,GM12878,0.46984026,0.04016064,1
ENSG00000204852,0.833889,0.9628427,GM12878,0.9167212,0.9795082,1
ENSG00000204852,0.810432,0.9628427,GM12878,0.8263581,0.096885815,1
ENSG00000204852,0.89193964,0.9628427,GM12878,0.87216413,0.018796992,1
ENSG00000204856,1.0801731,1.8397921,GM12878,0.28828084,1.0,1
ENSG00000204856,1.0801731,1.8397921,GM12878,0.28828084,1.0,1
ENSG00000204856,1.1448371,1.8397921,GM12878,0.8759427,1.0,1
ENSG00000204856,1.109599,1.8397921,GM12878,0.86686873,1.0,1
ENSG00000204856,1.0819191,1.8397921,GM12878,0.8943272,0.9939551,1
ENSG00000204923,1.2869632,0.10720997,GM12878,0.8284685,1.0,1
ENSG00000204923,1.2442584,0.10720997,GM12878,0.7946162,1.0,1
ENSG00000204954,1.7170981,1.5497388,GM12878,0.8446456,1.0,1
ENSG00000204954,1.7971299,1.5497388,GM12878,0.8413734,0.018209409,1
ENSG00000205086,-0.5887603,-0.9586073,GM12878,0.96028566,1.0,1
ENSG00000205086,-0.5868686,-0.9586073,GM12878,0.9535353,1.0,1
ENSG00000205323,1.5898364,2.1086664,GM12878,0.7232851,1.0,1
ENSG00000205323,1.5238552,2.1086664,GM12878,0.76543677,0.97135794,1
ENSG00000205352,1.4757341,2.2241704,GM12878,0.8873954,1.0,1
ENSG00000205639,1.128025,0.76417613,GM12878,0.91616094,1.0,1
ENSG00000205707,1.8963171,1.3527611,GM12878,0.86090106,1.0,1
ENSG00000205707,1.8963171,1.3527611,GM12878,0.86090106,1.0,1
ENSG00000205707,1.849261,1.3527611,GM12878,0.8345721,0.0,1
ENSG00000205795,-0.11626833,-0.9586073,GM12878,0.9256168,1.0,1
ENSG00000211455,0.45005164,0.5888317,GM12878,0.8581143,1.0,1
ENSG00000211460,1.5856692,1.9278321,GM12878,0.8248967,1.0,1
ENSG00000211460,1.5856692,1.9278321,GM12878,0.8248967,1.0,1
ENSG00000211460,1.5604938,1.9278321,GM12878,0.84615797,1.0,1
ENSG00000211460,1.5604938,1.9278321,GM12878,0.84615797,1.0,1
ENSG00000211460,1.5704753,1.9278321,GM12878,0.8006718,0.9965157,1
ENSG00000211584,1.9504908,1.0216027,GM12878,0.8615244,1.0,1
ENSG00000212127,1.3117495,0.24303804,GM12878,0.33962956,1.0,1
ENSG00000212127,1.4137919,0.24303804,GM12878,0.82865655,1.0,1
ENSG00000213160,1.1958451,1.6390879,GM12878,0.9271323,1.0,1
ENSG00000213337,1.2795055,1.3562171,GM12878,0.9109446,1.0,1
ENSG00000213639,1.0475496,1.6006463,GM12878,0.8658813,1.0,1
ENSG00000213699,1.4779502,1.0523092,GM12878,0.86674887,1.0,1
ENSG00000213699,1.5177824,1.0523092,GM12878,0.88371134,1.0,1
ENSG00000213699,1.6292322,1.0523092,GM12878,0.7767022,0.9528689,1
ENSG00000213699,1.5934466,1.0523092,GM12878,0.8797725,0.89855075,1
ENSG00000213699,1.518716,1.0523092,GM12878,0.88666725,0.9669052,1
ENSG00000213782,1.3827817,1.5390761,GM12878,0.7969076,1.0,1
ENSG00000213782,1.4951614,1.5390761,GM12878,0.8881073,0.98846036,1
ENSG00000213782,1.5378084,1.5390761,GM12878,0.91119564,0.99616724,1
ENSG00000213809,-0.4004787,-0.7695511,GM12878,0.9763737,1.0,1
ENSG00000213809,-0.5660115,-0.7695511,GM12878,0.97682023,1.0,1
ENSG00000213901,-0.21935716,-0.3767507,GM12878,0.97792345,1.0,1
ENSG00000214595,0.42992362,-0.21467017,GM12878,0.9081337,1.0,1
ENSG00000214595,0.4614605,-0.21467017,GM12878,0.91360563,1.0,1
ENSG00000214595,0.53488123,-0.21467017,GM12878,0.87459356,1.0,1
ENSG00000214595,0.42727205,-0.21467017,GM12878,0.9209014,1.0,1
ENSG00000215021,1.5877105,2.5502162,GM12878,0.8573634,1.0,1
ENSG00000215021,1.815565,2.5502162,GM12878,0.89615583,1.0,1
ENSG00000215021,1.7389103,2.5502162,GM12878,0.8996001,1.0,1
ENSG00000215021,1.5792893,2.5502162,GM12878,0.8598463,1.0,1
ENSG00000215021,1.8392253,2.5502162,GM12878,0.8963308,1.0,1
ENSG00000218739,1.3887707,1.6078837,GM12878,0.8502978,1.0,1
ENSG00000219626,1.5745571,0.48429984,GM12878,0.8607606,1.0,1
ENSG00000221823,1.7987783,1.0599419,GM12878,0.9218579,1.0,1
ENSG00000221823,1.9021845,1.0599419,GM12878,0.73077273,1.0,1
ENSG00000221823,1.7993349,1.0599419,GM12878,0.87561744,1.0,1
ENSG00000221823,1.8407292,1.0599419,GM12878,0.6914311,1.0,1
ENSG00000231672,-0.6727297,-0.9586073,GM12878,0.97893107,1.0,1
ENSG00000231887,-0.24067329,0.48000693,GM12878,0.810157,1.0,1
ENSG00000231887,-0.35207447,0.48000693,GM12878,0.88854146,1.0,1
ENSG00000231887,-0.49230507,0.48000693,GM12878,0.9621581,1.0,1
ENSG00000235162,-0.3520237,-0.26760623,GM12878,0.8360779,1.0,1
ENSG00000239305,0.74196297,0.553883,GM12878,0.8851754,1.0,1
ENSG00000239474,-0.46503732,-0.7212464,GM12878,0.97498214,1.0,1
ENSG00000239779,1.2805241,1.2156376,GM12878,0.94623584,1.0,1
ENSG00000239779,1.2070273,1.2156376,GM12878,0.9044093,0.1745283,1
ENSG00000240344,2.0684776,1.7319914,GM12878,0.702976,1.0,1
ENSG00000240344,2.0684776,1.7319914,GM12878,0.702976,1.0,1
ENSG00000240344,2.0674775,1.7319914,GM12878,0.7086577,0.74934864,1
ENSG00000240344,2.1533253,1.7319914,GM12878,0.21694428,0.0,1
ENSG00000240344,2.058624,1.7319914,GM12878,0.77519894,0.7108597,1
ENSG00000240771,0.8932679,1.0934217,GM12878,0.9575311,1.0,1
ENSG00000241119,-0.78878284,-0.9586073,GM12878,0.9812213,1.0,1
ENSG00000241962,1.0340619,-0.43179828,GM12878,0.8624271,1.0,1
ENSG00000243244,0.12131732,0.025305865,GM12878,0.9254275,1.0,1
ENSG00000243667,1.6660665,0.5428254,GM12878,0.84801066,1.0,1
ENSG00000243667,1.7648053,0.5428254,GM12878,0.84380364,1.0,1
ENSG00000243943,1.4444995,1.8286599,GM12878,0.8733506,1.0,1
ENSG00000243943,1.61296,1.8286599,GM12878,0.8788865,0.0132,1
ENSG00000243943,1.62079,1.8286599,GM12878,0.6560554,0.48008007,1
ENSG00000243943,1.5791094,1.8286599,GM12878,0.86670184,0.98646265,1
ENSG00000247077,0.9088777,1.5903959,GM12878,0.9116668,1.0,1
ENSG00000250565,1.2939283,0.90091306,GM12878,0.85652703,1.0,1
ENSG00000251569,0.9670376,-0.24412514,GM12878,0.90491146,1.0,1
ENSG00000251569,1.0310776,-0.24412514,GM12878,0.8234214,1.0,1
ENSG00000251569,1.1108654,-0.24412514,GM12878,0.85055214,1.0,1
ENSG00000251569,0.9868769,-0.24412514,GM12878,0.92841375,1.0,1
ENSG00000256223,1.921049,0.5843312,GM12878,0.78071517,1.0,1
ENSG00000256223,1.8850703,0.5843312,GM12878,0.83301264,1.0,1
ENSG00000256223,1.8638102,0.5843312,GM12878,0.8363923,1.0,1
ENSG00000256223,1.8478676,0.5843312,GM12878,0.8531537,1.0,1
ENSG00000257218,1.8829103,1.438384,GM12878,0.87506396,1.0,1
ENSG00000257218,1.844221,1.438384,GM12878,0.32811654,0.18068764,1
ENSG00000257390,1.0325735,-0.55284196,GM12878,0.92546415,1.0,1
ENSG00000257390,1.2087672,-0.55284196,GM12878,0.89498675,1.0,1
ENSG00000257390,1.1884564,-0.55284196,GM12878,0.8246177,1.0,1
ENSG00000257390,1.1092604,-0.55284196,GM12878,0.954573,1.0,1
ENSG00000257727,1.3251528,2.1634,GM12878,0.89458895,1.0,1
ENSG00000257921,1.4753435,-0.13667715,GM12878,0.87476254,1.0,1
ENSG00000258311,1.3738523,0.096910015,GM12878,0.92012906,1.0,1
ENSG00000259075,1.4010301,-0.33724216,GM12878,0.7806022,1.0,1
