,PredExpr,ActualExpr,CellLine,PredPsi,ActualPsi,fold_idx
ENSG00000002016,0.86949205,1.0107238,GM12878,0.8785031,1.0,1
ENSG00000002016,0.839153,1.0107238,GM12878,0.7207723,1.0,1
ENSG00000002016,0.6170893,1.0107238,GM12878,0.43004522,0.208,1
ENSG00000002016,1.1327746,1.0107238,GM12878,0.94685096,0.0,1
ENSG00000003056,1.4256862,1.9407157,GM12878,0.9283943,1.0,1
ENSG00000003056,1.634031,1.9407157,GM12878,0.9619998,1.0,1
ENSG00000003056,1.5556113,1.9407157,GM12878,0.96175545,1.0,1
ENSG00000003393,1.1213462,1.0102999,GM12878,0.94503504,1.0,1
ENSG00000003393,1.1620691,1.0102999,GM12878,0.93381953,0.00589391,1
ENSG00000003400,1.5013864,1.224274,GM12878,0.9488078,0.929374,1
ENSG00000003400,1.3343091,1.224274,GM12878,0.901775,0.88451445,1
ENSG00000003402,1.4236759,1.7873896,GM12878,0.96289694,1.0,1
ENSG00000003402,1.2952313,1.7873896,GM12878,0.82691354,1.0,1
ENSG00000003402,1.186026,1.7873896,GM12878,0.2676148,0.026152482,1
ENSG00000003436,1.3291547,2.6872168,GM12878,0.8571074,1.0,1
ENSG00000003509,1.4280031,1.4595432,GM12878,0.9334898,1.0,1
ENSG00000003509,1.1380734,1.4595432,GM12878,0.86547476,0.9572501,1
ENSG00000004478,0.8406191,1.8022262,GM12878,0.9765535,1.0,1
ENSG00000004700,0.94564605,1.2805784,GM12878,0.90938574,1.0,1
ENSG00000005175,1.5034714,1.506505,GM12878,0.9727175,1.0,1
ENSG00000005175,1.4248195,1.506505,GM12878,0.98272187,1.0,1
ENSG00000005175,1.1895185,1.506505,GM12878,0.9664747,1.0,1
ENSG00000005175,1.4870433,1.506505,GM12878,0.9668473,0.75994515,1
ENSG00000005175,1.549123,1.506505,GM12878,0.95376885,0.41775545,1
ENSG00000005436,1.3180568,1.3756636,GM12878,0.91924924,1.0,1
ENSG00000005436,1.3180568,1.3756636,GM12878,0.91924924,1.0,1
ENSG00000005436,1.318374,1.3756636,GM12878,0.9733869,0.6383266,1
ENSG00000005436,0.9481607,1.3756636,GM12878,0.9454575,1.0,1
ENSG00000005448,0.1114053,1.0976043,GM12878,0.9772381,1.0,1
ENSG00000005448,0.24757975,1.0976043,GM12878,0.98805517,0.98672116,1
ENSG00000006607,0.5366124,1.3558345,GM12878,0.7745416,1.0,1
ENSG00000006607,0.7952398,1.3558345,GM12878,0.8402968,1.0,1
ENSG00000006607,0.84543204,1.3558345,GM12878,0.9461077,1.0,1
ENSG00000006831,1.463392,1.6070259,GM12878,0.97777075,1.0,1
ENSG00000006831,1.4843178,1.6070259,GM12878,0.9558762,1.0,1
ENSG00000008323,-0.13294938,-0.4685211,GM12878,0.99350643,1.0,1
ENSG00000008323,-0.14244062,-0.4685211,GM12878,0.9846656,1.0,1
ENSG00000008394,0.664115,1.8624295,GM12878,0.9116378,1.0,1
ENSG00000008394,0.82107615,1.8624295,GM12878,0.94676185,0.9928535,1
ENSG00000008394,0.9205323,1.8624295,GM12878,0.6428923,0.002157756,1
ENSG00000008405,1.2536668,1.4427933,GM12878,0.89555615,1.0,1
ENSG00000008869,1.0736614,1.2008505,GM12878,0.93857384,1.0,1
ENSG00000008869,1.0772551,1.2008505,GM12878,0.9705602,1.0,1
ENSG00000008869,1.0213549,1.2008505,GM12878,0.97118944,1.0,1
ENSG00000010219,0.002577845,1.3230457,GM12878,0.9857547,1.0,1
ENSG00000010219,0.33786362,1.3230457,GM12878,0.9302595,0.037339557,1
ENSG00000010278,-0.5714855,0.84633714,GM12878,0.997561,1.0,1
ENSG00000010278,-0.5567672,0.84633714,GM12878,0.9963935,0.14880952,1
ENSG00000010292,1.7231907,1.8221027,GM12878,0.85841084,1.0,1
ENSG00000010292,1.5728674,1.8221027,GM12878,0.9406796,1.0,1
ENSG00000010292,1.7737777,1.8221027,GM12878,0.9585641,1.0,1
ENSG00000010292,1.6604701,1.8221027,GM12878,0.94094485,0.75792295,1
ENSG00000010626,0.56646883,0.7671559,GM12878,0.97774667,1.0,1
ENSG00000010626,0.6780988,0.7671559,GM12878,0.9613223,1.0,1
ENSG00000011523,1.0214623,0.7888751,GM12878,0.8446353,1.0,1
ENSG00000011523,1.0597782,0.7888751,GM12878,0.9235949,0.095108695,1
ENSG00000011566,1.3303007,1.129045,GM12878,0.625796,1.0,1
ENSG00000011566,1.2901276,1.129045,GM12878,0.9187841,1.0,1
ENSG00000011566,1.0404829,1.129045,GM12878,0.9689038,1.0,1
ENSG00000011566,0.94829303,1.129045,GM12878,0.96624225,1.0,1
ENSG00000012822,0.22801274,1.4377506,GM12878,0.9821347,1.0,1
ENSG00000012822,0.28420278,1.4377506,GM12878,0.9508135,0.9685535,1
ENSG00000013016,-0.68758523,-0.92081875,GM12878,0.99709356,1.0,1
ENSG00000013441,1.5175827,1.877947,GM12878,0.8938569,1.0,1
ENSG00000013441,1.2433933,1.877947,GM12878,0.87769693,1.0,1
ENSG00000013441,1.2844738,1.877947,GM12878,0.8464146,0.34098136,1
ENSG00000013503,1.0780199,0.9020029,GM12878,0.7220034,1.0,1
ENSG00000013503,1.3199459,0.9020029,GM12878,0.86718136,1.0,1
ENSG00000013503,0.716754,0.9020029,GM12878,0.73037446,1.0,1
ENSG00000013573,0.6990796,1.6029277,GM12878,0.7950776,0.9442283,1
ENSG00000013573,0.80341876,1.6029277,GM12878,0.93389446,0.8894231,1
ENSG00000013588,-0.46572602,-0.69897,GM12878,0.9924213,1.0,1
ENSG00000014641,1.3136269,2.5179346,GM12878,0.96001905,1.0,1
ENSG00000014641,1.2754437,2.5179346,GM12878,0.94357675,0.99506503,1
ENSG00000015153,0.75363696,1.2342641,GM12878,0.9541899,0.0,1
ENSG00000015153,1.1051874,1.2342641,GM12878,0.9102474,0.20512821,1
ENSG00000015153,1.0042497,1.2342641,GM12878,0.8977044,0.18585859,1
ENSG00000015153,0.8904594,1.2342641,GM12878,0.8891605,0.34181508,1
ENSG00000015153,1.0042497,1.2342641,GM12878,0.8977044,0.0,1
ENSG00000015568,0.62558836,0.30535138,GM12878,0.9159853,1.0,1
ENSG00000017427,-0.23528573,0.5301997,GM12878,0.98117,1.0,1
ENSG00000017427,-0.23528573,0.5301997,GM12878,0.98117,1.0,1
ENSG00000018280,0.28787154,-0.25181198,GM12878,0.9623154,1.0,1
ENSG00000018510,1.2072321,1.5725231,GM12878,0.86783767,1.0,1
ENSG00000018510,0.8933702,1.5725231,GM12878,0.9229201,1.0,1
ENSG00000018510,1.2072905,1.5725231,GM12878,0.95331794,1.0,1
ENSG00000018510,1.1799517,1.5725231,GM12878,0.94285244,1.0,1
ENSG00000018510,1.2196993,1.5725231,GM12878,0.96431136,1.0,1
ENSG00000018510,1.0215892,1.5725231,GM12878,0.3370087,1.0,1
ENSG00000018699,1.0966432,1.6684791,GM12878,0.96897,1.0,1
ENSG00000021574,0.8205098,1.024075,GM12878,0.9449324,1.0,1
ENSG00000021574,0.82854956,1.024075,GM12878,0.971161,1.0,1
ENSG00000021574,1.104737,1.024075,GM12878,0.91548556,1.0,1
ENSG00000021574,1.09086,1.024075,GM12878,0.5802715,1.0,1
ENSG00000021826,-0.3236222,0.9973864,GM12878,0.98391944,1.0,1
ENSG00000022840,1.315616,1.8890775,GM12878,0.9360651,1.0,1
ENSG00000022840,1.4118521,1.8890775,GM12878,0.9503867,1.0,1
ENSG00000022840,1.2999413,1.8890775,GM12878,0.9744333,1.0,1
ENSG00000022840,1.2742581,1.8890775,GM12878,0.8771275,1.0,1
ENSG00000022840,1.322749,1.8890775,GM12878,0.9713723,1.0,1
ENSG00000023228,1.5828924,1.9354569,GM12878,0.9632801,1.0,1
ENSG00000023228,1.4883761,1.9354569,GM12878,0.9391314,0.66994554,1
ENSG00000023228,1.5493407,1.9354569,GM12878,0.9603083,0.88380915,1
ENSG00000023697,0.15758465,0.5888317,GM12878,0.9294312,1.0,1
ENSG00000023734,1.0882677,1.9306434,GM12878,0.8099685,1.0,1
ENSG00000023734,1.070854,1.9306434,GM12878,0.6452658,0.0023739957,1
ENSG00000023734,1.1070659,1.9306434,GM12878,0.80135417,0.9822006,1
ENSG00000028116,1.1358055,1.4935975,GM12878,0.83727217,1.0,1
ENSG00000028116,1.0900693,1.4935975,GM12878,0.9271598,1.0,1
ENSG00000028116,1.0848227,1.4935975,GM12878,0.92647874,1.0,1
ENSG00000028116,1.0366651,1.4935975,GM12878,0.92782885,1.0,1
ENSG00000028116,0.8340352,1.4935975,GM12878,0.25056338,0.0,1
ENSG00000028116,1.0766851,1.4935975,GM12878,0.17878026,0.0,1
ENSG00000028116,1.5053976,1.4935975,GM12878,0.73608494,0.06367535,1
ENSG00000028116,1.0632981,1.4935975,GM12878,0.96575224,0.88485646,1
ENSG00000028116,0.9249815,1.4935975,GM12878,0.8820617,0.045859452,1
ENSG00000028203,1.2667159,1.6555226,GM12878,0.975144,1.0,1
ENSG00000028203,1.1277757,1.6555226,GM12878,0.92708397,0.8412138,1
ENSG00000028203,1.2202283,1.6555226,GM12878,0.9774491,0.7894737,1
ENSG00000028203,1.2204148,1.6555226,GM12878,0.9730871,0.948542,1
ENSG00000028203,0.8813059,1.6555226,GM12878,0.94752914,0.35714287,1
ENSG00000028203,1.1469802,1.6555226,GM12878,0.91268754,0.0,1
ENSG00000029153,-0.43163842,-0.22914799,GM12878,0.9922861,1.0,1
ENSG00000032389,1.2471777,1.6226285,GM12878,0.961211,1.0,1
ENSG00000033030,1.5458399,1.3785796,GM12878,0.8752616,1.0,1
ENSG00000033030,1.319259,1.3785796,GM12878,0.97157615,0.9973082,1
ENSG00000034510,1.4886545,2.497952,GM12878,0.8698297,1.0,1
ENSG00000035115,-0.42979777,0.811575,GM12878,0.99344456,1.0,1
ENSG00000035115,-0.36635298,0.811575,GM12878,0.9912676,0.6007905,1
ENSG00000035115,-0.49443752,0.811575,GM12878,0.9950761,1.0,1
ENSG00000035115,-0.19746777,0.811575,GM12878,0.93892515,0.0042735045,1
ENSG00000035115,-0.08074009,0.811575,GM12878,0.700956,0.27142859,1
ENSG00000035141,0.9656629,1.8196098,GM12878,0.66636753,1.0,1
ENSG00000035141,0.98538357,1.8196098,GM12878,0.66271335,1.0,1
ENSG00000035141,0.9588819,1.8196098,GM12878,0.7615194,0.0066541545,1
ENSG00000036257,1.2401595,1.4462264,GM12878,0.9636187,1.0,1
ENSG00000037897,1.5694994,1.5247854,GM12878,0.9677559,1.0,1
ENSG00000037897,0.7691515,1.5247854,GM12878,0.9263734,1.0,1
ENSG00000037897,1.103623,1.5247854,GM12878,0.7978919,0.23014441,1
ENSG00000040933,0.7389973,1.0366288,GM12878,0.95338917,1.0,1
ENSG00000040933,0.6813614,1.0366288,GM12878,0.9069783,0.10675381,1
ENSG00000042445,1.2843049,1.1417632,GM12878,0.96795994,1.0,1
ENSG00000042445,1.1849908,1.1417632,GM12878,0.97102654,1.0,1
ENSG00000042445,1.0344257,1.1417632,GM12878,0.8108025,0.6638585,1
ENSG00000042445,1.1026903,1.1417632,GM12878,0.85322154,0.99119496,1
ENSG00000042493,0.38699278,1.725585,GM12878,0.9291315,1.0,1
ENSG00000047621,1.3621967,1.0417873,GM12878,0.96182925,1.0,1
ENSG00000047621,1.4368318,1.0417873,GM12878,0.92290026,1.0,1
ENSG00000047621,1.2641749,1.0417873,GM12878,0.89149576,1.0,1
ENSG00000048991,0.87313837,1.7825443,GM12878,0.88739,1.0,1
ENSG00000048991,0.9470516,1.7825443,GM12878,0.9274589,1.0,1
ENSG00000048991,0.9603558,1.7825443,GM12878,0.9632597,0.9871293,1
ENSG00000048991,0.587961,1.7825443,GM12878,0.5990421,0.027957622,1
ENSG00000049323,-0.00756187,1.04883,GM12878,0.989364,1.0,1
ENSG00000049323,0.7087609,1.04883,GM12878,0.98458594,1.0,1
ENSG00000050405,1.0239172,1.3907585,GM12878,0.8196837,1.0,1
ENSG00000050405,1.051541,1.3907585,GM12878,0.42757642,0.0,1
ENSG00000050426,1.5995483,2.1715217,GM12878,0.89616424,1.0,1
ENSG00000050426,1.205663,2.1715217,GM12878,0.95637304,1.0,1
ENSG00000050426,1.6727772,2.1715217,GM12878,0.75084376,1.0,1
ENSG00000050426,1.1968039,2.1715217,GM12878,0.67460555,0.8888889,1
ENSG00000050426,1.7106837,2.1715217,GM12878,0.92498106,0.92021114,1
ENSG00000050426,1.7106837,2.1715217,GM12878,0.92498106,0.063182525,1
ENSG00000050426,1.6980596,2.1715217,GM12878,0.9523503,0.07553957,1
ENSG00000050426,1.7114053,2.1715217,GM12878,0.54798466,0.9354232,1
ENSG00000050438,-0.5198166,-0.33724216,GM12878,0.99494666,1.0,1
ENSG00000051825,1.5001822,1.6564815,GM12878,0.94994605,1.0,1
ENSG00000051825,1.3715501,1.6564815,GM12878,0.86210746,0.26948357,1
ENSG00000055044,1.4703687,2.0313277,GM12878,0.9752102,1.0,1
ENSG00000055044,1.4224883,2.0313277,GM12878,0.94966614,0.032931123,1
ENSG00000055332,1.0313265,0.9934362,GM12878,0.8499923,1.0,1
ENSG00000055332,0.93730557,0.9934362,GM12878,0.9715163,1.0,1
ENSG00000055332,1.1874447,0.9934362,GM12878,0.9720977,0.69730943,1
ENSG00000055917,1.567749,1.6688516,GM12878,0.92649704,1.0,1
ENSG00000055917,1.2780619,1.6688516,GM12878,0.96825343,1.0,1
ENSG00000055917,1.1367799,1.6688516,GM12878,0.929345,1.0,1
ENSG00000055917,1.493524,1.6688516,GM12878,0.97097236,0.8681767,1
ENSG00000055917,1.4469137,1.6688516,GM12878,0.9782452,0.90764415,1
ENSG00000055917,1.3722218,1.6688516,GM12878,0.9655623,0.14331445,1
ENSG00000057935,0.8069357,1.4459155,GM12878,0.6050549,1.0,1
ENSG00000058272,1.4025637,1.5872618,GM12878,0.94059867,1.0,1
ENSG00000058272,1.4706233,1.5872618,GM12878,0.91060746,0.0,1
ENSG00000058272,1.4801326,1.5872618,GM12878,0.9258344,1.0,1
ENSG00000058272,1.5809772,1.5872618,GM12878,0.7565001,0.9219089,1
ENSG00000058272,1.4976088,1.5872618,GM12878,0.97049093,0.48738533,1
ENSG00000059728,1.1611886,1.3909351,GM12878,0.945754,1.0,1
ENSG00000059728,1.1778474,1.3909351,GM12878,0.9678534,1.0,1
ENSG00000059728,1.161361,1.3909351,GM12878,0.95364296,0.9619565,1
ENSG00000059758,1.2201056,1.2033049,GM12878,0.92401946,1.0,1
ENSG00000059758,1.2250227,1.2033049,GM12878,0.96593904,0.98778194,1
ENSG00000059804,1.3845469,2.4926348,GM12878,0.9697225,1.0,1
ENSG00000060138,1.0359367,1.5975856,GM12878,0.9644271,1.0,1
ENSG00000060138,0.9627067,1.5975856,GM12878,0.9680779,1.0,1
ENSG00000060138,1.0171223,1.5975856,GM12878,0.5926868,0.59007204,1
ENSG00000060138,0.95793915,1.5975856,GM12878,0.60742337,0.0,1
ENSG00000060140,0.41640553,-0.4436975,GM12878,0.93274087,1.0,1
ENSG00000060237,1.2212651,1.378398,GM12878,0.9481993,1.0,1
ENSG00000060237,1.1933359,1.378398,GM12878,0.9214154,0.0,1
ENSG00000060237,0.8507841,1.378398,GM12878,0.6816885,0.0,1
ENSG00000060982,1.8087313,1.6651118,GM12878,0.96347094,1.0,1
ENSG00000060982,1.6282476,1.6651118,GM12878,0.95978796,0.9716636,1
ENSG00000060982,1.1799091,1.6651118,GM12878,0.8575535,0.9990838,1
ENSG00000061273,1.2708396,1.4109459,GM12878,0.97031873,1.0,1
ENSG00000061273,1.1664064,1.4109459,GM12878,0.83678764,1.0,1
ENSG00000061273,1.2305828,1.4109459,GM12878,0.94062686,0.0,1
ENSG00000061273,1.1264795,1.4109459,GM12878,0.8037619,0.42357275,1
ENSG00000061273,0.979353,1.4109459,GM12878,0.81007415,1.0,1
ENSG00000061676,1.2851356,2.0211065,GM12878,0.9742294,1.0,1
ENSG00000061936,1.7311096,1.2929204,GM12878,0.9610773,1.0,1
ENSG00000061936,1.7746084,1.2929204,GM12878,0.9467135,1.0,1
ENSG00000061936,1.6757005,1.2929204,GM12878,0.9506595,1.0,1
ENSG00000061936,1.376867,1.2929204,GM12878,0.77368104,0.014285714,1
ENSG00000061987,1.1489047,1.2079035,GM12878,0.95820606,1.0,1
ENSG00000061987,1.1373562,1.2079035,GM12878,0.96515924,1.0,1
ENSG00000061987,0.8514616,1.2079035,GM12878,0.40791258,0.12878788,1
ENSG00000061987,1.1877518,1.2079035,GM12878,0.8127,0.0,1
ENSG00000062485,1.7398208,2.056333,GM12878,0.52414536,1.0,1
ENSG00000062485,1.7398208,2.056333,GM12878,0.52414536,1.0,1
ENSG00000062485,1.8156235,2.056333,GM12878,0.78415155,0.0,1
ENSG00000062485,1.7231691,2.056333,GM12878,0.88594973,0.016642628,1
ENSG00000063046,1.7222178,2.591098,GM12878,0.96631235,1.0,1
ENSG00000063046,1.5998513,2.591098,GM12878,0.9706215,1.0,1
ENSG00000063046,1.7808928,2.591098,GM12878,0.9556304,0.9991147,1
ENSG00000063046,1.8035094,2.591098,GM12878,0.9745745,0.7175943,1
ENSG00000063660,0.0953585,-0.5850267,GM12878,0.97514516,1.0,1
ENSG00000063660,0.18653259,-0.5850267,GM12878,0.9814687,1.0,1
ENSG00000064012,1.1697965,1.1000258,GM12878,0.7497448,1.0,1
ENSG00000064012,0.57355666,1.1000258,GM12878,0.9118295,0.0,1
ENSG00000064012,1.0474,1.1000258,GM12878,0.752578,0.36689654,1
ENSG00000064012,1.2480253,1.1000258,GM12878,0.7465983,0.9888476,1
ENSG00000064102,1.4549308,1.7070589,GM12878,0.97498953,1.0,1
ENSG00000064102,1.244311,1.7070589,GM12878,0.8458777,1.0,1
ENSG00000064102,1.4076408,1.7070589,GM12878,0.9602091,1.0,1
ENSG00000064115,0.90623045,1.8372726,GM12878,0.6430743,1.0,1
ENSG00000064763,0.8155163,0.920645,GM12878,0.8778935,1.0,1
ENSG00000064933,1.1166399,1.227115,GM12878,0.9765246,1.0,1
ENSG00000064933,0.85928917,1.227115,GM12878,0.9668232,1.0,1
ENSG00000064933,1.145413,1.227115,GM12878,0.9796464,1.0,1
ENSG00000064933,1.0362173,1.227115,GM12878,0.970036,0.9388275,1
ENSG00000064933,0.852706,1.227115,GM12878,0.92752206,0.9592183,1
ENSG00000064933,1.2799411,1.227115,GM12878,0.88951486,0.0027777778,1
ENSG00000064933,1.0535023,1.227115,GM12878,0.9794165,0.595217,1
ENSG00000064989,-0.34669918,-0.92081875,GM12878,0.9806608,1.0,1
ENSG00000065357,0.47365803,0.81954396,GM12878,0.9522267,0.8831169,1
ENSG00000065548,1.2486213,2.1490343,GM12878,0.9458087,1.0,1
ENSG00000065548,1.3690795,2.1490343,GM12878,0.948395,1.0,1
ENSG00000065548,1.3201354,2.1490343,GM12878,0.9711856,1.0,1
ENSG00000065548,1.4496182,2.1490343,GM12878,0.9666922,1.0,1
ENSG00000065548,1.4633286,2.1490343,GM12878,0.94981885,0.27601242,1
ENSG00000065802,1.4447225,1.3005955,GM12878,0.96940583,1.0,1
ENSG00000065911,1.6149055,2.3176246,GM12878,0.96904314,1.0,1
ENSG00000065911,1.3511397,2.3176246,GM12878,0.9483087,0.15467583,1
ENSG00000065911,1.4370395,2.3176246,GM12878,0.9699564,0.99922943,1
ENSG00000065970,1.2423058,0.35793483,GM12878,0.9464162,1.0,1
ENSG00000066084,1.1283842,1.2650537,GM12878,0.7874876,1.0,1
ENSG00000066117,1.1971946,1.6785184,GM12878,0.87965214,1.0,1
ENSG00000066117,1.0493413,1.6785184,GM12878,0.7321312,1.0,1
ENSG00000066117,1.0493413,1.6785184,GM12878,0.7321312,1.0,1
ENSG00000066117,1.2428728,1.6785184,GM12878,0.9738471,0.44461077,1
ENSG00000067066,0.48959363,1.4056878,GM12878,0.93262756,1.0,1
ENSG00000067066,0.661819,1.4056878,GM12878,0.85465395,0.8678011,1
ENSG00000067066,1.1054134,1.4056878,GM12878,0.95535964,0.009708738,1
ENSG00000067066,0.60962033,1.4056878,GM12878,0.91129744,0.8682635,1
ENSG00000067182,1.1525384,1.351603,GM12878,0.7962472,1.0,1
ENSG00000067182,1.4744897,1.351603,GM12878,0.81419295,0.9922929,1
ENSG00000067182,1.4931934,1.351603,GM12878,0.9431927,0.99613154,1
ENSG00000068024,0.7769939,0.48429984,GM12878,0.9729927,1.0,1
ENSG00000068654,1.5269178,0.9454686,GM12878,0.9753414,1.0,1
ENSG00000068697,1.6708072,2.0860393,GM12878,0.9227009,1.0,1
ENSG00000068697,1.4494119,2.0860393,GM12878,0.9686558,1.0,1
ENSG00000068724,0.9281854,0.81491315,GM12878,0.9132805,1.0,1
ENSG00000068724,1.009069,0.81491315,GM12878,0.25896412,0.018796992,1
ENSG00000068724,0.89592206,0.81491315,GM12878,0.8282433,0.065789476,1
ENSG00000068724,0.72024167,0.81491315,GM12878,0.96034247,0.9868914,1
ENSG00000068724,0.8463296,0.81491315,GM12878,0.9737891,0.9580537,1
ENSG00000068724,0.8088723,0.81491315,GM12878,0.91807175,0.0,1
ENSG00000068784,1.235022,0.94101423,GM12878,0.9662149,1.0,1
ENSG00000068878,1.4096256,1.7384634,GM12878,0.9535218,1.0,1
ENSG00000068878,1.2288667,1.7384634,GM12878,0.95404613,0.639196,1
ENSG00000068878,1.4684875,1.7384634,GM12878,0.91033846,0.9855346,1
ENSG00000068912,0.94275796,1.462398,GM12878,0.95187867,1.0,1
ENSG00000068912,1.306022,1.462398,GM12878,0.97131777,0.8584008,1
ENSG00000069493,0.24831119,0.64836,GM12878,0.9900093,1.0,1
ENSG00000069493,-0.03179095,0.64836,GM12878,0.96764195,0.87815124,1
ENSG00000069493,0.8264926,0.64836,GM12878,0.9437026,0.44295302,1
ENSG00000070018,0.95213,0.89376175,GM12878,0.8525445,1.0,1
ENSG00000070019,-0.65508103,-0.92081875,GM12878,0.9915787,1.0,1
ENSG00000070019,-0.6613009,-0.92081875,GM12878,0.98343015,1.0,1
ENSG00000070019,-0.32269946,-0.92081875,GM12878,0.9845099,1.0,1
ENSG00000070019,-0.5184075,-0.92081875,GM12878,0.9779661,1.0,1
ENSG00000070961,1.1291101,1.1994809,GM12878,0.9736155,1.0,1
ENSG00000070961,1.2532427,1.1994809,GM12878,0.8911378,1.0,1
ENSG00000070961,1.1434723,1.1994809,GM12878,0.9678085,1.0,1
ENSG00000070961,1.1259961,1.1994809,GM12878,0.95889217,0.97525775,1
ENSG00000071051,0.78674245,0.57054293,GM12878,0.96936864,1.0,1
ENSG00000071051,0.54987526,0.57054293,GM12878,0.95061976,0.5444015,1
ENSG00000071054,1.1153942,1.5724069,GM12878,0.97754955,1.0,1
ENSG00000071054,0.91353786,1.5724069,GM12878,0.91901046,0.41871583,1
ENSG00000071054,0.87875974,1.5724069,GM12878,0.2947561,0.58128417,1
ENSG00000071054,1.1064187,1.5724069,GM12878,0.5296802,0.38251367,1
ENSG00000071073,-0.22179523,-0.60206,GM12878,0.9807273,1.0,1
ENSG00000071073,-0.45077896,-0.60206,GM12878,0.99267805,1.0,1
ENSG00000071073,-0.23165745,-0.60206,GM12878,0.9706177,1.0,1
ENSG00000071073,-0.27920914,-0.60206,GM12878,0.989207,1.0,1
ENSG00000071073,-0.17634852,-0.60206,GM12878,0.977711,1.0,1
ENSG00000071575,0.95066667,1.2995073,GM12878,0.9109239,1.0,1
ENSG00000071909,-0.55692905,0.21484385,GM12878,0.9907736,1.0,1
ENSG00000071967,1.1703162,1.2600714,GM12878,0.9125278,1.0,1
ENSG00000071967,0.8881308,1.2600714,GM12878,0.9716635,1.0,1
ENSG00000071967,0.8881308,1.2600714,GM12878,0.9716635,1.0,1
ENSG00000071967,1.1703162,1.2600714,GM12878,0.9125278,0.95373666,1
ENSG00000072135,0.7798575,1.6394864,GM12878,0.88047165,1.0,1
ENSG00000072135,0.9750605,1.6394864,GM12878,0.86457443,1.0,1
ENSG00000072135,1.232317,1.6394864,GM12878,0.9029889,1.0,1
ENSG00000072609,1.0013956,1.4173056,GM12878,0.6083445,1.0,1
ENSG00000072609,1.043087,1.4173056,GM12878,0.6771966,1.0,1
ENSG00000072609,1.3217798,1.4173056,GM12878,0.21491414,0.067885116,1
ENSG00000072609,1.125965,1.4173056,GM12878,0.7918922,0.51428574,1
ENSG00000072609,1.1515384,1.4173056,GM12878,0.9033476,0.41571194,1
ENSG00000072609,1.220488,1.4173056,GM12878,0.5478273,0.5989933,1
ENSG00000073060,1.0910859,1.9950645,GM12878,0.9770815,1.0,1
ENSG00000073060,1.1153241,1.9950645,GM12878,0.95176387,0.6875557,1
ENSG00000073060,1.164973,1.9950645,GM12878,0.89085996,0.02337278,1
ENSG00000073614,1.1068307,1.0043213,GM12878,0.9266924,1.0,1
ENSG00000073614,1.2817034,1.0043213,GM12878,0.86744297,1.0,1
ENSG00000073614,1.5567309,1.0043213,GM12878,0.9293033,0.07196402,1
ENSG00000074054,0.8094891,0.8756399,GM12878,0.9110825,1.0,1
ENSG00000074054,1.2877624,0.8756399,GM12878,0.98200476,1.0,1
ENSG00000074054,1.4645393,0.8756399,GM12878,0.71508735,1.0,1
ENSG00000074582,0.9403825,1.6382896,GM12878,0.8005325,1.0,1
ENSG00000074582,1.1181422,1.6382896,GM12878,0.79677606,0.04265403,1
ENSG00000074582,1.0983114,1.6382896,GM12878,0.7890346,0.012707722,1
ENSG00000074582,1.0303516,1.6382896,GM12878,0.823563,0.039923955,1
ENSG00000075089,1.2921978,1.8997658,GM12878,0.6592759,1.0,1
ENSG00000075089,1.1239904,1.8997658,GM12878,0.9757032,0.9995011,1
ENSG00000075188,1.3348172,2.2130394,GM12878,0.8585391,1.0,1
ENSG00000075188,1.6011566,2.2130394,GM12878,0.95204973,0.026617851,1
ENSG00000075292,1.2588689,1.8391637,GM12878,0.82500476,1.0,1
ENSG00000075292,1.3432981,1.8391637,GM12878,0.70826536,0.9626697,1
ENSG00000075415,1.2352054,2.5069783,GM12878,0.82931155,1.0,1
ENSG00000075426,0.4054861,-0.34678748,GM12878,0.9648162,1.0,1
ENSG00000075426,0.5227432,-0.34678748,GM12878,0.9402573,1.0,1
ENSG00000075856,1.7890992,1.4109459,GM12878,0.6980806,1.0,1
ENSG00000075856,1.5609845,1.4109459,GM12878,0.8351765,0.9958042,1
ENSG00000075856,1.9009941,1.4109459,GM12878,0.7373329,0.025874127,1
ENSG00000075884,0.33680096,-0.013228266,GM12878,0.967192,1.0,1
ENSG00000076003,1.5409983,1.9534214,GM12878,0.96541715,1.0,1
ENSG00000076003,1.4547573,1.9534214,GM12878,0.94292736,1.0,1
ENSG00000076067,-0.45356235,0.12057393,GM12878,0.9944507,1.0,1
ENSG00000076108,0.7777452,1.8205298,GM12878,0.9303796,1.0,1
ENSG00000076108,1.3547066,1.8205298,GM12878,0.92096835,1.0,1
ENSG00000076108,0.8923657,1.8205298,GM12878,0.94226456,0.15889744,1
ENSG00000076248,1.1742752,1.2966652,GM12878,0.90291893,1.0,1
ENSG00000076248,1.1503175,1.2966652,GM12878,0.9273955,0.99693567,1
ENSG00000076513,1.1361434,1.5936183,GM12878,0.976551,1.0,1
ENSG00000076513,1.1361434,1.5936183,GM12878,0.976551,1.0,1
ENSG00000076513,1.3275086,1.5936183,GM12878,0.93671316,1.0,1
ENSG00000076513,1.3814887,1.5936183,GM12878,0.8945254,1.0,1
ENSG00000076513,1.0956767,1.5936183,GM12878,0.97867155,0.986946,1
ENSG00000077044,0.7225775,1.1964525,GM12878,0.96354806,1.0,1
ENSG00000077044,0.13274361,1.1964525,GM12878,0.96917,0.01369863,1
ENSG00000077232,0.8121622,1.5851222,GM12878,0.96383345,1.0,1
ENSG00000077232,1.1012609,1.5851222,GM12878,0.97406197,1.0,1
ENSG00000077232,1.2046478,1.5851222,GM12878,0.8513197,0.9609848,1
ENSG00000077232,1.0720198,1.5851222,GM12878,0.9722168,0.014757281,1
ENSG00000077232,0.9903752,1.5851222,GM12878,0.9595745,0.03846154,1
ENSG00000077232,0.86821556,1.5851222,GM12878,0.94113505,0.08199643,1
ENSG00000077380,1.3871415,2.136467,GM12878,0.9206229,1.0,1
ENSG00000077380,1.1250863,2.136467,GM12878,0.31774354,0.0,1
ENSG00000077380,1.229278,2.136467,GM12878,0.8898403,0.0011638433,1
ENSG00000078237,0.20521887,-0.52287877,GM12878,0.9330375,1.0,1
ENSG00000078246,0.9561513,0.98587537,GM12878,0.97730815,1.0,1
ENSG00000078246,0.75176007,0.98587537,GM12878,0.94228613,0.9167604,1
ENSG00000078246,1.0881212,0.98587537,GM12878,0.9604664,0.9943757,1
ENSG00000078246,0.7907906,0.98587537,GM12878,0.9709545,0.9223847,1
ENSG00000078246,0.9609151,0.98587537,GM12878,0.97018784,0.9943757,1
ENSG00000079150,0.7881719,1.154424,GM12878,0.9691204,1.0,1
ENSG00000079150,0.75416017,1.154424,GM12878,0.95118016,0.83908045,1
ENSG00000079150,0.7272559,1.154424,GM12878,0.9569719,0.23958333,1
ENSG00000079150,0.7881719,1.154424,GM12878,0.9691204,0.38020834,1
ENSG00000079156,0.5697534,1.1510632,GM12878,0.94956565,1.0,1
ENSG00000079246,1.4858392,2.570823,GM12878,0.94540375,1.0,1
ENSG00000079246,1.2606181,2.570823,GM12878,0.9711168,1.0,1
ENSG00000079337,0.17342107,-0.34678748,GM12878,0.9877529,1.0,1
ENSG00000079337,0.20575993,-0.34678748,GM12878,0.9911016,1.0,1
ENSG00000079387,1.4393343,1.6055205,GM12878,0.809972,1.0,1
ENSG00000079387,1.6210957,1.6055205,GM12878,0.9412725,0.29693994,1
ENSG00000079785,1.4147456,2.186589,GM12878,0.71435124,1.0,1
ENSG00000080345,1.4814088,1.4865721,GM12878,0.9757352,1.0,1
ENSG00000080345,1.5731304,1.4865721,GM12878,0.94883215,1.0,1
ENSG00000080345,1.3739133,1.4865721,GM12878,0.9404227,1.0,1
ENSG00000080345,1.254065,1.4865721,GM12878,0.6956555,0.20479302,1
ENSG00000080345,1.351661,1.4865721,GM12878,0.9764272,0.6510773,1
ENSG00000080371,1.2351176,0.9375179,GM12878,0.9590492,1.0,1
ENSG00000080371,1.0020388,0.9375179,GM12878,0.9587546,1.0,1
ENSG00000080371,1.1378484,0.9375179,GM12878,0.9719644,1.0,1
ENSG00000081320,1.0954803,0.9375179,GM12878,0.91039026,1.0,1
ENSG00000081320,1.0549746,0.9375179,GM12878,0.9744092,1.0,1
ENSG00000081320,0.9702146,0.9375179,GM12878,0.9776809,1.0,1
ENSG00000081760,0.694397,0.666518,GM12878,0.94097865,1.0,1
ENSG00000081760,0.34917223,0.666518,GM12878,0.9458891,1.0,1
ENSG00000081760,0.75673205,0.666518,GM12878,0.86124545,0.10033445,1
ENSG00000081760,0.37282345,0.666518,GM12878,0.9774964,0.83798885,1
ENSG00000082146,0.9318969,1.2352759,GM12878,0.9365796,1.0,1
ENSG00000082146,0.98965186,1.2352759,GM12878,0.85533524,1.0,1
ENSG00000082146,1.0421807,1.2352759,GM12878,0.94582033,1.0,1
ENSG00000082153,1.5626947,2.1173708,GM12878,0.9690053,1.0,1
ENSG00000082258,1.1139797,1.3172274,GM12878,0.7808623,1.0,1
ENSG00000082258,1.2764783,1.3172274,GM12878,0.9452382,0.2628012,1
ENSG00000082805,0.84561104,0.33845648,GM12878,0.8920206,0.6804734,1
ENSG00000082805,0.7269247,0.33845648,GM12878,0.2541594,0.02366864,1
ENSG00000082805,0.67628866,0.33845648,GM12878,0.925758,1.0,1
ENSG00000082805,0.93590325,0.33845648,GM12878,0.9660578,0.023391813,1
ENSG00000082805,0.85514075,0.33845648,GM12878,0.7317051,0.005882353,1
ENSG00000082898,1.7838517,2.331326,GM12878,0.9482055,1.0,1
ENSG00000082898,1.7687397,2.331326,GM12878,0.96031564,1.0,1
ENSG00000082898,1.792977,2.331326,GM12878,0.78189605,1.0,1
ENSG00000082898,1.542466,2.331326,GM12878,0.87915605,1.0,1
ENSG00000084090,1.252505,1.9021118,GM12878,0.9432329,1.0,1
ENSG00000084110,-0.56686026,-0.60206,GM12878,0.98306644,1.0,1
ENSG00000084112,0.9809566,0.4913617,GM12878,0.96835905,1.0,1
ENSG00000084444,0.27760634,0.65513843,GM12878,0.94135875,1.0,1
ENSG00000084463,1.3586829,1.0362295,GM12878,0.9523206,1.0,1
ENSG00000084463,1.2992531,1.0362295,GM12878,0.95536566,1.0,1
ENSG00000084463,0.9692747,1.0362295,GM12878,0.7737067,0.0046425257,1
ENSG00000084676,0.8150381,1.2764618,GM12878,0.97674906,1.0,1
ENSG00000084676,0.88872975,1.2764618,GM12878,0.9538463,1.0,1
ENSG00000084676,0.77279127,1.2764618,GM12878,0.9610239,0.689951,1
ENSG00000084676,1.1977521,1.2764618,GM12878,0.9657132,0.7805582,1
ENSG00000084693,1.3579252,1.5991186,GM12878,0.8514656,1.0,1
ENSG00000084693,1.3541642,1.5991186,GM12878,0.36637887,0.56435645,1
ENSG00000084731,0.3809569,0.42160392,GM12878,0.96804374,1.0,1
ENSG00000084731,0.40642697,0.42160392,GM12878,0.96931946,1.0,1
ENSG00000084733,1.6864947,1.9852917,GM12878,0.8463059,1.0,1
ENSG00000084733,1.6476436,1.9852917,GM12878,0.9764089,1.0,1
ENSG00000084733,1.560066,1.9852917,GM12878,0.9638795,1.0,1
ENSG00000084733,1.795986,1.9852917,GM12878,0.97789884,1.0,1
ENSG00000084754,1.6076614,2.190472,GM12878,0.95165795,1.0,1
ENSG00000084764,0.8973618,1.4965146,GM12878,0.9319632,1.0,1
ENSG00000084774,1.5510682,1.5732198,GM12878,0.9592075,1.0,1
ENSG00000084774,1.2343055,1.5732198,GM12878,0.953084,0.9823691,1
ENSG00000085449,0.858902,1.3895204,GM12878,0.7796207,1.0,1
ENSG00000085760,1.2811055,1.7431176,GM12878,0.9769413,1.0,1
ENSG00000085760,1.2111951,1.7431176,GM12878,0.9539371,1.0,1
ENSG00000085760,0.78382045,1.7431176,GM12878,0.2298991,0.100053504,1
ENSG00000085978,1.2851676,1.2276297,GM12878,0.9588529,1.0,1
ENSG00000085978,1.2851676,1.2276297,GM12878,0.9588529,1.0,1
ENSG00000085978,1.2645832,1.2276297,GM12878,0.9614023,1.0,1
ENSG00000085978,1.2696347,1.2276297,GM12878,0.76853347,0.2453125,1
ENSG00000085982,1.0033842,1.0881361,GM12878,0.93668866,1.0,1
ENSG00000085982,0.9595434,1.0881361,GM12878,0.9334553,1.0,1
ENSG00000086598,1.4137083,2.15567,GM12878,0.94089305,1.0,1
ENSG00000087338,1.2305584,1.2484637,GM12878,0.9778251,1.0,1
ENSG00000087448,1.0502106,0.94151145,GM12878,0.92507005,1.0,1
ENSG00000087470,1.0698202,1.7861123,GM12878,0.9652133,1.0,1
ENSG00000087470,1.0698202,1.7861123,GM12878,0.9652133,1.0,1
ENSG00000087470,1.0739324,1.7861123,GM12878,0.9442275,1.0,1
ENSG00000087470,1.0389788,1.7861123,GM12878,0.9386787,1.0,1
ENSG00000087470,0.9936529,1.7861123,GM12878,0.36845288,0.21595427,1
ENSG00000087470,0.9810025,1.7861123,GM12878,0.9447788,1.0,1
ENSG00000087470,1.17267,1.7861123,GM12878,0.97412044,0.9932165,1
ENSG00000087470,0.6893621,1.7861123,GM12878,0.9552887,1.0,1
ENSG00000087470,0.9030134,1.7861123,GM12878,0.53156006,0.18685122,1
ENSG00000087470,0.9277745,1.7861123,GM12878,0.5375428,0.27376696,1
ENSG00000087470,1.100852,1.7861123,GM12878,0.8993261,0.675503,1
ENSG00000087470,1.0941068,1.7861123,GM12878,0.89787537,0.5592635,1
ENSG00000087494,-0.45128858,0.17026171,GM12878,0.98706925,1.0,1
ENSG00000087502,1.1322092,1.5619358,GM12878,0.9625234,1.0,1
ENSG00000088179,1.0332868,1.3697723,GM12878,0.8519301,1.0,1
ENSG00000088205,1.410854,2.0459876,GM12878,0.89325655,1.0,1
ENSG00000088986,1.3535911,2.5452452,GM12878,0.39867634,1.0,1
ENSG00000088986,1.0243988,2.5452452,GM12878,0.86114436,1.0,1
ENSG00000088992,0.9080124,1.2720737,GM12878,0.89364964,1.0,1
ENSG00000088992,0.7561312,1.2720737,GM12878,0.73303735,1.0,1
ENSG00000088992,1.1200956,1.2720737,GM12878,0.88990825,0.9531773,1
ENSG00000089022,1.5667596,1.7231271,GM12878,0.9609928,1.0,1
ENSG00000089041,-0.38551986,-0.82390875,GM12878,0.9805967,1.0,1
ENSG00000089053,1.4535307,2.3872297,GM12878,0.97420424,1.0,1
ENSG00000089053,1.3564113,2.3872297,GM12878,0.94138193,0.84344923,1
ENSG00000089060,0.66876215,1.2387986,GM12878,0.91627187,1.0,1
ENSG00000089060,1.2205162,1.2387986,GM12878,0.81847775,1.0,1
ENSG00000089060,0.59940183,1.2387986,GM12878,0.6594687,0.022988506,1
ENSG00000089060,0.55110806,1.2387986,GM12878,0.81907743,1.0,1
ENSG00000089094,0.850557,1.2591158,GM12878,0.9789837,1.0,1
ENSG00000089094,0.9959895,1.2591158,GM12878,0.9145441,1.0,1
ENSG00000089094,0.7950064,1.2591158,GM12878,0.6461495,0.88706565,1
ENSG00000089154,1.4372348,1.7058637,GM12878,0.98482287,1.0,1
ENSG00000089159,0.72019124,1.4581845,GM12878,0.8625694,0.40955952,1
ENSG00000089163,0.7005828,0.35983548,GM12878,0.8640811,1.0,1
ENSG00000089163,0.42637616,0.35983548,GM12878,0.9629628,1.0,1
ENSG00000089220,1.0194712,2.007321,GM12878,0.762387,1.0,1
ENSG00000089220,1.0504884,2.007321,GM12878,0.9213539,1.0,1
ENSG00000089234,1.3393418,1.34262,GM12878,0.97306687,1.0,1
ENSG00000089248,1.3539121,1.9694159,GM12878,0.93069786,0.88129413,1
ENSG00000089692,-0.3811864,-0.6777807,GM12878,0.9705228,1.0,1
ENSG00000089693,1.162242,2.1970875,GM12878,0.9311805,1.0,1
ENSG00000089693,1.6884688,2.1970875,GM12878,0.9211092,1.0,1
ENSG00000089818,1.4658523,1.1906118,GM12878,0.7912138,1.0,1
ENSG00000089818,1.6989803,1.1906118,GM12878,0.7451922,0.95894426,1
ENSG00000090376,-0.7245792,-0.92081875,GM12878,0.997129,1.0,1
ENSG00000090382,0.11087906,1.477266,GM12878,0.9793326,1.0,1
ENSG00000090612,0.5295292,0.68663627,GM12878,0.92748934,0.8636364,1
ENSG00000090612,0.83575696,0.68663627,GM12878,0.9306059,0.7702703,1
ENSG00000090612,0.8168971,0.68663627,GM12878,0.9232332,0.34538153,1
ENSG00000090615,1.5138181,1.148911,GM12878,0.9276895,1.0,1
ENSG00000091039,1.1993145,1.5323721,GM12878,0.97531474,1.0,1
ENSG00000091039,1.2235675,1.5323721,GM12878,0.9767379,1.0,1
ENSG00000091039,0.9656316,1.5323721,GM12878,0.647113,0.31226766,1
ENSG00000091106,0.09117426,-0.85387194,GM12878,0.97875047,1.0,1
ENSG00000091106,-0.39039326,-0.85387194,GM12878,0.9886882,1.0,1
ENSG00000091409,-0.47836068,-0.92081875,GM12878,0.9958366,1.0,1
ENSG00000091409,-0.5396982,-0.92081875,GM12878,0.9969717,1.0,1
ENSG00000091428,-0.7254802,-0.4089354,GM12878,0.989174,1.0,1
ENSG00000091428,-0.7660993,-0.4089354,GM12878,0.9944344,1.0,1
ENSG00000091436,1.0398927,1.3378584,GM12878,0.79341435,1.0,1
ENSG00000092841,1.7248564,3.0676584,GM12878,0.6590329,1.0,1
ENSG00000092841,1.6435351,3.0676584,GM12878,0.93648946,1.0,1
ENSG00000092841,1.7027056,3.0676584,GM12878,0.948715,1.0,1
ENSG00000092841,1.7816824,3.0676584,GM12878,0.9501941,1.0,1
ENSG00000092841,1.7840792,3.0676584,GM12878,0.95026064,1.0,1
ENSG00000092841,1.5736662,3.0676584,GM12878,0.8100165,0.9697458,1
ENSG00000092841,1.8846794,3.0676584,GM12878,0.8005218,0.07447057,1
ENSG00000094914,1.2153584,1.8744239,GM12878,0.436523,1.0,1
ENSG00000094914,1.7560593,1.8744239,GM12878,0.5902743,0.97541666,1
ENSG00000094916,1.140774,1.8588979,GM12878,0.96794343,1.0,1
ENSG00000094916,1.4291813,1.8588979,GM12878,0.96726227,1.0,1
ENSG00000095002,1.3273158,1.9315088,GM12878,0.9769313,1.0,1
ENSG00000095002,1.3319814,1.9315088,GM12878,0.97662795,1.0,1
ENSG00000102189,1.2654601,0.5965971,GM12878,0.98201054,1.0,1
ENSG00000102189,0.8604553,0.5965971,GM12878,0.9741709,1.0,1
ENSG00000110801,1.2414496,1.7159199,GM12878,0.969696,1.0,1
ENSG00000110801,1.0584617,1.7159199,GM12878,0.9311349,0.52356213,1
ENSG00000110801,1.3545599,1.7159199,GM12878,0.28903127,0.2872928,1
ENSG00000110841,0.36748645,0.17609125,GM12878,0.9761273,1.0,1
ENSG00000110844,0.2764908,0.587711,GM12878,0.8767626,1.0,1
ENSG00000110844,0.42614263,0.587711,GM12878,0.95537096,1.0,1
ENSG00000110848,1.4339577,1.7195798,GM12878,0.96929854,1.0,1
ENSG00000110848,1.211431,1.7195798,GM12878,0.96574414,1.0,1
ENSG00000110848,1.4223838,1.7195798,GM12878,0.9622112,1.0,1
ENSG00000110851,1.1048003,1.1945144,GM12878,0.9704387,1.0,1
ENSG00000110852,0.02782228,0.5888317,GM12878,0.97425777,1.0,1
ENSG00000110852,-0.05305662,0.5888317,GM12878,0.97710437,1.0,1
ENSG00000110852,-0.17160282,0.5888317,GM12878,0.9691141,0.8680352,1
ENSG00000110871,1.505437,1.6590601,GM12878,0.8597824,1.0,1
ENSG00000110871,1.2871404,1.6590601,GM12878,0.96880585,0.9988799,1
ENSG00000110871,1.2665865,1.6590601,GM12878,0.30263063,0.04121864,1
ENSG00000110880,1.5445384,2.3280737,GM12878,0.97438127,1.0,1
ENSG00000110880,1.4917238,2.3280737,GM12878,0.94917387,1.0,1
ENSG00000110881,-0.2026884,0.20951502,GM12878,0.9952577,1.0,1
ENSG00000110888,0.8095642,1.0265332,GM12878,0.95097643,1.0,1
ENSG00000110888,1.1169528,1.0265332,GM12878,0.9791413,1.0,1
ENSG00000110888,0.7524332,1.0265332,GM12878,0.89968073,1.0,1
ENSG00000110888,0.97447896,1.0265332,GM12878,0.9258427,0.25040388,1
ENSG00000110888,0.74973714,1.0265332,GM12878,0.97143865,0.9846154,1
ENSG00000110888,1.0458429,1.0265332,GM12878,0.8493227,0.6297663,1
ENSG00000110888,0.8821001,1.0265332,GM12878,0.93447673,0.3457189,1
ENSG00000110906,1.3214514,1.4665711,GM12878,0.37249434,1.0,1
ENSG00000110906,1.3214514,1.4665711,GM12878,0.37249434,1.0,1
ENSG00000110906,1.1071291,1.4665711,GM12878,0.92671466,1.0,1
ENSG00000110906,1.2949063,1.4665711,GM12878,0.8470858,1.0,1
ENSG00000110906,1.2949063,1.4665711,GM12878,0.8470858,0.73277557,1
ENSG00000110911,1.252454,1.6755034,GM12878,0.81956935,1.0,1
ENSG00000110917,1.3426242,1.5609821,GM12878,0.9661608,1.0,1
ENSG00000110917,1.4968671,1.5609821,GM12878,0.9788198,1.0,1
ENSG00000110917,1.5897944,1.5609821,GM12878,0.92423713,1.0,1
ENSG00000110921,1.0203106,1.4432629,GM12878,0.9235893,1.0,1
ENSG00000110921,1.1384858,1.4432629,GM12878,0.9027065,1.0,1
ENSG00000110921,1.4240434,1.4432629,GM12878,0.65509254,0.8910082,1
ENSG00000110921,1.4826263,1.4432629,GM12878,0.9515823,0.8161889,1
ENSG00000110925,0.8658411,0.8915374,GM12878,0.6463252,1.0,1
ENSG00000110925,0.83011156,0.8915374,GM12878,0.8213116,1.0,1
ENSG00000110931,0.88177556,1.1869563,GM12878,0.969861,1.0,1
ENSG00000110931,0.83842784,1.1869563,GM12878,0.59241366,1.0,1
ENSG00000110931,0.76598066,1.1869563,GM12878,0.5855876,0.122857146,1
ENSG00000110931,1.0658715,1.1869563,GM12878,0.95941734,0.8297587,1
ENSG00000110934,-0.5529472,-0.537602,GM12878,0.99555665,1.0,1
ENSG00000110944,0.21606357,1.0174507,GM12878,0.8062899,1.0,1
ENSG00000110955,1.6910831,3.3983412,GM12878,0.9492997,1.0,1
ENSG00000110958,1.6736292,2.114244,GM12878,0.9148274,1.0,1
ENSG00000110958,1.5805504,2.114244,GM12878,0.9684088,1.0,1
ENSG00000110958,1.6932046,2.114244,GM12878,0.97483397,1.0,1
ENSG00000110958,1.6096634,2.114244,GM12878,0.96048754,0.88235295,1
ENSG00000110958,1.5805504,2.114244,GM12878,0.9684088,0.9948186,1
ENSG00000110958,1.8776339,2.114244,GM12878,0.94064254,0.86775446,1
ENSG00000110958,1.7427944,2.114244,GM12878,0.9690165,0.9996437,1
ENSG00000110987,1.2865877,0.9561684,GM12878,0.9327195,1.0,1
ENSG00000110987,1.1433216,0.9561684,GM12878,0.9364709,1.0,1
ENSG00000111011,1.5404758,1.7259933,GM12878,0.9614381,1.0,1
ENSG00000111011,1.7090448,1.7259933,GM12878,0.9283561,0.70385605,1
ENSG00000111011,1.6597022,1.7259933,GM12878,0.96252894,0.99866134,1
ENSG00000111012,-0.25863642,0.5820634,GM12878,0.9793691,1.0,1
ENSG00000111057,1.358259,2.4412708,GM12878,0.8346816,1.0,1
ENSG00000111057,1.3187542,2.4412708,GM12878,0.91689956,1.0,1
ENSG00000111057,1.3525076,2.4412708,GM12878,0.9633301,1.0,1
ENSG00000111087,0.34761772,-0.14874165,GM12878,0.9848343,1.0,1
ENSG00000111087,0.3511592,-0.14874165,GM12878,0.9649757,1.0,1
ENSG00000111110,0.6946859,0.63848925,GM12878,0.9604155,1.0,1
ENSG00000111110,0.38139874,0.63848925,GM12878,0.96598643,1.0,1
ENSG00000111110,0.25842208,0.63848925,GM12878,0.9628215,1.0,1
ENSG00000111110,0.2809686,0.63848925,GM12878,0.9536481,1.0,1
ENSG00000111142,1.394155,2.1322596,GM12878,0.96103036,1.0,1
ENSG00000111142,1.1735598,2.1322596,GM12878,0.97089034,1.0,1
ENSG00000111142,1.394155,2.1322596,GM12878,0.96103036,0.942899,1
ENSG00000111142,1.3974583,2.1322596,GM12878,0.969443,0.99957174,1
ENSG00000111144,1.0346503,1.5805829,GM12878,0.93204486,1.0,1
ENSG00000111144,1.0825379,1.5805829,GM12878,0.7615088,0.89862496,1
ENSG00000111144,1.059013,1.5805829,GM12878,0.7799301,0.06234414,1
ENSG00000111144,0.84741026,1.5805829,GM12878,0.90737027,0.022925764,1
ENSG00000111145,0.10064608,-0.013228266,GM12878,0.9848178,1.0,1
ENSG00000111145,0.4867496,-0.013228266,GM12878,0.97135395,1.0,1
ENSG00000111196,1.5180839,1.6009729,GM12878,0.94558054,1.0,1
ENSG00000111196,1.299325,1.6009729,GM12878,0.95207274,0.5342679,1
ENSG00000111203,0.8643575,1.0733517,GM12878,0.90519464,1.0,1
ENSG00000111203,1.2951928,1.0733517,GM12878,0.9023192,1.0,1
ENSG00000111206,1.2440102,0.99782306,GM12878,0.97371846,1.0,1
ENSG00000111206,1.2613741,0.99782306,GM12878,0.98081905,1.0,1
ENSG00000111206,1.4664596,0.99782306,GM12878,0.95848566,0.06612685,1
ENSG00000111206,1.2660517,0.99782306,GM12878,0.6518119,0.7301855,1
ENSG00000111224,0.19798341,-0.5086383,GM12878,0.88221693,1.0,1
ENSG00000111224,0.21968564,-0.5086383,GM12878,0.953251,1.0,1
ENSG00000111229,1.0964301,1.7294078,GM12878,0.92156327,1.0,1
ENSG00000111231,1.3827704,1.7625285,GM12878,0.96545434,1.0,1
ENSG00000111237,1.0903798,2.2845435,GM12878,0.7517495,0.055408534,1
ENSG00000111237,1.0411767,2.2845435,GM12878,0.20151778,0.46666044,1
ENSG00000111247,1.4704646,1.8617135,GM12878,0.9598858,1.0,1
ENSG00000111247,1.3826491,1.8617135,GM12878,0.5194504,0.15399121,1
ENSG00000111247,1.5049047,1.8617135,GM12878,0.96744597,0.9311657,1
ENSG00000111247,1.5049047,1.8617135,GM12878,0.96744597,0.9927441,1
ENSG00000111247,1.4547628,1.8617135,GM12878,0.96889037,0.5789816,1
ENSG00000111247,1.493231,1.8617135,GM12878,0.96695596,0.09753832,1
ENSG00000111252,1.2288456,1.3789427,GM12878,0.7113604,1.0,1
ENSG00000111261,0.7936437,0.19589965,GM12878,0.932893,1.0,1
ENSG00000111266,0.6740074,0.9449759,GM12878,0.71071935,1.0,1
ENSG00000111269,0.7528306,0.5987905,GM12878,0.944597,1.0,1
ENSG00000111271,1.3025018,1.0962145,GM12878,0.9532441,1.0,1
ENSG00000111271,1.0687431,1.0962145,GM12878,0.7555859,1.0,1
ENSG00000111271,0.9811252,1.0962145,GM12878,0.26358697,0.45,1
ENSG00000111271,1.1886904,1.0962145,GM12878,0.96307415,1.0,1
ENSG00000111271,1.031004,1.0962145,GM12878,0.9131256,0.9701493,1
ENSG00000111275,0.71134984,1.2237555,GM12878,0.91912043,1.0,1
ENSG00000111275,0.7631279,1.2237555,GM12878,0.9493106,1.0,1
ENSG00000111275,0.84815764,1.2237555,GM12878,0.9573237,0.047309835,1
ENSG00000111276,1.2645023,1.0244857,GM12878,0.8608592,1.0,1
ENSG00000111300,1.4372653,1.5972563,GM12878,0.96225965,1.0,1
ENSG00000111300,1.398393,1.5972563,GM12878,0.97282636,1.0,1
ENSG00000111300,1.5232862,1.5972563,GM12878,0.95522755,0.14213625,1
ENSG00000111300,1.4119451,1.5972563,GM12878,0.8974409,0.8578637,1
ENSG00000111300,1.3494148,1.5972563,GM12878,0.29679173,0.021026073,1
ENSG00000111319,-0.45897913,-0.61978877,GM12878,0.9868743,1.0,1
ENSG00000111319,-0.37099642,-0.61978877,GM12878,0.98540944,1.0,1
ENSG00000111319,-0.36365977,-0.61978877,GM12878,0.97487324,1.0,1
ENSG00000111325,1.554849,1.4266739,GM12878,0.81957823,1.0,1
ENSG00000111325,1.6716945,1.4266739,GM12878,0.7752112,1.0,1
ENSG00000111325,1.4290977,1.4266739,GM12878,0.94124067,1.0,1
ENSG00000111325,1.6634898,1.4266739,GM12878,0.7735823,1.0,1
ENSG00000111325,1.671468,1.4266739,GM12878,0.7752907,0.38821137,1
ENSG00000111325,1.6315289,1.4266739,GM12878,0.710075,0.060568605,1
ENSG00000111325,1.5417454,1.4266739,GM12878,0.756356,0.3888889,1
ENSG00000111328,0.9941837,1.905364,GM12878,0.9111312,1.0,1
ENSG00000111328,0.9941837,1.905364,GM12878,0.9111312,1.0,1
ENSG00000111331,-0.041804038,-0.14874165,GM12878,0.9906942,1.0,1
ENSG00000111331,-0.022523412,-0.14874165,GM12878,0.98667985,1.0,1
ENSG00000111331,-0.06749411,-0.14874165,GM12878,0.9891711,1.0,1
ENSG00000111348,0.13747552,1.0891984,GM12878,0.85302407,1.0,1
ENSG00000111358,1.3042402,1.8342935,GM12878,0.71767765,1.0,1
ENSG00000111358,1.4261006,1.8342935,GM12878,0.92434967,0.5840046,1
ENSG00000111358,1.5127857,1.8342935,GM12878,0.89505124,0.94355965,1
ENSG00000111361,0.9540632,1.6484576,GM12878,0.93661577,1.0,1
ENSG00000111361,1.4047266,1.6484576,GM12878,0.9633456,1.0,1
ENSG00000111361,1.3445494,1.6484576,GM12878,0.9316919,1.0,1
ENSG00000111364,1.6564298,1.6652995,GM12878,0.94551796,1.0,1
ENSG00000111371,1.4311604,1.5344069,GM12878,0.7647222,1.0,1
ENSG00000111371,1.3303897,1.5344069,GM12878,0.87363416,1.0,1
ENSG00000111371,1.2379113,1.5344069,GM12878,0.958621,0.99778074,1
ENSG00000111371,1.3624481,1.5344069,GM12878,0.9143158,0.041364606,1
ENSG00000111412,0.7913345,0.7986506,GM12878,0.9027364,1.0,1
ENSG00000111412,0.8342007,0.7986506,GM12878,0.9611976,0.7328767,1
ENSG00000111424,0.0006566439,0.17318627,GM12878,0.9880634,1.0,1
ENSG00000111424,-0.1681742,0.17318627,GM12878,0.99255013,1.0,1
ENSG00000111424,-0.08257293,0.17318627,GM12878,0.97244364,0.5089286,1
ENSG00000111445,1.3692979,1.8686445,GM12878,0.8848018,1.0,1
ENSG00000111445,1.1445186,1.8686445,GM12878,0.6407769,0.29612947,1
ENSG00000111450,1.3425598,1.6092741,GM12878,0.9634591,1.0,1
ENSG00000111452,-0.44212097,0.7715875,GM12878,0.9956773,1.0,1
ENSG00000111481,1.7355868,2.5834029,GM12878,0.9280953,1.0,1
ENSG00000111481,1.576525,2.5834029,GM12878,0.8444575,1.0,1
ENSG00000111481,1.6380911,2.5834029,GM12878,0.96469915,1.0,1
ENSG00000111481,1.8423582,2.5834029,GM12878,0.9318784,1.0,1
ENSG00000111481,1.7148237,2.5834029,GM12878,0.8940594,0.96806204,1
ENSG00000111481,1.7812576,2.5834029,GM12878,0.9339111,0.9833247,1
ENSG00000111490,-0.6932659,-0.61978877,GM12878,0.9903813,1.0,1
ENSG00000111530,1.4276104,2.0729113,GM12878,0.9433076,1.0,1
ENSG00000111530,1.6752155,2.0729113,GM12878,0.90158165,1.0,1
ENSG00000111537,-0.62005,-0.9586073,GM12878,0.9866593,1.0,1
ENSG00000111537,-0.3431961,-0.9586073,GM12878,0.9895885,1.0,1
ENSG00000111540,1.2769233,1.7817553,GM12878,0.93084073,1.0,1
ENSG00000111540,1.2610142,1.7817553,GM12878,0.98335475,0.994782,1
ENSG00000111554,1.0906688,1.0394142,GM12878,0.92825973,1.0,1
ENSG00000111554,0.9657118,1.0394142,GM12878,0.95508313,1.0,1
ENSG00000111554,0.7562981,1.0394142,GM12878,0.95184404,0.96039605,1
ENSG00000111554,0.5831523,1.0394142,GM12878,0.7525453,0.19381443,1
ENSG00000111554,0.84363335,1.0394142,GM12878,0.9564003,0.80618554,1
ENSG00000111554,0.9657118,1.0394142,GM12878,0.95508313,1.0,1
ENSG00000111581,1.4528674,2.2729318,GM12878,0.9450563,1.0,1
ENSG00000111581,1.5424412,2.2729318,GM12878,0.96975785,0.99365366,1
ENSG00000111596,0.98006696,1.8489892,GM12878,0.9441055,1.0,1
ENSG00000111596,1.2473356,1.8489892,GM12878,0.97073203,1.0,1
ENSG00000111596,0.93244857,1.8489892,GM12878,0.8399473,0.0,1
ENSG00000111602,1.187575,1.09691,GM12878,0.9593289,1.0,1
ENSG00000111605,1.0219015,1.7075702,GM12878,0.80768526,1.0,1
ENSG00000111605,1.2773942,1.7075702,GM12878,0.9592793,1.0,1
ENSG00000111605,1.1758322,1.7075702,GM12878,0.96390736,1.0,1
ENSG00000111605,1.1625347,1.7075702,GM12878,0.96434605,1.0,1
ENSG00000111605,1.3178372,1.7075702,GM12878,0.68662167,0.43953934,1
ENSG00000111615,1.37321,1.6179434,GM12878,0.9486611,1.0,1
ENSG00000111615,1.2490654,1.6179434,GM12878,0.96870047,0.20603836,1
ENSG00000111640,1.4486717,3.780303,GM12878,0.9050405,1.0,1
ENSG00000111640,1.6082077,3.780303,GM12878,0.9412021,1.0,1
ENSG00000111641,1.5652491,1.81697,GM12878,0.9254763,1.0,1
ENSG00000111641,1.1983672,1.81697,GM12878,0.24523757,0.031418525,1
ENSG00000111641,1.2244654,1.81697,GM12878,0.28598943,0.015474794,1
ENSG00000111644,-0.43808416,1.218798,GM12878,0.98309153,1.0,1
ENSG00000111647,1.0106883,1.1495271,GM12878,0.94780815,1.0,1
ENSG00000111652,1.1135219,1.4995496,GM12878,0.87218165,1.0,1
ENSG00000111653,1.1611378,1.3868555,GM12878,0.9651208,1.0,1
ENSG00000111653,0.93908733,1.3868555,GM12878,0.9257957,1.0,1
ENSG00000111653,0.90706134,1.3868555,GM12878,0.97231853,0.76649743,1
ENSG00000111653,1.2230579,1.3868555,GM12878,0.9726337,0.9263804,1
ENSG00000111664,-0.042365402,0.54406804,GM12878,0.94223744,1.0,1
ENSG00000111665,1.4877018,1.690639,GM12878,0.6844541,1.0,1
ENSG00000111665,1.4934924,1.690639,GM12878,0.75441724,1.0,1
ENSG00000111665,1.6828458,1.690639,GM12878,0.9391629,0.9242958,1
ENSG00000111666,1.2350872,1.7963661,GM12878,0.97078294,1.0,1
ENSG00000111666,1.3363334,1.7963661,GM12878,0.9686915,1.0,1
ENSG00000111666,1.1042999,1.7963661,GM12878,0.8119372,0.028457599,1
ENSG00000111667,1.6476387,1.602711,GM12878,0.9717414,1.0,1
ENSG00000111667,1.0366116,1.602711,GM12878,0.88934255,1.0,1
ENSG00000111667,1.5948106,1.602711,GM12878,0.9374698,1.0,1
ENSG00000111667,1.2197276,1.602711,GM12878,0.9496307,1.0,1
ENSG00000111667,1.3208883,1.602711,GM12878,0.8542998,1.0,1
ENSG00000111669,1.4178938,3.187828,GM12878,0.94508976,1.0,1
ENSG00000111670,0.8234075,1.1934029,GM12878,0.93339443,1.0,1
ENSG00000111670,0.676143,1.1934029,GM12878,0.90212107,1.0,1
ENSG00000111674,0.43081933,1.652343,GM12878,0.94417834,1.0,1
ENSG00000111674,0.46011403,1.652343,GM12878,0.92730534,1.0,1
ENSG00000111674,0.628123,1.652343,GM12878,0.92824936,1.0,1
ENSG00000111674,0.5328695,1.652343,GM12878,0.8637758,1.0,1
ENSG00000111674,0.48886764,1.652343,GM12878,0.9311198,1.0,1
ENSG00000111674,0.3352689,1.652343,GM12878,0.86139816,1.0,1
ENSG00000111674,0.28771362,1.652343,GM12878,0.9652833,1.0,1
ENSG00000111676,1.2298946,0.651278,GM12878,0.96671283,1.0,1
ENSG00000111678,1.0404116,2.3016593,GM12878,0.9084787,1.0,1
ENSG00000111678,1.0507811,2.3016593,GM12878,0.81991524,1.0,1
ENSG00000111678,1.0245616,2.3016593,GM12878,0.92987317,1.0,1
ENSG00000111678,1.0375208,2.3016593,GM12878,0.9021906,1.0,1
ENSG00000111679,-0.14511052,0.67394197,GM12878,0.92486733,1.0,1
ENSG00000111679,-0.092412055,0.67394197,GM12878,0.97294015,1.0,1
ENSG00000111684,1.4176852,1.5936183,GM12878,0.8576324,1.0,1
ENSG00000111684,1.0695229,1.5936183,GM12878,0.9444332,0.97394544,1
ENSG00000111696,1.2387072,0.83569056,GM12878,0.9591746,1.0,1
ENSG00000111696,0.99519616,0.83569056,GM12878,0.9686576,1.0,1
ENSG00000111707,1.5084732,1.3453737,GM12878,0.94487333,1.0,1
ENSG00000111711,1.1973141,1.3100557,GM12878,0.957801,1.0,1
ENSG00000111711,1.0962414,1.3100557,GM12878,0.9624493,1.0,1
ENSG00000111711,1.0962414,1.3100557,GM12878,0.9624493,0.31460676,1
ENSG00000111711,1.18852,1.3100557,GM12878,0.9584355,0.0,1
ENSG00000111711,1.1439486,1.3100557,GM12878,0.93449694,0.046457607,1
ENSG00000111711,1.18852,1.3100557,GM12878,0.9584355,0.96702003,1
ENSG00000111716,1.2131742,2.9872193,GM12878,0.9641092,1.0,1
ENSG00000111725,1.3585001,1.9398686,GM12878,0.7570546,1.0,1
ENSG00000111725,1.5361059,1.9398686,GM12878,0.96651345,1.0,1
ENSG00000111726,1.287306,1.746167,GM12878,0.93449414,1.0,1
ENSG00000111726,1.3134029,1.746167,GM12878,0.8995603,0.6717835,1
ENSG00000111727,0.8601236,0.59217674,GM12878,0.9215682,1.0,1
ENSG00000111727,0.9237879,0.59217674,GM12878,0.95736223,0.42628205,1
ENSG00000111729,-0.573432,-0.43179828,GM12878,0.98218036,1.0,1
ENSG00000111731,0.9206658,1.2664669,GM12878,0.92398405,1.0,1
ENSG00000111731,0.7149816,1.2664669,GM12878,0.7746041,0.006451613,1
ENSG00000111731,0.6673874,1.2664669,GM12878,0.4708976,0.0070967744,1
ENSG00000111737,1.4010105,1.4988617,GM12878,0.9683885,1.0,1
ENSG00000111737,0.8509463,1.4988617,GM12878,0.9127169,0.76766855,1
ENSG00000111737,1.0777694,1.4988617,GM12878,0.9507017,0.0021513088,1
ENSG00000111752,0.697039,1.071882,GM12878,0.70888716,1.0,1
ENSG00000111752,0.6789403,1.071882,GM12878,0.32113174,0.0,1
ENSG00000111752,0.65507704,1.071882,GM12878,0.91034037,0.4009662,1
ENSG00000111775,1.4764918,2.8180676,GM12878,0.8786481,1.0,1
ENSG00000111785,1.1361833,0.7551123,GM12878,0.9701911,1.0,1
ENSG00000111785,1.1826805,0.7551123,GM12878,0.784844,1.0,1
ENSG00000111785,0.7629419,0.7551123,GM12878,0.94496804,0.19915254,1
ENSG00000111785,0.9949891,0.7551123,GM12878,0.91492903,0.20547946,1
ENSG00000111786,1.4845161,2.1542413,GM12878,0.9484871,1.0,1
ENSG00000111790,1.2321125,1.5150787,GM12878,0.9813231,1.0,1
ENSG00000111790,1.1621718,1.5150787,GM12878,0.9699581,0.60135645,1
ENSG00000112787,0.70456225,0.39967373,GM12878,0.9281531,1.0,1
ENSG00000112787,0.45986974,0.39967373,GM12878,0.87625885,1.0,1
ENSG00000114942,0.96227205,2.8967025,GM12878,0.63747185,1.0,1
ENSG00000114942,1.5440828,2.8967025,GM12878,0.8769189,1.0,1
ENSG00000114942,1.4309533,2.8967025,GM12878,0.9479408,1.0,1
ENSG00000114942,1.5451391,2.8967025,GM12878,0.94051325,1.0,1
ENSG00000114956,1.5933462,2.0667357,GM12878,0.97314405,1.0,1
ENSG00000114956,1.4939947,2.0667357,GM12878,0.68614584,0.109127864,1
ENSG00000114978,1.2158738,1.7536596,GM12878,0.97417915,1.0,1
ENSG00000114982,1.2695358,1.3937507,GM12878,0.9675722,1.0,1
ENSG00000114982,1.3451384,1.3937507,GM12878,0.8877901,0.8035714,1
ENSG00000114982,1.523905,1.3937507,GM12878,0.42323473,0.0123152705,1
ENSG00000114982,1.1755253,1.3937507,GM12878,0.90328276,0.1841133,1
ENSG00000114982,1.3494966,1.3937507,GM12878,0.97102237,0.8158867,1
ENSG00000114988,1.1731944,1.1051694,GM12878,0.96656793,1.0,1
ENSG00000114988,1.3018534,1.1051694,GM12878,0.73371017,1.0,1
ENSG00000114988,1.3856177,1.1051694,GM12878,0.9199163,1.0,1
ENSG00000114988,1.3863276,1.1051694,GM12878,0.9200504,1.0,1
ENSG00000114988,0.90643483,1.1051694,GM12878,0.3092492,0.0,1
ENSG00000114988,1.203517,1.1051694,GM12878,0.9635761,0.9781161,1
ENSG00000114988,1.0840546,1.1051694,GM12878,0.96837884,0.9781161,1
ENSG00000114993,-0.5129387,0.41329977,GM12878,0.9940584,1.0,1
ENSG00000114999,0.92724854,1.3848908,GM12878,0.9728986,1.0,1
ENSG00000115008,0.57329863,-0.79588,GM12878,0.89740795,1.0,1
ENSG00000115008,0.64309704,-0.79588,GM12878,0.95131177,1.0,1
ENSG00000115008,0.4280776,-0.79588,GM12878,0.9023408,1.0,1
ENSG00000115008,0.59926575,-0.79588,GM12878,0.95186615,1.0,1
ENSG00000115008,0.54916096,-0.79588,GM12878,0.84149,1.0,1
ENSG00000115020,1.4497054,1.2375437,GM12878,0.96927905,1.0,1
ENSG00000115020,0.9914593,1.2375437,GM12878,0.96968484,1.0,1
ENSG00000115020,1.3344176,1.2375437,GM12878,0.74808925,0.0,1
ENSG00000115020,1.5075873,1.2375437,GM12878,0.95850474,0.14436619,1
ENSG00000115020,1.4156885,1.2375437,GM12878,0.9579441,0.9707769,1
ENSG00000115020,1.3337902,1.2375437,GM12878,0.7237952,0.92523366,1
ENSG00000115042,0.7380456,1.5700758,GM12878,0.9439212,1.0,1
ENSG00000115053,1.6873959,2.1045213,GM12878,0.9584722,1.0,1
ENSG00000115053,1.686049,2.1045213,GM12878,0.9582298,1.0,1
ENSG00000115073,1.41681,1.542701,GM12878,0.89135957,1.0,1
ENSG00000115084,1.3691151,1.5456781,GM12878,0.9594809,1.0,1
ENSG00000115085,-0.53115666,-0.4089354,GM12878,0.995407,1.0,1
ENSG00000115091,1.3282038,2.369976,GM12878,0.9739329,1.0,1
ENSG00000115091,1.3835106,2.369976,GM12878,0.9501332,1.0,1
ENSG00000115107,0.8010758,0.88479537,GM12878,0.9492628,1.0,1
ENSG00000115107,0.7736021,0.88479537,GM12878,0.9397242,0.91101694,1
ENSG00000115107,1.0518545,0.88479537,GM12878,0.54264116,0.961183,1
ENSG00000115107,0.93257654,0.88479537,GM12878,0.67122716,0.018518519,1
ENSG00000115109,0.39722532,0.991669,GM12878,0.9706716,1.0,1
ENSG00000115109,0.17347217,0.991669,GM12878,0.87920976,1.0,1
ENSG00000115109,0.42599297,0.991669,GM12878,0.9454893,0.8786982,1
ENSG00000115112,-0.35871434,-0.45593196,GM12878,0.9967198,1.0,1
ENSG00000115128,1.3424995,2.504566,GM12878,0.96652925,1.0,1
ENSG00000115128,1.139763,2.504566,GM12878,0.9606213,1.0,1
ENSG00000115129,1.220685,0.54777473,GM12878,0.9203597,1.0,1
ENSG00000115129,0.92704874,0.54777473,GM12878,0.9358683,1.0,1
ENSG00000115129,1.1130384,0.54777473,GM12878,0.90913326,0.64705884,1
ENSG00000115137,1.1506159,0.5211381,GM12878,0.96539736,1.0,1
ENSG00000115137,1.1506159,0.5211381,GM12878,0.96539736,0.75982535,1
ENSG00000115137,1.2967665,0.5211381,GM12878,0.9539668,0.14285715,1
ENSG00000115137,1.3677144,0.5211381,GM12878,0.51187474,0.1124031,1
ENSG00000115145,0.7390262,0.9813655,GM12878,0.95747787,1.0,1
ENSG00000115155,-0.5573019,-0.82390875,GM12878,0.99323565,1.0,1
ENSG00000115155,-0.4909812,-0.82390875,GM12878,0.99163413,1.0,1
ENSG00000115159,0.6958028,1.0476642,GM12878,0.9623194,1.0,1
ENSG00000115159,0.739095,1.0476642,GM12878,0.9698229,1.0,1
ENSG00000115163,1.2745651,1.6607707,GM12878,0.95528024,1.0,1
ENSG00000115163,1.3601726,1.6607707,GM12878,0.8603019,0.68728286,1
ENSG00000115165,-0.5246083,-0.7695511,GM12878,0.9719222,1.0,1
ENSG00000115165,-0.38312027,-0.7695511,GM12878,0.9826422,1.0,1
ENSG00000115165,-0.3174357,-0.7695511,GM12878,0.9432443,1.0,1
ENSG00000115204,1.1662657,2.048442,GM12878,0.91781723,1.0,1
ENSG00000115204,1.2443302,2.048442,GM12878,0.9750022,1.0,1
ENSG00000115207,1.2171795,1.9230367,GM12878,0.95746887,1.0,1
ENSG00000115207,1.2171795,1.9230367,GM12878,0.95746887,1.0,1
ENSG00000115211,1.3376175,1.6626635,GM12878,0.9315256,1.0,1
ENSG00000115216,1.5247402,1.7903556,GM12878,0.9487481,1.0,1
ENSG00000115232,-0.49667475,-0.19382003,GM12878,0.98804724,1.0,1
ENSG00000115232,-0.57163906,-0.19382003,GM12878,0.98437566,1.0,1
ENSG00000115233,1.4891967,2.1515844,GM12878,0.872964,1.0,1
ENSG00000115233,1.7464992,2.1515844,GM12878,0.96230894,1.0,1
ENSG00000115233,1.460002,2.1515844,GM12878,0.9499893,1.0,1
ENSG00000115233,1.434953,2.1515844,GM12878,0.9307387,1.0,1
ENSG00000115234,1.3069065,1.6115109,GM12878,0.9417125,1.0,1
ENSG00000115234,1.2105185,1.6115109,GM12878,0.7972283,0.8955345,1
ENSG00000115234,1.3178842,1.6115109,GM12878,0.8144602,0.9722922,1
ENSG00000115234,1.3178842,1.6115109,GM12878,0.8144602,0.9886968,1
ENSG00000115234,1.3504877,1.6115109,GM12878,0.81372684,0.052186176,1
ENSG00000115234,1.2826927,1.6115109,GM12878,0.96175945,0.9969282,1
ENSG00000115239,1.0299268,1.4225899,GM12878,0.9751476,1.0,1
ENSG00000115239,1.0299268,1.4225899,GM12878,0.9751476,1.0,1
ENSG00000115239,1.0090199,1.4225899,GM12878,0.87447774,0.83146065,1
ENSG00000115241,1.1509085,1.8093576,GM12878,0.9418996,1.0,1
ENSG00000115271,-0.36333534,-0.537602,GM12878,0.9822484,1.0,1
ENSG00000115274,1.3862389,0.77451694,GM12878,0.8929717,1.0,1
ENSG00000115274,1.2122067,0.77451694,GM12878,0.8827054,1.0,1
ENSG00000115274,1.1808784,0.77451694,GM12878,0.86129946,1.0,1
ENSG00000115274,1.1059337,0.77451694,GM12878,0.945951,1.0,1
ENSG00000115275,1.2711058,1.5039268,GM12878,0.9113597,1.0,1
ENSG00000115275,1.3877071,1.5039268,GM12878,0.9221018,1.0,1
ENSG00000115282,1.0745265,1.1705551,GM12878,0.85568416,1.0,1
ENSG00000115282,1.4626131,1.1705551,GM12878,0.86770755,1.0,1
ENSG00000115282,1.1686971,1.1705551,GM12878,0.9634041,0.6763285,1
ENSG00000115289,1.3347638,1.3639878,GM12878,0.79475284,1.0,1
ENSG00000115289,1.2879728,1.3639878,GM12878,0.87845397,1.0,1
ENSG00000115289,1.2625786,1.3639878,GM12878,0.7909182,1.0,1
ENSG00000115306,0.13150322,0.94841295,GM12878,0.98252654,1.0,1
ENSG00000115306,0.14069082,0.94841295,GM12878,0.9921354,1.0,1
ENSG00000115306,-0.21122664,0.94841295,GM12878,0.98837864,1.0,1
ENSG00000115307,1.6972337,2.0883842,GM12878,0.7418291,1.0,1
ENSG00000115310,1.2786158,2.053578,GM12878,0.49280837,1.0,1
ENSG00000115310,1.434933,2.053578,GM12878,0.6725945,0.42436975,1
ENSG00000115310,1.2721645,2.053578,GM12878,0.49041802,0.1355094,1
ENSG00000115317,1.5093535,1.619615,GM12878,0.8532097,1.0,1
ENSG00000115317,1.3275816,1.619615,GM12878,0.6723348,0.9809886,1
ENSG00000115317,1.584908,1.619615,GM12878,0.97283393,0.7462039,1
ENSG00000115318,-0.009102924,-0.036212172,GM12878,0.98374236,1.0,1
ENSG00000115325,1.1269281,0.96707976,GM12878,0.9400976,1.0,1
ENSG00000115325,1.0946082,0.96707976,GM12878,0.9339968,1.0,1
ENSG00000115325,1.0989685,0.96707976,GM12878,0.9325158,1.0,1
ENSG00000115325,1.0581474,0.96707976,GM12878,0.95484537,0.54910713,1
ENSG00000115339,-0.70345443,-0.85387194,GM12878,0.9946649,1.0,1
ENSG00000115350,0.39813787,1.6434526,GM12878,0.934595,1.0,1
ENSG00000115350,0.36693746,1.6434526,GM12878,0.9338169,1.0,1
ENSG00000115355,1.0574905,1.7261565,GM12878,0.89207685,1.0,1
ENSG00000115355,1.1884403,1.7261565,GM12878,0.97336257,1.0,1
ENSG00000115355,1.0783371,1.7261565,GM12878,0.97615665,0.6755749,1
ENSG00000115355,1.0136992,1.7261565,GM12878,0.92416626,0.5144186,1
ENSG00000115355,1.0030156,1.7261565,GM12878,0.8602018,0.49126035,1
ENSG00000115355,0.9887832,1.7261565,GM12878,0.97386104,0.96688133,1
ENSG00000115365,0.92863715,1.6116171,GM12878,0.95719475,1.0,1
ENSG00000115365,0.9642833,1.6116171,GM12878,0.9485208,1.0,1
ENSG00000115368,1.3012928,1.839855,GM12878,0.9457893,1.0,1
ENSG00000115368,1.4152502,1.839855,GM12878,0.8499694,0.0028753993,1
ENSG00000115392,1.0391958,1.806587,GM12878,0.9283012,1.0,1
ENSG00000115392,1.341854,1.806587,GM12878,0.93730646,0.95378417,1
ENSG00000115414,0.4668992,0.8785218,GM12878,0.9498125,1.0,1
ENSG00000115415,1.4426398,1.2909245,GM12878,0.8116208,1.0,1
ENSG00000115415,1.4871513,1.2909245,GM12878,0.92635113,1.0,1
ENSG00000115415,1.4633008,1.2909245,GM12878,0.9579978,0.0039551747,1
ENSG00000115419,1.1903082,1.6270585,GM12878,0.94799674,1.0,1
ENSG00000115421,1.2020183,1.0674429,GM12878,0.92603374,1.0,1
ENSG00000115421,1.19154,1.0674429,GM12878,0.9672115,0.9436039,1
ENSG00000115421,1.1274427,1.0674429,GM12878,0.7866095,0.9257221,1
ENSG00000115421,1.3209423,1.0674429,GM12878,0.9726667,0.98569727,1
ENSG00000115421,1.3207537,1.0674429,GM12878,0.9752377,0.86172837,1
ENSG00000115421,1.3060004,1.0674429,GM12878,0.88779265,0.014302742,1
ENSG00000115425,0.7719639,0.8102325,GM12878,0.9738478,1.0,1
ENSG00000115425,0.8328022,0.8102325,GM12878,0.9533988,1.0,1
ENSG00000115425,0.448467,0.8102325,GM12878,0.9707155,0.9926063,1
ENSG00000115446,1.3628824,1.5594279,GM12878,0.8511544,1.0,1
ENSG00000115446,1.6268063,1.5594279,GM12878,0.8430161,1.0,1
ENSG00000115459,1.2500464,1.1215599,GM12878,0.9455415,1.0,1
ENSG00000115459,1.3524876,1.1215599,GM12878,0.8099243,0.8787879,1
ENSG00000115459,1.2755878,1.1215599,GM12878,0.8263059,0.97029704,1
ENSG00000115459,1.4019853,1.1215599,GM12878,0.4690738,0.5811966,1
ENSG00000115459,1.3954825,1.1215599,GM12878,0.9694668,0.7777778,1
ENSG00000115459,0.9128753,1.1215599,GM12878,0.9643529,0.37738854,1
ENSG00000115464,1.3788118,1.7687861,GM12878,0.96373016,1.0,1
ENSG00000115464,1.3973538,1.7687861,GM12878,0.881787,1.0,1
ENSG00000115464,1.3587555,1.7687861,GM12878,0.8871432,1.0,1
ENSG00000115484,1.501254,2.3533392,GM12878,0.9596487,1.0,1
ENSG00000115484,1.5102514,2.3533392,GM12878,0.7991115,0.99017084,1
ENSG00000115486,1.3087908,1.2166936,GM12878,0.95216393,1.0,1
ENSG00000115486,1.4177517,1.2166936,GM12878,0.85369277,1.0,1
ENSG00000115486,1.2949854,1.2166936,GM12878,0.81671697,1.0,1
ENSG00000115486,1.4411769,1.2166936,GM12878,0.876485,1.0,1
ENSG00000115486,1.3804308,1.2166936,GM12878,0.8415345,0.6747503,1
ENSG00000115504,0.6632187,1.1832699,GM12878,0.7769153,0.26150393,1
ENSG00000115504,0.7326124,1.1832699,GM12878,0.97564554,0.33238232,1
ENSG00000115507,1.0726709,-0.49485,GM12878,0.88645107,1.0,1
ENSG00000115514,1.5211729,1.6383893,GM12878,0.96553785,1.0,1
ENSG00000115520,1.4706758,0.30103,GM12878,0.97784173,1.0,1
ENSG00000115524,1.6151403,2.4675488,GM12878,0.9360586,1.0,1
ENSG00000115524,1.5475763,2.4675488,GM12878,0.93880355,1.0,1
ENSG00000115524,1.6861081,2.4675488,GM12878,0.8617215,0.30440328,1
ENSG00000115525,0.9160934,0.85430604,GM12878,0.9761119,1.0,1
ENSG00000115526,0.85206425,1.2648178,GM12878,0.9648394,1.0,1
ENSG00000115526,1.086049,1.2648178,GM12878,0.9299119,1.0,1
ENSG00000115526,1.1255329,1.2648178,GM12878,0.9609776,1.0,1
ENSG00000115539,1.0635248,1.2482185,GM12878,0.9513207,1.0,1
ENSG00000115539,1.1808059,1.2482185,GM12878,0.86053246,1.0,1
ENSG00000115539,1.0993304,1.2482185,GM12878,0.69324356,1.0,1
ENSG00000115540,0.90402645,1.209515,GM12878,0.9391416,1.0,1
ENSG00000115540,0.90402645,1.209515,GM12878,0.9391416,0.49778622,1
ENSG00000115540,0.9800512,1.209515,GM12878,0.9715655,0.9728059,1
ENSG00000115541,1.4705026,2.3945918,GM12878,0.9549162,1.0,1
ENSG00000115541,1.4705026,2.3945918,GM12878,0.9549162,1.0,1
ENSG00000115541,1.142897,2.3945918,GM12878,0.8648647,0.9993367,1
ENSG00000115548,1.5134525,1.7692295,GM12878,0.960113,1.0,1
ENSG00000115561,0.82047063,1.4101021,GM12878,0.961465,1.0,1
ENSG00000115561,0.769678,1.4101021,GM12878,0.6147173,0.9814607,1
ENSG00000115568,1.1493611,0.4329693,GM12878,0.8877706,1.0,1
ENSG00000115568,1.0177025,0.4329693,GM12878,0.81906456,0.1875,1
ENSG00000115590,-0.5862288,-0.92081875,GM12878,0.96388775,1.0,1
ENSG00000115590,-0.5104402,-0.92081875,GM12878,0.99482167,1.0,1
ENSG00000115594,-0.15499035,0.30963016,GM12878,0.9891661,1.0,1
ENSG00000115594,-0.19355741,0.30963016,GM12878,0.9851777,1.0,1
ENSG00000115607,0.018932065,-0.13667715,GM12878,0.98677933,1.0,1
ENSG00000115616,0.5028908,0.18752073,GM12878,0.95021886,1.0,1
ENSG00000115641,1.1229527,1.0965624,GM12878,0.85842603,0.002469136,1
ENSG00000115641,1.0301508,1.0965624,GM12878,0.7086366,0.2709581,1
ENSG00000115649,1.0275127,1.3816565,GM12878,0.7802596,1.0,1
ENSG00000115649,1.2264954,1.3816565,GM12878,0.5917743,1.0,1
ENSG00000115649,1.2401295,1.3816565,GM12878,0.9202366,1.0,1
ENSG00000115649,1.226039,1.3816565,GM12878,0.9090181,1.0,1
ENSG00000115652,1.0361147,1.2942457,GM12878,0.9604421,1.0,1
ENSG00000115657,1.0226252,1.422918,GM12878,0.98062176,1.0,1
ENSG00000115657,0.9209247,1.422918,GM12878,0.9649737,1.0,1
ENSG00000115661,1.324769,1.4787108,GM12878,0.9198743,1.0,1
ENSG00000115661,1.1714612,1.4787108,GM12878,0.929573,0.9543058,1
ENSG00000115677,0.9602392,2.0262473,GM12878,0.9060087,1.0,1
ENSG00000115677,1.0769606,2.0262473,GM12878,0.9329867,1.0,1
ENSG00000115677,0.7740831,2.0262473,GM12878,0.63426685,0.0,1
ENSG00000115685,1.1021516,1.6084191,GM12878,0.95225906,1.0,1
ENSG00000115685,1.1021516,1.6084191,GM12878,0.95225906,1.0,1
ENSG00000115685,1.0246665,1.6084191,GM12878,0.9674856,0.11139241,1
ENSG00000115685,1.0246665,1.6084191,GM12878,0.9674856,0.97536945,1
ENSG00000115687,0.6874783,0.9537597,GM12878,0.9247476,1.0,1
ENSG00000115694,0.87103075,2.1803267,GM12878,0.90642923,1.0,1
ENSG00000115694,1.1139773,2.1803267,GM12878,0.8862084,1.0,1
ENSG00000115694,1.132539,2.1803267,GM12878,0.951293,0.9843057,1
ENSG00000115694,1.093541,2.1803267,GM12878,0.9725519,0.771578,1
ENSG00000115694,1.212725,2.1803267,GM12878,0.90680575,0.24150944,1
ENSG00000115738,1.1743491,1.2607867,GM12878,0.72615296,1.0,1
ENSG00000115750,0.9159627,1.0588055,GM12878,0.9124908,1.0,1
ENSG00000115750,1.2445064,1.0588055,GM12878,0.9792698,0.9504405,1
ENSG00000115756,1.0209036,1.456973,GM12878,0.9589114,1.0,1
ENSG00000115756,0.7098415,1.456973,GM12878,0.9671346,1.0,1
ENSG00000115756,0.8466066,1.456973,GM12878,0.96887666,1.0,1
ENSG00000115756,0.8796587,1.456973,GM12878,0.9572978,1.0,1
ENSG00000115756,1.0869571,1.456973,GM12878,0.8232688,0.3321033,1
ENSG00000115758,1.4873164,2.5652337,GM12878,0.970439,1.0,1
ENSG00000115758,1.2294302,2.5652337,GM12878,0.9688469,1.0,1
ENSG00000115760,1.0283617,1.7463228,GM12878,0.7612562,1.0,1
ENSG00000115760,1.1483357,1.7463228,GM12878,0.94195133,0.5196051,1
ENSG00000115761,1.2598253,1.5507175,GM12878,0.9501013,1.0,1
ENSG00000115761,1.0364196,1.5507175,GM12878,0.9567704,0.8523059,1
ENSG00000115761,1.0624341,1.5507175,GM12878,0.9107064,0.9392878,1
ENSG00000115762,0.8525939,1.6927588,GM12878,0.95828277,1.0,1
ENSG00000115762,0.91085696,1.6927588,GM12878,0.96156174,1.0,1
ENSG00000115762,1.079121,1.6927588,GM12878,0.9699327,1.0,1
ENSG00000115762,1.079121,1.6927588,GM12878,0.9699327,0.98125,1
ENSG00000115762,1.0924513,1.6927588,GM12878,0.96370137,0.99749655,1
ENSG00000115806,1.4604617,2.2171416,GM12878,0.9742541,1.0,1
ENSG00000115806,1.3318009,2.2171416,GM12878,0.9416779,0.70474124,1
ENSG00000115808,1.1173775,1.343999,GM12878,0.9629933,1.0,1
ENSG00000115816,1.1315876,1.500648,GM12878,0.9702206,1.0,1
ENSG00000115825,0.9873012,1.2695129,GM12878,0.8657355,1.0,1
ENSG00000115827,1.1551132,1.3891661,GM12878,0.9780285,1.0,1
ENSG00000115827,1.1551132,1.3891661,GM12878,0.9780285,1.0,1
ENSG00000115827,1.2269081,1.3891661,GM12878,0.9442883,1.0,1
ENSG00000115827,1.326728,1.3891661,GM12878,0.9214772,0.8977505,1
ENSG00000115827,1.2048111,1.3891661,GM12878,0.97753143,0.58030593,1
ENSG00000115839,1.3365707,1.2392995,GM12878,0.76922715,1.0,1
ENSG00000115839,1.1442078,1.2392995,GM12878,0.9666703,1.0,1
ENSG00000115839,0.99819463,1.2392995,GM12878,0.39528307,0.0,1
ENSG00000115840,0.89787126,1.3991543,GM12878,0.96081215,1.0,1
ENSG00000115840,0.59477556,1.3991543,GM12878,0.8427561,0.05656304,1
ENSG00000115840,0.91414356,1.3991543,GM12878,0.8927762,0.9981727,1
ENSG00000115841,0.6731235,0.17897695,GM12878,0.95580757,1.0,1
ENSG00000115841,0.39682066,0.17897695,GM12878,0.9117985,0.3119266,1
ENSG00000115850,-0.62077004,-0.92081875,GM12878,0.9952478,1.0,1
ENSG00000115866,1.3023789,2.2408736,GM12878,0.9652083,1.0,1
ENSG00000115866,1.3612705,2.2408736,GM12878,0.9700833,0.9185604,1
ENSG00000115875,1.428082,2.6917796,GM12878,0.9100895,1.0,1
ENSG00000115875,1.7494707,2.6917796,GM12878,0.9374785,0.54516155,1
ENSG00000115875,1.6672963,2.6917796,GM12878,0.7165113,0.19339581,1
ENSG00000115884,-0.27073085,0.09342168,GM12878,0.9968335,1.0,1
ENSG00000115896,0.85357565,1.0606978,GM12878,0.9663822,1.0,1
ENSG00000115896,0.81710386,1.0606978,GM12878,0.92425424,1.0,1
ENSG00000115902,1.1465605,0.9068735,GM12878,0.9360079,1.0,1
ENSG00000115902,0.93848073,0.9068735,GM12878,0.98182076,0.9907039,1
ENSG00000115904,1.306369,1.3314273,GM12878,0.9710416,1.0,1
ENSG00000115919,-0.38928235,0.96567196,GM12878,0.98690027,1.0,1
ENSG00000115919,-0.4658665,0.96567196,GM12878,0.9851377,0.77539504,1
ENSG00000115935,-0.61909693,0.24303804,GM12878,0.9945799,1.0,1
ENSG00000115935,-0.5503173,0.24303804,GM12878,0.9935777,1.0,1
ENSG00000115935,-0.7040427,0.24303804,GM12878,0.9944911,1.0,1
ENSG00000115935,-0.71566,0.24303804,GM12878,0.99181765,1.0,1
ENSG00000115942,1.1460202,1.1283993,GM12878,0.9656114,1.0,1
ENSG00000115944,1.1851577,2.1067007,GM12878,0.9462543,1.0,1
ENSG00000115944,1.1851577,2.1067007,GM12878,0.9462543,1.0,1
ENSG00000115944,0.7739677,2.1067007,GM12878,0.76531804,1.0,1
ENSG00000115946,1.6450714,1.2794387,GM12878,0.9579884,1.0,1
ENSG00000115946,1.5394838,1.2794387,GM12878,0.88221365,1.0,1
ENSG00000115947,1.245097,1.7611005,GM12878,0.95194566,1.0,1
ENSG00000115947,1.0120187,1.7611005,GM12878,0.8971164,1.0,1
ENSG00000115956,-0.5165565,-0.79588,GM12878,0.9914227,1.0,1
ENSG00000115956,-0.20638539,-0.79588,GM12878,0.95310265,1.0,1
ENSG00000115956,-0.53719586,-0.79588,GM12878,0.99045384,1.0,1
ENSG00000115966,1.6127751,1.9419584,GM12878,0.49975413,0.006829017,1
ENSG00000115966,1.4101373,1.9419584,GM12878,0.94588506,0.32899937,1
ENSG00000115966,1.4576099,1.9419584,GM12878,0.95957506,0.99808794,1
ENSG00000115966,1.4868665,1.9419584,GM12878,0.94261795,0.68267035,1
ENSG00000115966,1.1922153,1.9419584,GM12878,0.46603128,0.30421573,1
ENSG00000115970,1.3822281,1.1908917,GM12878,0.8187632,1.0,1
ENSG00000115970,1.0489244,1.1908917,GM12878,0.77813905,0.013513514,1
ENSG00000115977,1.214997,0.5237465,GM12878,0.9316587,1.0,1
ENSG00000115993,1.0856415,0.8299467,GM12878,0.958969,1.0,1
ENSG00000115993,1.0081992,0.8299467,GM12878,0.90368843,1.0,1
ENSG00000115998,1.2359382,0.7143298,GM12878,0.9734833,1.0,1
ENSG00000116001,1.502134,1.9482663,GM12878,0.9722038,1.0,1
ENSG00000116001,1.5897844,1.9482663,GM12878,0.9356006,1.0,1
ENSG00000116001,1.4280525,1.9482663,GM12878,0.70098233,0.76545167,1
ENSG00000116005,1.1009424,1.0409977,GM12878,0.9782551,1.0,1
ENSG00000116016,0.65152633,0.86093664,GM12878,0.92189413,1.0,1
ENSG00000116016,0.63287973,0.86093664,GM12878,0.9690253,1.0,1
ENSG00000116016,0.57613397,0.86093664,GM12878,0.9806285,1.0,1
ENSG00000116030,1.0130649,1.7703364,GM12878,0.8720464,1.0,1
ENSG00000116030,0.9835755,1.7703364,GM12878,0.9391545,0.9948718,1
ENSG00000116030,1.065689,1.7703364,GM12878,0.89698124,0.69074935,1
ENSG00000116062,1.2699004,1.7057782,GM12878,0.9498423,1.0,1
ENSG00000116062,1.1841661,1.7057782,GM12878,0.96983254,0.110888444,1
ENSG00000116095,0.97447443,1.172311,GM12878,0.95801955,1.0,1
ENSG00000116095,1.1086389,1.172311,GM12878,0.96417046,1.0,1
ENSG00000116096,0.72394747,1.2579185,GM12878,0.92012936,1.0,1
ENSG00000116120,1.3704585,1.774444,GM12878,0.9542721,1.0,1
ENSG00000116127,0.9358448,0.9334873,GM12878,0.94111615,1.0,1
ENSG00000116127,0.9166635,0.9334873,GM12878,0.9705625,0.17351598,1
ENSG00000116127,0.8275108,0.9334873,GM12878,0.97094744,0.9183938,1
ENSG00000118242,0.7621877,0.20139712,GM12878,0.96744007,1.0,1
ENSG00000118246,1.0030681,1.5659658,GM12878,0.8928657,1.0,1
ENSG00000118246,1.084468,1.5659658,GM12878,0.91723543,1.0,1
ENSG00000118246,1.3467873,1.5659658,GM12878,0.9646895,1.0,1
ENSG00000118246,1.1780428,1.5659658,GM12878,0.96964395,1.0,1
ENSG00000118246,1.3147373,1.5659658,GM12878,0.95879614,1.0,1
ENSG00000118246,1.2965703,1.5659658,GM12878,0.947845,1.0,1
ENSG00000118260,1.3991573,1.5997739,GM12878,0.95604277,1.0,1
ENSG00000118260,1.4059439,1.5997739,GM12878,0.9674333,1.0,1
ENSG00000118260,1.4071957,1.5997739,GM12878,0.96740294,1.0,1
ENSG00000118260,1.1580275,1.5997739,GM12878,0.9650898,1.0,1
ENSG00000118260,1.2158742,1.5997739,GM12878,0.92756927,1.0,1
ENSG00000118260,1.3625747,1.5997739,GM12878,0.9702528,1.0,1
ENSG00000118260,1.3306938,1.5997739,GM12878,0.90709424,1.0,1
ENSG00000118260,1.2111061,1.5997739,GM12878,0.6373603,0.2573052,1
ENSG00000118307,0.4914109,-0.61978877,GM12878,0.97073,1.0,1
ENSG00000118308,0.04819569,1.0572857,GM12878,0.98592734,1.0,1
ENSG00000118308,-0.020322295,1.0572857,GM12878,0.97531533,0.22782609,1
ENSG00000118308,0.06041906,1.0572857,GM12878,0.97489357,0.75272727,1
ENSG00000118308,-0.09127167,1.0572857,GM12878,0.97926086,0.95780593,1
ENSG00000118308,-0.14936033,1.0572857,GM12878,0.98092276,0.98480666,1
ENSG00000118600,1.2171254,1.1610684,GM12878,0.9261019,1.0,1
ENSG00000118600,1.1414685,1.1610684,GM12878,0.8236472,0.007231405,1
ENSG00000118640,1.0282362,2.3129175,GM12878,0.9274869,1.0,1
ENSG00000118960,0.6430142,0.587711,GM12878,0.7782271,1.0,1
ENSG00000118960,0.63665557,0.587711,GM12878,0.975345,1.0,1
ENSG00000118961,1.280379,1.6205524,GM12878,0.9709517,1.0,1
ENSG00000118961,1.1440657,1.6205524,GM12878,0.9747815,1.0,1
ENSG00000118961,0.7710299,1.6205524,GM12878,0.95523924,0.85960317,1
ENSG00000118961,1.5061687,1.6205524,GM12878,0.9644148,1.0,1
ENSG00000118961,1.5061687,1.6205524,GM12878,0.9644148,1.0,1
ENSG00000118961,1.1562432,1.6205524,GM12878,0.9242994,0.86384094,1
ENSG00000118965,0.675253,0.8182259,GM12878,0.98690957,1.0,1
ENSG00000118965,0.6842712,0.8182259,GM12878,0.9761404,1.0,1
ENSG00000118965,0.3978263,0.8182259,GM12878,0.9751892,1.0,1
ENSG00000118965,0.33395192,0.8182259,GM12878,0.95661986,1.0,1
ENSG00000118965,0.48529702,0.8182259,GM12878,0.97974384,1.0,1
ENSG00000118965,0.54853684,0.8182259,GM12878,0.98121166,1.0,1
ENSG00000118965,0.5146017,0.8182259,GM12878,0.98375523,0.95681065,1
ENSG00000118965,0.5223703,0.8182259,GM12878,0.9696489,0.9547826,1
ENSG00000118965,0.45499808,0.8182259,GM12878,0.955775,0.046875,1
ENSG00000118971,1.2017796,1.4967914,GM12878,0.95608,1.0,1
ENSG00000118997,0.63149273,-0.36653155,GM12878,0.9716086,1.0,1
ENSG00000119004,1.1243483,0.8876173,GM12878,0.9443131,1.0,1
ENSG00000119004,0.8365244,0.8876173,GM12878,0.800162,1.0,1
ENSG00000119004,0.77789766,0.8876173,GM12878,0.9356168,0.29467085,1
ENSG00000119004,1.3440597,0.8876173,GM12878,0.95748997,0.8089431,1
ENSG00000119004,0.94054186,0.8876173,GM12878,0.8105591,0.030612245,1
ENSG00000119004,0.7311352,0.8876173,GM12878,0.9512716,0.73277074,1
ENSG00000119013,1.3981547,2.0301137,GM12878,0.9822188,1.0,1
ENSG00000119013,1.2848593,2.0301137,GM12878,0.81551576,0.09055492,1
ENSG00000119013,1.333035,2.0301137,GM12878,0.7709374,0.018258283,1
ENSG00000119041,1.1100248,1.6016254,GM12878,0.9579784,1.0,1
ENSG00000119041,1.3682528,1.6016254,GM12878,0.9645362,1.0,1
ENSG00000119042,1.110427,0.8627275,GM12878,0.95619565,1.0,1
ENSG00000119042,0.98073524,0.8627275,GM12878,0.9529369,1.0,1
ENSG00000119185,1.1980649,1.808211,GM12878,0.859885,1.0,1
ENSG00000119185,1.1132541,1.808211,GM12878,0.9278717,1.0,1
ENSG00000119185,1.054557,1.808211,GM12878,0.96108013,0.98585904,1
ENSG00000119185,0.9085403,1.808211,GM12878,0.93407667,0.8656399,1
ENSG00000119185,1.1132541,1.808211,GM12878,0.9278717,0.93703705,1
ENSG00000119185,1.1132541,1.808211,GM12878,0.9278717,0.9322034,1
ENSG00000119203,1.4624206,1.6127839,GM12878,0.97496116,1.0,1
ENSG00000119242,0.21865343,0.5786392,GM12878,0.98644304,1.0,1
ENSG00000119242,0.09154845,0.5786392,GM12878,0.97934306,0.1969697,1
ENSG00000119729,0.721922,1.2372923,GM12878,0.9183,1.0,1
ENSG00000119729,0.6652454,1.2372923,GM12878,0.96882814,1.0,1
ENSG00000119760,1.2053841,1.7847599,GM12878,0.931582,1.0,1
ENSG00000119760,1.59832,1.7847599,GM12878,0.91427493,0.98817444,1
ENSG00000119760,1.658734,1.7847599,GM12878,0.92212063,0.9878512,1
ENSG00000119771,-0.6113971,-0.92081875,GM12878,0.9958846,1.0,1
ENSG00000119772,-0.00047211908,0.5693739,GM12878,0.96812683,1.0,1
ENSG00000119772,-0.13709828,0.5693739,GM12878,0.9879447,1.0,1
ENSG00000119772,0.3315912,0.5693739,GM12878,0.9815537,0.01438849,1
ENSG00000119777,1.6751813,1.8829796,GM12878,0.8802259,1.0,1
ENSG00000119777,1.5130129,1.8829796,GM12878,0.95292044,0.9908821,1
ENSG00000119777,1.5421244,1.8829796,GM12878,0.35627124,0.9938883,1
ENSG00000119778,1.2313112,0.95327634,GM12878,0.971538,1.0,1
ENSG00000119778,1.1986837,0.95327634,GM12878,0.9552424,1.0,1
ENSG00000119778,0.95658994,0.95327634,GM12878,0.95189154,1.0,1
ENSG00000119787,1.2173631,1.7223871,GM12878,0.9760995,1.0,1
ENSG00000119787,1.1865011,1.7223871,GM12878,0.7916739,1.0,1
ENSG00000119787,1.4003216,1.7223871,GM12878,0.92884743,1.0,1
ENSG00000119787,1.4045639,1.7223871,GM12878,0.9657958,1.0,1
ENSG00000119801,0.98127574,1.4575791,GM12878,0.7555834,1.0,1
ENSG00000119801,0.7842624,1.4575791,GM12878,0.93679535,1.0,1
ENSG00000119801,0.8867655,1.4575791,GM12878,0.6782672,0.01778809,1
ENSG00000119801,0.98127574,1.4575791,GM12878,0.7555834,0.22181372,1
ENSG00000119801,0.9410231,1.4575791,GM12878,0.6466202,0.0033670033,1
ENSG00000119801,0.9410231,1.4575791,GM12878,0.6466202,0.02688172,1
ENSG00000119812,1.0520395,1.8899177,GM12878,0.97429955,1.0,1
ENSG00000119812,1.0190846,1.8899177,GM12878,0.9480382,1.0,1
ENSG00000119812,1.0223157,1.8899177,GM12878,0.9477513,1.0,1
ENSG00000119812,1.2475581,1.8899177,GM12878,0.96824473,0.97541213,1
ENSG00000119820,0.9302533,1.209783,GM12878,0.9714829,1.0,1
ENSG00000119820,0.8693894,1.209783,GM12878,0.9320057,1.0,1
ENSG00000119844,0.9515699,1.1883659,GM12878,0.8838704,1.0,1
ENSG00000119844,1.0899405,1.1883659,GM12878,0.8669638,0.437788,1
ENSG00000119862,-0.48591653,-0.39794,GM12878,0.99527365,1.0,1
ENSG00000119878,0.9759455,0.96567196,GM12878,0.8569675,1.0,1
ENSG00000119888,0.9704855,1.6857418,GM12878,0.9530484,1.0,1
ENSG00000119888,0.99167377,1.6857418,GM12878,0.9729984,1.0,1
ENSG00000120647,0.9054921,1.1072099,GM12878,0.9504272,1.0,1
ENSG00000120647,1.0719459,1.1072099,GM12878,0.78941715,0.4965035,1
ENSG00000120798,0.92840016,1.542452,GM12878,0.9745574,1.0,1
ENSG00000120798,0.8532591,1.542452,GM12878,0.87736815,0.26685795,1
ENSG00000120800,0.9094708,1.141136,GM12878,0.93223506,1.0,1
ENSG00000120800,0.89579296,1.141136,GM12878,0.96910805,1.0,1
ENSG00000120802,1.512511,2.0572476,GM12878,0.94494486,1.0,1
ENSG00000120802,1.6792138,2.0572476,GM12878,0.91838235,1.0,1
ENSG00000120805,1.421461,1.9766709,GM12878,0.9509094,1.0,1
ENSG00000120805,1.5408849,1.9766709,GM12878,0.9334105,1.0,1
ENSG00000120805,1.4607369,1.9766709,GM12878,0.96811265,1.0,1
ENSG00000120805,1.4607369,1.9766709,GM12878,0.96811265,1.0,1
ENSG00000120805,1.1905974,1.9766709,GM12878,0.8680224,0.95432585,1
ENSG00000120832,1.324643,1.3836359,GM12878,0.8465148,1.0,1
ENSG00000120833,1.3071097,1.8873359,GM12878,0.86257666,1.0,1
ENSG00000120833,1.3071097,1.8873359,GM12878,0.86257666,1.0,1
ENSG00000120833,1.320739,1.8873359,GM12878,0.85956955,1.0,1
ENSG00000120837,1.0579679,1.4305588,GM12878,0.95331526,1.0,1
ENSG00000120837,0.9104369,1.4305588,GM12878,0.97254896,1.0,1
ENSG00000120837,0.9104369,1.4305588,GM12878,0.97254896,1.0,1
ENSG00000120860,0.89222425,1.5761108,GM12878,0.844604,1.0,1
ENSG00000120860,0.7812908,1.5761108,GM12878,0.29626322,0.0700961,1
ENSG00000120868,1.1150298,1.0326188,GM12878,0.8969291,1.0,1
ENSG00000120868,1.0054522,1.0326188,GM12878,0.9493589,0.9823232,1
ENSG00000120868,1.0459727,1.0326188,GM12878,0.8228543,1.0,1
ENSG00000121152,1.4887028,1.7512791,GM12878,0.9812346,1.0,1
ENSG00000121152,1.6044744,1.7512791,GM12878,0.96879065,1.0,1
ENSG00000121152,1.0141857,1.7512791,GM12878,0.8384951,0.9639483,1
ENSG00000121152,0.9560181,1.7512791,GM12878,0.63242656,0.8500517,1
ENSG00000121152,1.0905796,1.7512791,GM12878,0.97370243,0.3287037,1
ENSG00000121316,1.0745885,1.4056878,GM12878,0.9273216,1.0,1
ENSG00000121350,1.0614809,0.79588,GM12878,0.8843067,1.0,1
ENSG00000121350,0.68791515,0.79588,GM12878,0.9755798,1.0,1
ENSG00000121350,0.865907,0.79588,GM12878,0.93660206,0.72845954,1
ENSG00000121749,0.85289645,1.57841,GM12878,0.9308137,1.0,1
ENSG00000121749,1.0214168,1.57841,GM12878,0.9555245,0.0,1
ENSG00000121749,0.9524819,1.57841,GM12878,0.9620086,0.0064102565,1
ENSG00000121749,1.2917459,1.57841,GM12878,0.97997093,0.9831731,1
ENSG00000121749,0.8420407,1.57841,GM12878,0.932937,0.058092948,1
ENSG00000121964,1.0779018,0.9127533,GM12878,0.8417308,1.0,1
ENSG00000121988,1.1607535,1.1658376,GM12878,0.89229935,1.0,1
ENSG00000121988,1.2134029,1.1658376,GM12878,0.86253345,0.0,1
ENSG00000121989,0.6230489,-0.04095861,GM12878,0.9219603,1.0,1
ENSG00000122085,1.0016288,1.2977605,GM12878,0.833021,1.0,1
ENSG00000122085,1.0147586,1.2977605,GM12878,0.9164338,0.010638298,1
ENSG00000122085,1.0341766,1.2977605,GM12878,0.64725643,0.12345679,1
ENSG00000122085,1.2803313,1.2977605,GM12878,0.98012495,0.8217593,1
ENSG00000122085,1.2318982,1.2977605,GM12878,0.9683026,0.60914177,1
ENSG00000122965,1.1410785,1.2516382,GM12878,0.77348465,1.0,1
ENSG00000122965,1.3584089,1.2516382,GM12878,0.81995815,1.0,1
ENSG00000122966,1.2039436,1.3463529,GM12878,0.5807643,1.0,1
ENSG00000122966,1.0808125,1.3463529,GM12878,0.89439225,0.98638135,1
ENSG00000122970,0.8432779,0.81557775,GM12878,0.91155416,1.0,1
ENSG00000122971,0.71117336,1.0468851,GM12878,0.91439235,1.0,1
ENSG00000122986,-0.4064129,0.31175387,GM12878,0.9972892,1.0,1
ENSG00000122986,-0.17977034,0.31175387,GM12878,0.99509686,1.0,1
ENSG00000122986,-0.4001186,0.31175387,GM12878,0.9952023,0.97333336,1
ENSG00000123064,1.5437047,1.7327154,GM12878,0.81977886,1.0,1
ENSG00000123066,0.9885425,1.5703094,GM12878,0.9743832,1.0,1
ENSG00000123104,0.16847563,-0.06550155,GM12878,0.9689397,1.0,1
ENSG00000123104,0.40300596,-0.06550155,GM12878,0.9682608,1.0,1
ENSG00000123106,1.3247817,1.3641757,GM12878,0.9494907,1.0,1
ENSG00000123106,1.1589267,1.3641757,GM12878,0.97034574,1.0,1
ENSG00000123106,1.1546695,1.3641757,GM12878,0.8920724,1.0,1
ENSG00000123106,1.3854512,1.3641757,GM12878,0.97081965,1.0,1
ENSG00000123106,0.9292081,1.3641757,GM12878,0.938223,1.0,1
ENSG00000123106,1.1421694,1.3641757,GM12878,0.934663,0.05717916,1
ENSG00000123106,1.0323318,1.3641757,GM12878,0.63294715,0.021601016,1
ENSG00000123268,1.2664623,1.832892,GM12878,0.9760384,1.0,1
ENSG00000123297,1.0983341,1.5182507,GM12878,0.6408803,0.48857868,1
ENSG00000123297,1.4124947,1.5182507,GM12878,0.8951114,0.85376346,1
ENSG00000123329,0.45626554,1.0704073,GM12878,0.9269276,1.0,1
ENSG00000123329,-0.091204524,1.0704073,GM12878,0.99100375,0.94049907,1
ENSG00000123338,0.3685044,1.5537617,GM12878,0.9793102,1.0,1
ENSG00000123349,1.6622247,2.9257915,GM12878,0.975899,1.0,1
ENSG00000123349,1.4504799,2.9257915,GM12878,0.82610285,0.6959459,1
ENSG00000123349,1.4338936,2.9257915,GM12878,0.80935246,0.047885645,1
ENSG00000123349,1.5053216,2.9257915,GM12878,0.4663238,0.022023737,1
ENSG00000123349,1.520534,2.9257915,GM12878,0.45849514,0.013575219,1
ENSG00000123349,1.4335766,2.9257915,GM12878,0.9529506,0.93028396,1
ENSG00000123349,1.5195011,2.9257915,GM12878,0.7047386,0.9937535,1
ENSG00000123352,1.178537,1.4935975,GM12878,0.9825074,1.0,1
ENSG00000123352,1.2196633,1.4935975,GM12878,0.8478319,0.47153124,1
ENSG00000123352,1.177323,1.4935975,GM12878,0.97447836,0.13838384,1
ENSG00000123352,1.0375773,1.4935975,GM12878,0.87872696,0.022909507,1
ENSG00000123352,1.2087086,1.4935975,GM12878,0.8208839,0.039215688,1
ENSG00000123353,1.0363632,1.3548764,GM12878,0.87868065,1.0,1
ENSG00000123358,0.25829783,0.3283796,GM12878,0.98272955,1.0,1
ENSG00000123358,0.30352515,0.3283796,GM12878,0.97987133,0.0,1
ENSG00000123374,1.3540163,2.2174313,GM12878,0.96579504,1.0,1
ENSG00000123374,1.1441355,2.2174313,GM12878,0.84028876,0.9916879,1
ENSG00000123374,0.9650471,2.2174313,GM12878,0.9198683,0.9362171,1
ENSG00000123384,0.36883414,-0.4436975,GM12878,0.98014534,1.0,1
ENSG00000123395,1.6690383,1.5259514,GM12878,0.58736306,1.0,1
ENSG00000123395,1.3331873,1.5259514,GM12878,0.8744917,1.0,1
ENSG00000123411,1.150319,0.77524626,GM12878,0.9754435,1.0,1
ENSG00000123411,1.1342987,0.77524626,GM12878,0.9603726,1.0,1
ENSG00000123411,1.0545926,0.77524626,GM12878,0.641126,1.0,1
ENSG00000123411,1.0572886,0.77524626,GM12878,0.64041775,0.8654292,1
ENSG00000123415,0.7546444,1.5917323,GM12878,0.96257764,1.0,1
ENSG00000123415,0.735226,1.5917323,GM12878,0.8740972,1.0,1
ENSG00000123415,0.735226,1.5917323,GM12878,0.8740972,1.0,1
ENSG00000123415,1.1016186,1.5917323,GM12878,0.90239745,1.0,1
ENSG00000123415,1.1301154,1.5917323,GM12878,0.88970757,1.0,1
ENSG00000123415,1.2562332,1.5917323,GM12878,0.8196928,1.0,1
ENSG00000123415,1.1502323,1.5917323,GM12878,0.8752794,0.2173913,1
ENSG00000123415,1.2755653,1.5917323,GM12878,0.79944783,0.0786802,1
ENSG00000123416,1.7031338,3.5772781,GM12878,0.96140695,1.0,1
ENSG00000123427,1.3509971,1.141136,GM12878,0.76180476,1.0,1
ENSG00000123427,1.2715964,1.141136,GM12878,0.9216054,0.7287273,1
ENSG00000123485,1.4768587,1.9139198,GM12878,0.559399,1.0,1
ENSG00000123600,1.0651085,1.4321673,GM12878,0.9183809,1.0,1
ENSG00000123600,0.6189011,1.4321673,GM12878,0.9650895,1.0,1
ENSG00000123600,1.0693253,1.4321673,GM12878,0.21059096,1.0,1
ENSG00000123600,0.8376113,1.4321673,GM12878,0.9618536,0.22931938,1
ENSG00000123600,0.6189011,1.4321673,GM12878,0.9650895,0.3387978,1
ENSG00000123607,0.59212774,1.4080703,GM12878,0.8943685,1.0,1
ENSG00000123609,1.1989394,1.0895519,GM12878,0.9194229,1.0,1
ENSG00000123609,1.0489018,1.0895519,GM12878,0.8357649,1.0,1
ENSG00000123609,1.1449941,1.0895519,GM12878,0.9679272,1.0,1
ENSG00000123609,0.9538584,1.0895519,GM12878,0.95950526,1.0,1
ENSG00000123609,0.9535056,1.0895519,GM12878,0.9601078,1.0,1
ENSG00000123609,1.2868781,1.0895519,GM12878,0.955952,0.981893,1
ENSG00000123610,-0.36847627,-0.92081875,GM12878,0.99080276,1.0,1
ENSG00000123610,-0.4835129,-0.92081875,GM12878,0.9865891,1.0,1
ENSG00000123636,1.0825175,1.2000293,GM12878,0.97051144,1.0,1
ENSG00000123983,1.3271823,1.913496,GM12878,0.84884775,1.0,1
ENSG00000123989,1.0880822,0.99913055,GM12878,0.97115266,1.0,1
ENSG00000123989,1.0745524,0.99913055,GM12878,0.92049086,1.0,1
ENSG00000123992,1.0637847,1.6747693,GM12878,0.7245613,1.0,1
ENSG00000123992,1.2587104,1.6747693,GM12878,0.9617905,1.0,1
ENSG00000123992,1.2597198,1.6747693,GM12878,0.9231367,1.0,1
ENSG00000124356,1.1052567,1.548635,GM12878,0.86594945,1.0,1
ENSG00000124356,1.3154699,1.548635,GM12878,0.9573066,1.0,1
ENSG00000124356,1.5615828,1.548635,GM12878,0.9706129,1.0,1
ENSG00000124357,1.2997481,0.9175055,GM12878,0.81792796,1.0,1
ENSG00000124370,1.7370992,1.3666097,GM12878,0.88752043,1.0,1
ENSG00000124374,-0.22083578,-0.69897,GM12878,0.9925183,1.0,1
ENSG00000124380,1.0338829,1.6141587,GM12878,0.86743766,1.0,1
ENSG00000124380,1.3449376,1.6141587,GM12878,0.9667718,1.0,1
ENSG00000124380,1.4745127,1.6141587,GM12878,0.95385814,1.0,1
ENSG00000124380,1.3273469,1.6141587,GM12878,0.96634966,1.0,1
ENSG00000124380,1.1779424,1.6141587,GM12878,0.97331715,1.0,1
ENSG00000124383,1.3377593,1.3898746,GM12878,0.9774175,1.0,1
ENSG00000124383,1.4307231,1.3898746,GM12878,0.9733787,1.0,1
ENSG00000124831,0.97485226,1.2491983,GM12878,0.6637826,1.0,1
ENSG00000124831,0.9812935,1.2491983,GM12878,0.5215782,1.0,1
ENSG00000124831,0.87345886,1.2491983,GM12878,0.9060256,1.0,1
ENSG00000124831,1.0284163,1.2491983,GM12878,0.8925879,1.0,1
ENSG00000124831,0.93793136,1.2491983,GM12878,0.95694524,0.0074850298,1
ENSG00000125538,-0.6107342,-0.79588,GM12878,0.9956241,1.0,1
ENSG00000125551,-0.036273733,-0.63827217,GM12878,0.9755805,1.0,1
ENSG00000125571,-0.5645557,-0.88605666,GM12878,0.99247193,1.0,1
ENSG00000125611,0.8751742,1.1863912,GM12878,0.8846683,1.0,1
ENSG00000125611,1.062991,1.1863912,GM12878,0.9350261,1.0,1
ENSG00000125629,0.98634964,1.3870337,GM12878,0.9349099,1.0,1
ENSG00000125629,0.6137859,1.3870337,GM12878,0.8502213,1.0,1
ENSG00000125629,1.1948143,1.3870337,GM12878,0.9301473,1.0,1
ENSG00000125629,1.0338098,1.3870337,GM12878,0.9693425,0.47379795,1
ENSG00000125630,1.3062713,1.499137,GM12878,0.98298556,1.0,1
ENSG00000125630,1.4359565,1.499137,GM12878,0.9751267,1.0,1
ENSG00000125630,1.1989423,1.499137,GM12878,0.2819903,0.062063616,1
ENSG00000125630,1.3885761,1.499137,GM12878,0.94781554,0.93,1
ENSG00000125633,0.98967963,1.1658376,GM12878,0.8615207,1.0,1
ENSG00000125637,1.1194711,1.0081742,GM12878,0.725574,1.0,1
ENSG00000125637,0.8745212,1.0081742,GM12878,0.48743826,1.0,1
ENSG00000125637,0.9229818,1.0081742,GM12878,0.9372601,1.0,1
ENSG00000125637,0.99596053,1.0081742,GM12878,0.68510526,1.0,1
ENSG00000125637,1.2293881,1.0081742,GM12878,0.8006608,1.0,1
ENSG00000125637,1.0016924,1.0081742,GM12878,0.6309797,1.0,1
ENSG00000125637,0.8181151,1.0081742,GM12878,0.8455737,1.0,1
ENSG00000125637,1.2015017,1.0081742,GM12878,0.973681,1.0,1
ENSG00000125637,0.92040277,1.0081742,GM12878,0.8429839,1.0,1
ENSG00000125637,0.84905773,1.0081742,GM12878,0.9325039,1.0,1
ENSG00000126746,1.6609068,1.548635,GM12878,0.908849,1.0,1
ENSG00000126746,1.302762,1.548635,GM12878,0.97798675,0.20787746,1
ENSG00000127311,1.1676298,0.4756712,GM12878,0.8730019,1.0,1
ENSG00000127311,1.0409163,0.4756712,GM12878,0.95737565,1.0,1
ENSG00000127311,0.563133,0.4756712,GM12878,0.9116993,1.0,1
ENSG00000127311,1.1230034,0.4756712,GM12878,0.9717861,1.0,1
ENSG00000127311,0.72111934,0.4756712,GM12878,0.9765539,0.8467433,1
ENSG00000127314,1.2500759,2.2907023,GM12878,0.8228586,1.0,1
ENSG00000127314,1.3620815,2.2907023,GM12878,0.9744649,1.0,1
ENSG00000127314,1.2500759,2.2907023,GM12878,0.8228586,0.8893035,1
ENSG00000127314,1.4482403,2.2907023,GM12878,0.9661489,0.54487586,1
ENSG00000127314,1.303326,2.2907023,GM12878,0.93878824,0.9493011,1
ENSG00000127314,1.5557944,2.2907023,GM12878,0.9704344,0.97630507,1
ENSG00000127328,0.33498123,1.20412,GM12878,0.93849444,1.0,1
ENSG00000127328,0.42694017,1.20412,GM12878,0.8943344,0.03137255,1
ENSG00000127329,-0.47202387,0.11394335,GM12878,0.98833805,1.0,1
ENSG00000127329,-0.288696,0.11394335,GM12878,0.98994595,1.0,1
ENSG00000127329,-0.41759914,0.11394335,GM12878,0.98389727,1.0,1
ENSG00000127329,-0.45375252,0.11394335,GM12878,0.9897496,1.0,1
ENSG00000127329,-0.24489574,0.11394335,GM12878,0.9869507,1.0,1
ENSG00000127329,-0.19194284,0.11394335,GM12878,0.917052,1.0,1
ENSG00000127334,0.86533964,0.9973864,GM12878,0.87325215,0.5381485,1
ENSG00000127337,1.3312963,1.538825,GM12878,0.9584837,1.0,1
ENSG00000127720,0.7097232,0.13672057,GM12878,0.84156644,1.0,1
ENSG00000127720,0.7097232,0.13672057,GM12878,0.84156644,1.0,1
ENSG00000127831,-0.19357854,-0.27572414,GM12878,0.9882151,1.0,1
ENSG00000127831,-0.3611681,-0.27572414,GM12878,0.9905964,1.0,1
ENSG00000127837,0.9099249,1.5370631,GM12878,0.8666675,1.0,1
ENSG00000128641,-0.6729512,-0.92081875,GM12878,0.9894259,1.0,1
ENSG00000128654,1.054876,2.0857186,GM12878,0.903751,1.0,1
ENSG00000128654,1.1427107,2.0857186,GM12878,0.6563984,0.04629921,1
ENSG00000128656,-0.41818652,-0.10237291,GM12878,0.98327476,1.0,1
ENSG00000128656,-0.53445745,-0.10237291,GM12878,0.98722214,1.0,1
ENSG00000128694,0.54886866,0.924796,GM12878,0.8972458,1.0,1
ENSG00000128694,1.1312983,0.924796,GM12878,0.93510216,0.76880985,1
ENSG00000128699,1.116349,1.7199938,GM12878,0.973639,1.0,1
ENSG00000128699,0.9254272,1.7199938,GM12878,0.74947625,1.0,1
ENSG00000128699,0.8876608,1.7199938,GM12878,0.76590085,1.0,1
ENSG00000128699,0.9350195,1.7199938,GM12878,0.7134932,0.7994707,1
ENSG00000128708,1.7660085,2.2692094,GM12878,0.92196494,1.0,1
ENSG00000128708,1.3649361,2.2692094,GM12878,0.90276635,0.9689303,1
ENSG00000128708,1.1327251,2.2692094,GM12878,0.9406853,0.9924983,1
ENSG00000129315,1.4935648,1.5712428,GM12878,0.8504666,1.0,1
ENSG00000129315,1.6093376,1.5712428,GM12878,0.862466,0.6581071,1
ENSG00000129317,1.1292784,1.3016809,GM12878,0.94931525,1.0,1
ENSG00000129317,1.2172173,1.3016809,GM12878,0.9709406,0.5429395,1
ENSG00000130038,0.8383015,0.8645111,GM12878,0.93456805,1.0,1
ENSG00000130038,0.81484586,0.8645111,GM12878,0.9455432,1.0,1
ENSG00000130414,1.217586,1.9393694,GM12878,0.96085167,1.0,1
ENSG00000130783,0.09201094,-0.124938734,GM12878,0.96601206,1.0,1
ENSG00000130787,0.61421794,1.0941216,GM12878,0.88314784,1.0,1
ENSG00000130921,1.308768,1.1048284,GM12878,0.8467063,1.0,1
ENSG00000132300,1.7177563,2.152533,GM12878,0.89951426,1.0,1
ENSG00000132300,1.6183635,2.152533,GM12878,0.95550984,1.0,1
ENSG00000132300,1.632517,2.152533,GM12878,0.96014714,1.0,1
ENSG00000132305,1.4525993,1.9421073,GM12878,0.95272833,1.0,1
ENSG00000132305,1.3506964,1.9421073,GM12878,0.9567548,1.0,1
ENSG00000132323,1.3591914,1.3490832,GM12878,0.96848226,1.0,1
ENSG00000132323,1.3187351,1.3490832,GM12878,0.9700467,1.0,1
ENSG00000132323,1.1313838,1.3490832,GM12878,0.9802908,1.0,1
ENSG00000132323,1.1753786,1.3490832,GM12878,0.97977155,0.9828393,1
ENSG00000132326,1.3818713,0.350248,GM12878,0.91812474,1.0,1
ENSG00000132326,1.0357425,0.350248,GM12878,0.8837987,0.66169155,1
ENSG00000132329,-0.75602114,-0.30980393,GM12878,0.9974031,1.0,1
ENSG00000132330,1.1662346,1.1132747,GM12878,0.9404674,1.0,1
ENSG00000132330,1.1813592,1.1132747,GM12878,0.97346014,1.0,1
ENSG00000132330,0.5807578,1.1132747,GM12878,0.9607566,1.0,1
ENSG00000132330,1.0956829,1.1132747,GM12878,0.9409817,0.124535315,1
ENSG00000132341,1.4094253,3.411069,GM12878,0.8374237,0.08587893,1
ENSG00000133641,1.1140193,1.5317343,GM12878,0.97187984,1.0,1
ENSG00000133641,1.1545115,1.5317343,GM12878,0.9760786,1.0,1
ENSG00000133641,0.7916132,1.5317343,GM12878,0.93616533,0.66042554,1
ENSG00000133641,1.0781955,1.5317343,GM12878,0.9741012,0.9412023,1
ENSG00000133687,-0.30604863,-0.92081875,GM12878,0.9800125,1.0,1
ENSG00000133703,0.880532,1.1646502,GM12878,0.9467741,1.0,1
ENSG00000133703,0.96926874,1.1646502,GM12878,0.93183625,0.016381767,1
ENSG00000133704,0.97781974,1.1866739,GM12878,0.9769184,1.0,1
ENSG00000133773,0.97685796,1.4001925,GM12878,0.7973431,1.0,1
ENSG00000133773,0.9634463,1.4001925,GM12878,0.79664075,1.0,1
ENSG00000133858,1.6059114,1.8242561,GM12878,0.93744975,1.0,1
ENSG00000133858,1.6201961,1.8242561,GM12878,0.96902543,1.0,1
ENSG00000134283,1.0745292,1.9033071,GM12878,0.946999,1.0,1
ENSG00000134283,1.1766031,1.9033071,GM12878,0.92737657,1.0,1
ENSG00000134283,0.9073614,1.9033071,GM12878,0.9217499,0.14871553,1
ENSG00000134283,0.9379092,1.9033071,GM12878,0.9707573,0.57435775,1
ENSG00000134283,0.94881403,1.9033071,GM12878,0.30995533,0.03582371,1
ENSG00000134283,0.8157509,1.9033071,GM12878,0.72143507,0.97013485,1
ENSG00000134285,0.4743515,0.8312297,GM12878,0.9448804,1.0,1
ENSG00000134287,1.0967585,2.0677402,GM12878,0.9687626,1.0,1
ENSG00000134287,1.0967585,2.0677402,GM12878,0.9687626,1.0,1
ENSG00000134287,1.1647959,2.0677402,GM12878,0.9594402,0.9950777,1
ENSG00000134291,0.81125206,2.1332195,GM12878,0.6992899,1.0,1
ENSG00000134294,1.3341628,2.0171585,GM12878,0.9070529,1.0,1
ENSG00000134294,1.4168241,2.0171585,GM12878,0.8210342,0.91113335,1
ENSG00000134308,1.1878353,2.3748765,GM12878,0.9787692,1.0,1
ENSG00000134313,1.2956828,1.5081255,GM12878,0.9462853,1.0,1
ENSG00000134313,1.2505928,1.5081255,GM12878,0.81139046,1.0,1
ENSG00000134313,1.3037051,1.5081255,GM12878,0.80758554,0.09715994,1
ENSG00000134317,1.024245,0.7041505,GM12878,0.97961825,1.0,1
ENSG00000134317,0.8171359,0.7041505,GM12878,0.4616917,1.0,1
ENSG00000134318,1.1307955,0.84010607,GM12878,0.90126985,1.0,1
ENSG00000134318,1.091951,0.84010607,GM12878,0.9656792,1.0,1
ENSG00000134318,1.3096879,0.84010607,GM12878,0.9160696,1.0,1
ENSG00000134318,0.9380543,0.84010607,GM12878,0.63591105,1.0,1
ENSG00000134321,-0.3011678,-0.4202164,GM12878,0.9818217,1.0,1
ENSG00000134324,0.9118595,1.854306,GM12878,0.9576526,1.0,1
ENSG00000134324,1.2864621,1.854306,GM12878,0.83224374,0.056830805,1
ENSG00000134326,0.7553689,0.50105923,GM12878,0.8691893,1.0,1
ENSG00000134531,-0.68456244,-0.7212464,GM12878,0.99340665,1.0,1
ENSG00000134532,-0.51917714,1.0681858,GM12878,0.99535537,1.0,1
ENSG00000134532,-0.5976409,1.0681858,GM12878,0.9933282,1.0,1
ENSG00000135090,1.1826719,1.6541766,GM12878,0.9499877,1.0,1
ENSG00000135090,1.0253583,1.6541766,GM12878,0.9582415,1.0,1
ENSG00000135090,0.91214156,1.6541766,GM12878,0.9580408,1.0,1
ENSG00000135090,1.0889298,1.6541766,GM12878,0.77243936,0.9892819,1
ENSG00000135090,1.031073,1.6541766,GM12878,0.2532757,0.0,1
ENSG00000135093,0.7321041,1.0906107,GM12878,0.9399784,1.0,1
ENSG00000135093,0.87247276,1.0906107,GM12878,0.9074153,1.0,1
ENSG00000135093,0.8508626,1.0906107,GM12878,0.701606,1.0,1
ENSG00000135093,0.72994655,1.0906107,GM12878,0.88759875,1.0,1
ENSG00000135108,0.98759764,0.8293038,GM12878,0.9456315,1.0,1
ENSG00000135124,1.041198,1.1743506,GM12878,0.8965375,0.30533335,1
ENSG00000135124,0.72690856,1.1743506,GM12878,0.57285076,0.0,1
ENSG00000135124,1.041861,1.1743506,GM12878,0.3360126,0.07363014,1
ENSG00000135127,-0.69959843,0.11058971,GM12878,0.9963743,1.0,1
ENSG00000135148,1.2173886,1.6369891,GM12878,0.9636506,1.0,1
ENSG00000135390,1.3295515,2.530046,GM12878,0.9612211,1.0,1
ENSG00000135390,1.4398094,2.530046,GM12878,0.87640303,1.0,1
ENSG00000135392,1.2703674,0.83884907,GM12878,0.74401945,1.0,1
ENSG00000135404,1.6634407,2.3220744,GM12878,0.69672555,1.0,1
ENSG00000135407,0.32942164,-0.60206,GM12878,0.9768812,1.0,1
ENSG00000135414,0.8591189,0.5658478,GM12878,0.95117444,1.0,1
ENSG00000135424,-0.46167535,-0.022276394,GM12878,0.99676514,1.0,1
ENSG00000135426,-0.12758239,0.1398791,GM12878,0.96791047,1.0,1
ENSG00000135436,-0.37853178,-0.7447275,GM12878,0.98620355,1.0,1
ENSG00000135436,-0.45925194,-0.7447275,GM12878,0.9914171,1.0,1
ENSG00000135436,-0.5377217,-0.7447275,GM12878,0.9949961,1.0,1
ENSG00000135439,-0.4860778,-0.537602,GM12878,0.9931538,1.0,1
ENSG00000135441,1.2223388,1.8585372,GM12878,0.8881869,1.0,1
ENSG00000135441,1.2223388,1.8585372,GM12878,0.8881869,1.0,1
ENSG00000135441,1.0347853,1.8585372,GM12878,0.89593,0.98213196,1
ENSG00000135441,1.0072272,1.8585372,GM12878,0.895931,0.5353774,1
ENSG00000135446,1.3987608,2.536899,GM12878,0.7462147,1.0,1
ENSG00000135446,1.4118012,2.536899,GM12878,0.8740464,0.9989126,1
ENSG00000135451,1.7056134,1.6447339,GM12878,0.73987436,1.0,1
ENSG00000135451,1.4305434,1.6447339,GM12878,0.9183791,1.0,1
ENSG00000135451,1.6819634,1.6447339,GM12878,0.32719207,1.0,1
ENSG00000135451,1.6808189,1.6447339,GM12878,0.60396844,0.97270954,1
ENSG00000135452,1.2239497,1.1826999,GM12878,0.8931786,1.0,1
ENSG00000135454,0.97884434,0.89872515,GM12878,0.6317289,1.0,1
ENSG00000135457,1.3972218,1.3747483,GM12878,0.9547614,1.0,1
ENSG00000135469,0.8392126,1.3586961,GM12878,0.8015843,1.0,1
ENSG00000135469,0.8243471,1.3586961,GM12878,0.80004615,1.0,1
ENSG00000135469,0.96381396,1.3586961,GM12878,0.8122329,1.0,1
ENSG00000135473,1.0088145,1.883775,GM12878,0.4948899,1.0,1
ENSG00000135473,1.2966734,1.883775,GM12878,0.91811806,1.0,1
ENSG00000135476,1.3508984,1.2355285,GM12878,0.81009454,1.0,1
ENSG00000135476,1.2600819,1.2355285,GM12878,0.9468346,0.5907173,1
ENSG00000135482,0.7086421,-0.017728766,GM12878,0.67722017,1.0,1
ENSG00000135486,1.7693301,2.9958897,GM12878,0.8664334,1.0,1
ENSG00000135486,1.8257742,2.9958897,GM12878,0.8848565,0.34279418,1
ENSG00000135503,0.6200419,0.8162413,GM12878,0.9131047,1.0,1
ENSG00000135503,1.0528268,0.8162413,GM12878,0.961211,1.0,1
ENSG00000135506,0.9445033,1.8877298,GM12878,0.46337718,1.0,1
ENSG00000135506,1.0068811,1.8877298,GM12878,0.76531476,0.9977635,1
ENSG00000135506,1.0231489,1.8877298,GM12878,0.70733535,0.998253,1
ENSG00000135506,0.93211776,1.8877298,GM12878,0.9748437,0.6018163,1
ENSG00000135517,-0.5502106,-0.88605666,GM12878,0.9945123,1.0,1
ENSG00000135519,-0.42790425,-0.92081875,GM12878,0.9916053,1.0,1
ENSG00000135519,-0.37537518,-0.92081875,GM12878,0.9964385,1.0,1
ENSG00000135519,-0.32646254,-0.92081875,GM12878,0.9664982,1.0,1
ENSG00000135617,0.83939064,1.358506,GM12878,0.94581765,1.0,1
ENSG00000135617,1.2343262,1.358506,GM12878,0.97257173,1.0,1
ENSG00000135617,1.0303662,1.358506,GM12878,0.70522773,1.0,1
ENSG00000135622,-0.0073986556,-0.27572414,GM12878,0.97395676,1.0,1
ENSG00000135624,1.4563272,2.686082,GM12878,0.9721737,1.0,1
ENSG00000135624,1.4705192,2.686082,GM12878,0.7505334,0.009721189,1
ENSG00000135632,0.9840978,1.5007852,GM12878,0.90200186,1.0,1
ENSG00000135643,-0.029885309,-0.56863624,GM12878,0.9801742,1.0,1
ENSG00000135655,1.3325537,2.1769302,GM12878,0.9734596,1.0,1
ENSG00000135655,1.3325537,2.1769302,GM12878,0.9734596,1.0,1
ENSG00000135655,1.3285558,2.1769302,GM12878,0.96439147,0.9838002,1
ENSG00000135677,1.2083472,1.3802112,GM12878,0.94384664,1.0,1
ENSG00000135677,1.1327509,1.3802112,GM12878,0.91817135,0.7834483,1
ENSG00000135677,0.93922794,1.3802112,GM12878,0.8253322,0.0,1
ENSG00000135679,1.5344143,1.3823773,GM12878,0.976127,1.0,1
ENSG00000135679,1.4498395,1.3823773,GM12878,0.9718446,0.97324723,1
ENSG00000135679,1.4129766,1.3823773,GM12878,0.95518863,0.99904764,1
ENSG00000135679,1.3238008,1.3823773,GM12878,0.95294803,0.9740019,1
ENSG00000135679,1.357514,1.3823773,GM12878,0.9597107,1.0,1
ENSG00000135898,-0.5016171,-0.36653155,GM12878,0.9711466,1.0,1
ENSG00000135899,0.13301663,0.29003462,GM12878,0.9745719,1.0,1
ENSG00000135899,0.60034966,0.29003462,GM12878,0.95778275,1.0,1
ENSG00000135899,0.46466467,0.29003462,GM12878,0.95754826,1.0,1
ENSG00000135912,1.080954,1.5507175,GM12878,0.9585109,1.0,1
ENSG00000135913,1.4021584,0.81291336,GM12878,0.97131854,1.0,1
ENSG00000135913,1.253254,0.81291336,GM12878,0.9618771,1.0,1
ENSG00000135913,1.026458,0.81291336,GM12878,0.95012724,0.96666664,1
ENSG00000135913,1.2176456,0.81291336,GM12878,0.9611311,0.9627451,1
ENSG00000135916,0.7352887,1.6893089,GM12878,0.8842579,1.0,1
ENSG00000135916,0.8263825,1.6893089,GM12878,0.9551909,1.0,1
ENSG00000135916,0.81355774,1.6893089,GM12878,0.9530861,1.0,1
ENSG00000135916,0.5376819,1.6893089,GM12878,0.92566985,0.7501063,1
ENSG00000135916,0.6392596,1.6893089,GM12878,0.9562265,0.99872506,1
ENSG00000135924,0.29904836,0.6314438,GM12878,0.92917866,1.0,1
ENSG00000135924,0.54640305,0.6314438,GM12878,0.9245429,1.0,1
ENSG00000135926,0.9879057,1.6454222,GM12878,0.7692128,1.0,1
ENSG00000135926,1.359082,1.6454222,GM12878,0.7708774,1.0,1
ENSG00000135926,0.9879057,1.6454222,GM12878,0.7692128,0.55841535,1
ENSG00000135926,1.347379,1.6454222,GM12878,0.64816505,0.0013537906,1
ENSG00000135930,1.4509236,1.3117539,GM12878,0.89693105,1.0,1
ENSG00000135930,1.6388973,1.3117539,GM12878,0.97320694,0.76930064,1
ENSG00000135931,0.3261113,0.2552725,GM12878,0.9784889,1.0,1
ENSG00000135931,0.2160222,0.2552725,GM12878,0.9822979,1.0,1
ENSG00000135932,1.1276828,1.769525,GM12878,0.93709934,1.0,1
ENSG00000135940,1.4748665,2.6450388,GM12878,0.8687136,1.0,1
ENSG00000135940,1.5325413,2.6450388,GM12878,0.93197703,1.0,1
ENSG00000135945,1.4292853,1.6389881,GM12878,0.9556752,1.0,1
ENSG00000135945,1.2091576,1.6389881,GM12878,0.9692815,0.1492205,1
ENSG00000135953,1.15707,0.79934055,GM12878,0.968658,1.0,1
ENSG00000135953,1.2313277,0.79934055,GM12878,0.9747035,1.0,1
ENSG00000135953,1.2406772,0.79934055,GM12878,0.8259685,0.22434367,1
ENSG00000135956,1.0199307,1.0417873,GM12878,0.9446874,1.0,1
ENSG00000135956,1.0424329,1.0417873,GM12878,0.941162,1.0,1
ENSG00000135966,1.3019903,0.854913,GM12878,0.9805809,1.0,1
ENSG00000135966,0.9704754,0.854913,GM12878,0.6831497,1.0,1
ENSG00000135968,1.2014501,1.1519824,GM12878,0.9684794,1.0,1
ENSG00000135974,1.3798122,1.3873898,GM12878,0.97258973,1.0,1
ENSG00000135976,0.8200482,0.98989457,GM12878,0.9084124,1.0,1
ENSG00000135999,1.194756,1.414472,GM12878,0.9753793,1.0,1
ENSG00000135999,1.0601981,1.414472,GM12878,0.96289355,1.0,1
ENSG00000135999,1.1997437,1.414472,GM12878,0.9695061,1.0,1
ENSG00000136003,1.5093803,1.8243862,GM12878,0.9687213,1.0,1
ENSG00000136003,1.1742316,1.8243862,GM12878,0.7937866,0.06982093,1
ENSG00000136003,1.5693543,1.8243862,GM12878,0.8519348,0.0022763088,1
ENSG00000136003,1.4207315,1.8243862,GM12878,0.94142556,0.00070150825,1
ENSG00000136010,0.8675998,0.48144263,GM12878,0.9755012,1.0,1
ENSG00000136010,0.53530055,0.48144263,GM12878,0.9607687,1.0,1
ENSG00000136010,0.4901812,0.48144263,GM12878,0.95040345,1.0,1
ENSG00000136021,1.2547204,1.3546846,GM12878,0.9688222,1.0,1
ENSG00000136021,1.2473348,1.3546846,GM12878,0.97368354,1.0,1
ENSG00000136040,-0.5059637,-0.48148605,GM12878,0.9809496,1.0,1
ENSG00000136040,-0.36180848,-0.48148605,GM12878,0.98595726,1.0,1
ENSG00000136044,0.94378525,1.0077478,GM12878,0.9182616,1.0,1
ENSG00000136044,1.0102239,1.0077478,GM12878,0.9510032,1.0,1
ENSG00000136045,1.4374255,1.9060656,GM12878,0.91357476,1.0,1
ENSG00000136048,0.7160582,0.22271647,GM12878,0.6675753,1.0,1
ENSG00000136051,0.968155,1.2605484,GM12878,0.97181576,1.0,1
ENSG00000136051,0.7432658,1.2605484,GM12878,0.9123166,1.0,1
ENSG00000136052,-0.096796215,-0.6777807,GM12878,0.98696935,1.0,1
ENSG00000136536,1.5582086,1.6893089,GM12878,0.96959406,1.0,1
ENSG00000136536,1.6275603,1.6893089,GM12878,0.7982255,1.0,1
ENSG00000136536,1.3512981,1.6893089,GM12878,0.97045183,0.8555219,1
ENSG00000136536,1.5996498,1.6893089,GM12878,0.8675177,0.8555219,1
ENSG00000136541,-0.057049155,-0.7447275,GM12878,0.9796281,1.0,1
ENSG00000136541,-0.3639676,-0.7447275,GM12878,0.92571175,1.0,1
ENSG00000136542,1.5359297,1.6290016,GM12878,0.97580284,1.0,1
ENSG00000136542,1.6792992,1.6290016,GM12878,0.9602363,1.0,1
ENSG00000136560,1.1002325,1.6435513,GM12878,0.95538545,1.0,1
ENSG00000136560,1.2150211,1.6435513,GM12878,0.96150684,1.0,1
ENSG00000136560,1.1517266,1.6435513,GM12878,0.9669594,1.0,1
ENSG00000136560,1.0036112,1.6435513,GM12878,0.9740242,1.0,1
ENSG00000136682,0.60274315,1.4702635,GM12878,0.9584194,1.0,1
ENSG00000136682,0.59911186,1.4702635,GM12878,0.38514036,0.39384496,1
ENSG00000136682,0.8467697,1.4702635,GM12878,0.81905425,0.018551765,1
ENSG00000136682,0.7064872,1.4702635,GM12878,0.44558612,0.12951168,1
ENSG00000136682,0.26495317,1.4702635,GM12878,0.94119453,0.8266108,1
ENSG00000136699,0.867227,1.6574383,GM12878,0.5835091,1.0,1
ENSG00000136699,1.1123605,1.6574383,GM12878,0.4656412,0.08573903,1
ENSG00000136699,1.0985569,1.6574383,GM12878,0.94519633,0.76760566,1
ENSG00000136699,1.1479989,1.6574383,GM12878,0.9680052,0.9672771,1
ENSG00000136709,1.5832361,1.6395861,GM12878,0.8536966,1.0,1
ENSG00000136710,1.0298244,1.6773331,GM12878,0.9087131,1.0,1
ENSG00000136710,0.9704072,1.6773331,GM12878,0.8716292,0.102380954,1
ENSG00000136715,1.2037965,0.9965117,GM12878,0.93776804,0.4827586,1
ENSG00000136717,-0.35282183,-0.060480747,GM12878,0.9958832,1.0,1
ENSG00000136718,1.3091727,2.0466902,GM12878,0.9456864,1.0,1
ENSG00000136731,1.3131926,1.2962263,GM12878,0.94913286,1.0,1
ENSG00000136731,1.2250812,1.2962263,GM12878,0.9684174,1.0,1
ENSG00000136732,0.6745228,2.287152,GM12878,0.9301304,1.0,1
ENSG00000136732,1.2790756,2.287152,GM12878,0.93548465,0.0075281016,1
ENSG00000136732,0.77696085,2.287152,GM12878,0.7825235,0.50829196,1
ENSG00000138002,1.1798667,1.2214142,GM12878,0.9723804,1.0,1
ENSG00000138002,0.8665859,1.2214142,GM12878,0.6396109,0.0,1
ENSG00000138018,1.3742752,1.3220124,GM12878,0.907719,1.0,1
ENSG00000138029,1.1983068,1.962322,GM12878,0.96435934,1.0,1
ENSG00000138029,1.1983068,1.962322,GM12878,0.96435934,1.0,1
ENSG00000138029,1.1124315,1.962322,GM12878,0.75614774,0.9915265,1
ENSG00000138030,0.41722783,0.4578819,GM12878,0.98272187,1.0,1
ENSG00000138031,0.6124184,1.474362,GM12878,0.97475815,1.0,1
ENSG00000138031,0.67463803,1.474362,GM12878,0.9145831,1.0,1
ENSG00000138031,0.46416745,1.474362,GM12878,0.78143036,0.3809524,1
ENSG00000138032,0.84303737,1.5174599,GM12878,0.8311928,1.0,1
ENSG00000138032,1.102471,1.5174599,GM12878,0.956317,1.0,1
ENSG00000138032,0.8416138,1.5174599,GM12878,0.8811476,0.99812263,1
ENSG00000138032,0.5860226,1.5174599,GM12878,0.95345753,0.637321,1
ENSG00000138035,1.3385106,1.602711,GM12878,0.9126744,1.0,1
ENSG00000138035,1.3366688,1.602711,GM12878,0.7462369,1.0,1
ENSG00000138035,1.4314535,1.602711,GM12878,0.9666157,1.0,1
ENSG00000138036,0.74860686,1.4723176,GM12878,0.9035761,1.0,1
ENSG00000138050,1.1427019,1.4776999,GM12878,0.97904325,1.0,1
ENSG00000138050,1.4097712,1.4776999,GM12878,0.97375387,1.0,1
ENSG00000138050,1.4599824,1.4776999,GM12878,0.94363165,0.4416191,1
ENSG00000138050,1.25633,1.4776999,GM12878,0.9127542,0.054569364,1
ENSG00000138069,1.2292236,2.0828214,GM12878,0.98054045,1.0,1
ENSG00000138071,1.4113734,2.0807707,GM12878,0.97371,1.0,1
ENSG00000138071,1.0984128,2.0807707,GM12878,0.9735898,1.0,1
ENSG00000138071,1.2834243,2.0807707,GM12878,0.94160306,1.0,1
ENSG00000138071,1.485328,2.0807707,GM12878,0.9740074,1.0,1
ENSG00000138071,1.3137691,2.0807707,GM12878,0.40992433,0.0,1
ENSG00000138073,0.9892836,1.8209236,GM12878,0.7679645,1.0,1
ENSG00000138073,0.8004938,1.8209236,GM12878,0.9088123,1.0,1
ENSG00000138073,1.1729803,1.8209236,GM12878,0.9127358,0.993831,1
ENSG00000138073,1.1897806,1.8209236,GM12878,0.79774624,0.98530495,1
ENSG00000138074,1.26521,2.0226758,GM12878,0.93169093,1.0,1
ENSG00000138074,1.585401,2.0226758,GM12878,0.74789166,0.0038812784,1
ENSG00000138078,1.7274388,1.6208645,GM12878,0.7624959,1.0,1
ENSG00000138078,0.98837954,1.6208645,GM12878,0.88197887,1.0,1
ENSG00000138078,1.4743156,1.6208645,GM12878,0.9496696,1.0,1
ENSG00000138078,1.5184422,1.6208645,GM12878,0.962272,1.0,1
ENSG00000138078,1.2812473,1.6208645,GM12878,0.971066,1.0,1
ENSG00000138078,1.3718786,1.6208645,GM12878,0.9489927,0.9982614,1
ENSG00000138078,0.77830845,1.6208645,GM12878,0.89518607,0.34531185,1
ENSG00000138080,-0.10527389,-0.4436975,GM12878,0.97361577,1.0,1
ENSG00000138080,-0.107968315,-0.4436975,GM12878,0.9740623,1.0,1
ENSG00000138081,1.3768321,1.4988617,GM12878,0.95914596,1.0,1
ENSG00000138085,1.3004184,2.12827,GM12878,0.7793134,1.0,1
ENSG00000138092,1.2108413,1.731347,GM12878,0.95564264,1.0,1
ENSG00000138092,1.5229373,1.731347,GM12878,0.793241,0.60303515,1
ENSG00000138095,1.2263945,2.1406024,GM12878,0.93376493,1.0,1
ENSG00000138095,1.6190088,2.1406024,GM12878,0.9487828,1.0,1
ENSG00000138095,1.7828418,2.1406024,GM12878,0.9358246,1.0,1
ENSG00000138095,1.6248832,2.1406024,GM12878,0.9586688,1.0,1
ENSG00000138095,1.4352516,2.1406024,GM12878,0.7822699,1.0,1
ENSG00000138101,-0.49332112,0.1271048,GM12878,0.99439394,1.0,1
ENSG00000138101,-0.48790133,0.1271048,GM12878,0.99462366,1.0,1
ENSG00000138356,-0.5591308,-0.7447275,GM12878,0.97428924,1.0,1
ENSG00000138363,1.4734747,2.0111897,GM12878,0.9704962,1.0,1
ENSG00000138375,1.3574693,1.349666,GM12878,0.94977236,1.0,1
ENSG00000138375,1.3903183,1.349666,GM12878,0.92673963,0.94951236,1
ENSG00000138376,1.0691369,0.9334873,GM12878,0.9309718,1.0,1
ENSG00000138376,1.2563417,0.9334873,GM12878,0.95503587,1.0,1
ENSG00000138376,1.2340575,0.9334873,GM12878,0.9122167,1.0,1
ENSG00000138376,1.2252821,0.9334873,GM12878,0.9602535,0.87261146,1
ENSG00000138376,1.1316551,0.9334873,GM12878,0.89286196,1.0,1
ENSG00000138378,0.061579153,-0.92081875,GM12878,0.89904225,1.0,1
ENSG00000138380,0.5492925,0.5599066,GM12878,0.9488706,1.0,1
ENSG00000138380,0.63662124,0.5599066,GM12878,0.96694684,1.0,1
ENSG00000138380,0.6612819,0.5599066,GM12878,0.7940783,0.0,1
ENSG00000138380,0.65892595,0.5599066,GM12878,0.96910065,0.12719299,1
ENSG00000138380,0.63662124,0.5599066,GM12878,0.96694684,0.9754902,1
ENSG00000138380,0.71012557,0.5599066,GM12878,0.93027633,1.0,1
ENSG00000138380,0.52419823,0.5599066,GM12878,0.77136004,0.6271777,1
ENSG00000138380,0.44604707,0.5599066,GM12878,0.7813102,0.0,1
ENSG00000138381,0.89320856,1.3003781,GM12878,0.9555203,1.0,1
ENSG00000138381,1.1714044,1.3003781,GM12878,0.9717174,1.0,1
ENSG00000138382,1.151283,2.1152444,GM12878,0.5681782,1.0,1
ENSG00000138385,1.3191212,2.4353347,GM12878,0.8953552,1.0,1
ENSG00000138386,1.1541418,1.2129862,GM12878,0.75369424,1.0,1
ENSG00000138386,0.8952237,1.2129862,GM12878,0.9594626,1.0,1
ENSG00000138386,1.0718993,1.2129862,GM12878,0.9011267,1.0,1
ENSG00000138386,1.2120873,1.2129862,GM12878,0.9778696,1.0,1
ENSG00000138386,1.1269451,1.2129862,GM12878,0.95883536,1.0,1
ENSG00000138386,1.1269451,1.2129862,GM12878,0.95883536,1.0,1
ENSG00000138386,1.015274,1.2129862,GM12878,0.9651958,1.0,1
ENSG00000138386,1.2354658,1.2129862,GM12878,0.97079664,1.0,1
ENSG00000138386,0.8632489,1.2129862,GM12878,0.9292234,0.97722095,1
ENSG00000138398,1.0684795,1.9762124,GM12878,0.9466207,1.0,1
ENSG00000138398,1.3759379,1.9762124,GM12878,0.97453827,0.93984795,1
ENSG00000138399,1.4021301,1.9340438,GM12878,0.9623474,1.0,1
ENSG00000138399,1.2824258,1.9340438,GM12878,0.6258518,0.76833487,1
ENSG00000138399,1.3689401,1.9340438,GM12878,0.91489565,0.91881496,1
ENSG00000138411,-0.19965202,-0.32790214,GM12878,0.9916835,1.0,1
ENSG00000138411,-0.32593957,-0.32790214,GM12878,0.9909614,1.0,1
ENSG00000138413,1.1354374,1.8581159,GM12878,0.9678822,1.0,1
ENSG00000138430,0.98618215,2.3815482,GM12878,0.7708372,1.0,1
ENSG00000138430,1.092719,2.3815482,GM12878,0.9682862,1.0,1
ENSG00000138430,1.2144932,2.3815482,GM12878,0.9654727,1.0,1
ENSG00000138430,1.290042,2.3815482,GM12878,0.9639692,1.0,1
ENSG00000138430,0.97772896,2.3815482,GM12878,0.85106695,0.57125014,1
ENSG00000138433,0.9230223,1.1212314,GM12878,0.9440436,1.0,1
ENSG00000138433,1.1025106,1.1212314,GM12878,0.9519622,1.0,1
ENSG00000138433,1.1630758,1.1212314,GM12878,0.9626315,1.0,1
ENSG00000138433,0.8518576,1.1212314,GM12878,0.94057477,1.0,1
ENSG00000138433,1.0352116,1.1212314,GM12878,0.9488481,1.0,1
ENSG00000138433,0.911227,1.1212314,GM12878,0.3322677,1.0,1
ENSG00000138433,0.8796088,1.1212314,GM12878,0.8210684,1.0,1
ENSG00000138433,1.0348083,1.1212314,GM12878,0.96624357,1.0,1
ENSG00000138434,1.2840687,1.5533975,GM12878,0.9669803,1.0,1
ENSG00000138434,1.1295718,1.5533975,GM12878,0.7978274,0.94389206,1
ENSG00000138434,0.9888616,1.5533975,GM12878,0.88556355,0.7046632,1
ENSG00000138434,0.9772284,1.5533975,GM12878,0.93754554,0.7635422,1
ENSG00000138439,0.4855168,0.23804611,GM12878,0.65870386,1.0,1
ENSG00000138442,1.3280604,2.2621899,GM12878,0.9608387,1.0,1
ENSG00000138443,0.6276335,1.0860037,GM12878,0.9509828,1.0,1
ENSG00000138443,0.8839226,1.0860037,GM12878,0.9522126,1.0,1
ENSG00000138443,0.5882413,1.0860037,GM12878,0.9649981,1.0,1
ENSG00000138443,0.6459904,1.0860037,GM12878,0.93487865,0.023201857,1
ENSG00000138443,0.8783336,1.0860037,GM12878,0.9427616,0.14430894,1
ENSG00000138443,0.67608535,1.0860037,GM12878,0.2742861,0.005976096,1
ENSG00000138443,0.88463956,1.0860037,GM12878,0.9522867,0.96893203,1
ENSG00000138443,0.7122029,1.0860037,GM12878,0.7492879,0.005976096,1
ENSG00000138443,0.85087657,1.0860037,GM12878,0.88785166,0.82509506,1
ENSG00000138448,0.99220556,1.1010593,GM12878,0.9627892,1.0,1
ENSG00000138449,1.267148,1.5110809,GM12878,0.97722286,1.0,1
ENSG00000139044,-0.59835494,-0.537602,GM12878,0.993757,1.0,1
ENSG00000139044,-0.59546894,-0.537602,GM12878,0.996398,1.0,1
ENSG00000139044,-0.61304426,-0.537602,GM12878,0.9961266,1.0,1
ENSG00000139083,0.7983801,0.45636603,GM12878,0.9422912,1.0,1
ENSG00000139112,1.3392482,1.0476642,GM12878,0.8588487,1.0,1
ENSG00000139112,1.0822985,1.0476642,GM12878,0.91516936,1.0,1
ENSG00000139116,1.2038012,1.2638726,GM12878,0.9658047,1.0,1
ENSG00000139116,1.0656134,1.2638726,GM12878,0.96117646,1.0,1
ENSG00000139116,1.044305,1.2638726,GM12878,0.7724045,1.0,1
ENSG00000139116,0.97460246,1.2638726,GM12878,0.56509554,0.005291005,1
ENSG00000139116,1.0368112,1.2638726,GM12878,0.880583,0.38004947,1
ENSG00000139116,0.88996786,1.2638726,GM12878,0.34242105,0.03730738,1
ENSG00000139116,1.0123256,1.2638726,GM12878,0.9432746,0.9459459,1
ENSG00000139116,0.86843973,1.2638726,GM12878,0.66208553,0.01048218,1
ENSG00000139131,1.0692015,1.4364806,GM12878,0.94800186,1.0,1
ENSG00000139133,0.6000902,1.0809871,GM12878,0.833487,1.0,1
ENSG00000139133,0.6000902,1.0809871,GM12878,0.833487,1.0,1
ENSG00000139146,1.6217546,1.8637391,GM12878,0.955079,1.0,1
ENSG00000139146,1.6217546,1.8637391,GM12878,0.955079,1.0,1
ENSG00000139154,1.0544816,0.854913,GM12878,0.856782,1.0,1
ENSG00000139160,0.58211875,-0.055517327,GM12878,0.9679759,1.0,1
ENSG00000139160,0.5750748,-0.055517327,GM12878,0.96830195,1.0,1
ENSG00000139163,0.93802273,1.4116197,GM12878,0.965129,1.0,1
ENSG00000139163,1.0572295,1.4116197,GM12878,0.9654146,1.0,1
ENSG00000139163,1.1071717,1.4116197,GM12878,0.9627144,1.0,1
ENSG00000139163,1.1052252,1.4116197,GM12878,0.94131684,1.0,1
ENSG00000139163,0.75679266,1.4116197,GM12878,0.92289805,0.0,1
ENSG00000139168,1.0971878,1.447778,GM12878,0.9695291,1.0,1
ENSG00000139173,0.32441717,-0.1426675,GM12878,0.9748199,1.0,1
ENSG00000139173,0.45846838,-0.1426675,GM12878,0.93112224,1.0,1
ENSG00000139173,0.12354684,-0.1426675,GM12878,0.9704927,1.0,1
ENSG00000139174,-0.29147577,-0.17392519,GM12878,0.9592948,1.0,1
ENSG00000139178,1.1207436,0.7185017,GM12878,0.9691144,1.0,1
ENSG00000139180,1.2980422,1.8949803,GM12878,0.9463852,1.0,1
ENSG00000139180,0.9622181,1.8949803,GM12878,0.22478221,0.85535055,1
ENSG00000139182,0.62001705,1.3104808,GM12878,0.8891316,1.0,1
ENSG00000139182,1.005543,1.3104808,GM12878,0.9514272,1.0,1
ENSG00000139182,0.7108076,1.3104808,GM12878,0.43037564,1.0,1
ENSG00000139187,-0.55625474,0.37106785,GM12878,0.98108095,1.0,1
ENSG00000139190,1.1214796,0.8280151,GM12878,0.94437635,1.0,1
ENSG00000139190,1.1448636,0.8280151,GM12878,0.94798946,1.0,1
ENSG00000139190,0.91491634,0.8280151,GM12878,0.9702968,1.0,1
ENSG00000139190,0.79236174,0.8280151,GM12878,0.25306252,1.0,1
ENSG00000139192,0.22418153,-0.36653155,GM12878,0.9724132,1.0,1
ENSG00000139192,0.23024502,-0.36653155,GM12878,0.9648576,1.0,1
ENSG00000139192,0.46734598,-0.36653155,GM12878,0.9740813,1.0,1
ENSG00000139192,0.3057655,-0.36653155,GM12878,0.9630048,1.0,1
ENSG00000139194,0.63258475,0.92737037,GM12878,0.8955022,1.0,1
ENSG00000139197,1.0119793,1.1152776,GM12878,0.46156776,1.0,1
ENSG00000139197,1.211737,1.1152776,GM12878,0.8649226,0.392,1
ENSG00000139218,1.1787208,1.6919651,GM12878,0.9534077,1.0,1
ENSG00000139233,0.80938196,1.177825,GM12878,0.7895048,1.0,1
ENSG00000139263,0.018766908,-0.7695511,GM12878,0.894715,1.0,1
ENSG00000139266,0.61205864,0.8318698,GM12878,0.8770782,1.0,1
ENSG00000139278,-0.45693082,-0.55284196,GM12878,0.98655546,1.0,1
ENSG00000139278,-0.45693082,-0.55284196,GM12878,0.98655546,1.0,1
ENSG00000139278,0.30237293,-0.55284196,GM12878,0.973515,1.0,1
ENSG00000139278,0.30237293,-0.55284196,GM12878,0.973515,1.0,1
ENSG00000139278,0.62749004,-0.55284196,GM12878,0.80904716,1.0,1
ENSG00000139291,1.0099908,1.1619666,GM12878,0.9702057,1.0,1
ENSG00000139291,0.9610204,1.1619666,GM12878,0.9084195,1.0,1
ENSG00000139323,1.2008294,1.0802656,GM12878,0.95521474,1.0,1
ENSG00000139323,1.0313143,1.0802656,GM12878,0.9507737,1.0,1
ENSG00000139323,1.1413013,1.0802656,GM12878,0.27547657,0.16414687,1
ENSG00000139323,1.0694187,1.0802656,GM12878,0.72278947,0.79913604,1
ENSG00000139324,0.78639305,0.69108146,GM12878,0.9040203,1.0,1
ENSG00000139324,0.846726,0.69108146,GM12878,0.95346415,1.0,1
ENSG00000139324,1.0908256,0.69108146,GM12878,0.9168023,1.0,1
ENSG00000139324,0.8982904,0.69108146,GM12878,0.8799288,1.0,1
ENSG00000139324,1.0403756,0.69108146,GM12878,0.86748326,0.53318584,1
ENSG00000139343,1.2266544,1.5625308,GM12878,0.95427155,1.0,1
ENSG00000139350,0.9914401,1.3213912,GM12878,0.93840337,1.0,1
ENSG00000139350,1.007808,1.3213912,GM12878,0.4702296,0.9693356,1
ENSG00000139351,0.37804198,-0.69897,GM12878,0.97851634,1.0,1
ENSG00000139354,0.185014,0.30103,GM12878,0.9809457,1.0,1
ENSG00000139370,0.94623953,1.2070955,GM12878,0.95274085,1.0,1
ENSG00000139370,0.9792926,1.2070955,GM12878,0.9423197,0.65,1
ENSG00000139372,1.3757242,1.6894865,GM12878,0.97273815,1.0,1
ENSG00000139372,1.4590294,1.6894865,GM12878,0.80470556,0.00046189377,1
ENSG00000139372,1.379306,1.6894865,GM12878,0.9436269,0.990389,1
ENSG00000139372,1.5237931,1.6894865,GM12878,0.9008435,0.9840973,1
ENSG00000139405,1.4166758,1.1492192,GM12878,0.9112766,1.0,1
ENSG00000139405,1.415731,1.1492192,GM12878,0.91151994,1.0,1
ENSG00000139405,1.4487715,1.1492192,GM12878,0.66862595,0.99482757,1
ENSG00000139405,1.430103,1.1492192,GM12878,0.6999841,0.96103895,1
ENSG00000139410,0.44285136,0.91592723,GM12878,0.9605045,1.0,1
ENSG00000139428,1.4575225,1.595386,GM12878,0.9723044,1.0,1
ENSG00000139428,0.79922605,1.595386,GM12878,0.7669669,0.9215407,1
ENSG00000139433,0.31884298,0.5976952,GM12878,0.9167686,1.0,1
ENSG00000139433,0.30101672,0.5976952,GM12878,0.8696228,0.093333334,1
ENSG00000139436,1.1307733,1.360404,GM12878,0.9643191,1.0,1
ENSG00000139436,1.1330477,1.360404,GM12878,0.5697591,0.9881188,1
ENSG00000139436,1.3304051,1.360404,GM12878,0.9362347,0.9960396,1
ENSG00000139436,1.1562244,1.360404,GM12878,0.4572632,0.0023640662,1
ENSG00000139436,1.2149781,1.360404,GM12878,0.9325844,0.99527186,1
ENSG00000139437,1.0778065,1.0534626,GM12878,0.9622681,1.0,1
ENSG00000139437,0.79457474,1.0534626,GM12878,0.9715341,1.0,1
ENSG00000139438,-0.34025002,-0.85387194,GM12878,0.993269,1.0,1
ENSG00000139531,1.2749996,1.3984609,GM12878,0.64065206,1.0,1
ENSG00000139531,1.3689219,1.3984609,GM12878,0.567383,0.75310034,1
ENSG00000139531,1.1738279,1.3984609,GM12878,0.33830455,0.41454864,1
ENSG00000139540,-0.16314688,-0.69897,GM12878,0.97984123,1.0,1
ENSG00000139546,1.1451348,1.5749568,GM12878,0.90928155,1.0,1
ENSG00000139546,1.1854714,1.5749568,GM12878,0.5137038,1.0,1
ENSG00000139546,1.2558717,1.5749568,GM12878,0.8685108,1.0,1
ENSG00000139547,-0.6343163,-0.34678748,GM12878,0.9973495,1.0,1
ENSG00000139579,0.97909945,1.6471874,GM12878,0.9140781,1.0,1
ENSG00000139613,1.4063032,1.6319509,GM12878,0.91318315,1.0,1
ENSG00000139613,1.3511612,1.6319509,GM12878,0.40487263,0.9620438,1
ENSG00000139613,1.1422396,1.6319509,GM12878,0.8446106,0.35400516,1
ENSG00000139620,1.5573157,1.6909045,GM12878,0.9345965,1.0,1
ENSG00000139620,1.3442577,1.6909045,GM12878,0.96828294,1.0,1
ENSG00000139620,1.5537007,1.6909045,GM12878,0.96678805,0.92889136,1
ENSG00000139624,1.1171008,1.5384481,GM12878,0.9800307,1.0,1
ENSG00000139624,1.293461,1.5384481,GM12878,0.9670437,1.0,1
ENSG00000139624,0.9430723,1.5384481,GM12878,0.24888095,0.13030832,1
ENSG00000139624,0.98297364,1.5384481,GM12878,0.9615718,0.99424297,1
ENSG00000139624,0.8937406,1.5384481,GM12878,0.48439175,0.871042,1
ENSG00000139624,0.8871162,1.5384481,GM12878,0.9686974,1.0,1
ENSG00000139624,0.81088996,1.5384481,GM12878,0.32899928,0.116637066,1
ENSG00000139625,0.5603808,0.20139712,GM12878,0.8176133,1.0,1
ENSG00000139626,0.0076391585,0.029383779,GM12878,0.88499653,1.0,1
ENSG00000139629,0.45961484,0.7937904,GM12878,0.97873026,1.0,1
ENSG00000139629,0.22388837,0.7937904,GM12878,0.9823445,1.0,1
ENSG00000139629,0.25190783,0.7937904,GM12878,0.9889277,0.89329267,1
ENSG00000139631,1.0573509,1.2622137,GM12878,0.89011955,1.0,1
ENSG00000139636,1.1350499,1.7886633,GM12878,0.8769547,1.0,1
ENSG00000139636,0.975381,1.7886633,GM12878,0.8083416,1.0,1
ENSG00000139636,1.1757164,1.7886633,GM12878,0.7547541,1.0,1
ENSG00000139636,1.4658235,1.7886633,GM12878,0.9266532,1.0,1
ENSG00000139636,1.3388952,1.7886633,GM12878,0.95610344,1.0,1
ENSG00000139636,1.2361629,1.7886633,GM12878,0.8438839,1.0,1
ENSG00000139636,1.3442575,1.7886633,GM12878,0.95613235,0.9653938,1
ENSG00000139636,1.3298335,1.7886633,GM12878,0.9025313,0.3025862,1
ENSG00000139636,1.169422,1.7886633,GM12878,0.47773662,0.056279622,1
ENSG00000139637,0.37962514,0.6117233,GM12878,0.91602063,1.0,1
ENSG00000139637,0.34044066,0.6117233,GM12878,0.9917332,1.0,1
ENSG00000139637,0.31897175,0.6117233,GM12878,0.99120855,0.972973,1
ENSG00000139641,1.6631095,2.1837254,GM12878,0.90238726,1.0,1
ENSG00000139644,1.7170701,2.473487,GM12878,0.92583096,1.0,1
ENSG00000139645,1.0942568,0.92582756,GM12878,0.80490386,1.0,1
ENSG00000139651,1.3967768,1.4324882,GM12878,0.95413315,1.0,1
ENSG00000139697,1.2538927,1.3342526,GM12878,0.97627115,1.0,1
ENSG00000139714,-0.34348214,-0.52287877,GM12878,0.9876402,1.0,1
ENSG00000139714,0.2632072,-0.52287877,GM12878,0.92395645,1.0,1
ENSG00000139718,1.1870075,-0.07572071,GM12878,0.9203941,1.0,1
ENSG00000139719,1.0109888,1.2108533,GM12878,0.96730095,1.0,1
ENSG00000139719,1.1439867,1.2108533,GM12878,0.9204666,0.61228603,1
ENSG00000139722,1.2374998,1.0685569,GM12878,0.8650103,1.0,1
ENSG00000139722,1.5576593,1.0685569,GM12878,0.8583238,1.0,1
ENSG00000139725,0.3777132,0.61278385,GM12878,0.96847445,1.0,1
ENSG00000139725,0.42177388,0.61278385,GM12878,0.9862049,1.0,1
ENSG00000139725,0.3353485,0.61278385,GM12878,0.98291814,1.0,1
ENSG00000139726,1.0765063,1.5540043,GM12878,0.8401794,1.0,1
ENSG00000139726,1.1376843,1.5540043,GM12878,0.7850896,1.0,1
ENSG00000139726,1.3526894,1.5540043,GM12878,0.9659156,1.0,1
ENSG00000142327,0.71818966,0.7909885,GM12878,0.9532117,1.0,1
ENSG00000142330,0.803947,0.95279247,GM12878,0.67833525,1.0,1
ENSG00000142330,0.7724622,0.95279247,GM12878,0.88794094,1.0,1
ENSG00000142330,0.8019283,0.95279247,GM12878,0.9382209,0.09266409,1
ENSG00000142330,0.6089471,0.95279247,GM12878,0.8670221,1.0,1
ENSG00000143727,1.0240183,2.1746702,GM12878,0.9536497,1.0,1
ENSG00000143727,1.046443,2.1746702,GM12878,0.9400041,1.0,1
ENSG00000143727,1.1113961,2.1746702,GM12878,0.9304938,1.0,1
ENSG00000143727,1.2668467,2.1746702,GM12878,0.96796316,1.0,1
ENSG00000143727,1.3151748,2.1746702,GM12878,0.9351463,1.0,1
ENSG00000143727,1.0522981,2.1746702,GM12878,0.85982436,0.32360098,1
ENSG00000143727,1.3361202,2.1746702,GM12878,0.9624513,0.9009593,1
ENSG00000143797,1.1381929,1.9423058,GM12878,0.949277,1.0,1
ENSG00000143870,1.2547635,2.217247,GM12878,0.9763456,1.0,1
ENSG00000143870,1.3547872,2.217247,GM12878,0.74786294,0.0037619076,1
ENSG00000143882,-0.77601427,-0.85387194,GM12878,0.9987367,1.0,1
ENSG00000143882,-0.7697691,-0.85387194,GM12878,0.9986846,1.0,1
ENSG00000143882,-0.6696083,-0.85387194,GM12878,0.99609995,1.0,1
ENSG00000143889,1.471646,1.9645425,GM12878,0.9144342,1.0,1
ENSG00000143889,1.3581626,1.9645425,GM12878,0.9682606,1.0,1
ENSG00000143891,0.94648314,1.5017437,GM12878,0.97480154,1.0,1
ENSG00000143919,0.5823718,0.968483,GM12878,0.9268633,1.0,1
ENSG00000143919,0.52992946,0.968483,GM12878,0.8548245,1.0,1
ENSG00000143924,1.1097496,1.5285311,GM12878,0.85148066,1.0,1
ENSG00000143924,0.8211402,1.5285311,GM12878,0.9467555,0.96640587,1
ENSG00000143933,1.750729,2.332095,GM12878,0.97761506,1.0,1
ENSG00000143933,1.8994511,2.332095,GM12878,0.9237393,1.0,1
ENSG00000143933,1.6051995,2.332095,GM12878,0.9735849,1.0,1
ENSG00000143933,1.6655823,2.332095,GM12878,0.88882756,1.0,1
ENSG00000143933,1.6655823,2.332095,GM12878,0.88882756,1.0,1
ENSG00000143933,1.5092728,2.332095,GM12878,0.8242974,0.003452381,1
ENSG00000143942,1.2723053,0.9614211,GM12878,0.88341004,1.0,1
ENSG00000143951,0.6439332,0.61909336,GM12878,0.784419,1.0,1
ENSG00000143951,0.6480499,0.61909336,GM12878,0.9573159,0.704,1
ENSG00000143951,0.6185823,0.61909336,GM12878,0.9323465,0.18340611,1
ENSG00000143952,1.0646292,1.1970047,GM12878,0.9286936,1.0,1
ENSG00000143952,1.3071804,1.1970047,GM12878,0.9509284,0.16591422,1
ENSG00000143952,1.0891262,1.1970047,GM12878,0.9529123,0.97564274,1
ENSG00000143970,1.5225207,1.1061909,GM12878,0.9500623,1.0,1
ENSG00000143971,0.9661198,0.84323275,GM12878,0.9322138,1.0,1
ENSG00000143971,0.8138476,0.84323275,GM12878,0.884159,1.0,1
ENSG00000143971,0.8673939,0.84323275,GM12878,0.94726974,1.0,1
ENSG00000143971,0.7756401,0.84323275,GM12878,0.96174043,1.0,1
ENSG00000143977,1.822959,2.557411,GM12878,0.97276413,1.0,1
ENSG00000143977,1.6216441,2.557411,GM12878,0.6549763,1.0,1
ENSG00000143977,1.6216441,2.557411,GM12878,0.6549763,1.0,1
ENSG00000143977,1.6216441,2.557411,GM12878,0.6549763,0.9324989,1
ENSG00000143994,0.5193231,-0.61978877,GM12878,0.820742,1.0,1
ENSG00000144021,1.2010714,1.9440383,GM12878,0.9331833,1.0,1
ENSG00000144021,1.3666776,1.9440383,GM12878,0.93592167,1.0,1
ENSG00000144021,1.3576022,1.9440383,GM12878,0.90184695,1.0,1
ENSG00000144021,1.0381997,1.9440383,GM12878,0.78759193,1.0,1
ENSG00000144021,1.2947218,1.9440383,GM12878,0.9174394,1.0,1
ENSG00000144021,1.4091992,1.9440383,GM12878,0.94660956,1.0,1
ENSG00000144021,1.2653097,1.9440383,GM12878,0.85612,0.77730757,1
ENSG00000144026,0.70571536,1.193959,GM12878,0.9747424,1.0,1
ENSG00000144026,0.78295374,1.193959,GM12878,0.9194098,1.0,1
ENSG00000144028,1.4626852,2.183099,GM12878,0.7783775,1.0,1
ENSG00000144028,1.2597378,2.183099,GM12878,0.26166493,0.002232475,1
ENSG00000144034,1.3787352,1.7953933,GM12878,0.97267634,1.0,1
ENSG00000144036,0.28495893,0.15228835,GM12878,0.9793611,1.0,1
ENSG00000144040,1.1051722,1.2046626,GM12878,0.9359643,1.0,1
ENSG00000144040,0.9559915,1.2046626,GM12878,0.95545757,0.034210525,1
ENSG00000144040,0.87442625,1.2046626,GM12878,0.8725937,0.778022,1
ENSG00000144040,0.8854628,1.2046626,GM12878,0.685242,0.9750567,1
ENSG00000144040,1.011712,1.2046626,GM12878,0.3955694,0.025761124,1
ENSG00000144043,1.0001664,1.7659664,GM12878,0.9534969,1.0,1
ENSG00000144043,1.036022,1.7659664,GM12878,0.8560731,1.0,1
ENSG00000144043,1.036022,1.7659664,GM12878,0.8560731,1.0,1
ENSG00000144043,0.98343927,1.7659664,GM12878,0.94311893,0.9393325,1
ENSG00000144048,1.1953702,1.3271545,GM12878,0.91587657,1.0,1
ENSG00000144118,0.84119606,1.66483,GM12878,0.9592507,1.0,1
ENSG00000144130,-0.047703985,0.61278385,GM12878,0.8554229,1.0,1
ENSG00000144130,-0.21888614,0.61278385,GM12878,0.9493584,1.0,1
ENSG00000144130,-0.109452754,0.61278385,GM12878,0.9616397,1.0,1
ENSG00000144130,-0.24007234,0.61278385,GM12878,0.95113766,1.0,1
ENSG00000144134,0.5300199,0.6434527,GM12878,0.9698239,1.0,1
ENSG00000144136,1.5200865,1.9937888,GM12878,0.7480766,1.0,1
ENSG00000144161,1.3240821,0.9278834,GM12878,0.9578932,1.0,1
ENSG00000144182,1.0537211,1.0867157,GM12878,0.32533008,0.17594936,1
ENSG00000144199,-0.22339784,1.2281436,GM12878,0.98017913,1.0,1
ENSG00000144224,1.3562732,1.9483151,GM12878,0.9729705,1.0,1
ENSG00000144224,1.1979188,1.9483151,GM12878,0.9508385,1.0,1
ENSG00000144224,1.2300136,1.9483151,GM12878,0.9510068,0.51618737,1
ENSG00000144228,0.95368326,0.6560982,GM12878,0.95208156,1.0,1
ENSG00000144231,1.446861,1.61878,GM12878,0.97105664,1.0,1
ENSG00000144231,1.3553659,1.61878,GM12878,0.9606329,0.44040555,1
ENSG00000144231,1.446861,1.61878,GM12878,0.97105664,0.95606256,1
ENSG00000144233,0.9381334,0.8247765,GM12878,0.7556728,1.0,1
ENSG00000144283,1.1964402,1.7081659,GM12878,0.93888783,1.0,1
ENSG00000144283,1.1519183,1.7081659,GM12878,0.89969814,0.7247088,1
ENSG00000144283,0.9724192,1.7081659,GM12878,0.9326744,0.74196076,1
ENSG00000144306,0.87045074,1.0881361,GM12878,0.95982504,1.0,1
ENSG00000144306,0.58909285,1.0881361,GM12878,0.9200541,1.0,1
ENSG00000144306,0.7743393,1.0881361,GM12878,0.9684045,0.9485646,1
ENSG00000144320,1.0878056,1.4331295,GM12878,0.9770905,1.0,1
ENSG00000144320,0.9236796,1.4331295,GM12878,0.3611032,0.04285049,1
ENSG00000144354,1.5246466,1.980912,GM12878,0.96315056,1.0,1
ENSG00000144354,1.4467489,1.980912,GM12878,0.9583996,0.9986503,1
ENSG00000144354,1.5068524,1.980912,GM12878,0.9329986,0.12868,1
ENSG00000144354,1.59996,1.980912,GM12878,0.9317973,0.0,1
ENSG00000144354,1.3898529,1.980912,GM12878,0.9640077,0.9874893,1
ENSG00000144381,1.4734504,2.5907862,GM12878,0.9297105,1.0,1
ENSG00000144395,0.906203,1.2084414,GM12878,0.9337722,1.0,1
ENSG00000144401,0.95920974,1.4247184,GM12878,0.8657342,1.0,1
ENSG00000144445,0.5324801,0.6803355,GM12878,0.94551253,1.0,1
ENSG00000144445,1.0487196,0.6803355,GM12878,0.93806326,1.0,1
ENSG00000144468,1.4805812,1.3993275,GM12878,0.9681227,1.0,1
ENSG00000144468,1.1715702,1.3993275,GM12878,0.96455985,1.0,1
ENSG00000144468,0.8452998,1.3993275,GM12878,0.88731474,1.0,1
ENSG00000144468,0.8452998,1.3993275,GM12878,0.88731474,1.0,1
ENSG00000144468,1.2065271,1.3993275,GM12878,0.9443264,1.0,1
ENSG00000144485,0.82294923,1.5031095,GM12878,0.90933806,1.0,1
ENSG00000144485,1.0476937,1.5031095,GM12878,0.9032174,0.993865,1
ENSG00000144488,-0.12618047,-0.82390875,GM12878,0.9456467,1.0,1
ENSG00000144504,0.8757171,1.1122698,GM12878,0.94133085,1.0,1
ENSG00000144504,1.1050963,1.1122698,GM12878,0.87312704,0.09848485,1
ENSG00000144504,0.95437104,1.1122698,GM12878,0.90959567,0.84090906,1
ENSG00000144524,0.9694554,1.6443402,GM12878,0.645203,1.0,1
ENSG00000144524,0.77906233,1.6443402,GM12878,0.9033756,1.0,1
ENSG00000144524,1.2059335,1.6443402,GM12878,0.9587865,0.95001966,1
ENSG00000144524,1.2383616,1.6443402,GM12878,0.9477142,0.041322313,1
ENSG00000144524,1.1998585,1.6443402,GM12878,0.939943,0.0011231748,1
ENSG00000144535,0.9659427,0.57054293,GM12878,0.9650424,1.0,1
ENSG00000144567,1.0545335,1.5022905,GM12878,0.7334301,1.0,1
ENSG00000144567,1.2867557,1.5022905,GM12878,0.8097707,1.0,1
ENSG00000144567,1.5673882,1.5022905,GM12878,0.90217274,1.0,1
ENSG00000144579,1.3190283,1.6488477,GM12878,0.9440762,1.0,1
ENSG00000144580,1.3416411,1.7729814,GM12878,0.96219647,1.0,1
ENSG00000144580,1.3574402,1.7729814,GM12878,0.52613395,0.023099652,1
ENSG00000144589,0.78708786,0.88479537,GM12878,0.9227009,1.0,1
ENSG00000144591,1.1756002,1.9159799,GM12878,0.7369963,1.0,1
ENSG00000149948,-0.7834309,-0.36653155,GM12878,0.9973628,1.0,1
ENSG00000150938,-0.70716727,-0.5850267,GM12878,0.99478877,1.0,1
ENSG00000150938,-0.6224499,-0.5850267,GM12878,0.9940942,1.0,1
ENSG00000150967,0.3357399,0.71349055,GM12878,0.94079787,0.6142857,1
ENSG00000150977,1.005928,0.53147894,GM12878,0.95173085,1.0,1
ENSG00000150977,1.0080858,0.53147894,GM12878,0.94664794,1.0,1
ENSG00000150990,1.1365467,0.8744818,GM12878,0.9756363,1.0,1
ENSG00000151065,0.67594755,0.74272513,GM12878,0.9429861,1.0,1
ENSG00000151065,0.934651,0.74272513,GM12878,0.9611466,1.0,1
ENSG00000151065,0.7934514,0.74272513,GM12878,0.77315384,1.0,1
ENSG00000151131,0.9459585,1.133539,GM12878,0.9267608,1.0,1
ENSG00000151131,1.1893325,1.133539,GM12878,0.95962214,1.0,1
ENSG00000151135,1.2651665,1.4671639,GM12878,0.63479364,1.0,1
ENSG00000151135,0.9874998,1.4671639,GM12878,0.9798282,1.0,1
ENSG00000151135,0.9874998,1.4671639,GM12878,0.9798282,1.0,1
ENSG00000151135,0.9874998,1.4671639,GM12878,0.9798282,1.0,1
ENSG00000151135,1.2651665,1.4671639,GM12878,0.63479364,0.3417466,1
ENSG00000151135,1.1127981,1.4671639,GM12878,0.25213736,0.17813383,1
ENSG00000151135,1.0657519,1.4671639,GM12878,0.29053745,0.058315333,1
ENSG00000151148,1.3444332,1.3106933,GM12878,0.961055,1.0,1
ENSG00000151148,1.0341451,1.3106933,GM12878,0.89903307,0.9882507,1
ENSG00000151164,0.7365892,-0.45593196,GM12878,0.91978997,1.0,1
ENSG00000151164,0.59516615,-0.45593196,GM12878,0.95459473,1.0,1
ENSG00000151176,0.9180997,0.71933126,GM12878,0.9715949,1.0,1
ENSG00000151176,1.0125031,0.71933126,GM12878,0.8839562,1.0,1
ENSG00000151176,0.8965533,0.71933126,GM12878,0.96369994,0.9662162,1
ENSG00000151229,0.88589966,0.770852,GM12878,0.89780855,1.0,1
ENSG00000151229,0.9107356,0.770852,GM12878,0.956065,1.0,1
ENSG00000151233,0.62723476,0.7671559,GM12878,0.9542634,1.0,1
ENSG00000151233,0.7370745,0.7671559,GM12878,0.9704955,1.0,1
ENSG00000151233,0.5965372,0.7671559,GM12878,0.94452447,0.7147826,1
ENSG00000151239,1.2481071,1.2177471,GM12878,0.94723994,1.0,1
ENSG00000151239,0.9220639,1.2177471,GM12878,0.9156674,1.0,1
ENSG00000151239,0.9690618,1.2177471,GM12878,0.73351204,0.0,1
ENSG00000151239,0.9908554,1.2177471,GM12878,0.5697817,0.057666216,1
ENSG00000151353,1.4875643,1.2979792,GM12878,0.9673917,1.0,1
ENSG00000151665,0.6944436,1.7770642,GM12878,0.86119276,1.0,1
ENSG00000151665,1.0457244,1.7770642,GM12878,0.87541956,0.7399518,1
ENSG00000151687,-0.093175784,-0.31875876,GM12878,0.98332584,1.0,1
ENSG00000151689,0.013959082,0.7075702,GM12878,0.97270435,1.0,1
ENSG00000151690,0.7376163,0.61700034,GM12878,0.96785575,1.0,1
ENSG00000151692,0.55821985,0.9132839,GM12878,0.91645986,1.0,1
ENSG00000151694,1.3743128,0.98677176,GM12878,0.9406032,1.0,1
ENSG00000151694,1.4190083,0.98677176,GM12878,0.9650887,1.0,1
ENSG00000151694,1.4106659,0.98677176,GM12878,0.7399657,1.0,1
ENSG00000151694,1.3959669,0.98677176,GM12878,0.95516795,1.0,1
ENSG00000151743,0.8929647,1.3163898,GM12878,0.8932932,1.0,1
ENSG00000151743,1.5191004,1.3163898,GM12878,0.89046097,1.0,1
ENSG00000151743,0.80571645,1.3163898,GM12878,0.96044993,1.0,1
ENSG00000151743,0.80571645,1.3163898,GM12878,0.96044993,1.0,1
ENSG00000151743,1.2137372,1.3163898,GM12878,0.6700046,1.0,1
ENSG00000151743,0.79100543,1.3163898,GM12878,0.7784803,1.0,1
ENSG00000151743,0.7665931,1.3163898,GM12878,0.9589771,0.88271606,1
ENSG00000151743,0.7665931,1.3163898,GM12878,0.9589771,0.36334196,1
ENSG00000151746,0.7928024,0.9804579,GM12878,0.9295832,1.0,1
ENSG00000151746,0.66415894,0.9804579,GM12878,0.9737707,1.0,1
ENSG00000151746,0.62590355,0.9804579,GM12878,0.96570176,1.0,1
ENSG00000151746,0.660997,0.9804579,GM12878,0.93567324,1.0,1
ENSG00000151746,0.72655034,0.9804579,GM12878,0.95544374,1.0,1
ENSG00000151746,0.7570687,0.9804579,GM12878,0.9398613,1.0,1
ENSG00000151746,0.9023244,0.9804579,GM12878,0.9298113,1.0,1
ENSG00000151746,0.46172094,0.9804579,GM12878,0.9423763,1.0,1
ENSG00000151779,1.2794721,1.6458151,GM12878,0.96407896,1.0,1
ENSG00000151779,1.3141736,1.6458151,GM12878,0.9709208,1.0,1
ENSG00000151779,1.589304,1.6458151,GM12878,0.97532016,1.0,1
ENSG00000151779,1.5208837,1.6458151,GM12878,0.9393291,1.0,1
ENSG00000151779,1.2643304,1.6458151,GM12878,0.94325966,0.93941844,1
ENSG00000151779,1.1381025,1.6458151,GM12878,0.9636096,0.7257094,1
ENSG00000151779,1.5699638,1.6458151,GM12878,0.94176483,0.0,1
ENSG00000152056,-0.050757155,-0.30980393,GM12878,0.9716337,1.0,1
ENSG00000152076,-0.10875248,0.14921911,GM12878,0.9686688,1.0,1
ENSG00000152082,1.1119386,2.0530784,GM12878,0.83322,1.0,1
ENSG00000152082,1.1454929,2.0530784,GM12878,0.79792714,0.45897877,1
ENSG00000152102,1.139263,1.6353832,GM12878,0.72049457,1.0,1
ENSG00000152127,0.5659495,0.8254261,GM12878,0.7303436,1.0,1
ENSG00000152128,-0.6608292,-0.24412514,GM12878,0.9950176,1.0,1
ENSG00000152128,-0.6873451,-0.24412514,GM12878,0.99486613,1.0,1
ENSG00000152133,1.0028362,1.0899051,GM12878,0.97543496,1.0,1
ENSG00000152133,1.243146,1.0899051,GM12878,0.9503109,1.0,1
ENSG00000152147,0.70653397,1.2643455,GM12878,0.51342255,0.0,1
ENSG00000152147,0.7223872,1.2643455,GM12878,0.42081213,0.8342451,1
ENSG00000152253,1.3052845,1.7322329,GM12878,0.97408676,1.0,1
ENSG00000152253,1.1599879,1.7322329,GM12878,0.9707409,1.0,1
ENSG00000152253,1.1208497,1.7322329,GM12878,0.97465354,1.0,1
ENSG00000152253,1.0585793,1.7322329,GM12878,0.9105005,1.0,1
ENSG00000152253,1.0387541,1.7322329,GM12878,0.9185571,1.0,1
ENSG00000152256,1.1915157,2.1176689,GM12878,0.9775353,1.0,1
ENSG00000152256,1.3692746,2.1176689,GM12878,0.9264181,0.22713213,1
ENSG00000152284,-0.46088147,-0.9586073,GM12878,0.9942027,1.0,1
ENSG00000152291,1.4988865,1.5982432,GM12878,0.95886177,1.0,1
ENSG00000152291,1.4988865,1.5982432,GM12878,0.95886177,1.0,1
ENSG00000152291,1.2454913,1.5982432,GM12878,0.8750496,1.0,1
ENSG00000152291,1.2502062,1.5982432,GM12878,0.8849184,1.0,1
ENSG00000152291,1.2620239,1.5982432,GM12878,0.91733825,1.0,1
ENSG00000152292,0.96872306,-0.38721615,GM12878,0.89433986,1.0,1
ENSG00000152556,0.7570084,1.4168068,GM12878,0.9001734,0.00097276265,1
ENSG00000152683,1.4855206,1.4912215,GM12878,0.9556565,1.0,1
ENSG00000152683,1.4520509,1.4912215,GM12878,0.95458037,0.9926271,1
ENSG00000152683,1.1929421,1.4912215,GM12878,0.9602309,0.977828,1
ENSG00000152683,1.1344912,1.4912215,GM12878,0.24834281,0.14517406,1
ENSG00000152683,1.4946856,1.4912215,GM12878,0.92873967,0.09057301,1
ENSG00000152683,1.4277569,1.4912215,GM12878,0.94695,0.8370861,1
ENSG00000152683,1.2507476,1.4912215,GM12878,0.9522228,0.9651352,1
ENSG00000152689,0.23581555,0.033423755,GM12878,0.7724231,1.0,1
ENSG00000152944,1.2318063,1.6620018,GM12878,0.9764688,1.0,1
ENSG00000152944,0.93378663,1.6620018,GM12878,0.9724151,0.95557076,1
ENSG00000153093,-0.582817,-0.28399664,GM12878,0.9974564,1.0,1
ENSG00000153094,1.0917422,0.5899496,GM12878,0.92487407,1.0,1
ENSG00000153094,1.0543615,0.5899496,GM12878,0.8244595,1.0,1
ENSG00000153107,1.1796649,1.7555699,GM12878,0.5552528,1.0,1
ENSG00000153107,1.0253631,1.7555699,GM12878,0.97083855,1.0,1
ENSG00000153165,0.36636493,-0.92081875,GM12878,0.9630629,1.0,1
ENSG00000153165,0.2712197,-0.92081875,GM12878,0.96558774,1.0,1
ENSG00000153165,0.14037675,-0.92081875,GM12878,0.953743,1.0,1
ENSG00000153179,1.2357888,1.2857822,GM12878,0.97622174,1.0,1
ENSG00000153179,1.0544393,1.2857822,GM12878,0.9658403,1.0,1
ENSG00000153179,1.059952,1.2857822,GM12878,0.6792931,0.98282146,1
ENSG00000153201,0.7663552,1.3047059,GM12878,0.9515951,1.0,1
ENSG00000153208,0.15652509,0.25042,GM12878,0.9814379,1.0,1
ENSG00000153214,1.0259068,1.0606978,GM12878,0.9719359,1.0,1
ENSG00000153214,0.97575736,1.0606978,GM12878,0.93625164,0.96893203,1
ENSG00000153561,0.60826737,1.3207692,GM12878,0.9686335,1.0,1
ENSG00000153574,1.1703924,1.2753114,GM12878,0.80231625,1.0,1
ENSG00000153827,1.425543,1.7670816,GM12878,0.95073706,1.0,1
ENSG00000153827,1.5739771,1.7670816,GM12878,0.8928229,1.0,1
ENSG00000153827,1.4753284,1.7670816,GM12878,0.9359715,1.0,1
ENSG00000153827,1.6337682,1.7670816,GM12878,0.83356166,0.328232,1
ENSG00000153832,0.6933294,-0.013228266,GM12878,0.9521772,1.0,1
ENSG00000154252,-0.3557192,-0.88605666,GM12878,0.9798937,1.0,1
ENSG00000154252,-0.19776595,-0.88605666,GM12878,0.97999144,1.0,1
ENSG00000154518,1.5641806,3.2507079,GM12878,0.58583355,1.0,1
ENSG00000155368,1.0308408,2.0240338,GM12878,0.9099825,1.0,1
ENSG00000155368,1.1293157,2.0240338,GM12878,0.8897105,0.00058468134,1
ENSG00000155368,1.125131,2.0240338,GM12878,0.90457296,0.004561778,1
ENSG00000155368,1.1256821,2.0240338,GM12878,0.90454,0.0,1
ENSG00000155438,1.0965056,1.6143699,GM12878,0.9686968,1.0,1
ENSG00000155636,1.1762363,1.0845762,GM12878,0.9794048,1.0,1
ENSG00000155729,1.0061133,0.36921585,GM12878,0.96163285,1.0,1
ENSG00000155744,1.5774329,1.0334238,GM12878,0.9749381,1.0,1
ENSG00000155744,1.5389148,1.0334238,GM12878,0.96413267,1.0,1
ENSG00000155744,1.4388076,1.0334238,GM12878,0.9723312,1.0,1
ENSG00000155744,1.2092857,1.0334238,GM12878,0.94475776,0.24071322,1
ENSG00000155744,1.3124306,1.0334238,GM12878,0.6502783,0.24071322,1
ENSG00000155749,-0.5143827,-0.56863624,GM12878,0.9901204,1.0,1
ENSG00000155755,0.6585799,1.154424,GM12878,0.9372399,1.0,1
ENSG00000155755,0.67664415,1.154424,GM12878,0.8899828,1.0,1
ENSG00000155755,0.70802575,1.154424,GM12878,0.9673526,1.0,1
ENSG00000155755,0.5437567,1.154424,GM12878,0.960496,1.0,1
ENSG00000155755,0.7475023,1.154424,GM12878,0.8827844,1.0,1
ENSG00000155755,0.3311664,1.154424,GM12878,0.6285729,1.0,1
ENSG00000155957,1.1643409,1.6821451,GM12878,0.87448096,1.0,1
ENSG00000155957,0.85930485,1.6821451,GM12878,0.52124494,0.98955226,1
ENSG00000155957,0.7987817,1.6821451,GM12878,0.89339185,0.9916418,1
ENSG00000155980,0.9436793,1.1464381,GM12878,0.96834373,1.0,1
ENSG00000155980,1.2330796,1.1464381,GM12878,0.8692731,1.0,1
ENSG00000156973,0.6268416,0.99782306,GM12878,0.94766015,1.0,1
ENSG00000157827,0.030826328,-0.60206,GM12878,0.9665896,1.0,1
ENSG00000157827,0.0777618,-0.60206,GM12878,0.943233,1.0,1
ENSG00000157833,0.42002976,0.587711,GM12878,0.9384642,1.0,1
ENSG00000157833,0.2214332,0.587711,GM12878,0.9553698,1.0,1
ENSG00000157833,0.40115544,0.587711,GM12878,0.97711277,1.0,1
ENSG00000157837,1.194311,0.7535831,GM12878,0.97534674,1.0,1
ENSG00000157895,0.9834061,0.9116902,GM12878,0.6508827,1.0,1
ENSG00000157895,1.2932044,0.9116902,GM12878,0.9512195,1.0,1
ENSG00000157895,1.0058775,0.9116902,GM12878,0.31441313,0.11241218,1
ENSG00000157992,0.081774116,0.1271048,GM12878,0.86845297,1.0,1
ENSG00000158019,0.4095323,1.2789822,GM12878,0.9525567,1.0,1
ENSG00000158019,0.36268154,1.2789822,GM12878,0.9260598,1.0,1
ENSG00000158019,0.5775532,1.2789822,GM12878,0.82454693,0.08649553,1
ENSG00000158019,0.21344045,1.2789822,GM12878,0.9131096,0.070913464,1
ENSG00000158019,0.460756,1.2789822,GM12878,0.94885,0.0686747,1
ENSG00000158023,0.6481659,1.2177471,GM12878,0.97706383,1.0,1
ENSG00000158023,0.6481659,1.2177471,GM12878,0.97706383,1.0,1
ENSG00000158023,-0.5408044,1.2177471,GM12878,0.9946879,1.0,1
ENSG00000158050,-0.55070746,-0.92081875,GM12878,0.9912998,1.0,1
ENSG00000158050,-0.4985379,-0.92081875,GM12878,0.98772275,1.0,1
ENSG00000158104,-0.40293813,-0.88605666,GM12878,0.97942746,1.0,1
ENSG00000158158,0.51433444,0.5998831,GM12878,0.9731511,1.0,1
ENSG00000158158,0.82012993,0.5998831,GM12878,0.86399174,1.0,1
ENSG00000158411,0.9281295,1.3226327,GM12878,0.9663529,1.0,1
ENSG00000158417,1.3330482,1.408918,GM12878,0.8849109,1.0,1
ENSG00000158435,0.9991726,1.876968,GM12878,0.970228,1.0,1
ENSG00000158552,1.2007668,1.3527611,GM12878,0.86817515,1.0,1
ENSG00000159335,1.1271446,1.7976829,GM12878,0.94494283,1.0,1
ENSG00000159335,0.92383146,1.7976829,GM12878,0.94306314,1.0,1
ENSG00000159374,-0.24570993,-0.82390875,GM12878,0.9816024,1.0,1
ENSG00000159374,-0.36423185,-0.82390875,GM12878,0.9838897,1.0,1
ENSG00000159399,1.1253742,1.5694909,GM12878,0.96410966,1.0,1
ENSG00000159403,-0.5007454,-0.27572414,GM12878,0.9958683,1.0,1
ENSG00000159403,-0.46248615,-0.27572414,GM12878,0.9947226,1.0,1
ENSG00000159403,-0.39699572,-0.27572414,GM12878,0.99024814,1.0,1
ENSG00000161638,1.3056018,1.8184239,GM12878,0.95889753,1.0,1
ENSG00000161642,0.8022254,0.97034687,GM12878,0.8643902,1.0,1
ENSG00000161642,0.8022254,0.97034687,GM12878,0.8643902,1.0,1
ENSG00000161642,0.77502763,0.97034687,GM12878,0.39219293,0.9419355,1
ENSG00000161791,0.5392217,0.7489629,GM12878,0.9397264,1.0,1
ENSG00000161791,0.58007467,0.7489629,GM12878,0.91752195,0.27094972,1
ENSG00000161813,0.93455344,1.5618167,GM12878,0.74475294,1.0,1
ENSG00000161813,1.1927971,1.5618167,GM12878,0.9266141,0.19802445,1
ENSG00000161813,1.2136593,1.5618167,GM12878,0.93146384,0.9883408,1
ENSG00000161813,1.388204,1.5618167,GM12878,0.9617483,0.96921074,1
ENSG00000161835,-0.21969154,-0.08618615,GM12878,0.9831251,1.0,1
ENSG00000161835,-0.16073483,-0.08618615,GM12878,0.9061103,1.0,1
ENSG00000161835,-0.22747454,-0.08618615,GM12878,0.9687479,1.0,1
ENSG00000162869,0.991453,1.0762763,GM12878,0.95033455,1.0,1
ENSG00000162869,0.80572456,1.0762763,GM12878,0.92810166,0.9591837,1
ENSG00000162869,0.9140867,1.0762763,GM12878,0.72607076,0.9138322,1
ENSG00000162878,-0.18483245,1.1743506,GM12878,0.9909547,1.0,1
ENSG00000162878,-0.13202839,1.1743506,GM12878,0.9898526,1.0,1
ENSG00000162878,-0.14165545,1.1743506,GM12878,0.97934955,1.0,1
ENSG00000162878,-0.17170528,1.1743506,GM12878,0.9867928,1.0,1
ENSG00000162878,-0.20401835,1.1743506,GM12878,0.9849319,1.0,1
ENSG00000162924,1.232577,0.6963564,GM12878,0.9622883,1.0,1
ENSG00000162924,0.89259815,0.6963564,GM12878,0.66730124,0.5,1
ENSG00000162927,1.1341077,0.85064626,GM12878,0.9348452,1.0,1
ENSG00000162928,1.2258251,1.3279716,GM12878,0.68768513,1.0,1
ENSG00000162929,0.8719656,0.7331973,GM12878,0.95116484,1.0,1
ENSG00000162929,0.7715338,0.7331973,GM12878,0.69355506,0.6365915,1
ENSG00000162929,0.9605163,0.7331973,GM12878,0.92840654,0.97243106,1
ENSG00000162959,0.96571946,1.6905504,GM12878,0.92745787,0.9353838,1
ENSG00000162959,0.70255256,1.6905504,GM12878,0.93271405,0.98249197,1
ENSG00000162961,0.9502481,2.0017338,GM12878,0.86649776,1.0,1
ENSG00000162971,1.4917581,0.61384183,GM12878,0.9553707,1.0,1
ENSG00000162971,1.3507495,0.61384183,GM12878,0.9433821,1.0,1
ENSG00000162971,1.2808554,0.61384183,GM12878,0.9585661,0.52492666,1
ENSG00000162971,1.3616269,0.61384183,GM12878,0.9471966,0.49720672,1
ENSG00000162971,1.379342,0.61384183,GM12878,0.941294,0.64285713,1
ENSG00000162972,1.2263318,1.2219356,GM12878,0.7556768,1.0,1
ENSG00000162972,0.90196884,1.2219356,GM12878,0.9221639,1.0,1
ENSG00000162972,1.1766278,1.2219356,GM12878,0.97397286,1.0,1
ENSG00000162972,1.3130691,1.2219356,GM12878,0.9725882,1.0,1
ENSG00000162976,0.52019787,1.3743817,GM12878,0.963718,1.0,1
ENSG00000162976,0.47595873,1.3743817,GM12878,0.8896773,1.0,1
ENSG00000162976,0.5531776,1.3743817,GM12878,0.7797404,1.0,1
ENSG00000162976,0.4262579,1.3743817,GM12878,0.8990479,0.94198626,1
ENSG00000162976,0.4810577,1.3743817,GM12878,0.9505521,0.5866503,1
ENSG00000162980,1.2477753,1.7244397,GM12878,0.97241837,1.0,1
ENSG00000162994,0.9057763,0.98677176,GM12878,0.94314927,1.0,1
ENSG00000162994,0.9231451,0.98677176,GM12878,0.95281434,1.0,1
ENSG00000162998,-0.77397853,-0.82390875,GM12878,0.9978064,1.0,1
ENSG00000162999,0.9757897,0.65513843,GM12878,0.90832,1.0,1
ENSG00000162999,0.9757897,0.65513843,GM12878,0.90832,1.0,1
ENSG00000163001,0.8967261,1.512017,GM12878,0.8916403,1.0,1
ENSG00000163001,0.9818333,1.512017,GM12878,0.6715151,0.56860745,1
ENSG00000163002,1.3472908,1.5519377,GM12878,0.9755646,1.0,1
ENSG00000163002,1.6035925,1.5519377,GM12878,0.9608462,0.874599,1
ENSG00000163006,0.9877729,1.0874264,GM12878,0.97235096,1.0,1
ENSG00000163006,0.69590276,1.0874264,GM12878,0.94359314,0.73622507,1
ENSG00000163013,0.5942705,0.67209786,GM12878,0.93971485,1.0,1
ENSG00000163026,0.975699,1.4896773,GM12878,0.8717184,1.0,1
ENSG00000163026,0.975699,1.4896773,GM12878,0.8717184,1.0,1
ENSG00000163026,1.1484905,1.4896773,GM12878,0.9206194,0.93406147,1
ENSG00000163029,1.44899,1.507451,GM12878,0.9667964,1.0,1
ENSG00000163029,1.2588574,1.507451,GM12878,0.5063242,0.056740616,1
ENSG00000163029,1.3381841,1.507451,GM12878,0.730573,0.17406143,1
ENSG00000163040,0.33255,1.3062105,GM12878,0.9083115,1.0,1
ENSG00000163040,0.5683922,1.3062105,GM12878,0.9314015,1.0,1
ENSG00000163040,0.67616594,1.3062105,GM12878,0.9621165,1.0,1
ENSG00000163040,0.7688585,1.3062105,GM12878,0.79203624,0.9887937,1
ENSG00000163053,-0.7197407,-0.9586073,GM12878,0.9925639,1.0,1
ENSG00000163082,-0.58585083,-0.9586073,GM12878,0.9918143,1.0,1
ENSG00000163082,-0.63599366,-0.9586073,GM12878,0.99388486,1.0,1
ENSG00000163093,0.5694186,0.36921585,GM12878,0.9647131,1.0,1
ENSG00000163093,0.6701017,0.36921585,GM12878,0.9304046,0.5,1
ENSG00000163126,1.0925431,0.70243055,GM12878,0.88904303,1.0,1
ENSG00000163126,0.90225923,0.70243055,GM12878,0.90327233,0.8079096,1
ENSG00000163161,1.123833,1.6307329,GM12878,0.9265617,1.0,1
ENSG00000163162,1.0596901,1.3396502,GM12878,0.9485386,1.0,1
ENSG00000163162,1.1884027,1.3396502,GM12878,0.942446,1.0,1
ENSG00000163166,1.6695911,1.5113485,GM12878,0.9723971,1.0,1
ENSG00000163166,1.6356039,1.5113485,GM12878,0.89103407,1.0,1
ENSG00000163166,1.5982006,1.5113485,GM12878,0.9761391,0.97981983,1
ENSG00000163170,1.1324658,2.0399294,GM12878,0.47185734,1.0,1
ENSG00000163170,1.1324658,2.0399294,GM12878,0.47185734,1.0,1
ENSG00000163170,1.4672341,2.0399294,GM12878,0.9530044,0.5649986,1
ENSG00000163219,0.06318395,0.80821097,GM12878,0.97100013,1.0,1
ENSG00000163249,1.1346196,0.7126497,GM12878,0.9072718,1.0,1
ENSG00000163249,0.97716826,0.7126497,GM12878,0.9394255,1.0,1
ENSG00000163249,0.8032964,0.7126497,GM12878,0.9676284,1.0,1
ENSG00000163249,0.7463788,0.7126497,GM12878,0.9598255,1.0,1
ENSG00000163249,1.0214939,0.7126497,GM12878,0.96889013,1.0,1
ENSG00000163328,0.25870952,-0.32790214,GM12878,0.9612573,1.0,1
ENSG00000163328,0.10535827,-0.32790214,GM12878,0.9547907,1.0,1
ENSG00000163328,0.18123087,-0.32790214,GM12878,0.90598184,1.0,1
ENSG00000163328,0.1324331,-0.32790214,GM12878,0.96589166,1.0,1
ENSG00000163328,0.021973489,-0.32790214,GM12878,0.9828263,1.0,1
ENSG00000163328,-0.004820915,-0.32790214,GM12878,0.9866528,1.0,1
ENSG00000163466,1.151695,2.156731,GM12878,0.4985348,1.0,1
ENSG00000163466,1.1743871,2.156731,GM12878,0.95608747,1.0,1
ENSG00000163466,1.3793093,2.156731,GM12878,0.9102326,1.0,1
ENSG00000163466,1.3370744,2.156731,GM12878,0.9750387,0.0,1
ENSG00000163481,1.3207891,1.577032,GM12878,0.9253603,1.0,1
ENSG00000163482,0.7744776,1.1376705,GM12878,0.96758336,1.0,1
ENSG00000163510,1.538591,0.96754795,GM12878,0.7932493,1.0,1
ENSG00000163510,1.5736295,0.96754795,GM12878,0.9658906,1.0,1
ENSG00000163510,1.5210663,0.96754795,GM12878,0.96057516,1.0,1
ENSG00000163510,1.5329387,0.96754795,GM12878,0.96762097,1.0,1
ENSG00000163516,1.3900218,1.7165042,GM12878,0.96851045,1.0,1
ENSG00000163516,1.3108033,1.7165042,GM12878,0.91829836,1.0,1
ENSG00000163516,1.3517201,1.7165042,GM12878,0.96718967,1.0,1
ENSG00000163521,0.4056092,0.2966652,GM12878,0.97996795,1.0,1
ENSG00000163521,0.15776081,0.2966652,GM12878,0.9656407,0.36,1
ENSG00000163535,1.247464,1.2260841,GM12878,0.95323616,1.0,1
ENSG00000163535,1.0650845,1.2260841,GM12878,0.9506778,1.0,1
ENSG00000163541,1.4511352,1.836514,GM12878,0.96377635,1.0,1
ENSG00000163596,0.62786895,0.07188201,GM12878,0.9402179,1.0,1
ENSG00000163596,0.5384684,0.07188201,GM12878,0.97269225,1.0,1
ENSG00000163596,0.44222915,0.07188201,GM12878,0.9571985,1.0,1
ENSG00000163795,1.3456392,0.64933485,GM12878,0.6958377,1.0,1
ENSG00000163795,1.436953,0.64933485,GM12878,0.74669236,1.0,1
ENSG00000163798,1.6286373,1.095518,GM12878,0.9435475,1.0,1
ENSG00000163806,-0.23030798,-0.7695511,GM12878,0.98189247,1.0,1
ENSG00000163811,1.3848437,2.130623,GM12878,0.97191226,1.0,1
ENSG00000163811,1.4487941,2.130623,GM12878,0.949374,1.0,1
ENSG00000163811,1.3099658,2.130623,GM12878,0.9749853,1.0,1
ENSG00000163811,1.3152406,2.130623,GM12878,0.90541387,1.0,1
ENSG00000165714,0.76864177,0.7474118,GM12878,0.9600941,1.0,1
ENSG00000165714,1.3634915,0.7474118,GM12878,0.9421962,0.9166667,1
ENSG00000165891,1.0349958,0.7737864,GM12878,0.9600072,1.0,1
ENSG00000165891,0.89033586,0.7737864,GM12878,0.95311844,1.0,1
ENSG00000166046,0.7045749,0.5237465,GM12878,0.9453953,1.0,1
ENSG00000166130,1.1549733,1.0523092,GM12878,0.9638396,1.0,1
ENSG00000166130,1.1549733,1.0523092,GM12878,0.9638396,0.17520216,1
ENSG00000166153,1.030366,0.76937735,GM12878,0.93802905,1.0,1
ENSG00000166153,0.88722324,0.76937735,GM12878,0.9604221,0.59770113,1
ENSG00000166153,1.0784464,0.76937735,GM12878,0.7254465,0.065853655,1
ENSG00000166153,1.1366035,0.76937735,GM12878,0.85826725,0.89033943,1
ENSG00000166225,0.83643794,0.8413595,GM12878,0.91450876,0.12037037,1
ENSG00000166226,1.3744766,2.6832721,GM12878,0.7355644,1.0,1
ENSG00000166226,1.5679855,2.6832721,GM12878,0.97833955,1.0,1
ENSG00000166268,-0.7901858,-0.9586073,GM12878,0.99500567,1.0,1
ENSG00000166532,0.9057737,1.2153732,GM12878,0.7684429,1.0,1
ENSG00000166532,1.0908147,1.2153732,GM12878,0.68460286,1.0,1
ENSG00000166598,1.4206144,2.7067263,GM12878,0.9536178,1.0,1
ENSG00000166881,1.74513,1.7764833,GM12878,0.97608215,1.0,1
ENSG00000166881,1.7459089,1.7764833,GM12878,0.97588855,1.0,1
ENSG00000166881,1.5371312,1.7764833,GM12878,0.926551,0.94788,1
ENSG00000166881,1.6966809,1.7764833,GM12878,0.9666119,0.14873266,1
ENSG00000166886,1.382827,1.3514098,GM12878,0.95775133,1.0,1
ENSG00000166886,1.557212,1.3514098,GM12878,0.94391346,1.0,1
ENSG00000166888,1.4366692,1.5954962,GM12878,0.9262761,1.0,1
ENSG00000166888,1.3140332,1.5954962,GM12878,0.9044126,0.9941396,1
ENSG00000166888,0.98979956,1.5954962,GM12878,0.9444853,1.0,1
ENSG00000166896,1.1792263,1.55145,GM12878,0.9158309,1.0,1
ENSG00000166896,0.9952871,1.55145,GM12878,0.9362711,1.0,1
ENSG00000166896,1.5933657,1.55145,GM12878,0.89180714,1.0,1
ENSG00000166896,1.4489858,1.55145,GM12878,0.9702279,1.0,1
ENSG00000166908,1.2498952,1.3914644,GM12878,0.9219124,1.0,1
ENSG00000166908,1.1330929,1.3914644,GM12878,0.9474936,0.9974392,1
ENSG00000166986,1.8064603,2.2179313,GM12878,0.73639685,1.0,1
ENSG00000166986,1.6692599,2.2179313,GM12878,0.95447296,1.0,1
ENSG00000166987,1.303167,0.553883,GM12878,0.82141155,1.0,1
ENSG00000166987,1.2251517,0.553883,GM12878,0.77668846,1.0,1
ENSG00000166987,1.4456562,0.553883,GM12878,0.73687327,1.0,1
ENSG00000167272,1.3076515,1.9222063,GM12878,0.96670413,1.0,1
ENSG00000167272,1.3537813,1.9222063,GM12878,0.84079343,1.0,1
ENSG00000167272,1.3537813,1.9222063,GM12878,0.84079343,1.0,1
ENSG00000167272,1.0537041,1.9222063,GM12878,0.7686177,0.8964165,1
ENSG00000167528,1.2069802,0.70070374,GM12878,0.9782038,1.0,1
ENSG00000167528,1.2084225,0.70070374,GM12878,0.97824425,1.0,1
ENSG00000167528,1.204725,0.70070374,GM12878,0.97925,1.0,1
ENSG00000167528,0.9931292,0.70070374,GM12878,0.96459866,1.0,1
ENSG00000167528,1.0073053,0.70070374,GM12878,0.957649,1.0,1
ENSG00000167528,1.1383469,0.70070374,GM12878,0.9759117,1.0,1
ENSG00000167535,-0.052321903,0.12385164,GM12878,0.9901721,1.0,1
ENSG00000167535,0.031128613,0.12385164,GM12878,0.9601995,1.0,1
ENSG00000167535,0.18658489,0.12385164,GM12878,0.9595414,1.0,1
ENSG00000167535,0.20929095,0.12385164,GM12878,0.9829752,1.0,1
ENSG00000167550,1.032347,0.87215626,GM12878,0.8727735,1.0,1
ENSG00000167550,1.415764,0.87215626,GM12878,0.9646784,0.8791209,1
ENSG00000167552,0.5018081,1.9076263,GM12878,0.9800568,1.0,1
ENSG00000167552,0.5240268,1.9076263,GM12878,0.8970721,1.0,1
ENSG00000167553,1.497251,3.4164674,GM12878,0.63481224,1.0,1
ENSG00000167566,0.44120756,0.3424227,GM12878,0.84884816,1.0,1
ENSG00000167588,-0.4327159,-0.18045606,GM12878,0.9935015,1.0,1
ENSG00000167778,1.0820998,0.75204843,GM12878,0.87575,1.0,1
ENSG00000167778,1.1773013,0.75204843,GM12878,0.9197025,0.99019605,1
ENSG00000167779,-0.10311681,-0.1611509,GM12878,0.9851612,1.0,1
ENSG00000168288,1.0905867,2.242616,GM12878,0.6528299,1.0,1
ENSG00000168385,0.9714154,2.3964958,GM12878,0.83968997,1.0,1
ENSG00000168385,1.2328819,2.3964958,GM12878,0.8032006,0.0,1
ENSG00000168385,1.2766808,2.3964958,GM12878,0.7501393,0.004602301,1
ENSG00000168385,1.4062777,2.3964958,GM12878,0.82776886,0.020285573,1
ENSG00000168385,1.3593066,2.3964958,GM12878,0.77445394,0.13043478,1
ENSG00000168385,1.4129064,2.3964958,GM12878,0.81592476,0.0019248396,1
ENSG00000168393,1.3247367,1.6111921,GM12878,0.93561685,1.0,1
ENSG00000168393,1.2482768,1.6111921,GM12878,0.9401286,0.76466775,1
ENSG00000168395,1.0893959,1.4324882,GM12878,0.9654215,1.0,1
ENSG00000168395,1.2417144,1.4324882,GM12878,0.58358413,1.0,1
ENSG00000168397,1.5759772,1.7221401,GM12878,0.95790863,1.0,1
ENSG00000168397,0.93564934,1.7221401,GM12878,0.6430971,1.0,1
ENSG00000168397,1.2617605,1.7221401,GM12878,0.9056656,0.22041763,1
ENSG00000168754,-0.48369995,2.534445,GM12878,0.9926984,1.0,1
ENSG00000168754,-0.16545968,2.534445,GM12878,0.9797641,1.0,1
ENSG00000168758,1.4924357,1.8273046,GM12878,0.9442708,1.0,1
ENSG00000168763,1.1814758,0.813581,GM12878,0.9309722,1.0,1
ENSG00000168763,0.88059425,0.813581,GM12878,0.98020166,0.9826923,1
ENSG00000168778,0.58152086,0.665581,GM12878,0.88456506,1.0,1
ENSG00000168778,0.4321687,0.665581,GM12878,0.9599986,1.0,1
ENSG00000168778,0.3077032,0.665581,GM12878,0.946035,1.0,1
ENSG00000168778,0.58707964,0.665581,GM12878,0.93786293,1.0,1
ENSG00000168883,1.2623348,2.0083873,GM12878,0.98475873,1.0,1
ENSG00000168883,1.2728387,2.0083873,GM12878,0.97832537,0.9984219,1
ENSG00000168887,1.1689521,1.5174599,GM12878,0.9775745,1.0,1
ENSG00000168890,0.7566904,0.86391735,GM12878,0.7757226,0.8227612,1
ENSG00000168894,1.4893479,2.50737,GM12878,0.8203414,1.0,1
ENSG00000168899,-0.04252596,0.15228835,GM12878,0.9729278,1.0,1
ENSG00000168906,1.8395944,2.8064716,GM12878,0.96298105,1.0,1
ENSG00000168918,0.10253693,0.6009729,GM12878,0.9847446,1.0,1
ENSG00000168918,-0.21780366,0.6009729,GM12878,0.99371123,1.0,1
ENSG00000168958,1.1279922,1.567732,GM12878,0.9614924,1.0,1
ENSG00000168958,0.9016677,1.567732,GM12878,0.9280604,1.0,1
ENSG00000168958,0.8015638,1.567732,GM12878,0.96195483,1.0,1
ENSG00000168958,0.9809945,1.567732,GM12878,0.93523407,0.98651963,1
ENSG00000168958,1.1642122,1.567732,GM12878,0.954044,0.10576923,1
ENSG00000168958,0.75482416,1.567732,GM12878,0.9293414,0.0,1
ENSG00000168958,1.0410613,1.567732,GM12878,0.9284644,0.026818182,1
ENSG00000168958,0.48154843,1.567732,GM12878,0.9204413,0.94758064,1
ENSG00000168958,0.48154843,1.567732,GM12878,0.9204413,0.088160135,1
ENSG00000168958,0.54455733,1.567732,GM12878,0.5211739,0.006035283,1
ENSG00000168958,0.54455733,1.567732,GM12878,0.5211739,0.63492066,1
ENSG00000169016,1.281875,1.3436055,GM12878,0.9456237,1.0,1
ENSG00000169016,1.376343,1.3436055,GM12878,0.96989834,0.52971727,1
ENSG00000169016,1.281875,1.3436055,GM12878,0.9456237,0.64533824,1
ENSG00000169016,1.2017083,1.3436055,GM12878,0.7143702,0.57846504,1
ENSG00000169372,0.82322615,1.3174365,GM12878,0.8241863,1.0,1
ENSG00000169554,1.5769116,1.7385428,GM12878,0.89820486,1.0,1
ENSG00000169554,1.630098,1.7385428,GM12878,0.95881057,1.0,1
ENSG00000169554,1.4163294,1.7385428,GM12878,0.8647444,1.0,1
ENSG00000169599,0.80657166,1.525563,GM12878,0.94621134,1.0,1
ENSG00000169599,0.80657166,1.525563,GM12878,0.94621134,1.0,1
ENSG00000169599,1.1373817,1.525563,GM12878,0.896742,1.0,1
ENSG00000169599,1.0154849,1.525563,GM12878,0.9584395,1.0,1
ENSG00000169599,1.1616029,1.525563,GM12878,0.9406362,0.9988354,1
ENSG00000169599,0.85538757,1.525563,GM12878,0.8868092,0.8952679,1
ENSG00000169607,1.442163,1.1316186,GM12878,0.9692658,1.0,1
ENSG00000169607,1.3881164,1.1316186,GM12878,0.98219967,1.0,1
ENSG00000169607,1.0777693,1.1316186,GM12878,0.9829106,1.0,1
ENSG00000169607,1.3515325,1.1316186,GM12878,0.95884514,1.0,1
ENSG00000169621,0.7576012,-0.28399664,GM12878,0.8768926,1.0,1
ENSG00000169621,1.1313332,-0.28399664,GM12878,0.9420619,1.0,1
ENSG00000169679,1.7497939,2.232615,GM12878,0.95322025,1.0,1
ENSG00000169679,1.6025145,2.232615,GM12878,0.96517235,0.57782394,1
ENSG00000169756,1.0502641,1.9571761,GM12878,0.9677163,1.0,1
ENSG00000169756,1.0502641,1.9571761,GM12878,0.9677163,1.0,1
ENSG00000169756,1.0287408,1.9571761,GM12878,0.9359358,0.99112666,1
ENSG00000169764,1.0677261,1.6325585,GM12878,0.9546146,1.0,1
ENSG00000169764,0.94699425,1.6325585,GM12878,0.6953924,0.0,1
ENSG00000169884,0.081406415,0.22010809,GM12878,0.9867612,1.0,1
ENSG00000169967,0.7992554,0.651278,GM12878,0.89650214,1.0,1
ENSG00000170035,0.6875596,1.9546283,GM12878,0.8602152,1.0,1
ENSG00000170035,0.94651324,1.9546283,GM12878,0.6347831,1.0,1
ENSG00000170144,1.6090785,2.1576078,GM12878,0.9759747,1.0,1
ENSG00000170417,1.0568681,0.7259116,GM12878,0.9749224,1.0,1
ENSG00000170417,1.1649532,0.7259116,GM12878,0.7856026,1.0,1
ENSG00000170417,0.49618363,0.7259116,GM12878,0.8295152,0.7080745,1
ENSG00000170426,-0.41620052,-0.88605666,GM12878,0.98546857,1.0,1
ENSG00000170426,-0.45785353,-0.88605666,GM12878,0.990637,1.0,1
ENSG00000170456,0.4931733,0.8518696,GM12878,0.9521654,1.0,1
ENSG00000170473,1.2757484,1.513484,GM12878,0.74839723,1.0,1
ENSG00000170500,0.5685912,0.57170886,GM12878,0.9844604,1.0,1
ENSG00000170515,1.5857117,2.791838,GM12878,0.9782687,1.0,1
ENSG00000170545,1.0132338,1.6559064,GM12878,0.64594007,1.0,1
ENSG00000170545,1.0132338,1.6559064,GM12878,0.64594007,1.0,1
ENSG00000170545,0.8990171,1.6559064,GM12878,0.2698593,0.021474773,1
ENSG00000170627,1.5572504,2.7779992,GM12878,0.90188545,1.0,1
ENSG00000170627,1.3221507,2.7779992,GM12878,0.9387075,1.0,1
ENSG00000170633,1.1484208,1.5625308,GM12878,0.95019054,1.0,1
ENSG00000170633,1.2225906,1.5625308,GM12878,0.8830324,0.16459017,1
ENSG00000170634,0.73945343,0.33645973,GM12878,0.8950443,1.0,1
ENSG00000170634,0.72129303,0.33645973,GM12878,0.8020827,0.0,1
ENSG00000170653,1.3045421,1.2422929,GM12878,0.8294475,1.0,1
ENSG00000170802,0.9817422,1.2853322,GM12878,0.9402804,1.0,1
ENSG00000171055,1.1239882,1.4116197,GM12878,0.9524472,0.8443149,1
ENSG00000171055,0.81683457,1.4116197,GM12878,0.45437247,0.20570488,1
ENSG00000171055,1.2487826,1.4116197,GM12878,0.91524583,0.0,1
ENSG00000171103,1.224405,1.3077099,GM12878,0.9588304,1.0,1
ENSG00000171132,0.20106524,-0.60206,GM12878,0.96753526,1.0,1
ENSG00000171132,0.23617914,-0.60206,GM12878,0.9215885,1.0,1
ENSG00000171174,0.021060659,-0.4202164,GM12878,0.96967375,1.0,1
ENSG00000171310,0.85445786,1.1344959,GM12878,0.97168463,1.0,1
ENSG00000171310,0.85445786,1.1344959,GM12878,0.97168463,1.0,1
ENSG00000171596,-0.37827185,-0.61978877,GM12878,0.9904931,1.0,1
ENSG00000171681,0.7262258,0.69548166,GM12878,0.97680885,1.0,1
ENSG00000171681,1.1680195,0.69548166,GM12878,0.97342783,1.0,1
ENSG00000171681,1.3771545,0.69548166,GM12878,0.82574475,0.9607843,1
ENSG00000171792,1.2156386,1.6608654,GM12878,0.92112136,0.64361703,1
ENSG00000171792,1.1999398,1.6608654,GM12878,0.9315527,0.9333665,1
ENSG00000171840,0.45493644,0.5575072,GM12878,0.9654728,1.0,1
ENSG00000171840,0.4520962,0.5575072,GM12878,0.9726672,1.0,1
ENSG00000171840,0.4520962,0.5575072,GM12878,0.9726672,1.0,1
ENSG00000171847,0.07228441,-0.82390875,GM12878,0.98320365,1.0,1
ENSG00000171847,0.0504369,-0.82390875,GM12878,0.9468158,1.0,1
ENSG00000171848,1.4464977,1.7937903,GM12878,0.86944824,1.0,1
ENSG00000171853,1.2514312,1.5284024,GM12878,0.6462691,1.0,1
ENSG00000171853,1.0160038,1.5284024,GM12878,0.77950317,1.0,1
ENSG00000171865,1.4801114,1.2727696,GM12878,0.94558716,1.0,1
ENSG00000172059,1.247286,1.0976043,GM12878,0.9656334,1.0,1
ENSG00000172059,1.247286,1.0976043,GM12878,0.9656334,1.0,1
ENSG00000172071,1.2690398,0.7881684,GM12878,0.97773975,1.0,1
ENSG00000172071,1.0899637,0.7881684,GM12878,0.9723461,1.0,1
ENSG00000172071,1.2695869,0.7881684,GM12878,0.9798006,1.0,1
ENSG00000172073,-0.69965845,-0.9586073,GM12878,0.99500763,1.0,1
ENSG00000172086,1.0507649,0.6324573,GM12878,0.87861055,1.0,1
ENSG00000172292,0.7871586,0.54654264,GM12878,0.972322,1.0,1
ENSG00000172292,0.67069393,0.54654264,GM12878,0.23642664,0.26900584,1
ENSG00000172428,0.98764855,1.9241759,GM12878,0.835994,1.0,1
ENSG00000172428,0.7735728,1.9241759,GM12878,0.81994,1.0,1
ENSG00000172602,-0.27288026,-0.23657201,GM12878,0.9882118,1.0,1
ENSG00000172819,0.98555404,0.54900324,GM12878,0.94274944,1.0,1
ENSG00000172819,0.8209795,0.54900324,GM12878,0.92628384,1.0,1
ENSG00000172819,0.6500281,0.54900324,GM12878,0.8590346,0.087804876,1
ENSG00000172845,1.363589,1.8178958,GM12878,0.98025113,1.0,1
ENSG00000172845,0.9772751,1.8178958,GM12878,0.8789124,0.22721088,1
ENSG00000172878,1.0646327,1.223496,GM12878,0.9287124,1.0,1
ENSG00000172954,0.8304158,1.2013972,GM12878,0.9360022,0.022134388,1
ENSG00000172954,1.0723486,1.2013972,GM12878,0.91517526,0.046831954,1
ENSG00000173064,0.8667252,1.0277572,GM12878,0.9402296,1.0,1
ENSG00000173064,1.2421435,1.0277572,GM12878,0.95225775,1.0,1
ENSG00000173163,0.4957292,1.4094259,GM12878,0.83751374,1.0,1
ENSG00000173166,0.049324423,-0.28399664,GM12878,0.97161734,1.0,1
ENSG00000173209,1.0171154,1.7185017,GM12878,0.8973281,1.0,1
ENSG00000173272,1.0286214,2.0541148,GM12878,0.8722822,1.0,1
ENSG00000173272,1.0286214,2.0541148,GM12878,0.8722822,1.0,1
ENSG00000173451,0.96163076,0.78675145,GM12878,0.96144855,1.0,1
ENSG00000173559,1.2265519,1.228657,GM12878,0.9589873,1.0,1
ENSG00000173559,1.3776053,1.228657,GM12878,0.9736052,1.0,1
ENSG00000173559,1.3776053,1.228657,GM12878,0.9736052,1.0,1
ENSG00000173559,1.7215062,1.228657,GM12878,0.8890421,0.25104603,1
ENSG00000173567,0.64755064,-0.82390875,GM12878,0.9077936,1.0,1
ENSG00000173588,0.76133466,1.3312248,GM12878,0.9088214,1.0,1
ENSG00000173588,0.6871469,1.3312248,GM12878,0.8841825,0.04696673,1
ENSG00000173588,0.6654593,1.3312248,GM12878,0.6884212,0.01847575,1
ENSG00000173588,0.3848024,1.3312248,GM12878,0.9264025,0.70016474,1
ENSG00000173598,1.5104154,2.151615,GM12878,0.9538133,1.0,1
ENSG00000173598,1.5079399,2.151615,GM12878,0.97330034,1.0,1
ENSG00000173692,1.553163,2.2464986,GM12878,0.9146807,1.0,1
ENSG00000173692,1.5734103,2.2464986,GM12878,0.7969262,1.0,1
ENSG00000173744,1.0816627,1.8409212,GM12878,0.9700446,1.0,1
ENSG00000173744,1.0854454,1.8409212,GM12878,0.8219262,0.9965221,1
ENSG00000173744,0.8631289,1.8409212,GM12878,0.4598362,0.33338484,1
ENSG00000173960,1.1321009,1.0402067,GM12878,0.9468922,1.0,1
ENSG00000173960,0.8683513,1.0402067,GM12878,0.90808797,0.026809651,1
ENSG00000173960,1.0726972,1.0402067,GM12878,0.19345552,0.68105066,1
ENSG00000174099,-0.5300657,-0.92081875,GM12878,0.9963595,1.0,1
ENSG00000174106,1.2200667,1.1379868,GM12878,0.94643325,1.0,1
ENSG00000174106,1.0534195,1.1379868,GM12878,0.9691125,1.0,1
ENSG00000174106,1.182326,1.1379868,GM12878,0.88939697,1.0,1
ENSG00000174206,0.625517,0.7355989,GM12878,0.94236934,1.0,1
ENSG00000174233,-0.6121178,0.012837225,GM12878,0.99650466,1.0,1
ENSG00000174243,1.3895588,1.8702868,GM12878,0.97718394,1.0,1
ENSG00000174437,1.4607711,1.717504,GM12878,0.64321625,1.0,1
ENSG00000174437,1.5131091,1.717504,GM12878,0.9541716,1.0,1
ENSG00000174437,1.3305949,1.717504,GM12878,0.9468019,0.9757876,1
ENSG00000174437,1.3133323,1.717504,GM12878,0.734861,0.039647575,1
ENSG00000174456,0.8362874,1.525563,GM12878,0.750067,1.0,1
ENSG00000174456,0.9016051,1.525563,GM12878,0.8337613,1.0,1
ENSG00000174501,1.0977082,0.95279247,GM12878,0.80520946,1.0,1
ENSG00000174501,1.0081486,0.95279247,GM12878,0.90466976,1.0,1
ENSG00000174501,0.84616935,0.95279247,GM12878,0.9280485,1.0,1
ENSG00000174501,0.8863146,0.95279247,GM12878,0.9185907,1.0,1
ENSG00000174501,1.2599444,0.95279247,GM12878,0.88114196,1.0,1
ENSG00000174718,1.0250119,1.6188844,GM12878,0.9540381,1.0,1
ENSG00000174718,1.0012773,1.6188844,GM12878,0.97104275,0.83912086,1
ENSG00000174718,0.89033157,1.6188844,GM12878,0.9461328,0.9621976,1
ENSG00000174989,0.9068238,0.8169038,GM12878,0.8046944,1.0,1
ENSG00000175183,0.49910945,0.62838894,GM12878,0.72469264,1.0,1
ENSG00000175197,1.7752529,1.9383196,GM12878,0.8702764,1.0,1
ENSG00000175203,1.4387797,2.0703335,GM12878,0.79283994,0.9882207,1
ENSG00000175215,1.3374066,1.8581761,GM12878,0.97812223,1.0,1
ENSG00000175548,0.20065501,0.25042,GM12878,0.9439318,1.0,1
ENSG00000175548,0.20065501,0.25042,GM12878,0.9439318,1.0,1
ENSG00000175727,1.3902749,1.1420765,GM12878,0.46904773,1.0,1
ENSG00000175782,1.0209904,0.70329136,GM12878,0.9407452,1.0,1
ENSG00000175970,0.91459733,1.3812957,GM12878,0.9595689,1.0,1
ENSG00000176407,1.2376693,1.7571682,GM12878,0.9753004,1.0,1
ENSG00000176407,1.3569269,1.7571682,GM12878,0.9764558,1.0,1
ENSG00000176720,0.37505028,0.29446623,GM12878,0.96425235,1.0,1
ENSG00000176720,0.13866566,0.29446623,GM12878,0.96468383,1.0,1
ENSG00000176720,0.20875631,0.29446623,GM12878,0.91530216,1.0,1
ENSG00000176732,0.68963933,-0.61978877,GM12878,0.94648844,1.0,1
ENSG00000176834,-0.03358744,0.78746045,GM12878,0.97696984,1.0,1
ENSG00000176871,1.5276697,1.6904619,GM12878,0.75058967,1.0,1
ENSG00000176894,1.1016552,1.5137502,GM12878,0.7623588,1.0,1
ENSG00000176894,1.2218577,1.5137502,GM12878,0.93650115,1.0,1
ENSG00000176915,1.3197592,1.6996644,GM12878,0.94022834,1.0,1
ENSG00000176946,1.4272386,1.3666097,GM12878,0.9017889,1.0,1
ENSG00000176946,1.4257215,1.3666097,GM12878,0.96159106,1.0,1
ENSG00000176946,1.4713826,1.3666097,GM12878,0.94337475,1.0,1
ENSG00000177084,1.3021964,1.7036352,GM12878,0.80955935,1.0,1
ENSG00000177084,1.2773889,1.7036352,GM12878,0.92724866,1.0,1
ENSG00000177084,1.4189559,1.7036352,GM12878,0.9516492,1.0,1
ENSG00000177084,1.3964778,1.7036352,GM12878,0.94151723,0.99876493,1
ENSG00000177119,1.1635073,1.225826,GM12878,0.96326226,1.0,1
ENSG00000177119,1.5174766,1.225826,GM12878,0.8898956,1.0,1
ENSG00000177119,1.2401227,1.225826,GM12878,0.67206895,0.0343965,1
ENSG00000177119,1.2782725,1.225826,GM12878,0.8888469,0.98156387,1
ENSG00000177119,1.394994,1.225826,GM12878,0.829098,0.017813267,1
ENSG00000177169,0.9548585,0.5774918,GM12878,0.9618849,1.0,1
ENSG00000177169,0.4695898,0.5774918,GM12878,0.8912251,1.0,1
ENSG00000177169,0.59868187,0.5774918,GM12878,0.8909104,1.0,1
ENSG00000177192,1.5137352,1.4051756,GM12878,0.9201874,1.0,1
ENSG00000177483,-0.46038124,-0.56863624,GM12878,0.9853725,1.0,1
ENSG00000177889,1.4226761,2.382899,GM12878,0.9760409,1.0,1
ENSG00000177889,1.0371643,2.382899,GM12878,0.96208215,1.0,1
ENSG00000177917,1.2829491,1.8632634,GM12878,0.9532755,1.0,1
ENSG00000177917,1.0572711,1.8632634,GM12878,0.7908232,0.34760606,1
ENSG00000177917,1.2350185,1.8632634,GM12878,0.862823,0.044444446,1
ENSG00000177981,1.4641145,1.3014641,GM12878,0.7094871,1.0,1
ENSG00000177981,1.2852887,1.3014641,GM12878,0.9630612,1.0,1
ENSG00000177981,1.4069736,1.3014641,GM12878,0.76089436,0.059889678,1
ENSG00000177990,0.08844696,-0.79588,GM12878,0.9796648,1.0,1
ENSG00000177990,-0.09530525,-0.79588,GM12878,0.97450495,1.0,1
ENSG00000178295,1.2680773,1.4299136,GM12878,0.9721142,1.0,1
ENSG00000178401,-0.32733247,-0.04095861,GM12878,0.9970982,1.0,1
ENSG00000178449,1.3020438,1.8041394,GM12878,0.64201087,0.004327506,1
ENSG00000178449,1.1134515,1.8041394,GM12878,0.55429184,0.088575505,1
ENSG00000178623,-0.5526873,-0.7447275,GM12878,0.9909781,1.0,1
ENSG00000179104,-0.014623338,-0.22914799,GM12878,0.9783468,1.0,1
ENSG00000179195,1.0157795,1.7858279,GM12878,0.26846758,1.0,1
ENSG00000179195,1.1469694,1.7858279,GM12878,0.94935393,1.0,1
ENSG00000179295,0.9709821,1.7273786,GM12878,0.9180691,1.0,1
ENSG00000179295,1.1956385,1.7273786,GM12878,0.92700356,1.0,1
ENSG00000179295,1.1612676,1.7273786,GM12878,0.96614444,1.0,1
ENSG00000179295,1.1127272,1.7273786,GM12878,0.9682769,1.0,1
ENSG00000179528,0.8642069,-0.04575749,GM12878,0.86978775,1.0,1
ENSG00000179715,0.3819536,-0.1426675,GM12878,0.9463747,1.0,1
ENSG00000179912,1.3499705,1.1000258,GM12878,0.96390724,1.0,1
ENSG00000179912,1.2919341,1.1000258,GM12878,0.89073735,1.0,1
ENSG00000179912,1.3022301,1.1000258,GM12878,0.38433388,0.0,1
ENSG00000179912,1.2289926,1.1000258,GM12878,0.97456884,1.0,1
ENSG00000179912,1.4442871,1.1000258,GM12878,0.89323,1.0,1
ENSG00000180228,1.3420349,1.7247672,GM12878,0.96556884,1.0,1
ENSG00000180228,1.4872407,1.7247672,GM12878,0.8036029,0.033542976,1
ENSG00000180263,1.1098955,0.6095944,GM12878,0.86613363,1.0,1
ENSG00000180263,0.8193345,0.6095944,GM12878,0.9320021,0.88451445,1
ENSG00000180398,1.3642255,2.15567,GM12878,0.97837937,1.0,1
ENSG00000180398,1.3642255,2.15567,GM12878,0.97837937,1.0,1
ENSG00000180398,1.3642255,2.15567,GM12878,0.97837937,0.88586956,1
ENSG00000180398,1.3886029,2.15567,GM12878,0.9474893,0.71181047,1
ENSG00000180398,1.3886029,2.15567,GM12878,0.9474893,0.80265653,1
ENSG00000180398,1.1948063,2.15567,GM12878,0.26141456,0.39994037,1
ENSG00000180881,0.1699642,-0.7447275,GM12878,0.92202353,1.0,1
ENSG00000180881,0.03799236,-0.7447275,GM12878,0.97401583,1.0,1
ENSG00000180902,0.91911757,1.2062861,GM12878,0.69207674,1.0,1
ENSG00000180902,1.1043061,1.2062861,GM12878,0.92911226,0.8868715,1
ENSG00000180902,1.0322018,1.2062861,GM12878,0.20469105,0.37936267,1
ENSG00000181852,1.5838807,1.6280823,GM12878,0.7582173,1.0,1
ENSG00000181852,1.6943624,1.6280823,GM12878,0.94706905,0.02148955,1
ENSG00000181852,1.7336333,1.6280823,GM12878,0.78118795,0.31061074,1
ENSG00000181929,1.690353,1.931407,GM12878,0.93171227,1.0,1
ENSG00000182196,1.4080267,2.0070646,GM12878,0.9130158,1.0,1
ENSG00000182199,1.6450733,2.0803378,GM12878,0.8551633,0.7227899,1
ENSG00000182326,-0.5612498,-0.21467017,GM12878,0.9903335,1.0,1
ENSG00000182389,-0.7562868,-0.92081875,GM12878,0.9965061,1.0,1
ENSG00000182551,1.119012,1.212454,GM12878,0.95770705,1.0,1
ENSG00000182993,0.63477963,0.29225606,GM12878,0.26517177,1.0,1
ENSG00000182993,0.65037245,0.29225606,GM12878,0.84617513,1.0,1
ENSG00000183054,0.82980204,-0.20760831,GM12878,0.8993958,1.0,1
ENSG00000183283,1.3588425,2.4188812,GM12878,0.9087714,1.0,1
ENSG00000183283,1.3608043,2.4188812,GM12878,0.907694,1.0,1
ENSG00000183283,1.5983185,2.4188812,GM12878,0.9036915,0.9899753,1
ENSG00000183283,1.5723753,2.4188812,GM12878,0.54711974,0.8757669,1
ENSG00000183395,0.11501062,-0.88605666,GM12878,0.96573734,1.0,1
ENSG00000183495,1.4242033,0.77451694,GM12878,0.9327076,1.0,1
ENSG00000183495,1.2689298,0.77451694,GM12878,0.45466626,1.0,1
ENSG00000183495,1.1445472,0.77451694,GM12878,0.6975951,0.6573427,1
ENSG00000183513,1.297084,1.6155292,GM12878,0.9297462,1.0,1
ENSG00000183735,1.3598975,1.2716093,GM12878,0.9450792,1.0,1
ENSG00000183891,0.8376902,1.7229629,GM12878,0.88313276,1.0,1
ENSG00000183955,0.9848513,1.8150462,GM12878,0.9463646,1.0,1
ENSG00000183955,0.4529351,1.8150462,GM12878,0.9559163,0.4181232,1
ENSG00000184047,1.4644252,1.5887197,GM12878,0.9181293,1.0,1
ENSG00000184047,1.2820561,1.5887197,GM12878,0.4544874,1.0,1
ENSG00000184047,1.3969854,1.5887197,GM12878,0.9560688,0.020094892,1
ENSG00000184047,1.4644252,1.5887197,GM12878,0.9181293,0.97038215,1
ENSG00000184047,1.4644252,1.5887197,GM12878,0.9181293,0.98123324,1
ENSG00000184047,1.2820561,1.5887197,GM12878,0.4544874,0.9928315,1
ENSG00000184047,1.225026,1.5887197,GM12878,0.543267,0.943299,1
ENSG00000184182,1.2407215,1.7896512,GM12878,0.9656063,1.0,1
ENSG00000184182,1.2700652,1.7896512,GM12878,0.96729696,1.0,1
ENSG00000184182,0.95389086,1.7896512,GM12878,0.84157926,0.73438483,1
ENSG00000184271,0.59193146,0.4281348,GM12878,0.8955832,1.0,1
ENSG00000184271,0.5205153,0.4281348,GM12878,0.9529057,1.0,1
ENSG00000184445,1.322086,2.033102,GM12878,0.92587507,1.0,1
ENSG00000184445,1.4748433,2.033102,GM12878,0.9765412,1.0,1
ENSG00000184445,1.0781505,2.033102,GM12878,0.9729758,1.0,1
ENSG00000184445,1.1770389,2.033102,GM12878,0.8889783,0.8590272,1
ENSG00000184445,1.27966,2.033102,GM12878,0.35760227,0.42275363,1
ENSG00000184575,1.572827,2.1749897,GM12878,0.9662402,1.0,1
ENSG00000184575,1.6347637,2.1749897,GM12878,0.95254654,1.0,1
ENSG00000184613,-0.15674764,-0.4089354,GM12878,0.9846372,1.0,1
ENSG00000184752,0.6442197,2.2918348,GM12878,0.58312804,1.0,1
ENSG00000184752,0.8902237,2.2918348,GM12878,0.8842735,0.9304363,1
ENSG00000184898,1.0906477,0.6589649,GM12878,0.80445504,1.0,1
ENSG00000184898,0.8058413,0.6589649,GM12878,0.9709335,1.0,1
ENSG00000184967,0.9409171,0.7307823,GM12878,0.64244103,1.0,1
ENSG00000184992,1.1570128,1.0565237,GM12878,0.96522385,1.0,1
ENSG00000185163,1.0571768,1.0561422,GM12878,0.96255887,1.0,1
ENSG00000185163,1.0082446,1.0561422,GM12878,0.891694,1.0,1
ENSG00000185163,1.1754608,1.0561422,GM12878,0.9484702,1.0,1
ENSG00000185163,1.1100256,1.0561422,GM12878,0.92905843,1.0,1
ENSG00000185163,1.2353828,1.0561422,GM12878,0.91004723,1.0,1
ENSG00000185344,1.1796346,1.8576943,GM12878,0.97281355,1.0,1
ENSG00000185344,1.1392671,1.8576943,GM12878,0.92491436,1.0,1
ENSG00000185404,0.6959744,0.90525603,GM12878,0.9529423,1.0,1
ENSG00000185404,1.0905731,0.90525603,GM12878,0.95117617,0.14864865,1
ENSG00000185432,0.8246336,0.9973864,GM12878,0.8468698,1.0,1
ENSG00000185480,1.2182553,1.5067755,GM12878,0.95101184,1.0,1
ENSG00000185480,1.2182553,1.5067755,GM12878,0.95101184,1.0,1
ENSG00000185480,0.61516595,1.5067755,GM12878,0.9503276,0.9807468,1
ENSG00000185480,0.9692189,1.5067755,GM12878,0.86066455,0.047052152,1
ENSG00000185480,0.7548589,1.5067755,GM12878,0.8470286,0.5017668,1
ENSG00000185480,1.248888,1.5067755,GM12878,0.95448554,0.8797629,1
ENSG00000185482,-0.24237494,0.59549624,GM12878,0.98655427,1.0,1
ENSG00000185482,-0.38960886,0.59549624,GM12878,0.9913455,1.0,1
ENSG00000185482,-0.34656337,0.59549624,GM12878,0.99224526,0.9874608,1
ENSG00000185482,0.25864935,0.59549624,GM12878,0.7399475,0.041269843,1
ENSG00000185591,1.0742282,1.6252096,GM12878,0.7617205,1.0,1
ENSG00000185591,1.2543927,1.6252096,GM12878,0.9676089,1.0,1
ENSG00000185640,-0.72643465,0.12057393,GM12878,0.99707675,1.0,1
ENSG00000185664,0.09306285,0.30103,GM12878,0.9600794,1.0,1
ENSG00000186132,0.66925776,1.0421816,GM12878,0.96712595,1.0,1
ENSG00000186132,0.79201007,1.0421816,GM12878,0.9559639,1.0,1
ENSG00000186298,1.1366165,2.289745,GM12878,0.96975905,1.0,1
ENSG00000186298,1.3087783,2.289745,GM12878,0.9745725,1.0,1
ENSG00000186298,1.3497596,2.289745,GM12878,0.97317195,1.0,1
ENSG00000186815,0.68082255,1.1000258,GM12878,0.97226816,1.0,1
ENSG00000186815,0.99062675,1.1000258,GM12878,0.29195502,0.08759124,1
ENSG00000186815,0.9894857,1.1000258,GM12878,0.29292858,0.1463964,1
ENSG00000186854,-0.54756945,-0.49485,GM12878,0.99828416,1.0,1
ENSG00000186854,-0.5531615,-0.49485,GM12878,0.9985656,1.0,1
ENSG00000186889,1.0421523,0.20411998,GM12878,0.39133716,1.0,1
ENSG00000186889,0.8923163,0.20411998,GM12878,0.94656026,1.0,1
ENSG00000186908,0.9510337,1.6647359,GM12878,0.9582448,1.0,1
ENSG00000186908,0.92029375,1.6647359,GM12878,0.9753,0.8091603,1
ENSG00000186908,1.0853565,1.6647359,GM12878,0.93327856,0.1908397,1
ENSG00000187109,1.1495486,2.5370002,GM12878,0.5310457,1.0,1
ENSG00000187109,1.2911096,2.5370002,GM12878,0.9754322,0.7525151,1
ENSG00000187109,1.2645774,2.5370002,GM12878,0.95760506,0.99739194,1
ENSG00000187109,1.2974716,2.5370002,GM12878,0.9624368,0.7152778,1
ENSG00000187514,1.358538,2.4737496,GM12878,0.9095925,1.0,1
ENSG00000187605,0.6083876,0.53275436,GM12878,0.9807525,1.0,1
ENSG00000187736,0.8640109,1.193681,GM12878,0.8789288,1.0,1
ENSG00000187778,1.2569445,1.8017466,GM12878,0.6470106,1.0,1
ENSG00000187778,1.148482,1.8017466,GM12878,0.9598528,1.0,1
ENSG00000187778,1.1393539,1.8017466,GM12878,0.9556485,1.0,1
ENSG00000187778,1.162066,1.8017466,GM12878,0.8542996,1.0,1
ENSG00000187833,-0.37182957,-0.65757734,GM12878,0.9818314,1.0,1
ENSG00000187944,-0.5649965,-0.9586073,GM12878,0.9882366,1.0,1
ENSG00000188010,0.60838294,1.0744507,GM12878,0.87701094,1.0,1
ENSG00000188010,1.0206219,1.0744507,GM12878,0.8086596,1.0,1
ENSG00000188010,0.6719632,1.0744507,GM12878,0.9628826,1.0,1
ENSG00000188026,0.8491502,0.90741134,GM12878,0.9727447,1.0,1
ENSG00000188026,0.98152405,0.90741134,GM12878,0.9659682,1.0,1
ENSG00000188026,0.8392899,0.90741134,GM12878,0.9705375,1.0,1
ENSG00000188026,1.1936355,0.90741134,GM12878,0.97545356,1.0,1
ENSG00000188177,0.83263904,0.2121876,GM12878,0.9581396,1.0,1
ENSG00000188177,0.75653607,0.2121876,GM12878,0.9568517,1.0,1
ENSG00000188282,-0.5243854,-0.9586073,GM12878,0.9780452,1.0,1
ENSG00000188389,-0.20648967,0.29885307,GM12878,0.9945944,1.0,1
ENSG00000188389,-0.20560023,0.29885307,GM12878,0.96079445,1.0,1
ENSG00000188542,1.0500351,0.7937904,GM12878,0.8540154,1.0,1
ENSG00000188735,1.0195669,0.8668778,GM12878,0.95374143,1.0,1
ENSG00000188735,0.8179125,0.8668778,GM12878,0.90059924,1.0,1
ENSG00000188735,0.9820474,0.8668778,GM12878,0.74795043,0.21768707,1
ENSG00000188760,0.5020414,0.1335389,GM12878,0.975771,1.0,1
ENSG00000188906,0.049979143,-0.55284196,GM12878,0.97522867,1.0,1
ENSG00000189046,0.6735016,1.3963737,GM12878,0.86983526,1.0,1
ENSG00000189046,0.81329226,1.3963737,GM12878,0.7766562,0.97117364,1
ENSG00000189079,1.3218725,1.4061995,GM12878,0.97306097,1.0,1
ENSG00000189079,0.7921427,1.4061995,GM12878,0.9349005,0.0,1
ENSG00000189079,0.909202,1.4061995,GM12878,0.610615,0.16,1
ENSG00000189362,1.2709795,0.36172783,GM12878,0.76751506,1.0,1
ENSG00000189362,1.1327016,0.36172783,GM12878,0.8336889,1.0,1
ENSG00000189362,1.551592,0.36172783,GM12878,0.9332225,0.7837838,1
ENSG00000196141,0.48204976,1.4640422,GM12878,0.8027336,1.0,1
ENSG00000196141,1.112319,1.4640422,GM12878,0.9504345,1.0,1
ENSG00000196141,0.69711536,1.4640422,GM12878,0.9678287,1.0,1
ENSG00000196141,0.75768405,1.4640422,GM12878,0.9617308,1.0,1
ENSG00000196141,0.7872227,1.4640422,GM12878,0.95761853,1.0,1
ENSG00000196141,0.8261886,1.4640422,GM12878,0.91878134,0.37549758,1
ENSG00000196290,1.4985955,1.8479426,GM12878,0.9731313,0.6967787,1
ENSG00000196387,1.1849654,0.75739604,GM12878,0.69036853,1.0,1
ENSG00000196387,0.6316086,0.75739604,GM12878,0.91183,1.0,1
ENSG00000196387,0.6316086,0.75739604,GM12878,0.91183,1.0,1
ENSG00000196387,0.83600336,0.75739604,GM12878,0.6772917,0.4181818,1
ENSG00000196458,0.440506,-0.4685211,GM12878,0.9762018,1.0,1
ENSG00000196465,1.3613781,1.7137425,GM12878,0.49256793,1.0,1
ENSG00000196498,0.032172926,0.48000693,GM12878,0.8695082,1.0,1
ENSG00000196504,1.518255,2.3094172,GM12878,0.97998637,1.0,1
ENSG00000196504,1.5417495,2.3094172,GM12878,0.95666116,1.0,1
ENSG00000196504,1.2975167,2.3094172,GM12878,0.8287689,0.9396194,1
ENSG00000196504,1.4344927,2.3094172,GM12878,0.9485654,0.031471092,1
ENSG00000196510,1.7703056,2.059904,GM12878,0.9542022,1.0,1
ENSG00000196510,1.7811902,2.059904,GM12878,0.79590476,1.0,1
ENSG00000196510,1.5815152,2.059904,GM12878,0.9171151,1.0,1
ENSG00000196604,0.60956526,-0.7212464,GM12878,0.94211245,1.0,1
ENSG00000196604,0.08580706,-0.7212464,GM12878,0.9843248,1.0,1
ENSG00000196604,0.6157404,-0.7212464,GM12878,0.9055695,1.0,1
ENSG00000196604,-0.09584509,-0.7212464,GM12878,0.9837704,1.0,1
ENSG00000196604,0.67989796,-0.7212464,GM12878,0.90685487,1.0,1
ENSG00000196604,0.43166235,-0.7212464,GM12878,0.7384252,1.0,1
ENSG00000196843,0.3841392,0.48572144,GM12878,0.9541932,1.0,1
ENSG00000196843,0.48710495,0.48572144,GM12878,0.97597325,0.72695035,1
ENSG00000196850,1.4415393,1.2457594,GM12878,0.9302417,1.0,1
ENSG00000196850,1.1429452,1.2457594,GM12878,0.9758364,1.0,1
ENSG00000196850,1.1825343,1.2457594,GM12878,0.93739563,1.0,1
ENSG00000196850,1.2147194,1.2457594,GM12878,0.9769836,1.0,1
ENSG00000196862,0.35625067,-0.9586073,GM12878,0.9588311,1.0,1
ENSG00000196935,-0.15100896,-0.85387194,GM12878,0.98963416,1.0,1
ENSG00000196935,0.016712544,-0.85387194,GM12878,0.9925437,1.0,1
ENSG00000196950,1.4616301,1.4543874,GM12878,0.9762575,1.0,1
ENSG00000196975,0.85152173,0.92582756,GM12878,0.75419176,1.0,1
ENSG00000197111,1.5618292,2.4339457,GM12878,0.8160042,1.0,1
ENSG00000197111,1.5276359,2.4339457,GM12878,0.8406032,1.0,1
ENSG00000197111,1.547821,2.4339457,GM12878,0.67444634,0.7134209,1
ENSG00000197111,1.5276983,2.4339457,GM12878,0.8405993,0.8773534,1
ENSG00000197121,0.49800503,-0.36653155,GM12878,0.95673245,1.0,1
ENSG00000197223,1.2746638,1.5094713,GM12878,0.9594948,1.0,1
ENSG00000197223,1.0673784,1.5094713,GM12878,0.95366746,1.0,1
ENSG00000197329,0.8705506,1.1112626,GM12878,0.96982366,1.0,1
ENSG00000197713,1.3252554,1.6422666,GM12878,0.9774099,1.0,1
ENSG00000197713,1.0102745,1.6422666,GM12878,0.7249081,0.0029368575,1
ENSG00000197713,0.7432539,1.6422666,GM12878,0.95981586,0.6555048,1
ENSG00000197713,1.2297717,1.6422666,GM12878,0.80327255,0.082868725,1
ENSG00000197713,1.203585,1.6422666,GM12878,0.9648842,0.89506525,1
ENSG00000197713,0.7280199,1.6422666,GM12878,0.88556236,0.05678422,1
ENSG00000197872,-0.35622734,-0.07572071,GM12878,0.9864979,1.0,1
ENSG00000197905,1.0911144,1.182985,GM12878,0.9227471,1.0,1
ENSG00000198001,0.90728647,1.416141,GM12878,0.9600158,1.0,1
ENSG00000198001,0.90728647,1.416141,GM12878,0.9600158,1.0,1
ENSG00000198001,1.2450943,1.416141,GM12878,0.8982482,1.0,1
ENSG00000198001,1.2557827,1.416141,GM12878,0.35526517,0.15306123,1
ENSG00000198001,0.90728647,1.416141,GM12878,0.9600158,0.67346936,1
ENSG00000198001,1.1041425,1.416141,GM12878,0.92123294,0.0983871,1
ENSG00000198001,1.1277936,1.416141,GM12878,0.92381483,0.83996993,1
ENSG00000198040,1.0085901,1.2619762,GM12878,0.9557458,1.0,1
ENSG00000198056,1.3943461,1.9697886,GM12878,0.97507054,1.0,1
ENSG00000198130,0.71468246,1.3565995,GM12878,0.966447,1.0,1
ENSG00000198130,0.5580833,1.3565995,GM12878,0.87145823,0.94187427,1
ENSG00000198270,0.9084455,1.8424845,GM12878,0.8761924,1.0,1
ENSG00000198270,1.1508389,1.8424845,GM12878,0.6758894,1.0,1
ENSG00000198270,1.5660863,1.8424845,GM12878,0.8780864,0.89046055,1
ENSG00000198270,0.9809653,1.8424845,GM12878,0.91549647,0.84433377,1
ENSG00000198270,1.3123112,1.8424845,GM12878,0.67657435,0.33092105,1
ENSG00000198353,-0.18874681,-0.27572414,GM12878,0.98935086,1.0,1
ENSG00000198369,1.2931975,1.1024337,GM12878,0.9797276,1.0,1
ENSG00000198380,1.2719698,1.0986438,GM12878,0.9699107,1.0,1
ENSG00000198393,0.87469894,0.7701153,GM12878,0.9756168,1.0,1
ENSG00000198393,0.8079445,0.7701153,GM12878,0.84629536,1.0,1
ENSG00000198399,1.0298814,1.0633334,GM12878,0.8687546,1.0,1
ENSG00000198399,1.083177,1.0633334,GM12878,0.8879928,0.0034602077,1
ENSG00000198399,0.8524866,1.0633334,GM12878,0.65965915,0.4114053,1
ENSG00000198431,1.6334689,2.1384606,GM12878,0.972561,1.0,1
ENSG00000198431,1.223808,2.1384606,GM12878,0.7355514,0.65478665,1
ENSG00000198431,1.2273359,2.1384606,GM12878,0.8836642,0.0020149343,1
ENSG00000198431,1.5724196,2.1384606,GM12878,0.9595089,1.0,1
ENSG00000198431,1.0212893,2.1384606,GM12878,0.5061111,0.036704335,1
ENSG00000198522,0.97042245,1.8420473,GM12878,0.86798155,1.0,1
ENSG00000198586,1.123322,1.3602146,GM12878,0.96259135,1.0,1
ENSG00000198586,1.2939996,1.3602146,GM12878,0.95358545,1.0,1
ENSG00000198586,1.0057653,1.3602146,GM12878,0.96098995,1.0,1
ENSG00000198586,1.121664,1.3602146,GM12878,0.9274149,1.0,1
ENSG00000198586,1.2656512,1.3602146,GM12878,0.9411278,0.00054347824,1
ENSG00000198586,1.0646745,1.3602146,GM12878,0.8602916,0.0076086954,1
ENSG00000198612,0.77958417,1.7039788,GM12878,0.9133646,1.0,1
ENSG00000198612,0.8206617,1.7039788,GM12878,0.8505803,0.8845161,1
ENSG00000198648,-0.094267264,-0.22914799,GM12878,0.9816151,1.0,1
ENSG00000198648,0.12644835,-0.22914799,GM12878,0.9869848,1.0,1
ENSG00000198648,-0.04226114,-0.22914799,GM12878,0.97232085,1.0,1
ENSG00000198707,0.9651737,0.74350977,GM12878,0.91487414,1.0,1
ENSG00000198707,1.1108124,0.74350977,GM12878,0.970763,0.9844358,1
ENSG00000198707,1.0331742,0.74350977,GM12878,0.9533317,0.054474708,1
ENSG00000198855,0.79878914,-0.11918641,GM12878,0.8195688,1.0,1
ENSG00000198885,0.7432307,0.350248,GM12878,0.8718075,1.0,1
ENSG00000198925,1.3028866,1.7627536,GM12878,0.65790516,1.0,1
ENSG00000198925,1.139248,1.7627536,GM12878,0.9435181,0.99839485,1
ENSG00000198925,1.230617,1.7627536,GM12878,0.628759,0.45178765,1
ENSG00000198925,1.2103662,1.7627536,GM12878,0.732734,0.2883263,1
ENSG00000204099,-0.3446191,-0.82390875,GM12878,0.9596832,1.0,1
ENSG00000204104,0.62587315,0.2764618,GM12878,0.92725635,1.0,1
ENSG00000204120,1.1223553,1.4695275,GM12878,0.9483911,1.0,1
ENSG00000204120,0.99605983,1.4695275,GM12878,0.9652031,1.0,1
ENSG00000204120,1.0996433,1.4695275,GM12878,0.90848273,0.9606481,1
ENSG00000204120,1.2192179,1.4695275,GM12878,0.9534329,0.04278075,1
ENSG00000204120,1.0283263,1.4695275,GM12878,0.9405583,0.9054054,1
ENSG00000204120,1.1865894,1.4695275,GM12878,0.9467286,0.025917927,1
ENSG00000204217,0.9809913,0.65705585,GM12878,0.86869824,1.0,1
ENSG00000204217,1.0157878,0.65705585,GM12878,0.92062074,1.0,1
ENSG00000204311,0.8571802,0.24303804,GM12878,0.95329356,1.0,1
ENSG00000204406,0.7528606,1.1900514,GM12878,0.946314,1.0,1
ENSG00000204406,0.2798479,1.1900514,GM12878,0.9354394,1.0,1
ENSG00000204634,-0.0139921475,-0.0043648053,GM12878,0.9868464,1.0,1
ENSG00000204842,1.4316516,1.4141374,GM12878,0.9472499,1.0,1
ENSG00000204842,1.3779894,1.4141374,GM12878,0.95601326,1.0,1
ENSG00000204842,1.3779894,1.4141374,GM12878,0.95601326,1.0,1
ENSG00000204842,1.2821634,1.4141374,GM12878,0.9731513,1.0,1
ENSG00000204842,1.2771142,1.4141374,GM12878,0.9604454,1.0,1
ENSG00000204842,1.1739645,1.4141374,GM12878,0.95566386,1.0,1
ENSG00000204842,1.3716569,1.4141374,GM12878,0.9235341,0.0,1
ENSG00000204842,1.2430934,1.4141374,GM12878,0.89973384,0.030837005,1
ENSG00000204842,1.3970022,1.4141374,GM12878,0.8034465,0.8839779,1
ENSG00000204842,1.2489046,1.4141374,GM12878,0.9628322,0.2626728,1
ENSG00000204843,1.2638732,1.4313638,GM12878,0.90946037,1.0,1
ENSG00000204843,0.8274231,1.4313638,GM12878,0.2980811,0.0,1
ENSG00000204852,0.47662854,0.9628427,GM12878,0.96611804,1.0,1
ENSG00000204852,0.39348748,0.9628427,GM12878,0.93717927,1.0,1
ENSG00000204852,0.7388061,0.9628427,GM12878,0.3233469,0.04016064,1
ENSG00000204852,0.30320957,0.9628427,GM12878,0.92377454,0.9795082,1
ENSG00000204852,0.42633992,0.9628427,GM12878,0.7222498,0.096885815,1
ENSG00000204852,0.37230465,0.9628427,GM12878,0.8090654,0.018796992,1
ENSG00000204856,0.9901448,1.8397921,GM12878,0.85647225,1.0,1
ENSG00000204856,0.9901448,1.8397921,GM12878,0.85647225,1.0,1
ENSG00000204856,1.3469315,1.8397921,GM12878,0.70699495,1.0,1
ENSG00000204856,1.1775964,1.8397921,GM12878,0.97898555,1.0,1
ENSG00000204856,1.2517312,1.8397921,GM12878,0.958377,0.9939551,1
ENSG00000204923,0.8066637,0.10720997,GM12878,0.9315258,1.0,1
ENSG00000204923,0.87047726,0.10720997,GM12878,0.80499095,1.0,1
ENSG00000204954,1.6376116,1.5497388,GM12878,0.76119334,1.0,1
ENSG00000204954,1.5111985,1.5497388,GM12878,0.94183195,0.018209409,1
ENSG00000205086,-0.4658199,-0.9586073,GM12878,0.95027053,1.0,1
ENSG00000205086,-0.6003134,-0.9586073,GM12878,0.9874206,1.0,1
ENSG00000205323,1.6091868,2.1086664,GM12878,0.97296935,1.0,1
ENSG00000205323,1.6409142,2.1086664,GM12878,0.94472265,0.97135794,1
ENSG00000205352,1.3162888,2.2241704,GM12878,0.8897839,1.0,1
ENSG00000205639,1.2437834,0.76417613,GM12878,0.937059,1.0,1
ENSG00000205707,1.0196185,1.3527611,GM12878,0.973046,1.0,1
ENSG00000205707,1.0196185,1.3527611,GM12878,0.973046,1.0,1
ENSG00000205707,0.96812356,1.3527611,GM12878,0.96401304,0.0,1
ENSG00000205795,-0.43125916,-0.9586073,GM12878,0.98609227,1.0,1
ENSG00000211455,0.6829076,0.5888317,GM12878,0.8854158,1.0,1
ENSG00000211460,1.338944,1.9278321,GM12878,0.97188324,1.0,1
ENSG00000211460,1.338944,1.9278321,GM12878,0.97188324,1.0,1
ENSG00000211460,1.3759152,1.9278321,GM12878,0.9743731,1.0,1
ENSG00000211460,1.3759152,1.9278321,GM12878,0.9743731,1.0,1
ENSG00000211460,1.3158455,1.9278321,GM12878,0.9335367,0.9965157,1
ENSG00000211584,0.94462305,1.0216027,GM12878,0.9573571,1.0,1
ENSG00000212127,1.1971437,0.24303804,GM12878,0.32686108,1.0,1
ENSG00000212127,1.1648221,0.24303804,GM12878,0.8939042,1.0,1
ENSG00000213160,1.270636,1.6390879,GM12878,0.9578201,1.0,1
ENSG00000213337,1.0889149,1.3562171,GM12878,0.868882,1.0,1
ENSG00000213639,1.3256569,1.6006463,GM12878,0.9767397,1.0,1
ENSG00000213699,1.2823366,1.0523092,GM12878,0.91254795,1.0,1
ENSG00000213699,1.2698299,1.0523092,GM12878,0.92010313,1.0,1
ENSG00000213699,1.2013372,1.0523092,GM12878,0.9158401,0.9528689,1
ENSG00000213699,1.1779492,1.0523092,GM12878,0.9522365,0.89855075,1
ENSG00000213699,1.1102053,1.0523092,GM12878,0.9452821,0.9669052,1
ENSG00000213782,1.2348888,1.5390761,GM12878,0.96429527,1.0,1
ENSG00000213782,1.0242921,1.5390761,GM12878,0.9344371,0.98846036,1
ENSG00000213782,1.2670789,1.5390761,GM12878,0.96582776,0.99616724,1
ENSG00000213809,-0.26257095,-0.7695511,GM12878,0.9411358,1.0,1
ENSG00000213809,-0.3663974,-0.7695511,GM12878,0.9839586,1.0,1
ENSG00000213901,-0.43523994,-0.3767507,GM12878,0.97431856,1.0,1
ENSG00000214595,0.7067732,-0.21467017,GM12878,0.8688783,1.0,1
ENSG00000214595,0.719215,-0.21467017,GM12878,0.9319384,1.0,1
ENSG00000214595,0.7060478,-0.21467017,GM12878,0.5165699,1.0,1
ENSG00000214595,0.6234235,-0.21467017,GM12878,0.919524,1.0,1
ENSG00000215021,1.4967706,2.5502162,GM12878,0.88286716,1.0,1
ENSG00000215021,1.380546,2.5502162,GM12878,0.8288086,1.0,1
ENSG00000215021,1.6037155,2.5502162,GM12878,0.9679804,1.0,1
ENSG00000215021,1.4355735,2.5502162,GM12878,0.8854811,1.0,1
ENSG00000215021,1.3783998,2.5502162,GM12878,0.82871795,1.0,1
ENSG00000218739,1.1573921,1.6078837,GM12878,0.9779245,1.0,1
ENSG00000219626,0.589375,0.48429984,GM12878,0.93255806,1.0,1
ENSG00000221823,1.2682244,1.0599419,GM12878,0.98106533,1.0,1
ENSG00000221823,1.2704161,1.0599419,GM12878,0.91042346,1.0,1
ENSG00000221823,1.0481683,1.0599419,GM12878,0.96892214,1.0,1
ENSG00000221823,0.87489384,1.0599419,GM12878,0.7750683,1.0,1
ENSG00000231672,-0.5847458,-0.9586073,GM12878,0.9919423,1.0,1
ENSG00000231887,0.57687104,0.48000693,GM12878,0.9070866,1.0,1
ENSG00000231887,0.44163173,0.48000693,GM12878,0.93458843,1.0,1
ENSG00000231887,0.42229882,0.48000693,GM12878,0.9477746,1.0,1
ENSG00000235162,-0.3541151,-0.26760623,GM12878,0.9790949,1.0,1
ENSG00000239305,0.74328965,0.553883,GM12878,0.9676078,1.0,1
ENSG00000239474,-0.22206607,-0.7212464,GM12878,0.99212074,1.0,1
ENSG00000239779,0.56941813,1.2156376,GM12878,0.8815276,1.0,1
ENSG00000239779,0.8652961,1.2156376,GM12878,0.78774774,0.1745283,1
ENSG00000240344,1.3353009,1.7319914,GM12878,0.9321383,1.0,1
ENSG00000240344,1.3353009,1.7319914,GM12878,0.9321383,1.0,1
ENSG00000240344,1.3956527,1.7319914,GM12878,0.97479534,0.74934864,1
ENSG00000240344,1.2077516,1.7319914,GM12878,0.263052,0.0,1
ENSG00000240344,0.9314135,1.7319914,GM12878,0.732921,0.7108597,1
ENSG00000240771,0.82332075,1.0934217,GM12878,0.8865195,1.0,1
ENSG00000241119,-0.5885089,-0.9586073,GM12878,0.9935482,1.0,1
ENSG00000241962,0.7078983,-0.43179828,GM12878,0.9709679,1.0,1
ENSG00000243244,0.124673694,0.025305865,GM12878,0.9782663,1.0,1
ENSG00000243667,1.0677873,0.5428254,GM12878,0.89520335,1.0,1
ENSG00000243667,1.066093,0.5428254,GM12878,0.9344525,1.0,1
ENSG00000243943,1.0171648,1.8286599,GM12878,0.9227403,1.0,1
ENSG00000243943,1.0595306,1.8286599,GM12878,0.7315448,0.0132,1
ENSG00000243943,1.1305515,1.8286599,GM12878,0.655041,0.48008007,1
ENSG00000243943,1.2876977,1.8286599,GM12878,0.76650894,0.98646265,1
ENSG00000247077,1.2760404,1.5903959,GM12878,0.9773501,1.0,1
ENSG00000250565,0.7265258,0.90091306,GM12878,0.9103359,1.0,1
ENSG00000251569,0.6855641,-0.24412514,GM12878,0.9617073,1.0,1
ENSG00000251569,0.522196,-0.24412514,GM12878,0.9636604,1.0,1
ENSG00000251569,0.66694224,-0.24412514,GM12878,0.9576204,1.0,1
ENSG00000251569,0.8506844,-0.24412514,GM12878,0.881887,1.0,1
ENSG00000256223,0.6284707,0.5843312,GM12878,0.93058103,1.0,1
ENSG00000256223,0.8364937,0.5843312,GM12878,0.8594282,1.0,1
ENSG00000256223,0.5776354,0.5843312,GM12878,0.846901,1.0,1
ENSG00000256223,0.5550344,0.5843312,GM12878,0.89748585,1.0,1
ENSG00000257218,1.5153372,1.438384,GM12878,0.882271,1.0,1
ENSG00000257218,1.4469908,1.438384,GM12878,0.37470695,0.18068764,1
ENSG00000257390,0.9334109,-0.55284196,GM12878,0.97686243,1.0,1
ENSG00000257390,0.8921178,-0.55284196,GM12878,0.96287507,1.0,1
ENSG00000257390,1.0029398,-0.55284196,GM12878,0.94551456,1.0,1
ENSG00000257390,0.5712557,-0.55284196,GM12878,0.86042345,1.0,1
ENSG00000257727,1.0598197,2.1634,GM12878,0.96682745,1.0,1
ENSG00000257921,1.4185253,-0.13667715,GM12878,0.7412059,1.0,1
ENSG00000258311,1.2482722,0.096910015,GM12878,0.82640463,1.0,1
ENSG00000259075,1.4132714,-0.33724216,GM12878,0.8439503,1.0,1
