,PredExpr,ActualExpr,PredPsi,ActualPsi,fold_idx
ENSG00000002016,1.2938826,1.0107238,0.8914273,1.0,1
ENSG00000002016,1.2789849,1.0107238,0.8716232,1.0,1
ENSG00000002016,1.3990452,1.0107238,0.8649636,0.208,1
ENSG00000002016,1.2876326,1.0107238,0.8885686,0.0,1
ENSG00000003056,1.4836141,1.9407157,0.9227326,1.0,1
ENSG00000003056,1.4258486,1.9407157,0.9371151,1.0,1
ENSG00000003056,1.4018458,1.9407157,0.94295895,1.0,1
ENSG00000003393,1.0986333,1.0102999,0.9404478,1.0,1
ENSG00000003393,1.1604737,1.0102999,0.8765844,0.00589391,1
ENSG00000003400,1.2516445,1.224274,0.9059598,0.929374,1
ENSG00000003400,1.2535933,1.224274,0.8775418,0.88451445,1
ENSG00000003402,1.5627736,1.7873896,0.8248614,1.0,1
ENSG00000003402,1.560372,1.7873896,0.7929517,1.0,1
ENSG00000003402,1.5883626,1.7873896,0.7933348,0.026152482,1
ENSG00000003436,1.3139163,2.6872168,0.86551905,1.0,1
ENSG00000003509,1.3683903,1.4595432,0.9054464,1.0,1
ENSG00000003509,1.318007,1.4595432,0.8944391,0.9572501,1
ENSG00000004478,0.51712954,1.8022262,0.96963745,1.0,1
ENSG00000004700,1.0094078,1.2805784,0.94296837,1.0,1
ENSG00000005175,1.3319994,1.506505,0.9011438,1.0,1
ENSG00000005175,1.3288372,1.506505,0.87541395,1.0,1
ENSG00000005175,1.3367133,1.506505,0.86130714,1.0,1
ENSG00000005175,1.37003,1.506505,0.90324646,0.75994515,1
ENSG00000005175,1.3103935,1.506505,0.8981364,0.41775545,1
ENSG00000005436,1.4835888,1.3756636,0.84437567,1.0,1
ENSG00000005436,1.4835888,1.3756636,0.84437567,1.0,1
ENSG00000005436,1.4373266,1.3756636,0.89395326,0.6383266,1
ENSG00000005436,1.4391681,1.3756636,0.90814763,1.0,1
ENSG00000005448,-0.4559908,1.0976043,0.99065125,1.0,1
ENSG00000005448,-0.4862529,1.0976043,0.99013317,0.98672116,1
ENSG00000006607,0.95721555,1.3558345,0.9177203,1.0,1
ENSG00000006607,0.8754147,1.3558345,0.8702463,1.0,1
ENSG00000006607,0.90677536,1.3558345,0.92618954,1.0,1
ENSG00000006831,1.1773664,1.6070259,0.9398856,1.0,1
ENSG00000006831,1.1673195,1.6070259,0.8892769,1.0,1
ENSG00000008323,-0.24429637,-0.4685211,0.9826644,1.0,1
ENSG00000008323,-0.2783352,-0.4685211,0.9798507,1.0,1
ENSG00000008394,-0.07184453,1.8624295,0.9877285,1.0,1
ENSG00000008394,-4.1216612e-05,1.8624295,0.9868602,0.9928535,1
ENSG00000008394,-0.09725942,1.8624295,0.9878741,0.002157756,1
ENSG00000008405,1.3108063,1.4427933,0.9259152,1.0,1
ENSG00000008869,1.8131355,1.2008505,0.90740085,1.0,1
ENSG00000008869,1.8606644,1.2008505,0.8901429,1.0,1
ENSG00000008869,1.9054097,1.2008505,0.83534217,1.0,1
ENSG00000010219,0.17839333,1.3230457,0.98162705,1.0,1
ENSG00000010219,0.08300875,1.3230457,0.9782088,0.037339557,1
ENSG00000010278,-0.06882315,0.84633714,0.96433216,1.0,1
ENSG00000010278,0.0012684762,0.84633714,0.9563605,0.14880952,1
ENSG00000010292,1.6684185,1.8221027,0.891384,1.0,1
ENSG00000010292,1.5894908,1.8221027,0.8943517,1.0,1
ENSG00000010292,1.6186413,1.8221027,0.90106,1.0,1
ENSG00000010292,1.6647322,1.8221027,0.8227706,0.75792295,1
ENSG00000010626,0.82923913,0.7671559,0.9359367,1.0,1
ENSG00000010626,0.83784026,0.7671559,0.9434921,1.0,1
ENSG00000011523,1.1838803,0.7888751,0.90640324,1.0,1
ENSG00000011523,1.3183552,0.7888751,0.92414284,0.095108695,1
ENSG00000011566,1.757608,1.129045,0.82477915,1.0,1
ENSG00000011566,1.816044,1.129045,0.7921805,1.0,1
ENSG00000011566,1.7795986,1.129045,0.81558216,1.0,1
ENSG00000011566,1.7606254,1.129045,0.83743376,1.0,1
ENSG00000012822,1.5615462,1.4377506,0.92309844,1.0,1
ENSG00000012822,1.6215564,1.4377506,0.83384323,0.9685535,1
ENSG00000013016,-0.7692481,-0.92081875,0.9949497,1.0,1
ENSG00000013441,1.481284,1.877947,0.92518735,1.0,1
ENSG00000013441,1.4191566,1.877947,0.9388075,1.0,1
ENSG00000013441,1.4861566,1.877947,0.91416574,0.34098136,1
ENSG00000013503,1.1584128,0.9020029,0.83679736,1.0,1
ENSG00000013503,1.2227389,0.9020029,0.9202276,1.0,1
ENSG00000013503,1.2472931,0.9020029,0.90119034,1.0,1
ENSG00000013573,1.3972405,1.6029277,0.9344993,0.9442283,1
ENSG00000013573,1.2758051,1.6029277,0.9197975,0.8894231,1
ENSG00000013588,-0.37575692,-0.69897,0.98493445,1.0,1
ENSG00000014641,0.8250617,2.5179346,0.9399651,1.0,1
ENSG00000014641,0.83178484,2.5179346,0.9393735,0.99506503,1
ENSG00000015153,1.4174839,1.2342641,0.89678425,0.0,1
ENSG00000015153,1.4217259,1.2342641,0.86504,0.20512821,1
ENSG00000015153,1.4202565,1.2342641,0.87104595,0.18585859,1
ENSG00000015153,1.4102453,1.2342641,0.88821733,0.34181508,1
ENSG00000015153,1.4202565,1.2342641,0.87104595,0.0,1
ENSG00000015568,-0.5525587,0.30535138,0.99149054,1.0,1
ENSG00000017427,0.32688314,0.5301997,0.93034786,1.0,1
ENSG00000017427,0.32688314,0.5301997,0.93034786,1.0,1
ENSG00000018280,-0.68831825,-0.25181198,0.9925027,1.0,1
ENSG00000018510,1.1631322,1.5725231,0.9083445,1.0,1
ENSG00000018510,1.1687621,1.5725231,0.89155596,1.0,1
ENSG00000018510,1.1681,1.5725231,0.9174871,1.0,1
ENSG00000018510,1.1937007,1.5725231,0.85540843,1.0,1
ENSG00000018510,1.1796736,1.5725231,0.9186215,1.0,1
ENSG00000018510,1.210864,1.5725231,0.80199134,1.0,1
ENSG00000018699,1.1868833,1.6684791,0.91815776,1.0,1
ENSG00000021574,1.7496774,1.024075,0.9051832,1.0,1
ENSG00000021574,1.7328407,1.024075,0.9012689,1.0,1
ENSG00000021574,1.863434,1.024075,0.8283974,1.0,1
ENSG00000021574,1.7716807,1.024075,0.7642528,1.0,1
ENSG00000021826,-0.22020714,0.9973864,0.9663498,1.0,1
ENSG00000022840,1.4030055,1.8890775,0.8504577,1.0,1
ENSG00000022840,1.350625,1.8890775,0.8065434,1.0,1
ENSG00000022840,1.4055246,1.8890775,0.89813733,1.0,1
ENSG00000022840,1.4011259,1.8890775,0.74611723,1.0,1
ENSG00000022840,1.4068345,1.8890775,0.92662525,1.0,1
ENSG00000023228,1.109725,1.9354569,0.9169808,1.0,1
ENSG00000023228,0.84216124,1.9354569,0.9285466,0.66994554,1
ENSG00000023228,0.82110023,1.9354569,0.9348629,0.88380915,1
ENSG00000023697,-0.43944687,0.5888317,0.99197304,1.0,1
ENSG00000023734,0.7429216,1.9306434,0.93911743,1.0,1
ENSG00000023734,0.85555845,1.9306434,0.8230812,0.0023739957,1
ENSG00000023734,0.7320706,1.9306434,0.9243063,0.9822006,1
ENSG00000028116,1.4661305,1.4935975,0.9233427,1.0,1
ENSG00000028116,1.5183703,1.4935975,0.8276857,1.0,1
ENSG00000028116,1.53762,1.4935975,0.7959661,1.0,1
ENSG00000028116,1.4522806,1.4935975,0.926573,1.0,1
ENSG00000028116,1.5431005,1.4935975,0.6924507,0.0,1
ENSG00000028116,1.4854566,1.4935975,0.85809684,0.0,1
ENSG00000028116,1.4673554,1.4935975,0.9202052,0.06367535,1
ENSG00000028116,1.5517675,1.4935975,0.83040965,0.88485646,1
ENSG00000028116,1.5660384,1.4935975,0.7119479,0.045859452,1
ENSG00000028203,1.3298072,1.6555226,0.8673033,1.0,1
ENSG00000028203,1.368479,1.6555226,0.7317462,0.8412138,1
ENSG00000028203,1.341752,1.6555226,0.84692174,0.7894737,1
ENSG00000028203,1.3473638,1.6555226,0.8380442,0.948542,1
ENSG00000028203,1.316162,1.6555226,0.8730001,0.35714287,1
ENSG00000028203,1.3394312,1.6555226,0.8664854,0.0,1
ENSG00000029153,0.1118623,-0.22914799,0.9763713,1.0,1
ENSG00000032389,1.5031351,1.6226285,0.8083479,1.0,1
ENSG00000033030,1.8448565,1.3785796,0.89667606,1.0,1
ENSG00000033030,1.674678,1.3785796,0.90493995,0.9973082,1
ENSG00000034510,0.7033274,2.497952,0.95848465,1.0,1
ENSG00000035115,0.5164233,0.811575,0.955742,1.0,1
ENSG00000035115,0.82880116,0.811575,0.73242426,0.6007905,1
ENSG00000035115,0.58521605,0.811575,0.89685386,1.0,1
ENSG00000035115,0.62451494,0.811575,0.86961097,0.0042735045,1
ENSG00000035115,0.27403355,0.811575,0.9624176,0.27142859,1
ENSG00000035141,0.92480505,1.8196098,0.9445247,1.0,1
ENSG00000035141,0.81836843,1.8196098,0.94258726,1.0,1
ENSG00000035141,0.97761023,1.8196098,0.9033842,0.0066541545,1
ENSG00000036257,0.66583514,1.4462264,0.9346706,1.0,1
ENSG00000037897,1.5373935,1.5247854,0.93238145,1.0,1
ENSG00000037897,1.4368881,1.5247854,0.9010203,1.0,1
ENSG00000037897,1.4687635,1.5247854,0.916373,0.23014441,1
ENSG00000040933,0.94339526,1.0366288,0.93910795,1.0,1
ENSG00000040933,0.97473204,1.0366288,0.85359055,0.10675381,1
ENSG00000042445,1.0971119,1.1417632,0.95139104,1.0,1
ENSG00000042445,0.8645931,1.1417632,0.93648237,1.0,1
ENSG00000042445,1.0689508,1.1417632,0.9522318,0.6638585,1
ENSG00000042445,0.9102291,1.1417632,0.9463311,0.99119496,1
ENSG00000042493,0.3123997,1.725585,0.9565907,1.0,1
ENSG00000047621,1.085064,1.0417873,0.9122929,1.0,1
ENSG00000047621,1.0894827,1.0417873,0.91244847,1.0,1
ENSG00000047621,1.1107055,1.0417873,0.88784355,1.0,1
ENSG00000048991,1.5589312,1.7825443,0.83016247,1.0,1
ENSG00000048991,1.463118,1.7825443,0.8834406,1.0,1
ENSG00000048991,1.298592,1.7825443,0.7361121,0.9871293,1
ENSG00000048991,1.3641084,1.7825443,0.83433336,0.027957622,1
ENSG00000049323,-0.0874296,1.04883,0.97594917,1.0,1
ENSG00000049323,-0.15107991,1.04883,0.9818534,1.0,1
ENSG00000050405,0.90722597,1.3907585,0.9243178,1.0,1
ENSG00000050405,0.8680792,1.3907585,0.9194295,0.0,1
ENSG00000050426,1.8933731,2.1715217,0.873983,1.0,1
ENSG00000050426,1.9047781,2.1715217,0.9206297,1.0,1
ENSG00000050426,1.9238187,2.1715217,0.90001917,1.0,1
ENSG00000050426,1.8936243,2.1715217,0.8779809,0.8888889,1
ENSG00000050426,1.7306534,2.1715217,0.9146447,0.92021114,1
ENSG00000050426,1.7306534,2.1715217,0.9146447,0.063182525,1
ENSG00000050426,1.8196677,2.1715217,0.89460963,0.07553957,1
ENSG00000050426,1.895706,2.1715217,0.88196915,0.9354232,1
ENSG00000050438,0.2683938,-0.33724216,0.96644765,1.0,1
ENSG00000051825,1.7237989,1.6564815,0.78985095,1.0,1
ENSG00000051825,1.6992329,1.6564815,0.7293019,0.26948357,1
ENSG00000055044,1.3498721,2.0313277,0.8993504,1.0,1
ENSG00000055044,1.4064292,2.0313277,0.902592,0.032931123,1
ENSG00000055332,1.363793,0.9934362,0.89096224,1.0,1
ENSG00000055332,1.2590121,0.9934362,0.9343678,1.0,1
ENSG00000055332,1.314649,0.9934362,0.9029174,0.69730943,1
ENSG00000055917,1.1604499,1.6688516,0.91910976,1.0,1
ENSG00000055917,1.1183742,1.6688516,0.9098761,1.0,1
ENSG00000055917,1.1783774,1.6688516,0.8930606,1.0,1
ENSG00000055917,1.1090595,1.6688516,0.9176735,0.8681767,1
ENSG00000055917,1.1429746,1.6688516,0.92844856,0.90764415,1
ENSG00000055917,1.148965,1.6688516,0.90772265,0.14331445,1
ENSG00000057935,0.48490083,1.4459155,0.9530987,1.0,1
ENSG00000058272,1.1342536,1.5872618,0.9054895,1.0,1
ENSG00000058272,1.1134421,1.5872618,0.6661122,0.0,1
ENSG00000058272,1.0900367,1.5872618,0.90495354,1.0,1
ENSG00000058272,1.1528139,1.5872618,0.89116156,0.9219089,1
ENSG00000058272,1.1493171,1.5872618,0.87731856,0.48738533,1
ENSG00000059728,1.4388348,1.3909351,0.91118205,1.0,1
ENSG00000059728,1.4116919,1.3909351,0.9174743,1.0,1
ENSG00000059728,1.4914525,1.3909351,0.69217974,0.9619565,1
ENSG00000059758,1.426444,1.2033049,0.88062245,1.0,1
ENSG00000059758,1.431748,1.2033049,0.8642095,0.98778194,1
ENSG00000059804,1.0923337,2.4926348,0.9386857,1.0,1
ENSG00000060138,0.4286536,1.5975856,0.9693638,1.0,1
ENSG00000060138,0.40313238,1.5975856,0.97306406,1.0,1
ENSG00000060138,0.4047091,1.5975856,0.97609824,0.59007204,1
ENSG00000060138,0.6747236,1.5975856,0.81072074,0.0,1
ENSG00000060140,0.24459927,-0.4436975,0.9726405,1.0,1
ENSG00000060237,0.88235366,1.378398,0.9517031,1.0,1
ENSG00000060237,0.8747338,1.378398,0.9452606,0.0,1
ENSG00000060237,0.975701,1.378398,0.8089183,0.0,1
ENSG00000060982,2.1269035,1.6651118,0.88065255,1.0,1
ENSG00000060982,2.0730145,1.6651118,0.89655566,0.9716636,1
ENSG00000060982,2.1713722,1.6651118,0.8701703,0.9990838,1
ENSG00000061273,1.6713427,1.4109459,0.90918636,1.0,1
ENSG00000061273,1.5979806,1.4109459,0.8616806,1.0,1
ENSG00000061273,1.6631571,1.4109459,0.9130298,0.0,1
ENSG00000061273,1.7816486,1.4109459,0.91767925,0.42357275,1
ENSG00000061273,1.660044,1.4109459,0.8461323,1.0,1
ENSG00000061676,1.5878483,2.0211065,0.918623,1.0,1
ENSG00000061936,1.3730884,1.2929204,0.88140804,1.0,1
ENSG00000061936,1.2106196,1.2929204,0.8807163,1.0,1
ENSG00000061936,1.3099798,1.2929204,0.8916289,1.0,1
ENSG00000061936,1.3119069,1.2929204,0.92698324,0.014285714,1
ENSG00000061987,1.8056726,1.2079035,0.81754935,1.0,1
ENSG00000061987,1.6932054,1.2079035,0.87873745,1.0,1
ENSG00000061987,1.9096847,1.2079035,0.5893867,0.12878788,1
ENSG00000061987,1.84678,1.2079035,0.5878451,0.0,1
ENSG00000062485,1.859783,2.056333,0.6899733,1.0,1
ENSG00000062485,1.859783,2.056333,0.6899733,1.0,1
ENSG00000062485,1.8448197,2.056333,0.8623961,0.0,1
ENSG00000062485,1.7679518,2.056333,0.90346545,0.016642628,1
ENSG00000063046,1.8999001,2.591098,0.91775787,1.0,1
ENSG00000063046,1.982917,2.591098,0.9140676,1.0,1
ENSG00000063046,2.0175266,2.591098,0.8988899,0.9991147,1
ENSG00000063046,2.0370789,2.591098,0.9182996,0.7175943,1
ENSG00000063660,0.15808062,-0.5850267,0.9834132,1.0,1
ENSG00000063660,0.21971478,-0.5850267,0.9778244,1.0,1
ENSG00000064012,1.1065017,1.1000258,0.92437917,1.0,1
ENSG00000064012,1.0969774,1.1000258,0.93034506,0.0,1
ENSG00000064012,1.1815847,1.1000258,0.87511754,0.36689654,1
ENSG00000064012,1.1345071,1.1000258,0.90684867,0.9888476,1
ENSG00000064102,1.8372991,1.7070589,0.7994398,1.0,1
ENSG00000064102,1.8652953,1.7070589,0.83747756,1.0,1
ENSG00000064102,1.8492723,1.7070589,0.770518,1.0,1
ENSG00000064115,0.872345,1.8372726,0.94270325,1.0,1
ENSG00000064763,0.1675785,0.920645,0.98767984,1.0,1
ENSG00000064933,1.1266226,1.227115,0.9031345,1.0,1
ENSG00000064933,1.0994788,1.227115,0.8982217,1.0,1
ENSG00000064933,1.2325388,1.227115,0.8832468,1.0,1
ENSG00000064933,1.1660823,1.227115,0.79806864,0.9388275,1
ENSG00000064933,1.0456898,1.227115,0.9126152,0.9592183,1
ENSG00000064933,1.1812028,1.227115,0.8622717,0.0027777778,1
ENSG00000064933,1.1744196,1.227115,0.76262397,0.595217,1
ENSG00000064989,0.38981223,-0.92081875,0.8468061,1.0,1
ENSG00000065357,0.84524685,0.81954396,0.9567431,0.8831169,1
ENSG00000065548,0.95402586,2.1490343,0.9213327,1.0,1
ENSG00000065548,0.9827633,2.1490343,0.9291274,1.0,1
ENSG00000065548,1.0476488,2.1490343,0.91176933,1.0,1
ENSG00000065548,0.9810029,2.1490343,0.91716444,1.0,1
ENSG00000065548,0.94195753,2.1490343,0.93099433,0.27601242,1
ENSG00000065802,1.4845186,1.3005955,0.93482995,1.0,1
ENSG00000065911,1.7536179,2.3176246,0.9113912,1.0,1
ENSG00000065911,1.6885426,2.3176246,0.9274452,0.15467583,1
ENSG00000065911,1.7312679,2.3176246,0.9129208,0.99922943,1
ENSG00000065970,1.1869966,0.35793483,0.89767194,1.0,1
ENSG00000066084,0.9445292,1.2650537,0.9571726,1.0,1
ENSG00000066117,0.9059746,1.6785184,0.9466426,1.0,1
ENSG00000066117,0.70947134,1.6785184,0.93478996,1.0,1
ENSG00000066117,0.70947134,1.6785184,0.93478996,1.0,1
ENSG00000066117,0.55215275,1.6785184,0.94732624,0.44461077,1
ENSG00000067066,0.49350095,1.4056878,0.98112845,1.0,1
ENSG00000067066,0.75854206,1.4056878,0.8931333,0.8678011,1
ENSG00000067066,0.4487716,1.4056878,0.9740534,0.009708738,1
ENSG00000067066,0.6581103,1.4056878,0.9381093,0.8682635,1
ENSG00000067182,1.0886598,1.351603,0.90429515,1.0,1
ENSG00000067182,1.0367627,1.351603,0.9401039,0.9922929,1
ENSG00000067182,1.0207418,1.351603,0.9256716,0.99613154,1
ENSG00000068024,1.1049658,0.48429984,0.92972714,1.0,1
ENSG00000068654,0.961547,0.9454686,0.9165162,1.0,1
ENSG00000068697,1.3209895,2.0860393,0.8659228,1.0,1
ENSG00000068697,1.3076297,2.0860393,0.9185371,1.0,1
ENSG00000068724,1.0561634,0.81491315,0.90128875,1.0,1
ENSG00000068724,1.1246915,0.81491315,0.89641553,0.018796992,1
ENSG00000068724,1.1160353,0.81491315,0.9319321,0.065789476,1
ENSG00000068724,1.1472392,0.81491315,0.93976104,0.9868914,1
ENSG00000068724,1.1402911,0.81491315,0.9369192,0.9580537,1
ENSG00000068724,1.156768,0.81491315,0.9303048,0.0,1
ENSG00000068784,1.294606,0.94101423,0.9025903,1.0,1
ENSG00000068878,1.171047,1.7384634,0.9135103,1.0,1
ENSG00000068878,1.1704,1.7384634,0.9271641,0.639196,1
ENSG00000068878,1.1753603,1.7384634,0.93392193,0.9855346,1
ENSG00000068912,1.1956244,1.462398,0.92270344,1.0,1
ENSG00000068912,1.13664,1.462398,0.9226319,0.8584008,1
ENSG00000069493,-0.3814916,0.64836,0.9871126,1.0,1
ENSG00000069493,-0.1866243,0.64836,0.95507944,0.87815124,1
ENSG00000069493,-0.15898274,0.64836,0.9702496,0.44295302,1
ENSG00000070018,1.0819138,0.89376175,0.93788046,1.0,1
ENSG00000070019,-0.69692564,-0.92081875,0.99242485,1.0,1
ENSG00000070019,-0.7659323,-0.92081875,0.993089,1.0,1
ENSG00000070019,-0.825929,-0.92081875,0.9950578,1.0,1
ENSG00000070019,-0.85403985,-0.92081875,0.9953816,1.0,1
ENSG00000070961,1.1451246,1.1994809,0.90901875,1.0,1
ENSG00000070961,1.1797017,1.1994809,0.76238745,1.0,1
ENSG00000070961,1.1488062,1.1994809,0.9204351,1.0,1
ENSG00000070961,1.1815852,1.1994809,0.91807425,0.97525775,1
ENSG00000071051,0.76969993,0.57054293,0.9329738,1.0,1
ENSG00000071051,0.5862548,0.57054293,0.9291937,0.5444015,1
ENSG00000071054,1.2562827,1.5724069,0.90240663,1.0,1
ENSG00000071054,1.2993528,1.5724069,0.8997281,0.41871583,1
ENSG00000071054,1.3470803,1.5724069,0.5849855,0.58128417,1
ENSG00000071054,1.2515361,1.5724069,0.8988067,0.38251367,1
ENSG00000071073,0.20694275,-0.60206,0.9364221,1.0,1
ENSG00000071073,0.21214885,-0.60206,0.96164364,1.0,1
ENSG00000071073,0.32769126,-0.60206,0.89876896,1.0,1
ENSG00000071073,0.2572438,-0.60206,0.958453,1.0,1
ENSG00000071073,0.2838258,-0.60206,0.9566978,1.0,1
ENSG00000071575,1.0047227,1.2995073,0.86286795,1.0,1
ENSG00000071909,-0.491894,0.21484385,0.9907933,1.0,1
ENSG00000071967,1.4267277,1.2600714,0.92872846,1.0,1
ENSG00000071967,1.543952,1.2600714,0.9373646,1.0,1
ENSG00000071967,1.543952,1.2600714,0.9373646,1.0,1
ENSG00000071967,1.4267277,1.2600714,0.92872846,0.95373666,1
ENSG00000072135,1.5296837,1.6394864,0.6948582,1.0,1
ENSG00000072135,1.4000763,1.6394864,0.8970787,1.0,1
ENSG00000072135,1.420101,1.6394864,0.8672121,1.0,1
ENSG00000072609,1.504379,1.4173056,0.8082082,1.0,1
ENSG00000072609,1.5097402,1.4173056,0.8162326,1.0,1
ENSG00000072609,1.422581,1.4173056,0.8353648,0.067885116,1
ENSG00000072609,1.4096581,1.4173056,0.7996513,0.51428574,1
ENSG00000072609,1.3846989,1.4173056,0.84464604,0.41571194,1
ENSG00000072609,1.4297327,1.4173056,0.781322,0.5989933,1
ENSG00000073060,1.2982671,1.9950645,0.9031806,1.0,1
ENSG00000073060,1.3073194,1.9950645,0.9083352,0.6875557,1
ENSG00000073060,1.3541185,1.9950645,0.89572626,0.02337278,1
ENSG00000073614,1.3890148,1.0043213,0.8787844,1.0,1
ENSG00000073614,1.5180486,1.0043213,0.8254633,1.0,1
ENSG00000073614,1.4391005,1.0043213,0.85056984,0.07196402,1
ENSG00000074054,1.625939,0.8756399,0.90490365,1.0,1
ENSG00000074054,1.6976827,0.8756399,0.8567775,1.0,1
ENSG00000074054,1.7329248,0.8756399,0.8754698,1.0,1
ENSG00000074582,0.898013,1.6382896,0.91409284,1.0,1
ENSG00000074582,0.80344474,1.6382896,0.95148104,0.04265403,1
ENSG00000074582,0.8892456,1.6382896,0.93785137,0.012707722,1
ENSG00000074582,0.81924415,1.6382896,0.94596964,0.039923955,1
ENSG00000075089,1.1054878,1.8997658,0.92491204,1.0,1
ENSG00000075089,1.1291583,1.8997658,0.9167237,0.9995011,1
ENSG00000075188,1.2131196,2.2130394,0.9018902,1.0,1
ENSG00000075188,1.2000576,2.2130394,0.8641344,0.026617851,1
ENSG00000075292,1.0433322,1.8391637,0.90589947,1.0,1
ENSG00000075292,1.0401953,1.8391637,0.8689724,0.9626697,1
ENSG00000075415,2.1752546,2.5069783,0.8569375,1.0,1
ENSG00000075426,0.83355176,-0.34678748,0.9655825,1.0,1
ENSG00000075426,0.85618925,-0.34678748,0.95942897,1.0,1
ENSG00000075856,1.8438119,1.4109459,0.7432333,1.0,1
ENSG00000075856,1.8600781,1.4109459,0.8177243,0.9958042,1
ENSG00000075856,1.8411785,1.4109459,0.863131,0.025874127,1
ENSG00000075884,-0.23041601,-0.013228266,0.9832508,1.0,1
ENSG00000076003,1.4050391,1.9534214,0.92052567,1.0,1
ENSG00000076003,1.4169033,1.9534214,0.91046417,1.0,1
ENSG00000076067,-0.09781513,0.12057393,0.9763639,1.0,1
ENSG00000076108,1.678101,1.8205298,0.92918974,1.0,1
ENSG00000076108,1.6669279,1.8205298,0.81737673,1.0,1
ENSG00000076108,1.6021713,1.8205298,0.90207314,0.15889744,1
ENSG00000076248,1.3728217,1.2966652,0.86768824,1.0,1
ENSG00000076248,1.3344809,1.2966652,0.86595374,0.99693567,1
ENSG00000076513,1.5233194,1.5936183,0.8888438,1.0,1
ENSG00000076513,1.5233194,1.5936183,0.8888438,1.0,1
ENSG00000076513,1.4916941,1.5936183,0.82558775,1.0,1
ENSG00000076513,1.5381948,1.5936183,0.8901379,1.0,1
ENSG00000076513,1.4960048,1.5936183,0.90795165,0.986946,1
ENSG00000077044,0.49604154,1.1964525,0.96244764,1.0,1
ENSG00000077044,0.5389151,1.1964525,0.9619683,0.01369863,1
ENSG00000077232,1.7489985,1.5851222,0.8276415,1.0,1
ENSG00000077232,1.7236842,1.5851222,0.87277526,1.0,1
ENSG00000077232,1.863821,1.5851222,0.5905841,0.9609848,1
ENSG00000077232,1.8335731,1.5851222,0.7665534,0.014757281,1
ENSG00000077232,1.8300685,1.5851222,0.8187257,0.03846154,1
ENSG00000077232,1.7568244,1.5851222,0.8785801,0.08199643,1
ENSG00000077380,1.2778871,2.136467,0.92875,1.0,1
ENSG00000077380,1.3326672,2.136467,0.64842683,0.0,1
ENSG00000077380,1.3149059,2.136467,0.8490747,0.0011638433,1
ENSG00000078237,0.5360584,-0.52287877,0.78669256,1.0,1
ENSG00000078246,1.6072739,0.98587537,0.9109104,1.0,1
ENSG00000078246,1.6613499,0.98587537,0.9061429,0.9167604,1
ENSG00000078246,1.6755666,0.98587537,0.8966037,0.9943757,1
ENSG00000078246,1.6693581,0.98587537,0.86189824,0.9223847,1
ENSG00000078246,1.6701556,0.98587537,0.9020175,0.9943757,1
ENSG00000079150,1.2943169,1.154424,0.9328521,1.0,1
ENSG00000079150,1.2255212,1.154424,0.93183565,0.83908045,1
ENSG00000079150,1.2423612,1.154424,0.92443246,0.23958333,1
ENSG00000079150,1.2943169,1.154424,0.9328521,0.38020834,1
ENSG00000079156,0.736693,1.1510632,0.9505684,1.0,1
ENSG00000079246,1.2143335,2.570823,0.917032,1.0,1
ENSG00000079246,1.2235818,2.570823,0.9098042,1.0,1
ENSG00000079337,0.8282464,-0.34678748,0.9679359,1.0,1
ENSG00000079337,0.8457932,-0.34678748,0.95843977,1.0,1
ENSG00000079387,1.5580254,1.6055205,0.8211984,1.0,1
ENSG00000079387,1.5453631,1.6055205,0.9215302,0.29693994,1
ENSG00000079785,1.0157602,2.186589,0.91648334,1.0,1
ENSG00000080345,1.6102511,1.4865721,0.931158,1.0,1
ENSG00000080345,1.6008946,1.4865721,0.8865729,1.0,1
ENSG00000080345,1.5426748,1.4865721,0.92693484,1.0,1
ENSG00000080345,1.579796,1.4865721,0.8195879,0.20479302,1
ENSG00000080345,1.7021888,1.4865721,0.8990667,0.6510773,1
ENSG00000080371,1.1565698,0.9375179,0.91742474,1.0,1
ENSG00000080371,1.1263298,0.9375179,0.87531173,1.0,1
ENSG00000080371,1.1991069,0.9375179,0.9090388,1.0,1
ENSG00000081320,1.2956458,0.9375179,0.8328291,1.0,1
ENSG00000081320,1.2852352,0.9375179,0.9044114,1.0,1
ENSG00000081320,1.2948524,0.9375179,0.8918492,1.0,1
ENSG00000081760,1.2585322,0.666518,0.8536314,1.0,1
ENSG00000081760,1.1388832,0.666518,0.92659026,1.0,1
ENSG00000081760,1.1207386,0.666518,0.9223497,0.10033445,1
ENSG00000081760,1.2097203,0.666518,0.9300289,0.83798885,1
ENSG00000082146,1.1939107,1.2352759,0.8641922,1.0,1
ENSG00000082146,1.1601201,1.2352759,0.89900786,1.0,1
ENSG00000082146,1.1957339,1.2352759,0.8146534,1.0,1
ENSG00000082153,1.5495355,2.1173708,0.9022468,1.0,1
ENSG00000082258,1.6127472,1.3172274,0.79614043,1.0,1
ENSG00000082258,1.6709279,1.3172274,0.7693165,0.2628012,1
ENSG00000082805,1.4323524,0.33845648,0.86430186,0.6804734,1
ENSG00000082805,1.454319,0.33845648,0.65206957,0.02366864,1
ENSG00000082805,1.3911347,0.33845648,0.8707509,1.0,1
ENSG00000082805,1.4333124,0.33845648,0.8714019,0.023391813,1
ENSG00000082805,1.4858433,0.33845648,0.674849,0.005882353,1
ENSG00000082898,1.4978226,2.331326,0.890455,1.0,1
ENSG00000082898,1.6598107,2.331326,0.8653333,1.0,1
ENSG00000082898,1.6088301,2.331326,0.9078025,1.0,1
ENSG00000082898,1.5746021,2.331326,0.88250333,1.0,1
ENSG00000084090,1.593768,1.9021118,0.8297944,1.0,1
ENSG00000084110,-0.09774489,-0.60206,0.9670196,1.0,1
ENSG00000084112,0.9998406,0.4913617,0.92927414,1.0,1
ENSG00000084444,0.2545545,0.65513843,0.9235865,1.0,1
ENSG00000084463,1.6477977,1.0362295,0.8726208,1.0,1
ENSG00000084463,1.5583717,1.0362295,0.8360819,1.0,1
ENSG00000084463,1.7021881,1.0362295,0.7591769,0.0046425257,1
ENSG00000084676,0.44410735,1.2764618,0.9718927,1.0,1
ENSG00000084676,0.59095883,1.2764618,0.96305525,1.0,1
ENSG00000084676,0.5929624,1.2764618,0.9575689,0.689951,1
ENSG00000084676,0.6719441,1.2764618,0.9216949,0.7805582,1
ENSG00000084693,1.4073745,1.5991186,0.9397502,1.0,1
ENSG00000084693,1.3585793,1.5991186,0.93525344,0.56435645,1
ENSG00000084731,1.0922514,0.42160392,0.94141,1.0,1
ENSG00000084731,1.1497322,0.42160392,0.9124984,1.0,1
ENSG00000084733,1.5480628,1.9852917,0.80951506,1.0,1
ENSG00000084733,1.4658328,1.9852917,0.87540466,1.0,1
ENSG00000084733,1.624117,1.9852917,0.88255024,1.0,1
ENSG00000084733,1.5068387,1.9852917,0.90206766,1.0,1
ENSG00000084754,1.9952337,2.190472,0.7118491,1.0,1
ENSG00000084764,1.5121623,1.4965146,0.92489487,1.0,1
ENSG00000084774,2.0350769,1.5732198,0.91881114,1.0,1
ENSG00000084774,2.0618756,1.5732198,0.91072106,0.9823691,1
ENSG00000085449,1.0467238,1.3895204,0.9277575,1.0,1
ENSG00000085760,1.345302,1.7431176,0.9106128,1.0,1
ENSG00000085760,1.3423905,1.7431176,0.8294584,1.0,1
ENSG00000085760,1.3959082,1.7431176,0.773043,0.100053504,1
ENSG00000085978,0.58947253,1.2276297,0.9253682,1.0,1
ENSG00000085978,0.58947253,1.2276297,0.9253682,1.0,1
ENSG00000085978,0.6025637,1.2276297,0.95085204,1.0,1
ENSG00000085978,0.73408544,1.2276297,0.9203296,0.2453125,1
ENSG00000085982,0.6847697,1.0881361,0.9740461,1.0,1
ENSG00000085982,0.8058869,1.0881361,0.87982327,1.0,1
ENSG00000086598,1.36961,2.15567,0.8886483,1.0,1
ENSG00000087338,1.0721862,1.2484637,0.9369607,1.0,1
ENSG00000087448,0.93049437,0.94151145,0.8719137,1.0,1
ENSG00000087470,1.372355,1.7861123,0.6916118,1.0,1
ENSG00000087470,1.372355,1.7861123,0.6916118,1.0,1
ENSG00000087470,1.3003892,1.7861123,0.8547964,1.0,1
ENSG00000087470,1.3577985,1.7861123,0.5697119,1.0,1
ENSG00000087470,1.3928152,1.7861123,0.5178055,0.21595427,1
ENSG00000087470,1.3240904,1.7861123,0.74917763,1.0,1
ENSG00000087470,1.2302908,1.7861123,0.7847672,0.9932165,1
ENSG00000087470,1.2390236,1.7861123,0.8564361,1.0,1
ENSG00000087470,1.3787087,1.7861123,0.6234277,0.18685122,1
ENSG00000087470,1.3489734,1.7861123,0.7052669,0.27376696,1
ENSG00000087470,1.3803155,1.7861123,0.60823035,0.675503,1
ENSG00000087470,1.3631935,1.7861123,0.5675405,0.5592635,1
ENSG00000087494,-0.3016286,0.17026171,0.9678907,1.0,1
ENSG00000087502,1.4831156,1.5619358,0.8778045,1.0,1
ENSG00000088179,1.5528358,1.3697723,0.7865763,1.0,1
ENSG00000088205,1.6044592,2.0459876,0.72098696,1.0,1
ENSG00000088986,1.1847838,2.5452452,0.8424281,1.0,1
ENSG00000088986,1.1493305,2.5452452,0.9257625,1.0,1
ENSG00000088992,0.071505934,1.2720737,0.9841043,1.0,1
ENSG00000088992,0.065120816,1.2720737,0.9811591,1.0,1
ENSG00000088992,0.07781775,1.2720737,0.9605312,0.9531773,1
ENSG00000089022,1.5106663,1.7231271,0.9087004,1.0,1
ENSG00000089041,-0.017439522,-0.82390875,0.9839302,1.0,1
ENSG00000089053,1.3514643,2.3872297,0.9188343,1.0,1
ENSG00000089053,1.304344,2.3872297,0.91517127,0.84344923,1
ENSG00000089060,1.0744517,1.2387986,0.91888463,1.0,1
ENSG00000089060,1.0487164,1.2387986,0.9342461,1.0,1
ENSG00000089060,0.99533284,1.2387986,0.8969942,0.022988506,1
ENSG00000089060,0.95903367,1.2387986,0.9359711,1.0,1
ENSG00000089094,1.4984654,1.2591158,0.83363676,1.0,1
ENSG00000089094,1.4002235,1.2591158,0.7273138,1.0,1
ENSG00000089094,1.3852217,1.2591158,0.88627595,0.88706565,1
ENSG00000089154,1.7460984,1.7058637,0.918219,1.0,1
ENSG00000089159,1.0711638,1.4581845,0.87699664,0.40955952,1
ENSG00000089163,0.881008,0.35983548,0.9482759,1.0,1
ENSG00000089163,0.9162897,0.35983548,0.95674706,1.0,1
ENSG00000089220,1.0102874,2.007321,0.918372,1.0,1
ENSG00000089220,1.1722316,2.007321,0.9240456,1.0,1
ENSG00000089234,1.3652046,1.34262,0.92714626,1.0,1
ENSG00000089248,1.1618434,1.9694159,0.91506326,0.88129413,1
ENSG00000089692,-0.081751026,-0.6777807,0.9801256,1.0,1
ENSG00000089693,1.9745547,2.1970875,0.90103567,1.0,1
ENSG00000089693,2.0355532,2.1970875,0.8376228,1.0,1
ENSG00000089818,1.4136364,1.1906118,0.8944963,1.0,1
ENSG00000089818,1.3641821,1.1906118,0.88885826,0.95894426,1
ENSG00000090376,-0.25643498,-0.92081875,0.98384225,1.0,1
ENSG00000090382,0.4268359,1.477266,0.97734755,1.0,1
ENSG00000090612,1.3567768,0.68663627,0.8377154,0.8636364,1
ENSG00000090612,1.409026,0.68663627,0.8410745,0.7702703,1
ENSG00000090612,1.3884308,0.68663627,0.83925474,0.34538153,1
ENSG00000090615,1.2357713,1.148911,0.92255974,1.0,1
ENSG00000091039,1.3632292,1.5323721,0.9229789,1.0,1
ENSG00000091039,1.4682169,1.5323721,0.8193004,1.0,1
ENSG00000091039,1.475854,1.5323721,0.82830226,0.31226766,1
ENSG00000091106,-0.756531,-0.85387194,0.9939407,1.0,1
ENSG00000091106,-0.81066513,-0.85387194,0.994507,1.0,1
ENSG00000091409,-0.049389213,-0.92081875,0.98360544,1.0,1
ENSG00000091409,-0.06864989,-0.92081875,0.984777,1.0,1
ENSG00000091428,0.3299501,-0.4089354,0.8988282,1.0,1
ENSG00000091428,0.15453422,-0.4089354,0.9080009,1.0,1
ENSG00000091436,0.6838883,1.3378584,0.95121884,1.0,1
ENSG00000092841,1.3751127,3.0676584,0.90997505,1.0,1
ENSG00000092841,1.33874,3.0676584,0.93991816,1.0,1
ENSG00000092841,1.4347266,3.0676584,0.9447152,1.0,1
ENSG00000092841,1.4327933,3.0676584,0.9408678,1.0,1
ENSG00000092841,1.3861997,3.0676584,0.9335055,1.0,1
ENSG00000092841,1.3792726,3.0676584,0.92791337,0.9697458,1
ENSG00000092841,1.3917149,3.0676584,0.9092321,0.07447057,1
ENSG00000094914,1.3361429,1.8744239,0.91312456,1.0,1
ENSG00000094914,1.3418623,1.8744239,0.9365402,0.97541666,1
ENSG00000094916,2.0890157,1.8588979,0.8999844,1.0,1
ENSG00000094916,2.0839581,1.8588979,0.87928766,1.0,1
ENSG00000095002,1.6403826,1.9315088,0.8468859,1.0,1
ENSG00000095002,1.5276302,1.9315088,0.8469936,1.0,1
ENSG00000102189,1.6100439,0.5965971,0.86776346,1.0,1
ENSG00000102189,1.6205173,0.5965971,0.8951452,1.0,1
ENSG00000110801,1.5027546,1.7159199,0.8955757,1.0,1
ENSG00000110801,1.458443,1.7159199,0.9055938,0.52356213,1
ENSG00000110801,1.5162178,1.7159199,0.8728588,0.2872928,1
ENSG00000110841,0.74214816,0.17609125,0.9714598,1.0,1
ENSG00000110844,1.3022027,0.587711,0.91671664,1.0,1
ENSG00000110844,1.2901634,0.587711,0.90743846,1.0,1
ENSG00000110848,0.03688416,1.7195798,0.9885627,1.0,1
ENSG00000110848,0.031673044,1.7195798,0.9891516,1.0,1
ENSG00000110848,0.03641831,1.7195798,0.9857318,1.0,1
ENSG00000110851,1.0622944,1.1945144,0.9285286,1.0,1
ENSG00000110852,-0.2676965,0.5888317,0.9749835,1.0,1
ENSG00000110852,-0.4462635,0.5888317,0.99282056,1.0,1
ENSG00000110852,-0.14983806,0.5888317,0.9148063,0.8680352,1
ENSG00000110871,1.7415144,1.6590601,0.8633232,1.0,1
ENSG00000110871,1.7186704,1.6590601,0.89914066,0.9988799,1
ENSG00000110871,1.8091496,1.6590601,0.82367736,0.04121864,1
ENSG00000110880,1.6773814,2.3280737,0.9026904,1.0,1
ENSG00000110880,1.6983997,2.3280737,0.85188276,1.0,1
ENSG00000110881,-0.1606162,0.20951502,0.9903322,1.0,1
ENSG00000110888,1.2932504,1.0265332,0.81078726,1.0,1
ENSG00000110888,1.2330159,1.0265332,0.86799943,1.0,1
ENSG00000110888,1.3057512,1.0265332,0.8251789,1.0,1
ENSG00000110888,1.3381467,1.0265332,0.82464796,0.25040388,1
ENSG00000110888,1.2404829,1.0265332,0.92098373,0.9846154,1
ENSG00000110888,1.2860311,1.0265332,0.8997098,0.6297663,1
ENSG00000110888,1.2948276,1.0265332,0.8714267,0.3457189,1
ENSG00000110906,1.0733296,1.4665711,0.92758733,1.0,1
ENSG00000110906,1.0733296,1.4665711,0.92758733,1.0,1
ENSG00000110906,0.90448487,1.4665711,0.9396957,1.0,1
ENSG00000110906,1.0109891,1.4665711,0.9412429,1.0,1
ENSG00000110906,1.0109891,1.4665711,0.9412429,0.73277557,1
ENSG00000110911,1.9387869,1.6755034,0.83781254,1.0,1
ENSG00000110917,2.2064016,1.5609821,0.74270284,1.0,1
ENSG00000110917,2.2074454,1.5609821,0.7850437,1.0,1
ENSG00000110917,2.322823,1.5609821,0.787238,1.0,1
ENSG00000110921,1.9454795,1.4432629,0.84183025,1.0,1
ENSG00000110921,1.8018857,1.4432629,0.84069955,1.0,1
ENSG00000110921,1.8470055,1.4432629,0.8483815,0.8910082,1
ENSG00000110921,1.8368243,1.4432629,0.8436798,0.8161889,1
ENSG00000110925,1.3927226,0.8915374,0.8953624,1.0,1
ENSG00000110925,1.370349,0.8915374,0.8550758,1.0,1
ENSG00000110931,0.9287379,1.1869563,0.93722016,1.0,1
ENSG00000110931,0.99339736,1.1869563,0.88333327,1.0,1
ENSG00000110931,0.95714885,1.1869563,0.8835078,0.122857146,1
ENSG00000110931,0.7589278,1.1869563,0.9420367,0.8297587,1
ENSG00000110934,-0.07815284,-0.537602,0.9502981,1.0,1
ENSG00000110944,0.6291772,1.0174507,0.974033,1.0,1
ENSG00000110955,1.4574378,3.3983412,0.92774695,1.0,1
ENSG00000110958,1.7086244,2.114244,0.754601,1.0,1
ENSG00000110958,1.5491873,2.114244,0.90687764,1.0,1
ENSG00000110958,1.6827793,2.114244,0.90815866,1.0,1
ENSG00000110958,1.4604241,2.114244,0.88835686,0.88235295,1
ENSG00000110958,1.5491873,2.114244,0.90687764,0.9948186,1
ENSG00000110958,1.6765803,2.114244,0.92783785,0.86775446,1
ENSG00000110958,1.6698042,2.114244,0.8938661,0.9996437,1
ENSG00000110987,0.76669765,0.9561684,0.9611406,1.0,1
ENSG00000110987,0.6764505,0.9561684,0.97665286,1.0,1
ENSG00000111011,1.0881289,1.7259933,0.914232,1.0,1
ENSG00000111011,1.048842,1.7259933,0.92280585,0.70385605,1
ENSG00000111011,1.1315578,1.7259933,0.9027154,0.99866134,1
ENSG00000111012,0.10460977,0.5820634,0.984897,1.0,1
ENSG00000111057,0.6113728,2.4412708,0.956162,1.0,1
ENSG00000111057,0.673838,2.4412708,0.9614714,1.0,1
ENSG00000111057,0.64435923,2.4412708,0.96233356,1.0,1
ENSG00000111087,1.0235807,-0.14874165,0.95840377,1.0,1
ENSG00000111087,1.0138851,-0.14874165,0.95546114,1.0,1
ENSG00000111110,0.7839515,0.63848925,0.959591,1.0,1
ENSG00000111110,0.85025173,0.63848925,0.9578919,1.0,1
ENSG00000111110,0.97625816,0.63848925,0.8521417,1.0,1
ENSG00000111110,0.9133806,0.63848925,0.8140275,1.0,1
ENSG00000111142,1.3037952,2.1322596,0.9295157,1.0,1
ENSG00000111142,1.266893,2.1322596,0.93574846,1.0,1
ENSG00000111142,1.3037952,2.1322596,0.9295157,0.942899,1
ENSG00000111142,1.2757852,2.1322596,0.93459314,0.99957174,1
ENSG00000111144,1.1112133,1.5805829,0.94931805,1.0,1
ENSG00000111144,1.1360472,1.5805829,0.9480565,0.89862496,1
ENSG00000111144,1.0974764,1.5805829,0.95366704,0.06234414,1
ENSG00000111144,1.1373123,1.5805829,0.952364,0.022925764,1
ENSG00000111145,-0.3858537,-0.013228266,0.9928497,1.0,1
ENSG00000111145,-0.36558342,-0.013228266,0.9902564,1.0,1
ENSG00000111196,1.2391855,1.6009729,0.8380509,1.0,1
ENSG00000111196,1.2667712,1.6009729,0.65990597,0.5342679,1
ENSG00000111203,1.4991528,1.0733517,0.8921184,1.0,1
ENSG00000111203,1.4134237,1.0733517,0.9146808,1.0,1
ENSG00000111206,0.23590548,0.99782306,0.9403647,1.0,1
ENSG00000111206,0.3202725,0.99782306,0.9445822,1.0,1
ENSG00000111206,0.27141756,0.99782306,0.943726,0.06612685,1
ENSG00000111206,0.30160755,0.99782306,0.9303549,0.7301855,1
ENSG00000111224,0.79504824,-0.5086383,0.9574999,1.0,1
ENSG00000111224,0.4797352,-0.5086383,0.97933275,1.0,1
ENSG00000111229,1.3331167,1.7294078,0.9024041,1.0,1
ENSG00000111231,1.5708915,1.7625285,0.907076,1.0,1
ENSG00000111237,1.8262972,2.2845435,0.70647115,0.055408534,1
ENSG00000111237,1.8493458,2.2845435,0.6366629,0.46666044,1
ENSG00000111247,0.8590281,1.8617135,0.92949545,1.0,1
ENSG00000111247,1.10817,1.8617135,0.7274237,0.15399121,1
ENSG00000111247,1.0122427,1.8617135,0.9146039,0.9311657,1
ENSG00000111247,1.0122427,1.8617135,0.9146039,0.9927441,1
ENSG00000111247,0.94713485,1.8617135,0.9126925,0.5789816,1
ENSG00000111247,0.9470396,1.8617135,0.9242524,0.09753832,1
ENSG00000111252,2.0459893,1.3789427,0.783265,1.0,1
ENSG00000111261,-0.036863595,0.19589965,0.98880684,1.0,1
ENSG00000111266,0.39073926,0.9449759,0.97464526,1.0,1
ENSG00000111269,1.1253701,0.5987905,0.93059814,1.0,1
ENSG00000111271,2.0366626,1.0962145,0.8556626,1.0,1
ENSG00000111271,2.0118403,1.0962145,0.8358569,1.0,1
ENSG00000111271,2.1366591,1.0962145,0.84378844,0.45,1
ENSG00000111271,2.0169735,1.0962145,0.8704699,1.0,1
ENSG00000111271,1.9756273,1.0962145,0.91096383,0.9701493,1
ENSG00000111275,1.4944628,1.2237555,0.85410315,1.0,1
ENSG00000111275,1.4247575,1.2237555,0.82789755,1.0,1
ENSG00000111275,1.43265,1.2237555,0.77851194,0.047309835,1
ENSG00000111276,1.0580374,1.0244857,0.93614894,1.0,1
ENSG00000111300,1.3513861,1.5972563,0.8495102,1.0,1
ENSG00000111300,1.464061,1.5972563,0.74133784,1.0,1
ENSG00000111300,1.4265708,1.5972563,0.8932944,0.14213625,1
ENSG00000111300,1.3934417,1.5972563,0.91245055,0.8578637,1
ENSG00000111300,1.3590835,1.5972563,0.888632,0.021026073,1
ENSG00000111319,-0.25986743,-0.61978877,0.98739004,1.0,1
ENSG00000111319,-0.3161366,-0.61978877,0.9902435,1.0,1
ENSG00000111319,-0.18267716,-0.61978877,0.9718472,1.0,1
ENSG00000111325,1.5447812,1.4266739,0.9072521,1.0,1
ENSG00000111325,1.5280455,1.4266739,0.8603775,1.0,1
ENSG00000111325,1.5955671,1.4266739,0.9375211,1.0,1
ENSG00000111325,1.5583566,1.4266739,0.8598557,1.0,1
ENSG00000111325,1.5238992,1.4266739,0.8620166,0.38821137,1
ENSG00000111325,1.5726591,1.4266739,0.9358993,0.060568605,1
ENSG00000111325,1.5401725,1.4266739,0.9343244,0.3888889,1
ENSG00000111328,0.14559814,1.905364,0.9799661,1.0,1
ENSG00000111328,0.14559814,1.905364,0.9799661,1.0,1
ENSG00000111331,0.11982314,-0.14874165,0.97712165,1.0,1
ENSG00000111331,0.24676843,-0.14874165,0.9685186,1.0,1
ENSG00000111331,0.2577867,-0.14874165,0.9829594,1.0,1
ENSG00000111348,0.85113025,1.0891984,0.90640944,1.0,1
ENSG00000111358,1.5505701,1.8342935,0.8076564,1.0,1
ENSG00000111358,1.5399839,1.8342935,0.8688585,0.5840046,1
ENSG00000111358,1.5038449,1.8342935,0.8040468,0.94355965,1
ENSG00000111361,1.486493,1.6484576,0.8459232,1.0,1
ENSG00000111361,1.619871,1.6484576,0.67939657,1.0,1
ENSG00000111361,1.5222402,1.6484576,0.86813575,1.0,1
ENSG00000111364,1.5508935,1.6652995,0.7938737,1.0,1
ENSG00000111371,1.8949116,1.5344069,0.85656416,1.0,1
ENSG00000111371,1.8861979,1.5344069,0.8888821,1.0,1
ENSG00000111371,1.8506829,1.5344069,0.86916465,0.99778074,1
ENSG00000111371,1.8209648,1.5344069,0.8862517,0.041364606,1
ENSG00000111412,1.2344536,0.7986506,0.8868074,1.0,1
ENSG00000111412,1.2078999,0.7986506,0.94361734,0.7328767,1
ENSG00000111424,0.6032361,0.17318627,0.9490332,1.0,1
ENSG00000111424,0.6340836,0.17318627,0.95765764,1.0,1
ENSG00000111424,0.66594565,0.17318627,0.9430074,0.5089286,1
ENSG00000111445,1.4443799,1.8686445,0.8377429,1.0,1
ENSG00000111445,1.39164,1.8686445,0.79012,0.29612947,1
ENSG00000111450,1.5325694,1.6092741,0.86545306,1.0,1
ENSG00000111452,0.5412061,0.7715875,0.9673899,1.0,1
ENSG00000111481,1.8445953,2.5834029,0.9371653,1.0,1
ENSG00000111481,1.7981287,2.5834029,0.8769932,1.0,1
ENSG00000111481,1.8676422,2.5834029,0.9441451,1.0,1
ENSG00000111481,1.8642823,2.5834029,0.920711,1.0,1
ENSG00000111481,1.8287252,2.5834029,0.8992274,0.96806204,1
ENSG00000111481,1.8177322,2.5834029,0.92767274,0.9833247,1
ENSG00000111490,-0.36727923,-0.61978877,0.89037365,1.0,1
ENSG00000111530,1.0468364,2.0729113,0.87023866,1.0,1
ENSG00000111530,1.1340705,2.0729113,0.74832547,1.0,1
ENSG00000111537,-0.6040412,-0.9586073,0.9902118,1.0,1
ENSG00000111537,-0.5036789,-0.9586073,0.9818777,1.0,1
ENSG00000111540,1.3324643,1.7817553,0.9272454,1.0,1
ENSG00000111540,1.3349966,1.7817553,0.92111105,0.994782,1
ENSG00000111554,1.4830531,1.0394142,0.9035822,1.0,1
ENSG00000111554,1.402357,1.0394142,0.8853854,1.0,1
ENSG00000111554,1.589797,1.0394142,0.69947803,0.96039605,1
ENSG00000111554,1.6424464,1.0394142,0.69718707,0.19381443,1
ENSG00000111554,1.4654192,1.0394142,0.8174628,0.80618554,1
ENSG00000111554,1.402357,1.0394142,0.8853854,1.0,1
ENSG00000111581,1.6405605,2.2729318,0.9275903,1.0,1
ENSG00000111581,1.4267937,2.2729318,0.90543234,0.99365366,1
ENSG00000111596,1.6048161,1.8489892,0.8872772,1.0,1
ENSG00000111596,1.5631033,1.8489892,0.85761917,1.0,1
ENSG00000111596,1.5201273,1.8489892,0.91273415,0.0,1
ENSG00000111602,1.4462764,1.09691,0.94189614,1.0,1
ENSG00000111605,1.2702605,1.7075702,0.61097455,1.0,1
ENSG00000111605,1.1436259,1.7075702,0.9497179,1.0,1
ENSG00000111605,1.0977947,1.7075702,0.9319788,1.0,1
ENSG00000111605,1.1333101,1.7075702,0.9138395,1.0,1
ENSG00000111605,1.2263118,1.7075702,0.9298855,0.43953934,1
ENSG00000111615,1.4986278,1.6179434,0.8997995,1.0,1
ENSG00000111615,1.280121,1.6179434,0.90793633,0.20603836,1
ENSG00000111640,1.2187332,3.780303,0.9217118,1.0,1
ENSG00000111640,1.2356387,3.780303,0.9465942,1.0,1
ENSG00000111641,0.9889138,1.81697,0.94349164,1.0,1
ENSG00000111641,1.0468456,1.81697,0.9021443,0.031418525,1
ENSG00000111641,0.95677674,1.81697,0.9205697,0.015474794,1
ENSG00000111644,-0.87992084,1.218798,0.9934198,1.0,1
ENSG00000111647,0.9690981,1.1495271,0.9603382,1.0,1
ENSG00000111652,1.3270307,1.4995496,0.8898101,1.0,1
ENSG00000111653,1.7159038,1.3868555,0.92282444,1.0,1
ENSG00000111653,1.6068977,1.3868555,0.9131649,1.0,1
ENSG00000111653,1.5692854,1.3868555,0.85879093,0.76649743,1
ENSG00000111653,1.6083473,1.3868555,0.8772498,0.9263804,1
ENSG00000111664,0.6152532,0.54406804,0.97203356,1.0,1
ENSG00000111665,1.5139267,1.690639,0.9231157,1.0,1
ENSG00000111665,1.6422235,1.690639,0.9311607,1.0,1
ENSG00000111665,1.6788467,1.690639,0.9433238,0.9242958,1
ENSG00000111666,1.243522,1.7963661,0.87488806,1.0,1
ENSG00000111666,1.2156632,1.7963661,0.9092399,1.0,1
ENSG00000111666,1.2768294,1.7963661,0.8158008,0.028457599,1
ENSG00000111667,0.9724926,1.602711,0.95157224,1.0,1
ENSG00000111667,0.905591,1.602711,0.9520648,1.0,1
ENSG00000111667,0.8623514,1.602711,0.9172482,1.0,1
ENSG00000111667,0.94233596,1.602711,0.94282573,1.0,1
ENSG00000111667,0.9165387,1.602711,0.9348622,1.0,1
ENSG00000111669,1.6223258,3.187828,0.9216546,1.0,1
ENSG00000111670,1.1588897,1.1934029,0.9386965,1.0,1
ENSG00000111670,1.1640476,1.1934029,0.741941,1.0,1
ENSG00000111674,0.52837265,1.652343,0.96265495,1.0,1
ENSG00000111674,0.6710359,1.652343,0.9608073,1.0,1
ENSG00000111674,0.62064105,1.652343,0.9714612,1.0,1
ENSG00000111674,0.6172691,1.652343,0.97346956,1.0,1
ENSG00000111674,0.4719264,1.652343,0.9767221,1.0,1
ENSG00000111674,0.605807,1.652343,0.9803749,1.0,1
ENSG00000111674,0.657246,1.652343,0.9577216,1.0,1
ENSG00000111676,0.9649352,0.651278,0.97881603,1.0,1
ENSG00000111678,1.1733855,2.3016593,0.93769354,1.0,1
ENSG00000111678,1.1914989,2.3016593,0.9407102,1.0,1
ENSG00000111678,1.2095405,2.3016593,0.92492455,1.0,1
ENSG00000111678,1.1969517,2.3016593,0.9379446,1.0,1
ENSG00000111679,-0.49122912,0.67394197,0.99277747,1.0,1
ENSG00000111679,-0.3341636,0.67394197,0.99214315,1.0,1
ENSG00000111684,1.2192386,1.5936183,0.917998,1.0,1
ENSG00000111684,1.3584034,1.5936183,0.91757405,0.97394544,1
ENSG00000111696,1.1805688,0.83569056,0.77207094,1.0,1
ENSG00000111696,1.108147,0.83569056,0.89435554,1.0,1
ENSG00000111707,1.5510246,1.3453737,0.912171,1.0,1
ENSG00000111711,1.896981,1.3100557,0.86250544,1.0,1
ENSG00000111711,1.8723617,1.3100557,0.7641775,1.0,1
ENSG00000111711,1.8723617,1.3100557,0.7641775,0.31460676,1
ENSG00000111711,1.8118774,1.3100557,0.8634538,0.0,1
ENSG00000111711,1.8784511,1.3100557,0.8303934,0.046457607,1
ENSG00000111711,1.8118774,1.3100557,0.8634538,0.96702003,1
ENSG00000111716,0.98332214,2.9872193,0.94950455,1.0,1
ENSG00000111725,1.4466587,1.9398686,0.9067017,1.0,1
ENSG00000111725,1.3687465,1.9398686,0.9199978,1.0,1
ENSG00000111726,1.1392449,1.746167,0.9325221,1.0,1
ENSG00000111726,1.1171156,1.746167,0.91273105,0.6717835,1
ENSG00000111727,1.403068,0.59217674,0.87260085,1.0,1
ENSG00000111727,1.4323586,0.59217674,0.76332206,0.42628205,1
ENSG00000111729,-0.58043873,-0.43179828,0.98961115,1.0,1
ENSG00000111731,0.8022169,1.2664669,0.931903,1.0,1
ENSG00000111731,0.8020979,1.2664669,0.94139755,0.006451613,1
ENSG00000111731,0.9406862,1.2664669,0.7548975,0.0070967744,1
ENSG00000111737,1.7890593,1.4988617,0.92730236,1.0,1
ENSG00000111737,1.8025801,1.4988617,0.9319435,0.76766855,1
ENSG00000111737,1.8699728,1.4988617,0.9177891,0.0021513088,1
ENSG00000111752,0.11799231,1.071882,0.97238714,1.0,1
ENSG00000111752,0.34438407,1.071882,0.8842713,0.0,1
ENSG00000111752,0.2600338,1.071882,0.9739007,0.4009662,1
ENSG00000111775,2.0648272,2.8180676,0.8196423,1.0,1
ENSG00000111785,1.5434561,0.7551123,0.8602471,1.0,1
ENSG00000111785,1.6846702,0.7551123,0.87998974,1.0,1
ENSG00000111785,1.6487966,0.7551123,0.8870822,0.19915254,1
ENSG00000111785,1.6647931,0.7551123,0.8591915,0.20547946,1
ENSG00000111786,1.8452355,2.1542413,0.83937234,1.0,1
ENSG00000111790,1.611164,1.5150787,0.9012294,1.0,1
ENSG00000111790,1.6064571,1.5150787,0.85410285,0.60135645,1
ENSG00000112787,0.98061395,0.39967373,0.902702,1.0,1
ENSG00000112787,1.0260133,0.39967373,0.91887534,1.0,1
ENSG00000114942,1.4435035,2.8967025,0.88768077,1.0,1
ENSG00000114942,1.4214588,2.8967025,0.912892,1.0,1
ENSG00000114942,1.5022241,2.8967025,0.86334085,1.0,1
ENSG00000114942,1.5192015,2.8967025,0.9122048,1.0,1
ENSG00000114956,1.3012294,2.0667357,0.92305464,1.0,1
ENSG00000114956,1.3152777,2.0667357,0.9103835,0.109127864,1
ENSG00000114978,1.4455342,1.7536596,0.9285789,1.0,1
ENSG00000114982,1.3792423,1.3937507,0.87384266,1.0,1
ENSG00000114982,1.3713704,1.3937507,0.92161906,0.8035714,1
ENSG00000114982,1.3867236,1.3937507,0.77242786,0.0123152705,1
ENSG00000114982,1.4412636,1.3937507,0.67356086,0.1841133,1
ENSG00000114982,1.4214545,1.3937507,0.9239189,0.8158867,1
ENSG00000114988,1.3741435,1.1051694,0.92317855,1.0,1
ENSG00000114988,1.4016172,1.1051694,0.86902404,1.0,1
ENSG00000114988,1.3645885,1.1051694,0.93378645,1.0,1
ENSG00000114988,1.3645161,1.1051694,0.9343995,1.0,1
ENSG00000114988,1.378311,1.1051694,0.76855224,0.0,1
ENSG00000114988,1.3858644,1.1051694,0.9246318,0.9781161,1
ENSG00000114988,1.316353,1.1051694,0.91345686,0.9781161,1
ENSG00000114993,0.58325636,0.41329977,0.9285218,1.0,1
ENSG00000114999,1.1632601,1.3848908,0.9159179,1.0,1
ENSG00000115008,-0.23344086,-0.79588,0.9899019,1.0,1
ENSG00000115008,-0.24378844,-0.79588,0.9908325,1.0,1
ENSG00000115008,-0.2611241,-0.79588,0.98974913,1.0,1
ENSG00000115008,-0.1713713,-0.79588,0.9457925,1.0,1
ENSG00000115008,-0.12151451,-0.79588,0.93703175,1.0,1
ENSG00000115020,1.3758929,1.2375437,0.91000944,1.0,1
ENSG00000115020,1.3887509,1.2375437,0.90986246,1.0,1
ENSG00000115020,1.4264292,1.2375437,0.821693,0.0,1
ENSG00000115020,1.379784,1.2375437,0.88695747,0.14436619,1
ENSG00000115020,1.388274,1.2375437,0.86664444,0.9707769,1
ENSG00000115020,1.3562847,1.2375437,0.9083593,0.92523366,1
ENSG00000115042,1.5548345,1.5700758,0.8495975,1.0,1
ENSG00000115053,1.1680806,2.1045213,0.9188184,1.0,1
ENSG00000115053,1.1454941,2.1045213,0.9207537,1.0,1
ENSG00000115073,0.8925603,1.542701,0.9216548,1.0,1
ENSG00000115084,1.3655561,1.5456781,0.8592245,1.0,1
ENSG00000115085,-0.24475835,-0.4089354,0.9883935,1.0,1
ENSG00000115091,1.4391516,2.369976,0.9126932,1.0,1
ENSG00000115091,1.4730451,2.369976,0.915335,1.0,1
ENSG00000115107,0.8694712,0.88479537,0.92883056,1.0,1
ENSG00000115107,0.8828664,0.88479537,0.89852107,0.91101694,1
ENSG00000115107,0.90180314,0.88479537,0.8455698,0.961183,1
ENSG00000115107,0.8757949,0.88479537,0.93746525,0.018518519,1
ENSG00000115109,1.252098,0.991669,0.8920944,1.0,1
ENSG00000115109,1.2254695,0.991669,0.8809797,1.0,1
ENSG00000115109,1.3343352,0.991669,0.86534745,0.8786982,1
ENSG00000115112,-0.5682838,-0.45593196,0.98998404,1.0,1
ENSG00000115128,1.440964,2.504566,0.9318809,1.0,1
ENSG00000115128,1.5379964,2.504566,0.9253133,1.0,1
ENSG00000115129,1.4430639,0.54777473,0.9269938,1.0,1
ENSG00000115129,1.4130465,0.54777473,0.9186403,1.0,1
ENSG00000115129,1.4466189,0.54777473,0.91023123,0.64705884,1
ENSG00000115137,1.6857508,0.5211381,0.9195812,1.0,1
ENSG00000115137,1.6857508,0.5211381,0.9195812,0.75982535,1
ENSG00000115137,1.6478335,0.5211381,0.9174449,0.14285715,1
ENSG00000115137,1.7741398,0.5211381,0.80817896,0.1124031,1
ENSG00000115145,1.4661924,0.9813655,0.8989981,1.0,1
ENSG00000115155,-0.53130007,-0.82390875,0.98923314,1.0,1
ENSG00000115155,-0.52570015,-0.82390875,0.9892954,1.0,1
ENSG00000115159,1.1007608,1.0476642,0.9471107,1.0,1
ENSG00000115159,1.0908034,1.0476642,0.9478503,1.0,1
ENSG00000115163,1.3322686,1.6607707,0.923079,1.0,1
ENSG00000115163,1.3221835,1.6607707,0.8874091,0.68728286,1
ENSG00000115165,-0.55491495,-0.7695511,0.9754043,1.0,1
ENSG00000115165,-0.5441773,-0.7695511,0.9804718,1.0,1
ENSG00000115165,-0.5191414,-0.7695511,0.9460858,1.0,1
ENSG00000115204,1.4357108,2.048442,0.8665768,1.0,1
ENSG00000115204,1.589842,2.048442,0.9292552,1.0,1
ENSG00000115207,1.260883,1.9230367,0.91343373,1.0,1
ENSG00000115207,1.260883,1.9230367,0.91343373,1.0,1
ENSG00000115211,1.3101524,1.6626635,0.94036895,1.0,1
ENSG00000115216,1.4266993,1.7903556,0.9384535,1.0,1
ENSG00000115232,-0.77604747,-0.19382003,0.9960452,1.0,1
ENSG00000115232,-0.587886,-0.19382003,0.9942367,1.0,1
ENSG00000115233,1.368176,2.1515844,0.64418596,1.0,1
ENSG00000115233,1.384505,2.1515844,0.90185434,1.0,1
ENSG00000115233,1.3434625,2.1515844,0.8943015,1.0,1
ENSG00000115233,1.367311,2.1515844,0.8705807,1.0,1
ENSG00000115234,1.9933454,1.6115109,0.7893665,1.0,1
ENSG00000115234,2.036132,1.6115109,0.6753703,0.8955345,1
ENSG00000115234,1.9608952,1.6115109,0.7905829,0.9722922,1
ENSG00000115234,1.9608952,1.6115109,0.7905829,0.9886968,1
ENSG00000115234,2.015197,1.6115109,0.90343577,0.052186176,1
ENSG00000115234,2.0132997,1.6115109,0.8741086,0.9969282,1
ENSG00000115239,1.0631193,1.4225899,0.91660273,1.0,1
ENSG00000115239,1.0631193,1.4225899,0.91660273,1.0,1
ENSG00000115239,0.9798405,1.4225899,0.92814296,0.83146065,1
ENSG00000115241,1.8298978,1.8093576,0.8500114,1.0,1
ENSG00000115271,0.6441219,-0.537602,0.91435486,1.0,1
ENSG00000115274,1.3385733,0.77451694,0.9389036,1.0,1
ENSG00000115274,1.4243785,0.77451694,0.92488337,1.0,1
ENSG00000115274,1.3785678,0.77451694,0.93564796,1.0,1
ENSG00000115274,1.3765916,0.77451694,0.93427753,1.0,1
ENSG00000115275,1.2604679,1.5039268,0.9423261,1.0,1
ENSG00000115275,1.3625418,1.5039268,0.9122413,1.0,1
ENSG00000115282,1.6851217,1.1705551,0.897569,1.0,1
ENSG00000115282,1.6917332,1.1705551,0.8995397,1.0,1
ENSG00000115282,1.6457236,1.1705551,0.8961376,0.6763285,1
ENSG00000115289,2.425238,1.3639878,0.8861201,1.0,1
ENSG00000115289,2.4158607,1.3639878,0.91698456,1.0,1
ENSG00000115289,2.405238,1.3639878,0.8932885,1.0,1
ENSG00000115306,-0.53459,0.94841295,0.9935696,1.0,1
ENSG00000115306,-0.5453683,0.94841295,0.99284476,1.0,1
ENSG00000115306,-0.41897386,0.94841295,0.98357314,1.0,1
ENSG00000115307,1.5651336,2.0883842,0.90683585,1.0,1
ENSG00000115310,1.1531979,2.053578,0.88682276,1.0,1
ENSG00000115310,1.0246297,2.053578,0.9256339,0.42436975,1
ENSG00000115310,1.1378682,2.053578,0.89716005,0.1355094,1
ENSG00000115317,1.7251978,1.619615,0.8491901,1.0,1
ENSG00000115317,1.6678824,1.619615,0.9331771,0.9809886,1
ENSG00000115317,1.7225188,1.619615,0.8794393,0.7462039,1
ENSG00000115318,0.81170267,-0.036212172,0.94974416,1.0,1
ENSG00000115325,1.661028,0.96707976,0.8970086,1.0,1
ENSG00000115325,1.6351718,0.96707976,0.9140773,1.0,1
ENSG00000115325,1.6547137,0.96707976,0.9266177,1.0,1
ENSG00000115325,1.6586784,0.96707976,0.92002213,0.54910713,1
ENSG00000115339,-0.31264728,-0.85387194,0.98867655,1.0,1
ENSG00000115350,1.393618,1.6434526,0.8468952,1.0,1
ENSG00000115350,1.3969315,1.6434526,0.89051265,1.0,1
ENSG00000115355,1.7820013,1.7261565,0.90542656,1.0,1
ENSG00000115355,1.7659602,1.7261565,0.76100105,1.0,1
ENSG00000115355,1.8099278,1.7261565,0.87221384,0.6755749,1
ENSG00000115355,1.8301005,1.7261565,0.84869164,0.5144186,1
ENSG00000115355,1.794089,1.7261565,0.88149595,0.49126035,1
ENSG00000115355,1.7301172,1.7261565,0.8765269,0.96688133,1
ENSG00000115365,0.8711624,1.6116171,0.87998414,1.0,1
ENSG00000115365,0.7219842,1.6116171,0.97288823,1.0,1
ENSG00000115368,1.1420168,1.839855,0.9211156,1.0,1
ENSG00000115368,1.2567085,1.839855,0.85198635,0.0028753993,1
ENSG00000115392,0.56410015,1.806587,0.9167659,1.0,1
ENSG00000115392,0.7761395,1.806587,0.8815014,0.95378417,1
ENSG00000115414,-0.2710356,0.8785218,0.9902956,1.0,1
ENSG00000115415,1.5562547,1.2909245,0.8008151,1.0,1
ENSG00000115415,1.4685738,1.2909245,0.92144626,1.0,1
ENSG00000115415,1.4233998,1.2909245,0.9083133,0.0039551747,1
ENSG00000115419,1.4165103,1.6270585,0.64663243,1.0,1
ENSG00000115421,1.2663614,1.0674429,0.8115315,1.0,1
ENSG00000115421,1.176779,1.0674429,0.8808032,0.9436039,1
ENSG00000115421,1.2477614,1.0674429,0.8747926,0.9257221,1
ENSG00000115421,1.2014877,1.0674429,0.91116303,0.98569727,1
ENSG00000115421,1.3566693,1.0674429,0.86102426,0.86172837,1
ENSG00000115421,1.336095,1.0674429,0.82991517,0.014302742,1
ENSG00000115425,0.36673582,0.8102325,0.97959113,1.0,1
ENSG00000115425,0.4912268,0.8102325,0.9668996,1.0,1
ENSG00000115425,0.3359506,0.8102325,0.9734561,0.9926063,1
ENSG00000115446,1.1352608,1.5594279,0.87829465,1.0,1
ENSG00000115446,1.2780026,1.5594279,0.91051537,1.0,1
ENSG00000115459,1.1094315,1.1215599,0.92094135,1.0,1
ENSG00000115459,1.2888459,1.1215599,0.92788005,0.8787879,1
ENSG00000115459,1.2504216,1.1215599,0.92598975,0.97029704,1
ENSG00000115459,1.2706171,1.1215599,0.81800944,0.5811966,1
ENSG00000115459,1.2266371,1.1215599,0.9412988,0.7777778,1
ENSG00000115459,1.1716703,1.1215599,0.93530506,0.37738854,1
ENSG00000115464,0.7956451,1.7687861,0.9080845,1.0,1
ENSG00000115464,0.7601628,1.7687861,0.93027574,1.0,1
ENSG00000115464,0.74333656,1.7687861,0.94184506,1.0,1
ENSG00000115484,1.4012965,2.3533392,0.8957597,1.0,1
ENSG00000115484,1.3500984,2.3533392,0.9081977,0.99017084,1
ENSG00000115486,1.156901,1.2166936,0.95361435,1.0,1
ENSG00000115486,1.1394979,1.2166936,0.9437166,1.0,1
ENSG00000115486,1.1817749,1.2166936,0.9126695,1.0,1
ENSG00000115486,1.1955012,1.2166936,0.9099097,1.0,1
ENSG00000115486,1.1224409,1.2166936,0.9195215,0.6747503,1
ENSG00000115504,0.51470965,1.1832699,0.94083226,0.26150393,1
ENSG00000115504,0.38791257,1.1832699,0.960877,0.33238232,1
ENSG00000115507,1.1279017,-0.49485,0.8800688,1.0,1
ENSG00000115514,1.6022307,1.6383893,0.9018942,1.0,1
ENSG00000115520,1.4435956,0.30103,0.9150815,1.0,1
ENSG00000115524,1.7079746,2.4675488,0.88880026,1.0,1
ENSG00000115524,1.6330826,2.4675488,0.85415626,1.0,1
ENSG00000115524,1.6665336,2.4675488,0.8786637,0.30440328,1
ENSG00000115525,0.7631538,0.85430604,0.9482739,1.0,1
ENSG00000115526,1.2816665,1.2648178,0.887251,1.0,1
ENSG00000115526,1.3743907,1.2648178,0.9059854,1.0,1
ENSG00000115526,1.3234075,1.2648178,0.8738492,1.0,1
ENSG00000115539,1.526208,1.2482185,0.92503524,1.0,1
ENSG00000115539,1.5328329,1.2482185,0.929512,1.0,1
ENSG00000115539,1.5509173,1.2482185,0.89846486,1.0,1
ENSG00000115540,1.2680032,1.209515,0.8697904,1.0,1
ENSG00000115540,1.2680032,1.209515,0.8697904,0.49778622,1
ENSG00000115540,1.3352478,1.209515,0.9073803,0.9728059,1
ENSG00000115541,1.4212896,2.3945918,0.90853703,1.0,1
ENSG00000115541,1.4212896,2.3945918,0.90853703,1.0,1
ENSG00000115541,1.3156701,2.3945918,0.86375445,0.9993367,1
ENSG00000115548,1.4689573,1.7692295,0.91872853,1.0,1
ENSG00000115561,1.3823009,1.4101021,0.8873322,1.0,1
ENSG00000115561,1.4108635,1.4101021,0.89434147,0.9814607,1
ENSG00000115568,0.93451256,0.4329693,0.9532947,1.0,1
ENSG00000115568,0.87997806,0.4329693,0.95148635,0.1875,1
ENSG00000115590,-0.47246343,-0.92081875,0.99097097,1.0,1
ENSG00000115590,-0.3884163,-0.92081875,0.9807061,1.0,1
ENSG00000115594,0.58757246,0.30963016,0.97261864,1.0,1
ENSG00000115594,0.78527063,0.30963016,0.87970763,1.0,1
ENSG00000115607,0.24356742,-0.13667715,0.97515434,1.0,1
ENSG00000115616,0.6057713,0.18752073,0.9189044,1.0,1
ENSG00000115641,1.1128476,1.0965624,0.87767714,0.002469136,1
ENSG00000115641,1.2454823,1.0965624,0.80938494,0.2709581,1
ENSG00000115649,0.9315612,1.3816565,0.9350493,1.0,1
ENSG00000115649,0.9232228,1.3816565,0.95000565,1.0,1
ENSG00000115649,0.9205116,1.3816565,0.9556167,1.0,1
ENSG00000115649,0.91173315,1.3816565,0.9413539,1.0,1
ENSG00000115652,0.9552176,1.2942457,0.9252207,1.0,1
ENSG00000115657,0.9801283,1.422918,0.93817425,1.0,1
ENSG00000115657,1.0673541,1.422918,0.95098037,1.0,1
ENSG00000115661,1.7686847,1.4787108,0.8756988,1.0,1
ENSG00000115661,1.6855792,1.4787108,0.93161696,0.9543058,1
ENSG00000115677,0.7562791,2.0262473,0.9619798,1.0,1
ENSG00000115677,0.6319245,2.0262473,0.9765231,1.0,1
ENSG00000115677,0.77430296,2.0262473,0.947118,0.0,1
ENSG00000115685,0.76945233,1.6084191,0.91768116,1.0,1
ENSG00000115685,0.76945233,1.6084191,0.91768116,1.0,1
ENSG00000115685,0.6422564,1.6084191,0.94685876,0.11139241,1
ENSG00000115685,0.6422564,1.6084191,0.94685876,0.97536945,1
ENSG00000115687,1.2393287,0.9537597,0.89542335,1.0,1
ENSG00000115694,1.2431074,2.1803267,0.94170284,1.0,1
ENSG00000115694,1.3820463,2.1803267,0.9371206,1.0,1
ENSG00000115694,1.2669607,2.1803267,0.931019,0.9843057,1
ENSG00000115694,1.3093029,2.1803267,0.9107188,0.771578,1
ENSG00000115694,1.4110683,2.1803267,0.7840952,0.24150944,1
ENSG00000115738,1.2023386,1.2607867,0.8489943,1.0,1
ENSG00000115750,2.0601766,1.0588055,0.81117415,1.0,1
ENSG00000115750,1.9992167,1.0588055,0.88174,0.9504405,1
ENSG00000115756,1.5248512,1.456973,0.8368316,1.0,1
ENSG00000115756,1.3731879,1.456973,0.8971086,1.0,1
ENSG00000115756,1.515182,1.456973,0.92410964,1.0,1
ENSG00000115756,1.469742,1.456973,0.91445416,1.0,1
ENSG00000115756,1.5287246,1.456973,0.89722043,0.3321033,1
ENSG00000115758,1.4494091,2.5652337,0.9392398,1.0,1
ENSG00000115758,1.387001,2.5652337,0.918623,1.0,1
ENSG00000115760,1.4596218,1.7463228,0.9167558,1.0,1
ENSG00000115760,1.3527831,1.7463228,0.9061407,0.5196051,1
ENSG00000115761,0.783803,1.5507175,0.92975783,1.0,1
ENSG00000115761,0.81088483,1.5507175,0.9574826,0.8523059,1
ENSG00000115761,0.8306347,1.5507175,0.9290763,0.9392878,1
ENSG00000115762,1.1681904,1.6927588,0.91327906,1.0,1
ENSG00000115762,1.1524798,1.6927588,0.92310697,1.0,1
ENSG00000115762,1.0675594,1.6927588,0.9316537,1.0,1
ENSG00000115762,1.0675594,1.6927588,0.9316537,0.98125,1
ENSG00000115762,1.0806509,1.6927588,0.9204544,0.99749655,1
ENSG00000115806,1.396052,2.2171416,0.9219293,1.0,1
ENSG00000115806,1.4153285,2.2171416,0.86596024,0.70474124,1
ENSG00000115808,1.286364,1.343999,0.93620193,1.0,1
ENSG00000115816,1.3047991,1.500648,0.894726,1.0,1
ENSG00000115825,0.73357487,1.2695129,0.8930238,1.0,1
ENSG00000115827,1.3364749,1.3891661,0.85553163,1.0,1
ENSG00000115827,1.3364749,1.3891661,0.85553163,1.0,1
ENSG00000115827,1.366892,1.3891661,0.84366447,1.0,1
ENSG00000115827,1.3147906,1.3891661,0.8885906,0.8977505,1
ENSG00000115827,1.3448597,1.3891661,0.9067411,0.58030593,1
ENSG00000115839,0.3299206,1.2392995,0.9317214,1.0,1
ENSG00000115839,0.5924506,1.2392995,0.9402593,1.0,1
ENSG00000115839,0.42590028,1.2392995,0.87205684,0.0,1
ENSG00000115840,1.4097036,1.3991543,0.89452744,1.0,1
ENSG00000115840,1.3180056,1.3991543,0.8886226,0.05656304,1
ENSG00000115840,1.3711004,1.3991543,0.92945087,0.9981727,1
ENSG00000115841,0.29737747,0.17897695,0.9575775,1.0,1
ENSG00000115841,0.57275784,0.17897695,0.92125994,0.3119266,1
ENSG00000115850,-0.5027251,-0.92081875,0.98499423,1.0,1
ENSG00000115866,1.7260749,2.2408736,0.91435426,1.0,1
ENSG00000115866,1.7197597,2.2408736,0.91152966,0.9185604,1
ENSG00000115875,1.285117,2.6917796,0.90193135,1.0,1
ENSG00000115875,1.324397,2.6917796,0.83470446,0.54516155,1
ENSG00000115875,1.302301,2.6917796,0.9032626,0.19339581,1
ENSG00000115884,-0.12330852,0.09342168,0.98711294,1.0,1
ENSG00000115896,0.4933914,1.0606978,0.9751561,1.0,1
ENSG00000115896,0.8062063,1.0606978,0.96254826,1.0,1
ENSG00000115902,0.78165364,0.9068735,0.93791753,1.0,1
ENSG00000115902,0.89938337,0.9068735,0.92557585,0.9907039,1
ENSG00000115904,1.4133223,1.3314273,0.82786095,1.0,1
ENSG00000115919,0.18322699,0.96567196,0.9437167,1.0,1
ENSG00000115919,0.05263239,0.96567196,0.9825111,0.77539504,1
ENSG00000115935,0.15543666,0.24303804,0.9662579,1.0,1
ENSG00000115935,0.042543836,0.24303804,0.97818565,1.0,1
ENSG00000115935,0.1573342,0.24303804,0.8937567,1.0,1
ENSG00000115935,0.40820694,0.24303804,0.8406337,1.0,1
ENSG00000115942,1.0716829,1.1283993,0.9104528,1.0,1
ENSG00000115944,2.0211427,2.1067007,0.7946516,1.0,1
ENSG00000115944,2.0211427,2.1067007,0.7946516,1.0,1
ENSG00000115944,1.9968125,2.1067007,0.7310738,1.0,1
ENSG00000115946,1.3922124,1.2794387,0.89026064,1.0,1
ENSG00000115946,1.3486494,1.2794387,0.8816922,1.0,1
ENSG00000115947,1.3119022,1.7611005,0.89716023,1.0,1
ENSG00000115947,1.1693174,1.7611005,0.8792889,1.0,1
ENSG00000115956,-0.6734332,-0.79588,0.993583,1.0,1
ENSG00000115956,-0.6158792,-0.79588,0.9905503,1.0,1
ENSG00000115956,-0.6823486,-0.79588,0.9923819,1.0,1
ENSG00000115966,2.148453,1.9419584,0.850263,0.006829017,1
ENSG00000115966,2.2010806,1.9419584,0.7558867,0.32899937,1
ENSG00000115966,2.1987693,1.9419584,0.85242313,0.99808794,1
ENSG00000115966,2.1200097,1.9419584,0.8194595,0.68267035,1
ENSG00000115966,2.2179375,1.9419584,0.6648087,0.30421573,1
ENSG00000115970,0.97878635,1.1908917,0.9047709,1.0,1
ENSG00000115970,0.9553042,1.1908917,0.8945446,0.013513514,1
ENSG00000115977,1.1124407,0.5237465,0.9290845,1.0,1
ENSG00000115993,1.3882827,0.8299467,0.9062867,1.0,1
ENSG00000115993,1.3692206,0.8299467,0.9115258,1.0,1
ENSG00000115998,1.7715884,0.7143298,0.87960756,1.0,1
ENSG00000116001,1.8913703,1.9482663,0.8350349,1.0,1
ENSG00000116001,1.7570306,1.9482663,0.8421511,1.0,1
ENSG00000116001,1.9684764,1.9482663,0.7954196,0.76545167,1
ENSG00000116005,1.181372,1.0409977,0.88082296,1.0,1
ENSG00000116016,1.2441043,0.86093664,0.88519436,1.0,1
ENSG00000116016,1.1775264,0.86093664,0.8914753,1.0,1
ENSG00000116016,1.2287662,0.86093664,0.89287776,1.0,1
ENSG00000116030,0.8230639,1.7703364,0.93436414,1.0,1
ENSG00000116030,0.7425573,1.7703364,0.929672,0.9948718,1
ENSG00000116030,0.811884,1.7703364,0.9406979,0.69074935,1
ENSG00000116062,1.8597943,1.7057782,0.7737758,1.0,1
ENSG00000116062,1.7731298,1.7057782,0.91641986,0.110888444,1
ENSG00000116095,1.1530268,1.172311,0.8603434,1.0,1
ENSG00000116095,1.163855,1.172311,0.9183449,1.0,1
ENSG00000116096,1.0252049,1.2579185,0.9230369,1.0,1
ENSG00000116120,1.9695506,1.774444,0.74537194,1.0,1
ENSG00000116127,1.021811,0.9334873,0.9285017,1.0,1
ENSG00000116127,1.036482,0.9334873,0.93988097,0.17351598,1
ENSG00000116127,0.9780314,0.9334873,0.9490811,0.9183938,1
ENSG00000118242,0.45784587,0.20139712,0.9739119,1.0,1
ENSG00000118246,0.73230994,1.5659658,0.9336605,1.0,1
ENSG00000118246,0.9100654,1.5659658,0.91127795,1.0,1
ENSG00000118246,1.0413514,1.5659658,0.9150292,1.0,1
ENSG00000118246,0.95846117,1.5659658,0.9102762,1.0,1
ENSG00000118246,0.8511741,1.5659658,0.9527613,1.0,1
ENSG00000118246,0.96995354,1.5659658,0.87349445,1.0,1
ENSG00000118260,1.3290712,1.5997739,0.8984512,1.0,1
ENSG00000118260,1.3418738,1.5997739,0.9037244,1.0,1
ENSG00000118260,1.3372296,1.5997739,0.9010328,1.0,1
ENSG00000118260,1.3466467,1.5997739,0.8944717,1.0,1
ENSG00000118260,1.3388265,1.5997739,0.89895254,1.0,1
ENSG00000118260,1.2695401,1.5997739,0.93910575,1.0,1
ENSG00000118260,1.3209203,1.5997739,0.91539776,1.0,1
ENSG00000118260,1.3842552,1.5997739,0.80943525,0.2573052,1
ENSG00000118307,1.2628773,-0.61978877,0.8999254,1.0,1
ENSG00000118308,-0.0299628,1.0572857,0.98158735,1.0,1
ENSG00000118308,0.0011215918,1.0572857,0.95622796,0.22782609,1
ENSG00000118308,-0.0053198114,1.0572857,0.9473974,0.75272727,1
ENSG00000118308,-0.07975832,1.0572857,0.98790866,0.95780593,1
ENSG00000118308,0.044721857,1.0572857,0.9815607,0.98480666,1
ENSG00000118600,1.1373221,1.1610684,0.9219759,1.0,1
ENSG00000118600,1.1080209,1.1610684,0.9068453,0.007231405,1
ENSG00000118640,1.5611678,2.3129175,0.8817416,1.0,1
ENSG00000118960,1.3892102,0.587711,0.9151185,1.0,1
ENSG00000118960,1.5285027,0.587711,0.90435433,1.0,1
ENSG00000118961,1.2312675,1.6205524,0.89332277,1.0,1
ENSG00000118961,1.2982548,1.6205524,0.8829493,1.0,1
ENSG00000118961,1.2065183,1.6205524,0.9294192,0.85960317,1
ENSG00000118961,1.2663658,1.6205524,0.93073744,1.0,1
ENSG00000118961,1.2663658,1.6205524,0.93073744,1.0,1
ENSG00000118961,1.2503287,1.6205524,0.91773087,0.86384094,1
ENSG00000118965,0.85557306,0.8182259,0.9375443,1.0,1
ENSG00000118965,0.9188669,0.8182259,0.89659506,1.0,1
ENSG00000118965,0.8735674,0.8182259,0.9470331,1.0,1
ENSG00000118965,0.79151094,0.8182259,0.962493,1.0,1
ENSG00000118965,0.7581451,0.8182259,0.9629099,1.0,1
ENSG00000118965,0.9010471,0.8182259,0.9218682,1.0,1
ENSG00000118965,0.9036345,0.8182259,0.8657764,0.95681065,1
ENSG00000118965,0.93363357,0.8182259,0.8157163,0.9547826,1
ENSG00000118965,0.85180485,0.8182259,0.8098052,0.046875,1
ENSG00000118971,1.5362266,1.4967914,0.7830945,1.0,1
ENSG00000118997,1.4070107,-0.36653155,0.852539,1.0,1
ENSG00000119004,1.2712495,0.8876173,0.85792255,1.0,1
ENSG00000119004,1.3051816,0.8876173,0.88760334,1.0,1
ENSG00000119004,1.3795165,0.8876173,0.70747024,0.29467085,1
ENSG00000119004,1.3273803,0.8876173,0.9063245,0.8089431,1
ENSG00000119004,1.3829898,0.8876173,0.9065392,0.030612245,1
ENSG00000119004,1.305281,0.8876173,0.89586556,0.73277074,1
ENSG00000119013,1.529574,2.0301137,0.9313374,1.0,1
ENSG00000119013,1.6305064,2.0301137,0.9123036,0.09055492,1
ENSG00000119013,1.6531959,2.0301137,0.8518565,0.018258283,1
ENSG00000119041,1.0471908,1.6016254,0.73561126,1.0,1
ENSG00000119041,0.89151216,1.6016254,0.9264304,1.0,1
ENSG00000119042,1.1336035,0.8627275,0.87060386,1.0,1
ENSG00000119042,1.1765019,0.8627275,0.9113254,1.0,1
ENSG00000119185,1.8874494,1.808211,0.89228994,1.0,1
ENSG00000119185,1.9809271,1.808211,0.9041159,1.0,1
ENSG00000119185,1.9226311,1.808211,0.91140616,0.98585904,1
ENSG00000119185,1.9824542,1.808211,0.8717568,0.8656399,1
ENSG00000119185,1.9809271,1.808211,0.9041159,0.93703705,1
ENSG00000119185,1.9809271,1.808211,0.9041159,0.9322034,1
ENSG00000119203,1.1486517,1.6127839,0.9233755,1.0,1
ENSG00000119242,1.3303442,0.5786392,0.9049799,1.0,1
ENSG00000119242,1.3752944,0.5786392,0.8464975,0.1969697,1
ENSG00000119729,0.9473384,1.2372923,0.88508487,1.0,1
ENSG00000119729,0.8974497,1.2372923,0.933458,1.0,1
ENSG00000119760,0.8989939,1.7847599,0.92732143,1.0,1
ENSG00000119760,0.82665884,1.7847599,0.93423456,0.98817444,1
ENSG00000119760,0.7946701,1.7847599,0.91615856,0.9878512,1
ENSG00000119771,0.014299981,-0.92081875,0.9800222,1.0,1
ENSG00000119772,-0.32172877,0.5693739,0.9796011,1.0,1
ENSG00000119772,-0.571327,0.5693739,0.9894574,1.0,1
ENSG00000119772,-0.46174812,0.5693739,0.98688656,0.01438849,1
ENSG00000119777,0.87731063,1.8829796,0.951941,1.0,1
ENSG00000119777,0.8675792,1.8829796,0.95103264,0.9908821,1
ENSG00000119777,0.82723117,1.8829796,0.9495668,0.9938883,1
ENSG00000119778,1.4948081,0.95327634,0.90892184,1.0,1
ENSG00000119778,1.3863885,0.95327634,0.9370888,1.0,1
ENSG00000119778,1.4296112,0.95327634,0.8979759,1.0,1
ENSG00000119787,1.4990368,1.7223871,0.906604,1.0,1
ENSG00000119787,1.5132154,1.7223871,0.8667578,1.0,1
ENSG00000119787,1.532669,1.7223871,0.8376266,1.0,1
ENSG00000119787,1.4748799,1.7223871,0.88227826,1.0,1
ENSG00000119801,1.251201,1.4575791,0.8588848,1.0,1
ENSG00000119801,1.2821953,1.4575791,0.8990418,1.0,1
ENSG00000119801,1.2492079,1.4575791,0.84841245,0.01778809,1
ENSG00000119801,1.251201,1.4575791,0.8588848,0.22181372,1
ENSG00000119801,1.3533353,1.4575791,0.82525223,0.0033670033,1
ENSG00000119801,1.3533353,1.4575791,0.82525223,0.02688172,1
ENSG00000119812,1.2399086,1.8899177,0.9155792,1.0,1
ENSG00000119812,1.1840407,1.8899177,0.9250598,1.0,1
ENSG00000119812,1.2054445,1.8899177,0.8984094,1.0,1
ENSG00000119812,1.2037513,1.8899177,0.9138182,0.97541213,1
ENSG00000119820,1.9319535,1.209783,0.8925386,1.0,1
ENSG00000119820,2.0029387,1.209783,0.85560864,1.0,1
ENSG00000119844,1.6633408,1.1883659,0.65263385,1.0,1
ENSG00000119844,1.6117207,1.1883659,0.8608497,0.437788,1
ENSG00000119862,-0.21151006,-0.39794,0.9865289,1.0,1
ENSG00000119878,1.3661907,0.96567196,0.76186687,1.0,1
ENSG00000119888,0.64137876,1.6857418,0.96776575,1.0,1
ENSG00000119888,0.5489452,1.6857418,0.96127635,1.0,1
ENSG00000120647,1.4664017,1.1072099,0.89855045,1.0,1
ENSG00000120647,1.5900677,1.1072099,0.6481295,0.4965035,1
ENSG00000120798,1.1980053,1.542452,0.9277012,1.0,1
ENSG00000120798,1.3607002,1.542452,0.8126447,0.26685795,1
ENSG00000120800,1.0149969,1.141136,0.9492918,1.0,1
ENSG00000120800,1.052767,1.141136,0.9258564,1.0,1
ENSG00000120802,1.5127363,2.0572476,0.8733169,1.0,1
ENSG00000120802,1.6174603,2.0572476,0.8615852,1.0,1
ENSG00000120805,1.220726,1.9766709,0.8633677,1.0,1
ENSG00000120805,1.2681689,1.9766709,0.7983582,1.0,1
ENSG00000120805,1.1793295,1.9766709,0.87924874,1.0,1
ENSG00000120805,1.1793295,1.9766709,0.87924874,1.0,1
ENSG00000120805,1.2382888,1.9766709,0.90230006,0.95432585,1
ENSG00000120832,1.8596712,1.3836359,0.8777416,1.0,1
ENSG00000120833,1.2948827,1.8873359,0.8794914,1.0,1
ENSG00000120833,1.2948827,1.8873359,0.8794914,1.0,1
ENSG00000120833,1.326836,1.8873359,0.9061959,1.0,1
ENSG00000120837,1.1250972,1.4305588,0.9077237,1.0,1
ENSG00000120837,1.1810018,1.4305588,0.8396099,1.0,1
ENSG00000120837,1.1810018,1.4305588,0.8396099,1.0,1
ENSG00000120860,0.6211761,1.5761108,0.9712899,1.0,1
ENSG00000120860,0.6915791,1.5761108,0.9394401,0.0700961,1
ENSG00000120868,1.145136,1.0326188,0.9406629,1.0,1
ENSG00000120868,1.1210419,1.0326188,0.943582,0.9823232,1
ENSG00000120868,1.1485022,1.0326188,0.94036937,1.0,1
ENSG00000121152,1.4317778,1.7512791,0.8891796,1.0,1
ENSG00000121152,1.368323,1.7512791,0.8581852,1.0,1
ENSG00000121152,1.5185224,1.7512791,0.884916,0.9639483,1
ENSG00000121152,1.5446812,1.7512791,0.89145523,0.8500517,1
ENSG00000121152,1.6146894,1.7512791,0.91114354,0.3287037,1
ENSG00000121316,0.7083087,1.4056878,0.93991405,1.0,1
ENSG00000121350,1.3642186,0.79588,0.9042158,1.0,1
ENSG00000121350,1.2556382,0.79588,0.9442747,1.0,1
ENSG00000121350,1.373716,0.79588,0.86973137,0.72845954,1
ENSG00000121749,1.5623336,1.57841,0.85687315,1.0,1
ENSG00000121749,1.5590347,1.57841,0.6947721,0.0,1
ENSG00000121749,1.5469596,1.57841,0.7297093,0.0064102565,1
ENSG00000121749,1.4963983,1.57841,0.9143095,0.9831731,1
ENSG00000121749,1.5721115,1.57841,0.7027364,0.058092948,1
ENSG00000121964,0.8523434,0.9127533,0.9424535,1.0,1
ENSG00000121988,1.3995895,1.1658376,0.8374458,1.0,1
ENSG00000121988,1.525024,1.1658376,0.68371147,0.0,1
ENSG00000121989,0.2346092,-0.04095861,0.9781808,1.0,1
ENSG00000122085,1.175351,1.2977605,0.7897543,1.0,1
ENSG00000122085,1.1034706,1.2977605,0.9473689,0.010638298,1
ENSG00000122085,0.9310933,1.2977605,0.90978295,0.12345679,1
ENSG00000122085,1.0234752,1.2977605,0.9572697,0.8217593,1
ENSG00000122085,0.9469671,1.2977605,0.9346352,0.60914177,1
ENSG00000122965,1.4674175,1.2516382,0.8332712,1.0,1
ENSG00000122965,1.5139573,1.2516382,0.79374945,1.0,1
ENSG00000122966,1.2391529,1.3463529,0.9225012,1.0,1
ENSG00000122966,1.1891812,1.3463529,0.89278865,0.98638135,1
ENSG00000122970,1.3853824,0.81557775,0.8976325,1.0,1
ENSG00000122971,1.2381016,1.0468851,0.922849,1.0,1
ENSG00000122986,-0.38787848,0.31175387,0.988672,1.0,1
ENSG00000122986,-0.2834227,0.31175387,0.9846864,1.0,1
ENSG00000122986,-0.23875685,0.31175387,0.9293421,0.97333336,1
ENSG00000123064,1.7916762,1.7327154,0.86581177,1.0,1
ENSG00000123066,1.3537514,1.5703094,0.8387863,1.0,1
ENSG00000123104,0.24440412,-0.06550155,0.966605,1.0,1
ENSG00000123104,0.45223004,-0.06550155,0.9388269,1.0,1
ENSG00000123106,1.9880401,1.3641757,0.7379292,1.0,1
ENSG00000123106,1.9432412,1.3641757,0.86395943,1.0,1
ENSG00000123106,1.925226,1.3641757,0.8368841,1.0,1
ENSG00000123106,1.9987687,1.3641757,0.8988836,1.0,1
ENSG00000123106,1.8427887,1.3641757,0.8949269,1.0,1
ENSG00000123106,1.9880143,1.3641757,0.8289157,0.05717916,1
ENSG00000123106,1.8965315,1.3641757,0.81440336,0.021601016,1
ENSG00000123268,1.291171,1.832892,0.8682489,1.0,1
ENSG00000123297,1.4253799,1.5182507,0.87890697,0.48857868,1
ENSG00000123297,1.426598,1.5182507,0.90458506,0.85376346,1
ENSG00000123329,0.98988307,1.0704073,0.9696339,1.0,1
ENSG00000123329,0.9029194,1.0704073,0.93885446,0.94049907,1
ENSG00000123338,0.4468572,1.5537617,0.9779288,1.0,1
ENSG00000123349,1.5330486,2.9257915,0.94526684,1.0,1
ENSG00000123349,1.5856965,2.9257915,0.9208631,0.6959459,1
ENSG00000123349,1.5904785,2.9257915,0.9300255,0.047885645,1
ENSG00000123349,1.5897462,2.9257915,0.90423405,0.022023737,1
ENSG00000123349,1.6002164,2.9257915,0.90133125,0.013575219,1
ENSG00000123349,1.5527257,2.9257915,0.938275,0.93028396,1
ENSG00000123349,1.5976406,2.9257915,0.8544801,0.9937535,1
ENSG00000123352,1.2065258,1.4935975,0.93667024,1.0,1
ENSG00000123352,1.353598,1.4935975,0.9029099,0.47153124,1
ENSG00000123352,1.1974249,1.4935975,0.9376908,0.13838384,1
ENSG00000123352,1.3659898,1.4935975,0.92801607,0.022909507,1
ENSG00000123352,1.3454003,1.4935975,0.9226862,0.039215688,1
ENSG00000123353,1.7385823,1.3548764,0.9143587,1.0,1
ENSG00000123358,1.1822712,0.3283796,0.90275085,1.0,1
ENSG00000123358,1.1639796,0.3283796,0.89008105,0.0,1
ENSG00000123374,1.3371633,2.2174313,0.9316989,1.0,1
ENSG00000123374,1.4123043,2.2174313,0.8846797,0.9916879,1
ENSG00000123374,1.328504,2.2174313,0.8970474,0.9362171,1
ENSG00000123384,0.55433846,-0.4436975,0.9735415,1.0,1
ENSG00000123395,1.640535,1.5259514,0.9105169,1.0,1
ENSG00000123395,1.7043681,1.5259514,0.66457814,1.0,1
ENSG00000123411,1.5068687,0.77524626,0.90977323,1.0,1
ENSG00000123411,1.4540802,0.77524626,0.91730535,1.0,1
ENSG00000123411,1.5933362,0.77524626,0.92074746,1.0,1
ENSG00000123411,1.5867652,0.77524626,0.89823186,0.8654292,1
ENSG00000123415,1.756019,1.5917323,0.89165866,1.0,1
ENSG00000123415,1.7691536,1.5917323,0.85250515,1.0,1
ENSG00000123415,1.7691536,1.5917323,0.85250515,1.0,1
ENSG00000123415,1.7255307,1.5917323,0.77173084,1.0,1
ENSG00000123415,1.7247976,1.5917323,0.7727727,1.0,1
ENSG00000123415,1.8235527,1.5917323,0.79634196,1.0,1
ENSG00000123415,1.7159693,1.5917323,0.7427985,0.2173913,1
ENSG00000123415,1.8264037,1.5917323,0.67822134,0.0786802,1
ENSG00000123416,1.4234432,3.5772781,0.93399304,1.0,1
ENSG00000123427,1.3607033,1.141136,0.8994333,1.0,1
ENSG00000123427,1.3621619,1.141136,0.91150886,0.7287273,1
ENSG00000123485,1.5801216,1.9139198,0.83604765,1.0,1
ENSG00000123600,1.4538774,1.4321673,0.79134995,1.0,1
ENSG00000123600,1.536975,1.4321673,0.8086631,1.0,1
ENSG00000123600,1.4606944,1.4321673,0.76227665,1.0,1
ENSG00000123600,1.641792,1.4321673,0.8963114,0.22931938,1
ENSG00000123600,1.536975,1.4321673,0.8086631,0.3387978,1
ENSG00000123607,1.4714502,1.4080703,0.90406716,1.0,1
ENSG00000123609,1.5127226,1.0895519,0.91103953,1.0,1
ENSG00000123609,1.3904046,1.0895519,0.92540926,1.0,1
ENSG00000123609,1.4326912,1.0895519,0.92818177,1.0,1
ENSG00000123609,1.5043143,1.0895519,0.9242249,1.0,1
ENSG00000123609,1.5003088,1.0895519,0.9214805,1.0,1
ENSG00000123609,1.4305576,1.0895519,0.9143246,0.981893,1
ENSG00000123610,-0.5559651,-0.92081875,0.99439055,1.0,1
ENSG00000123610,-0.49892086,-0.92081875,0.9932868,1.0,1
ENSG00000123636,1.0969222,1.2000293,0.9413709,1.0,1
ENSG00000123983,1.6922836,1.913496,0.8855953,1.0,1
ENSG00000123989,1.1257561,0.99913055,0.91660583,1.0,1
ENSG00000123989,1.0268228,0.99913055,0.8802466,1.0,1
ENSG00000123992,0.782102,1.6747693,0.9387566,1.0,1
ENSG00000123992,0.88892096,1.6747693,0.93716365,1.0,1
ENSG00000123992,0.9035021,1.6747693,0.93564695,1.0,1
ENSG00000124356,1.3341621,1.548635,0.9122523,1.0,1
ENSG00000124356,1.44307,1.548635,0.8775501,1.0,1
ENSG00000124356,1.3568668,1.548635,0.8945759,1.0,1
ENSG00000124357,1.3629245,0.9175055,0.89609206,1.0,1
ENSG00000124370,1.4075186,1.3666097,0.91292286,1.0,1
ENSG00000124374,-0.00022101402,-0.69897,0.9893083,1.0,1
ENSG00000124380,1.110213,1.6141587,0.9228764,1.0,1
ENSG00000124380,1.0728964,1.6141587,0.95111877,1.0,1
ENSG00000124380,0.99666893,1.6141587,0.9484025,1.0,1
ENSG00000124380,1.174423,1.6141587,0.90774024,1.0,1
ENSG00000124380,1.1580225,1.6141587,0.94531125,1.0,1
ENSG00000124383,1.3585358,1.3898746,0.91981685,1.0,1
ENSG00000124383,1.4914938,1.3898746,0.86002094,1.0,1
ENSG00000124831,1.3259962,1.2491983,0.8068567,1.0,1
ENSG00000124831,1.253454,1.2491983,0.79755616,1.0,1
ENSG00000124831,1.3480219,1.2491983,0.84164715,1.0,1
ENSG00000124831,1.366858,1.2491983,0.8989479,1.0,1
ENSG00000124831,1.3672168,1.2491983,0.9038374,0.0074850298,1
ENSG00000125538,-0.29772252,-0.79588,0.98606896,1.0,1
ENSG00000125551,-0.4944659,-0.63827217,0.98895824,1.0,1
ENSG00000125571,-0.7177729,-0.88605666,0.99234205,1.0,1
ENSG00000125611,1.7842808,1.1863912,0.9042513,1.0,1
ENSG00000125611,1.7881634,1.1863912,0.8976633,1.0,1
ENSG00000125629,0.9577413,1.3870337,0.93550336,1.0,1
ENSG00000125629,1.0049638,1.3870337,0.92706645,1.0,1
ENSG00000125629,0.994455,1.3870337,0.8970568,1.0,1
ENSG00000125629,0.9382523,1.3870337,0.8754583,0.47379795,1
ENSG00000125630,2.1696584,1.499137,0.8529068,1.0,1
ENSG00000125630,2.160622,1.499137,0.865504,1.0,1
ENSG00000125630,2.2249172,1.499137,0.7274508,0.062063616,1
ENSG00000125630,2.184243,1.499137,0.8701658,0.93,1
ENSG00000125633,1.1474875,1.1658376,0.86397356,1.0,1
ENSG00000125637,1.2301415,1.0081742,0.92638314,1.0,1
ENSG00000125637,1.2900363,1.0081742,0.90825415,1.0,1
ENSG00000125637,1.1564165,1.0081742,0.933291,1.0,1
ENSG00000125637,1.1822909,1.0081742,0.9399282,1.0,1
ENSG00000125637,1.2484626,1.0081742,0.9379102,1.0,1
ENSG00000125637,1.2939744,1.0081742,0.93953437,1.0,1
ENSG00000125637,1.291195,1.0081742,0.93237346,1.0,1
ENSG00000125637,1.2275053,1.0081742,0.9403912,1.0,1
ENSG00000125637,1.2636794,1.0081742,0.8821618,1.0,1
ENSG00000125637,1.2791432,1.0081742,0.8985921,1.0,1
ENSG00000126746,1.3634735,1.548635,0.9353953,1.0,1
ENSG00000126746,1.257512,1.548635,0.9224409,0.20787746,1
ENSG00000127311,1.118508,0.4756712,0.9259617,1.0,1
ENSG00000127311,1.0758947,0.4756712,0.86349607,1.0,1
ENSG00000127311,1.0335145,0.4756712,0.942643,1.0,1
ENSG00000127311,1.1723632,0.4756712,0.929797,1.0,1
ENSG00000127311,1.225527,0.4756712,0.9223944,0.8467433,1
ENSG00000127314,1.4345566,2.2907023,0.8951753,1.0,1
ENSG00000127314,1.4347644,2.2907023,0.91202,1.0,1
ENSG00000127314,1.4345566,2.2907023,0.8951753,0.8893035,1
ENSG00000127314,1.4136443,2.2907023,0.90421855,0.54487586,1
ENSG00000127314,1.4425298,2.2907023,0.8305418,0.9493011,1
ENSG00000127314,1.442539,2.2907023,0.92044276,0.97630507,1
ENSG00000127328,1.0247487,1.20412,0.9399658,1.0,1
ENSG00000127328,1.1364883,1.20412,0.94757855,0.03137255,1
ENSG00000127329,-0.56845665,0.11394335,0.99263835,1.0,1
ENSG00000127329,-0.46820325,0.11394335,0.9881733,1.0,1
ENSG00000127329,-0.602781,0.11394335,0.99305314,1.0,1
ENSG00000127329,-0.5743364,0.11394335,0.9926559,1.0,1
ENSG00000127329,-0.4510736,0.11394335,0.9875947,1.0,1
ENSG00000127329,-0.46717548,0.11394335,0.9858374,1.0,1
ENSG00000127334,1.0941607,0.9973864,0.83044064,0.5381485,1
ENSG00000127337,1.4326806,1.538825,0.86730486,1.0,1
ENSG00000127720,1.3833772,0.13672057,0.87667304,1.0,1
ENSG00000127720,1.3833772,0.13672057,0.87667304,1.0,1
ENSG00000127831,-0.71794707,-0.27572414,0.9938406,1.0,1
ENSG00000127831,-0.60670197,-0.27572414,0.9916112,1.0,1
ENSG00000127837,1.9984032,1.5370631,0.8927165,1.0,1
ENSG00000128641,0.19211051,-0.92081875,0.97565323,1.0,1
ENSG00000128654,1.4007562,2.0857186,0.68748385,1.0,1
ENSG00000128654,1.4035165,2.0857186,0.8261648,0.04629921,1
ENSG00000128656,-0.3275329,-0.10237291,0.9727079,1.0,1
ENSG00000128656,-0.3515159,-0.10237291,0.9227409,1.0,1
ENSG00000128694,1.4393793,0.924796,0.8858951,1.0,1
ENSG00000128694,1.4647243,0.924796,0.84788656,0.76880985,1
ENSG00000128699,1.3539575,1.7199938,0.9337881,1.0,1
ENSG00000128699,1.4027271,1.7199938,0.902685,1.0,1
ENSG00000128699,1.3727349,1.7199938,0.9280816,1.0,1
ENSG00000128699,1.4169717,1.7199938,0.9025084,0.7994707,1
ENSG00000128708,1.5391297,2.2692094,0.9127499,1.0,1
ENSG00000128708,1.4037983,2.2692094,0.90069395,0.9689303,1
ENSG00000128708,1.4883808,2.2692094,0.8993264,0.9924983,1
ENSG00000129315,1.8844107,1.5712428,0.87147236,1.0,1
ENSG00000129315,1.904451,1.5712428,0.8219331,0.6581071,1
ENSG00000129317,1.118728,1.3016809,0.94649625,1.0,1
ENSG00000129317,0.9923632,1.3016809,0.93060917,0.5429395,1
ENSG00000130038,0.6954134,0.8645111,0.9703066,1.0,1
ENSG00000130038,0.6747941,0.8645111,0.9658626,1.0,1
ENSG00000130414,0.98830616,1.9393694,0.85330963,1.0,1
ENSG00000130783,-0.46396446,-0.124938734,0.99218583,1.0,1
ENSG00000130787,0.3607825,1.0941216,0.9551968,1.0,1
ENSG00000130921,1.0263635,1.1048284,0.8919423,1.0,1
ENSG00000132300,1.6711882,2.152533,0.8030192,1.0,1
ENSG00000132300,1.5624012,2.152533,0.92789656,1.0,1
ENSG00000132300,1.6184138,2.152533,0.9264008,1.0,1
ENSG00000132305,1.2544266,1.9421073,0.9201186,1.0,1
ENSG00000132305,1.3375455,1.9421073,0.91762376,1.0,1
ENSG00000132323,1.7512807,1.3490832,0.9094876,1.0,1
ENSG00000132323,1.7772409,1.3490832,0.796588,1.0,1
ENSG00000132323,1.8222017,1.3490832,0.78133744,1.0,1
ENSG00000132323,1.7385916,1.3490832,0.8669574,0.9828393,1
ENSG00000132326,0.6556392,0.350248,0.95808315,1.0,1
ENSG00000132326,0.51677215,0.350248,0.94965076,0.66169155,1
ENSG00000132329,0.15353797,-0.30980393,0.9687354,1.0,1
ENSG00000132330,1.2029817,1.1132747,0.9333395,1.0,1
ENSG00000132330,1.1044055,1.1132747,0.9403176,1.0,1
ENSG00000132330,1.0648867,1.1132747,0.8915855,1.0,1
ENSG00000132330,1.1898192,1.1132747,0.90126145,0.124535315,1
ENSG00000132341,1.7002064,3.411069,0.8898926,0.08587893,1
ENSG00000133641,1.2606428,1.5317343,0.91175735,1.0,1
ENSG00000133641,1.3093115,1.5317343,0.85883075,1.0,1
ENSG00000133641,1.4113195,1.5317343,0.83391297,0.66042554,1
ENSG00000133641,1.3128239,1.5317343,0.8648,0.9412023,1
ENSG00000133687,-0.30658603,-0.92081875,0.9875594,1.0,1
ENSG00000133703,1.2181036,1.1646502,0.8858083,1.0,1
ENSG00000133703,1.2852896,1.1646502,0.8553875,0.016381767,1
ENSG00000133704,1.1927685,1.1866739,0.8966707,1.0,1
ENSG00000133773,0.847681,1.4001925,0.8299396,1.0,1
ENSG00000133773,0.8494086,1.4001925,0.7933683,1.0,1
ENSG00000133858,0.83036757,1.8242561,0.9241009,1.0,1
ENSG00000133858,0.9291477,1.8242561,0.9117714,1.0,1
ENSG00000134283,0.9925002,1.9033071,0.8691202,1.0,1
ENSG00000134283,1.0139321,1.9033071,0.89528364,1.0,1
ENSG00000134283,0.9833342,1.9033071,0.8297759,0.14871553,1
ENSG00000134283,0.9354769,1.9033071,0.94449174,0.57435775,1
ENSG00000134283,0.982051,1.9033071,0.8752418,0.03582371,1
ENSG00000134283,0.9775957,1.9033071,0.8905452,0.97013485,1
ENSG00000134285,-0.14989258,0.8312297,0.9828774,1.0,1
ENSG00000134287,1.6203008,2.0677402,0.87415045,1.0,1
ENSG00000134287,1.6203008,2.0677402,0.87415045,1.0,1
ENSG00000134287,1.6744046,2.0677402,0.9172827,0.9950777,1
ENSG00000134291,0.96789116,2.1332195,0.92229855,1.0,1
ENSG00000134294,1.323319,2.0171585,0.8705787,1.0,1
ENSG00000134294,1.310525,2.0171585,0.9183225,0.91113335,1
ENSG00000134308,1.6764057,2.3748765,0.9023581,1.0,1
ENSG00000134313,1.2088429,1.5081255,0.91619736,1.0,1
ENSG00000134313,1.2582713,1.5081255,0.914059,1.0,1
ENSG00000134313,1.2817905,1.5081255,0.7326372,0.09715994,1
ENSG00000134317,1.1789688,0.7041505,0.937757,1.0,1
ENSG00000134317,1.2298371,0.7041505,0.86397856,1.0,1
ENSG00000134318,0.98977673,0.84010607,0.8536417,1.0,1
ENSG00000134318,0.9713154,0.84010607,0.92069036,1.0,1
ENSG00000134318,1.0277884,0.84010607,0.9366766,1.0,1
ENSG00000134318,0.9941366,0.84010607,0.9046485,1.0,1
ENSG00000134321,0.030290172,-0.4202164,0.9803224,1.0,1
ENSG00000134324,1.0237608,1.854306,0.92346525,1.0,1
ENSG00000134324,1.1741983,1.854306,0.9106667,0.056830805,1
ENSG00000134326,0.78455067,0.50105923,0.9563497,1.0,1
ENSG00000134531,0.18288307,-0.7212464,0.9564243,1.0,1
ENSG00000134532,0.23122574,1.0681858,0.9417315,1.0,1
ENSG00000134532,-0.16999738,1.0681858,0.98385346,1.0,1
ENSG00000135090,1.3872975,1.6541766,0.934911,1.0,1
ENSG00000135090,1.4506788,1.6541766,0.90852207,1.0,1
ENSG00000135090,1.4491655,1.6541766,0.9126801,1.0,1
ENSG00000135090,1.5369955,1.6541766,0.91615766,0.9892819,1
ENSG00000135090,1.4433374,1.6541766,0.8686451,0.0,1
ENSG00000135093,0.7426153,1.0906107,0.9613989,1.0,1
ENSG00000135093,0.86974955,1.0906107,0.8293644,1.0,1
ENSG00000135093,0.79368913,1.0906107,0.94888806,1.0,1
ENSG00000135093,0.8260932,1.0906107,0.9579304,1.0,1
ENSG00000135108,1.0141081,0.8293038,0.92039883,1.0,1
ENSG00000135124,1.3968974,1.1743506,0.9025968,0.30533335,1
ENSG00000135124,1.541998,1.1743506,0.88922924,0.0,1
ENSG00000135124,1.3715285,1.1743506,0.91684306,0.07363014,1
ENSG00000135127,-0.30945987,0.11058971,0.98491293,1.0,1
ENSG00000135148,1.5776511,1.6369891,0.8792267,1.0,1
ENSG00000135390,1.3316278,2.530046,0.90125996,1.0,1
ENSG00000135390,1.3299488,2.530046,0.8924316,1.0,1
ENSG00000135392,1.5629086,0.83884907,0.8504254,1.0,1
ENSG00000135404,1.3782456,2.3220744,0.9061196,1.0,1
ENSG00000135407,0.06257337,-0.60206,0.975251,1.0,1
ENSG00000135414,0.83632433,0.5658478,0.95089644,1.0,1
ENSG00000135424,-0.15075567,-0.022276394,0.98177975,1.0,1
ENSG00000135426,0.7201655,0.1398791,0.76886994,1.0,1
ENSG00000135436,-0.8335074,-0.7447275,0.99364096,1.0,1
ENSG00000135436,-0.8829236,-0.7447275,0.99408925,1.0,1
ENSG00000135436,-0.8613129,-0.7447275,0.99462456,1.0,1
ENSG00000135439,0.041420482,-0.537602,0.979159,1.0,1
ENSG00000135441,1.6186264,1.8585372,0.9146765,1.0,1
ENSG00000135441,1.6186264,1.8585372,0.9146765,1.0,1
ENSG00000135441,1.6114153,1.8585372,0.8177012,0.98213196,1
ENSG00000135441,1.6342525,1.8585372,0.8924315,0.5353774,1
ENSG00000135446,1.5049113,2.536899,0.9154592,1.0,1
ENSG00000135446,1.5281999,2.536899,0.922851,0.9989126,1
ENSG00000135451,1.8180298,1.6447339,0.91820765,1.0,1
ENSG00000135451,1.7708842,1.6447339,0.8975681,1.0,1
ENSG00000135451,1.672837,1.6447339,0.9028969,1.0,1
ENSG00000135451,1.8047734,1.6447339,0.90001523,0.97270954,1
ENSG00000135452,1.7080833,1.1826999,0.8446713,1.0,1
ENSG00000135454,1.2839934,0.89872515,0.9227271,1.0,1
ENSG00000135457,1.5077977,1.3747483,0.865795,1.0,1
ENSG00000135469,1.0860597,1.3586961,0.89669704,1.0,1
ENSG00000135469,1.0791217,1.3586961,0.8856303,1.0,1
ENSG00000135469,1.1101729,1.3586961,0.93759865,1.0,1
ENSG00000135473,1.3799554,1.883775,0.9205165,1.0,1
ENSG00000135473,1.413565,1.883775,0.89032894,1.0,1
ENSG00000135476,1.5901607,1.2355285,0.8451681,1.0,1
ENSG00000135476,1.505001,1.2355285,0.86141664,0.5907173,1
ENSG00000135482,1.702154,-0.017728766,0.7518098,1.0,1
ENSG00000135486,1.6284345,2.9958897,0.92916876,1.0,1
ENSG00000135486,1.6473849,2.9958897,0.93372905,0.34279418,1
ENSG00000135503,0.86251944,0.8162413,0.94926625,1.0,1
ENSG00000135503,0.8478705,0.8162413,0.9501999,1.0,1
ENSG00000135506,1.7899033,1.8877298,0.9082085,1.0,1
ENSG00000135506,1.7907652,1.8877298,0.8918535,0.9977635,1
ENSG00000135506,1.7741486,1.8877298,0.92344034,0.998253,1
ENSG00000135506,1.7730795,1.8877298,0.9179544,0.6018163,1
ENSG00000135517,0.2651732,-0.88605666,0.96717024,1.0,1
ENSG00000135519,-0.20362723,-0.92081875,0.9682588,1.0,1
ENSG00000135519,-0.18893279,-0.92081875,0.9852835,1.0,1
ENSG00000135519,-0.18354319,-0.92081875,0.9623149,1.0,1
ENSG00000135617,1.2601215,1.358506,0.922604,1.0,1
ENSG00000135617,1.2591139,1.358506,0.87842524,1.0,1
ENSG00000135617,1.1933066,1.358506,0.90291065,1.0,1
ENSG00000135622,1.0381556,-0.27572414,0.93940514,1.0,1
ENSG00000135624,1.3192152,2.686082,0.93041784,1.0,1
ENSG00000135624,1.2912856,2.686082,0.92877,0.009721189,1
ENSG00000135632,1.0911647,1.5007852,0.8053482,1.0,1
ENSG00000135643,-0.5084824,-0.56863624,0.9887877,1.0,1
ENSG00000135655,1.2982183,2.1769302,0.9082817,1.0,1
ENSG00000135655,1.2982183,2.1769302,0.9082817,1.0,1
ENSG00000135655,1.372721,2.1769302,0.9050596,0.9838002,1
ENSG00000135677,1.2275048,1.3802112,0.8400603,1.0,1
ENSG00000135677,1.2227856,1.3802112,0.86435086,0.7834483,1
ENSG00000135677,1.1975719,1.3802112,0.9407502,0.0,1
ENSG00000135679,1.666982,1.3823773,0.82510334,1.0,1
ENSG00000135679,1.6758846,1.3823773,0.85463494,0.97324723,1
ENSG00000135679,1.7094787,1.3823773,0.9089275,0.99904764,1
ENSG00000135679,1.6667587,1.3823773,0.90933955,0.9740019,1
ENSG00000135679,1.7205669,1.3823773,0.80980814,1.0,1
ENSG00000135898,-0.26125622,-0.36653155,0.9596888,1.0,1
ENSG00000135899,0.4336207,0.29003462,0.9706251,1.0,1
ENSG00000135899,0.27447027,0.29003462,0.9640465,1.0,1
ENSG00000135899,0.31531525,0.29003462,0.96421057,1.0,1
ENSG00000135912,1.3653985,1.5507175,0.9195568,1.0,1
ENSG00000135913,0.95520496,0.81291336,0.9193743,1.0,1
ENSG00000135913,0.9516636,0.81291336,0.8952795,1.0,1
ENSG00000135913,1.0778443,0.81291336,0.77820134,0.96666664,1
ENSG00000135913,1.0504153,0.81291336,0.8916127,0.9627451,1
ENSG00000135916,0.6534808,1.6893089,0.97525406,1.0,1
ENSG00000135916,0.8267932,1.6893089,0.9569792,1.0,1
ENSG00000135916,0.8593401,1.6893089,0.9489455,1.0,1
ENSG00000135916,0.7054438,1.6893089,0.953032,0.7501063,1
ENSG00000135916,0.8022271,1.6893089,0.954181,0.99872506,1
ENSG00000135924,1.2927974,0.6314438,0.89851373,1.0,1
ENSG00000135924,1.2843269,0.6314438,0.92616785,1.0,1
ENSG00000135926,1.3143859,1.6454222,0.9180783,1.0,1
ENSG00000135926,1.3153136,1.6454222,0.90623707,1.0,1
ENSG00000135926,1.3143859,1.6454222,0.9180783,0.55841535,1
ENSG00000135926,1.37877,1.6454222,0.8842482,0.0013537906,1
ENSG00000135930,1.7335695,1.3117539,0.8180159,1.0,1
ENSG00000135930,1.5825305,1.3117539,0.89126617,0.76930064,1
ENSG00000135931,0.54203373,0.2552725,0.96720135,1.0,1
ENSG00000135931,0.44165063,0.2552725,0.98166865,1.0,1
ENSG00000135932,0.96876633,1.769525,0.9377114,1.0,1
ENSG00000135940,1.5009128,2.6450388,0.9285446,1.0,1
ENSG00000135940,1.4836228,2.6450388,0.9181051,1.0,1
ENSG00000135945,0.91929984,1.6389881,0.9297909,1.0,1
ENSG00000135945,0.9133662,1.6389881,0.9405449,0.1492205,1
ENSG00000135953,1.5376368,0.79934055,0.8108673,1.0,1
ENSG00000135953,1.5985404,0.79934055,0.85241765,1.0,1
ENSG00000135953,1.6096681,0.79934055,0.90721273,0.22434367,1
ENSG00000135956,1.088893,1.0417873,0.84079564,1.0,1
ENSG00000135956,1.0588688,1.0417873,0.8329258,1.0,1
ENSG00000135966,0.9810604,0.854913,0.8988911,1.0,1
ENSG00000135966,0.9748862,0.854913,0.8304729,1.0,1
ENSG00000135968,0.9081981,1.1519824,0.9510774,1.0,1
ENSG00000135974,1.169191,1.3873898,0.91957873,1.0,1
ENSG00000135976,-0.29108965,0.98989457,0.9908845,1.0,1
ENSG00000135999,1.4712722,1.414472,0.92816895,1.0,1
ENSG00000135999,1.5172685,1.414472,0.90202045,1.0,1
ENSG00000135999,1.527203,1.414472,0.9144155,1.0,1
ENSG00000136003,1.4927075,1.8243862,0.89872676,1.0,1
ENSG00000136003,1.5026392,1.8243862,0.9237628,0.06982093,1
ENSG00000136003,1.5067838,1.8243862,0.89439446,0.0022763088,1
ENSG00000136003,1.5128549,1.8243862,0.9077992,0.00070150825,1
ENSG00000136010,0.4741348,0.48144263,0.9712107,1.0,1
ENSG00000136010,0.57915056,0.48144263,0.96074474,1.0,1
ENSG00000136010,0.49478698,0.48144263,0.9798043,1.0,1
ENSG00000136021,1.5778753,1.3546846,0.8719527,1.0,1
ENSG00000136021,1.6224319,1.3546846,0.91543514,1.0,1
ENSG00000136040,-0.9197272,-0.48148605,0.9909848,1.0,1
ENSG00000136040,-0.95494825,-0.48148605,0.9942524,1.0,1
ENSG00000136044,0.90366805,1.0077478,0.9471962,1.0,1
ENSG00000136044,0.9497318,1.0077478,0.9367233,1.0,1
ENSG00000136045,1.9261049,1.9060656,0.9069078,1.0,1
ENSG00000136048,0.7785814,0.22271647,0.94853485,1.0,1
ENSG00000136051,1.2620987,1.2605484,0.9003622,1.0,1
ENSG00000136051,1.322661,1.2605484,0.9262104,1.0,1
ENSG00000136052,0.45361286,-0.6777807,0.9706462,1.0,1
ENSG00000136536,1.650783,1.6893089,0.90469474,1.0,1
ENSG00000136536,1.6805654,1.6893089,0.87793535,1.0,1
ENSG00000136536,1.6821047,1.6893089,0.90622896,0.8555219,1
ENSG00000136536,1.7255652,1.6893089,0.83660245,0.8555219,1
ENSG00000136541,-0.45465428,-0.7447275,0.94631785,1.0,1
ENSG00000136541,-0.5916542,-0.7447275,0.98931634,1.0,1
ENSG00000136542,1.5937662,1.6290016,0.907871,1.0,1
ENSG00000136542,1.5282446,1.6290016,0.91765505,1.0,1
ENSG00000136560,1.4875792,1.6435513,0.9225704,1.0,1
ENSG00000136560,1.5361382,1.6435513,0.918712,1.0,1
ENSG00000136560,1.3631928,1.6435513,0.92577404,1.0,1
ENSG00000136560,1.518248,1.6435513,0.9186547,1.0,1
ENSG00000136682,1.1934193,1.4702635,0.9143716,1.0,1
ENSG00000136682,1.3374403,1.4702635,0.67746013,0.39384496,1
ENSG00000136682,1.2679083,1.4702635,0.77553153,0.018551765,1
ENSG00000136682,1.2143177,1.4702635,0.76561123,0.12951168,1
ENSG00000136682,1.2037934,1.4702635,0.73258793,0.8266108,1
ENSG00000136699,1.117043,1.6574383,0.89954144,1.0,1
ENSG00000136699,1.1182454,1.6574383,0.8328898,0.08573903,1
ENSG00000136699,1.1866615,1.6574383,0.9342712,0.76760566,1
ENSG00000136699,1.1959342,1.6574383,0.92413753,0.9672771,1
ENSG00000136709,1.6982137,1.6395861,0.8983773,1.0,1
ENSG00000136710,1.0189346,1.6773331,0.9393642,1.0,1
ENSG00000136710,0.8693856,1.6773331,0.94048816,0.102380954,1
ENSG00000136715,1.5600902,0.9965117,0.74032205,0.4827586,1
ENSG00000136717,0.016355049,-0.060480747,0.954056,1.0,1
ENSG00000136718,1.7980466,2.0466902,0.902353,1.0,1
ENSG00000136731,1.4231324,1.2962263,0.87202656,1.0,1
ENSG00000136731,1.3314131,1.2962263,0.9203122,1.0,1
ENSG00000136732,1.085526,2.287152,0.9204452,1.0,1
ENSG00000136732,1.017787,2.287152,0.91673166,0.0075281016,1
ENSG00000136732,1.1584421,2.287152,0.8247033,0.50829196,1
ENSG00000138002,1.2814448,1.2214142,0.92752606,1.0,1
ENSG00000138002,1.2287678,1.2214142,0.90307647,0.0,1
ENSG00000138018,1.8296772,1.3220124,0.8067666,1.0,1
ENSG00000138029,1.4489335,1.962322,0.90942097,1.0,1
ENSG00000138029,1.4489335,1.962322,0.90942097,1.0,1
ENSG00000138029,1.554212,1.962322,0.7540727,0.9915265,1
ENSG00000138030,0.6109203,0.4578819,0.9357916,1.0,1
ENSG00000138031,0.72077996,1.474362,0.96485716,1.0,1
ENSG00000138031,0.77111983,1.474362,0.9654555,1.0,1
ENSG00000138031,0.8486955,1.474362,0.959532,0.3809524,1
ENSG00000138032,1.6866307,1.5174599,0.8901942,1.0,1
ENSG00000138032,1.7513951,1.5174599,0.85064584,1.0,1
ENSG00000138032,1.5816822,1.5174599,0.87707514,0.99812263,1
ENSG00000138032,1.6120561,1.5174599,0.891819,0.637321,1
ENSG00000138035,1.2419406,1.602711,0.92368054,1.0,1
ENSG00000138035,1.4066631,1.602711,0.887985,1.0,1
ENSG00000138035,1.3348149,1.602711,0.9249512,1.0,1
ENSG00000138036,0.6908181,1.4723176,0.8780658,1.0,1
ENSG00000138050,1.4831136,1.4776999,0.9175573,1.0,1
ENSG00000138050,1.334315,1.4776999,0.92581767,1.0,1
ENSG00000138050,1.4875737,1.4776999,0.8438933,0.4416191,1
ENSG00000138050,1.4896005,1.4776999,0.8996601,0.054569364,1
ENSG00000138069,1.5095695,2.0828214,0.87992895,1.0,1
ENSG00000138071,1.2746781,2.0807707,0.9064611,1.0,1
ENSG00000138071,1.1630341,2.0807707,0.9335225,1.0,1
ENSG00000138071,1.215309,2.0807707,0.8633907,1.0,1
ENSG00000138071,1.3702456,2.0807707,0.921124,1.0,1
ENSG00000138071,1.3453252,2.0807707,0.6472956,0.0,1
ENSG00000138073,0.9482059,1.8209236,0.9590914,1.0,1
ENSG00000138073,0.92005956,1.8209236,0.9589957,1.0,1
ENSG00000138073,1.0093832,1.8209236,0.9548653,0.993831,1
ENSG00000138073,1.0047821,1.8209236,0.9552381,0.98530495,1
ENSG00000138074,1.9375231,2.0226758,0.8104628,1.0,1
ENSG00000138074,1.933764,2.0226758,0.8002067,0.0038812784,1
ENSG00000138078,1.4941567,1.6208645,0.8980765,1.0,1
ENSG00000138078,1.4288857,1.6208645,0.8969863,1.0,1
ENSG00000138078,1.3709697,1.6208645,0.92315257,1.0,1
ENSG00000138078,1.4549161,1.6208645,0.8453315,1.0,1
ENSG00000138078,1.4267265,1.6208645,0.83630186,1.0,1
ENSG00000138078,1.4320496,1.6208645,0.9301762,0.9982614,1
ENSG00000138078,1.1629814,1.6208645,0.8885219,0.34531185,1
ENSG00000138080,-0.019376807,-0.4436975,0.9863404,1.0,1
ENSG00000138080,-0.07400414,-0.4436975,0.98674273,1.0,1
ENSG00000138081,1.3744373,1.4988617,0.88130015,1.0,1
ENSG00000138085,1.448745,2.12827,0.8960941,1.0,1
ENSG00000138092,1.6922135,1.731347,0.8968099,1.0,1
ENSG00000138092,1.7899418,1.731347,0.84281784,0.60303515,1
ENSG00000138095,1.0185996,2.1406024,0.9215081,1.0,1
ENSG00000138095,1.0324659,2.1406024,0.87591463,1.0,1
ENSG00000138095,1.1145978,2.1406024,0.92476237,1.0,1
ENSG00000138095,0.94665,2.1406024,0.9226111,1.0,1
ENSG00000138095,0.96814525,2.1406024,0.924967,1.0,1
ENSG00000138101,0.15023474,0.1271048,0.94885373,1.0,1
ENSG00000138101,-0.05208181,0.1271048,0.98045087,1.0,1
ENSG00000138356,-0.47413623,-0.7447275,0.98592377,1.0,1
ENSG00000138363,1.374147,2.0111897,0.86918545,1.0,1
ENSG00000138375,1.3022784,1.349666,0.8289486,1.0,1
ENSG00000138375,1.3587425,1.349666,0.7687984,0.94951236,1
ENSG00000138376,1.4294473,0.9334873,0.90747637,1.0,1
ENSG00000138376,1.4406027,0.9334873,0.79333204,1.0,1
ENSG00000138376,1.5176522,0.9334873,0.89150745,1.0,1
ENSG00000138376,1.3410133,0.9334873,0.81328684,0.87261146,1
ENSG00000138376,1.6252834,0.9334873,0.62611616,1.0,1
ENSG00000138378,-0.3481552,-0.92081875,0.96992403,1.0,1
ENSG00000138380,0.35152674,0.5599066,0.9656972,1.0,1
ENSG00000138380,0.5691607,0.5599066,0.95499104,1.0,1
ENSG00000138380,0.35724306,0.5599066,0.93586093,0.0,1
ENSG00000138380,0.19860078,0.5599066,0.9487434,0.12719299,1
ENSG00000138380,0.5691607,0.5599066,0.95499104,0.9754902,1
ENSG00000138380,0.48474956,0.5599066,0.9653656,1.0,1
ENSG00000138380,0.39111727,0.5599066,0.9653016,0.6271777,1
ENSG00000138380,0.41367573,0.5599066,0.9517937,0.0,1
ENSG00000138381,1.4085158,1.3003781,0.74742115,1.0,1
ENSG00000138381,1.3248247,1.3003781,0.9242738,1.0,1
ENSG00000138382,1.6147478,2.1152444,0.9164412,1.0,1
ENSG00000138385,1.7781007,2.4353347,0.87085205,1.0,1
ENSG00000138386,1.1170878,1.2129862,0.9053721,1.0,1
ENSG00000138386,1.0292972,1.2129862,0.9435913,1.0,1
ENSG00000138386,0.93156797,1.2129862,0.9065439,1.0,1
ENSG00000138386,1.0752504,1.2129862,0.94240826,1.0,1
ENSG00000138386,1.1412197,1.2129862,0.8158707,1.0,1
ENSG00000138386,1.1412197,1.2129862,0.8158707,1.0,1
ENSG00000138386,1.0809668,1.2129862,0.9107733,1.0,1
ENSG00000138386,1.0978351,1.2129862,0.94152474,1.0,1
ENSG00000138386,1.0969566,1.2129862,0.91938406,0.97722095,1
ENSG00000138398,1.551074,1.9762124,0.8650116,1.0,1
ENSG00000138398,1.5605212,1.9762124,0.64833426,0.93984795,1
ENSG00000138399,1.3584818,1.9340438,0.91344756,1.0,1
ENSG00000138399,1.3035749,1.9340438,0.91094416,0.76833487,1
ENSG00000138399,1.387092,1.9340438,0.88497883,0.91881496,1
ENSG00000138411,-0.36169708,-0.32790214,0.98042244,1.0,1
ENSG00000138411,-0.4218322,-0.32790214,0.97651756,1.0,1
ENSG00000138413,0.78407323,1.8581159,0.9564582,1.0,1
ENSG00000138430,1.5720265,2.3815482,0.8592695,1.0,1
ENSG00000138430,1.5721225,2.3815482,0.87762177,1.0,1
ENSG00000138430,1.5825651,2.3815482,0.87563866,1.0,1
ENSG00000138430,1.5278718,2.3815482,0.86868834,1.0,1
ENSG00000138430,1.5509204,2.3815482,0.8937989,0.57125014,1
ENSG00000138433,1.5402383,1.1212314,0.8896917,1.0,1
ENSG00000138433,1.5193316,1.1212314,0.9114608,1.0,1
ENSG00000138433,1.47402,1.1212314,0.88973683,1.0,1
ENSG00000138433,1.5729553,1.1212314,0.78075475,1.0,1
ENSG00000138433,1.6386536,1.1212314,0.89869773,1.0,1
ENSG00000138433,1.6760391,1.1212314,0.7850024,1.0,1
ENSG00000138433,1.5699693,1.1212314,0.87826043,1.0,1
ENSG00000138433,1.5543814,1.1212314,0.91613436,1.0,1
ENSG00000138434,1.7283243,1.5533975,0.8792902,1.0,1
ENSG00000138434,1.7605003,1.5533975,0.7853638,0.94389206,1
ENSG00000138434,1.692696,1.5533975,0.7069031,0.7046632,1
ENSG00000138434,1.7182136,1.5533975,0.81814456,0.7635422,1
ENSG00000138439,0.79303825,0.23804611,0.95607287,1.0,1
ENSG00000138442,1.2841111,2.2621899,0.930844,1.0,1
ENSG00000138443,0.8212404,1.0860037,0.95926344,1.0,1
ENSG00000138443,0.8152561,1.0860037,0.952039,1.0,1
ENSG00000138443,0.7411776,1.0860037,0.9729503,1.0,1
ENSG00000138443,0.69860446,1.0860037,0.9755912,0.023201857,1
ENSG00000138443,0.7924632,1.0860037,0.9534802,0.14430894,1
ENSG00000138443,0.8852483,1.0860037,0.71172106,0.005976096,1
ENSG00000138443,0.8162225,1.0860037,0.95157886,0.96893203,1
ENSG00000138443,0.87146026,1.0860037,0.8303145,0.005976096,1
ENSG00000138443,0.91929543,1.0860037,0.7632437,0.82509506,1
ENSG00000138448,1.5610229,1.1010593,0.8697347,1.0,1
ENSG00000138449,1.4620348,1.5110809,0.9062497,1.0,1
ENSG00000139044,-0.105467506,-0.537602,0.97354555,1.0,1
ENSG00000139044,-0.42493546,-0.537602,0.986038,1.0,1
ENSG00000139044,-0.39466316,-0.537602,0.9906949,1.0,1
ENSG00000139083,0.97870815,0.45636603,0.9265611,1.0,1
ENSG00000139112,0.8800492,1.0476642,0.9206229,1.0,1
ENSG00000139112,0.9379495,1.0476642,0.9160292,1.0,1
ENSG00000139116,0.98735774,1.2638726,0.95391065,1.0,1
ENSG00000139116,1.0494322,1.2638726,0.9375703,1.0,1
ENSG00000139116,1.0649835,1.2638726,0.92521125,1.0,1
ENSG00000139116,1.1821731,1.2638726,0.6970185,0.005291005,1
ENSG00000139116,1.1041652,1.2638726,0.8971914,0.38004947,1
ENSG00000139116,1.2723068,1.2638726,0.5396719,0.03730738,1
ENSG00000139116,1.1759845,1.2638726,0.9357445,0.9459459,1
ENSG00000139116,1.1847198,1.2638726,0.7120247,0.01048218,1
ENSG00000139131,1.5558237,1.4364806,0.9065095,1.0,1
ENSG00000139133,0.51806414,1.0809871,0.97056365,1.0,1
ENSG00000139133,0.51806414,1.0809871,0.97056365,1.0,1
ENSG00000139146,1.2380159,1.8637391,0.8705772,1.0,1
ENSG00000139146,1.2380159,1.8637391,0.8705772,1.0,1
ENSG00000139154,1.2385747,0.854913,0.8956893,1.0,1
ENSG00000139160,1.4227189,-0.055517327,0.8893485,1.0,1
ENSG00000139160,1.4248903,-0.055517327,0.88497114,1.0,1
ENSG00000139163,1.1082596,1.4116197,0.9036031,1.0,1
ENSG00000139163,1.1366597,1.4116197,0.91516757,1.0,1
ENSG00000139163,1.1264263,1.4116197,0.8919084,1.0,1
ENSG00000139163,1.2210581,1.4116197,0.70061696,1.0,1
ENSG00000139163,1.1569954,1.4116197,0.858121,0.0,1
ENSG00000139168,1.4271657,1.447778,0.93854016,1.0,1
ENSG00000139173,-0.12253702,-0.1426675,0.9865739,1.0,1
ENSG00000139173,-0.13071445,-0.1426675,0.9890884,1.0,1
ENSG00000139173,-0.12224822,-0.1426675,0.9874083,1.0,1
ENSG00000139174,-0.9557239,-0.17392519,0.99625117,1.0,1
ENSG00000139178,1.3693758,0.7185017,0.92001855,1.0,1
ENSG00000139180,1.0134379,1.8949803,0.87804586,1.0,1
ENSG00000139180,1.0715386,1.8949803,0.5478412,0.85535055,1
ENSG00000139182,0.9424112,1.3104808,0.93334985,1.0,1
ENSG00000139182,0.8483746,1.3104808,0.94348425,1.0,1
ENSG00000139182,0.8887628,1.3104808,0.9379538,1.0,1
ENSG00000139187,-0.08439171,0.37106785,0.95215875,1.0,1
ENSG00000139190,1.3788015,0.8280151,0.86492604,1.0,1
ENSG00000139190,1.4037867,0.8280151,0.8542859,1.0,1
ENSG00000139190,1.3486773,0.8280151,0.9361994,1.0,1
ENSG00000139190,1.3254118,0.8280151,0.92968506,1.0,1
ENSG00000139192,0.69713205,-0.36653155,0.935183,1.0,1
ENSG00000139192,0.82532656,-0.36653155,0.9530579,1.0,1
ENSG00000139192,0.7956569,-0.36653155,0.9661528,1.0,1
ENSG00000139192,0.73521405,-0.36653155,0.93343514,1.0,1
ENSG00000139194,1.1124729,0.92737037,0.95563185,1.0,1
ENSG00000139197,0.8391597,1.1152776,0.8443796,1.0,1
ENSG00000139197,0.7610837,1.1152776,0.94306284,0.392,1
ENSG00000139218,1.6969012,1.6919651,0.85039455,1.0,1
ENSG00000139233,1.4470648,1.177825,0.8293131,1.0,1
ENSG00000139263,-0.029192738,-0.7695511,0.9802964,1.0,1
ENSG00000139266,1.001722,0.8318698,0.9385341,1.0,1
ENSG00000139278,0.01044216,-0.55284196,0.95799273,1.0,1
ENSG00000139278,0.01044216,-0.55284196,0.95799273,1.0,1
ENSG00000139278,-0.028646167,-0.55284196,0.9740205,1.0,1
ENSG00000139278,-0.028646167,-0.55284196,0.9740205,1.0,1
ENSG00000139278,0.20000015,-0.55284196,0.93948287,1.0,1
ENSG00000139291,1.1477457,1.1619666,0.88115925,1.0,1
ENSG00000139291,1.1478686,1.1619666,0.8971568,1.0,1
ENSG00000139323,1.629347,1.0802656,0.6033573,1.0,1
ENSG00000139323,1.5048391,1.0802656,0.84976894,1.0,1
ENSG00000139323,1.6639498,1.0802656,0.55975455,0.16414687,1
ENSG00000139323,1.4823812,1.0802656,0.8661208,0.79913604,1
ENSG00000139324,1.1266918,0.69108146,0.8887717,1.0,1
ENSG00000139324,1.1308815,0.69108146,0.88004035,1.0,1
ENSG00000139324,1.0025694,0.69108146,0.8994322,1.0,1
ENSG00000139324,0.9850899,0.69108146,0.91192824,1.0,1
ENSG00000139324,1.029647,0.69108146,0.94611305,0.53318584,1
ENSG00000139343,1.7580534,1.5625308,0.8303249,1.0,1
ENSG00000139350,1.4804385,1.3213912,0.894788,1.0,1
ENSG00000139350,1.6427397,1.3213912,0.60907674,0.9693356,1
ENSG00000139351,-0.4089154,-0.69897,0.9908783,1.0,1
ENSG00000139354,0.83446705,0.30103,0.8909631,1.0,1
ENSG00000139370,0.3482864,1.2070955,0.94675934,1.0,1
ENSG00000139370,0.5195552,1.2070955,0.8851519,0.65,1
ENSG00000139372,1.3934712,1.6894865,0.92053926,1.0,1
ENSG00000139372,1.4564608,1.6894865,0.85556126,0.00046189377,1
ENSG00000139372,1.2595407,1.6894865,0.9052251,0.990389,1
ENSG00000139372,1.515014,1.6894865,0.9147947,0.9840973,1
ENSG00000139405,1.3648571,1.1492192,0.9206464,1.0,1
ENSG00000139405,1.4044034,1.1492192,0.8989433,1.0,1
ENSG00000139405,1.4857587,1.1492192,0.9283012,0.99482757,1
ENSG00000139405,1.4809148,1.1492192,0.9292631,0.96103895,1
ENSG00000139410,1.4005665,0.91592723,0.9144992,1.0,1
ENSG00000139428,0.68445086,1.595386,0.932649,1.0,1
ENSG00000139428,0.74279535,1.595386,0.9348486,0.9215407,1
ENSG00000139433,0.37573063,0.5976952,0.9745423,1.0,1
ENSG00000139433,0.52345085,0.5976952,0.9751452,0.093333334,1
ENSG00000139436,1.9248241,1.360404,0.78926134,1.0,1
ENSG00000139436,1.9659191,1.360404,0.70950633,0.9881188,1
ENSG00000139436,1.905904,1.360404,0.8599728,0.9960396,1
ENSG00000139436,2.0445273,1.360404,0.72323895,0.0023640662,1
ENSG00000139436,1.9479631,1.360404,0.8489211,0.99527186,1
ENSG00000139437,1.521587,1.0534626,0.8105587,1.0,1
ENSG00000139437,1.4745874,1.0534626,0.90529597,1.0,1
ENSG00000139438,1.1412576,-0.85387194,0.86969894,1.0,1
ENSG00000139531,2.1272418,1.3984609,0.71653396,1.0,1
ENSG00000139531,1.9947127,1.3984609,0.8762683,0.75310034,1
ENSG00000139531,2.074869,1.3984609,0.8035971,0.41454864,1
ENSG00000139540,-0.15661205,-0.69897,0.9931965,1.0,1
ENSG00000139546,1.6315325,1.5749568,0.8860476,1.0,1
ENSG00000139546,1.5951532,1.5749568,0.87465173,1.0,1
ENSG00000139546,1.6632003,1.5749568,0.8984234,1.0,1
ENSG00000139547,0.029693782,-0.34678748,0.962322,1.0,1
ENSG00000139579,1.1393573,1.6471874,0.93460315,1.0,1
ENSG00000139613,1.0532199,1.6319509,0.92504424,1.0,1
ENSG00000139613,1.162591,1.6319509,0.88024074,0.9620438,1
ENSG00000139613,1.1665682,1.6319509,0.9158349,0.35400516,1
ENSG00000139620,1.8831328,1.6909045,0.70585436,1.0,1
ENSG00000139620,1.7320815,1.6909045,0.8593637,1.0,1
ENSG00000139620,1.8317809,1.6909045,0.7784502,0.92889136,1
ENSG00000139624,1.6535448,1.5384481,0.84438777,1.0,1
ENSG00000139624,1.6840643,1.5384481,0.73926634,1.0,1
ENSG00000139624,1.6359242,1.5384481,0.70571786,0.13030832,1
ENSG00000139624,1.6556526,1.5384481,0.8525516,0.99424297,1
ENSG00000139624,1.6499792,1.5384481,0.64748657,0.871042,1
ENSG00000139624,1.6161977,1.5384481,0.87109894,1.0,1
ENSG00000139624,1.6431541,1.5384481,0.84560144,0.116637066,1
ENSG00000139625,0.51498175,0.20139712,0.9767422,1.0,1
ENSG00000139626,0.23712279,0.029383779,0.97801036,1.0,1
ENSG00000139629,0.36963683,0.7937904,0.98583025,1.0,1
ENSG00000139629,0.35600114,0.7937904,0.98529655,1.0,1
ENSG00000139629,0.42246622,0.7937904,0.978777,0.89329267,1
ENSG00000139631,1.7748492,1.2622137,0.91861194,1.0,1
ENSG00000139636,1.6843332,1.7886633,0.8597835,1.0,1
ENSG00000139636,1.6724032,1.7886633,0.891972,1.0,1
ENSG00000139636,1.6619631,1.7886633,0.89726967,1.0,1
ENSG00000139636,1.6685059,1.7886633,0.89336735,1.0,1
ENSG00000139636,1.6100379,1.7886633,0.7471253,1.0,1
ENSG00000139636,1.5966585,1.7886633,0.8512244,1.0,1
ENSG00000139636,1.5860089,1.7886633,0.75508773,0.9653938,1
ENSG00000139636,1.6566707,1.7886633,0.8861731,0.3025862,1
ENSG00000139636,1.6310716,1.7886633,0.85391706,0.056279622,1
ENSG00000139637,0.9228767,0.6117233,0.94563895,1.0,1
ENSG00000139637,0.9580209,0.6117233,0.9615256,1.0,1
ENSG00000139637,0.8938824,0.6117233,0.9744794,0.972973,1
ENSG00000139641,2.0524366,2.1837254,0.9044761,1.0,1
ENSG00000139644,1.9572641,2.473487,0.8621384,1.0,1
ENSG00000139645,1.3350134,0.92582756,0.91220284,1.0,1
ENSG00000139651,1.5792629,1.4324882,0.91167265,1.0,1
ENSG00000139697,1.5674356,1.3342526,0.91991496,1.0,1
ENSG00000139714,-0.15396203,-0.52287877,0.98209345,1.0,1
ENSG00000139714,-0.27920365,-0.52287877,0.9853199,1.0,1
ENSG00000139718,1.065574,-0.07572071,0.9117062,1.0,1
ENSG00000139719,0.9878403,1.2108533,0.91548747,1.0,1
ENSG00000139719,1.1012019,1.2108533,0.92916214,0.61228603,1
ENSG00000139722,1.1981058,1.0685569,0.93917626,1.0,1
ENSG00000139722,1.1739807,1.0685569,0.93751305,1.0,1
ENSG00000139725,0.98573935,0.61278385,0.9613635,1.0,1
ENSG00000139725,0.9414995,0.61278385,0.9379893,1.0,1
ENSG00000139725,1.0242487,0.61278385,0.9458763,1.0,1
ENSG00000139726,1.7974343,1.5540043,0.76279944,1.0,1
ENSG00000139726,1.9033769,1.5540043,0.7484458,1.0,1
ENSG00000139726,1.813043,1.5540043,0.8979907,1.0,1
ENSG00000142327,0.010127384,0.7909885,0.9823583,1.0,1
ENSG00000142330,0.9591322,0.95279247,0.9273629,1.0,1
ENSG00000142330,0.9349766,0.95279247,0.93346494,1.0,1
ENSG00000142330,0.9553392,0.95279247,0.9583434,0.09266409,1
ENSG00000142330,0.9328405,0.95279247,0.9492578,1.0,1
ENSG00000143727,1.254026,2.1746702,0.92268366,1.0,1
ENSG00000143727,1.2393044,2.1746702,0.92606694,1.0,1
ENSG00000143727,1.2461917,2.1746702,0.8959176,1.0,1
ENSG00000143727,1.2361437,2.1746702,0.9217383,1.0,1
ENSG00000143727,1.2746251,2.1746702,0.91682196,1.0,1
ENSG00000143727,1.3009849,2.1746702,0.8831947,0.32360098,1
ENSG00000143727,1.2040032,2.1746702,0.8803625,0.9009593,1
ENSG00000143797,1.4394797,1.9423058,0.85444224,1.0,1
ENSG00000143870,1.7989712,2.217247,0.88595945,1.0,1
ENSG00000143870,1.8497672,2.217247,0.888321,0.0037619076,1
ENSG00000143882,-0.81673485,-0.85387194,0.9916501,1.0,1
ENSG00000143882,-0.76398987,-0.85387194,0.988853,1.0,1
ENSG00000143882,-0.7476047,-0.85387194,0.99269557,1.0,1
ENSG00000143889,1.4276935,1.9645425,0.93168867,1.0,1
ENSG00000143889,1.4681078,1.9645425,0.9271897,1.0,1
ENSG00000143891,0.9010176,1.5017437,0.928792,1.0,1
ENSG00000143919,1.6585304,0.968483,0.8252579,1.0,1
ENSG00000143919,1.7212538,0.968483,0.8134826,1.0,1
ENSG00000143924,1.189424,1.5285311,0.8943041,1.0,1
ENSG00000143924,1.1313995,1.5285311,0.93991363,0.96640587,1
ENSG00000143933,1.504207,2.332095,0.9107785,1.0,1
ENSG00000143933,1.5470399,2.332095,0.92159396,1.0,1
ENSG00000143933,1.5003238,2.332095,0.9209309,1.0,1
ENSG00000143933,1.4475772,2.332095,0.7091712,1.0,1
ENSG00000143933,1.4475772,2.332095,0.7091712,1.0,1
ENSG00000143933,1.5326651,2.332095,0.81311893,0.003452381,1
ENSG00000143942,1.1321113,0.9614211,0.7997019,1.0,1
ENSG00000143951,0.8700081,0.61909336,0.9414353,1.0,1
ENSG00000143951,0.8530571,0.61909336,0.95364267,0.704,1
ENSG00000143951,0.73905396,0.61909336,0.9528195,0.18340611,1
ENSG00000143952,1.2940329,1.1970047,0.8080854,1.0,1
ENSG00000143952,1.2692832,1.1970047,0.8815575,0.16591422,1
ENSG00000143952,1.245998,1.1970047,0.8916002,0.97564274,1
ENSG00000143970,1.4274955,1.1061909,0.75873864,1.0,1
ENSG00000143971,0.81318825,0.84323275,0.9213224,1.0,1
ENSG00000143971,0.34159482,0.84323275,0.9020891,1.0,1
ENSG00000143971,0.8277836,0.84323275,0.9394227,1.0,1
ENSG00000143971,0.3568145,0.84323275,0.9533379,1.0,1
ENSG00000143977,1.1202024,2.557411,0.9241687,1.0,1
ENSG00000143977,1.0870916,2.557411,0.7527114,1.0,1
ENSG00000143977,1.0870916,2.557411,0.7527114,1.0,1
ENSG00000143977,1.0870916,2.557411,0.7527114,0.9324989,1
ENSG00000143994,-0.05892585,-0.61978877,0.9904546,1.0,1
ENSG00000144021,1.5776778,1.9440383,0.8579737,1.0,1
ENSG00000144021,1.6883732,1.9440383,0.9259611,1.0,1
ENSG00000144021,1.6750177,1.9440383,0.904216,1.0,1
ENSG00000144021,1.5209081,1.9440383,0.9212815,1.0,1
ENSG00000144021,1.52383,1.9440383,0.8904189,1.0,1
ENSG00000144021,1.517624,1.9440383,0.90778255,1.0,1
ENSG00000144021,1.6706722,1.9440383,0.9198338,0.77730757,1
ENSG00000144026,1.8128005,1.193959,0.8365348,1.0,1
ENSG00000144026,1.7318567,1.193959,0.8878509,1.0,1
ENSG00000144028,1.6519557,2.183099,0.9130388,1.0,1
ENSG00000144028,1.6090659,2.183099,0.9158725,0.002232475,1
ENSG00000144034,1.5054151,1.7953933,0.90561086,1.0,1
ENSG00000144036,0.79979694,0.15228835,0.93570256,1.0,1
ENSG00000144040,1.5533693,1.2046626,0.8950595,1.0,1
ENSG00000144040,1.4729153,1.2046626,0.92112994,0.034210525,1
ENSG00000144040,1.5432514,1.2046626,0.8346048,0.778022,1
ENSG00000144040,1.6688637,1.2046626,0.8577007,0.9750567,1
ENSG00000144040,1.6501855,1.2046626,0.8497838,0.025761124,1
ENSG00000144043,1.0666436,1.7659664,0.85942847,1.0,1
ENSG00000144043,1.0969282,1.7659664,0.9120037,1.0,1
ENSG00000144043,1.0969282,1.7659664,0.9120037,1.0,1
ENSG00000144043,0.9887651,1.7659664,0.90500706,0.9393325,1
ENSG00000144048,1.3165284,1.3271545,0.8666223,1.0,1
ENSG00000144118,1.2435883,1.66483,0.95187515,1.0,1
ENSG00000144130,-0.0027044043,0.61278385,0.9899046,1.0,1
ENSG00000144130,0.031622283,0.61278385,0.98864657,1.0,1
ENSG00000144130,-0.10805934,0.61278385,0.98087424,1.0,1
ENSG00000144130,-0.02701997,0.61278385,0.9845722,1.0,1
ENSG00000144134,0.076860085,0.6434527,0.99029225,1.0,1
ENSG00000144136,1.921409,1.9937888,0.9211335,1.0,1
ENSG00000144161,1.6801771,0.9278834,0.8843146,1.0,1
ENSG00000144182,1.2760715,1.0867157,0.69870603,0.17594936,1
ENSG00000144199,-0.15042275,1.2281436,0.9686111,1.0,1
ENSG00000144224,1.2241968,1.9483151,0.9330482,1.0,1
ENSG00000144224,1.2663096,1.9483151,0.94641894,1.0,1
ENSG00000144224,1.2577388,1.9483151,0.93998104,0.51618737,1
ENSG00000144228,1.1552225,0.6560982,0.9121446,1.0,1
ENSG00000144231,0.6439359,1.61878,0.92820394,1.0,1
ENSG00000144231,0.7874319,1.61878,0.9118191,0.44040555,1
ENSG00000144231,0.6439359,1.61878,0.92820394,0.95606256,1
ENSG00000144233,0.135458,0.8247765,0.97841483,1.0,1
ENSG00000144283,0.79933923,1.7081659,0.8985589,1.0,1
ENSG00000144283,0.7787005,1.7081659,0.9468546,0.7247088,1
ENSG00000144283,0.77694875,1.7081659,0.93961054,0.74196076,1
ENSG00000144306,1.3607054,1.0881361,0.8813472,1.0,1
ENSG00000144306,1.2619826,1.0881361,0.93357974,1.0,1
ENSG00000144306,1.340595,1.0881361,0.8532741,0.9485646,1
ENSG00000144320,1.7601787,1.4331295,0.92121613,1.0,1
ENSG00000144320,1.7647537,1.4331295,0.8672591,0.04285049,1
ENSG00000144354,1.2701547,1.980912,0.93189585,1.0,1
ENSG00000144354,1.2301856,1.980912,0.900913,0.9986503,1
ENSG00000144354,1.2628604,1.980912,0.9119937,0.12868,1
ENSG00000144354,1.2949668,1.980912,0.89306027,0.0,1
ENSG00000144354,1.2452053,1.980912,0.92285633,0.9874893,1
ENSG00000144381,1.1976441,2.5907862,0.9197988,1.0,1
ENSG00000144395,1.0214546,1.2084414,0.95614225,1.0,1
ENSG00000144401,1.3328122,1.4247184,0.92903984,1.0,1
ENSG00000144445,0.7824306,0.6803355,0.95224047,1.0,1
ENSG00000144445,0.5548179,0.6803355,0.9180163,1.0,1
ENSG00000144468,1.4331182,1.3993275,0.91301614,1.0,1
ENSG00000144468,1.5351354,1.3993275,0.9125259,1.0,1
ENSG00000144468,1.5139127,1.3993275,0.8479373,1.0,1
ENSG00000144468,1.5139127,1.3993275,0.8479373,1.0,1
ENSG00000144468,1.5021449,1.3993275,0.91062874,1.0,1
ENSG00000144485,1.3297218,1.5031095,0.89137036,1.0,1
ENSG00000144485,1.3184894,1.5031095,0.90646535,0.993865,1
ENSG00000144488,0.19852643,-0.82390875,0.96106005,1.0,1
ENSG00000144504,1.4342437,1.1122698,0.9123317,1.0,1
ENSG00000144504,1.2396971,1.1122698,0.9194179,0.09848485,1
ENSG00000144504,1.4541948,1.1122698,0.90396327,0.84090906,1
ENSG00000144524,0.7605063,1.6443402,0.9626644,1.0,1
ENSG00000144524,0.7535875,1.6443402,0.9633357,1.0,1
ENSG00000144524,0.8176993,1.6443402,0.8985508,0.95001966,1
ENSG00000144524,0.8013071,1.6443402,0.8743415,0.041322313,1
ENSG00000144524,0.80729717,1.6443402,0.84436035,0.0011231748,1
ENSG00000144535,1.1627442,0.57054293,0.8988856,1.0,1
ENSG00000144567,1.3325073,1.5022905,0.7314138,1.0,1
ENSG00000144567,1.3103436,1.5022905,0.8377384,1.0,1
ENSG00000144567,1.2584287,1.5022905,0.90920705,1.0,1
ENSG00000144579,1.0115013,1.6488477,0.93551964,1.0,1
ENSG00000144580,1.3915125,1.7729814,0.8770581,1.0,1
ENSG00000144580,1.4947492,1.7729814,0.83196175,0.023099652,1
ENSG00000144589,2.2801287,0.88479537,0.82035136,1.0,1
ENSG00000144591,1.369011,1.9159799,0.88809663,1.0,1
ENSG00000149948,0.14136514,-0.36653155,0.96856445,1.0,1
ENSG00000150938,-0.015332244,-0.5850267,0.961688,1.0,1
ENSG00000150938,0.07312863,-0.5850267,0.9545365,1.0,1
ENSG00000150967,0.80672634,0.71349055,0.9581825,0.6142857,1
ENSG00000150977,1.152239,0.53147894,0.9277384,1.0,1
ENSG00000150977,1.2966295,0.53147894,0.85345715,1.0,1
ENSG00000150990,1.247328,0.8744818,0.9283009,1.0,1
ENSG00000151065,0.663381,0.74272513,0.9474083,1.0,1
ENSG00000151065,0.6436271,0.74272513,0.97052574,1.0,1
ENSG00000151065,0.721176,0.74272513,0.8499732,1.0,1
ENSG00000151131,1.3450733,1.133539,0.87859225,1.0,1
ENSG00000151131,1.2790755,1.133539,0.86495495,1.0,1
ENSG00000151135,1.4221812,1.4671639,0.8922045,1.0,1
ENSG00000151135,1.4407047,1.4671639,0.8898143,1.0,1
ENSG00000151135,1.4407047,1.4671639,0.8898143,1.0,1
ENSG00000151135,1.4407047,1.4671639,0.8898143,1.0,1
ENSG00000151135,1.4221812,1.4671639,0.8922045,0.3417466,1
ENSG00000151135,1.4313172,1.4671639,0.7884565,0.17813383,1
ENSG00000151135,1.4277543,1.4671639,0.89568514,0.058315333,1
ENSG00000151148,1.8159062,1.3106933,0.8614984,1.0,1
ENSG00000151148,1.8729124,1.3106933,0.8665103,0.9882507,1
ENSG00000151164,1.2667438,-0.45593196,0.9472833,1.0,1
ENSG00000151164,1.1471213,-0.45593196,0.90788424,1.0,1
ENSG00000151176,1.1687862,0.71933126,0.9041293,1.0,1
ENSG00000151176,1.1128579,0.71933126,0.94256014,1.0,1
ENSG00000151176,1.2193608,0.71933126,0.93078154,0.9662162,1
ENSG00000151229,0.55065095,0.770852,0.93900514,1.0,1
ENSG00000151229,0.5835924,0.770852,0.93474954,1.0,1
ENSG00000151233,1.2989601,0.7671559,0.9438212,1.0,1
ENSG00000151233,1.3000113,0.7671559,0.93325806,1.0,1
ENSG00000151233,1.3342898,0.7671559,0.75685686,0.7147826,1
ENSG00000151239,0.98576653,1.2177471,0.94698596,1.0,1
ENSG00000151239,1.0316495,1.2177471,0.9336903,1.0,1
ENSG00000151239,1.0429425,1.2177471,0.7627879,0.0,1
ENSG00000151239,1.0950812,1.2177471,0.7468761,0.057666216,1
ENSG00000151353,2.0973866,1.2979792,0.81786126,1.0,1
ENSG00000151665,1.425678,1.7770642,0.86966866,1.0,1
ENSG00000151665,1.5465846,1.7770642,0.8090616,0.7399518,1
ENSG00000151687,-0.58770835,-0.31875876,0.9904635,1.0,1
ENSG00000151689,-0.8261877,0.7075702,0.99496955,1.0,1
ENSG00000151690,-0.45794505,0.61700034,0.99159724,1.0,1
ENSG00000151692,1.0276669,0.9132839,0.9347239,1.0,1
ENSG00000151694,1.3403684,0.98677176,0.6788523,1.0,1
ENSG00000151694,1.3605188,0.98677176,0.8959186,1.0,1
ENSG00000151694,1.3697906,0.98677176,0.9011166,1.0,1
ENSG00000151694,1.3662809,0.98677176,0.9075516,1.0,1
ENSG00000151743,1.6287278,1.3163898,0.8753112,1.0,1
ENSG00000151743,1.650462,1.3163898,0.8583361,1.0,1
ENSG00000151743,1.592832,1.3163898,0.8971331,1.0,1
ENSG00000151743,1.592832,1.3163898,0.8971331,1.0,1
ENSG00000151743,1.6335164,1.3163898,0.9027719,1.0,1
ENSG00000151743,1.5500003,1.3163898,0.91270006,1.0,1
ENSG00000151743,1.5818437,1.3163898,0.9124501,0.88271606,1
ENSG00000151743,1.5818437,1.3163898,0.9124501,0.36334196,1
ENSG00000151746,1.0539798,0.9804579,0.92894405,1.0,1
ENSG00000151746,1.0326959,0.9804579,0.9341603,1.0,1
ENSG00000151746,0.91255957,0.9804579,0.9083275,1.0,1
ENSG00000151746,1.0687474,0.9804579,0.935308,1.0,1
ENSG00000151746,1.0517884,0.9804579,0.9257889,1.0,1
ENSG00000151746,1.0164512,0.9804579,0.9194375,1.0,1
ENSG00000151746,1.1199625,0.9804579,0.9153707,1.0,1
ENSG00000151746,1.1694587,0.9804579,0.81966764,1.0,1
ENSG00000151779,1.560731,1.6458151,0.90089005,1.0,1
ENSG00000151779,1.6274725,1.6458151,0.89947295,1.0,1
ENSG00000151779,1.6161416,1.6458151,0.86973554,1.0,1
ENSG00000151779,1.5807357,1.6458151,0.87139404,1.0,1
ENSG00000151779,1.5934081,1.6458151,0.8722268,0.93941844,1
ENSG00000151779,1.5432831,1.6458151,0.9022008,0.7257094,1
ENSG00000151779,1.5806884,1.6458151,0.90084845,0.0,1
ENSG00000152056,0.031457823,-0.30980393,0.97689456,1.0,1
ENSG00000152076,0.4209864,0.14921911,0.96736956,1.0,1
ENSG00000152082,1.1792125,2.0530784,0.86786413,1.0,1
ENSG00000152082,1.3019675,2.0530784,0.889466,0.45897877,1
ENSG00000152102,1.46693,1.6353832,0.8962774,1.0,1
ENSG00000152127,0.9284185,0.8254261,0.96445566,1.0,1
ENSG00000152128,-0.49792832,-0.24412514,0.98374337,1.0,1
ENSG00000152128,-0.58361983,-0.24412514,0.99156976,1.0,1
ENSG00000152133,1.6487956,1.0899051,0.90820205,1.0,1
ENSG00000152133,1.6565219,1.0899051,0.90088123,1.0,1
ENSG00000152147,0.88761914,1.2643455,0.94269985,0.0,1
ENSG00000152147,0.8499701,1.2643455,0.9695696,0.8342451,1
ENSG00000152253,1.8847193,1.7322329,0.8907328,1.0,1
ENSG00000152253,1.8804592,1.7322329,0.9144269,1.0,1
ENSG00000152253,1.8583261,1.7322329,0.87170154,1.0,1
ENSG00000152253,1.9150507,1.7322329,0.9168567,1.0,1
ENSG00000152253,1.9080437,1.7322329,0.89989156,1.0,1
ENSG00000152256,1.4478602,2.1176689,0.89856297,1.0,1
ENSG00000152256,1.5536638,2.1176689,0.8050186,0.22713213,1
ENSG00000152284,-0.23609443,-0.9586073,0.9791973,1.0,1
ENSG00000152291,1.3747972,1.5982432,0.9022432,1.0,1
ENSG00000152291,1.3747972,1.5982432,0.9022432,1.0,1
ENSG00000152291,1.408332,1.5982432,0.9236067,1.0,1
ENSG00000152291,1.2034241,1.5982432,0.8062201,1.0,1
ENSG00000152291,1.2437775,1.5982432,0.88661885,1.0,1
ENSG00000152292,0.82503253,-0.38721615,0.9299769,1.0,1
ENSG00000152556,0.9009193,1.4168068,0.9698873,0.00097276265,1
ENSG00000152683,1.4202386,1.4912215,0.9036419,1.0,1
ENSG00000152683,1.4324738,1.4912215,0.90726376,0.9926271,1
ENSG00000152683,1.385268,1.4912215,0.76610994,0.977828,1
ENSG00000152683,1.4181204,1.4912215,0.8547654,0.14517406,1
ENSG00000152683,1.5028642,1.4912215,0.7705181,0.09057301,1
ENSG00000152683,1.4689659,1.4912215,0.8079722,0.8370861,1
ENSG00000152683,1.4335696,1.4912215,0.83220375,0.9651352,1
ENSG00000152689,0.060155123,0.033423755,0.9425843,1.0,1
ENSG00000152944,1.3126618,1.6620018,0.8688316,1.0,1
ENSG00000152944,1.2409227,1.6620018,0.9383691,0.95557076,1
ENSG00000153093,-0.17470409,-0.28399664,0.98222613,1.0,1
ENSG00000153094,1.0799266,0.5899496,0.9142856,1.0,1
ENSG00000153094,1.1174335,0.5899496,0.91461784,1.0,1
ENSG00000153107,1.5006446,1.7555699,0.86157095,1.0,1
ENSG00000153107,1.3985208,1.7555699,0.88728106,1.0,1
ENSG00000153165,-0.43157136,-0.92081875,0.9911572,1.0,1
ENSG00000153165,-0.046210755,-0.92081875,0.9848625,1.0,1
ENSG00000153165,-0.2661286,-0.92081875,0.9880251,1.0,1
ENSG00000153179,1.1465174,1.2857822,0.9201229,1.0,1
ENSG00000153179,1.2580597,1.2857822,0.8944669,1.0,1
ENSG00000153179,1.19814,1.2857822,0.87311447,0.98282146,1
ENSG00000153201,1.1247888,1.3047059,0.9394757,1.0,1
ENSG00000153208,-0.033121202,0.25042,0.98931307,1.0,1
ENSG00000153214,1.176864,1.0606978,0.8787498,1.0,1
ENSG00000153214,1.1448094,1.0606978,0.77682626,0.96893203,1
ENSG00000153561,0.27058268,1.3207692,0.9797594,1.0,1
ENSG00000153574,1.3053137,1.2753114,0.897376,1.0,1
ENSG00000153827,1.1425072,1.7670816,0.89977115,1.0,1
ENSG00000153827,1.1932415,1.7670816,0.8482488,1.0,1
ENSG00000153827,1.1146291,1.7670816,0.93028283,1.0,1
ENSG00000153827,1.093891,1.7670816,0.9306602,0.328232,1
ENSG00000153832,0.897364,-0.013228266,0.9259251,1.0,1
ENSG00000154252,-0.7300714,-0.88605666,0.9880824,1.0,1
ENSG00000154252,-0.733302,-0.88605666,0.9941103,1.0,1
ENSG00000154518,1.8551134,3.2507079,0.7980842,1.0,1
ENSG00000155368,1.1588682,2.0240338,0.9037805,1.0,1
ENSG00000155368,1.1802242,2.0240338,0.918065,0.00058468134,1
ENSG00000155368,1.1099516,2.0240338,0.84484416,0.004561778,1
ENSG00000155368,1.2132968,2.0240338,0.8618549,0.0,1
ENSG00000155438,1.7209219,1.6143699,0.9121279,1.0,1
ENSG00000155636,1.1356868,1.0845762,0.9193027,1.0,1
ENSG00000155729,1.1728748,0.36921585,0.8618325,1.0,1
ENSG00000155744,1.7220713,1.0334238,0.83333313,1.0,1
ENSG00000155744,1.7485108,1.0334238,0.8563803,1.0,1
ENSG00000155744,1.8197074,1.0334238,0.8390107,1.0,1
ENSG00000155744,1.7353747,1.0334238,0.87144136,0.24071322,1
ENSG00000155744,1.8177093,1.0334238,0.62115955,0.24071322,1
ENSG00000155749,-0.584036,-0.56863624,0.9898302,1.0,1
ENSG00000155755,-0.47632384,1.154424,0.9641636,1.0,1
ENSG00000155755,-0.4995891,1.154424,0.98872644,1.0,1
ENSG00000155755,-0.6455438,1.154424,0.9936346,1.0,1
ENSG00000155755,-0.63975066,1.154424,0.9926891,1.0,1
ENSG00000155755,-0.62779045,1.154424,0.9874795,1.0,1
ENSG00000155755,-0.6444458,1.154424,0.9532872,1.0,1
ENSG00000155957,1.0206261,1.6821451,0.8383502,1.0,1
ENSG00000155957,1.0711976,1.6821451,0.7357869,0.98955226,1
ENSG00000155957,1.0734671,1.6821451,0.8457364,0.9916418,1
ENSG00000155980,1.0353619,1.1464381,0.9600252,1.0,1
ENSG00000155980,1.0883646,1.1464381,0.9517817,1.0,1
ENSG00000156973,1.2955066,0.99782306,0.90985656,1.0,1
ENSG00000157827,0.51267546,-0.60206,0.9368473,1.0,1
ENSG00000157827,0.7292508,-0.60206,0.80941004,1.0,1
ENSG00000157833,0.986884,0.587711,0.94584715,1.0,1
ENSG00000157833,1.0695924,0.587711,0.93180376,1.0,1
ENSG00000157833,0.96194005,0.587711,0.89395213,1.0,1
ENSG00000157837,1.2311476,0.7535831,0.9324932,1.0,1
ENSG00000157895,1.2410132,0.9116902,0.9319198,1.0,1
ENSG00000157895,1.33703,0.9116902,0.93431395,1.0,1
ENSG00000157895,1.3002568,0.9116902,0.91499996,0.11241218,1
ENSG00000157992,0.92507875,0.1271048,0.9502887,1.0,1
ENSG00000158019,1.2588402,1.2789822,0.8534156,1.0,1
ENSG00000158019,1.310489,1.2789822,0.8075056,1.0,1
ENSG00000158019,1.3072157,1.2789822,0.87315094,0.08649553,1
ENSG00000158019,1.1960272,1.2789822,0.8204629,0.070913464,1
ENSG00000158019,1.1968738,1.2789822,0.9232051,0.0686747,1
ENSG00000158023,-0.24613047,1.2177471,0.9864201,1.0,1
ENSG00000158023,-0.24613047,1.2177471,0.9864201,1.0,1
ENSG00000158023,-0.19950019,1.2177471,0.9770792,1.0,1
ENSG00000158050,-0.284779,-0.92081875,0.98332626,1.0,1
ENSG00000158050,-0.19280253,-0.92081875,0.9611963,1.0,1
ENSG00000158104,-0.2427756,-0.88605666,0.9675711,1.0,1
ENSG00000158158,1.2578814,0.5998831,0.9348184,1.0,1
ENSG00000158158,1.1557962,0.5998831,0.93149346,1.0,1
ENSG00000158411,1.1660347,1.3226327,0.89041144,1.0,1
ENSG00000158417,1.2577134,1.408918,0.93370306,1.0,1
ENSG00000158435,1.4096303,1.876968,0.9325778,1.0,1
ENSG00000158552,1.4511292,1.3527611,0.9243787,1.0,1
ENSG00000159335,1.6684241,1.7976829,0.87287724,1.0,1
ENSG00000159335,1.6642154,1.7976829,0.9288294,1.0,1
ENSG00000159374,0.5390694,-0.82390875,0.9700937,1.0,1
ENSG00000159374,0.58666116,-0.82390875,0.9744981,1.0,1
ENSG00000159399,1.0629965,1.5694909,0.93478394,1.0,1
ENSG00000159403,0.16052756,-0.27572414,0.98415977,1.0,1
ENSG00000159403,-0.08372456,-0.27572414,0.9834894,1.0,1
ENSG00000159403,-0.14211078,-0.27572414,0.9902592,1.0,1
ENSG00000161638,1.7999088,1.8184239,0.9225175,1.0,1
ENSG00000161642,0.5847783,0.97034687,0.9677747,1.0,1
ENSG00000161642,0.5847783,0.97034687,0.9677747,1.0,1
ENSG00000161642,0.69559866,0.97034687,0.9418456,0.9419355,1
ENSG00000161791,1.279794,0.7489629,0.7285225,1.0,1
ENSG00000161791,1.2689848,0.7489629,0.8770494,0.27094972,1
ENSG00000161813,1.2117078,1.5618167,0.8972329,1.0,1
ENSG00000161813,1.3304845,1.5618167,0.766146,0.19802445,1
ENSG00000161813,1.3423213,1.5618167,0.9039345,0.9883408,1
ENSG00000161813,1.1611432,1.5618167,0.9209428,0.96921074,1
ENSG00000161835,0.26650894,-0.08618615,0.9756377,1.0,1
ENSG00000161835,0.20920505,-0.08618615,0.9769419,1.0,1
ENSG00000161835,0.21694143,-0.08618615,0.9649312,1.0,1
ENSG00000162869,1.1449516,1.0762763,0.69284755,1.0,1
ENSG00000162869,1.1757157,1.0762763,0.906515,0.9591837,1
ENSG00000162869,1.1152242,1.0762763,0.6667172,0.9138322,1
ENSG00000162878,-0.4835894,1.1743506,0.9898992,1.0,1
ENSG00000162878,-0.4358737,1.1743506,0.99135584,1.0,1
ENSG00000162878,-0.32053077,1.1743506,0.98718995,1.0,1
ENSG00000162878,-0.41173458,1.1743506,0.9910244,1.0,1
ENSG00000162878,-0.421098,1.1743506,0.99219745,1.0,1
ENSG00000162924,1.3953291,0.6963564,0.8773915,1.0,1
ENSG00000162924,1.4525675,0.6963564,0.89732885,0.5,1
ENSG00000162927,1.4351052,0.85064626,0.8828285,1.0,1
ENSG00000162928,1.85946,1.3279716,0.8690608,1.0,1
ENSG00000162929,0.9001254,0.7331973,0.93284076,1.0,1
ENSG00000162929,1.0622979,0.7331973,0.75090307,0.6365915,1
ENSG00000162929,0.9413469,0.7331973,0.94338363,0.97243106,1
ENSG00000162959,0.96949506,1.6905504,0.8838289,0.9353838,1
ENSG00000162959,0.92087317,1.6905504,0.9113456,0.98249197,1
ENSG00000162961,0.9247073,2.0017338,0.89570767,1.0,1
ENSG00000162971,0.99711597,0.61384183,0.9366095,1.0,1
ENSG00000162971,0.9173681,0.61384183,0.9472917,1.0,1
ENSG00000162971,1.0734366,0.61384183,0.8768605,0.52492666,1
ENSG00000162971,0.99178684,0.61384183,0.93633515,0.49720672,1
ENSG00000162971,1.0166711,0.61384183,0.9136072,0.64285713,1
ENSG00000162972,1.4085971,1.2219356,0.85546434,1.0,1
ENSG00000162972,1.5236615,1.2219356,0.7518226,1.0,1
ENSG00000162972,1.4546493,1.2219356,0.8723123,1.0,1
ENSG00000162972,1.3715246,1.2219356,0.9270468,1.0,1
ENSG00000162976,1.1989604,1.3743817,0.8853819,1.0,1
ENSG00000162976,1.1977522,1.3743817,0.84132147,1.0,1
ENSG00000162976,1.2019238,1.3743817,0.89530706,1.0,1
ENSG00000162976,1.0185218,1.3743817,0.9274551,0.94198626,1
ENSG00000162976,1.1002715,1.3743817,0.82464886,0.5866503,1
ENSG00000162980,1.8404244,1.7244397,0.89910525,1.0,1
ENSG00000162994,1.1028378,0.98677176,0.8935163,1.0,1
ENSG00000162994,1.0630699,0.98677176,0.91187954,1.0,1
ENSG00000162998,-0.44135714,-0.82390875,0.9897872,1.0,1
ENSG00000162999,1.7596415,0.65513843,0.89373183,1.0,1
ENSG00000162999,1.7596415,0.65513843,0.89373183,1.0,1
ENSG00000163001,1.1134887,1.512017,0.9305581,1.0,1
ENSG00000163001,1.1155869,1.512017,0.8791605,0.56860745,1
ENSG00000163002,1.292455,1.5519377,0.8976113,1.0,1
ENSG00000163002,1.3533843,1.5519377,0.9193143,0.874599,1
ENSG00000163006,1.2080038,1.0874264,0.93500525,1.0,1
ENSG00000163006,1.3159703,1.0874264,0.9112656,0.73622507,1
ENSG00000163013,-0.23378827,0.67209786,0.98725474,1.0,1
ENSG00000163026,1.1468929,1.4896773,0.903838,1.0,1
ENSG00000163026,1.1468929,1.4896773,0.903838,1.0,1
ENSG00000163026,1.2418948,1.4896773,0.905826,0.93406147,1
ENSG00000163029,1.7312855,1.507451,0.9268396,1.0,1
ENSG00000163029,1.7575856,1.507451,0.860162,0.056740616,1
ENSG00000163029,1.7085372,1.507451,0.88247925,0.17406143,1
ENSG00000163040,0.15260197,1.3062105,0.96281916,1.0,1
ENSG00000163040,-0.01898079,1.3062105,0.98216885,1.0,1
ENSG00000163040,0.48784816,1.3062105,0.9324956,1.0,1
ENSG00000163040,0.36188018,1.3062105,0.96479744,0.9887937,1
ENSG00000163053,-0.514501,-0.9586073,0.9879281,1.0,1
ENSG00000163082,-0.6675612,-0.9586073,0.9903616,1.0,1
ENSG00000163082,-0.65353715,-0.9586073,0.9936733,1.0,1
ENSG00000163093,0.6919373,0.36921585,0.9049961,1.0,1
ENSG00000163093,0.5727994,0.36921585,0.9359293,0.5,1
ENSG00000163126,0.667502,0.70243055,0.9499519,1.0,1
ENSG00000163126,0.6386579,0.70243055,0.94884354,0.8079096,1
ENSG00000163161,1.1536642,1.6307329,0.93513554,1.0,1
ENSG00000163162,1.6276492,1.3396502,0.8277775,1.0,1
ENSG00000163162,1.6917723,1.3396502,0.67538357,1.0,1
ENSG00000163166,1.4355266,1.5113485,0.8864505,1.0,1
ENSG00000163166,1.3748035,1.5113485,0.90851843,1.0,1
ENSG00000163166,1.3363127,1.5113485,0.9273366,0.97981983,1
ENSG00000163170,1.5612587,2.0399294,0.8996997,1.0,1
ENSG00000163170,1.5612587,2.0399294,0.8996997,1.0,1
ENSG00000163170,1.6700475,2.0399294,0.86665094,0.5649986,1
ENSG00000163219,-0.3082431,0.80821097,0.95328414,1.0,1
ENSG00000163249,1.2579901,0.7126497,0.89436156,1.0,1
ENSG00000163249,1.2428516,0.7126497,0.86919886,1.0,1
ENSG00000163249,1.2228683,0.7126497,0.9195435,1.0,1
ENSG00000163249,1.2361876,0.7126497,0.9084989,1.0,1
ENSG00000163249,1.1655878,0.7126497,0.9178098,1.0,1
ENSG00000163328,1.0705546,-0.32790214,0.88445973,1.0,1
ENSG00000163328,1.0689658,-0.32790214,0.9279918,1.0,1
ENSG00000163328,1.1943213,-0.32790214,0.88765305,1.0,1
ENSG00000163328,1.1557574,-0.32790214,0.922675,1.0,1
ENSG00000163328,1.1458453,-0.32790214,0.9006879,1.0,1
ENSG00000163328,1.1218746,-0.32790214,0.90423995,1.0,1
ENSG00000163466,0.88279545,2.156731,0.9442793,1.0,1
ENSG00000163466,0.8779423,2.156731,0.93896675,1.0,1
ENSG00000163466,0.9269594,2.156731,0.9355281,1.0,1
ENSG00000163466,0.849181,2.156731,0.9516876,0.0,1
ENSG00000163481,0.715854,1.577032,0.94420564,1.0,1
ENSG00000163482,0.8382336,1.1376705,0.95254785,1.0,1
ENSG00000163510,1.7157257,0.96754795,0.9175334,1.0,1
ENSG00000163510,1.7106316,0.96754795,0.8889244,1.0,1
ENSG00000163510,1.679192,0.96754795,0.90005124,1.0,1
ENSG00000163510,1.7533174,0.96754795,0.90406483,1.0,1
ENSG00000163516,1.3683535,1.7165042,0.9464493,1.0,1
ENSG00000163516,1.3619784,1.7165042,0.9456022,1.0,1
ENSG00000163516,1.3560628,1.7165042,0.89887935,1.0,1
ENSG00000163521,-0.26922518,0.2966652,0.9926071,1.0,1
ENSG00000163521,-0.07655685,0.2966652,0.991723,0.36,1
ENSG00000163535,1.2806426,1.2260841,0.91362435,1.0,1
ENSG00000163535,1.0056878,1.2260841,0.92423224,1.0,1
ENSG00000163541,1.3302461,1.836514,0.91936356,1.0,1
ENSG00000163596,0.31445813,0.07188201,0.95080775,1.0,1
ENSG00000163596,0.30637628,0.07188201,0.9740717,1.0,1
ENSG00000163596,0.16297899,0.07188201,0.9851031,1.0,1
ENSG00000163795,1.5227304,0.64933485,0.8964022,1.0,1
ENSG00000163795,1.604987,0.64933485,0.89535165,1.0,1
ENSG00000163798,1.402813,1.095518,0.9335059,1.0,1
ENSG00000163806,-0.31170392,-0.7695511,0.9561809,1.0,1
ENSG00000163811,1.417038,2.130623,0.83450335,1.0,1
ENSG00000163811,1.3605851,2.130623,0.9135645,1.0,1
ENSG00000163811,1.3418461,2.130623,0.92528665,1.0,1
ENSG00000163811,1.4874994,2.130623,0.91010916,1.0,1
ENSG00000165714,0.9898969,0.7474118,0.9428552,1.0,1
ENSG00000165714,0.9803103,0.7474118,0.935481,0.9166667,1
ENSG00000165891,1.1246907,0.7737864,0.87248886,1.0,1
ENSG00000165891,1.0686718,0.7737864,0.93000627,1.0,1
ENSG00000166046,1.1459372,0.5237465,0.9365761,1.0,1
ENSG00000166130,1.3529798,1.0523092,0.90748316,1.0,1
ENSG00000166130,1.3529798,1.0523092,0.90748316,0.17520216,1
ENSG00000166153,1.2726794,0.76937735,0.9111786,1.0,1
ENSG00000166153,1.198723,0.76937735,0.9182885,0.59770113,1
ENSG00000166153,1.3835567,0.76937735,0.733442,0.065853655,1
ENSG00000166153,1.3476244,0.76937735,0.8975252,0.89033943,1
ENSG00000166225,0.8556532,0.8413595,0.9214999,0.12037037,1
ENSG00000166226,1.7602596,2.6832721,0.8549664,1.0,1
ENSG00000166226,1.8431215,2.6832721,0.79987717,1.0,1
ENSG00000166268,0.2303787,-0.9586073,0.79884577,1.0,1
ENSG00000166532,1.0359522,1.2153732,0.9407491,1.0,1
ENSG00000166532,1.0918921,1.2153732,0.9263435,1.0,1
ENSG00000166598,1.7025,2.7067263,0.8967738,1.0,1
ENSG00000166881,1.1616932,1.7764833,0.9278624,1.0,1
ENSG00000166881,1.1614914,1.7764833,0.9321319,1.0,1
ENSG00000166881,1.2226124,1.7764833,0.9063594,0.94788,1
ENSG00000166881,1.1830992,1.7764833,0.90193915,0.14873266,1
ENSG00000166886,1.4997635,1.3514098,0.85965604,1.0,1
ENSG00000166886,1.5500864,1.3514098,0.9138811,1.0,1
ENSG00000166888,1.0387901,1.5954962,0.9431272,1.0,1
ENSG00000166888,1.0296397,1.5954962,0.94497186,0.9941396,1
ENSG00000166888,1.0175138,1.5954962,0.9352984,1.0,1
ENSG00000166896,1.2531382,1.55145,0.84227884,1.0,1
ENSG00000166896,1.2120636,1.55145,0.92314893,1.0,1
ENSG00000166896,1.265774,1.55145,0.933073,1.0,1
ENSG00000166896,1.2027665,1.55145,0.9295785,1.0,1
ENSG00000166908,1.1418234,1.3914644,0.9262044,1.0,1
ENSG00000166908,0.9593272,1.3914644,0.93517005,0.9974392,1
ENSG00000166986,1.6497587,2.2179313,0.88814825,1.0,1
ENSG00000166986,1.5021771,2.2179313,0.8838528,1.0,1
ENSG00000166987,1.3223515,0.553883,0.94026965,1.0,1
ENSG00000166987,1.302049,0.553883,0.9342485,1.0,1
ENSG00000166987,1.3138503,0.553883,0.9404155,1.0,1
ENSG00000167272,1.0313269,1.9222063,0.92479944,1.0,1
ENSG00000167272,1.0589374,1.9222063,0.90017605,1.0,1
ENSG00000167272,1.0589374,1.9222063,0.90017605,1.0,1
ENSG00000167272,0.9356592,1.9222063,0.9397088,0.8964165,1
ENSG00000167528,1.5176295,0.70070374,0.85857207,1.0,1
ENSG00000167528,1.5252796,0.70070374,0.84192586,1.0,1
ENSG00000167528,1.4495178,0.70070374,0.8620976,1.0,1
ENSG00000167528,1.4920293,0.70070374,0.8972969,1.0,1
ENSG00000167528,1.5438772,0.70070374,0.8447269,1.0,1
ENSG00000167528,1.4965171,0.70070374,0.8864835,1.0,1
ENSG00000167535,-0.10846114,0.12385164,0.9897473,1.0,1
ENSG00000167535,-0.058481686,0.12385164,0.9799405,1.0,1
ENSG00000167535,-0.111968175,0.12385164,0.99060327,1.0,1
ENSG00000167535,-0.047508612,0.12385164,0.9898762,1.0,1
ENSG00000167550,0.8719376,0.87215626,0.94735545,1.0,1
ENSG00000167550,0.8121972,0.87215626,0.94859576,0.8791209,1
ENSG00000167552,0.42613816,1.9076263,0.9711632,1.0,1
ENSG00000167552,0.33907646,1.9076263,0.97510433,1.0,1
ENSG00000167553,0.85160977,3.4164674,0.93999255,1.0,1
ENSG00000167566,1.3061551,0.3424227,0.9365602,1.0,1
ENSG00000167588,0.2044651,-0.18045606,0.97053504,1.0,1
ENSG00000167778,1.5219661,0.75204843,0.9342855,1.0,1
ENSG00000167778,1.5080267,0.75204843,0.916365,0.99019605,1
ENSG00000167779,-0.14148137,-0.1611509,0.98736364,1.0,1
ENSG00000168288,1.5269537,2.242616,0.7703618,1.0,1
ENSG00000168385,1.4978651,2.3964958,0.8990568,1.0,1
ENSG00000168385,1.600864,2.3964958,0.902721,0.0,1
ENSG00000168385,1.5319074,2.3964958,0.82623345,0.004602301,1
ENSG00000168385,1.5410086,2.3964958,0.81069446,0.020285573,1
ENSG00000168385,1.5864282,2.3964958,0.82524985,0.13043478,1
ENSG00000168385,1.6391634,2.3964958,0.7662414,0.0019248396,1
ENSG00000168393,1.3242997,1.6111921,0.9297935,1.0,1
ENSG00000168393,1.3399379,1.6111921,0.8622966,0.76466775,1
ENSG00000168395,1.2564799,1.4324882,0.9128488,1.0,1
ENSG00000168395,1.1944891,1.4324882,0.85193163,1.0,1
ENSG00000168397,1.1943643,1.7221401,0.9330949,1.0,1
ENSG00000168397,1.0371722,1.7221401,0.9337055,1.0,1
ENSG00000168397,1.1044779,1.7221401,0.8967884,0.22041763,1
ENSG00000168754,-0.6908594,2.534445,0.9898552,1.0,1
ENSG00000168754,-0.76948404,2.534445,0.99349904,1.0,1
ENSG00000168758,0.9888555,1.8273046,0.9060569,1.0,1
ENSG00000168763,1.2629784,0.813581,0.89750093,1.0,1
ENSG00000168763,1.2884876,0.813581,0.923229,0.9826923,1
ENSG00000168778,1.1644753,0.665581,0.9250414,1.0,1
ENSG00000168778,1.1452705,0.665581,0.9355241,1.0,1
ENSG00000168778,1.1352109,0.665581,0.9332803,1.0,1
ENSG00000168778,1.1435223,0.665581,0.91762894,1.0,1
ENSG00000168883,0.9947578,2.0083873,0.937152,1.0,1
ENSG00000168883,0.88531446,2.0083873,0.9325541,0.9984219,1
ENSG00000168887,1.6540269,1.5174599,0.92248815,1.0,1
ENSG00000168890,0.80735564,0.86391735,0.93800336,0.8227612,1
ENSG00000168894,1.9116439,2.50737,0.9367732,1.0,1
ENSG00000168899,0.036986686,0.15228835,0.98249567,1.0,1
ENSG00000168906,1.8794173,2.8064716,0.9084995,1.0,1
ENSG00000168918,-0.8997281,0.6009729,0.99633753,1.0,1
ENSG00000168918,-0.8721769,0.6009729,0.9951395,1.0,1
ENSG00000168958,1.0852591,1.567732,0.9509616,1.0,1
ENSG00000168958,1.1656686,1.567732,0.92184806,1.0,1
ENSG00000168958,1.2397835,1.567732,0.89355505,1.0,1
ENSG00000168958,1.1598507,1.567732,0.92274565,0.98651963,1
ENSG00000168958,1.1601692,1.567732,0.8764722,0.10576923,1
ENSG00000168958,1.1932768,1.567732,0.88677824,0.0,1
ENSG00000168958,1.2653235,1.567732,0.89813346,0.026818182,1
ENSG00000168958,1.149603,1.567732,0.93277305,0.94758064,1
ENSG00000168958,1.149603,1.567732,0.93277305,0.088160135,1
ENSG00000168958,1.3212587,1.567732,0.718759,0.006035283,1
ENSG00000168958,1.3212587,1.567732,0.718759,0.63492066,1
ENSG00000169016,1.335184,1.3436055,0.8890666,1.0,1
ENSG00000169016,1.2422324,1.3436055,0.9340527,0.52971727,1
ENSG00000169016,1.335184,1.3436055,0.8890666,0.64533824,1
ENSG00000169016,1.2708194,1.3436055,0.8410079,0.57846504,1
ENSG00000169372,1.3769003,1.3174365,0.8846001,1.0,1
ENSG00000169554,1.7688938,1.7385428,0.8802589,1.0,1
ENSG00000169554,1.7380135,1.7385428,0.89572024,1.0,1
ENSG00000169554,1.6872804,1.7385428,0.91753453,1.0,1
ENSG00000169599,1.4773239,1.525563,0.9114468,1.0,1
ENSG00000169599,1.4773239,1.525563,0.9114468,1.0,1
ENSG00000169599,1.4729608,1.525563,0.8585661,1.0,1
ENSG00000169599,1.4668744,1.525563,0.9107412,1.0,1
ENSG00000169599,1.4604117,1.525563,0.8825698,0.9988354,1
ENSG00000169599,1.360864,1.525563,0.9149806,0.8952679,1
ENSG00000169607,1.6994724,1.1316186,0.9114057,1.0,1
ENSG00000169607,1.7961065,1.1316186,0.9162629,1.0,1
ENSG00000169607,1.746632,1.1316186,0.9193263,1.0,1
ENSG00000169607,1.7694873,1.1316186,0.8564017,1.0,1
ENSG00000169621,1.4256209,-0.28399664,0.9188179,1.0,1
ENSG00000169621,1.4222318,-0.28399664,0.7614255,1.0,1
ENSG00000169679,1.7988216,2.232615,0.91625834,1.0,1
ENSG00000169679,1.803624,2.232615,0.8867478,0.57782394,1
ENSG00000169756,1.3631812,1.9571761,0.9078879,1.0,1
ENSG00000169756,1.3631812,1.9571761,0.9078879,1.0,1
ENSG00000169756,1.3982223,1.9571761,0.77731586,0.99112666,1
ENSG00000169764,0.9321324,1.6325585,0.93302536,1.0,1
ENSG00000169764,1.0325842,1.6325585,0.8131456,0.0,1
ENSG00000169884,0.17513458,0.22010809,0.96851003,1.0,1
ENSG00000169967,1.5375488,0.651278,0.84218246,1.0,1
ENSG00000170035,1.0101322,1.9546283,0.9418654,1.0,1
ENSG00000170035,1.1306181,1.9546283,0.653694,1.0,1
ENSG00000170144,1.4368334,2.1576078,0.92656296,1.0,1
ENSG00000170417,1.1427289,0.7259116,0.93235195,1.0,1
ENSG00000170417,1.1001265,0.7259116,0.943503,1.0,1
ENSG00000170417,1.1625769,0.7259116,0.9387623,0.7080745,1
ENSG00000170426,-0.6947416,-0.88605666,0.99411386,1.0,1
ENSG00000170426,-0.6790179,-0.88605666,0.9930057,1.0,1
ENSG00000170456,0.41533715,0.8518696,0.91280705,1.0,1
ENSG00000170473,1.1113586,1.513484,0.9150904,1.0,1
ENSG00000170500,0.4427507,0.57170886,0.97418696,1.0,1
ENSG00000170515,1.3828567,2.791838,0.91309386,1.0,1
ENSG00000170545,0.7516825,1.6559064,0.9259593,1.0,1
ENSG00000170545,0.7516825,1.6559064,0.9259593,1.0,1
ENSG00000170545,0.6262809,1.6559064,0.93759435,0.021474773,1
ENSG00000170627,1.5880028,2.7779992,0.82711786,1.0,1
ENSG00000170627,1.5306057,2.7779992,0.895347,1.0,1
ENSG00000170633,1.6146314,1.5625308,0.7872334,1.0,1
ENSG00000170633,1.6757933,1.5625308,0.8720158,0.16459017,1
ENSG00000170634,0.8100354,0.33645973,0.9433289,1.0,1
ENSG00000170634,0.748207,0.33645973,0.9400132,0.0,1
ENSG00000170653,1.8221873,1.2422929,0.8866596,1.0,1
ENSG00000170802,1.3143362,1.2853322,0.91172236,1.0,1
ENSG00000171055,1.5046275,1.4116197,0.87863284,0.8443149,1
ENSG00000171055,1.5197365,1.4116197,0.88927543,0.20570488,1
ENSG00000171055,1.6023599,1.4116197,0.85853106,0.0,1
ENSG00000171103,2.1614351,1.3077099,0.84573764,1.0,1
ENSG00000171132,0.040380403,-0.60206,0.97551423,1.0,1
ENSG00000171132,-0.056708377,-0.60206,0.9302587,1.0,1
ENSG00000171174,1.5627848,-0.4202164,0.90126425,1.0,1
ENSG00000171310,1.1365813,1.1344959,0.92358273,1.0,1
ENSG00000171310,1.1365813,1.1344959,0.92358273,1.0,1
ENSG00000171596,0.9955534,-0.61978877,0.85206217,1.0,1
ENSG00000171681,0.6931592,0.69548166,0.95739263,1.0,1
ENSG00000171681,0.77243054,0.69548166,0.9620107,1.0,1
ENSG00000171681,0.74637985,0.69548166,0.9589634,0.9607843,1
ENSG00000171792,1.6287248,1.6608654,0.88084507,0.64361703,1
ENSG00000171792,1.6293973,1.6608654,0.8441882,0.9333665,1
ENSG00000171840,0.9469222,0.5575072,0.95652777,1.0,1
ENSG00000171840,0.96839476,0.5575072,0.95636123,1.0,1
ENSG00000171840,0.96839476,0.5575072,0.95636123,1.0,1
ENSG00000171847,0.21881707,-0.82390875,0.9449659,1.0,1
ENSG00000171847,-0.067838416,-0.82390875,0.97918326,1.0,1
ENSG00000171848,1.7396566,1.7937903,0.90424836,1.0,1
ENSG00000171853,1.2954773,1.5284024,0.8996675,1.0,1
ENSG00000171853,1.3204257,1.5284024,0.9085462,1.0,1
ENSG00000171865,1.5645307,1.2727696,0.91700655,1.0,1
ENSG00000172059,1.3501929,1.0976043,0.9140464,1.0,1
ENSG00000172059,1.3501929,1.0976043,0.9140464,1.0,1
ENSG00000172071,1.9428016,0.7881684,0.8754712,1.0,1
ENSG00000172071,1.8625535,0.7881684,0.8888777,1.0,1
ENSG00000172071,1.8554634,0.7881684,0.83154464,1.0,1
ENSG00000172073,-0.19023068,-0.9586073,0.9816451,1.0,1
ENSG00000172086,1.6617862,0.6324573,0.88908625,1.0,1
ENSG00000172292,1.24671,0.54654264,0.91377074,1.0,1
ENSG00000172292,1.3359485,0.54654264,0.6580533,0.26900584,1
ENSG00000172428,0.9053807,1.9241759,0.9167805,1.0,1
ENSG00000172428,0.87532437,1.9241759,0.8651716,1.0,1
ENSG00000172602,1.1404074,-0.23657201,0.94337964,1.0,1
ENSG00000172819,0.7918805,0.54900324,0.97007364,1.0,1
ENSG00000172819,0.73670423,0.54900324,0.9768223,1.0,1
ENSG00000172819,0.657897,0.54900324,0.9601397,0.087804876,1
ENSG00000172845,1.582695,1.8178958,0.8534397,1.0,1
ENSG00000172845,1.5747945,1.8178958,0.82285625,0.22721088,1
ENSG00000172878,1.5983733,1.223496,0.8603928,1.0,1
ENSG00000172954,1.5696256,1.2013972,0.88949156,0.022134388,1
ENSG00000172954,1.601364,1.2013972,0.86325055,0.046831954,1
ENSG00000173064,1.3715967,1.0277572,0.92235386,1.0,1
ENSG00000173064,1.2879916,1.0277572,0.91685,1.0,1
ENSG00000173163,0.276896,1.4094259,0.9682897,1.0,1
ENSG00000173166,0.29683626,-0.28399664,0.95911294,1.0,1
ENSG00000173209,1.9836875,1.7185017,0.7723442,1.0,1
ENSG00000173272,1.5670274,2.0541148,0.89840895,1.0,1
ENSG00000173272,1.5670274,2.0541148,0.89840895,1.0,1
ENSG00000173451,0.8859365,0.78675145,0.9512721,1.0,1
ENSG00000173559,0.94406724,1.228657,0.9073094,1.0,1
ENSG00000173559,0.99557364,1.228657,0.91540563,1.0,1
ENSG00000173559,0.99557364,1.228657,0.91540563,1.0,1
ENSG00000173559,0.98503506,1.228657,0.9096282,0.25104603,1
ENSG00000173567,1.3696785,-0.82390875,0.922868,1.0,1
ENSG00000173588,1.3273864,1.3312248,0.92231846,1.0,1
ENSG00000173588,1.2606972,1.3312248,0.92673194,0.04696673,1
ENSG00000173588,1.3156183,1.3312248,0.8260833,0.01847575,1
ENSG00000173588,1.3344811,1.3312248,0.68356746,0.70016474,1
ENSG00000173598,1.3749763,2.151615,0.8079666,1.0,1
ENSG00000173598,1.4239279,2.151615,0.915664,1.0,1
ENSG00000173692,1.5005356,2.2464986,0.8961492,1.0,1
ENSG00000173692,1.5658818,2.2464986,0.90533394,1.0,1
ENSG00000173744,0.91462696,1.8409212,0.92972875,1.0,1
ENSG00000173744,0.9517925,1.8409212,0.9160629,0.9965221,1
ENSG00000173744,0.99378,1.8409212,0.75924647,0.33338484,1
ENSG00000173960,1.5998397,1.0402067,0.8966108,1.0,1
ENSG00000173960,1.5145764,1.0402067,0.8728189,0.026809651,1
ENSG00000173960,1.6711384,1.0402067,0.7556337,0.68105066,1
ENSG00000174099,-0.41280848,-0.92081875,0.9339926,1.0,1
ENSG00000174106,1.570479,1.1379868,0.692742,1.0,1
ENSG00000174106,1.6608664,1.1379868,0.8552494,1.0,1
ENSG00000174106,1.5902708,1.1379868,0.8930609,1.0,1
ENSG00000174206,1.2346808,0.7355989,0.9165007,1.0,1
ENSG00000174233,0.4322762,0.012837225,0.9747556,1.0,1
ENSG00000174243,1.6141359,1.8702868,0.9258088,1.0,1
ENSG00000174437,1.5166212,1.717504,0.8075206,1.0,1
ENSG00000174437,1.4374129,1.717504,0.903136,1.0,1
ENSG00000174437,1.4225011,1.717504,0.884163,0.9757876,1
ENSG00000174437,1.429805,1.717504,0.83716255,0.039647575,1
ENSG00000174456,1.2497333,1.525563,0.943787,1.0,1
ENSG00000174456,1.2242628,1.525563,0.953364,1.0,1
ENSG00000174501,0.023893654,0.95279247,0.97254205,1.0,1
ENSG00000174501,0.07722707,0.95279247,0.9842822,1.0,1
ENSG00000174501,-0.012848262,0.95279247,0.9496882,1.0,1
ENSG00000174501,-0.053452693,0.95279247,0.9867415,1.0,1
ENSG00000174501,0.017010719,0.95279247,0.98621714,1.0,1
ENSG00000174718,1.4071592,1.6188844,0.9215512,1.0,1
ENSG00000174718,1.3852881,1.6188844,0.926794,0.83912086,1
ENSG00000174718,1.3221384,1.6188844,0.93575555,0.9621976,1
ENSG00000174989,0.7387831,0.8169038,0.94141024,1.0,1
ENSG00000175183,0.39732838,0.62838894,0.9812602,1.0,1
ENSG00000175197,1.8857628,1.9383196,0.8725828,1.0,1
ENSG00000175203,2.0936387,2.0703335,0.89305896,0.9882207,1
ENSG00000175215,1.7406087,1.8581761,0.93409944,1.0,1
ENSG00000175548,0.049593747,0.25042,0.9877236,1.0,1
ENSG00000175548,0.049593747,0.25042,0.9877236,1.0,1
ENSG00000175727,1.3327473,1.1420765,0.8985716,1.0,1
ENSG00000175782,1.4779009,0.70329136,0.8921322,1.0,1
ENSG00000175970,0.52318716,1.3812957,0.97516793,1.0,1
ENSG00000176407,0.8325702,1.7571682,0.93843955,1.0,1
ENSG00000176407,0.8957319,1.7571682,0.94283295,1.0,1
ENSG00000176720,0.24755271,0.29446623,0.9598334,1.0,1
ENSG00000176720,0.097243056,0.29446623,0.9515676,1.0,1
ENSG00000176720,0.027606532,0.29446623,0.9449335,1.0,1
ENSG00000176732,0.9415732,-0.61978877,0.92351705,1.0,1
ENSG00000176834,-0.09308854,0.78746045,0.98369426,1.0,1
ENSG00000176871,1.3172928,1.6904619,0.9328182,1.0,1
ENSG00000176894,1.2165169,1.5137502,0.9170764,1.0,1
ENSG00000176894,1.2138389,1.5137502,0.89207107,1.0,1
ENSG00000176915,0.8172648,1.6996644,0.9471705,1.0,1
ENSG00000176946,1.647347,1.3666097,0.88423395,1.0,1
ENSG00000176946,1.6626053,1.3666097,0.8735154,1.0,1
ENSG00000176946,1.4862386,1.3666097,0.8442248,1.0,1
ENSG00000177084,1.3116206,1.7036352,0.8690692,1.0,1
ENSG00000177084,1.5158778,1.7036352,0.8764499,1.0,1
ENSG00000177084,1.4504255,1.7036352,0.85847276,1.0,1
ENSG00000177084,1.4931061,1.7036352,0.9030598,0.99876493,1
ENSG00000177119,1.3875939,1.225826,0.91016334,1.0,1
ENSG00000177119,1.4068397,1.225826,0.8326165,1.0,1
ENSG00000177119,1.4288188,1.225826,0.8172833,0.0343965,1
ENSG00000177119,1.4081436,1.225826,0.8671468,0.98156387,1
ENSG00000177119,1.4144131,1.225826,0.91815245,0.017813267,1
ENSG00000177169,1.4519471,0.5774918,0.8423721,1.0,1
ENSG00000177169,1.4944297,0.5774918,0.8849381,1.0,1
ENSG00000177169,1.5737456,0.5774918,0.9418351,1.0,1
ENSG00000177192,1.6936487,1.4051756,0.90172267,1.0,1
ENSG00000177483,-0.5815935,-0.56863624,0.99186456,1.0,1
ENSG00000177889,1.2462893,2.382899,0.9314202,1.0,1
ENSG00000177889,1.2263492,2.382899,0.93003076,1.0,1
ENSG00000177917,1.3820378,1.8632634,0.9014195,1.0,1
ENSG00000177917,1.4538162,1.8632634,0.83974886,0.34760606,1
ENSG00000177917,1.4065303,1.8632634,0.7667161,0.044444446,1
ENSG00000177981,1.2807372,1.3014641,0.84156245,1.0,1
ENSG00000177981,1.251095,1.3014641,0.9045627,1.0,1
ENSG00000177981,1.30311,1.3014641,0.70223993,0.059889678,1
ENSG00000177990,-0.355848,-0.79588,0.9875859,1.0,1
ENSG00000177990,-0.28113103,-0.79588,0.983887,1.0,1
ENSG00000178295,1.6839917,1.4299136,0.88310635,1.0,1
ENSG00000178401,0.07350798,-0.04095861,0.9612797,1.0,1
ENSG00000178449,1.246911,1.8041394,0.85158974,0.004327506,1
ENSG00000178449,1.2460352,1.8041394,0.84457177,0.088575505,1
ENSG00000178623,0.0623734,-0.7447275,0.91523933,1.0,1
ENSG00000179104,-0.7568845,-0.22914799,0.99415463,1.0,1
ENSG00000179195,0.7023889,1.7858279,0.9341102,1.0,1
ENSG00000179195,0.83254385,1.7858279,0.9528345,1.0,1
ENSG00000179295,1.5735518,1.7273786,0.9195089,1.0,1
ENSG00000179295,1.5787619,1.7273786,0.88883513,1.0,1
ENSG00000179295,1.6031505,1.7273786,0.8901159,1.0,1
ENSG00000179295,1.5163959,1.7273786,0.89783424,1.0,1
ENSG00000179528,1.6677097,-0.04575749,0.90362614,1.0,1
ENSG00000179715,-0.04901489,-0.1426675,0.986219,1.0,1
ENSG00000179912,1.4461278,1.1000258,0.92523694,1.0,1
ENSG00000179912,1.4883417,1.1000258,0.91451335,1.0,1
ENSG00000179912,1.521104,1.1000258,0.89506525,0.0,1
ENSG00000179912,1.4776803,1.1000258,0.8844635,1.0,1
ENSG00000179912,1.4924031,1.1000258,0.8503192,1.0,1
ENSG00000180228,1.8609124,1.7247672,0.91929245,1.0,1
ENSG00000180228,1.6653901,1.7247672,0.8966116,0.033542976,1
ENSG00000180263,1.514964,0.6095944,0.89514613,1.0,1
ENSG00000180263,1.4544964,0.6095944,0.85355854,0.88451445,1
ENSG00000180398,1.5774498,2.15567,0.9335891,1.0,1
ENSG00000180398,1.5774498,2.15567,0.9335891,1.0,1
ENSG00000180398,1.5774498,2.15567,0.9335891,0.88586956,1
ENSG00000180398,1.5256077,2.15567,0.915454,0.71181047,1
ENSG00000180398,1.5256077,2.15567,0.915454,0.80265653,1
ENSG00000180398,1.549881,2.15567,0.8118306,0.39994037,1
ENSG00000180881,-0.24511078,-0.7447275,0.98987144,1.0,1
ENSG00000180881,-0.17194729,-0.7447275,0.97655845,1.0,1
ENSG00000180902,0.6942844,1.2062861,0.9533949,1.0,1
ENSG00000180902,0.79165757,1.2062861,0.9201319,0.8868715,1
ENSG00000180902,0.6695949,1.2062861,0.9454601,0.37936267,1
ENSG00000181852,1.6138629,1.6280823,0.93076634,1.0,1
ENSG00000181852,1.4996284,1.6280823,0.9364127,0.02148955,1
ENSG00000181852,1.5187658,1.6280823,0.90884584,0.31061074,1
ENSG00000181929,1.1790196,1.931407,0.9329717,1.0,1
ENSG00000182196,1.0484327,2.0070646,0.9478575,1.0,1
ENSG00000182199,1.3871516,2.0803378,0.9262961,0.7227899,1
ENSG00000182326,0.38848627,-0.21467017,0.93919826,1.0,1
ENSG00000182389,-0.5468411,-0.92081875,0.98700804,1.0,1
ENSG00000182551,1.2421972,1.212454,0.91205555,1.0,1
ENSG00000182993,1.4339584,0.29225606,0.8282091,1.0,1
ENSG00000182993,1.4276241,0.29225606,0.8785929,1.0,1
ENSG00000183054,-0.3556134,-0.20760831,0.9827802,1.0,1
ENSG00000183283,1.9768273,2.4188812,0.88486344,1.0,1
ENSG00000183283,1.9293981,2.4188812,0.87097794,1.0,1
ENSG00000183283,2.020791,2.4188812,0.8659509,0.9899753,1
ENSG00000183283,2.0180593,2.4188812,0.91052276,0.8757669,1
ENSG00000183395,-0.15640832,-0.88605666,0.989449,1.0,1
ENSG00000183495,1.250228,0.77451694,0.92498094,1.0,1
ENSG00000183495,1.284721,0.77451694,0.93421376,1.0,1
ENSG00000183495,1.2734534,0.77451694,0.92671764,0.6573427,1
ENSG00000183513,0.8758321,1.6155292,0.92089456,1.0,1
ENSG00000183735,1.1681753,1.2716093,0.8978809,1.0,1
ENSG00000183891,1.4324598,1.7229629,0.824958,1.0,1
ENSG00000183955,1.4140939,1.8150462,0.84447676,1.0,1
ENSG00000183955,1.3049841,1.8150462,0.85085195,0.4181232,1
ENSG00000184047,1.2517381,1.5887197,0.9407164,1.0,1
ENSG00000184047,1.1294925,1.5887197,0.93674254,1.0,1
ENSG00000184047,1.1441836,1.5887197,0.9181488,0.020094892,1
ENSG00000184047,1.2517381,1.5887197,0.9407164,0.97038215,1
ENSG00000184047,1.2517381,1.5887197,0.9407164,0.98123324,1
ENSG00000184047,1.1294925,1.5887197,0.93674254,0.9928315,1
ENSG00000184047,1.2291316,1.5887197,0.9276939,0.943299,1
ENSG00000184182,0.6997393,1.7896512,0.9731112,1.0,1
ENSG00000184182,0.6960575,1.7896512,0.96491855,1.0,1
ENSG00000184182,0.6668715,1.7896512,0.9662443,0.73438483,1
ENSG00000184271,1.3646454,0.4281348,0.8730907,1.0,1
ENSG00000184271,1.2400928,0.4281348,0.9013852,1.0,1
ENSG00000184445,1.4106417,2.033102,0.88146776,1.0,1
ENSG00000184445,1.4419087,2.033102,0.9254845,1.0,1
ENSG00000184445,1.4711181,2.033102,0.9230653,1.0,1
ENSG00000184445,1.456889,2.033102,0.8918651,0.8590272,1
ENSG00000184445,1.4729196,2.033102,0.85938823,0.42275363,1
ENSG00000184575,1.6494159,2.1749897,0.7806695,1.0,1
ENSG00000184575,1.6411449,2.1749897,0.86389893,1.0,1
ENSG00000184613,-0.26508585,-0.4089354,0.980923,1.0,1
ENSG00000184752,1.3915945,2.2918348,0.560738,1.0,1
ENSG00000184752,1.3332312,2.2918348,0.9090826,0.9304363,1
ENSG00000184898,1.5912846,0.6589649,0.9054996,1.0,1
ENSG00000184898,1.6152664,0.6589649,0.9211,1.0,1
ENSG00000184967,1.1950372,0.7307823,0.9204711,1.0,1
ENSG00000184992,0.70430225,1.0565237,0.9524911,1.0,1
ENSG00000185163,0.89429563,1.0561422,0.94929373,1.0,1
ENSG00000185163,0.89640796,1.0561422,0.9446214,1.0,1
ENSG00000185163,0.9014759,1.0561422,0.9496411,1.0,1
ENSG00000185163,0.87152934,1.0561422,0.9543867,1.0,1
ENSG00000185163,0.874878,1.0561422,0.9339716,1.0,1
ENSG00000185344,0.9422294,1.8576943,0.8852782,1.0,1
ENSG00000185344,0.98187244,1.8576943,0.91499877,1.0,1
ENSG00000185404,0.33884716,0.90525603,0.9861022,1.0,1
ENSG00000185404,0.42601842,0.90525603,0.9614685,0.14864865,1
ENSG00000185432,1.0194076,0.9973864,0.83036155,1.0,1
ENSG00000185480,1.2197217,1.5067755,0.91775167,1.0,1
ENSG00000185480,1.2197217,1.5067755,0.91775167,1.0,1
ENSG00000185480,1.16068,1.5067755,0.93317264,0.9807468,1
ENSG00000185480,1.1532857,1.5067755,0.92142457,0.047052152,1
ENSG00000185480,1.2020596,1.5067755,0.9141216,0.5017668,1
ENSG00000185480,1.3226396,1.5067755,0.9282695,0.8797629,1
ENSG00000185482,-0.440799,0.59549624,0.9923212,1.0,1
ENSG00000185482,-0.4189015,0.59549624,0.990706,1.0,1
ENSG00000185482,-0.5398904,0.59549624,0.99269825,0.9874608,1
ENSG00000185482,-0.47536016,0.59549624,0.98522747,0.041269843,1
ENSG00000185591,1.3340667,1.6252096,0.90828866,1.0,1
ENSG00000185591,1.3159202,1.6252096,0.93398523,1.0,1
ENSG00000185640,0.057902806,0.12057393,0.9796078,1.0,1
ENSG00000185664,0.69655514,0.30103,0.981914,1.0,1
ENSG00000186132,1.3040626,1.0421816,0.9350811,1.0,1
ENSG00000186132,1.3449751,1.0421816,0.9220287,1.0,1
ENSG00000186298,1.3958453,2.289745,0.92810506,1.0,1
ENSG00000186298,1.3199469,2.289745,0.90362376,1.0,1
ENSG00000186298,1.3006977,2.289745,0.9232805,1.0,1
ENSG00000186815,1.2085849,1.1000258,0.8927295,1.0,1
ENSG00000186815,1.2200927,1.1000258,0.8311142,0.08759124,1
ENSG00000186815,1.1581389,1.1000258,0.91525716,0.1463964,1
ENSG00000186854,-0.07983966,-0.49485,0.9259907,1.0,1
ENSG00000186854,-0.22802953,-0.49485,0.9799753,1.0,1
ENSG00000186889,1.6682327,0.20411998,0.9033354,1.0,1
ENSG00000186889,1.6590785,0.20411998,0.8178951,1.0,1
ENSG00000186908,0.8655218,1.6647359,0.9408541,1.0,1
ENSG00000186908,0.66501796,1.6647359,0.94144887,0.8091603,1
ENSG00000186908,0.83530676,1.6647359,0.93650997,0.1908397,1
ENSG00000187109,1.7680279,2.5370002,0.69727015,1.0,1
ENSG00000187109,1.6545528,2.5370002,0.91207427,0.7525151,1
ENSG00000187109,1.5992162,2.5370002,0.85413677,0.99739194,1
ENSG00000187109,1.625996,2.5370002,0.77235603,0.7152778,1
ENSG00000187514,1.6440097,2.4737496,0.85526776,1.0,1
ENSG00000187605,1.443262,0.53275436,0.89042455,1.0,1
ENSG00000187736,1.0573474,1.193681,0.8178344,1.0,1
ENSG00000187778,1.2015024,1.8017466,0.8810872,1.0,1
ENSG00000187778,1.3394507,1.8017466,0.93146384,1.0,1
ENSG00000187778,1.301273,1.8017466,0.93308616,1.0,1
ENSG00000187778,1.3006519,1.8017466,0.92365885,1.0,1
ENSG00000187833,-0.096184105,-0.65757734,0.94499135,1.0,1
ENSG00000187944,-0.5573799,-0.9586073,0.9903452,1.0,1
ENSG00000188010,0.7184235,1.0744507,0.9432201,1.0,1
ENSG00000188010,0.7151779,1.0744507,0.96516013,1.0,1
ENSG00000188010,0.7066273,1.0744507,0.9686697,1.0,1
ENSG00000188026,1.3275486,0.90741134,0.9263981,1.0,1
ENSG00000188026,1.2739986,0.90741134,0.93043256,1.0,1
ENSG00000188026,1.3383132,0.90741134,0.931079,1.0,1
ENSG00000188026,1.2884928,0.90741134,0.9196736,1.0,1
ENSG00000188177,1.676031,0.2121876,0.8920347,1.0,1
ENSG00000188177,1.6777245,0.2121876,0.86540264,1.0,1
ENSG00000188282,-0.65941393,-0.9586073,0.99015605,1.0,1
ENSG00000188389,0.23192842,0.29885307,0.9799699,1.0,1
ENSG00000188389,0.47199094,0.29885307,0.95825505,1.0,1
ENSG00000188542,1.5899951,0.7937904,0.91952676,1.0,1
ENSG00000188735,1.1313019,0.8668778,0.9155922,1.0,1
ENSG00000188735,1.0569844,0.8668778,0.9094724,1.0,1
ENSG00000188735,1.1775285,0.8668778,0.9171847,0.21768707,1
ENSG00000188760,0.86810553,0.1335389,0.8822802,1.0,1
ENSG00000188906,0.32749802,-0.55284196,0.9709297,1.0,1
ENSG00000189046,0.829715,1.3963737,0.9558919,1.0,1
ENSG00000189046,0.7495795,1.3963737,0.9641011,0.97117364,1
ENSG00000189079,0.9697235,1.4061995,0.9550512,1.0,1
ENSG00000189079,0.90607095,1.4061995,0.96054536,0.0,1
ENSG00000189079,1.048359,1.4061995,0.849685,0.16,1
ENSG00000189362,1.3882467,0.36172783,0.8769177,1.0,1
ENSG00000189362,1.4078957,0.36172783,0.7785634,1.0,1
ENSG00000189362,1.3202939,0.36172783,0.88280815,0.7837838,1
ENSG00000196141,1.2265484,1.4640422,0.6491339,1.0,1
ENSG00000196141,0.9846257,1.4640422,0.8797947,1.0,1
ENSG00000196141,0.8928031,1.4640422,0.94653577,1.0,1
ENSG00000196141,1.0154227,1.4640422,0.91135144,1.0,1
ENSG00000196141,1.0558106,1.4640422,0.8478823,1.0,1
ENSG00000196141,0.9592578,1.4640422,0.92540073,0.37549758,1
ENSG00000196290,1.4050208,1.8479426,0.9193978,0.6967787,1
ENSG00000196387,1.2626872,0.75739604,0.810508,1.0,1
ENSG00000196387,1.1475848,0.75739604,0.9325533,1.0,1
ENSG00000196387,1.1475848,0.75739604,0.9325533,1.0,1
ENSG00000196387,1.1758069,0.75739604,0.76770395,0.4181818,1
ENSG00000196458,-0.035605803,-0.4685211,0.98709434,1.0,1
ENSG00000196465,1.3786691,1.7137425,0.9243958,1.0,1
ENSG00000196498,0.16583158,0.48000693,0.8379571,1.0,1
ENSG00000196504,1.1006829,2.3094172,0.92425007,1.0,1
ENSG00000196504,1.1196285,2.3094172,0.828612,1.0,1
ENSG00000196504,1.1576899,2.3094172,0.8833197,0.9396194,1
ENSG00000196504,1.1326506,2.3094172,0.91548204,0.031471092,1
ENSG00000196510,1.6936765,2.059904,0.92540395,1.0,1
ENSG00000196510,1.7820156,2.059904,0.89855516,1.0,1
ENSG00000196510,1.7546628,2.059904,0.90671885,1.0,1
ENSG00000196604,-0.2781801,-0.7212464,0.9733994,1.0,1
ENSG00000196604,-0.18676445,-0.7212464,0.97235626,1.0,1
ENSG00000196604,-0.09680772,-0.7212464,0.95344406,1.0,1
ENSG00000196604,-0.44076276,-0.7212464,0.98545605,1.0,1
ENSG00000196604,-0.19488694,-0.7212464,0.9471147,1.0,1
ENSG00000196604,0.047294162,-0.7212464,0.8764046,1.0,1
ENSG00000196843,0.38870716,0.48572144,0.9785568,1.0,1
ENSG00000196843,0.43127787,0.48572144,0.9815677,0.72695035,1
ENSG00000196850,1.1042231,1.2457594,0.93874663,1.0,1
ENSG00000196850,1.1322788,1.2457594,0.9306827,1.0,1
ENSG00000196850,1.071103,1.2457594,0.9335319,1.0,1
ENSG00000196850,1.0439602,1.2457594,0.9418055,1.0,1
ENSG00000196862,-0.332959,-0.9586073,0.98825115,1.0,1
ENSG00000196935,0.8593347,-0.85387194,0.9532841,1.0,1
ENSG00000196935,0.7545113,-0.85387194,0.94782674,1.0,1
ENSG00000196950,1.0093027,1.4543874,0.94122684,1.0,1
ENSG00000196975,0.61828023,0.92582756,0.95567834,1.0,1
ENSG00000197111,1.6294168,2.4339457,0.8447656,1.0,1
ENSG00000197111,1.6352289,2.4339457,0.7095574,1.0,1
ENSG00000197111,1.6086384,2.4339457,0.85920805,0.7134209,1
ENSG00000197111,1.6357247,2.4339457,0.71058667,0.8773534,1
ENSG00000197121,1.1080121,-0.36653155,0.8325923,1.0,1
ENSG00000197223,1.4217457,1.5094713,0.78780705,1.0,1
ENSG00000197223,1.3741862,1.5094713,0.91406244,1.0,1
ENSG00000197329,1.2253321,1.1112626,0.936164,1.0,1
ENSG00000197713,1.1854956,1.6422666,0.94696724,1.0,1
ENSG00000197713,1.292278,1.6422666,0.73569065,0.0029368575,1
ENSG00000197713,1.1878859,1.6422666,0.8609659,0.6555048,1
ENSG00000197713,1.3319105,1.6422666,0.9242491,0.082868725,1
ENSG00000197713,1.2098802,1.6422666,0.8855176,0.89506525,1
ENSG00000197713,1.225634,1.6422666,0.8389741,0.05678422,1
ENSG00000197872,-0.57969993,-0.07572071,0.9924126,1.0,1
ENSG00000197905,0.61867106,1.182985,0.95652896,1.0,1
ENSG00000198001,1.5548409,1.416141,0.86685985,1.0,1
ENSG00000198001,1.5548409,1.416141,0.86685985,1.0,1
ENSG00000198001,1.6424915,1.416141,0.8530572,1.0,1
ENSG00000198001,1.6792525,1.416141,0.76015186,0.15306123,1
ENSG00000198001,1.5548409,1.416141,0.86685985,0.67346936,1
ENSG00000198001,1.7633582,1.416141,0.6884605,0.0983871,1
ENSG00000198001,1.6507683,1.416141,0.86180544,0.83996993,1
ENSG00000198040,1.5457572,1.2619762,0.87820077,1.0,1
ENSG00000198056,1.4411715,1.9697886,0.885071,1.0,1
ENSG00000198130,1.0271717,1.3565995,0.88203484,1.0,1
ENSG00000198130,1.0445787,1.3565995,0.75219417,0.94187427,1
ENSG00000198270,1.4729248,1.8424845,0.81860554,1.0,1
ENSG00000198270,1.4306754,1.8424845,0.79337555,1.0,1
ENSG00000198270,1.4534277,1.8424845,0.86526704,0.89046055,1
ENSG00000198270,1.3691745,1.8424845,0.923491,0.84433377,1
ENSG00000198270,1.430274,1.8424845,0.8904681,0.33092105,1
ENSG00000198353,0.8343193,-0.27572414,0.90171957,1.0,1
ENSG00000198369,0.9257313,1.1024337,0.92033803,1.0,1
ENSG00000198380,1.5238489,1.0986438,0.9294706,1.0,1
ENSG00000198393,0.89090014,0.7701153,0.96215653,1.0,1
ENSG00000198393,0.9066536,0.7701153,0.9525749,1.0,1
ENSG00000198399,1.027907,1.0633334,0.87401336,1.0,1
ENSG00000198399,0.912835,1.0633334,0.88761175,0.0034602077,1
ENSG00000198399,0.9739256,1.0633334,0.9391114,0.4114053,1
ENSG00000198431,1.4301817,2.1384606,0.90396136,1.0,1
ENSG00000198431,1.4431177,2.1384606,0.83834696,0.65478665,1
ENSG00000198431,1.4611615,2.1384606,0.8112125,0.0020149343,1
ENSG00000198431,1.4294007,2.1384606,0.90284187,1.0,1
ENSG00000198431,1.4240047,2.1384606,0.7991871,0.036704335,1
ENSG00000198522,1.0718374,1.8420473,0.76143813,1.0,1
ENSG00000198586,1.1925472,1.3602146,0.93289876,1.0,1
ENSG00000198586,1.1716623,1.3602146,0.8958659,1.0,1
ENSG00000198586,1.1318649,1.3602146,0.85222745,1.0,1
ENSG00000198586,1.1483277,1.3602146,0.8923045,1.0,1
ENSG00000198586,1.1031862,1.3602146,0.91501606,0.00054347824,1
ENSG00000198586,1.0962397,1.3602146,0.88615257,0.0076086954,1
ENSG00000198612,0.930562,1.7039788,0.7759996,1.0,1
ENSG00000198612,1.0123721,1.7039788,0.75129575,0.8845161,1
ENSG00000198648,0.37791288,-0.22914799,0.8575825,1.0,1
ENSG00000198648,0.25182438,-0.22914799,0.98385066,1.0,1
ENSG00000198648,0.3213005,-0.22914799,0.9742278,1.0,1
ENSG00000198707,1.222428,0.74350977,0.9069488,1.0,1
ENSG00000198707,1.1726681,0.74350977,0.85073847,0.9844358,1
ENSG00000198707,1.1538132,0.74350977,0.8943426,0.054474708,1
ENSG00000198855,1.1576627,-0.11918641,0.90023977,1.0,1
ENSG00000198885,0.43677926,0.350248,0.9751589,1.0,1
ENSG00000198925,0.9762083,1.7627536,0.812809,1.0,1
ENSG00000198925,0.9786681,1.7627536,0.9148873,0.99839485,1
ENSG00000198925,0.9294243,1.7627536,0.85488665,0.45178765,1
ENSG00000198925,0.88603497,1.7627536,0.85743374,0.2883263,1
ENSG00000204099,-0.7127101,-0.82390875,0.9919922,1.0,1
ENSG00000204104,0.7373533,0.2764618,0.82554555,1.0,1
ENSG00000204120,1.093934,1.4695275,0.93732405,1.0,1
ENSG00000204120,1.1327511,1.4695275,0.9047161,1.0,1
ENSG00000204120,1.1912497,1.4695275,0.6769994,0.9606481,1
ENSG00000204120,1.1605928,1.4695275,0.77355456,0.04278075,1
ENSG00000204120,1.2072026,1.4695275,0.74913675,0.9054054,1
ENSG00000204120,1.1381773,1.4695275,0.799678,0.025917927,1
ENSG00000204217,1.3253158,0.65705585,0.85043085,1.0,1
ENSG00000204217,1.2412704,0.65705585,0.9183611,1.0,1
ENSG00000204311,1.3648151,0.24303804,0.9222878,1.0,1
ENSG00000204406,1.1016196,1.1900514,0.9231018,1.0,1
ENSG00000204406,1.065678,1.1900514,0.86759806,1.0,1
ENSG00000204634,0.35581213,-0.0043648053,0.96746695,1.0,1
ENSG00000204842,1.6761025,1.4141374,0.8511929,1.0,1
ENSG00000204842,1.7057757,1.4141374,0.88135964,1.0,1
ENSG00000204842,1.7057757,1.4141374,0.88135964,1.0,1
ENSG00000204842,1.753262,1.4141374,0.9117871,1.0,1
ENSG00000204842,1.7636172,1.4141374,0.8759133,1.0,1
ENSG00000204842,1.7162845,1.4141374,0.8131874,1.0,1
ENSG00000204842,1.7435733,1.4141374,0.7778088,0.0,1
ENSG00000204842,1.5410868,1.4141374,0.74661946,0.030837005,1
ENSG00000204842,1.7969365,1.4141374,0.8637244,0.8839779,1
ENSG00000204842,1.7852409,1.4141374,0.8680924,0.2626728,1
ENSG00000204843,1.4444367,1.4313638,0.9336429,1.0,1
ENSG00000204843,1.5741369,1.4313638,0.8565738,0.0,1
ENSG00000204852,1.187121,0.9628427,0.94187415,1.0,1
ENSG00000204852,1.2159358,0.9628427,0.9110184,1.0,1
ENSG00000204852,1.2450408,0.9628427,0.82373554,0.04016064,1
ENSG00000204852,1.1625432,0.9628427,0.8885616,0.9795082,1
ENSG00000204852,1.2262442,0.9628427,0.8349226,0.096885815,1
ENSG00000204852,1.1991798,0.9628427,0.9364147,0.018796992,1
ENSG00000204856,1.1735498,1.8397921,0.8559267,1.0,1
ENSG00000204856,1.1735498,1.8397921,0.8559267,1.0,1
ENSG00000204856,1.2535888,1.8397921,0.94163966,1.0,1
ENSG00000204856,1.1585494,1.8397921,0.9403834,1.0,1
ENSG00000204856,1.1687407,1.8397921,0.93893474,0.9939551,1
ENSG00000204923,1.3183385,0.10720997,0.9118154,1.0,1
ENSG00000204923,1.357184,0.10720997,0.8854874,1.0,1
ENSG00000204954,1.4084305,1.5497388,0.9306678,1.0,1
ENSG00000204954,1.4577755,1.5497388,0.9049849,0.018209409,1
ENSG00000205086,-0.8035922,-0.9586073,0.99098957,1.0,1
ENSG00000205086,-0.75753963,-0.9586073,0.99385047,1.0,1
ENSG00000205323,1.6984847,2.1086664,0.70025617,1.0,1
ENSG00000205323,1.7236524,2.1086664,0.8890327,0.97135794,1
ENSG00000205352,1.6317962,2.2241704,0.9133966,1.0,1
ENSG00000205639,1.6333276,0.76417613,0.8559638,1.0,1
ENSG00000205707,1.4564525,1.3527611,0.908881,1.0,1
ENSG00000205707,1.4564525,1.3527611,0.908881,1.0,1
ENSG00000205707,1.4266974,1.3527611,0.9158553,0.0,1
ENSG00000205795,-0.41304696,-0.9586073,0.9764879,1.0,1
ENSG00000211455,0.81518424,0.5888317,0.9571396,1.0,1
ENSG00000211460,1.6471652,1.9278321,0.87647825,1.0,1
ENSG00000211460,1.6471652,1.9278321,0.87647825,1.0,1
ENSG00000211460,1.6619176,1.9278321,0.8644986,1.0,1
ENSG00000211460,1.6619176,1.9278321,0.8644986,1.0,1
ENSG00000211460,1.6408185,1.9278321,0.83120406,0.9965157,1
ENSG00000211584,1.6758717,1.0216027,0.85818374,1.0,1
ENSG00000212127,1.1376367,0.24303804,0.87206346,1.0,1
ENSG00000212127,0.9363147,0.24303804,0.9183365,1.0,1
ENSG00000213160,1.4202334,1.6390879,0.92345935,1.0,1
ENSG00000213337,1.165131,1.3562171,0.9174315,1.0,1
ENSG00000213639,1.4394661,1.6006463,0.8410316,1.0,1
ENSG00000213699,1.2535388,1.0523092,0.9384052,1.0,1
ENSG00000213699,1.2893242,1.0523092,0.9526479,1.0,1
ENSG00000213699,1.2443444,1.0523092,0.924191,0.9528689,1
ENSG00000213699,1.3340513,1.0523092,0.935311,0.89855075,1
ENSG00000213699,1.1854428,1.0523092,0.9486986,0.9669052,1
ENSG00000213782,1.309214,1.5390761,0.8625643,1.0,1
ENSG00000213782,1.2554601,1.5390761,0.9308756,0.98846036,1
ENSG00000213782,1.2953527,1.5390761,0.8261229,0.99616724,1
ENSG00000213809,-0.336878,-0.7695511,0.9877445,1.0,1
ENSG00000213809,-0.38470745,-0.7695511,0.98661184,1.0,1
ENSG00000213901,0.631495,-0.3767507,0.96788424,1.0,1
ENSG00000214595,0.7561349,-0.21467017,0.9605576,1.0,1
ENSG00000214595,0.7620992,-0.21467017,0.9549542,1.0,1
ENSG00000214595,0.8189205,-0.21467017,0.9701507,1.0,1
ENSG00000214595,0.7308451,-0.21467017,0.973838,1.0,1
ENSG00000215021,1.5664598,2.5502162,0.93170625,1.0,1
ENSG00000215021,1.65369,2.5502162,0.9199629,1.0,1
ENSG00000215021,1.6658107,2.5502162,0.949626,1.0,1
ENSG00000215021,1.6679419,2.5502162,0.91646355,1.0,1
ENSG00000215021,1.6601152,2.5502162,0.91801125,1.0,1
ENSG00000218739,1.3075396,1.6078837,0.91175497,1.0,1
ENSG00000219626,1.1294341,0.48429984,0.93545085,1.0,1
ENSG00000221823,1.082533,1.0599419,0.9374441,1.0,1
ENSG00000221823,1.0814773,1.0599419,0.91350085,1.0,1
ENSG00000221823,1.0793481,1.0599419,0.9370976,1.0,1
ENSG00000221823,1.0781975,1.0599419,0.89246917,1.0,1
ENSG00000231672,-0.4773572,-0.9586073,0.9926213,1.0,1
ENSG00000231887,0.32763654,0.48000693,0.9130618,1.0,1
ENSG00000231887,-0.047298335,0.48000693,0.8971144,1.0,1
ENSG00000231887,-0.39671987,0.48000693,0.9862938,1.0,1
ENSG00000235162,-0.49284393,-0.26760623,0.9687255,1.0,1
ENSG00000239305,1.2094036,0.553883,0.86324364,1.0,1
ENSG00000239474,-0.0869486,-0.7212464,0.9895517,1.0,1
ENSG00000239779,0.95138735,1.2156376,0.95809287,1.0,1
ENSG00000239779,0.9052062,1.2156376,0.95474327,0.1745283,1
ENSG00000240344,1.2087995,1.7319914,0.93566686,1.0,1
ENSG00000240344,1.2087995,1.7319914,0.93566686,1.0,1
ENSG00000240344,1.2096107,1.7319914,0.91533154,0.74934864,1
ENSG00000240344,1.2688841,1.7319914,0.86402553,0.0,1
ENSG00000240344,1.1928643,1.7319914,0.9331442,0.7108597,1
ENSG00000240771,1.4584814,1.0934217,0.92826456,1.0,1
ENSG00000241119,-0.2727942,-0.9586073,0.9531976,1.0,1
ENSG00000241962,1.1903552,-0.43179828,0.9365043,1.0,1
ENSG00000243244,0.4674152,0.025305865,0.94312626,1.0,1
ENSG00000243667,1.8685411,0.5428254,0.8622214,1.0,1
ENSG00000243667,1.8608825,0.5428254,0.8931741,1.0,1
ENSG00000243943,1.3831106,1.8286599,0.91296685,1.0,1
ENSG00000243943,1.4897252,1.8286599,0.9059411,0.0132,1
ENSG00000243943,1.4258476,1.8286599,0.8656672,0.48008007,1
ENSG00000243943,1.4441057,1.8286599,0.8878587,0.98646265,1
ENSG00000247077,0.99913776,1.5903959,0.9434583,1.0,1
ENSG00000250565,1.1806318,0.90091306,0.8698865,1.0,1
ENSG00000251569,1.058531,-0.24412514,0.93130845,1.0,1
ENSG00000251569,1.0784659,-0.24412514,0.7786981,1.0,1
ENSG00000251569,1.1581496,-0.24412514,0.8464511,1.0,1
ENSG00000251569,1.1069278,-0.24412514,0.9475348,1.0,1
ENSG00000256223,1.0897928,0.5843312,0.8693778,1.0,1
ENSG00000256223,1.1021045,0.5843312,0.9200584,1.0,1
ENSG00000256223,1.1523429,0.5843312,0.8175707,1.0,1
ENSG00000256223,1.1401407,0.5843312,0.8969664,1.0,1
ENSG00000257218,1.1680645,1.438384,0.93542594,1.0,1
ENSG00000257218,1.1269461,1.438384,0.91466415,0.18068764,1
ENSG00000257390,0.1640172,-0.55284196,0.9692109,1.0,1
ENSG00000257390,0.2506532,-0.55284196,0.9594728,1.0,1
ENSG00000257390,0.2946359,-0.55284196,0.9655275,1.0,1
ENSG00000257390,0.2201802,-0.55284196,0.97901124,1.0,1
ENSG00000257727,1.8255919,2.1634,0.916223,1.0,1
ENSG00000257921,1.0100704,-0.13667715,0.9492846,1.0,1
ENSG00000258311,1.3683612,0.096910015,0.92356163,1.0,1
ENSG00000259075,1.9698995,-0.33724216,0.80663216,1.0,1
