,PredExpr,ActualExpr,PredPsi,ActualPsi,UncorrPredExpr,UncorrActualExpr,UncorrPredPsi,UncorrActualPsi,fold_idx
ENSG00000196388,1.2576569,-0.8239088,1.0,1.0,0.078863084,-2.5612073,0.08976943,1.0,1
ENSG00000164051,1.2218412,1.1099159,1.0,1.0,0.033437632,-0.10851837,0.053606756,1.0,1
ENSG00000064102,1.296968,1.7070589,1.0,1.0,0.12872176,0.64884406,0.19264664,1.0,1
ENSG00000064102,1.2712821,1.7070589,1.0,1.0,0.09614399,0.64884406,0.067435935,1.0,1
ENSG00000064102,1.287984,1.7070589,1.0,1.0,0.11732721,0.64884406,0.12082295,1.0,1
ENSG00000117533,1.3486987,1.1296899,1.0,1.0,0.19433233,-0.08343878,0.09573746,1.0,1
ENSG00000117533,1.3341141,1.1296899,1.0,1.0,0.17583446,-0.08343878,-0.027715728,1.0,1
ENSG00000089094,1.2190728,1.2591158,1.0,1.0,0.029926568,0.080713436,0.056209594,1.0,1
ENSG00000089094,1.189812,1.2591158,-0.06103298,1.0,-0.007185288,0.080713436,-0.06103298,1.0,1
ENSG00000089094,1.2077225,1.2591158,1.0,0.88706565,0.015530795,0.080713436,0.06412341,0.84477353,1
ENSG00000138688,1.2292745,1.3364598,1.0,1.0,0.042865425,0.17880945,0.08287024,1.0,1
ENSG00000138688,1.240735,1.3364598,1.0,1.0,0.057401,0.17880945,0.13418055,1.0,1
ENSG00000138688,1.217965,1.3364598,1.0,0.72337043,0.028521374,0.17880945,0.038391776,0.42469862,1
ENSG00000129195,1.2286594,0.80821097,1.0,1.0,0.042085305,-0.49117365,0.055487394,1.0,1
ENSG00000129195,1.2197547,0.80821097,1.0,0.7982646,0.030791387,-0.49117365,0.08382045,0.6168923,1
ENSG00000086758,1.2689416,1.7985125,1.0,0.82222223,0.09317559,0.7648356,0.15413103,0.67837226,1
ENSG00000133641,1.2410107,1.5317342,1.0,1.0,0.057750463,0.42647812,0.086855374,1.0,1
ENSG00000133641,1.2246248,1.5317342,1.0,1.0,0.03696809,0.42647812,-0.031166911,1.0,1
ENSG00000133641,1.23222,1.5317342,1.0,0.6604255,0.046601303,0.42647812,0.0031502396,0.26316932,1
ENSG00000133641,1.2372446,1.5317342,1.0,0.9412023,0.052973963,0.42647812,0.045619916,0.9836991,1
ENSG00000035928,1.228385,1.2402996,1.0,1.0,0.0417372,0.056848586,0.017793315,1.0,1
ENSG00000035928,1.2252575,1.2402996,1.0,1.0,0.03777063,0.056848586,-0.010492574,1.0,1
ENSG00000035928,1.2270284,1.2402996,1.0,1.0,0.040016614,0.056848586,0.023267668,1.0,1
ENSG00000035928,1.2169158,1.2402996,0.57576233,0.0049850345,0.02719085,0.056848586,0.045906574,-1.4188231,1
ENSG00000115594,1.1753134,0.30963016,1.0,1.0,-0.025574096,-1.1235286,0.04895394,1.0,1
ENSG00000115594,1.169913,0.30963016,1.0,1.0,-0.032423384,-1.1235286,-0.025931306,1.0,1
ENSG00000161509,1.1448532,-0.76955104,1.0,1.0,-0.06420691,-2.4922647,0.03848151,1.0,1
ENSG00000169223,1.281162,2.0322561,1.0,1.0,0.108674854,1.0612948,0.07649313,1.0,1
ENSG00000001461,1.2617322,1.1351327,1.0,1.0,0.08403188,-0.07653567,-0.018113732,1.0,1
ENSG00000001461,1.2635583,1.1351327,1.0,0.63383293,0.08634782,-0.07653567,0.001660917,0.19492747,1
ENSG00000001461,1.268436,1.1351327,1.0,0.03184712,0.092534274,-0.07653567,0.098941565,-1.3498896,1
ENSG00000164346,1.248487,1.7139943,1.0,1.0,0.06723286,0.6576402,0.10899996,1.0,1
ENSG00000164346,1.2469785,1.7139943,1.0,0.78319883,0.06531957,0.6576402,0.06382429,0.5782304,1
ENSG00000196588,1.204208,0.21484387,1.0,1.0,0.011073329,-1.243747,-0.04865095,1.0,1
ENSG00000206177,1.1731049,-0.7958801,1.0,1.0,-0.028375033,-2.5256581,0.07692693,1.0,1
ENSG00000078403,1.2419266,1.8405452,1.0,1.0,0.058912054,0.818146,-0.02850578,1.0,1
ENSG00000078403,1.2443489,1.8405452,1.0,1.0,0.06198436,0.818146,0.03609746,1.0,1
ENSG00000078403,1.2391802,1.8405452,0.56617534,0.8148855,0.055428922,0.818146,0.021304432,0.65954477,1
ENSG00000078403,1.2424666,1.8405452,0.5116442,0.0,0.059597075,0.818146,-0.11863361,-1.4316157,1
ENSG00000078403,1.2302818,1.8405452,0.4944883,0.029327631,0.044143036,0.818146,-0.16265899,-1.3563552,1
ENSG00000078403,1.2446891,1.8405452,0.53102124,0.017422736,0.062415928,0.818146,-0.0689082,-1.3869054,1
ENSG00000078403,1.2410873,1.8405452,0.5409124,0.9777559,0.057847768,0.818146,-0.043525428,1.0775032,1
ENSG00000078403,1.2422789,1.8405452,0.5450971,0.0145123005,0.05935897,0.818146,-0.032786533,-1.3943743,1
ENSG00000031003,1.246012,1.0569048,1.0,1.0,0.06409377,-0.17575276,-0.004469339,1.0,1
ENSG00000031003,1.2839493,1.0569048,1.0,1.0,0.11220996,-0.17575276,0.17040889,1.0,1
ENSG00000031003,1.2657472,1.0569048,1.0,0.95660746,0.089123994,-0.17575276,0.11292825,1.023232,1
ENSG00000031003,1.2429051,1.0569048,0.539646,0.04339248,0.06015332,-0.17575276,-0.046775147,-1.3202618,1
ENSG00000031003,1.280937,1.0569048,1.0,0.95660746,0.10838938,-0.17575276,0.116977155,1.023232,1
ENSG00000031003,1.2573339,1.0569048,1.0,0.0,0.07845339,-0.17575276,0.07501219,-1.4316157,1
ENSG00000102755,1.1357545,0.07554698,1.0,1.0,-0.07574698,-1.4204186,0.047361583,1.0,1
ENSG00000102755,1.1127151,0.07554698,1.0,1.0,-0.104968056,-1.4204186,-0.008010939,1.0,1
ENSG00000004534,1.2422838,1.6112983,1.0,1.0,0.05936517,0.52739,0.07717964,1.0,1
ENSG00000004534,1.2262057,1.6112983,1.0,0.51549053,0.038973264,0.52739,-0.04950528,-0.1087631,1
ENSG00000004534,1.2284158,1.6112983,0.53409225,0.7146477,0.04177639,0.52739,-0.06102725,0.40231445,1
ENSG00000004534,1.2285217,1.6112983,1.0,0.9532908,0.04191068,0.52739,-0.00071949884,1.0147208,1
ENSG00000004534,1.2260494,1.6112983,0.54677874,0.77954894,0.038774922,0.52739,-0.028471276,0.5688641,1
ENSG00000004534,1.2300324,1.6112983,1.0,0.005625427,0.04382675,0.52739,0.07953449,-1.4171798,1
ENSG00000119927,1.2316332,0.69548166,1.0,1.0,0.045856982,-0.6341493,0.035830114,1.0,1
ENSG00000119927,1.2221698,0.69548166,1.0,1.0,0.03385444,-0.6341493,0.048222754,1.0,1
ENSG00000119927,1.2268306,0.69548166,1.0,1.0,0.03976579,-0.6341493,0.026683126,1.0,1
ENSG00000096872,1.2609608,0.8469553,1.0,1.0,0.083053455,-0.44203383,-0.066141635,1.0,1
ENSG00000152782,1.1831968,0.8668778,1.0,1.0,-0.015575413,-0.41676593,-0.012472637,1.0,1
ENSG00000152782,1.188757,0.8668778,1.0,1.0,-0.008523487,-0.41676593,-0.022099473,1.0,1
ENSG00000152782,1.1961597,0.8668778,1.0,1.0,0.00086556375,-0.41676593,0.12826031,1.0,1
ENSG00000152782,1.2083906,0.8668778,1.0,0.9722922,0.016378157,-0.41676593,0.093083546,1.063482,1
ENSG00000197566,1.1911181,-0.013228178,1.0,1.0,-0.005528763,-1.5330131,0.028991418,1.0,1
ENSG00000170584,1.323283,1.5811529,1.0,1.0,0.16209726,0.4891562,0.19844802,1.0,1
ENSG00000170584,1.3028896,1.5811529,1.0,1.0,0.13623214,0.4891562,0.14801303,1.0,1
ENSG00000142207,1.2561585,1.0068936,1.0,1.0,0.07696259,-0.23918238,0.15499708,1.0,1
ENSG00000142207,1.2629286,1.0068936,1.0,1.0,0.085549176,-0.23918238,0.16456614,1.0,1
ENSG00000162772,1.2577446,0.9982593,1.0,0.0077022314,0.07897423,-0.25013345,0.16655748,-1.4118503,1
ENSG00000188157,1.2226975,1.3543005,1.0,1.0,0.034523673,0.20143716,0.11219755,1.0,1
ENSG00000034677,1.2392077,1.3277675,1.0,1.0,0.055463806,0.167785,0.16790274,1.0,1
ENSG00000034677,1.2468834,1.3277675,1.0,1.0,0.06519887,0.167785,0.1664887,1.0,1
ENSG00000034677,1.22009,1.3277675,0.5425074,0.9159975,0.031216696,0.167785,-0.039432302,0.9190186,1
ENSG00000104853,1.2850032,1.5117497,0.028129183,1.0,0.11354664,0.40113145,0.028129183,1.0,1
ENSG00000104853,1.2940916,1.5117497,1.0,1.0,0.12507354,0.40113145,0.19348949,1.0,1
ENSG00000116668,1.2523768,0.40654022,1.0,1.0,0.07216632,-1.0006167,-0.012314826,1.0,1
ENSG00000051341,1.1908246,0.8920946,1.0,1.0,-0.005901031,-0.3847832,0.010565899,1.0,1
ENSG00000051341,1.1727002,0.8920946,1.0,1.0,-0.02888839,-0.3847832,-0.009217642,1.0,1
ENSG00000135605,1.2596501,0.85733247,-0.046276584,1.0,0.08139111,-0.42887235,-0.046276584,1.0,1
ENSG00000143774,1.3654547,2.2415962,1.0,1.0,0.2155841,1.3268031,0.23995647,1.0,1
ENSG00000143774,1.3654547,2.2415962,1.0,1.0,0.2155841,1.3268031,0.23995647,1.0,1
ENSG00000143774,1.3428802,2.2415962,1.0,1.0,0.18695271,1.3268031,0.12893367,1.0,1
ENSG00000143774,1.3642797,2.2415962,1.0,1.0,0.21409383,1.3268031,0.24940838,1.0,1
ENSG00000143774,1.34395,2.2415962,1.0,0.15867049,0.18830958,1.3268031,0.095318355,-1.0244353,1
ENSG00000143774,1.3639072,2.2415962,1.0,0.9343574,0.21362141,1.3268031,0.2548101,0.9661338,1
ENSG00000140740,1.3280643,2.5661426,1.0,1.0,0.16816154,1.7384286,0.04627505,1.0,1
ENSG00000065243,1.2703086,1.1958996,1.0,1.0,0.09490943,0.00053571805,0.14359064,1.0,1
ENSG00000065243,1.2929118,1.1958996,1.0,1.0,0.12357718,0.00053571805,0.15081832,1.0,1
ENSG00000065243,1.2809557,1.1958996,1.0,1.0,0.1084131,0.00053571805,0.14947739,1.0,1
ENSG00000065243,1.2561475,1.1958996,-0.06926454,1.0,0.07694864,0.00053571805,-0.06926454,1.0,1
ENSG00000065243,1.2672776,1.1958996,1.0,0.99837,0.09106511,0.00053571805,0.09018948,1.130403,1
ENSG00000178852,1.2429763,-0.06550145,1.0,1.0,0.060243502,-1.5993118,0.03843327,1.0,1
ENSG00000178852,1.2441506,-0.06550145,1.0,1.0,0.061732948,-1.5993118,0.07183032,1.0,1
ENSG00000178852,1.260892,-0.06550145,1.0,1.0,0.08296628,-1.5993118,0.0941014,1.0,1
ENSG00000186198,1.1343722,-0.9208188,1.0,1.0,-0.07750003,-2.6841192,-0.07354339,1.0,1
ENSG00000135048,1.188084,1.34183,1.0,1.0,-0.009376943,0.1856207,0.031728372,1.0,1
ENSG00000175550,1.2783061,1.453624,1.0,1.0,0.105052635,0.32741013,0.17226751,1.0,1
ENSG00000108829,1.270887,2.0370278,1.0,1.0,0.095642954,1.0673469,0.12898196,1.0,1
ENSG00000108829,1.2574354,2.0370278,1.0,1.0,0.07858221,1.0673469,0.11910927,1.0,1
ENSG00000108829,1.2616631,2.0370278,1.0,1.0,0.0839441,1.0673469,0.13954966,1.0,1
ENSG00000108829,1.2683377,2.0370278,1.0,1.0,0.09240973,1.0673469,0.18563905,1.0,1
ENSG00000108829,1.2259737,2.0370278,-0.07483457,1.0,0.038678914,1.0673469,-0.07483457,1.0,1
ENSG00000162522,1.2235348,0.92737037,1.0,1.0,0.035585664,-0.34004262,0.155433,1.0,1
ENSG00000162522,1.2135912,0.92737037,1.0,1.0,0.022974156,-0.34004262,0.06491561,1.0,1
ENSG00000115165,1.1142623,-0.76955104,1.0,1.0,-0.103005655,-2.4922647,-0.041396692,1.0,1
ENSG00000115165,1.1406919,-0.76955104,1.0,1.0,-0.06948484,-2.4922647,0.03321468,1.0,1
ENSG00000115165,1.1022593,-0.76955104,1.0,1.0,-0.11822933,-2.4922647,-0.046814717,1.0,1
ENSG00000143303,1.267493,1.5156089,1.0,1.0,0.09133825,0.40602618,0.21597925,1.0,1
ENSG00000143303,1.2827682,1.5156089,1.0,1.0,0.11071201,0.40602618,0.23253456,1.0,1
ENSG00000181638,1.2273151,0.47567117,1.0,1.0,0.04038024,-0.91293716,0.0951675,1.0,1
ENSG00000181638,1.2273151,0.47567117,1.0,1.0,0.04038024,-0.91293716,0.0951675,1.0,1
ENSG00000214046,1.3596708,1.8994921,1.0,1.0,0.20824823,0.89290905,0.07515493,1.0,1
ENSG00000214046,1.3432753,1.8994921,0.52572805,0.006039679,0.1874538,0.89290905,-0.08249149,-1.4161167,1
ENSG00000214046,1.3507608,1.8994921,1.0,0.7411935,0.19694772,0.89290905,0.028631978,0.47043622,1
ENSG00000059691,1.2416779,1.3529539,1.0,1.0,0.05859676,0.19972919,0.050028257,1.0,1
ENSG00000148660,1.222297,1.4977586,-0.10860291,1.0,0.03401573,0.38338655,-0.10860291,1.0,1
ENSG00000148660,1.2307812,1.4977586,-0.09980804,1.0,0.044776358,0.38338655,-0.09980804,1.0,1
ENSG00000148660,1.2254763,1.4977586,-0.052207395,1.0,0.038048044,0.38338655,-0.052207395,1.0,1
ENSG00000148660,1.235769,1.4977586,1.0,0.09283194,0.05110254,0.38338655,-0.042653292,-1.1933903,1
ENSG00000148660,1.2406579,1.4977586,1.0,0.08719054,0.05730316,0.38338655,0.09197683,-1.2078673,1
ENSG00000165029,1.1259949,-0.9586072,1.0,1.0,-0.0881251,-2.7320466,0.011732526,1.0,1
ENSG00000165029,1.1358469,-0.9586072,1.0,1.0,-0.07562983,-2.7320466,0.027319092,1.0,1
ENSG00000165029,1.1478052,-0.9586072,1.0,1.0,-0.060462967,-2.7320466,0.10511253,1.0,1
ENSG00000165029,1.105303,-0.9586072,1.0,1.0,-0.11436887,-2.7320466,-0.024131536,1.0,1
ENSG00000180998,1.1364648,-0.6575773,1.0,1.0,-0.07484605,-2.3502474,-0.04709053,1.0,1
ENSG00000180998,1.1555138,-0.6575773,1.0,1.0,-0.05068602,-2.3502474,-0.06231883,1.0,1
ENSG00000185250,1.263498,-0.14266741,1.0,1.0,0.086271286,-1.6971822,0.0675878,1.0,1
ENSG00000055483,1.2489107,1.350054,1.0,1.0,0.06777014,0.19605131,0.1790441,1.0,1
ENSG00000165704,1.2617252,1.837904,1.0,1.0,0.08402288,0.8147961,0.051076904,1.0,1
ENSG00000165704,1.2423512,1.837904,1.0,1.0,0.05945067,0.8147961,0.078029364,1.0,1
ENSG00000059804,1.2236694,2.4926348,1.0,1.0,0.03575644,1.6451975,-0.008269109,1.0,1
ENSG00000143627,1.2328502,1.415641,1.0,1.0,0.047400504,0.2792358,0.1523001,1.0,1
ENSG00000143627,1.2037047,1.415641,1.0,1.0,0.010434978,0.2792358,0.05441522,1.0,1
ENSG00000143627,1.2411445,1.415641,1.0,1.0,0.057920337,0.2792358,0.1636191,1.0,1
ENSG00000143627,1.2312461,1.415641,1.0,1.0,0.045365967,0.2792358,0.14327455,1.0,1
ENSG00000136802,1.2247835,0.9116901,1.0,0.44444442,0.037169404,-0.35992998,0.096205935,-0.2910817,1
ENSG00000166002,1.1948775,0.924796,1.0,1.0,-0.0007607043,-0.34330773,0.03292781,1.0,1
ENSG00000101412,1.2399863,1.1038038,1.0,1.0,0.056451276,-0.11627046,0.17414641,1.0,1
ENSG00000101412,1.2392788,1.1038038,1.0,1.0,0.055553943,-0.11627046,0.1316281,1.0,1
ENSG00000068489,1.2789006,1.7180862,1.0,1.0,0.10580677,0.6628302,0.03497548,1.0,1
ENSG00000068489,1.2793612,1.7180862,1.0,1.0,0.10639098,0.6628302,0.08472453,1.0,1
ENSG00000145390,1.2658648,0.81822586,1.0,1.0,0.08927323,-0.47847164,0.13433604,1.0,1
ENSG00000145390,1.2467381,0.81822586,1.0,1.0,0.06501466,-0.47847164,0.053366248,1.0,1
ENSG00000145390,1.2500091,0.81822586,1.0,1.0,0.06916329,-0.47847164,0.1414481,1.0,1
ENSG00000145390,1.2484069,0.81822586,1.0,1.0,0.06713119,-0.47847164,0.10034186,1.0,1
ENSG00000168575,1.2306749,1.4563661,1.0,1.0,0.044641487,0.3308878,0.08824061,1.0,1
ENSG00000168575,1.2326996,1.4563661,1.0,1.0,0.04720947,0.3308878,-0.009932239,1.0,1
ENSG00000104613,1.263962,1.9760288,1.0,1.0,0.08685991,0.98998123,0.049022816,1.0,1
ENSG00000104613,1.2573113,1.9760288,1.0,0.99738145,0.07842477,0.98998123,-0.021989286,1.1278663,1
ENSG00000101282,1.1239812,-0.9586072,1.0,1.0,-0.09067911,-2.7320466,-0.025780402,1.0,1
ENSG00000100276,1.1524125,-0.3872161,1.0,1.0,-0.054619424,-2.0073457,0.0062915795,1.0,1
ENSG00000136371,1.2543123,1.7207379,1.0,1.0,0.07462101,0.66619337,0.08609006,1.0,1
ENSG00000133243,1.1961948,1.2084414,1.0,1.0,0.00090999156,0.016442485,0.14735582,1.0,1
ENSG00000133243,1.1992086,1.2084414,1.0,1.0,0.0047324672,0.016442485,0.13211593,1.0,1
ENSG00000156860,1.2308949,0.83884907,1.0,1.0,0.04492061,-0.45231503,0.099202216,1.0,1
ENSG00000156860,1.2389894,0.83884907,0.009388618,1.0,0.055186808,-0.45231503,0.009388618,1.0,1
ENSG00000157613,1.2169034,0.25767863,1.0,1.0,0.027175024,-1.1894193,0.11332132,1.0,1
ENSG00000157613,1.2191613,0.25767863,1.0,1.0,0.030038647,-1.1894193,0.124088764,1.0,1
ENSG00000132953,1.2260514,1.1003705,1.0,1.0,0.038777605,-0.12062479,0.047101103,1.0,1
ENSG00000156795,1.3089192,1.2472365,1.0,1.0,0.14387956,0.06564681,0.14030048,1.0,1
ENSG00000156795,1.2881857,1.2472365,1.0,0.4401639,0.11758311,0.06564681,0.022699535,-0.30206636,1
ENSG00000156795,1.2966803,1.2472365,1.0,0.81992793,0.12835684,0.06564681,0.060246807,0.67248476,1
ENSG00000123144,1.2579354,2.0587676,1.0,1.0,0.079216346,1.0949196,0.17246509,1.0,1
ENSG00000123144,1.2510275,2.0587676,1.0,1.0,0.07045485,1.0949196,0.070634626,1.0,1
ENSG00000167333,1.2355136,0.71011734,1.0,1.0,0.05077839,-0.61558676,0.029068306,1.0,1
ENSG00000132963,1.2889802,1.8678797,-0.09621087,1.0,0.11859076,0.85281473,-0.09621087,1.0,1
ENSG00000143624,1.3177252,1.3123889,1.0,1.0,0.15504833,0.14828025,0.19858572,1.0,1
ENSG00000143624,1.3024802,1.3123889,1.0,1.0,0.13571288,0.14828025,0.1819444,1.0,1
ENSG00000143624,1.3057026,1.3123889,0.5534213,0.31624997,0.1397998,0.14828025,-0.0114249475,-0.6200545,1
ENSG00000143624,1.3073893,1.3123889,1.0,0.17875001,0.14193907,0.14828025,0.20251466,-0.9729072,1
ENSG00000100147,1.2727876,0.6095944,1.0,1.0,0.09805347,-0.743081,0.18115953,1.0,1
ENSG00000151348,1.1910034,1.6004283,1.0,1.0,-0.0056741387,0.51360345,0.014475755,1.0,1
ENSG00000151348,1.171388,1.6004283,1.0,1.0,-0.03055257,0.51360345,-0.037110463,1.0,1
ENSG00000151348,1.1744413,1.6004283,1.0,1.0,-0.026680015,0.51360345,-0.04819061,1.0,1
ENSG00000152465,1.2472558,0.6683859,1.0,1.0,0.065671235,-0.66851515,0.15018713,1.0,1
ENSG00000152465,1.2335653,0.6683859,1.0,1.0,0.048307486,-0.66851515,0.0027269423,1.0,1
ENSG00000152465,1.2333617,0.6683859,1.0,0.23999998,0.048049226,-0.66851515,0.082749754,-0.81572735,1
ENSG00000125351,1.2444154,1.3372595,1.0,1.0,0.062068805,0.17982386,0.011716727,1.0,1
ENSG00000125351,1.2418131,1.3372595,0.5557534,0.6180621,0.058768153,0.17982386,-0.005440332,0.15445618,1
ENSG00000181826,1.246855,-0.055517316,1.0,1.0,0.0651629,-1.5866488,0.083002046,1.0,1
ENSG00000110090,1.1993045,0.52244425,1.0,1.0,0.00485415,-0.85361445,0.10742169,1.0,1
ENSG00000178952,1.2731504,2.1879153,1.0,1.0,0.09851366,1.258719,0.21359463,1.0,1
ENSG00000178952,1.2854042,2.1879153,1.0,1.0,0.114055246,1.258719,0.20795277,1.0,1
ENSG00000131504,1.2391688,2.0841472,1.0,1.0,0.055414394,1.1271088,0.10670231,1.0,1
ENSG00000131504,1.2545059,2.0841472,1.0,1.0,0.07486653,1.1271088,0.16721235,1.0,1
ENSG00000198018,1.23416,1.000434,1.0,1.0,0.049061596,-0.2473752,0.008008525,1.0,1
ENSG00000198018,1.2353365,1.000434,1.0,1.0,0.050553977,-0.2473752,-0.03561654,1.0,1
ENSG00000127452,1.2425027,1.3841741,1.0,1.0,0.059642836,0.2393261,0.19854055,1.0,1
ENSG00000127452,1.2274678,1.3841741,1.0,0.2110984,0.040573888,0.2393261,0.08762764,-0.88989466,1
ENSG00000127452,1.2450536,1.3841741,1.0,0.9470068,0.06287819,0.2393261,0.1993979,0.9985948,1
ENSG00000160447,1.260809,1.2981979,1.0,1.0,0.08286077,0.13028155,0.16454822,1.0,1
ENSG00000160447,1.2573618,1.2981979,1.0,1.0,0.07848874,0.13028155,0.15856811,1.0,1
ENSG00000160447,1.2358242,1.2981979,-0.013080195,1.0,0.051172465,0.13028155,-0.013080195,1.0,1
ENSG00000092978,1.1228786,0.025305867,1.0,1.0,-0.09207768,-1.4841399,-0.066360265,1.0,1
ENSG00000119787,1.2680757,1.7223871,1.0,1.0,0.092077285,0.66828495,0.06621369,1.0,1
ENSG00000119787,1.2441928,1.7223871,0.0034448616,1.0,0.061786503,0.66828495,0.0034448616,1.0,1
ENSG00000119787,1.2589196,1.7223871,1.0,1.0,0.08046457,0.66828495,0.057847455,1.0,1
ENSG00000119787,1.2798378,1.7223871,1.0,1.0,0.10699546,0.66828495,0.11288911,1.1345859,1
ENSG00000140367,1.2745156,1.1370374,0.015710719,1.0,0.10024516,-0.074119784,0.015710719,1.0,1
ENSG00000140367,1.2938337,1.1370374,1.0,0.91013384,0.124746546,-0.074119784,0.09276874,0.9039712,1
ENSG00000182307,1.2428066,1.6290016,1.0,1.0,0.060028195,0.5498432,0.1314266,1.0,1
ENSG00000174996,1.2612097,0.9180303,1.0,1.0,0.08336915,-0.3518887,0.17579553,1.0,1
ENSG00000174996,1.2683342,0.9180303,1.0,1.0,0.09240517,-0.3518887,0.15649724,1.1345859,1
ENSG00000136950,1.2906288,1.7786577,1.0,1.0,0.1206816,0.7396534,0.11394839,1.0,1
ENSG00000113721,1.1617393,0.021189332,1.0,1.0,-0.042790096,-1.489361,0.087969035,1.0,1
ENSG00000135090,1.2591873,1.6541765,1.0,1.0,0.0808042,0.5817728,0.081716746,1.0,1
ENSG00000135090,1.2522637,1.6541765,1.0,1.0,0.072022706,0.5817728,0.11052472,1.0,1
ENSG00000135090,1.2647648,1.6541765,1.0,1.0,0.08787803,0.5817728,0.17068323,1.0,1
ENSG00000135090,1.2453338,1.6541765,1.0,0.9892819,0.063233525,0.5817728,0.06978848,1.107081,1
ENSG00000135090,1.227481,1.6541765,0.53353304,0.0,0.040590703,0.5817728,-0.06246236,-1.4316157,1
ENSG00000073605,1.1398301,0.65417653,1.0,1.0,-0.07057788,-0.686537,0.0058379024,1.0,1
ENSG00000073605,1.1446863,0.65417653,1.0,1.0,-0.064418636,-0.686537,0.0074456073,1.0,1
ENSG00000073605,1.122642,0.65417653,1.0,0.61499995,-0.09237756,-0.686537,0.0032762662,0.14659825,1
ENSG00000198961,1.2562475,1.774298,1.0,1.0,0.077075586,0.73412395,0.18735152,1.0,1
ENSG00000198961,1.2514569,1.774298,1.0,1.0,0.07099952,0.73412395,0.00589893,1.0,1
ENSG00000198961,1.2574267,1.774298,1.0,1.0,0.078571096,0.73412395,0.120978475,1.0,1
ENSG00000198961,1.2473207,1.774298,1.0,1.0,0.065753564,0.73412395,0.1068729,1.0,1
ENSG00000167851,1.1382029,0.923244,1.0,1.0,-0.07264167,-0.34527612,-0.02586577,1.0,1
ENSG00000167851,1.1474411,0.923244,1.0,0.8367952,-0.060924634,-0.34527612,0.018998643,0.7157696,1
ENSG00000167851,1.1564211,0.923244,1.0,0.89383066,-0.049535394,-0.34527612,0.05477409,0.86213404,1
ENSG00000182359,1.2144378,1.071882,1.0,1.0,0.024047852,-0.15675709,0.03660862,1.0,1
ENSG00000065029,1.3100169,1.2143139,1.0,1.0,0.1452717,0.023890687,0.24494123,1.0,1
ENSG00000065029,1.3142266,1.2143139,1.0,0.75130886,0.15061098,0.023890687,0.2535191,0.49639437,1
ENSG00000048140,1.279919,1.5133507,1.0,1.0,0.1070984,0.40316215,0.04367564,1.0,1
ENSG00000048140,1.285176,1.5133507,1.0,0.6748182,0.11376582,0.40316215,0.15708996,0.30010393,1
ENSG00000101868,1.2607718,1.0098757,1.0,1.0,0.082813606,-0.23540038,0.055285025,1.0,1
ENSG00000219200,1.2645407,1.7158363,1.0,1.0,0.087593794,0.6599765,0.12903361,1.0,1
ENSG00000219200,1.2648346,1.7158363,1.0,0.0016971827,0.087966636,0.6599765,0.17411195,-1.4272604,1
ENSG00000099381,1.2712567,0.33845645,1.0,1.0,0.09611182,-1.086968,0.23830251,1.0,1
ENSG00000099381,1.2730944,0.33845645,1.0,1.0,0.09844257,-1.086968,0.2762026,1.0,1
ENSG00000166225,1.2162706,0.8413595,1.0,0.12037039,0.026372336,-0.4491311,0.055770542,-1.1227211,1
ENSG00000254469,1.3272713,0.90091306,1.0,1.0,0.16715573,-0.37359866,0.16843545,1.0,1
ENSG00000254469,1.3265861,0.90091306,1.0,1.0,0.16628666,-0.37359866,0.15738812,1.0,1
ENSG00000177156,1.2498732,2.525589,1.0,1.0,0.06899083,1.6869937,-0.008110061,1.0,1
ENSG00000091527,1.2462375,1.7554936,1.0,1.0,0.06437972,0.7102744,0.040041953,1.0,1
ENSG00000091527,1.2556908,1.7554936,1.0,1.0,0.076369494,0.7102744,0.17092511,1.0,1
ENSG00000213965,1.2198106,0.90036714,1.0,1.0,0.030862197,-0.3742911,0.11326851,1.0,1
ENSG00000110367,1.279312,1.6816933,1.0,1.0,0.10632853,0.6166727,0.13256043,1.0,1
ENSG00000164002,1.1490642,0.35602587,1.0,1.0,-0.05886612,-1.0646845,0.112734914,1.0,1
ENSG00000164002,1.1730005,0.35602587,1.0,0.5652174,-0.028507475,-1.0646845,0.121585906,0.018846042,1
ENSG00000103067,1.161313,-0.8538718,1.0,1.0,-0.043330856,-2.5992098,0.099314205,1.0,1
ENSG00000103067,1.1637354,-0.8538718,1.0,1.0,-0.04025854,-2.5992098,0.071639225,1.0,1
ENSG00000188785,1.2371672,0.7678976,1.0,1.0,0.05287583,-0.5423035,0.121362895,1.0,1
ENSG00000188785,1.2194346,0.7678976,1.0,0.6506849,0.030385323,-0.5423035,0.12646735,0.23817298,1
ENSG00000021776,1.2304498,1.666518,1.0,1.0,0.044356048,0.5974256,-0.012178682,1.0,1
ENSG00000021776,1.2427304,1.666518,1.0,1.0,0.059931666,0.5974256,0.024237294,1.0,1
ENSG00000021776,1.2312627,1.666518,1.0,1.0,0.045387015,0.5974256,-0.01445692,1.0,1
ENSG00000007080,1.2833455,1.4922014,1.0,1.0,0.111444056,0.3763382,0.14127156,1.0,1
ENSG00000007080,1.2899961,1.4922014,1.0,1.0,0.119879335,0.3763382,0.19373879,1.0,1
ENSG00000107282,1.1179068,-0.9586072,1.0,1.0,-0.09838341,-2.7320466,-0.042647034,1.0,1
ENSG00000107282,1.1156273,-0.9586072,1.0,1.0,-0.101274416,-2.7320466,-0.02388607,1.0,1
ENSG00000107282,1.0879543,-0.9586072,1.0,1.0,-0.13637248,-2.7320466,-0.06955892,1.0,1
ENSG00000107282,1.1202688,-0.9586072,1.0,1.0,-0.0953876,-2.7320466,-0.05527094,1.0,1
ENSG00000107282,1.1055351,-0.9586072,1.0,1.0,-0.11407452,-2.7320466,-0.069989845,1.0,1
ENSG00000107282,1.0833496,-0.9586072,1.0,1.0,-0.14221269,-2.7320466,-0.08462578,1.0,1
ENSG00000107282,1.102379,-0.9586072,1.0,1.0,-0.11807745,-2.7320466,-0.07217886,1.0,1
ENSG00000107282,1.077981,-0.9586072,1.0,1.0,-0.1490216,-2.7320466,-0.07686904,1.0,1
ENSG00000107282,1.0921881,-0.9586072,1.0,1.0,-0.13100256,-2.7320466,-0.044911258,1.0,1
ENSG00000107282,1.078826,-0.9586072,1.0,1.0,-0.14795002,-2.7320466,-0.11080217,1.0,1
ENSG00000151849,1.229855,0.9689497,1.0,1.0,0.04360155,-0.28730717,0.080523334,1.0,1
ENSG00000151849,1.2140336,0.9689497,1.0,0.27564102,0.023535192,-0.28730717,0.07821965,-0.7242653,1
ENSG00000151849,1.2218479,0.9689497,1.0,0.19316238,0.033446096,-0.28730717,0.03476408,-0.9359221,1
ENSG00000161999,1.2550766,1.3394514,1.0,1.0,0.07559052,0.18260387,0.15725452,1.0,1
ENSG00000161999,1.2166585,1.3394514,1.0,1.0,0.026864387,0.18260387,0.003401991,1.0,1
ENSG00000161999,1.2520248,1.3394514,1.0,0.9972452,0.07171972,0.18260387,0.1503085,1.1275165,1
ENSG00000161999,1.2519226,1.3394514,1.0,0.9765193,0.07159023,0.18260387,0.16209736,1.0743297,1
ENSG00000084207,1.2997415,2.8746383,1.0,1.0,0.13223934,2.1296966,0.19300729,1.0,1
ENSG00000173914,1.237966,1.4974825,1.0,1.0,0.053888902,0.38303626,0.056160778,1.0,1
ENSG00000173914,1.237742,1.4974825,1.0,1.0,0.053604707,0.38303626,0.042271607,1.0,1
ENSG00000132475,1.3060063,2.6859386,1.0,1.0,0.14018513,1.8903669,0.2362616,1.0,1
ENSG00000132475,1.2942715,2.6859386,1.0,1.0,0.12530175,1.8903669,0.16721654,1.0,1
ENSG00000143198,1.3194828,1.936564,1.0,1.0,0.1572774,0.93992764,0.030904833,1.0,1
ENSG00000143198,1.3138418,1.936564,0.547705,0.0481804,0.15012294,0.93992764,-0.026094183,-1.307975,1
ENSG00000072849,1.2807721,1.4355259,1.0,1.0,0.10818024,0.304456,-0.08301255,1.0,1
ENSG00000204580,1.2545288,1.0813473,1.0,1.0,0.074895695,-0.14475214,0.15676038,1.0,1
ENSG00000204580,1.227928,1.0813473,1.0,0.8942307,0.041157603,-0.14475214,0.0065889433,0.8631607,1
ENSG00000204580,1.242394,1.0813473,1.0,0.994302,0.059504986,-0.14475214,0.13385859,1.1199636,1
ENSG00000204580,1.2197781,1.0813473,0.5568083,0.60818714,0.03082098,-0.14475214,-0.0027333498,0.12911506,1
ENSG00000204580,1.2335159,1.0813473,1.0,1.0,0.048244804,-0.14475214,0.077817984,1.1345859,1
ENSG00000116254,1.1579223,-0.6575773,1.0,1.0,-0.04763134,-2.3502474,0.1106245,1.0,1
ENSG00000186625,1.3071419,1.7259116,1.0,1.0,0.14162533,0.6727551,0.1975144,1.0,1
ENSG00000186625,1.3152312,1.7259116,1.0,0.9867208,0.1518852,0.6727551,0.22314341,1.1005089,1
ENSG00000162664,1.2858069,1.3756636,1.0,1.0,0.114566,0.22853212,0.13507903,1.0,1
ENSG00000178741,1.2890176,2.3764672,1.0,1.0,0.11863808,1.4978615,0.18082564,1.0,1
ENSG00000196187,1.2923322,1.6333674,1.0,1.0,0.12284207,0.5553804,0.21665871,1.0,1
ENSG00000196187,1.2933539,1.6333674,1.0,1.0,0.12413794,0.5553804,0.19176602,1.0,1
ENSG00000196187,1.2900475,1.6333674,1.0,1.0,0.11994439,0.5553804,0.18198453,1.0,1
ENSG00000196187,1.2904769,1.6333674,1.0,1.0,0.120489,0.5553804,0.0678768,1.0,1
ENSG00000011426,1.2984984,1.5304558,1.0,1.0,0.1306627,0.42485663,0.07030259,1.0,1
ENSG00000011426,1.3004761,1.5304558,1.0,0.62777317,0.133171,0.42485663,0.12633032,0.1793769,1
ENSG00000100591,1.2552445,2.1271372,1.0,1.0,0.07580337,1.1816335,0.082262725,1.0,1
ENSG00000214113,1.2675493,1.7266457,-0.016135976,1.0,0.0914097,0.6736862,-0.016135976,1.0,1
ENSG00000214113,1.2965469,1.7266457,1.0,1.0,0.12818766,0.6736862,0.12746972,1.0,1
ENSG00000214113,1.2965469,1.7266457,1.0,1.0,0.12818766,0.6736862,0.12746972,1.0,1
ENSG00000214113,1.2778198,1.7266457,0.5606359,0.034482718,0.104435876,0.6736862,0.007089108,-1.343126,1
ENSG00000214113,1.2965469,1.7266457,1.0,0.22197053,0.12818766,0.6736862,0.12746972,-0.86199456,1
ENSG00000175087,1.2511872,1.2853322,1.0,1.0,0.07065745,0.11396393,0.1946097,1.0,1
ENSG00000175087,1.2501638,1.2853322,1.0,0.76294273,0.06935948,0.11396393,0.17445576,0.52624923,1
ENSG00000214226,1.2771933,-0.46852112,1.0,1.0,0.103641346,-2.1104655,0.1103795,1.0,1
ENSG00000133687,1.0964929,-0.9208188,1.0,1.0,-0.12554288,-2.6841192,-0.036026508,1.0,1
ENSG00000097021,1.285883,1.653309,1.0,1.0,0.11466245,0.5806725,0.21900384,1.0,1
ENSG00000097021,1.2465676,1.653309,0.5477704,0.0004453063,0.064798385,0.5806725,-0.025926411,-1.430473,1
ENSG00000097021,1.252259,1.653309,1.0,0.0,0.072016865,0.5806725,0.080656424,-1.4316157,1
ENSG00000091140,1.3279183,2.3909879,1.0,1.0,0.16797636,1.5162781,0.171794,1.0,1
ENSG00000091140,1.3246409,2.3909879,1.0,0.9967105,0.16381955,1.5162781,0.1351592,1.1261444,1
ENSG00000091140,1.3235611,2.3909879,1.0,0.34823132,0.16245002,1.5162781,0.10554637,-0.5379839,1
ENSG00000091140,1.3278077,2.3909879,1.0,0.9532101,0.16783592,1.5162781,0.17171453,1.0145136,1
ENSG00000176783,1.2798451,1.3447851,1.0,1.0,0.10700457,0.18936864,0.0983129,1.0,1
ENSG00000176783,1.2798905,1.3447851,1.0,1.0,0.10706219,0.18936864,0.11714285,1.0,1
ENSG00000176783,1.2731688,1.3447851,1.0,1.0,0.09853692,0.18936864,0.07294183,1.0,1
ENSG00000176783,1.2458787,1.3447851,0.5575211,0.02800244,0.06392467,0.18936864,-0.0009041205,-1.3597558,1
ENSG00000186105,1.0945554,-0.008773923,1.0,1.0,-0.12800024,-1.5273637,0.03438983,1.0,1
ENSG00000148481,1.2591819,1.1501422,1.0,1.0,0.080797136,-0.057498958,-0.015311107,1.0,1
ENSG00000148481,1.2655497,1.1501422,1.0,1.0,0.088873535,-0.057498958,0.071259946,1.0,1
ENSG00000148481,1.248621,1.1501422,1.0,0.6552083,0.06740278,-0.057498958,-0.022365257,0.24978094,1
ENSG00000106144,1.3293548,1.4601458,1.0,1.0,0.16979825,0.33568174,0.083017945,1.0,1
ENSG00000106144,1.3504673,1.4601458,0.5518613,0.11177167,0.19657543,0.33568174,-0.015428364,-1.1447871,1
ENSG00000100246,1.2716676,0.7867514,1.0,1.0,0.09663293,-0.518391,0.09273662,1.0,1
ENSG00000203666,1.295875,1.3615389,1.0,1.0,0.12733537,0.2106177,0.09935667,1.0,1
ENSG00000198746,1.2620986,0.7024305,1.0,1.0,0.08449644,-0.62533605,0.19250213,1.0,1
ENSG00000036257,1.2254274,1.4462264,1.0,1.0,0.037986092,0.31802762,0.06746973,1.0,1
ENSG00000139154,1.2243624,0.854913,1.0,1.0,0.036635272,-0.43194097,0.038103666,1.0,1
ENSG00000111664,1.1652254,0.54406804,1.0,1.0,-0.038368728,-0.82618874,0.14078775,1.0,1
ENSG00000176386,1.282794,1.4613484,1.0,1.0,0.11074464,0.33720702,0.056042276,1.0,1
ENSG00000110422,1.2211689,0.83821917,1.0,1.0,0.032584935,-0.4531139,0.03513536,1.0,1
ENSG00000110422,1.2370949,0.83821917,1.0,0.0,0.05278404,-0.4531139,0.08647009,-1.4316157,1
ENSG00000155629,1.1398604,0.4871384,1.0,1.0,-0.07053933,-0.8983932,-0.016355887,1.0,1
ENSG00000155629,1.1464092,0.4871384,1.0,1.0,-0.06223353,-0.8983932,-0.020038009,1.0,1
ENSG00000143971,1.209583,0.84323275,1.0,1.0,0.01789046,-0.44675517,0.06366582,1.0,1
ENSG00000143971,1.197888,0.84323275,1.0,1.0,0.0030576587,-0.44675517,-0.06833444,1.0,1
ENSG00000143971,1.1967235,0.84323275,1.0,1.0,0.0015806481,-0.44675517,0.07791002,1.0,1
ENSG00000143971,1.20742,0.84323275,1.0,1.0,0.01514706,-0.44675517,-0.005401578,1.0,1
ENSG00000204116,1.1507612,-0.14266741,1.0,1.0,-0.056713775,-1.6971822,-0.10903162,1.0,1
ENSG00000108788,1.3077703,1.6017342,1.0,1.0,0.14242236,0.5152596,0.18852478,1.0,1
ENSG00000108788,1.2924552,1.6017342,1.0,0.8643423,0.122998014,0.5152596,0.04900287,0.7864609,1
ENSG00000108788,1.295164,1.6017342,1.0,0.93230766,0.12643361,0.5152596,0.24341491,0.9608738,1
ENSG00000054967,1.2252662,0.8825245,-0.061750144,1.0,0.037781715,-0.39692104,-0.061750144,1.0,1
ENSG00000054967,1.2646517,0.8825245,1.0,1.0,0.08773458,-0.39692104,0.17418693,1.0,1
ENSG00000086598,1.2625891,2.15567,1.0,1.0,0.08511864,1.2178218,0.13152184,1.0,1
ENSG00000090520,1.3129873,1.4382257,1.0,1.0,0.14903924,0.30788037,0.14389221,1.0,1
ENSG00000138785,1.2416431,1.5969268,1.0,1.0,0.05855252,0.5091624,-0.019146234,1.0,1
ENSG00000138785,1.241308,1.5969268,1.0,0.79923224,0.058127552,0.5091624,-0.0011630915,0.61937535,1
ENSG00000144354,1.296428,1.9809119,1.0,1.0,0.12803672,0.9961745,0.20539261,1.0,1
ENSG00000144354,1.2879325,1.9809119,1.0,0.9986503,0.11726196,0.9961745,0.17801455,1.1311224,1
ENSG00000144354,1.3050152,1.9809119,1.0,0.12867999,0.13892804,0.9961745,0.2340707,-1.1013969,1
ENSG00000144354,1.3015901,1.9809119,1.0,0.0,0.13458396,0.9961745,0.23051862,-1.4316157,1
ENSG00000144354,1.2747464,1.9809119,1.0,0.9874892,0.10053785,0.9961745,0.116864674,1.1024809,1
ENSG00000173064,1.2564363,1.0277572,1.0,1.0,0.07731502,-0.212721,0.17570163,1.0,1
ENSG00000173064,1.2299824,1.0277572,1.0,1.0,0.04376317,-0.212721,0.042355124,1.0,1
ENSG00000089597,1.2924947,2.3546844,1.0,1.0,0.12304813,1.470234,0.23357943,1.0,1
ENSG00000089597,1.2832482,2.3546844,1.0,0.57593465,0.11132079,1.470234,0.15183942,0.04634867,1
ENSG00000089597,1.2938702,2.3546844,1.0,0.6045555,0.124792784,1.470234,0.21806905,0.11979566,1
ENSG00000119950,1.1643375,1.278982,1.0,1.0,-0.039494883,0.105910026,-0.043926932,1.0,1
ENSG00000121210,1.2638203,0.8864907,1.0,1.0,0.08668016,-0.39189067,0.12568817,1.0,1
ENSG00000183814,1.2945583,1.3436055,1.0,1.0,0.12566553,0.18787251,0.14611688,1.0,1
ENSG00000183814,1.2765365,1.3436055,-0.049323246,1.0,0.10280819,0.18787251,-0.049323246,1.0,1
ENSG00000183814,1.3022141,1.3436055,1.0,0.260631,0.13537543,0.18787251,0.17658743,-0.76278406,1
ENSG00000143756,1.243972,1.2491983,1.0,1.0,0.061506286,0.06813499,0.11243586,1.0,1
ENSG00000143756,1.2615196,1.2491983,1.0,1.0,0.083762154,0.06813499,0.12664244,1.0,1
ENSG00000143756,1.2497416,1.2491983,1.0,0.7693981,0.06882396,0.06813499,0.090677604,0.54281497,1
ENSG00000143756,1.2615196,1.2491983,1.0,0.9323374,0.083762154,0.06813499,0.12664244,0.9609501,1
ENSG00000171428,1.1833903,0.8027737,1.0,0.28664497,-0.015330099,-0.49806976,0.015170932,-0.696027,1
ENSG00000220201,1.1816772,0.32837963,1.0,1.0,-0.017502751,-1.0997485,0.14855638,1.0,1
ENSG00000111877,1.256968,0.9652017,1.0,1.0,0.0779894,-0.29206076,0.16762975,1.0,1
ENSG00000111877,1.2440842,0.9652017,1.0,1.0,0.061648726,-0.29206076,0.120988235,1.0,1
ENSG00000001630,1.2818663,1.3838153,1.0,1.0,0.109568045,0.23887107,0.11717537,1.0,1
ENSG00000001630,1.2823988,1.3838153,-0.009562787,1.0,0.11024344,0.23887107,-0.009562787,1.0,1
ENSG00000001630,1.2794421,1.3838153,1.0,1.0,0.10649341,0.23887107,0.1265597,1.0,1
ENSG00000100401,1.2499251,1.7291647,1.0,1.0,0.06905681,0.67688113,0.093291104,1.0,1
ENSG00000100401,1.2433214,1.7291647,1.0,1.0,0.060681194,0.67688113,0.067178905,1.0,1
ENSG00000100401,1.2728403,1.7291647,1.0,1.0,0.09812024,0.67688113,0.14231525,1.0,1
ENSG00000075399,1.2481048,0.20139712,1.0,1.0,0.06674801,-1.2608017,0.12849756,1.0,1
ENSG00000075399,1.2508206,0.20139712,1.0,1.0,0.07019262,-1.2608017,0.14973065,1.0,1
ENSG00000188321,1.1907997,1.1274288,1.0,1.0,-0.0059325546,-0.086306565,0.00809129,1.0,1
ENSG00000188321,1.2202626,1.1274288,1.0,1.0,0.03143555,-0.086306565,0.09566472,1.0,1
ENSG00000188321,1.223957,1.1274288,1.0,1.0,0.036121048,-0.086306565,0.1209327,1.0,1
ENSG00000188321,1.2098908,1.1274288,1.0,0.6631944,0.018280834,-0.086306565,0.06662935,0.2702749,1
ENSG00000188321,1.2090446,1.1274288,1.0,0.4812834,0.0172076,-0.086306565,0.050464258,-0.19654545,1
ENSG00000161036,1.3040466,1.3253103,1.0,1.0,0.13769959,0.1646686,0.2772228,1.0,1
ENSG00000161036,1.2972252,1.3253103,-0.029878974,1.0,0.12904793,0.1646686,-0.029878974,1.0,1
ENSG00000161036,1.2884622,1.3253103,1.0,1.0,0.117933676,0.1646686,0.14819992,1.0,1
ENSG00000161036,1.2960392,1.3253103,1.0,1.0,0.1275437,0.1646686,0.25831944,1.0,1
ENSG00000196296,1.1436538,0.25285304,1.0,1.0,-0.06572827,-1.1955396,-0.039408654,1.0,1
ENSG00000196296,1.1501079,0.25285304,1.0,1.0,-0.057542514,-1.1955396,-0.0152722895,1.0,1
ENSG00000028528,1.2472756,1.7551885,1.0,1.0,0.06569637,0.7098874,0.03658022,1.0,1
ENSG00000169641,1.2017541,0.9268567,1.0,1.0,0.007961005,-0.3406941,0.06889422,1.0,1
ENSG00000173457,1.2635561,2.176236,1.0,1.0,0.086345166,1.243906,0.12244998,1.0,1
ENSG00000059122,1.1997749,0.763428,1.0,1.0,0.005450718,-0.5479723,0.054933026,1.0,1
ENSG00000059122,1.2135086,0.763428,1.0,1.0,0.022869319,-0.5479723,0.045952663,1.0,1
ENSG00000135940,1.3091189,2.6450388,1.0,1.0,0.14413285,1.8384933,0.036873996,1.0,1
ENSG00000135940,1.3014687,2.6450388,1.0,1.0,0.13443011,1.8384933,0.024461772,1.0,1
ENSG00000159792,1.2390517,1.1348144,1.0,1.0,0.05526595,-0.076939344,0.13581157,1.0,1
ENSG00000163312,1.2857919,0.9894498,1.0,1.0,0.114546955,-0.26130664,0.16641596,1.0,1
ENSG00000163312,1.2821516,0.9894498,1.0,1.0,0.10992998,-0.26130664,0.13270941,1.0,1
ENSG00000163312,1.2858746,0.9894498,1.0,0.88908446,0.11465186,-0.26130664,0.16230565,0.84995437,1
ENSG00000163312,1.2889154,0.9894498,1.0,0.62147886,0.11850853,-0.26130664,0.18424053,0.16322435,1
ENSG00000152689,1.1669747,0.03342378,1.0,1.0,-0.036150075,-1.4738439,-0.052164227,1.0,1
ENSG00000145029,1.2685975,0.86746746,1.0,1.0,0.09273909,-0.41601804,0.1812961,1.0,1
ENSG00000145029,1.2458289,0.86746746,1.0,1.0,0.063861534,-0.41601804,-0.047051236,1.0,1
ENSG00000145029,1.2659565,0.86746746,1.0,0.91604936,0.08938959,-0.41601804,0.21163587,0.91915166,1
ENSG00000171824,1.3125279,1.8664055,1.0,1.0,0.14845654,0.8509449,0.1857912,1.0,1
ENSG00000171824,1.3219233,1.8664055,1.0,1.0,0.1603728,0.8509449,0.22612932,1.0,1
ENSG00000171824,1.3212038,1.8664055,1.0,1.0,0.15946025,0.8509449,0.21087402,1.0,1
ENSG00000171824,1.3040068,1.8664055,1.0,0.991138,0.13764906,0.8509449,0.06473918,1.1118443,1
ENSG00000130270,1.2621773,0.94101423,1.0,1.0,0.08459644,-0.32273796,0.17801696,1.0,1
ENSG00000163945,1.2638432,0.63346845,1.0,1.0,0.08670919,-0.71280134,0.10811329,1.0,1
ENSG00000163945,1.272941,0.63346845,1.0,1.0,0.098248065,-0.71280134,0.18457843,1.0,1
ENSG00000163945,1.2767861,0.63346845,1.0,1.0,0.10312484,-0.71280134,0.19465433,1.0,1
ENSG00000163945,1.2658076,0.63346845,1.0,0.32214764,0.089200795,-0.71280134,0.22804707,-0.6049199,1
ENSG00000170412,1.1539052,1.5692568,1.0,1.0,-0.05272632,0.4740683,0.018751042,1.0,1
ENSG00000211584,1.240419,1.0216027,1.0,1.0,0.05700004,-0.2205268,0.068880595,1.0,1
ENSG00000205643,1.2476625,0.951823,1.0,1.0,0.0661871,-0.30902907,-0.047034346,1.0,1
ENSG00000205643,1.2552637,0.951823,1.0,1.0,0.07582772,-0.30902907,0.07218031,1.0,1
ENSG00000205643,1.2423617,0.951823,1.0,1.0,0.059463993,-0.30902907,-0.015224241,1.0,1
ENSG00000164647,1.1538136,0.14612806,1.0,1.0,-0.05284241,-1.3309,-0.027737893,1.0,1
ENSG00000164647,1.151839,0.14612806,1.0,1.0,-0.055346794,-1.3309,-0.027420461,1.0,1
ENSG00000164647,1.1605707,0.14612806,1.0,1.0,-0.04427226,-1.3309,-0.002889499,1.0,1
ENSG00000054116,1.3028314,2.025101,1.0,1.0,0.13615842,1.0522199,0.105085194,1.0,1
ENSG00000102547,1.2510287,0.30963016,1.0,1.0,0.070456475,-1.1235286,0.056184966,1.0,1
ENSG00000102547,1.2326115,0.30963016,-0.030729234,1.0,0.047097847,-1.1235286,-0.030729234,1.0,1
ENSG00000102547,1.2345047,0.30963016,-0.12874642,1.0,0.04949893,-1.1235286,-0.12874642,1.0,1
ENSG00000102547,1.2488192,0.30963016,1.0,1.0,0.06765415,-1.1235286,0.05256156,1.0,1
ENSG00000102547,1.2406293,0.30963016,1.0,1.0,0.057266742,-1.1235286,0.047941968,1.0,1
ENSG00000102547,1.2516179,0.30963016,1.0,1.0,0.071203694,-1.1235286,0.08388862,1.0,1
ENSG00000163634,1.2494596,1.7580788,1.0,1.0,0.068466395,0.71355313,0.085389346,1.0,1
ENSG00000163634,1.2700016,1.7580788,1.0,1.0,0.09452006,0.71355313,0.13772061,1.0,1
ENSG00000163634,1.2639805,1.7580788,1.0,0.9507735,0.086883366,0.71355313,-0.0003817603,1.0082608,1
ENSG00000168765,1.2974298,1.604118,1.0,1.0,0.1293074,0.51828307,0.17619206,1.0,1
ENSG00000168765,1.2741134,1.604118,-0.018754728,1.0,0.09973498,0.51828307,-0.018754728,1.0,1
ENSG00000168765,1.2909414,1.604118,1.0,1.0,0.12107813,0.51828307,0.05476889,1.0,1
ENSG00000168765,1.3002003,1.604118,1.0,0.88014024,0.13282128,0.51828307,0.21196783,0.82700163,1
ENSG00000147573,1.1377088,-0.8239088,1.0,1.0,-0.07326836,-2.5612073,-0.013379134,1.0,1
ENSG00000145191,1.2718781,1.8125122,1.0,1.0,0.09689993,0.7825916,0.1154055,1.0,1
ENSG00000145191,1.2583362,1.8125122,0.53163224,0.43935052,0.079724684,0.7825916,-0.067340165,-0.3041537,1
ENSG00000121989,1.1946385,-0.040958524,1.0,1.0,-0.0010638759,-1.5681838,-0.01081039,1.0,1
ENSG00000105186,1.2769521,1.7085907,1.0,1.0,0.10333547,0.650787,0.123367794,1.0,1
ENSG00000136295,1.256048,0.41664052,1.0,1.0,0.0768224,-0.9878063,0.12338114,1.0,1
ENSG00000136295,1.2667255,0.41664052,1.0,1.0,0.0903649,-0.9878063,0.18282822,1.0,1
ENSG00000136295,1.2425616,0.41664052,1.0,0.0,0.05971746,-0.9878063,0.09302756,-1.4316157,1
ENSG00000085511,1.2640218,1.512551,1.0,1.0,0.086935714,0.40214774,0.11919001,1.0,1
ENSG00000085511,1.2717605,1.512551,1.0,1.0,0.09675075,0.40214774,0.1364317,1.0,1
ENSG00000085511,1.2744787,1.512551,1.0,0.008333325,0.10019831,0.40214774,0.14627154,-1.4102308,1
ENSG00000085511,1.2750763,1.512551,1.0,0.325,0.10095622,0.40214774,0.15469863,-0.5976002,1
ENSG00000085511,1.2533604,1.512551,0.54857373,0.15820149,0.073413834,0.40214774,-0.023864843,-1.0256388,1
ENSG00000136928,1.1250502,-0.552842,1.0,1.0,-0.08932328,-2.2174106,-0.015496224,1.0,1
ENSG00000136928,1.1250502,-0.552842,1.0,1.0,-0.08932328,-2.2174106,-0.015496224,1.0,1
ENSG00000168389,1.1416585,-0.72124636,1.0,1.0,-0.06825886,-2.4309995,0.0042780414,1.0,1
ENSG00000151929,1.2215892,0.47856653,1.0,1.0,0.033118002,-0.909265,0.10177619,1.0,1
ENSG00000151929,1.2181655,0.47856653,1.0,1.0,0.02877573,-0.909265,0.06094379,1.0,1
ENSG00000173120,1.2339935,1.2915908,1.0,1.0,0.048850514,0.12190177,0.08099992,1.0,1
ENSG00000173120,1.2308782,1.2915908,1.0,1.0,0.044899456,0.12190177,0.11271892,1.0,1
ENSG00000173120,1.2534026,1.2915908,1.0,1.0,0.07346727,0.12190177,0.16395393,1.0,1
ENSG00000173120,1.2389318,1.2915908,1.0,0.046104908,0.055113852,0.12190177,0.040208995,-1.3133012,1
ENSG00000101350,1.2071893,0.8825245,1.0,1.0,0.01485461,-0.39692104,0.111828275,1.0,1
ENSG00000172262,1.2690305,1.7367151,1.0,1.0,0.09328829,0.68645734,0.14893007,1.0,1
ENSG00000172262,1.2595334,1.7367151,1.0,1.0,0.08124307,0.68645734,0.11062908,1.0,1
ENSG00000172262,1.2690305,1.7367151,1.0,0.9717842,0.09328829,0.68645734,0.14893007,1.0621785,1
ENSG00000172262,1.2595334,1.7367151,1.0,0.97353756,0.08124307,0.68645734,0.11062908,1.066678,1
ENSG00000134152,1.2750027,1.5404546,1.0,1.0,0.100862876,0.43753818,0.0020880252,1.0,1
ENSG00000134152,1.2654922,1.5404546,1.0,1.0,0.08880061,0.43753818,0.021661114,1.0,1
ENSG00000134152,1.2654922,1.5404546,1.0,1.0,0.08880061,0.43753818,0.021661114,1.0,1
ENSG00000134152,1.2654922,1.5404546,1.0,1.0,0.08880061,0.43753818,0.021661114,1.0,1
ENSG00000134152,1.2713299,1.5404546,1.0,0.7069528,0.09620465,0.43753818,0.058227,0.38256785,1
ENSG00000134152,1.2763466,1.5404546,1.0,0.9906672,0.10256739,0.43753818,0.11522103,1.1106362,1
ENSG00000171940,1.1671927,0.98407704,1.0,1.0,-0.035873644,-0.268121,-0.011047471,1.0,1
ENSG00000171940,1.168359,0.98407704,1.0,1.0,-0.034394316,-0.268121,0.00890496,1.0,1
ENSG00000171940,1.1793337,0.98407704,1.0,0.8447205,-0.02047497,-0.268121,0.069230676,0.73610735,1
ENSG00000025293,1.2393168,1.5284023,0.52326417,0.0,0.055602103,0.42225227,-0.08881438,-1.4316157,1
ENSG00000025293,1.2436812,1.5284023,1.0,0.010726035,0.061137527,0.42225227,0.13379148,-1.4040905,1
ENSG00000025293,1.235748,1.5284023,1.0,0.98347104,0.05107589,0.42225227,0.017022077,1.0921693,1
ENSG00000213672,1.2307341,1.3752978,1.0,1.0,0.044716597,0.22806808,0.13039753,1.0,1
ENSG00000213672,1.2295188,1.3752978,1.0,1.0,0.043175183,0.22806808,0.03865858,1.0,1
ENSG00000109606,1.2797525,2.2973008,1.0,1.0,0.10688715,1.3974537,0.1714865,1.0,1
ENSG00000109606,1.2578607,2.2973008,1.0,1.0,0.07912156,1.3974537,0.06502281,1.0,1
ENSG00000109606,1.2569804,2.2973008,1.0,1.0,0.078005016,1.3974537,0.118291035,1.0,1
ENSG00000109606,1.271294,2.2973008,1.0,0.99322104,0.09615913,1.3974537,0.14554368,1.1171899,1
ENSG00000196365,1.2911446,1.8886847,0.0017368719,1.0,0.121335894,0.879202,0.0017368719,1.0,1
ENSG00000196365,1.3100386,1.8886847,1.0,0.7721822,0.14529921,0.879202,0.2574973,0.5499596,1
ENSG00000196365,1.308267,1.8886847,1.0,0.29889297,0.14305232,0.879202,0.23188742,-0.6645961,1
ENSG00000182858,1.2174059,0.4199558,-0.02180875,1.0,0.027812392,-0.98360157,-0.02180875,1.0,1
ENSG00000138615,1.1289152,-0.88605666,1.0,1.0,-0.08442138,-2.64003,0.026325764,1.0,1
ENSG00000138615,1.124963,-0.88605666,1.0,1.0,-0.08943391,-2.64003,0.0137168765,1.0,1
ENSG00000165490,1.2132132,1.2516382,-0.017200604,1.0,0.022494674,0.071229495,-0.017200604,1.0,1
ENSG00000165490,1.2170436,1.2516382,1.0,0.0181818,0.027352847,0.071229495,0.050438672,-1.3849576,1
ENSG00000165490,1.218488,1.2516382,1.0,0.8337662,0.029184699,0.071229495,0.045322426,0.7079965,1
ENSG00000119446,1.2922982,1.6288996,1.0,1.0,0.122798994,0.5497138,0.07015489,1.0,1
ENSG00000119446,1.3044407,1.6288996,1.0,1.0,0.13819951,0.5497138,0.16261971,1.0,1
ENSG00000119446,1.3074007,1.6288996,1.0,0.7178899,0.14195365,0.5497138,0.19070815,0.4106345,1
ENSG00000196419,1.2848321,2.1923723,1.0,1.0,0.11332972,1.2643718,0.18745184,1.0,1
ENSG00000196419,1.2780772,2.1923723,1.0,0.9814707,0.10476242,1.2643718,0.13602026,1.0870361,1
ENSG00000115275,1.2069037,1.5039268,1.0,1.0,0.0144922435,0.3912096,0.15836413,1.0,1
ENSG00000115275,1.2026465,1.5039268,1.0,1.0,0.009092882,0.3912096,0.18220496,1.0,1
ENSG00000141526,1.1247758,0.68304706,1.0,1.0,-0.08967132,-0.6499203,0.082606204,1.0,1
ENSG00000010404,1.1940633,1.2011238,1.0,1.0,-0.0017933622,0.007161679,0.023658045,1.0,1
ENSG00000010404,1.1951362,1.2011238,1.0,1.0,-0.0004325062,0.007161679,0.02762454,1.0,1
ENSG00000010404,1.1824816,1.2011238,1.0,0.078149915,-0.01648245,0.007161679,0.020409225,-1.2310673,1
ENSG00000102349,1.0931634,-0.7958801,1.0,1.0,-0.12976573,-2.5256581,-0.05145444,1.0,1
ENSG00000102349,1.0908153,-0.7958801,1.0,1.0,-0.13274373,-2.5256581,-0.05045238,1.0,1
ENSG00000167588,1.1761357,-0.18045604,1.0,1.0,-0.02453114,-1.7451098,0.06951761,1.0,1
ENSG00000132522,1.2170848,1.2027607,1.0,1.0,0.027405053,0.009237637,-0.03871327,1.0,1
ENSG00000010818,1.1455147,0.04921806,1.0,1.0,-0.06336799,-1.4538119,0.020490976,1.0,1
ENSG00000069702,1.2181883,1.1014034,1.0,1.0,0.02880469,-0.11931487,0.03658567,1.0,1
ENSG00000069702,1.2161326,1.1014034,1.0,1.0,0.026197478,-0.11931487,0.06467444,1.0,1
ENSG00000069702,1.1817979,1.1014034,0.51771563,0.0138888955,-0.017349716,-0.11931487,-0.10305306,-1.395974,1
ENSG00000166762,1.1373917,0.8555192,1.0,1.0,-0.07367046,-0.43117222,0.005910728,1.0,1
ENSG00000124587,1.2543293,0.839478,1.0,1.0,0.07464267,-0.4515173,0.21627016,1.0,1
ENSG00000124587,1.2648634,0.839478,1.0,1.0,0.088003054,-0.4515173,0.21710722,1.0,1
ENSG00000132670,1.2789128,1.7884512,1.0,1.0,0.10582209,0.7520747,0.20038456,1.0,1
ENSG00000132670,1.2529044,1.7884512,1.0,1.0,0.072835505,0.7520747,0.041982338,1.0,1
ENSG00000132670,1.2596812,1.7884512,1.0,1.0,0.081430584,0.7520747,0.10814251,1.0,1
ENSG00000132670,1.242749,1.7884512,0.5157299,0.7184466,0.059955254,0.7520747,-0.10814875,0.4120631,1
ENSG00000132670,1.2449784,1.7884512,0.52502406,0.08124679,0.062782824,0.7520747,-0.08429809,-1.2231201,1
ENSG00000105171,1.310318,1.8568497,1.0,1.0,0.14565371,0.83882517,0.11814427,1.0,1
ENSG00000105171,1.3145094,1.8568497,1.0,0.0,0.15096965,0.83882517,0.16041608,-1.4316157,1
ENSG00000198498,1.3190446,1.304275,1.0,1.0,0.1567216,0.1379893,0.12860358,1.0,1
ENSG00000198498,1.2673357,1.304275,-0.027288042,1.0,0.09113872,0.1379893,-0.027288042,1.0,1
ENSG00000198498,1.3045428,1.304275,1.0,1.0,0.13832882,0.1379893,0.057399753,1.0,1
ENSG00000198498,1.2664582,1.304275,-0.06028828,1.0,0.09002583,0.1379893,-0.06028828,1.0,1
ENSG00000198498,1.2664582,1.304275,-0.06028828,1.0,0.09002583,0.1379893,-0.06028828,1.0,1
ENSG00000198498,1.3209237,1.304275,1.0,0.91759855,0.15910493,0.1379893,0.11919385,0.92312723,1
ENSG00000227345,1.1722212,1.3306167,1.0,1.0,-0.029495899,0.17139864,-0.072012454,1.0,1
ENSG00000227345,1.18714,1.3306167,1.0,0.8470588,-0.010574222,0.17139864,-0.0074177235,0.742108,1
ENSG00000151893,1.2478559,1.045323,1.0,1.0,0.0664324,-0.19044216,0.030670766,1.0,1
ENSG00000151893,1.2404152,1.045323,0.5406605,0.22250637,0.056995273,-0.19044216,-0.044171885,-0.8606195,1
ENSG00000137210,1.2979332,2.3674116,-0.064878285,1.0,0.1299459,1.4863762,-0.064878285,1.0,1
ENSG00000137210,1.292219,2.3674116,0.52806026,0.8166896,0.122698605,1.4863762,-0.076506615,0.66417444,1
ENSG00000068120,1.2752029,1.590619,1.0,1.0,0.10111682,0.5011621,0.10538151,1.0,1
ENSG00000068120,1.2633362,1.590619,1.0,0.067729086,0.08606617,0.5011621,0.11256049,-1.2578093,1
ENSG00000204427,1.3806281,1.9892718,1.0,1.0,0.23482862,1.0067774,0.0278958,1.0,1
ENSG00000204427,1.3860395,1.9892718,-0.051882118,1.0,0.241692,1.0067774,-0.051882118,1.0,1
ENSG00000204427,1.3762593,1.9892718,1.0,0.9798051,0.22928774,1.0067774,0.093842596,1.0827619,1
ENSG00000151461,1.2888153,1.2603099,1.0,1.0,0.118381515,0.08222793,0.03336644,1.0,1
ENSG00000151461,1.2895224,1.2603099,1.0,1.0,0.1192784,0.08222793,0.17600028,1.0,1
ENSG00000103356,1.2518001,1.674034,1.0,1.0,0.071434796,0.6069582,0.110905945,1.0,1
ENSG00000138030,1.2603015,0.45788187,1.0,1.0,0.08221722,-0.9354995,0.07331513,1.0,1
ENSG00000123737,1.3053097,1.9109976,1.0,1.0,0.1393015,0.90750164,0.18368816,1.0,1
ENSG00000123737,1.2840959,1.9109976,1.0,0.41104,0.11239588,0.90750164,0.16650796,-0.37680414,1
ENSG00000105982,1.3341954,0.5740313,1.0,1.0,0.17593762,-0.7881861,0.2781552,1.0,1
ENSG00000149136,1.2583437,2.2829165,1.0,1.0,0.0797341,1.37921,0.18053022,1.0,1
ENSG00000149136,1.2578082,2.2829165,1.0,1.0,0.07905495,1.37921,0.17168169,1.0,1
ENSG00000166105,1.1568798,-0.39793992,1.0,1.0,-0.048953578,-2.0209467,0.024255328,1.0,1
ENSG00000015479,1.2718781,2.2356293,1.0,1.0,0.09689996,1.3192352,0.11591969,1.0,1
ENSG00000015479,1.2802758,2.2356293,0.54358554,0.919613,0.10755092,1.3192352,-0.036665604,0.9282968,1
ENSG00000015479,1.2802758,2.2356293,0.54358554,0.02702701,0.10755092,1.3192352,-0.036665604,-1.3622589,1
ENSG00000015479,1.2653947,2.2356293,1.0,0.94971967,0.08867693,1.3192352,0.16326016,1.0055566,1
ENSG00000197444,1.1835221,0.14301479,1.0,1.0,-0.01516277,-1.3348485,0.021836197,1.0,1
ENSG00000070214,1.1719667,-0.552842,1.0,1.0,-0.029818676,-2.2174106,0.018960427,1.0,1
ENSG00000070214,1.1648552,-0.552842,1.0,1.0,-0.038838193,-2.2174106,-0.003852401,1.0,1
ENSG00000070214,1.1631731,-0.552842,1.0,1.0,-0.04097169,-2.2174106,-0.03771147,1.0,1
ENSG00000151651,1.1812272,0.47567117,1.0,1.0,-0.018073447,-0.91293716,0.048403878,1.0,1
ENSG00000151651,1.1737816,0.47567117,1.0,1.0,-0.027516734,-0.91293716,0.028019883,1.0,1
ENSG00000151651,1.1531589,0.47567117,1.0,0.9920318,-0.053672824,-0.91293716,-0.06210397,1.114138,1
ENSG00000151651,1.180315,0.47567117,1.0,0.9920318,-0.019230407,-0.91293716,0.07878786,1.114138,1
ENSG00000151651,1.1655257,0.47567117,1.0,0.9920318,-0.03798782,-0.91293716,-0.08361696,1.114138,1
ENSG00000102575,1.1290039,-0.2006594,1.0,1.0,-0.08430877,-1.770734,-0.070122026,1.0,1
ENSG00000102575,1.1629649,-0.2006594,1.0,1.0,-0.041235637,-1.770734,0.08388741,1.0,1
ENSG00000088854,1.2553053,0.4456042,1.0,1.0,0.0758805,-0.9510714,0.08904443,1.0,1
ENSG00000124209,1.2719793,0.7259116,1.0,1.0,0.09702842,-0.5955547,0.12406933,1.0,1
ENSG00000124209,1.2805818,0.7259116,1.0,1.0,0.10793905,-0.5955547,0.20097348,1.0,1
ENSG00000040487,1.302911,1.3471347,1.0,1.0,0.13625927,0.19234872,0.050722215,1.0,1
ENSG00000040487,1.300813,1.3471347,1.0,0.96744186,0.13359828,0.19234872,0.16475514,1.0510352,1
ENSG00000112304,1.3238213,1.9530828,1.0,1.0,0.16278009,0.9608786,0.20837545,1.0,1
ENSG00000112304,1.3089603,1.9530828,1.0,0.24616772,0.14393169,0.9608786,0.12644976,-0.79989976,1
ENSG00000119408,1.1882614,1.2033049,1.0,1.0,-0.009151969,0.0099278875,-0.0014269426,1.0,1
ENSG00000119408,1.1937296,1.2033049,1.0,0.19607842,-0.002216503,0.0099278875,0.021536367,-0.92843896,1
ENSG00000154358,1.1497585,0.55990666,1.0,1.0,-0.05798556,-0.8061005,0.06234435,1.0,1
ENSG00000154358,1.138567,0.55990666,1.0,1.0,-0.07217981,-0.8061005,0.033933505,1.0,1
ENSG00000148672,1.2482045,1.7804613,1.0,1.0,0.06687443,0.74194103,0.025059922,1.0,1
ENSG00000189306,1.1755077,1.4299136,1.0,1.0,-0.025327578,0.29733804,-0.09456307,1.0,1
ENSG00000189306,1.1850867,1.4299136,1.0,1.0,-0.013178378,0.29733804,-0.024062663,1.0,1
ENSG00000185973,1.188304,1.4698219,1.0,1.0,-0.009097923,0.34795415,0.04325505,1.0,1
ENSG00000107614,1.2703024,0.8998205,1.0,1.0,0.09490152,-0.37498438,0.03072095,1.0,1
ENSG00000107614,1.2560711,0.8998205,1.0,1.0,0.07685177,-0.37498438,0.033833504,1.0,1
ENSG00000107614,1.2697577,0.8998205,1.0,1.0,0.094210714,-0.37498438,0.059935935,1.0,1
ENSG00000107614,1.2761004,0.8998205,1.0,0.9344569,0.10225506,-0.37498438,0.085842,0.9663891,1
ENSG00000107614,1.2676046,0.8998205,1.0,0.88745975,0.09147976,-0.37498438,0.05376772,0.8457851,1
ENSG00000107614,1.280867,0.8998205,1.0,0.2479564,0.108300656,-0.37498438,0.06420005,-0.7953096,1
ENSG00000197362,1.2256577,0.36361206,1.0,1.0,0.03827823,-1.0550629,0.1036746,1.0,1
ENSG00000197362,1.2256577,0.36361206,1.0,1.0,0.03827823,-1.0550629,0.1036746,1.0,1
ENSG00000197362,1.2176174,0.36361206,1.0,0.55656105,0.028080627,-1.0550629,0.103188686,-0.0033677826,1
ENSG00000103194,1.2618624,2.085005,1.0,1.0,0.08419697,1.1281968,0.122671366,1.0,1
ENSG00000103194,1.2396054,2.085005,0.020906005,1.0,0.055968136,1.1281968,0.020906005,1.0,1
ENSG00000103194,1.2453295,2.085005,1.0,0.017911077,0.06322804,1.1281968,0.07237369,-1.3856523,1
ENSG00000103194,1.2438378,2.085005,1.0,0.10939336,0.061336145,1.1281968,0.16314916,-1.1508904,1
ENSG00000103194,1.2462746,2.085005,1.0,0.63595545,0.06442681,1.1281968,0.108259335,0.20037428,1
ENSG00000163069,1.1361431,-0.7447275,1.0,1.0,-0.07525413,-2.4607809,0.0032355152,1.0,1
ENSG00000163069,1.1257763,-0.7447275,1.0,1.0,-0.08840239,-2.4607809,-0.056540504,1.0,1
ENSG00000158161,1.3338739,1.7312663,1.0,1.0,0.17552985,0.6795466,0.07236155,1.0,1
ENSG00000158161,1.3318219,1.7312663,1.0,0.33947194,0.17292723,0.6795466,0.054817036,-0.5604623,1
ENSG00000158161,1.3279039,1.7312663,0.5421736,0.38495672,0.16795805,0.6795466,-0.04028894,-0.44373915,1
ENSG00000158161,1.3264556,1.7312663,1.0,0.9658309,0.1661211,0.6795466,0.10171021,1.0469011,1
ENSG00000116205,1.2901698,0.80071706,1.0,1.0,0.12009959,-0.50067824,0.16790968,1.0,1
ENSG00000116205,1.2901698,0.80071706,1.0,1.0,0.12009959,-0.50067824,0.16790968,1.0,1
ENSG00000116205,1.296448,0.80071706,1.0,1.0,0.12806223,-0.50067824,0.19915776,1.0,1
ENSG00000116205,1.296448,0.80071706,1.0,1.0,0.12806223,-0.50067824,0.19915776,1.0,1
ENSG00000116205,1.2889639,0.80071706,1.0,1.0,0.11857009,-0.50067824,0.03130684,1.0,1
ENSG00000116205,1.3021523,0.80071706,1.0,0.95454544,0.13529699,-0.50067824,0.22788595,1.0179404,1
ENSG00000197943,1.183336,0.6839471,1.0,1.0,-0.0153987855,-0.64877874,0.079689905,1.0,1
ENSG00000138686,1.2583189,1.2472365,1.0,1.0,0.079702765,0.06564681,0.15261252,1.0,1
ENSG00000160255,1.1627516,-0.08092189,1.0,1.0,-0.041506305,-1.6188697,0.07772384,1.0,1
ENSG00000166908,1.2525293,1.3914644,1.0,1.0,0.07235964,0.24857242,0.1512123,1.0,1
ENSG00000166908,1.2664628,1.3914644,1.0,0.99743915,0.09003167,0.24857242,0.12368676,1.1280143,1
ENSG00000078902,1.2603325,1.0711453,1.0,1.0,0.08225654,-0.15769146,0.037940424,1.0,1
ENSG00000078902,1.2867482,1.0711453,1.0,0.9586466,0.115759805,-0.15769146,0.22966062,1.0284648,1
ENSG00000078902,1.2775226,1.0711453,1.0,0.3725702,0.10405888,-0.15769146,0.1442575,-0.4755255,1
ENSG00000100897,1.2951493,1.4797192,1.0,1.0,0.12641513,0.3605069,0.121944174,1.0,1
ENSG00000100897,1.2915387,1.4797192,1.0,1.0,0.12183568,0.3605069,0.19121598,1.0,1
ENSG00000100897,1.3046392,1.4797192,1.0,0.99326193,0.13845116,0.3605069,0.26446867,1.1172948,1
ENSG00000102882,1.2613857,1.6550423,1.0,1.0,0.08359234,0.5828709,0.17876391,1.0,1
ENSG00000102882,1.2295021,1.6550423,0.5600623,0.17334777,0.04315397,0.5828709,0.005617067,-0.9867704,1
ENSG00000102882,1.2536042,1.6550423,1.0,0.96108663,0.07372299,0.5828709,0.14492649,1.0347264,1
ENSG00000162972,1.2325826,1.2219356,1.0,1.0,0.047061086,0.033557367,0.08449243,1.0,1
ENSG00000162972,1.2272499,1.2219356,1.0,1.0,0.0402975,0.033557367,0.016549021,1.0,1
ENSG00000162972,1.2470409,1.2219356,1.0,1.0,0.0653986,0.033557367,0.081832156,1.0,1
ENSG00000162972,1.2254648,1.2219356,1.0,1.0,0.038033493,0.033557367,0.031632595,1.0,1
ENSG00000130818,1.2331029,0.86391735,1.0,1.0,0.04772096,-0.42052066,0.09100416,1.0,1
ENSG00000130818,1.2270958,0.86391735,1.0,0.9497206,0.040102154,-0.42052066,-0.0022128038,1.005559,1
ENSG00000130818,1.2300351,0.86391735,1.0,0.7108938,0.043830052,-0.42052066,0.1110059,0.3926812,1
ENSG00000165264,1.2667055,1.6783363,1.0,1.0,0.09033953,0.61241484,0.0068145096,1.0,1
ENSG00000165264,1.2647907,1.6783363,1.0,1.0,0.08791092,0.61241484,-0.03425049,1.0,1
ENSG00000165264,1.2667055,1.6783363,1.0,0.72814596,0.09033953,0.61241484,0.0068145096,0.43695372,1
ENSG00000165264,1.2647907,1.6783363,1.0,0.8359525,0.08791092,0.61241484,-0.03425049,0.71360713,1
ENSG00000137868,1.1808493,0.21218759,1.0,1.0,-0.01855278,-1.247116,-0.07281691,1.0,1
ENSG00000058335,1.1159865,-0.8239088,1.0,1.0,-0.10081894,-2.5612073,0.0014512986,1.0,1
ENSG00000160445,1.2664077,0.9344984,1.0,1.0,0.08996178,-0.331002,0.15716006,1.0,1
ENSG00000160445,1.2720772,0.9344984,1.0,0.94787645,0.09715246,-0.331002,0.13975899,1.0008264,1
ENSG00000150995,1.2414782,1.2787535,1.0,1.0,0.05834347,0.1056202,0.026483482,1.0,1
ENSG00000150995,1.2188174,1.2787535,0.544857,0.8916256,0.029602483,0.1056202,-0.03340265,0.85647535,1
ENSG00000156261,1.3215976,2.6973863,1.0,1.0,0.15995964,1.904886,0.13347912,1.0,1
ENSG00000156261,1.321483,2.6973863,1.0,0.98072064,0.1598143,1.904886,0.13538533,1.0851113,1
ENSG00000198830,1.3258587,2.5121102,-0.08003105,1.0,0.16536404,1.6698989,-0.08003105,1.0,1
ENSG00000119703,1.2141713,0.7075702,1.0,1.0,0.023709893,-0.6188174,0.03820458,1.0,1
ENSG00000119703,1.2152145,0.7075702,1.0,1.0,0.025032952,-0.6188174,0.06169078,1.0,1
ENSG00000141759,1.2383182,1.9526472,1.0,1.0,0.054335564,0.9603261,0.0635955,1.0,1
ENSG00000141759,1.2395926,1.9526472,1.0,1.0,0.055951893,0.9603261,0.053170215,1.0,1
ENSG00000141759,1.2395926,1.9526472,1.0,1.0,0.055951893,0.9603261,0.053170215,1.0,1
ENSG00000141759,1.2262468,1.9526472,1.0,0.6507009,0.03902532,0.9603261,-0.052289993,0.23821405,1
ENSG00000141759,1.2383182,1.9526472,1.0,0.2712361,0.054335564,0.9603261,0.0635955,-0.73556924,1
ENSG00000141759,1.2487518,1.9526472,1.0,0.07076779,0.067568645,0.9603261,0.01706136,-1.2500113,1
ENSG00000127831,1.1426837,-0.27572417,1.0,1.0,-0.0669586,-1.8659393,-0.024380572,1.0,1
ENSG00000127831,1.1649994,-0.27572417,1.0,1.0,-0.038655456,-1.8659393,0.09638484,1.0,1
ENSG00000033170,1.1744934,0.7737864,1.0,1.0,-0.026613995,-0.5348346,0.076017074,1.0,1
ENSG00000033170,1.1290694,0.7737864,1.0,0.07330829,-0.08422565,-0.5348346,0.040873874,-1.2434919,1
ENSG00000033170,1.1537702,0.7737864,1.0,1.0,-0.052897464,-0.5348346,0.02768037,1.1345859,1
ENSG00000033170,1.1444167,0.7737864,1.0,0.14224139,-0.064760655,-0.5348346,-0.02725923,-1.0665957,1
ENSG00000033170,1.1381376,0.7737864,1.0,0.31434184,-0.07272453,-0.5348346,-0.06998536,-0.6249512,1
ENSG00000033170,1.1446996,0.7737864,1.0,0.03143418,-0.064401865,-0.5348346,-0.015049882,-1.3509493,1
ENSG00000205155,1.2787061,1.4055171,1.0,1.0,0.1055599,0.2663956,0.16534682,1.0,1
ENSG00000089876,1.1581337,1.155336,1.0,1.0,-0.047363102,-0.050911516,-0.0015889853,1.0,1
ENSG00000089876,1.1570886,1.155336,1.0,1.0,-0.048688643,-0.050911516,-0.0072633736,1.0,1
ENSG00000089876,1.1670233,1.155336,1.0,1.0,-0.036088392,-0.050911516,0.07020081,1.0,1
ENSG00000089876,1.1250272,1.155336,1.0,1.0,-0.08935258,-0.050911516,-0.021356374,1.0,1
ENSG00000089876,1.1520908,1.155336,1.0,1.0,-0.055027492,-0.050911516,0.014482707,1.0,1
ENSG00000133706,1.2798895,1.7079957,0.010386258,1.0,0.107060894,0.6500322,0.010386258,1.0,1
ENSG00000133706,1.2796808,1.7079957,1.0,0.99813926,0.106796265,0.6500322,0.049871236,1.1298109,1
ENSG00000213809,1.1515005,-0.76955104,1.0,1.0,-0.0557762,-2.4922647,0.09596841,1.0,1
ENSG00000213809,1.143821,-0.76955104,1.0,1.0,-0.06551616,-2.4922647,0.03869933,1.0,1
ENSG00000142303,1.1617876,-0.34678745,1.0,1.0,-0.042728893,-1.9560696,-0.017574087,1.0,1
ENSG00000130956,1.1916902,0.1903317,1.0,1.0,-0.0048031285,-1.2748361,0.0081532225,1.0,1
ENSG00000175544,1.1308271,-0.8538718,1.0,1.0,-0.08199642,-2.5992098,-0.0023261607,1.0,1
ENSG00000175544,1.1334559,-0.8538718,1.0,1.0,-0.078662276,-2.5992098,-0.013054211,1.0,1
ENSG00000116171,1.2413993,1.7989957,-0.057376564,1.0,0.05824332,0.76544845,-0.057376564,1.0,1
ENSG00000116171,1.235841,1.7989957,1.0,1.0,0.051193766,0.76544845,-0.02441886,1.1345859,1
ENSG00000116171,1.2413993,1.7989957,0.5355149,1.0,0.05824332,0.76544845,-0.057376564,1.1345859,1
ENSG00000116171,1.2376473,1.7989957,0.5319229,0.94300514,0.05348462,0.76544845,-0.066594414,0.98832566,1
ENSG00000116171,1.2403758,1.7989957,1.0,0.04461372,0.05694528,0.76544845,-0.008473888,-1.317128,1
ENSG00000116171,1.2409983,1.7989957,1.0,0.7318233,0.057734817,0.76544845,-0.027276143,0.44639057,1
ENSG00000165898,1.2757765,1.4007106,1.0,0.34972677,0.10184437,0.2602995,0.14580965,-0.5341463,1
ENSG00000143157,1.2247515,0.97954834,1.0,1.0,0.03712879,-0.27386475,0.11425194,1.0,1
ENSG00000120314,1.2493752,1.5098742,1.0,1.0,0.0683593,0.39875284,0.06306584,1.0,1
ENSG00000103353,1.2751621,1.6131015,1.0,1.0,0.101065025,0.529677,0.20611751,1.0,1
ENSG00000198898,1.3092966,2.0552635,0.010124501,1.0,0.14435816,1.0904756,0.010124501,1.0,1
ENSG00000118307,1.2553412,-0.61978865,1.0,1.0,0.075926065,-2.3023198,0.028250955,1.0,1
ENSG00000160111,1.2865528,0.28103334,1.0,1.0,0.11551197,-1.1597983,0.19847167,1.0,1
ENSG00000133597,1.2099684,0.99475694,1.0,1.0,0.018379323,-0.25457555,0.08484133,1.0,1
ENSG00000133597,1.2033052,0.99475694,1.0,1.0,0.009928383,-0.25457555,0.03647545,1.0,1
ENSG00000133597,1.2168218,0.99475694,1.0,1.0,0.027071424,-0.25457555,0.11790182,1.0,1
ENSG00000133597,1.2158736,0.99475694,1.0,1.0,0.025868893,-0.25457555,0.07017827,1.0,1
ENSG00000133597,1.1911615,0.99475694,1.0,1.0,-0.005473718,-0.25457555,-0.023471348,1.0,1
ENSG00000018869,1.2154945,0.3856063,1.0,1.0,0.0253881,-1.0271673,0.026949437,1.0,1
ENSG00000196262,1.3137745,3.6723473,1.0,1.0,0.15003748,3.1414387,0.085711196,1.0,1
ENSG00000196262,1.3131948,3.6723473,0.016836599,1.0,0.14930232,3.1414387,0.016836599,1.0,1
ENSG00000196262,1.3117291,3.6723473,1.0,1.0,0.14744328,3.1414387,0.054639295,1.0,1
ENSG00000196262,1.310495,3.6723473,1.0,1.0,0.1458782,3.1414387,0.0862558,1.0,1
ENSG00000196262,1.317389,3.6723473,-0.03351064,1.0,0.1546219,3.1414387,-0.03351064,1.0,1
ENSG00000196262,1.3357596,3.6723473,1.0,1.0,0.17792156,3.1414387,0.23713791,1.0,1
ENSG00000196262,1.3308809,3.6723473,1.0,1.0,0.17173369,3.1414387,0.21567895,1.0,1
ENSG00000196262,1.3150505,3.6723473,1.0,0.57773465,0.15165594,3.1414387,0.12277931,0.050967973,1
ENSG00000196262,1.3253423,3.6723473,1.0,0.046975255,0.16470917,3.1414387,0.21567118,-1.3110678,1
ENSG00000196262,1.321898,3.6723473,0.5499738,0.09661275,0.16034073,3.1414387,-0.020272136,-1.1836879,1
ENSG00000131013,1.316916,1.0157788,1.0,1.0,0.15402204,-0.2279134,0.21359189,1.0,1
ENSG00000122779,1.2906293,1.6976652,1.0,1.0,0.1206823,0.63692987,0.09115847,1.0,1
ENSG00000196511,1.3223844,0.8169038,1.0,1.0,0.16095762,-0.4801484,0.15598825,1.0,1
ENSG00000196511,1.3003627,0.8169038,1.0,0.052631557,0.13302733,-0.4801484,0.014526859,-1.2965525,1
ENSG00000196511,1.3054978,0.8169038,1.0,0.9305555,0.13954009,-0.4801484,0.08254281,0.95637745,1
ENSG00000196511,1.2972074,0.8169038,1.0,0.05633807,0.12902534,-0.4801484,-0.025284305,-1.287041,1
ENSG00000196511,1.3088821,0.8169038,1.0,0.06849313,0.14383253,-0.4801484,0.07009036,-1.2558485,1
ENSG00000092208,1.2641807,1.5059636,1.0,1.0,0.08713722,0.39379278,-0.0011516772,1.0,1
ENSG00000092208,1.2576464,1.5059636,0.4909581,0.01886791,0.07884978,0.39379278,-0.17171825,-1.3831968,1
ENSG00000092208,1.2628361,1.5059636,1.0,0.74608606,0.08543196,0.39379278,-0.059704073,0.48299164,1
ENSG00000092208,1.261832,1.5059636,0.5202681,0.9803005,0.08415833,0.39379278,-0.09650293,1.084033,1
ENSG00000136404,1.1610175,0.4409091,1.0,1.0,-0.04370556,-0.95702624,0.012958769,1.0,1
ENSG00000003056,1.2657094,1.9407156,1.0,1.0,0.0890761,0.9451932,0.13445038,1.0,1
ENSG00000003056,1.2824254,1.9407156,1.0,1.0,0.110277236,0.9451932,0.1980486,1.0,1
ENSG00000003056,1.2817234,1.9407156,1.0,1.0,0.10938689,0.9451932,0.1475193,1.0,1
ENSG00000103966,1.237346,0.7411516,1.0,1.0,0.053102605,-0.5762257,0.102633715,1.0,1
ENSG00000103966,1.2321861,0.7411516,1.0,1.0,0.04655812,-0.5762257,0.10660313,1.0,1
ENSG00000103966,1.2204577,0.7411516,1.0,1.0,0.031682953,-0.5762257,0.10624604,1.0,1
ENSG00000213699,1.2280358,1.052309,1.0,1.0,0.04129438,-0.1815816,0.08176139,1.0,1
ENSG00000213699,1.2325993,1.052309,1.0,1.0,0.04708226,-0.1815816,0.15676397,1.0,1
ENSG00000213699,1.2163353,1.052309,1.0,0.9528688,0.026454419,-0.1815816,0.08755112,1.0136379,1
ENSG00000213699,1.2281138,1.052309,1.0,0.8985507,0.041393176,-0.1815816,0.14754862,0.8742466,1
ENSG00000213699,1.2295415,1.052309,1.0,0.9669052,0.04320407,-0.1815816,0.06413222,1.049658,1
ENSG00000198700,1.2859412,1.763428,1.0,1.0,0.11473633,0.7203375,0.17919323,1.0,1
ENSG00000058063,1.2587093,1.4437323,1.0,1.0,0.0801979,0.31486425,0.019580882,1.0,1
ENSG00000149308,1.2540088,1.2543063,1.0,1.0,0.074236125,0.07461349,0.16174802,1.0,1
ENSG00000149308,1.2513328,1.2543063,1.0,1.0,0.07084215,0.07461349,0.039329626,1.0,1
ENSG00000165678,1.3009945,2.5692334,1.0,1.0,0.13382864,1.7423484,0.15198483,1.0,1
ENSG00000011478,1.2688135,1.1610683,1.0,1.0,0.09301308,-0.04364112,0.1858761,1.0,1
ENSG00000011478,1.2620463,1.1610683,0.5723926,0.9516616,0.08443017,-0.04364112,0.037259024,1.0105399,1
ENSG00000174460,1.1062628,-0.9208188,1.0,1.0,-0.113151595,-2.6841192,0.07455194,1.0,1
ENSG00000174460,1.1249039,-0.9208188,1.0,1.0,-0.08950891,-2.6841192,0.0857524,1.0,1
ENSG00000221890,1.144439,0.3222193,1.0,1.0,-0.06473226,-1.1075617,-0.024200723,1.0,1
ENSG00000221890,1.1605173,0.3222193,1.0,1.0,-0.044339985,-1.1075617,0.035377145,1.0,1
ENSG00000169902,1.1683881,0.18752074,1.0,1.0,-0.03435736,-1.2784013,-0.0069627836,1.0,1
ENSG00000169902,1.1683881,0.18752074,1.0,1.0,-0.03435736,-1.2784013,-0.0069627836,1.0,1
ENSG00000169902,1.1442446,0.18752074,1.0,1.0,-0.06497888,-1.2784013,-0.047327302,1.0,1
ENSG00000169902,1.1521685,0.18752074,1.0,1.0,-0.054928947,-1.2784013,0.0019410998,1.0,1
ENSG00000131037,1.1499829,1.0008677,1.0,1.0,-0.057700828,-0.2468252,0.0639357,1.0,1
ENSG00000137824,1.2812321,1.3879235,1.0,1.0,0.108763784,0.24408142,0.17159206,1.0,1
ENSG00000112419,1.2381904,1.0633334,1.0,1.0,0.054173477,-0.16759942,0.056269966,1.0,1
ENSG00000112419,1.2237551,1.0633334,1.0,1.0,0.03586507,-0.16759942,-0.04743357,1.0,1
ENSG00000112419,1.2370787,1.0633334,1.0,1.0,0.05276353,-0.16759942,0.036914952,1.0,1
ENSG00000112419,1.2349496,1.0633334,1.0,1.0,0.05006314,-0.16759942,0.07126694,1.0,1
ENSG00000112419,1.2312592,1.0633334,1.0,1.0,0.04538259,-0.16759942,0.015062407,1.0,1
ENSG00000112419,1.2360495,1.0633334,1.0,0.61854684,0.051458225,-0.16759942,0.074027285,0.15570018,1
ENSG00000100036,1.1610477,-0.11350918,1.0,1.0,-0.043667287,-1.6602005,0.023727994,1.0,1
ENSG00000097033,1.2701294,1.2873538,1.0,1.0,0.09468217,0.11652788,0.09191131,1.0,1
ENSG00000097033,1.2676877,1.2873538,1.0,0.9753615,0.09158519,0.11652788,0.086992174,1.0713587,1
ENSG00000097033,1.2622758,1.2873538,1.0,0.01721853,0.08472134,0.11652788,0.093449935,-1.3874295,1
ENSG00000130287,1.1054606,-0.8239088,1.0,1.0,-0.11416902,-2.5612073,-0.051258847,1.0,1
ENSG00000184730,1.2000575,0.068185806,1.0,1.0,0.005809203,-1.4297549,0.12471228,1.0,1
ENSG00000126254,1.2630134,1.4910814,1.0,1.0,0.08565678,0.37491766,0.13515425,1.0,1
ENSG00000126254,1.2947335,1.4910814,1.0,1.0,0.12588772,0.37491766,0.21123567,1.0,1
ENSG00000112511,1.268709,1.618362,0.059902772,1.0,0.09288043,0.5363488,0.059902772,1.0,1
ENSG00000112511,1.2831831,1.618362,1.0,0.98334485,0.11123818,0.5363488,0.2130992,1.0918455,1
ENSG00000099812,1.0923264,-0.88605666,1.0,1.0,-0.13082716,-2.64003,0.00973098,1.0,1
ENSG00000120656,1.3377633,1.7223871,1.0,1.0,0.1804628,0.66828495,0.15091181,1.0,1
ENSG00000176148,1.2688586,0.6794279,1.0,1.0,0.093070194,-0.6545105,0.15953407,1.0,1
ENSG00000176148,1.2676214,0.6794279,1.0,1.0,0.0915011,-0.6545105,0.11642255,1.0,1
ENSG00000176148,1.2459266,0.6794279,0.5495924,0.14545453,0.06398548,-0.6545105,-0.021250911,-1.0583501,1
ENSG00000164031,1.2382759,0.9614211,1.0,1.0,0.054281995,-0.29685575,0.048137013,1.0,1
ENSG00000164031,1.2337949,0.9614211,1.0,1.0,0.04859872,-0.29685575,0.035337146,1.1345859,1
ENSG00000107854,1.2270813,1.1420765,1.0,1.0,0.040083706,-0.067728765,-0.043518692,1.0,1
ENSG00000107485,1.1067629,-0.9586072,1.0,1.0,-0.11251731,-2.7320466,0.020306557,1.0,1
ENSG00000171793,1.301929,1.5413296,1.0,1.0,0.13501388,0.4386479,0.027575258,1.0,1
ENSG00000171793,1.3257585,1.5413296,1.0,1.0,0.16523695,0.4386479,0.2333543,1.0,1
ENSG00000171793,1.3084905,1.5413296,1.0,0.88495576,0.14333586,0.4386479,0.13032757,0.83935916,1
ENSG00000198721,1.3032883,1.7478776,1.0,1.0,0.13673793,0.7006149,0.047937494,1.0,1
ENSG00000198721,1.2996185,1.7478776,1.0,0.0029585958,0.1320833,0.7006149,0.051119704,-1.4240234,1
ENSG00000156381,1.1931564,1.1547282,1.0,1.0,-0.0029436722,-0.05168243,0.07874349,1.0,1
ENSG00000156381,1.202937,1.1547282,1.0,0.95161283,0.009461328,-0.05168243,0.15739767,1.0104148,1
ENSG00000120159,1.1976075,1.0157788,1.0,1.0,0.0027018413,-0.2279134,0.029622406,1.0,1
ENSG00000120159,1.1982797,1.0157788,1.0,1.0,0.003554456,-0.2279134,0.040905148,1.0,1
ENSG00000120159,1.2094424,1.0157788,1.0,1.0,0.017712086,-0.2279134,0.032107174,1.0,1
ENSG00000120159,1.2094424,1.0157788,1.0,1.0,0.017712086,-0.2279134,0.032107174,1.0,1
ENSG00000151287,1.2244521,1.3982873,1.0,1.0,0.03674911,0.25722596,-0.077611685,1.0,1
ENSG00000151287,1.2322143,1.3982873,1.0,0.75855047,0.046594076,0.25722596,-0.00046310574,0.51497775,1
ENSG00000151287,1.2236876,1.3982873,1.0,0.58589745,0.035779558,0.25722596,-0.06256208,0.07191521,1
ENSG00000056050,1.2367457,1.3394514,1.0,1.0,0.052341215,0.18260387,0.04164095,1.0,1
ENSG00000174483,1.2478105,1.0948204,1.0,1.0,0.066374734,-0.12766412,0.10210806,1.0,1
ENSG00000174483,1.2198635,1.0948204,1.0,0.9179229,0.030929431,-0.12766412,0.056002244,0.9239596,1
ENSG00000174483,1.2068645,1.0948204,1.0,0.82978725,0.014442593,-0.12766412,0.011332132,0.6977856,1
ENSG00000174483,1.2462955,1.0948204,1.0,0.103594095,0.06445317,-0.12766412,0.04952549,-1.1657724,1
ENSG00000110169,1.1682862,-0.5086384,1.0,1.0,-0.034486603,-2.1613467,0.028466975,1.0,1
ENSG00000101444,1.271716,2.3206031,1.0,1.0,0.09669432,1.4270083,0.17479444,1.0,1
ENSG00000136935,1.2991605,1.1338581,1.0,1.0,0.13150254,-0.078152165,0.18363227,1.0,1
ENSG00000186416,1.1971099,1.141136,1.0,1.0,0.0020708144,-0.06892145,0.0478657,1.0,1
ENSG00000040531,1.2459465,0.5670264,1.0,1.0,0.064010635,-0.79707044,0.13739227,1.0,1
ENSG00000040531,1.2381212,0.5670264,1.0,1.0,0.054085642,-0.79707044,0.16495168,1.0,1
ENSG00000003756,1.2869681,2.1204424,1.0,1.0,0.1160388,1.1731423,0.16104117,1.0,1
ENSG00000003756,1.292203,2.1204424,1.0,0.12372813,0.122678086,1.1731423,0.19394004,-1.1141044,1
ENSG00000163738,1.2641659,1.41397,-0.09659177,1.0,0.08711848,0.27711645,-0.09659177,1.0,1
ENSG00000163738,1.2950356,1.41397,1.0,1.0,0.12627077,0.27711645,0.13980967,1.0,1
ENSG00000163738,1.2876999,1.41397,1.0,1.0,0.11696689,0.27711645,0.12683702,1.0,1
ENSG00000163738,1.2857444,1.41397,1.0,1.0,0.1144868,0.27711645,0.097445294,1.0,1
ENSG00000183337,1.1938516,1.3308195,1.0,1.0,-0.0020618513,0.17165585,-0.0038175434,1.0,1
ENSG00000183337,1.1931548,1.3308195,1.0,1.0,-0.0029456317,0.17165585,-0.027344227,1.0,1
ENSG00000183337,1.2099693,1.3308195,1.0,1.0,0.018380418,0.17165585,0.0887828,1.0,1
ENSG00000183337,1.197146,1.3308195,1.0,0.70714283,0.0021165162,0.17165585,0.044513498,0.3830554,1
ENSG00000049089,1.1516585,-0.39793992,1.0,1.0,-0.05557576,-2.0209467,0.075096615,1.0,1
ENSG00000109501,1.1518207,-0.9586072,1.0,1.0,-0.05537005,-2.7320466,0.043277316,1.0,1
ENSG00000185920,1.2209176,0.4099331,1.0,1.0,0.032266214,-0.9963134,-0.003004156,1.0,1
ENSG00000185920,1.2394373,0.4099331,1.0,1.0,0.055755004,-0.9963134,0.065803304,1.0,1
ENSG00000013441,1.2618237,1.8779469,1.0,1.0,0.08414774,0.86558306,0.06661445,1.0,1
ENSG00000013441,1.2794662,1.8779469,1.0,1.0,0.106524006,0.86558306,0.17524904,1.0,1
ENSG00000013441,1.2600195,1.8779469,1.0,0.34098136,0.08185959,0.86558306,0.044511214,-0.55658877,1
ENSG00000172819,1.2110082,0.54900324,1.0,1.0,0.019698068,-0.81992936,0.12252018,1.0,1
ENSG00000172819,1.1912886,0.54900324,1.0,1.0,-0.005312547,-0.81992936,0.12022284,1.1345859,1
ENSG00000172819,1.2067307,0.54900324,1.0,0.08780488,0.014272928,-0.81992936,0.12694025,-1.2062907,1
ENSG00000164168,1.264515,1.1824147,1.0,1.0,0.087561294,-0.01656744,0.15281305,1.0,1
ENSG00000166743,1.1595478,0.021189332,1.0,1.0,-0.04556965,-1.489361,-0.035532966,1.0,1
ENSG00000166743,1.1499177,0.021189332,1.0,1.0,-0.05778362,-1.489361,-0.04412049,1.0,1
ENSG00000166743,1.1613164,0.021189332,1.0,1.0,-0.043326512,-1.489361,-0.024906158,1.0,1
ENSG00000178951,1.227846,0.269513,1.0,1.0,0.04105366,-1.1744096,0.079722084,1.0,1
ENSG00000178951,1.227846,0.269513,1.0,1.0,0.04105366,-1.1744096,0.079722084,1.0,1
ENSG00000258466,1.1251843,-0.39793992,1.0,1.0,-0.089153185,-2.0209467,-0.0583489,1.0,1
ENSG00000104886,1.293813,1.7879561,1.0,1.0,0.124720216,0.7514468,0.21615763,1.0,1
ENSG00000104886,1.308816,1.7879561,1.0,0.9535397,0.14374854,0.7514468,0.26726562,1.0153596,1
ENSG00000146842,1.3497978,2.0689275,1.0,1.0,0.19572628,1.1078057,0.0599939,1.0,1
ENSG00000146842,1.3630338,2.0689275,1.0,0.6681399,0.21251363,1.1078057,0.06526531,0.282966,1
ENSG00000134690,1.3448373,1.9716005,1.0,1.0,0.18943489,0.98436475,0.17125499,1.0,1
ENSG00000142784,1.2283261,1.0094509,1.0,1.0,0.04166253,-0.23593909,0.041125752,1.0,1
ENSG00000142784,1.2283423,1.0094509,-0.025058806,1.0,0.0416831,-0.23593909,-0.025058806,1.0,1
ENSG00000100532,1.1991686,0.67117286,1.0,1.0,0.0046817213,-0.6649805,0.04984561,1.0,1
ENSG00000100532,1.1787168,0.67117286,0.52005106,0.19999999,-0.021257397,-0.6649805,-0.097059846,-0.91837543,1
ENSG00000153048,1.2748898,1.4888326,1.0,1.0,0.10071972,0.3720655,0.19015552,1.0,1
ENSG00000177731,1.2342631,2.0132165,1.0,1.0,0.04919246,1.0371468,0.14533523,1.0,1
ENSG00000177731,1.238535,2.0132165,1.0,0.84090906,0.05461064,1.0371468,0.15087967,0.7263265,1
ENSG00000147168,1.1985308,1.5870371,1.0,1.0,0.003872782,0.49661922,0.049504776,1.0,1
ENSG00000147168,1.2157182,1.5870371,1.0,1.0,0.025671788,0.49661922,0.14689288,1.0,1
ENSG00000147168,1.2030916,1.5870371,1.0,0.9901961,0.009657413,0.49661922,0.0753289,1.1094271,1
ENSG00000188612,1.3504481,2.5594876,1.0,1.0,0.19655102,1.7299879,0.14269051,1.0,1
ENSG00000188612,1.3504481,2.5594876,1.0,1.0,0.19655102,1.7299879,0.14269051,1.0,1
ENSG00000188612,1.3498389,2.5594876,1.0,0.47902358,0.19577834,1.7299879,0.14677534,-0.20234464,1
ENSG00000183048,1.2761704,1.3802112,1.0,1.0,0.10234386,0.23429993,0.20577484,1.0,1
ENSG00000183048,1.2331096,1.3802112,1.0,1.0,0.047729418,0.23429993,0.021748703,1.0,1
ENSG00000183048,1.2744995,1.3802112,1.0,1.0,0.10022473,0.23429993,0.18014403,1.0,1
ENSG00000152601,1.2395184,1.9937887,1.0,1.0,0.055857882,1.0125064,0.020838961,1.0,1
ENSG00000152601,1.2444464,1.9937887,1.0,0.93671787,0.06210807,1.0125064,-0.033693135,0.9721913,1
ENSG00000152601,1.2573334,1.9937887,1.0,1.0,0.07845284,1.0125064,0.08071454,1.1345859,1
ENSG00000152601,1.2444193,1.9937887,0.5557162,0.32507396,0.062073722,1.0125064,-0.005535826,-0.5974104,1
ENSG00000152601,1.240857,1.9937887,0.5604729,0.596391,0.057555526,1.0125064,0.006670773,0.098843925,1
ENSG00000152601,1.2615576,1.9937887,1.0,0.6635324,0.08381027,1.0125064,0.1432312,0.27114218,1
ENSG00000152601,1.256463,1.9937887,1.0,0.0,0.07734889,1.0125064,0.099372424,-1.4316157,1
ENSG00000129465,1.1400862,-0.61978865,1.0,1.0,-0.07025306,-2.3023198,0.053541973,1.0,1
ENSG00000129465,1.1678699,-0.61978865,1.0,1.0,-0.035014696,-2.3023198,0.08725892,1.0,1
ENSG00000122971,1.267763,1.0468851,1.0,1.0,0.091680735,-0.1884608,0.18767408,1.0,1
ENSG00000141367,1.2603886,2.1812718,1.0,1.0,0.08232775,1.2502929,0.13499013,1.0,1
ENSG00000141367,1.2783202,2.1812718,1.0,1.0,0.105070546,1.2502929,0.1919679,1.0,1
ENSG00000141367,1.2856684,2.1812718,1.0,1.0,0.11439036,1.2502929,0.24801636,1.0,1
ENSG00000141367,1.2752119,2.1812718,1.0,1.0,0.101128355,1.2502929,0.23680367,1.0,1
ENSG00000141367,1.2803602,2.1812718,1.0,1.0,0.107657865,1.2502929,0.21039373,1.0,1
ENSG00000141367,1.2630411,2.1812718,1.0,0.09446487,0.08569202,1.2502929,0.06318937,-1.1891998,1
ENSG00000105699,1.2649552,1.3923452,1.0,1.0,0.08811951,0.24968949,0.06231905,1.0,1
ENSG00000105699,1.2615286,1.3923452,1.0,1.0,0.08377358,0.24968949,0.21634126,1.0,1
ENSG00000105699,1.2649552,1.3923452,1.0,1.0,0.08811951,0.24968949,0.06231905,1.1345859,1
ENSG00000105699,1.2798433,1.3923452,0.556358,0.29886147,0.10700226,0.24968949,-0.003888946,-0.6646769,1
ENSG00000105699,1.2590753,1.3923452,1.0,0.85532403,0.08066203,0.24968949,0.08084426,0.7633183,1
ENSG00000105699,1.2675824,1.3923452,1.0,0.9724771,0.09145166,0.24968949,0.22969297,1.0639565,1
ENSG00000132004,1.233481,0.9425041,1.0,1.0,0.048200652,-0.32084835,0.1318775,1.0,1
ENSG00000132004,1.2236083,0.9425041,1.0,0.9294797,0.035678767,-0.32084835,-0.000907436,0.95361674,1
ENSG00000132004,1.2219077,0.9425041,1.0,0.9282353,0.03352204,-0.32084835,0.05291284,0.9504232,1
ENSG00000203667,1.3478086,1.5300715,1.0,1.0,0.1932033,0.42436925,0.10160983,1.0,1
ENSG00000203667,1.3603264,1.5300715,1.0,1.0,0.20907977,0.42436925,0.21357271,1.0,1
ENSG00000203667,1.3474416,1.5300715,1.0,1.0,0.19273785,0.42436925,0.13726261,1.0,1
ENSG00000203667,1.3366362,1.5300715,1.0,0.10897109,0.17903332,0.42436925,0.047407568,-1.151974,1
ENSG00000203667,1.3603264,1.5300715,1.0,0.5813536,0.20907977,0.42436925,0.21357271,0.060254943,1
ENSG00000185000,1.2795484,1.8620119,1.0,1.0,0.10662821,0.8453726,0.13589737,1.0,1
ENSG00000134245,1.1280444,-0.8239088,1.0,1.0,-0.08552579,-2.5612073,-0.035622492,1.0,1
ENSG00000134245,1.1183372,-0.8239088,1.0,1.0,-0.09783746,-2.5612073,-0.039454326,1.0,1
ENSG00000007264,1.2075671,1.4003652,1.0,0.98459566,0.01533363,0.25986147,0.07207862,1.0950552,1
ENSG00000160194,1.2760272,1.4951279,1.0,1.0,0.10216226,0.38004982,0.074098274,1.0,1
ENSG00000160194,1.2760272,1.4951279,1.0,0.9844326,0.10216226,0.38004982,0.074098274,1.0946368,1
ENSG00000160194,1.2934835,1.4951279,1.0,0.8129263,0.12430227,0.38004982,0.16653997,0.654517,1
ENSG00000068903,1.2878528,1.3958503,1.0,1.0,0.11716086,0.2541352,0.11557601,1.0,1
ENSG00000068903,1.3085796,1.3958503,1.0,1.0,0.14344874,0.2541352,0.103096485,1.0,1
ENSG00000068903,1.2801895,1.3958503,0.5321417,0.14739883,0.10744138,0.2541352,-0.06603289,-1.0533606,1
ENSG00000068903,1.3144078,1.3958503,1.0,0.0033783913,0.15084076,0.2541352,0.21202706,-1.4229461,1
ENSG00000165804,1.1444075,0.29225612,1.0,1.0,-0.064772196,-1.1455643,0.07598151,1.0,1
ENSG00000102871,1.2195011,0.839478,1.0,1.0,0.030469716,-0.4515173,0.04368956,1.0,1
ENSG00000074181,1.1176722,-0.53760195,1.0,1.0,-0.09868096,-2.1980815,0.02529959,1.0,1
ENSG00000074181,1.0863535,-0.53760195,1.0,1.0,-0.1384027,-2.1980815,-0.0025053248,1.0,1
ENSG00000074181,1.1320599,-0.53760195,1.0,1.0,-0.08043277,-2.1980815,0.034737915,1.0,1
ENSG00000074181,1.1154587,-0.53760195,1.0,1.0,-0.10148828,-2.1980815,0.048095375,1.0,1
ENSG00000182179,1.185203,0.38201708,1.0,1.0,-0.0130310245,-1.0317196,0.10450907,1.0,1
ENSG00000167394,1.2563715,0.5289167,1.0,1.0,0.0772327,-0.84540534,0.19150373,1.0,1
ENSG00000167394,1.2563715,0.5289167,1.0,1.0,0.0772327,-0.84540534,0.19150373,1.0,1
ENSG00000112640,1.2786077,1.6687585,1.0,1.0,0.10543516,0.6002673,0.16464138,1.0,1
ENSG00000112640,1.2618489,1.6687585,1.0,0.7765317,0.08417991,0.6002673,0.1387875,0.5611212,1
ENSG00000160633,1.3059283,1.4723175,-0.012553543,1.0,0.1400863,0.35111925,-0.012553543,1.0,1
ENSG00000160633,1.299099,1.4723175,1.0,1.0,0.1314244,0.35111925,0.14816053,1.0,1
ENSG00000160633,1.314651,1.4723175,1.0,1.0,0.1511493,0.35111925,0.26306862,1.0,1
ENSG00000160633,1.2968469,1.4723175,0.08595312,1.0,0.12856802,0.35111925,0.08595312,1.0,1
ENSG00000160633,1.3185645,1.4723175,1.0,1.0,0.15611288,0.35111925,0.20536794,1.1345859,1
ENSG00000168528,1.1871802,-0.07058108,1.0,1.0,-0.010523252,-1.6057543,0.06113892,1.0,1
ENSG00000168528,1.1799781,-0.07058108,1.0,1.0,-0.019657753,-1.6057543,0.06036653,1.0,1
ENSG00000111678,1.2998865,2.301659,1.0,1.0,0.13242324,1.4029815,0.10777791,1.0,1
ENSG00000111678,1.2938553,2.301659,1.0,1.0,0.12477383,1.4029815,0.045196183,1.0,1
ENSG00000111678,1.2976555,2.301659,1.0,1.0,0.12959364,1.4029815,0.11080949,1.0,1
ENSG00000111678,1.3016756,2.301659,1.0,1.0,0.1346924,1.4029815,0.11813234,1.0,1
ENSG00000140350,1.2986134,2.019905,1.0,1.0,0.13080858,1.0456301,0.1430671,1.0,1
ENSG00000158234,1.2027158,0.19312465,1.0,1.0,0.009180665,-1.2712938,0.06581865,1.0,1
ENSG00000158234,1.1983987,0.19312465,1.0,0.1101695,0.003705293,-1.2712938,-0.013977908,-1.1488986,1
ENSG00000140534,1.2407973,1.0884905,1.0,1.0,0.05747989,-0.1356924,0.09423415,1.0,1
ENSG00000183828,1.1593415,0.8808136,1.0,1.0,-0.04583131,-0.39909104,-0.0575791,1.0,1
ENSG00000183828,1.1803274,0.8808136,1.0,1.0,-0.01921475,-0.39909104,-0.016093776,1.0,1
ENSG00000020181,1.1498071,-0.8239088,1.0,1.0,-0.05792387,-2.5612073,0.039003268,1.0,1
ENSG00000125885,1.2405095,1.505557,1.0,1.0,0.05711484,0.3932771,0.15940867,1.0,1
ENSG00000125885,1.2274601,1.505557,1.0,0.96840954,0.04056427,0.3932771,0.048142817,1.0535185,1
ENSG00000165714,1.2513303,0.74741185,1.0,1.0,0.07083897,-0.5682858,0.07488227,1.0,1
ENSG00000165714,1.2442554,0.74741185,1.0,0.9166666,0.061865896,-0.5682858,0.097339466,0.9207357,1
ENSG00000046604,1.2388175,1.7292458,1.0,1.0,0.054968774,0.6769839,0.08762272,1.0,1
ENSG00000046604,1.2257556,1.7292458,1.0,1.0,0.038402304,0.6769839,0.022361863,1.0,1
ENSG00000110442,1.2246324,1.548635,1.0,1.0,0.0369777,0.44791353,0.016001366,1.0,1
ENSG00000110442,1.2246324,1.548635,1.0,1.0,0.0369777,0.44791353,0.016001366,1.0,1
ENSG00000110442,1.2057718,1.548635,1.0,0.8347309,0.0130567625,0.44791353,-0.109642684,0.71047217,1
ENSG00000110442,1.2220963,1.548635,1.0,0.39573616,0.033761166,0.44791353,-0.078183204,-0.41607693,1
ENSG00000144791,1.2264748,1.2711443,1.0,1.0,0.03931442,0.09596927,0.106041335,1.0,1
ENSG00000144791,1.1978146,1.2711443,0.0060667135,1.0,0.0029644296,0.09596927,0.0060667135,1.0,1
ENSG00000095380,1.2656091,2.0218918,1.0,1.0,0.08894898,1.0481498,0.1547414,1.0,1
ENSG00000173757,1.2301037,2.0993698,-0.016851105,1.0,0.04391715,1.1464158,-0.016851105,1.0,1
ENSG00000197714,1.2417305,1.201943,1.0,1.0,0.058663428,0.008200636,0.12731433,1.0,1
ENSG00000110330,1.2275765,1.5868123,1.0,1.0,0.040711768,0.49633405,-0.05553609,1.0,1
ENSG00000110330,1.2430694,1.5868123,1.0,1.0,0.06036158,0.49633405,0.105832055,1.0,1
ENSG00000110330,1.233505,1.5868123,1.0,0.0026702285,0.04823105,0.49633405,0.12144779,-1.4247634,1
ENSG00000165912,1.2093995,0.7497363,1.0,1.0,0.017657608,-0.56533766,0.14320108,1.0,1
ENSG00000163082,1.0998057,-0.9586072,1.0,1.0,-0.12134118,-2.7320466,-0.07743172,1.0,1
ENSG00000163082,1.0696796,-0.9586072,1.0,1.0,-0.1595504,-2.7320466,-0.097825915,1.0,1
ENSG00000116473,1.293204,1.6959193,1.0,1.0,0.1239478,0.6347155,0.08959379,1.0,1
ENSG00000135870,1.2701281,1.1383027,1.0,1.0,0.0946805,-0.07251507,0.19716117,1.0,1
ENSG00000243335,1.2625786,1.3085644,1.0,1.0,0.085105255,0.14342955,0.13294552,1.0,1
ENSG00000100083,1.3050987,1.6094877,1.0,1.0,0.13903393,0.5250935,0.1841854,1.0,1
ENSG00000100083,1.3007427,1.6094877,1.0,1.0,0.1335093,0.5250935,0.074249834,1.0,1
ENSG00000118564,1.2466981,1.3038437,1.0,1.0,0.06496401,0.1374423,0.04513833,1.0,1
ENSG00000118564,1.2586557,1.3038437,1.0,0.56748694,0.08012988,0.1374423,0.120740056,0.024670187,1
ENSG00000118564,1.2456678,1.3038437,1.0,0.06396061,0.063657194,0.1374423,0.04748764,-1.2674799,1
ENSG00000069869,1.2346507,1.071882,1.0,1.0,0.049684167,-0.15675709,0.07241881,1.0,1
ENSG00000069869,1.2194285,1.071882,1.0,0.01025641,0.030377626,-0.15675709,0.025192875,-1.4052957,1
ENSG00000095906,1.2835853,1.3374592,1.0,1.0,0.11174825,0.18007717,0.19760768,1.0,1
ENSG00000095906,1.2862017,1.3374592,1.0,0.5542895,0.11506674,0.18007717,0.19510697,-0.009197016,1
ENSG00000186448,1.2525464,0.9758911,1.0,1.0,0.07238136,-0.27850324,0.0039110146,1.0,1
ENSG00000186448,1.2500811,0.9758911,1.0,1.0,0.06925459,-0.27850324,0.018109964,1.0,1
ENSG00000186448,1.2475761,0.9758911,1.0,1.0,0.066077515,-0.27850324,0.12101839,1.0,1
ENSG00000186448,1.245593,0.9758911,1.0,1.0,0.06356226,-0.27850324,0.10557482,1.0,1
ENSG00000186448,1.2494595,0.9758911,1.0,1.0,0.068466246,-0.27850324,0.050819106,1.0,1
ENSG00000186448,1.2494595,0.9758911,1.0,1.0,0.068466246,-0.27850324,0.050819106,1.0,1
ENSG00000186448,1.2435702,0.9758911,1.0,0.12299463,0.060996726,-0.27850324,0.03704653,-1.1159867,1
ENSG00000167525,1.2719345,0.7611758,1.0,1.0,0.0969715,-0.5508288,0.2153505,1.0,1
ENSG00000167525,1.256552,0.7611758,1.0,1.0,0.07746166,-0.5508288,0.119086996,1.0,1
ENSG00000167525,1.2704036,0.7611758,1.0,1.0,0.09502989,-0.5508288,0.20060642,1.0,1
ENSG00000167525,1.2698778,0.7611758,1.0,1.0,0.094362974,-0.5508288,0.20283358,1.0,1
ENSG00000160959,1.2248554,1.2940251,1.0,1.0,0.037260614,0.12498918,0.07434058,1.0,1
ENSG00000160959,1.2330133,1.2940251,0.012280237,1.0,0.047607362,0.12498918,0.012280237,1.0,1
ENSG00000160959,1.2203861,1.2940251,1.0,1.0,0.031592213,0.12498918,0.09118734,1.0,1
ENSG00000160959,1.2168077,1.2940251,1.0,1.0,0.027053662,0.12498918,0.19237797,1.0,1
ENSG00000160959,1.2310257,1.2940251,0.5666216,0.16494846,0.04508651,0.12498918,0.022449635,-1.0083247,1
ENSG00000145216,1.2715654,1.3816564,-0.019983366,1.0,0.09650339,0.23613293,-0.019983366,1.0,1
ENSG00000145216,1.2562352,1.3816564,0.54721165,0.4718954,0.07705994,0.23613293,-0.027360246,-0.22063693,1
ENSG00000145216,1.2712883,1.3816564,1.0,0.5609911,0.09615183,0.23613293,0.089953505,0.008000541,1
ENSG00000145216,1.2864742,1.3816564,1.0,0.44155017,0.115412354,0.23613293,0.046970822,-0.29850894,1
ENSG00000145216,1.2696874,1.3816564,1.0,0.116040945,0.094121516,0.23613293,0.033473387,-1.1338313,1
ENSG00000125864,1.1609194,-0.2924298,1.0,1.0,-0.04383005,-1.8871273,-0.005787909,1.0,1
ENSG00000138134,1.1105428,-0.9586072,1.0,1.0,-0.107723296,-2.7320466,-0.012487359,1.0,1
ENSG00000138134,1.1238694,-0.9586072,1.0,1.0,-0.09082098,-2.7320466,0.013990793,1.0,1
ENSG00000138134,1.1184912,-0.9586072,1.0,1.0,-0.09764214,-2.7320466,-0.0014494285,1.0,1
ENSG00000138134,1.1242547,-0.9586072,1.0,1.0,-0.09033228,-2.7320466,0.036838584,1.0,1
ENSG00000163661,1.1119399,-0.9208188,1.0,1.0,-0.10595123,-2.6841192,0.026852578,1.0,1
ENSG00000099974,1.1454595,-0.72124636,1.0,1.0,-0.063437976,-2.4309995,0.045732677,1.0,1
ENSG00000150967,1.2137654,0.71349055,1.0,0.6142857,0.02319508,-0.6113085,0.06398572,0.14476526,1
ENSG00000145348,1.2801404,1.278525,1.0,1.0,0.107379034,0.105330214,0.10703292,1.0,1
ENSG00000145348,1.2880923,1.278525,1.0,0.16543728,0.1174646,0.105330214,0.12576951,-1.0070703,1
ENSG00000183655,1.1146088,-0.72124636,1.0,1.0,-0.10256629,-2.4309995,-0.053572133,1.0,1
ENSG00000161904,1.2426707,1.5798979,1.0,1.0,0.059855893,0.48756444,0.15299845,1.0,1
ENSG00000161904,1.2187375,1.5798979,-0.021326452,1.0,0.029501185,0.48756444,-0.021326452,1.0,1
ENSG00000161904,1.2129486,1.5798979,-0.0045980476,1.0,0.022159062,0.48756444,-0.0045980476,1.0,1
ENSG00000169249,1.2024025,0.9390198,1.0,1.0,0.008783385,-0.32526755,-0.017098233,1.0,1
ENSG00000169249,1.219091,0.9390198,1.0,1.0,0.02994959,-0.32526755,0.0031872168,1.0,1
ENSG00000140650,1.3048503,1.1792644,1.0,1.0,0.13871899,-0.020562856,0.07292444,1.0,1
ENSG00000140650,1.3077363,1.1792644,1.0,0.9890939,0.14237928,-0.020562856,0.13871406,1.1065987,1
ENSG00000140650,1.3275727,1.1792644,1.0,0.9198067,0.16753793,-0.020562856,0.20781349,0.92879385,1
ENSG00000123124,1.2460295,0.92531204,1.0,1.0,0.06411585,-0.34265316,0.083183125,1.0,1
ENSG00000123124,1.2324455,0.92531204,1.0,0.9937888,0.046887204,-0.34265316,0.00788568,1.1186467,1
ENSG00000100227,1.269167,1.5873742,1.0,1.0,0.093461394,0.4970467,0.008343738,1.0,1
ENSG00000100227,1.2778273,1.5873742,1.0,0.6085994,0.10444534,0.4970467,0.16354948,0.1301731,1
ENSG00000100227,1.2866175,1.5873742,1.0,0.023659289,0.11559406,0.4970467,0.19379415,-1.3709012,1
ENSG00000165526,1.2415915,1.6079909,0.04010218,1.0,0.058487058,0.5231951,0.04010218,1.0,1
ENSG00000165526,1.2631578,1.6079909,1.0,1.0,0.08583991,0.5231951,0.196878,1.0,1
ENSG00000165526,1.2709534,1.6079909,1.0,1.0,0.09572722,0.5231951,0.20158675,1.0,1
ENSG00000165526,1.2665335,1.6079909,1.0,1.0,0.090121314,0.5231951,0.15210217,1.0,1
ENSG00000049246,1.22882,1.2187979,1.0,1.0,0.042288847,0.029577916,0.09076513,1.0,1
ENSG00000132912,1.3158975,1.7117229,1.0,1.0,0.15273015,0.6547594,0.05638131,1.0,1
ENSG00000132912,1.314798,1.7117229,0.56204605,0.0,0.15133563,0.6547594,0.01070777,-1.4316157,1
ENSG00000103051,1.2973143,1.7604978,1.0,1.0,0.12916093,0.7166212,0.18268296,1.0,1
ENSG00000103051,1.2787715,1.7604978,1.0,1.0,0.105642885,0.7166212,0.1486204,1.1345859,1
ENSG00000103051,1.277001,1.7604978,1.0,0.98330843,0.103397444,0.7166212,0.060482122,1.0917519,1
ENSG00000103051,1.2984058,1.7604978,1.0,0.0,0.13054523,0.7166212,0.21301702,-1.4316157,1
ENSG00000103051,1.2897081,1.7604978,1.0,0.90922767,0.11951403,0.7166212,0.18351202,0.90164584,1
ENSG00000127663,1.2143275,1.0948204,1.0,1.0,0.023907915,-0.12766412,-0.043586917,1.0,1
ENSG00000127663,1.2341571,1.0948204,1.0,1.0,0.04905799,-0.12766412,0.1615783,1.0,1
ENSG00000127663,1.2305706,1.0948204,1.0,0.08955222,0.044509202,-0.12766412,0.03603447,-1.2018067,1
ENSG00000176473,1.2174737,0.7242758,1.0,1.0,0.027898394,-0.59762937,0.03888473,1.0,1
ENSG00000176473,1.2125986,0.7242758,0.5605154,1.0,0.021715112,-0.59762937,0.006779909,1.1345859,1
ENSG00000090861,1.3186809,2.2807603,1.0,1.0,0.15626042,1.3764753,0.17234394,1.0,1
ENSG00000090861,1.3283747,2.2807603,1.0,1.0,0.16855519,1.3764753,0.23919623,1.0,1
ENSG00000090861,1.3203229,2.2807603,1.0,1.0,0.1583429,1.3764753,0.10830633,1.0,1
ENSG00000144283,1.232712,1.7081659,0.017115746,1.0,0.047225207,0.650248,0.017115746,1.0,1
ENSG00000144283,1.2568547,1.7081659,1.0,0.72470874,0.07784557,0.650248,0.07902184,0.42813307,1
ENSG00000144283,1.2636281,1.7081659,1.0,0.74196076,0.08643642,0.650248,0.10458734,0.47240523,1
ENSG00000162695,1.2638974,0.7226339,1.0,1.0,0.086778,-0.5997119,0.011410419,1.0,1
ENSG00000162695,1.2602599,0.7226339,1.0,1.0,0.08216442,-0.5997119,0.043250423,1.0,1
ENSG00000186665,1.2316463,1.3895204,1.0,1.0,0.04587356,0.24610691,0.106213495,1.0,1
ENSG00000186665,1.2317457,1.3895204,1.0,1.0,0.04599963,0.24610691,0.10692035,1.0,1
ENSG00000076351,1.1534847,0.42160392,1.0,1.0,-0.053259593,-0.9815112,-0.023305953,1.0,1
ENSG00000076351,1.1436836,0.42160392,1.0,0.92307687,-0.06569044,-0.9815112,0.014635358,0.93718576,1
ENSG00000104976,1.2648067,1.0944711,1.0,1.0,0.08793129,-0.12810709,0.21800244,1.0,1
ENSG00000125457,1.2776809,1.6118294,1.0,1.0,0.10425967,0.5280636,0.14083901,1.0,1
ENSG00000125457,1.2749854,1.6118294,1.0,1.0,0.10084103,0.5280636,0.13042834,1.0,1
ENSG00000125457,1.2888734,1.6118294,1.0,0.97375727,0.118455306,0.5280636,0.23245022,1.0672419,1
ENSG00000125457,1.2712015,1.6118294,1.0,0.10934797,0.09604178,0.5280636,0.1064031,-1.1510068,1
ENSG00000103769,1.3023027,2.4376235,1.0,1.0,0.13548775,1.5754266,0.22136565,1.0,1
ENSG00000156869,1.231815,1.5308397,1.0,1.0,0.04608754,0.42534357,0.08868091,1.0,1
ENSG00000167986,1.2860713,2.3942413,1.0,1.0,0.114901334,1.5204045,0.22430381,1.0,1
ENSG00000167986,1.2712325,2.3942413,0.54141927,0.005087018,0.09608112,1.5204045,-0.042224646,-1.4185615,1
ENSG00000167986,1.2882831,2.3942413,1.0,0.005094886,0.11770652,1.5204045,0.18901113,-1.4185412,1
ENSG00000056558,1.1542522,-0.16749108,1.0,1.0,-0.05228611,-1.7286662,0.040940892,1.0,1
ENSG00000056558,1.1792068,-0.16749108,1.0,1.0,-0.020635985,-1.7286662,0.15111071,1.0,1
ENSG00000076513,1.2722099,1.5936183,1.0,1.0,0.097320706,0.5049662,0.061489936,1.0,1
ENSG00000076513,1.2722099,1.5936183,1.0,1.0,0.097320706,0.5049662,0.061489936,1.0,1
ENSG00000076513,1.2907517,1.5936183,1.0,1.0,0.1208376,0.5049662,0.15591605,1.0,1
ENSG00000076513,1.2800287,1.5936183,1.0,1.0,0.10723747,0.5049662,0.109713554,1.0,1
ENSG00000076513,1.2882699,1.5936183,1.0,0.9869459,0.11768986,0.5049662,0.122627445,1.1010866,1
ENSG00000138758,1.2509749,1.8264635,1.0,1.0,0.07038826,0.8002861,-0.016058676,1.0,1
ENSG00000187144,1.1592948,-0.7447275,1.0,1.0,-0.045890465,-2.4607809,0.05839765,1.0,1
ENSG00000064995,1.2796403,1.8044802,1.0,1.0,0.10674484,0.77240443,0.06920566,1.0,1
ENSG00000064995,1.286861,1.8044802,1.0,0.9632921,0.11590287,0.77240443,0.21036685,1.0403862,1
ENSG00000196456,1.269565,0.7283538,1.0,1.0,0.093966216,-0.5924573,0.035069127,1.0,1
ENSG00000154710,1.2775688,1.2823955,1.0,1.0,0.1041176,0.11023926,0.17752269,1.0,1
ENSG00000154710,1.2695498,1.2823955,1.0,1.0,0.09394705,0.11023926,0.13078177,1.0,1
ENSG00000154710,1.2633708,1.2823955,1.0,0.27077746,0.086109936,0.11023926,0.037053794,-0.73674613,1
ENSG00000154710,1.2613425,1.2823955,0.547302,0.08469054,0.08353752,0.11023926,-0.027128384,-1.2142828,1
ENSG00000154710,1.2787372,1.2823955,1.0,0.96986973,0.10559939,0.11023926,0.13757843,1.0572655,1
ENSG00000010219,1.1749461,1.3230457,1.0,1.0,-0.026039898,0.16179635,0.0016292892,1.0,1
ENSG00000010219,1.1500208,1.3230457,1.0,0.03733957,-0.057652816,0.16179635,-0.012147486,-1.3357949,1
ENSG00000205758,1.3477052,1.8885726,1.0,1.0,0.19307229,0.8790597,0.17718542,1.0,1
ENSG00000205758,1.3383011,1.8885726,1.0,1.0,0.18114483,0.8790597,0.15812495,1.0,1
ENSG00000205758,1.3383011,1.8885726,1.0,1.0,0.18114483,0.8790597,0.15812495,1.0,1
ENSG00000205758,1.3315883,1.8885726,1.0,1.0,0.1726309,0.8790597,0.066630915,1.0,1
ENSG00000205758,1.341592,1.8885726,1.0,1.0,0.18531874,0.8790597,0.2008364,1.0,1
ENSG00000205758,1.3412805,1.8885726,1.0,0.0995509,0.18492371,0.8790597,0.19795428,-1.176148,1
ENSG00000119414,1.2710425,1.4562142,1.0,1.0,0.09584014,0.33069518,0.011076834,1.0,1
ENSG00000119414,1.2717507,1.4562142,1.0,0.9484909,0.0967384,0.33069518,0.016034905,1.0024033,1
ENSG00000140750,1.2303331,0.90036714,1.0,1.0,0.04420808,-0.3742911,0.049376138,1.0,1
ENSG00000140750,1.1981195,0.90036714,1.0,0.258547,0.0033511817,-0.3742911,-0.030945212,-0.768132,1
ENSG00000140750,1.2170043,0.90036714,1.0,0.23591548,0.027303047,-0.3742911,0.021295503,-0.826209,1
ENSG00000140750,1.2334502,0.90036714,1.0,0.64244187,0.048161395,-0.3742911,0.10911207,0.2170196,1
ENSG00000135365,1.2492325,1.1195858,1.0,1.0,0.06817837,-0.096253924,0.070312284,1.0,1
ENSG00000135365,1.2474796,1.1195858,1.0,1.0,0.0659551,-0.096253924,0.092287615,1.1345859,1
ENSG00000135365,1.2249799,1.1195858,0.5367379,1.0,0.037418455,-0.096253924,-0.054237947,1.1345859,1
ENSG00000053524,1.2010795,0.54282546,1.0,1.0,0.007105343,-0.82776475,0.019361462,1.0,1
ENSG00000053524,1.1961445,0.54282546,1.0,1.0,0.0008462295,-0.82776475,0.011332892,1.0,1
ENSG00000053524,1.1812884,0.54282546,0.529889,0.14583331,-0.017995853,-0.82776475,-0.07181367,-1.057378,1
ENSG00000065911,1.3024082,2.3176246,1.0,1.0,0.13562167,1.4232305,0.18282185,1.0,1
ENSG00000065911,1.3126662,2.3176246,1.0,0.15467584,0.14863195,1.4232305,0.23272343,-1.0346863,1
ENSG00000065911,1.291273,2.3176246,1.0,0.9992294,0.12149875,1.4232305,0.07981601,1.1326084,1
ENSG00000151445,1.313041,1.2904798,1.0,1.0,0.14910725,0.12049267,0.14814137,1.0,1
ENSG00000151445,1.3018746,1.2904798,1.0,1.0,0.13494483,0.12049267,0.06884352,1.0,1
ENSG00000151445,1.2985406,1.2904798,1.0,1.0,0.1307163,0.12049267,0.012060925,1.0,1
ENSG00000151445,1.2676922,1.2904798,-0.045093887,1.0,0.091591015,0.12049267,-0.045093887,1.0,1
ENSG00000151445,1.3058193,1.2904798,1.0,1.0,0.13994794,0.12049267,0.09417231,1.0,1
ENSG00000151445,1.2832891,1.2904798,0.50662005,1.0,0.11137259,0.12049267,-0.13152657,1.1345859,1
ENSG00000151445,1.2677771,1.2904798,0.5444732,0.10200471,0.09169856,0.12049267,-0.034387767,-1.1698511,1
ENSG00000103657,1.2695739,1.5582284,1.0,1.0,0.0939776,0.46008086,0.19857806,1.0,1
ENSG00000103657,1.2702879,1.5582284,1.0,1.0,0.094883025,0.46008086,0.13857171,1.0,1
ENSG00000140905,1.3106875,1.572058,1.0,1.0,0.1461224,0.47762105,0.13998151,1.0,1
ENSG00000140905,1.2992381,1.572058,1.0,0.97852504,0.13160092,0.47762105,0.041190658,1.079477,1
ENSG00000168944,1.2538209,1.3085644,1.0,1.0,0.07399775,0.14342955,0.15940113,1.0,1
ENSG00000102057,1.1620884,-0.26760626,1.0,1.0,-0.042347416,-1.8556433,0.108614445,1.0,1
ENSG00000139160,1.2347882,-0.055517316,1.0,1.0,0.049858496,-1.5866488,0.05444231,1.0,1
ENSG00000139160,1.2335987,-0.055517316,1.0,1.0,0.04834985,-1.5866488,0.06393755,1.0,1
ENSG00000134987,1.2390915,1.6682926,1.0,1.0,0.055316344,0.5996765,0.037242264,1.0,1
ENSG00000134987,1.2438654,1.6682926,1.0,1.0,0.061371148,0.5996765,0.06225086,1.0,1
ENSG00000134987,1.2456818,1.6682926,1.0,1.0,0.0636749,0.5996765,0.0680453,1.0,1
ENSG00000134987,1.2460005,1.6682926,1.0,1.0,0.064079136,0.5996765,0.036921505,1.0,1
ENSG00000091732,1.255965,1.8364507,1.0,1.0,0.07671727,0.81295294,0.11843538,1.0,1
ENSG00000091732,1.2485125,1.8364507,1.0,1.0,0.06726509,0.81295294,0.11291508,1.1345859,1
ENSG00000091732,1.244128,1.8364507,0.54195696,0.0,0.061704174,0.81295294,-0.040844843,-1.4316157,1
ENSG00000169762,1.224472,1.452553,1.0,1.0,0.03677433,0.32605177,-0.06478749,1.0,1
ENSG00000169762,1.2060565,1.452553,1.0,0.8851981,0.013417795,0.32605177,-0.08652486,0.83998114,1
ENSG00000169762,1.2386029,1.452553,1.0,0.4614878,0.054696627,0.32605177,0.0758279,-0.24734496,1
ENSG00000123636,1.2037668,1.2000293,1.0,1.0,0.010513715,0.0057733483,0.060827866,1.0,1
ENSG00000139197,1.2226368,1.1152775,1.0,1.0,0.034446694,-0.10171804,0.06265936,1.0,1
ENSG00000139197,1.2463958,1.1152775,1.0,0.39199996,0.06458056,-0.10171804,0.14058995,-0.42566472,1
ENSG00000125551,1.134645,-0.63827217,1.0,1.0,-0.077154085,-2.3257625,-0.012066461,1.0,1
ENSG00000123384,1.2144513,-0.44369733,1.0,1.0,0.024064958,-2.0789814,0.14317799,1.0,1
ENSG00000240065,1.260877,0.25285304,1.0,1.0,0.08294718,-1.1955396,0.05377513,1.0,1
ENSG00000240065,1.2715051,0.25285304,1.0,1.0,0.09642692,-1.1955396,0.1577206,1.0,1
ENSG00000151239,1.2851857,1.2177471,1.0,1.0,0.11377816,0.028245017,0.052306782,1.0,1
ENSG00000151239,1.278645,1.2177471,1.0,1.0,0.10548255,0.028245017,-0.008560058,1.0,1
ENSG00000151239,1.2509304,1.2177471,0.54030544,0.0,0.07033189,0.028245017,-0.045083,-1.4316157,1
ENSG00000151239,1.2709118,1.2177471,1.0,0.057666183,0.09567435,0.028245017,0.0072972886,-1.2836326,1
ENSG00000175265,1.2148131,1.8933733,1.0,1.0,0.02452384,0.88514847,-0.018932149,1.0,1
ENSG00000249471,1.195275,0.51982796,1.0,1.0,-0.0002565384,-0.85693264,0.12547266,1.0,1
ENSG00000249471,1.1907742,0.51982796,1.0,1.0,-0.00596489,-0.85693264,0.11070216,1.0,1
ENSG00000249471,1.1911354,0.51982796,1.0,0.060109288,-0.005506873,-0.85693264,0.083295986,-1.2773632,1
ENSG00000183111,1.1315482,-0.88605666,1.0,1.0,-0.08108196,-2.64003,0.0066918507,1.0,1
ENSG00000162909,1.282546,1.9639766,1.0,1.0,0.11043015,0.9746953,0.1248196,1.0,1
ENSG00000116717,1.2952827,1.706547,1.0,1.0,0.12658432,0.6481949,0.1976429,1.0,1
ENSG00000116717,1.2931746,1.706547,1.0,1.0,0.12391055,0.6481949,0.20235676,1.0,1
ENSG00000116717,1.2812078,1.706547,1.0,0.9870348,0.108732894,0.6481949,0.19894844,1.1013145,1
ENSG00000213064,1.3232536,1.4121244,1.0,1.0,0.16206,0.2747757,0.00075533614,1.0,1
ENSG00000109787,1.2253307,1.1947918,1.0,1.0,0.037863396,-0.0008694357,-0.013434928,1.0,1
ENSG00000109787,1.22786,1.1947918,1.0,1.0,0.041071296,-0.0008694357,-0.00785815,1.0,1
ENSG00000109787,1.2436156,1.1947918,1.0,1.0,0.061054423,-0.0008694357,0.051309608,1.0,1
ENSG00000176170,1.2328156,1.2203696,1.0,1.0,0.04735665,0.031571236,0.15487503,1.0,1
ENSG00000136152,1.2281138,1.1708481,-0.0724115,1.0,0.041393243,-0.031237282,-0.0724115,1.0,1
ENSG00000136152,1.2640252,1.1708481,1.0,1.0,0.08694005,-0.031237282,0.14980258,1.0,1
ENSG00000141905,1.2645769,0.30963016,1.0,1.0,0.08763984,-1.1235286,0.09092583,1.0,1
ENSG00000141905,1.2645769,0.30963016,1.0,1.0,0.08763984,-1.1235286,0.09092583,1.0,1
ENSG00000141905,1.2718433,0.30963016,1.0,1.0,0.09685591,-1.1235286,0.18817574,1.0,1
ENSG00000141905,1.2616798,0.30963016,1.0,1.0,0.08396527,-1.1235286,0.12994298,1.0,1
ENSG00000141905,1.2644976,0.30963016,1.0,1.0,0.08753927,-1.1235286,0.11044501,1.0,1
ENSG00000141905,1.2406397,0.30963016,0.5407659,0.41614905,0.05727996,-1.1235286,-0.04390145,-0.36369333,1
ENSG00000141905,1.2608317,0.30963016,1.0,0.8318584,0.08288966,-1.1235286,0.12984557,0.7031006,1
ENSG00000152284,1.1072849,-0.9586072,1.0,1.0,-0.11185527,-2.7320466,-0.046033934,1.0,1
ENSG00000012174,1.1769984,1.1041455,1.0,1.0,-0.023437,-0.11583691,-0.037202,1.0,1
ENSG00000205084,1.2229562,1.3660492,1.0,1.0,0.03485185,0.21633808,0.05586593,1.0,1
ENSG00000182287,1.2215892,1.2148439,0.5244909,0.0,0.033118054,0.024562828,-0.085666284,-1.4316157,1
ENSG00000182287,1.2360756,1.2148439,1.0,0.012021899,0.05149138,0.024562828,0.017138526,-1.4007652,1
ENSG00000182287,1.2351555,1.2148439,1.0,0.27896994,0.050324276,0.024562828,0.007910166,-0.71572256,1
ENSG00000204256,1.263454,2.225955,1.0,1.0,0.08621554,1.3069651,0.111931264,1.0,1
ENSG00000204256,1.2777885,2.225955,1.0,1.0,0.104396194,1.3069651,0.17961264,1.0,1
ENSG00000204256,1.2838151,2.225955,1.0,1.0,0.112039775,1.3069651,0.23422362,1.0,1
ENSG00000204256,1.2658206,2.225955,1.0,0.1490115,0.089217186,1.3069651,0.21761867,-1.0492222,1
ENSG00000204256,1.270288,2.225955,0.5277253,0.0006633401,0.09488316,1.3069651,-0.07736622,-1.4299134,1
ENSG00000142655,1.2604178,1.0413927,0.0033932328,1.0,0.08236474,-0.19542699,0.0033932328,1.0,1
ENSG00000142655,1.261452,1.0413927,1.0,1.0,0.08367644,-0.19542699,0.051797498,1.0,1
ENSG00000142655,1.255727,1.0413927,0.0121007785,1.0,0.07641539,-0.19542699,0.0121007785,1.0,1
ENSG00000142655,1.2812642,1.0413927,1.0,1.0,0.108804464,-0.19542699,0.1738858,1.0,1
ENSG00000114200,1.0979297,-0.7447275,1.0,1.0,-0.12372048,-2.4607809,-0.006790243,1.0,1
ENSG00000126461,1.2370584,0.52374643,1.0,1.0,0.05273775,-0.8519628,0.14871271,1.0,1
ENSG00000107798,1.1054147,-0.8239088,1.0,1.0,-0.11422713,-2.5612073,-0.047961496,1.0,1
ENSG00000026652,1.2554202,1.108565,1.0,1.0,0.076026216,-0.11023165,0.09823394,1.0,1
ENSG00000026652,1.2450007,1.108565,1.0,1.0,0.06281112,-0.11023165,0.097289376,1.0,1
ENSG00000189334,1.1813117,-0.69896996,1.0,1.0,-0.017966256,-2.4027462,0.11529508,1.0,1
ENSG00000138617,1.1992164,0.85248,1.0,1.0,0.004742399,-0.43502682,-0.03209929,1.0,1
ENSG00000138617,1.216988,0.85248,1.0,1.0,0.027282327,-0.43502682,0.061845295,1.0,1
ENSG00000138617,1.216988,0.85248,1.0,1.0,0.027282327,-0.43502682,0.061845295,1.0,1
ENSG00000138617,1.2072315,0.85248,1.0,1.0,0.014908023,-0.43502682,0.02175188,1.0,1
ENSG00000138617,1.2233604,0.85248,1.0,1.0,0.035364494,-0.43502682,0.1449089,1.0,1
ENSG00000144224,1.2895163,1.9483151,1.0,1.0,0.11927064,0.9548317,0.09153177,1.0,1
ENSG00000144224,1.2820845,1.9483151,1.0,1.0,0.10984485,0.9548317,0.055830974,1.0,1
ENSG00000144224,1.2879939,1.9483151,1.0,0.51618737,0.11733985,0.9548317,0.12257011,-0.10697486,1
ENSG00000186020,1.2241176,1.0174507,1.0,1.0,0.036324948,-0.22579281,0.0647917,1.0,1
ENSG00000186020,1.2284869,1.0174507,1.0,0.67535067,0.041866407,-0.22579281,0.079667635,0.3014703,1
ENSG00000197063,1.2208161,1.3312248,1.0,1.0,0.032137506,0.17216991,0.088359356,1.0,1
ENSG00000244005,1.2867422,1.762003,1.0,1.0,0.11575219,0.7185301,0.19059576,1.0,1
ENSG00000244005,1.2785531,1.762003,1.0,0.7732558,0.1053659,0.7185301,0.15886277,0.5527146,1
ENSG00000254870,1.196843,1.8251663,1.0,1.0,0.0017322302,0.7986409,0.14147371,1.0,1
ENSG00000254870,1.1953645,1.8251663,1.0,1.0,-0.0001430437,0.7986409,0.0979968,1.0,1
ENSG00000254870,1.1920123,1.8251663,1.0,1.0,-0.0043946058,0.7986409,-0.013180599,1.0,1
ENSG00000254870,1.192466,1.8251663,1.0,1.0,-0.0038192421,0.7986409,0.02976431,1.0,1
ENSG00000254870,1.1945012,1.8251663,1.0,1.0,-0.0012380332,0.7986409,-0.06812392,1.0,1
ENSG00000236287,1.2353567,1.7107096,1.0,1.0,0.050579444,0.6534742,0.09287109,1.0,1
ENSG00000155858,1.1804856,0.8267225,1.0,1.0,-0.019014053,-0.46769527,0.027633978,1.0,1
ENSG00000155858,1.1773682,0.8267225,1.0,1.0,-0.022967987,-0.46769527,0.028566744,1.0,1
ENSG00000256087,1.2318789,0.5820633,1.0,1.0,0.046168484,-0.7779989,0.055482373,1.0,1
ENSG00000256087,1.2334388,0.5820633,1.0,1.0,0.04814712,-0.7779989,0.08918969,1.0,1
ENSG00000256087,1.2424439,0.5820633,1.0,1.0,0.05956836,-0.7779989,0.13268963,1.0,1
ENSG00000256087,1.2424439,0.5820633,1.0,1.0,0.05956836,-0.7779989,0.13268963,1.0,1
ENSG00000132330,1.2696962,1.1132747,1.0,1.0,0.09413271,-0.104258336,0.1481846,1.0,1
ENSG00000132330,1.2652297,1.1132747,1.0,1.0,0.08846772,-0.104258336,0.10007858,1.0,1
ENSG00000132330,1.2365917,1.1132747,-0.06156221,1.0,0.0521458,-0.104258336,-0.06156221,1.0,1
ENSG00000132330,1.2621206,1.1132747,1.0,0.12453532,0.08452447,-0.104258336,0.1027172,-1.112033,1
ENSG00000144161,1.3085335,0.9278834,1.0,1.0,0.14339042,-0.33939192,0.13107535,1.0,1
ENSG00000134627,1.2166625,0.5010593,1.0,1.0,0.026869535,-0.8807372,0.039335743,1.0,1
ENSG00000134627,1.2108562,0.5010593,1.0,1.0,0.019505292,-0.8807372,0.006649699,1.0,1
ENSG00000134627,1.1989515,0.5010593,1.0,1.0,0.004406467,-0.8807372,-0.023979813,1.0,1
ENSG00000134627,1.21113,0.5010593,1.0,1.0,0.019852504,-0.8807372,-0.027004361,1.0,1
ENSG00000134627,1.2224987,0.5010593,1.0,1.0,0.03427154,-0.8807372,0.04301927,1.0,1
ENSG00000134627,1.2326382,0.5010593,1.0,1.0,0.047131725,-0.8807372,0.100426435,1.0,1
ENSG00000160505,1.0901412,-0.88605666,1.0,1.0,-0.1335988,-2.64003,-0.010375507,1.0,1
ENSG00000169519,1.176647,1.1821291,1.0,1.0,-0.023882635,-0.016929464,-0.067575194,1.0,1
ENSG00000169519,1.1558135,1.1821291,1.0,0.5283019,-0.050305914,-0.016929464,-0.07191785,-0.075886585,1
ENSG00000104517,1.2629893,1.8618329,1.0,1.0,0.085626185,0.8451455,0.17404094,1.0,1
ENSG00000104517,1.2724636,1.8618329,1.0,0.4800084,0.09764254,0.8451455,0.19855317,-0.19981736,1
ENSG00000108468,1.2511604,1.4821587,1.0,1.0,0.07062349,0.36360088,0.19410151,1.0,1
ENSG00000101417,1.2426375,0.74741185,1.0,1.0,0.059813842,-0.5682858,0.0696077,1.0,1
ENSG00000101417,1.2426375,0.74741185,1.0,1.0,0.059813842,-0.5682858,0.0696077,1.0,1
ENSG00000101417,1.2548926,0.74741185,1.0,0.7014493,0.07535711,-0.5682858,0.08348718,0.36844453,1
ENSG00000101417,1.2572931,0.74741185,1.0,0.6633987,0.078401625,-0.5682858,0.1224687,0.27079907,1
ENSG00000083099,1.2869833,1.5536404,1.0,1.0,0.11605793,0.45426175,0.11881238,1.0,1
ENSG00000197223,1.2641101,1.5094713,-0.033223383,1.0,0.087047786,0.3982418,-0.033223383,1.0,1
ENSG00000197223,1.2792482,1.5094713,1.0,1.0,0.10624759,0.3982418,0.107108586,1.0,1
ENSG00000168826,1.2119634,0.56466603,1.0,1.0,0.020909518,-0.8000641,0.09182026,1.0,1
ENSG00000168826,1.2072393,0.56466603,1.0,1.0,0.014917843,-0.8000641,0.017263293,1.0,1
ENSG00000168826,1.2184433,0.56466603,1.0,1.0,0.029128045,-0.8000641,0.06072565,1.0,1
ENSG00000168826,1.1997584,0.56466603,0.5785564,0.8655462,0.0054298043,-0.8000641,0.053076744,0.78955036,1
ENSG00000090316,1.3145357,1.6761446,1.0,1.0,0.15100303,0.60963523,0.19359306,1.0,1
ENSG00000090316,1.3163573,1.6761446,1.0,0.9964597,0.15331334,0.60963523,0.17765212,1.1255008,1
ENSG00000090316,1.2965627,1.6761446,1.0,0.94694614,0.12820765,0.60963523,0.061670274,0.9984391,1
ENSG00000090316,1.3043532,1.6761446,1.0,0.44594592,0.13808851,0.60963523,0.20543225,-0.28722852,1
ENSG00000146955,1.14689,-0.8239088,1.0,1.0,-0.061623663,-2.5612073,-0.015627407,1.0,1
ENSG00000164828,1.2451495,2.0495281,1.0,1.0,0.06299977,1.0832012,0.11972253,1.0,1
ENSG00000164828,1.2446927,2.0495281,1.0,1.0,0.062420398,1.0832012,0.07988352,1.0,1
ENSG00000164828,1.2051481,2.0495281,1.0,0.03648424,0.012265585,1.0832012,-0.03975576,-1.3379898,1
ENSG00000164828,1.1952441,2.0495281,0.51832485,0.6569921,-0.0002956912,1.0832012,-0.10148965,0.2543584,1
ENSG00000164828,1.2359654,2.0495281,1.0,0.07331976,0.051351428,1.0832012,0.053186763,-1.2434624,1
ENSG00000164828,1.2126582,2.0495281,1.0,0.98724234,0.021790743,1.0832012,-0.04375425,1.1018473,1
ENSG00000149532,1.2745258,1.5731038,1.0,1.0,0.10025804,0.47894743,0.21838012,1.0,1
ENSG00000149532,1.2668059,1.5731038,1.0,1.0,0.09046686,0.47894743,0.20496804,1.0,1
ENSG00000149532,1.2699115,1.5731038,1.0,1.0,0.09440571,0.47894743,0.19480196,1.0,1
ENSG00000084072,1.3129823,2.1067686,1.0,1.0,0.14903282,1.1557999,0.21150222,1.0,1
ENSG00000084072,1.3059891,2.1067686,1.0,0.07317075,0.14016336,1.1557999,0.15108678,-1.2438449,1
ENSG00000146918,1.3060298,1.8914816,1.0,1.0,0.14021492,0.8827493,0.13228187,1.0,1
ENSG00000146918,1.3093262,1.8914816,1.0,1.0,0.14439566,0.8827493,0.19451831,1.0,1
ENSG00000146918,1.3101896,1.8914816,0.54713,0.674584,0.1454908,0.8827493,-0.027569808,0.29950282,1
ENSG00000146918,1.301262,1.8914816,1.0,0.12764111,0.13416788,0.8827493,0.06529716,-1.1040629,1
ENSG00000176890,1.2846423,2.4058414,1.0,1.0,0.11308898,1.5351167,0.15480494,1.0,1
ENSG00000176890,1.28154,2.4058414,1.0,1.0,0.109154224,1.5351167,0.106437124,1.0,1
ENSG00000176890,1.2846423,2.4058414,1.0,0.9947846,0.11308898,1.5351167,0.15480494,1.1212022,1
ENSG00000105401,1.2729826,2.4003134,1.0,1.0,0.098300725,1.5281056,0.16056909,1.0,1
ENSG00000105401,1.2704791,2.4003134,1.0,1.0,0.095125616,1.5281056,0.15821034,1.0,1
ENSG00000105401,1.274325,2.4003134,1.0,1.0,0.10000333,1.5281056,0.13991529,1.0,1
ENSG00000105401,1.2714245,2.4003134,1.0,1.0,0.09632468,1.5281056,0.13423479,1.0,1
ENSG00000105401,1.2732441,2.4003134,1.0,1.0,0.098632544,1.5281056,0.1754944,1.0,1
ENSG00000105401,1.2733731,2.4003134,1.0,1.0,0.098796144,1.5281056,0.12072915,1.0,1
ENSG00000197965,1.2746162,1.9897168,1.0,1.0,0.10037278,1.0073417,0.13329929,1.0,1
ENSG00000197965,1.2746162,1.9897168,1.0,1.0,0.10037278,1.0073417,0.13329929,1.0,1
ENSG00000197965,1.2572293,1.9897168,1.0,1.0,0.07832079,1.0073417,0.10860115,1.0,1
ENSG00000197965,1.282754,1.9897168,1.0,0.92123866,0.11069398,1.0073417,0.2085096,0.9324685,1
ENSG00000197965,1.2422223,1.9897168,0.5324379,0.25078773,0.059287176,1.0073417,-0.06527272,-0.78804386,1
ENSG00000181625,1.1100919,1.065206,1.0,1.0,-0.10829509,-0.16522416,-0.023091443,1.0,1
ENSG00000181625,1.121671,1.065206,1.0,0.7417631,-0.0936093,-0.16522416,-0.05184391,0.47189802,1
ENSG00000136560,1.2976412,1.6435513,1.0,1.0,0.12957548,0.5682968,0.1871117,1.0,1
ENSG00000136560,1.2886065,1.6435513,1.0,1.0,0.118116796,0.5682968,0.12081389,1.0,1
ENSG00000136560,1.2929696,1.6435513,1.0,1.0,0.12365049,0.5682968,0.15466845,1.0,1
ENSG00000136560,1.2837774,1.6435513,1.0,1.0,0.11199187,0.5682968,0.110083684,1.0,1
ENSG00000152291,1.2549266,1.5982432,1.0,1.0,0.07540019,0.510832,0.1980885,1.0,1
ENSG00000152291,1.2549266,1.5982432,1.0,1.0,0.07540019,0.510832,0.1980885,1.0,1
ENSG00000152291,1.2640157,1.5982432,1.0,1.0,0.08692798,0.510832,0.26688865,1.0,1
ENSG00000152291,1.2641709,1.5982432,1.0,1.0,0.08712487,0.510832,0.24243501,1.0,1
ENSG00000152291,1.2606158,1.5982432,1.0,1.0,0.08261585,0.510832,0.2234371,1.0,1
ENSG00000099968,1.3046486,1.6910815,1.0,1.0,0.13846312,0.62857974,0.021105144,1.0,1
ENSG00000099968,1.3074093,1.6910815,1.0,0.9656882,0.1419645,0.62857974,0.029567726,1.0465351,1
ENSG00000099968,1.3027377,1.6910815,1.0,0.6998202,0.13603945,0.62857974,0.037455976,0.36426413,1
ENSG00000099968,1.3102392,1.6910815,1.0,0.8735832,0.14555377,0.62857974,0.15841061,0.81017506,1
ENSG00000111057,1.232396,2.4412708,1.0,1.0,0.04682438,1.5800523,0.13927951,1.0,1
ENSG00000111057,1.2382829,2.4412708,1.0,1.0,0.054290786,1.5800523,0.14079234,1.0,1
ENSG00000111057,1.2384549,2.4412708,1.0,1.0,0.054508984,1.5800523,0.14274484,1.0,1
ENSG00000069020,1.2449934,0.61278385,1.0,1.0,0.06280185,-0.7390358,0.14132828,1.0,1
ENSG00000172053,1.2884004,2.1927066,1.0,1.0,0.117855325,1.264796,0.19773443,1.0,1
ENSG00000172053,1.2934173,2.1927066,1.0,0.9987719,0.124218434,1.264796,0.20493302,1.1314343,1
ENSG00000164104,1.3240873,2.621145,1.0,1.0,0.16311736,1.8081886,0.30414787,1.0,1
ENSG00000164104,1.3248253,2.621145,1.0,1.0,0.16405341,1.8081886,0.31080917,1.0,1
ENSG00000164104,1.3228393,2.621145,1.0,1.0,0.16153444,1.8081886,0.3085424,1.0,1
ENSG00000164104,1.3251408,2.621145,1.0,1.0,0.16445357,1.8081886,0.2948619,1.0,1
ENSG00000213551,1.2977376,1.8321254,1.0,1.0,0.12969775,0.8074673,0.11180355,1.0,1
ENSG00000213551,1.2988646,1.8321254,1.0,1.0,0.13112716,0.8074673,0.10616061,1.0,1
ENSG00000111846,1.1001819,-0.22184873,1.0,1.0,-0.12086402,-1.7976086,-0.046872407,1.0,1
ENSG00000130772,1.2463405,1.3916407,1.0,1.0,0.06451033,0.24879602,0.15722385,1.0,1
ENSG00000130772,1.2463405,1.3916407,1.0,1.0,0.06451033,0.24879602,0.15722385,1.0,1
ENSG00000131373,1.3032532,1.6127838,1.0,1.0,0.13669324,0.52927405,0.07325342,1.0,1
ENSG00000131373,1.3155091,1.6127838,1.0,0.9944326,0.15223761,0.52927405,0.20421383,1.120299,1
ENSG00000131373,1.3044865,1.6127838,1.0,0.9914918,0.13825761,0.52927405,0.08948644,1.1127521,1
ENSG00000131373,1.2966614,1.6127838,1.0,0.99332273,0.12833282,0.52927405,0.050021492,1.1174507,1
ENSG00000131373,1.2942846,1.6127838,0.5492499,0.9805825,0.1253183,0.52927405,-0.02212967,1.0847567,1
ENSG00000131373,1.3023627,1.6127838,1.0,0.48839426,0.13556385,0.52927405,0.099970564,-0.17829756,1
ENSG00000099864,1.1565236,0.3138672,1.0,1.0,-0.049405262,-1.1181548,0.028126016,1.0,1
ENSG00000099864,1.1865155,0.3138672,1.0,1.0,-0.011366405,-1.1181548,0.07000616,1.0,1
ENSG00000050344,1.1976274,1.0124154,1.0,1.0,0.0027270466,-0.2321792,0.03848406,1.0,1
ENSG00000050344,1.1664324,1.0124154,1.0,1.0,-0.03683789,-0.2321792,0.015994903,1.0,1
ENSG00000123545,1.2638713,2.0962493,1.0,1.0,0.086744845,1.1424582,0.11216304,1.0,1
ENSG00000107263,1.1911308,1.2935835,1.0,1.0,-0.0055127665,0.12442912,0.057415012,1.0,1
ENSG00000129518,1.2520053,1.3289908,1.0,1.0,0.07169512,0.1693366,0.101654485,1.0,1
ENSG00000142459,1.2668257,0.24797326,1.0,1.0,0.090491995,-1.2017287,0.12726316,1.0,1
ENSG00000142459,1.2583945,0.24797326,1.0,1.0,0.07979855,-1.2017287,0.14623566,1.0,1
ENSG00000142459,1.227131,0.24797326,1.0,1.0,0.04014676,-1.2017287,0.017214112,1.0,1
ENSG00000142459,1.2578341,0.24797326,1.0,1.0,0.07908772,-1.2017287,0.14673458,1.0,1
ENSG00000165475,1.1980928,0.820858,1.0,1.0,0.0033174083,-0.47513333,0.061580397,1.0,1
ENSG00000165475,1.1939832,0.820858,1.0,1.0,-0.0018948466,-0.47513333,0.03230635,1.0,1
ENSG00000165475,1.2082374,0.820858,1.0,1.0,0.016183816,-0.47513333,0.05193109,1.0,1
ENSG00000165475,1.184597,0.820858,1.0,1.0,-0.013799459,-0.47513333,-0.073834814,1.0,1
ENSG00000165475,1.1946979,0.820858,1.0,1.0,-0.0009884909,-0.47513333,-0.008479826,1.0,1
ENSG00000165475,1.1861799,0.820858,1.0,1.0,-0.011791915,-0.47513333,-0.03344959,1.0,1
ENSG00000165475,1.183317,0.820858,1.0,0.0,-0.015423056,-0.47513333,-0.08089158,-1.4316157,1
ENSG00000103126,1.2089871,0.9132839,1.0,1.0,0.017134726,-0.35790864,0.14030635,1.0,1
ENSG00000103126,1.1849859,0.9132839,1.0,0.092689276,-0.013306297,-0.35790864,-0.007049687,-1.1937563,1
ENSG00000104883,1.2270708,0.041392684,1.0,1.0,0.04007037,-1.4637369,-0.0005756989,1.0,1
ENSG00000137474,1.1147671,-0.69896996,1.0,1.0,-0.10236554,-2.4027462,-0.019648671,1.0,1
ENSG00000078061,1.2974433,1.5990092,1.0,1.0,0.12932451,0.51180357,0.20943302,1.0,1
ENSG00000078061,1.3020539,1.5990092,1.0,1.0,0.13517231,0.51180357,0.16259377,1.0,1
ENSG00000111832,1.2939544,1.5114822,1.0,1.0,0.124899566,0.4007923,0.086394966,1.0,1
ENSG00000111832,1.27649,1.5114822,1.0,0.93657815,0.10274924,0.4007923,-0.014805958,0.9718327,1
ENSG00000172020,1.0987697,-0.9208188,1.0,1.0,-0.12265512,-2.6841192,-0.022899762,1.0,1
ENSG00000185818,1.1281306,0.5526682,1.0,1.0,-0.085416466,-0.81528103,-0.024216771,1.0,1
ENSG00000008441,1.2198653,0.48144263,1.0,1.0,0.030931585,-0.9056172,-0.0028394908,1.0,1
ENSG00000136986,1.2688533,1.4865721,1.0,1.0,0.09306353,0.3691985,0.0077356696,1.0,1
ENSG00000136986,1.275091,1.4865721,-0.12431534,1.0,0.10097502,0.3691985,-0.12431534,1.0,1
ENSG00000213024,1.3036642,1.280806,1.0,1.0,0.13721457,0.108223185,0.195079,1.0,1
ENSG00000213024,1.2952883,1.280806,1.0,1.0,0.12659131,0.108223185,0.14004269,1.0,1
ENSG00000213024,1.2952883,1.280806,1.0,1.0,0.12659131,0.108223185,0.14004269,1.0,1
ENSG00000213024,1.2924612,1.280806,1.0,0.006849289,0.12300572,0.108223185,0.07243365,-1.414039,1
ENSG00000213024,1.2952883,1.280806,1.0,0.07207838,0.12659131,0.108223185,0.14004269,-1.2466481,1
ENSG00000213024,1.3005255,1.280806,1.0,0.020679474,0.13323379,0.108223185,0.070583455,-1.378548,1
ENSG00000214013,1.2980347,1.17667,1.0,1.0,0.13007466,-0.023853526,0.14443009,1.0,1
ENSG00000128159,1.2284203,1.0461048,1.0,1.0,0.041781947,-0.18945059,0.17142113,1.0,1
ENSG00000128159,1.217194,1.0461048,1.0,1.0,0.027543493,-0.18945059,0.12548663,1.0,1
ENSG00000132109,1.1783557,1.1556396,1.0,1.0,-0.0217155,-0.05052646,0.02202631,1.0,1
ENSG00000132109,1.1964923,1.1556396,1.0,1.0,0.0012874007,-0.05052646,0.08637301,1.0,1
ENSG00000007541,1.2146318,1.0852906,1.0,1.0,0.02429384,-0.13975087,0.11881611,1.0,1
ENSG00000007541,1.2032835,1.0852906,1.0,1.0,0.009900734,-0.13975087,0.054240875,1.0,1
ENSG00000007541,1.2156472,1.0852906,1.0,0.20547944,0.025581792,-0.13975087,0.15230134,-0.90431404,1
ENSG00000007541,1.2066345,1.0852906,1.0,0.28431374,0.0141509175,-0.13975087,0.10769156,-0.7020094,1
ENSG00000189067,1.1388829,0.6884198,1.0,1.0,-0.071779266,-0.643106,-0.004675798,1.0,1
ENSG00000189067,1.1024631,0.6884198,1.0,0.006410241,-0.117970705,-0.643106,-0.04074294,-1.4151658,1
ENSG00000160199,1.2897081,1.2869053,1.0,1.0,0.119514,0.115959145,0.17057103,1.0,1
ENSG00000160199,1.3004394,1.2869053,1.0,0.9241245,0.13312444,0.115959145,0.21178526,0.93987405,1
ENSG00000164053,1.2183459,0.90902084,1.0,1.0,0.029004462,-0.3633155,-0.02416461,1.0,1
ENSG00000164053,1.2285614,0.90902084,1.0,0.627972,0.041960895,-0.3633155,0.092015736,0.17988709,1
ENSG00000164053,1.2016778,0.90902084,0.55659485,0.8716216,0.0078642,-0.3633155,-0.003281016,0.8051411,1
ENSG00000173852,1.2248539,1.3586961,-0.11619115,1.0,0.037258677,0.20701206,-0.11619115,1.0,1
ENSG00000173852,1.2384079,1.3586961,1.0,1.0,0.054449335,0.20701206,-0.02477444,1.0,1
ENSG00000173852,1.2308935,1.3586961,1.0,1.0,0.044918768,0.20701206,-0.0024241693,1.0,1
ENSG00000173852,1.2393719,1.3586961,1.0,1.0,0.05567205,0.20701206,0.02307894,1.0,1
ENSG00000198162,1.2623571,1.1580608,1.0,1.0,0.08482443,-0.04745568,0.14784867,1.0,1
ENSG00000174891,1.2637322,1.1379867,1.0,1.0,0.086568445,-0.07291581,-0.013845652,1.0,1
ENSG00000174891,1.2637322,1.1379867,1.0,1.0,0.086568445,-0.07291581,-0.013845652,1.0,1
ENSG00000108587,1.3043604,1.2013971,1.0,1.0,0.13809761,0.007508216,0.09499642,1.0,1
ENSG00000108587,1.3075906,1.2013971,1.0,0.02131015,0.14219445,0.007508216,0.11860503,-1.3769295,1
ENSG00000237649,1.3023255,1.8893017,1.0,1.0,0.1355167,0.8799844,0.26438367,1.0,1
ENSG00000144591,1.2463827,1.9159799,-0.028135188,1.0,0.064563975,0.9138206,-0.028135188,1.0,1
ENSG00000115368,1.2572803,1.839855,1.0,1.0,0.07838546,0.81727064,0.029521663,1.0,1
ENSG00000115368,1.2551157,1.839855,1.0,0.0028753877,0.07564017,0.81727064,0.047773954,-1.4242369,1
ENSG00000135482,1.2072366,-0.017728806,1.0,1.0,0.014914498,-1.5387212,0.04303498,1.0,1
ENSG00000111450,1.2639295,1.6092741,1.0,1.0,0.086818606,0.5248227,0.09667273,1.0,1
ENSG00000014138,1.3056711,1.9872639,1.0,1.0,0.13976002,1.0042309,0.18090266,1.0,1
ENSG00000014138,1.3161039,1.9872639,1.0,0.4734793,0.15299195,1.0042309,0.23525372,-0.21657234,1
ENSG00000029993,1.229613,1.360404,1.0,1.0,0.0432946,0.20917827,0.09896028,1.0,1
ENSG00000029993,1.2184209,1.360404,1.0,1.0,0.029099613,0.20917827,0.037222672,1.0,1
ENSG00000061273,1.2602122,1.4109459,1.0,1.0,0.08210394,0.27328095,0.15197071,1.0,1
ENSG00000061273,1.2530736,1.4109459,1.0,1.0,0.07304995,0.27328095,0.11485804,1.0,1
ENSG00000061273,1.2561243,1.4109459,1.0,0.0,0.07691924,0.27328095,0.15252595,-1.4316157,1
ENSG00000061273,1.2325933,1.4109459,1.0,0.42357272,0.04707458,0.27328095,0.10085019,-0.34464267,1
ENSG00000061273,1.2231661,1.4109459,1.0,1.0,0.035118125,0.27328095,0.035939895,1.1345859,1
ENSG00000157800,1.26665,1.7117229,1.0,1.0,0.09026903,0.6547594,0.054244004,1.0,1
ENSG00000157800,1.2486519,1.7117229,0.5638668,0.99192894,0.06744194,0.6547594,0.015380204,1.113874,1
ENSG00000157800,1.250064,1.7117229,0.52688414,0.98674613,0.069232866,0.6547594,-0.07952471,1.1005739,1
ENSG00000153561,1.2001903,1.3207692,1.0,1.0,0.0059775636,0.15890904,0.056110255,1.0,1
ENSG00000130052,1.1792167,1.1866739,1.0,1.0,-0.020623315,-0.011165436,0.06832965,1.0,1
ENSG00000168916,1.0928859,-0.14266741,1.0,1.0,-0.13011771,-1.6971822,-0.037847653,1.0,1
ENSG00000183423,1.098217,-0.6575773,1.0,1.0,-0.12335609,-2.3502474,-0.029278465,1.0,1
ENSG00000163872,1.2312416,1.4508647,1.0,1.0,0.045360282,0.3239104,0.03294967,1.0,1
ENSG00000173575,1.2339478,1.6728364,1.0,1.0,0.0487926,0.60543936,-0.028076738,1.0,1
ENSG00000173575,1.2314918,1.6728364,1.0,1.0,0.045677632,0.60543936,0.064086385,1.1345859,1
ENSG00000173575,1.2615889,1.6728364,1.0,1.0,0.08385004,0.60543936,0.08496817,1.1345859,1
ENSG00000173153,1.2417734,1.3740147,1.0,1.0,0.058717847,0.22644085,0.08618619,1.0,1
ENSG00000173153,1.2533696,1.3740147,1.0,0.9982759,0.0734254,0.22644085,0.21861073,1.1301614,1
ENSG00000173153,1.2625302,1.3740147,1.0,0.993464,0.08504386,0.22644085,0.23402478,1.1178133,1
ENSG00000101290,1.2698693,1.6155292,1.0,1.0,0.09435214,0.53275603,0.037981384,1.0,1
ENSG00000101290,1.2546313,1.6155292,1.0,1.0,0.07502559,0.53275603,-0.04221555,1.0,1
ENSG00000101290,1.2476434,1.6155292,0.5230525,0.14538309,0.066162854,0.53275603,-0.089357555,-1.0585334,1
ENSG00000135249,1.2908722,1.7134905,1.0,1.0,0.12099032,0.6570014,0.17077962,1.0,1
ENSG00000139437,1.2630343,1.0534626,1.0,1.0,0.08568339,-0.18011859,0.09574109,1.0,1
ENSG00000139437,1.256497,1.0534626,1.0,1.0,0.07739192,-0.18011859,0.11510359,1.0,1
ENSG00000138593,1.2488519,1.0017337,1.0,1.0,0.06769562,-0.24572685,0.08169415,1.0,1
ENSG00000138593,1.231547,1.0017337,1.0,1.0,0.04574758,-0.24572685,0.03645909,1.0,1
ENSG00000138593,1.246969,1.0017337,1.0,0.23367697,0.06530747,-0.24572685,0.14447534,-0.8319535,1
ENSG00000100596,1.2393105,1.3396502,1.0,1.0,0.055594146,0.1828559,0.05074844,1.0,1
ENSG00000158815,1.1645168,-0.5686362,1.0,1.0,-0.03926746,-2.2374425,0.06956775,1.0,1
ENSG00000170876,1.3126246,1.5630062,1.0,1.0,0.14857915,0.46614057,0.085693225,1.0,1
ENSG00000170876,1.3150914,1.5630062,1.0,1.0,0.15170783,0.46614057,0.17818753,1.0,1
ENSG00000170876,1.3095076,1.5630062,1.0,1.0,0.1446258,0.46614057,0.07561338,1.0,1
ENSG00000170876,1.3092483,1.5630062,1.0,1.0,0.14429705,0.46614057,0.05978805,1.0,1
ENSG00000170876,1.3161812,1.5630062,1.0,1.0,0.15309003,0.46614057,0.19162664,1.0,1
ENSG00000130208,1.2175686,2.0516925,1.0,1.0,0.02801866,1.0859464,-0.025505982,1.0,1
ENSG00000130208,1.2096446,2.0516925,1.0,1.0,0.017968483,1.0859464,0.073698424,1.0,1
ENSG00000131398,1.1579067,0.36921585,-0.011059463,1.0,-0.047651097,-1.0479555,-0.011059463,1.0,1
ENSG00000131398,1.2047493,0.36921585,1.0,1.0,0.0117599,-1.0479555,0.12870502,1.0,1
ENSG00000131398,1.2051592,0.36921585,1.0,1.0,0.012279637,-1.0479555,0.1430108,1.0,1
ENSG00000131398,1.1960846,0.36921585,1.0,1.0,0.00077039003,-1.0479555,0.027473405,1.0,1
ENSG00000131398,1.2000669,0.36921585,1.0,0.39512193,0.005821064,-1.0479555,0.07469854,-0.41765314,1
ENSG00000198189,1.2783269,1.7759016,1.0,1.0,0.10507901,0.7361579,0.040659964,1.0,1
ENSG00000121749,1.2748133,1.5784099,1.0,1.0,0.10062271,0.48567733,0.112547725,1.0,1
ENSG00000121749,1.2567791,1.5784099,0.55581814,0.0,0.07774976,0.48567733,-0.0052743033,-1.4316157,1
ENSG00000121749,1.2536407,1.5784099,0.5437667,0.006410241,0.07376917,0.48567733,-0.03620082,-1.4151658,1
ENSG00000121749,1.2962881,1.5784099,1.0,0.983173,0.12785941,0.48567733,0.1784204,1.0914046,1
ENSG00000121749,1.2659458,1.5784099,1.0,0.058092922,0.089376,0.48567733,0.099222556,-1.2825376,1
ENSG00000112079,1.3063331,1.2352759,1.0,1.0,0.14059952,0.050476972,0.18256812,1.0,1
ENSG00000168517,1.2423478,0.053078413,1.0,1.0,0.0594465,-1.4489157,0.12457546,1.0,1
ENSG00000163507,1.2469865,1.3386557,1.0,1.0,0.06532967,0.18159458,-0.015399024,1.0,1
ENSG00000163507,1.2675513,1.3386557,1.0,1.0,0.0914122,0.18159458,0.05503688,1.0,1
ENSG00000162430,1.2136663,0.757396,1.0,1.0,0.023069367,-0.55562276,0.11414282,1.0,1
ENSG00000164404,1.2664998,-0.14266741,1.0,1.0,0.09007856,-1.6971822,0.17575106,1.0,1
ENSG00000164404,1.2710629,-0.14266741,1.0,1.0,0.095865905,-1.6971822,0.04303291,1.0,1
ENSG00000101384,1.1407588,-0.7447275,1.0,1.0,-0.06940001,-2.4607809,-0.012380011,1.0,1
ENSG00000101384,1.1577634,-0.7447275,1.0,1.0,-0.047832824,-2.4607809,0.057188347,1.0,1
ENSG00000101384,1.1247277,-0.7447275,1.0,1.0,-0.08973233,-2.4607809,0.019760486,1.0,1
ENSG00000101384,1.133646,-0.7447275,1.0,1.0,-0.0784211,-2.4607809,0.0113292,1.0,1
ENSG00000101384,1.1360699,-0.7447275,1.0,1.0,-0.07534693,-2.4607809,0.031074127,1.0,1
ENSG00000101384,1.1412088,-0.7447275,1.0,1.0,-0.06882919,-2.4607809,-0.060898125,1.0,1
ENSG00000114902,1.2277325,1.7300551,1.0,1.0,0.0409097,0.6780104,0.04376094,1.0,1
ENSG00000114902,1.2260917,1.7300551,-0.09120232,1.0,0.038828738,0.6780104,-0.09120232,1.0,1
ENSG00000172339,1.2610025,0.36921585,1.0,1.0,0.08310638,-1.0479555,0.11573532,1.0,1
ENSG00000146414,1.2506006,1.2792104,1.0,1.0,0.06991352,0.106199704,0.07365978,1.0,1
ENSG00000146414,1.2408959,1.2792104,1.0,1.0,0.057604924,0.106199704,0.063505195,1.0,1
ENSG00000171148,1.3158456,1.6979264,1.0,1.0,0.15266432,0.6372613,0.15093438,1.0,1
ENSG00000171148,1.3194699,1.6979264,1.0,1.0,0.15726109,0.6372613,0.23787217,1.0,1
ENSG00000101413,1.2849984,1.4312029,1.0,1.0,0.11354062,0.2989731,0.17381442,1.0,1
ENSG00000134248,1.2858557,2.6253228,1.0,1.0,0.11462781,1.8134872,0.068356425,1.0,1
ENSG00000134248,1.2811145,2.6253228,1.0,1.0,0.10861455,1.8134872,0.05837933,1.0,1
ENSG00000134248,1.2858621,2.6253228,1.0,0.014705539,0.114636004,1.8134872,0.12068692,-1.3938783,1
ENSG00000164934,1.2590606,2.0122888,1.0,1.0,0.080643356,1.0359701,0.09895895,1.0,1
ENSG00000186792,1.2270466,0.6928469,1.0,0.9735973,0.040039673,-0.63749105,0.17447668,1.0668314,1
ENSG00000147124,1.1999568,0.667453,1.0,1.0,0.0056815,-0.6696984,0.10580978,1.0,1
ENSG00000141384,1.2607272,1.1658376,1.0,1.0,0.082757056,-0.037592247,0.11677794,1.0,1
ENSG00000160691,1.2551455,1.7640266,1.0,1.0,0.07567793,0.72109675,0.15169388,1.0,1
ENSG00000103599,1.2792522,0.4014005,1.0,1.0,0.10625251,-1.0071354,0.11971499,1.0,1
ENSG00000181035,1.278041,1.1592664,1.0,1.0,0.104716465,-0.045926686,0.1572952,1.0,1
ENSG00000181035,1.2753508,1.1592664,1.0,1.0,0.10130444,-0.045926686,0.14651483,1.0,1
ENSG00000120370,1.2650781,1.0394142,1.0,1.0,0.08827534,-0.19793643,0.028660148,1.0,1
ENSG00000120370,1.2749479,1.0394142,1.0,1.0,0.10079342,-0.19793643,0.18104397,1.0,1
ENSG00000120370,1.2749479,1.0394142,1.0,1.0,0.10079342,-0.19793643,0.18104397,1.0,1
ENSG00000067955,1.3171539,1.5532761,1.0,1.0,0.15432368,0.45379972,0.15290178,1.0,1
ENSG00000067955,1.3170327,1.5532761,1.0,0.9894531,0.15416999,0.45379972,0.13901487,1.1075205,1
ENSG00000145388,1.2498308,1.2935835,1.0,1.0,0.06893724,0.12442912,0.028917393,1.0,1
ENSG00000145388,1.2532419,1.2935835,1.0,1.0,0.07326348,0.12442912,0.04905256,1.0,1
ENSG00000090487,1.2743092,1.6517624,1.0,1.0,0.099983215,0.578711,0.123365,1.0,1
ENSG00000090487,1.2417345,1.6517624,-0.11425948,1.0,0.0586686,0.578711,-0.11425948,1.0,1
ENSG00000090487,1.2651813,1.6517624,1.0,0.9887961,0.088406295,0.578711,-0.012832716,1.1058346,1
ENSG00000240053,1.1712948,1.162863,1.0,1.0,-0.030670814,-0.041365,0.14142314,1.0,1
ENSG00000132256,1.2587163,1.1146109,1.0,1.0,0.08020671,-0.1025635,0.088295504,1.0,1
ENSG00000132256,1.253132,1.1146109,0.5524787,0.85528755,0.07312405,-0.1025635,-0.013844062,0.7632246,1
ENSG00000136932,1.2770938,1.080987,1.0,1.0,0.10351507,-0.14520907,0.16524231,1.0,1
ENSG00000136932,1.2719345,1.080987,1.0,0.5799595,0.09697157,-0.14520907,0.10955426,0.0566773,1
ENSG00000156510,1.1528523,-0.88605666,1.0,1.0,-0.05406159,-2.64003,0.020486167,1.0,1
ENSG00000156510,1.1501284,-0.88605666,1.0,1.0,-0.0575164,-2.64003,-0.013573378,1.0,1
ENSG00000103994,1.2475753,1.3868555,1.0,1.0,0.06607653,0.24272694,0.1263251,1.0,1
ENSG00000103994,1.2526071,1.3868555,1.0,1.0,0.0724583,0.24272694,0.19215006,1.0,1
ENSG00000057019,1.2373183,0.9365137,1.0,1.0,0.053067364,-0.328446,0.07263679,1.0,1
ENSG00000057019,1.2160064,0.9365137,1.0,0.08260104,0.026037328,-0.328446,0.082015514,-1.2196448,1
ENSG00000137492,1.2011235,1.8055687,1.0,1.0,0.00716123,0.7737851,0.075930536,1.0,1
ENSG00000137492,1.2036111,1.8055687,1.0,1.0,0.0103163645,0.7737851,0.032091223,1.0,1
ENSG00000137492,1.2205707,1.8055687,1.0,1.0,0.03182628,0.7737851,0.09376873,1.0,1
ENSG00000165185,1.2322656,0.9740509,1.0,1.0,0.04665909,-0.28083724,0.11936091,1.0,1
ENSG00000213983,1.2592723,1.8955882,1.0,1.0,0.08091201,0.8879577,0.14463283,1.0,1
ENSG00000213983,1.2634149,1.8955882,1.0,1.0,0.086165905,0.8879577,0.13584426,1.0,1
ENSG00000213983,1.2645807,1.8955882,1.0,0.6939704,0.08764464,0.8879577,0.14074618,0.34925228,1
ENSG00000044090,1.2911483,1.3767594,1.0,1.0,0.12134059,0.2299219,0.23150781,1.0,1
ENSG00000136450,1.3351256,2.4945998,1.0,1.0,0.1771173,1.6476899,0.28452128,1.0,1
ENSG00000136450,1.3383458,2.4945998,1.0,1.0,0.18120149,1.6476899,0.29563823,1.0,1
ENSG00000179943,1.2790582,0.54032946,1.0,1.0,0.10600665,-0.8309304,0.04701016,1.0,1
ENSG00000179943,1.2813122,0.54032946,1.0,0.17454544,0.10886538,-0.8309304,0.1568327,-0.98369694,1
ENSG00000128891,1.2820599,1.4581845,1.0,1.0,0.10981366,0.3331941,0.12394099,1.0,1
ENSG00000132205,1.1251647,-0.46852112,1.0,1.0,-0.089178085,-2.1104655,-0.027130425,1.0,1
ENSG00000132205,1.1274124,-0.46852112,1.0,1.0,-0.08632732,-2.1104655,-0.0053444244,1.0,1
ENSG00000132205,1.1044087,-0.46852112,1.0,1.0,-0.11550306,-2.1104655,-0.041813135,1.0,1
ENSG00000162738,1.1758486,0.53147894,1.0,1.0,-0.024895236,-0.84215564,0.032464676,1.0,1
ENSG00000028203,1.2535456,1.6555226,1.0,1.0,0.07364872,0.58348,0.13263094,1.0,1
ENSG00000028203,1.2408226,1.6555226,1.0,0.8412138,0.05751194,0.58348,0.08825298,0.72710854,1
ENSG00000028203,1.2359965,1.6555226,1.0,0.78947365,0.05139094,0.58348,-0.0067971796,0.59433293,1
ENSG00000028203,1.2385453,1.6555226,0.5436495,0.948542,0.05462368,0.58348,-0.036501497,1.0025344,1
ENSG00000028203,1.2516791,1.6555226,1.0,0.35714287,0.071281254,0.58348,0.102297425,-0.51511514,1
ENSG00000028203,1.2376431,1.6555226,1.0,0.0,0.05347939,0.58348,-0.00398824,-1.4316157,1
ENSG00000076924,1.3088732,1.3422252,1.0,1.0,0.1438211,0.1861219,0.249643,1.0,1
ENSG00000010278,1.1957784,0.8463371,1.0,1.0,0.00038199127,-0.4428179,-0.0908595,1.0,1
ENSG00000010278,1.1910253,0.8463371,1.0,0.1488095,-0.0056465417,-0.4428179,0.09202871,-1.0497406,1
ENSG00000204463,1.411124,2.0528092,1.0,1.0,0.27350694,1.0873628,0.11905414,1.0,1
ENSG00000204463,1.4059259,2.0528092,1.0,0.49851248,0.26691407,1.0873628,0.14401518,-0.1523322,1
ENSG00000204463,1.4099835,2.0528092,1.0,0.9256278,0.27206045,1.0873628,0.19820783,0.94373196,1
ENSG00000050327,1.085876,-0.552842,1.0,1.0,-0.13900837,-2.2174106,-0.0087322295,1.0,1
ENSG00000050327,1.1128373,-0.552842,1.0,1.0,-0.10481301,-2.2174106,0.0019595176,1.0,1
ENSG00000096401,1.3253793,1.3180633,1.0,1.0,0.16475603,0.15547712,0.23656383,1.0,1
ENSG00000163933,1.2305094,1.2052044,1.0,1.0,0.044431627,0.012336975,-0.04173802,1.0,1
ENSG00000036672,1.2282156,0.5453071,1.0,1.0,0.04152237,-0.8246172,0.12918122,1.0,1
ENSG00000036672,1.2292411,0.5453071,1.0,1.0,0.042823017,-0.8246172,0.13029917,1.0,1
ENSG00000036672,1.2234973,0.5453071,1.0,1.0,0.03553801,-0.8246172,0.10472196,1.0,1
ENSG00000181222,1.2760912,0.9479236,0.05878558,1.0,0.10224345,-0.31397474,0.05878558,1.0,1
ENSG00000162591,1.185212,-0.7447275,1.0,1.0,-0.01301951,-2.4607809,0.09370983,1.0,1
ENSG00000134283,1.2660741,1.903307,1.0,1.0,0.089538574,0.8977475,0.021172354,1.0,1
ENSG00000134283,1.2791581,1.903307,1.0,1.0,0.10613324,0.8977475,0.098692015,1.0,1
ENSG00000134283,1.2504823,1.903307,0.5651596,0.14871553,0.06976351,0.8977475,0.018697847,-1.0499817,1
ENSG00000134283,1.265262,1.903307,1.0,0.57435775,0.08850877,0.8977475,0.044815376,0.042302087,1
ENSG00000134283,1.2449716,1.903307,0.5691083,0.035823703,0.062774226,0.8977475,0.028830947,-1.3396848,1
ENSG00000134283,1.2590514,1.903307,1.0,0.97013485,0.08063176,0.8977475,0.008113772,1.057946,1
ENSG00000150756,1.3370312,1.4962375,1.0,1.0,0.17953427,0.38145724,0.076444715,1.0,1
ENSG00000150756,1.3370312,1.4962375,1.0,1.0,0.17953427,0.38145724,0.076444715,1.0,1
ENSG00000150756,1.3381892,1.4962375,0.0042185225,1.0,0.18100306,0.38145724,0.0042185225,1.0,1
ENSG00000150756,1.3353857,1.4962375,1.0,1.0,0.17744727,0.38145724,0.05257854,1.0,1
ENSG00000150756,1.335305,1.4962375,0.5445271,0.70945615,0.17734489,0.38145724,-0.03424938,0.38899177,1
ENSG00000150756,1.3350974,1.4962375,0.5612386,0.47476727,0.1770816,0.38145724,0.008635752,-0.2132672,1
ENSG00000139517,1.2090485,0.48995847,1.0,1.0,0.017212503,-0.89481646,0.0575496,1.0,1
ENSG00000188859,1.1475534,-0.552842,1.0,1.0,-0.06078225,-2.2174106,-0.078817874,1.0,1
ENSG00000146411,1.1405909,0.11058974,1.0,1.0,-0.069612935,-1.3759736,0.0045623556,1.0,1
ENSG00000035141,1.2248858,1.8196096,1.0,1.0,0.037299126,0.7915934,0.07691867,1.0,1
ENSG00000035141,1.2215642,1.8196096,1.0,1.0,0.033086367,0.7915934,0.030258134,1.0,1
ENSG00000035141,1.2177082,1.8196096,1.0,0.0066541433,0.028195739,0.7915934,0.08487513,-1.4145398,1
ENSG00000173264,1.2535188,0.8363241,1.0,1.0,0.07361476,-0.45551747,0.042074546,1.0,1
ENSG00000173264,1.2535188,0.8363241,1.0,1.0,0.07361476,-0.45551747,0.042074546,1.0,1
ENSG00000173264,1.2535188,0.8363241,1.0,1.0,0.07361476,-0.45551747,0.042074546,1.0,1
ENSG00000173264,1.2712951,0.8363241,1.0,1.0,0.096160576,-0.45551747,0.1957104,1.0,1
ENSG00000173264,1.2731311,0.8363241,1.0,0.78095233,0.09848912,-0.45551747,0.20934848,0.57246554,1
ENSG00000173264,1.2606648,0.8363241,1.0,0.8428571,0.082678005,-0.45551747,0.15932032,0.7313256,1
ENSG00000163156,1.276884,1.198107,1.0,1.0,0.103248924,0.0033353174,0.081605844,1.0,1
ENSG00000184083,1.1743037,0.25767863,1.0,1.0,-0.026854731,-1.1894193,-0.022624575,1.0,1
ENSG00000184708,1.2349437,1.0951693,1.0,0.012254894,0.050055794,-0.12722151,0.11289213,-1.4001672,1
ENSG00000100697,1.22271,1.1858253,1.0,1.0,0.03453964,-0.012241607,0.1338611,1.0,1
ENSG00000100697,1.218228,1.1858253,1.0,1.0,0.028854921,-0.012241607,0.040784054,1.0,1
ENSG00000100697,1.2298717,1.1858253,1.0,0.9987421,0.043622866,-0.012241607,0.15069194,1.1313579,1
ENSG00000100697,1.2316722,1.1858253,1.0,0.061340958,0.045906372,-0.012241607,0.11081691,-1.2742025,1
ENSG00000100697,1.2105498,1.1858253,1.0,0.01997149,0.019116677,-0.012241607,0.12963155,-1.3803649,1
ENSG00000117362,1.2884519,1.9643538,1.0,1.0,0.11792065,0.97517383,0.21241973,1.0,1
ENSG00000117362,1.3006443,1.9643538,1.0,0.99881315,0.13338433,0.97517383,0.20950362,1.1315403,1
ENSG00000117362,1.2927817,1.9643538,1.0,0.98787576,0.12341221,0.97517383,0.21239999,1.1034727,1
ENSG00000080603,1.270808,0.53781915,1.0,1.0,0.09554279,-0.8341143,0.24572197,1.0,1
ENSG00000080603,1.2632219,0.53781915,1.0,1.0,0.08592112,-0.8341143,0.1258395,1.0,1
ENSG00000080603,1.2645414,0.53781915,1.0,1.0,0.08759466,-0.8341143,0.14508419,1.0,1
ENSG00000080603,1.2600644,0.53781915,1.0,0.8369565,0.081916526,-0.8341143,0.218274,0.7161834,1
ENSG00000064666,1.2730168,1.5922878,1.0,1.0,0.09834421,0.50327873,0.15211003,1.0,1
ENSG00000064666,1.2730168,1.5922878,1.0,1.0,0.09834421,0.50327873,0.15211003,1.0,1
ENSG00000064666,1.2771497,1.5922878,1.0,0.9964716,0.10358597,0.50327873,0.2020835,1.1255313,1
ENSG00000163463,1.2738303,2.0860748,-0.03367147,1.0,0.09937595,1.1295538,-0.03367147,1.0,1
ENSG00000163463,1.2870759,2.0860748,1.0,1.0,0.11617541,1.1295538,0.037305344,1.0,1
ENSG00000163463,1.2817641,2.0860748,1.0,1.0,0.10943852,1.1295538,0.05813109,1.0,1
ENSG00000102103,1.3048322,1.7841178,1.0,1.0,0.13869606,0.74657863,0.21599568,1.0,1
ENSG00000102103,1.2995647,1.7841178,1.0,1.0,0.13201511,0.74657863,0.23889175,1.0,1
ENSG00000085998,1.2988613,1.5644293,1.0,1.0,0.13112299,0.46794555,0.20784608,1.0,1
ENSG00000085998,1.282719,1.5644293,1.0,0.9806104,0.1106496,0.46794555,0.065007195,1.0848283,1
ENSG00000198176,1.2124287,1.822495,1.0,1.0,0.021499671,0.79525274,0.080515504,1.0,1
ENSG00000198176,1.1906501,1.822495,1.0,0.9376199,-0.0061223805,0.79525274,-0.03222944,0.97450614,1
ENSG00000175854,1.3357615,2.0201125,1.0,1.0,0.17792402,1.0458931,0.06468916,1.0,1
ENSG00000175854,1.3455672,2.0201125,1.0,1.0,0.19036067,1.0458931,0.1814048,1.0,1
ENSG00000010626,1.2216672,0.7671559,1.0,1.0,0.03321697,-0.54324424,0.11161472,1.0,1
ENSG00000010626,1.2152119,0.7671559,1.0,1.0,0.025029548,-0.54324424,0.06140455,1.0,1
ENSG00000104818,1.1838175,-0.72124636,1.0,1.0,-0.01478821,-2.4309995,0.08602681,1.0,1
ENSG00000104818,1.185658,-0.72124636,1.0,1.0,-0.012453884,-2.4309995,0.08494504,1.0,1
ENSG00000093010,1.3717092,2.4356375,1.0,1.0,0.22351682,1.5729073,-0.017666906,1.0,1
ENSG00000093010,1.3645844,2.4356375,1.0,1.0,0.21448028,1.5729073,0.177289,1.0,1
ENSG00000154957,1.2094233,0.63548374,1.0,1.0,0.017687932,-0.7102453,0.02081887,1.0,1
ENSG00000154957,1.2209932,0.63548374,1.0,1.0,0.032362156,-0.7102453,0.07237242,1.0,1
ENSG00000100605,1.2299381,1.3767594,1.0,1.0,0.043707162,0.2299219,0.08318706,1.0,1
ENSG00000100605,1.1805587,1.3767594,0.534278,0.96391153,-0.018921398,0.2299219,-0.060550645,1.0419756,1
ENSG00000148356,1.2631148,0.63245726,1.0,1.0,0.085785374,-0.7140838,0.076749265,1.0,1
ENSG00000148356,1.273525,0.63245726,1.0,1.0,0.09898876,-0.7140838,0.00758595,1.0,1
ENSG00000148356,1.2646209,0.63245726,1.0,0.99337745,0.08769558,-0.7140838,0.07064602,1.1175911,1
ENSG00000138375,1.2316514,1.349666,1.0,1.0,0.045880005,0.19555907,-0.0049796924,1.0,1
ENSG00000138375,1.2299007,1.349666,1.0,0.9495123,0.043659657,0.19555907,0.027478436,1.0050243,1
ENSG00000125945,1.3088809,0.8494194,1.0,1.0,0.14383106,-0.43890858,0.007401172,1.0,1
ENSG00000010803,1.2302755,1.4431064,1.0,1.0,0.04413499,0.31407055,0.023141783,1.0,1
ENSG00000010803,1.2425871,1.4431064,1.0,1.0,0.05974993,0.31407055,0.0569763,1.0,1
ENSG00000010803,1.2443455,1.4431064,1.0,1.0,0.061980084,0.31407055,0.039727103,1.0,1
ENSG00000010803,1.2543738,1.4431064,1.0,1.0,0.074699014,0.31407055,0.044035092,1.0,1
ENSG00000010803,1.2543738,1.4431064,1.0,1.0,0.074699014,0.31407055,0.044035092,1.0,1
ENSG00000010803,1.2299863,1.4431064,1.0,1.0,0.04376813,0.31407055,0.003896702,1.0,1
ENSG00000010803,1.2276919,1.4431064,-0.07609437,1.0,0.040858112,0.31407055,-0.07609437,1.0,1
ENSG00000010803,1.2381018,1.4431064,1.0,0.5620104,0.054061264,0.31407055,0.044959947,0.010616369,1
ENSG00000010803,1.2431276,1.4431064,1.0,0.767624,0.060435355,0.31407055,0.029142078,0.53826225,1
ENSG00000010803,1.245786,1.4431064,1.0,0.2798742,0.0638071,0.31407055,0.022229355,-0.7134021,1
ENSG00000171208,1.2134048,1.3787612,1.0,1.0,0.022737704,0.2324608,-0.015720904,1.0,1
ENSG00000171208,1.2243006,1.3787612,1.0,1.0,0.036556907,0.2324608,0.021374417,1.0,1
ENSG00000171208,1.2311746,1.3787612,1.0,1.0,0.04527524,0.2324608,0.11776152,1.0,1
ENSG00000171208,1.2030731,1.3787612,1.0,1.0,0.009633899,0.2324608,-0.014602661,1.0,1
ENSG00000124067,1.2752513,1.4531653,1.0,1.0,0.10117823,0.3268284,0.23655891,1.0,1
ENSG00000124067,1.2479538,1.4531653,1.0,1.0,0.06655644,0.3268284,0.117316216,1.0,1
ENSG00000124067,1.2497377,1.4531653,0.03341936,1.0,0.06881915,0.3268284,0.03341936,1.0,1
ENSG00000124067,1.2419542,1.4531653,0.5840181,0.08283517,0.05894716,0.3268284,0.06709246,-1.219044,1
ENSG00000124067,1.2497377,1.4531653,0.5708963,0.76568264,0.06881915,0.3268284,0.03341936,0.5332803,1
ENSG00000155755,1.1353719,1.154424,1.0,1.0,-0.07623214,-0.052068297,-0.02890683,1.0,1
ENSG00000155755,1.1655955,1.154424,1.0,1.0,-0.037899345,-0.052068297,0.091945544,1.0,1
ENSG00000155755,1.1531688,1.154424,1.0,1.0,-0.053660203,-0.052068297,0.03692206,1.0,1
ENSG00000155755,1.1564678,1.154424,1.0,1.0,-0.049476035,-0.052068297,0.058323458,1.0,1
ENSG00000155755,1.1554843,1.154424,1.0,1.0,-0.050723486,-0.052068297,0.07673767,1.0,1
ENSG00000155755,1.1651534,1.154424,1.0,1.0,-0.038460046,-0.052068297,-0.07059096,1.0,1
ENSG00000176208,1.2529073,1.2027607,1.0,1.0,0.07283908,0.009237637,0.17903534,1.0,1
ENSG00000172239,1.2652497,2.1279466,1.0,1.0,0.08849318,1.1826601,0.09067635,1.0,1
ENSG00000128581,1.2447948,0.72997427,1.0,1.0,0.062549934,-0.590402,0.07443047,1.0,1
ENSG00000128581,1.2384019,0.72997427,1.0,0.8701594,0.054441698,-0.590402,0.074687675,0.80138886,1
ENSG00000128581,1.2247709,0.72997427,1.0,0.8967136,0.0371534,-0.590402,0.03303727,0.86953217,1
ENSG00000128581,1.2330838,0.72997427,1.0,0.0,0.04769677,-0.590402,0.1329927,-1.4316157,1
ENSG00000028116,1.2750617,1.4935974,1.0,1.0,0.10093783,0.37810877,0.015892994,1.0,1
ENSG00000028116,1.2707691,1.4935974,-0.005795397,1.0,0.095493436,0.37810877,-0.005795397,1.0,1
ENSG00000028116,1.2692692,1.4935974,1.0,1.0,0.093591034,0.37810877,0.023794107,1.0,1
ENSG00000028116,1.2861165,1.4935974,1.0,1.0,0.11495857,0.37810877,0.10949013,1.0,1
ENSG00000028116,1.2770553,1.4935974,0.49619216,0.0,0.10346624,0.37810877,-0.1582866,-1.4316157,1
ENSG00000028116,1.2778181,1.4935974,0.5256238,0.0,0.1044337,0.37810877,-0.08275908,-1.4316157,1
ENSG00000028116,1.2730913,1.4935974,1.0,0.063675344,0.098438725,0.37810877,0.048757054,-1.268212,1
ENSG00000028116,1.2750868,1.4935974,1.0,0.88485646,0.10096949,0.37810877,0.068651386,0.8391044,1
ENSG00000028116,1.2812774,1.4935974,0.5018773,0.045859456,0.10882126,0.37810877,-0.14369732,-1.3139311,1
ENSG00000103490,1.179309,1.1826999,1.0,0.4355895,-0.020506326,-0.016205654,0.12635708,-0.31380522,1
ENSG00000100934,1.2107587,1.5670264,1.0,1.0,0.019381583,0.4712394,0.03093114,1.0,1
ENSG00000100934,1.2169907,1.5670264,1.0,0.6999506,0.02728574,0.4712394,0.07436269,0.36459854,1
ENSG00000166529,1.2360764,0.9609462,1.0,1.0,0.0514922,-0.29745808,0.12809485,1.0,1
ENSG00000166529,1.2187517,0.9609462,1.0,0.097014904,0.029519245,-0.29745808,0.0949675,-1.1826559,1
ENSG00000088930,1.2719593,1.6702458,1.0,1.0,0.09700298,0.60215366,0.07723384,1.0,1
ENSG00000088930,1.2839669,1.6702458,1.0,1.0,0.11223234,0.60215366,0.07633307,1.0,1
ENSG00000088930,1.2599463,1.6702458,1.0,1.0,0.08176677,0.60215366,-0.027052887,1.0,1
ENSG00000164309,1.0584168,-0.4089353,1.0,1.0,-0.1738351,-2.0348923,-0.0014208555,1.0,1
ENSG00000164309,1.0681714,-0.4089353,1.0,1.0,-0.16146334,-2.0348923,-0.011919886,1.0,1
ENSG00000087995,1.2155482,1.41397,1.0,1.0,0.02545607,0.27711645,0.027687825,1.0,1
ENSG00000087995,1.2128776,1.41397,1.0,0.8200836,0.022069022,0.27711645,0.042343646,0.67288435,1
ENSG00000101882,1.2268888,0.6848454,1.0,1.0,0.03983961,-0.64763945,0.090445265,1.0,1
ENSG00000101882,1.2261875,0.6848454,1.0,1.0,0.038950086,-0.64763945,0.10731208,1.0,1
ENSG00000215717,1.3270341,1.3149201,-0.03262396,1.0,0.16685481,0.15149046,-0.03262396,1.0,1
ENSG00000188938,1.2142364,1.4747988,1.0,1.0,0.023792401,0.3542663,0.05524534,1.0,1
ENSG00000188938,1.1943138,1.4747988,0.54311293,0.40563276,-0.0014756918,0.3542663,-0.03787841,-0.39068025,1
ENSG00000057608,1.3085485,2.2882044,1.0,1.0,0.14340927,1.3859167,0.18388617,1.0,1
ENSG00000057608,1.2990843,2.2882044,1.0,1.0,0.13140586,1.3859167,0.10899222,1.0,1
ENSG00000057608,1.2957346,2.2882044,1.0,0.91717905,0.12715752,1.3859167,0.08959689,0.9220507,1
ENSG00000164070,1.2725966,1.0178677,1.0,1.0,0.09781125,-0.22526394,0.10178959,1.0,1
ENSG00000164070,1.2633848,1.0178677,1.0,0.98449606,0.08612785,-0.22526394,0.07472123,1.0947998,1
ENSG00000108518,1.2686911,2.5666847,1.0,1.0,0.09285782,1.7391162,0.13854808,1.0,1
ENSG00000175764,1.1655061,0.28103334,1.0,1.0,-0.038012676,-1.1597983,-0.024820372,1.0,1
ENSG00000175764,1.1656342,0.28103334,1.0,0.39759034,-0.03785026,-1.1597983,-0.057415634,-0.41131872,1
ENSG00000020633,1.1066127,-0.9208188,1.0,1.0,-0.11270787,-2.6841192,-0.047343515,1.0,1
ENSG00000169359,1.2824844,1.3277675,1.0,1.0,0.110351995,0.167785,0.17665914,1.0,1
ENSG00000163807,1.28923,1.4502491,1.0,1.0,0.11890757,0.32312965,0.13283084,1.0,1
ENSG00000164182,1.2557774,1.6754117,1.0,1.0,0.076479286,0.6087056,0.11440154,1.0,1
ENSG00000164182,1.2522459,1.6754117,1.0,1.0,0.07200028,0.6087056,0.05189217,1.0,1
ENSG00000164182,1.2522459,1.6754117,1.0,0.94950426,0.07200028,0.6087056,0.05189217,1.0050037,1
ENSG00000117560,1.1127614,-0.9208188,1.0,1.0,-0.104909286,-2.6841192,-0.061171517,1.0,1
ENSG00000197142,1.1180358,-0.045757413,1.0,1.0,-0.09821975,-1.5742702,0.006328799,1.0,1
ENSG00000149922,1.2333162,-0.69896996,1.0,1.0,0.047991514,-2.4027462,0.12129705,1.0,1
ENSG00000166321,1.2478441,0.9329808,1.0,1.0,0.066417366,-0.33292684,0.028181963,1.0,1
ENSG00000166321,1.2478441,0.9329808,1.0,1.0,0.066417366,-0.33292684,0.028181963,1.0,1
ENSG00000166321,1.2413595,0.9329808,1.0,1.0,0.058192924,-0.33292684,0.00442715,1.0,1
ENSG00000166321,1.242355,0.9329808,1.0,1.0,0.05945547,-0.33292684,0.012088679,1.0,1
ENSG00000166321,1.2613318,0.9329808,1.0,1.0,0.08352402,-0.33292684,0.119291395,1.0,1
ENSG00000166321,1.2613318,0.9329808,1.0,1.0,0.08352402,-0.33292684,0.119291395,1.0,1
ENSG00000166321,1.269997,0.9329808,1.0,1.0,0.0945141,-0.33292684,0.12979054,1.0,1
ENSG00000166321,1.2652271,0.9329808,1.0,1.0,0.08846435,-0.33292684,0.102848664,1.0,1
ENSG00000166321,1.2498598,0.9329808,1.0,1.0,0.06897387,-0.33292684,0.020569574,1.0,1
ENSG00000141027,1.2353725,1.6990569,1.0,1.0,0.050599568,0.63869494,0.083219215,1.0,1
ENSG00000141027,1.2336702,1.6990569,1.0,1.0,0.048440583,0.63869494,0.07583044,1.0,1
ENSG00000141027,1.2090498,1.6990569,-0.0037808605,1.0,0.017214231,0.63869494,-0.0037808605,1.0,1
ENSG00000141027,1.2237176,1.6990569,1.0,1.0,0.035817437,0.63869494,0.033692986,1.0,1
ENSG00000141027,1.242523,1.6990569,1.0,0.33444816,0.05966854,0.63869494,0.080816746,-0.5733543,1
ENSG00000141027,1.2210616,1.6990569,1.0,0.25744125,0.032448836,0.63869494,0.107506715,-0.77096957,1
ENSG00000141027,1.2204776,1.6990569,0.54124093,0.29598445,0.031708233,0.63869494,-0.042682335,-0.67205995,1
ENSG00000158711,1.2426472,0.9444827,1.0,1.0,0.059826046,-0.31833893,0.09339007,1.0,1
ENSG00000158711,1.250605,0.9444827,1.0,1.0,0.06991905,-0.31833893,0.13893926,1.0,1
ENSG00000158711,1.2531976,0.9444827,1.0,1.0,0.073207304,-0.31833893,0.031447984,1.0,1
ENSG00000159479,1.32252,1.3298045,1.0,1.0,0.16112955,0.17036858,0.16606213,1.0,1
ENSG00000159479,1.3287174,1.3298045,1.0,1.0,0.16898976,0.17036858,0.26786673,1.0,1
ENSG00000159479,1.3186711,1.3298045,1.0,1.0,0.15624802,0.17036858,0.1460565,1.0,1
ENSG00000187796,1.251262,1.1775365,1.0,1.0,0.07075228,-0.02275445,0.1337843,1.0,1
ENSG00000187796,1.2531193,1.1775365,1.0,1.0,0.07310808,-0.02275445,0.1571221,1.0,1
ENSG00000170324,1.1199278,0.079181194,1.0,1.0,-0.09582019,-1.4158093,-0.0030910186,1.0,1
ENSG00000139613,1.2467176,1.6319509,1.0,1.0,0.06498861,0.55358374,0.085897446,1.0,1
ENSG00000139613,1.2156447,1.6319509,0.5777457,0.96204376,0.02557858,0.55358374,0.050996147,1.0371826,1
ENSG00000139613,1.2428119,1.6319509,1.0,0.35400516,0.06003511,0.55358374,0.03020693,-0.52316713,1
ENSG00000111319,1.1375965,-0.61978865,1.0,1.0,-0.07341073,-2.3023198,0.06743704,1.0,1
ENSG00000111319,1.1324611,-0.61978865,1.0,1.0,-0.07992399,-2.3023198,-0.02060546,1.0,1
ENSG00000111319,1.1458535,-0.61978865,1.0,1.0,-0.06293821,-2.3023198,0.043783113,1.0,1
ENSG00000114812,1.1778576,-0.61978865,-0.087919146,1.0,-0.022347197,-2.3023198,-0.087919146,1.0,1
ENSG00000198952,1.2897886,1.5755342,1.0,1.0,0.11961606,0.48202997,0.21015081,1.0,1
ENSG00000198952,1.2747465,1.5755342,1.0,1.0,0.100538,0.48202997,0.17428556,1.0,1
ENSG00000198952,1.2756037,1.5755342,1.0,1.0,0.101625144,0.48202997,0.19685818,1.0,1
ENSG00000156535,1.1304991,-0.88605666,1.0,1.0,-0.08241243,-2.64003,-0.00077687576,1.0,1
ENSG00000133321,1.1513482,-0.30980396,1.0,1.0,-0.055969298,-1.909163,-0.048484318,1.0,1
ENSG00000133321,1.1860325,-0.30980396,1.0,1.0,-0.011978798,-1.909163,0.0099452585,1.0,1
ENSG00000130304,1.2330849,0.117271304,1.0,1.0,0.047698244,-1.3674992,0.17326891,1.0,1
ENSG00000122483,1.2854006,1.2400497,1.0,1.0,0.114050746,0.05653175,0.055621322,1.0,1
ENSG00000122483,1.2755095,1.2400497,1.0,1.0,0.10150568,0.05653175,-0.045550518,1.0,1
ENSG00000172057,1.2490208,1.5855734,1.0,1.0,0.06790979,0.49476293,0.20537613,1.0,1
ENSG00000205236,1.1326146,-0.72124636,1.0,1.0,-0.07972936,-2.4309995,0.027866818,1.0,1
ENSG00000086061,1.2535897,2.133858,1.0,1.0,0.073704615,1.1901577,0.14545271,1.0,1
ENSG00000086061,1.2626587,2.133858,1.0,1.0,0.085206926,1.1901577,0.12300205,1.0,1
ENSG00000086061,1.258534,2.133858,1.0,1.0,0.07997547,1.1901577,0.11204682,1.0,1
ENSG00000047315,1.2538884,2.1932638,1.0,1.0,0.07408339,1.2655025,0.082308084,1.0,1
ENSG00000047315,1.2506714,2.1932638,1.0,1.0,0.07000327,1.2655025,0.09232283,1.0,1
ENSG00000047315,1.265224,2.1932638,1.0,1.0,0.08846049,1.2655025,0.17120147,1.0,1
ENSG00000047315,1.246769,2.1932638,1.0,1.0,0.065053776,1.2655025,0.03842897,1.0,1
ENSG00000047315,1.259311,2.1932638,1.0,1.0,0.08096093,1.2655025,0.16810197,1.0,1
ENSG00000047315,1.2466209,2.1932638,1.0,1.0,0.06486596,1.2655025,0.04733683,1.0,1
ENSG00000047315,1.2475225,2.1932638,0.5549767,0.0,0.0660094,1.2655025,-0.007433597,-1.4316157,1
ENSG00000047315,1.2489138,2.1932638,1.0,0.7831654,0.067774,1.2655025,0.08571148,0.5781446,1
ENSG00000137103,1.1890633,0.2966652,-0.027156256,1.0,-0.008134905,-1.1399722,-0.027156256,1.0,1
ENSG00000137103,1.1803943,0.2966652,-0.06100391,1.0,-0.01912982,-1.1399722,-0.06100391,1.0,1
ENSG00000137103,1.2041506,0.2966652,1.0,1.0,0.011000447,-1.1399722,0.12685311,1.0,1
ENSG00000137103,1.2125417,0.2966652,1.0,1.0,0.02164299,-1.1399722,0.10975092,1.0,1
ENSG00000137103,1.2077491,0.2966652,1.0,1.0,0.015564546,-1.1399722,0.074648514,1.0,1
ENSG00000100403,1.2248373,1.2482185,1.0,1.0,0.03723763,0.0668923,0.07889442,1.0,1
ENSG00000101596,1.2700835,1.746712,1.0,1.0,0.09462386,0.6991365,0.12065837,1.0,1
ENSG00000101596,1.2784443,1.746712,1.0,1.0,0.10522795,0.6991365,0.09494537,1.0,1
ENSG00000101596,1.2885951,1.746712,1.0,1.0,0.11810225,0.6991365,0.121441655,1.0,1
ENSG00000101596,1.2878968,1.746712,1.0,1.0,0.11721663,0.6991365,0.097922556,1.0,1
ENSG00000101596,1.2795842,1.746712,1.0,0.021551728,0.10667369,0.6991365,0.075315535,-1.3763096,1
ENSG00000101596,1.290143,1.746712,1.0,0.021551728,0.12006551,0.6991365,0.18416794,-1.3763096,1
ENSG00000101596,1.2887092,1.746712,1.0,0.021551728,0.118247,0.6991365,0.19643107,-1.3763096,1
ENSG00000065308,1.2220427,0.81291336,1.0,1.0,0.033693224,-0.48520958,0.03389205,1.0,1
ENSG00000156384,1.2225727,0.69810057,1.0,1.0,0.034365475,-0.6308278,0.043088987,1.0,1
ENSG00000067064,1.2861365,2.2841597,1.0,1.0,0.114984035,1.3807869,0.17597394,1.0,1
ENSG00000067064,1.2817476,2.2841597,1.0,1.0,0.10941756,1.3807869,0.16832596,1.0,1
ENSG00000067064,1.2835037,2.2841597,1.0,1.0,0.1116447,1.3807869,0.17350025,1.0,1
ENSG00000067064,1.2911233,2.2841597,1.0,0.8615303,0.12130882,1.3807869,0.20026164,0.7792447,1
ENSG00000126562,1.2474211,0.7176705,1.0,1.0,0.065881,-0.60600704,0.12132865,1.0,1
ENSG00000126562,1.2752616,0.7176705,1.0,1.0,0.10119133,-0.60600704,0.2213198,1.0,1
ENSG00000126562,1.2484579,0.7176705,1.0,1.0,0.06719588,-0.60600704,0.12760076,1.0,1
ENSG00000119514,1.1920769,1.8222988,1.0,1.0,-0.0043126643,0.795004,0.004323084,1.0,1
ENSG00000204634,1.1935115,-0.004364848,1.0,1.0,-0.0024931654,-1.5217716,0.105194844,1.0,1
ENSG00000117139,1.2283005,1.7192483,1.0,1.0,0.04163006,0.6643041,0.08546616,1.0,1
ENSG00000100890,1.2422633,1.4496326,-0.07206032,1.0,0.059339255,0.3223478,-0.07206032,1.0,1
ENSG00000100890,1.2422633,1.4496326,-0.07206032,1.0,0.059339255,0.3223478,-0.07206032,1.0,1
ENSG00000100890,1.2511995,1.4496326,1.0,1.0,0.07067305,0.3223478,0.06301208,1.0,1
ENSG00000100890,1.255088,1.4496326,1.0,1.0,0.07560481,0.3223478,0.09186914,1.0,1
ENSG00000100890,1.2435554,1.4496326,1.0,0.83262885,0.060978085,0.3223478,0.007548105,0.7050779,1
ENSG00000120899,1.2224882,1.3609719,1.0,1.0,0.034258284,0.20989846,0.07238792,1.0,1
ENSG00000120899,1.2331185,1.3609719,1.0,1.0,0.047740825,0.20989846,0.02662997,1.0,1
ENSG00000120899,1.2149208,1.3609719,1.0,0.8305932,0.024660371,0.20989846,-0.04821512,0.6998541,1
ENSG00000091483,1.2710239,2.2148967,1.0,1.0,0.0958166,1.2929399,0.13077378,1.0,1
ENSG00000091483,1.277748,2.2148967,1.0,1.0,0.104344726,1.2929399,0.11861481,1.0,1
ENSG00000091483,1.2722868,2.2148967,1.0,1.0,0.09741826,1.2929399,0.120826736,1.0,1
ENSG00000011052,1.2754722,1.043755,1.0,1.0,0.101458326,-0.19243069,0.040417105,1.0,1
ENSG00000011052,1.2916218,1.043755,1.0,1.0,0.121941045,-0.19243069,0.12062162,1.0,1
ENSG00000011052,1.2787358,1.043755,1.0,0.0,0.105597556,-0.19243069,0.07766445,-1.4316157,1
ENSG00000076984,1.3121645,1.0831442,1.0,1.0,0.14799573,-0.1424732,0.2621313,1.0,1
ENSG00000076984,1.3084067,1.0831442,1.0,1.0,0.14322954,-0.1424732,0.2782249,1.0,1
ENSG00000076984,1.294516,1.0831442,1.0,0.7260869,0.12561178,-0.1424732,0.16019088,0.43166977,1
ENSG00000076984,1.2917526,1.0831442,0.5430819,0.06877729,0.12210694,-0.1424732,-0.037958063,-1.2551193,1
ENSG00000166949,1.2495972,1.1658376,1.0,1.0,0.06864083,-0.037592247,0.14151827,1.0,1
ENSG00000166949,1.2495972,1.1658376,1.0,1.0,0.06864083,-0.037592247,0.14151827,1.0,1
ENSG00000166949,1.2383723,1.1658376,1.0,1.0,0.054404236,-0.037592247,0.104853556,1.0,1
ENSG00000166949,1.2160517,1.1658376,-0.014810443,1.0,0.026094757,-0.037592247,-0.014810443,1.0,1
ENSG00000166949,1.2466911,1.1658376,1.0,1.0,0.064955086,-0.037592247,0.06318438,1.0,1
ENSG00000166949,1.237812,1.1658376,1.0,1.0,0.053693697,-0.037592247,0.13343866,1.0,1
ENSG00000160284,1.2406704,1.06032,1.0,1.0,0.057319015,-0.17142126,0.1586942,1.0,1
ENSG00000160284,1.2308218,1.06032,1.0,0.02282703,0.04482788,-0.17142126,0.0054689795,-1.373037,1
ENSG00000103479,1.233154,1.8020892,1.0,1.0,0.047785826,0.769372,0.02491761,1.0,1
ENSG00000103479,1.2262356,1.8020892,0.549256,0.47381485,0.039011136,0.769372,-0.022113994,-0.21571133,1
ENSG00000140395,1.2926984,2.1770167,1.0,1.0,0.12330653,1.2448962,0.0713968,1.0,1
ENSG00000140395,1.2842492,2.1770167,-0.013394035,1.0,0.11259036,1.2448962,-0.013394035,1.0,1
ENSG00000140395,1.2957976,2.1770167,1.0,1.0,0.12723735,1.2448962,0.053840883,1.0,1
ENSG00000140395,1.3131176,2.1770167,1.0,1.0,0.14920443,1.2448962,0.17141561,1.0,1
ENSG00000140395,1.3115016,2.1770167,1.0,1.0,0.14715491,1.2448962,0.18190482,1.0,1
ENSG00000140395,1.3100251,2.1770167,1.0,1.0,0.14528218,1.2448962,0.18227684,1.0,1
ENSG00000140395,1.2937325,2.1770167,1.0,1.0,0.12461811,1.2448962,0.03711776,1.0,1
ENSG00000140395,1.2937719,2.1770167,1.0,1.0,0.12466809,1.2448962,0.042986877,1.0,1
ENSG00000140395,1.2792956,2.1770167,-0.0635551,1.0,0.10630761,1.2448962,-0.0635551,1.0,1
ENSG00000140395,1.2904993,2.1770167,1.0,1.0,0.12051746,1.2448962,-0.011369653,1.0,1
ENSG00000117713,1.2399048,1.198657,1.0,1.0,0.056347907,0.0040329993,0.12302937,1.0,1
ENSG00000117713,1.2429484,1.198657,1.0,1.0,0.060208082,0.0040329993,0.2207902,1.0,1
ENSG00000146109,1.2700065,1.5653754,1.0,1.0,0.09452623,0.4691456,0.26503184,1.0,1
ENSG00000035499,1.271625,1.7120601,1.0,1.0,0.096579075,0.65518713,0.108196236,1.0,1
ENSG00000035499,1.2817899,1.7120601,1.0,0.7638972,0.10947114,0.65518713,0.11128633,0.52869844,1
ENSG00000035499,1.2669234,1.7120601,1.0,0.014558315,0.09061593,0.65518713,0.12909545,-1.3942561,1
ENSG00000035499,1.2521812,1.7120601,1.0,0.0019924045,0.07191813,0.65518713,-0.024910234,-1.4265028,1
ENSG00000114554,1.1218758,1.5731038,1.0,1.0,-0.09334955,0.47894743,-0.008153427,1.0,1
ENSG00000114554,1.1399602,1.5731038,1.0,1.0,-0.07041291,0.47894743,0.05544255,1.0,1
ENSG00000139629,1.1806477,0.79379034,1.0,1.0,-0.018808372,-0.5094634,0.033333547,1.0,1
ENSG00000139629,1.1716505,0.79379034,1.0,1.0,-0.030219708,-0.5094634,0.008510135,1.0,1
ENSG00000139629,1.1747035,0.79379034,1.0,0.89329267,-0.026347548,-0.5094634,-0.028409064,0.8607534,1
ENSG00000184232,1.1936501,0.79098845,1.0,1.0,-0.0023172945,-0.5130171,0.058269486,1.0,1
ENSG00000184232,1.1913806,0.79098845,1.0,1.0,-0.0051957443,-0.5130171,0.04850834,1.0,1
ENSG00000096654,1.262713,1.0017337,1.0,1.0,0.08527568,-0.24572685,0.15850012,1.0,1
ENSG00000067182,1.241539,1.351603,1.0,1.0,0.05842057,0.1980159,0.15619302,1.0,1
ENSG00000067182,1.2556479,1.351603,1.0,0.9922929,0.076315045,0.1980159,0.18861428,1.1148078,1
ENSG00000067182,1.2550781,1.351603,1.0,0.9961315,0.075592265,0.1980159,0.13296106,1.1246586,1
ENSG00000141428,1.2677058,1.6324573,1.0,1.0,0.09160824,0.5542261,0.115268655,1.0,1
ENSG00000141428,1.2677058,1.6324573,1.0,1.0,0.09160824,0.5542261,0.115268655,1.0,1
ENSG00000141428,1.2776302,1.6324573,1.0,1.0,0.104195446,0.5542261,0.12279263,1.0,1
ENSG00000131148,1.2639748,1.5896145,1.0,1.0,0.08687614,0.49988818,0.068825945,1.0,1
ENSG00000131148,1.2821896,1.5896145,1.0,0.9720955,0.109978154,0.49988818,0.17769335,1.0629773,1
ENSG00000090932,1.0922565,0.2718416,1.0,1.0,-0.13091585,-1.1714562,-0.043848522,1.0,1
ENSG00000007168,1.2391124,1.6084191,1.0,1.0,0.055342868,0.52373815,0.05613204,1.0,1
ENSG00000007168,1.2489251,1.6084191,1.0,1.0,0.06778842,0.52373815,0.12669457,1.1345859,1
ENSG00000146757,1.217841,0.9479236,1.0,0.8916913,0.028364152,-0.31397474,0.062269136,0.85664415,1
ENSG00000146757,1.2193992,0.9479236,1.0,0.05806449,0.03034053,-0.31397474,0.0628806,-1.2826105,1
ENSG00000146757,1.2275243,0.9479236,1.0,0.3333333,0.040645644,-0.31397474,0.06424881,-0.5762152,1
ENSG00000146757,1.2347142,0.9479236,1.0,0.9852459,0.04976455,-0.31397474,0.10417837,1.0967239,1
ENSG00000114790,1.1319842,-0.9208188,1.0,1.0,-0.08052881,-2.6841192,-0.028906986,1.0,1
ENSG00000107164,1.2764919,1.4774107,-0.08503851,1.0,0.10275169,0.35757893,-0.08503851,1.0,1
ENSG00000107164,1.313102,1.4774107,1.0,1.0,0.14918463,0.35757893,0.13729286,1.0,1
ENSG00000107164,1.3143692,1.4774107,1.0,1.0,0.15079182,0.35757893,0.14097336,1.0,1
ENSG00000107164,1.2924335,1.4774107,1.0,1.0,0.12297051,0.35757893,0.16671705,1.0,1
ENSG00000168610,1.3023168,1.9132838,1.0,1.0,0.1355057,0.9104012,0.18665119,1.0,1
ENSG00000168610,1.2734141,1.9132838,0.009650063,1.0,0.098848134,0.9104012,0.009650063,1.0,1
ENSG00000168610,1.3068674,1.9132838,1.0,1.0,0.1412771,0.9104012,0.1963608,1.0,1
ENSG00000168610,1.3129033,1.9132838,1.0,1.0,0.14893267,0.9104012,0.19601321,1.0,1
ENSG00000168610,1.2871139,1.9132838,1.0,0.99242425,0.11622374,0.9104012,0.11208053,1.115145,1
ENSG00000168610,1.2863384,1.9132838,1.0,0.9997371,0.11524013,0.9104012,0.06797385,1.1339113,1
ENSG00000162642,1.2378278,1.4671639,1.0,1.0,0.05371353,0.34458292,0.04207707,1.0,1
ENSG00000162642,1.2324164,1.4671639,1.0,0.4226557,0.046850204,0.34458292,0.13769662,-0.34699595,1
ENSG00000181523,1.214409,0.45178646,1.0,1.0,0.024011306,-0.9432304,0.12261136,1.0,1
ENSG00000181523,1.1996596,0.45178646,1.0,0.58288765,0.005304463,-0.9432304,0.04439745,0.06419162,1
ENSG00000095564,1.2266015,1.7922516,-0.02723454,1.0,0.039475203,0.75689477,-0.02723454,1.0,1
ENSG00000095564,1.2483317,1.7922516,1.0,1.0,0.06703581,0.75689477,0.08689958,1.0,1
ENSG00000095564,1.2496152,1.7922516,1.0,1.0,0.06866367,0.75689477,0.07594155,1.0,1
ENSG00000164896,1.2717206,1.6710802,1.0,1.0,0.09670022,0.60321194,0.1391406,1.0,1
ENSG00000164896,1.2806339,1.6710802,0.5788392,0.9910394,0.10800503,0.60321194,0.053802323,1.1115912,1
ENSG00000117877,1.258206,0.8530895,0.06260927,1.0,0.079559505,-0.43425375,0.06260927,1.0,1
ENSG00000101199,1.2568991,1.7181695,1.0,1.0,0.07790199,0.6629356,0.09704338,1.0,1
ENSG00000101199,1.2170439,1.7181695,1.0,0.9925047,0.027353175,0.6629356,-0.0228592,1.1153514,1
ENSG00000101199,1.2499923,1.7181695,1.0,0.952922,0.06914191,0.6629356,0.085729964,1.0137744,1
ENSG00000101199,1.220584,1.7181695,0.51080585,0.011111081,0.031843133,0.6629356,-0.12078485,-1.4031024,1
ENSG00000101199,1.225449,1.7181695,1.0,0.01296407,0.0380134,0.6629356,0.03339947,-1.3983474,1
ENSG00000134970,1.259997,1.4878451,1.0,1.0,0.08183105,0.37081304,0.12209651,1.0,1
ENSG00000088356,1.274037,1.3184807,1.0,1.0,0.099638104,0.1560065,-0.0016562045,1.0,1
ENSG00000088356,1.2839683,1.3184807,1.0,1.0,0.112234145,0.1560065,0.12887889,1.0,1
ENSG00000088356,1.2763821,1.3184807,1.0,1.0,0.10261242,0.1560065,-0.042111874,1.0,1
ENSG00000168894,1.3154621,2.50737,1.0,1.0,0.15217791,1.6638865,0.22458875,1.0,1
ENSG00000169682,1.2192781,1.11294,1.0,1.0,0.030186847,-0.104682855,-0.020046964,1.0,1
ENSG00000169682,1.2278628,1.11294,1.0,1.0,0.041074984,-0.104682855,-0.022993892,1.1345859,1
ENSG00000169682,1.2497679,1.11294,1.0,0.928494,0.06885733,-0.104682855,0.14893125,0.9510872,1
ENSG00000008394,1.1677792,1.8624295,1.0,1.0,-0.035129655,0.84590214,-0.02030547,1.0,1
ENSG00000008394,1.1655258,1.8624295,1.0,0.9928534,-0.03798767,0.84590214,-0.021589212,1.1162465,1
ENSG00000008394,1.166937,1.8624295,1.0,0.0021577477,-0.03619795,0.84590214,-0.02965469,-1.4260786,1
ENSG00000101132,1.3190404,1.6816933,1.0,1.0,0.15671636,0.6166727,0.07385316,1.0,1
ENSG00000101132,1.3214338,1.6816933,1.0,1.0,0.15975194,0.6166727,0.09100964,1.0,1
ENSG00000181135,1.1964443,0.5352941,1.0,1.0,0.0012264773,-0.8373168,-0.027470522,1.0,1
ENSG00000167657,1.200624,1.3261309,1.0,1.0,0.006527722,0.16570936,-0.006176695,1.0,1
ENSG00000185344,1.2457458,1.8576941,1.0,1.0,0.06375608,0.8398963,0.03840652,1.0,1
ENSG00000185344,1.2355626,1.8576941,1.0,1.0,0.05084055,0.8398963,-0.0113954395,1.0,1
ENSG00000166268,1.1135957,-0.9586072,1.0,1.0,-0.103851095,-2.7320466,0.0037335902,1.0,1
ENSG00000164010,1.2644107,1.2005769,1.0,1.0,0.08742902,0.006467951,0.10223697,1.0,1
ENSG00000239713,1.1543095,0.88930166,1.0,1.0,-0.05221345,-0.38832548,0.0036749914,1.0,1
ENSG00000239713,1.1543095,0.88930166,1.0,1.0,-0.05221345,-0.38832548,0.0036749914,1.0,1
ENSG00000239713,1.1717362,0.88930166,1.0,1.0,-0.03011097,-0.38832548,0.0815881,1.0,1
ENSG00000239713,1.1524441,0.88930166,1.0,1.0,-0.05457941,-0.38832548,-0.021944419,1.0,1
ENSG00000239713,1.1745602,0.88930166,1.0,1.0,-0.026529253,-0.38832548,0.07753457,1.0,1
ENSG00000239713,1.1704181,0.88930166,1.0,0.94386995,-0.031782668,-0.38832548,0.08240767,0.99054503,1
ENSG00000151208,1.2305896,0.91698,1.0,1.0,0.044533446,-0.35322076,0.08153121,1.0,1
ENSG00000151208,1.204374,0.91698,1.0,0.5102362,0.011283815,-0.35322076,-0.0055480152,-0.12224673,1
ENSG00000151208,1.210951,0.91698,1.0,0.037037015,0.019625485,-0.35322076,0.034493163,-1.3365712,1
ENSG00000072135,1.2543988,1.6394864,-0.030666396,1.0,0.0747308,0.5631413,-0.030666396,1.0,1
ENSG00000072135,1.2913628,1.6394864,1.0,1.0,0.12161249,0.5631413,0.16365968,1.0,1
ENSG00000072135,1.3020904,1.6394864,1.0,1.0,0.13521859,0.5631413,0.19094977,1.0,1
ENSG00000155368,1.2820656,2.024034,1.0,1.0,0.10982096,1.0508666,0.1511482,1.0,1
ENSG00000155368,1.2749524,2.024034,1.0,0.00058466196,0.10079917,1.0508666,0.080722205,-1.4301153,1
ENSG00000155368,1.2477293,2.024034,0.52181065,0.004561782,0.06627177,1.0508666,-0.09254441,-1.4199094,1
ENSG00000155368,1.2455422,2.024034,0.5192675,0.0,0.06349787,1.0508666,-0.09907064,-1.4316157,1
ENSG00000174928,1.2123063,0.71180725,1.0,1.0,0.02134446,-0.6134435,-0.009648502,1.0,1
ENSG00000186994,1.1782063,-0.7958801,1.0,1.0,-0.021904945,-2.5256581,0.089001894,1.0,1
ENSG00000229809,1.2441875,0.2718416,1.0,1.0,0.061779723,-1.1714562,0.20879073,1.0,1
ENSG00000229809,1.2422585,0.2718416,1.0,1.0,0.05933316,-1.1714562,0.13731916,1.0,1
ENSG00000100209,1.2597848,0.91698,1.0,1.0,0.08156188,-0.35322076,0.098866194,1.0,1
ENSG00000100209,1.2546773,0.91698,1.0,1.0,0.07508394,-0.35322076,0.0022572055,1.0,1
ENSG00000129315,1.282513,1.5712428,1.0,1.0,0.11038831,0.4765872,0.020532984,1.0,1
ENSG00000129315,1.2906845,1.5712428,0.5628672,0.6581071,0.120752186,0.4765872,0.012815129,0.2572198,1
ENSG00000171953,1.2573528,0.9609462,1.0,1.0,0.0784774,-0.29745808,0.13604373,1.0,1
ENSG00000171953,1.2633195,0.9609462,1.0,0.9010416,0.08604503,-0.29745808,0.10547764,0.88063884,1
ENSG00000171953,1.2563461,0.9609462,1.0,0.8753623,0.07720062,-0.29745808,0.06878193,0.8147405,1
ENSG00000137747,1.1357064,-0.4559319,1.0,1.0,-0.07580794,-2.0944986,0.0410396,1.0,1
ENSG00000137747,1.1284475,-0.4559319,1.0,1.0,-0.08501446,-2.0944986,-0.031294435,1.0,1
ENSG00000137747,1.1323104,-0.4559319,1.0,1.0,-0.08011509,-2.0944986,-0.0073417425,1.0,1
ENSG00000137747,1.1300886,-0.4559319,1.0,1.0,-0.082933076,-2.0944986,-0.010452438,1.0,1
ENSG00000137747,1.0952209,-0.4559319,1.0,1.0,-0.12715603,-2.0944986,-0.061350614,1.0,1
ENSG00000137747,1.1254859,-0.4559319,1.0,1.0,-0.08877079,-2.0944986,-0.051186025,1.0,1
ENSG00000137747,1.1128533,-0.4559319,1.0,1.0,-0.10479278,-2.0944986,-0.043068126,1.0,1
ENSG00000137747,1.1361793,-0.4559319,1.0,1.0,-0.075208135,-2.0944986,0.054680437,1.0,1
ENSG00000137747,1.1245925,-0.4559319,1.0,1.0,-0.08990372,-2.0944986,-0.025310062,1.0,1
ENSG00000137747,1.1245925,-0.4559319,1.0,1.0,-0.08990372,-2.0944986,-0.025310062,1.0,1
ENSG00000137747,1.0920833,-0.4559319,1.0,1.0,-0.13113546,-2.0944986,-0.08645406,1.0,1
ENSG00000137747,1.0920833,-0.4559319,1.0,1.0,-0.13113546,-2.0944986,-0.08645406,1.0,1
ENSG00000163686,1.1917875,0.49968714,1.0,1.0,-0.004679814,-0.8824775,0.04428478,1.0,1
ENSG00000163686,1.1946738,0.49968714,1.0,0.39999998,-0.0010189861,-0.8824775,-0.022104353,-0.4051351,1
ENSG00000100767,1.1124965,0.4593925,1.0,1.0,-0.10524532,-0.93358356,-0.04056579,1.0,1
ENSG00000100767,1.1403277,0.4593925,1.0,1.0,-0.069946796,-0.93358356,0.004877895,1.0,1
ENSG00000100767,1.1517241,0.4593925,1.0,1.0,-0.055492546,-0.93358356,0.031129558,1.0,1
ENSG00000100767,1.1374797,0.4593925,1.0,1.0,-0.07355895,-0.93358356,-0.0376433,1.0,1
ENSG00000100767,1.1095171,0.4593925,1.0,1.0,-0.10902411,-0.93358356,-0.024244606,1.0,1
ENSG00000100767,1.105854,0.4593925,1.0,1.0,-0.11367005,-0.93358356,-0.045596212,1.0,1
ENSG00000100767,1.1226397,0.4593925,1.0,1.0,-0.09238065,-0.93358356,-0.073024854,1.0,1
ENSG00000100767,1.1195663,0.4593925,1.0,0.0,-0.09627858,-0.93358356,0.023363633,-1.4316157,1
ENSG00000100767,1.1170255,0.4593925,1.0,0.005988002,-0.09950111,-0.93358356,0.01673609,-1.4162493,1
ENSG00000105248,1.3346788,1.0464952,1.0,1.0,0.17655063,-0.18895547,0.15435567,1.0,1
ENSG00000147601,1.237334,1.1625644,1.0,1.0,0.053087376,-0.041743703,0.029981578,1.0,1
ENSG00000147601,1.2257873,1.1625644,1.0,0.3903846,0.038442582,-0.041743703,0.02931041,-0.4298101,1
ENSG00000174437,1.2406065,1.717504,0.057276957,1.0,0.05723791,0.66209173,0.057276957,1.0,1
ENSG00000174437,1.2686484,1.717504,1.0,1.0,0.09280363,0.66209173,0.16538179,1.0,1
ENSG00000174437,1.2469782,1.717504,1.0,0.9757875,0.06531906,0.66209173,0.12807348,1.0724518,1
ENSG00000174437,1.2486362,1.717504,0.54892457,0.03964758,0.06742209,0.66209173,-0.022964612,-1.329872,1
ENSG00000101049,1.1738276,-0.26760626,1.0,1.0,-0.02745844,-1.8556433,-0.0075928792,1.0,1
ENSG00000101049,1.1847056,-0.26760626,1.0,1.0,-0.013661798,-1.8556433,0.0924062,1.0,1
ENSG00000129250,1.2200868,1.2489536,1.0,1.0,0.031212494,0.06782458,0.09999669,1.0,1
ENSG00000114796,1.2230697,1.1306553,1.0,1.0,0.034995705,-0.08221427,0.043036792,1.0,1
ENSG00000114796,1.1930515,1.1306553,0.56121093,0.41439474,-0.003076665,-0.08221427,0.008564703,-0.36819524,1
ENSG00000177791,1.1205845,-0.7958801,1.0,1.0,-0.094987184,-2.5256581,-0.02927661,1.0,1
ENSG00000177791,1.1547897,-0.7958801,1.0,1.0,-0.051604465,-2.5256581,0.030255869,1.0,1
ENSG00000177791,1.1423042,-0.7958801,1.0,1.0,-0.06743999,-2.5256581,-0.016551465,1.0,1
ENSG00000154174,1.2401952,1.5732198,1.0,1.0,0.05671619,0.47909462,0.08706964,1.0,1
ENSG00000154174,1.2361425,1.5732198,1.0,1.0,0.051576175,0.47909462,0.061939664,1.0,1
ENSG00000154174,1.2380533,1.5732198,1.0,1.0,0.053999685,0.47909462,0.07770641,1.0,1
ENSG00000154174,1.2458588,1.5732198,1.0,1.0,0.06389946,0.47909462,0.08471173,1.0,1
ENSG00000154174,1.2553049,1.5732198,1.0,1.0,0.07588002,0.47909462,0.14538857,1.0,1
ENSG00000154174,1.2412149,1.5732198,1.0,1.0,0.05800949,0.47909462,0.028750228,1.0,1
ENSG00000154174,1.2497103,1.5732198,1.0,1.0,0.06878434,0.47909462,0.12327268,1.0,1
ENSG00000154174,1.2574797,1.5732198,1.0,1.0,0.078638226,0.47909462,0.19842122,1.0,1
ENSG00000171747,1.1499273,-0.49484992,1.0,1.0,-0.05777145,-2.1438587,-0.0665561,1.0,1
ENSG00000171747,1.1574706,-0.49484992,1.0,1.0,-0.048204243,-2.1438587,0.067284584,1.0,1
ENSG00000171747,1.2015752,-0.49484992,1.0,1.0,0.007733986,-2.1438587,-0.112008065,1.0,1
ENSG00000130638,1.205463,2.1444185,1.0,1.0,0.012665153,1.2035515,-0.0014046356,1.0,1
ENSG00000130638,1.1965373,2.1444185,1.0,1.0,0.0013444498,1.2035515,-0.088339,1.0,1
ENSG00000130638,1.2059016,2.1444185,1.0,0.9950372,0.013221271,1.2035515,0.026275642,1.1218504,1
ENSG00000115310,1.2378844,2.0535777,0.053056296,1.0,0.053785414,1.0883373,0.053056296,1.0,1
ENSG00000115310,1.2313157,2.0535777,0.5560246,0.42436975,0.045454264,1.0883373,-0.0047444403,-0.3425974,1
ENSG00000115310,1.2377908,2.0535777,0.57739806,0.13550937,0.053666733,1.0883373,0.050104212,-1.0838714,1
ENSG00000172954,1.2489108,1.2013971,1.0,0.022134423,0.06777033,0.007508216,0.13647026,-1.3748144,1
ENSG00000172954,1.2294358,1.2013971,1.0,0.046831965,0.04306996,0.007508216,-0.009295706,-1.3114355,1
ENSG00000196943,1.2233939,0.94939,1.0,1.0,0.035407007,-0.3121149,0.14807272,1.0,1
ENSG00000113073,1.1550626,-0.8239088,1.0,1.0,-0.051258408,-2.5612073,0.06938636,1.0,1
ENSG00000113073,1.1033517,-0.8239088,1.0,1.0,-0.11684377,-2.5612073,-0.046234906,1.0,1
ENSG00000105835,1.2707139,1.8743658,1.0,1.0,0.095423415,0.86104107,0.12782517,1.0,1
ENSG00000105835,1.2658545,1.8743658,1.0,1.0,0.0892601,0.86104107,0.09627606,1.0,1
ENSG00000119729,1.2329255,1.2372923,1.0,1.0,0.047496043,0.05303447,-0.015621886,1.0,1
ENSG00000119729,1.2557495,1.2372923,1.0,1.0,0.07644382,0.05303447,0.104321316,1.0,1
ENSG00000108733,1.2447699,0.95085144,1.0,1.0,0.06251842,-0.3102613,0.09184048,1.0,1
ENSG00000104894,1.2017326,0.51587385,1.0,1.0,0.00793384,-0.8619477,0.036226515,1.0,1
ENSG00000136938,1.3066597,2.042536,1.0,1.0,0.14101377,1.0743331,0.17250316,1.0,1
ENSG00000113712,1.32564,2.1002326,1.0,1.0,0.16508672,1.1475102,0.12706661,1.0,1
ENSG00000113712,1.3288735,2.1002326,1.0,1.0,0.1691878,1.1475102,0.15068114,1.0,1
ENSG00000113712,1.318147,2.1002326,1.0,1.0,0.15558314,1.1475102,0.12340763,1.0,1
ENSG00000070610,1.2329161,1.5948343,1.0,1.0,0.04748407,0.5065085,0.15801752,1.0,1
ENSG00000176946,1.2238681,1.3666097,1.0,1.0,0.036008462,0.21704897,0.058964066,1.0,1
ENSG00000176946,1.2154706,1.3666097,1.0,1.0,0.025357746,0.21704897,-0.013810132,1.0,1
ENSG00000176946,1.2210687,1.3666097,1.0,1.0,0.032457888,0.21704897,0.013891488,1.0,1
ENSG00000135845,1.2231418,1.6721902,1.0,1.0,0.035087243,0.6046198,0.11599487,1.0,1
ENSG00000197498,1.2923772,1.820858,1.0,1.0,0.12289919,0.79317653,0.038039822,1.0,1
ENSG00000197498,1.2731376,1.820858,0.52600443,0.7847278,0.09849729,0.79317653,-0.08178225,0.58215415,1
ENSG00000125735,1.15514,-0.4317981,1.0,1.0,-0.051160082,-2.0638895,0.028616184,1.0,1
ENSG00000163617,1.2046577,-0.3767506,1.0,1.0,0.011643656,-1.9940722,-0.019452274,1.0,1
ENSG00000136840,1.2312961,1.1238517,1.0,1.0,0.04542929,-0.090843484,0.07797227,1.0,1
ENSG00000136840,1.2257743,1.1238517,1.0,1.0,0.038426057,-0.090843484,0.1585198,1.0,1
ENSG00000136840,1.2135835,1.1238517,1.0,1.0,0.02296435,-0.090843484,0.032067977,1.1345859,1
ENSG00000150773,1.2551796,0.35024804,1.0,1.0,0.0757211,-1.0720125,0.109625235,1.0,1
ENSG00000113812,1.2233564,1.1055101,1.0,1.0,0.035359338,-0.11410613,0.049673356,1.0,1
ENSG00000166797,1.3086857,2.26238,1.0,1.0,0.14358334,1.3531631,0.059688758,1.0,1
ENSG00000166797,1.3086857,2.26238,1.0,1.0,0.14358334,1.3531631,0.059688758,1.0,1
ENSG00000166797,1.2968726,2.26238,0.5457838,0.51077485,0.12860072,1.3531631,-0.031024322,-0.120864436,1
ENSG00000125166,1.2384987,1.6043341,1.0,1.0,0.054564476,0.51855713,0.03905084,1.0,1
ENSG00000125166,1.2407206,1.6043341,1.0,1.0,0.057382673,0.51855713,0.016032804,1.1345859,1
ENSG00000119397,1.252602,1.32695,1.0,1.0,0.0724518,0.16674817,0.10702634,1.0,1
ENSG00000119397,1.2522384,1.32695,1.0,1.0,0.07199074,0.16674817,0.07770109,1.0,1
ENSG00000119397,1.261672,1.32695,1.0,1.0,0.08395553,0.16674817,0.12034435,1.0,1
ENSG00000137871,1.2535164,1.1401937,1.0,1.0,0.07361175,-0.07011672,0.14401704,1.0,1
ENSG00000137871,1.2664119,1.1401937,1.0,0.07751939,0.08996718,-0.07011672,0.058582682,-1.2326853,1
ENSG00000137871,1.2549272,1.1401937,1.0,0.1103448,0.07540089,-0.07011672,0.100741774,-1.1484487,1
ENSG00000137871,1.2556399,1.1401937,1.0,0.9975278,0.07630493,-0.07011672,0.14043704,1.1282418,1
ENSG00000137871,1.2594213,1.1401937,1.0,0.9925926,0.08110094,-0.07011672,0.1432932,1.115577,1
ENSG00000140577,1.2311243,1.09691,1.0,1.0,0.04521151,-0.12501381,0.01039622,1.0,1
ENSG00000140577,1.2082894,1.09691,1.0,1.0,0.016249754,-0.12501381,0.04929782,1.0,1
ENSG00000164823,1.2209251,1.2819419,1.0,1.0,0.032275803,0.10966399,0.08763957,1.0,1
ENSG00000153975,1.2194082,1.4631461,1.0,1.0,0.030351847,0.33948708,0.050599426,1.0,1
ENSG00000153975,1.2159393,1.4631461,1.0,1.0,0.025952257,0.33948708,0.039873138,1.0,1
ENSG00000153975,1.2175066,1.4631461,1.0,1.0,0.027940094,0.33948708,0.072426334,1.0,1
ENSG00000100505,1.1013917,-0.88605666,1.0,1.0,-0.11932963,-2.64003,-0.0593092,1.0,1
ENSG00000148204,1.1421586,-0.552842,1.0,1.0,-0.06762457,-2.2174106,0.07917149,1.0,1
ENSG00000141582,1.2123014,0.9344984,1.0,1.0,0.021338224,-0.331002,0.100240365,1.0,1
ENSG00000141582,1.2097052,0.9344984,1.0,1.0,0.018045545,-0.331002,0.05500903,1.0,1
ENSG00000141582,1.2165412,0.9344984,1.0,1.0,0.026715517,-0.331002,0.14754626,1.0,1
ENSG00000146592,1.1259588,-0.4089353,1.0,1.0,-0.08817099,-2.0348923,-0.005695462,1.0,1
ENSG00000139626,1.1732293,0.029383779,1.0,1.0,-0.028217226,-1.4789679,0.10488169,1.0,1
ENSG00000102174,1.1180376,-0.9208188,1.0,1.0,-0.0982175,-2.6841192,-0.06477086,1.0,1
ENSG00000102174,1.1059941,-0.9208188,1.0,1.0,-0.113492385,-2.6841192,-0.041127667,1.0,1
ENSG00000105750,1.1144025,0.21484387,1.0,1.0,-0.102827884,-1.243747,0.0025948547,1.0,1
ENSG00000171604,1.2069685,1.5905074,1.0,1.0,0.014574498,0.50102067,-0.010627896,1.0,1
ENSG00000171604,1.2069685,1.5905074,1.0,1.0,0.014574498,0.50102067,-0.010627896,1.0,1
ENSG00000131446,1.192768,1.5772619,1.0,1.0,-0.0034362301,0.48422128,0.006629117,1.0,1
ENSG00000164221,1.2235316,0.3996737,1.0,1.0,0.03558162,-1.0093255,0.043011386,1.0,1
ENSG00000164221,1.2249993,0.3996737,1.0,1.0,0.037443094,-1.0093255,0.043653004,1.0,1
ENSG00000164221,1.2167258,0.3996737,1.0,1.0,0.026949808,-1.0093255,0.0030108169,1.0,1
ENSG00000166200,1.2699511,1.8992183,1.0,1.0,0.09445591,0.89256185,0.0641965,1.0,1
ENSG00000143376,1.2338197,1.0273496,1.0,1.0,0.04863012,-0.21323797,0.02661699,1.0,1
ENSG00000143376,1.2336619,1.0273496,1.0,1.0,0.04842995,-0.21323797,-0.0007147379,1.0,1
ENSG00000080608,1.2423087,1.5010593,1.0,1.0,0.059396803,0.38757265,-0.01937826,1.0,1
ENSG00000136240,1.2561636,2.0493731,1.0,1.0,0.07696915,1.0830045,0.17292346,1.0,1
ENSG00000136240,1.2381766,2.0493731,1.0,1.0,0.054155946,1.0830045,-0.021585748,1.0,1
ENSG00000136240,1.2379651,2.0493731,1.0,0.7967697,0.053887837,1.0830045,-0.024823308,0.613056,1
ENSG00000161202,1.2478509,1.2805784,1.0,1.0,0.06642605,0.10793457,0.11633415,1.0,1
ENSG00000166595,1.2931474,2.0856116,1.0,1.0,0.123876095,1.1289662,0.19442014,1.0,1
ENSG00000169592,1.30681,1.2695129,1.0,1.0,0.1412044,0.09390018,0.07432784,1.0,1
ENSG00000169592,1.3079394,1.2695129,1.0,1.0,0.14263692,0.09390018,0.22251481,1.0,1
ENSG00000169592,1.2993424,1.2695129,1.0,0.79858655,0.13173318,0.09390018,0.160575,0.6177184,1
ENSG00000169592,1.3022685,1.2695129,0.5678917,0.54032254,0.13544445,0.09390018,0.025708973,-0.04503906,1
ENSG00000169592,1.3062825,1.2695129,1.0,0.71244633,0.14053541,0.09390018,0.21705817,0.39666525,1
ENSG00000111644,1.141766,1.2187979,1.0,1.0,-0.06812264,0.029577916,0.015488472,1.0,1
ENSG00000129636,1.2867306,1.7702627,1.0,1.0,0.11573753,0.7290061,0.05497507,1.0,1
ENSG00000077585,1.1151218,-0.67778075,1.0,1.0,-0.10191555,-2.3758717,-0.07981321,1.0,1
ENSG00000174705,1.1097364,-0.8239088,1.0,1.0,-0.1087459,-2.5612073,-0.0074076355,1.0,1
ENSG00000204209,1.2617544,1.3378584,1.0,1.0,0.08405991,0.18058343,0.2047134,1.0,1
ENSG00000204209,1.2798531,1.3378584,1.0,1.0,0.107014716,0.18058343,0.25323007,1.0,1
ENSG00000204209,1.2714273,1.3378584,1.0,1.0,0.09632811,0.18058343,0.16085547,1.1345859,1
ENSG00000204209,1.2726567,1.3378584,1.0,1.0,0.09788738,0.18058343,0.1679481,1.1345859,1
ENSG00000116539,1.2741406,1.1436392,1.0,1.0,0.09976944,-0.06574669,0.17177919,1.0,1
ENSG00000116539,1.271838,1.1436392,1.0,1.0,0.096848994,-0.06574669,0.23569994,1.0,1
ENSG00000115112,1.152458,-0.4559319,1.0,1.0,-0.054561727,-2.0944986,0.05136746,1.0,1
ENSG00000124116,1.2542224,-0.88605666,1.0,1.0,0.074507,-2.64003,0.056120567,1.0,1
ENSG00000124116,1.2534548,-0.88605666,1.0,1.0,0.073533505,-2.64003,0.07623798,1.0,1
ENSG00000096070,1.231462,0.8444772,1.0,1.0,0.045639873,-0.44517687,0.10266117,1.0,1
ENSG00000101266,1.2761574,1.9939649,1.0,1.0,0.10232736,1.0127299,0.03613148,1.0,1
ENSG00000101266,1.2880101,1.9939649,1.0,0.9660919,0.11736035,1.0127299,0.1383774,1.047571,1
ENSG00000101266,1.3072873,1.9939649,1.0,0.41293532,0.14180982,1.0127299,0.18053648,-0.37194043,1
ENSG00000101266,1.2771313,1.9939649,1.0,0.8958333,0.10356259,1.0127299,0.02224172,0.8672732,1
ENSG00000041802,1.2587411,1.6168954,1.0,1.0,0.08023824,0.5344888,0.14304851,1.0,1
ENSG00000041802,1.2527411,1.6168954,-0.015376262,1.0,0.072628245,0.5344888,-0.015376262,1.0,1
ENSG00000198874,1.2261654,1.222196,1.0,1.0,0.038922057,0.033887696,-0.013097234,1.0,1
ENSG00000198874,1.2312808,1.222196,1.0,1.0,0.045409955,0.033887696,0.013817236,1.0,1
ENSG00000198874,1.2202308,1.222196,0.53806895,0.94561183,0.031395204,0.033887696,-0.05082223,0.99501497,1
ENSG00000250264,1.239652,-0.4089353,1.0,1.0,0.056027368,-2.0348923,0.096707225,1.0,1
ENSG00000204628,1.3336132,3.5796716,1.0,1.0,0.1751992,3.0238972,0.16641045,1.0,1
ENSG00000204628,1.3205279,3.5796716,1.0,1.0,0.15860301,3.0238972,0.11684559,1.0,1
ENSG00000119772,1.1610318,0.5693739,1.0,1.0,-0.043687418,-0.7940931,0.118294984,1.0,1
ENSG00000119772,1.1261518,0.5693739,1.0,1.0,-0.08792622,-0.7940931,-0.02769588,1.0,1
ENSG00000119772,1.1703793,0.5693739,1.0,0.014388502,-0.031831972,-0.7940931,0.13134305,-1.394692,1
ENSG00000085231,1.3123281,1.9846623,1.0,1.0,0.14820313,1.0009311,0.13149768,1.0,1
ENSG00000085231,1.3139484,1.9846623,1.0,1.0,0.15025812,1.0009311,0.11815386,1.0,1
ENSG00000085231,1.3171867,1.9846623,1.0,1.0,0.15436529,1.0009311,0.17622533,1.0,1
ENSG00000188211,1.1585026,1.2657609,1.0,1.0,-0.046895295,0.08914145,0.0072287135,1.0,1
ENSG00000188211,1.1445473,1.2657609,1.0,1.0,-0.064594924,0.08914145,-0.040882736,1.0,1
ENSG00000174953,1.2550027,1.852602,1.0,1.0,0.07549679,0.83343774,0.003422141,1.0,1
ENSG00000174953,1.27732,1.852602,1.0,0.9505882,0.10380201,0.83343774,0.1416425,1.0077853,1
ENSG00000174953,1.269318,1.852602,1.0,0.75655574,0.093652904,0.83343774,0.104362965,0.5098589,1
ENSG00000163539,1.2623606,1.7298125,-0.069276735,1.0,0.08482881,0.67770267,-0.069276735,1.0,1
ENSG00000162851,1.2648673,1.6788824,1.0,1.0,0.08800812,0.6131075,0.07322312,1.0,1
ENSG00000204130,1.2894392,1.0232525,1.0,1.0,0.119172886,-0.21843442,0.13638048,1.0,1
ENSG00000204130,1.2599666,1.0232525,1.0,1.0,0.081792444,-0.21843442,0.0034563579,1.0,1
ENSG00000182871,1.2293181,0.9375179,1.0,1.0,0.042920694,-0.32717243,0.13085036,1.0,1
ENSG00000169689,1.3233283,2.1456003,1.0,1.0,0.16215463,1.2050505,0.21766114,1.0,1
ENSG00000169689,1.324354,2.1456003,1.0,1.0,0.16345575,1.2050505,0.21919613,1.0,1
ENSG00000169689,1.3106035,2.1456003,1.0,1.0,0.14601575,1.2050505,0.1342899,1.0,1
ENSG00000169689,1.3265852,2.1456003,1.0,1.0,0.16628549,1.2050505,0.21311541,1.0,1
ENSG00000169689,1.3122709,2.1456003,1.0,1.0,0.14813058,1.2050505,0.12763213,1.0,1
ENSG00000169689,1.3075905,2.1456003,1.0,1.0,0.14219432,1.2050505,0.09929033,1.0,1
ENSG00000169689,1.3075905,2.1456003,1.0,1.0,0.14219432,1.2050505,0.09929033,1.0,1
ENSG00000169689,1.3120142,2.1456003,1.0,1.0,0.14780498,1.2050505,0.18132031,1.0,1
ENSG00000169689,1.2928674,2.1456003,1.0,0.16596738,0.12352088,1.2050505,0.13834943,-1.00571,1
ENSG00000169689,1.2865388,2.1456003,1.0,0.70225513,0.11549431,1.2050505,0.087167114,0.37051255,1
ENSG00000182670,1.2903733,1.6168954,0.049931087,1.0,0.12035771,0.5344888,0.049931087,1.0,1
ENSG00000182670,1.2856654,1.6168954,1.0,0.7588235,0.11438653,0.5344888,0.114184216,0.5156784,1
ENSG00000137692,1.2870709,2.011232,1.0,1.0,0.11616917,1.0346298,0.003888771,1.0,1
ENSG00000137692,1.2948982,2.011232,1.0,1.0,0.12609646,1.0346298,0.11777144,1.1345859,1
ENSG00000164332,1.306722,1.2669369,1.0,1.0,0.14109288,0.090632975,0.18512583,1.0,1
ENSG00000164332,1.2811269,1.2669369,1.0,1.0,0.10863024,0.090632975,0.03969837,1.0,1
ENSG00000168818,1.2759238,1.2655253,1.0,1.0,0.102031216,0.08884266,0.023887565,1.0,1
ENSG00000136521,1.3117894,1.9242792,1.0,1.0,0.1475199,0.9243468,0.076701,1.0,1
ENSG00000136521,1.3135493,1.9242792,1.0,0.942135,0.14975198,0.9243468,0.07455525,0.9860927,1
ENSG00000136521,1.3160942,1.9242792,1.0,0.9613762,0.15297964,0.9243468,0.102584705,1.0354695,1
ENSG00000136521,1.300158,1.9242792,1.0,0.5506329,0.13276763,0.9243468,0.006632328,-0.018580673,1
ENSG00000136521,1.3258834,1.9242792,1.0,0.99719924,0.1653954,0.9243468,0.15258096,1.1273986,1
ENSG00000164362,1.1237735,0.24551266,1.0,1.0,-0.090942584,-1.2048495,-0.041139975,1.0,1
ENSG00000186642,1.1984818,0.8954225,1.0,1.0,0.0038107112,-0.38056237,0.123324126,1.0,1
ENSG00000134765,1.1184776,-0.9586072,1.0,1.0,-0.097659454,-2.7320466,0.0020210147,1.0,1
ENSG00000134765,1.1120002,-0.9586072,1.0,1.0,-0.10587479,-2.7320466,-0.031807423,1.0,1
ENSG00000134765,1.1359001,-0.9586072,1.0,1.0,-0.075562194,-2.7320466,-0.01920329,1.0,1
ENSG00000134765,1.1087129,-0.9586072,1.0,1.0,-0.1100441,-2.7320466,-0.024274886,1.0,1
ENSG00000134765,1.1076396,-0.9586072,1.0,1.0,-0.11140549,-2.7320466,-0.047529414,1.0,1
ENSG00000134765,1.123703,-0.9586072,1.0,1.0,-0.09103201,-2.7320466,-0.028545558,1.0,1
ENSG00000107821,1.198823,0.6364879,1.0,1.0,0.004243493,-0.70897174,0.025089888,1.0,1
ENSG00000107821,1.2105675,0.6364879,1.0,1.0,0.019139044,-0.70897174,0.12330751,1.0,1
ENSG00000107821,1.1977732,0.6364879,1.0,1.0,0.00291197,-0.70897174,0.09204529,1.0,1
ENSG00000168026,1.2542479,-0.102372885,1.0,1.0,0.07453941,-1.6460762,0.11678624,1.0,1
ENSG00000168026,1.2542479,-0.102372885,1.0,1.0,0.07453941,-1.6460762,0.11678624,1.0,1
ENSG00000118514,1.104091,-0.8538718,1.0,1.0,-0.11590609,-2.5992098,-0.07242525,1.0,1
ENSG00000118514,1.1123247,-0.8538718,1.0,1.0,-0.10546324,-2.5992098,-0.051421225,1.0,1
ENSG00000118514,1.0971756,-0.8538718,1.0,1.0,-0.12467688,-2.5992098,-0.0770271,1.0,1
ENSG00000010030,1.14437,-0.88605666,1.0,1.0,-0.06481991,-2.64003,-0.019754015,1.0,1
ENSG00000010030,1.1487494,-0.88605666,1.0,1.0,-0.05926541,-2.64003,-0.0042720586,1.0,1
ENSG00000122068,1.272337,1.6681994,1.0,1.0,0.09748195,0.59955823,0.13706386,1.0,1
ENSG00000139370,1.2217448,1.2070955,1.0,1.0,0.033315405,0.014735573,0.06512047,1.0,1
ENSG00000139370,1.2364205,1.2070955,1.0,0.65,0.05192882,0.014735573,0.11478755,0.23641531,1
ENSG00000106105,1.2812321,2.6020164,1.0,1.0,0.108763784,1.7839277,0.050870396,1.0,1
ENSG00000143162,1.2633765,2.3299265,1.0,1.0,0.08611733,1.4388331,0.13426465,1.0,1
ENSG00000143162,1.2508092,2.3299265,1.0,1.0,0.07017811,1.4388331,0.09919172,1.0,1
ENSG00000168906,1.3165799,2.8064716,1.0,1.0,0.15359573,2.04324,0.28470242,1.0,1
ENSG00000087074,1.2777063,1.5919545,1.0,1.0,0.10429193,0.5028561,0.015921526,1.0,1
ENSG00000132510,1.1582433,-0.20760822,1.0,1.0,-0.047224127,-1.7795472,0.0869797,1.0,1
ENSG00000168502,1.2037485,0.9652017,1.0,1.0,0.01049047,-0.29206076,-0.0031527095,1.0,1
ENSG00000131711,1.1949816,0.7218106,1.0,1.0,-0.0006287098,-0.6007561,0.013689846,1.0,1
ENSG00000099795,1.247817,2.1148777,1.0,1.0,0.06638302,1.1660846,0.06419391,1.0,1
ENSG00000067836,1.2963037,1.1065308,1.0,1.0,0.12787919,-0.11281161,0.21722111,1.0,1
ENSG00000067836,1.2787724,1.1065308,1.0,1.0,0.10564406,-0.11281161,0.18599586,1.0,1
ENSG00000067836,1.2919208,1.1065308,1.0,1.0,0.12232025,-0.11281161,0.19129151,1.0,1
ENSG00000067836,1.293857,1.1065308,1.0,1.0,0.124776006,-0.11281161,0.12907405,1.0,1
ENSG00000067836,1.275392,1.1065308,1.0,1.0,0.10135679,-0.11281161,0.093204066,1.0,1
ENSG00000067836,1.2753633,1.1065308,1.0,1.0,0.10132034,-0.11281161,0.11531587,1.0,1
ENSG00000067836,1.2934396,1.1065308,1.0,1.0,0.12424666,-0.11281161,0.18453507,1.0,1
ENSG00000067836,1.2664629,1.1065308,1.0,0.4239766,0.09003177,-0.11281161,0.012217119,-0.3436063,1
ENSG00000125148,1.2515502,1.1746411,1.0,1.0,0.07111783,-0.026426597,0.17184362,1.0,1
ENSG00000125148,1.2532016,1.1746411,1.0,1.0,0.073212445,-0.026426597,0.16918042,1.0,1
ENSG00000116852,1.2110177,0.9642596,1.0,1.0,0.01971016,-0.2932556,0.040595178,1.0,1
ENSG00000116852,1.1886637,0.9642596,1.0,0.2456547,-0.008641593,-0.2932556,0.0046410337,-0.80121624,1
ENSG00000126010,1.0909075,-0.7958801,1.0,1.0,-0.13262685,-2.5256581,-0.07343635,1.0,1
ENSG00000107954,1.1351011,-0.5850266,1.0,1.0,-0.07657562,-2.2582307,0.04516994,1.0,1
ENSG00000107954,1.0801057,-0.5850266,1.0,1.0,-0.14632699,-2.2582307,-0.04991264,1.0,1
ENSG00000107954,1.0887002,-0.5850266,1.0,1.0,-0.13542637,-2.2582307,-0.091742545,1.0,1
ENSG00000107954,1.0736551,-0.5850266,1.0,1.0,-0.15450825,-2.2582307,-0.009337548,1.0,1
ENSG00000244115,1.2452062,0.76192784,1.0,1.0,0.06307171,-0.549875,0.09418854,1.0,1
ENSG00000180776,1.2556845,1.0707765,1.0,1.0,0.07636148,-0.15815926,0.03732887,1.0,1
ENSG00000180776,1.2557662,1.0707765,1.0,1.0,0.07646501,-0.15815926,0.017250683,1.0,1
ENSG00000180776,1.2507284,1.0707765,1.0,1.0,0.07007557,-0.15815926,-0.023309171,1.0,1
ENSG00000180776,1.2380341,1.0707765,1.0,0.6478261,0.05397533,-0.15815926,-0.035256147,0.23083661,1
ENSG00000180776,1.2493964,1.0707765,1.0,0.8610635,0.06838629,-0.15815926,-0.040416613,0.7780467,1
ENSG00000105258,1.2821858,1.3558345,1.0,1.0,0.10997325,0.20338266,0.063885,1.0,1
ENSG00000105258,1.3102282,1.3558345,1.0,0.93400204,0.14553978,0.20338266,0.17075731,0.965222,1
ENSG00000179750,1.2235826,1.3467441,1.0,1.0,0.035646275,0.19185317,0.10880392,1.0,1
ENSG00000179750,1.2206793,1.3467441,1.0,1.0,0.03196396,0.19185317,0.05108776,1.1345859,1
ENSG00000130669,1.268031,0.85733247,1.0,1.0,0.09202063,-0.42887235,0.1903577,1.0,1
ENSG00000130669,1.268031,0.85733247,1.0,1.0,0.09202063,-0.42887235,0.1903577,1.0,1
ENSG00000130669,1.2516452,0.85733247,1.0,1.0,0.07123837,-0.42887235,0.13786721,1.0,1
ENSG00000130669,1.2571461,0.85733247,1.0,1.0,0.0782153,-0.42887235,0.1870202,1.0,1
ENSG00000130669,1.2450129,0.85733247,1.0,1.0,0.062826574,-0.42887235,0.092472896,1.0,1
ENSG00000130669,1.2517706,0.85733247,1.0,0.040650368,0.07139744,-0.42887235,0.16010067,-1.3272986,1
ENSG00000130669,1.2452062,0.85733247,1.0,0.42625606,0.06307176,-0.42887235,0.120111026,-0.3377567,1
ENSG00000130669,1.2635391,0.85733247,1.0,0.01498127,0.086323485,-0.42887235,0.1990027,-1.3931708,1
ENSG00000130669,1.2583905,0.85733247,1.0,0.5818584,0.07979351,-0.42887235,0.12642628,0.061550245,1
ENSG00000130669,1.25378,0.85733247,0.5571248,0.49329758,0.073945954,-0.42887235,-0.0019212216,-0.16571468,1
ENSG00000138231,1.1967589,0.8785218,1.0,1.0,0.0016254932,-0.40199775,0.048044562,1.0,1
ENSG00000140983,1.2551004,2.0492954,1.0,1.0,0.07562065,1.0829061,0.15030056,1.0,1
ENSG00000140983,1.2252713,2.0492954,1.0,1.0,0.037788153,1.0829061,-0.026446447,1.0,1
ENSG00000140983,1.2450218,2.0492954,1.0,1.0,0.06283793,1.0829061,0.037096802,1.1345859,1
ENSG00000140983,1.2656333,2.0492954,1.0,0.9110704,0.08897962,1.0829061,0.16548154,0.9063747,1
ENSG00000102606,1.2210715,1.209783,0.5325636,0.9667616,0.032461435,0.018144123,-0.06495009,1.0492896,1
ENSG00000102606,1.2653121,1.209783,1.0,0.9670433,0.08857219,0.018144123,0.11091426,1.0500124,1
ENSG00000102606,1.2588507,1.209783,1.0,0.9721116,0.080377206,0.018144123,0.05405155,1.0630186,1
ENSG00000151229,1.1719228,0.77085197,1.0,1.0,-0.029874306,-0.5385564,0.030424364,1.0,1
ENSG00000151229,1.2038873,0.77085197,1.0,1.0,0.010666549,-0.5385564,0.05473412,1.0,1
ENSG00000114904,1.2388253,1.1312978,1.0,1.0,0.054978795,-0.081399456,0.080198616,1.0,1
ENSG00000114904,1.198164,1.1312978,0.5313437,0.1672355,0.0034076422,-0.081399456,-0.06808063,-1.0024557,1
ENSG00000114904,1.2059277,1.1312978,0.53579676,0.27384958,0.013254464,-0.081399456,-0.056653187,-0.72886246,1
ENSG00000114904,1.2425997,1.1312978,1.0,1.0,0.05976589,-0.081399456,0.065610945,1.1345859,1
ENSG00000014216,1.2825536,1.8920388,1.0,1.0,0.11043981,0.883456,0.17326461,1.0,1
ENSG00000014216,1.2790837,1.8920388,1.0,1.0,0.10603896,0.883456,0.18666857,1.0,1
ENSG00000100994,1.2409041,0.7979596,1.0,1.0,0.05761531,-0.50417554,0.08324875,1.0,1
ENSG00000162511,1.2098914,2.2565975,1.0,1.0,0.018281698,1.3458292,-0.03676814,1.0,1
ENSG00000162511,1.1952423,2.2565975,1.0,1.0,-0.00029793382,1.3458292,-0.06423083,1.0,1
ENSG00000162511,1.2197831,2.2565975,1.0,1.0,0.030827254,1.3458292,0.08490645,1.0,1
ENSG00000151327,1.2636858,1.4149733,1.0,1.0,0.086509585,0.27838904,0.09756226,1.0,1
ENSG00000151327,1.2407061,1.4149733,1.0,1.0,0.05736421,0.27838904,0.014374964,1.0,1
ENSG00000117118,1.3132662,2.5982213,1.0,1.0,0.14939284,1.7791141,0.12688617,1.0,1
ENSG00000117118,1.3142302,2.5982213,1.0,1.0,0.1506156,1.7791141,0.11634585,1.0,1
ENSG00000160446,1.2891645,1.1928461,1.0,1.0,0.11882453,-0.0033371134,0.26363838,1.0,1
ENSG00000160446,1.2786908,1.1928461,1.0,1.0,0.10554063,-0.0033371134,0.17923987,1.0,1
ENSG00000160446,1.2885981,1.1928461,1.0,1.0,0.11810601,-0.0033371134,0.24946773,1.0,1
ENSG00000213760,1.1900029,0.053078413,1.0,1.0,-0.006943196,-1.4489157,0.10072266,1.0,1
ENSG00000186026,1.1690159,-0.8538718,1.0,1.0,-0.033561185,-2.5992098,-0.014717244,1.0,1
ENSG00000186026,1.1655897,-0.8538718,1.0,1.0,-0.03790675,-2.5992098,0.0001228787,1.0,1
ENSG00000257727,1.3082933,2.1634,1.0,1.0,0.14308584,1.2276258,0.23050086,1.0,1
ENSG00000120992,1.3089895,2.2266772,1.0,1.0,0.14396867,1.3078811,0.078481376,1.0,1
ENSG00000120992,1.309086,2.2266772,1.0,0.97512,0.14409105,1.3078811,0.1063842,1.0707389,1
ENSG00000120992,1.2980379,2.2266772,1.0,0.9656365,0.13007872,1.3078811,0.06250245,1.0464022,1
ENSG00000101298,1.1872526,0.041392684,1.0,1.0,-0.010431282,-1.4637369,0.10045963,1.0,1
ENSG00000101298,1.1711173,0.041392684,1.0,1.0,-0.030896015,-1.4637369,0.011433359,1.0,1
ENSG00000006638,1.208679,0.47567117,1.0,1.0,0.016743802,-0.91293716,0.004865445,1.0,1
ENSG00000127948,1.2628645,1.5260806,1.0,1.0,0.085467845,0.4193076,0.19807348,1.0,1
ENSG00000108523,1.2709435,1.5856862,1.0,1.0,0.095714584,0.49490595,0.102529824,1.0,1
ENSG00000154845,1.227079,2.0187836,-0.008969806,1.0,0.040080875,1.0442077,-0.008969806,1.0,1
ENSG00000164953,1.1961585,0.7242758,1.0,1.0,0.000864096,-0.59762937,-0.041312158,1.0,1
ENSG00000164953,1.1943321,0.7242758,1.0,0.019736826,-0.0014524013,-0.59762937,-0.009895813,-1.380967,1
ENSG00000104856,1.240202,-0.49484992,1.0,1.0,0.0567248,-2.1438587,0.08236578,1.0,1
ENSG00000104856,1.2492899,-0.49484992,1.0,1.0,0.06825115,-2.1438587,0.15728608,1.0,1
ENSG00000104856,1.23761,-0.49484992,1.0,1.0,0.053437367,-2.1438587,0.14534271,1.0,1
ENSG00000121039,1.2781563,1.6543691,1.0,1.0,0.104862556,0.582017,0.19025356,1.0,1
ENSG00000121039,1.270338,1.6543691,1.0,1.0,0.09494679,0.582017,0.17192955,1.0,1
ENSG00000130827,1.2090411,1.2307043,1.0,1.0,0.017203256,0.044678815,0.122846596,1.0,1
ENSG00000143772,1.1486292,-0.9586072,1.0,1.0,-0.05941792,-2.7320466,0.06739679,1.0,1
ENSG00000189007,1.2914617,1.6336703,1.0,1.0,0.12173806,0.5557647,0.073680244,1.0,1
ENSG00000101745,1.266522,0.95085144,1.0,1.0,0.090106755,-0.3102613,0.21388765,1.0,1
ENSG00000101745,1.2509574,0.95085144,1.0,0.34153003,0.07036604,-0.3102613,0.048065893,-0.5551808,1
ENSG00000101745,1.2552634,0.95085144,1.0,0.0076190233,0.07582736,-0.3102613,0.186707,-1.4120637,1
ENSG00000172661,1.1974493,1.1841233,1.0,1.0,0.0025011748,-0.014400277,0.07291165,1.0,1
ENSG00000172661,1.189969,1.1841233,1.0,0.9814385,-0.00698629,-0.014400277,-0.03374552,1.0869534,1
ENSG00000172661,1.1978291,1.1841233,1.0,0.9814385,0.0029828697,-0.014400277,0.01788807,1.0869534,1
ENSG00000172661,1.1886827,1.1841233,1.0,0.9617169,-0.0086175725,-0.014400277,0.0052120015,1.0363438,1
ENSG00000172361,1.1493112,0.18184352,1.0,1.0,-0.05855284,-1.2856016,-0.014846064,1.0,1
ENSG00000173545,1.2381834,1.1925675,1.0,1.0,0.05416459,-0.003690543,0.080059566,1.0,1
ENSG00000204560,1.2495017,1.590619,1.0,1.0,0.0685198,0.5011621,0.08916427,1.0,1
ENSG00000204560,1.2503703,1.590619,1.0,1.0,0.069621414,0.5011621,0.15068251,1.0,1
ENSG00000182134,1.2631459,1.1812718,1.0,1.0,0.08582488,-0.018016968,0.08189606,1.0,1
ENSG00000038427,1.123206,-0.76955104,1.0,1.0,-0.0916623,-2.4922647,0.03501539,1.0,1
ENSG00000048342,1.1893703,-0.5686362,1.0,1.0,-0.007745482,-2.2374425,0.08041851,1.0,1
ENSG00000100220,1.2074238,2.022717,1.0,1.0,0.015152007,1.0491962,0.01671955,1.0,1
ENSG00000078401,1.1271211,-0.9208188,1.0,1.0,-0.0866968,-2.6841192,-0.018505171,1.0,1
ENSG00000078401,1.1690795,-0.9208188,1.0,1.0,-0.03348048,-2.6841192,0.04069352,1.0,1
ENSG00000078401,1.1581072,-0.9208188,1.0,1.0,-0.047396895,-2.6841192,0.029951321,1.0,1
ENSG00000171992,1.1066035,-0.9208188,1.0,1.0,-0.11271949,-2.6841192,-0.017744645,1.0,1
ENSG00000166199,1.2391342,1.3346548,1.0,1.0,0.0553706,0.1765202,0.07646579,1.0,1
ENSG00000166199,1.2199446,1.3346548,1.0,0.5040577,0.03103222,0.1765202,0.015146099,-0.13810202,1
ENSG00000166199,1.2219279,1.3346548,1.0,0.05008638,0.03354758,0.1765202,0.024063043,-1.303084,1
ENSG00000078070,1.263877,1.2619761,1.0,1.0,0.08675212,0.08434124,0.102557816,1.0,1
ENSG00000078070,1.2524158,1.2619761,0.53353107,0.99211645,0.072215706,0.08434124,-0.062467463,1.1143551,1
ENSG00000078070,1.2662907,1.2619761,1.0,0.020359278,0.08981331,0.08434124,0.12591088,-1.3793697,1
ENSG00000078070,1.2689829,1.2619761,1.0,0.97979796,0.09322791,0.08434124,0.123878255,1.0827434,1
ENSG00000078070,1.2671062,1.2619761,1.0,0.94071853,0.09084767,0.08434124,0.09533052,0.98245776,1
ENSG00000078070,1.258693,1.2619761,1.0,0.9219219,0.0801771,0.08434124,0.06018334,0.9342218,1
ENSG00000122545,1.2790167,2.1290774,1.0,1.0,0.10595398,1.1840942,0.015337203,1.0,1
ENSG00000122545,1.2763216,2.1290774,1.0,0.9108726,0.102535725,1.1840942,0.029247016,0.90586704,1
ENSG00000154309,1.1212153,-0.9586072,1.0,1.0,-0.094187096,-2.7320466,-0.025387138,1.0,1
ENSG00000154309,1.1266714,-0.9586072,1.0,1.0,-0.08726708,-2.7320466,-0.0063877814,1.0,1
ENSG00000154309,1.1312416,-0.9586072,1.0,1.0,-0.08147068,-2.7320466,0.0011585727,1.0,1
ENSG00000154309,1.1608167,-0.9586072,1.0,1.0,-0.04396028,-2.7320466,0.06446156,1.0,1
ENSG00000152804,1.2167424,1.7580788,1.0,1.0,0.026970819,0.71355313,0.10328744,1.0,1
ENSG00000152804,1.2194694,1.7580788,1.0,1.0,0.030429542,0.71355313,0.15489016,1.0,1
ENSG00000152804,1.1910366,1.7580788,1.0,1.0,-0.0056321025,0.71355313,0.07305129,1.0,1
ENSG00000120438,1.2901603,2.3746018,1.0,1.0,0.120087504,1.4954952,0.23268238,1.0,1
ENSG00000120438,1.2867296,2.3746018,1.0,1.0,0.1157362,1.4954952,0.14980833,1.0,1
ENSG00000243696,1.1601582,-0.8239088,1.0,1.0,-0.044795588,-2.5612073,0.16393983,1.0,1
ENSG00000143761,1.3148534,2.579852,1.0,1.0,0.15140606,1.7558163,0.29092163,1.0,1
ENSG00000143761,1.3148534,2.579852,1.0,1.0,0.15140606,1.7558163,0.29092163,1.0,1
ENSG00000143761,1.3148534,2.579852,1.0,1.0,0.15140606,1.7558163,0.29092163,1.0,1
ENSG00000143761,1.3098413,2.579852,1.0,1.0,0.1450491,1.7558163,0.2658013,1.0,1
ENSG00000143761,1.3181437,2.579852,1.0,1.0,0.15557916,1.7558163,0.286183,1.0,1
ENSG00000121774,1.3253593,1.632862,1.0,1.0,0.16473068,0.5547394,0.117347956,1.0,1
ENSG00000121774,1.317461,1.632862,1.0,1.0,0.15471323,0.5547394,0.10096588,1.0,1
ENSG00000121774,1.3314915,1.632862,1.0,0.98903704,0.17250818,0.5547394,0.17129263,1.1064527,1
ENSG00000136709,1.2499504,1.6395861,1.0,1.0,0.069088876,0.5632676,0.1606952,1.0,1
ENSG00000124380,1.2722731,1.6141586,1.0,1.0,0.097400874,0.5310178,0.14660722,1.0,1
ENSG00000124380,1.2746667,1.6141586,1.0,1.0,0.10043672,0.5310178,0.15093334,1.0,1
ENSG00000124380,1.2629496,1.6141586,1.0,1.0,0.085575804,0.5310178,0.07883633,1.0,1
ENSG00000124380,1.2539587,1.6141586,1.0,1.0,0.07417257,0.5310178,-0.003007479,1.0,1
ENSG00000124380,1.2630464,1.6141586,1.0,1.0,0.08569856,0.5310178,0.15083814,1.0,1
ENSG00000072110,1.2561296,1.5101427,1.0,1.0,0.07692598,0.39909327,0.107599996,1.0,1
ENSG00000072110,1.2526286,1.5101427,1.0,1.0,0.07248555,0.39909327,0.01940813,1.0,1
ENSG00000072110,1.2351509,1.5101427,0.55861884,0.0023028255,0.05031853,0.39909327,0.001912903,-1.4257063,1
ENSG00000115091,1.2841635,2.369976,1.0,1.0,0.11248167,1.4896286,0.06716553,1.0,1
ENSG00000115091,1.2844675,2.369976,1.0,1.0,0.1128671,1.4896286,0.16356142,1.0,1
ENSG00000112874,1.2339017,1.267641,1.0,1.0,0.048734225,0.09152596,0.13267761,1.0,1
ENSG00000112874,1.2236209,1.267641,1.0,1.0,0.035694838,0.09152596,0.09393509,1.0,1
ENSG00000179409,1.206215,1.1351327,1.0,1.0,0.013618894,-0.07653567,0.12473721,1.0,1
ENSG00000179409,1.2003685,1.1351327,1.0,0.13535589,0.006203711,-0.07653567,0.09283604,-1.0842652,1
ENSG00000114744,1.2010634,1.6238693,1.0,1.0,0.007084973,0.5433338,-0.053126752,1.0,1
ENSG00000114744,1.1881199,1.6238693,1.0,0.08241618,-0.009331439,0.5433338,-0.07332006,-1.2201192,1
ENSG00000072518,1.2907652,1.0937718,1.0,1.0,0.12085454,-0.12899406,0.19812125,1.0,1
ENSG00000072518,1.2730609,1.0937718,1.0,0.24644029,0.09840016,-0.12899406,0.1942692,-0.79920024,1
ENSG00000072518,1.2489971,1.0937718,0.55367875,0.1588367,0.06787978,-0.12899406,-0.010764457,-1.0240088,1
ENSG00000072518,1.2465091,1.0937718,0.57816994,0.9855832,0.06472419,-0.12899406,0.052085016,1.0975895,1
ENSG00000072518,1.2465091,1.0937718,0.57816994,0.9466666,0.06472419,-0.12899406,0.052085016,0.9977218,1
ENSG00000143970,1.2257016,1.1061909,1.0,1.0,0.038333803,-0.11324278,0.13405561,1.0,1
ENSG00000156587,1.183652,0.6608655,1.0,1.0,-0.014998067,-0.6780534,-0.09068942,1.0,1
ENSG00000140795,1.1802634,0.5289167,1.0,1.0,-0.01929582,-0.84540534,0.032323137,1.0,1
ENSG00000140795,1.1652538,0.5289167,1.0,1.0,-0.038332805,-0.84540534,0.024623558,1.0,1
ENSG00000140795,1.1531192,0.5289167,1.0,1.0,-0.053723194,-0.84540534,-0.019389488,1.0,1
ENSG00000159208,1.1552799,-0.61978865,1.0,1.0,-0.0509827,-2.3023198,0.086839706,1.0,1
ENSG00000196646,1.205203,0.47567117,1.0,1.0,0.0123353,-0.91293716,0.082791716,1.0,1
ENSG00000196646,1.2067379,0.47567117,1.0,0.86742425,0.014281943,-0.91293716,0.053014766,0.79436976,1
ENSG00000197601,1.2328931,1.8058405,0.014304351,1.0,0.04745494,0.77412975,0.014304351,1.0,1
ENSG00000197601,1.2375013,1.8058405,1.0,1.0,0.053299405,0.77412975,0.010390889,1.0,1
ENSG00000130479,1.1655282,0.9863238,1.0,1.0,-0.03798475,-0.26527143,-0.027358733,1.0,1
ENSG00000157992,1.16021,0.12710488,1.0,1.0,-0.044729754,-1.3550273,-0.009228192,1.0,1
ENSG00000188290,1.2460295,0.8095597,1.0,1.0,0.064115986,-0.48946303,0.21076812,1.0,1
ENSG00000188290,1.2424732,0.8095597,1.0,1.0,0.059605494,-0.48946303,0.20762797,1.0,1
ENSG00000115942,1.2941478,1.1283993,1.0,1.0,0.12514494,-0.085075684,0.15414657,1.0,1
ENSG00000158286,1.2527912,1.0549959,1.0,1.0,0.07269186,-0.17817394,0.14321789,1.0,1
ENSG00000158286,1.2502469,1.0549959,1.0,1.0,0.06946489,-0.17817394,0.1275561,1.0,1
ENSG00000158286,1.2597456,1.0549959,1.0,1.0,0.08151218,-0.17817394,0.1518682,1.0,1
ENSG00000158286,1.2473413,1.0549959,1.0,1.0,0.065779686,-0.17817394,0.13019371,1.0,1
ENSG00000158286,1.2507703,1.0549959,1.0,1.0,0.07012881,-0.17817394,0.14359488,1.0,1
ENSG00000158286,1.2475984,1.0549959,1.0,1.0,0.0661058,-0.17817394,0.13107887,1.0,1
ENSG00000158286,1.255387,1.0549959,1.0,1.0,0.075984046,-0.17817394,0.11890351,1.0,1
ENSG00000158286,1.251439,1.0549959,1.0,1.0,0.07097687,-0.17817394,0.11802746,1.0,1
ENSG00000158286,1.2567546,1.0549959,1.0,1.0,0.07771875,-0.17817394,0.09241929,1.0,1
ENSG00000118162,1.2756948,0.9068735,1.0,1.0,0.10174082,-0.36603895,0.1064517,1.0,1
ENSG00000100014,1.2277045,1.069668,1.0,1.0,0.04087416,-0.159565,0.057003826,1.0,1
ENSG00000100014,1.2277045,1.069668,1.0,1.0,0.04087416,-0.159565,0.057003826,1.0,1
ENSG00000100014,1.2272259,1.069668,1.0,0.37892377,0.04026714,-0.159565,0.034567345,-0.45922095,1
ENSG00000100014,1.2173064,1.069668,1.0,0.9932735,0.02768606,-0.159565,0.01887576,1.1173245,1
ENSG00000058668,1.2662901,1.4884096,1.0,1.0,0.08981259,0.37152907,0.13332208,1.0,1
ENSG00000058668,1.2532399,1.4884096,1.0,0.55417407,0.07326093,0.37152907,0.09612672,-0.009493353,1
ENSG00000095261,1.3535389,2.0013442,1.0,1.0,0.2004711,1.022089,0.07431437,1.0,1
ENSG00000095261,1.3562702,2.0013442,1.0,0.9946043,0.20393533,1.022089,0.18488169,1.1207395,1
ENSG00000095261,1.350053,2.0013442,1.0,0.9989041,0.19604993,1.022089,0.16157931,1.1317736,1
ENSG00000153201,1.2147403,1.3047059,1.0,1.0,0.024431437,0.13853575,0.04674821,1.0,1
ENSG00000143190,1.2721572,1.0433623,1.0,1.0,0.09725399,-0.19292894,0.120730616,1.0,1
ENSG00000143190,1.2587372,1.0433623,1.0,1.0,0.08023329,-0.19292894,0.014522508,1.0,1
ENSG00000143190,1.2828566,1.0433623,1.0,0.07692307,0.11082402,-0.19292894,0.12841123,-1.2342156,1
ENSG00000143190,1.2539359,1.0433623,1.0,0.18552035,0.07414371,-0.19292894,0.12212538,-0.9555331,1
ENSG00000143190,1.2611597,1.0433623,1.0,0.063559294,0.08330563,-0.19292894,0.030619187,-1.2685097,1
ENSG00000143190,1.2677943,1.0433623,1.0,0.9836956,0.09172031,-0.19292894,0.09398964,1.0927457,1
ENSG00000143190,1.2514111,1.0433623,0.5687572,0.008156598,0.07094148,-0.19292894,0.027929816,-1.4106842,1
ENSG00000165943,1.1646465,0.9934362,1.0,1.0,-0.03910298,-0.25625065,0.124086045,1.0,1
ENSG00000130300,1.1443092,-0.17392516,1.0,1.0,-0.064897016,-1.7368267,0.05184135,1.0,1
ENSG00000130300,1.1634998,-0.17392516,1.0,1.0,-0.04055731,-1.7368267,0.04361997,1.0,1
ENSG00000171502,1.1094998,-0.88605666,1.0,1.0,-0.10904609,-2.64003,-0.0051415525,1.0,1
ENSG00000171502,1.1210253,-0.88605666,1.0,1.0,-0.09442807,-2.64003,-0.019792527,1.0,1
ENSG00000171502,1.1147745,-0.88605666,1.0,1.0,-0.102356166,-2.64003,-0.044240274,1.0,1
ENSG00000178127,1.3389413,2.567344,1.0,1.0,0.18195689,1.7399521,0.07895016,1.0,1
ENSG00000102974,1.244782,1.3344537,1.0,1.0,0.06253363,0.17626525,0.13017622,1.0,1
ENSG00000142733,1.2677925,0.85248,1.0,1.0,0.09171814,-0.43502682,0.13391969,1.0,1
ENSG00000142733,1.2460787,0.85248,1.0,1.0,0.06417838,-0.43502682,0.08121565,1.0,1
ENSG00000021574,1.2938893,1.024075,1.0,1.0,0.124816895,-0.2173912,0.16787219,1.0,1
ENSG00000021574,1.2937691,1.024075,1.0,1.0,0.12466453,-0.2173912,0.17653835,1.0,1
ENSG00000021574,1.2704182,1.024075,1.0,1.0,0.09504832,-0.2173912,0.08817219,1.0,1
ENSG00000021574,1.2693088,1.024075,1.0,1.0,0.09364137,-0.2173912,0.021200554,1.1345859,1
ENSG00000104228,1.2545282,0.7867514,1.0,1.0,0.07489489,-0.518391,0.15395296,1.0,1
ENSG00000104228,1.2478682,0.7867514,0.57165855,0.9377358,0.06644787,-0.518391,0.035375398,0.9748035,1
ENSG00000104228,1.2571541,0.7867514,1.0,0.94210523,0.078225434,-0.518391,0.2012868,0.98601633,1
ENSG00000103740,1.1407969,0.12385166,1.0,1.0,-0.06935169,-1.3591534,0.0870102,1.0,1
ENSG00000101004,1.0951397,-0.88605666,1.0,1.0,-0.12725899,-2.64003,-0.058152005,1.0,1
ENSG00000101004,1.1382251,-0.88605666,1.0,1.0,-0.07261355,-2.64003,-0.01596409,1.0,1
ENSG00000101004,1.1365521,-0.88605666,1.0,1.0,-0.07473538,-2.64003,-0.012854602,1.0,1
ENSG00000101004,1.1153281,-0.88605666,1.0,1.0,-0.10165395,-2.64003,-0.038973995,1.0,1
ENSG00000004779,1.2612863,2.3464704,1.0,1.0,0.08346617,1.4598159,0.07002826,1.0,1
ENSG00000004779,1.2612863,2.3464704,1.0,1.0,0.08346617,1.4598159,0.07002826,1.0,1
ENSG00000004779,1.2557195,2.3464704,1.0,0.99628437,0.07640587,1.4598159,0.020954601,1.1250509,1
ENSG00000106948,1.0920341,0.2966652,1.0,1.0,-0.13119796,-1.1399722,-0.025675833,1.0,1
ENSG00000106948,1.1394951,0.2966652,1.0,0.025423765,-0.07100265,-1.1399722,0.07295993,-1.3663733,1
ENSG00000064652,1.2656388,0.5899496,1.0,1.0,0.08898656,-0.7679967,0.0121718645,1.0,1
ENSG00000064652,1.232455,0.5899496,0.5190824,0.0,0.046899267,-0.7679967,-0.09954554,-1.4316157,1
ENSG00000196705,1.1874199,1.357363,1.0,1.0,-0.010219239,0.20532131,0.011663586,1.0,1
ENSG00000164252,1.2449828,1.1649474,1.0,1.0,0.06278837,-0.038721364,0.08385398,1.0,1
ENSG00000162461,1.1610378,-0.48148596,1.0,1.0,-0.043679927,-2.126909,0.072034135,1.0,1
ENSG00000178934,1.1662638,-0.88605666,1.0,1.0,-0.03705164,-2.64003,-0.06626882,1.0,1
ENSG00000178934,1.1517121,-0.88605666,1.0,1.0,-0.05550775,-2.64003,0.027086772,1.0,1
ENSG00000101347,1.2646953,1.0326188,1.0,1.0,0.08778989,-0.20655505,0.04312063,1.0,1
ENSG00000101347,1.2837528,1.0326188,1.0,1.0,0.11196081,-0.20655505,0.109094724,1.0,1
ENSG00000137509,1.2482069,1.5153439,1.0,1.0,0.066877425,0.40568998,0.09662289,1.0,1
ENSG00000137509,1.2267317,1.5153439,1.0,0.8664098,0.039640278,0.40568998,-0.047539793,0.7917664,1
ENSG00000187997,1.2201972,1.1034616,1.0,1.0,0.031352498,-0.116704345,-0.0032208934,1.0,1
ENSG00000187997,1.241345,1.1034616,1.0,1.0,0.058174565,-0.116704345,0.12461291,1.0,1
ENSG00000187997,1.2435101,1.1034616,1.0,1.0,0.06092061,-0.116704345,0.1222488,1.0,1
ENSG00000187997,1.2446932,1.1034616,1.0,1.0,0.06242104,-0.116704345,0.08709287,1.0,1
ENSG00000108469,1.2424381,1.1583625,-0.08340445,1.0,0.05956094,-0.047073033,-0.08340445,1.0,1
ENSG00000093183,1.3209126,1.6953065,1.0,1.0,0.15909089,0.6339384,0.11938843,1.0,1
ENSG00000093183,1.3185027,1.6953065,0.5575579,0.9790672,0.15603428,0.6339384,-0.0008097775,1.0808681,1
ENSG00000093183,1.3264176,1.6953065,1.0,0.0353688,0.16607293,0.6339384,0.20033072,-1.3408523,1
ENSG00000104388,1.2920896,1.853333,1.0,1.0,0.12253438,0.83436507,0.013970159,1.0,1
ENSG00000104388,1.3062133,1.853333,1.0,1.0,0.14044753,0.83436507,0.08546251,1.0,1
ENSG00000104388,1.3041809,1.853333,1.0,1.0,0.13786983,0.83436507,0.11341051,1.0,1
ENSG00000104388,1.3041809,1.853333,1.0,1.0,0.13786983,0.83436507,0.11341051,1.0,1
ENSG00000104388,1.2850351,1.853333,1.0,0.9982265,0.11358717,0.83436507,-0.011912942,1.1300349,1
ENSG00000104388,1.308783,1.853333,1.0,0.27738473,0.1437068,0.83436507,0.11524971,-0.7197906,1
ENSG00000146587,1.2039157,0.9106244,1.0,1.0,0.010702565,-0.3612817,0.14812273,1.0,1
ENSG00000091542,1.2466727,1.6127838,1.0,1.0,0.064931765,0.52927405,0.16794613,1.0,1
ENSG00000198522,1.2465794,1.8420472,-0.14482003,1.0,0.06481333,0.82005113,-0.14482003,1.0,1
ENSG00000160326,1.1733519,-0.6575773,1.0,1.0,-0.028061755,-2.3502474,0.035830803,1.0,1
ENSG00000167850,1.1413827,-0.9208188,1.0,1.0,-0.06860863,-2.6841192,0.03907124,1.0,1
ENSG00000066294,1.2045672,0.5831987,1.0,1.0,0.011528924,-0.7765589,0.0062184036,1.0,1
ENSG00000066294,1.1933306,0.5831987,1.0,0.8632075,-0.0027225837,-0.7765589,-0.049742177,0.7835489,1
ENSG00000066294,1.1803354,0.5831987,1.0,0.0,-0.019204605,-0.7765589,-0.007914852,-1.4316157,1
ENSG00000066294,1.1889485,0.5831987,1.0,0.9069767,-0.008280534,-0.7765589,-0.09374699,0.89586943,1
ENSG00000163568,1.2103477,-0.76955104,1.0,1.0,0.018860303,-2.4922647,-0.04915178,1.0,1
ENSG00000147419,1.2614199,1.2365372,1.0,1.0,0.08363566,0.052076798,0.12987241,1.0,1
ENSG00000147419,1.2517695,1.2365372,1.0,1.0,0.07139602,0.052076798,-0.054230064,1.0,1
ENSG00000147419,1.2444091,1.2365372,0.5076536,0.9956763,0.06206079,0.052076798,-0.12887417,1.1234905,1
ENSG00000147419,1.2571425,1.2365372,1.0,0.8380116,0.078210756,0.052076798,0.1918686,0.7188912,1
ENSG00000147419,1.2467688,1.2365372,1.0,0.7818713,0.06505369,0.052076798,-0.036182724,0.5748238,1
ENSG00000147419,1.258137,1.2365372,1.0,0.05438596,0.079471916,0.052076798,0.11616125,-1.2920504,1
ENSG00000170946,1.2240435,1.2477279,1.0,1.0,0.036230795,0.06626991,0.02718308,1.0,1
ENSG00000170946,1.2342546,1.2477279,1.0,1.0,0.0491817,0.06626991,-0.020507053,1.0,1
ENSG00000170946,1.2304434,1.2477279,1.0,0.060752153,0.044347815,0.06626991,-0.038990222,-1.2757134,1
ENSG00000136235,1.1387721,-0.60205996,1.0,1.0,-0.07191964,-2.2798343,0.01463978,1.0,1
ENSG00000136235,1.134686,-0.60205996,1.0,1.0,-0.07710218,-2.2798343,-0.0063897595,1.0,1
ENSG00000102003,1.2174695,0.5658478,1.0,1.0,0.027892932,-0.7985652,0.004032921,1.0,1
ENSG00000102003,1.2410749,0.5658478,1.0,1.0,0.057831928,-0.7985652,0.10824376,1.0,1
ENSG00000102003,1.2334299,0.5658478,1.0,1.0,0.04813578,-0.7985652,0.055314165,1.0,1
ENSG00000102003,1.2095467,0.5658478,1.0,1.0,0.017844468,-0.7985652,-0.058724374,1.0,1
ENSG00000102003,1.2381887,0.5658478,1.0,0.9894366,0.05417136,-0.7985652,0.0468681,1.1074781,1
ENSG00000183426,1.1315389,1.448397,1.0,1.0,-0.081093684,0.32078072,-0.08454999,1.0,1
ENSG00000183426,1.0862077,1.448397,1.0,0.46980336,-0.13858753,0.32078072,-0.058655366,-0.22600557,1
ENSG00000085185,1.2080493,0.07554698,1.0,1.0,0.015945204,-1.4204186,0.030071514,1.0,1
ENSG00000198793,1.2751136,1.6205524,1.0,1.0,0.10100359,0.53912705,0.22190179,1.0,1
ENSG00000114770,1.2706128,1.4752352,1.0,1.0,0.09529516,0.35481977,0.1526309,1.0,1
ENSG00000114770,1.2638439,1.4752352,1.0,0.8330404,0.086710095,0.35481977,0.13867499,0.70613396,1
ENSG00000148832,1.1549498,0.53402615,1.0,0.0,-0.05140143,-0.838925,0.016785733,-1.4316157,1
ENSG00000148832,1.1716256,0.53402615,1.0,0.8680555,-0.030251265,-0.838925,0.0014167875,0.7959898,1
ENSG00000148832,1.1486694,0.53402615,1.0,0.9270833,-0.059366923,-0.838925,0.0043228306,0.947467,1
ENSG00000131669,1.220438,0.55145,1.0,1.0,0.031658046,-0.8168261,0.0724039,1.0,1
ENSG00000131669,1.2233069,0.55145,1.0,1.0,0.03529668,-0.8168261,0.020162046,1.0,1
ENSG00000131669,1.183426,0.55145,1.0,0.0,-0.01528468,-0.8168261,-0.04255373,-1.4316157,1
ENSG00000197226,1.1582242,1.4976206,1.0,1.0,-0.047248412,0.38321143,-0.044037238,1.0,1
ENSG00000197226,1.2001997,1.4976206,1.0,1.0,0.0059896037,0.38321143,0.114595525,1.0,1
ENSG00000197226,1.1851217,1.4976206,1.0,1.0,-0.013134025,0.38321143,0.06284424,1.0,1
ENSG00000197226,1.1411185,1.4976206,1.0,0.45565748,-0.068943664,0.38321143,-0.036088385,-0.26230675,1
ENSG00000071537,1.2127614,0.81224465,-0.06848635,1.0,0.02192168,-0.48605764,-0.06848635,1.0,1
ENSG00000071537,1.2106235,0.81224465,1.0,1.0,0.019210145,-0.48605764,0.0057318136,1.0,1
ENSG00000139291,1.2367482,1.1619666,1.0,1.0,0.052344315,-0.042501885,0.04230701,1.0,1
ENSG00000139291,1.2438778,1.1619666,1.0,1.0,0.06138681,-0.042501885,0.11160159,1.0,1
ENSG00000090054,1.2481189,1.8347385,-0.04414677,1.0,0.066765875,0.81078136,-0.04414677,1.0,1
ENSG00000104312,1.2616482,1.2469907,1.0,1.0,0.0839252,0.065335,0.09489396,1.0,1
ENSG00000104312,1.2454809,1.2469907,1.0,0.34510708,0.06342019,0.065335,-0.018492378,-0.5460013,1
ENSG00000111012,1.1828268,0.5820633,1.0,1.0,-0.01604478,-0.7779989,0.11285407,1.0,1
ENSG00000163950,1.3139306,2.0828571,1.0,1.0,0.1502356,1.1254727,0.11808969,1.0,1
ENSG00000163950,1.3170328,2.0828571,1.0,0.97517455,0.15417019,1.1254727,0.18514337,1.0708787,1
ENSG00000163950,1.3205636,2.0828571,1.0,0.11117005,0.15864816,1.1254727,0.24369764,-1.146331,1
ENSG00000177303,1.2198919,0.23552841,1.0,1.0,0.030965284,-1.2175126,0.18716586,1.0,1
ENSG00000177303,1.2210544,0.23552841,1.0,1.0,0.032439828,-1.2175126,0.12635574,1.0,1
ENSG00000141337,1.2220708,-0.036212087,1.0,1.0,0.033728875,-1.5621638,-0.049718305,1.0,1
ENSG00000141337,1.2200155,-0.036212087,1.0,1.0,0.031122103,-1.5621638,-0.0065237284,1.0,1
ENSG00000141452,1.2988533,1.3615389,1.0,1.0,0.13111278,0.2106177,0.15643385,1.0,1
ENSG00000141452,1.2885076,1.3615389,1.0,0.9366666,0.11799136,0.2106177,0.03493975,0.9720598,1
ENSG00000166133,1.2181845,0.9867717,1.0,1.0,0.028799832,-0.26470327,0.09825954,1.0,1
ENSG00000213853,1.2073961,0.67486113,1.0,1.0,0.01511687,-0.6603026,0.09480478,1.0,1
ENSG00000213853,1.1852746,0.67486113,1.0,1.0,-0.012940086,-0.6603026,-0.033890255,1.0,1
ENSG00000100084,1.338946,1.7835462,1.0,1.0,0.18196276,0.7458537,0.16591921,1.0,1
ENSG00000078246,1.27298,0.98587537,1.0,1.0,0.09829754,-0.26584017,0.09347582,1.0,1
ENSG00000078246,1.2596718,0.98587537,1.0,0.9167603,0.08141863,-0.26584017,0.05395487,0.9209763,1
ENSG00000078246,1.2706076,0.98587537,1.0,0.9943757,0.095288545,-0.26584017,0.105178274,1.1201528,1
ENSG00000078246,1.2748795,0.98587537,1.0,0.9223847,0.10070658,-0.26584017,0.14594588,0.93540937,1
ENSG00000078246,1.2711337,0.98587537,1.0,0.9943757,0.09595579,-0.26584017,0.1275579,1.1201528,1
ENSG00000196455,1.1935917,1.542701,1.0,1.0,-0.0023913682,0.44038725,0.02165195,1.0,1
ENSG00000100722,1.2316058,1.9305925,1.0,1.0,0.045822114,0.9323539,0.013892189,1.0,1
ENSG00000100722,1.2285626,1.9305925,1.0,1.0,0.04196246,0.9323539,0.09064652,1.0,1
ENSG00000100722,1.2211545,1.9305925,1.0,1.0,0.03256666,0.9323539,0.019921336,1.0,1
ENSG00000213967,1.2213557,1.0530784,1.0,1.0,0.032821886,-0.18060583,-0.009483263,1.0,1
ENSG00000213967,1.222759,1.0530784,1.0,1.0,0.034601673,-0.18060583,-0.010587491,1.0,1
ENSG00000213967,1.222759,1.0530784,1.0,1.0,0.034601673,-0.18060583,-0.010587491,1.0,1
ENSG00000175697,1.0848155,-0.7958801,1.0,1.0,-0.14035344,-2.5256581,-0.04010866,1.0,1
ENSG00000088836,1.1542819,-0.25963724,1.0,1.0,-0.052248582,-1.8455361,0.012591857,1.0,1
ENSG00000132793,1.2503028,0.83505607,1.0,1.0,0.06953581,-0.45712572,0.12303524,1.0,1
ENSG00000132793,1.2318305,0.83505607,1.0,1.0,0.046107158,-0.45712572,0.12195117,1.0,1
ENSG00000136143,1.2387695,1.453624,1.0,1.0,0.054908074,0.32741013,0.052245885,1.0,1
ENSG00000110851,1.1949308,1.1945143,1.0,1.0,-0.0006930828,-0.001221285,0.046234947,1.0,1
ENSG00000078596,1.2082108,1.8047526,1.0,1.0,0.01615017,0.7727499,0.04231538,1.0,1
ENSG00000078596,1.1726732,1.8047526,1.0,1.0,-0.028922524,0.7727499,-0.017640412,1.0,1
ENSG00000078596,1.1800764,1.8047526,1.0,0.7400894,-0.019533146,0.7727499,0.05083957,0.4676029,1
ENSG00000114859,1.238877,0.83378434,1.0,1.0,0.055044428,-0.45873865,0.14300604,1.0,1
ENSG00000078369,1.2947805,2.3312044,1.0,1.0,0.12594736,1.4404541,0.17208904,1.0,1
ENSG00000078369,1.2909635,2.3312044,1.0,1.0,0.12110615,1.4404541,0.12899512,1.0,1
ENSG00000189050,1.2637311,1.3891661,1.0,1.0,0.08656703,0.24565744,0.14819625,1.0,1
ENSG00000189050,1.2637311,1.3891661,1.0,0.26953745,0.08656703,0.24565744,0.14819625,-0.73992825,1
ENSG00000070759,1.2104166,0.29003465,1.0,1.0,0.018947624,-1.1483818,0.0633257,1.0,1
ENSG00000070759,1.2018869,0.29003465,1.0,1.0,0.008129418,-1.1483818,-0.0028055385,1.0,1
ENSG00000070759,1.2170753,0.29003465,1.0,0.6342857,0.027393155,-1.1483818,0.08322118,0.19608928,1
ENSG00000079950,1.2835338,1.4034636,1.0,1.0,0.11168295,0.26379123,0.0029237866,1.0,1
ENSG00000079950,1.28722,1.4034636,1.0,1.0,0.116358295,0.26379123,0.119787924,1.0,1
ENSG00000151353,1.3408589,1.2979792,1.0,1.0,0.184389,0.13000427,0.16144454,1.0,1
ENSG00000113758,1.2291994,1.4886917,1.0,1.0,0.04277017,0.37188676,0.15926425,1.0,1
ENSG00000113758,1.2250038,1.4886917,1.0,1.0,0.037448794,0.37188676,0.1464147,1.0,1
ENSG00000113758,1.2058553,1.4886917,1.0,1.0,0.013162546,0.37188676,0.09875738,1.0,1
ENSG00000188215,1.2399751,0.37839788,1.0,1.0,0.056437105,-1.0363098,0.10041168,1.0,1
ENSG00000132357,1.2037357,0.64147407,1.0,1.0,0.0104742795,-0.7026477,0.032725777,1.0,1
ENSG00000172831,1.2498846,1.054613,1.0,1.0,0.069005325,-0.17865947,0.10998022,1.0,1
ENSG00000197969,1.2138164,1.1726029,1.0,1.0,0.023259692,-0.029011743,-0.013802178,1.0,1
ENSG00000153786,1.2819337,1.4949889,0.014564361,1.0,0.10965358,0.37987366,0.014564361,1.0,1
ENSG00000153786,1.2801833,1.4949889,1.0,1.0,0.10743356,0.37987366,0.10436788,1.0,1
ENSG00000153786,1.27456,1.4949889,1.0,0.022058845,0.100301445,0.37987366,0.028764375,-1.3750083,1
ENSG00000104731,1.2595226,1.2935835,1.0,1.0,0.08122927,0.12442912,0.1690928,1.0,1
ENSG00000104731,1.2520003,1.2935835,1.0,1.0,0.0716888,0.12442912,0.12550256,1.0,1
ENSG00000104731,1.2454804,1.2935835,1.0,0.98630136,0.063419506,0.12442912,0.091553226,1.0994325,1
ENSG00000104731,1.2521198,1.2935835,1.0,0.8767123,0.07184027,0.12442912,0.08991162,0.8182049,1
ENSG00000171163,1.3171536,1.925982,1.0,1.0,0.15432334,0.92650646,0.2521792,1.0,1
ENSG00000171163,1.3077059,1.925982,1.0,1.0,0.1423407,0.92650646,0.20528549,1.0,1
ENSG00000171163,1.3025415,1.925982,1.0,1.0,0.1357907,0.92650646,0.15167119,1.0,1
ENSG00000171163,1.3037604,1.925982,1.0,0.9958833,0.13733667,0.92650646,0.112323925,1.1240216,1
ENSG00000171163,1.3228326,1.925982,1.0,0.9802383,0.16152608,0.92650646,0.2620479,1.0838734,1
ENSG00000173812,1.369926,2.3517962,1.0,1.0,0.221255,1.4665709,0.2189614,1.0,1
ENSG00000173812,1.3752164,2.3517962,1.0,1.0,0.22796488,1.4665709,0.24442953,1.0,1
ENSG00000173812,1.3715614,2.3517962,1.0,0.090036005,0.2233293,1.4665709,0.23233946,-1.2005652,1
ENSG00000109762,1.245686,1.2509077,1.0,1.0,0.063680276,0.07030296,0.09321302,1.0,1
ENSG00000109762,1.2288169,1.2509077,1.0,1.0,0.042284906,0.07030296,-0.026168376,1.0,1
ENSG00000109762,1.2373044,1.2509077,1.0,1.0,0.053049803,0.07030296,0.08518722,1.1345859,1
ENSG00000100211,1.3051659,1.149219,1.0,1.0,0.13911916,-0.05866967,0.10560345,1.0,1
ENSG00000100211,1.3127846,1.149219,1.0,0.16543818,0.14878203,-0.05866967,0.20596264,-1.007068,1
ENSG00000108395,1.2682068,1.3508292,1.0,1.0,0.09224358,0.19703448,0.050039582,1.0,1
ENSG00000108395,1.2662961,1.3508292,1.0,0.91091955,0.08982025,0.19703448,0.08450839,0.90598744,1
ENSG00000108395,1.2651356,1.3508292,0.5261763,0.08201057,0.08834839,0.19703448,-0.08134127,-1.22116,1
ENSG00000108395,1.2628633,1.3508292,0.5280564,0.9873016,0.08546631,0.19703448,-0.07651661,1.1019992,1
ENSG00000151151,1.2188632,0.2671718,1.0,1.0,0.029660724,-1.177379,-0.006919656,1.0,1
ENSG00000103852,1.1338336,0.056904912,1.0,1.0,-0.078183174,-1.4440626,0.0437762,1.0,1
ENSG00000101189,1.2841711,1.193681,1.0,1.0,0.11249131,-0.0022781831,0.18932147,1.0,1
ENSG00000076108,1.2192446,1.8205298,1.0,1.0,0.030144393,0.7927604,0.15075195,1.0,1
ENSG00000076108,1.2219605,1.8205298,1.0,1.0,0.033589028,0.7927604,0.14559661,1.0,1
ENSG00000076108,1.2234321,1.8205298,1.0,0.15889746,0.035455383,0.7927604,0.10663543,-1.0238528,1
ENSG00000112561,1.1896034,0.41664052,1.0,1.0,-0.0074498653,-0.9878063,0.066919565,1.0,1
ENSG00000112561,1.1905304,0.41664052,1.0,1.0,-0.0062740743,-0.9878063,0.05647505,1.0,1
ENSG00000112561,1.2037429,0.41664052,1.0,1.0,0.010483421,-0.9878063,0.13839945,1.1345859,1
ENSG00000155621,1.2488747,0.845718,1.0,1.0,0.06772447,-0.4436031,0.058299236,1.0,1
ENSG00000155621,1.2488747,0.845718,1.0,1.0,0.06772447,-0.4436031,0.058299236,1.0,1
ENSG00000155621,1.2652951,0.845718,1.0,0.8650602,0.08855069,-0.4436031,0.045473382,0.78830326,1
ENSG00000163577,1.2788923,1.0595634,1.0,1.0,0.10579611,-0.17238088,0.19054568,1.0,1
ENSG00000163577,1.2796619,1.0595634,1.0,1.0,0.106772214,-0.17238088,0.15666077,1.0,1
ENSG00000182318,1.2222381,0.6273658,1.0,1.0,0.033941083,-0.7205413,0.07862182,1.0,1
ENSG00000214160,1.2850994,1.8798983,1.0,1.0,0.11366859,0.86805797,0.20667036,1.0,1
ENSG00000214160,1.2838241,1.8798983,1.0,1.0,0.112051204,0.86805797,0.19663706,1.0,1
ENSG00000214160,1.2903141,1.8798983,1.0,1.0,0.120282486,0.86805797,0.20315199,1.0,1
ENSG00000214160,1.2903141,1.8798983,1.0,0.9729409,0.120282486,0.86805797,0.20315199,1.0651469,1
ENSG00000214160,1.2903141,1.8798983,1.0,0.996904,0.120282486,0.86805797,0.20315199,1.126641,1
ENSG00000149761,1.2699745,1.5317342,1.0,1.0,0.09448552,0.42647812,0.19145076,1.0,1
ENSG00000149761,1.2709938,1.5317342,1.0,1.0,0.095778465,0.42647812,0.20668465,1.0,1
ENSG00000188549,1.1410031,-0.88605666,1.0,1.0,-0.06909012,-2.64003,-0.02552814,1.0,1
ENSG00000163444,1.2807639,2.155427,1.0,1.0,0.10816991,1.2175139,0.19085743,1.0,1
ENSG00000163444,1.2853075,2.155427,1.0,1.0,0.11393267,1.2175139,0.1880466,1.0,1
ENSG00000174099,1.1212984,-0.9208188,1.0,1.0,-0.094081715,-2.6841192,-0.062329464,1.0,1
ENSG00000025800,1.2580507,1.4874212,1.0,1.0,0.07936251,0.37027538,0.05434877,1.0,1
ENSG00000025800,1.265399,1.4874212,1.0,1.0,0.08868241,0.37027538,0.093432575,1.0,1
ENSG00000203778,1.2398967,1.0472748,1.0,1.0,0.05633755,-0.18796656,0.044740323,1.0,1
ENSG00000203778,1.2361559,1.0472748,1.0,1.0,0.051593125,-0.18796656,0.037357494,1.0,1
ENSG00000171530,1.2896416,2.0499153,1.0,1.0,0.11942953,1.0836923,0.010238558,1.0,1
ENSG00000171530,1.2826649,2.0499153,1.0,0.995686,0.11058092,1.0836923,-0.030223727,1.1235154,1
ENSG00000171530,1.2622026,2.0499153,0.48003978,0.006792605,0.0846284,1.0836923,-0.19973682,-1.4141846,1
ENSG00000198156,1.1473384,-0.6575773,1.0,1.0,-0.06105498,-2.3502474,0.06669776,1.0,1
ENSG00000198156,1.119984,-0.6575773,1.0,1.0,-0.09574884,-2.3502474,0.013738573,1.0,1
ENSG00000165555,1.1285907,-0.1487416,1.0,1.0,-0.08483285,-1.7048861,0.017703833,1.0,1
ENSG00000100228,1.3193339,-0.9208188,1.0,1.0,0.15708861,-2.6841192,0.182985,1.0,1
ENSG00000149257,1.2263316,1.8301394,1.0,1.0,0.039132796,0.8049482,0.08261966,1.0,1
ENSG00000149257,1.2263316,1.8301394,1.0,1.0,0.039132796,0.8049482,0.08261966,1.0,1
ENSG00000149257,1.2258621,1.8301394,1.0,1.0,0.038537502,0.8049482,0.12341462,1.0,1
ENSG00000149257,1.223619,1.8301394,0.5549913,0.0038885474,0.03569249,0.8049482,-0.007396102,-1.4216369,1
ENSG00000166716,1.2121011,0.8518696,1.0,1.0,0.021084212,-0.435801,0.16696544,1.0,1
ENSG00000106397,1.3129438,1.3176455,1.0,1.0,0.14898407,0.15494724,0.23801272,1.0,1
ENSG00000106397,1.3085726,1.3176455,1.0,1.0,0.14344001,0.15494724,0.1992451,1.0,1
ENSG00000106397,1.3164421,1.3176455,1.0,1.0,0.15342098,0.15494724,0.26085585,1.0,1
ENSG00000106397,1.3039345,1.3176455,1.0,1.0,0.1375573,0.15494724,0.1472276,1.0,1
ENSG00000134769,1.1090633,0.045323014,1.0,1.0,-0.109599665,-1.458752,0.010847218,1.0,1
ENSG00000064989,1.1453172,-0.9208188,1.0,1.0,-0.06361853,-2.6841192,-0.06455578,1.0,1
