,PredExpr,ActualExpr,PredPsi,ActualPsi,fold_idx
ENSG00000196388,1.2516216,-0.82390875,0.9999999,1.0,1
ENSG00000164051,1.2351798,1.1099159,0.9999999,1.0,1
ENSG00000064102,1.2788985,1.7070589,1.0,1.0,1
ENSG00000064102,1.2779025,1.7070589,1.0,1.0,1
ENSG00000064102,1.2782519,1.7070589,1.0,1.0,1
ENSG00000117533,1.3080778,1.1296899,1.0,1.0,1
ENSG00000117533,1.3101704,1.1296899,1.0,1.0,1
ENSG00000089094,1.2113613,1.2591158,0.9999999,1.0,1
ENSG00000089094,1.211274,1.2591158,0.9999999,1.0,1
ENSG00000089094,1.2107238,1.2591158,0.9999999,0.88706565,1
ENSG00000138688,1.2120105,1.3364598,1.0,1.0,1
ENSG00000138688,1.2137393,1.3364598,1.0,1.0,1
ENSG00000138688,1.210615,1.3364598,1.0,0.72337043,1
ENSG00000129195,1.2304713,0.80821097,0.9999999,1.0,1
ENSG00000129195,1.2304292,0.80821097,0.9999999,0.7982646,1
ENSG00000086758,1.2523094,1.7985126,1.0,0.82222223,1
ENSG00000133641,1.2395684,1.5317343,1.0,1.0,1
ENSG00000133641,1.2407756,1.5317343,1.0,1.0,1
ENSG00000133641,1.2431364,1.5317343,1.0,0.66042554,1
ENSG00000133641,1.243068,1.5317343,1.0,0.9412023,1
ENSG00000035928,1.2260724,1.2402996,0.9999999,1.0,1
ENSG00000035928,1.226776,1.2402996,0.9999999,1.0,1
ENSG00000035928,1.2249845,1.2402996,0.9999999,1.0,1
ENSG00000035928,1.2272811,1.2402996,0.9999999,0.0049850447,1
ENSG00000115594,1.1849641,0.30963016,0.9999999,1.0,1
ENSG00000115594,1.1857722,0.30963016,0.9999999,1.0,1
ENSG00000161509,1.165608,-0.7695511,0.9999999,1.0,1
ENSG00000169223,1.281261,2.0322561,1.0,1.0,1
ENSG00000001461,1.271689,1.1351327,0.9999999,1.0,1
ENSG00000001461,1.2714651,1.1351327,0.9999999,0.633833,1
ENSG00000001461,1.2719129,1.1351327,0.9999999,0.031847134,1
ENSG00000164346,1.2460929,1.7139943,1.0,1.0,1
ENSG00000164346,1.2499129,1.7139943,1.0,0.78319883,1
ENSG00000196588,1.2108865,0.21484385,0.9999999,1.0,1
ENSG00000206177,1.2021106,-0.79588,0.9999999,1.0,1
ENSG00000078403,1.2466601,1.8405452,1.0,1.0,1
ENSG00000078403,1.2487382,1.8405452,1.0,1.0,1
ENSG00000078403,1.2467467,1.8405452,1.0,0.8148855,1
ENSG00000078403,1.246893,1.8405452,1.0,0.0,1
ENSG00000078403,1.2448329,1.8405452,1.0,0.02932761,1
ENSG00000078403,1.2461666,1.8405452,1.0,0.017422749,1
ENSG00000078403,1.2449218,1.8405452,1.0,0.97775596,1
ENSG00000078403,1.245962,1.8405452,1.0,0.014512318,1
ENSG00000031003,1.2520896,1.0569048,1.0,1.0,1
ENSG00000031003,1.2491122,1.0569048,1.0,1.0,1
ENSG00000031003,1.2521234,1.0569048,1.0,0.9566075,1
ENSG00000031003,1.2538303,1.0569048,1.0,0.043392505,1
ENSG00000031003,1.2526406,1.0569048,1.0,0.9566075,1
ENSG00000031003,1.2529103,1.0569048,1.0,0.0,1
ENSG00000102755,1.1599262,0.075546965,0.9999999,1.0,1
ENSG00000102755,1.1615033,0.075546965,0.9999999,1.0,1
ENSG00000004534,1.2348486,1.6112983,0.9999999,1.0,1
ENSG00000004534,1.2353009,1.6112983,0.9999999,0.51549053,1
ENSG00000004534,1.2332872,1.6112983,0.9999999,0.71464777,1
ENSG00000004534,1.234365,1.6112983,0.9999999,0.9532909,1
ENSG00000004534,1.2341,1.6112983,0.9999999,0.779549,1
ENSG00000004534,1.234453,1.6112983,0.9999999,0.0056254137,1
ENSG00000119927,1.228659,0.69548166,1.0,1.0,1
ENSG00000119927,1.2262071,0.69548166,1.0,1.0,1
ENSG00000119927,1.2266783,0.69548166,1.0,1.0,1
ENSG00000096872,1.2526289,0.8469553,1.0,1.0,1
ENSG00000152782,1.2062963,0.8668778,0.9999999,1.0,1
ENSG00000152782,1.2008896,0.8668778,0.9999999,1.0,1
ENSG00000152782,1.2058126,0.8668778,0.9999999,1.0,1
ENSG00000152782,1.2057134,0.8668778,0.9999999,0.9722922,1
ENSG00000197566,1.1962813,-0.013228266,0.9999999,1.0,1
ENSG00000170584,1.2950219,1.5811529,1.0,1.0,1
ENSG00000170584,1.2968193,1.5811529,1.0,1.0,1
ENSG00000142207,1.2399532,1.0068938,0.9999999,1.0,1
ENSG00000142207,1.2401595,1.0068938,0.9999999,1.0,1
ENSG00000162772,1.2712001,0.99825937,0.9999999,0.0077021825,1
ENSG00000188157,1.2151561,1.3543006,0.9999999,1.0,1
ENSG00000034677,1.2293035,1.3277675,0.9999999,1.0,1
ENSG00000034677,1.2309376,1.3277675,0.9999999,1.0,1
ENSG00000034677,1.229807,1.3277675,0.9999999,0.9159975,1
ENSG00000104853,1.2873077,1.5117497,1.0,1.0,1
ENSG00000104853,1.2865044,1.5117497,1.0,1.0,1
ENSG00000116668,1.2575014,0.4065402,1.0,1.0,1
ENSG00000051341,1.2097721,0.8920946,1.0,1.0,1
ENSG00000051341,1.2142562,0.8920946,1.0,1.0,1
ENSG00000135605,1.2725388,0.85733247,1.0,1.0,1
ENSG00000143774,1.3038484,2.2415962,1.0,1.0,1
ENSG00000143774,1.3038484,2.2415962,1.0,1.0,1
ENSG00000143774,1.3038203,2.2415962,1.0,1.0,1
ENSG00000143774,1.3039216,2.2415962,1.0,1.0,1
ENSG00000143774,1.3045539,2.2415962,1.0,0.15867049,1
ENSG00000143774,1.3036385,2.2415962,1.0,0.9343574,1
ENSG00000140740,1.3047265,2.5661428,1.0,1.0,1
ENSG00000065243,1.2591723,1.1958996,1.0,1.0,1
ENSG00000065243,1.2579333,1.1958996,1.0,1.0,1
ENSG00000065243,1.2588828,1.1958996,1.0,1.0,1
ENSG00000065243,1.2566608,1.1958996,1.0,1.0,1
ENSG00000065243,1.2552102,1.1958996,1.0,0.99837,1
ENSG00000178852,1.2351557,-0.06550155,0.9999999,1.0,1
ENSG00000178852,1.2360493,-0.06550155,0.9999999,1.0,1
ENSG00000178852,1.236544,-0.06550155,0.9999999,1.0,1
ENSG00000186198,1.1919872,-0.92081875,0.9999999,1.0,1
ENSG00000135048,1.188179,1.34183,0.9999999,1.0,1
ENSG00000175550,1.2571963,1.4536241,0.9999999,1.0,1
ENSG00000108829,1.2540014,2.0370278,0.9999999,1.0,1
ENSG00000108829,1.2532719,2.0370278,0.9999999,1.0,1
ENSG00000108829,1.2532525,2.0370278,0.9999999,1.0,1
ENSG00000108829,1.2532493,2.0370278,0.9999999,1.0,1
ENSG00000108829,1.2525744,2.0370278,0.9999999,1.0,1
ENSG00000162522,1.2247893,0.92737037,0.9999999,1.0,1
ENSG00000162522,1.2252139,0.92737037,0.9999999,1.0,1
ENSG00000115165,1.1849419,-0.7695511,0.9999999,1.0,1
ENSG00000115165,1.1853157,-0.7695511,0.9999999,1.0,1
ENSG00000115165,1.1839459,-0.7695511,0.9999999,1.0,1
ENSG00000143303,1.2640055,1.5156089,0.9999999,1.0,1
ENSG00000143303,1.2640989,1.5156089,0.9999999,1.0,1
ENSG00000181638,1.2284491,0.4756712,0.9999999,1.0,1
ENSG00000181638,1.2284491,0.4756712,0.9999999,1.0,1
ENSG00000214046,1.3411298,1.8994921,1.0,1.0,1
ENSG00000214046,1.3397202,1.8994921,1.0,0.0060396893,1
ENSG00000214046,1.3411168,1.8994921,1.0,0.7411935,1
ENSG00000059691,1.236856,1.3529539,0.9999999,1.0,1
ENSG00000148660,1.247671,1.4977587,0.9999999,1.0,1
ENSG00000148660,1.2477478,1.4977587,0.9999999,1.0,1
ENSG00000148660,1.2475482,1.4977587,0.9999999,1.0,1
ENSG00000148660,1.2479051,1.4977587,0.9999999,0.09283196,1
ENSG00000148660,1.2477586,1.4977587,0.9999999,0.087190524,1
ENSG00000165029,1.161656,-0.9586073,0.9999999,1.0,1
ENSG00000165029,1.1620303,-0.9586073,0.9999999,1.0,1
ENSG00000165029,1.1613164,-0.9586073,0.9999999,1.0,1
ENSG00000165029,1.1617415,-0.9586073,0.9999999,1.0,1
ENSG00000180998,1.2274685,-0.65757734,1.0,1.0,1
ENSG00000180998,1.2286171,-0.65757734,1.0,1.0,1
ENSG00000185250,1.2423238,-0.1426675,0.9999999,1.0,1
ENSG00000055483,1.2447231,1.3500541,0.9999999,1.0,1
ENSG00000165704,1.2495075,1.837904,0.9999999,1.0,1
ENSG00000165704,1.2475914,1.837904,0.9999999,1.0,1
ENSG00000059804,1.2317268,2.4926348,0.9999999,1.0,1
ENSG00000143627,1.2304536,1.415641,0.9999999,1.0,1
ENSG00000143627,1.2307407,1.415641,0.9999999,1.0,1
ENSG00000143627,1.2300338,1.415641,0.9999999,1.0,1
ENSG00000143627,1.2297903,1.415641,0.9999999,1.0,1
ENSG00000136802,1.2225574,0.9116902,0.9999999,0.44444445,1
ENSG00000166002,1.2156708,0.924796,0.9999999,1.0,1
ENSG00000101412,1.237542,1.1038038,0.9999999,1.0,1
ENSG00000101412,1.2381507,1.1038038,0.9999999,1.0,1
ENSG00000068489,1.282807,1.7180862,1.0,1.0,1
ENSG00000068489,1.2862294,1.7180862,1.0,1.0,1
ENSG00000145390,1.244195,0.8182259,1.0,1.0,1
ENSG00000145390,1.241175,0.8182259,1.0,1.0,1
ENSG00000145390,1.2472528,0.8182259,1.0,1.0,1
ENSG00000145390,1.2419702,0.8182259,1.0,1.0,1
ENSG00000168575,1.2412642,1.4563661,0.9999999,1.0,1
ENSG00000168575,1.2417343,1.4563661,0.9999999,1.0,1
ENSG00000104613,1.2584366,1.9760288,1.0,1.0,1
ENSG00000104613,1.2615807,1.9760288,1.0,0.9973815,1
ENSG00000101282,1.1843019,-0.9586073,0.9999999,1.0,1
ENSG00000100276,1.1880585,-0.38721615,0.9999999,1.0,1
ENSG00000136371,1.2529709,1.7207379,0.9999999,1.0,1
ENSG00000133243,1.1884508,1.2084414,0.9999999,1.0,1
ENSG00000133243,1.1898602,1.2084414,0.9999999,1.0,1
ENSG00000156860,1.248026,0.83884907,0.9999999,1.0,1
ENSG00000156860,1.2483304,0.83884907,0.9999999,1.0,1
ENSG00000157613,1.2028514,0.25767857,0.9999999,1.0,1
ENSG00000157613,1.2028776,0.25767857,0.9999999,1.0,1
ENSG00000132953,1.2322363,1.1003705,0.9999999,1.0,1
ENSG00000156795,1.2894999,1.2472365,1.0,1.0,1
ENSG00000156795,1.2883562,1.2472365,1.0,0.44016394,1
ENSG00000156795,1.2891493,1.2472365,1.0,0.819928,1
ENSG00000123144,1.2597259,2.0587676,0.9999999,1.0,1
ENSG00000123144,1.2600611,2.0587676,0.9999999,1.0,1
ENSG00000167333,1.2480348,0.71011734,1.0,1.0,1
ENSG00000132963,1.2856785,1.8678797,0.9999999,1.0,1
ENSG00000143624,1.2901647,1.3123889,1.0,1.0,1
ENSG00000143624,1.2911948,1.3123889,1.0,1.0,1
ENSG00000143624,1.2911108,1.3123889,1.0,0.31625,1
ENSG00000143624,1.2907472,1.3123889,1.0,0.17875,1
ENSG00000100147,1.2564819,0.6095944,0.9999999,1.0,1
ENSG00000151348,1.1989976,1.6004283,0.9999999,1.0,1
ENSG00000151348,1.1975163,1.6004283,0.9999999,1.0,1
ENSG00000151348,1.199041,1.6004283,0.9999999,1.0,1
ENSG00000152465,1.2440971,0.6683859,0.9999999,1.0,1
ENSG00000152465,1.2452079,0.6683859,0.9999999,1.0,1
ENSG00000152465,1.2436852,0.6683859,0.9999999,0.24,1
ENSG00000125351,1.2573804,1.3372595,0.9999999,1.0,1
ENSG00000125351,1.2592156,1.3372595,0.9999999,0.6180621,1
ENSG00000181826,1.2401085,-0.055517327,0.9999999,1.0,1
ENSG00000110090,1.1890925,0.52244425,0.9999999,1.0,1
ENSG00000178952,1.2668177,2.1879153,0.9999999,1.0,1
ENSG00000178952,1.2681161,2.1879153,0.9999999,1.0,1
ENSG00000131504,1.243594,2.0841472,0.9999999,1.0,1
ENSG00000131504,1.2426358,2.0841472,0.9999999,1.0,1
ENSG00000198018,1.2447767,1.000434,0.9999999,1.0,1
ENSG00000198018,1.2412102,1.000434,0.9999999,1.0,1
ENSG00000127452,1.2449591,1.3841741,0.9999999,1.0,1
ENSG00000127452,1.246678,1.3841741,0.9999999,0.2110984,1
ENSG00000127452,1.2453448,1.3841741,0.9999999,0.9470069,1
ENSG00000160447,1.2437825,1.2981979,0.9999999,1.0,1
ENSG00000160447,1.2438639,1.2981979,0.9999999,1.0,1
ENSG00000160447,1.2442513,1.2981979,0.9999999,1.0,1
ENSG00000092978,1.1749583,0.025305865,1.0,1.0,1
ENSG00000119787,1.2648114,1.7223871,0.9999999,1.0,1
ENSG00000119787,1.266091,1.7223871,0.9999999,1.0,1
ENSG00000119787,1.265222,1.7223871,0.9999999,1.0,1
ENSG00000119787,1.2662944,1.7223871,0.9999999,1.0,1
ENSG00000140367,1.2855803,1.1370374,1.0,1.0,1
ENSG00000140367,1.2846361,1.1370374,1.0,0.91013384,1
ENSG00000182307,1.2548618,1.6290016,0.9999999,1.0,1
ENSG00000174996,1.244306,0.9180303,0.9999999,1.0,1
ENSG00000174996,1.245175,0.9180303,0.9999999,1.0,1
ENSG00000136950,1.290743,1.7786577,0.9999999,1.0,1
ENSG00000113721,1.1682059,0.021189298,0.9999999,1.0,1
ENSG00000135090,1.2436458,1.6541766,0.9999999,1.0,1
ENSG00000135090,1.243586,1.6541766,0.9999999,1.0,1
ENSG00000135090,1.2439319,1.6541766,0.9999999,1.0,1
ENSG00000135090,1.2423409,1.6541766,0.9999999,0.9892819,1
ENSG00000135090,1.2433681,1.6541766,0.9999999,0.0,1
ENSG00000073605,1.1837893,0.65417653,0.9999999,1.0,1
ENSG00000073605,1.1827568,0.65417653,0.9999999,1.0,1
ENSG00000073605,1.1832927,0.65417653,0.9999999,0.615,1
ENSG00000198961,1.256334,1.774298,1.0,1.0,1
ENSG00000198961,1.2580683,1.774298,1.0,1.0,1
ENSG00000198961,1.2594205,1.774298,1.0,1.0,1
ENSG00000198961,1.2579534,1.774298,1.0,1.0,1
ENSG00000167851,1.1851618,0.923244,0.9999999,1.0,1
ENSG00000167851,1.1852878,0.923244,0.9999999,0.8367953,1
ENSG00000167851,1.1850721,0.923244,0.9999999,0.8938307,1
ENSG00000182359,1.2172623,1.071882,1.0,1.0,1
ENSG00000065029,1.2861508,1.2143139,1.0,1.0,1
ENSG00000065029,1.2877749,1.2143139,1.0,0.7513089,1
ENSG00000048140,1.2765914,1.5133508,0.9999999,1.0,1
ENSG00000048140,1.2767905,1.5133508,0.9999999,0.6748182,1
ENSG00000101868,1.2397469,1.0098757,1.0,1.0,1
ENSG00000219200,1.2716027,1.7158363,0.9999999,1.0,1
ENSG00000219200,1.2723,1.7158363,0.9999999,0.0016972165,1
ENSG00000099381,1.2572198,0.33845648,0.9999999,1.0,1
ENSG00000099381,1.2567964,0.33845648,0.9999999,1.0,1
ENSG00000166225,1.2184738,0.8413595,0.9999999,0.12037037,1
ENSG00000254469,1.2937483,0.90091306,1.0,1.0,1
ENSG00000254469,1.2926866,0.90091306,1.0,1.0,1
ENSG00000177156,1.2534608,2.525589,0.9999999,1.0,1
ENSG00000091527,1.2488042,1.7554938,0.9999999,1.0,1
ENSG00000091527,1.2506343,1.7554938,0.9999999,1.0,1
ENSG00000213965,1.2457169,0.90036714,0.9999999,1.0,1
ENSG00000110367,1.2746078,1.6816934,0.9999999,1.0,1
ENSG00000164002,1.1701511,0.35602584,0.9999999,1.0,1
ENSG00000164002,1.1707305,0.35602584,0.9999999,0.5652174,1
ENSG00000103067,1.1813138,-0.85387194,0.9999999,1.0,1
ENSG00000103067,1.180361,-0.85387194,0.9999999,1.0,1
ENSG00000188785,1.2349387,0.7678976,0.9999999,1.0,1
ENSG00000188785,1.2344018,0.7678976,0.9999999,0.65068495,1
ENSG00000021776,1.2330263,1.666518,1.0,1.0,1
ENSG00000021776,1.233908,1.666518,1.0,1.0,1
ENSG00000021776,1.2321271,1.666518,0.9999999,1.0,1
ENSG00000007080,1.2802435,1.4922014,0.9999999,1.0,1
ENSG00000007080,1.2794576,1.4922014,0.9999999,1.0,1
ENSG00000107282,1.1616956,-0.9586073,0.9999999,1.0,1
ENSG00000107282,1.158476,-0.9586073,0.9999999,1.0,1
ENSG00000107282,1.1590714,-0.9586073,0.9999999,1.0,1
ENSG00000107282,1.1601504,-0.9586073,0.9999999,1.0,1
ENSG00000107282,1.1553223,-0.9586073,0.9999999,1.0,1
ENSG00000107282,1.1535909,-0.9586073,0.9999999,1.0,1
ENSG00000107282,1.1609185,-0.9586073,0.9999999,1.0,1
ENSG00000107282,1.159413,-0.9586073,0.9999999,1.0,1
ENSG00000107282,1.1549956,-0.9586073,0.9999999,1.0,1
ENSG00000107282,1.1586611,-0.9586073,0.9999999,1.0,1
ENSG00000151849,1.2208835,0.9689497,0.9999999,1.0,1
ENSG00000151849,1.2219485,0.9689497,0.9999999,0.27564102,1
ENSG00000151849,1.2211959,0.9689497,0.9999999,0.1931624,1
ENSG00000161999,1.2558295,1.3394514,0.9999999,1.0,1
ENSG00000161999,1.2557636,1.3394514,0.9999999,1.0,1
ENSG00000161999,1.2557577,1.3394514,0.9999999,0.9972452,1
ENSG00000161999,1.2558175,1.3394514,0.9999999,0.97651935,1
ENSG00000084207,1.280868,2.8746383,0.9999999,1.0,1
ENSG00000173914,1.2371655,1.4974825,0.9999999,1.0,1
ENSG00000173914,1.2387084,1.4974825,0.9999999,1.0,1
ENSG00000132475,1.2638707,2.6859386,0.9999999,1.0,1
ENSG00000132475,1.2648253,2.6859386,0.9999999,1.0,1
ENSG00000143198,1.3034071,1.936564,1.0,1.0,1
ENSG00000143198,1.3045554,1.936564,1.0,0.04818042,1
ENSG00000072849,1.2837735,1.4355259,1.0,1.0,1
ENSG00000204580,1.2334591,1.0813473,0.9999999,1.0,1
ENSG00000204580,1.2337704,1.0813473,0.9999999,0.8942308,1
ENSG00000204580,1.2334012,1.0813473,0.9999999,0.994302,1
ENSG00000204580,1.2336918,1.0813473,0.9999999,0.60818714,1
ENSG00000204580,1.2335384,1.0813473,0.9999999,1.0,1
ENSG00000116254,1.1589252,-0.65757734,0.9999999,1.0,1
ENSG00000186625,1.2813994,1.7259116,1.0,1.0,1
ENSG00000186625,1.2805579,1.7259116,1.0,0.98672086,1
ENSG00000162664,1.2820803,1.3756636,1.0,1.0,1
ENSG00000178741,1.2760862,2.3764675,0.9999999,1.0,1
ENSG00000196187,1.2843736,1.6333674,1.0,1.0,1
ENSG00000196187,1.2845768,1.6333674,1.0,1.0,1
ENSG00000196187,1.2842683,1.6333674,1.0,1.0,1
ENSG00000196187,1.2845657,1.6333674,1.0,1.0,1
ENSG00000011426,1.2796372,1.5304558,1.0,1.0,1
ENSG00000011426,1.2785568,1.5304558,1.0,0.6277732,1
ENSG00000100591,1.2769326,2.1271372,1.0,1.0,1
ENSG00000214113,1.287045,1.7266457,0.9999999,1.0,1
ENSG00000214113,1.2858032,1.7266457,0.9999999,1.0,1
ENSG00000214113,1.2858032,1.7266457,0.9999999,1.0,1
ENSG00000214113,1.2877163,1.7266457,0.9999999,0.03448276,1
ENSG00000214113,1.2858032,1.7266457,0.9999999,0.22197056,1
ENSG00000175087,1.2415235,1.2853322,0.9999999,1.0,1
ENSG00000175087,1.242167,1.2853322,0.9999999,0.7629428,1
ENSG00000214226,1.2483445,-0.4685211,0.9999999,1.0,1
ENSG00000133687,1.1710296,-0.92081875,1.0,1.0,1
ENSG00000097021,1.2602826,1.653309,0.9999999,1.0,1
ENSG00000097021,1.2610407,1.653309,0.9999999,0.0004453351,1
ENSG00000097021,1.2608186,1.653309,0.9999999,0.0,1
ENSG00000091140,1.2937078,2.390988,1.0,1.0,1
ENSG00000091140,1.2960848,2.390988,1.0,0.99671054,1
ENSG00000091140,1.2967879,2.390988,1.0,0.34823135,1
ENSG00000091140,1.293713,2.390988,1.0,0.9532101,1
ENSG00000176783,1.2613137,1.3447851,0.9999999,1.0,1
ENSG00000176783,1.2604512,1.3447851,0.9999999,1.0,1
ENSG00000176783,1.261438,1.3447851,0.9999999,1.0,1
ENSG00000176783,1.260437,1.3447851,0.9999999,0.02800249,1
ENSG00000186105,1.167227,-0.008773924,0.9999999,1.0,1
ENSG00000148481,1.2486671,1.1501422,1.0,1.0,1
ENSG00000148481,1.2471873,1.1501422,0.9999999,1.0,1
ENSG00000148481,1.248171,1.1501422,0.9999999,0.65520835,1
ENSG00000106144,1.2932861,1.4601458,1.0,1.0,1
ENSG00000106144,1.2917941,1.4601458,1.0,0.1117717,1
ENSG00000100246,1.2543465,0.78675145,0.9999999,1.0,1
ENSG00000203666,1.2864419,1.361539,1.0,1.0,1
ENSG00000198746,1.2594153,0.70243055,0.9999999,1.0,1
ENSG00000036257,1.2290977,1.4462264,1.0,1.0,1
ENSG00000139154,1.2254196,0.854913,0.9999999,1.0,1
ENSG00000111664,1.1873149,0.54406804,0.9999999,1.0,1
ENSG00000176386,1.2887844,1.4613484,0.9999999,1.0,1
ENSG00000110422,1.2188507,0.8382192,0.9999999,1.0,1
ENSG00000110422,1.2210969,0.8382192,0.9999999,0.0,1
ENSG00000155629,1.1789236,0.48713836,0.9999999,1.0,1
ENSG00000155629,1.1791278,0.48713836,0.9999999,1.0,1
ENSG00000143971,1.2225302,0.84323275,1.0,1.0,1
ENSG00000143971,1.2194725,0.84323275,1.0,1.0,1
ENSG00000143971,1.2237536,0.84323275,1.0,1.0,1
ENSG00000143971,1.2268099,0.84323275,1.0,1.0,1
ENSG00000204116,1.2145747,-0.1426675,1.0,1.0,1
ENSG00000108788,1.2988927,1.6017342,1.0,1.0,1
ENSG00000108788,1.300186,1.6017342,1.0,0.86434233,1
ENSG00000108788,1.2995404,1.6017342,1.0,0.9323077,1
ENSG00000054967,1.2510219,0.88252455,0.9999999,1.0,1
ENSG00000054967,1.2501398,0.88252455,0.9999999,1.0,1
ENSG00000086598,1.2736169,2.15567,1.0,1.0,1
ENSG00000090520,1.295027,1.4382259,1.0,1.0,1
ENSG00000138785,1.2414857,1.5969268,1.0,1.0,1
ENSG00000138785,1.2407045,1.5969268,1.0,0.79923224,1
ENSG00000144354,1.2764992,1.980912,0.9999999,1.0,1
ENSG00000144354,1.2787381,1.980912,0.9999999,0.9986503,1
ENSG00000144354,1.2784382,1.980912,0.9999999,0.12868,1
ENSG00000144354,1.2785856,1.980912,0.9999999,0.0,1
ENSG00000144354,1.2760917,1.980912,0.9999999,0.9874893,1
ENSG00000173064,1.2308964,1.0277572,0.9999999,1.0,1
ENSG00000173064,1.2313398,1.0277572,0.9999999,1.0,1
ENSG00000089597,1.2820052,2.3546846,0.9999999,1.0,1
ENSG00000089597,1.2830342,2.3546846,0.9999999,0.57593465,1
ENSG00000089597,1.2823104,2.3546846,0.9999999,0.60455555,1
ENSG00000119950,1.192712,1.2789822,0.9999999,1.0,1
ENSG00000121210,1.2582453,0.8864907,1.0,1.0,1
ENSG00000183814,1.2761742,1.3436055,0.9999999,1.0,1
ENSG00000183814,1.2764891,1.3436055,0.9999999,1.0,1
ENSG00000183814,1.2751764,1.3436055,0.9999999,0.260631,1
ENSG00000143756,1.2537377,1.2491983,0.9999999,1.0,1
ENSG00000143756,1.2551523,1.2491983,0.9999999,1.0,1
ENSG00000143756,1.2540168,1.2491983,0.9999999,0.7693981,1
ENSG00000143756,1.2551523,1.2491983,0.9999999,0.93233746,1
ENSG00000171428,1.1999391,0.8027737,0.9999999,0.28664497,1
ENSG00000220201,1.1889523,0.3283796,0.9999999,1.0,1
ENSG00000111877,1.2449039,0.9652017,1.0,1.0,1
ENSG00000111877,1.2424737,0.9652017,1.0,1.0,1
ENSG00000001630,1.2791376,1.3838154,1.0,1.0,1
ENSG00000001630,1.2790409,1.3838154,1.0,1.0,1
ENSG00000001630,1.2815455,1.3838154,1.0,1.0,1
ENSG00000100401,1.256807,1.7291648,0.9999999,1.0,1
ENSG00000100401,1.2552375,1.7291648,0.9999999,1.0,1
ENSG00000100401,1.2570341,1.7291648,0.9999999,1.0,1
ENSG00000075399,1.2438389,0.20139712,0.9999999,1.0,1
ENSG00000075399,1.2438892,0.20139712,0.9999999,1.0,1
ENSG00000188321,1.2170401,1.1274288,0.9999999,1.0,1
ENSG00000188321,1.218491,1.1274288,0.9999999,1.0,1
ENSG00000188321,1.2126813,1.1274288,0.9999999,1.0,1
ENSG00000188321,1.217412,1.1274288,0.9999999,0.6631944,1
ENSG00000188321,1.2182143,1.1274288,0.9999999,0.48128343,1
ENSG00000161036,1.2933571,1.3253103,1.0,1.0,1
ENSG00000161036,1.2943686,1.3253103,1.0,1.0,1
ENSG00000161036,1.2936032,1.3253103,1.0,1.0,1
ENSG00000161036,1.292302,1.3253103,1.0,1.0,1
ENSG00000196296,1.1803182,0.25285304,0.9999999,1.0,1
ENSG00000196296,1.1799928,0.25285304,0.9999999,1.0,1
ENSG00000028528,1.2560683,1.7551886,0.9999999,1.0,1
ENSG00000169641,1.1963254,0.9268567,0.9999999,1.0,1
ENSG00000173457,1.2827303,2.176236,0.9999999,1.0,1
ENSG00000059122,1.2031283,0.763428,0.9999999,1.0,1
ENSG00000059122,1.2027857,0.763428,0.9999999,1.0,1
ENSG00000135940,1.311309,2.6450388,1.0,1.0,1
ENSG00000135940,1.3114086,2.6450388,1.0,1.0,1
ENSG00000159792,1.2382442,1.1348144,0.9999999,1.0,1
ENSG00000163312,1.2717347,0.9894498,1.0,1.0,1
ENSG00000163312,1.2723596,0.9894498,1.0,1.0,1
ENSG00000163312,1.2725524,0.9894498,1.0,0.8890845,1
ENSG00000163312,1.2726882,0.9894498,1.0,0.62147886,1
ENSG00000152689,1.1902052,0.033423755,0.9999999,1.0,1
ENSG00000145029,1.2625455,0.86746746,0.9999999,1.0,1
ENSG00000145029,1.2628317,0.86746746,0.9999999,1.0,1
ENSG00000145029,1.2615944,0.86746746,0.9999999,0.91604936,1
ENSG00000171824,1.2913202,1.8664055,1.0,1.0,1
ENSG00000171824,1.290223,1.8664055,1.0,1.0,1
ENSG00000171824,1.289417,1.8664055,1.0,1.0,1
ENSG00000171824,1.2911646,1.8664055,1.0,0.99113804,1
ENSG00000130270,1.2627026,0.94101423,0.9999999,1.0,1
ENSG00000163945,1.2722391,0.63346845,1.0,1.0,1
ENSG00000163945,1.2724054,0.63346845,1.0,1.0,1
ENSG00000163945,1.2731979,0.63346845,1.0,1.0,1
ENSG00000163945,1.2715071,0.63346845,1.0,0.32214764,1
ENSG00000170412,1.1743623,1.5692568,0.9999999,1.0,1
ENSG00000211584,1.2473289,1.0216027,0.9999999,1.0,1
ENSG00000205643,1.2559398,0.95182306,0.9999999,1.0,1
ENSG00000205643,1.25658,0.95182306,0.9999999,1.0,1
ENSG00000205643,1.2554148,0.95182306,0.9999999,1.0,1
ENSG00000164647,1.1929601,0.14612803,0.9999999,1.0,1
ENSG00000164647,1.1911927,0.14612803,0.9999999,1.0,1
ENSG00000164647,1.1905257,0.14612803,0.9999999,1.0,1
ENSG00000054116,1.3014866,2.025101,1.0,1.0,1
ENSG00000102547,1.2454084,0.30963016,1.0,1.0,1
ENSG00000102547,1.2443101,0.30963016,1.0,1.0,1
ENSG00000102547,1.2453607,0.30963016,1.0,1.0,1
ENSG00000102547,1.246329,0.30963016,1.0,1.0,1
ENSG00000102547,1.2436485,0.30963016,1.0,1.0,1
ENSG00000102547,1.2413987,0.30963016,0.9999999,1.0,1
ENSG00000163634,1.2503239,1.7580788,1.0,1.0,1
ENSG00000163634,1.2524717,1.7580788,1.0,1.0,1
ENSG00000163634,1.2514565,1.7580788,1.0,0.95077354,1
ENSG00000168765,1.282178,1.604118,1.0,1.0,1
ENSG00000168765,1.2822157,1.604118,1.0,1.0,1
ENSG00000168765,1.2829682,1.604118,1.0,1.0,1
ENSG00000168765,1.2819611,1.604118,1.0,0.88014024,1
ENSG00000147573,1.1663969,-0.82390875,0.9999999,1.0,1
ENSG00000145191,1.271108,1.8125123,0.9999999,1.0,1
ENSG00000145191,1.270939,1.8125123,0.9999999,0.43935052,1
ENSG00000121989,1.2141353,-0.04095861,0.9999999,1.0,1
ENSG00000105186,1.259661,1.7085909,1.0,1.0,1
ENSG00000136295,1.2456685,0.41664052,0.9999999,1.0,1
ENSG00000136295,1.2458655,0.41664052,0.9999999,1.0,1
ENSG00000136295,1.2461604,0.41664052,0.9999999,0.0,1
ENSG00000085511,1.2570003,1.512551,1.0,1.0,1
ENSG00000085511,1.2575501,1.512551,1.0,1.0,1
ENSG00000085511,1.2568201,1.512551,1.0,0.008333334,1
ENSG00000085511,1.2561699,1.512551,1.0,0.325,1
ENSG00000085511,1.2572044,1.512551,1.0,0.1582015,1
ENSG00000136928,1.1656412,-0.55284196,0.9999999,1.0,1
ENSG00000136928,1.1656412,-0.55284196,0.9999999,1.0,1
ENSG00000168389,1.187871,-0.7212464,0.9999999,1.0,1
ENSG00000151929,1.2199627,0.4785665,0.9999999,1.0,1
ENSG00000151929,1.2194628,0.4785665,0.9999999,1.0,1
ENSG00000173120,1.2440635,1.2915908,0.9999999,1.0,1
ENSG00000173120,1.2427942,1.2915908,0.9999999,1.0,1
ENSG00000173120,1.243705,1.2915908,0.9999999,1.0,1
ENSG00000173120,1.2435284,1.2915908,0.9999999,0.046104927,1
ENSG00000101350,1.1957389,0.88252455,0.9999999,1.0,1
ENSG00000172262,1.2515891,1.7367151,0.9999999,1.0,1
ENSG00000172262,1.2544446,1.7367151,0.9999999,1.0,1
ENSG00000172262,1.2515891,1.7367151,0.9999999,0.97178423,1
ENSG00000172262,1.2544446,1.7367151,0.9999999,0.9735376,1
ENSG00000134152,1.2529744,1.5404546,1.0,1.0,1
ENSG00000134152,1.2546607,1.5404546,1.0,1.0,1
ENSG00000134152,1.2546607,1.5404546,1.0,1.0,1
ENSG00000134152,1.2546607,1.5404546,1.0,1.0,1
ENSG00000134152,1.2541813,1.5404546,1.0,0.70695287,1
ENSG00000134152,1.2545573,1.5404546,1.0,0.9906673,1
ENSG00000171940,1.173945,0.98407704,0.9999999,1.0,1
ENSG00000171940,1.1730932,0.98407704,0.9999999,1.0,1
ENSG00000171940,1.173354,0.98407704,0.9999999,0.8447205,1
ENSG00000025293,1.2510353,1.5284024,1.0,0.0,1
ENSG00000025293,1.250221,1.5284024,1.0,0.010726073,1
ENSG00000025293,1.249561,1.5284024,1.0,0.9834711,1
ENSG00000213672,1.226158,1.3752978,0.9999999,1.0,1
ENSG00000213672,1.2282182,1.3752978,0.9999999,1.0,1
ENSG00000109606,1.2636303,2.2973008,1.0,1.0,1
ENSG00000109606,1.2639048,2.2973008,1.0,1.0,1
ENSG00000109606,1.2632372,2.2973008,1.0,1.0,1
ENSG00000109606,1.2576061,2.2973008,1.0,0.9932211,1
ENSG00000196365,1.2828698,1.8886849,1.0,1.0,1
ENSG00000196365,1.2837657,1.8886849,1.0,0.7721822,1
ENSG00000196365,1.2831224,1.8886849,1.0,0.29889297,1
ENSG00000182858,1.2326188,0.41995576,0.9999999,1.0,1
ENSG00000138615,1.16037,-0.88605666,0.9999999,1.0,1
ENSG00000138615,1.159942,-0.88605666,0.9999999,1.0,1
ENSG00000165490,1.2238826,1.2516382,0.9999999,1.0,1
ENSG00000165490,1.2212541,1.2516382,0.9999999,0.018181818,1
ENSG00000165490,1.2220277,1.2516382,0.9999999,0.8337662,1
ENSG00000119446,1.2942433,1.6288996,1.0,1.0,1
ENSG00000119446,1.2929763,1.6288996,1.0,1.0,1
ENSG00000119446,1.2917874,1.6288996,1.0,0.7178899,1
ENSG00000196419,1.2762566,2.1923723,0.9999999,1.0,1
ENSG00000196419,1.2764578,2.1923723,0.9999999,0.98147076,1
ENSG00000115275,1.2134455,1.5039268,0.9999999,1.0,1
ENSG00000115275,1.2127049,1.5039268,0.9999999,1.0,1
ENSG00000141526,1.1644899,0.68304706,0.9999999,1.0,1
ENSG00000010404,1.1973419,1.201124,0.9999999,1.0,1
ENSG00000010404,1.1969262,1.201124,0.9999999,1.0,1
ENSG00000010404,1.1995289,1.201124,0.9999999,0.07814992,1
ENSG00000102349,1.1778753,-0.79588,1.0,1.0,1
ENSG00000102349,1.1785787,-0.79588,1.0,1.0,1
ENSG00000167588,1.1975695,-0.18045606,0.9999999,1.0,1
ENSG00000132522,1.2371134,1.2027607,0.9999999,1.0,1
ENSG00000010818,1.1479365,0.04921802,0.9999999,1.0,1
ENSG00000069702,1.2096034,1.1014034,0.9999999,1.0,1
ENSG00000069702,1.2088207,1.1014034,0.9999999,1.0,1
ENSG00000069702,1.2080176,1.1014034,0.9999999,0.013888889,1
ENSG00000166762,1.194524,0.8555192,1.0,1.0,1
ENSG00000124587,1.2607352,0.8394781,0.9999999,1.0,1
ENSG00000124587,1.2615528,0.8394781,0.9999999,1.0,1
ENSG00000132670,1.2489017,1.7884512,0.9999999,1.0,1
ENSG00000132670,1.2483127,1.7884512,0.9999999,1.0,1
ENSG00000132670,1.2493054,1.7884512,0.9999999,1.0,1
ENSG00000132670,1.2499439,1.7884512,0.9999999,0.7184466,1
ENSG00000132670,1.2480441,1.7884512,0.9999999,0.08124681,1
ENSG00000105171,1.3028535,1.8568497,1.0,1.0,1
ENSG00000105171,1.3037201,1.8568497,1.0,0.0,1
ENSG00000198498,1.2967318,1.304275,1.0,1.0,1
ENSG00000198498,1.2970814,1.304275,1.0,1.0,1
ENSG00000198498,1.2960728,1.304275,1.0,1.0,1
ENSG00000198498,1.294444,1.304275,1.0,1.0,1
ENSG00000198498,1.294444,1.304275,1.0,1.0,1
ENSG00000198498,1.2971096,1.304275,1.0,0.9175986,1
ENSG00000227345,1.2014083,1.3306167,1.0,1.0,1
ENSG00000227345,1.2079085,1.3306167,1.0,0.84705883,1
ENSG00000151893,1.2504588,1.045323,0.9999999,1.0,1
ENSG00000151893,1.2512344,1.045323,0.9999999,0.22250639,1
ENSG00000137210,1.302879,2.3674119,1.0,1.0,1
ENSG00000137210,1.3043145,2.3674119,1.0,0.8166896,1
ENSG00000068120,1.2785939,1.590619,0.9999999,1.0,1
ENSG00000068120,1.2753153,1.590619,0.9999999,0.067729086,1
ENSG00000204427,1.3373982,1.9892718,1.0,1.0,1
ENSG00000204427,1.338379,1.9892718,1.0,1.0,1
ENSG00000204427,1.3377382,1.9892718,1.0,0.9798052,1
ENSG00000151461,1.2665412,1.2603099,1.0,1.0,1
ENSG00000151461,1.2641087,1.2603099,1.0,1.0,1
ENSG00000103356,1.2657415,1.674034,0.9999999,1.0,1
ENSG00000138030,1.2524816,0.4578819,0.9999999,1.0,1
ENSG00000123737,1.2782738,1.9109977,1.0,1.0,1
ENSG00000123737,1.2777287,1.9109977,1.0,0.41104004,1
ENSG00000105982,1.2792604,0.5740313,1.0,1.0,1
ENSG00000149136,1.240564,2.2829165,0.9999999,1.0,1
ENSG00000149136,1.2394516,2.2829165,0.9999999,1.0,1
ENSG00000166105,1.1855586,-0.39794,0.9999999,1.0,1
ENSG00000015479,1.2692007,2.2356293,0.9999999,1.0,1
ENSG00000015479,1.2695364,2.2356293,0.9999999,0.91961306,1
ENSG00000015479,1.2695364,2.2356293,0.9999999,0.027027028,1
ENSG00000015479,1.2673231,2.2356293,0.9999999,0.9497197,1
ENSG00000197444,1.1963432,0.1430148,0.9999999,1.0,1
ENSG00000070214,1.1950091,-0.55284196,0.9999999,1.0,1
ENSG00000070214,1.189726,-0.55284196,0.9999999,1.0,1
ENSG00000070214,1.1933542,-0.55284196,0.9999999,1.0,1
ENSG00000151651,1.1983789,0.4756712,0.9999999,1.0,1
ENSG00000151651,1.1983142,0.4756712,0.9999999,1.0,1
ENSG00000151651,1.1987995,0.4756712,0.9999999,0.9920319,1
ENSG00000151651,1.1981766,0.4756712,0.9999999,0.9920319,1
ENSG00000151651,1.1986398,0.4756712,0.9999999,0.9920319,1
ENSG00000102575,1.1790395,-0.20065945,0.9999999,1.0,1
ENSG00000102575,1.1796153,-0.20065945,0.9999999,1.0,1
ENSG00000088854,1.2371935,0.4456042,0.9999999,1.0,1
ENSG00000124209,1.2591298,0.7259116,0.9999999,1.0,1
ENSG00000124209,1.2584015,0.7259116,0.9999999,1.0,1
ENSG00000040487,1.2954785,1.3471348,1.0,1.0,1
ENSG00000040487,1.2943844,1.3471348,1.0,0.96744186,1
ENSG00000112304,1.2876202,1.9530828,1.0,1.0,1
ENSG00000112304,1.2871381,1.9530828,1.0,0.24616772,1
ENSG00000119408,1.1997603,1.2033049,0.9999999,1.0,1
ENSG00000119408,1.1990553,1.2033049,0.9999999,0.19607843,1
ENSG00000154358,1.1528128,0.5599066,0.9999999,1.0,1
ENSG00000154358,1.1533949,0.5599066,0.9999999,1.0,1
ENSG00000148672,1.2498338,1.7804613,1.0,1.0,1
ENSG00000189306,1.2137034,1.4299136,0.9999999,1.0,1
ENSG00000189306,1.2131993,1.4299136,0.9999999,1.0,1
ENSG00000185973,1.2268199,1.469822,1.0,1.0,1
ENSG00000107614,1.269214,0.8998205,1.0,1.0,1
ENSG00000107614,1.2689302,0.8998205,1.0,1.0,1
ENSG00000107614,1.2685295,0.8998205,1.0,1.0,1
ENSG00000107614,1.2683736,0.8998205,1.0,0.93445694,1
ENSG00000107614,1.2692477,0.8998205,1.0,0.8874598,1
ENSG00000107614,1.2687455,0.8998205,1.0,0.24795641,1
ENSG00000197362,1.220013,0.36361197,0.9999999,1.0,1
ENSG00000197362,1.220013,0.36361197,0.9999999,1.0,1
ENSG00000197362,1.2188419,0.36361197,0.9999999,0.5565611,1
ENSG00000103194,1.2474669,2.085005,0.9999999,1.0,1
ENSG00000103194,1.2483156,2.085005,0.9999999,1.0,1
ENSG00000103194,1.2466886,2.085005,0.9999999,0.017911091,1
ENSG00000103194,1.2469233,2.085005,0.9999999,0.10939334,1
ENSG00000103194,1.2481503,2.085005,0.9999999,0.6359555,1
ENSG00000163069,1.1809984,-0.7447275,0.9999999,1.0,1
ENSG00000163069,1.1811298,-0.7447275,0.9999999,1.0,1
ENSG00000158161,1.2980992,1.7312664,1.0,1.0,1
ENSG00000158161,1.2982173,1.7312664,1.0,0.33947194,1
ENSG00000158161,1.297638,1.7312664,1.0,0.38495675,1
ENSG00000158161,1.2979622,1.7312664,1.0,0.9658309,1
ENSG00000116205,1.2729524,0.80071706,0.9999999,1.0,1
ENSG00000116205,1.2729524,0.80071706,0.9999999,1.0,1
ENSG00000116205,1.2737063,0.80071706,0.9999999,1.0,1
ENSG00000116205,1.2737063,0.80071706,0.9999999,1.0,1
ENSG00000116205,1.2742592,0.80071706,0.9999999,1.0,1
ENSG00000116205,1.2728409,0.80071706,0.9999999,0.95454544,1
ENSG00000197943,1.1801889,0.68394715,0.9999999,1.0,1
ENSG00000138686,1.2382647,1.2472365,0.9999999,1.0,1
ENSG00000160255,1.1670512,-0.08092191,0.9999999,1.0,1
ENSG00000166908,1.2530904,1.3914644,0.9999999,1.0,1
ENSG00000166908,1.254761,1.3914644,0.9999999,0.9974392,1
ENSG00000078902,1.2653223,1.0711453,0.9999999,1.0,1
ENSG00000078902,1.2654794,1.0711453,0.9999999,0.9586466,1
ENSG00000078902,1.2658399,1.0711453,0.9999999,0.3725702,1
ENSG00000100897,1.294149,1.4797193,1.0,1.0,1
ENSG00000100897,1.2937073,1.4797193,1.0,1.0,1
ENSG00000100897,1.2931914,1.4797193,1.0,0.993262,1
ENSG00000102882,1.2534837,1.6550423,0.9999999,1.0,1
ENSG00000102882,1.2549419,1.6550423,0.9999999,0.17334779,1
ENSG00000102882,1.2540567,1.6550423,0.9999999,0.96108663,1
ENSG00000162972,1.239461,1.2219356,0.9999999,1.0,1
ENSG00000162972,1.2386683,1.2219356,0.9999999,1.0,1
ENSG00000162972,1.2368504,1.2219356,0.9999999,1.0,1
ENSG00000162972,1.2405449,1.2219356,0.9999999,1.0,1
ENSG00000130818,1.2364833,0.86391735,0.9999999,1.0,1
ENSG00000130818,1.2355686,0.86391735,0.9999999,0.9497207,1
ENSG00000130818,1.2391194,0.86391735,0.9999999,0.71089387,1
ENSG00000165264,1.2578448,1.6783363,1.0,1.0,1
ENSG00000165264,1.2583362,1.6783363,1.0,1.0,1
ENSG00000165264,1.2578448,1.6783363,1.0,0.728146,1
ENSG00000165264,1.2583362,1.6783363,1.0,0.8359526,1
ENSG00000137868,1.1909286,0.2121876,0.9999999,1.0,1
ENSG00000058335,1.1593829,-0.82390875,0.9999999,1.0,1
ENSG00000160445,1.2592565,0.9344984,0.9999999,1.0,1
ENSG00000160445,1.2589654,0.9344984,0.9999999,0.94787645,1
ENSG00000150995,1.2257851,1.2787536,0.9999999,1.0,1
ENSG00000150995,1.2261468,1.2787536,0.9999999,0.89162564,1
ENSG00000156261,1.2954737,2.6973863,1.0,1.0,1
ENSG00000156261,1.2952372,2.6973863,1.0,0.9807207,1
ENSG00000198830,1.3649424,2.5121105,1.0,1.0,1
ENSG00000119703,1.2211691,0.7075702,0.9999999,1.0,1
ENSG00000119703,1.220017,0.7075702,0.9999999,1.0,1
ENSG00000141759,1.2462236,1.9526472,0.9999999,1.0,1
ENSG00000141759,1.2465078,1.9526472,0.9999999,1.0,1
ENSG00000141759,1.2465078,1.9526472,0.9999999,1.0,1
ENSG00000141759,1.2454191,1.9526472,0.9999999,0.6507009,1
ENSG00000141759,1.2462236,1.9526472,0.9999999,0.2712361,1
ENSG00000141759,1.2441064,1.9526472,0.9999999,0.070767805,1
ENSG00000127831,1.176404,-0.27572414,0.9999999,1.0,1
ENSG00000127831,1.1754621,-0.27572414,0.9999999,1.0,1
ENSG00000033170,1.1666468,0.7737864,0.9999999,1.0,1
ENSG00000033170,1.1683624,0.7737864,0.9999999,0.073308274,1
ENSG00000033170,1.1660436,0.7737864,0.9999999,1.0,1
ENSG00000033170,1.1710737,0.7737864,0.9999999,0.14224137,1
ENSG00000033170,1.1633111,0.7737864,0.9999999,0.31434184,1
ENSG00000033170,1.1674114,0.7737864,0.9999999,0.031434186,1
ENSG00000205155,1.2826825,1.4055171,0.9999999,1.0,1
ENSG00000089876,1.1744405,1.155336,0.9999999,1.0,1
ENSG00000089876,1.1767379,1.155336,0.9999999,1.0,1
ENSG00000089876,1.1750876,1.155336,0.9999999,1.0,1
ENSG00000089876,1.1742299,1.155336,0.9999999,1.0,1
ENSG00000089876,1.174234,1.155336,0.9999999,1.0,1
ENSG00000133706,1.2699755,1.7079958,1.0,1.0,1
ENSG00000133706,1.270912,1.7079958,1.0,0.99813926,1
ENSG00000213809,1.1984931,-0.7695511,1.0,1.0,1
ENSG00000213809,1.1937572,-0.7695511,1.0,1.0,1
ENSG00000142303,1.1825802,-0.34678748,0.9999999,1.0,1
ENSG00000130956,1.2102908,0.1903317,0.9999999,1.0,1
ENSG00000175544,1.1862025,-0.85387194,0.9999999,1.0,1
ENSG00000175544,1.185767,-0.85387194,0.9999999,1.0,1
ENSG00000116171,1.2393035,1.7989957,0.9999999,1.0,1
ENSG00000116171,1.2390281,1.7989957,0.9999999,1.0,1
ENSG00000116171,1.2393035,1.7989957,0.9999999,1.0,1
ENSG00000116171,1.2398858,1.7989957,0.9999999,0.9430052,1
ENSG00000116171,1.2391795,1.7989957,0.9999999,0.04461371,1
ENSG00000116171,1.2386519,1.7989957,0.9999999,0.7318234,1
ENSG00000165898,1.2793795,1.4007106,1.0,0.34972677,1
ENSG00000143157,1.22219,0.9795484,0.9999999,1.0,1
ENSG00000120314,1.2657897,1.5098743,0.9999999,1.0,1
ENSG00000103353,1.2786256,1.6131015,0.9999999,1.0,1
ENSG00000198898,1.3018461,2.0552635,1.0,1.0,1
ENSG00000118307,1.2481735,-0.61978877,1.0,1.0,1
ENSG00000160111,1.2681687,0.28103337,1.0,1.0,1
ENSG00000133597,1.2069123,0.99475694,0.9999999,1.0,1
ENSG00000133597,1.2066089,0.99475694,0.9999999,1.0,1
ENSG00000133597,1.2060798,0.99475694,0.9999999,1.0,1
ENSG00000133597,1.2056378,0.99475694,0.9999999,1.0,1
ENSG00000133597,1.2062479,0.99475694,0.9999999,1.0,1
ENSG00000018869,1.224038,0.38560626,0.9999999,1.0,1
ENSG00000196262,1.3069049,3.6723473,1.0,1.0,1
ENSG00000196262,1.3074511,3.6723473,1.0,1.0,1
ENSG00000196262,1.307731,3.6723473,1.0,1.0,1
ENSG00000196262,1.3072895,3.6723473,1.0,1.0,1
ENSG00000196262,1.3065664,3.6723473,1.0,1.0,1
ENSG00000196262,1.3075601,3.6723473,1.0,1.0,1
ENSG00000196262,1.3075913,3.6723473,1.0,1.0,1
ENSG00000196262,1.3082266,3.6723473,1.0,0.5777347,1
ENSG00000196262,1.308249,3.6723473,1.0,0.04697524,1
ENSG00000196262,1.3069403,3.6723473,1.0,0.09661274,1
ENSG00000131013,1.2895232,1.0157788,1.0,1.0,1
ENSG00000122779,1.2734292,1.6976652,1.0,1.0,1
ENSG00000196511,1.2798282,0.8169038,1.0,1.0,1
ENSG00000196511,1.2841551,0.8169038,1.0,0.05263158,1
ENSG00000196511,1.2816492,0.8169038,1.0,0.9305556,1
ENSG00000196511,1.2826878,0.8169038,1.0,0.056338027,1
ENSG00000196511,1.2827803,0.8169038,1.0,0.06849315,1
ENSG00000092208,1.2673742,1.5059636,1.0,1.0,1
ENSG00000092208,1.2664862,1.5059636,0.9999999,0.018867925,1
ENSG00000092208,1.2686477,1.5059636,0.9999999,0.7460861,1
ENSG00000092208,1.2671843,1.5059636,0.9999999,0.9803005,1
ENSG00000136404,1.1946667,0.4409091,0.9999999,1.0,1
ENSG00000003056,1.2722806,1.9407157,1.0,1.0,1
ENSG00000003056,1.2733036,1.9407157,1.0,1.0,1
ENSG00000003056,1.2745477,1.9407157,1.0,1.0,1
ENSG00000103966,1.2336823,0.7411516,0.9999999,1.0,1
ENSG00000103966,1.2332841,0.7411516,0.9999999,1.0,1
ENSG00000103966,1.234495,0.7411516,0.9999999,1.0,1
ENSG00000213699,1.2342623,1.0523092,0.9999999,1.0,1
ENSG00000213699,1.2334656,1.0523092,0.9999999,1.0,1
ENSG00000213699,1.2349306,1.0523092,0.9999999,0.9528689,1
ENSG00000213699,1.2340132,1.0523092,0.9999999,0.89855075,1
ENSG00000213699,1.2337817,1.0523092,0.9999999,0.9669052,1
ENSG00000198700,1.2742894,1.763428,1.0,1.0,1
ENSG00000058063,1.2623215,1.4437323,0.9999999,1.0,1
ENSG00000149308,1.2643096,1.2543063,1.0,1.0,1
ENSG00000149308,1.2670158,1.2543063,1.0,1.0,1
ENSG00000165678,1.2921414,2.5692334,1.0,1.0,1
ENSG00000011478,1.2673877,1.1610684,0.9999999,1.0,1
ENSG00000011478,1.2674667,1.1610684,0.9999999,0.95166165,1
ENSG00000174460,1.1679109,-0.92081875,0.9999999,1.0,1
ENSG00000174460,1.1682504,-0.92081875,0.9999999,1.0,1
ENSG00000221890,1.1784168,0.32221928,0.9999999,1.0,1
ENSG00000221890,1.1784538,0.32221928,0.9999999,1.0,1
ENSG00000169902,1.1775796,0.18752073,0.9999999,1.0,1
ENSG00000169902,1.1775796,0.18752073,0.9999999,1.0,1
ENSG00000169902,1.1770062,0.18752073,0.9999999,1.0,1
ENSG00000169902,1.177812,0.18752073,0.9999999,1.0,1
ENSG00000131037,1.1862214,1.0008677,0.9999999,1.0,1
ENSG00000137824,1.2740387,1.3879235,1.0,1.0,1
ENSG00000112419,1.2296919,1.0633334,0.9999999,1.0,1
ENSG00000112419,1.2319964,1.0633334,0.9999999,1.0,1
ENSG00000112419,1.2294878,1.0633334,0.9999999,1.0,1
ENSG00000112419,1.2320817,1.0633334,0.9999999,1.0,1
ENSG00000112419,1.230173,1.0633334,0.9999999,1.0,1
ENSG00000112419,1.2307795,1.0633334,0.9999999,0.61854684,1
ENSG00000100036,1.1806177,-0.113509275,0.9999999,1.0,1
ENSG00000097033,1.2551349,1.2873538,0.9999999,1.0,1
ENSG00000097033,1.2554241,1.2873538,0.9999999,0.9753615,1
ENSG00000097033,1.25804,1.2873538,0.9999999,0.017218543,1
ENSG00000130287,1.1589679,-0.82390875,0.9999999,1.0,1
ENSG00000184730,1.2103997,0.06818586,0.9999999,1.0,1
ENSG00000126254,1.2709962,1.4910814,0.9999999,1.0,1
ENSG00000126254,1.2719572,1.4910814,0.9999999,1.0,1
ENSG00000112511,1.285151,1.618362,1.0,1.0,1
ENSG00000112511,1.2850798,1.618362,1.0,0.9833449,1
ENSG00000099812,1.1644076,-0.88605666,0.9999999,1.0,1
ENSG00000120656,1.2957323,1.7223871,1.0,1.0,1
ENSG00000176148,1.2503097,0.6794279,1.0,1.0,1
ENSG00000176148,1.2537023,0.6794279,1.0,1.0,1
ENSG00000176148,1.251412,0.6794279,1.0,0.14545454,1
ENSG00000164031,1.2353383,0.9614211,1.0,1.0,1
ENSG00000164031,1.236335,0.9614211,0.9999999,1.0,1
ENSG00000107854,1.2380897,1.1420765,1.0,1.0,1
ENSG00000107485,1.162507,-0.9586073,0.9999999,1.0,1
ENSG00000171793,1.2974266,1.5413296,1.0,1.0,1
ENSG00000171793,1.2969414,1.5413296,1.0,1.0,1
ENSG00000171793,1.2977024,1.5413296,1.0,0.88495576,1
ENSG00000198721,1.2975389,1.7478777,1.0,1.0,1
ENSG00000198721,1.2956691,1.7478777,1.0,0.00295858,1
ENSG00000156381,1.2078338,1.1547282,0.9999999,1.0,1
ENSG00000156381,1.2074696,1.1547282,0.9999999,0.9516129,1
ENSG00000120159,1.2166896,1.0157788,0.9999999,1.0,1
ENSG00000120159,1.2173508,1.0157788,0.9999999,1.0,1
ENSG00000120159,1.2198167,1.0157788,0.9999999,1.0,1
ENSG00000120159,1.2198167,1.0157788,0.9999999,1.0,1
ENSG00000151287,1.2471339,1.3982873,1.0,1.0,1
ENSG00000151287,1.246506,1.3982873,0.9999999,0.75855047,1
ENSG00000151287,1.2475468,1.3982873,1.0,0.58589745,1
ENSG00000056050,1.2449684,1.3394514,0.9999999,1.0,1
ENSG00000174483,1.2308811,1.0948204,0.9999999,1.0,1
ENSG00000174483,1.2277684,1.0948204,0.9999999,0.917923,1
ENSG00000174483,1.2287204,1.0948204,0.9999999,0.82978725,1
ENSG00000174483,1.2283345,1.0948204,0.9999999,0.10359408,1
ENSG00000110169,1.1916287,-0.5086383,0.9999999,1.0,1
ENSG00000101444,1.2583374,2.3206031,0.9999999,1.0,1
ENSG00000136935,1.2813373,1.1338581,1.0,1.0,1
ENSG00000186416,1.1942362,1.141136,0.9999999,1.0,1
ENSG00000040531,1.2361299,0.5670264,0.9999999,1.0,1
ENSG00000040531,1.2352315,0.5670264,0.9999999,1.0,1
ENSG00000003756,1.2689041,2.1204424,1.0,1.0,1
ENSG00000003756,1.2696688,2.1204424,1.0,0.12372813,1
ENSG00000163738,1.2760744,1.41397,1.0,1.0,1
ENSG00000163738,1.2764845,1.41397,0.9999999,1.0,1
ENSG00000163738,1.2755079,1.41397,0.9999999,1.0,1
ENSG00000163738,1.2768457,1.41397,1.0,1.0,1
ENSG00000183337,1.1931975,1.3308195,0.9999999,1.0,1
ENSG00000183337,1.1934342,1.3308195,0.9999999,1.0,1
ENSG00000183337,1.193171,1.3308195,0.9999999,1.0,1
ENSG00000183337,1.1925832,1.3308195,0.9999999,0.70714283,1
ENSG00000049089,1.2234772,-0.39794,0.9999999,1.0,1
ENSG00000109501,1.1679457,-0.9586073,0.9999999,1.0,1
ENSG00000185920,1.2259697,0.40993312,0.9999999,1.0,1
ENSG00000185920,1.2257631,0.40993312,0.9999999,1.0,1
ENSG00000013441,1.2602109,1.877947,1.0,1.0,1
ENSG00000013441,1.2601616,1.877947,1.0,1.0,1
ENSG00000013441,1.2587017,1.877947,1.0,0.34098136,1
ENSG00000172819,1.20721,0.54900324,0.9999999,1.0,1
ENSG00000172819,1.2071208,0.54900324,0.9999999,1.0,1
ENSG00000172819,1.2079054,0.54900324,0.9999999,0.087804876,1
ENSG00000164168,1.2481035,1.1824147,0.9999999,1.0,1
ENSG00000166743,1.1761914,0.021189298,0.9999999,1.0,1
ENSG00000166743,1.1757511,0.021189298,0.9999999,1.0,1
ENSG00000166743,1.1749443,0.021189298,0.9999999,1.0,1
ENSG00000178951,1.2160933,0.26951295,0.9999999,1.0,1
ENSG00000178951,1.2160933,0.26951295,0.9999999,1.0,1
ENSG00000258466,1.2013404,-0.39794,0.9999999,1.0,1
ENSG00000104886,1.2965448,1.7879561,1.0,1.0,1
ENSG00000104886,1.2977223,1.7879561,1.0,0.95353985,1
ENSG00000146842,1.3152124,2.0689275,1.0,1.0,1
ENSG00000146842,1.3151774,2.0689275,1.0,0.66813993,1
ENSG00000134690,1.3109584,1.9716005,1.0,1.0,1
ENSG00000142784,1.2339476,1.0094509,0.9999999,1.0,1
ENSG00000142784,1.2351059,1.0094509,0.9999999,1.0,1
ENSG00000100532,1.2062467,0.67117286,0.9999999,1.0,1
ENSG00000100532,1.2072126,0.67117286,0.9999999,0.2,1
ENSG00000153048,1.2647097,1.4888326,0.9999999,1.0,1
ENSG00000177731,1.2130684,2.0132165,0.9999999,1.0,1
ENSG00000177731,1.2127861,2.0132165,0.9999999,0.84090906,1
ENSG00000147168,1.2170854,1.5870371,0.9999999,1.0,1
ENSG00000147168,1.2176012,1.5870371,0.9999999,1.0,1
ENSG00000147168,1.2165444,1.5870371,0.9999999,0.99019605,1
ENSG00000188612,1.3233298,2.5594876,1.0,1.0,1
ENSG00000188612,1.3233298,2.5594876,1.0,1.0,1
ENSG00000188612,1.3251365,2.5594876,1.0,0.47902358,1
ENSG00000183048,1.26047,1.3802112,0.9999999,1.0,1
ENSG00000183048,1.2604349,1.3802112,0.9999999,1.0,1
ENSG00000183048,1.2599294,1.3802112,0.9999999,1.0,1
ENSG00000152601,1.2499727,1.9937888,0.9999999,1.0,1
ENSG00000152601,1.249255,1.9937888,0.9999999,0.9367179,1
ENSG00000152601,1.2499948,1.9937888,0.9999999,1.0,1
ENSG00000152601,1.2486683,1.9937888,0.9999999,0.32507396,1
ENSG00000152601,1.2502784,1.9937888,0.9999999,0.596391,1
ENSG00000152601,1.2486972,1.9937888,0.9999999,0.6635324,1
ENSG00000152601,1.2496111,1.9937888,0.9999999,0.0,1
ENSG00000129465,1.1821601,-0.61978877,0.9999999,1.0,1
ENSG00000129465,1.1820973,-0.61978877,0.9999999,1.0,1
ENSG00000122971,1.2591127,1.0468851,0.9999999,1.0,1
ENSG00000141367,1.2734922,2.1812718,1.0,1.0,1
ENSG00000141367,1.2733461,2.1812718,1.0,1.0,1
ENSG00000141367,1.2728916,2.1812718,1.0,1.0,1
ENSG00000141367,1.2732128,2.1812718,1.0,1.0,1
ENSG00000141367,1.2718962,2.1812718,1.0,1.0,1
ENSG00000141367,1.2724143,2.1812718,1.0,0.09446487,1
ENSG00000105699,1.2682062,1.3923452,0.9999999,1.0,1
ENSG00000105699,1.266471,1.3923452,0.9999999,1.0,1
ENSG00000105699,1.2682062,1.3923452,0.9999999,1.0,1
ENSG00000105699,1.2688761,1.3923452,0.9999999,0.29886147,1
ENSG00000105699,1.2687694,1.3923452,0.9999999,0.8553241,1
ENSG00000105699,1.2665001,1.3923452,0.9999999,0.9724771,1
ENSG00000132004,1.2263527,0.9425041,0.9999999,1.0,1
ENSG00000132004,1.2255046,0.9425041,0.9999999,0.9294798,1
ENSG00000132004,1.2256134,0.9425041,0.9999999,0.9282353,1
ENSG00000203667,1.3228023,1.5300716,1.0,1.0,1
ENSG00000203667,1.323866,1.5300716,1.0,1.0,1
ENSG00000203667,1.3236675,1.5300716,1.0,1.0,1
ENSG00000203667,1.3248197,1.5300716,1.0,0.10897111,1
ENSG00000203667,1.323866,1.5300716,1.0,0.58135366,1
ENSG00000185000,1.2725213,1.862012,0.9999999,1.0,1
ENSG00000134245,1.1755055,-0.82390875,0.9999999,1.0,1
ENSG00000134245,1.1748451,-0.82390875,0.9999999,1.0,1
ENSG00000007264,1.2163569,1.4003652,0.9999999,0.98459566,1
ENSG00000160194,1.2612404,1.4951279,0.9999999,1.0,1
ENSG00000160194,1.2612404,1.4951279,0.9999999,0.98443264,1
ENSG00000160194,1.2621132,1.4951279,0.9999999,0.8129263,1
ENSG00000068903,1.2910285,1.3958504,1.0,1.0,1
ENSG00000068903,1.2916082,1.3958504,1.0,1.0,1
ENSG00000068903,1.2909509,1.3958504,1.0,0.14739884,1
ENSG00000068903,1.2915936,1.3958504,1.0,0.0033783785,1
ENSG00000165804,1.1756121,0.29225606,0.9999999,1.0,1
ENSG00000102871,1.2301973,0.8394781,0.9999999,1.0,1
ENSG00000074181,1.1573318,-0.537602,0.9999999,1.0,1
ENSG00000074181,1.1575414,-0.537602,0.9999999,1.0,1
ENSG00000074181,1.1583018,-0.537602,0.9999999,1.0,1
ENSG00000074181,1.1577455,-0.537602,0.9999999,1.0,1
ENSG00000182179,1.1856136,0.38201705,0.9999999,1.0,1
ENSG00000167394,1.2439398,0.5289167,0.9999999,1.0,1
ENSG00000167394,1.2439398,0.5289167,0.9999999,1.0,1
ENSG00000112640,1.264156,1.6687585,0.9999999,1.0,1
ENSG00000112640,1.264191,1.6687585,0.9999999,0.77653176,1
ENSG00000160633,1.291623,1.4723176,1.0,1.0,1
ENSG00000160633,1.2910584,1.4723176,1.0,1.0,1
ENSG00000160633,1.2916881,1.4723176,1.0,1.0,1
ENSG00000160633,1.290925,1.4723176,1.0,1.0,1
ENSG00000160633,1.2918797,1.4723176,1.0,1.0,1
ENSG00000168528,1.1961646,-0.07058107,0.9999999,1.0,1
ENSG00000168528,1.1954765,-0.07058107,0.9999999,1.0,1
ENSG00000111678,1.2863499,2.3016593,1.0,1.0,1
ENSG00000111678,1.2863137,2.3016593,1.0,1.0,1
ENSG00000111678,1.285497,2.3016593,1.0,1.0,1
ENSG00000111678,1.2861786,2.3016593,1.0,1.0,1
ENSG00000140350,1.2814424,2.019905,1.0,1.0,1
ENSG00000158234,1.2049592,0.19312459,0.9999999,1.0,1
ENSG00000158234,1.2068102,0.19312459,0.9999999,0.11016949,1
ENSG00000140534,1.2462604,1.0884905,0.9999999,1.0,1
ENSG00000183828,1.2099696,0.8808136,0.9999999,1.0,1
ENSG00000183828,1.2101381,0.8808136,0.9999999,1.0,1
ENSG00000020181,1.1719701,-0.82390875,0.9999999,1.0,1
ENSG00000125885,1.2220753,1.505557,0.9999999,1.0,1
ENSG00000125885,1.2263101,1.505557,0.9999999,0.9684096,1
ENSG00000165714,1.2418718,0.7474118,0.9999999,1.0,1
ENSG00000165714,1.2407405,0.7474118,0.9999999,0.9166667,1
ENSG00000046604,1.2267712,1.7292458,0.9999999,1.0,1
ENSG00000046604,1.2273875,1.7292458,0.9999999,1.0,1
ENSG00000110442,1.245846,1.548635,1.0,1.0,1
ENSG00000110442,1.245846,1.548635,1.0,1.0,1
ENSG00000110442,1.246159,1.548635,1.0,0.834731,1
ENSG00000110442,1.2460444,1.548635,1.0,0.3957362,1
ENSG00000144791,1.221733,1.2711443,0.9999999,1.0,1
ENSG00000144791,1.2214099,1.2711443,0.9999999,1.0,1
ENSG00000095380,1.2558857,2.0218918,0.9999999,1.0,1
ENSG00000173757,1.2487397,2.0993698,0.9999999,1.0,1
ENSG00000197714,1.2445658,1.201943,1.0,1.0,1
ENSG00000110330,1.2329531,1.5868123,0.9999999,1.0,1
ENSG00000110330,1.2322558,1.5868123,0.9999999,1.0,1
ENSG00000110330,1.2325515,1.5868123,0.9999999,0.002670227,1
ENSG00000165912,1.2017972,0.7497363,0.9999999,1.0,1
ENSG00000163082,1.1740991,-0.9586073,1.0,1.0,1
ENSG00000163082,1.1715614,-0.9586073,1.0,1.0,1
ENSG00000116473,1.2806832,1.6959193,0.9999999,1.0,1
ENSG00000135870,1.2558478,1.1383027,0.9999999,1.0,1
ENSG00000243335,1.2675191,1.3085644,0.9999999,1.0,1
ENSG00000100083,1.289954,1.6094877,1.0,1.0,1
ENSG00000100083,1.2908701,1.6094877,1.0,1.0,1
ENSG00000118564,1.2475804,1.3038437,1.0,1.0,1
ENSG00000118564,1.2480043,1.3038437,1.0,0.56748694,1
ENSG00000118564,1.2477846,1.3038437,1.0,0.06396064,1
ENSG00000069869,1.2325118,1.071882,1.0,1.0,1
ENSG00000069869,1.2331694,1.071882,1.0,0.010256411,1
ENSG00000095906,1.2757794,1.3374592,1.0,1.0,1
ENSG00000095906,1.2767997,1.3374592,1.0,0.5542895,1
ENSG00000186448,1.2202421,0.9758911,0.9999999,1.0,1
ENSG00000186448,1.2203091,0.9758911,0.9999999,1.0,1
ENSG00000186448,1.2170297,0.9758911,0.9999999,1.0,1
ENSG00000186448,1.2182058,0.9758911,0.9999999,1.0,1
ENSG00000186448,1.2191801,0.9758911,0.9999999,1.0,1
ENSG00000186448,1.2191801,0.9758911,0.9999999,1.0,1
ENSG00000186448,1.2193254,0.9758911,0.9999999,0.122994654,1
ENSG00000167525,1.265285,0.7611758,0.9999999,1.0,1
ENSG00000167525,1.2654523,0.7611758,0.9999999,1.0,1
ENSG00000167525,1.2660173,0.7611758,0.9999999,1.0,1
ENSG00000167525,1.2659081,0.7611758,0.9999999,1.0,1
ENSG00000160959,1.2376298,1.2940251,0.9999999,1.0,1
ENSG00000160959,1.2374161,1.2940251,0.9999999,1.0,1
ENSG00000160959,1.2375845,1.2940251,0.9999999,1.0,1
ENSG00000160959,1.2370249,1.2940251,0.9999999,1.0,1
ENSG00000160959,1.2381535,1.2940251,0.9999999,0.16494845,1
ENSG00000145216,1.2719189,1.3816565,1.0,1.0,1
ENSG00000145216,1.2719426,1.3816565,1.0,0.47189543,1
ENSG00000145216,1.2697769,1.3816565,1.0,0.5609911,1
ENSG00000145216,1.2720689,1.3816565,1.0,0.4415502,1
ENSG00000145216,1.2717515,1.3816565,1.0,0.11604095,1
ENSG00000125864,1.1872945,-0.29242983,0.9999999,1.0,1
ENSG00000138134,1.1698636,-0.9586073,0.9999999,1.0,1
ENSG00000138134,1.1691436,-0.9586073,0.9999999,1.0,1
ENSG00000138134,1.1714791,-0.9586073,0.9999999,1.0,1
ENSG00000138134,1.1687822,-0.9586073,0.9999999,1.0,1
ENSG00000163661,1.1713468,-0.92081875,0.9999999,1.0,1
ENSG00000099974,1.191044,-0.7212464,0.9999999,1.0,1
ENSG00000150967,1.1994158,0.71349055,0.9999999,0.6142857,1
ENSG00000145348,1.2650434,1.278525,1.0,1.0,1
ENSG00000145348,1.267253,1.278525,1.0,0.1654373,1
ENSG00000183655,1.1700716,-0.7212464,0.9999999,1.0,1
ENSG00000161904,1.2380246,1.5798979,0.9999999,1.0,1
ENSG00000161904,1.2385237,1.5798979,0.9999999,1.0,1
ENSG00000161904,1.2384402,1.5798979,0.9999999,1.0,1
ENSG00000169249,1.2308244,0.9390198,0.9999999,1.0,1
ENSG00000169249,1.2319735,0.9390198,0.9999999,1.0,1
ENSG00000140650,1.2971739,1.1792644,1.0,1.0,1
ENSG00000140650,1.297789,1.1792644,1.0,0.98909396,1
ENSG00000140650,1.2970203,1.1792644,1.0,0.9198068,1
ENSG00000123124,1.2350096,0.9253121,1.0,1.0,1
ENSG00000123124,1.2339892,0.9253121,1.0,0.99378884,1
ENSG00000100227,1.275862,1.5873742,1.0,1.0,1
ENSG00000100227,1.2768435,1.5873742,1.0,0.6085994,1
ENSG00000100227,1.2766932,1.5873742,1.0,0.023659306,1
ENSG00000165526,1.2598099,1.6079909,0.9999999,1.0,1
ENSG00000165526,1.257945,1.6079909,0.9999999,1.0,1
ENSG00000165526,1.2578357,1.6079909,0.9999999,1.0,1
ENSG00000165526,1.2583569,1.6079909,0.9999999,1.0,1
ENSG00000049246,1.2127762,1.218798,0.9999999,1.0,1
ENSG00000132912,1.2999185,1.7117229,1.0,1.0,1
ENSG00000132912,1.2990559,1.7117229,1.0,0.0,1
ENSG00000103051,1.2758354,1.7604979,0.9999999,1.0,1
ENSG00000103051,1.2746845,1.7604979,0.9999999,1.0,1
ENSG00000103051,1.2759356,1.7604979,0.9999999,0.98330843,1
ENSG00000103051,1.2750424,1.7604979,0.9999999,0.0,1
ENSG00000103051,1.2751848,1.7604979,0.9999999,0.90922767,1
ENSG00000127663,1.2167693,1.0948204,0.9999999,1.0,1
ENSG00000127663,1.2162161,1.0948204,0.9999999,1.0,1
ENSG00000127663,1.217635,1.0948204,0.9999999,0.08955224,1
ENSG00000176473,1.225974,0.7242759,0.9999999,1.0,1
ENSG00000176473,1.2264152,0.7242759,0.9999999,1.0,1
ENSG00000090861,1.2775816,2.2807605,1.0,1.0,1
ENSG00000090861,1.2782764,2.2807605,1.0,1.0,1
ENSG00000090861,1.2801934,2.2807605,1.0,1.0,1
ENSG00000144283,1.243563,1.7081659,1.0,1.0,1
ENSG00000144283,1.2419518,1.7081659,1.0,0.7247088,1
ENSG00000144283,1.2414764,1.7081659,1.0,0.74196076,1
ENSG00000162695,1.2608184,0.7226339,1.0,1.0,1
ENSG00000162695,1.2632196,0.7226339,1.0,1.0,1
ENSG00000186665,1.2325615,1.3895204,0.9999999,1.0,1
ENSG00000186665,1.2339143,1.3895204,0.9999999,1.0,1
ENSG00000076351,1.1911618,0.42160392,0.9999999,1.0,1
ENSG00000076351,1.1902708,0.42160392,0.9999999,0.9230769,1
ENSG00000104976,1.2718204,1.0944711,0.9999999,1.0,1
ENSG00000125457,1.2737488,1.6118295,0.9999999,1.0,1
ENSG00000125457,1.2736884,1.6118295,0.9999999,1.0,1
ENSG00000125457,1.2731457,1.6118295,0.9999999,0.9737573,1
ENSG00000125457,1.2739795,1.6118295,0.9999999,0.109347954,1
ENSG00000103769,1.2807825,2.4376237,0.9999999,1.0,1
ENSG00000156869,1.2326777,1.5308398,0.9999999,1.0,1
ENSG00000167986,1.2756659,2.3942416,1.0,1.0,1
ENSG00000167986,1.2765082,2.3942416,1.0,0.0050870148,1
ENSG00000167986,1.2752975,2.3942416,1.0,0.0050949263,1
ENSG00000056558,1.1672919,-0.1674911,0.9999999,1.0,1
ENSG00000056558,1.1678857,-0.1674911,0.9999999,1.0,1
ENSG00000076513,1.2685419,1.5936183,0.9999999,1.0,1
ENSG00000076513,1.2685419,1.5936183,0.9999999,1.0,1
ENSG00000076513,1.2696954,1.5936183,0.9999999,1.0,1
ENSG00000076513,1.2697853,1.5936183,0.9999999,1.0,1
ENSG00000076513,1.268116,1.5936183,0.9999999,0.986946,1
ENSG00000138758,1.2589854,1.8264636,1.0,1.0,1
ENSG00000187144,1.1844565,-0.7447275,0.9999999,1.0,1
ENSG00000064995,1.2896235,1.8044802,1.0,1.0,1
ENSG00000064995,1.2893506,1.8044802,1.0,0.9632922,1
ENSG00000196456,1.2483281,0.7283538,1.0,1.0,1
ENSG00000154710,1.2684315,1.2823955,0.9999999,1.0,1
ENSG00000154710,1.2677299,1.2823955,0.9999999,1.0,1
ENSG00000154710,1.2662233,1.2823955,0.9999999,0.2707775,1
ENSG00000154710,1.2679073,1.2823955,0.9999999,0.084690556,1
ENSG00000154710,1.2681925,1.2823955,0.9999999,0.96986973,1
ENSG00000010219,1.202791,1.3230457,0.9999999,1.0,1
ENSG00000010219,1.2020408,1.3230457,0.9999999,0.037339557,1
ENSG00000205758,1.3051461,1.8885726,1.0,1.0,1
ENSG00000205758,1.3041892,1.8885726,1.0,1.0,1
ENSG00000205758,1.3041892,1.8885726,1.0,1.0,1
ENSG00000205758,1.3047298,1.8885726,1.0,1.0,1
ENSG00000205758,1.3045058,1.8885726,1.0,1.0,1
ENSG00000205758,1.3044769,1.8885726,1.0,0.099550895,1
ENSG00000119414,1.2760202,1.4562142,0.9999999,1.0,1
ENSG00000119414,1.2758759,1.4562142,0.9999999,0.9484909,1
ENSG00000140750,1.2136573,0.90036714,0.9999999,1.0,1
ENSG00000140750,1.2143689,0.90036714,0.9999999,0.258547,1
ENSG00000140750,1.2148062,0.90036714,0.9999999,0.2359155,1
ENSG00000140750,1.213673,0.90036714,0.9999999,0.64244187,1
ENSG00000135365,1.238591,1.1195858,0.9999999,1.0,1
ENSG00000135365,1.2401372,1.1195858,0.9999999,1.0,1
ENSG00000135365,1.240048,1.1195858,0.9999999,1.0,1
ENSG00000053524,1.1975704,0.5428254,0.9999999,1.0,1
ENSG00000053524,1.1964942,0.5428254,0.9999999,1.0,1
ENSG00000053524,1.1961881,0.5428254,0.9999999,0.14583333,1
ENSG00000065911,1.2942548,2.3176246,1.0,1.0,1
ENSG00000065911,1.2949259,2.3176246,1.0,0.15467583,1
ENSG00000065911,1.2934767,2.3176246,1.0,0.99922943,1
ENSG00000151445,1.2857348,1.2904798,1.0,1.0,1
ENSG00000151445,1.2863945,1.2904798,1.0,1.0,1
ENSG00000151445,1.2877884,1.2904798,1.0,1.0,1
ENSG00000151445,1.2861348,1.2904798,1.0,1.0,1
ENSG00000151445,1.2864231,1.2904798,1.0,1.0,1
ENSG00000151445,1.2872521,1.2904798,1.0,1.0,1
ENSG00000151445,1.2884387,1.2904798,1.0,0.102004714,1
ENSG00000103657,1.262547,1.5582284,1.0,1.0,1
ENSG00000103657,1.262896,1.5582284,1.0,1.0,1
ENSG00000140905,1.2951607,1.572058,0.9999999,1.0,1
ENSG00000140905,1.2954495,1.572058,0.9999999,0.9785251,1
ENSG00000168944,1.2474213,1.3085644,1.0,1.0,1
ENSG00000102057,1.164671,-0.26760623,0.9999999,1.0,1
ENSG00000139160,1.2393239,-0.055517327,0.9999999,1.0,1
ENSG00000139160,1.239266,-0.055517327,0.9999999,1.0,1
ENSG00000134987,1.2340975,1.6682928,1.0,1.0,1
ENSG00000134987,1.2310351,1.6682928,1.0,1.0,1
ENSG00000134987,1.2346817,1.6682928,1.0,1.0,1
ENSG00000134987,1.2346151,1.6682928,1.0,1.0,1
ENSG00000091732,1.2532777,1.8364507,0.9999999,1.0,1
ENSG00000091732,1.2532448,1.8364507,0.9999999,1.0,1
ENSG00000091732,1.2533326,1.8364507,0.9999999,0.0,1
ENSG00000169762,1.2346122,1.452553,1.0,1.0,1
ENSG00000169762,1.2348853,1.452553,1.0,0.8851981,1
ENSG00000169762,1.2352816,1.452553,1.0,0.46148783,1
ENSG00000123636,1.2027191,1.2000293,0.9999999,1.0,1
ENSG00000139197,1.2266848,1.1152776,0.9999999,1.0,1
ENSG00000139197,1.2266906,1.1152776,0.9999999,0.392,1
ENSG00000125551,1.2026032,-0.63827217,0.9999999,1.0,1
ENSG00000123384,1.1789415,-0.4436975,0.9999999,1.0,1
ENSG00000240065,1.2581822,0.25285304,0.9999999,1.0,1
ENSG00000240065,1.2579812,0.25285304,0.9999999,1.0,1
ENSG00000151239,1.2768552,1.2177471,1.0,1.0,1
ENSG00000151239,1.2763332,1.2177471,1.0,1.0,1
ENSG00000151239,1.2773074,1.2177471,1.0,0.0,1
ENSG00000151239,1.2781302,1.2177471,1.0,0.057666216,1
ENSG00000175265,1.2246438,1.8933734,0.9999999,1.0,1
ENSG00000249471,1.1972846,0.519828,0.9999999,1.0,1
ENSG00000249471,1.1981934,0.519828,0.9999999,1.0,1
ENSG00000249471,1.1983589,0.519828,0.9999999,0.06010929,1
ENSG00000183111,1.1588069,-0.88605666,0.99999976,1.0,1
ENSG00000162909,1.2702733,1.9639766,1.0,1.0,1
ENSG00000116717,1.2816619,1.7065471,0.9999999,1.0,1
ENSG00000116717,1.2815242,1.7065471,0.9999999,1.0,1
ENSG00000116717,1.2811137,1.7065471,0.9999999,0.9870348,1
ENSG00000213064,1.3115572,1.4121244,1.0,1.0,1
ENSG00000109787,1.2442223,1.1947918,0.9999999,1.0,1
ENSG00000109787,1.2452544,1.1947918,0.9999999,1.0,1
ENSG00000109787,1.245361,1.1947918,0.9999999,1.0,1
ENSG00000176170,1.2434443,1.2203696,0.9999999,1.0,1
ENSG00000136152,1.24679,1.1708483,0.9999999,1.0,1
ENSG00000136152,1.2466162,1.1708483,0.9999999,1.0,1
ENSG00000141905,1.2495279,0.30963016,0.9999999,1.0,1
ENSG00000141905,1.2495279,0.30963016,0.9999999,1.0,1
ENSG00000141905,1.2489367,0.30963016,0.9999999,1.0,1
ENSG00000141905,1.2488226,0.30963016,0.9999999,1.0,1
ENSG00000141905,1.2484359,0.30963016,0.9999999,1.0,1
ENSG00000141905,1.2486576,0.30963016,0.9999999,0.41614908,1
ENSG00000141905,1.2492076,0.30963016,0.9999999,0.8318584,1
ENSG00000152284,1.1785234,-0.9586073,0.9999999,1.0,1
ENSG00000012174,1.2116538,1.1041455,1.0,1.0,1
ENSG00000205084,1.2392412,1.3660492,0.9999999,1.0,1
ENSG00000182287,1.2432503,1.2148439,0.9999999,0.0,1
ENSG00000182287,1.2397381,1.2148439,0.9999999,0.012021858,1
ENSG00000182287,1.2443329,1.2148439,0.9999999,0.27896994,1
ENSG00000204256,1.268787,2.225955,1.0,1.0,1
ENSG00000204256,1.26857,2.225955,1.0,1.0,1
ENSG00000204256,1.2683516,2.225955,1.0,1.0,1
ENSG00000204256,1.2671082,2.225955,1.0,0.14901148,1
ENSG00000204256,1.2682832,2.225955,1.0,0.0006633499,1
ENSG00000142655,1.2694739,1.0413927,0.9999999,1.0,1
ENSG00000142655,1.2690331,1.0413927,0.9999999,1.0,1
ENSG00000142655,1.2691506,1.0413927,0.9999999,1.0,1
ENSG00000142655,1.2698698,1.0413927,0.9999999,1.0,1
ENSG00000114200,1.1526979,-0.7447275,0.9999999,1.0,1
ENSG00000126461,1.2498388,0.5237465,0.9999999,1.0,1
ENSG00000107798,1.1798389,-0.82390875,0.9999999,1.0,1
ENSG00000026652,1.2440754,1.108565,0.9999999,1.0,1
ENSG00000026652,1.2450134,1.108565,0.9999999,1.0,1
ENSG00000189334,1.2148906,-0.69897,0.9999999,1.0,1
ENSG00000138617,1.2127602,0.85248,0.9999999,1.0,1
ENSG00000138617,1.2122289,0.85248,0.9999999,1.0,1
ENSG00000138617,1.2122289,0.85248,0.9999999,1.0,1
ENSG00000138617,1.2135696,0.85248,0.9999999,1.0,1
ENSG00000138617,1.2137429,0.85248,0.9999999,1.0,1
ENSG00000144224,1.2729279,1.9483151,1.0,1.0,1
ENSG00000144224,1.2729093,1.9483151,1.0,1.0,1
ENSG00000144224,1.2720531,1.9483151,1.0,0.51618737,1
ENSG00000186020,1.2436792,1.0174507,1.0,1.0,1
ENSG00000186020,1.2416831,1.0174507,1.0,0.6753507,1
ENSG00000197063,1.2401018,1.3312248,0.9999999,1.0,1
ENSG00000244005,1.2697027,1.762003,0.9999999,1.0,1
ENSG00000244005,1.2684011,1.762003,0.9999999,0.7732558,1
ENSG00000254870,1.2184614,1.8251663,0.9999999,1.0,1
ENSG00000254870,1.2194206,1.8251663,0.9999999,1.0,1
ENSG00000254870,1.2185291,1.8251663,0.9999999,1.0,1
ENSG00000254870,1.2190104,1.8251663,0.9999999,1.0,1
ENSG00000254870,1.2191557,1.8251663,0.9999999,1.0,1
ENSG00000236287,1.2258658,1.7107096,0.9999999,1.0,1
ENSG00000155858,1.2061958,0.8267225,0.9999999,1.0,1
ENSG00000155858,1.2072312,0.8267225,0.9999999,1.0,1
ENSG00000256087,1.232611,0.5820634,0.9999999,1.0,1
ENSG00000256087,1.230527,0.5820634,0.9999999,1.0,1
ENSG00000256087,1.230996,0.5820634,0.9999999,1.0,1
ENSG00000256087,1.230996,0.5820634,0.9999999,1.0,1
ENSG00000132330,1.2480149,1.1132747,0.9999999,1.0,1
ENSG00000132330,1.2478163,1.1132747,0.9999999,1.0,1
ENSG00000132330,1.2495962,1.1132747,0.9999999,1.0,1
ENSG00000132330,1.2476174,1.1132747,0.9999999,0.124535315,1
ENSG00000144161,1.2899424,0.9278834,1.0,1.0,1
ENSG00000134627,1.2108281,0.50105923,0.9999999,1.0,1
ENSG00000134627,1.2111822,0.50105923,0.9999999,1.0,1
ENSG00000134627,1.2122078,0.50105923,0.9999999,1.0,1
ENSG00000134627,1.212262,0.50105923,0.9999999,1.0,1
ENSG00000134627,1.2121987,0.50105923,0.9999999,1.0,1
ENSG00000134627,1.2115666,0.50105923,0.9999999,1.0,1
ENSG00000160505,1.1630838,-0.88605666,0.9999999,1.0,1
ENSG00000169519,1.2040907,1.1821293,1.0,1.0,1
ENSG00000169519,1.2003474,1.1821293,1.0,0.5283019,1
ENSG00000104517,1.2569596,1.861833,1.0,1.0,1
ENSG00000104517,1.2571136,1.861833,1.0,0.48000842,1
ENSG00000108468,1.2358857,1.4821587,0.9999999,1.0,1
ENSG00000101417,1.2583481,0.7474118,0.9999999,1.0,1
ENSG00000101417,1.2583481,0.7474118,0.9999999,1.0,1
ENSG00000101417,1.2577609,0.7474118,0.9999999,0.7014493,1
ENSG00000101417,1.258267,0.7474118,0.9999999,0.6633987,1
ENSG00000083099,1.2760167,1.5536404,1.0,1.0,1
ENSG00000197223,1.2699221,1.5094713,0.9999999,1.0,1
ENSG00000197223,1.2703224,1.5094713,0.9999999,1.0,1
ENSG00000168826,1.2186115,0.5646661,0.9999999,1.0,1
ENSG00000168826,1.2185565,0.5646661,0.9999999,1.0,1
ENSG00000168826,1.2200536,0.5646661,0.9999999,1.0,1
ENSG00000168826,1.2174324,0.5646661,0.9999999,0.8655462,1
ENSG00000090316,1.2942319,1.6761447,1.0,1.0,1
ENSG00000090316,1.2936821,1.6761447,1.0,0.9964597,1
ENSG00000090316,1.2941397,1.6761447,1.0,0.94694614,1
ENSG00000090316,1.2941765,1.6761447,1.0,0.44594595,1
ENSG00000146955,1.1768327,-0.82390875,0.9999999,1.0,1
ENSG00000164828,1.2251332,2.0495281,0.9999999,1.0,1
ENSG00000164828,1.2257525,2.0495281,0.9999999,1.0,1
ENSG00000164828,1.2265366,2.0495281,0.9999999,0.036484245,1
ENSG00000164828,1.2265564,2.0495281,0.9999999,0.6569921,1
ENSG00000164828,1.2258061,2.0495281,0.9999999,0.073319755,1
ENSG00000164828,1.2256752,2.0495281,0.9999999,0.9872424,1
ENSG00000149532,1.2723655,1.5731038,0.9999999,1.0,1
ENSG00000149532,1.2724196,1.5731038,0.9999999,1.0,1
ENSG00000149532,1.2724682,1.5731038,0.9999999,1.0,1
ENSG00000084072,1.285425,2.1067686,0.9999999,1.0,1
ENSG00000084072,1.2863784,2.1067686,0.9999999,0.07317073,1
ENSG00000146918,1.2884098,1.8914818,1.0,1.0,1
ENSG00000146918,1.2885479,1.8914818,1.0,1.0,1
ENSG00000146918,1.2881018,1.8914818,1.0,0.67458403,1
ENSG00000146918,1.2884309,1.8914818,1.0,0.1276411,1
ENSG00000176890,1.2754353,2.4058414,0.9999999,1.0,1
ENSG00000176890,1.2748088,2.4058414,0.9999999,1.0,1
ENSG00000176890,1.2754353,2.4058414,0.9999999,0.99478465,1
ENSG00000105401,1.2634023,2.4003134,0.9999999,1.0,1
ENSG00000105401,1.2633141,2.4003134,0.9999999,1.0,1
ENSG00000105401,1.2634097,2.4003134,0.9999999,1.0,1
ENSG00000105401,1.2632976,2.4003134,0.9999999,1.0,1
ENSG00000105401,1.2633793,2.4003134,0.9999999,1.0,1
ENSG00000105401,1.2642221,2.4003134,0.9999999,1.0,1
ENSG00000197965,1.2592744,1.9897168,0.9999999,1.0,1
ENSG00000197965,1.2592744,1.9897168,0.9999999,1.0,1
ENSG00000197965,1.2588497,1.9897168,0.9999999,1.0,1
ENSG00000197965,1.2587963,1.9897168,0.9999999,0.92123866,1
ENSG00000197965,1.2583352,1.9897168,0.9999999,0.25078773,1
ENSG00000181625,1.1965921,1.0652062,1.0,1.0,1
ENSG00000181625,1.1977247,1.0652062,1.0,0.7417631,1
ENSG00000136560,1.2746564,1.6435513,1.0,1.0,1
ENSG00000136560,1.2728842,1.6435513,1.0,1.0,1
ENSG00000136560,1.2734085,1.6435513,1.0,1.0,1
ENSG00000136560,1.2704098,1.6435513,1.0,1.0,1
ENSG00000152291,1.2607685,1.5982432,0.9999999,1.0,1
ENSG00000152291,1.2607685,1.5982432,0.9999999,1.0,1
ENSG00000152291,1.2605206,1.5982432,0.9999999,1.0,1
ENSG00000152291,1.2609433,1.5982432,0.9999999,1.0,1
ENSG00000152291,1.259344,1.5982432,0.9999999,1.0,1
ENSG00000099968,1.2663449,1.6910815,1.0,1.0,1
ENSG00000099968,1.267529,1.6910815,1.0,0.9656883,1
ENSG00000099968,1.2663954,1.6910815,1.0,0.6998203,1
ENSG00000099968,1.2661911,1.6910815,1.0,0.87358326,1
ENSG00000111057,1.2389588,2.4412708,0.9999999,1.0,1
ENSG00000111057,1.2390971,2.4412708,0.9999999,1.0,1
ENSG00000111057,1.2392164,2.4412708,0.9999999,1.0,1
ENSG00000069020,1.2216508,0.61278385,1.0,1.0,1
ENSG00000172053,1.2813803,2.1927068,1.0,1.0,1
ENSG00000172053,1.2809745,2.1927068,1.0,0.99877185,1
ENSG00000164104,1.2804605,2.621145,1.0,1.0,1
ENSG00000164104,1.2790736,2.621145,1.0,1.0,1
ENSG00000164104,1.2803861,2.621145,1.0,1.0,1
ENSG00000164104,1.2799217,2.621145,1.0,1.0,1
ENSG00000213551,1.2803463,1.8321255,1.0,1.0,1
ENSG00000213551,1.2795409,1.8321255,1.0,1.0,1
ENSG00000111846,1.1554887,-0.22184876,0.9999999,1.0,1
ENSG00000130772,1.2488552,1.3916407,0.9999999,1.0,1
ENSG00000130772,1.2488552,1.3916407,0.9999999,1.0,1
ENSG00000131373,1.2904435,1.6127839,1.0,1.0,1
ENSG00000131373,1.2898499,1.6127839,1.0,0.9944327,1
ENSG00000131373,1.2876145,1.6127839,1.0,0.9914918,1
ENSG00000131373,1.2908196,1.6127839,1.0,0.99332273,1
ENSG00000131373,1.2905201,1.6127839,1.0,0.98058254,1
ENSG00000131373,1.2889973,1.6127839,1.0,0.4883943,1
ENSG00000099864,1.1915908,0.3138672,0.9999999,1.0,1
ENSG00000099864,1.1917282,0.3138672,0.9999999,1.0,1
ENSG00000050344,1.1898334,1.0124154,0.9999999,1.0,1
ENSG00000050344,1.1897196,1.0124154,0.9999999,1.0,1
ENSG00000123545,1.2740734,2.0962493,1.0,1.0,1
ENSG00000107263,1.187198,1.2935835,0.9999999,1.0,1
ENSG00000129518,1.2420367,1.3289908,0.9999999,1.0,1
ENSG00000142459,1.2446126,0.24797326,0.9999999,1.0,1
ENSG00000142459,1.2437905,0.24797326,0.9999999,1.0,1
ENSG00000142459,1.2449946,0.24797326,0.9999999,1.0,1
ENSG00000142459,1.2440947,0.24797326,0.9999999,1.0,1
ENSG00000165475,1.2118105,0.820858,0.9999999,1.0,1
ENSG00000165475,1.2135152,0.820858,0.9999999,1.0,1
ENSG00000165475,1.2144629,0.820858,0.9999999,1.0,1
ENSG00000165475,1.2113494,0.820858,0.9999999,1.0,1
ENSG00000165475,1.215531,0.820858,0.9999999,1.0,1
ENSG00000165475,1.2135991,0.820858,0.9999999,1.0,1
ENSG00000165475,1.2142848,0.820858,0.9999999,0.0,1
ENSG00000103126,1.1876277,0.9132839,0.9999999,1.0,1
ENSG00000103126,1.1872898,0.9132839,0.9999999,0.0926893,1
ENSG00000104883,1.2534155,0.041392684,0.9999999,1.0,1
ENSG00000137474,1.1657192,-0.69897,0.9999999,1.0,1
ENSG00000078061,1.292474,1.5990093,1.0,1.0,1
ENSG00000078061,1.2927479,1.5990093,1.0,1.0,1
ENSG00000111832,1.2810007,1.5114822,1.0,1.0,1
ENSG00000111832,1.2817999,1.5114822,1.0,0.93657815,1
ENSG00000172020,1.159834,-0.92081875,0.9999999,1.0,1
ENSG00000185818,1.188948,0.5526682,0.9999999,1.0,1
ENSG00000008441,1.2127601,0.48144263,0.9999999,1.0,1
ENSG00000136986,1.284362,1.4865721,1.0,1.0,1
ENSG00000136986,1.2832111,1.4865721,1.0,1.0,1
ENSG00000213024,1.2362639,1.280806,1.0,1.0,1
ENSG00000213024,1.2342259,1.280806,1.0,1.0,1
ENSG00000213024,1.2342259,1.280806,1.0,1.0,1
ENSG00000213024,1.235125,1.280806,1.0,0.006849315,1
ENSG00000213024,1.2342259,1.280806,1.0,0.07207838,1
ENSG00000213024,1.2348386,1.280806,1.0,0.020679468,1
ENSG00000214013,1.2785715,1.17667,1.0,1.0,1
ENSG00000128159,1.2160723,1.0461048,0.9999999,1.0,1
ENSG00000128159,1.2163064,1.0461048,0.9999999,1.0,1
ENSG00000132109,1.2123464,1.1556396,1.0,1.0,1
ENSG00000132109,1.2127093,1.1556396,1.0,1.0,1
ENSG00000007541,1.2123641,1.0852906,0.9999999,1.0,1
ENSG00000007541,1.211929,1.0852906,0.9999999,1.0,1
ENSG00000007541,1.2117171,1.0852906,0.9999999,0.20547946,1
ENSG00000007541,1.2121806,1.0852906,0.9999999,0.28431374,1
ENSG00000189067,1.1812947,0.6884198,0.9999999,1.0,1
ENSG00000189067,1.1809847,0.6884198,0.9999999,0.0064102565,1
ENSG00000160199,1.2775742,1.2869054,1.0,1.0,1
ENSG00000160199,1.2785558,1.2869054,1.0,0.92412454,1
ENSG00000164053,1.2269906,0.90902084,0.9999999,1.0,1
ENSG00000164053,1.2271937,0.90902084,0.9999999,0.627972,1
ENSG00000164053,1.2259809,0.90902084,0.9999999,0.8716216,1
ENSG00000173852,1.2467926,1.3586961,1.0,1.0,1
ENSG00000173852,1.2459959,1.3586961,1.0,1.0,1
ENSG00000173852,1.2458756,1.3586961,1.0,1.0,1
ENSG00000173852,1.2446861,1.3586961,1.0,1.0,1
ENSG00000198162,1.243025,1.1580608,1.0,1.0,1
ENSG00000174891,1.2675318,1.1379868,1.0,1.0,1
ENSG00000174891,1.2675318,1.1379868,1.0,1.0,1
ENSG00000108587,1.2790486,1.2013972,1.0,1.0,1
ENSG00000108587,1.2822207,1.2013972,1.0,0.021310182,1
ENSG00000237649,1.2709516,1.8893017,1.0,1.0,1
ENSG00000144591,1.2683538,1.9159799,0.9999999,1.0,1
ENSG00000115368,1.256375,1.839855,0.9999999,1.0,1
ENSG00000115368,1.25575,1.839855,0.9999999,0.0028753993,1
ENSG00000135482,1.2270063,-0.017728766,0.9999999,1.0,1
ENSG00000111450,1.2618397,1.6092741,0.9999999,1.0,1
ENSG00000014138,1.300109,1.9872639,1.0,1.0,1
ENSG00000014138,1.3002938,1.9872639,1.0,0.47347933,1
ENSG00000029993,1.2266423,1.360404,0.9999999,1.0,1
ENSG00000029993,1.2286129,1.360404,0.9999999,1.0,1
ENSG00000061273,1.2391189,1.4109459,0.9999999,1.0,1
ENSG00000061273,1.2394989,1.4109459,0.9999999,1.0,1
ENSG00000061273,1.2396334,1.4109459,0.9999999,0.0,1
ENSG00000061273,1.2387618,1.4109459,0.9999999,0.42357275,1
ENSG00000061273,1.2391294,1.4109459,0.9999999,1.0,1
ENSG00000157800,1.2580653,1.7117229,0.9999999,1.0,1
ENSG00000157800,1.2591656,1.7117229,0.9999999,0.991929,1
ENSG00000157800,1.2590998,1.7117229,0.9999999,0.9867462,1
ENSG00000153561,1.2035542,1.3207692,0.9999999,1.0,1
ENSG00000130052,1.189909,1.1866739,0.9999999,1.0,1
ENSG00000168916,1.1475946,-0.1426675,0.9999999,1.0,1
ENSG00000183423,1.1762295,-0.65757734,0.9999999,1.0,1
ENSG00000163872,1.2353401,1.4508647,0.9999999,1.0,1
ENSG00000173575,1.2361888,1.6728364,0.9999999,1.0,1
ENSG00000173575,1.2354062,1.6728364,0.9999999,1.0,1
ENSG00000173575,1.2355651,1.6728364,0.9999999,1.0,1
ENSG00000173153,1.2597393,1.3740147,0.9999999,1.0,1
ENSG00000173153,1.2588146,1.3740147,0.9999999,0.9982759,1
ENSG00000173153,1.2588229,1.3740147,0.9999999,0.99346405,1
ENSG00000101290,1.2591335,1.6155292,0.9999999,1.0,1
ENSG00000101290,1.2622176,1.6155292,1.0,1.0,1
ENSG00000101290,1.2617636,1.6155292,0.9999999,0.1453831,1
ENSG00000135249,1.2717977,1.7134905,1.0,1.0,1
ENSG00000139437,1.2399994,1.0534626,0.9999999,1.0,1
ENSG00000139437,1.2389697,1.0534626,0.9999999,1.0,1
ENSG00000138593,1.237408,1.0017337,0.9999999,1.0,1
ENSG00000138593,1.2361492,1.0017337,0.9999999,1.0,1
ENSG00000138593,1.2350641,1.0017337,0.9999999,0.23367697,1
ENSG00000100596,1.2382659,1.3396502,0.9999999,1.0,1
ENSG00000158815,1.1877589,-0.56863624,0.9999999,1.0,1
ENSG00000170876,1.3030723,1.5630062,1.0,1.0,1
ENSG00000170876,1.3030089,1.5630062,1.0,1.0,1
ENSG00000170876,1.3013649,1.5630062,1.0,1.0,1
ENSG00000170876,1.3025032,1.5630062,1.0,1.0,1
ENSG00000170876,1.3036689,1.5630062,1.0,1.0,1
ENSG00000130208,1.2261351,2.0516927,0.9999999,1.0,1
ENSG00000130208,1.2275575,2.0516927,0.9999999,1.0,1
ENSG00000131398,1.1999578,0.36921585,0.9999999,1.0,1
ENSG00000131398,1.1997832,0.36921585,0.9999999,1.0,1
ENSG00000131398,1.1994352,0.36921585,0.9999999,1.0,1
ENSG00000131398,1.2003206,0.36921585,0.9999999,1.0,1
ENSG00000131398,1.1990074,0.36921585,0.9999999,0.39512196,1
ENSG00000198189,1.2705137,1.7759016,1.0,1.0,1
ENSG00000121749,1.2637376,1.57841,0.9999999,1.0,1
ENSG00000121749,1.2646061,1.57841,1.0,0.0,1
ENSG00000121749,1.2643112,1.57841,0.9999999,0.0064102565,1
ENSG00000121749,1.2642938,1.57841,1.0,0.9831731,1
ENSG00000121749,1.2642835,1.57841,1.0,0.058092948,1
ENSG00000112079,1.2862612,1.2352759,1.0,1.0,1
ENSG00000168517,1.2435275,0.053078443,0.9999999,1.0,1
ENSG00000163507,1.2588098,1.3386557,1.0,1.0,1
ENSG00000163507,1.2576969,1.3386557,1.0,1.0,1
ENSG00000162430,1.2107114,0.75739604,0.9999999,1.0,1
ENSG00000164404,1.239255,-0.1426675,0.9999999,1.0,1
ENSG00000164404,1.2405033,-0.1426675,0.9999999,1.0,1
ENSG00000101384,1.1813608,-0.7447275,1.0,1.0,1
ENSG00000101384,1.1857675,-0.7447275,1.0,1.0,1
ENSG00000101384,1.1861504,-0.7447275,1.0,1.0,1
ENSG00000101384,1.1857506,-0.7447275,1.0,1.0,1
ENSG00000101384,1.1862333,-0.7447275,1.0,1.0,1
ENSG00000101384,1.1860708,-0.7447275,1.0,1.0,1
ENSG00000114902,1.2539387,1.7300551,0.9999999,1.0,1
ENSG00000114902,1.2547427,1.7300551,0.9999999,1.0,1
ENSG00000172339,1.2544069,0.36921585,0.9999999,1.0,1
ENSG00000146414,1.2464963,1.2792106,1.0,1.0,1
ENSG00000146414,1.2484294,1.2792106,1.0,1.0,1
ENSG00000171148,1.2780029,1.6979264,1.0,1.0,1
ENSG00000171148,1.2779709,1.6979264,1.0,1.0,1
ENSG00000101413,1.2673804,1.4312029,0.9999999,1.0,1
ENSG00000134248,1.2894737,2.6253228,1.0,1.0,1
ENSG00000134248,1.290071,2.6253228,1.0,1.0,1
ENSG00000134248,1.2901956,2.6253228,1.0,0.014705529,1
ENSG00000164934,1.2577554,2.0122888,1.0,1.0,1
ENSG00000186792,1.236621,0.6928469,0.9999999,0.97359735,1
ENSG00000147124,1.1972036,0.66745293,0.9999999,1.0,1
ENSG00000141384,1.2442297,1.1658376,1.0,1.0,1
ENSG00000160691,1.2467612,1.7640266,0.9999999,1.0,1
ENSG00000103599,1.2540163,0.40140054,1.0,1.0,1
ENSG00000181035,1.2737693,1.1592664,0.9999999,1.0,1
ENSG00000181035,1.2730592,1.1592664,0.9999999,1.0,1
ENSG00000120370,1.2741334,1.0394142,1.0,1.0,1
ENSG00000120370,1.2667199,1.0394142,1.0,1.0,1
ENSG00000120370,1.2667199,1.0394142,1.0,1.0,1
ENSG00000067955,1.2994452,1.5532761,1.0,1.0,1
ENSG00000067955,1.2991897,1.5532761,1.0,0.98945314,1
ENSG00000145388,1.2558888,1.2935835,1.0,1.0,1
ENSG00000145388,1.2563609,1.2935835,1.0,1.0,1
ENSG00000090487,1.2661792,1.6517625,0.9999999,1.0,1
ENSG00000090487,1.2652184,1.6517625,0.9999999,1.0,1
ENSG00000090487,1.2655259,1.6517625,0.9999999,0.9887962,1
ENSG00000240053,1.177636,1.162863,0.9999999,1.0,1
ENSG00000132256,1.2593496,1.114611,1.0,1.0,1
ENSG00000132256,1.2584937,1.114611,1.0,0.85528755,1
ENSG00000136932,1.2625173,1.0809871,0.9999999,1.0,1
ENSG00000136932,1.2617751,1.0809871,0.9999999,0.5799595,1
ENSG00000156510,1.1729426,-0.88605666,0.9999999,1.0,1
ENSG00000156510,1.1728117,-0.88605666,0.9999999,1.0,1
ENSG00000103994,1.2484514,1.3868555,1.0,1.0,1
ENSG00000103994,1.2472504,1.3868555,1.0,1.0,1
ENSG00000057019,1.2308712,0.9365137,1.0,1.0,1
ENSG00000057019,1.228169,0.9365137,1.0,0.082601056,1
ENSG00000137492,1.2218214,1.8055688,0.9999999,1.0,1
ENSG00000137492,1.220839,1.8055688,0.9999999,1.0,1
ENSG00000137492,1.2219311,1.8055688,0.9999999,1.0,1
ENSG00000165185,1.2235771,0.9740509,0.9999999,1.0,1
ENSG00000213983,1.2385894,1.8955883,1.0,1.0,1
ENSG00000213983,1.2388016,1.8955883,1.0,1.0,1
ENSG00000213983,1.2380677,1.8955883,1.0,0.69397044,1
ENSG00000044090,1.2749995,1.3767594,1.0,1.0,1
ENSG00000136450,1.2896515,2.4945998,1.0,1.0,1
ENSG00000136450,1.2881324,2.4945998,1.0,1.0,1
ENSG00000179943,1.2586383,0.54032946,0.9999999,1.0,1
ENSG00000179943,1.2577847,0.54032946,0.9999999,0.17454545,1
ENSG00000128891,1.2757566,1.4581845,1.0,1.0,1
ENSG00000132205,1.1630119,-0.4685211,0.9999999,1.0,1
ENSG00000132205,1.164698,-0.4685211,0.9999999,1.0,1
ENSG00000132205,1.1649317,-0.4685211,0.9999999,1.0,1
ENSG00000162738,1.1927897,0.53147894,0.9999999,1.0,1
ENSG00000028203,1.2470335,1.6555226,1.0,1.0,1
ENSG00000028203,1.247054,1.6555226,1.0,0.8412138,1
ENSG00000028203,1.2460285,1.6555226,1.0,0.7894737,1
ENSG00000028203,1.2464064,1.6555226,1.0,0.948542,1
ENSG00000028203,1.24761,1.6555226,1.0,0.35714287,1
ENSG00000028203,1.2474631,1.6555226,1.0,0.0,1
ENSG00000076924,1.290372,1.3422252,1.0,1.0,1
ENSG00000010278,1.2042935,0.84633714,0.9999999,1.0,1
ENSG00000010278,1.2037815,0.84633714,0.9999999,0.14880952,1
ENSG00000204463,1.2312254,2.0528092,1.0,1.0,1
ENSG00000204463,1.2313868,2.0528092,1.0,0.49851248,1
ENSG00000204463,1.2308744,2.0528092,1.0,0.9256279,1
ENSG00000050327,1.156562,-0.55284196,0.9999999,1.0,1
ENSG00000050327,1.1589183,-0.55284196,0.9999999,1.0,1
ENSG00000096401,1.2688029,1.3180634,1.0,1.0,1
ENSG00000163933,1.2392899,1.2052044,0.9999999,1.0,1
ENSG00000036672,1.2142843,0.5453071,0.9999999,1.0,1
ENSG00000036672,1.214373,0.5453071,0.9999999,1.0,1
ENSG00000036672,1.2145048,0.5453071,0.9999999,1.0,1
ENSG00000181222,1.2793297,0.9479236,1.0,1.0,1
ENSG00000162591,1.1766673,-0.7447275,0.9999999,1.0,1
ENSG00000134283,1.2541693,1.9033071,1.0,1.0,1
ENSG00000134283,1.2537829,1.9033071,1.0,1.0,1
ENSG00000134283,1.2522392,1.9033071,1.0,0.14871553,1
ENSG00000134283,1.2542752,1.9033071,1.0,0.57435775,1
ENSG00000134283,1.2536165,1.9033071,1.0,0.03582371,1
ENSG00000134283,1.253095,1.9033071,1.0,0.97013485,1
ENSG00000150756,1.2898821,1.4962375,1.0,1.0,1
ENSG00000150756,1.2898821,1.4962375,1.0,1.0,1
ENSG00000150756,1.2891675,1.4962375,1.0,1.0,1
ENSG00000150756,1.2893032,1.4962375,1.0,1.0,1
ENSG00000150756,1.289873,1.4962375,1.0,0.70945615,1
ENSG00000150756,1.289761,1.4962375,1.0,0.47476727,1
ENSG00000139517,1.2041007,0.48995847,0.9999999,1.0,1
ENSG00000188859,1.1893293,-0.55284196,0.9999999,1.0,1
ENSG00000146411,1.1704837,0.11058971,0.9999999,1.0,1
ENSG00000035141,1.2441295,1.8196098,0.9999999,1.0,1
ENSG00000035141,1.2441475,1.8196098,0.9999999,1.0,1
ENSG00000035141,1.2442805,1.8196098,0.9999999,0.0066541545,1
ENSG00000173264,1.2657126,0.8363241,0.9999999,1.0,1
ENSG00000173264,1.2657126,0.8363241,0.9999999,1.0,1
ENSG00000173264,1.2657126,0.8363241,0.9999999,1.0,1
ENSG00000173264,1.265284,0.8363241,0.9999999,1.0,1
ENSG00000173264,1.2651504,0.8363241,0.9999999,0.7809524,1
ENSG00000173264,1.2649976,0.8363241,0.9999999,0.8428571,1
ENSG00000163156,1.2759993,1.198107,0.9999999,1.0,1
ENSG00000184083,1.2106079,0.25767857,1.0,1.0,1
ENSG00000184708,1.2263758,1.0951693,0.9999999,0.012254902,1
ENSG00000100697,1.2165824,1.1858253,0.9999999,1.0,1
ENSG00000100697,1.2157828,1.1858253,0.9999999,1.0,1
ENSG00000100697,1.2174566,1.1858253,0.9999999,0.99874216,1
ENSG00000100697,1.2142407,1.1858253,0.9999999,0.061340943,1
ENSG00000100697,1.2102292,1.1858253,0.9999999,0.01997147,1
ENSG00000117362,1.286429,1.9643539,1.0,1.0,1
ENSG00000117362,1.2865251,1.9643539,1.0,0.9988132,1
ENSG00000117362,1.2859427,1.9643539,1.0,0.98787576,1
ENSG00000080603,1.256155,0.5378191,1.0,1.0,1
ENSG00000080603,1.2563345,0.5378191,1.0,1.0,1
ENSG00000080603,1.2558845,0.5378191,1.0,1.0,1
ENSG00000080603,1.2558497,0.5378191,1.0,0.8369565,1
ENSG00000064666,1.2633902,1.5922878,0.9999999,1.0,1
ENSG00000064666,1.2633902,1.5922878,0.9999999,1.0,1
ENSG00000064666,1.2632908,1.5922878,0.9999999,0.99647164,1
ENSG00000163463,1.2959598,2.086075,0.9999999,1.0,1
ENSG00000163463,1.2947284,2.086075,0.9999999,1.0,1
ENSG00000163463,1.2946802,2.086075,0.9999999,1.0,1
ENSG00000102103,1.2908998,1.7841178,1.0,1.0,1
ENSG00000102103,1.2895179,1.7841178,1.0,1.0,1
ENSG00000085998,1.2776566,1.5644293,1.0,1.0,1
ENSG00000085998,1.278096,1.5644293,1.0,0.98061043,1
ENSG00000198176,1.2083739,1.822495,0.9999999,1.0,1
ENSG00000198176,1.2114843,1.822495,0.9999999,0.93762,1
ENSG00000175854,1.2928401,2.0201125,1.0,1.0,1
ENSG00000175854,1.2933861,2.0201125,1.0,1.0,1
ENSG00000010626,1.2209674,0.7671559,0.9999999,1.0,1
ENSG00000010626,1.2198836,0.7671559,0.9999999,1.0,1
ENSG00000104818,1.1902719,-0.7212464,0.9999999,1.0,1
ENSG00000104818,1.1899977,-0.7212464,0.9999999,1.0,1
ENSG00000093010,1.2650641,2.4356375,1.0,1.0,1
ENSG00000093010,1.2654508,2.4356375,1.0,1.0,1
ENSG00000154957,1.2214248,0.63548374,0.9999999,1.0,1
ENSG00000154957,1.2190197,0.63548374,0.9999999,1.0,1
ENSG00000100605,1.2228771,1.3767594,0.9999999,1.0,1
ENSG00000100605,1.222613,1.3767594,0.9999999,0.96391153,1
ENSG00000148356,1.2753905,0.6324573,0.9999999,1.0,1
ENSG00000148356,1.2757343,0.6324573,0.9999999,1.0,1
ENSG00000148356,1.2758157,0.6324573,0.9999999,0.9933775,1
ENSG00000138375,1.2359387,1.349666,0.9999999,1.0,1
ENSG00000138375,1.2355939,1.349666,0.9999999,0.94951236,1
ENSG00000125945,1.2535645,0.8494194,1.0,1.0,1
ENSG00000010803,1.2474843,1.4431064,0.9999999,1.0,1
ENSG00000010803,1.2484754,1.4431064,0.9999999,1.0,1
ENSG00000010803,1.2475258,1.4431064,0.9999999,1.0,1
ENSG00000010803,1.2464236,1.4431064,0.9999999,1.0,1
ENSG00000010803,1.2464236,1.4431064,0.9999999,1.0,1
ENSG00000010803,1.2481682,1.4431064,0.9999999,1.0,1
ENSG00000010803,1.2461971,1.4431064,0.9999999,1.0,1
ENSG00000010803,1.2475137,1.4431064,0.9999999,0.56201047,1
ENSG00000010803,1.2476236,1.4431064,0.9999999,0.767624,1
ENSG00000010803,1.2467821,1.4431064,0.9999999,0.2798742,1
ENSG00000171208,1.2217458,1.3787612,0.9999999,1.0,1
ENSG00000171208,1.2216364,1.3787612,0.9999999,1.0,1
ENSG00000171208,1.2219409,1.3787612,0.9999999,1.0,1
ENSG00000171208,1.2233616,1.3787612,0.9999999,1.0,1
ENSG00000124067,1.2629479,1.4531654,0.9999999,1.0,1
ENSG00000124067,1.2633137,1.4531654,0.9999999,1.0,1
ENSG00000124067,1.2637721,1.4531654,0.9999999,1.0,1
ENSG00000124067,1.2632607,1.4531654,0.9999999,0.08283518,1
ENSG00000124067,1.2637721,1.4531654,0.9999999,0.76568264,1
ENSG00000155755,1.2090437,1.154424,1.0,1.0,1
ENSG00000155755,1.2059591,1.154424,1.0,1.0,1
ENSG00000155755,1.2082478,1.154424,1.0,1.0,1
ENSG00000155755,1.2103002,1.154424,1.0,1.0,1
ENSG00000155755,1.204831,1.154424,1.0,1.0,1
ENSG00000155755,1.2068245,1.154424,1.0,1.0,1
ENSG00000176208,1.2400674,1.2027607,1.0,1.0,1
ENSG00000172239,1.2687727,2.1279466,0.9999999,1.0,1
ENSG00000128581,1.2385994,0.72997427,0.9999999,1.0,1
ENSG00000128581,1.2379696,0.72997427,0.9999999,0.87015945,1
ENSG00000128581,1.2381531,0.72997427,0.9999999,0.8967136,1
ENSG00000128581,1.2377633,0.72997427,0.9999999,0.0,1
ENSG00000028116,1.2698704,1.4935975,1.0,1.0,1
ENSG00000028116,1.271577,1.4935975,1.0,1.0,1
ENSG00000028116,1.2731675,1.4935975,1.0,1.0,1
ENSG00000028116,1.269263,1.4935975,1.0,1.0,1
ENSG00000028116,1.2700158,1.4935975,1.0,0.0,1
ENSG00000028116,1.2687387,1.4935975,1.0,0.0,1
ENSG00000028116,1.2695646,1.4935975,1.0,0.06367535,1
ENSG00000028116,1.2753464,1.4935975,1.0,0.88485646,1
ENSG00000028116,1.2673,1.4935975,1.0,0.045859452,1
ENSG00000103490,1.1944593,1.1826999,0.9999999,0.43558952,1
ENSG00000100934,1.21343,1.5670264,0.9999999,1.0,1
ENSG00000100934,1.2133552,1.5670264,0.9999999,0.6999506,1
ENSG00000166529,1.2289857,0.9609462,0.9999999,1.0,1
ENSG00000166529,1.2296625,0.9609462,0.9999999,0.09701493,1
ENSG00000088930,1.2548051,1.6702459,1.0,1.0,1
ENSG00000088930,1.2508589,1.6702459,1.0,1.0,1
ENSG00000088930,1.2550502,1.6702459,1.0,1.0,1
ENSG00000164309,1.1563033,-0.4089354,0.9999999,1.0,1
ENSG00000164309,1.1554538,-0.4089354,0.9999999,1.0,1
ENSG00000087995,1.2461032,1.41397,1.0,1.0,1
ENSG00000087995,1.2463475,1.41397,1.0,0.8200837,1
ENSG00000101882,1.2256525,0.6848454,0.9999999,1.0,1
ENSG00000101882,1.2265276,0.6848454,0.9999999,1.0,1
ENSG00000215717,1.317212,1.3149201,1.0,1.0,1
ENSG00000188938,1.224306,1.4747988,0.9999999,1.0,1
ENSG00000188938,1.2230201,1.4747988,0.9999999,0.40563276,1
ENSG00000057608,1.2878586,2.2882044,1.0,1.0,1
ENSG00000057608,1.2874967,2.2882044,1.0,1.0,1
ENSG00000057608,1.2877728,2.2882044,1.0,0.9171791,1
ENSG00000164070,1.2493914,1.0178677,0.9999999,1.0,1
ENSG00000164070,1.2471993,1.0178677,0.9999999,0.9844961,1
ENSG00000108518,1.2673339,2.566685,1.0,1.0,1
ENSG00000175764,1.1826047,0.28103337,0.9999999,1.0,1
ENSG00000175764,1.1819457,0.28103337,0.9999999,0.39759037,1
ENSG00000020633,1.159011,-0.92081875,0.9999999,1.0,1
ENSG00000169359,1.2579879,1.3277675,1.0,1.0,1
ENSG00000163807,1.2888902,1.4502491,1.0,1.0,1
ENSG00000164182,1.2580042,1.6754117,1.0,1.0,1
ENSG00000164182,1.2585467,1.6754117,1.0,1.0,1
ENSG00000164182,1.2585467,1.6754117,1.0,0.94950426,1
ENSG00000117560,1.1799546,-0.92081875,0.9999999,1.0,1
ENSG00000197142,1.1857516,-0.04575749,0.9999999,1.0,1
ENSG00000149922,1.2533072,-0.69897,0.9999999,1.0,1
ENSG00000166321,1.2580198,0.93298084,0.9999999,1.0,1
ENSG00000166321,1.2580198,0.93298084,0.9999999,1.0,1
ENSG00000166321,1.2579771,0.93298084,0.9999999,1.0,1
ENSG00000166321,1.2590305,0.93298084,0.9999999,1.0,1
ENSG00000166321,1.2571617,0.93298084,0.9999999,1.0,1
ENSG00000166321,1.2571617,0.93298084,0.9999999,1.0,1
ENSG00000166321,1.2572292,0.93298084,0.9999999,1.0,1
ENSG00000166321,1.2582277,0.93298084,0.9999999,1.0,1
ENSG00000166321,1.2575458,0.93298084,0.9999999,1.0,1
ENSG00000141027,1.223775,1.6990569,0.9999999,1.0,1
ENSG00000141027,1.2221084,1.6990569,0.9999999,1.0,1
ENSG00000141027,1.2212677,1.6990569,0.9999999,1.0,1
ENSG00000141027,1.2234508,1.6990569,0.9999999,1.0,1
ENSG00000141027,1.2229855,1.6990569,0.9999999,0.33444816,1
ENSG00000141027,1.2234017,1.6990569,0.9999999,0.25744125,1
ENSG00000141027,1.2220802,1.6990569,0.9999999,0.29598445,1
ENSG00000158711,1.2546014,0.9444827,0.9999999,1.0,1
ENSG00000158711,1.2536595,0.9444827,0.9999999,1.0,1
ENSG00000158711,1.2545635,0.9444827,0.9999999,1.0,1
ENSG00000159479,1.3023404,1.3298045,1.0,1.0,1
ENSG00000159479,1.3016897,1.3298045,1.0,1.0,1
ENSG00000159479,1.3019325,1.3298045,1.0,1.0,1
ENSG00000187796,1.2341386,1.1775365,0.9999999,1.0,1
ENSG00000187796,1.2337884,1.1775365,0.9999999,1.0,1
ENSG00000170324,1.1644378,0.07918125,0.9999999,1.0,1
ENSG00000139613,1.2403791,1.6319509,0.9999999,1.0,1
ENSG00000139613,1.2409977,1.6319509,0.9999999,0.9620438,1
ENSG00000139613,1.240113,1.6319509,0.9999999,0.35400516,1
ENSG00000111319,1.1676266,-0.61978877,0.9999999,1.0,1
ENSG00000111319,1.167639,-0.61978877,0.9999999,1.0,1
ENSG00000111319,1.1674876,-0.61978877,0.9999999,1.0,1
ENSG00000114812,1.2128345,-0.61978877,0.9999999,1.0,1
ENSG00000198952,1.257826,1.5755342,0.9999999,1.0,1
ENSG00000198952,1.2593085,1.5755342,0.9999999,1.0,1
ENSG00000198952,1.2579371,1.5755342,0.9999999,1.0,1
ENSG00000156535,1.1658038,-0.88605666,0.9999999,1.0,1
ENSG00000133321,1.2086929,-0.30980393,0.9999999,1.0,1
ENSG00000133321,1.2089871,-0.30980393,0.9999999,1.0,1
ENSG00000130304,1.2228202,0.1172713,0.9999999,1.0,1
ENSG00000122483,1.2524592,1.2400497,1.0,1.0,1
ENSG00000122483,1.2527122,1.2400497,1.0,1.0,1
ENSG00000172057,1.2536029,1.5855736,0.9999999,1.0,1
ENSG00000205236,1.1824846,-0.7212464,0.9999999,1.0,1
ENSG00000086061,1.2473215,2.1338582,0.9999999,1.0,1
ENSG00000086061,1.2477833,2.1338582,0.9999999,1.0,1
ENSG00000086061,1.2487847,2.1338582,0.9999999,1.0,1
ENSG00000047315,1.2512761,2.1932638,1.0,1.0,1
ENSG00000047315,1.2479612,2.1932638,1.0,1.0,1
ENSG00000047315,1.2495786,2.1932638,1.0,1.0,1
ENSG00000047315,1.2503217,2.1932638,1.0,1.0,1
ENSG00000047315,1.2482785,2.1932638,1.0,1.0,1
ENSG00000047315,1.2486664,2.1932638,1.0,1.0,1
ENSG00000047315,1.2484661,2.1932638,1.0,0.0,1
ENSG00000047315,1.2500147,2.1932638,1.0,0.7831654,1
ENSG00000137103,1.2057204,0.2966652,0.9999999,1.0,1
ENSG00000137103,1.2053407,0.2966652,0.9999999,1.0,1
ENSG00000137103,1.204674,0.2966652,0.9999999,1.0,1
ENSG00000137103,1.2060357,0.2966652,0.9999999,1.0,1
ENSG00000137103,1.2054199,0.2966652,0.9999999,1.0,1
ENSG00000100403,1.2177557,1.2482185,0.9999999,1.0,1
ENSG00000101596,1.2701619,1.746712,1.0,1.0,1
ENSG00000101596,1.27022,1.746712,1.0,1.0,1
ENSG00000101596,1.2720393,1.746712,1.0,1.0,1
ENSG00000101596,1.2709756,1.746712,1.0,1.0,1
ENSG00000101596,1.2712287,1.746712,1.0,0.021551725,1
ENSG00000101596,1.2685708,1.746712,1.0,0.021551725,1
ENSG00000101596,1.2706611,1.746712,1.0,0.021551725,1
ENSG00000065308,1.2605641,0.81291336,0.9999999,1.0,1
ENSG00000156384,1.2506279,0.69810057,1.0,1.0,1
ENSG00000067064,1.2827436,2.28416,1.0,1.0,1
ENSG00000067064,1.2845027,2.28416,1.0,1.0,1
ENSG00000067064,1.2838997,2.28416,1.0,1.0,1
ENSG00000067064,1.2848302,2.28416,1.0,0.8615303,1
ENSG00000126562,1.2654467,0.7176705,0.9999999,1.0,1
ENSG00000126562,1.2661091,0.7176705,0.9999999,1.0,1
ENSG00000126562,1.2658778,0.7176705,0.9999999,1.0,1
ENSG00000119514,1.2032536,1.8222989,0.9999999,1.0,1
ENSG00000204634,1.1815333,-0.0043648053,0.9999999,1.0,1
ENSG00000117139,1.2132989,1.7192484,0.9999999,1.0,1
ENSG00000100890,1.2451876,1.4496326,1.0,1.0,1
ENSG00000100890,1.2451876,1.4496326,1.0,1.0,1
ENSG00000100890,1.2424874,1.4496326,1.0,1.0,1
ENSG00000100890,1.2453102,1.4496326,1.0,1.0,1
ENSG00000100890,1.2434388,1.4496326,1.0,0.8326289,1
ENSG00000120899,1.2148966,1.3609719,0.9999999,1.0,1
ENSG00000120899,1.2149972,1.3609719,0.9999999,1.0,1
ENSG00000120899,1.2140894,1.3609719,0.9999999,0.8305933,1
ENSG00000091483,1.2625247,2.214897,1.0,1.0,1
ENSG00000091483,1.2613152,2.214897,1.0,1.0,1
ENSG00000091483,1.2630287,2.214897,1.0,1.0,1
ENSG00000011052,1.2777551,1.0437552,1.0,1.0,1
ENSG00000011052,1.2809069,1.0437552,1.0,1.0,1
ENSG00000011052,1.2796654,1.0437552,1.0,0.0,1
ENSG00000076984,1.3003324,1.0831442,1.0,1.0,1
ENSG00000076984,1.3005887,1.0831442,1.0,1.0,1
ENSG00000076984,1.3017836,1.0831442,1.0,0.726087,1
ENSG00000076984,1.3019627,1.0831442,1.0,0.06877729,1
ENSG00000166949,1.2366723,1.1658376,0.9999999,1.0,1
ENSG00000166949,1.2366723,1.1658376,0.9999999,1.0,1
ENSG00000166949,1.2370623,1.1658376,0.9999999,1.0,1
ENSG00000166949,1.2370815,1.1658376,0.9999999,1.0,1
ENSG00000166949,1.2374206,1.1658376,0.9999999,1.0,1
ENSG00000166949,1.2374703,1.1658376,0.9999999,1.0,1
ENSG00000160284,1.2411561,1.06032,0.9999999,1.0,1
ENSG00000160284,1.2425004,1.06032,0.9999999,0.02282704,1
ENSG00000103479,1.2438306,1.8020892,1.0,1.0,1
ENSG00000103479,1.2376208,1.8020892,0.9999999,0.47381485,1
ENSG00000140395,1.2918361,2.1770167,1.0,1.0,1
ENSG00000140395,1.2927443,2.1770167,1.0,1.0,1
ENSG00000140395,1.2922443,2.1770167,1.0,1.0,1
ENSG00000140395,1.2913471,2.1770167,1.0,1.0,1
ENSG00000140395,1.2925428,2.1770167,1.0,1.0,1
ENSG00000140395,1.2914182,2.1770167,1.0,1.0,1
ENSG00000140395,1.2913387,2.1770167,1.0,1.0,1
ENSG00000140395,1.2911326,2.1770167,1.0,1.0,1
ENSG00000140395,1.2926649,2.1770167,1.0,1.0,1
ENSG00000140395,1.2918634,2.1770167,1.0,1.0,1
ENSG00000117713,1.2321483,1.198657,0.9999999,1.0,1
ENSG00000117713,1.2303638,1.198657,0.9999999,1.0,1
ENSG00000146109,1.2725126,1.5653754,0.9999999,1.0,1
ENSG00000035499,1.2577338,1.7120601,1.0,1.0,1
ENSG00000035499,1.2586739,1.7120601,1.0,0.7638972,1
ENSG00000035499,1.2599779,1.7120601,1.0,0.014558332,1
ENSG00000035499,1.2611145,1.7120601,1.0,0.0019924287,1
ENSG00000114554,1.1779072,1.5731038,0.9999999,1.0,1
ENSG00000114554,1.1779113,1.5731038,0.9999999,1.0,1
ENSG00000139629,1.1895062,0.7937904,0.9999999,1.0,1
ENSG00000139629,1.1900889,0.7937904,0.9999999,1.0,1
ENSG00000139629,1.1890321,0.7937904,0.9999999,0.89329267,1
ENSG00000184232,1.2071038,0.7909885,0.9999999,1.0,1
ENSG00000184232,1.2072824,0.7909885,0.9999999,1.0,1
ENSG00000096654,1.247883,1.0017337,0.9999999,1.0,1
ENSG00000067182,1.2396752,1.351603,0.9999999,1.0,1
ENSG00000067182,1.2398568,1.351603,0.9999999,0.9922929,1
ENSG00000067182,1.2393757,1.351603,0.9999999,0.99613154,1
ENSG00000141428,1.2669257,1.6324573,0.9999999,1.0,1
ENSG00000141428,1.2669257,1.6324573,0.9999999,1.0,1
ENSG00000141428,1.2674222,1.6324573,0.9999999,1.0,1
ENSG00000131148,1.2657318,1.5896145,0.9999999,1.0,1
ENSG00000131148,1.2653254,1.5896145,0.9999999,0.9720955,1
ENSG00000090932,1.182507,0.27184162,0.9999999,1.0,1
ENSG00000007168,1.2395506,1.6084191,0.9999999,1.0,1
ENSG00000007168,1.2406496,1.6084191,0.9999999,1.0,1
ENSG00000146757,1.2320026,0.9479236,1.0,0.8916914,1
ENSG00000146757,1.2324878,0.9479236,1.0,0.058064517,1
ENSG00000146757,1.2310872,0.9479236,1.0,0.33333334,1
ENSG00000146757,1.231526,0.9479236,1.0,0.9852459,1
ENSG00000114790,1.1816592,-0.92081875,1.0,1.0,1
ENSG00000107164,1.2871411,1.4774107,1.0,1.0,1
ENSG00000107164,1.2863173,1.4774107,1.0,1.0,1
ENSG00000107164,1.286537,1.4774107,1.0,1.0,1
ENSG00000107164,1.2868019,1.4774107,1.0,1.0,1
ENSG00000168610,1.2753284,1.913284,0.9999999,1.0,1
ENSG00000168610,1.2757256,1.913284,0.9999999,1.0,1
ENSG00000168610,1.2756329,1.913284,0.9999999,1.0,1
ENSG00000168610,1.2751958,1.913284,0.9999999,1.0,1
ENSG00000168610,1.275353,1.913284,0.9999999,0.99242425,1
ENSG00000168610,1.2762831,1.913284,0.9999999,0.99973714,1
ENSG00000162642,1.2414001,1.4671639,0.9999999,1.0,1
ENSG00000162642,1.2423261,1.4671639,0.9999999,0.4226557,1
ENSG00000181523,1.2025288,0.45178643,0.9999999,1.0,1
ENSG00000181523,1.2031475,0.45178643,0.9999999,0.5828877,1
ENSG00000095564,1.2329654,1.7922516,1.0,1.0,1
ENSG00000095564,1.2335728,1.7922516,1.0,1.0,1
ENSG00000095564,1.2331607,1.7922516,1.0,1.0,1
ENSG00000164896,1.2850448,1.6710802,1.0,1.0,1
ENSG00000164896,1.2866997,1.6710802,1.0,0.99103945,1
ENSG00000117877,1.2674066,0.8530895,0.9999999,1.0,1
ENSG00000101199,1.2501601,1.7181695,0.9999999,1.0,1
ENSG00000101199,1.24904,1.7181695,0.9999999,0.99250466,1
ENSG00000101199,1.2506138,1.7181695,0.9999999,0.9529221,1
ENSG00000101199,1.2507567,1.7181695,0.9999999,0.011111111,1
ENSG00000101199,1.2489402,1.7181695,0.9999999,0.012964054,1
ENSG00000134970,1.2549039,1.4878451,1.0,1.0,1
ENSG00000088356,1.2682179,1.3184807,0.9999999,1.0,1
ENSG00000088356,1.268408,1.3184807,0.9999999,1.0,1
ENSG00000088356,1.2694169,1.3184807,0.9999999,1.0,1
ENSG00000168894,1.3061583,2.50737,1.0,1.0,1
ENSG00000169682,1.2433516,1.11294,0.9999999,1.0,1
ENSG00000169682,1.2426788,1.11294,0.9999999,1.0,1
ENSG00000169682,1.2430879,1.11294,0.9999999,0.92849404,1
ENSG00000008394,1.2131064,1.8624295,1.0,1.0,1
ENSG00000008394,1.2134831,1.8624295,1.0,0.9928535,1
ENSG00000008394,1.2114209,1.8624295,1.0,0.002157756,1
ENSG00000101132,1.29493,1.6816934,1.0,1.0,1
ENSG00000101132,1.2959656,1.6816934,1.0,1.0,1
ENSG00000181135,1.2116402,0.5352941,0.9999999,1.0,1
ENSG00000167657,1.2173035,1.326131,0.9999999,1.0,1
ENSG00000185344,1.2522463,1.8576943,1.0,1.0,1
ENSG00000185344,1.251532,1.8576943,0.9999999,1.0,1
ENSG00000166268,1.1782209,-0.9586073,0.9999999,1.0,1
ENSG00000164010,1.2826499,1.2005769,1.0,1.0,1
ENSG00000239713,1.1855812,0.8893017,0.9999999,1.0,1
ENSG00000239713,1.1855812,0.8893017,0.9999999,1.0,1
ENSG00000239713,1.1847891,0.8893017,0.9999999,1.0,1
ENSG00000239713,1.1863434,0.8893017,0.9999999,1.0,1
ENSG00000239713,1.1863971,0.8893017,0.9999999,1.0,1
ENSG00000239713,1.1841224,0.8893017,0.9999999,0.94387,1
ENSG00000151208,1.2111741,0.91698,0.9999999,1.0,1
ENSG00000151208,1.2108532,0.91698,0.9999999,0.5102362,1
ENSG00000151208,1.2105913,0.91698,0.9999999,0.037037037,1
ENSG00000072135,1.2777416,1.6394864,1.0,1.0,1
ENSG00000072135,1.2765244,1.6394864,1.0,1.0,1
ENSG00000072135,1.278723,1.6394864,1.0,1.0,1
ENSG00000155368,1.2740301,2.0240338,0.9999999,1.0,1
ENSG00000155368,1.2730418,2.0240338,0.9999999,0.00058468134,1
ENSG00000155368,1.2741091,2.0240338,0.9999999,0.004561778,1
ENSG00000155368,1.2737886,2.0240338,0.9999999,0.0,1
ENSG00000174928,1.2308816,0.71180725,0.9999999,1.0,1
ENSG00000186994,1.1878945,-0.79588,0.9999999,1.0,1
ENSG00000229809,1.2572114,0.27184162,0.9999999,1.0,1
ENSG00000229809,1.2583283,0.27184162,0.9999999,1.0,1
ENSG00000100209,1.2689414,0.91698,0.9999999,1.0,1
ENSG00000100209,1.2681184,0.91698,0.9999999,1.0,1
ENSG00000129315,1.2702304,1.5712428,1.0,1.0,1
ENSG00000129315,1.2695345,1.5712428,1.0,0.6581071,1
ENSG00000171953,1.2534642,0.9609462,0.9999999,1.0,1
ENSG00000171953,1.2533615,0.9609462,0.9999999,0.9010417,1
ENSG00000171953,1.2527391,0.9609462,0.9999999,0.87536234,1
ENSG00000137747,1.1767553,-0.45593196,0.9999999,1.0,1
ENSG00000137747,1.176752,-0.45593196,0.9999999,1.0,1
ENSG00000137747,1.1773372,-0.45593196,0.9999999,1.0,1
ENSG00000137747,1.1773963,-0.45593196,0.9999999,1.0,1
ENSG00000137747,1.177386,-0.45593196,0.9999999,1.0,1
ENSG00000137747,1.1772375,-0.45593196,0.9999999,1.0,1
ENSG00000137747,1.1772705,-0.45593196,0.9999999,1.0,1
ENSG00000137747,1.176926,-0.45593196,0.9999999,1.0,1
ENSG00000137747,1.1773032,-0.45593196,0.9999999,1.0,1
ENSG00000137747,1.1773032,-0.45593196,0.9999999,1.0,1
ENSG00000137747,1.1779379,-0.45593196,0.9999999,1.0,1
ENSG00000137747,1.1779379,-0.45593196,0.9999999,1.0,1
ENSG00000163686,1.2012426,0.49968708,0.9999999,1.0,1
ENSG00000163686,1.2001075,0.49968708,0.9999999,0.4,1
ENSG00000100767,1.1723045,0.4593925,0.9999999,1.0,1
ENSG00000100767,1.173535,0.4593925,0.9999999,1.0,1
ENSG00000100767,1.1725384,0.4593925,0.9999999,1.0,1
ENSG00000100767,1.173365,0.4593925,0.9999999,1.0,1
ENSG00000100767,1.1726571,0.4593925,0.9999999,1.0,1
ENSG00000100767,1.1738099,0.4593925,0.9999999,1.0,1
ENSG00000100767,1.1734879,0.4593925,0.9999999,1.0,1
ENSG00000100767,1.1726803,0.4593925,0.9999999,0.0,1
ENSG00000100767,1.1730822,0.4593925,0.9999999,0.005988024,1
ENSG00000105248,1.2834147,1.0464952,1.0,1.0,1
ENSG00000147601,1.2415028,1.1625644,1.0,1.0,1
ENSG00000147601,1.242179,1.1625644,1.0,0.3903846,1
ENSG00000174437,1.2543069,1.717504,0.9999999,1.0,1
ENSG00000174437,1.2542497,1.717504,0.9999999,1.0,1
ENSG00000174437,1.2534419,1.717504,0.9999999,0.9757876,1
ENSG00000174437,1.2549251,1.717504,0.9999999,0.039647575,1
ENSG00000101049,1.2044615,-0.26760623,0.9999999,1.0,1
ENSG00000101049,1.2031742,-0.26760623,0.9999999,1.0,1
ENSG00000129250,1.2230824,1.2489536,0.9999999,1.0,1
ENSG00000114796,1.2143508,1.1306554,0.9999999,1.0,1
ENSG00000114796,1.2134119,1.1306554,0.9999999,0.41439477,1
ENSG00000177791,1.1781,-0.79588,0.9999999,1.0,1
ENSG00000177791,1.178343,-0.79588,0.9999999,1.0,1
ENSG00000177791,1.1794591,-0.79588,0.9999999,1.0,1
ENSG00000154174,1.2432438,1.5732198,0.9999999,1.0,1
ENSG00000154174,1.2431949,1.5732198,0.9999999,1.0,1
ENSG00000154174,1.2438313,1.5732198,0.9999999,1.0,1
ENSG00000154174,1.2443024,1.5732198,0.9999999,1.0,1
ENSG00000154174,1.2449263,1.5732198,0.9999999,1.0,1
ENSG00000154174,1.240148,1.5732198,0.9999999,1.0,1
ENSG00000154174,1.2440308,1.5732198,0.9999999,1.0,1
ENSG00000154174,1.243796,1.5732198,0.9999999,1.0,1
ENSG00000171747,1.1928233,-0.49485,0.9999999,1.0,1
ENSG00000171747,1.19208,-0.49485,0.9999999,1.0,1
ENSG00000171747,1.1922251,-0.49485,0.9999999,1.0,1
ENSG00000130638,1.2031691,2.1444185,0.9999999,1.0,1
ENSG00000130638,1.2013993,2.1444185,0.9999999,1.0,1
ENSG00000130638,1.2038641,2.1444185,0.9999999,0.9950372,1
ENSG00000115310,1.2292708,2.053578,0.9999999,1.0,1
ENSG00000115310,1.2287687,2.053578,0.9999999,0.42436975,1
ENSG00000115310,1.2296375,2.053578,0.9999999,0.1355094,1
ENSG00000172954,1.2298579,1.2013972,0.9999999,0.022134388,1
ENSG00000172954,1.2324426,1.2013972,0.9999999,0.046831954,1
ENSG00000196943,1.2175659,0.94939,0.9999999,1.0,1
ENSG00000113073,1.1855494,-0.82390875,0.9999999,1.0,1
ENSG00000113073,1.1856581,-0.82390875,0.9999999,1.0,1
ENSG00000105835,1.2649796,1.8743658,0.9999999,1.0,1
ENSG00000105835,1.2623622,1.8743658,0.9999999,1.0,1
ENSG00000119729,1.2553352,1.2372923,0.9999999,1.0,1
ENSG00000119729,1.2535471,1.2372923,0.9999999,1.0,1
ENSG00000108733,1.2503766,0.95085144,0.9999999,1.0,1
ENSG00000104894,1.2273949,0.51587385,0.9999999,1.0,1
ENSG00000136938,1.2867846,2.042536,0.9999999,1.0,1
ENSG00000113712,1.2927679,2.1002326,1.0,1.0,1
ENSG00000113712,1.2895715,2.1002326,1.0,1.0,1
ENSG00000113712,1.2910053,2.1002326,1.0,1.0,1
ENSG00000070610,1.2148315,1.5948343,0.9999999,1.0,1
ENSG00000176946,1.2230605,1.3666097,0.9999999,1.0,1
ENSG00000176946,1.2249877,1.3666097,0.9999999,1.0,1
ENSG00000176946,1.2260902,1.3666097,0.9999999,1.0,1
ENSG00000135845,1.2406882,1.6721903,0.9999999,1.0,1
ENSG00000197498,1.2782906,1.820858,1.0,1.0,1
ENSG00000197498,1.2778515,1.820858,1.0,0.7847279,1
ENSG00000125735,1.1800021,-0.43179828,0.9999999,1.0,1
ENSG00000163617,1.2120265,-0.3767507,1.0,1.0,1
ENSG00000136840,1.2235154,1.1238517,0.9999999,1.0,1
ENSG00000136840,1.2237062,1.1238517,0.9999999,1.0,1
ENSG00000136840,1.2244209,1.1238517,0.9999999,1.0,1
ENSG00000150773,1.2532573,0.350248,0.9999999,1.0,1
ENSG00000113812,1.2170011,1.1055102,0.9999999,1.0,1
ENSG00000166797,1.3005799,2.26238,1.0,1.0,1
ENSG00000166797,1.3005799,2.26238,1.0,1.0,1
ENSG00000166797,1.2992812,2.26238,1.0,0.51077485,1
ENSG00000125166,1.2432463,1.6043341,0.9999999,1.0,1
ENSG00000125166,1.2431029,1.6043341,0.9999999,1.0,1
ENSG00000119397,1.2359682,1.32695,0.9999999,1.0,1
ENSG00000119397,1.2374595,1.32695,0.9999999,1.0,1
ENSG00000119397,1.2364646,1.32695,0.9999999,1.0,1
ENSG00000137871,1.2447268,1.1401937,1.0,1.0,1
ENSG00000137871,1.2439824,1.1401937,1.0,0.07751938,1
ENSG00000137871,1.2450455,1.1401937,1.0,0.11034483,1
ENSG00000137871,1.2446368,1.1401937,1.0,0.99752784,1
ENSG00000137871,1.2445747,1.1401937,1.0,0.9925926,1
ENSG00000140577,1.2362984,1.09691,0.9999999,1.0,1
ENSG00000140577,1.2370974,1.09691,0.9999999,1.0,1
ENSG00000164823,1.2204062,1.2819419,0.9999999,1.0,1
ENSG00000153975,1.2228101,1.4631461,0.9999999,1.0,1
ENSG00000153975,1.2245706,1.4631461,0.9999999,1.0,1
ENSG00000153975,1.2233223,1.4631461,0.9999999,1.0,1
ENSG00000100505,1.1660417,-0.88605666,1.0,1.0,1
ENSG00000148204,1.17458,-0.55284196,0.9999999,1.0,1
ENSG00000141582,1.2275776,0.9344984,0.9999999,1.0,1
ENSG00000141582,1.2280012,0.9344984,0.9999999,1.0,1
ENSG00000141582,1.2272865,0.9344984,0.9999999,1.0,1
ENSG00000146592,1.1769352,-0.4089354,0.9999999,1.0,1
ENSG00000139626,1.1767125,0.029383779,0.9999999,1.0,1
ENSG00000102174,1.1668445,-0.92081875,0.9999999,1.0,1
ENSG00000102174,1.1677599,-0.92081875,0.9999999,1.0,1
ENSG00000105750,1.1628367,0.21484385,0.9999999,1.0,1
ENSG00000171604,1.2121459,1.5905075,0.9999999,1.0,1
ENSG00000171604,1.2121459,1.5905075,0.9999999,1.0,1
ENSG00000131446,1.2125652,1.5772619,0.9999999,1.0,1
ENSG00000164221,1.2245206,0.39967373,1.0,1.0,1
ENSG00000164221,1.2255307,0.39967373,1.0,1.0,1
ENSG00000164221,1.2242084,0.39967373,1.0,1.0,1
ENSG00000166200,1.2689852,1.8992184,1.0,1.0,1
ENSG00000143376,1.2348926,1.0273496,0.9999999,1.0,1
ENSG00000143376,1.2343186,1.0273496,0.9999999,1.0,1
ENSG00000080608,1.2457851,1.5010593,1.0,1.0,1
ENSG00000136240,1.2493771,2.0493731,0.9999999,1.0,1
ENSG00000136240,1.249477,2.0493731,0.9999999,1.0,1
ENSG00000136240,1.2496154,2.0493731,0.9999999,0.79676974,1
ENSG00000161202,1.2363802,1.2805784,0.9999999,1.0,1
ENSG00000166595,1.2861196,2.0856116,1.0,1.0,1
ENSG00000169592,1.3000172,1.2695129,1.0,1.0,1
ENSG00000169592,1.3004018,1.2695129,1.0,1.0,1
ENSG00000169592,1.3007715,1.2695129,1.0,0.79858655,1
ENSG00000169592,1.2998573,1.2695129,1.0,0.5403226,1
ENSG00000169592,1.3004472,1.2695129,1.0,0.71244633,1
ENSG00000111644,1.179166,1.218798,0.9999999,1.0,1
ENSG00000129636,1.2754885,1.7702627,1.0,1.0,1
ENSG00000077585,1.1768337,-0.6777807,0.9999999,1.0,1
ENSG00000174705,1.1638781,-0.82390875,0.9999999,1.0,1
ENSG00000204209,1.2600518,1.3378584,0.9999999,1.0,1
ENSG00000204209,1.2602249,1.3378584,0.9999999,1.0,1
ENSG00000204209,1.2600989,1.3378584,0.9999999,1.0,1
ENSG00000204209,1.2602441,1.3378584,0.9999999,1.0,1
ENSG00000116539,1.2486368,1.1436392,1.0,1.0,1
ENSG00000116539,1.2493762,1.1436392,1.0,1.0,1
ENSG00000115112,1.1947893,-0.45593196,0.9999999,1.0,1
ENSG00000124116,1.241715,-0.88605666,0.9999999,1.0,1
ENSG00000124116,1.2422451,-0.88605666,0.9999999,1.0,1
ENSG00000096070,1.2335815,0.8444772,0.9999999,1.0,1
ENSG00000101266,1.2757615,1.993965,1.0,1.0,1
ENSG00000101266,1.2757195,1.993965,1.0,0.96609193,1
ENSG00000101266,1.2756642,1.993965,0.9999999,0.41293532,1
ENSG00000101266,1.2766155,1.993965,1.0,0.8958333,1
ENSG00000041802,1.2576811,1.6168954,0.9999999,1.0,1
ENSG00000041802,1.257409,1.6168954,0.9999999,1.0,1
ENSG00000198874,1.2302924,1.2221961,0.9999999,1.0,1
ENSG00000198874,1.2302036,1.2221961,0.9999999,1.0,1
ENSG00000198874,1.2296749,1.2221961,0.9999999,0.9456119,1
ENSG00000250264,1.228249,-0.4089354,0.9999999,1.0,1
ENSG00000204628,1.3079841,3.5796716,1.0,1.0,1
ENSG00000204628,1.3081857,3.5796716,1.0,1.0,1
ENSG00000119772,1.1676892,0.5693739,0.9999999,1.0,1
ENSG00000119772,1.1697334,0.5693739,0.9999999,1.0,1
ENSG00000119772,1.1678904,0.5693739,0.9999999,0.01438849,1
ENSG00000085231,1.2996333,1.9846623,1.0,1.0,1
ENSG00000085231,1.2994593,1.9846623,1.0,1.0,1
ENSG00000085231,1.2975476,1.9846623,1.0,1.0,1
ENSG00000188211,1.1870576,1.2657609,0.9999999,1.0,1
ENSG00000188211,1.1867777,1.2657609,0.9999999,1.0,1
ENSG00000174953,1.2524899,1.852602,1.0,1.0,1
ENSG00000174953,1.2504482,1.852602,1.0,0.9505882,1
ENSG00000174953,1.2500073,1.852602,1.0,0.7565558,1
ENSG00000163539,1.2670968,1.7298125,1.0,1.0,1
ENSG00000162851,1.2679331,1.6788824,0.9999999,1.0,1
ENSG00000204130,1.2658093,1.0232525,1.0,1.0,1
ENSG00000204130,1.2649814,1.0232525,1.0,1.0,1
ENSG00000182871,1.2011956,0.9375179,0.9999999,1.0,1
ENSG00000169689,1.3062724,2.1456003,1.0,1.0,1
ENSG00000169689,1.306587,2.1456003,1.0,1.0,1
ENSG00000169689,1.3062313,2.1456003,1.0,1.0,1
ENSG00000169689,1.3065883,2.1456003,1.0,1.0,1
ENSG00000169689,1.3062326,2.1456003,1.0,1.0,1
ENSG00000169689,1.3068639,2.1456003,1.0,1.0,1
ENSG00000169689,1.3068639,2.1456003,1.0,1.0,1
ENSG00000169689,1.3069174,2.1456003,1.0,1.0,1
ENSG00000169689,1.3063146,2.1456003,1.0,0.16596736,1
ENSG00000169689,1.3065115,2.1456003,1.0,0.70225513,1
ENSG00000182670,1.273543,1.6168954,1.0,1.0,1
ENSG00000182670,1.2746737,1.6168954,1.0,0.7588235,1
ENSG00000137692,1.2765983,2.011232,1.0,1.0,1
ENSG00000137692,1.2743131,2.011232,1.0,1.0,1
ENSG00000164332,1.2816967,1.2669369,1.0,1.0,1
ENSG00000164332,1.2857167,1.2669369,1.0,1.0,1
ENSG00000168818,1.2639017,1.2655253,0.9999999,1.0,1
ENSG00000136521,1.2982233,1.9242793,1.0,1.0,1
ENSG00000136521,1.29752,1.9242793,1.0,0.94213504,1
ENSG00000136521,1.2991575,1.9242793,1.0,0.96137625,1
ENSG00000136521,1.29854,1.9242793,1.0,0.5506329,1
ENSG00000136521,1.2963039,1.9242793,1.0,0.99719924,1
ENSG00000164362,1.1694285,0.24551266,0.9999999,1.0,1
ENSG00000186642,1.191208,0.8954225,0.9999999,1.0,1
ENSG00000134765,1.1652684,-0.9586073,0.9999999,1.0,1
ENSG00000134765,1.1701466,-0.9586073,0.9999999,1.0,1
ENSG00000134765,1.1700195,-0.9586073,0.9999999,1.0,1
ENSG00000134765,1.1676913,-0.9586073,0.9999999,1.0,1
ENSG00000134765,1.1662799,-0.9586073,0.9999999,1.0,1
ENSG00000134765,1.1679472,-0.9586073,0.9999999,1.0,1
ENSG00000107821,1.2221566,0.6364879,0.9999999,1.0,1
ENSG00000107821,1.2213103,0.6364879,0.9999999,1.0,1
ENSG00000107821,1.220404,0.6364879,0.9999999,1.0,1
ENSG00000168026,1.2388226,-0.10237291,0.9999999,1.0,1
ENSG00000168026,1.2388226,-0.10237291,0.9999999,1.0,1
ENSG00000118514,1.1715044,-0.85387194,0.9999999,1.0,1
ENSG00000118514,1.1709983,-0.85387194,0.9999999,1.0,1
ENSG00000118514,1.170126,-0.85387194,0.9999999,1.0,1
ENSG00000010030,1.1817803,-0.88605666,0.9999999,1.0,1
ENSG00000010030,1.181722,-0.88605666,0.9999999,1.0,1
ENSG00000122068,1.251526,1.6681995,0.9999999,1.0,1
ENSG00000139370,1.2330062,1.2070955,1.0,1.0,1
ENSG00000139370,1.2324656,1.2070955,1.0,0.65,1
ENSG00000106105,1.2804719,2.6020164,1.0,1.0,1
ENSG00000143162,1.2621756,2.3299265,0.9999999,1.0,1
ENSG00000143162,1.2613348,2.3299265,0.9999999,1.0,1
ENSG00000168906,1.2919713,2.8064716,1.0,1.0,1
ENSG00000087074,1.2471327,1.5919546,0.9999999,1.0,1
ENSG00000132510,1.1600971,-0.20760831,0.9999999,1.0,1
ENSG00000168502,1.2151887,0.9652017,0.9999999,1.0,1
ENSG00000131711,1.1911207,0.72181064,0.9999999,1.0,1
ENSG00000099795,1.2477378,2.1148777,0.9999999,1.0,1
ENSG00000067836,1.2801338,1.1065309,1.0,1.0,1
ENSG00000067836,1.2800673,1.1065309,1.0,1.0,1
ENSG00000067836,1.2818905,1.1065309,1.0,1.0,1
ENSG00000067836,1.2820543,1.1065309,1.0,1.0,1
ENSG00000067836,1.2823572,1.1065309,1.0,1.0,1
ENSG00000067836,1.2812649,1.1065309,1.0,1.0,1
ENSG00000067836,1.2811806,1.1065309,1.0,1.0,1
ENSG00000067836,1.2810141,1.1065309,1.0,0.4239766,1
ENSG00000125148,1.270587,1.1746413,0.9999999,1.0,1
ENSG00000125148,1.2707579,1.1746413,0.9999999,1.0,1
ENSG00000116852,1.2028286,0.9642596,0.9999999,1.0,1
ENSG00000116852,1.2039708,0.9642596,0.9999999,0.24565469,1
ENSG00000126010,1.1633748,-0.79588,0.9999999,1.0,1
ENSG00000107954,1.1546721,-0.5850267,0.9999999,1.0,1
ENSG00000107954,1.1549451,-0.5850267,0.9999999,1.0,1
ENSG00000107954,1.1549314,-0.5850267,0.9999999,1.0,1
ENSG00000107954,1.1540512,-0.5850267,0.9999999,1.0,1
ENSG00000244115,1.2511827,0.76192784,0.9999999,1.0,1
ENSG00000180776,1.2390751,1.0707765,0.9999999,1.0,1
ENSG00000180776,1.245967,1.0707765,1.0,1.0,1
ENSG00000180776,1.2436181,1.0707765,0.9999999,1.0,1
ENSG00000180776,1.2432353,1.0707765,1.0,0.6478261,1
ENSG00000180776,1.2436789,1.0707765,0.9999999,0.8610635,1
ENSG00000105258,1.3070699,1.3558345,1.0,1.0,1
ENSG00000105258,1.3071767,1.3558345,1.0,0.9340021,1
ENSG00000179750,1.2199591,1.3467441,0.9999999,1.0,1
ENSG00000179750,1.220769,1.3467441,0.9999999,1.0,1
ENSG00000130669,1.2492613,0.85733247,0.9999999,1.0,1
ENSG00000130669,1.2492613,0.85733247,0.9999999,1.0,1
ENSG00000130669,1.2477394,0.85733247,0.9999999,1.0,1
ENSG00000130669,1.2478625,0.85733247,0.9999999,1.0,1
ENSG00000130669,1.247963,0.85733247,0.9999999,1.0,1
ENSG00000130669,1.2483244,0.85733247,0.9999999,0.040650405,1
ENSG00000130669,1.248058,0.85733247,0.9999999,0.4262561,1
ENSG00000130669,1.2482675,0.85733247,0.9999999,0.014981274,1
ENSG00000130669,1.2483045,0.85733247,0.9999999,0.5818584,1
ENSG00000130669,1.248321,0.85733247,0.9999999,0.49329758,1
ENSG00000138231,1.2076789,0.8785218,0.9999999,1.0,1
ENSG00000140983,1.2421438,2.0492957,0.9999999,1.0,1
ENSG00000140983,1.242376,2.0492957,0.9999999,1.0,1
ENSG00000140983,1.2425145,2.0492957,0.9999999,1.0,1
ENSG00000140983,1.2418464,2.0492957,0.9999999,0.91107047,1
ENSG00000102606,1.2416309,1.209783,0.9999999,0.96676165,1
ENSG00000102606,1.2439039,1.209783,0.9999999,0.96704334,1
ENSG00000102606,1.2426952,1.209783,0.9999999,0.9721116,1
ENSG00000151229,1.2136936,0.770852,0.9999999,1.0,1
ENSG00000151229,1.216139,0.770852,0.9999999,1.0,1
ENSG00000114904,1.2190342,1.1312978,0.9999999,1.0,1
ENSG00000114904,1.2182039,1.1312978,0.9999999,0.1672355,1
ENSG00000114904,1.2192792,1.1312978,0.9999999,0.2738496,1
ENSG00000114904,1.2184293,1.1312978,0.9999999,1.0,1
ENSG00000014216,1.2727805,1.892039,0.9999999,1.0,1
ENSG00000014216,1.2729576,1.892039,0.9999999,1.0,1
ENSG00000100994,1.2210579,0.7979596,0.9999999,1.0,1
ENSG00000162511,1.2196373,2.2565975,0.9999999,1.0,1
ENSG00000162511,1.2194682,2.2565975,0.9999999,1.0,1
ENSG00000162511,1.2200258,2.2565975,0.9999999,1.0,1
ENSG00000151327,1.2591263,1.4149734,1.0,1.0,1
ENSG00000151327,1.2574466,1.4149734,1.0,1.0,1
ENSG00000117118,1.3010958,2.5982213,1.0,1.0,1
ENSG00000117118,1.300574,2.5982213,1.0,1.0,1
ENSG00000160446,1.28428,1.1928461,0.9999999,1.0,1
ENSG00000160446,1.2854955,1.1928461,0.9999999,1.0,1
ENSG00000160446,1.2863262,1.1928461,0.9999999,1.0,1
ENSG00000213760,1.2112881,0.053078443,0.9999999,1.0,1
ENSG00000186026,1.1895546,-0.85387194,0.9999999,1.0,1
ENSG00000186026,1.1907362,-0.85387194,0.9999999,1.0,1
ENSG00000257727,1.2956496,2.1634,1.0,1.0,1
ENSG00000120992,1.2932252,2.2266772,1.0,1.0,1
ENSG00000120992,1.2935413,2.2266772,1.0,0.97512,1
ENSG00000120992,1.2932416,2.2266772,1.0,0.9656365,1
ENSG00000101298,1.1768936,0.041392684,0.9999999,1.0,1
ENSG00000101298,1.1771195,0.041392684,0.9999999,1.0,1
ENSG00000006638,1.2150437,0.4756712,0.9999999,1.0,1
ENSG00000127948,1.2538959,1.5260807,0.9999999,1.0,1
ENSG00000108523,1.2715955,1.5856863,0.9999999,1.0,1
ENSG00000154845,1.2486511,2.0187838,0.9999999,1.0,1
ENSG00000164953,1.208906,0.7242759,0.9999999,1.0,1
ENSG00000164953,1.207872,0.7242759,0.9999999,0.019736841,1
ENSG00000104856,1.2254263,-0.49485,0.9999999,1.0,1
ENSG00000104856,1.2245599,-0.49485,0.9999999,1.0,1
ENSG00000104856,1.2249999,-0.49485,0.9999999,1.0,1
ENSG00000121039,1.2532233,1.6543691,0.9999999,1.0,1
ENSG00000121039,1.253487,1.6543691,0.9999999,1.0,1
ENSG00000130827,1.1975642,1.2307043,0.9999999,1.0,1
ENSG00000143772,1.1465901,-0.9586073,0.99999976,1.0,1
ENSG00000189007,1.2922329,1.6336704,1.0,1.0,1
ENSG00000101745,1.2381806,0.95085144,1.0,1.0,1
ENSG00000101745,1.2386388,0.95085144,1.0,0.34153005,1
ENSG00000101745,1.2382479,0.95085144,1.0,0.0076190475,1
ENSG00000172661,1.2110186,1.1841234,1.0,1.0,1
ENSG00000172661,1.2092327,1.1841234,1.0,0.9814385,1
ENSG00000172661,1.2084378,1.1841234,1.0,0.9814385,1
ENSG00000172661,1.2091125,1.1841234,1.0,0.96171695,1
ENSG00000172361,1.1684687,0.1818436,0.9999999,1.0,1
ENSG00000173545,1.238645,1.1925675,0.9999999,1.0,1
ENSG00000204560,1.230079,1.590619,0.9999999,1.0,1
ENSG00000204560,1.2301661,1.590619,0.9999999,1.0,1
ENSG00000182134,1.2486314,1.1812718,0.9999999,1.0,1
ENSG00000038427,1.146777,-0.7695511,0.9999999,1.0,1
ENSG00000048342,1.1864449,-0.56863624,0.9999999,1.0,1
ENSG00000100220,1.2193376,2.022717,0.9999999,1.0,1
ENSG00000078401,1.1938947,-0.92081875,0.9999999,1.0,1
ENSG00000078401,1.1909153,-0.92081875,0.9999999,1.0,1
ENSG00000078401,1.191927,-0.92081875,0.9999999,1.0,1
ENSG00000171992,1.1500531,-0.92081875,0.99999976,1.0,1
ENSG00000166199,1.22306,1.3346548,0.9999999,1.0,1
ENSG00000166199,1.2222409,1.3346548,0.9999999,0.5040577,1
ENSG00000166199,1.2235614,1.3346548,0.9999999,0.050086357,1
ENSG00000078070,1.2615228,1.2619762,0.9999999,1.0,1
ENSG00000078070,1.2607766,1.2619762,0.9999999,0.99211645,1
ENSG00000078070,1.2611227,1.2619762,0.9999999,0.020359281,1
ENSG00000078070,1.2621531,1.2619762,0.9999999,0.97979796,1
ENSG00000078070,1.2598555,1.2619762,0.9999999,0.9407186,1
ENSG00000078070,1.2609737,1.2619762,0.9999999,0.9219219,1
ENSG00000122545,1.2806976,2.1290774,1.0,1.0,1
ENSG00000122545,1.2817259,2.1290774,1.0,0.91087264,1
ENSG00000154309,1.1658496,-0.9586073,0.9999999,1.0,1
ENSG00000154309,1.1659797,-0.9586073,0.9999999,1.0,1
ENSG00000154309,1.1623424,-0.9586073,0.9999999,1.0,1
ENSG00000154309,1.1626387,-0.9586073,0.9999999,1.0,1
ENSG00000152804,1.2233373,1.7580788,0.9999999,1.0,1
ENSG00000152804,1.2223918,1.7580788,0.9999999,1.0,1
ENSG00000152804,1.222387,1.7580788,0.9999999,1.0,1
ENSG00000120438,1.286744,2.3746018,1.0,1.0,1
ENSG00000120438,1.2877533,2.3746018,1.0,1.0,1
ENSG00000243696,1.2254809,-0.82390875,0.9999999,1.0,1
ENSG00000143761,1.2916449,2.579852,1.0,1.0,1
ENSG00000143761,1.2916449,2.579852,1.0,1.0,1
ENSG00000143761,1.2916449,2.579852,1.0,1.0,1
ENSG00000143761,1.2911178,2.579852,1.0,1.0,1
ENSG00000143761,1.291066,2.579852,1.0,1.0,1
ENSG00000121774,1.2769495,1.6328621,1.0,1.0,1
ENSG00000121774,1.2773553,1.6328621,1.0,1.0,1
ENSG00000121774,1.2773626,1.6328621,1.0,0.98903704,1
ENSG00000136709,1.2543868,1.6395861,0.9999999,1.0,1
ENSG00000124380,1.2608708,1.6141587,0.9999999,1.0,1
ENSG00000124380,1.262171,1.6141587,0.9999999,1.0,1
ENSG00000124380,1.2614282,1.6141587,0.9999999,1.0,1
ENSG00000124380,1.2609389,1.6141587,0.9999999,1.0,1
ENSG00000124380,1.2609552,1.6141587,0.9999999,1.0,1
ENSG00000072110,1.2408732,1.5101427,0.9999999,1.0,1
ENSG00000072110,1.2410837,1.5101427,0.9999999,1.0,1
ENSG00000072110,1.2406918,1.5101427,0.9999999,0.002302821,1
ENSG00000115091,1.28259,2.369976,1.0,1.0,1
ENSG00000115091,1.2824507,2.369976,1.0,1.0,1
ENSG00000112874,1.2260867,1.267641,0.9999999,1.0,1
ENSG00000112874,1.2247497,1.267641,0.9999999,1.0,1
ENSG00000179409,1.2152628,1.1351327,0.9999999,1.0,1
ENSG00000179409,1.2146411,1.1351327,0.9999999,0.13535589,1
ENSG00000114744,1.2252679,1.6238693,0.9999999,1.0,1
ENSG00000114744,1.2245424,1.6238693,0.9999999,0.08241618,1
ENSG00000072518,1.2616876,1.0937718,0.9999999,1.0,1
ENSG00000072518,1.2622125,1.0937718,0.9999999,0.2464403,1
ENSG00000072518,1.2622901,1.0937718,0.9999999,0.1588367,1
ENSG00000072518,1.2624155,1.0937718,0.9999999,0.98558325,1
ENSG00000072518,1.2624155,1.0937718,0.9999999,0.94666666,1
ENSG00000143970,1.2314192,1.1061909,0.9999999,1.0,1
ENSG00000156587,1.2075216,0.6608655,0.9999999,1.0,1
ENSG00000140795,1.1811109,0.5289167,0.9999999,1.0,1
ENSG00000140795,1.1819872,0.5289167,0.9999999,1.0,1
ENSG00000140795,1.1820914,0.5289167,0.9999999,1.0,1
ENSG00000159208,1.1732633,-0.61978877,0.9999999,1.0,1
ENSG00000196646,1.2265825,0.4756712,0.9999999,1.0,1
ENSG00000196646,1.2247475,0.4756712,0.9999999,0.86742425,1
ENSG00000197601,1.2457782,1.8058405,1.0,1.0,1
ENSG00000197601,1.2468934,1.8058405,1.0,1.0,1
ENSG00000130479,1.1856693,0.9863238,0.9999999,1.0,1
ENSG00000157992,1.2028772,0.1271048,0.9999999,1.0,1
ENSG00000188290,1.2571751,0.8095597,0.9999999,1.0,1
ENSG00000188290,1.2570513,0.8095597,0.9999999,1.0,1
ENSG00000115942,1.2718804,1.1283993,1.0,1.0,1
ENSG00000158286,1.2348086,1.0549959,0.9999999,1.0,1
ENSG00000158286,1.2346305,1.0549959,0.9999999,1.0,1
ENSG00000158286,1.2355798,1.0549959,0.9999999,1.0,1
ENSG00000158286,1.2353827,1.0549959,0.9999999,1.0,1
ENSG00000158286,1.2356662,1.0549959,0.9999999,1.0,1
ENSG00000158286,1.2351953,1.0549959,0.9999999,1.0,1
ENSG00000158286,1.2352682,1.0549959,0.9999999,1.0,1
ENSG00000158286,1.2355717,1.0549959,0.9999999,1.0,1
ENSG00000158286,1.2362878,1.0549959,0.9999999,1.0,1
ENSG00000118162,1.2886521,0.9068735,1.0,1.0,1
ENSG00000100014,1.2237972,1.069668,0.9999999,1.0,1
ENSG00000100014,1.2237972,1.069668,0.9999999,1.0,1
ENSG00000100014,1.2235631,1.069668,0.9999999,0.37892377,1
ENSG00000100014,1.224832,1.069668,0.9999999,0.99327356,1
ENSG00000058668,1.2537274,1.4884096,0.9999999,1.0,1
ENSG00000058668,1.2540883,1.4884096,0.9999999,0.55417407,1
ENSG00000095261,1.3004812,2.0013442,1.0,1.0,1
ENSG00000095261,1.3002547,2.0013442,1.0,0.9946043,1
ENSG00000095261,1.3005841,2.0013442,1.0,0.9989041,1
ENSG00000153201,1.2084463,1.3047059,0.9999999,1.0,1
ENSG00000143190,1.26288,1.0433623,1.0,1.0,1
ENSG00000143190,1.2629502,1.0433623,1.0,1.0,1
ENSG00000143190,1.2622093,1.0433623,1.0,0.07692308,1
ENSG00000143190,1.2637119,1.0433623,1.0,0.18552037,1
ENSG00000143190,1.262031,1.0433623,1.0,0.06355932,1
ENSG00000143190,1.2630076,1.0433623,1.0,0.9836956,1
ENSG00000143190,1.2629963,1.0433623,1.0,0.008156607,1
ENSG00000165943,1.2025937,0.9934362,0.9999999,1.0,1
ENSG00000130300,1.1784476,-0.17392519,0.9999999,1.0,1
ENSG00000130300,1.1790371,-0.17392519,0.9999999,1.0,1
ENSG00000171502,1.191489,-0.88605666,1.0,1.0,1
ENSG00000171502,1.1887461,-0.88605666,1.0,1.0,1
ENSG00000171502,1.1827164,-0.88605666,1.0,1.0,1
ENSG00000178127,1.30974,2.567344,1.0,1.0,1
ENSG00000102974,1.2389041,1.3344537,0.9999999,1.0,1
ENSG00000142733,1.2518984,0.85248,1.0,1.0,1
ENSG00000142733,1.2513515,0.85248,1.0,1.0,1
ENSG00000021574,1.2689235,1.024075,1.0,1.0,1
ENSG00000021574,1.2705399,1.024075,1.0,1.0,1
ENSG00000021574,1.2699031,1.024075,1.0,1.0,1
ENSG00000021574,1.2678667,1.024075,1.0,1.0,1
ENSG00000104228,1.2602332,0.78675145,0.9999999,1.0,1
ENSG00000104228,1.2594428,0.78675145,0.9999999,0.93773586,1
ENSG00000104228,1.2595503,0.78675145,0.9999999,0.94210523,1
ENSG00000103740,1.1652822,0.12385164,0.9999999,1.0,1
ENSG00000101004,1.1639152,-0.88605666,0.9999999,1.0,1
ENSG00000101004,1.1632379,-0.88605666,0.9999999,1.0,1
ENSG00000101004,1.162764,-0.88605666,0.9999999,1.0,1
ENSG00000101004,1.1621089,-0.88605666,0.9999999,1.0,1
ENSG00000004779,1.2622402,2.3464704,0.9999999,1.0,1
ENSG00000004779,1.2622402,2.3464704,0.9999999,1.0,1
ENSG00000004779,1.2628394,2.3464704,0.9999999,0.99628437,1
ENSG00000106948,1.1588734,0.2966652,0.9999999,1.0,1
ENSG00000106948,1.1580262,0.2966652,0.9999999,0.025423728,1
ENSG00000064652,1.2546012,0.5899496,0.9999999,1.0,1
ENSG00000064652,1.2547656,0.5899496,0.9999999,0.0,1
ENSG00000196705,1.2045281,1.357363,0.9999999,1.0,1
ENSG00000164252,1.2223955,1.1649474,0.9999999,1.0,1
ENSG00000162461,1.1818811,-0.48148605,0.9999999,1.0,1
ENSG00000178934,1.1968518,-0.88605666,0.9999999,1.0,1
ENSG00000178934,1.1978595,-0.88605666,0.9999999,1.0,1
ENSG00000101347,1.2641579,1.0326188,1.0,1.0,1
ENSG00000101347,1.2628495,1.0326188,1.0,1.0,1
ENSG00000137509,1.246597,1.5153439,0.9999999,1.0,1
ENSG00000137509,1.2488471,1.5153439,1.0,0.8664098,1
ENSG00000187997,1.2438304,1.1034616,0.9999999,1.0,1
ENSG00000187997,1.2441543,1.1034616,0.9999999,1.0,1
ENSG00000187997,1.2436498,1.1034616,0.9999999,1.0,1
ENSG00000187997,1.2437781,1.1034616,0.9999999,1.0,1
ENSG00000108469,1.2501119,1.1583625,0.9999999,1.0,1
ENSG00000093183,1.278894,1.6953065,1.0,1.0,1
ENSG00000093183,1.2804066,1.6953065,1.0,0.9790672,1
ENSG00000093183,1.2801005,1.6953065,1.0,0.035368804,1
ENSG00000104388,1.2791187,1.8533331,1.0,1.0,1
ENSG00000104388,1.2794491,1.8533331,1.0,1.0,1
ENSG00000104388,1.2817724,1.8533331,1.0,1.0,1
ENSG00000104388,1.2817724,1.8533331,1.0,1.0,1
ENSG00000104388,1.2800802,1.8533331,1.0,0.9982266,1
ENSG00000104388,1.2800468,1.8533331,1.0,0.27738473,1
ENSG00000146587,1.2055771,0.9106244,0.9999999,1.0,1
ENSG00000091542,1.250391,1.6127839,0.9999999,1.0,1
ENSG00000198522,1.2555081,1.8420473,0.9999999,1.0,1
ENSG00000160326,1.1903849,-0.65757734,0.9999999,1.0,1
ENSG00000167850,1.1821569,-0.92081875,0.9999999,1.0,1
ENSG00000066294,1.2135803,0.5831988,0.9999999,1.0,1
ENSG00000066294,1.216384,0.5831988,0.9999999,0.8632075,1
ENSG00000066294,1.2156407,0.5831988,0.9999999,0.0,1
ENSG00000066294,1.2150419,0.5831988,0.9999999,0.90697676,1
ENSG00000163568,1.2267672,-0.7695511,0.9999999,1.0,1
ENSG00000147419,1.263724,1.2365372,0.9999999,1.0,1
ENSG00000147419,1.2632347,1.2365372,0.9999999,1.0,1
ENSG00000147419,1.2640018,1.2365372,0.9999999,0.99567634,1
ENSG00000147419,1.2631012,1.2365372,0.9999999,0.8380117,1
ENSG00000147419,1.2628725,1.2365372,0.9999999,0.7818713,1
ENSG00000147419,1.2641305,1.2365372,0.9999999,0.054385964,1
ENSG00000170946,1.2420522,1.2477279,1.0,1.0,1
ENSG00000170946,1.2395636,1.2477279,1.0,1.0,1
ENSG00000170946,1.2441529,1.2477279,1.0,0.06075217,1
ENSG00000136235,1.1738167,-0.60206,0.9999999,1.0,1
ENSG00000136235,1.1729076,-0.60206,0.9999999,1.0,1
ENSG00000102003,1.2311263,0.5658478,0.9999999,1.0,1
ENSG00000102003,1.2310816,0.5658478,0.9999999,1.0,1
ENSG00000102003,1.2303609,0.5658478,0.9999999,1.0,1
ENSG00000102003,1.2304417,0.5658478,0.9999999,1.0,1
ENSG00000102003,1.2305158,0.5658478,0.9999999,0.9894366,1
ENSG00000183426,1.1929291,1.4483972,0.9999999,1.0,1
ENSG00000183426,1.19147,1.4483972,0.9999999,0.46980336,1
ENSG00000085185,1.2086965,0.075546965,0.9999999,1.0,1
ENSG00000198793,1.2653202,1.6205524,1.0,1.0,1
ENSG00000114770,1.2643055,1.4752352,1.0,1.0,1
ENSG00000114770,1.266112,1.4752352,1.0,0.8330404,1
ENSG00000148832,1.188667,0.5340261,0.9999999,0.0,1
ENSG00000148832,1.1887482,0.5340261,0.9999999,0.8680556,1
ENSG00000148832,1.1879781,0.5340261,0.9999999,0.9270833,1
ENSG00000131669,1.2230026,0.55145,0.9999999,1.0,1
ENSG00000131669,1.2217547,0.55145,0.9999999,1.0,1
ENSG00000131669,1.2218845,0.55145,0.9999999,0.0,1
ENSG00000197226,1.1845194,1.4976207,0.9999999,1.0,1
ENSG00000197226,1.1841105,1.4976207,0.9999999,1.0,1
ENSG00000197226,1.1858469,1.4976207,0.9999999,1.0,1
ENSG00000197226,1.1837934,1.4976207,0.9999999,0.45565748,1
ENSG00000071537,1.2309068,0.8122447,0.9999999,1.0,1
ENSG00000071537,1.2345437,0.8122447,0.9999999,1.0,1
ENSG00000139291,1.249343,1.1619666,0.9999999,1.0,1
ENSG00000139291,1.2503546,1.1619666,0.9999999,1.0,1
ENSG00000090054,1.2700876,1.8347385,0.9999999,1.0,1
ENSG00000104312,1.2532316,1.2469907,1.0,1.0,1
ENSG00000104312,1.2558051,1.2469907,1.0,0.3451071,1
ENSG00000111012,1.1859285,0.5820634,0.9999999,1.0,1
ENSG00000163950,1.3033167,2.0828571,1.0,1.0,1
ENSG00000163950,1.3046011,2.0828571,1.0,0.97517455,1
ENSG00000163950,1.3031799,2.0828571,1.0,0.11117007,1
ENSG00000177303,1.2078568,0.23552845,0.9999999,1.0,1
ENSG00000177303,1.210527,0.23552845,0.9999999,1.0,1
ENSG00000141337,1.2247814,-0.036212172,0.9999999,1.0,1
ENSG00000141337,1.2253274,-0.036212172,0.9999999,1.0,1
ENSG00000141452,1.2864033,1.361539,1.0,1.0,1
ENSG00000141452,1.2858263,1.361539,1.0,0.93666667,1
ENSG00000166133,1.2359178,0.98677176,0.9999999,1.0,1
ENSG00000213853,1.2071948,0.67486113,0.9999999,1.0,1
ENSG00000213853,1.2076579,0.67486113,0.9999999,1.0,1
ENSG00000100084,1.2770977,1.7835463,1.0,1.0,1
ENSG00000078246,1.2594049,0.98587537,0.9999999,1.0,1
ENSG00000078246,1.2576066,0.98587537,0.9999999,0.9167604,1
ENSG00000078246,1.2574904,0.98587537,0.9999999,0.9943757,1
ENSG00000078246,1.2603163,0.98587537,0.9999999,0.9223847,1
ENSG00000078246,1.2579669,0.98587537,0.9999999,0.9943757,1
ENSG00000196455,1.1971391,1.542701,0.9999999,1.0,1
ENSG00000100722,1.2280415,1.9305925,1.0,1.0,1
ENSG00000100722,1.2284714,1.9305925,1.0,1.0,1
ENSG00000100722,1.2305356,1.9305925,1.0,1.0,1
ENSG00000213967,1.2115933,1.0530784,1.0,1.0,1
ENSG00000213967,1.2143577,1.0530784,1.0,1.0,1
ENSG00000213967,1.2143577,1.0530784,1.0,1.0,1
ENSG00000175697,1.154289,-0.79588,0.9999999,1.0,1
ENSG00000088836,1.1765863,-0.2596373,0.9999999,1.0,1
ENSG00000132793,1.2367485,0.8350561,0.9999999,1.0,1
ENSG00000132793,1.2354435,0.8350561,0.9999999,1.0,1
ENSG00000136143,1.2386683,1.4536241,1.0,1.0,1
ENSG00000110851,1.2141253,1.1945144,0.9999999,1.0,1
ENSG00000078596,1.2376304,1.8047526,1.0,1.0,1
ENSG00000078596,1.2362546,1.8047526,1.0,1.0,1
ENSG00000078596,1.2325586,1.8047526,1.0,0.7400894,1
ENSG00000114859,1.2161463,0.8337844,0.9999999,1.0,1
ENSG00000078369,1.2700933,2.3312044,0.9999999,1.0,1
ENSG00000078369,1.2697672,2.3312044,0.9999999,1.0,1
ENSG00000189050,1.2661725,1.3891661,1.0,1.0,1
ENSG00000189050,1.2661725,1.3891661,1.0,0.26953748,1
ENSG00000070759,1.2018698,0.29003462,0.9999999,1.0,1
ENSG00000070759,1.2022607,0.29003462,0.9999999,1.0,1
ENSG00000070759,1.2027065,0.29003462,0.9999999,0.6342857,1
ENSG00000079950,1.2730871,1.4034637,1.0,1.0,1
ENSG00000079950,1.2699734,1.4034637,1.0,1.0,1
ENSG00000151353,1.317462,1.2979792,1.0,1.0,1
ENSG00000113758,1.2095255,1.4886917,0.9999999,1.0,1
ENSG00000113758,1.2096685,1.4886917,0.9999999,1.0,1
ENSG00000113758,1.2105124,1.4886917,0.9999999,1.0,1
ENSG00000188215,1.2403599,0.3783979,0.9999999,1.0,1
ENSG00000132357,1.208193,0.6414741,0.9999999,1.0,1
ENSG00000172831,1.2461175,1.0546131,0.9999999,1.0,1
ENSG00000197969,1.218665,1.1726029,1.0,1.0,1
ENSG00000153786,1.2784623,1.4949889,0.9999999,1.0,1
ENSG00000153786,1.2776268,1.4949889,0.9999999,1.0,1
ENSG00000153786,1.2781159,1.4949889,0.9999999,0.022058824,1
ENSG00000104731,1.2410079,1.2935835,0.9999999,1.0,1
ENSG00000104731,1.2411565,1.2935835,0.9999999,1.0,1
ENSG00000104731,1.2414795,1.2935835,0.9999999,0.98630136,1
ENSG00000104731,1.2413653,1.2935835,0.9999999,0.8767123,1
ENSG00000171163,1.2908747,1.9259821,1.0,1.0,1
ENSG00000171163,1.2905829,1.9259821,1.0,1.0,1
ENSG00000171163,1.2892139,1.9259821,1.0,1.0,1
ENSG00000171163,1.2888982,1.9259821,1.0,0.9958833,1
ENSG00000171163,1.2891049,1.9259821,1.0,0.9802383,1
ENSG00000173812,1.3295438,2.3517964,1.0,1.0,1
ENSG00000173812,1.3295003,2.3517964,1.0,1.0,1
ENSG00000173812,1.3296648,2.3517964,1.0,0.09003601,1
ENSG00000109762,1.2387232,1.2509077,0.9999999,1.0,1
ENSG00000109762,1.2375876,1.2509077,0.9999999,1.0,1
ENSG00000109762,1.2380766,1.2509077,0.9999999,1.0,1
ENSG00000100211,1.289802,1.1492192,0.9999999,1.0,1
ENSG00000100211,1.2901322,1.1492192,0.9999999,0.16543816,1
ENSG00000108395,1.2605711,1.3508292,1.0,1.0,1
ENSG00000108395,1.2587799,1.3508292,1.0,0.91091955,1
ENSG00000108395,1.2621111,1.3508292,1.0,0.08201058,1
ENSG00000108395,1.2630509,1.3508292,1.0,0.9873016,1
ENSG00000151151,1.2278607,0.26717174,0.9999999,1.0,1
ENSG00000103852,1.17455,0.056904852,0.9999999,1.0,1
ENSG00000101189,1.2796808,1.193681,0.9999999,1.0,1
ENSG00000076108,1.2032821,1.8205298,0.9999999,1.0,1
ENSG00000076108,1.2039245,1.8205298,0.9999999,1.0,1
ENSG00000076108,1.2040302,1.8205298,0.9999999,0.15889744,1
ENSG00000112561,1.2026476,0.41664052,0.9999999,1.0,1
ENSG00000112561,1.2034129,0.41664052,0.9999999,1.0,1
ENSG00000112561,1.2040541,0.41664052,0.9999999,1.0,1
ENSG00000155621,1.2632083,0.845718,1.0,1.0,1
ENSG00000155621,1.2632083,0.845718,1.0,1.0,1
ENSG00000155621,1.2617048,0.845718,1.0,0.86506027,1
ENSG00000163577,1.2692908,1.0595634,0.9999999,1.0,1
ENSG00000163577,1.2705272,1.0595634,0.9999999,1.0,1
ENSG00000182318,1.2391517,0.6273658,0.9999999,1.0,1
ENSG00000214160,1.2717601,1.8798983,0.9999999,1.0,1
ENSG00000214160,1.2714322,1.8798983,0.9999999,1.0,1
ENSG00000214160,1.2715151,1.8798983,0.9999999,1.0,1
ENSG00000214160,1.2715151,1.8798983,0.9999999,0.9729409,1
ENSG00000214160,1.2715151,1.8798983,0.9999999,0.996904,1
ENSG00000149761,1.2645968,1.5317343,0.9999999,1.0,1
ENSG00000149761,1.2637285,1.5317343,0.9999999,1.0,1
ENSG00000188549,1.19279,-0.88605666,0.9999999,1.0,1
ENSG00000163444,1.2902026,2.1554272,1.0,1.0,1
ENSG00000163444,1.2907481,2.1554272,1.0,1.0,1
ENSG00000174099,1.1942278,-0.92081875,0.9999999,1.0,1
ENSG00000025800,1.2667333,1.4874212,0.9999999,1.0,1
ENSG00000025800,1.2674257,1.4874212,0.9999999,1.0,1
ENSG00000203778,1.2381808,1.0472748,0.9999999,1.0,1
ENSG00000203778,1.2366185,1.0472748,0.9999999,1.0,1
ENSG00000171530,1.282031,2.0499156,1.0,1.0,1
ENSG00000171530,1.2814362,2.0499156,1.0,0.995686,1
ENSG00000171530,1.2849852,2.0499156,1.0,0.0067925933,1
ENSG00000198156,1.1675795,-0.65757734,0.9999999,1.0,1
ENSG00000198156,1.16827,-0.65757734,0.9999999,1.0,1
ENSG00000165555,1.1695021,-0.14874165,0.9999999,1.0,1
ENSG00000100228,1.2918204,-0.92081875,1.0,1.0,1
ENSG00000149257,1.2347488,1.8301394,0.9999999,1.0,1
ENSG00000149257,1.2347488,1.8301394,0.9999999,1.0,1
ENSG00000149257,1.234614,1.8301394,0.9999999,1.0,1
ENSG00000149257,1.2347599,1.8301394,0.9999999,0.0038885288,1
ENSG00000166716,1.1980728,0.8518696,0.9999999,1.0,1
ENSG00000106397,1.2918375,1.3176455,1.0,1.0,1
ENSG00000106397,1.2917408,1.3176455,1.0,1.0,1
ENSG00000106397,1.2920657,1.3176455,1.0,1.0,1
ENSG00000106397,1.2919446,1.3176455,1.0,1.0,1
ENSG00000134769,1.1700567,0.045322977,0.9999999,1.0,1
ENSG00000064989,1.1793761,-0.92081875,0.9999999,1.0,1
