,PredExpr,ActualExpr,CellLine,PredPsi,ActualPsi,fold_idx
ENSG00000002016,1.1601801,1.0107238,GM12878,0.7774125,1.0,1
ENSG00000002016,1.0396161,1.0107238,GM12878,0.88022995,1.0,1
ENSG00000002016,1.1490157,1.0107238,GM12878,0.881677,0.208,1
ENSG00000002016,0.9657941,1.0107238,GM12878,0.86874694,0.0,1
ENSG00000003056,1.5117173,1.9407157,GM12878,0.9135318,1.0,1
ENSG00000003056,1.6721525,1.9407157,GM12878,0.91294104,1.0,1
ENSG00000003056,1.6906046,1.9407157,GM12878,0.92014533,1.0,1
ENSG00000003393,1.0816431,1.0102999,GM12878,0.8690124,1.0,1
ENSG00000003393,1.1955369,1.0102999,GM12878,0.9073322,0.00589391,1
ENSG00000003400,1.5536779,1.224274,GM12878,0.89810914,0.929374,1
ENSG00000003400,1.6186064,1.224274,GM12878,0.86740917,0.88451445,1
ENSG00000003402,1.3874162,1.7873896,GM12878,0.71568304,1.0,1
ENSG00000003402,1.2838457,1.7873896,GM12878,0.8088235,1.0,1
ENSG00000003402,1.194897,1.7873896,GM12878,0.7378849,0.026152482,1
ENSG00000003436,1.3277159,2.6872168,GM12878,0.823739,1.0,1
ENSG00000003509,1.4045143,1.4595432,GM12878,0.94245857,1.0,1
ENSG00000003509,1.142089,1.4595432,GM12878,0.8890925,0.9572501,1
ENSG00000004478,1.0569775,1.8022262,GM12878,0.9501112,1.0,1
ENSG00000004700,1.0999198,1.2805784,GM12878,0.8941206,1.0,1
ENSG00000005175,1.4006219,1.506505,GM12878,0.880541,1.0,1
ENSG00000005175,1.4821236,1.506505,GM12878,0.9107206,1.0,1
ENSG00000005175,1.3644419,1.506505,GM12878,0.8376679,1.0,1
ENSG00000005175,1.2861458,1.506505,GM12878,0.91430444,0.75994515,1
ENSG00000005175,1.4850562,1.506505,GM12878,0.8990687,0.41775545,1
ENSG00000005436,1.3934231,1.3756636,GM12878,0.89148283,1.0,1
ENSG00000005436,1.3934231,1.3756636,GM12878,0.89148283,1.0,1
ENSG00000005436,1.3751304,1.3756636,GM12878,0.92445934,0.6383266,1
ENSG00000005436,1.1480207,1.3756636,GM12878,0.8414604,1.0,1
ENSG00000005448,0.1102646,1.0976043,GM12878,0.9857955,1.0,1
ENSG00000005448,-0.0029898137,1.0976043,GM12878,0.983966,0.98672116,1
ENSG00000006607,0.59473073,1.3558345,GM12878,0.87620425,1.0,1
ENSG00000006607,0.92105913,1.3558345,GM12878,0.78706664,1.0,1
ENSG00000006607,0.7818099,1.3558345,GM12878,0.84230894,1.0,1
ENSG00000006831,1.5017747,1.6070259,GM12878,0.91525286,1.0,1
ENSG00000006831,1.5903653,1.6070259,GM12878,0.90951884,1.0,1
ENSG00000008323,-0.24319655,-0.4685211,GM12878,0.99476457,1.0,1
ENSG00000008323,-0.31129116,-0.4685211,GM12878,0.9963923,1.0,1
ENSG00000008394,1.1498301,1.8624295,GM12878,0.8718954,1.0,1
ENSG00000008394,1.0847168,1.8624295,GM12878,0.83419573,0.9928535,1
ENSG00000008394,1.3066549,1.8624295,GM12878,0.90632313,0.002157756,1
ENSG00000008405,1.3235276,1.4427933,GM12878,0.93780756,1.0,1
ENSG00000008869,1.0794882,1.2008505,GM12878,0.9307214,1.0,1
ENSG00000008869,0.8563298,1.2008505,GM12878,0.9137908,1.0,1
ENSG00000008869,1.0011944,1.2008505,GM12878,0.9204861,1.0,1
ENSG00000010219,-0.15461184,1.3230457,GM12878,0.97172755,1.0,1
ENSG00000010219,0.5946429,1.3230457,GM12878,0.8018931,0.037339557,1
ENSG00000010278,-0.39453822,0.84633714,GM12878,0.99433905,1.0,1
ENSG00000010278,-0.43936545,0.84633714,GM12878,0.9943904,0.14880952,1
ENSG00000010292,1.5060301,1.8221027,GM12878,0.923914,1.0,1
ENSG00000010292,1.427644,1.8221027,GM12878,0.9157352,1.0,1
ENSG00000010292,1.7019773,1.8221027,GM12878,0.93189865,1.0,1
ENSG00000010292,1.5330641,1.8221027,GM12878,0.840324,0.75792295,1
ENSG00000010626,1.0907389,0.7671559,GM12878,0.90315855,1.0,1
ENSG00000010626,1.0100261,0.7671559,GM12878,0.9233518,1.0,1
ENSG00000011523,1.2392132,0.7888751,GM12878,0.71269226,1.0,1
ENSG00000011523,1.290691,0.7888751,GM12878,0.9424583,0.095108695,1
ENSG00000011566,1.4597344,1.129045,GM12878,0.81629515,1.0,1
ENSG00000011566,1.5795163,1.129045,GM12878,0.822316,1.0,1
ENSG00000011566,1.2537384,1.129045,GM12878,0.69705606,1.0,1
ENSG00000011566,1.2435546,1.129045,GM12878,0.83649844,1.0,1
ENSG00000012822,0.097552866,1.4377506,GM12878,0.97491974,1.0,1
ENSG00000012822,0.27548733,1.4377506,GM12878,0.9379149,0.9685535,1
ENSG00000013016,-0.6550987,-0.92081875,GM12878,0.9952443,1.0,1
ENSG00000013441,1.5878426,1.877947,GM12878,0.88048357,1.0,1
ENSG00000013441,1.7897096,1.877947,GM12878,0.8642297,1.0,1
ENSG00000013441,1.4589596,1.877947,GM12878,0.8891131,0.34098136,1
ENSG00000013503,1.5120258,0.9020029,GM12878,0.6716856,1.0,1
ENSG00000013503,1.3436396,0.9020029,GM12878,0.8859444,1.0,1
ENSG00000013503,1.0210142,0.9020029,GM12878,0.8974639,1.0,1
ENSG00000013573,0.83293414,1.6029277,GM12878,0.8317863,0.9442283,1
ENSG00000013573,0.9069084,1.6029277,GM12878,0.8767879,0.8894231,1
ENSG00000013588,-0.45829323,-0.69897,GM12878,0.99363303,1.0,1
ENSG00000014641,1.3992835,2.5179346,GM12878,0.91641235,1.0,1
ENSG00000014641,1.3920527,2.5179346,GM12878,0.9095143,0.99506503,1
ENSG00000015153,1.0109982,1.2342641,GM12878,0.7568451,0.0,1
ENSG00000015153,1.1568327,1.2342641,GM12878,0.82511693,0.20512821,1
ENSG00000015153,1.0972568,1.2342641,GM12878,0.7154302,0.18585859,1
ENSG00000015153,1.2690061,1.2342641,GM12878,0.69112355,0.34181508,1
ENSG00000015153,1.0972568,1.2342641,GM12878,0.7154302,0.0,1
ENSG00000015568,1.0833509,0.30535138,GM12878,0.95180655,1.0,1
ENSG00000017427,-0.0137240365,0.5301997,GM12878,0.94920653,1.0,1
ENSG00000017427,-0.0137240365,0.5301997,GM12878,0.94920653,1.0,1
ENSG00000018280,-0.023154557,-0.25181198,GM12878,0.9687857,1.0,1
ENSG00000018510,1.0340128,1.5725231,GM12878,0.88532627,1.0,1
ENSG00000018510,0.9677062,1.5725231,GM12878,0.8970338,1.0,1
ENSG00000018510,1.064304,1.5725231,GM12878,0.9269518,1.0,1
ENSG00000018510,1.026565,1.5725231,GM12878,0.8642627,1.0,1
ENSG00000018510,1.0378182,1.5725231,GM12878,0.9172201,1.0,1
ENSG00000018510,1.1316637,1.5725231,GM12878,0.8581614,1.0,1
ENSG00000018699,1.1796689,1.6684791,GM12878,0.92866194,1.0,1
ENSG00000021574,0.85918486,1.024075,GM12878,0.8835988,1.0,1
ENSG00000021574,0.8447355,1.024075,GM12878,0.9043246,1.0,1
ENSG00000021574,1.1412792,1.024075,GM12878,0.8573116,1.0,1
ENSG00000021574,1.0429511,1.024075,GM12878,0.878031,1.0,1
ENSG00000021826,-0.51162994,0.9973864,GM12878,0.98286635,1.0,1
ENSG00000022840,1.4834256,1.8890775,GM12878,0.91960716,1.0,1
ENSG00000022840,1.6201676,1.8890775,GM12878,0.9262008,1.0,1
ENSG00000022840,1.5384693,1.8890775,GM12878,0.9357269,1.0,1
ENSG00000022840,1.5937144,1.8890775,GM12878,0.9310981,1.0,1
ENSG00000022840,1.4797642,1.8890775,GM12878,0.9383731,1.0,1
ENSG00000023228,1.480217,1.9354569,GM12878,0.8748409,1.0,1
ENSG00000023228,1.3765078,1.9354569,GM12878,0.925465,0.66994554,1
ENSG00000023228,1.3531379,1.9354569,GM12878,0.89391446,0.88380915,1
ENSG00000023697,0.045238912,0.5888317,GM12878,0.8894793,1.0,1
ENSG00000023734,1.3955102,1.9306434,GM12878,0.7737473,1.0,1
ENSG00000023734,1.2150921,1.9306434,GM12878,0.74258673,0.0023739957,1
ENSG00000023734,1.3850228,1.9306434,GM12878,0.7764266,0.9822006,1
ENSG00000028116,1.4893494,1.4935975,GM12878,0.73602057,1.0,1
ENSG00000028116,1.2173634,1.4935975,GM12878,0.75528103,1.0,1
ENSG00000028116,1.1637264,1.4935975,GM12878,0.72574866,1.0,1
ENSG00000028116,1.2375121,1.4935975,GM12878,0.8314429,1.0,1
ENSG00000028116,0.8295257,1.4935975,GM12878,0.7312654,0.0,1
ENSG00000028116,1.0529928,1.4935975,GM12878,0.7474025,0.0,1
ENSG00000028116,1.5310206,1.4935975,GM12878,0.8874626,0.06367535,1
ENSG00000028116,1.0766256,1.4935975,GM12878,0.80204725,0.88485646,1
ENSG00000028116,1.1687354,1.4935975,GM12878,0.7268145,0.045859452,1
ENSG00000028203,1.1662229,1.6555226,GM12878,0.8791837,1.0,1
ENSG00000028203,1.2561048,1.6555226,GM12878,0.71698934,0.8412138,1
ENSG00000028203,1.3266468,1.6555226,GM12878,0.8342768,0.7894737,1
ENSG00000028203,1.3065449,1.6555226,GM12878,0.8613791,0.948542,1
ENSG00000028203,1.0511684,1.6555226,GM12878,0.91035825,0.35714287,1
ENSG00000028203,1.1020157,1.6555226,GM12878,0.8292527,0.0,1
ENSG00000029153,-0.53572667,-0.22914799,GM12878,0.9917806,1.0,1
ENSG00000032389,1.0590143,1.6226285,GM12878,0.9284722,1.0,1
ENSG00000033030,1.5679978,1.3785796,GM12878,0.8883577,1.0,1
ENSG00000033030,1.3652319,1.3785796,GM12878,0.91406465,0.9973082,1
ENSG00000034510,1.4860361,2.497952,GM12878,0.83404994,1.0,1
ENSG00000035115,-0.17577507,0.811575,GM12878,0.9741899,1.0,1
ENSG00000035115,-0.41755632,0.811575,GM12878,0.97132325,0.6007905,1
ENSG00000035115,-0.56172824,0.811575,GM12878,0.9952043,1.0,1
ENSG00000035115,-0.13138378,0.811575,GM12878,0.93390715,0.0042735045,1
ENSG00000035115,-0.55282235,0.811575,GM12878,0.99198276,0.27142859,1
ENSG00000035141,1.3089061,1.8196098,GM12878,0.785578,1.0,1
ENSG00000035141,1.3670161,1.8196098,GM12878,0.75387955,1.0,1
ENSG00000035141,1.3352884,1.8196098,GM12878,0.69381213,0.0066541545,1
ENSG00000036257,1.3819525,1.4462264,GM12878,0.9053192,1.0,1
ENSG00000037897,1.84796,1.5247854,GM12878,0.9203752,1.0,1
ENSG00000037897,1.3776515,1.5247854,GM12878,0.8647714,1.0,1
ENSG00000037897,1.5493326,1.5247854,GM12878,0.83500665,0.23014441,1
ENSG00000040933,0.9492271,1.0366288,GM12878,0.8551495,1.0,1
ENSG00000040933,0.9946809,1.0366288,GM12878,0.71734184,0.10675381,1
ENSG00000042445,1.1001984,1.1417632,GM12878,0.8601938,1.0,1
ENSG00000042445,1.2825518,1.1417632,GM12878,0.858813,1.0,1
ENSG00000042445,1.1200135,1.1417632,GM12878,0.892817,0.6638585,1
ENSG00000042445,1.1381835,1.1417632,GM12878,0.89343077,0.99119496,1
ENSG00000042493,0.69388187,1.725585,GM12878,0.8215535,1.0,1
ENSG00000047621,1.395039,1.0417873,GM12878,0.9246012,1.0,1
ENSG00000047621,1.537048,1.0417873,GM12878,0.9036494,1.0,1
ENSG00000047621,1.3048362,1.0417873,GM12878,0.91272855,1.0,1
ENSG00000048991,1.2006791,1.7825443,GM12878,0.79669297,1.0,1
ENSG00000048991,1.2053602,1.7825443,GM12878,0.8670541,1.0,1
ENSG00000048991,1.253435,1.7825443,GM12878,0.89494663,0.9871293,1
ENSG00000048991,1.070388,1.7825443,GM12878,0.9098635,0.027957622,1
ENSG00000049323,0.068783894,1.04883,GM12878,0.9851423,1.0,1
ENSG00000049323,0.6899375,1.04883,GM12878,0.98000884,1.0,1
ENSG00000050405,1.4276966,1.3907585,GM12878,0.69078803,1.0,1
ENSG00000050405,1.5972242,1.3907585,GM12878,0.69583845,0.0,1
ENSG00000050426,1.646205,2.1715217,GM12878,0.8909755,1.0,1
ENSG00000050426,1.2186887,2.1715217,GM12878,0.91996026,1.0,1
ENSG00000050426,1.6451255,2.1715217,GM12878,0.8970973,1.0,1
ENSG00000050426,1.4737992,2.1715217,GM12878,0.8010736,0.8888889,1
ENSG00000050426,1.4290588,2.1715217,GM12878,0.9136632,0.92021114,1
ENSG00000050426,1.4290588,2.1715217,GM12878,0.9136632,0.063182525,1
ENSG00000050426,1.3897746,2.1715217,GM12878,0.9171055,0.07553957,1
ENSG00000050426,1.6123247,2.1715217,GM12878,0.9185058,0.9354232,1
ENSG00000050438,-0.44014177,-0.33724216,GM12878,0.9924638,1.0,1
ENSG00000051825,1.7362556,1.6564815,GM12878,0.867164,1.0,1
ENSG00000051825,1.5118062,1.6564815,GM12878,0.86126435,0.26948357,1
ENSG00000055044,1.6179426,2.0313277,GM12878,0.919642,1.0,1
ENSG00000055044,1.5215833,2.0313277,GM12878,0.91606313,0.032931123,1
ENSG00000055332,1.092762,0.9934362,GM12878,0.8918459,1.0,1
ENSG00000055332,1.1037612,0.9934362,GM12878,0.9222352,1.0,1
ENSG00000055332,1.0382807,0.9934362,GM12878,0.91256255,0.69730943,1
ENSG00000055917,1.3703233,1.6688516,GM12878,0.91751677,1.0,1
ENSG00000055917,1.4993254,1.6688516,GM12878,0.90715367,1.0,1
ENSG00000055917,1.5177957,1.6688516,GM12878,0.90882164,1.0,1
ENSG00000055917,1.472615,1.6688516,GM12878,0.9090372,0.8681767,1
ENSG00000055917,1.6979635,1.6688516,GM12878,0.892852,0.90764415,1
ENSG00000055917,1.6065181,1.6688516,GM12878,0.8301551,0.14331445,1
ENSG00000057935,1.029007,1.4459155,GM12878,0.7525583,1.0,1
ENSG00000058272,1.2701464,1.5872618,GM12878,0.9024435,1.0,1
ENSG00000058272,1.5954456,1.5872618,GM12878,0.7002469,0.0,1
ENSG00000058272,1.3708569,1.5872618,GM12878,0.8691708,1.0,1
ENSG00000058272,1.6895537,1.5872618,GM12878,0.9025513,0.9219089,1
ENSG00000058272,1.555325,1.5872618,GM12878,0.90140486,0.48738533,1
ENSG00000059728,1.3518977,1.3909351,GM12878,0.9087211,1.0,1
ENSG00000059728,1.3324687,1.3909351,GM12878,0.9266125,1.0,1
ENSG00000059728,1.1420878,1.3909351,GM12878,0.7455117,0.9619565,1
ENSG00000059758,1.3497179,1.2033049,GM12878,0.8915889,1.0,1
ENSG00000059758,1.2970295,1.2033049,GM12878,0.91038954,0.98778194,1
ENSG00000059804,1.4457142,2.4926348,GM12878,0.8580589,1.0,1
ENSG00000060138,1.1463547,1.5975856,GM12878,0.9183667,1.0,1
ENSG00000060138,1.302004,1.5975856,GM12878,0.93110126,1.0,1
ENSG00000060138,1.1463406,1.5975856,GM12878,0.9105113,0.59007204,1
ENSG00000060138,1.2489619,1.5975856,GM12878,0.7420783,0.0,1
ENSG00000060140,0.5427903,-0.4436975,GM12878,0.8999153,1.0,1
ENSG00000060237,1.264534,1.378398,GM12878,0.87652665,1.0,1
ENSG00000060237,1.2004895,1.378398,GM12878,0.9132863,0.0,1
ENSG00000060237,1.3223157,1.378398,GM12878,0.6122604,0.0,1
ENSG00000060982,1.4844229,1.6651118,GM12878,0.90771765,1.0,1
ENSG00000060982,1.4459541,1.6651118,GM12878,0.9084697,0.9716636,1
ENSG00000060982,1.3393013,1.6651118,GM12878,0.8052193,0.9990838,1
ENSG00000061273,1.4032321,1.4109459,GM12878,0.919174,1.0,1
ENSG00000061273,1.279818,1.4109459,GM12878,0.86628646,1.0,1
ENSG00000061273,1.186842,1.4109459,GM12878,0.88890284,0.0,1
ENSG00000061273,1.2175019,1.4109459,GM12878,0.9329056,0.42357275,1
ENSG00000061273,1.2500038,1.4109459,GM12878,0.68237907,1.0,1
ENSG00000061676,1.5372461,2.0211065,GM12878,0.88566774,1.0,1
ENSG00000061936,1.4568374,1.2929204,GM12878,0.9310469,1.0,1
ENSG00000061936,1.652757,1.2929204,GM12878,0.90213734,1.0,1
ENSG00000061936,1.430855,1.2929204,GM12878,0.89044964,1.0,1
ENSG00000061936,1.2904334,1.2929204,GM12878,0.9257092,0.014285714,1
ENSG00000061987,1.2633934,1.2079035,GM12878,0.89137024,1.0,1
ENSG00000061987,1.3840907,1.2079035,GM12878,0.9349646,1.0,1
ENSG00000061987,1.4782045,1.2079035,GM12878,0.7798319,0.12878788,1
ENSG00000061987,1.5563719,1.2079035,GM12878,0.7387412,0.0,1
ENSG00000062485,1.8994422,2.056333,GM12878,0.7565409,1.0,1
ENSG00000062485,1.8994422,2.056333,GM12878,0.7565409,1.0,1
ENSG00000062485,1.8145721,2.056333,GM12878,0.8921365,0.0,1
ENSG00000062485,1.9339006,2.056333,GM12878,0.8455999,0.016642628,1
ENSG00000063046,1.7975123,2.591098,GM12878,0.9120705,1.0,1
ENSG00000063046,1.847899,2.591098,GM12878,0.9049962,1.0,1
ENSG00000063046,1.6058419,2.591098,GM12878,0.8932767,0.9991147,1
ENSG00000063046,1.8928584,2.591098,GM12878,0.89407396,0.7175943,1
ENSG00000063660,0.48134026,-0.5850267,GM12878,0.8662693,1.0,1
ENSG00000063660,0.3105042,-0.5850267,GM12878,0.9676082,1.0,1
ENSG00000064012,1.5486405,1.1000258,GM12878,0.71501875,1.0,1
ENSG00000064012,1.2031927,1.1000258,GM12878,0.7903194,0.0,1
ENSG00000064012,1.2907586,1.1000258,GM12878,0.72993284,0.36689654,1
ENSG00000064012,1.3451862,1.1000258,GM12878,0.740133,0.9888476,1
ENSG00000064102,1.48785,1.7070589,GM12878,0.9138149,1.0,1
ENSG00000064102,1.12448,1.7070589,GM12878,0.8981571,1.0,1
ENSG00000064102,1.6252688,1.7070589,GM12878,0.8889928,1.0,1
ENSG00000064115,1.082896,1.8372726,GM12878,0.83992547,1.0,1
ENSG00000064763,0.8593074,0.920645,GM12878,0.9151325,1.0,1
ENSG00000064933,1.0961331,1.227115,GM12878,0.9348411,1.0,1
ENSG00000064933,1.1160984,1.227115,GM12878,0.9195474,1.0,1
ENSG00000064933,1.0976055,1.227115,GM12878,0.87952715,1.0,1
ENSG00000064933,1.1440709,1.227115,GM12878,0.8758868,0.9388275,1
ENSG00000064933,1.127461,1.227115,GM12878,0.90769565,0.9592183,1
ENSG00000064933,1.4505978,1.227115,GM12878,0.85051024,0.0027777778,1
ENSG00000064933,1.1199614,1.227115,GM12878,0.851338,0.595217,1
ENSG00000064989,0.082445115,-0.92081875,GM12878,0.9284971,1.0,1
ENSG00000065357,0.6658052,0.81954396,GM12878,0.93415594,0.8831169,1
ENSG00000065548,1.4351053,2.1490343,GM12878,0.8917511,1.0,1
ENSG00000065548,1.4920992,2.1490343,GM12878,0.8837022,1.0,1
ENSG00000065548,1.4954381,2.1490343,GM12878,0.90340745,1.0,1
ENSG00000065548,1.421283,2.1490343,GM12878,0.89710385,1.0,1
ENSG00000065548,1.5737644,2.1490343,GM12878,0.90032315,0.27601242,1
ENSG00000065802,1.671002,1.3005955,GM12878,0.93112195,1.0,1
ENSG00000065911,1.5747453,2.3176246,GM12878,0.8909958,1.0,1
ENSG00000065911,1.6060317,2.3176246,GM12878,0.822077,0.15467583,1
ENSG00000065911,1.6136196,2.3176246,GM12878,0.88602364,0.99922943,1
ENSG00000065970,1.413078,0.35793483,GM12878,0.90404826,1.0,1
ENSG00000066084,1.1113422,1.2650537,GM12878,0.9109318,1.0,1
ENSG00000066117,1.4023423,1.6785184,GM12878,0.9284905,1.0,1
ENSG00000066117,1.5755906,1.6785184,GM12878,0.9181287,1.0,1
ENSG00000066117,1.5755906,1.6785184,GM12878,0.9181287,1.0,1
ENSG00000066117,1.5802934,1.6785184,GM12878,0.9425826,0.44461077,1
ENSG00000067066,0.8705975,1.4056878,GM12878,0.90905964,1.0,1
ENSG00000067066,1.3408058,1.4056878,GM12878,0.66053975,0.8678011,1
ENSG00000067066,1.2425935,1.4056878,GM12878,0.87377286,0.009708738,1
ENSG00000067066,0.82867587,1.4056878,GM12878,0.7938323,0.8682635,1
ENSG00000067182,1.3320683,1.351603,GM12878,0.84537363,1.0,1
ENSG00000067182,1.5999713,1.351603,GM12878,0.93048173,0.9922929,1
ENSG00000067182,1.4435622,1.351603,GM12878,0.93678313,0.99613154,1
ENSG00000068024,0.56158423,0.48429984,GM12878,0.9418716,1.0,1
ENSG00000068654,1.6078002,0.9454686,GM12878,0.89717877,1.0,1
ENSG00000068697,1.7714275,2.0860393,GM12878,0.9097343,1.0,1
ENSG00000068697,1.417196,2.0860393,GM12878,0.9113892,1.0,1
ENSG00000068724,0.94404364,0.81491315,GM12878,0.82392585,1.0,1
ENSG00000068724,1.1553193,0.81491315,GM12878,0.8250872,0.018796992,1
ENSG00000068724,1.1607542,0.81491315,GM12878,0.7947061,0.065789476,1
ENSG00000068724,1.0085857,0.81491315,GM12878,0.831814,0.9868914,1
ENSG00000068724,0.95374334,0.81491315,GM12878,0.85603166,0.9580537,1
ENSG00000068724,0.9335872,0.81491315,GM12878,0.8084834,0.0,1
ENSG00000068784,1.4870795,0.94101423,GM12878,0.84293586,1.0,1
ENSG00000068878,1.5459836,1.7384634,GM12878,0.919176,1.0,1
ENSG00000068878,1.4221299,1.7384634,GM12878,0.89299124,0.639196,1
ENSG00000068878,1.6116797,1.7384634,GM12878,0.9210141,0.9855346,1
ENSG00000068912,1.1253223,1.462398,GM12878,0.9013023,1.0,1
ENSG00000068912,1.4239022,1.462398,GM12878,0.9341921,0.8584008,1
ENSG00000069493,0.6837276,0.64836,GM12878,0.9795838,1.0,1
ENSG00000069493,0.20650557,0.64836,GM12878,0.9830177,0.87815124,1
ENSG00000069493,0.99282086,0.64836,GM12878,0.96472776,0.44295302,1
ENSG00000070018,1.3375895,0.89376175,GM12878,0.87429345,1.0,1
ENSG00000070019,-0.5756153,-0.92081875,GM12878,0.98923,1.0,1
ENSG00000070019,-0.51074576,-0.92081875,GM12878,0.98834395,1.0,1
ENSG00000070019,-0.564098,-0.92081875,GM12878,0.98588955,1.0,1
ENSG00000070019,-0.36020997,-0.92081875,GM12878,0.99152523,1.0,1
ENSG00000070961,1.1043794,1.1994809,GM12878,0.92444223,1.0,1
ENSG00000070961,1.2273209,1.1994809,GM12878,0.6985398,1.0,1
ENSG00000070961,1.1963699,1.1994809,GM12878,0.9241683,1.0,1
ENSG00000070961,1.0482185,1.1994809,GM12878,0.88012666,0.97525775,1
ENSG00000071051,1.055562,0.57054293,GM12878,0.8180121,1.0,1
ENSG00000071051,1.0039614,0.57054293,GM12878,0.83933175,0.5444015,1
ENSG00000071054,1.1844289,1.5724069,GM12878,0.91499287,1.0,1
ENSG00000071054,1.2215955,1.5724069,GM12878,0.918187,0.41871583,1
ENSG00000071054,1.4799285,1.5724069,GM12878,0.6041474,0.58128417,1
ENSG00000071054,1.4123707,1.5724069,GM12878,0.88905495,0.38251367,1
ENSG00000071073,0.0063038766,-0.60206,GM12878,0.9404421,1.0,1
ENSG00000071073,-0.54708815,-0.60206,GM12878,0.98870075,1.0,1
ENSG00000071073,-0.1028599,-0.60206,GM12878,0.9654371,1.0,1
ENSG00000071073,-0.40116414,-0.60206,GM12878,0.9809471,1.0,1
ENSG00000071073,0.036905676,-0.60206,GM12878,0.943364,1.0,1
ENSG00000071575,1.0558393,1.2995073,GM12878,0.88577384,1.0,1
ENSG00000071909,-0.5366993,0.21484385,GM12878,0.99170554,1.0,1
ENSG00000071967,1.292751,1.2600714,GM12878,0.9165223,1.0,1
ENSG00000071967,1.1111143,1.2600714,GM12878,0.8769843,1.0,1
ENSG00000071967,1.1111143,1.2600714,GM12878,0.8769843,1.0,1
ENSG00000071967,1.292751,1.2600714,GM12878,0.9165223,0.95373666,1
ENSG00000072135,0.9010794,1.6394864,GM12878,0.79491264,1.0,1
ENSG00000072135,0.953056,1.6394864,GM12878,0.9125921,1.0,1
ENSG00000072135,1.1305757,1.6394864,GM12878,0.8181896,1.0,1
ENSG00000072609,1.0921272,1.4173056,GM12878,0.7946516,1.0,1
ENSG00000072609,1.0799718,1.4173056,GM12878,0.8262185,1.0,1
ENSG00000072609,1.0710449,1.4173056,GM12878,0.7420253,0.067885116,1
ENSG00000072609,1.1859186,1.4173056,GM12878,0.912934,0.51428574,1
ENSG00000072609,1.1116428,1.4173056,GM12878,0.9230382,0.41571194,1
ENSG00000072609,1.2913593,1.4173056,GM12878,0.7252391,0.5989933,1
ENSG00000073060,1.3249686,1.9950645,GM12878,0.93183297,1.0,1
ENSG00000073060,1.2557385,1.9950645,GM12878,0.9278282,0.6875557,1
ENSG00000073060,1.4179667,1.9950645,GM12878,0.7223706,0.02337278,1
ENSG00000073614,1.356518,1.0043213,GM12878,0.90924937,1.0,1
ENSG00000073614,1.1546091,1.0043213,GM12878,0.9008321,1.0,1
ENSG00000073614,1.590055,1.0043213,GM12878,0.8702945,0.07196402,1
ENSG00000074054,1.1518213,0.8756399,GM12878,0.9085698,1.0,1
ENSG00000074054,1.6157179,0.8756399,GM12878,0.8944116,1.0,1
ENSG00000074054,1.601235,0.8756399,GM12878,0.8327358,1.0,1
ENSG00000074582,1.0751455,1.6382896,GM12878,0.7056793,1.0,1
ENSG00000074582,1.2114451,1.6382896,GM12878,0.75380254,0.04265403,1
ENSG00000074582,1.2657346,1.6382896,GM12878,0.74851876,0.012707722,1
ENSG00000074582,1.1184003,1.6382896,GM12878,0.7851035,0.039923955,1
ENSG00000075089,1.2762542,1.8997658,GM12878,0.88880515,1.0,1
ENSG00000075089,1.1687902,1.8997658,GM12878,0.92424864,0.9995011,1
ENSG00000075188,1.3078057,2.2130394,GM12878,0.7917167,1.0,1
ENSG00000075188,1.5334014,2.2130394,GM12878,0.9180626,0.026617851,1
ENSG00000075292,1.3124369,1.8391637,GM12878,0.9044019,1.0,1
ENSG00000075292,1.2428533,1.8391637,GM12878,0.9215399,0.9626697,1
ENSG00000075415,1.3793471,2.5069783,GM12878,0.76499665,1.0,1
ENSG00000075426,0.28045294,-0.34678748,GM12878,0.9424409,1.0,1
ENSG00000075426,0.5591003,-0.34678748,GM12878,0.91585356,1.0,1
ENSG00000075856,2.1040916,1.4109459,GM12878,0.77393645,1.0,1
ENSG00000075856,1.6460934,1.4109459,GM12878,0.87080145,0.9958042,1
ENSG00000075856,1.8675125,1.4109459,GM12878,0.8852169,0.025874127,1
ENSG00000075884,0.6984563,-0.013228266,GM12878,0.9396959,1.0,1
ENSG00000076003,1.4917408,1.9534214,GM12878,0.9195202,1.0,1
ENSG00000076003,1.6180248,1.9534214,GM12878,0.9062352,1.0,1
ENSG00000076067,-0.34329677,0.12057393,GM12878,0.98869544,1.0,1
ENSG00000076108,1.2172918,1.8205298,GM12878,0.9197615,1.0,1
ENSG00000076108,1.5354729,1.8205298,GM12878,0.9329048,1.0,1
ENSG00000076108,1.3070685,1.8205298,GM12878,0.71693075,0.15889744,1
ENSG00000076248,1.2583416,1.2966652,GM12878,0.75722486,1.0,1
ENSG00000076248,1.2075505,1.2966652,GM12878,0.8863789,0.99693567,1
ENSG00000076513,1.3425834,1.5936183,GM12878,0.9101483,1.0,1
ENSG00000076513,1.3425834,1.5936183,GM12878,0.9101483,1.0,1
ENSG00000076513,1.406975,1.5936183,GM12878,0.9132692,1.0,1
ENSG00000076513,1.3616991,1.5936183,GM12878,0.9108503,1.0,1
ENSG00000076513,1.2719107,1.5936183,GM12878,0.928777,0.986946,1
ENSG00000077044,1.0553491,1.1964525,GM12878,0.8920685,1.0,1
ENSG00000077044,0.8891103,1.1964525,GM12878,0.93757594,0.01369863,1
ENSG00000077232,0.8088995,1.5851222,GM12878,0.86701,1.0,1
ENSG00000077232,1.1250712,1.5851222,GM12878,0.91035694,1.0,1
ENSG00000077232,1.352006,1.5851222,GM12878,0.7238861,0.9609848,1
ENSG00000077232,1.2219968,1.5851222,GM12878,0.87947977,0.014757281,1
ENSG00000077232,1.1347598,1.5851222,GM12878,0.82735395,0.03846154,1
ENSG00000077232,0.9872148,1.5851222,GM12878,0.895676,0.08199643,1
ENSG00000077380,1.435874,2.136467,GM12878,0.9179331,1.0,1
ENSG00000077380,1.1989859,2.136467,GM12878,0.75469476,0.0,1
ENSG00000077380,1.2098589,2.136467,GM12878,0.766757,0.0011638433,1
ENSG00000078237,0.26053143,-0.52287877,GM12878,0.855071,1.0,1
ENSG00000078246,1.2380993,0.98587537,GM12878,0.9348376,1.0,1
ENSG00000078246,1.1305221,0.98587537,GM12878,0.9234792,0.9167604,1
ENSG00000078246,1.2850126,0.98587537,GM12878,0.76835203,0.9943757,1
ENSG00000078246,1.0359465,0.98587537,GM12878,0.88702595,0.9223847,1
ENSG00000078246,1.1464016,0.98587537,GM12878,0.82541794,0.9943757,1
ENSG00000079150,0.77748036,1.154424,GM12878,0.9363516,1.0,1
ENSG00000079150,0.99513674,1.154424,GM12878,0.88816327,0.83908045,1
ENSG00000079150,0.84735227,1.154424,GM12878,0.9004948,0.23958333,1
ENSG00000079150,0.77748036,1.154424,GM12878,0.9363516,0.38020834,1
ENSG00000079156,0.57642233,1.1510632,GM12878,0.89654803,1.0,1
ENSG00000079246,1.8192197,2.570823,GM12878,0.89206535,1.0,1
ENSG00000079246,1.511565,2.570823,GM12878,0.9318098,1.0,1
ENSG00000079337,0.17445818,-0.34678748,GM12878,0.98805946,1.0,1
ENSG00000079337,0.16258733,-0.34678748,GM12878,0.98508054,1.0,1
ENSG00000079387,1.638734,1.6055205,GM12878,0.6932993,1.0,1
ENSG00000079387,1.6728151,1.6055205,GM12878,0.92253053,0.29693994,1
ENSG00000079785,1.4963248,2.186589,GM12878,0.87000984,1.0,1
ENSG00000080345,1.4689708,1.4865721,GM12878,0.9268185,1.0,1
ENSG00000080345,1.6129285,1.4865721,GM12878,0.8965073,1.0,1
ENSG00000080345,1.4831588,1.4865721,GM12878,0.90099806,1.0,1
ENSG00000080345,1.5371608,1.4865721,GM12878,0.6557074,0.20479302,1
ENSG00000080345,1.5665027,1.4865721,GM12878,0.86854416,0.6510773,1
ENSG00000080371,1.1598222,0.9375179,GM12878,0.8145589,1.0,1
ENSG00000080371,1.0574181,0.9375179,GM12878,0.7294359,1.0,1
ENSG00000080371,1.0584671,0.9375179,GM12878,0.87122315,1.0,1
ENSG00000081320,1.3663204,0.9375179,GM12878,0.6785327,1.0,1
ENSG00000081320,1.2627683,0.9375179,GM12878,0.9251865,1.0,1
ENSG00000081320,1.2978991,0.9375179,GM12878,0.876697,1.0,1
ENSG00000081760,0.6984943,0.666518,GM12878,0.93333536,1.0,1
ENSG00000081760,0.40628278,0.666518,GM12878,0.934771,1.0,1
ENSG00000081760,0.8233559,0.666518,GM12878,0.93417275,0.10033445,1
ENSG00000081760,0.31577912,0.666518,GM12878,0.94272053,0.83798885,1
ENSG00000082146,0.9090446,1.2352759,GM12878,0.86507314,1.0,1
ENSG00000082146,1.0006679,1.2352759,GM12878,0.8652405,1.0,1
ENSG00000082146,1.0360892,1.2352759,GM12878,0.8435043,1.0,1
ENSG00000082153,1.3567641,2.1173708,GM12878,0.93789595,1.0,1
ENSG00000082258,1.3581417,1.3172274,GM12878,0.82554656,1.0,1
ENSG00000082258,1.632542,1.3172274,GM12878,0.9111002,0.2628012,1
ENSG00000082805,1.1629027,0.33845648,GM12878,0.893465,0.6804734,1
ENSG00000082805,1.029541,0.33845648,GM12878,0.7392943,0.02366864,1
ENSG00000082805,1.0440526,0.33845648,GM12878,0.92458594,1.0,1
ENSG00000082805,1.1419015,0.33845648,GM12878,0.76361924,0.023391813,1
ENSG00000082805,1.110693,0.33845648,GM12878,0.6784564,0.005882353,1
ENSG00000082898,1.5129755,2.331326,GM12878,0.8937594,1.0,1
ENSG00000082898,1.7169151,2.331326,GM12878,0.8962759,1.0,1
ENSG00000082898,1.7309059,2.331326,GM12878,0.88877136,1.0,1
ENSG00000082898,1.3854117,2.331326,GM12878,0.84479177,1.0,1
ENSG00000084090,1.7190409,1.9021118,GM12878,0.75067705,1.0,1
ENSG00000084110,-0.26909858,-0.60206,GM12878,0.9894119,1.0,1
ENSG00000084112,1.1552433,0.4913617,GM12878,0.7763657,1.0,1
ENSG00000084444,0.4520431,0.65513843,GM12878,0.9393655,1.0,1
ENSG00000084463,1.5044898,1.0362295,GM12878,0.9008612,1.0,1
ENSG00000084463,1.2993917,1.0362295,GM12878,0.7961011,1.0,1
ENSG00000084463,1.3543158,1.0362295,GM12878,0.8330817,0.0046425257,1
ENSG00000084676,0.8910605,1.2764618,GM12878,0.91041553,1.0,1
ENSG00000084676,1.1299012,1.2764618,GM12878,0.91072404,1.0,1
ENSG00000084676,0.92682815,1.2764618,GM12878,0.9109681,0.689951,1
ENSG00000084676,1.1853106,1.2764618,GM12878,0.8934193,0.7805582,1
ENSG00000084693,1.4710082,1.5991186,GM12878,0.8931978,1.0,1
ENSG00000084693,1.6928777,1.5991186,GM12878,0.74875176,0.56435645,1
ENSG00000084731,0.41552565,0.42160392,GM12878,0.9351918,1.0,1
ENSG00000084731,0.551731,0.42160392,GM12878,0.921678,1.0,1
ENSG00000084733,1.5183021,1.9852917,GM12878,0.81928414,1.0,1
ENSG00000084733,1.3683313,1.9852917,GM12878,0.94211966,1.0,1
ENSG00000084733,1.4823215,1.9852917,GM12878,0.88957953,1.0,1
ENSG00000084733,1.6645252,1.9852917,GM12878,0.91430324,1.0,1
ENSG00000084754,1.6477993,2.190472,GM12878,0.84345716,1.0,1
ENSG00000084764,1.1947043,1.4965146,GM12878,0.93849486,1.0,1
ENSG00000084774,1.4913435,1.5732198,GM12878,0.9274349,1.0,1
ENSG00000084774,1.2815762,1.5732198,GM12878,0.9340517,0.9823691,1
ENSG00000085449,1.0427563,1.3895204,GM12878,0.86816,1.0,1
ENSG00000085760,1.2514708,1.7431176,GM12878,0.93003386,1.0,1
ENSG00000085760,1.3147427,1.7431176,GM12878,0.9362433,1.0,1
ENSG00000085760,1.3455303,1.7431176,GM12878,0.8090201,0.100053504,1
ENSG00000085978,1.4359902,1.2276297,GM12878,0.8844997,1.0,1
ENSG00000085978,1.4359902,1.2276297,GM12878,0.8844997,1.0,1
ENSG00000085978,1.4913139,1.2276297,GM12878,0.91159815,1.0,1
ENSG00000085978,1.5899892,1.2276297,GM12878,0.7525366,0.2453125,1
ENSG00000085982,1.0676908,1.0881361,GM12878,0.8542689,1.0,1
ENSG00000085982,1.3090954,1.0881361,GM12878,0.8211618,1.0,1
ENSG00000086598,1.3659129,2.15567,GM12878,0.91306466,1.0,1
ENSG00000087338,1.1272366,1.2484637,GM12878,0.919094,1.0,1
ENSG00000087448,0.94645965,0.94151145,GM12878,0.9045791,1.0,1
ENSG00000087470,1.2378049,1.7861123,GM12878,0.7290916,1.0,1
ENSG00000087470,1.2378049,1.7861123,GM12878,0.7290916,1.0,1
ENSG00000087470,1.1689849,1.7861123,GM12878,0.9291573,1.0,1
ENSG00000087470,1.3840463,1.7861123,GM12878,0.8050503,1.0,1
ENSG00000087470,1.2870653,1.7861123,GM12878,0.6264421,0.21595427,1
ENSG00000087470,1.2863021,1.7861123,GM12878,0.9009423,1.0,1
ENSG00000087470,1.417867,1.7861123,GM12878,0.9270737,0.9932165,1
ENSG00000087470,1.069041,1.7861123,GM12878,0.90243423,1.0,1
ENSG00000087470,1.1896653,1.7861123,GM12878,0.852339,0.18685122,1
ENSG00000087470,1.2233545,1.7861123,GM12878,0.8595557,0.27376696,1
ENSG00000087470,1.2614894,1.7861123,GM12878,0.7886962,0.675503,1
ENSG00000087470,1.2757505,1.7861123,GM12878,0.77481484,0.5592635,1
ENSG00000087494,-0.5578494,0.17026171,GM12878,0.97198325,1.0,1
ENSG00000087502,1.3886862,1.5619358,GM12878,0.88502383,1.0,1
ENSG00000088179,1.308562,1.3697723,GM12878,0.7823892,1.0,1
ENSG00000088205,1.5399693,2.0459876,GM12878,0.91081023,1.0,1
ENSG00000088986,1.0841033,2.5452452,GM12878,0.7013942,1.0,1
ENSG00000088986,1.1475463,2.5452452,GM12878,0.7838074,1.0,1
ENSG00000088992,0.9319048,1.2720737,GM12878,0.88923043,1.0,1
ENSG00000088992,0.8669634,1.2720737,GM12878,0.88594,1.0,1
ENSG00000088992,0.9078717,1.2720737,GM12878,0.8938211,0.9531773,1
ENSG00000089022,1.7128936,1.7231271,GM12878,0.8775026,1.0,1
ENSG00000089041,-0.023675956,-0.82390875,GM12878,0.9784344,1.0,1
ENSG00000089053,1.2944641,2.3872297,GM12878,0.9288375,1.0,1
ENSG00000089053,1.6923316,2.3872297,GM12878,0.88715154,0.84344923,1
ENSG00000089060,1.253024,1.2387986,GM12878,0.84980553,1.0,1
ENSG00000089060,1.5128094,1.2387986,GM12878,0.7774772,1.0,1
ENSG00000089060,1.0455811,1.2387986,GM12878,0.83289385,0.022988506,1
ENSG00000089060,1.1704978,1.2387986,GM12878,0.81866705,1.0,1
ENSG00000089094,0.9029974,1.2591158,GM12878,0.84167635,1.0,1
ENSG00000089094,1.0726993,1.2591158,GM12878,0.6374848,1.0,1
ENSG00000089094,0.7959924,1.2591158,GM12878,0.9067153,0.88706565,1
ENSG00000089154,1.7095231,1.7058637,GM12878,0.93467855,1.0,1
ENSG00000089159,0.9461751,1.4581845,GM12878,0.8911154,0.40955952,1
ENSG00000089163,0.85592556,0.35983548,GM12878,0.82869667,1.0,1
ENSG00000089163,0.25286314,0.35983548,GM12878,0.9537029,1.0,1
ENSG00000089220,1.2266405,2.007321,GM12878,0.835792,1.0,1
ENSG00000089220,1.3330569,2.007321,GM12878,0.895544,1.0,1
ENSG00000089234,1.4836445,1.34262,GM12878,0.9156935,1.0,1
ENSG00000089248,1.39716,1.9694159,GM12878,0.9148574,0.88129413,1
ENSG00000089692,-0.08308561,-0.6777807,GM12878,0.97539717,1.0,1
ENSG00000089693,1.3508329,2.1970875,GM12878,0.9105857,1.0,1
ENSG00000089693,1.6858094,2.1970875,GM12878,0.8615748,1.0,1
ENSG00000089818,1.4876297,1.1906118,GM12878,0.8902221,1.0,1
ENSG00000089818,1.8430413,1.1906118,GM12878,0.8931376,0.95894426,1
ENSG00000090376,-0.61759365,-0.92081875,GM12878,0.9944021,1.0,1
ENSG00000090382,0.20537642,1.477266,GM12878,0.937464,1.0,1
ENSG00000090612,0.8222618,0.68663627,GM12878,0.9254594,0.8636364,1
ENSG00000090612,1.0036552,0.68663627,GM12878,0.9216663,0.7702703,1
ENSG00000090612,1.2282662,0.68663627,GM12878,0.90374035,0.34538153,1
ENSG00000090615,1.4592831,1.148911,GM12878,0.91335577,1.0,1
ENSG00000091039,1.297054,1.5323721,GM12878,0.9307623,1.0,1
ENSG00000091039,1.3116074,1.5323721,GM12878,0.8930738,1.0,1
ENSG00000091039,1.3627383,1.5323721,GM12878,0.7192853,0.31226766,1
ENSG00000091106,0.2000452,-0.85387194,GM12878,0.97097564,1.0,1
ENSG00000091106,-0.061629154,-0.85387194,GM12878,0.97319657,1.0,1
ENSG00000091409,-0.7050556,-0.92081875,GM12878,0.99728477,1.0,1
ENSG00000091409,-0.56730676,-0.92081875,GM12878,0.99765056,1.0,1
ENSG00000091428,-0.653761,-0.4089354,GM12878,0.98452604,1.0,1
ENSG00000091428,-0.698359,-0.4089354,GM12878,0.9887733,1.0,1
ENSG00000091436,1.1075568,1.3378584,GM12878,0.79630303,1.0,1
ENSG00000092841,1.3974881,3.0676584,GM12878,0.8408064,1.0,1
ENSG00000092841,1.677458,3.0676584,GM12878,0.8975596,1.0,1
ENSG00000092841,1.6890101,3.0676584,GM12878,0.9126048,1.0,1
ENSG00000092841,1.7302718,3.0676584,GM12878,0.918191,1.0,1
ENSG00000092841,1.8401968,3.0676584,GM12878,0.91425604,1.0,1
ENSG00000092841,1.616559,3.0676584,GM12878,0.88527733,0.9697458,1
ENSG00000092841,1.9339375,3.0676584,GM12878,0.881783,0.07447057,1
ENSG00000094914,1.3442806,1.8744239,GM12878,0.89292765,1.0,1
ENSG00000094914,1.8288709,1.8744239,GM12878,0.8982657,0.97541666,1
ENSG00000094916,1.3629149,1.8588979,GM12878,0.907172,1.0,1
ENSG00000094916,1.8183541,1.8588979,GM12878,0.879767,1.0,1
ENSG00000095002,1.6032393,1.9315088,GM12878,0.9290747,1.0,1
ENSG00000095002,1.4307191,1.9315088,GM12878,0.9119883,1.0,1
ENSG00000102189,1.3302916,0.5965971,GM12878,0.92764986,1.0,1
ENSG00000102189,1.0741665,0.5965971,GM12878,0.8906118,1.0,1
ENSG00000110801,1.721253,1.7159199,GM12878,0.8683404,1.0,1
ENSG00000110801,1.3521297,1.7159199,GM12878,0.9205512,0.52356213,1
ENSG00000110801,1.647945,1.7159199,GM12878,0.751781,0.2872928,1
ENSG00000110841,0.18190852,0.17609125,GM12878,0.9312288,1.0,1
ENSG00000110844,0.44920823,0.587711,GM12878,0.9296176,1.0,1
ENSG00000110844,0.44445089,0.587711,GM12878,0.88185686,1.0,1
ENSG00000110848,1.7408468,1.7195798,GM12878,0.8980911,1.0,1
ENSG00000110848,1.6150126,1.7195798,GM12878,0.9144738,1.0,1
ENSG00000110848,1.5707006,1.7195798,GM12878,0.8905389,1.0,1
ENSG00000110851,1.3403571,1.1945144,GM12878,0.90637594,1.0,1
ENSG00000110852,0.023464456,0.5888317,GM12878,0.9661646,1.0,1
ENSG00000110852,0.028724015,0.5888317,GM12878,0.9752424,1.0,1
ENSG00000110852,-0.073874295,0.5888317,GM12878,0.9451407,0.8680352,1
ENSG00000110871,1.5406237,1.6590601,GM12878,0.85915023,1.0,1
ENSG00000110871,1.5688627,1.6590601,GM12878,0.92243314,0.9988799,1
ENSG00000110871,1.0802815,1.6590601,GM12878,0.86103696,0.04121864,1
ENSG00000110880,1.555362,2.3280737,GM12878,0.9164577,1.0,1
ENSG00000110880,1.611064,2.3280737,GM12878,0.90054536,1.0,1
ENSG00000110881,-0.20103085,0.20951502,GM12878,0.9898689,1.0,1
ENSG00000110888,1.1723766,1.0265332,GM12878,0.79509366,1.0,1
ENSG00000110888,1.2018949,1.0265332,GM12878,0.8952053,1.0,1
ENSG00000110888,1.0998348,1.0265332,GM12878,0.83149904,1.0,1
ENSG00000110888,0.99573374,1.0265332,GM12878,0.8146938,0.25040388,1
ENSG00000110888,1.0969824,1.0265332,GM12878,0.84046525,0.9846154,1
ENSG00000110888,1.1877439,1.0265332,GM12878,0.8781606,0.6297663,1
ENSG00000110888,1.1596433,1.0265332,GM12878,0.86115867,0.3457189,1
ENSG00000110906,1.7188963,1.4665711,GM12878,0.7710999,1.0,1
ENSG00000110906,1.7188963,1.4665711,GM12878,0.7710999,1.0,1
ENSG00000110906,1.29024,1.4665711,GM12878,0.844802,1.0,1
ENSG00000110906,1.4052474,1.4665711,GM12878,0.82603884,1.0,1
ENSG00000110906,1.4052474,1.4665711,GM12878,0.82603884,0.73277557,1
ENSG00000110911,1.6034918,1.6755034,GM12878,0.84992313,1.0,1
ENSG00000110917,1.5994985,1.5609821,GM12878,0.92867047,1.0,1
ENSG00000110917,1.6984552,1.5609821,GM12878,0.9291036,1.0,1
ENSG00000110917,1.7404652,1.5609821,GM12878,0.9121367,1.0,1
ENSG00000110921,1.5657108,1.4432629,GM12878,0.84631974,1.0,1
ENSG00000110921,1.3083112,1.4432629,GM12878,0.8856808,1.0,1
ENSG00000110921,1.6511234,1.4432629,GM12878,0.9331991,0.8910082,1
ENSG00000110921,1.5263728,1.4432629,GM12878,0.88725805,0.8161889,1
ENSG00000110925,1.1298587,0.8915374,GM12878,0.84420395,1.0,1
ENSG00000110925,0.95908475,0.8915374,GM12878,0.8819646,1.0,1
ENSG00000110931,1.1030756,1.1869563,GM12878,0.7367661,1.0,1
ENSG00000110931,1.0837235,1.1869563,GM12878,0.7805385,1.0,1
ENSG00000110931,1.1592715,1.1869563,GM12878,0.6802754,0.122857146,1
ENSG00000110931,1.1658119,1.1869563,GM12878,0.877729,0.8297587,1
ENSG00000110934,-0.44569728,-0.537602,GM12878,0.97584164,1.0,1
ENSG00000110944,0.51732075,1.0174507,GM12878,0.97018963,1.0,1
ENSG00000110955,1.7609454,3.3983412,GM12878,0.92285866,1.0,1
ENSG00000110958,1.3739249,2.114244,GM12878,0.82074064,1.0,1
ENSG00000110958,1.5908883,2.114244,GM12878,0.8327515,1.0,1
ENSG00000110958,1.6009797,2.114244,GM12878,0.9148277,1.0,1
ENSG00000110958,1.3834766,2.114244,GM12878,0.9015348,0.88235295,1
ENSG00000110958,1.5908883,2.114244,GM12878,0.8327515,0.9948186,1
ENSG00000110958,1.8705757,2.114244,GM12878,0.8934808,0.86775446,1
ENSG00000110958,1.7631674,2.114244,GM12878,0.90408903,0.9996437,1
ENSG00000110987,1.114755,0.9561684,GM12878,0.85724396,1.0,1
ENSG00000110987,1.0462321,0.9561684,GM12878,0.9319819,1.0,1
ENSG00000111011,1.5960597,1.7259933,GM12878,0.9180553,1.0,1
ENSG00000111011,1.559491,1.7259933,GM12878,0.8396989,0.70385605,1
ENSG00000111011,1.5979548,1.7259933,GM12878,0.87694836,0.99866134,1
ENSG00000111012,-0.035392955,0.5820634,GM12878,0.9876462,1.0,1
ENSG00000111057,1.5127919,2.4412708,GM12878,0.8388501,1.0,1
ENSG00000111057,1.5500555,2.4412708,GM12878,0.8926653,1.0,1
ENSG00000111057,1.5178885,2.4412708,GM12878,0.91711885,1.0,1
ENSG00000111087,0.18859956,-0.14874165,GM12878,0.9736066,1.0,1
ENSG00000111087,0.21361813,-0.14874165,GM12878,0.97478104,1.0,1
ENSG00000111110,0.66481864,0.63848925,GM12878,0.9477306,1.0,1
ENSG00000111110,0.62521136,0.63848925,GM12878,0.91473615,1.0,1
ENSG00000111110,0.53003275,0.63848925,GM12878,0.9083675,1.0,1
ENSG00000111110,0.21007434,0.63848925,GM12878,0.9336584,1.0,1
ENSG00000111142,1.5764047,2.1322596,GM12878,0.9034079,1.0,1
ENSG00000111142,1.2706349,2.1322596,GM12878,0.93947804,1.0,1
ENSG00000111142,1.5764047,2.1322596,GM12878,0.9034079,0.942899,1
ENSG00000111142,1.6009042,2.1322596,GM12878,0.9272007,0.99957174,1
ENSG00000111144,1.3125466,1.5805829,GM12878,0.92623615,1.0,1
ENSG00000111144,1.0383835,1.5805829,GM12878,0.8506108,0.89862496,1
ENSG00000111144,1.015096,1.5805829,GM12878,0.9121096,0.06234414,1
ENSG00000111144,0.8394494,1.5805829,GM12878,0.84932256,0.022925764,1
ENSG00000111145,0.19686776,-0.013228266,GM12878,0.9695202,1.0,1
ENSG00000111145,0.71092296,-0.013228266,GM12878,0.90962833,1.0,1
ENSG00000111196,1.4184,1.6009729,GM12878,0.89165044,1.0,1
ENSG00000111196,1.4115759,1.6009729,GM12878,0.858209,0.5342679,1
ENSG00000111203,1.0805976,1.0733517,GM12878,0.89702094,1.0,1
ENSG00000111203,1.2742141,1.0733517,GM12878,0.930837,1.0,1
ENSG00000111206,1.6292197,0.99782306,GM12878,0.90640306,1.0,1
ENSG00000111206,1.5866829,0.99782306,GM12878,0.9305144,1.0,1
ENSG00000111206,1.541922,0.99782306,GM12878,0.92834437,0.06612685,1
ENSG00000111206,1.660627,0.99782306,GM12878,0.7424191,0.7301855,1
ENSG00000111224,0.046830088,-0.5086383,GM12878,0.9573822,1.0,1
ENSG00000111224,0.31055155,-0.5086383,GM12878,0.9340673,1.0,1
ENSG00000111229,1.3986607,1.7294078,GM12878,0.86450994,1.0,1
ENSG00000111231,1.5881208,1.7625285,GM12878,0.87362367,1.0,1
ENSG00000111237,1.3729291,2.2845435,GM12878,0.7057009,0.055408534,1
ENSG00000111237,1.4006321,2.2845435,GM12878,0.64390504,0.46666044,1
ENSG00000111247,1.6307007,1.8617135,GM12878,0.9025906,1.0,1
ENSG00000111247,1.5849415,1.8617135,GM12878,0.7392816,0.15399121,1
ENSG00000111247,1.7610245,1.8617135,GM12878,0.8569956,0.9311657,1
ENSG00000111247,1.7610245,1.8617135,GM12878,0.8569956,0.9927441,1
ENSG00000111247,1.6688864,1.8617135,GM12878,0.9089935,0.5789816,1
ENSG00000111247,1.6432477,1.8617135,GM12878,0.90905416,0.09753832,1
ENSG00000111252,1.4480308,1.3789427,GM12878,0.92132956,1.0,1
ENSG00000111261,0.99754715,0.19589965,GM12878,0.92698133,1.0,1
ENSG00000111266,1.0055379,0.9449759,GM12878,0.8989705,1.0,1
ENSG00000111269,1.0796754,0.5987905,GM12878,0.88597333,1.0,1
ENSG00000111271,1.4507477,1.0962145,GM12878,0.8176062,1.0,1
ENSG00000111271,1.3259575,1.0962145,GM12878,0.7689464,1.0,1
ENSG00000111271,1.2947708,1.0962145,GM12878,0.7692345,0.45,1
ENSG00000111271,1.4026129,1.0962145,GM12878,0.9163527,1.0,1
ENSG00000111271,1.3508548,1.0962145,GM12878,0.8689311,0.9701493,1
ENSG00000111275,0.86170936,1.2237555,GM12878,0.9239698,1.0,1
ENSG00000111275,0.9304924,1.2237555,GM12878,0.9376861,1.0,1
ENSG00000111275,1.0331364,1.2237555,GM12878,0.90270126,0.047309835,1
ENSG00000111276,1.7206104,1.0244857,GM12878,0.83865845,1.0,1
ENSG00000111300,1.616741,1.5972563,GM12878,0.8912631,1.0,1
ENSG00000111300,1.5104353,1.5972563,GM12878,0.8391425,1.0,1
ENSG00000111300,1.6176059,1.5972563,GM12878,0.91504455,0.14213625,1
ENSG00000111300,1.3017037,1.5972563,GM12878,0.8407909,0.8578637,1
ENSG00000111300,1.6085237,1.5972563,GM12878,0.7881308,0.021026073,1
ENSG00000111319,-0.2264199,-0.61978877,GM12878,0.98523533,1.0,1
ENSG00000111319,-0.3475315,-0.61978877,GM12878,0.9874362,1.0,1
ENSG00000111319,-0.43587735,-0.61978877,GM12878,0.9873723,1.0,1
ENSG00000111325,1.2929288,1.4266739,GM12878,0.8522675,1.0,1
ENSG00000111325,1.5646117,1.4266739,GM12878,0.7911016,1.0,1
ENSG00000111325,1.3209862,1.4266739,GM12878,0.86293423,1.0,1
ENSG00000111325,1.5624521,1.4266739,GM12878,0.79165417,1.0,1
ENSG00000111325,1.5428829,1.4266739,GM12878,0.7999756,0.38821137,1
ENSG00000111325,1.3337135,1.4266739,GM12878,0.8480472,0.060568605,1
ENSG00000111325,1.4454532,1.4266739,GM12878,0.858263,0.3888889,1
ENSG00000111328,1.0908461,1.905364,GM12878,0.69370544,1.0,1
ENSG00000111328,1.0908461,1.905364,GM12878,0.69370544,1.0,1
ENSG00000111331,-0.2337466,-0.14874165,GM12878,0.9855699,1.0,1
ENSG00000111331,-0.20364684,-0.14874165,GM12878,0.9860573,1.0,1
ENSG00000111331,-0.23193742,-0.14874165,GM12878,0.9884898,1.0,1
ENSG00000111348,0.5531217,1.0891984,GM12878,0.9060612,1.0,1
ENSG00000111358,1.3319346,1.8342935,GM12878,0.86207765,1.0,1
ENSG00000111358,1.4185774,1.8342935,GM12878,0.91385496,0.5840046,1
ENSG00000111358,1.6245565,1.8342935,GM12878,0.8324575,0.94355965,1
ENSG00000111361,1.3267078,1.6484576,GM12878,0.89243275,1.0,1
ENSG00000111361,1.490975,1.6484576,GM12878,0.83051586,1.0,1
ENSG00000111361,1.5293626,1.6484576,GM12878,0.93121004,1.0,1
ENSG00000111364,1.5394047,1.6652995,GM12878,0.9002817,1.0,1
ENSG00000111371,1.2158688,1.5344069,GM12878,0.9331171,1.0,1
ENSG00000111371,1.1726007,1.5344069,GM12878,0.8743609,1.0,1
ENSG00000111371,1.0948664,1.5344069,GM12878,0.89922583,0.99778074,1
ENSG00000111371,1.2598197,1.5344069,GM12878,0.84095156,0.041364606,1
ENSG00000111412,1.0123953,0.7986506,GM12878,0.83809644,1.0,1
ENSG00000111412,1.0367017,0.7986506,GM12878,0.8973417,0.7328767,1
ENSG00000111424,-0.19492686,0.17318627,GM12878,0.97041017,1.0,1
ENSG00000111424,-0.13527556,0.17318627,GM12878,0.98503834,1.0,1
ENSG00000111424,6.3963234e-05,0.17318627,GM12878,0.92378837,0.5089286,1
ENSG00000111445,1.6755488,1.8686445,GM12878,0.75479656,1.0,1
ENSG00000111445,1.6135515,1.8686445,GM12878,0.71520424,0.29612947,1
ENSG00000111450,1.599203,1.6092741,GM12878,0.9057654,1.0,1
ENSG00000111452,-0.39549747,0.7715875,GM12878,0.9916447,1.0,1
ENSG00000111481,1.8859237,2.5834029,GM12878,0.90669835,1.0,1
ENSG00000111481,1.6974857,2.5834029,GM12878,0.8084036,1.0,1
ENSG00000111481,1.8847458,2.5834029,GM12878,0.91918737,1.0,1
ENSG00000111481,1.9208989,2.5834029,GM12878,0.8912081,1.0,1
ENSG00000111481,2.0246408,2.5834029,GM12878,0.8100861,0.96806204,1
ENSG00000111481,1.8221421,2.5834029,GM12878,0.90749955,0.9833247,1
ENSG00000111490,-0.6608225,-0.61978877,GM12878,0.9914396,1.0,1
ENSG00000111530,1.4364786,2.0729113,GM12878,0.8434027,1.0,1
ENSG00000111530,1.6063917,2.0729113,GM12878,0.8844072,1.0,1
ENSG00000111537,-0.24961475,-0.9586073,GM12878,0.9820255,1.0,1
ENSG00000111537,-0.08583969,-0.9586073,GM12878,0.9806645,1.0,1
ENSG00000111540,1.219182,1.7817553,GM12878,0.9531479,1.0,1
ENSG00000111540,1.3790753,1.7817553,GM12878,0.94761795,0.994782,1
ENSG00000111554,1.2665662,1.0394142,GM12878,0.9427524,1.0,1
ENSG00000111554,1.049912,1.0394142,GM12878,0.9176016,1.0,1
ENSG00000111554,0.7990768,1.0394142,GM12878,0.83891475,0.96039605,1
ENSG00000111554,1.0940113,1.0394142,GM12878,0.74553925,0.19381443,1
ENSG00000111554,1.0762781,1.0394142,GM12878,0.9201841,0.80618554,1
ENSG00000111554,1.049912,1.0394142,GM12878,0.9176016,1.0,1
ENSG00000111581,1.330605,2.2729318,GM12878,0.90412927,1.0,1
ENSG00000111581,1.5106695,2.2729318,GM12878,0.9313653,0.99365366,1
ENSG00000111596,1.2520578,1.8489892,GM12878,0.89442813,1.0,1
ENSG00000111596,1.3316786,1.8489892,GM12878,0.86792934,1.0,1
ENSG00000111596,1.2668872,1.8489892,GM12878,0.90731156,0.0,1
ENSG00000111602,1.371839,1.09691,GM12878,0.9208497,1.0,1
ENSG00000111605,1.2812344,1.7075702,GM12878,0.6136465,1.0,1
ENSG00000111605,1.4799799,1.7075702,GM12878,0.9298778,1.0,1
ENSG00000111605,1.3488317,1.7075702,GM12878,0.87962157,1.0,1
ENSG00000111605,1.2931108,1.7075702,GM12878,0.86390585,1.0,1
ENSG00000111605,1.3858149,1.7075702,GM12878,0.9044266,0.43953934,1
ENSG00000111615,1.3092291,1.6179434,GM12878,0.94078505,1.0,1
ENSG00000111615,1.5197184,1.6179434,GM12878,0.9282552,0.20603836,1
ENSG00000111640,1.6928481,3.780303,GM12878,0.80098647,1.0,1
ENSG00000111640,1.8346102,3.780303,GM12878,0.9116434,1.0,1
ENSG00000111641,1.7676504,1.81697,GM12878,0.920723,1.0,1
ENSG00000111641,1.4199474,1.81697,GM12878,0.6785064,0.031418525,1
ENSG00000111641,1.5623238,1.81697,GM12878,0.8281675,0.015474794,1
ENSG00000111644,-0.2564545,1.218798,GM12878,0.9803674,1.0,1
ENSG00000111647,1.046726,1.1495271,GM12878,0.926006,1.0,1
ENSG00000111652,1.2548324,1.4995496,GM12878,0.8707834,1.0,1
ENSG00000111653,1.3252155,1.3868555,GM12878,0.9366073,1.0,1
ENSG00000111653,1.2188139,1.3868555,GM12878,0.86995816,1.0,1
ENSG00000111653,1.1117433,1.3868555,GM12878,0.9354539,0.76649743,1
ENSG00000111653,1.3670006,1.3868555,GM12878,0.8853142,0.9263804,1
ENSG00000111664,0.031323552,0.54406804,GM12878,0.9827352,1.0,1
ENSG00000111665,1.4069387,1.690639,GM12878,0.89233136,1.0,1
ENSG00000111665,1.6099653,1.690639,GM12878,0.84655756,1.0,1
ENSG00000111665,1.7760582,1.690639,GM12878,0.93967146,0.9242958,1
ENSG00000111666,1.301157,1.7963661,GM12878,0.8674616,1.0,1
ENSG00000111666,1.4567919,1.7963661,GM12878,0.90145814,1.0,1
ENSG00000111666,1.2993592,1.7963661,GM12878,0.6894784,0.028457599,1
ENSG00000111667,1.6827672,1.602711,GM12878,0.9445169,1.0,1
ENSG00000111667,1.2901411,1.602711,GM12878,0.9052928,1.0,1
ENSG00000111667,1.6509601,1.602711,GM12878,0.7835103,1.0,1
ENSG00000111667,1.410687,1.602711,GM12878,0.78454083,1.0,1
ENSG00000111667,1.693784,1.602711,GM12878,0.9001991,1.0,1
ENSG00000111669,1.6900985,3.187828,GM12878,0.90597486,1.0,1
ENSG00000111670,1.1016845,1.1934029,GM12878,0.9265826,1.0,1
ENSG00000111670,1.1863121,1.1934029,GM12878,0.7666533,1.0,1
ENSG00000111674,0.6824939,1.652343,GM12878,0.8382294,1.0,1
ENSG00000111674,0.8253162,1.652343,GM12878,0.8902686,1.0,1
ENSG00000111674,0.85700285,1.652343,GM12878,0.85208154,1.0,1
ENSG00000111674,0.66712046,1.652343,GM12878,0.9507313,1.0,1
ENSG00000111674,0.72828436,1.652343,GM12878,0.9658554,1.0,1
ENSG00000111674,0.6551372,1.652343,GM12878,0.93072563,1.0,1
ENSG00000111674,0.7358751,1.652343,GM12878,0.91008633,1.0,1
ENSG00000111676,1.3892527,0.651278,GM12878,0.8969989,1.0,1
ENSG00000111678,0.985471,2.3016593,GM12878,0.8132597,1.0,1
ENSG00000111678,0.9534339,2.3016593,GM12878,0.8164879,1.0,1
ENSG00000111678,0.8829942,2.3016593,GM12878,0.8294428,1.0,1
ENSG00000111678,0.9320122,2.3016593,GM12878,0.8116658,1.0,1
ENSG00000111679,-0.2337812,0.67394197,GM12878,0.9752991,1.0,1
ENSG00000111679,-0.26116621,0.67394197,GM12878,0.9767221,1.0,1
ENSG00000111684,1.5388867,1.5936183,GM12878,0.9308754,1.0,1
ENSG00000111684,1.3284981,1.5936183,GM12878,0.8091114,0.97394544,1
ENSG00000111696,1.41407,0.83569056,GM12878,0.8208715,1.0,1
ENSG00000111696,1.2883142,0.83569056,GM12878,0.8612775,1.0,1
ENSG00000111707,1.7979474,1.3453737,GM12878,0.8960661,1.0,1
ENSG00000111711,1.21934,1.3100557,GM12878,0.93158096,1.0,1
ENSG00000111711,1.0705699,1.3100557,GM12878,0.8871693,1.0,1
ENSG00000111711,1.0705699,1.3100557,GM12878,0.8871693,0.31460676,1
ENSG00000111711,1.2361629,1.3100557,GM12878,0.9423037,0.0,1
ENSG00000111711,1.1964242,1.3100557,GM12878,0.9255957,0.046457607,1
ENSG00000111711,1.2361629,1.3100557,GM12878,0.9423037,0.96702003,1
ENSG00000111716,1.200756,2.9872193,GM12878,0.90793455,1.0,1
ENSG00000111725,1.2293217,1.9398686,GM12878,0.7672676,1.0,1
ENSG00000111725,1.660384,1.9398686,GM12878,0.92876023,1.0,1
ENSG00000111726,1.3413891,1.746167,GM12878,0.92873526,1.0,1
ENSG00000111726,1.2830594,1.746167,GM12878,0.9121101,0.6717835,1
ENSG00000111727,1.0393965,0.59217674,GM12878,0.76210386,1.0,1
ENSG00000111727,1.0446026,0.59217674,GM12878,0.79442316,0.42628205,1
ENSG00000111729,-0.5461241,-0.43179828,GM12878,0.97576773,1.0,1
ENSG00000111731,1.1570566,1.2664669,GM12878,0.8799588,1.0,1
ENSG00000111731,1.1362259,1.2664669,GM12878,0.8434238,0.006451613,1
ENSG00000111731,1.0674789,1.2664669,GM12878,0.81385934,0.0070967744,1
ENSG00000111737,1.191657,1.4988617,GM12878,0.8129675,1.0,1
ENSG00000111737,0.8423748,1.4988617,GM12878,0.857445,0.76766855,1
ENSG00000111737,1.319145,1.4988617,GM12878,0.83318263,0.0021513088,1
ENSG00000111752,0.7342005,1.071882,GM12878,0.9099894,1.0,1
ENSG00000111752,1.041806,1.071882,GM12878,0.6426893,0.0,1
ENSG00000111752,0.5871823,1.071882,GM12878,0.8661873,0.4009662,1
ENSG00000111775,1.6249385,2.8180676,GM12878,0.8226798,1.0,1
ENSG00000111785,1.2335929,0.7551123,GM12878,0.9005383,1.0,1
ENSG00000111785,1.3341222,0.7551123,GM12878,0.8397716,1.0,1
ENSG00000111785,0.89405894,0.7551123,GM12878,0.86125743,0.19915254,1
ENSG00000111785,1.0280246,0.7551123,GM12878,0.7978589,0.20547946,1
ENSG00000111786,1.7806525,2.1542413,GM12878,0.9464679,1.0,1
ENSG00000111790,1.5282669,1.5150787,GM12878,0.9030894,1.0,1
ENSG00000111790,1.1301986,1.5150787,GM12878,0.91885644,0.60135645,1
ENSG00000112787,1.0084511,0.39967373,GM12878,0.6955367,1.0,1
ENSG00000112787,0.5482569,0.39967373,GM12878,0.93134713,1.0,1
ENSG00000114942,1.2988424,2.8967025,GM12878,0.75067276,1.0,1
ENSG00000114942,1.7130651,2.8967025,GM12878,0.82635736,1.0,1
ENSG00000114942,1.684006,2.8967025,GM12878,0.7893134,1.0,1
ENSG00000114942,1.7673018,2.8967025,GM12878,0.9063485,1.0,1
ENSG00000114956,1.7311082,2.0667357,GM12878,0.93255043,1.0,1
ENSG00000114956,1.5273513,2.0667357,GM12878,0.9142752,0.109127864,1
ENSG00000114978,1.2546968,1.7536596,GM12878,0.94587904,1.0,1
ENSG00000114982,1.7469915,1.3937507,GM12878,0.85817814,1.0,1
ENSG00000114982,1.4965671,1.3937507,GM12878,0.8601817,0.8035714,1
ENSG00000114982,1.8315082,1.3937507,GM12878,0.7911841,0.0123152705,1
ENSG00000114982,1.2438788,1.3937507,GM12878,0.6870629,0.1841133,1
ENSG00000114982,1.3919586,1.3937507,GM12878,0.9097795,0.8158867,1
ENSG00000114988,1.2926865,1.1051694,GM12878,0.9097488,1.0,1
ENSG00000114988,1.4905372,1.1051694,GM12878,0.885175,1.0,1
ENSG00000114988,1.5111748,1.1051694,GM12878,0.9403514,1.0,1
ENSG00000114988,1.5047417,1.1051694,GM12878,0.94264954,1.0,1
ENSG00000114988,1.1681986,1.1051694,GM12878,0.69498956,0.0,1
ENSG00000114988,1.4766089,1.1051694,GM12878,0.9194942,0.9781161,1
ENSG00000114988,1.1937962,1.1051694,GM12878,0.80342877,0.9781161,1
ENSG00000114993,0.0010492727,0.41329977,GM12878,0.98011166,1.0,1
ENSG00000114999,1.3154786,1.3848908,GM12878,0.81022495,1.0,1
ENSG00000115008,-0.27100778,-0.79588,GM12878,0.9836088,1.0,1
ENSG00000115008,-0.18484995,-0.79588,GM12878,0.9853087,1.0,1
ENSG00000115008,-0.22200516,-0.79588,GM12878,0.97413415,1.0,1
ENSG00000115008,0.095550984,-0.79588,GM12878,0.9121563,1.0,1
ENSG00000115008,0.42285058,-0.79588,GM12878,0.9341243,1.0,1
ENSG00000115020,1.2817947,1.2375437,GM12878,0.90449053,1.0,1
ENSG00000115020,1.1658223,1.2375437,GM12878,0.9015213,1.0,1
ENSG00000115020,1.5196503,1.2375437,GM12878,0.72946525,0.0,1
ENSG00000115020,1.5097507,1.2375437,GM12878,0.92602485,0.14436619,1
ENSG00000115020,1.4065018,1.2375437,GM12878,0.9331553,0.9707769,1
ENSG00000115020,1.2972283,1.2375437,GM12878,0.84272707,0.92523366,1
ENSG00000115042,0.86348975,1.5700758,GM12878,0.9183124,1.0,1
ENSG00000115053,1.9119033,2.1045213,GM12878,0.91187876,1.0,1
ENSG00000115053,1.9336755,2.1045213,GM12878,0.91737014,1.0,1
ENSG00000115073,1.4200723,1.542701,GM12878,0.865419,1.0,1
ENSG00000115084,1.4038849,1.5456781,GM12878,0.916633,1.0,1
ENSG00000115085,-0.43839642,-0.4089354,GM12878,0.9925053,1.0,1
ENSG00000115091,1.4467226,2.369976,GM12878,0.9314858,1.0,1
ENSG00000115091,1.4360417,2.369976,GM12878,0.9213575,1.0,1
ENSG00000115107,0.9572221,0.88479537,GM12878,0.91095257,1.0,1
ENSG00000115107,0.9015516,0.88479537,GM12878,0.8746748,0.91101694,1
ENSG00000115107,1.023791,0.88479537,GM12878,0.7046882,0.961183,1
ENSG00000115107,1.0764394,0.88479537,GM12878,0.93325216,0.018518519,1
ENSG00000115109,0.7078781,0.991669,GM12878,0.8142227,1.0,1
ENSG00000115109,0.08937389,0.991669,GM12878,0.8907965,1.0,1
ENSG00000115109,0.6472684,0.991669,GM12878,0.87798715,0.8786982,1
ENSG00000115112,-0.2886324,-0.45593196,GM12878,0.9945746,1.0,1
ENSG00000115128,1.3587492,2.504566,GM12878,0.9167041,1.0,1
ENSG00000115128,1.2657434,2.504566,GM12878,0.92083013,1.0,1
ENSG00000115129,1.1836009,0.54777473,GM12878,0.9138808,1.0,1
ENSG00000115129,0.96964693,0.54777473,GM12878,0.85434514,1.0,1
ENSG00000115129,1.1979635,0.54777473,GM12878,0.9277208,0.64705884,1
ENSG00000115137,1.1775767,0.5211381,GM12878,0.9158445,1.0,1
ENSG00000115137,1.1775767,0.5211381,GM12878,0.9158445,0.75982535,1
ENSG00000115137,1.3127155,0.5211381,GM12878,0.86913854,0.14285715,1
ENSG00000115137,1.5066667,0.5211381,GM12878,0.75185615,0.1124031,1
ENSG00000115145,0.89049196,0.9813655,GM12878,0.9103533,1.0,1
ENSG00000115155,-0.62507,-0.82390875,GM12878,0.9871199,1.0,1
ENSG00000115155,-0.62701225,-0.82390875,GM12878,0.99212545,1.0,1
ENSG00000115159,0.6569072,1.0476642,GM12878,0.9189989,1.0,1
ENSG00000115159,0.8974241,1.0476642,GM12878,0.9345106,1.0,1
ENSG00000115163,1.4107387,1.6607707,GM12878,0.9199877,1.0,1
ENSG00000115163,1.5186653,1.6607707,GM12878,0.8786605,0.68728286,1
ENSG00000115165,-0.5973011,-0.7695511,GM12878,0.97862875,1.0,1
ENSG00000115165,-0.6453912,-0.7695511,GM12878,0.99226964,1.0,1
ENSG00000115165,-0.36135453,-0.7695511,GM12878,0.95950073,1.0,1
ENSG00000115204,1.3012588,2.048442,GM12878,0.79876685,1.0,1
ENSG00000115204,1.4074731,2.048442,GM12878,0.90163994,1.0,1
ENSG00000115207,1.37026,1.9230367,GM12878,0.9154204,1.0,1
ENSG00000115207,1.37026,1.9230367,GM12878,0.9154204,1.0,1
ENSG00000115211,1.2863598,1.6626635,GM12878,0.9342315,1.0,1
ENSG00000115216,1.5766379,1.7903556,GM12878,0.9287723,1.0,1
ENSG00000115232,-0.6349822,-0.19382003,GM12878,0.98331475,1.0,1
ENSG00000115232,-0.57919514,-0.19382003,GM12878,0.9720054,1.0,1
ENSG00000115233,1.579529,2.1515844,GM12878,0.76651216,1.0,1
ENSG00000115233,1.7035651,2.1515844,GM12878,0.924432,1.0,1
ENSG00000115233,1.5353844,2.1515844,GM12878,0.8451651,1.0,1
ENSG00000115233,1.4704266,2.1515844,GM12878,0.845877,1.0,1
ENSG00000115234,1.6058419,1.6115109,GM12878,0.79764295,1.0,1
ENSG00000115234,1.3804452,1.6115109,GM12878,0.6698256,0.8955345,1
ENSG00000115234,1.4709231,1.6115109,GM12878,0.8031267,0.9722922,1
ENSG00000115234,1.4709231,1.6115109,GM12878,0.8031267,0.9886968,1
ENSG00000115234,1.5888218,1.6115109,GM12878,0.8898164,0.052186176,1
ENSG00000115234,1.4278958,1.6115109,GM12878,0.8245008,0.9969282,1
ENSG00000115239,1.0805491,1.4225899,GM12878,0.90961134,1.0,1
ENSG00000115239,1.0805491,1.4225899,GM12878,0.90961134,1.0,1
ENSG00000115239,1.1640403,1.4225899,GM12878,0.8973736,0.83146065,1
ENSG00000115241,1.1079471,1.8093576,GM12878,0.9315693,1.0,1
ENSG00000115271,-0.3145032,-0.537602,GM12878,0.95284283,1.0,1
ENSG00000115274,1.5302308,0.77451694,GM12878,0.91897964,1.0,1
ENSG00000115274,1.5047491,0.77451694,GM12878,0.9307707,1.0,1
ENSG00000115274,1.252151,0.77451694,GM12878,0.9177011,1.0,1
ENSG00000115274,1.2059771,0.77451694,GM12878,0.91011953,1.0,1
ENSG00000115275,1.2870102,1.5039268,GM12878,0.862432,1.0,1
ENSG00000115275,1.4724662,1.5039268,GM12878,0.82930523,1.0,1
ENSG00000115282,1.380316,1.1705551,GM12878,0.8069919,1.0,1
ENSG00000115282,1.4779785,1.1705551,GM12878,0.8805732,1.0,1
ENSG00000115282,1.2673314,1.1705551,GM12878,0.9018875,0.6763285,1
ENSG00000115289,1.6646769,1.3639878,GM12878,0.8697424,1.0,1
ENSG00000115289,1.4619427,1.3639878,GM12878,0.91213816,1.0,1
ENSG00000115289,1.5432428,1.3639878,GM12878,0.78193456,1.0,1
ENSG00000115306,0.33800685,0.94841295,GM12878,0.98429006,1.0,1
ENSG00000115306,0.48212567,0.94841295,GM12878,0.98340607,1.0,1
ENSG00000115306,0.03742315,0.94841295,GM12878,0.9759842,1.0,1
ENSG00000115307,1.5849528,2.0883842,GM12878,0.87249476,1.0,1
ENSG00000115310,1.4792225,2.053578,GM12878,0.64533395,1.0,1
ENSG00000115310,1.5773015,2.053578,GM12878,0.90287113,0.42436975,1
ENSG00000115310,1.4228362,2.053578,GM12878,0.66144955,0.1355094,1
ENSG00000115317,1.791924,1.619615,GM12878,0.90111494,1.0,1
ENSG00000115317,1.5870585,1.619615,GM12878,0.84933156,0.9809886,1
ENSG00000115317,1.8743427,1.619615,GM12878,0.9087964,0.7462039,1
ENSG00000115318,0.05808586,-0.036212172,GM12878,0.9804746,1.0,1
ENSG00000115325,1.2149922,0.96707976,GM12878,0.91516596,1.0,1
ENSG00000115325,1.1369085,0.96707976,GM12878,0.92359203,1.0,1
ENSG00000115325,1.006172,0.96707976,GM12878,0.9366467,1.0,1
ENSG00000115325,0.8290173,0.96707976,GM12878,0.9421147,0.54910713,1
ENSG00000115339,-0.5443093,-0.85387194,GM12878,0.985306,1.0,1
ENSG00000115350,0.61632013,1.6434526,GM12878,0.859423,1.0,1
ENSG00000115350,0.4750552,1.6434526,GM12878,0.9220931,1.0,1
ENSG00000115355,1.1182361,1.7261565,GM12878,0.9118435,1.0,1
ENSG00000115355,1.1947008,1.7261565,GM12878,0.92759037,1.0,1
ENSG00000115355,1.1135215,1.7261565,GM12878,0.91155165,0.6755749,1
ENSG00000115355,1.0517253,1.7261565,GM12878,0.9162056,0.5144186,1
ENSG00000115355,1.0918458,1.7261565,GM12878,0.8939404,0.49126035,1
ENSG00000115355,1.1046002,1.7261565,GM12878,0.91173774,0.96688133,1
ENSG00000115365,1.1853688,1.6116171,GM12878,0.8114371,1.0,1
ENSG00000115365,1.2191226,1.6116171,GM12878,0.913586,1.0,1
ENSG00000115368,1.4010559,1.839855,GM12878,0.79768616,1.0,1
ENSG00000115368,1.5633224,1.839855,GM12878,0.74071765,0.0028753993,1
ENSG00000115392,1.4432871,1.806587,GM12878,0.76686424,1.0,1
ENSG00000115392,1.4699438,1.806587,GM12878,0.80002564,0.95378417,1
ENSG00000115414,0.6160605,0.8785218,GM12878,0.9410732,1.0,1
ENSG00000115415,1.7056195,1.2909245,GM12878,0.7990118,1.0,1
ENSG00000115415,1.6702023,1.2909245,GM12878,0.9245478,1.0,1
ENSG00000115415,1.5748084,1.2909245,GM12878,0.9168553,0.0039551747,1
ENSG00000115419,1.4037397,1.6270585,GM12878,0.84702253,1.0,1
ENSG00000115421,1.3300601,1.0674429,GM12878,0.7970042,1.0,1
ENSG00000115421,1.1697011,1.0674429,GM12878,0.91872954,0.9436039,1
ENSG00000115421,1.2142718,1.0674429,GM12878,0.7225425,0.9257221,1
ENSG00000115421,1.2283983,1.0674429,GM12878,0.8713446,0.98569727,1
ENSG00000115421,1.3192465,1.0674429,GM12878,0.8346553,0.86172837,1
ENSG00000115421,1.3701644,1.0674429,GM12878,0.7750599,0.014302742,1
ENSG00000115425,0.843312,0.8102325,GM12878,0.9312875,1.0,1
ENSG00000115425,0.83267474,0.8102325,GM12878,0.8201116,1.0,1
ENSG00000115425,0.44775036,0.8102325,GM12878,0.89742255,0.9926063,1
ENSG00000115446,1.5259564,1.5594279,GM12878,0.7957273,1.0,1
ENSG00000115446,1.7386513,1.5594279,GM12878,0.9277025,1.0,1
ENSG00000115459,1.3291262,1.1215599,GM12878,0.9060813,1.0,1
ENSG00000115459,1.7752135,1.1215599,GM12878,0.8510503,0.8787879,1
ENSG00000115459,1.8217645,1.1215599,GM12878,0.7635085,0.97029704,1
ENSG00000115459,1.6950018,1.1215599,GM12878,0.6865659,0.5811966,1
ENSG00000115459,1.4876156,1.1215599,GM12878,0.88282675,0.7777778,1
ENSG00000115459,1.2237513,1.1215599,GM12878,0.9042146,0.37738854,1
ENSG00000115464,1.511311,1.7687861,GM12878,0.85739565,1.0,1
ENSG00000115464,1.6006839,1.7687861,GM12878,0.9341269,1.0,1
ENSG00000115464,1.5238749,1.7687861,GM12878,0.93467647,1.0,1
ENSG00000115484,1.5474356,2.3533392,GM12878,0.9086696,1.0,1
ENSG00000115484,1.571266,2.3533392,GM12878,0.909473,0.99017084,1
ENSG00000115486,1.4793239,1.2166936,GM12878,0.93947446,1.0,1
ENSG00000115486,1.5742388,1.2166936,GM12878,0.9233903,1.0,1
ENSG00000115486,1.5988313,1.2166936,GM12878,0.91974187,1.0,1
ENSG00000115486,1.6664727,1.2166936,GM12878,0.90527487,1.0,1
ENSG00000115486,1.6302242,1.2166936,GM12878,0.81249833,0.6747503,1
ENSG00000115504,0.82373226,1.1832699,GM12878,0.8468567,0.26150393,1
ENSG00000115504,0.97203636,1.1832699,GM12878,0.9012706,0.33238232,1
ENSG00000115507,0.9636338,-0.49485,GM12878,0.83737177,1.0,1
ENSG00000115514,1.5388932,1.6383893,GM12878,0.9289116,1.0,1
ENSG00000115520,1.2479461,0.30103,GM12878,0.9219349,1.0,1
ENSG00000115524,1.4911699,2.4675488,GM12878,0.8413858,1.0,1
ENSG00000115524,1.4592113,2.4675488,GM12878,0.9061863,1.0,1
ENSG00000115524,1.6998551,2.4675488,GM12878,0.8160945,0.30440328,1
ENSG00000115525,0.92579484,0.85430604,GM12878,0.93397796,1.0,1
ENSG00000115526,0.97540987,1.2648178,GM12878,0.87856245,1.0,1
ENSG00000115526,1.1957706,1.2648178,GM12878,0.92984885,1.0,1
ENSG00000115526,1.0841302,1.2648178,GM12878,0.87425417,1.0,1
ENSG00000115539,1.2410389,1.2482185,GM12878,0.9051504,1.0,1
ENSG00000115539,1.1894307,1.2482185,GM12878,0.8443314,1.0,1
ENSG00000115539,1.1593101,1.2482185,GM12878,0.8817197,1.0,1
ENSG00000115540,1.3047451,1.209515,GM12878,0.7513477,1.0,1
ENSG00000115540,1.3047451,1.209515,GM12878,0.7513477,0.49778622,1
ENSG00000115540,1.3745964,1.209515,GM12878,0.86031806,0.9728059,1
ENSG00000115541,1.7102069,2.3945918,GM12878,0.823233,1.0,1
ENSG00000115541,1.7102069,2.3945918,GM12878,0.823233,1.0,1
ENSG00000115541,1.6138893,2.3945918,GM12878,0.7063141,0.9993367,1
ENSG00000115548,1.5458014,1.7692295,GM12878,0.9056397,1.0,1
ENSG00000115561,0.9497545,1.4101021,GM12878,0.8866352,1.0,1
ENSG00000115561,0.98631525,1.4101021,GM12878,0.79427284,0.9814607,1
ENSG00000115568,1.2161026,0.4329693,GM12878,0.91648394,1.0,1
ENSG00000115568,1.1353493,0.4329693,GM12878,0.92811686,0.1875,1
ENSG00000115590,-0.6592612,-0.92081875,GM12878,0.99487597,1.0,1
ENSG00000115590,-0.62915385,-0.92081875,GM12878,0.99133825,1.0,1
ENSG00000115594,0.15151119,0.30963016,GM12878,0.96874577,1.0,1
ENSG00000115594,0.0021733344,0.30963016,GM12878,0.9597768,1.0,1
ENSG00000115607,0.4515209,-0.13667715,GM12878,0.96801835,1.0,1
ENSG00000115616,0.65127647,0.18752073,GM12878,0.9554406,1.0,1
ENSG00000115641,1.2130284,1.0965624,GM12878,0.8827037,0.002469136,1
ENSG00000115641,1.1955808,1.0965624,GM12878,0.6392455,0.2709581,1
ENSG00000115649,1.3479469,1.3816565,GM12878,0.77416027,1.0,1
ENSG00000115649,1.3351429,1.3816565,GM12878,0.8562827,1.0,1
ENSG00000115649,1.3828857,1.3816565,GM12878,0.8149364,1.0,1
ENSG00000115649,1.388907,1.3816565,GM12878,0.7902908,1.0,1
ENSG00000115652,1.1352488,1.2942457,GM12878,0.8425231,1.0,1
ENSG00000115657,0.957144,1.422918,GM12878,0.94883657,1.0,1
ENSG00000115657,1.0525142,1.422918,GM12878,0.9547655,1.0,1
ENSG00000115661,1.4858379,1.4787108,GM12878,0.919595,1.0,1
ENSG00000115661,1.3456943,1.4787108,GM12878,0.9468424,0.9543058,1
ENSG00000115677,1.3167686,2.0262473,GM12878,0.92568386,1.0,1
ENSG00000115677,1.3490692,2.0262473,GM12878,0.92896026,1.0,1
ENSG00000115677,1.2416799,2.0262473,GM12878,0.8810164,0.0,1
ENSG00000115685,1.2200663,1.6084191,GM12878,0.89113015,1.0,1
ENSG00000115685,1.2200663,1.6084191,GM12878,0.89113015,1.0,1
ENSG00000115685,0.8597903,1.6084191,GM12878,0.95139354,0.11139241,1
ENSG00000115685,0.8597903,1.6084191,GM12878,0.95139354,0.97536945,1
ENSG00000115687,0.78503585,0.9537597,GM12878,0.9379102,1.0,1
ENSG00000115694,1.1449738,2.1803267,GM12878,0.83172363,1.0,1
ENSG00000115694,1.2710869,2.1803267,GM12878,0.90200084,1.0,1
ENSG00000115694,1.2119554,2.1803267,GM12878,0.77953374,0.9843057,1
ENSG00000115694,1.2800965,2.1803267,GM12878,0.8151345,0.771578,1
ENSG00000115694,1.4935043,2.1803267,GM12878,0.7244025,0.24150944,1
ENSG00000115738,1.2505431,1.2607867,GM12878,0.70563257,1.0,1
ENSG00000115750,1.2108512,1.0588055,GM12878,0.79666805,1.0,1
ENSG00000115750,1.3019038,1.0588055,GM12878,0.93613976,0.9504405,1
ENSG00000115756,1.0515785,1.456973,GM12878,0.79163814,1.0,1
ENSG00000115756,0.9271947,1.456973,GM12878,0.8760048,1.0,1
ENSG00000115756,1.1170988,1.456973,GM12878,0.8808419,1.0,1
ENSG00000115756,1.2003397,1.456973,GM12878,0.9051506,1.0,1
ENSG00000115756,1.1898046,1.456973,GM12878,0.7994812,0.3321033,1
ENSG00000115758,1.7609752,2.5652337,GM12878,0.9345736,1.0,1
ENSG00000115758,1.7094513,2.5652337,GM12878,0.92141134,1.0,1
ENSG00000115760,0.99786615,1.7463228,GM12878,0.82914084,1.0,1
ENSG00000115760,1.0545502,1.7463228,GM12878,0.8551028,0.5196051,1
ENSG00000115761,1.2503473,1.5507175,GM12878,0.878922,1.0,1
ENSG00000115761,1.1744821,1.5507175,GM12878,0.94013894,0.8523059,1
ENSG00000115761,1.1328708,1.5507175,GM12878,0.858126,0.9392878,1
ENSG00000115762,1.1559949,1.6927588,GM12878,0.87789977,1.0,1
ENSG00000115762,1.2101178,1.6927588,GM12878,0.81474423,1.0,1
ENSG00000115762,1.519242,1.6927588,GM12878,0.910499,1.0,1
ENSG00000115762,1.519242,1.6927588,GM12878,0.910499,0.98125,1
ENSG00000115762,1.5207479,1.6927588,GM12878,0.9097116,0.99749655,1
ENSG00000115806,1.6712146,2.2171416,GM12878,0.89163166,1.0,1
ENSG00000115806,1.4892051,2.2171416,GM12878,0.7860488,0.70474124,1
ENSG00000115808,1.2381645,1.343999,GM12878,0.9020755,1.0,1
ENSG00000115816,1.5082407,1.500648,GM12878,0.9007486,1.0,1
ENSG00000115825,1.0302718,1.2695129,GM12878,0.76680094,1.0,1
ENSG00000115827,1.150104,1.3891661,GM12878,0.9365985,1.0,1
ENSG00000115827,1.150104,1.3891661,GM12878,0.9365985,1.0,1
ENSG00000115827,1.1515279,1.3891661,GM12878,0.83189094,1.0,1
ENSG00000115827,1.2437344,1.3891661,GM12878,0.9280881,0.8977505,1
ENSG00000115827,1.2384872,1.3891661,GM12878,0.9218271,0.58030593,1
ENSG00000115839,1.4427309,1.2392995,GM12878,0.8920409,1.0,1
ENSG00000115839,1.174054,1.2392995,GM12878,0.8967494,1.0,1
ENSG00000115839,1.5845721,1.2392995,GM12878,0.7959316,0.0,1
ENSG00000115840,1.2162781,1.3991543,GM12878,0.8553556,1.0,1
ENSG00000115840,0.9098908,1.3991543,GM12878,0.89233744,0.05656304,1
ENSG00000115840,1.2499524,1.3991543,GM12878,0.8062125,0.9981727,1
ENSG00000115841,0.40920585,0.17897695,GM12878,0.8616117,1.0,1
ENSG00000115841,0.29662314,0.17897695,GM12878,0.90359175,0.3119266,1
ENSG00000115850,-0.3858245,-0.92081875,GM12878,0.9921937,1.0,1
ENSG00000115866,1.4676855,2.2408736,GM12878,0.9012025,1.0,1
ENSG00000115866,1.6148771,2.2408736,GM12878,0.866562,0.9185604,1
ENSG00000115875,2.0059886,2.6917796,GM12878,0.816798,1.0,1
ENSG00000115875,2.0362027,2.6917796,GM12878,0.715426,0.54516155,1
ENSG00000115875,1.8514247,2.6917796,GM12878,0.891525,0.19339581,1
ENSG00000115884,-0.19605933,0.09342168,GM12878,0.99382645,1.0,1
ENSG00000115896,1.0378634,1.0606978,GM12878,0.9308466,1.0,1
ENSG00000115896,1.1835142,1.0606978,GM12878,0.9239503,1.0,1
ENSG00000115902,1.2377052,0.9068735,GM12878,0.9197402,1.0,1
ENSG00000115902,1.0481248,0.9068735,GM12878,0.940543,0.9907039,1
ENSG00000115904,1.5332706,1.3314273,GM12878,0.9012928,1.0,1
ENSG00000115919,-0.21196619,0.96567196,GM12878,0.9706541,1.0,1
ENSG00000115919,-0.33287373,0.96567196,GM12878,0.97962624,0.77539504,1
ENSG00000115935,-0.2678792,0.24303804,GM12878,0.9801395,1.0,1
ENSG00000115935,-0.34527102,0.24303804,GM12878,0.9842627,1.0,1
ENSG00000115935,-0.4437555,0.24303804,GM12878,0.9558161,1.0,1
ENSG00000115935,-0.52386695,0.24303804,GM12878,0.9891182,1.0,1
ENSG00000115942,1.0355699,1.1283993,GM12878,0.90846413,1.0,1
ENSG00000115944,1.2391881,2.1067007,GM12878,0.882792,1.0,1
ENSG00000115944,1.2391881,2.1067007,GM12878,0.882792,1.0,1
ENSG00000115944,0.945492,2.1067007,GM12878,0.78845125,1.0,1
ENSG00000115946,1.6258824,1.2794387,GM12878,0.89264387,1.0,1
ENSG00000115946,1.609505,1.2794387,GM12878,0.87396526,1.0,1
ENSG00000115947,1.2732046,1.7611005,GM12878,0.91232634,1.0,1
ENSG00000115947,1.100156,1.7611005,GM12878,0.82237124,1.0,1
ENSG00000115956,-0.3209075,-0.79588,GM12878,0.9803109,1.0,1
ENSG00000115956,-0.11911567,-0.79588,GM12878,0.9733412,1.0,1
ENSG00000115956,-0.3818814,-0.79588,GM12878,0.986746,1.0,1
ENSG00000115966,1.7885498,1.9419584,GM12878,0.9102495,0.006829017,1
ENSG00000115966,1.5425076,1.9419584,GM12878,0.77325964,0.32899937,1
ENSG00000115966,1.5640128,1.9419584,GM12878,0.87315756,0.99808794,1
ENSG00000115966,1.5104924,1.9419584,GM12878,0.8932546,0.68267035,1
ENSG00000115966,1.645344,1.9419584,GM12878,0.66349655,0.30421573,1
ENSG00000115970,1.4521947,1.1908917,GM12878,0.82056034,1.0,1
ENSG00000115970,1.0260363,1.1908917,GM12878,0.76696587,0.013513514,1
ENSG00000115977,0.9948585,0.5237465,GM12878,0.91359895,1.0,1
ENSG00000115993,1.1678506,0.8299467,GM12878,0.92725396,1.0,1
ENSG00000115993,1.0043217,0.8299467,GM12878,0.8729632,1.0,1
ENSG00000115998,1.225218,0.7143298,GM12878,0.90239686,1.0,1
ENSG00000116001,1.5817671,1.9482663,GM12878,0.86461,1.0,1
ENSG00000116001,1.4753716,1.9482663,GM12878,0.9076767,1.0,1
ENSG00000116001,1.4015746,1.9482663,GM12878,0.8221934,0.76545167,1
ENSG00000116005,1.1047387,1.0409977,GM12878,0.90062773,1.0,1
ENSG00000116016,1.0025349,0.86093664,GM12878,0.8800016,1.0,1
ENSG00000116016,1.022644,0.86093664,GM12878,0.8736836,1.0,1
ENSG00000116016,1.0294333,0.86093664,GM12878,0.9004457,1.0,1
ENSG00000116030,1.2078398,1.7703364,GM12878,0.8474286,1.0,1
ENSG00000116030,1.2977157,1.7703364,GM12878,0.7686452,0.9948718,1
ENSG00000116030,1.2968216,1.7703364,GM12878,0.7742659,0.69074935,1
ENSG00000116062,1.18824,1.7057782,GM12878,0.8632127,1.0,1
ENSG00000116062,1.2754521,1.7057782,GM12878,0.94444245,0.110888444,1
ENSG00000116095,1.2653081,1.172311,GM12878,0.8931184,1.0,1
ENSG00000116095,1.2835708,1.172311,GM12878,0.93646896,1.0,1
ENSG00000116096,0.7735568,1.2579185,GM12878,0.8922282,1.0,1
ENSG00000116120,1.4416561,1.774444,GM12878,0.87221766,1.0,1
ENSG00000116127,1.0003792,0.9334873,GM12878,0.86513066,1.0,1
ENSG00000116127,0.9020183,0.9334873,GM12878,0.9079653,0.17351598,1
ENSG00000116127,0.5361078,0.9334873,GM12878,0.9053732,0.9183938,1
ENSG00000118242,0.7395109,0.20139712,GM12878,0.92208356,1.0,1
ENSG00000118246,1.4848945,1.5659658,GM12878,0.75458753,1.0,1
ENSG00000118246,1.2386267,1.5659658,GM12878,0.87723494,1.0,1
ENSG00000118246,1.3785685,1.5659658,GM12878,0.9185687,1.0,1
ENSG00000118246,1.3888099,1.5659658,GM12878,0.9082804,1.0,1
ENSG00000118246,1.4450352,1.5659658,GM12878,0.91919756,1.0,1
ENSG00000118246,1.5455918,1.5659658,GM12878,0.88874143,1.0,1
ENSG00000118260,1.1868218,1.5997739,GM12878,0.88713366,1.0,1
ENSG00000118260,1.436734,1.5997739,GM12878,0.90861094,1.0,1
ENSG00000118260,1.4162326,1.5997739,GM12878,0.90804,1.0,1
ENSG00000118260,1.2799335,1.5997739,GM12878,0.8922173,1.0,1
ENSG00000118260,1.3187563,1.5997739,GM12878,0.83389395,1.0,1
ENSG00000118260,1.4000394,1.5997739,GM12878,0.9195453,1.0,1
ENSG00000118260,1.3752897,1.5997739,GM12878,0.92923534,1.0,1
ENSG00000118260,1.4451232,1.5997739,GM12878,0.680153,0.2573052,1
ENSG00000118307,0.50580406,-0.61978877,GM12878,0.896237,1.0,1
ENSG00000118308,0.104653955,1.0572857,GM12878,0.9715295,1.0,1
ENSG00000118308,0.2768648,1.0572857,GM12878,0.9407436,0.22782609,1
ENSG00000118308,0.27250084,1.0572857,GM12878,0.94792163,0.75272727,1
ENSG00000118308,-0.06034491,1.0572857,GM12878,0.97338593,0.95780593,1
ENSG00000118308,-0.011170968,1.0572857,GM12878,0.97884494,0.98480666,1
ENSG00000118600,1.1181495,1.1610684,GM12878,0.8957527,1.0,1
ENSG00000118600,1.2842387,1.1610684,GM12878,0.8840923,0.007231405,1
ENSG00000118640,1.233293,2.3129175,GM12878,0.7148404,1.0,1
ENSG00000118960,0.91394913,0.587711,GM12878,0.8758462,1.0,1
ENSG00000118960,0.8622705,0.587711,GM12878,0.9059322,1.0,1
ENSG00000118961,1.3961585,1.6205524,GM12878,0.89717466,1.0,1
ENSG00000118961,1.3990248,1.6205524,GM12878,0.9123932,1.0,1
ENSG00000118961,1.2433087,1.6205524,GM12878,0.91185063,0.85960317,1
ENSG00000118961,1.5517964,1.6205524,GM12878,0.9149758,1.0,1
ENSG00000118961,1.5517964,1.6205524,GM12878,0.9149758,1.0,1
ENSG00000118961,1.133239,1.6205524,GM12878,0.9174973,0.86384094,1
ENSG00000118965,0.6671585,0.8182259,GM12878,0.87319607,1.0,1
ENSG00000118965,0.7542032,0.8182259,GM12878,0.9491302,1.0,1
ENSG00000118965,0.5796479,0.8182259,GM12878,0.8809669,1.0,1
ENSG00000118965,0.6497736,0.8182259,GM12878,0.90730625,1.0,1
ENSG00000118965,0.8029463,0.8182259,GM12878,0.86363477,1.0,1
ENSG00000118965,0.81187046,0.8182259,GM12878,0.91018707,1.0,1
ENSG00000118965,0.7258301,0.8182259,GM12878,0.8845542,0.95681065,1
ENSG00000118965,0.7082559,0.8182259,GM12878,0.73606974,0.9547826,1
ENSG00000118965,0.7392957,0.8182259,GM12878,0.6929785,0.046875,1
ENSG00000118971,1.2586808,1.4967914,GM12878,0.9219956,1.0,1
ENSG00000118997,0.56387985,-0.36653155,GM12878,0.7907346,1.0,1
ENSG00000119004,1.3100355,0.8876173,GM12878,0.92351764,1.0,1
ENSG00000119004,1.1305888,0.8876173,GM12878,0.80603915,1.0,1
ENSG00000119004,1.3817443,0.8876173,GM12878,0.67654806,0.29467085,1
ENSG00000119004,1.4532614,0.8876173,GM12878,0.90236795,0.8089431,1
ENSG00000119004,1.124269,0.8876173,GM12878,0.7528005,0.030612245,1
ENSG00000119004,1.2178016,0.8876173,GM12878,0.79465336,0.73277074,1
ENSG00000119013,1.4079405,2.0301137,GM12878,0.9382417,1.0,1
ENSG00000119013,1.7314812,2.0301137,GM12878,0.77514005,0.09055492,1
ENSG00000119013,1.7371645,2.0301137,GM12878,0.7636327,0.018258283,1
ENSG00000119041,1.2093767,1.6016254,GM12878,0.9146762,1.0,1
ENSG00000119041,1.4323848,1.6016254,GM12878,0.9053915,1.0,1
ENSG00000119042,1.1528642,0.8627275,GM12878,0.9078633,1.0,1
ENSG00000119042,1.0277528,0.8627275,GM12878,0.91714853,1.0,1
ENSG00000119185,1.3165898,1.808211,GM12878,0.8298805,1.0,1
ENSG00000119185,1.2393353,1.808211,GM12878,0.8615072,1.0,1
ENSG00000119185,1.1739926,1.808211,GM12878,0.8909711,0.98585904,1
ENSG00000119185,1.2093551,1.808211,GM12878,0.75642705,0.8656399,1
ENSG00000119185,1.2393353,1.808211,GM12878,0.8615072,0.93703705,1
ENSG00000119185,1.2393353,1.808211,GM12878,0.8615072,0.9322034,1
ENSG00000119203,1.3967724,1.6127839,GM12878,0.9236015,1.0,1
ENSG00000119242,0.32040277,0.5786392,GM12878,0.94244504,1.0,1
ENSG00000119242,0.25712225,0.5786392,GM12878,0.95140153,0.1969697,1
ENSG00000119729,1.0264814,1.2372923,GM12878,0.73928756,1.0,1
ENSG00000119729,0.93662035,1.2372923,GM12878,0.9045353,1.0,1
ENSG00000119760,1.6699924,1.7847599,GM12878,0.853191,1.0,1
ENSG00000119760,1.4211116,1.7847599,GM12878,0.9213564,0.98817444,1
ENSG00000119760,1.3996825,1.7847599,GM12878,0.9090193,0.9878512,1
ENSG00000119771,-0.49860108,-0.92081875,GM12878,0.98566335,1.0,1
ENSG00000119772,0.35535264,0.5693739,GM12878,0.9711808,1.0,1
ENSG00000119772,0.059453785,0.5693739,GM12878,0.95601606,1.0,1
ENSG00000119772,0.57527435,0.5693739,GM12878,0.9565314,0.01438849,1
ENSG00000119777,1.7129939,1.8829796,GM12878,0.9430218,1.0,1
ENSG00000119777,1.8062419,1.8829796,GM12878,0.9353219,0.9908821,1
ENSG00000119777,1.8183858,1.8829796,GM12878,0.90228087,0.9938883,1
ENSG00000119778,1.2316229,0.95327634,GM12878,0.9065862,1.0,1
ENSG00000119778,1.3387734,0.95327634,GM12878,0.9287652,1.0,1
ENSG00000119778,1.0565447,0.95327634,GM12878,0.8880968,1.0,1
ENSG00000119787,1.4151235,1.7223871,GM12878,0.8600443,1.0,1
ENSG00000119787,1.4528091,1.7223871,GM12878,0.8578065,1.0,1
ENSG00000119787,1.7289628,1.7223871,GM12878,0.7071199,1.0,1
ENSG00000119787,1.4862803,1.7223871,GM12878,0.9074993,1.0,1
ENSG00000119801,0.9884658,1.4575791,GM12878,0.7523294,1.0,1
ENSG00000119801,0.92463493,1.4575791,GM12878,0.8793169,1.0,1
ENSG00000119801,1.0637534,1.4575791,GM12878,0.6185689,0.01778809,1
ENSG00000119801,0.9884658,1.4575791,GM12878,0.7523294,0.22181372,1
ENSG00000119801,0.9467063,1.4575791,GM12878,0.7167961,0.0033670033,1
ENSG00000119801,0.9467063,1.4575791,GM12878,0.7167961,0.02688172,1
ENSG00000119812,1.091954,1.8899177,GM12878,0.9265366,1.0,1
ENSG00000119812,1.1724706,1.8899177,GM12878,0.8865595,1.0,1
ENSG00000119812,1.1192548,1.8899177,GM12878,0.8789119,1.0,1
ENSG00000119812,1.2378988,1.8899177,GM12878,0.9085899,0.97541213,1
ENSG00000119820,1.012966,1.209783,GM12878,0.88249314,1.0,1
ENSG00000119820,1.1319182,1.209783,GM12878,0.83707017,1.0,1
ENSG00000119844,1.1869066,1.1883659,GM12878,0.7888816,1.0,1
ENSG00000119844,1.1280416,1.1883659,GM12878,0.8393931,0.437788,1
ENSG00000119862,-0.4050399,-0.39794,GM12878,0.99093443,1.0,1
ENSG00000119878,1.2784903,0.96567196,GM12878,0.6238079,1.0,1
ENSG00000119888,0.9554353,1.6857418,GM12878,0.91023785,1.0,1
ENSG00000119888,1.0523926,1.6857418,GM12878,0.9347629,1.0,1
ENSG00000120647,1.1730942,1.1072099,GM12878,0.90745467,1.0,1
ENSG00000120647,1.214272,1.1072099,GM12878,0.82788765,0.4965035,1
ENSG00000120798,1.1064742,1.542452,GM12878,0.9287148,1.0,1
ENSG00000120798,1.2284249,1.542452,GM12878,0.89199317,0.26685795,1
ENSG00000120800,1.113229,1.141136,GM12878,0.92472595,1.0,1
ENSG00000120800,1.1864643,1.141136,GM12878,0.9228152,1.0,1
ENSG00000120802,1.5501224,2.0572476,GM12878,0.84933454,1.0,1
ENSG00000120802,1.4802425,2.0572476,GM12878,0.8344124,1.0,1
ENSG00000120805,1.5725477,1.9766709,GM12878,0.91565835,1.0,1
ENSG00000120805,1.4714118,1.9766709,GM12878,0.8836531,1.0,1
ENSG00000120805,1.4388921,1.9766709,GM12878,0.8544267,1.0,1
ENSG00000120805,1.4388921,1.9766709,GM12878,0.8544267,1.0,1
ENSG00000120805,1.346159,1.9766709,GM12878,0.7815398,0.95432585,1
ENSG00000120832,1.3408027,1.3836359,GM12878,0.78908145,1.0,1
ENSG00000120833,1.546421,1.8873359,GM12878,0.75047535,1.0,1
ENSG00000120833,1.546421,1.8873359,GM12878,0.75047535,1.0,1
ENSG00000120833,1.5470233,1.8873359,GM12878,0.76156473,1.0,1
ENSG00000120837,1.2393525,1.4305588,GM12878,0.90349144,1.0,1
ENSG00000120837,1.1199969,1.4305588,GM12878,0.8132807,1.0,1
ENSG00000120837,1.1199969,1.4305588,GM12878,0.8132807,1.0,1
ENSG00000120860,1.0201696,1.5761108,GM12878,0.9162212,1.0,1
ENSG00000120860,1.0826697,1.5761108,GM12878,0.766124,0.0700961,1
ENSG00000120868,0.8794248,1.0326188,GM12878,0.9112522,1.0,1
ENSG00000120868,0.7688527,1.0326188,GM12878,0.9157301,0.9823232,1
ENSG00000120868,1.0419068,1.0326188,GM12878,0.9164064,1.0,1
ENSG00000121152,1.6489892,1.7512791,GM12878,0.92837703,1.0,1
ENSG00000121152,1.7270304,1.7512791,GM12878,0.82558906,1.0,1
ENSG00000121152,1.3706948,1.7512791,GM12878,0.8279566,0.9639483,1
ENSG00000121152,1.2830727,1.7512791,GM12878,0.8542725,0.8500517,1
ENSG00000121152,1.3057286,1.7512791,GM12878,0.86358684,0.3287037,1
ENSG00000121316,1.1637049,1.4056878,GM12878,0.88450104,1.0,1
ENSG00000121350,1.3579767,0.79588,GM12878,0.8833673,1.0,1
ENSG00000121350,1.0138328,0.79588,GM12878,0.88249606,1.0,1
ENSG00000121350,1.3602979,0.79588,GM12878,0.7855799,0.72845954,1
ENSG00000121749,0.9962101,1.57841,GM12878,0.84567416,1.0,1
ENSG00000121749,1.2035995,1.57841,GM12878,0.7469653,0.0,1
ENSG00000121749,1.317367,1.57841,GM12878,0.85874355,0.0064102565,1
ENSG00000121749,1.337668,1.57841,GM12878,0.9253535,0.9831731,1
ENSG00000121749,1.1967618,1.57841,GM12878,0.73524326,0.058092948,1
ENSG00000121964,1.1273963,0.9127533,GM12878,0.75671333,1.0,1
ENSG00000121988,0.90427864,1.1658376,GM12878,0.8899986,1.0,1
ENSG00000121988,0.771587,1.1658376,GM12878,0.8421164,0.0,1
ENSG00000121989,0.7977294,-0.04095861,GM12878,0.8929684,1.0,1
ENSG00000122085,1.3536072,1.2977605,GM12878,0.81933683,1.0,1
ENSG00000122085,1.3396286,1.2977605,GM12878,0.9412538,0.010638298,1
ENSG00000122085,1.2869794,1.2977605,GM12878,0.9352281,0.12345679,1
ENSG00000122085,1.348278,1.2977605,GM12878,0.95047843,0.8217593,1
ENSG00000122085,1.2936268,1.2977605,GM12878,0.9271773,0.60914177,1
ENSG00000122965,1.2553778,1.2516382,GM12878,0.8599,1.0,1
ENSG00000122965,1.6109179,1.2516382,GM12878,0.8968639,1.0,1
ENSG00000122966,1.235366,1.3463529,GM12878,0.9145194,1.0,1
ENSG00000122966,1.2655089,1.3463529,GM12878,0.9125127,0.98638135,1
ENSG00000122970,0.9094883,0.81557775,GM12878,0.9227967,1.0,1
ENSG00000122971,0.9613378,1.0468851,GM12878,0.9436526,1.0,1
ENSG00000122986,-0.49616686,0.31175387,GM12878,0.99779797,1.0,1
ENSG00000122986,-0.362978,0.31175387,GM12878,0.9945695,1.0,1
ENSG00000122986,-0.31907117,0.31175387,GM12878,0.9861558,0.97333336,1
ENSG00000123064,1.670043,1.7327154,GM12878,0.80376303,1.0,1
ENSG00000123066,1.4905167,1.5703094,GM12878,0.9006967,1.0,1
ENSG00000123104,-0.021474104,-0.06550155,GM12878,0.9558996,1.0,1
ENSG00000123104,0.39100558,-0.06550155,GM12878,0.90766156,1.0,1
ENSG00000123106,1.0988233,1.3641757,GM12878,0.79374427,1.0,1
ENSG00000123106,1.0053456,1.3641757,GM12878,0.8589414,1.0,1
ENSG00000123106,0.9765978,1.3641757,GM12878,0.89033383,1.0,1
ENSG00000123106,0.9073367,1.3641757,GM12878,0.8911524,1.0,1
ENSG00000123106,0.7519126,1.3641757,GM12878,0.9188007,1.0,1
ENSG00000123106,0.89169323,1.3641757,GM12878,0.8842136,0.05717916,1
ENSG00000123106,0.9186593,1.3641757,GM12878,0.9084542,0.021601016,1
ENSG00000123268,1.2827656,1.832892,GM12878,0.8743741,1.0,1
ENSG00000123297,1.4750346,1.5182507,GM12878,0.86030847,0.48857868,1
ENSG00000123297,1.7581155,1.5182507,GM12878,0.92596,0.85376346,1
ENSG00000123329,0.070696086,1.0704073,GM12878,0.97708786,1.0,1
ENSG00000123329,-0.13194229,1.0704073,GM12878,0.99212813,0.94049907,1
ENSG00000123338,0.69156504,1.5537617,GM12878,0.9610334,1.0,1
ENSG00000123349,1.7540476,2.9257915,GM12878,0.9132366,1.0,1
ENSG00000123349,1.6215937,2.9257915,GM12878,0.7943506,0.6959459,1
ENSG00000123349,1.6426232,2.9257915,GM12878,0.7486017,0.047885645,1
ENSG00000123349,1.7326672,2.9257915,GM12878,0.7464175,0.022023737,1
ENSG00000123349,1.7229816,2.9257915,GM12878,0.77861035,0.013575219,1
ENSG00000123349,1.6562775,2.9257915,GM12878,0.8513778,0.93028396,1
ENSG00000123349,1.8483287,2.9257915,GM12878,0.698645,0.9937535,1
ENSG00000123352,1.5502888,1.4935975,GM12878,0.89807385,1.0,1
ENSG00000123352,1.4896924,1.4935975,GM12878,0.7210109,0.47153124,1
ENSG00000123352,1.4394023,1.4935975,GM12878,0.7937644,0.13838384,1
ENSG00000123352,1.4131949,1.4935975,GM12878,0.8215312,0.022909507,1
ENSG00000123352,1.4934764,1.4935975,GM12878,0.6720177,0.039215688,1
ENSG00000123353,1.513485,1.3548764,GM12878,0.7943215,1.0,1
ENSG00000123358,0.35085082,0.3283796,GM12878,0.9591114,1.0,1
ENSG00000123358,0.59306633,0.3283796,GM12878,0.8305698,0.0,1
ENSG00000123374,1.4218036,2.2174313,GM12878,0.9422567,1.0,1
ENSG00000123374,1.5585506,2.2174313,GM12878,0.8841078,0.9916879,1
ENSG00000123374,1.2658503,2.2174313,GM12878,0.92517227,0.9362171,1
ENSG00000123384,0.09465498,-0.4436975,GM12878,0.98356634,1.0,1
ENSG00000123395,1.7062975,1.5259514,GM12878,0.7862726,1.0,1
ENSG00000123395,1.4398723,1.5259514,GM12878,0.8618695,1.0,1
ENSG00000123411,1.3136448,0.77524626,GM12878,0.85644805,1.0,1
ENSG00000123411,1.2723075,0.77524626,GM12878,0.91609424,1.0,1
ENSG00000123411,1.284872,0.77524626,GM12878,0.9476277,1.0,1
ENSG00000123411,1.2367657,0.77524626,GM12878,0.8013139,0.8654292,1
ENSG00000123415,1.2678852,1.5917323,GM12878,0.85321826,1.0,1
ENSG00000123415,1.1113849,1.5917323,GM12878,0.9334711,1.0,1
ENSG00000123415,1.1113849,1.5917323,GM12878,0.9334711,1.0,1
ENSG00000123415,1.622263,1.5917323,GM12878,0.80300677,1.0,1
ENSG00000123415,1.6314186,1.5917323,GM12878,0.8316198,1.0,1
ENSG00000123415,1.648468,1.5917323,GM12878,0.87266606,1.0,1
ENSG00000123415,1.6644827,1.5917323,GM12878,0.80028063,0.2173913,1
ENSG00000123415,1.6582959,1.5917323,GM12878,0.8456688,0.0786802,1
ENSG00000123416,1.9707031,3.5772781,GM12878,0.87275696,1.0,1
ENSG00000123427,1.3961141,1.141136,GM12878,0.7660852,1.0,1
ENSG00000123427,1.2259839,1.141136,GM12878,0.8853603,0.7287273,1
ENSG00000123485,1.8095088,1.9139198,GM12878,0.9032905,1.0,1
ENSG00000123600,1.1311191,1.4321673,GM12878,0.79502547,1.0,1
ENSG00000123600,0.88741577,1.4321673,GM12878,0.88777167,1.0,1
ENSG00000123600,0.94166744,1.4321673,GM12878,0.8259689,1.0,1
ENSG00000123600,0.8959509,1.4321673,GM12878,0.9114451,0.22931938,1
ENSG00000123600,0.88741577,1.4321673,GM12878,0.88777167,0.3387978,1
ENSG00000123607,0.86272025,1.4080703,GM12878,0.9201626,1.0,1
ENSG00000123609,1.1772577,1.0895519,GM12878,0.80742127,1.0,1
ENSG00000123609,1.1549234,1.0895519,GM12878,0.84430945,1.0,1
ENSG00000123609,1.2653303,1.0895519,GM12878,0.8990315,1.0,1
ENSG00000123609,1.134439,1.0895519,GM12878,0.8403579,1.0,1
ENSG00000123609,1.1326249,1.0895519,GM12878,0.83687395,1.0,1
ENSG00000123609,1.3835627,1.0895519,GM12878,0.87705964,0.981893,1
ENSG00000123610,-0.47074053,-0.92081875,GM12878,0.985268,1.0,1
ENSG00000123610,-0.25338918,-0.92081875,GM12878,0.9752985,1.0,1
ENSG00000123636,1.2191486,1.2000293,GM12878,0.8973925,1.0,1
ENSG00000123983,1.3458879,1.913496,GM12878,0.91721106,1.0,1
ENSG00000123989,1.0642009,0.99913055,GM12878,0.9405638,1.0,1
ENSG00000123989,1.0809774,0.99913055,GM12878,0.9115908,1.0,1
ENSG00000123992,1.0790741,1.6747693,GM12878,0.84688604,1.0,1
ENSG00000123992,1.4177432,1.6747693,GM12878,0.92311704,1.0,1
ENSG00000123992,1.5865442,1.6747693,GM12878,0.7730082,1.0,1
ENSG00000124356,1.2129775,1.548635,GM12878,0.8842674,1.0,1
ENSG00000124356,1.4131931,1.548635,GM12878,0.8638818,1.0,1
ENSG00000124356,1.4838874,1.548635,GM12878,0.8969066,1.0,1
ENSG00000124357,1.4614716,0.9175055,GM12878,0.87650144,1.0,1
ENSG00000124370,1.3330479,1.3666097,GM12878,0.8963357,1.0,1
ENSG00000124374,-0.32293022,-0.69897,GM12878,0.9864384,1.0,1
ENSG00000124380,1.153928,1.6141587,GM12878,0.8693565,1.0,1
ENSG00000124380,1.4961977,1.6141587,GM12878,0.9104799,1.0,1
ENSG00000124380,1.4722353,1.6141587,GM12878,0.89758945,1.0,1
ENSG00000124380,1.5290632,1.6141587,GM12878,0.6717649,1.0,1
ENSG00000124380,1.2956014,1.6141587,GM12878,0.91674876,1.0,1
ENSG00000124383,1.4848713,1.3898746,GM12878,0.91920525,1.0,1
ENSG00000124383,1.6271939,1.3898746,GM12878,0.92755365,1.0,1
ENSG00000124831,1.0076696,1.2491983,GM12878,0.7257147,1.0,1
ENSG00000124831,1.0166676,1.2491983,GM12878,0.7509099,1.0,1
ENSG00000124831,1.1322744,1.2491983,GM12878,0.8361732,1.0,1
ENSG00000124831,1.1813067,1.2491983,GM12878,0.7883099,1.0,1
ENSG00000124831,1.2447194,1.2491983,GM12878,0.82972896,0.0074850298,1
ENSG00000125538,-0.56407714,-0.79588,GM12878,0.99166965,1.0,1
ENSG00000125551,0.65539193,-0.63827217,GM12878,0.9720088,1.0,1
ENSG00000125571,-0.56517243,-0.88605666,GM12878,0.9923813,1.0,1
ENSG00000125611,0.97431946,1.1863912,GM12878,0.79423827,1.0,1
ENSG00000125611,0.9729724,1.1863912,GM12878,0.9148001,1.0,1
ENSG00000125629,1.1261332,1.3870337,GM12878,0.927898,1.0,1
ENSG00000125629,0.79727626,1.3870337,GM12878,0.9426378,1.0,1
ENSG00000125629,1.0540714,1.3870337,GM12878,0.9422967,1.0,1
ENSG00000125629,0.91546106,1.3870337,GM12878,0.92531776,0.47379795,1
ENSG00000125630,1.5487328,1.499137,GM12878,0.9149171,1.0,1
ENSG00000125630,1.7637593,1.499137,GM12878,0.9273286,1.0,1
ENSG00000125630,1.5406868,1.499137,GM12878,0.8372391,0.062063616,1
ENSG00000125630,1.4674189,1.499137,GM12878,0.9396622,0.93,1
ENSG00000125633,1.0584483,1.1658376,GM12878,0.93821234,1.0,1
ENSG00000125637,1.4385437,1.0081742,GM12878,0.9284508,1.0,1
ENSG00000125637,1.2257165,1.0081742,GM12878,0.8090416,1.0,1
ENSG00000125637,1.0940185,1.0081742,GM12878,0.8937908,1.0,1
ENSG00000125637,1.1242273,1.0081742,GM12878,0.90735334,1.0,1
ENSG00000125637,1.4238317,1.0081742,GM12878,0.9208943,1.0,1
ENSG00000125637,1.1649773,1.0081742,GM12878,0.93314004,1.0,1
ENSG00000125637,1.2592998,1.0081742,GM12878,0.90662104,1.0,1
ENSG00000125637,1.3612065,1.0081742,GM12878,0.9287707,1.0,1
ENSG00000125637,1.1764269,1.0081742,GM12878,0.7714373,1.0,1
ENSG00000125637,1.1250033,1.0081742,GM12878,0.8760088,1.0,1
ENSG00000126746,1.8786414,1.548635,GM12878,0.8837038,1.0,1
ENSG00000126746,1.5141454,1.548635,GM12878,0.88183314,0.20787746,1
ENSG00000127311,1.1670502,0.4756712,GM12878,0.8731473,1.0,1
ENSG00000127311,1.2097784,0.4756712,GM12878,0.82736903,1.0,1
ENSG00000127311,0.92282844,0.4756712,GM12878,0.92334867,1.0,1
ENSG00000127311,1.0759684,0.4756712,GM12878,0.91618276,1.0,1
ENSG00000127311,0.8202615,0.4756712,GM12878,0.9142561,0.8467433,1
ENSG00000127314,1.5905573,2.2907023,GM12878,0.80032367,1.0,1
ENSG00000127314,1.533505,2.2907023,GM12878,0.93423134,1.0,1
ENSG00000127314,1.5905573,2.2907023,GM12878,0.80032367,0.8893035,1
ENSG00000127314,1.6741552,2.2907023,GM12878,0.8811799,0.54487586,1
ENSG00000127314,1.5587184,2.2907023,GM12878,0.8001961,0.9493011,1
ENSG00000127314,1.8166199,2.2907023,GM12878,0.9308998,0.97630507,1
ENSG00000127328,0.69145906,1.20412,GM12878,0.86510515,1.0,1
ENSG00000127328,0.59274197,1.20412,GM12878,0.852262,0.03137255,1
ENSG00000127329,-0.033299603,0.11394335,GM12878,0.97977805,1.0,1
ENSG00000127329,0.28436038,0.11394335,GM12878,0.97171956,1.0,1
ENSG00000127329,-0.13760927,0.11394335,GM12878,0.9784607,1.0,1
ENSG00000127329,-0.14640081,0.11394335,GM12878,0.9829485,1.0,1
ENSG00000127329,0.4289398,0.11394335,GM12878,0.9693961,1.0,1
ENSG00000127329,-0.068026096,0.11394335,GM12878,0.97976077,1.0,1
ENSG00000127334,0.984174,0.9973864,GM12878,0.7714867,0.5381485,1
ENSG00000127337,1.7594678,1.538825,GM12878,0.8512927,1.0,1
ENSG00000127720,0.4841514,0.13672057,GM12878,0.8386898,1.0,1
ENSG00000127720,0.4841514,0.13672057,GM12878,0.8386898,1.0,1
ENSG00000127831,-0.12435765,-0.27572414,GM12878,0.96821547,1.0,1
ENSG00000127831,0.07480252,-0.27572414,GM12878,0.9797278,1.0,1
ENSG00000127837,1.1737806,1.5370631,GM12878,0.91325104,1.0,1
ENSG00000128641,-0.4336657,-0.92081875,GM12878,0.97531736,1.0,1
ENSG00000128654,1.3301294,2.0857186,GM12878,0.76107323,1.0,1
ENSG00000128654,0.90942144,2.0857186,GM12878,0.84590876,0.04629921,1
ENSG00000128656,-0.47858736,-0.10237291,GM12878,0.9833856,1.0,1
ENSG00000128656,-0.40017858,-0.10237291,GM12878,0.9619089,1.0,1
ENSG00000128694,0.76653695,0.924796,GM12878,0.8970647,1.0,1
ENSG00000128694,1.3417097,0.924796,GM12878,0.7924316,0.76880985,1
ENSG00000128699,1.2298695,1.7199938,GM12878,0.9327121,1.0,1
ENSG00000128699,1.050386,1.7199938,GM12878,0.86767894,1.0,1
ENSG00000128699,1.1097426,1.7199938,GM12878,0.8460028,1.0,1
ENSG00000128699,1.2087553,1.7199938,GM12878,0.81004554,0.7994707,1
ENSG00000128708,1.9304473,2.2692094,GM12878,0.8829163,1.0,1
ENSG00000128708,1.7505342,2.2692094,GM12878,0.8160203,0.9689303,1
ENSG00000128708,1.6368486,2.2692094,GM12878,0.84978926,0.9924983,1
ENSG00000129315,1.7380216,1.5712428,GM12878,0.8637714,1.0,1
ENSG00000129315,1.6635394,1.5712428,GM12878,0.917883,0.6581071,1
ENSG00000129317,1.3172748,1.3016809,GM12878,0.94282615,1.0,1
ENSG00000129317,1.2614675,1.3016809,GM12878,0.928069,0.5429395,1
ENSG00000130038,1.1360118,0.8645111,GM12878,0.8874246,1.0,1
ENSG00000130038,1.0068922,0.8645111,GM12878,0.88913727,1.0,1
ENSG00000130414,1.5759795,1.9393694,GM12878,0.92053306,1.0,1
ENSG00000130783,0.2042324,-0.124938734,GM12878,0.9707562,1.0,1
ENSG00000130787,0.8301295,1.0941216,GM12878,0.9296836,1.0,1
ENSG00000130921,1.10559,1.1048284,GM12878,0.89433295,1.0,1
ENSG00000132300,1.823149,2.152533,GM12878,0.83243084,1.0,1
ENSG00000132300,1.8754103,2.152533,GM12878,0.921646,1.0,1
ENSG00000132300,1.8256273,2.152533,GM12878,0.9012965,1.0,1
ENSG00000132305,1.5781647,1.9421073,GM12878,0.923077,1.0,1
ENSG00000132305,1.1236788,1.9421073,GM12878,0.90498585,1.0,1
ENSG00000132323,1.4198549,1.3490832,GM12878,0.9261538,1.0,1
ENSG00000132323,1.3916035,1.3490832,GM12878,0.9260023,1.0,1
ENSG00000132323,1.341433,1.3490832,GM12878,0.76607347,1.0,1
ENSG00000132323,1.2963277,1.3490832,GM12878,0.8561132,0.9828393,1
ENSG00000132326,1.3750482,0.350248,GM12878,0.8410752,1.0,1
ENSG00000132326,1.2160463,0.350248,GM12878,0.819974,0.66169155,1
ENSG00000132329,-0.70737267,-0.30980393,GM12878,0.99554366,1.0,1
ENSG00000132330,1.4590232,1.1132747,GM12878,0.9295906,1.0,1
ENSG00000132330,1.1876055,1.1132747,GM12878,0.94260633,1.0,1
ENSG00000132330,0.84993577,1.1132747,GM12878,0.7840681,1.0,1
ENSG00000132330,1.1152606,1.1132747,GM12878,0.7903568,0.124535315,1
ENSG00000132341,1.6509731,3.411069,GM12878,0.7680432,0.08587893,1
ENSG00000133641,1.2425121,1.5317343,GM12878,0.92565024,1.0,1
ENSG00000133641,1.3167484,1.5317343,GM12878,0.9208807,1.0,1
ENSG00000133641,1.0448434,1.5317343,GM12878,0.8740505,0.66042554,1
ENSG00000133641,1.2671604,1.5317343,GM12878,0.9318347,0.9412023,1
ENSG00000133687,0.095247895,-0.92081875,GM12878,0.9780151,1.0,1
ENSG00000133703,1.1473815,1.1646502,GM12878,0.9058696,1.0,1
ENSG00000133703,1.099743,1.1646502,GM12878,0.8693838,0.016381767,1
ENSG00000133704,0.99066603,1.1866739,GM12878,0.9229246,1.0,1
ENSG00000133773,1.5533328,1.4001925,GM12878,0.76158684,1.0,1
ENSG00000133773,1.6348844,1.4001925,GM12878,0.75944537,1.0,1
ENSG00000133858,1.6129806,1.8242561,GM12878,0.90904766,1.0,1
ENSG00000133858,1.8092141,1.8242561,GM12878,0.90795344,1.0,1
ENSG00000134283,0.9618335,1.9033071,GM12878,0.9025283,1.0,1
ENSG00000134283,1.0204475,1.9033071,GM12878,0.91666174,1.0,1
ENSG00000134283,0.98996186,1.9033071,GM12878,0.8387887,0.14871553,1
ENSG00000134283,1.0631496,1.9033071,GM12878,0.9249153,0.57435775,1
ENSG00000134283,0.8798833,1.9033071,GM12878,0.8996244,0.03582371,1
ENSG00000134283,1.0790684,1.9033071,GM12878,0.8447677,0.97013485,1
ENSG00000134285,0.745298,0.8312297,GM12878,0.69791526,1.0,1
ENSG00000134287,1.1907885,2.0677402,GM12878,0.9264557,1.0,1
ENSG00000134287,1.1907885,2.0677402,GM12878,0.9264557,1.0,1
ENSG00000134287,1.2874943,2.0677402,GM12878,0.9301855,0.9950777,1
ENSG00000134291,0.9827404,2.1332195,GM12878,0.90440744,1.0,1
ENSG00000134294,1.5658647,2.0171585,GM12878,0.9137144,1.0,1
ENSG00000134294,1.7590253,2.0171585,GM12878,0.82433826,0.91113335,1
ENSG00000134308,1.3132901,2.3748765,GM12878,0.9283736,1.0,1
ENSG00000134313,1.3887181,1.5081255,GM12878,0.8974279,1.0,1
ENSG00000134313,1.286794,1.5081255,GM12878,0.8363597,1.0,1
ENSG00000134313,1.2600019,1.5081255,GM12878,0.75816053,0.09715994,1
ENSG00000134317,1.0334171,0.7041505,GM12878,0.9404267,1.0,1
ENSG00000134317,1.0852069,0.7041505,GM12878,0.8770705,1.0,1
ENSG00000134318,1.2280821,0.84010607,GM12878,0.7946759,1.0,1
ENSG00000134318,1.1527067,0.84010607,GM12878,0.92027575,1.0,1
ENSG00000134318,1.5415797,0.84010607,GM12878,0.9167155,1.0,1
ENSG00000134318,1.0626285,0.84010607,GM12878,0.7074079,1.0,1
ENSG00000134321,-0.23118374,-0.4202164,GM12878,0.98230976,1.0,1
ENSG00000134324,0.8744713,1.854306,GM12878,0.8735436,1.0,1
ENSG00000134324,1.4581704,1.854306,GM12878,0.93597543,0.056830805,1
ENSG00000134326,0.982218,0.50105923,GM12878,0.9241628,1.0,1
ENSG00000134531,-0.6221452,-0.7212464,GM12878,0.99514353,1.0,1
ENSG00000134532,-0.27816537,1.0681858,GM12878,0.9807583,1.0,1
ENSG00000134532,-0.25515562,1.0681858,GM12878,0.9911254,1.0,1
ENSG00000135090,1.5165687,1.6541766,GM12878,0.93255436,1.0,1
ENSG00000135090,1.1932249,1.6541766,GM12878,0.83959883,1.0,1
ENSG00000135090,1.2633346,1.6541766,GM12878,0.9213493,1.0,1
ENSG00000135090,1.4501789,1.6541766,GM12878,0.85541207,0.9892819,1
ENSG00000135090,1.3637481,1.6541766,GM12878,0.802183,0.0,1
ENSG00000135093,0.85830855,1.0906107,GM12878,0.8432047,1.0,1
ENSG00000135093,0.96064067,1.0906107,GM12878,0.70233417,1.0,1
ENSG00000135093,1.1404405,1.0906107,GM12878,0.6909033,1.0,1
ENSG00000135093,0.9925728,1.0906107,GM12878,0.9015505,1.0,1
ENSG00000135108,1.1746222,0.8293038,GM12878,0.85237545,1.0,1
ENSG00000135124,1.3760849,1.1743506,GM12878,0.8727366,0.30533335,1
ENSG00000135124,1.0471375,1.1743506,GM12878,0.78871036,0.0,1
ENSG00000135124,1.1477404,1.1743506,GM12878,0.888873,0.07363014,1
ENSG00000135127,-0.6619055,0.11058971,GM12878,0.994816,1.0,1
ENSG00000135148,1.3479358,1.6369891,GM12878,0.9266917,1.0,1
ENSG00000135390,1.624856,2.530046,GM12878,0.8842197,1.0,1
ENSG00000135390,1.6533756,2.530046,GM12878,0.70333135,1.0,1
ENSG00000135392,1.22187,0.83884907,GM12878,0.7111161,1.0,1
ENSG00000135404,1.7978568,2.3220744,GM12878,0.6721133,1.0,1
ENSG00000135407,0.31631202,-0.60206,GM12878,0.9821811,1.0,1
ENSG00000135414,0.88519776,0.5658478,GM12878,0.93596363,1.0,1
ENSG00000135424,-0.3016745,-0.022276394,GM12878,0.9912615,1.0,1
ENSG00000135426,0.3817375,0.1398791,GM12878,0.8512204,1.0,1
ENSG00000135436,0.04361601,-0.7447275,GM12878,0.94890255,1.0,1
ENSG00000135436,-0.10070816,-0.7447275,GM12878,0.98132664,1.0,1
ENSG00000135436,-0.3010779,-0.7447275,GM12878,0.9870024,1.0,1
ENSG00000135439,-0.5081996,-0.537602,GM12878,0.99401444,1.0,1
ENSG00000135441,0.8964244,1.8585372,GM12878,0.91791135,1.0,1
ENSG00000135441,0.8964244,1.8585372,GM12878,0.91791135,1.0,1
ENSG00000135441,1.1493335,1.8585372,GM12878,0.80095017,0.98213196,1
ENSG00000135441,1.0968527,1.8585372,GM12878,0.8558974,0.5353774,1
ENSG00000135446,1.670582,2.536899,GM12878,0.8249873,1.0,1
ENSG00000135446,1.5544913,2.536899,GM12878,0.8552791,0.9989126,1
ENSG00000135451,1.8832481,1.6447339,GM12878,0.8863584,1.0,1
ENSG00000135451,1.551909,1.6447339,GM12878,0.9242649,1.0,1
ENSG00000135451,1.628147,1.6447339,GM12878,0.9259232,1.0,1
ENSG00000135451,1.6572132,1.6447339,GM12878,0.81560236,0.97270954,1
ENSG00000135452,1.4972903,1.1826999,GM12878,0.87239325,1.0,1
ENSG00000135454,0.99355817,0.89872515,GM12878,0.8930771,1.0,1
ENSG00000135457,1.532842,1.3747483,GM12878,0.86221766,1.0,1
ENSG00000135469,0.8104,1.3586961,GM12878,0.86717635,1.0,1
ENSG00000135469,0.80172575,1.3586961,GM12878,0.8936877,1.0,1
ENSG00000135469,0.841987,1.3586961,GM12878,0.9236634,1.0,1
ENSG00000135473,1.1966376,1.883775,GM12878,0.92515105,1.0,1
ENSG00000135473,1.4241897,1.883775,GM12878,0.8911221,1.0,1
ENSG00000135476,1.6193197,1.2355285,GM12878,0.7759078,1.0,1
ENSG00000135476,1.580771,1.2355285,GM12878,0.9180552,0.5907173,1
ENSG00000135482,1.1425524,-0.017728766,GM12878,0.6001698,1.0,1
ENSG00000135486,1.7558322,2.9958897,GM12878,0.8774858,1.0,1
ENSG00000135486,1.9485357,2.9958897,GM12878,0.85438496,0.34279418,1
ENSG00000135503,0.99013793,0.8162413,GM12878,0.9117943,1.0,1
ENSG00000135503,1.232348,0.8162413,GM12878,0.9392533,1.0,1
ENSG00000135506,1.1444901,1.8877298,GM12878,0.93127245,1.0,1
ENSG00000135506,1.3500127,1.8877298,GM12878,0.843516,0.9977635,1
ENSG00000135506,1.2385292,1.8877298,GM12878,0.8900448,0.998253,1
ENSG00000135506,1.0123229,1.8877298,GM12878,0.94788563,0.6018163,1
ENSG00000135517,-0.36257768,-0.88605666,GM12878,0.96419394,1.0,1
ENSG00000135519,-0.3308839,-0.92081875,GM12878,0.97168905,1.0,1
ENSG00000135519,-0.4204364,-0.92081875,GM12878,0.9932594,1.0,1
ENSG00000135519,-0.10392442,-0.92081875,GM12878,0.9783815,1.0,1
ENSG00000135617,0.99728036,1.358506,GM12878,0.909321,1.0,1
ENSG00000135617,1.1981031,1.358506,GM12878,0.8843753,1.0,1
ENSG00000135617,1.2164754,1.358506,GM12878,0.8071134,1.0,1
ENSG00000135622,-0.12425945,-0.27572414,GM12878,0.9852881,1.0,1
ENSG00000135624,1.7047291,2.686082,GM12878,0.940795,1.0,1
ENSG00000135624,1.7569184,2.686082,GM12878,0.82592905,0.009721189,1
ENSG00000135632,1.2664919,1.5007852,GM12878,0.70090675,1.0,1
ENSG00000135643,-0.3501108,-0.56863624,GM12878,0.9756477,1.0,1
ENSG00000135655,1.4063494,2.1769302,GM12878,0.91628903,1.0,1
ENSG00000135655,1.4063494,2.1769302,GM12878,0.91628903,1.0,1
ENSG00000135655,1.3475385,2.1769302,GM12878,0.8795346,0.9838002,1
ENSG00000135677,1.3857287,1.3802112,GM12878,0.8600848,1.0,1
ENSG00000135677,1.2437065,1.3802112,GM12878,0.75148964,0.7834483,1
ENSG00000135677,1.0168273,1.3802112,GM12878,0.87721264,0.0,1
ENSG00000135679,1.6651002,1.3823773,GM12878,0.8344997,1.0,1
ENSG00000135679,1.7112156,1.3823773,GM12878,0.8848031,0.97324723,1
ENSG00000135679,1.4190428,1.3823773,GM12878,0.9210977,0.99904764,1
ENSG00000135679,1.4253082,1.3823773,GM12878,0.900746,0.9740019,1
ENSG00000135679,1.4245547,1.3823773,GM12878,0.76283133,1.0,1
ENSG00000135898,-0.5396273,-0.36653155,GM12878,0.9549732,1.0,1
ENSG00000135899,-0.012799911,0.29003462,GM12878,0.9704075,1.0,1
ENSG00000135899,0.8152361,0.29003462,GM12878,0.9209242,1.0,1
ENSG00000135899,0.7534926,0.29003462,GM12878,0.9092004,1.0,1
ENSG00000135912,1.3129231,1.5507175,GM12878,0.90210253,1.0,1
ENSG00000135913,1.3555186,0.81291336,GM12878,0.8707614,1.0,1
ENSG00000135913,1.3026211,0.81291336,GM12878,0.8529277,1.0,1
ENSG00000135913,1.2873797,0.81291336,GM12878,0.6761436,0.96666664,1
ENSG00000135913,1.2608111,0.81291336,GM12878,0.88309187,0.9627451,1
ENSG00000135916,0.8572763,1.6893089,GM12878,0.90385765,1.0,1
ENSG00000135916,0.81537235,1.6893089,GM12878,0.92565084,1.0,1
ENSG00000135916,0.7189069,1.6893089,GM12878,0.90996933,1.0,1
ENSG00000135916,0.825256,1.6893089,GM12878,0.88208026,0.7501063,1
ENSG00000135916,0.6098883,1.6893089,GM12878,0.88286436,0.99872506,1
ENSG00000135924,0.71063125,0.6314438,GM12878,0.8627796,1.0,1
ENSG00000135924,0.7378831,0.6314438,GM12878,0.88629746,1.0,1
ENSG00000135926,1.2619439,1.6454222,GM12878,0.86753106,1.0,1
ENSG00000135926,1.742223,1.6454222,GM12878,0.77942425,1.0,1
ENSG00000135926,1.2619439,1.6454222,GM12878,0.86753106,0.55841535,1
ENSG00000135926,1.5011735,1.6454222,GM12878,0.8177253,0.0013537906,1
ENSG00000135930,1.7821813,1.3117539,GM12878,0.89324456,1.0,1
ENSG00000135930,1.6153004,1.3117539,GM12878,0.92626053,0.76930064,1
ENSG00000135931,0.19375327,0.2552725,GM12878,0.90826714,1.0,1
ENSG00000135931,0.04053241,0.2552725,GM12878,0.97123486,1.0,1
ENSG00000135932,1.2988614,1.769525,GM12878,0.900114,1.0,1
ENSG00000135940,1.8568931,2.6450388,GM12878,0.8600942,1.0,1
ENSG00000135940,1.8740348,2.6450388,GM12878,0.9097908,1.0,1
ENSG00000135945,1.471889,1.6389881,GM12878,0.9416672,1.0,1
ENSG00000135945,1.3699571,1.6389881,GM12878,0.92354673,0.1492205,1
ENSG00000135953,1.2377055,0.79934055,GM12878,0.91391426,1.0,1
ENSG00000135953,1.4027263,0.79934055,GM12878,0.91331446,1.0,1
ENSG00000135953,1.2545159,0.79934055,GM12878,0.93833005,0.22434367,1
ENSG00000135956,1.3526844,1.0417873,GM12878,0.78076285,1.0,1
ENSG00000135956,1.3670845,1.0417873,GM12878,0.7719598,1.0,1
ENSG00000135966,1.5003028,0.854913,GM12878,0.9291278,1.0,1
ENSG00000135966,1.363338,0.854913,GM12878,0.88695616,1.0,1
ENSG00000135968,1.1054119,1.1519824,GM12878,0.9292163,1.0,1
ENSG00000135974,1.2166771,1.3873898,GM12878,0.92631024,1.0,1
ENSG00000135976,0.8998275,0.98989457,GM12878,0.9062331,1.0,1
ENSG00000135999,1.3853831,1.414472,GM12878,0.9141075,1.0,1
ENSG00000135999,1.2774401,1.414472,GM12878,0.8896972,1.0,1
ENSG00000135999,1.3081346,1.414472,GM12878,0.93170977,1.0,1
ENSG00000136003,1.6870418,1.8243862,GM12878,0.80609506,1.0,1
ENSG00000136003,1.6313584,1.8243862,GM12878,0.7044997,0.06982093,1
ENSG00000136003,1.7141194,1.8243862,GM12878,0.8945675,0.0022763088,1
ENSG00000136003,1.677984,1.8243862,GM12878,0.9208134,0.00070150825,1
ENSG00000136010,0.91840374,0.48144263,GM12878,0.9252533,1.0,1
ENSG00000136010,0.9182844,0.48144263,GM12878,0.8749446,1.0,1
ENSG00000136010,0.8507267,0.48144263,GM12878,0.91321254,1.0,1
ENSG00000136021,1.3141181,1.3546846,GM12878,0.88474536,1.0,1
ENSG00000136021,1.3426075,1.3546846,GM12878,0.9276433,1.0,1
ENSG00000136040,-0.28201696,-0.48148605,GM12878,0.967694,1.0,1
ENSG00000136040,-0.112151004,-0.48148605,GM12878,0.951244,1.0,1
ENSG00000136044,1.0323944,1.0077478,GM12878,0.8029501,1.0,1
ENSG00000136044,1.0822397,1.0077478,GM12878,0.7942742,1.0,1
ENSG00000136045,1.4814078,1.9060656,GM12878,0.7635303,1.0,1
ENSG00000136048,0.5461099,0.22271647,GM12878,0.84076667,1.0,1
ENSG00000136051,1.1109309,1.2605484,GM12878,0.901432,1.0,1
ENSG00000136051,1.1267238,1.2605484,GM12878,0.90436536,1.0,1
ENSG00000136052,0.032499984,-0.6777807,GM12878,0.97191983,1.0,1
ENSG00000136536,1.597451,1.6893089,GM12878,0.88484764,1.0,1
ENSG00000136536,1.5271095,1.6893089,GM12878,0.89032865,1.0,1
ENSG00000136536,1.4013444,1.6893089,GM12878,0.910194,0.8555219,1
ENSG00000136536,1.4899168,1.6893089,GM12878,0.7156626,0.8555219,1
ENSG00000136541,-0.053781666,-0.7447275,GM12878,0.89658844,1.0,1
ENSG00000136541,-0.44729936,-0.7447275,GM12878,0.98708344,1.0,1
ENSG00000136542,1.5134761,1.6290016,GM12878,0.9096967,1.0,1
ENSG00000136542,1.6460509,1.6290016,GM12878,0.89863956,1.0,1
ENSG00000136560,1.2456944,1.6435513,GM12878,0.90851945,1.0,1
ENSG00000136560,1.4620371,1.6435513,GM12878,0.8706651,1.0,1
ENSG00000136560,1.2429367,1.6435513,GM12878,0.891928,1.0,1
ENSG00000136560,1.1511853,1.6435513,GM12878,0.8693569,1.0,1
ENSG00000136682,1.2970637,1.4702635,GM12878,0.9044027,1.0,1
ENSG00000136682,1.3201348,1.4702635,GM12878,0.6198929,0.39384496,1
ENSG00000136682,1.3634882,1.4702635,GM12878,0.90079194,0.018551765,1
ENSG00000136682,0.9805186,1.4702635,GM12878,0.9320499,0.12951168,1
ENSG00000136682,1.3537644,1.4702635,GM12878,0.8997139,0.8266108,1
ENSG00000136699,0.97288704,1.6574383,GM12878,0.88728416,1.0,1
ENSG00000136699,1.0104073,1.6574383,GM12878,0.7725438,0.08573903,1
ENSG00000136699,1.1472108,1.6574383,GM12878,0.7634814,0.76760566,1
ENSG00000136699,1.1317164,1.6574383,GM12878,0.9043077,0.9672771,1
ENSG00000136709,1.8184129,1.6395861,GM12878,0.87922156,1.0,1
ENSG00000136710,1.0037167,1.6773331,GM12878,0.93441856,1.0,1
ENSG00000136710,0.96256256,1.6773331,GM12878,0.9177715,0.102380954,1
ENSG00000136715,1.1655295,0.9965117,GM12878,0.9111879,0.4827586,1
ENSG00000136717,-0.4488969,-0.060480747,GM12878,0.9855127,1.0,1
ENSG00000136718,1.5562382,2.0466902,GM12878,0.9287986,1.0,1
ENSG00000136731,1.3403628,1.2962263,GM12878,0.8658137,1.0,1
ENSG00000136731,1.3534853,1.2962263,GM12878,0.9350033,1.0,1
ENSG00000136732,1.1175036,2.287152,GM12878,0.87073636,1.0,1
ENSG00000136732,1.4704854,2.287152,GM12878,0.9273736,0.0075281016,1
ENSG00000136732,1.2472079,2.287152,GM12878,0.7576791,0.50829196,1
ENSG00000138002,1.2475283,1.2214142,GM12878,0.91006076,1.0,1
ENSG00000138002,1.2461109,1.2214142,GM12878,0.7599978,0.0,1
ENSG00000138018,1.5102369,1.3220124,GM12878,0.900465,1.0,1
ENSG00000138029,1.0994155,1.962322,GM12878,0.90516067,1.0,1
ENSG00000138029,1.0994155,1.962322,GM12878,0.90516067,1.0,1
ENSG00000138029,1.084923,1.962322,GM12878,0.7480082,0.9915265,1
ENSG00000138030,0.59044456,0.4578819,GM12878,0.9581836,1.0,1
ENSG00000138031,0.5578401,1.474362,GM12878,0.9781252,1.0,1
ENSG00000138031,0.75363386,1.474362,GM12878,0.94583726,1.0,1
ENSG00000138031,0.46974012,1.474362,GM12878,0.9554123,0.3809524,1
ENSG00000138032,1.1006874,1.5174599,GM12878,0.71817446,1.0,1
ENSG00000138032,1.3134744,1.5174599,GM12878,0.6802749,1.0,1
ENSG00000138032,0.98457325,1.5174599,GM12878,0.9003421,0.99812263,1
ENSG00000138032,0.9690275,1.5174599,GM12878,0.90429235,0.637321,1
ENSG00000138035,1.4486399,1.602711,GM12878,0.8846867,1.0,1
ENSG00000138035,1.1997058,1.602711,GM12878,0.8736165,1.0,1
ENSG00000138035,1.416144,1.602711,GM12878,0.92121816,1.0,1
ENSG00000138036,0.5193857,1.4723176,GM12878,0.8085896,1.0,1
ENSG00000138050,1.397897,1.4776999,GM12878,0.909258,1.0,1
ENSG00000138050,1.4995098,1.4776999,GM12878,0.8901492,1.0,1
ENSG00000138050,1.5703322,1.4776999,GM12878,0.9042504,0.4416191,1
ENSG00000138050,1.3716776,1.4776999,GM12878,0.8907296,0.054569364,1
ENSG00000138069,1.269007,2.0828214,GM12878,0.9043007,1.0,1
ENSG00000138071,1.4570355,2.0807707,GM12878,0.90411335,1.0,1
ENSG00000138071,1.3717204,2.0807707,GM12878,0.91430086,1.0,1
ENSG00000138071,1.4103866,2.0807707,GM12878,0.8118473,1.0,1
ENSG00000138071,1.7188476,2.0807707,GM12878,0.92683965,1.0,1
ENSG00000138071,1.5490685,2.0807707,GM12878,0.797608,0.0,1
ENSG00000138073,1.1466439,1.8209236,GM12878,0.94525343,1.0,1
ENSG00000138073,1.0425911,1.8209236,GM12878,0.94515574,1.0,1
ENSG00000138073,1.3871131,1.8209236,GM12878,0.94735837,0.993831,1
ENSG00000138073,1.3870914,1.8209236,GM12878,0.94664675,0.98530495,1
ENSG00000138074,1.5534465,2.0226758,GM12878,0.9049479,1.0,1
ENSG00000138074,1.8945355,2.0226758,GM12878,0.86520314,0.0038812784,1
ENSG00000138078,1.8153179,1.6208645,GM12878,0.89158237,1.0,1
ENSG00000138078,1.1530452,1.6208645,GM12878,0.875087,1.0,1
ENSG00000138078,1.5599883,1.6208645,GM12878,0.8740432,1.0,1
ENSG00000138078,1.3458719,1.6208645,GM12878,0.8980199,1.0,1
ENSG00000138078,1.2889376,1.6208645,GM12878,0.83311516,1.0,1
ENSG00000138078,1.5496645,1.6208645,GM12878,0.887351,0.9982614,1
ENSG00000138078,1.0404791,1.6208645,GM12878,0.8421088,0.34531185,1
ENSG00000138080,-0.3704542,-0.4436975,GM12878,0.9823402,1.0,1
ENSG00000138080,-0.38466316,-0.4436975,GM12878,0.9826004,1.0,1
ENSG00000138081,1.46524,1.4988617,GM12878,0.9149374,1.0,1
ENSG00000138085,1.579724,2.12827,GM12878,0.7378475,1.0,1
ENSG00000138092,1.2406105,1.731347,GM12878,0.9090607,1.0,1
ENSG00000138092,1.5956173,1.731347,GM12878,0.74444443,0.60303515,1
ENSG00000138095,1.1781298,2.1406024,GM12878,0.90274966,1.0,1
ENSG00000138095,1.7285857,2.1406024,GM12878,0.9137158,1.0,1
ENSG00000138095,1.907068,2.1406024,GM12878,0.90637106,1.0,1
ENSG00000138095,1.5537164,2.1406024,GM12878,0.9242264,1.0,1
ENSG00000138095,1.5609448,2.1406024,GM12878,0.889719,1.0,1
ENSG00000138101,-0.4942057,0.1271048,GM12878,0.99448806,1.0,1
ENSG00000138101,-0.41703838,0.1271048,GM12878,0.9912375,1.0,1
ENSG00000138356,-0.68035436,-0.7447275,GM12878,0.98347926,1.0,1
ENSG00000138363,1.5810211,2.0111897,GM12878,0.8903456,1.0,1
ENSG00000138375,1.7552023,1.349666,GM12878,0.87039703,1.0,1
ENSG00000138375,1.5308559,1.349666,GM12878,0.8555558,0.94951236,1
ENSG00000138376,1.2472506,0.9334873,GM12878,0.8968653,1.0,1
ENSG00000138376,1.285325,0.9334873,GM12878,0.92969644,1.0,1
ENSG00000138376,1.1922266,0.9334873,GM12878,0.9092446,1.0,1
ENSG00000138376,1.3742292,0.9334873,GM12878,0.89608747,0.87261146,1
ENSG00000138376,1.4025766,0.9334873,GM12878,0.7466774,1.0,1
ENSG00000138378,-0.29033864,-0.92081875,GM12878,0.93397,1.0,1
ENSG00000138380,0.36836097,0.5599066,GM12878,0.8636242,1.0,1
ENSG00000138380,0.4308568,0.5599066,GM12878,0.915573,1.0,1
ENSG00000138380,0.8495089,0.5599066,GM12878,0.8091718,0.0,1
ENSG00000138380,0.5610124,0.5599066,GM12878,0.8936169,0.12719299,1
ENSG00000138380,0.4308568,0.5599066,GM12878,0.915573,0.9754902,1
ENSG00000138380,0.7312907,0.5599066,GM12878,0.86260647,1.0,1
ENSG00000138380,0.50570416,0.5599066,GM12878,0.87430686,0.6271777,1
ENSG00000138380,0.39322406,0.5599066,GM12878,0.92297655,0.0,1
ENSG00000138381,0.971357,1.3003781,GM12878,0.70972276,1.0,1
ENSG00000138381,1.1038728,1.3003781,GM12878,0.895369,1.0,1
ENSG00000138382,1.2235689,2.1152444,GM12878,0.8466218,1.0,1
ENSG00000138385,1.3741009,2.4353347,GM12878,0.9152081,1.0,1
ENSG00000138386,1.2340789,1.2129862,GM12878,0.71845865,1.0,1
ENSG00000138386,1.13519,1.2129862,GM12878,0.8543808,1.0,1
ENSG00000138386,1.1204767,1.2129862,GM12878,0.86839646,1.0,1
ENSG00000138386,1.236424,1.2129862,GM12878,0.9158046,1.0,1
ENSG00000138386,1.2157252,1.2129862,GM12878,0.73149014,1.0,1
ENSG00000138386,1.2157252,1.2129862,GM12878,0.73149014,1.0,1
ENSG00000138386,1.2277861,1.2129862,GM12878,0.9270101,1.0,1
ENSG00000138386,1.2322307,1.2129862,GM12878,0.90947753,1.0,1
ENSG00000138386,0.9048829,1.2129862,GM12878,0.8443587,0.97722095,1
ENSG00000138398,1.4006579,1.9762124,GM12878,0.8979041,1.0,1
ENSG00000138398,1.545017,1.9762124,GM12878,0.75581264,0.93984795,1
ENSG00000138399,1.1891273,1.9340438,GM12878,0.948069,1.0,1
ENSG00000138399,1.258183,1.9340438,GM12878,0.9312706,0.76833487,1
ENSG00000138399,1.4393708,1.9340438,GM12878,0.75097466,0.91881496,1
ENSG00000138411,-0.054345787,-0.32790214,GM12878,0.96924376,1.0,1
ENSG00000138411,-0.3028972,-0.32790214,GM12878,0.9852078,1.0,1
ENSG00000138413,1.227707,1.8581159,GM12878,0.9463523,1.0,1
ENSG00000138430,1.1914048,2.3815482,GM12878,0.81168234,1.0,1
ENSG00000138430,1.2613838,2.3815482,GM12878,0.8917325,1.0,1
ENSG00000138430,1.3098389,2.3815482,GM12878,0.85733217,1.0,1
ENSG00000138430,1.308821,2.3815482,GM12878,0.92329043,1.0,1
ENSG00000138430,1.300144,2.3815482,GM12878,0.6902176,0.57125014,1
ENSG00000138433,1.1181552,1.1212314,GM12878,0.86868656,1.0,1
ENSG00000138433,0.9989295,1.1212314,GM12878,0.9294134,1.0,1
ENSG00000138433,1.0972246,1.1212314,GM12878,0.8971709,1.0,1
ENSG00000138433,1.1496108,1.1212314,GM12878,0.74964404,1.0,1
ENSG00000138433,1.1097027,1.1212314,GM12878,0.858228,1.0,1
ENSG00000138433,1.1551545,1.1212314,GM12878,0.8456775,1.0,1
ENSG00000138433,1.1716925,1.1212314,GM12878,0.8242757,1.0,1
ENSG00000138433,1.0598879,1.1212314,GM12878,0.9200169,1.0,1
ENSG00000138434,1.6039555,1.5533975,GM12878,0.8834099,1.0,1
ENSG00000138434,1.5840158,1.5533975,GM12878,0.7763492,0.94389206,1
ENSG00000138434,1.4388188,1.5533975,GM12878,0.79546046,0.7046632,1
ENSG00000138434,1.2303667,1.5533975,GM12878,0.8971914,0.7635422,1
ENSG00000138439,0.6213045,0.23804611,GM12878,0.9126231,1.0,1
ENSG00000138442,1.4827498,2.2621899,GM12878,0.88521576,1.0,1
ENSG00000138443,0.92574096,1.0860037,GM12878,0.88347673,1.0,1
ENSG00000138443,0.9987221,1.0860037,GM12878,0.92498595,1.0,1
ENSG00000138443,0.75756574,1.0860037,GM12878,0.92244154,1.0,1
ENSG00000138443,0.896255,1.0860037,GM12878,0.91614586,0.023201857,1
ENSG00000138443,0.87600315,1.0860037,GM12878,0.89415157,0.14430894,1
ENSG00000138443,0.9122703,1.0860037,GM12878,0.8374283,0.005976096,1
ENSG00000138443,1.0022006,1.0860037,GM12878,0.9255041,0.96893203,1
ENSG00000138443,0.9051801,1.0860037,GM12878,0.9336477,0.005976096,1
ENSG00000138443,1.0444897,1.0860037,GM12878,0.9054858,0.82509506,1
ENSG00000138448,1.1235167,1.1010593,GM12878,0.91283375,1.0,1
ENSG00000138449,1.2689002,1.5110809,GM12878,0.92203134,1.0,1
ENSG00000139044,-0.50812936,-0.537602,GM12878,0.9934263,1.0,1
ENSG00000139044,-0.57892656,-0.537602,GM12878,0.9948953,1.0,1
ENSG00000139044,-0.52496064,-0.537602,GM12878,0.9936597,1.0,1
ENSG00000139083,1.0579841,0.45636603,GM12878,0.8886867,1.0,1
ENSG00000139112,1.228112,1.0476642,GM12878,0.8928239,1.0,1
ENSG00000139112,1.0995619,1.0476642,GM12878,0.9123558,1.0,1
ENSG00000139116,1.114805,1.2638726,GM12878,0.9304688,1.0,1
ENSG00000139116,1.1179005,1.2638726,GM12878,0.9061157,1.0,1
ENSG00000139116,1.125519,1.2638726,GM12878,0.8784086,1.0,1
ENSG00000139116,0.9589311,1.2638726,GM12878,0.6911907,0.005291005,1
ENSG00000139116,0.9967623,1.2638726,GM12878,0.8892928,0.38004947,1
ENSG00000139116,1.0058311,1.2638726,GM12878,0.74832207,0.03730738,1
ENSG00000139116,1.2015247,1.2638726,GM12878,0.89313275,0.9459459,1
ENSG00000139116,0.9925606,1.2638726,GM12878,0.6977688,0.01048218,1
ENSG00000139131,0.9485713,1.4364806,GM12878,0.9064906,1.0,1
ENSG00000139133,1.029915,1.0809871,GM12878,0.8892597,1.0,1
ENSG00000139133,1.029915,1.0809871,GM12878,0.8892597,1.0,1
ENSG00000139146,1.7919557,1.8637391,GM12878,0.929011,1.0,1
ENSG00000139146,1.7919557,1.8637391,GM12878,0.929011,1.0,1
ENSG00000139154,1.128329,0.854913,GM12878,0.9309732,1.0,1
ENSG00000139160,0.49965718,-0.055517327,GM12878,0.9365847,1.0,1
ENSG00000139160,0.47199568,-0.055517327,GM12878,0.93168586,1.0,1
ENSG00000139163,1.0279098,1.4116197,GM12878,0.8927303,1.0,1
ENSG00000139163,1.2203937,1.4116197,GM12878,0.9299744,1.0,1
ENSG00000139163,1.0771202,1.4116197,GM12878,0.9211308,1.0,1
ENSG00000139163,1.1858096,1.4116197,GM12878,0.8027645,1.0,1
ENSG00000139163,0.99131846,1.4116197,GM12878,0.81702393,0.0,1
ENSG00000139168,1.1839,1.447778,GM12878,0.9023726,1.0,1
ENSG00000139173,0.5069498,-0.1426675,GM12878,0.9226926,1.0,1
ENSG00000139173,0.105865225,-0.1426675,GM12878,0.94356096,1.0,1
ENSG00000139173,0.028116584,-0.1426675,GM12878,0.9398638,1.0,1
ENSG00000139174,-0.39753643,-0.17392519,GM12878,0.9883936,1.0,1
ENSG00000139178,1.1733575,0.7185017,GM12878,0.91036576,1.0,1
ENSG00000139180,1.2246011,1.8949803,GM12878,0.84363127,1.0,1
ENSG00000139180,1.3280815,1.8949803,GM12878,0.7568764,0.85535055,1
ENSG00000139182,0.8213898,1.3104808,GM12878,0.81224406,1.0,1
ENSG00000139182,0.98365283,1.3104808,GM12878,0.93983465,1.0,1
ENSG00000139182,0.5957875,1.3104808,GM12878,0.8888143,1.0,1
ENSG00000139187,-0.45800513,0.37106785,GM12878,0.98825395,1.0,1
ENSG00000139190,0.9174433,0.8280151,GM12878,0.7655362,1.0,1
ENSG00000139190,0.91382813,0.8280151,GM12878,0.773066,1.0,1
ENSG00000139190,0.5909326,0.8280151,GM12878,0.9469733,1.0,1
ENSG00000139190,0.6299088,0.8280151,GM12878,0.9018303,1.0,1
ENSG00000139192,0.24178872,-0.36653155,GM12878,0.9683024,1.0,1
ENSG00000139192,0.19130832,-0.36653155,GM12878,0.977427,1.0,1
ENSG00000139192,0.48592564,-0.36653155,GM12878,0.9476404,1.0,1
ENSG00000139192,0.34830317,-0.36653155,GM12878,0.9529141,1.0,1
ENSG00000139194,0.7721143,0.92737037,GM12878,0.8725147,1.0,1
ENSG00000139197,1.1884799,1.1152776,GM12878,0.67048335,1.0,1
ENSG00000139197,1.3794438,1.1152776,GM12878,0.91152936,0.392,1
ENSG00000139218,1.4082496,1.6919651,GM12878,0.88259304,1.0,1
ENSG00000139233,1.2007557,1.177825,GM12878,0.85133386,1.0,1
ENSG00000139263,-0.048609227,-0.7695511,GM12878,0.96618825,1.0,1
ENSG00000139266,1.1183568,0.8318698,GM12878,0.96291363,1.0,1
ENSG00000139278,-0.36983007,-0.55284196,GM12878,0.9853668,1.0,1
ENSG00000139278,-0.36983007,-0.55284196,GM12878,0.9853668,1.0,1
ENSG00000139278,0.91100657,-0.55284196,GM12878,0.9766665,1.0,1
ENSG00000139278,0.91100657,-0.55284196,GM12878,0.9766665,1.0,1
ENSG00000139278,1.2281562,-0.55284196,GM12878,0.9202797,1.0,1
ENSG00000139291,1.1595798,1.1619666,GM12878,0.8944787,1.0,1
ENSG00000139291,1.1850537,1.1619666,GM12878,0.6787577,1.0,1
ENSG00000139323,1.2926028,1.0802656,GM12878,0.7934535,1.0,1
ENSG00000139323,1.2146306,1.0802656,GM12878,0.834861,1.0,1
ENSG00000139323,1.2902243,1.0802656,GM12878,0.7209241,0.16414687,1
ENSG00000139323,1.2365971,1.0802656,GM12878,0.8700031,0.79913604,1
ENSG00000139324,1.0895591,0.69108146,GM12878,0.77956337,1.0,1
ENSG00000139324,0.99077666,0.69108146,GM12878,0.8629968,1.0,1
ENSG00000139324,1.1967424,0.69108146,GM12878,0.9122539,1.0,1
ENSG00000139324,0.91881466,0.69108146,GM12878,0.8831231,1.0,1
ENSG00000139324,1.2588744,0.69108146,GM12878,0.9231678,0.53318584,1
ENSG00000139343,1.2355554,1.5625308,GM12878,0.8188291,1.0,1
ENSG00000139350,1.1805182,1.3213912,GM12878,0.9094795,1.0,1
ENSG00000139350,1.2084061,1.3213912,GM12878,0.6683758,0.9693356,1
ENSG00000139351,0.59262013,-0.69897,GM12878,0.97126555,1.0,1
ENSG00000139354,0.24336371,0.30103,GM12878,0.9648901,1.0,1
ENSG00000139370,1.1526294,1.2070955,GM12878,0.91344535,1.0,1
ENSG00000139370,1.1521894,1.2070955,GM12878,0.90518624,0.65,1
ENSG00000139372,1.3076824,1.6894865,GM12878,0.9253779,1.0,1
ENSG00000139372,1.3484521,1.6894865,GM12878,0.7505126,0.00046189377,1
ENSG00000139372,1.3044574,1.6894865,GM12878,0.92059916,0.990389,1
ENSG00000139372,1.445373,1.6894865,GM12878,0.910698,0.9840973,1
ENSG00000139405,1.614431,1.1492192,GM12878,0.77495694,1.0,1
ENSG00000139405,1.6290059,1.1492192,GM12878,0.80435014,1.0,1
ENSG00000139405,1.7821335,1.1492192,GM12878,0.744033,0.99482757,1
ENSG00000139405,1.7847623,1.1492192,GM12878,0.72058326,0.96103895,1
ENSG00000139410,0.24303463,0.91592723,GM12878,0.9403642,1.0,1
ENSG00000139428,1.6662879,1.595386,GM12878,0.87335634,1.0,1
ENSG00000139428,1.1830648,1.595386,GM12878,0.9046278,0.9215407,1
ENSG00000139433,0.6291604,0.5976952,GM12878,0.8920565,1.0,1
ENSG00000139433,0.568946,0.5976952,GM12878,0.9455428,0.093333334,1
ENSG00000139436,1.1423068,1.360404,GM12878,0.91457397,1.0,1
ENSG00000139436,1.2749984,1.360404,GM12878,0.87383336,0.9881188,1
ENSG00000139436,1.3041035,1.360404,GM12878,0.94284743,0.9960396,1
ENSG00000139436,1.064215,1.360404,GM12878,0.83216304,0.0023640662,1
ENSG00000139436,1.1281031,1.360404,GM12878,0.8955875,0.99527186,1
ENSG00000139437,1.426904,1.0534626,GM12878,0.9231885,1.0,1
ENSG00000139437,1.0333252,1.0534626,GM12878,0.90232736,1.0,1
ENSG00000139438,-0.29282102,-0.85387194,GM12878,0.98993975,1.0,1
ENSG00000139531,1.3633391,1.3984609,GM12878,0.89693254,1.0,1
ENSG00000139531,1.1900456,1.3984609,GM12878,0.86669356,0.75310034,1
ENSG00000139531,1.0033256,1.3984609,GM12878,0.86637497,0.41454864,1
ENSG00000139540,-0.22306633,-0.69897,GM12878,0.9813688,1.0,1
ENSG00000139546,1.0380945,1.5749568,GM12878,0.77982616,1.0,1
ENSG00000139546,1.1906406,1.5749568,GM12878,0.7561945,1.0,1
ENSG00000139546,1.4722161,1.5749568,GM12878,0.9058833,1.0,1
ENSG00000139547,-0.6904644,-0.34678748,GM12878,0.9916505,1.0,1
ENSG00000139579,1.301518,1.6471874,GM12878,0.8293158,1.0,1
ENSG00000139613,1.5312529,1.6319509,GM12878,0.87769824,1.0,1
ENSG00000139613,1.4960656,1.6319509,GM12878,0.7994666,0.9620438,1
ENSG00000139613,1.2410524,1.6319509,GM12878,0.92972165,0.35400516,1
ENSG00000139620,1.673282,1.6909045,GM12878,0.87602675,1.0,1
ENSG00000139620,1.5588222,1.6909045,GM12878,0.90943635,1.0,1
ENSG00000139620,1.6553483,1.6909045,GM12878,0.853586,0.92889136,1
ENSG00000139624,1.2885163,1.5384481,GM12878,0.8565351,1.0,1
ENSG00000139624,1.4616091,1.5384481,GM12878,0.8959371,1.0,1
ENSG00000139624,1.3207433,1.5384481,GM12878,0.84230137,0.13030832,1
ENSG00000139624,1.3095658,1.5384481,GM12878,0.89945817,0.99424297,1
ENSG00000139624,1.2713668,1.5384481,GM12878,0.81835526,0.871042,1
ENSG00000139624,1.1226885,1.5384481,GM12878,0.8034451,1.0,1
ENSG00000139624,0.99939156,1.5384481,GM12878,0.8398458,0.116637066,1
ENSG00000139625,0.9133489,0.20139712,GM12878,0.947685,1.0,1
ENSG00000139626,0.38359112,0.029383779,GM12878,0.9426419,1.0,1
ENSG00000139629,0.58694816,0.7937904,GM12878,0.9672788,1.0,1
ENSG00000139629,0.42071447,0.7937904,GM12878,0.9592148,1.0,1
ENSG00000139629,0.6774906,0.7937904,GM12878,0.9613101,0.89329267,1
ENSG00000139631,1.4712563,1.2622137,GM12878,0.82444465,1.0,1
ENSG00000139636,1.2050412,1.7886633,GM12878,0.8448374,1.0,1
ENSG00000139636,1.1952026,1.7886633,GM12878,0.8886614,1.0,1
ENSG00000139636,1.4551533,1.7886633,GM12878,0.92816985,1.0,1
ENSG00000139636,1.5854479,1.7886633,GM12878,0.9114846,1.0,1
ENSG00000139636,1.4307764,1.7886633,GM12878,0.76494217,1.0,1
ENSG00000139636,1.3888723,1.7886633,GM12878,0.9037937,1.0,1
ENSG00000139636,1.4831041,1.7886633,GM12878,0.77145374,0.9653938,1
ENSG00000139636,1.3118291,1.7886633,GM12878,0.93484694,0.3025862,1
ENSG00000139636,1.3090717,1.7886633,GM12878,0.8028935,0.056279622,1
ENSG00000139637,0.6628313,0.6117233,GM12878,0.95353633,1.0,1
ENSG00000139637,0.45810255,0.6117233,GM12878,0.974859,1.0,1
ENSG00000139637,0.5699917,0.6117233,GM12878,0.9815938,0.972973,1
ENSG00000139641,1.8127666,2.1837254,GM12878,0.919621,1.0,1
ENSG00000139644,1.8845078,2.473487,GM12878,0.88179475,1.0,1
ENSG00000139645,1.279908,0.92582756,GM12878,0.85034627,1.0,1
ENSG00000139651,1.5328906,1.4324882,GM12878,0.88735706,1.0,1
ENSG00000139697,1.2977102,1.3342526,GM12878,0.91499776,1.0,1
ENSG00000139714,-0.38923654,-0.52287877,GM12878,0.98567724,1.0,1
ENSG00000139714,-0.22869612,-0.52287877,GM12878,0.9514781,1.0,1
ENSG00000139718,1.2772181,-0.07572071,GM12878,0.90653324,1.0,1
ENSG00000139719,1.1911317,1.2108533,GM12878,0.94017386,1.0,1
ENSG00000139719,1.13994,1.2108533,GM12878,0.8545307,0.61228603,1
ENSG00000139722,1.3566566,1.0685569,GM12878,0.9114933,1.0,1
ENSG00000139722,1.6169803,1.0685569,GM12878,0.9133997,1.0,1
ENSG00000139725,0.5190308,0.61278385,GM12878,0.96269625,1.0,1
ENSG00000139725,0.5079744,0.61278385,GM12878,0.981934,1.0,1
ENSG00000139725,0.39478934,0.61278385,GM12878,0.9763322,1.0,1
ENSG00000139726,1.7653298,1.5540043,GM12878,0.69836813,1.0,1
ENSG00000139726,1.7406691,1.5540043,GM12878,0.7666517,1.0,1
ENSG00000139726,1.7590897,1.5540043,GM12878,0.9264553,1.0,1
ENSG00000142327,0.95844793,0.7909885,GM12878,0.8360352,1.0,1
ENSG00000142330,0.7907003,0.95279247,GM12878,0.8643301,1.0,1
ENSG00000142330,0.92476773,0.95279247,GM12878,0.8233159,1.0,1
ENSG00000142330,0.98264825,0.95279247,GM12878,0.8770261,0.09266409,1
ENSG00000142330,0.9880223,0.95279247,GM12878,0.8797249,1.0,1
ENSG00000143727,1.310509,2.1746702,GM12878,0.8724871,1.0,1
ENSG00000143727,1.2671018,2.1746702,GM12878,0.83030087,1.0,1
ENSG00000143727,1.2836901,2.1746702,GM12878,0.91469294,1.0,1
ENSG00000143727,1.410101,2.1746702,GM12878,0.9134055,1.0,1
ENSG00000143727,1.4363284,2.1746702,GM12878,0.9239888,1.0,1
ENSG00000143727,1.3420367,2.1746702,GM12878,0.88075405,0.32360098,1
ENSG00000143727,1.4893751,2.1746702,GM12878,0.774395,0.9009593,1
ENSG00000143797,1.2019408,1.9423058,GM12878,0.8754712,1.0,1
ENSG00000143870,1.4225135,2.217247,GM12878,0.9362563,1.0,1
ENSG00000143870,1.4660094,2.217247,GM12878,0.7999136,0.0037619076,1
ENSG00000143882,-0.6074637,-0.85387194,GM12878,0.997733,1.0,1
ENSG00000143882,-0.52274835,-0.85387194,GM12878,0.99561787,1.0,1
ENSG00000143882,-0.47736308,-0.85387194,GM12878,0.99001825,1.0,1
ENSG00000143889,1.6387364,1.9645425,GM12878,0.9254033,1.0,1
ENSG00000143889,1.4800904,1.9645425,GM12878,0.9330703,1.0,1
ENSG00000143891,1.3290069,1.5017437,GM12878,0.93564785,1.0,1
ENSG00000143919,0.87113667,0.968483,GM12878,0.7699554,1.0,1
ENSG00000143919,0.9782258,0.968483,GM12878,0.73878366,1.0,1
ENSG00000143924,1.0200541,1.5285311,GM12878,0.90150696,1.0,1
ENSG00000143924,1.1264949,1.5285311,GM12878,0.8904826,0.96640587,1
ENSG00000143933,1.9267807,2.332095,GM12878,0.91309106,1.0,1
ENSG00000143933,1.9449065,2.332095,GM12878,0.88971955,1.0,1
ENSG00000143933,1.7680411,2.332095,GM12878,0.8929203,1.0,1
ENSG00000143933,1.8609619,2.332095,GM12878,0.76024693,1.0,1
ENSG00000143933,1.8609619,2.332095,GM12878,0.76024693,1.0,1
ENSG00000143933,1.7265303,2.332095,GM12878,0.7685038,0.003452381,1
ENSG00000143942,1.3902836,0.9614211,GM12878,0.6962564,1.0,1
ENSG00000143951,0.80814874,0.61909336,GM12878,0.8639217,1.0,1
ENSG00000143951,0.682896,0.61909336,GM12878,0.8836043,0.704,1
ENSG00000143951,0.5818676,0.61909336,GM12878,0.9272995,0.18340611,1
ENSG00000143952,1.3053832,1.1970047,GM12878,0.88067406,1.0,1
ENSG00000143952,1.3631612,1.1970047,GM12878,0.85059386,0.16591422,1
ENSG00000143952,1.0931481,1.1970047,GM12878,0.8646338,0.97564274,1
ENSG00000143970,1.4848295,1.1061909,GM12878,0.8145057,1.0,1
ENSG00000143971,1.1078167,0.84323275,GM12878,0.8549283,1.0,1
ENSG00000143971,1.0900855,0.84323275,GM12878,0.9119825,1.0,1
ENSG00000143971,0.91743743,0.84323275,GM12878,0.8253405,1.0,1
ENSG00000143971,1.0596647,0.84323275,GM12878,0.87353444,1.0,1
ENSG00000143977,1.7516315,2.557411,GM12878,0.9253305,1.0,1
ENSG00000143977,1.6402049,2.557411,GM12878,0.71175563,1.0,1
ENSG00000143977,1.6402049,2.557411,GM12878,0.71175563,1.0,1
ENSG00000143977,1.6402049,2.557411,GM12878,0.71175563,0.9324989,1
ENSG00000143994,0.7477459,-0.61978877,GM12878,0.9607783,1.0,1
ENSG00000144021,1.4599361,1.9440383,GM12878,0.74523616,1.0,1
ENSG00000144021,1.4229734,1.9440383,GM12878,0.92341036,1.0,1
ENSG00000144021,1.2627032,1.9440383,GM12878,0.9067755,1.0,1
ENSG00000144021,1.1411024,1.9440383,GM12878,0.93288964,1.0,1
ENSG00000144021,1.2035937,1.9440383,GM12878,0.93010926,1.0,1
ENSG00000144021,1.3291235,1.9440383,GM12878,0.9057156,1.0,1
ENSG00000144021,1.4116275,1.9440383,GM12878,0.8660491,0.77730757,1
ENSG00000144026,1.0740386,1.193959,GM12878,0.909616,1.0,1
ENSG00000144026,1.1121202,1.193959,GM12878,0.9283309,1.0,1
ENSG00000144028,1.7474766,2.183099,GM12878,0.9286994,1.0,1
ENSG00000144028,1.3238717,2.183099,GM12878,0.9179702,0.002232475,1
ENSG00000144034,1.4323196,1.7953933,GM12878,0.92817974,1.0,1
ENSG00000144036,0.4322841,0.15228835,GM12878,0.9394439,1.0,1
ENSG00000144040,1.0604494,1.2046626,GM12878,0.7920051,1.0,1
ENSG00000144040,0.9112909,1.2046626,GM12878,0.88785136,0.034210525,1
ENSG00000144040,0.892022,1.2046626,GM12878,0.8364381,0.778022,1
ENSG00000144040,0.9886948,1.2046626,GM12878,0.67872393,0.9750567,1
ENSG00000144040,1.0623798,1.2046626,GM12878,0.69411176,0.025761124,1
ENSG00000144043,1.1512719,1.7659664,GM12878,0.8440925,1.0,1
ENSG00000144043,1.3616742,1.7659664,GM12878,0.8510455,1.0,1
ENSG00000144043,1.3616742,1.7659664,GM12878,0.8510455,1.0,1
ENSG00000144043,1.2092172,1.7659664,GM12878,0.8994523,0.9393325,1
ENSG00000144048,1.3583558,1.3271545,GM12878,0.74198556,1.0,1
ENSG00000144118,1.1711929,1.66483,GM12878,0.9378164,1.0,1
ENSG00000144130,-0.17223968,0.61278385,GM12878,0.9898017,1.0,1
ENSG00000144130,-0.22417101,0.61278385,GM12878,0.97473586,1.0,1
ENSG00000144130,-0.2117543,0.61278385,GM12878,0.98042244,1.0,1
ENSG00000144130,-0.31249344,0.61278385,GM12878,0.9826429,1.0,1
ENSG00000144134,0.99432313,0.6434527,GM12878,0.9289712,1.0,1
ENSG00000144136,1.883734,1.9937888,GM12878,0.8786639,1.0,1
ENSG00000144161,1.4331534,0.9278834,GM12878,0.8175051,1.0,1
ENSG00000144182,1.5041467,1.0867157,GM12878,0.7107115,0.17594936,1
ENSG00000144199,-0.062656306,1.2281436,GM12878,0.97657436,1.0,1
ENSG00000144224,1.3706236,1.9483151,GM12878,0.92425656,1.0,1
ENSG00000144224,1.3094645,1.9483151,GM12878,0.9115792,1.0,1
ENSG00000144224,1.2997437,1.9483151,GM12878,0.88421476,0.51618737,1
ENSG00000144228,1.2636966,0.6560982,GM12878,0.85206467,1.0,1
ENSG00000144231,1.560188,1.61878,GM12878,0.8594547,1.0,1
ENSG00000144231,1.6448313,1.61878,GM12878,0.91849244,0.44040555,1
ENSG00000144231,1.560188,1.61878,GM12878,0.8594547,0.95606256,1
ENSG00000144233,1.0718204,0.8247765,GM12878,0.9022832,1.0,1
ENSG00000144283,1.1880469,1.7081659,GM12878,0.652651,1.0,1
ENSG00000144283,1.172024,1.7081659,GM12878,0.8807829,0.7247088,1
ENSG00000144283,1.2979817,1.7081659,GM12878,0.812885,0.74196076,1
ENSG00000144306,0.81896794,1.0881361,GM12878,0.9365962,1.0,1
ENSG00000144306,0.61732554,1.0881361,GM12878,0.9343745,1.0,1
ENSG00000144306,0.81438744,1.0881361,GM12878,0.9288324,0.9485646,1
ENSG00000144320,1.2073996,1.4331295,GM12878,0.8791922,1.0,1
ENSG00000144320,1.2186097,1.4331295,GM12878,0.8494984,0.04285049,1
ENSG00000144354,1.488241,1.980912,GM12878,0.92449963,1.0,1
ENSG00000144354,1.4730701,1.980912,GM12878,0.82856995,0.9986503,1
ENSG00000144354,1.38258,1.980912,GM12878,0.8812208,0.12868,1
ENSG00000144354,1.470901,1.980912,GM12878,0.8371877,0.0,1
ENSG00000144354,1.4982784,1.980912,GM12878,0.9328548,0.9874893,1
ENSG00000144381,1.6331656,2.5907862,GM12878,0.87674916,1.0,1
ENSG00000144395,1.087182,1.2084414,GM12878,0.9133121,1.0,1
ENSG00000144401,1.3778074,1.4247184,GM12878,0.7125341,1.0,1
ENSG00000144445,0.6542928,0.6803355,GM12878,0.91152245,1.0,1
ENSG00000144445,1.1787393,0.6803355,GM12878,0.84756505,1.0,1
ENSG00000144468,1.4554256,1.3993275,GM12878,0.9111732,1.0,1
ENSG00000144468,1.3685317,1.3993275,GM12878,0.875875,1.0,1
ENSG00000144468,1.2935622,1.3993275,GM12878,0.8327199,1.0,1
ENSG00000144468,1.2935622,1.3993275,GM12878,0.8327199,1.0,1
ENSG00000144468,1.4017563,1.3993275,GM12878,0.9194134,1.0,1
ENSG00000144485,1.1851957,1.5031095,GM12878,0.8490492,1.0,1
ENSG00000144485,1.3161097,1.5031095,GM12878,0.82022166,0.993865,1
ENSG00000144488,-0.33239827,-0.82390875,GM12878,0.98364556,1.0,1
ENSG00000144504,0.96345496,1.1122698,GM12878,0.91295445,1.0,1
ENSG00000144504,0.96566904,1.1122698,GM12878,0.9205543,0.09848485,1
ENSG00000144504,0.6999881,1.1122698,GM12878,0.8947251,0.84090906,1
ENSG00000144524,1.0263649,1.6443402,GM12878,0.91500914,1.0,1
ENSG00000144524,0.8127376,1.6443402,GM12878,0.9224375,1.0,1
ENSG00000144524,1.1251308,1.6443402,GM12878,0.8822738,0.95001966,1
ENSG00000144524,1.1154218,1.6443402,GM12878,0.89636046,0.041322313,1
ENSG00000144524,1.1595886,1.6443402,GM12878,0.86020875,0.0011231748,1
ENSG00000144535,1.0194595,0.57054293,GM12878,0.94665754,1.0,1
ENSG00000144567,1.590307,1.5022905,GM12878,0.6811208,1.0,1
ENSG00000144567,1.6347622,1.5022905,GM12878,0.7015455,1.0,1
ENSG00000144567,1.5933197,1.5022905,GM12878,0.8875726,1.0,1
ENSG00000144579,1.2098296,1.6488477,GM12878,0.9130569,1.0,1
ENSG00000144580,0.9991888,1.7729814,GM12878,0.9261368,1.0,1
ENSG00000144580,1.3379313,1.7729814,GM12878,0.8568631,0.023099652,1
ENSG00000144589,1.0625231,0.88479537,GM12878,0.89306414,1.0,1
ENSG00000144591,1.6695344,1.9159799,GM12878,0.8206856,1.0,1
ENSG00000149948,-0.69917893,-0.36653155,GM12878,0.9933467,1.0,1
ENSG00000150938,-0.45420024,-0.5850267,GM12878,0.9906764,1.0,1
ENSG00000150938,-0.4381388,-0.5850267,GM12878,0.98542166,1.0,1
ENSG00000150967,0.19316337,0.71349055,GM12878,0.9638831,0.6142857,1
ENSG00000150977,1.1569222,0.53147894,GM12878,0.93154395,1.0,1
ENSG00000150977,1.1131699,0.53147894,GM12878,0.8914679,1.0,1
ENSG00000150990,1.3756211,0.8744818,GM12878,0.9401784,1.0,1
ENSG00000151065,0.97062445,0.74272513,GM12878,0.83575654,1.0,1
ENSG00000151065,1.050524,0.74272513,GM12878,0.8807346,1.0,1
ENSG00000151065,1.0604672,0.74272513,GM12878,0.68917245,1.0,1
ENSG00000151131,1.0621126,1.133539,GM12878,0.7675192,1.0,1
ENSG00000151131,1.3119437,1.133539,GM12878,0.93509465,1.0,1
ENSG00000151135,1.171242,1.4671639,GM12878,0.7998589,1.0,1
ENSG00000151135,1.1358037,1.4671639,GM12878,0.87555313,1.0,1
ENSG00000151135,1.1358037,1.4671639,GM12878,0.87555313,1.0,1
ENSG00000151135,1.1358037,1.4671639,GM12878,0.87555313,1.0,1
ENSG00000151135,1.171242,1.4671639,GM12878,0.7998589,0.3417466,1
ENSG00000151135,1.1532595,1.4671639,GM12878,0.79720485,0.17813383,1
ENSG00000151135,1.1478721,1.4671639,GM12878,0.83594835,0.058315333,1
ENSG00000151148,1.5415657,1.3106933,GM12878,0.8116942,1.0,1
ENSG00000151148,1.294742,1.3106933,GM12878,0.81456035,0.9882507,1
ENSG00000151164,0.46709165,-0.45593196,GM12878,0.88334316,1.0,1
ENSG00000151164,0.47112474,-0.45593196,GM12878,0.8543573,1.0,1
ENSG00000151176,1.041091,0.71933126,GM12878,0.9180461,1.0,1
ENSG00000151176,1.3085932,0.71933126,GM12878,0.92829776,1.0,1
ENSG00000151176,1.0912199,0.71933126,GM12878,0.86070895,0.9662162,1
ENSG00000151229,1.0839376,0.770852,GM12878,0.83691365,1.0,1
ENSG00000151229,1.1669134,0.770852,GM12878,0.8601967,1.0,1
ENSG00000151233,0.9664762,0.7671559,GM12878,0.8176213,1.0,1
ENSG00000151233,1.1466087,0.7671559,GM12878,0.901548,1.0,1
ENSG00000151233,0.8959105,0.7671559,GM12878,0.7688697,0.7147826,1
ENSG00000151239,1.2684985,1.2177471,GM12878,0.91733366,1.0,1
ENSG00000151239,1.2699865,1.2177471,GM12878,0.7819856,1.0,1
ENSG00000151239,1.2435284,1.2177471,GM12878,0.8006916,0.0,1
ENSG00000151239,1.3100169,1.2177471,GM12878,0.72966176,0.057666216,1
ENSG00000151353,1.9548068,1.2979792,GM12878,0.8561668,1.0,1
ENSG00000151665,0.934394,1.7770642,GM12878,0.82465106,1.0,1
ENSG00000151665,0.90460443,1.7770642,GM12878,0.88885254,0.7399518,1
ENSG00000151687,-0.15267806,-0.31875876,GM12878,0.97543204,1.0,1
ENSG00000151689,0.6374304,0.7075702,GM12878,0.9449786,1.0,1
ENSG00000151690,0.8362714,0.61700034,GM12878,0.9102962,1.0,1
ENSG00000151692,0.6379782,0.9132839,GM12878,0.9352175,1.0,1
ENSG00000151694,1.7585956,0.98677176,GM12878,0.7589258,1.0,1
ENSG00000151694,1.7535017,0.98677176,GM12878,0.87258226,1.0,1
ENSG00000151694,1.506851,0.98677176,GM12878,0.9071933,1.0,1
ENSG00000151694,1.540093,0.98677176,GM12878,0.9155814,1.0,1
ENSG00000151743,1.2934425,1.3163898,GM12878,0.8143592,1.0,1
ENSG00000151743,1.614492,1.3163898,GM12878,0.74396145,1.0,1
ENSG00000151743,1.0225348,1.3163898,GM12878,0.8578755,1.0,1
ENSG00000151743,1.0225348,1.3163898,GM12878,0.8578755,1.0,1
ENSG00000151743,1.2736998,1.3163898,GM12878,0.7107447,1.0,1
ENSG00000151743,1.1468906,1.3163898,GM12878,0.81770915,1.0,1
ENSG00000151743,1.2435125,1.3163898,GM12878,0.8758047,0.88271606,1
ENSG00000151743,1.2435125,1.3163898,GM12878,0.8758047,0.36334196,1
ENSG00000151746,1.0054245,0.9804579,GM12878,0.91401553,1.0,1
ENSG00000151746,0.77519417,0.9804579,GM12878,0.92831695,1.0,1
ENSG00000151746,0.7854134,0.9804579,GM12878,0.9260734,1.0,1
ENSG00000151746,0.7474344,0.9804579,GM12878,0.9253425,1.0,1
ENSG00000151746,0.89627445,0.9804579,GM12878,0.9057455,1.0,1
ENSG00000151746,0.90885925,0.9804579,GM12878,0.91712815,1.0,1
ENSG00000151746,1.055005,0.9804579,GM12878,0.92304325,1.0,1
ENSG00000151746,0.7918347,0.9804579,GM12878,0.86844325,1.0,1
ENSG00000151779,1.6730038,1.6458151,GM12878,0.90080446,1.0,1
ENSG00000151779,1.447263,1.6458151,GM12878,0.88722277,1.0,1
ENSG00000151779,1.7477052,1.6458151,GM12878,0.8977986,1.0,1
ENSG00000151779,1.5341506,1.6458151,GM12878,0.9084721,1.0,1
ENSG00000151779,1.481843,1.6458151,GM12878,0.84984076,0.93941844,1
ENSG00000151779,1.3697624,1.6458151,GM12878,0.9147498,0.7257094,1
ENSG00000151779,1.8131642,1.6458151,GM12878,0.8966529,0.0,1
ENSG00000152056,-0.21874548,-0.30980393,GM12878,0.96210116,1.0,1
ENSG00000152076,0.67906046,0.14921911,GM12878,0.95280665,1.0,1
ENSG00000152082,1.2913338,2.0530784,GM12878,0.7505407,1.0,1
ENSG00000152082,1.2814131,2.0530784,GM12878,0.7634148,0.45897877,1
ENSG00000152102,1.6293964,1.6353832,GM12878,0.8284784,1.0,1
ENSG00000152127,0.74620295,0.8254261,GM12878,0.92485785,1.0,1
ENSG00000152128,-0.574238,-0.24412514,GM12878,0.9940393,1.0,1
ENSG00000152128,-0.6601522,-0.24412514,GM12878,0.99533045,1.0,1
ENSG00000152133,1.0961837,1.0899051,GM12878,0.92054844,1.0,1
ENSG00000152133,1.4035766,1.0899051,GM12878,0.92257375,1.0,1
ENSG00000152147,0.90110254,1.2643455,GM12878,0.8683234,0.0,1
ENSG00000152147,0.98858356,1.2643455,GM12878,0.9470307,0.8342451,1
ENSG00000152253,1.5292982,1.7322329,GM12878,0.89673424,1.0,1
ENSG00000152253,1.3769246,1.7322329,GM12878,0.87675595,1.0,1
ENSG00000152253,1.4544873,1.7322329,GM12878,0.9076414,1.0,1
ENSG00000152253,1.4760698,1.7322329,GM12878,0.7977871,1.0,1
ENSG00000152253,1.5246962,1.7322329,GM12878,0.7694246,1.0,1
ENSG00000152256,1.2623475,2.1176689,GM12878,0.9332451,1.0,1
ENSG00000152256,1.6603733,2.1176689,GM12878,0.77346444,0.22713213,1
ENSG00000152284,-0.25361764,-0.9586073,GM12878,0.9917489,1.0,1
ENSG00000152291,1.8886943,1.5982432,GM12878,0.71241164,1.0,1
ENSG00000152291,1.8886943,1.5982432,GM12878,0.71241164,1.0,1
ENSG00000152291,1.8024634,1.5982432,GM12878,0.7283226,1.0,1
ENSG00000152291,1.7229086,1.5982432,GM12878,0.74471617,1.0,1
ENSG00000152291,1.7195683,1.5982432,GM12878,0.73485297,1.0,1
ENSG00000152292,0.84959316,-0.38721615,GM12878,0.8590048,1.0,1
ENSG00000152556,0.981658,1.4168068,GM12878,0.9325778,0.00097276265,1
ENSG00000152683,1.492679,1.4912215,GM12878,0.9058507,1.0,1
ENSG00000152683,1.6844088,1.4912215,GM12878,0.85690904,0.9926271,1
ENSG00000152683,1.5307465,1.4912215,GM12878,0.7475142,0.977828,1
ENSG00000152683,1.6583612,1.4912215,GM12878,0.79226726,0.14517406,1
ENSG00000152683,1.7909985,1.4912215,GM12878,0.86603403,0.09057301,1
ENSG00000152683,1.8340397,1.4912215,GM12878,0.75330365,0.8370861,1
ENSG00000152683,1.484024,1.4912215,GM12878,0.78083384,0.9651352,1
ENSG00000152689,0.15290996,0.033423755,GM12878,0.9215717,1.0,1
ENSG00000152944,1.271539,1.6620018,GM12878,0.85673326,1.0,1
ENSG00000152944,1.1264274,1.6620018,GM12878,0.8618301,0.95557076,1
ENSG00000153093,-0.58762395,-0.28399664,GM12878,0.9978752,1.0,1
ENSG00000153094,1.1215335,0.5899496,GM12878,0.8445903,1.0,1
ENSG00000153094,0.9596306,0.5899496,GM12878,0.89546347,1.0,1
ENSG00000153107,1.0699265,1.7555699,GM12878,0.87913364,1.0,1
ENSG00000153107,1.3520923,1.7555699,GM12878,0.91091204,1.0,1
ENSG00000153165,0.63361096,-0.92081875,GM12878,0.95815426,1.0,1
ENSG00000153165,0.7752013,-0.92081875,GM12878,0.9731637,1.0,1
ENSG00000153165,0.6890886,-0.92081875,GM12878,0.9670619,1.0,1
ENSG00000153179,1.2206985,1.2857822,GM12878,0.899367,1.0,1
ENSG00000153179,1.0030776,1.2857822,GM12878,0.89998025,1.0,1
ENSG00000153179,1.2957437,1.2857822,GM12878,0.886999,0.98282146,1
ENSG00000153201,0.6491294,1.3047059,GM12878,0.8772862,1.0,1
ENSG00000153208,0.0903185,0.25042,GM12878,0.970181,1.0,1
ENSG00000153214,1.2854967,1.0606978,GM12878,0.89099646,1.0,1
ENSG00000153214,1.2427063,1.0606978,GM12878,0.61935925,0.96893203,1
ENSG00000153561,0.4297336,1.3207692,GM12878,0.980269,1.0,1
ENSG00000153574,1.5655942,1.2753114,GM12878,0.8957739,1.0,1
ENSG00000153827,1.1664324,1.7670816,GM12878,0.9029508,1.0,1
ENSG00000153827,1.4306834,1.7670816,GM12878,0.80644774,1.0,1
ENSG00000153827,1.3163292,1.7670816,GM12878,0.904488,1.0,1
ENSG00000153827,1.3157012,1.7670816,GM12878,0.9355917,0.328232,1
ENSG00000153832,0.7403914,-0.013228266,GM12878,0.9240458,1.0,1
ENSG00000154252,-0.39130962,-0.88605666,GM12878,0.9726395,1.0,1
ENSG00000154252,-0.33553204,-0.88605666,GM12878,0.9656624,1.0,1
ENSG00000154518,1.4207227,3.2507079,GM12878,0.785234,1.0,1
ENSG00000155368,1.0404394,2.0240338,GM12878,0.8978026,1.0,1
ENSG00000155368,1.0747862,2.0240338,GM12878,0.8413861,0.00058468134,1
ENSG00000155368,0.98843217,2.0240338,GM12878,0.8198455,0.004561778,1
ENSG00000155368,1.0196362,2.0240338,GM12878,0.8310254,0.0,1
ENSG00000155438,1.4343672,1.6143699,GM12878,0.9406069,1.0,1
ENSG00000155636,1.2627938,1.0845762,GM12878,0.92518896,1.0,1
ENSG00000155729,1.084938,0.36921585,GM12878,0.92518115,1.0,1
ENSG00000155744,1.6402557,1.0334238,GM12878,0.92576075,1.0,1
ENSG00000155744,1.6060541,1.0334238,GM12878,0.92952055,1.0,1
ENSG00000155744,1.5745654,1.0334238,GM12878,0.8956242,1.0,1
ENSG00000155744,1.5211236,1.0334238,GM12878,0.9174417,0.24071322,1
ENSG00000155744,1.488807,1.0334238,GM12878,0.794456,0.24071322,1
ENSG00000155749,-0.50022686,-0.56863624,GM12878,0.9734374,1.0,1
ENSG00000155755,0.7473483,1.154424,GM12878,0.8591631,1.0,1
ENSG00000155755,0.5474036,1.154424,GM12878,0.94384146,1.0,1
ENSG00000155755,0.673743,1.154424,GM12878,0.94976175,1.0,1
ENSG00000155755,0.7609185,1.154424,GM12878,0.9148466,1.0,1
ENSG00000155755,0.8908181,1.154424,GM12878,0.83872944,1.0,1
ENSG00000155755,0.38892063,1.154424,GM12878,0.7459659,1.0,1
ENSG00000155957,1.2622035,1.6821451,GM12878,0.73096097,1.0,1
ENSG00000155957,0.8949145,1.6821451,GM12878,0.7123424,0.98955226,1
ENSG00000155957,0.92632604,1.6821451,GM12878,0.7483541,0.9916418,1
ENSG00000155980,1.1015873,1.1464381,GM12878,0.9023088,1.0,1
ENSG00000155980,1.2710118,1.1464381,GM12878,0.92588747,1.0,1
ENSG00000156973,0.5541724,0.99782306,GM12878,0.90074223,1.0,1
ENSG00000157827,-0.17847142,-0.60206,GM12878,0.95731896,1.0,1
ENSG00000157827,-0.06983843,-0.60206,GM12878,0.8895052,1.0,1
ENSG00000157833,0.83922315,0.587711,GM12878,0.9210383,1.0,1
ENSG00000157833,0.7652017,0.587711,GM12878,0.90299463,1.0,1
ENSG00000157833,0.769868,0.587711,GM12878,0.840383,1.0,1
ENSG00000157837,1.3883173,0.7535831,GM12878,0.9038151,1.0,1
ENSG00000157895,1.3372631,0.9116902,GM12878,0.8352322,1.0,1
ENSG00000157895,1.5567458,0.9116902,GM12878,0.94785404,1.0,1
ENSG00000157895,1.4047418,0.9116902,GM12878,0.8982536,0.11241218,1
ENSG00000157992,-0.0011732578,0.1271048,GM12878,0.99103993,1.0,1
ENSG00000158019,0.6700293,1.2789822,GM12878,0.83899283,1.0,1
ENSG00000158019,1.0128487,1.2789822,GM12878,0.80610925,1.0,1
ENSG00000158019,1.0404544,1.2789822,GM12878,0.7156508,0.08649553,1
ENSG00000158019,0.69642687,1.2789822,GM12878,0.7554166,0.070913464,1
ENSG00000158019,0.39281186,1.2789822,GM12878,0.8155735,0.0686747,1
ENSG00000158023,1.0217718,1.2177471,GM12878,0.97763866,1.0,1
ENSG00000158023,1.0217718,1.2177471,GM12878,0.97763866,1.0,1
ENSG00000158023,-0.3820497,1.2177471,GM12878,0.9856023,1.0,1
ENSG00000158050,-0.5007191,-0.92081875,GM12878,0.98289454,1.0,1
ENSG00000158050,-0.32441086,-0.92081875,GM12878,0.9705277,1.0,1
ENSG00000158104,0.27588236,-0.88605666,GM12878,0.9426272,1.0,1
ENSG00000158158,0.9567797,0.5998831,GM12878,0.8759029,1.0,1
ENSG00000158158,0.98064446,0.5998831,GM12878,0.9358414,1.0,1
ENSG00000158411,1.1066768,1.3226327,GM12878,0.9004898,1.0,1
ENSG00000158417,1.4198576,1.408918,GM12878,0.89358073,1.0,1
ENSG00000158435,1.1264665,1.876968,GM12878,0.9060465,1.0,1
ENSG00000158552,1.5007968,1.3527611,GM12878,0.8814881,1.0,1
ENSG00000159335,1.4502398,1.7976829,GM12878,0.8860699,1.0,1
ENSG00000159335,1.0966144,1.7976829,GM12878,0.9381693,1.0,1
ENSG00000159374,-0.032650836,-0.82390875,GM12878,0.95328945,1.0,1
ENSG00000159374,0.04139646,-0.82390875,GM12878,0.9608774,1.0,1
ENSG00000159399,1.0732267,1.5694909,GM12878,0.915396,1.0,1
ENSG00000159403,-0.49449417,-0.27572414,GM12878,0.99266195,1.0,1
ENSG00000159403,-0.42568955,-0.27572414,GM12878,0.9909395,1.0,1
ENSG00000159403,-0.3587843,-0.27572414,GM12878,0.9830519,1.0,1
ENSG00000161638,1.3586371,1.8184239,GM12878,0.9374746,1.0,1
ENSG00000161642,0.92341805,0.97034687,GM12878,0.9508788,1.0,1
ENSG00000161642,0.92341805,0.97034687,GM12878,0.9508788,1.0,1
ENSG00000161642,0.74641156,0.97034687,GM12878,0.9555823,0.9419355,1
ENSG00000161791,1.0955956,0.7489629,GM12878,0.833005,1.0,1
ENSG00000161791,0.96784854,0.7489629,GM12878,0.82189274,0.27094972,1
ENSG00000161813,1.5005326,1.5618167,GM12878,0.7244383,1.0,1
ENSG00000161813,1.5613374,1.5618167,GM12878,0.68844277,0.19802445,1
ENSG00000161813,1.5158758,1.5618167,GM12878,0.9042037,0.9883408,1
ENSG00000161813,1.4231126,1.5618167,GM12878,0.9203216,0.96921074,1
ENSG00000161835,0.44407204,-0.08618615,GM12878,0.93839115,1.0,1
ENSG00000161835,0.096251816,-0.08618615,GM12878,0.9592127,1.0,1
ENSG00000161835,0.19254339,-0.08618615,GM12878,0.9295941,1.0,1
ENSG00000162869,1.1995485,1.0762763,GM12878,0.7216595,1.0,1
ENSG00000162869,0.9389982,1.0762763,GM12878,0.7861618,0.9591837,1
ENSG00000162869,1.015088,1.0762763,GM12878,0.6286703,0.9138322,1
ENSG00000162878,-0.38066205,1.1743506,GM12878,0.990393,1.0,1
ENSG00000162878,-0.30160034,1.1743506,GM12878,0.9867389,1.0,1
ENSG00000162878,-0.29988775,1.1743506,GM12878,0.9891344,1.0,1
ENSG00000162878,-0.26245722,1.1743506,GM12878,0.9871674,1.0,1
ENSG00000162878,-0.3761226,1.1743506,GM12878,0.9936008,1.0,1
ENSG00000162924,1.33952,0.6963564,GM12878,0.80365014,1.0,1
ENSG00000162924,1.2620137,0.6963564,GM12878,0.85984814,0.5,1
ENSG00000162927,1.2130783,0.85064626,GM12878,0.8894281,1.0,1
ENSG00000162928,1.4211802,1.3279716,GM12878,0.7467667,1.0,1
ENSG00000162929,1.0065308,0.7331973,GM12878,0.93179756,1.0,1
ENSG00000162929,1.0362606,0.7331973,GM12878,0.63219863,0.6365915,1
ENSG00000162929,0.89158106,0.7331973,GM12878,0.91164154,0.97243106,1
ENSG00000162959,1.1845577,1.6905504,GM12878,0.78107965,0.9353838,1
ENSG00000162959,1.2131448,1.6905504,GM12878,0.64749104,0.98249197,1
ENSG00000162961,1.4585812,2.0017338,GM12878,0.7487613,1.0,1
ENSG00000162971,1.4247823,0.61384183,GM12878,0.9276982,1.0,1
ENSG00000162971,1.4632298,0.61384183,GM12878,0.8647917,1.0,1
ENSG00000162971,1.3779396,0.61384183,GM12878,0.9020495,0.52492666,1
ENSG00000162971,1.2650483,0.61384183,GM12878,0.9184365,0.49720672,1
ENSG00000162971,1.3291112,0.61384183,GM12878,0.9336804,0.64285713,1
ENSG00000162972,1.4311777,1.2219356,GM12878,0.75762224,1.0,1
ENSG00000162972,1.2207955,1.2219356,GM12878,0.77585536,1.0,1
ENSG00000162972,1.2519985,1.2219356,GM12878,0.918538,1.0,1
ENSG00000162972,1.4285156,1.2219356,GM12878,0.93919355,1.0,1
ENSG00000162976,0.7168124,1.3743817,GM12878,0.80773014,1.0,1
ENSG00000162976,0.6565782,1.3743817,GM12878,0.8317662,1.0,1
ENSG00000162976,0.5503739,1.3743817,GM12878,0.85242724,1.0,1
ENSG00000162976,0.48275134,1.3743817,GM12878,0.91706157,0.94198626,1
ENSG00000162976,0.78117883,1.3743817,GM12878,0.7308703,0.5866503,1
ENSG00000162980,1.343916,1.7244397,GM12878,0.8610845,1.0,1
ENSG00000162994,0.72473574,0.98677176,GM12878,0.8710466,1.0,1
ENSG00000162994,1.0990663,0.98677176,GM12878,0.88345647,1.0,1
ENSG00000162998,-0.6694592,-0.82390875,GM12878,0.99179256,1.0,1
ENSG00000162999,0.99816895,0.65513843,GM12878,0.7424484,1.0,1
ENSG00000162999,0.99816895,0.65513843,GM12878,0.7424484,1.0,1
ENSG00000163001,1.0455537,1.512017,GM12878,0.88685304,1.0,1
ENSG00000163001,1.2028656,1.512017,GM12878,0.71944815,0.56860745,1
ENSG00000163002,1.2694712,1.5519377,GM12878,0.90023893,1.0,1
ENSG00000163002,1.6676159,1.5519377,GM12878,0.903994,0.874599,1
ENSG00000163006,1.1196673,1.0874264,GM12878,0.9151053,1.0,1
ENSG00000163006,0.7909622,1.0874264,GM12878,0.89463377,0.73622507,1
ENSG00000163013,0.63757586,0.67209786,GM12878,0.933226,1.0,1
ENSG00000163026,1.5251918,1.4896773,GM12878,0.9187058,1.0,1
ENSG00000163026,1.5251918,1.4896773,GM12878,0.9187058,1.0,1
ENSG00000163026,1.5559328,1.4896773,GM12878,0.9004229,0.93406147,1
ENSG00000163029,1.616765,1.507451,GM12878,0.91538846,1.0,1
ENSG00000163029,1.3634226,1.507451,GM12878,0.7975191,0.056740616,1
ENSG00000163029,1.6257303,1.507451,GM12878,0.6951608,0.17406143,1
ENSG00000163040,0.2905794,1.3062105,GM12878,0.73245245,1.0,1
ENSG00000163040,0.53105295,1.3062105,GM12878,0.92987174,1.0,1
ENSG00000163040,0.323303,1.3062105,GM12878,0.89215267,1.0,1
ENSG00000163040,0.8668567,1.3062105,GM12878,0.8227577,0.9887937,1
ENSG00000163053,-0.6703805,-0.9586073,GM12878,0.99508095,1.0,1
ENSG00000163082,-0.26184297,-0.9586073,GM12878,0.98600096,1.0,1
ENSG00000163082,-0.7628162,-0.9586073,GM12878,0.9919872,1.0,1
ENSG00000163093,0.67413473,0.36921585,GM12878,0.81752044,1.0,1
ENSG00000163093,0.8815205,0.36921585,GM12878,0.781979,0.5,1
ENSG00000163126,0.99017406,0.70243055,GM12878,0.91323113,1.0,1
ENSG00000163126,0.85608554,0.70243055,GM12878,0.8476253,0.8079096,1
ENSG00000163161,1.1374903,1.6307329,GM12878,0.934976,1.0,1
ENSG00000163162,0.974231,1.3396502,GM12878,0.9329454,1.0,1
ENSG00000163162,1.2066239,1.3396502,GM12878,0.9130221,1.0,1
ENSG00000163166,1.8997697,1.5113485,GM12878,0.8350523,1.0,1
ENSG00000163166,1.6325161,1.5113485,GM12878,0.9237961,1.0,1
ENSG00000163166,1.5437045,1.5113485,GM12878,0.9037296,0.97981983,1
ENSG00000163170,1.4721531,2.0399294,GM12878,0.81867355,1.0,1
ENSG00000163170,1.4721531,2.0399294,GM12878,0.81867355,1.0,1
ENSG00000163170,1.7197733,2.0399294,GM12878,0.8328488,0.5649986,1
ENSG00000163219,0.79312205,0.80821097,GM12878,0.98152643,1.0,1
ENSG00000163249,1.3107502,0.7126497,GM12878,0.67618984,1.0,1
ENSG00000163249,1.0351001,0.7126497,GM12878,0.6702282,1.0,1
ENSG00000163249,1.0046823,0.7126497,GM12878,0.71413547,1.0,1
ENSG00000163249,0.89832604,0.7126497,GM12878,0.80183655,1.0,1
ENSG00000163249,1.0689157,0.7126497,GM12878,0.85883826,1.0,1
ENSG00000163328,0.3037363,-0.32790214,GM12878,0.9024824,1.0,1
ENSG00000163328,0.11435698,-0.32790214,GM12878,0.9598163,1.0,1
ENSG00000163328,0.37555745,-0.32790214,GM12878,0.9412427,1.0,1
ENSG00000163328,0.23658565,-0.32790214,GM12878,0.95491856,1.0,1
ENSG00000163328,-0.036791734,-0.32790214,GM12878,0.9741013,1.0,1
ENSG00000163328,-0.06294891,-0.32790214,GM12878,0.9710553,1.0,1
ENSG00000163466,1.2975384,2.156731,GM12878,0.88135666,1.0,1
ENSG00000163466,1.2239753,2.156731,GM12878,0.87770754,1.0,1
ENSG00000163466,1.3560052,2.156731,GM12878,0.82539076,1.0,1
ENSG00000163466,1.2536474,2.156731,GM12878,0.9265243,0.0,1
ENSG00000163481,1.4394765,1.577032,GM12878,0.90723234,1.0,1
ENSG00000163482,0.8658731,1.1376705,GM12878,0.9127263,1.0,1
ENSG00000163510,1.3052151,0.96754795,GM12878,0.87319773,1.0,1
ENSG00000163510,1.5354673,0.96754795,GM12878,0.9122744,1.0,1
ENSG00000163510,1.4098505,0.96754795,GM12878,0.90362537,1.0,1
ENSG00000163510,1.4103544,0.96754795,GM12878,0.8965823,1.0,1
ENSG00000163516,1.4322035,1.7165042,GM12878,0.94123405,1.0,1
ENSG00000163516,1.2794269,1.7165042,GM12878,0.92117476,1.0,1
ENSG00000163516,1.3117266,1.7165042,GM12878,0.9175048,1.0,1
ENSG00000163521,0.41576308,0.2966652,GM12878,0.98231286,1.0,1
ENSG00000163521,0.51647604,0.2966652,GM12878,0.98333275,0.36,1
ENSG00000163535,1.2809912,1.2260841,GM12878,0.8794348,1.0,1
ENSG00000163535,1.0577669,1.2260841,GM12878,0.91285026,1.0,1
ENSG00000163541,1.4101229,1.836514,GM12878,0.93477416,1.0,1
ENSG00000163596,0.739488,0.07188201,GM12878,0.75615525,1.0,1
ENSG00000163596,0.5946053,0.07188201,GM12878,0.90666807,1.0,1
ENSG00000163596,0.5423517,0.07188201,GM12878,0.9090898,1.0,1
ENSG00000163795,1.3705093,0.64933485,GM12878,0.790159,1.0,1
ENSG00000163795,1.3679065,0.64933485,GM12878,0.8249809,1.0,1
ENSG00000163798,1.3671802,1.095518,GM12878,0.9351985,1.0,1
ENSG00000163806,-0.4710052,-0.7695511,GM12878,0.9675907,1.0,1
ENSG00000163811,1.4692645,2.130623,GM12878,0.83866143,1.0,1
ENSG00000163811,1.5407958,2.130623,GM12878,0.9236417,1.0,1
ENSG00000163811,1.4965198,2.130623,GM12878,0.931477,1.0,1
ENSG00000163811,1.5028586,2.130623,GM12878,0.84573483,1.0,1
ENSG00000165714,1.0913317,0.7474118,GM12878,0.87559354,1.0,1
ENSG00000165714,1.490636,0.7474118,GM12878,0.87334645,0.9166667,1
ENSG00000165891,1.2635024,0.7737864,GM12878,0.9261361,1.0,1
ENSG00000165891,1.2147777,0.7737864,GM12878,0.89700836,1.0,1
ENSG00000166046,0.6433234,0.5237465,GM12878,0.92988163,1.0,1
ENSG00000166130,1.3163301,1.0523092,GM12878,0.8973192,1.0,1
ENSG00000166130,1.3163301,1.0523092,GM12878,0.8973192,0.17520216,1
ENSG00000166153,0.90978014,0.76937735,GM12878,0.8928178,1.0,1
ENSG00000166153,0.9054824,0.76937735,GM12878,0.9077692,0.59770113,1
ENSG00000166153,1.2310438,0.76937735,GM12878,0.7535857,0.065853655,1
ENSG00000166153,0.7818463,0.76937735,GM12878,0.9085169,0.89033943,1
ENSG00000166225,0.9976702,0.8413595,GM12878,0.7559477,0.12037037,1
ENSG00000166226,1.4458842,2.6832721,GM12878,0.7584113,1.0,1
ENSG00000166226,1.6169562,2.6832721,GM12878,0.88769966,1.0,1
ENSG00000166268,-0.6868782,-0.9586073,GM12878,0.98972553,1.0,1
ENSG00000166532,1.086873,1.2153732,GM12878,0.9263046,1.0,1
ENSG00000166532,1.10481,1.2153732,GM12878,0.9061462,1.0,1
ENSG00000166598,1.5187651,2.7067263,GM12878,0.8839441,1.0,1
ENSG00000166881,1.7881962,1.7764833,GM12878,0.9320021,1.0,1
ENSG00000166881,1.7712339,1.7764833,GM12878,0.9319549,1.0,1
ENSG00000166881,1.6545225,1.7764833,GM12878,0.8620045,0.94788,1
ENSG00000166881,1.8724492,1.7764833,GM12878,0.868944,0.14873266,1
ENSG00000166886,1.4706078,1.3514098,GM12878,0.8298362,1.0,1
ENSG00000166886,1.7048671,1.3514098,GM12878,0.80805755,1.0,1
ENSG00000166888,1.3224254,1.5954962,GM12878,0.8555326,1.0,1
ENSG00000166888,1.0044016,1.5954962,GM12878,0.8888925,0.9941396,1
ENSG00000166888,0.9766178,1.5954962,GM12878,0.8834056,1.0,1
ENSG00000166896,1.4454191,1.55145,GM12878,0.6290441,1.0,1
ENSG00000166896,1.4195707,1.55145,GM12878,0.8233189,1.0,1
ENSG00000166896,1.72524,1.55145,GM12878,0.9263179,1.0,1
ENSG00000166896,1.627968,1.55145,GM12878,0.8930019,1.0,1
ENSG00000166908,1.5142347,1.3914644,GM12878,0.9103599,1.0,1
ENSG00000166908,1.3427975,1.3914644,GM12878,0.9282139,0.9974392,1
ENSG00000166986,1.9699409,2.2179313,GM12878,0.8777728,1.0,1
ENSG00000166986,1.6197658,2.2179313,GM12878,0.92799646,1.0,1
ENSG00000166987,1.6567626,0.553883,GM12878,0.8629993,1.0,1
ENSG00000166987,1.5706588,0.553883,GM12878,0.8641836,1.0,1
ENSG00000166987,1.6871265,0.553883,GM12878,0.93070894,1.0,1
ENSG00000167272,1.5450461,1.9222063,GM12878,0.9101528,1.0,1
ENSG00000167272,1.4696693,1.9222063,GM12878,0.80768895,1.0,1
ENSG00000167272,1.4696693,1.9222063,GM12878,0.80768895,1.0,1
ENSG00000167272,1.1650105,1.9222063,GM12878,0.90133154,0.8964165,1
ENSG00000167528,1.2473338,0.70070374,GM12878,0.9297233,1.0,1
ENSG00000167528,1.3695791,0.70070374,GM12878,0.93202573,1.0,1
ENSG00000167528,1.3091451,0.70070374,GM12878,0.92550063,1.0,1
ENSG00000167528,1.2148473,0.70070374,GM12878,0.9245545,1.0,1
ENSG00000167528,1.2249844,0.70070374,GM12878,0.8765714,1.0,1
ENSG00000167528,1.172684,0.70070374,GM12878,0.92316294,1.0,1
ENSG00000167535,-0.16776374,0.12385164,GM12878,0.9914875,1.0,1
ENSG00000167535,-0.030635767,0.12385164,GM12878,0.9765528,1.0,1
ENSG00000167535,0.04264167,0.12385164,GM12878,0.9780221,1.0,1
ENSG00000167535,0.17363271,0.12385164,GM12878,0.9865095,1.0,1
ENSG00000167550,1.1985427,0.87215626,GM12878,0.8907399,1.0,1
ENSG00000167550,1.5876209,0.87215626,GM12878,0.9130873,0.8791209,1
ENSG00000167552,0.67037594,1.9076263,GM12878,0.9375932,1.0,1
ENSG00000167552,0.53425837,1.9076263,GM12878,0.91574514,1.0,1
ENSG00000167553,1.7843623,3.4164674,GM12878,0.869918,1.0,1
ENSG00000167566,0.8004805,0.3424227,GM12878,0.88207203,1.0,1
ENSG00000167588,-0.38555604,-0.18045606,GM12878,0.98182124,1.0,1
ENSG00000167778,1.1328862,0.75204843,GM12878,0.88964295,1.0,1
ENSG00000167778,1.0541738,0.75204843,GM12878,0.92412865,0.99019605,1
ENSG00000167779,-0.06903857,-0.1611509,GM12878,0.9829217,1.0,1
ENSG00000168288,1.5382495,2.242616,GM12878,0.63257086,1.0,1
ENSG00000168385,1.3715138,2.3964958,GM12878,0.84982747,1.0,1
ENSG00000168385,1.7480559,2.3964958,GM12878,0.7759097,0.0,1
ENSG00000168385,1.6055591,2.3964958,GM12878,0.7603113,0.004602301,1
ENSG00000168385,1.4052863,2.3964958,GM12878,0.7945994,0.020285573,1
ENSG00000168385,1.450722,2.3964958,GM12878,0.80253166,0.13043478,1
ENSG00000168385,1.6805239,2.3964958,GM12878,0.8152205,0.0019248396,1
ENSG00000168393,1.5583187,1.6111921,GM12878,0.89000237,1.0,1
ENSG00000168393,1.5936676,1.6111921,GM12878,0.8575203,0.76466775,1
ENSG00000168395,1.2193596,1.4324882,GM12878,0.9012566,1.0,1
ENSG00000168395,1.1360575,1.4324882,GM12878,0.8542924,1.0,1
ENSG00000168397,1.7069283,1.7221401,GM12878,0.8688958,1.0,1
ENSG00000168397,1.3837739,1.7221401,GM12878,0.8541174,1.0,1
ENSG00000168397,1.4807794,1.7221401,GM12878,0.8797913,0.22041763,1
ENSG00000168754,-0.6398885,2.534445,GM12878,0.9834051,1.0,1
ENSG00000168754,-0.28337562,2.534445,GM12878,0.9623733,1.0,1
ENSG00000168758,1.6426034,1.8273046,GM12878,0.8563033,1.0,1
ENSG00000168763,1.2189641,0.813581,GM12878,0.90724736,1.0,1
ENSG00000168763,0.9218477,0.813581,GM12878,0.88086015,0.9826923,1
ENSG00000168778,0.72320044,0.665581,GM12878,0.8011721,1.0,1
ENSG00000168778,0.60246575,0.665581,GM12878,0.94575846,1.0,1
ENSG00000168778,0.6641637,0.665581,GM12878,0.9356396,1.0,1
ENSG00000168778,0.91343224,0.665581,GM12878,0.9251903,1.0,1
ENSG00000168883,1.5855582,2.0083873,GM12878,0.93037283,1.0,1
ENSG00000168883,1.4659746,2.0083873,GM12878,0.93456554,0.9984219,1
ENSG00000168887,1.3758166,1.5174599,GM12878,0.9051169,1.0,1
ENSG00000168890,0.90866315,0.86391735,GM12878,0.7511858,0.8227612,1
ENSG00000168894,1.4199575,2.50737,GM12878,0.9272555,1.0,1
ENSG00000168899,0.13225771,0.15228835,GM12878,0.97181994,1.0,1
ENSG00000168906,2.1054628,2.8064716,GM12878,0.8918677,1.0,1
ENSG00000168918,0.16129681,0.6009729,GM12878,0.9914746,1.0,1
ENSG00000168918,0.107560664,0.6009729,GM12878,0.9805383,1.0,1
ENSG00000168958,1.2842739,1.567732,GM12878,0.93417287,1.0,1
ENSG00000168958,1.1718054,1.567732,GM12878,0.8979491,1.0,1
ENSG00000168958,1.1046729,1.567732,GM12878,0.9219038,1.0,1
ENSG00000168958,1.0955356,1.567732,GM12878,0.8862573,0.98651963,1
ENSG00000168958,1.1631721,1.567732,GM12878,0.90950114,0.10576923,1
ENSG00000168958,1.1146901,1.567732,GM12878,0.90488094,0.0,1
ENSG00000168958,1.1155154,1.567732,GM12878,0.9178212,0.026818182,1
ENSG00000168958,1.0534678,1.567732,GM12878,0.89548403,0.94758064,1
ENSG00000168958,1.0534678,1.567732,GM12878,0.89548403,0.088160135,1
ENSG00000168958,1.2352586,1.567732,GM12878,0.71086437,0.006035283,1
ENSG00000168958,1.2352586,1.567732,GM12878,0.71086437,0.63492066,1
ENSG00000169016,1.3667815,1.3436055,GM12878,0.7456714,1.0,1
ENSG00000169016,1.3014245,1.3436055,GM12878,0.9355846,0.52971727,1
ENSG00000169016,1.3667815,1.3436055,GM12878,0.7456714,0.64533824,1
ENSG00000169016,1.2920951,1.3436055,GM12878,0.7615055,0.57846504,1
ENSG00000169372,1.1196246,1.3174365,GM12878,0.74550384,1.0,1
ENSG00000169554,1.6731349,1.7385428,GM12878,0.91417205,1.0,1
ENSG00000169554,1.6821105,1.7385428,GM12878,0.9147384,1.0,1
ENSG00000169554,1.7274102,1.7385428,GM12878,0.7977699,1.0,1
ENSG00000169599,1.0699282,1.525563,GM12878,0.82044744,1.0,1
ENSG00000169599,1.0699282,1.525563,GM12878,0.82044744,1.0,1
ENSG00000169599,1.0575883,1.525563,GM12878,0.7772649,1.0,1
ENSG00000169599,1.2312943,1.525563,GM12878,0.84864587,1.0,1
ENSG00000169599,1.2068813,1.525563,GM12878,0.9165063,0.9988354,1
ENSG00000169599,1.062938,1.525563,GM12878,0.8677327,0.8952679,1
ENSG00000169607,1.5243877,1.1316186,GM12878,0.94295526,1.0,1
ENSG00000169607,1.3273919,1.1316186,GM12878,0.9328973,1.0,1
ENSG00000169607,1.2351273,1.1316186,GM12878,0.9509067,1.0,1
ENSG00000169607,1.4856455,1.1316186,GM12878,0.8225069,1.0,1
ENSG00000169621,0.9264333,-0.28399664,GM12878,0.87868905,1.0,1
ENSG00000169621,1.1897599,-0.28399664,GM12878,0.7035978,1.0,1
ENSG00000169679,1.910675,2.232615,GM12878,0.9197939,1.0,1
ENSG00000169679,2.0065963,2.232615,GM12878,0.8781109,0.57782394,1
ENSG00000169756,1.0884005,1.9571761,GM12878,0.82250106,1.0,1
ENSG00000169756,1.0884005,1.9571761,GM12878,0.82250106,1.0,1
ENSG00000169756,1.1937909,1.9571761,GM12878,0.8235837,0.99112666,1
ENSG00000169764,1.3049707,1.6325585,GM12878,0.84493417,1.0,1
ENSG00000169764,1.045046,1.6325585,GM12878,0.6371114,0.0,1
ENSG00000169884,0.13300005,0.22010809,GM12878,0.9880091,1.0,1
ENSG00000169967,1.1491432,0.651278,GM12878,0.8781308,1.0,1
ENSG00000170035,1.2749289,1.9546283,GM12878,0.78600967,1.0,1
ENSG00000170035,1.2663702,1.9546283,GM12878,0.5887063,1.0,1
ENSG00000170144,1.9055703,2.1576078,GM12878,0.9232343,1.0,1
ENSG00000170417,1.0844674,0.7259116,GM12878,0.90744543,1.0,1
ENSG00000170417,1.2879859,0.7259116,GM12878,0.90512204,1.0,1
ENSG00000170417,1.083189,0.7259116,GM12878,0.90280026,0.7080745,1
ENSG00000170426,-0.41398075,-0.88605666,GM12878,0.97238773,1.0,1
ENSG00000170426,-0.36960635,-0.88605666,GM12878,0.97454846,1.0,1
ENSG00000170456,0.6039995,0.8518696,GM12878,0.9214013,1.0,1
ENSG00000170473,1.544965,1.513484,GM12878,0.75089383,1.0,1
ENSG00000170500,0.59750557,0.57170886,GM12878,0.94703823,1.0,1
ENSG00000170515,1.5817237,2.791838,GM12878,0.9075298,1.0,1
ENSG00000170545,0.9544802,1.6559064,GM12878,0.8181194,1.0,1
ENSG00000170545,0.9544802,1.6559064,GM12878,0.8181194,1.0,1
ENSG00000170545,0.9816451,1.6559064,GM12878,0.81300956,0.021474773,1
ENSG00000170627,1.7276486,2.7779992,GM12878,0.7906499,1.0,1
ENSG00000170627,1.6258248,2.7779992,GM12878,0.74405825,1.0,1
ENSG00000170633,1.2067946,1.5625308,GM12878,0.9304135,1.0,1
ENSG00000170633,1.2563651,1.5625308,GM12878,0.86236465,0.16459017,1
ENSG00000170634,1.1779301,0.33645973,GM12878,0.78720963,1.0,1
ENSG00000170634,0.9820359,0.33645973,GM12878,0.7768828,0.0,1
ENSG00000170653,1.5797185,1.2422929,GM12878,0.8845015,1.0,1
ENSG00000170802,1.2459731,1.2853322,GM12878,0.7365024,1.0,1
ENSG00000171055,1.1658285,1.4116197,GM12878,0.83095115,0.8443149,1
ENSG00000171055,1.1761973,1.4116197,GM12878,0.8679694,0.20570488,1
ENSG00000171055,1.5195463,1.4116197,GM12878,0.8912995,0.0,1
ENSG00000171103,1.1933802,1.3077099,GM12878,0.8990935,1.0,1
ENSG00000171132,0.19159228,-0.60206,GM12878,0.93892586,1.0,1
ENSG00000171132,0.21750921,-0.60206,GM12878,0.85573214,1.0,1
ENSG00000171174,-0.0052449033,-0.4202164,GM12878,0.9229389,1.0,1
ENSG00000171310,1.1867349,1.1344959,GM12878,0.89657027,1.0,1
ENSG00000171310,1.1867349,1.1344959,GM12878,0.89657027,1.0,1
ENSG00000171596,-0.40791386,-0.61978877,GM12878,0.99244905,1.0,1
ENSG00000171681,1.2576429,0.69548166,GM12878,0.9201293,1.0,1
ENSG00000171681,1.4410696,0.69548166,GM12878,0.94556016,1.0,1
ENSG00000171681,1.4906435,0.69548166,GM12878,0.89488167,0.9607843,1
ENSG00000171792,1.3543975,1.6608654,GM12878,0.9162825,0.64361703,1
ENSG00000171792,1.3176894,1.6608654,GM12878,0.9043514,0.9333665,1
ENSG00000171840,0.31528592,0.5575072,GM12878,0.92437583,1.0,1
ENSG00000171840,0.37687775,0.5575072,GM12878,0.9239979,1.0,1
ENSG00000171840,0.37687775,0.5575072,GM12878,0.9239979,1.0,1
ENSG00000171847,0.15169576,-0.82390875,GM12878,0.9811555,1.0,1
ENSG00000171847,0.23145315,-0.82390875,GM12878,0.95188713,1.0,1
ENSG00000171848,1.5889833,1.7937903,GM12878,0.84276044,1.0,1
ENSG00000171853,1.234634,1.5284024,GM12878,0.84103435,1.0,1
ENSG00000171853,1.0443165,1.5284024,GM12878,0.91681373,1.0,1
ENSG00000171865,1.7195318,1.2727696,GM12878,0.9302215,1.0,1
ENSG00000172059,1.303321,1.0976043,GM12878,0.89178497,1.0,1
ENSG00000172059,1.303321,1.0976043,GM12878,0.89178497,1.0,1
ENSG00000172071,1.4060508,0.7881684,GM12878,0.84388274,1.0,1
ENSG00000172071,1.3440695,0.7881684,GM12878,0.89734554,1.0,1
ENSG00000172071,1.4636142,0.7881684,GM12878,0.90993696,1.0,1
ENSG00000172073,-0.57699674,-0.9586073,GM12878,0.9950773,1.0,1
ENSG00000172086,0.73825896,0.6324573,GM12878,0.85756516,1.0,1
ENSG00000172292,0.6615404,0.54654264,GM12878,0.8583809,1.0,1
ENSG00000172292,0.78204787,0.54654264,GM12878,0.70824337,0.26900584,1
ENSG00000172428,1.0813692,1.9241759,GM12878,0.8275566,1.0,1
ENSG00000172428,0.9158808,1.9241759,GM12878,0.7129745,1.0,1
ENSG00000172602,-0.20077816,-0.23657201,GM12878,0.9843501,1.0,1
ENSG00000172819,0.8577019,0.54900324,GM12878,0.95896834,1.0,1
ENSG00000172819,0.72303677,0.54900324,GM12878,0.9466946,1.0,1
ENSG00000172819,0.52858436,0.54900324,GM12878,0.95069367,0.087804876,1
ENSG00000172845,1.3607409,1.8178958,GM12878,0.94226444,1.0,1
ENSG00000172845,1.3936609,1.8178958,GM12878,0.7302932,0.22721088,1
ENSG00000172878,1.3356421,1.223496,GM12878,0.67912954,1.0,1
ENSG00000172954,1.1061766,1.2013972,GM12878,0.90686965,0.022134388,1
ENSG00000172954,1.2363358,1.2013972,GM12878,0.90193325,0.046831954,1
ENSG00000173064,1.0835629,1.0277572,GM12878,0.92869484,1.0,1
ENSG00000173064,1.3068112,1.0277572,GM12878,0.90608186,1.0,1
ENSG00000173163,0.8069943,1.4094259,GM12878,0.893724,1.0,1
ENSG00000173166,0.18674085,-0.28399664,GM12878,0.9371249,1.0,1
ENSG00000173209,1.0195451,1.7185017,GM12878,0.7264117,1.0,1
ENSG00000173272,1.3081121,2.0541148,GM12878,0.86213154,1.0,1
ENSG00000173272,1.3081121,2.0541148,GM12878,0.86213154,1.0,1
ENSG00000173451,0.96664524,0.78675145,GM12878,0.9350335,1.0,1
ENSG00000173559,1.5187467,1.228657,GM12878,0.7632992,1.0,1
ENSG00000173559,1.5185356,1.228657,GM12878,0.79054415,1.0,1
ENSG00000173559,1.5185356,1.228657,GM12878,0.79054415,1.0,1
ENSG00000173559,1.6823907,1.228657,GM12878,0.8319596,0.25104603,1
ENSG00000173567,0.543357,-0.82390875,GM12878,0.87654394,1.0,1
ENSG00000173588,1.0102267,1.3312248,GM12878,0.9081261,1.0,1
ENSG00000173588,1.0150715,1.3312248,GM12878,0.8849375,0.04696673,1
ENSG00000173588,1.0194174,1.3312248,GM12878,0.7752228,0.01847575,1
ENSG00000173588,0.8507167,1.3312248,GM12878,0.7251077,0.70016474,1
ENSG00000173598,1.7593683,2.151615,GM12878,0.7196587,1.0,1
ENSG00000173598,1.8174138,2.151615,GM12878,0.9025695,1.0,1
ENSG00000173692,1.305038,2.2464986,GM12878,0.8909784,1.0,1
ENSG00000173692,1.3988845,2.2464986,GM12878,0.92218286,1.0,1
ENSG00000173744,1.3209759,1.8409212,GM12878,0.936147,1.0,1
ENSG00000173744,1.4507804,1.8409212,GM12878,0.9292938,0.9965221,1
ENSG00000173744,1.3610579,1.8409212,GM12878,0.7049495,0.33338484,1
ENSG00000173960,1.0335667,1.0402067,GM12878,0.9230992,1.0,1
ENSG00000173960,0.7430707,1.0402067,GM12878,0.80359316,0.026809651,1
ENSG00000173960,1.3485894,1.0402067,GM12878,0.6815963,0.68105066,1
ENSG00000174099,-0.48255104,-0.92081875,GM12878,0.97887236,1.0,1
ENSG00000174106,1.4027641,1.1379868,GM12878,0.82768214,1.0,1
ENSG00000174106,1.2447408,1.1379868,GM12878,0.9005942,1.0,1
ENSG00000174106,1.3243196,1.1379868,GM12878,0.8845294,1.0,1
ENSG00000174206,0.92361665,0.7355989,GM12878,0.91159326,1.0,1
ENSG00000174233,-0.5591594,0.012837225,GM12878,0.99577206,1.0,1
ENSG00000174243,1.4197283,1.8702868,GM12878,0.92495024,1.0,1
ENSG00000174437,1.8681539,1.717504,GM12878,0.78061634,1.0,1
ENSG00000174437,1.7255064,1.717504,GM12878,0.88947517,1.0,1
ENSG00000174437,1.4009031,1.717504,GM12878,0.8775237,0.9757876,1
ENSG00000174437,1.5986259,1.717504,GM12878,0.7540366,0.039647575,1
ENSG00000174456,0.9303417,1.525563,GM12878,0.87521183,1.0,1
ENSG00000174456,1.0335609,1.525563,GM12878,0.90746534,1.0,1
ENSG00000174501,1.0407803,0.95279247,GM12878,0.85491526,1.0,1
ENSG00000174501,0.7216631,0.95279247,GM12878,0.87785286,1.0,1
ENSG00000174501,0.9723706,0.95279247,GM12878,0.7309476,1.0,1
ENSG00000174501,0.8989816,0.95279247,GM12878,0.92107815,1.0,1
ENSG00000174501,1.4116616,0.95279247,GM12878,0.9071187,1.0,1
ENSG00000174718,1.0405983,1.6188844,GM12878,0.9075037,1.0,1
ENSG00000174718,1.0310352,1.6188844,GM12878,0.9393141,0.83912086,1
ENSG00000174718,1.018327,1.6188844,GM12878,0.9402916,0.9621976,1
ENSG00000174989,0.97183263,0.8169038,GM12878,0.88079435,1.0,1
ENSG00000175183,0.73316157,0.62838894,GM12878,0.93582815,1.0,1
ENSG00000175197,1.894824,1.9383196,GM12878,0.8478116,1.0,1
ENSG00000175203,1.7412251,2.0703335,GM12878,0.81714135,0.9882207,1
ENSG00000175215,1.451416,1.8581761,GM12878,0.9279607,1.0,1
ENSG00000175548,0.4827616,0.25042,GM12878,0.9171012,1.0,1
ENSG00000175548,0.4827616,0.25042,GM12878,0.9171012,1.0,1
ENSG00000175727,1.4455371,1.1420765,GM12878,0.8348543,1.0,1
ENSG00000175782,1.0772165,0.70329136,GM12878,0.9070926,1.0,1
ENSG00000175970,1.0553359,1.3812957,GM12878,0.89164436,1.0,1
ENSG00000176407,1.260165,1.7571682,GM12878,0.9204125,1.0,1
ENSG00000176407,1.2100705,1.7571682,GM12878,0.9418972,1.0,1
ENSG00000176720,0.17009607,0.29446623,GM12878,0.9321618,1.0,1
ENSG00000176720,0.12080185,0.29446623,GM12878,0.95045525,1.0,1
ENSG00000176720,0.3312165,0.29446623,GM12878,0.9522761,1.0,1
ENSG00000176732,0.7759546,-0.61978877,GM12878,0.81196135,1.0,1
ENSG00000176834,0.017104,0.78746045,GM12878,0.99143934,1.0,1
ENSG00000176871,1.63708,1.6904619,GM12878,0.9164543,1.0,1
ENSG00000176894,1.2460349,1.5137502,GM12878,0.8918969,1.0,1
ENSG00000176894,1.3213209,1.5137502,GM12878,0.91101015,1.0,1
ENSG00000176915,1.5377623,1.6996644,GM12878,0.88278526,1.0,1
ENSG00000176946,1.7297256,1.3666097,GM12878,0.81614125,1.0,1
ENSG00000176946,1.659497,1.3666097,GM12878,0.8448995,1.0,1
ENSG00000176946,1.7643921,1.3666097,GM12878,0.87101763,1.0,1
ENSG00000177084,1.3562844,1.7036352,GM12878,0.90716803,1.0,1
ENSG00000177084,1.609565,1.7036352,GM12878,0.91638327,1.0,1
ENSG00000177084,1.5485852,1.7036352,GM12878,0.91582817,1.0,1
ENSG00000177084,1.6523501,1.7036352,GM12878,0.8897362,0.99876493,1
ENSG00000177119,0.8388792,1.225826,GM12878,0.87046486,1.0,1
ENSG00000177119,1.4146745,1.225826,GM12878,0.7526318,1.0,1
ENSG00000177119,1.3890338,1.225826,GM12878,0.73760307,0.0343965,1
ENSG00000177119,1.1255443,1.225826,GM12878,0.8644431,0.98156387,1
ENSG00000177119,0.9692533,1.225826,GM12878,0.9169934,0.017813267,1
ENSG00000177169,1.0471736,0.5774918,GM12878,0.9005251,1.0,1
ENSG00000177169,0.7603787,0.5774918,GM12878,0.8329851,1.0,1
ENSG00000177169,0.8250464,0.5774918,GM12878,0.9379284,1.0,1
ENSG00000177192,1.4605722,1.4051756,GM12878,0.8145132,1.0,1
ENSG00000177483,-0.36094168,-0.56863624,GM12878,0.9821431,1.0,1
ENSG00000177889,1.4517671,2.382899,GM12878,0.92995596,1.0,1
ENSG00000177889,1.2519791,2.382899,GM12878,0.9024583,1.0,1
ENSG00000177917,1.3042021,1.8632634,GM12878,0.8961464,1.0,1
ENSG00000177917,1.1689115,1.8632634,GM12878,0.76446533,0.34760606,1
ENSG00000177917,1.1376486,1.8632634,GM12878,0.760204,0.044444446,1
ENSG00000177981,1.7207367,1.3014641,GM12878,0.89179945,1.0,1
ENSG00000177981,1.4346688,1.3014641,GM12878,0.89471376,1.0,1
ENSG00000177981,1.7728741,1.3014641,GM12878,0.8993795,0.059889678,1
ENSG00000177990,-0.33054006,-0.79588,GM12878,0.9717952,1.0,1
ENSG00000177990,-0.085971,-0.79588,GM12878,0.98802084,1.0,1
ENSG00000178295,1.3489811,1.4299136,GM12878,0.9274301,1.0,1
ENSG00000178401,-0.29000485,-0.04095861,GM12878,0.99713194,1.0,1
ENSG00000178449,1.4747415,1.8041394,GM12878,0.8203695,0.004327506,1
ENSG00000178449,1.1704643,1.8041394,GM12878,0.8050173,0.088575505,1
ENSG00000178623,-0.34994563,-0.7447275,GM12878,0.9945214,1.0,1
ENSG00000179104,-0.3198369,-0.22914799,GM12878,0.975305,1.0,1
ENSG00000179195,1.1387193,1.7858279,GM12878,0.7421677,1.0,1
ENSG00000179195,1.1654756,1.7858279,GM12878,0.86576486,1.0,1
ENSG00000179295,1.2439523,1.7273786,GM12878,0.84411085,1.0,1
ENSG00000179295,1.3818961,1.7273786,GM12878,0.9388965,1.0,1
ENSG00000179295,1.3233503,1.7273786,GM12878,0.8181672,1.0,1
ENSG00000179295,1.3524204,1.7273786,GM12878,0.90792894,1.0,1
ENSG00000179528,0.98953855,-0.04575749,GM12878,0.8181898,1.0,1
ENSG00000179715,0.3491495,-0.1426675,GM12878,0.9061475,1.0,1
ENSG00000179912,1.6002252,1.1000258,GM12878,0.8916297,1.0,1
ENSG00000179912,1.3920307,1.1000258,GM12878,0.84268093,1.0,1
ENSG00000179912,1.4264123,1.1000258,GM12878,0.8268774,0.0,1
ENSG00000179912,1.4716264,1.1000258,GM12878,0.8495717,1.0,1
ENSG00000179912,1.5236266,1.1000258,GM12878,0.7388943,1.0,1
ENSG00000180228,1.6180167,1.7247672,GM12878,0.8643078,1.0,1
ENSG00000180228,1.5710201,1.7247672,GM12878,0.8737973,0.033542976,1
ENSG00000180263,1.3458312,0.6095944,GM12878,0.82917273,1.0,1
ENSG00000180263,1.0516298,0.6095944,GM12878,0.90155166,0.88451445,1
ENSG00000180398,1.5672021,2.15567,GM12878,0.93669397,1.0,1
ENSG00000180398,1.5672021,2.15567,GM12878,0.93669397,1.0,1
ENSG00000180398,1.5672021,2.15567,GM12878,0.93669397,0.88586956,1
ENSG00000180398,1.6294526,2.15567,GM12878,0.8922855,0.71181047,1
ENSG00000180398,1.6294526,2.15567,GM12878,0.8922855,0.80265653,1
ENSG00000180398,1.5144272,2.15567,GM12878,0.7038513,0.39994037,1
ENSG00000180881,-0.05270144,-0.7447275,GM12878,0.9801941,1.0,1
ENSG00000180881,0.42943683,-0.7447275,GM12878,0.9119347,1.0,1
ENSG00000180902,0.9544411,1.2062861,GM12878,0.9094881,1.0,1
ENSG00000180902,1.2998028,1.2062861,GM12878,0.83069646,0.8868715,1
ENSG00000180902,0.98834896,1.2062861,GM12878,0.8877004,0.37936267,1
ENSG00000181852,1.7335246,1.6280823,GM12878,0.9008332,1.0,1
ENSG00000181852,1.5990053,1.6280823,GM12878,0.9309686,0.02148955,1
ENSG00000181852,1.7515868,1.6280823,GM12878,0.9314009,0.31061074,1
ENSG00000181929,1.7732136,1.931407,GM12878,0.9043111,1.0,1
ENSG00000182196,1.4054664,2.0070646,GM12878,0.92165947,1.0,1
ENSG00000182199,1.8816614,2.0803378,GM12878,0.8492556,0.7227899,1
ENSG00000182326,-0.46586818,-0.21467017,GM12878,0.9901051,1.0,1
ENSG00000182389,-0.61921096,-0.92081875,GM12878,0.9951315,1.0,1
ENSG00000182551,1.1839525,1.212454,GM12878,0.9184321,1.0,1
ENSG00000182993,0.89886415,0.29225606,GM12878,0.7469389,1.0,1
ENSG00000182993,0.91654205,0.29225606,GM12878,0.80852485,1.0,1
ENSG00000183054,0.8606813,-0.20760831,GM12878,0.9417482,1.0,1
ENSG00000183283,1.7324848,2.4188812,GM12878,0.76575863,1.0,1
ENSG00000183283,1.7930865,2.4188812,GM12878,0.7707781,1.0,1
ENSG00000183283,1.622586,2.4188812,GM12878,0.8776724,0.9899753,1
ENSG00000183283,1.6243389,2.4188812,GM12878,0.87409323,0.8757669,1
ENSG00000183395,1.1564516,-0.88605666,GM12878,0.9460141,1.0,1
ENSG00000183495,1.5344634,0.77451694,GM12878,0.85434216,1.0,1
ENSG00000183495,1.376655,0.77451694,GM12878,0.843724,1.0,1
ENSG00000183495,1.2588425,0.77451694,GM12878,0.877038,0.6573427,1
ENSG00000183513,1.3062862,1.6155292,GM12878,0.8927569,1.0,1
ENSG00000183735,1.3015485,1.2716093,GM12878,0.86264694,1.0,1
ENSG00000183891,0.69022167,1.7229629,GM12878,0.8329969,1.0,1
ENSG00000183955,1.456909,1.8150462,GM12878,0.81553346,1.0,1
ENSG00000183955,1.0910751,1.8150462,GM12878,0.6644276,0.4181232,1
ENSG00000184047,1.380835,1.5887197,GM12878,0.94457936,1.0,1
ENSG00000184047,1.5398273,1.5887197,GM12878,0.8464553,1.0,1
ENSG00000184047,1.1469102,1.5887197,GM12878,0.92478377,0.020094892,1
ENSG00000184047,1.380835,1.5887197,GM12878,0.94457936,0.97038215,1
ENSG00000184047,1.380835,1.5887197,GM12878,0.94457936,0.98123324,1
ENSG00000184047,1.5398273,1.5887197,GM12878,0.8464553,0.9928315,1
ENSG00000184047,1.4739406,1.5887197,GM12878,0.8055885,0.943299,1
ENSG00000184182,1.3445559,1.7896512,GM12878,0.88819677,1.0,1
ENSG00000184182,1.3826758,1.7896512,GM12878,0.80570334,1.0,1
ENSG00000184182,1.2608438,1.7896512,GM12878,0.7598076,0.73438483,1
ENSG00000184271,0.71980786,0.4281348,GM12878,0.8755646,1.0,1
ENSG00000184271,0.61919236,0.4281348,GM12878,0.9141806,1.0,1
ENSG00000184445,1.4502215,2.033102,GM12878,0.8401236,1.0,1
ENSG00000184445,1.6693444,2.033102,GM12878,0.9206824,1.0,1
ENSG00000184445,1.2488035,2.033102,GM12878,0.8962685,1.0,1
ENSG00000184445,1.2998593,2.033102,GM12878,0.90612644,0.8590272,1
ENSG00000184445,1.6276147,2.033102,GM12878,0.8419698,0.42275363,1
ENSG00000184575,2.0324829,2.1749897,GM12878,0.7948669,1.0,1
ENSG00000184575,1.9065373,2.1749897,GM12878,0.8675315,1.0,1
ENSG00000184613,0.24413541,-0.4089354,GM12878,0.9585513,1.0,1
ENSG00000184752,0.7949933,2.2918348,GM12878,0.6568328,1.0,1
ENSG00000184752,1.0078154,2.2918348,GM12878,0.91654277,0.9304363,1
ENSG00000184898,1.2644792,0.6589649,GM12878,0.8614073,1.0,1
ENSG00000184898,1.0679864,0.6589649,GM12878,0.93660027,1.0,1
ENSG00000184967,1.0796771,0.7307823,GM12878,0.94772565,1.0,1
ENSG00000184992,1.1985162,1.0565237,GM12878,0.9168036,1.0,1
ENSG00000185163,1.3241183,1.0561422,GM12878,0.9302815,1.0,1
ENSG00000185163,1.165859,1.0561422,GM12878,0.91127986,1.0,1
ENSG00000185163,1.4270576,1.0561422,GM12878,0.9404448,1.0,1
ENSG00000185163,1.3095293,1.0561422,GM12878,0.8831765,1.0,1
ENSG00000185163,1.5042409,1.0561422,GM12878,0.9017301,1.0,1
ENSG00000185344,1.2708843,1.8576943,GM12878,0.9307521,1.0,1
ENSG00000185344,1.0859021,1.8576943,GM12878,0.9304963,1.0,1
ENSG00000185404,0.74902844,0.90525603,GM12878,0.9409672,1.0,1
ENSG00000185404,1.017295,0.90525603,GM12878,0.9369398,0.14864865,1
ENSG00000185432,1.1108081,0.9973864,GM12878,0.88668525,1.0,1
ENSG00000185480,1.2226826,1.5067755,GM12878,0.89880306,1.0,1
ENSG00000185480,1.2226826,1.5067755,GM12878,0.89880306,1.0,1
ENSG00000185480,0.9140947,1.5067755,GM12878,0.91110384,0.9807468,1
ENSG00000185480,1.0915396,1.5067755,GM12878,0.9074181,0.047052152,1
ENSG00000185480,1.1317848,1.5067755,GM12878,0.8403477,0.5017668,1
ENSG00000185480,0.9509629,1.5067755,GM12878,0.9163299,0.8797629,1
ENSG00000185482,0.0025774762,0.59549624,GM12878,0.9838418,1.0,1
ENSG00000185482,-0.14704634,0.59549624,GM12878,0.98766786,1.0,1
ENSG00000185482,0.19277194,0.59549624,GM12878,0.96430135,0.9874608,1
ENSG00000185482,0.40802103,0.59549624,GM12878,0.85782295,0.041269843,1
ENSG00000185591,1.5854275,1.6252096,GM12878,0.84551007,1.0,1
ENSG00000185591,1.4086695,1.6252096,GM12878,0.94613886,1.0,1
ENSG00000185640,-0.57448345,0.12057393,GM12878,0.99578106,1.0,1
ENSG00000185664,0.2584881,0.30103,GM12878,0.9830142,1.0,1
ENSG00000186132,0.5032282,1.0421816,GM12878,0.91849566,1.0,1
ENSG00000186132,1.0211608,1.0421816,GM12878,0.9067265,1.0,1
ENSG00000186298,1.4203116,2.289745,GM12878,0.9470582,1.0,1
ENSG00000186298,1.6326854,2.289745,GM12878,0.94360673,1.0,1
ENSG00000186298,1.5857407,2.289745,GM12878,0.94107574,1.0,1
ENSG00000186815,1.0081555,1.1000258,GM12878,0.79666567,1.0,1
ENSG00000186815,0.8551389,1.1000258,GM12878,0.8260178,0.08759124,1
ENSG00000186815,0.9731672,1.1000258,GM12878,0.7541403,0.1463964,1
ENSG00000186854,-0.5813284,-0.49485,GM12878,0.99524325,1.0,1
ENSG00000186854,-0.5700718,-0.49485,GM12878,0.9976839,1.0,1
ENSG00000186889,1.083764,0.20411998,GM12878,0.81907195,1.0,1
ENSG00000186889,1.0838534,0.20411998,GM12878,0.83388186,1.0,1
ENSG00000186908,1.3446274,1.6647359,GM12878,0.79182917,1.0,1
ENSG00000186908,1.3401096,1.6647359,GM12878,0.87249106,0.8091603,1
ENSG00000186908,1.1998446,1.6647359,GM12878,0.8328929,0.1908397,1
ENSG00000187109,1.2704792,2.5370002,GM12878,0.770658,1.0,1
ENSG00000187109,1.3896405,2.5370002,GM12878,0.89461565,0.7525151,1
ENSG00000187109,1.2497432,2.5370002,GM12878,0.8851743,0.99739194,1
ENSG00000187109,1.4206568,2.5370002,GM12878,0.6669337,0.7152778,1
ENSG00000187514,1.6424664,2.4737496,GM12878,0.88125896,1.0,1
ENSG00000187605,0.99970067,0.53275436,GM12878,0.9533203,1.0,1
ENSG00000187736,1.0946335,1.193681,GM12878,0.8212589,1.0,1
ENSG00000187778,1.2392535,1.8017466,GM12878,0.7629286,1.0,1
ENSG00000187778,1.2092054,1.8017466,GM12878,0.83628905,1.0,1
ENSG00000187778,1.247536,1.8017466,GM12878,0.8255846,1.0,1
ENSG00000187778,0.9368901,1.8017466,GM12878,0.87304544,1.0,1
ENSG00000187833,0.011904612,-0.65757734,GM12878,0.9636046,1.0,1
ENSG00000187944,-0.5711744,-0.9586073,GM12878,0.98460615,1.0,1
ENSG00000188010,0.70021784,1.0744507,GM12878,0.82166904,1.0,1
ENSG00000188010,0.7754773,1.0744507,GM12878,0.9088567,1.0,1
ENSG00000188010,0.617118,1.0744507,GM12878,0.8790067,1.0,1
ENSG00000188026,0.88925827,0.90741134,GM12878,0.7527886,1.0,1
ENSG00000188026,1.0173883,0.90741134,GM12878,0.85051084,1.0,1
ENSG00000188026,1.0160563,0.90741134,GM12878,0.8262563,1.0,1
ENSG00000188026,1.4354262,0.90741134,GM12878,0.9017826,1.0,1
ENSG00000188177,0.8384477,0.2121876,GM12878,0.88807863,1.0,1
ENSG00000188177,0.6909143,0.2121876,GM12878,0.8853616,1.0,1
ENSG00000188282,-0.43840456,-0.9586073,GM12878,0.98753077,1.0,1
ENSG00000188389,-0.186069,0.29885307,GM12878,0.9919756,1.0,1
ENSG00000188389,-0.13053429,0.29885307,GM12878,0.9936759,1.0,1
ENSG00000188542,1.2718611,0.7937904,GM12878,0.80665344,1.0,1
ENSG00000188735,1.2395823,0.8668778,GM12878,0.8994876,1.0,1
ENSG00000188735,1.0555758,0.8668778,GM12878,0.88242525,1.0,1
ENSG00000188735,1.1242299,0.8668778,GM12878,0.9280398,0.21768707,1
ENSG00000188760,0.68964696,0.1335389,GM12878,0.90208334,1.0,1
ENSG00000188906,-0.23588163,-0.55284196,GM12878,0.94909257,1.0,1
ENSG00000189046,1.2120237,1.3963737,GM12878,0.789389,1.0,1
ENSG00000189046,1.2598345,1.3963737,GM12878,0.9148303,0.97117364,1
ENSG00000189079,1.2756461,1.4061995,GM12878,0.9343787,1.0,1
ENSG00000189079,1.0304927,1.4061995,GM12878,0.8280505,0.0,1
ENSG00000189079,0.9518672,1.4061995,GM12878,0.7624133,0.16,1
ENSG00000189362,1.063088,0.36172783,GM12878,0.8803281,1.0,1
ENSG00000189362,1.0420028,0.36172783,GM12878,0.8214815,1.0,1
ENSG00000189362,1.3278104,0.36172783,GM12878,0.9247116,0.7837838,1
ENSG00000196141,0.94182,1.4640422,GM12878,0.7994622,1.0,1
ENSG00000196141,1.0534301,1.4640422,GM12878,0.8238487,1.0,1
ENSG00000196141,0.7958927,1.4640422,GM12878,0.88172024,1.0,1
ENSG00000196141,0.7897661,1.4640422,GM12878,0.82881016,1.0,1
ENSG00000196141,0.97286415,1.4640422,GM12878,0.7805013,1.0,1
ENSG00000196141,0.8686178,1.4640422,GM12878,0.91540396,0.37549758,1
ENSG00000196290,1.4864426,1.8479426,GM12878,0.9160863,0.6967787,1
ENSG00000196387,0.8288634,0.75739604,GM12878,0.76603484,1.0,1
ENSG00000196387,0.7313045,0.75739604,GM12878,0.9098406,1.0,1
ENSG00000196387,0.7313045,0.75739604,GM12878,0.9098406,1.0,1
ENSG00000196387,0.852903,0.75739604,GM12878,0.82421416,0.4181818,1
ENSG00000196458,0.15070388,-0.4685211,GM12878,0.96109694,1.0,1
ENSG00000196465,1.3520178,1.7137425,GM12878,0.8892523,1.0,1
ENSG00000196498,0.43537208,0.48000693,GM12878,0.8602995,1.0,1
ENSG00000196504,1.5569543,2.3094172,GM12878,0.9014495,1.0,1
ENSG00000196504,1.695205,2.3094172,GM12878,0.7828926,1.0,1
ENSG00000196504,1.5920718,2.3094172,GM12878,0.83523023,0.9396194,1
ENSG00000196504,1.5003927,2.3094172,GM12878,0.90362185,0.031471092,1
ENSG00000196510,1.652683,2.059904,GM12878,0.915341,1.0,1
ENSG00000196510,1.7476165,2.059904,GM12878,0.89352554,1.0,1
ENSG00000196510,1.6058674,2.059904,GM12878,0.8942496,1.0,1
ENSG00000196604,0.6731399,-0.7212464,GM12878,0.9713329,1.0,1
ENSG00000196604,1.0112702,-0.7212464,GM12878,0.967722,1.0,1
ENSG00000196604,1.0545397,-0.7212464,GM12878,0.9511287,1.0,1
ENSG00000196604,1.2477502,-0.7212464,GM12878,0.966805,1.0,1
ENSG00000196604,1.222923,-0.7212464,GM12878,0.82089597,1.0,1
ENSG00000196604,0.11528158,-0.7212464,GM12878,0.9559139,1.0,1
ENSG00000196843,0.6295402,0.48572144,GM12878,0.91588587,1.0,1
ENSG00000196843,0.5850121,0.48572144,GM12878,0.94022703,0.72695035,1
ENSG00000196850,1.5049081,1.2457594,GM12878,0.9341886,1.0,1
ENSG00000196850,1.2193148,1.2457594,GM12878,0.8850754,1.0,1
ENSG00000196850,1.3897097,1.2457594,GM12878,0.9193115,1.0,1
ENSG00000196850,1.4077567,1.2457594,GM12878,0.9318583,1.0,1
ENSG00000196862,0.7541586,-0.9586073,GM12878,0.98245275,1.0,1
ENSG00000196935,-0.2698563,-0.85387194,GM12878,0.98631126,1.0,1
ENSG00000196935,-0.06223972,-0.85387194,GM12878,0.98966867,1.0,1
ENSG00000196950,1.3044221,1.4543874,GM12878,0.928922,1.0,1
ENSG00000196975,0.6725199,0.92582756,GM12878,0.8495618,1.0,1
ENSG00000197111,1.8651241,2.4339457,GM12878,0.90672165,1.0,1
ENSG00000197111,1.9125373,2.4339457,GM12878,0.7829954,1.0,1
ENSG00000197111,1.8994571,2.4339457,GM12878,0.9141031,0.7134209,1
ENSG00000197111,1.9132355,2.4339457,GM12878,0.7835033,0.8773534,1
ENSG00000197121,0.49071607,-0.36653155,GM12878,0.81746316,1.0,1
ENSG00000197223,1.0035839,1.5094713,GM12878,0.8315089,1.0,1
ENSG00000197223,0.92263293,1.5094713,GM12878,0.9105968,1.0,1
ENSG00000197329,0.9225142,1.1112626,GM12878,0.9370806,1.0,1
ENSG00000197713,1.5112629,1.6422666,GM12878,0.9333498,1.0,1
ENSG00000197713,1.4273809,1.6422666,GM12878,0.6257495,0.0029368575,1
ENSG00000197713,1.325237,1.6422666,GM12878,0.8183308,0.6555048,1
ENSG00000197713,1.5255914,1.6422666,GM12878,0.88077,0.082868725,1
ENSG00000197713,1.3473778,1.6422666,GM12878,0.8980509,0.89506525,1
ENSG00000197713,1.3277942,1.6422666,GM12878,0.7869381,0.05678422,1
ENSG00000197872,-0.21123889,-0.07572071,GM12878,0.9844748,1.0,1
ENSG00000197905,1.1250792,1.182985,GM12878,0.80500835,1.0,1
ENSG00000198001,0.99673915,1.416141,GM12878,0.88748467,1.0,1
ENSG00000198001,0.99673915,1.416141,GM12878,0.88748467,1.0,1
ENSG00000198001,1.197988,1.416141,GM12878,0.8165932,1.0,1
ENSG00000198001,1.4391186,1.416141,GM12878,0.6586784,0.15306123,1
ENSG00000198001,0.99673915,1.416141,GM12878,0.88748467,0.67346936,1
ENSG00000198001,0.98507977,1.416141,GM12878,0.8137227,0.0983871,1
ENSG00000198001,1.143053,1.416141,GM12878,0.9166548,0.83996993,1
ENSG00000198040,1.0146912,1.2619762,GM12878,0.9288277,1.0,1
ENSG00000198056,1.38417,1.9697886,GM12878,0.8588722,1.0,1
ENSG00000198130,1.1933045,1.3565995,GM12878,0.77139944,1.0,1
ENSG00000198130,1.2184608,1.3565995,GM12878,0.6959723,0.94187427,1
ENSG00000198270,1.101185,1.8424845,GM12878,0.77248144,1.0,1
ENSG00000198270,1.3069608,1.8424845,GM12878,0.66991127,1.0,1
ENSG00000198270,1.4383523,1.8424845,GM12878,0.9182465,0.89046055,1
ENSG00000198270,0.7382616,1.8424845,GM12878,0.8860334,0.84433377,1
ENSG00000198270,1.4135646,1.8424845,GM12878,0.79117346,0.33092105,1
ENSG00000198353,-0.24775048,-0.27572414,GM12878,0.9871656,1.0,1
ENSG00000198369,1.428133,1.1024337,GM12878,0.8984235,1.0,1
ENSG00000198380,1.4568555,1.0986438,GM12878,0.91049105,1.0,1
ENSG00000198393,0.93439186,0.7701153,GM12878,0.9492393,1.0,1
ENSG00000198393,1.0589085,0.7701153,GM12878,0.935694,1.0,1
ENSG00000198399,1.1091423,1.0633334,GM12878,0.83112824,1.0,1
ENSG00000198399,1.054793,1.0633334,GM12878,0.8260167,0.0034602077,1
ENSG00000198399,0.91863513,1.0633334,GM12878,0.8821501,0.4114053,1
ENSG00000198431,1.6115062,2.1384606,GM12878,0.90188944,1.0,1
ENSG00000198431,1.4361715,2.1384606,GM12878,0.7470879,0.65478665,1
ENSG00000198431,1.2997901,2.1384606,GM12878,0.814809,0.0020149343,1
ENSG00000198431,1.5164886,2.1384606,GM12878,0.90508455,1.0,1
ENSG00000198431,1.0856807,2.1384606,GM12878,0.8984644,0.036704335,1
ENSG00000198522,1.259846,1.8420473,GM12878,0.8648904,1.0,1
ENSG00000198586,1.2774343,1.3602146,GM12878,0.91183746,1.0,1
ENSG00000198586,1.4838114,1.3602146,GM12878,0.8823898,1.0,1
ENSG00000198586,1.2443715,1.3602146,GM12878,0.76305413,1.0,1
ENSG00000198586,1.3557081,1.3602146,GM12878,0.7756466,1.0,1
ENSG00000198586,1.4669279,1.3602146,GM12878,0.89723617,0.00054347824,1
ENSG00000198586,1.4269161,1.3602146,GM12878,0.83412373,0.0076086954,1
ENSG00000198612,1.0468452,1.7039788,GM12878,0.6591674,1.0,1
ENSG00000198612,1.3115233,1.7039788,GM12878,0.61486113,0.8845161,1
ENSG00000198648,0.10602288,-0.22914799,GM12878,0.93276435,1.0,1
ENSG00000198648,0.315526,-0.22914799,GM12878,0.94567084,1.0,1
ENSG00000198648,-0.08247768,-0.22914799,GM12878,0.9590816,1.0,1
ENSG00000198707,0.98064935,0.74350977,GM12878,0.8946561,1.0,1
ENSG00000198707,1.3045529,0.74350977,GM12878,0.8783668,0.9844358,1
ENSG00000198707,1.2566527,0.74350977,GM12878,0.91500753,0.054474708,1
ENSG00000198855,0.99780583,-0.11918641,GM12878,0.7981279,1.0,1
ENSG00000198885,1.1009369,0.350248,GM12878,0.7184478,1.0,1
ENSG00000198925,1.4949048,1.7627536,GM12878,0.7403352,1.0,1
ENSG00000198925,1.3802302,1.7627536,GM12878,0.86688715,0.99839485,1
ENSG00000198925,1.3021262,1.7627536,GM12878,0.7111171,0.45178765,1
ENSG00000198925,1.2747701,1.7627536,GM12878,0.7018791,0.2883263,1
ENSG00000204099,-0.36530817,-0.82390875,GM12878,0.9799748,1.0,1
ENSG00000204104,0.8429524,0.2764618,GM12878,0.75781417,1.0,1
ENSG00000204120,1.0431654,1.4695275,GM12878,0.8914046,1.0,1
ENSG00000204120,1.147415,1.4695275,GM12878,0.9215134,1.0,1
ENSG00000204120,1.1290073,1.4695275,GM12878,0.69430304,0.9606481,1
ENSG00000204120,1.208063,1.4695275,GM12878,0.8481897,0.04278075,1
ENSG00000204120,1.0974141,1.4695275,GM12878,0.8231437,0.9054054,1
ENSG00000204120,1.0939833,1.4695275,GM12878,0.82148916,0.025917927,1
ENSG00000204217,0.97661805,0.65705585,GM12878,0.9106022,1.0,1
ENSG00000204217,1.0032601,0.65705585,GM12878,0.9150189,1.0,1
ENSG00000204311,0.9148954,0.24303804,GM12878,0.85083735,1.0,1
ENSG00000204406,0.7659631,1.1900514,GM12878,0.8125882,1.0,1
ENSG00000204406,0.20581496,1.1900514,GM12878,0.90713036,1.0,1
ENSG00000204634,-0.031471666,-0.0043648053,GM12878,0.96847,1.0,1
ENSG00000204842,1.4304276,1.4141374,GM12878,0.93136394,1.0,1
ENSG00000204842,1.5645591,1.4141374,GM12878,0.939264,1.0,1
ENSG00000204842,1.5645591,1.4141374,GM12878,0.939264,1.0,1
ENSG00000204842,1.27998,1.4141374,GM12878,0.8677155,1.0,1
ENSG00000204842,1.4000444,1.4141374,GM12878,0.9062919,1.0,1
ENSG00000204842,1.3409338,1.4141374,GM12878,0.8244929,1.0,1
ENSG00000204842,1.6062561,1.4141374,GM12878,0.9164477,0.0,1
ENSG00000204842,1.3660433,1.4141374,GM12878,0.7797632,0.030837005,1
ENSG00000204842,1.5372555,1.4141374,GM12878,0.8289174,0.8839779,1
ENSG00000204842,1.2680023,1.4141374,GM12878,0.8359791,0.2626728,1
ENSG00000204843,1.4734344,1.4313638,GM12878,0.80124325,1.0,1
ENSG00000204843,1.2098049,1.4313638,GM12878,0.7970963,0.0,1
ENSG00000204852,0.78120005,0.9628427,GM12878,0.95154,1.0,1
ENSG00000204852,0.53272796,0.9628427,GM12878,0.897727,1.0,1
ENSG00000204852,0.90327144,0.9628427,GM12878,0.8100079,0.04016064,1
ENSG00000204852,0.38783512,0.9628427,GM12878,0.9411498,0.9795082,1
ENSG00000204852,0.6658567,0.9628427,GM12878,0.93581027,0.096885815,1
ENSG00000204852,0.6147475,0.9628427,GM12878,0.9471763,0.018796992,1
ENSG00000204856,1.173316,1.8397921,GM12878,0.7707008,1.0,1
ENSG00000204856,1.173316,1.8397921,GM12878,0.7707008,1.0,1
ENSG00000204856,1.4621096,1.8397921,GM12878,0.9383459,1.0,1
ENSG00000204856,1.2078359,1.8397921,GM12878,0.9353354,1.0,1
ENSG00000204856,1.1268352,1.8397921,GM12878,0.9294838,0.9939551,1
ENSG00000204923,0.94880605,0.10720997,GM12878,0.856308,1.0,1
ENSG00000204923,1.1567014,0.10720997,GM12878,0.6416679,1.0,1
ENSG00000204954,1.4657726,1.5497388,GM12878,0.75017303,1.0,1
ENSG00000204954,1.4811637,1.5497388,GM12878,0.89944327,0.018209409,1
ENSG00000205086,-0.59977865,-0.9586073,GM12878,0.99271554,1.0,1
ENSG00000205086,-0.6474339,-0.9586073,GM12878,0.9951147,1.0,1
ENSG00000205323,1.9270928,2.1086664,GM12878,0.84361386,1.0,1
ENSG00000205323,1.8186522,2.1086664,GM12878,0.8932302,0.97135794,1
ENSG00000205352,1.7443417,2.2241704,GM12878,0.71930075,1.0,1
ENSG00000205639,0.8959329,0.76417613,GM12878,0.91029066,1.0,1
ENSG00000205707,1.1559479,1.3527611,GM12878,0.9054482,1.0,1
ENSG00000205707,1.1559479,1.3527611,GM12878,0.9054482,1.0,1
ENSG00000205707,1.1008501,1.3527611,GM12878,0.88320225,0.0,1
ENSG00000205795,-0.045101114,-0.9586073,GM12878,0.87691087,1.0,1
ENSG00000211455,0.79511964,0.5888317,GM12878,0.9027355,1.0,1
ENSG00000211460,1.5605289,1.9278321,GM12878,0.91766,1.0,1
ENSG00000211460,1.5605289,1.9278321,GM12878,0.91766,1.0,1
ENSG00000211460,1.4622407,1.9278321,GM12878,0.9038022,1.0,1
ENSG00000211460,1.4622407,1.9278321,GM12878,0.9038022,1.0,1
ENSG00000211460,1.6928134,1.9278321,GM12878,0.86884856,0.9965157,1
ENSG00000211584,1.2698144,1.0216027,GM12878,0.8655752,1.0,1
ENSG00000212127,1.1288238,0.24303804,GM12878,0.8128527,1.0,1
ENSG00000212127,1.2577455,0.24303804,GM12878,0.8899585,1.0,1
ENSG00000213160,1.2190552,1.6390879,GM12878,0.9206284,1.0,1
ENSG00000213337,1.2411532,1.3562171,GM12878,0.9185151,1.0,1
ENSG00000213639,1.3524803,1.6006463,GM12878,0.8378519,1.0,1
ENSG00000213699,1.3978896,1.0523092,GM12878,0.8994463,1.0,1
ENSG00000213699,1.3700049,1.0523092,GM12878,0.9149347,1.0,1
ENSG00000213699,1.4054356,1.0523092,GM12878,0.7471489,0.9528689,1
ENSG00000213699,1.4001039,1.0523092,GM12878,0.92924935,0.89855075,1
ENSG00000213699,1.2737335,1.0523092,GM12878,0.9054721,0.9669052,1
ENSG00000213782,1.4488463,1.5390761,GM12878,0.9407775,1.0,1
ENSG00000213782,1.3022236,1.5390761,GM12878,0.9307804,0.98846036,1
ENSG00000213782,1.4817377,1.5390761,GM12878,0.93732274,0.99616724,1
ENSG00000213809,-0.4439915,-0.7695511,GM12878,0.97209483,1.0,1
ENSG00000213809,-0.1955572,-0.7695511,GM12878,0.98542756,1.0,1
ENSG00000213901,-0.22108401,-0.3767507,GM12878,0.9764495,1.0,1
ENSG00000214595,0.40870944,-0.21467017,GM12878,0.87684995,1.0,1
ENSG00000214595,0.4436073,-0.21467017,GM12878,0.9236055,1.0,1
ENSG00000214595,0.63854396,-0.21467017,GM12878,0.9344375,1.0,1
ENSG00000214595,0.5820596,-0.21467017,GM12878,0.9418069,1.0,1
ENSG00000215021,1.7632775,2.5502162,GM12878,0.82944685,1.0,1
ENSG00000215021,1.7620356,2.5502162,GM12878,0.8095264,1.0,1
ENSG00000215021,1.9056993,2.5502162,GM12878,0.9231005,1.0,1
ENSG00000215021,1.7951806,2.5502162,GM12878,0.87669486,1.0,1
ENSG00000215021,1.752432,2.5502162,GM12878,0.8083045,1.0,1
ENSG00000218739,1.379814,1.6078837,GM12878,0.85666287,1.0,1
ENSG00000219626,0.8384464,0.48429984,GM12878,0.8027566,1.0,1
ENSG00000221823,1.334279,1.0599419,GM12878,0.92271787,1.0,1
ENSG00000221823,1.2445167,1.0599419,GM12878,0.7953431,1.0,1
ENSG00000221823,1.1410615,1.0599419,GM12878,0.91363555,1.0,1
ENSG00000221823,1.2733557,1.0599419,GM12878,0.7664108,1.0,1
ENSG00000231672,-0.5847908,-0.9586073,GM12878,0.9944629,1.0,1
ENSG00000231887,1.0366942,0.48000693,GM12878,0.74648017,1.0,1
ENSG00000231887,1.1812186,0.48000693,GM12878,0.780087,1.0,1
ENSG00000231887,0.84560835,0.48000693,GM12878,0.97690976,1.0,1
ENSG00000235162,0.04930319,-0.26760623,GM12878,0.8989363,1.0,1
ENSG00000239305,0.96772885,0.553883,GM12878,0.8916216,1.0,1
ENSG00000239474,-0.22649282,-0.7212464,GM12878,0.9764484,1.0,1
ENSG00000239779,1.0036383,1.2156376,GM12878,0.9523355,1.0,1
ENSG00000239779,0.9982209,1.2156376,GM12878,0.7721095,0.1745283,1
ENSG00000240344,1.302602,1.7319914,GM12878,0.7348415,1.0,1
ENSG00000240344,1.302602,1.7319914,GM12878,0.7348415,1.0,1
ENSG00000240344,1.5963193,1.7319914,GM12878,0.85087025,0.74934864,1
ENSG00000240344,1.239012,1.7319914,GM12878,0.7922243,0.0,1
ENSG00000240344,0.9822985,1.7319914,GM12878,0.72931343,0.7108597,1
ENSG00000240771,1.0432478,1.0934217,GM12878,0.9632407,1.0,1
ENSG00000241119,-0.7099682,-0.9586073,GM12878,0.9930045,1.0,1
ENSG00000241962,0.88879097,-0.43179828,GM12878,0.9013224,1.0,1
ENSG00000243244,-0.04911702,0.025305865,GM12878,0.97121125,1.0,1
ENSG00000243667,1.1481324,0.5428254,GM12878,0.83808255,1.0,1
ENSG00000243667,1.2733209,0.5428254,GM12878,0.88599706,1.0,1
ENSG00000243943,1.2250059,1.8286599,GM12878,0.8867969,1.0,1
ENSG00000243943,1.2518332,1.8286599,GM12878,0.8350501,0.0132,1
ENSG00000243943,1.3307972,1.8286599,GM12878,0.7371241,0.48008007,1
ENSG00000243943,1.3774254,1.8286599,GM12878,0.8893654,0.98646265,1
ENSG00000247077,1.5356961,1.5903959,GM12878,0.9224717,1.0,1
ENSG00000250565,1.1448407,0.90091306,GM12878,0.88464415,1.0,1
ENSG00000251569,0.92068994,-0.24412514,GM12878,0.8712102,1.0,1
ENSG00000251569,0.59350145,-0.24412514,GM12878,0.8380286,1.0,1
ENSG00000251569,0.6033999,-0.24412514,GM12878,0.8200937,1.0,1
ENSG00000251569,0.84438944,-0.24412514,GM12878,0.88013065,1.0,1
ENSG00000256223,0.93933463,0.5843312,GM12878,0.9014696,1.0,1
ENSG00000256223,1.014575,0.5843312,GM12878,0.90596765,1.0,1
ENSG00000256223,0.8198099,0.5843312,GM12878,0.87220436,1.0,1
ENSG00000256223,0.8830037,0.5843312,GM12878,0.8985697,1.0,1
ENSG00000257218,1.6673594,1.438384,GM12878,0.86896795,1.0,1
ENSG00000257218,1.5146234,1.438384,GM12878,0.834226,0.18068764,1
ENSG00000257390,0.9551611,-0.55284196,GM12878,0.9477755,1.0,1
ENSG00000257390,0.9901643,-0.55284196,GM12878,0.9293738,1.0,1
ENSG00000257390,1.1726325,-0.55284196,GM12878,0.8804855,1.0,1
ENSG00000257390,0.69428396,-0.55284196,GM12878,0.9595011,1.0,1
ENSG00000257727,1.4046915,2.1634,GM12878,0.9318722,1.0,1
ENSG00000257921,1.4729725,-0.13667715,GM12878,0.7729783,1.0,1
ENSG00000258311,1.0200539,0.096910015,GM12878,0.9075813,1.0,1
ENSG00000259075,1.5398579,-0.33724216,GM12878,0.7683955,1.0,1
