,PredExpr,ActualExpr,PredPsi,ActualPsi,fold_idx
ENSG00000196388,1.2796046,-0.82390875,0.89538294,1.0,1
ENSG00000164051,1.0083339,1.1099159,0.90012705,1.0,1
ENSG00000064102,1.4429705,1.7070589,0.88142824,1.0,1
ENSG00000064102,1.4429705,1.7070589,0.88142824,1.0,1
ENSG00000064102,1.4429704,1.7070589,0.88142824,1.0,1
ENSG00000117533,1.6693525,1.1296899,0.87392914,1.0,1
ENSG00000117533,1.6693527,1.1296899,0.87392914,1.0,1
ENSG00000089094,0.9292927,1.2591158,0.8883808,1.0,1
ENSG00000089094,0.9292927,1.2591158,0.8883808,1.0,1
ENSG00000089094,0.92929274,1.2591158,0.8883808,0.88706565,1
ENSG00000138688,1.2880828,1.3364598,0.85268044,1.0,1
ENSG00000138688,1.2880831,1.3364598,0.8526804,1.0,1
ENSG00000138688,1.2880828,1.3364598,0.85268044,0.72337043,1
ENSG00000129195,0.61474544,0.80821097,0.9360251,1.0,1
ENSG00000129195,0.61474544,0.80821097,0.9360251,0.7982646,1
ENSG00000086758,1.2909639,1.7985126,0.85046685,0.82222223,1
ENSG00000133641,1.2301419,1.5317343,0.8866033,1.0,1
ENSG00000133641,1.2301418,1.5317343,0.8866033,1.0,1
ENSG00000133641,1.2301418,1.5317343,0.8866033,0.66042554,1
ENSG00000133641,1.2301418,1.5317343,0.8866033,0.9412023,1
ENSG00000035928,0.9759431,1.2402996,0.90074766,1.0,1
ENSG00000035928,0.9759432,1.2402996,0.90074766,1.0,1
ENSG00000035928,0.9759432,1.2402996,0.90074766,1.0,1
ENSG00000035928,0.9759432,1.2402996,0.90074766,0.0049850447,1
ENSG00000115594,1.3991094,0.30963016,0.8740514,1.0,1
ENSG00000115594,1.3991094,0.30963016,0.8740514,1.0,1
ENSG00000161509,0.7215991,-0.7695511,0.9175899,1.0,1
ENSG00000169223,1.6575837,2.0322561,0.8562461,1.0,1
ENSG00000001461,1.6734644,1.1351327,0.8514926,1.0,1
ENSG00000001461,1.6734643,1.1351327,0.8514926,0.633833,1
ENSG00000001461,1.6734645,1.1351327,0.8514926,0.031847134,1
ENSG00000164346,1.7372289,1.7139943,0.84112716,1.0,1
ENSG00000164346,1.7372289,1.7139943,0.84112716,0.78319883,1
ENSG00000196588,0.7205348,0.21484385,0.9090506,1.0,1
ENSG00000206177,1.3906016,-0.79588,0.90342027,1.0,1
ENSG00000078403,0.78171647,1.8405452,0.89506096,1.0,1
ENSG00000078403,0.78171647,1.8405452,0.89506096,1.0,1
ENSG00000078403,0.78171647,1.8405452,0.89506096,0.8148855,1
ENSG00000078403,0.78171647,1.8405452,0.89506096,0.0,1
ENSG00000078403,0.78171647,1.8405452,0.89506096,0.02932761,1
ENSG00000078403,0.78171647,1.8405452,0.89506096,0.017422749,1
ENSG00000078403,0.78171647,1.8405452,0.89506096,0.97775596,1
ENSG00000078403,0.78171647,1.8405452,0.89506096,0.014512318,1
ENSG00000031003,1.0868788,1.0569048,0.8803262,1.0,1
ENSG00000031003,1.0868788,1.0569048,0.8803262,1.0,1
ENSG00000031003,1.0868788,1.0569048,0.8803262,0.9566075,1
ENSG00000031003,1.0868787,1.0569048,0.8803262,0.043392505,1
ENSG00000031003,1.0868788,1.0569048,0.8803262,0.9566075,1
ENSG00000031003,1.0868787,1.0569048,0.8803262,0.0,1
ENSG00000102755,0.86472154,0.075546965,0.88959,1.0,1
ENSG00000102755,0.8647214,0.075546965,0.88959,1.0,1
ENSG00000004534,1.4859159,1.6112983,0.8550462,1.0,1
ENSG00000004534,1.485916,1.6112983,0.8550462,0.51549053,1
ENSG00000004534,1.485916,1.6112983,0.8550462,0.71464777,1
ENSG00000004534,1.4859159,1.6112983,0.8550462,0.9532909,1
ENSG00000004534,1.4859159,1.6112983,0.8550462,0.779549,1
ENSG00000004534,1.4859159,1.6112983,0.8550462,0.0056254137,1
ENSG00000119927,1.4312769,0.69548166,0.8677423,1.0,1
ENSG00000119927,1.431277,0.69548166,0.8677423,1.0,1
ENSG00000119927,1.4312768,0.69548166,0.8677423,1.0,1
ENSG00000096872,1.5229771,0.8469553,0.83693236,1.0,1
ENSG00000152782,1.0533186,0.8668778,0.8830888,1.0,1
ENSG00000152782,1.0533185,0.8668778,0.8830888,1.0,1
ENSG00000152782,1.0533186,0.8668778,0.8830888,1.0,1
ENSG00000152782,1.0533185,0.8668778,0.8830888,0.9722922,1
ENSG00000197566,0.8456042,-0.013228266,0.88668466,1.0,1
ENSG00000170584,1.6841916,1.5811529,0.876679,1.0,1
ENSG00000170584,1.6841915,1.5811529,0.876679,1.0,1
ENSG00000142207,1.0793061,1.0068938,0.89127517,1.0,1
ENSG00000142207,1.0793062,1.0068938,0.89127517,1.0,1
ENSG00000162772,1.108953,0.99825937,0.9158392,0.0077021825,1
ENSG00000188157,0.8464024,1.3543006,0.90728134,1.0,1
ENSG00000034677,0.9267874,1.3277675,0.89457625,1.0,1
ENSG00000034677,0.9267874,1.3277675,0.89457625,1.0,1
ENSG00000034677,0.9267872,1.3277675,0.89457625,0.9159975,1
ENSG00000104853,1.4925345,1.5117497,0.8517923,1.0,1
ENSG00000104853,1.4925346,1.5117497,0.8517924,1.0,1
ENSG00000116668,1.1761496,0.4065402,0.85377395,1.0,1
ENSG00000051341,0.7571735,0.8920946,0.8732228,1.0,1
ENSG00000051341,0.75717354,0.8920946,0.8732228,1.0,1
ENSG00000135605,0.84081215,0.85733247,0.9017726,1.0,1
ENSG00000143774,1.4008346,2.2415962,0.8989883,1.0,1
ENSG00000143774,1.4008346,2.2415962,0.8989883,1.0,1
ENSG00000143774,1.4008346,2.2415962,0.8989883,1.0,1
ENSG00000143774,1.4008347,2.2415962,0.8989883,1.0,1
ENSG00000143774,1.4008346,2.2415962,0.8989883,0.15867049,1
ENSG00000143774,1.4008347,2.2415962,0.8989883,0.9343574,1
ENSG00000140740,1.5208383,2.5661428,0.8625954,1.0,1
ENSG00000065243,1.1855277,1.1958996,0.87039024,1.0,1
ENSG00000065243,1.1855277,1.1958996,0.87039024,1.0,1
ENSG00000065243,1.1855278,1.1958996,0.87039024,1.0,1
ENSG00000065243,1.1855277,1.1958996,0.87039024,1.0,1
ENSG00000065243,1.1855278,1.1958996,0.87039024,0.99837,1
ENSG00000178852,1.3959332,-0.06550155,0.8399526,1.0,1
ENSG00000178852,1.3959332,-0.06550155,0.8399526,1.0,1
ENSG00000178852,1.3959332,-0.06550155,0.8399526,1.0,1
ENSG00000186198,0.60147566,-0.92081875,0.93432075,1.0,1
ENSG00000135048,0.6463096,1.34183,0.9093289,1.0,1
ENSG00000175550,1.3765522,1.4536241,0.88389385,1.0,1
ENSG00000108829,1.2628331,2.0370278,0.9000237,1.0,1
ENSG00000108829,1.2628331,2.0370278,0.9000237,1.0,1
ENSG00000108829,1.2628331,2.0370278,0.9000237,1.0,1
ENSG00000108829,1.2628331,2.0370278,0.9000237,1.0,1
ENSG00000108829,1.2628331,2.0370278,0.9000237,1.0,1
ENSG00000162522,0.05208026,0.92737037,0.9501446,1.0,1
ENSG00000162522,0.052080214,0.92737037,0.9501446,1.0,1
ENSG00000115165,-0.1631193,-0.7695511,0.93562853,1.0,1
ENSG00000115165,-0.16311929,-0.7695511,0.93562853,1.0,1
ENSG00000115165,-0.1631193,-0.7695511,0.93562853,1.0,1
ENSG00000143303,1.3424456,1.5156089,0.88332564,1.0,1
ENSG00000143303,1.3424456,1.5156089,0.88332564,1.0,1
ENSG00000181638,0.81089294,0.4756712,0.9201102,1.0,1
ENSG00000181638,0.810893,0.4756712,0.9201102,1.0,1
ENSG00000214046,2.0054667,1.8994921,0.87406,1.0,1
ENSG00000214046,2.0054667,1.8994921,0.8740599,0.0060396893,1
ENSG00000214046,2.0054667,1.8994921,0.8740599,0.7411935,1
ENSG00000059691,0.9362654,1.3529539,0.90471363,1.0,1
ENSG00000148660,1.4927788,1.4977587,0.8685749,1.0,1
ENSG00000148660,1.4927787,1.4977587,0.8685749,1.0,1
ENSG00000148660,1.4927784,1.4977587,0.8685749,1.0,1
ENSG00000148660,1.4927785,1.4977587,0.8685749,0.09283196,1
ENSG00000148660,1.4927785,1.4977587,0.8685749,0.087190524,1
ENSG00000165029,0.96183383,-0.9586073,0.8853203,1.0,1
ENSG00000165029,0.96183383,-0.9586073,0.8853203,1.0,1
ENSG00000165029,0.9618339,-0.9586073,0.8853203,1.0,1
ENSG00000165029,0.96183395,-0.9586073,0.8853203,1.0,1
ENSG00000180998,0.69367456,-0.65757734,0.90210396,1.0,1
ENSG00000180998,0.69367456,-0.65757734,0.90210396,1.0,1
ENSG00000185250,1.5282379,-0.1426675,0.8675765,1.0,1
ENSG00000055483,1.0920587,1.3500541,0.88151366,1.0,1
ENSG00000165704,1.8566997,1.837904,0.8620621,1.0,1
ENSG00000165704,1.8567,1.837904,0.8620621,1.0,1
ENSG00000059804,0.34294105,2.4926348,0.9281639,1.0,1
ENSG00000143627,0.0020060912,1.415641,0.9460635,1.0,1
ENSG00000143627,0.0020060726,1.415641,0.9460635,1.0,1
ENSG00000143627,0.002006121,1.415641,0.9460635,1.0,1
ENSG00000143627,0.0020060837,1.415641,0.9460635,1.0,1
ENSG00000136802,0.6623306,0.9116902,0.9139151,0.44444445,1
ENSG00000166002,1.3840754,0.924796,0.87557954,1.0,1
ENSG00000101412,1.3231369,1.1038038,0.905473,1.0,1
ENSG00000101412,1.3231368,1.1038038,0.905473,1.0,1
ENSG00000068489,0.85822976,1.7180862,0.89684427,1.0,1
ENSG00000068489,0.8582298,1.7180862,0.89684427,1.0,1
ENSG00000145390,1.241372,0.8182259,0.86915845,1.0,1
ENSG00000145390,1.241372,0.8182259,0.86915845,1.0,1
ENSG00000145390,1.2413721,0.8182259,0.86915845,1.0,1
ENSG00000145390,1.241372,0.8182259,0.86915845,1.0,1
ENSG00000168575,1.3292849,1.4563661,0.8517385,1.0,1
ENSG00000168575,1.3292849,1.4563661,0.8517385,1.0,1
ENSG00000104613,0.9349209,1.9760288,0.9038224,1.0,1
ENSG00000104613,0.9349208,1.9760288,0.9038224,0.9973815,1
ENSG00000101282,0.39390755,-0.9586073,0.94208556,1.0,1
ENSG00000100276,1.1191328,-0.38721615,0.8826283,1.0,1
ENSG00000136371,1.190783,1.7207379,0.8729542,1.0,1
ENSG00000133243,0.5795411,1.2084414,0.92990077,1.0,1
ENSG00000133243,0.57954115,1.2084414,0.9299009,1.0,1
ENSG00000156860,1.2847382,0.83884907,0.8807444,1.0,1
ENSG00000156860,1.2847383,0.83884907,0.8807444,1.0,1
ENSG00000157613,0.90580344,0.25767857,0.91267526,1.0,1
ENSG00000157613,0.90580356,0.25767857,0.91267526,1.0,1
ENSG00000132953,1.112932,1.1003705,0.890265,1.0,1
ENSG00000156795,1.6911753,1.2472365,0.8512232,1.0,1
ENSG00000156795,1.6911755,1.2472365,0.8512232,0.44016394,1
ENSG00000156795,1.6911752,1.2472365,0.8512232,0.819928,1
ENSG00000123144,1.4154143,2.0587676,0.89414716,1.0,1
ENSG00000123144,1.4154143,2.0587676,0.89414716,1.0,1
ENSG00000167333,0.8276262,0.71011734,0.9126146,1.0,1
ENSG00000132963,2.0027573,1.8678797,0.8622056,1.0,1
ENSG00000143624,1.2324996,1.3123889,0.87309855,1.0,1
ENSG00000143624,1.2324995,1.3123889,0.87309855,1.0,1
ENSG00000143624,1.2324995,1.3123889,0.87309855,0.31625,1
ENSG00000143624,1.2324995,1.3123889,0.87309855,0.17875,1
ENSG00000100147,1.4598948,0.6095944,0.87366456,1.0,1
ENSG00000151348,1.259676,1.6004283,0.8774212,1.0,1
ENSG00000151348,1.2596759,1.6004283,0.8774212,1.0,1
ENSG00000151348,1.2596759,1.6004283,0.8774212,1.0,1
ENSG00000152465,0.51851916,0.6683859,0.9240088,1.0,1
ENSG00000152465,0.5185192,0.6683859,0.9240088,1.0,1
ENSG00000152465,0.5185192,0.6683859,0.9240088,0.24,1
ENSG00000125351,1.549651,1.3372595,0.8579853,1.0,1
ENSG00000125351,1.549651,1.3372595,0.8579853,0.6180621,1
ENSG00000181826,1.0334399,-0.055517327,0.90067476,1.0,1
ENSG00000110090,1.2827313,0.52244425,0.8763476,1.0,1
ENSG00000178952,1.2540343,2.1879153,0.89228946,1.0,1
ENSG00000178952,1.2540343,2.1879153,0.8922894,1.0,1
ENSG00000131504,1.1698627,2.0841472,0.87065953,1.0,1
ENSG00000131504,1.1698627,2.0841472,0.87065953,1.0,1
ENSG00000198018,1.3949909,1.000434,0.85525197,1.0,1
ENSG00000198018,1.3949907,1.000434,0.85525197,1.0,1
ENSG00000127452,1.1340688,1.3841741,0.8925338,1.0,1
ENSG00000127452,1.1340688,1.3841741,0.8925338,0.2110984,1
ENSG00000127452,1.1340687,1.3841741,0.8925338,0.9470069,1
ENSG00000160447,1.2385921,1.2981979,0.8879651,1.0,1
ENSG00000160447,1.2385921,1.2981979,0.8879651,1.0,1
ENSG00000160447,1.2385921,1.2981979,0.8879651,1.0,1
ENSG00000092978,1.0751019,0.025305865,0.8790092,1.0,1
ENSG00000119787,0.8457835,1.7223871,0.911217,1.0,1
ENSG00000119787,0.8457835,1.7223871,0.911217,1.0,1
ENSG00000119787,0.8457834,1.7223871,0.911217,1.0,1
ENSG00000119787,0.8457835,1.7223871,0.911217,1.0,1
ENSG00000140367,1.2855636,1.1370374,0.8779137,1.0,1
ENSG00000140367,1.2855636,1.1370374,0.8779137,0.91013384,1
ENSG00000182307,1.4428625,1.6290016,0.9006641,1.0,1
ENSG00000174996,1.5638734,0.9180303,0.8825477,1.0,1
ENSG00000174996,1.5638735,0.9180303,0.8825477,1.0,1
ENSG00000136950,1.3719547,1.7786577,0.8846086,1.0,1
ENSG00000113721,-0.028762143,0.021189298,0.947995,1.0,1
ENSG00000135090,0.7104215,1.6541766,0.90693647,1.0,1
ENSG00000135090,0.71042144,1.6541766,0.90693647,1.0,1
ENSG00000135090,0.71042144,1.6541766,0.90693647,1.0,1
ENSG00000135090,0.71042144,1.6541766,0.90693647,0.9892819,1
ENSG00000135090,0.71042144,1.6541766,0.90693647,0.0,1
ENSG00000073605,0.35351467,0.65417653,0.93358546,1.0,1
ENSG00000073605,0.3535146,0.65417653,0.93358546,1.0,1
ENSG00000073605,0.35351467,0.65417653,0.93358546,0.615,1
ENSG00000198961,1.277942,1.774298,0.87302196,1.0,1
ENSG00000198961,1.2779417,1.774298,0.87302196,1.0,1
ENSG00000198961,1.2779418,1.774298,0.87302196,1.0,1
ENSG00000198961,1.2779417,1.774298,0.87302196,1.0,1
ENSG00000167851,0.8182956,0.923244,0.9254936,1.0,1
ENSG00000167851,0.8182955,0.923244,0.9254936,0.8367953,1
ENSG00000167851,0.8182955,0.923244,0.9254936,0.8938307,1
ENSG00000182359,0.992205,1.071882,0.8820693,1.0,1
ENSG00000065029,0.93544114,1.2143139,0.9080172,1.0,1
ENSG00000065029,0.93544114,1.2143139,0.9080172,0.7513089,1
ENSG00000048140,0.60990655,1.5133508,0.9099434,1.0,1
ENSG00000048140,0.60990655,1.5133508,0.9099434,0.6748182,1
ENSG00000101868,1.4560877,1.0098757,0.8269468,1.0,1
ENSG00000219200,1.5509038,1.7158363,0.9033576,1.0,1
ENSG00000219200,1.5509038,1.7158363,0.9033576,0.0016972165,1
ENSG00000099381,0.9449825,0.33845648,0.8832602,1.0,1
ENSG00000099381,0.9449824,0.33845648,0.88326025,1.0,1
ENSG00000166225,1.2418761,0.8413595,0.8523268,0.12037037,1
ENSG00000254469,1.5341489,0.90091306,0.87887555,1.0,1
ENSG00000254469,1.534149,0.90091306,0.87887555,1.0,1
ENSG00000177156,1.3171934,2.525589,0.8932029,1.0,1
ENSG00000091527,1.1496705,1.7554938,0.89523005,1.0,1
ENSG00000091527,1.1496706,1.7554938,0.89522994,1.0,1
ENSG00000213965,0.22468735,0.90036714,0.9386682,1.0,1
ENSG00000110367,1.336484,1.6816934,0.8681748,1.0,1
ENSG00000164002,1.080709,0.35602584,0.8878238,1.0,1
ENSG00000164002,1.080709,0.35602584,0.8878238,0.5652174,1
ENSG00000103067,0.9662185,-0.85387194,0.8934672,1.0,1
ENSG00000103067,0.9662186,-0.85387194,0.8934672,1.0,1
ENSG00000188785,1.2985127,0.7678976,0.8660478,1.0,1
ENSG00000188785,1.2985126,0.7678976,0.8660478,0.65068495,1
ENSG00000021776,0.866737,1.666518,0.89644885,1.0,1
ENSG00000021776,0.86673707,1.666518,0.89644885,1.0,1
ENSG00000021776,0.8667371,1.666518,0.89644885,1.0,1
ENSG00000007080,1.5277278,1.4922014,0.86636555,1.0,1
ENSG00000007080,1.5277278,1.4922014,0.86636555,1.0,1
ENSG00000107282,0.7855531,-0.9586073,0.90664697,1.0,1
ENSG00000107282,0.7855532,-0.9586073,0.90664697,1.0,1
ENSG00000107282,0.7855532,-0.9586073,0.90664697,1.0,1
ENSG00000107282,0.78555316,-0.9586073,0.90664697,1.0,1
ENSG00000107282,0.78555316,-0.9586073,0.90664697,1.0,1
ENSG00000107282,0.7855532,-0.9586073,0.90664697,1.0,1
ENSG00000107282,0.7855531,-0.9586073,0.90664697,1.0,1
ENSG00000107282,0.7855533,-0.9586073,0.90664697,1.0,1
ENSG00000107282,0.7855532,-0.9586073,0.90664697,1.0,1
ENSG00000107282,0.7855531,-0.9586073,0.90664697,1.0,1
ENSG00000151849,1.0946391,0.9689497,0.8816162,1.0,1
ENSG00000151849,1.0946391,0.9689497,0.8816162,0.27564102,1
ENSG00000151849,1.094639,0.9689497,0.8816162,0.1931624,1
ENSG00000161999,1.5498414,1.3394514,0.898484,1.0,1
ENSG00000161999,1.5498413,1.3394514,0.898484,1.0,1
ENSG00000161999,1.5498414,1.3394514,0.898484,0.9972452,1
ENSG00000161999,1.5498412,1.3394514,0.898484,0.97651935,1
ENSG00000084207,1.3903627,2.8746383,0.89698255,1.0,1
ENSG00000173914,0.8824249,1.4974825,0.90107167,1.0,1
ENSG00000173914,0.88242483,1.4974825,0.90107167,1.0,1
ENSG00000132475,1.6628188,2.6859386,0.858034,1.0,1
ENSG00000132475,1.6628187,2.6859386,0.858034,1.0,1
ENSG00000143198,1.8218768,1.936564,0.85183936,1.0,1
ENSG00000143198,1.8218768,1.936564,0.85183936,0.04818042,1
ENSG00000072849,1.5816478,1.4355259,0.8825854,1.0,1
ENSG00000204580,0.67617905,1.0813473,0.9260841,1.0,1
ENSG00000204580,0.676179,1.0813473,0.9260841,0.8942308,1
ENSG00000204580,0.676179,1.0813473,0.9260841,0.994302,1
ENSG00000204580,0.676179,1.0813473,0.9260841,0.60818714,1
ENSG00000204580,0.676179,1.0813473,0.9260841,1.0,1
ENSG00000116254,0.8595863,-0.65757734,0.89956105,1.0,1
ENSG00000186625,1.1978059,1.7259116,0.8966958,1.0,1
ENSG00000186625,1.1978059,1.7259116,0.8966958,0.98672086,1
ENSG00000162664,1.3899846,1.3756636,0.8616014,1.0,1
ENSG00000178741,1.7282846,2.3764675,0.8663585,1.0,1
ENSG00000196187,1.0454304,1.6333674,0.90696794,1.0,1
ENSG00000196187,1.0454303,1.6333674,0.90696794,1.0,1
ENSG00000196187,1.0454303,1.6333674,0.90696794,1.0,1
ENSG00000196187,1.0454304,1.6333674,0.90696794,1.0,1
ENSG00000011426,1.3410254,1.5304558,0.8498276,1.0,1
ENSG00000011426,1.3410254,1.5304558,0.8498276,0.6277732,1
ENSG00000100591,1.4712541,2.1271372,0.8618705,1.0,1
ENSG00000214113,1.0961428,1.7266457,0.90458477,1.0,1
ENSG00000214113,1.0961428,1.7266457,0.90458477,1.0,1
ENSG00000214113,1.0961428,1.7266457,0.90458477,1.0,1
ENSG00000214113,1.0961428,1.7266457,0.90458477,0.03448276,1
ENSG00000214113,1.0961428,1.7266457,0.90458477,0.22197056,1
ENSG00000175087,0.63840306,1.2853322,0.91745484,1.0,1
ENSG00000175087,0.6384031,1.2853322,0.91745484,0.7629428,1
ENSG00000214226,1.2372026,-0.4685211,0.8866168,1.0,1
ENSG00000133687,1.1220536,-0.92081875,0.8740151,1.0,1
ENSG00000097021,1.5593411,1.653309,0.8539252,1.0,1
ENSG00000097021,1.5593412,1.653309,0.85392517,0.0004453351,1
ENSG00000097021,1.5593412,1.653309,0.8539252,0.0,1
ENSG00000091140,1.6457586,2.390988,0.85859156,1.0,1
ENSG00000091140,1.6457586,2.390988,0.8585915,0.99671054,1
ENSG00000091140,1.6457589,2.390988,0.85859156,0.34823135,1
ENSG00000091140,1.6457586,2.390988,0.85859156,0.9532101,1
ENSG00000176783,1.6639515,1.3447851,0.859553,1.0,1
ENSG00000176783,1.6639516,1.3447851,0.859553,1.0,1
ENSG00000176783,1.6639514,1.3447851,0.859553,1.0,1
ENSG00000176783,1.6639516,1.3447851,0.859553,0.02800249,1
ENSG00000186105,0.6844666,-0.008773924,0.8858153,1.0,1
ENSG00000148481,1.65131,1.1501422,0.84137785,1.0,1
ENSG00000148481,1.65131,1.1501422,0.84137785,1.0,1
ENSG00000148481,1.65131,1.1501422,0.84137785,0.65520835,1
ENSG00000106144,1.4178758,1.4601458,0.8697148,1.0,1
ENSG00000106144,1.4178758,1.4601458,0.8697149,0.1117717,1
ENSG00000100246,1.7072184,0.78675145,0.8753057,1.0,1
ENSG00000203666,1.3418651,1.361539,0.87007886,1.0,1
ENSG00000198746,1.2970821,0.70243055,0.88321704,1.0,1
ENSG00000036257,1.2596318,1.4462264,0.8654624,1.0,1
ENSG00000139154,0.7282983,0.854913,0.9115281,1.0,1
ENSG00000111664,0.62537557,0.54406804,0.9358001,1.0,1
ENSG00000176386,1.6196687,1.4613484,0.8706666,1.0,1
ENSG00000110422,0.6500371,0.8382192,0.9117819,1.0,1
ENSG00000110422,0.65003705,0.8382192,0.9117819,0.0,1
ENSG00000155629,0.6967566,0.48713836,0.9212186,1.0,1
ENSG00000155629,0.6967566,0.48713836,0.92121845,1.0,1
ENSG00000143971,1.0156349,0.84323275,0.87285537,1.0,1
ENSG00000143971,1.0156349,0.84323275,0.87285537,1.0,1
ENSG00000143971,1.015635,0.84323275,0.8728553,1.0,1
ENSG00000143971,1.0156349,0.84323275,0.8728553,1.0,1
ENSG00000204116,1.6983755,-0.1426675,0.8458591,1.0,1
ENSG00000108788,0.9221457,1.6017342,0.9102955,1.0,1
ENSG00000108788,0.9221457,1.6017342,0.9102955,0.86434233,1
ENSG00000108788,0.9221457,1.6017342,0.9102955,0.9323077,1
ENSG00000054967,1.2330666,0.88252455,0.8985385,1.0,1
ENSG00000054967,1.2330666,0.88252455,0.8985385,1.0,1
ENSG00000086598,1.3985163,2.15567,0.8765043,1.0,1
ENSG00000090520,1.6091075,1.4382259,0.85593903,1.0,1
ENSG00000138785,1.2884032,1.5969268,0.8785588,1.0,1
ENSG00000138785,1.2884032,1.5969268,0.8785588,0.79923224,1
ENSG00000144354,1.2342908,1.980912,0.9007674,1.0,1
ENSG00000144354,1.2342907,1.980912,0.9007674,0.9986503,1
ENSG00000144354,1.2342907,1.980912,0.9007674,0.12868,1
ENSG00000144354,1.2342907,1.980912,0.9007674,0.0,1
ENSG00000144354,1.2342907,1.980912,0.9007674,0.9874893,1
ENSG00000173064,1.1818326,1.0277572,0.8631768,1.0,1
ENSG00000173064,1.1818326,1.0277572,0.8631768,1.0,1
ENSG00000089597,1.4883603,2.3546846,0.8801671,1.0,1
ENSG00000089597,1.4883602,2.3546846,0.88016707,0.57593465,1
ENSG00000089597,1.48836,2.3546846,0.8801671,0.60455555,1
ENSG00000119950,0.9145642,1.2789822,0.8997311,1.0,1
ENSG00000121210,0.76697075,0.8864907,0.90402675,1.0,1
ENSG00000183814,1.2938255,1.3436055,0.870947,1.0,1
ENSG00000183814,1.2938254,1.3436055,0.870947,1.0,1
ENSG00000183814,1.2938254,1.3436055,0.870947,0.260631,1
ENSG00000143756,1.0178847,1.2491983,0.9119384,1.0,1
ENSG00000143756,1.0178846,1.2491983,0.9119384,1.0,1
ENSG00000143756,1.0178846,1.2491983,0.9119384,0.7693981,1
ENSG00000143756,1.0178846,1.2491983,0.9119384,0.93233746,1
ENSG00000171428,0.5538221,0.8027737,0.91426885,0.28664497,1
ENSG00000220201,0.43163723,0.3283796,0.9386965,1.0,1
ENSG00000111877,1.1489244,0.9652017,0.8655975,1.0,1
ENSG00000111877,1.1489242,0.9652017,0.86559755,1.0,1
ENSG00000001630,1.3132718,1.3838154,0.86105156,1.0,1
ENSG00000001630,1.3132718,1.3838154,0.86105156,1.0,1
ENSG00000001630,1.3132718,1.3838154,0.8610517,1.0,1
ENSG00000100401,1.5917897,1.7291648,0.8502936,1.0,1
ENSG00000100401,1.5917897,1.7291648,0.8502936,1.0,1
ENSG00000100401,1.5917897,1.7291648,0.8502936,1.0,1
ENSG00000075399,1.1328372,0.20139712,0.8967398,1.0,1
ENSG00000075399,1.132837,0.20139712,0.8967398,1.0,1
ENSG00000188321,1.2507278,1.1274288,0.86369187,1.0,1
ENSG00000188321,1.2507278,1.1274288,0.86369187,1.0,1
ENSG00000188321,1.2507278,1.1274288,0.86369187,1.0,1
ENSG00000188321,1.2507278,1.1274288,0.86369187,0.6631944,1
ENSG00000188321,1.2507277,1.1274288,0.86369187,0.48128343,1
ENSG00000161036,1.2339412,1.3253103,0.8919713,1.0,1
ENSG00000161036,1.2339412,1.3253103,0.8919713,1.0,1
ENSG00000161036,1.2339412,1.3253103,0.8919713,1.0,1
ENSG00000161036,1.2339413,1.3253103,0.8919713,1.0,1
ENSG00000196296,0.6350208,0.25285304,0.9226656,1.0,1
ENSG00000196296,0.6350208,0.25285304,0.9226656,1.0,1
ENSG00000028528,1.7538884,1.7551886,0.8389224,1.0,1
ENSG00000169641,0.80637056,0.9268567,0.8946569,1.0,1
ENSG00000173457,1.4105146,2.176236,0.91566986,1.0,1
ENSG00000059122,0.74448097,0.763428,0.90695304,1.0,1
ENSG00000059122,0.74448097,0.763428,0.90695304,1.0,1
ENSG00000135940,1.6121173,2.6450388,0.90138435,1.0,1
ENSG00000135940,1.6121173,2.6450388,0.90138435,1.0,1
ENSG00000159792,1.0322386,1.1348144,0.87774765,1.0,1
ENSG00000163312,0.9582762,0.9894498,0.87828225,1.0,1
ENSG00000163312,0.9582763,0.9894498,0.87828225,1.0,1
ENSG00000163312,0.9582763,0.9894498,0.87828225,0.8890845,1
ENSG00000163312,0.9582763,0.9894498,0.87828225,0.62147886,1
ENSG00000152689,-0.03381846,0.033423755,0.9220342,1.0,1
ENSG00000145029,1.6563742,0.86746746,0.8865603,1.0,1
ENSG00000145029,1.6563741,0.86746746,0.8865603,1.0,1
ENSG00000145029,1.6563742,0.86746746,0.8865603,0.91604936,1
ENSG00000171824,1.6307862,1.8664055,0.84745723,1.0,1
ENSG00000171824,1.6307862,1.8664055,0.84745723,1.0,1
ENSG00000171824,1.6307862,1.8664055,0.84745723,1.0,1
ENSG00000171824,1.6307862,1.8664055,0.84745723,0.99113804,1
ENSG00000130270,1.355278,0.94101423,0.86719835,1.0,1
ENSG00000163945,1.0715876,0.63346845,0.9010952,1.0,1
ENSG00000163945,1.0715876,0.63346845,0.9010952,1.0,1
ENSG00000163945,1.0715876,0.63346845,0.9010952,1.0,1
ENSG00000163945,1.0715876,0.63346845,0.9010952,0.32214764,1
ENSG00000170412,0.8645872,1.5692568,0.90115947,1.0,1
ENSG00000211584,1.2301403,1.0216027,0.9054776,1.0,1
ENSG00000205643,1.1344156,0.95182306,0.9062549,1.0,1
ENSG00000205643,1.1344157,0.95182306,0.9062549,1.0,1
ENSG00000205643,1.1344156,0.95182306,0.9062549,1.0,1
ENSG00000164647,1.177942,0.14612803,0.8786735,1.0,1
ENSG00000164647,1.177942,0.14612803,0.8786735,1.0,1
ENSG00000164647,1.177942,0.14612803,0.8786735,1.0,1
ENSG00000054116,1.625357,2.025101,0.8832901,1.0,1
ENSG00000102547,1.4692893,0.30963016,0.8394155,1.0,1
ENSG00000102547,1.4692895,0.30963016,0.8394155,1.0,1
ENSG00000102547,1.4692893,0.30963016,0.8394155,1.0,1
ENSG00000102547,1.4692893,0.30963016,0.8394155,1.0,1
ENSG00000102547,1.4692893,0.30963016,0.8394155,1.0,1
ENSG00000102547,1.4692894,0.30963016,0.8394155,1.0,1
ENSG00000163634,1.5430459,1.7580788,0.868314,1.0,1
ENSG00000163634,1.543046,1.7580788,0.868314,1.0,1
ENSG00000163634,1.5430458,1.7580788,0.868314,0.95077354,1
ENSG00000168765,1.3240472,1.604118,0.90255004,1.0,1
ENSG00000168765,1.3240472,1.604118,0.90255004,1.0,1
ENSG00000168765,1.3240473,1.604118,0.90255004,1.0,1
ENSG00000168765,1.3240473,1.604118,0.90255004,0.88014024,1
ENSG00000147573,0.14584038,-0.82390875,0.9348437,1.0,1
ENSG00000145191,1.6610186,1.8125123,0.82931423,1.0,1
ENSG00000145191,1.6610186,1.8125123,0.82931423,0.43935052,1
ENSG00000121989,1.4135838,-0.04095861,0.8665672,1.0,1
ENSG00000105186,0.91815525,1.7085909,0.8947136,1.0,1
ENSG00000136295,1.3314592,0.41664052,0.8951095,1.0,1
ENSG00000136295,1.3314592,0.41664052,0.8951095,1.0,1
ENSG00000136295,1.3314593,0.41664052,0.8951096,0.0,1
ENSG00000085511,1.3503155,1.512551,0.87079334,1.0,1
ENSG00000085511,1.3503153,1.512551,0.87079334,1.0,1
ENSG00000085511,1.3503155,1.512551,0.87079334,0.008333334,1
ENSG00000085511,1.3503155,1.512551,0.87079334,0.325,1
ENSG00000085511,1.3503156,1.512551,0.87079334,0.1582015,1
ENSG00000136928,0.8997499,-0.55284196,0.88833636,1.0,1
ENSG00000136928,0.8997499,-0.55284196,0.88833636,1.0,1
ENSG00000168389,1.1978734,-0.7212464,0.907953,1.0,1
ENSG00000151929,0.7298666,0.4785665,0.9104637,1.0,1
ENSG00000151929,0.72986674,0.4785665,0.9104637,1.0,1
ENSG00000173120,0.8135605,1.2915908,0.90356624,1.0,1
ENSG00000173120,0.8135604,1.2915908,0.90356624,1.0,1
ENSG00000173120,0.8135605,1.2915908,0.90356624,1.0,1
ENSG00000173120,0.8135605,1.2915908,0.90356624,0.046104927,1
ENSG00000101350,1.0706627,0.88252455,0.8781696,1.0,1
ENSG00000172262,0.773547,1.7367151,0.8950319,1.0,1
ENSG00000172262,0.77354693,1.7367151,0.8950319,1.0,1
ENSG00000172262,0.77354693,1.7367151,0.8950319,0.97178423,1
ENSG00000172262,0.77354693,1.7367151,0.8950319,0.9735376,1
ENSG00000134152,1.4767485,1.5404546,0.8742953,1.0,1
ENSG00000134152,1.4767485,1.5404546,0.8742953,1.0,1
ENSG00000134152,1.4767485,1.5404546,0.8742952,1.0,1
ENSG00000134152,1.4767487,1.5404546,0.8742953,1.0,1
ENSG00000134152,1.4767487,1.5404546,0.8742953,0.70695287,1
ENSG00000134152,1.4767487,1.5404546,0.8742952,0.9906673,1
ENSG00000171940,0.7277932,0.98407704,0.9028451,1.0,1
ENSG00000171940,0.7277932,0.98407704,0.9028451,1.0,1
ENSG00000171940,0.7277932,0.98407704,0.9028451,0.8447205,1
ENSG00000025293,1.1617812,1.5284024,0.870387,0.0,1
ENSG00000025293,1.1617812,1.5284024,0.870387,0.010726073,1
ENSG00000025293,1.1617811,1.5284024,0.870387,0.9834711,1
ENSG00000213672,1.0100775,1.3752978,0.9133066,1.0,1
ENSG00000213672,1.0100776,1.3752978,0.9133066,1.0,1
ENSG00000109606,1.4093097,2.2973008,0.8626849,1.0,1
ENSG00000109606,1.4093097,2.2973008,0.8626849,1.0,1
ENSG00000109606,1.4093097,2.2973008,0.8626849,1.0,1
ENSG00000109606,1.4093097,2.2973008,0.8626849,0.9932211,1
ENSG00000196365,1.3633482,1.8886849,0.88305795,1.0,1
ENSG00000196365,1.3633482,1.8886849,0.88305795,0.7721822,1
ENSG00000196365,1.3633485,1.8886849,0.88305795,0.29889297,1
ENSG00000182858,0.82417095,0.41995576,0.9095601,1.0,1
ENSG00000138615,-0.06336188,-0.88605666,0.9454667,1.0,1
ENSG00000138615,-0.063361906,-0.88605666,0.9454667,1.0,1
ENSG00000165490,0.79268503,1.2516382,0.8993986,1.0,1
ENSG00000165490,0.79268503,1.2516382,0.8993986,0.018181818,1
ENSG00000165490,0.79268503,1.2516382,0.8993986,0.8337662,1
ENSG00000119446,1.6229692,1.6288996,0.867569,1.0,1
ENSG00000119446,1.6229692,1.6288996,0.8675691,1.0,1
ENSG00000119446,1.622969,1.6288996,0.8675691,0.7178899,1
ENSG00000196419,1.5653343,2.1923723,0.84870356,1.0,1
ENSG00000196419,1.5653343,2.1923723,0.84870356,0.98147076,1
ENSG00000115275,0.96949863,1.5039268,0.9094169,1.0,1
ENSG00000115275,0.96949863,1.5039268,0.9094169,1.0,1
ENSG00000141526,0.62165976,0.68304706,0.91991353,1.0,1
ENSG00000010404,1.0538692,1.201124,0.89605445,1.0,1
ENSG00000010404,1.0538692,1.201124,0.89605445,1.0,1
ENSG00000010404,1.0538692,1.201124,0.89605445,0.07814992,1
ENSG00000102349,0.84456325,-0.79588,0.89957684,1.0,1
ENSG00000102349,0.8445631,-0.79588,0.89957684,1.0,1
ENSG00000167588,1.0586952,-0.18045606,0.91231304,1.0,1
ENSG00000132522,1.3571372,1.2027607,0.9057713,1.0,1
ENSG00000010818,0.6145177,0.04921802,0.88323635,1.0,1
ENSG00000069702,0.9551892,1.1014034,0.89183265,1.0,1
ENSG00000069702,0.9551892,1.1014034,0.89183265,1.0,1
ENSG00000069702,0.95518917,1.1014034,0.89183265,0.013888889,1
ENSG00000166762,1.4879272,0.8555192,0.88315535,1.0,1
ENSG00000124587,1.0397227,0.8394781,0.9011661,1.0,1
ENSG00000124587,1.0397227,0.8394781,0.9011661,1.0,1
ENSG00000132670,1.3394887,1.7884512,0.86343175,1.0,1
ENSG00000132670,1.3394886,1.7884512,0.86343163,1.0,1
ENSG00000132670,1.3394887,1.7884512,0.86343175,1.0,1
ENSG00000132670,1.3394887,1.7884512,0.86343163,0.7184466,1
ENSG00000132670,1.3394886,1.7884512,0.86343175,0.08124681,1
ENSG00000105171,1.7935297,1.8568497,0.8552149,1.0,1
ENSG00000105171,1.7935297,1.8568497,0.8552149,0.0,1
ENSG00000198498,1.5270579,1.304275,0.8670224,1.0,1
ENSG00000198498,1.527058,1.304275,0.8670224,1.0,1
ENSG00000198498,1.5270579,1.304275,0.8670223,1.0,1
ENSG00000198498,1.5270581,1.304275,0.8670224,1.0,1
ENSG00000198498,1.5270578,1.304275,0.8670224,1.0,1
ENSG00000198498,1.5270579,1.304275,0.8670224,0.9175986,1
ENSG00000227345,1.6480887,1.3306167,0.80186236,1.0,1
ENSG00000227345,1.6480887,1.3306167,0.80186236,0.84705883,1
ENSG00000151893,1.3634881,1.045323,0.87685907,1.0,1
ENSG00000151893,1.3634881,1.045323,0.87685895,0.22250639,1
ENSG00000137210,1.2511017,2.3674119,0.89010626,1.0,1
ENSG00000137210,1.2511016,2.3674119,0.89010626,0.8166896,1
ENSG00000068120,0.5592251,1.590619,0.9327994,1.0,1
ENSG00000068120,0.5592251,1.590619,0.9327994,0.067729086,1
ENSG00000204427,1.9214153,1.9892718,0.8546523,1.0,1
ENSG00000204427,1.9214151,1.9892718,0.8546523,1.0,1
ENSG00000204427,1.9214153,1.9892718,0.8546523,0.9798052,1
ENSG00000151461,1.1251284,1.2603099,0.8722337,1.0,1
ENSG00000151461,1.1251284,1.2603099,0.8722337,1.0,1
ENSG00000103356,1.0466113,1.674034,0.8906179,1.0,1
ENSG00000138030,1.1103284,0.4578819,0.8919562,1.0,1
ENSG00000123737,1.7008407,1.9109977,0.8480286,1.0,1
ENSG00000123737,1.7008407,1.9109977,0.8480286,0.41104004,1
ENSG00000105982,1.4632854,0.5740313,0.87129384,1.0,1
ENSG00000149136,1.4738723,2.2829165,0.87469816,1.0,1
ENSG00000149136,1.4738723,2.2829165,0.87469816,1.0,1
ENSG00000166105,0.8337773,-0.39794,0.8980031,1.0,1
ENSG00000015479,1.5251923,2.2356293,0.85824406,1.0,1
ENSG00000015479,1.5251923,2.2356293,0.85824406,0.91961306,1
ENSG00000015479,1.5251923,2.2356293,0.85824406,0.027027028,1
ENSG00000015479,1.5251923,2.2356293,0.85824406,0.9497197,1
ENSG00000197444,0.7012001,0.1430148,0.9172159,1.0,1
ENSG00000070214,0.65122986,-0.55284196,0.9146368,1.0,1
ENSG00000070214,0.65122986,-0.55284196,0.9146369,1.0,1
ENSG00000070214,0.6512299,-0.55284196,0.9146369,1.0,1
ENSG00000151651,0.22584932,0.4756712,0.93552226,1.0,1
ENSG00000151651,0.22584929,0.4756712,0.93552226,1.0,1
ENSG00000151651,0.22584932,0.4756712,0.93552226,0.9920319,1
ENSG00000151651,0.22584932,0.4756712,0.93552226,0.9920319,1
ENSG00000151651,0.22584932,0.4756712,0.93552226,0.9920319,1
ENSG00000102575,0.21489815,-0.20065945,0.94897795,1.0,1
ENSG00000102575,0.21489812,-0.20065945,0.94897795,1.0,1
ENSG00000088854,1.1202967,0.4456042,0.88533866,1.0,1
ENSG00000124209,1.3663135,0.7259116,0.882014,1.0,1
ENSG00000124209,1.3663132,0.7259116,0.882014,1.0,1
ENSG00000040487,1.2273549,1.3471348,0.8992847,1.0,1
ENSG00000040487,1.2273548,1.3471348,0.8992847,0.96744186,1
ENSG00000112304,1.5912297,1.9530828,0.852628,1.0,1
ENSG00000112304,1.5912297,1.9530828,0.852628,0.24616772,1
ENSG00000119408,1.1162629,1.2033049,0.89282817,1.0,1
ENSG00000119408,1.1162629,1.2033049,0.89282817,0.19607843,1
ENSG00000154358,-0.22925782,0.5599066,0.9454615,1.0,1
ENSG00000154358,-0.22925785,0.5599066,0.9454615,1.0,1
ENSG00000148672,1.2318076,1.7804613,0.88790494,1.0,1
ENSG00000189306,1.5199022,1.4299136,0.8868902,1.0,1
ENSG00000189306,1.5199022,1.4299136,0.8868902,1.0,1
ENSG00000185973,0.7250564,1.469822,0.92084473,1.0,1
ENSG00000107614,1.6303909,0.8998205,0.8513483,1.0,1
ENSG00000107614,1.6303911,0.8998205,0.8513483,1.0,1
ENSG00000107614,1.630391,0.8998205,0.8513483,1.0,1
ENSG00000107614,1.6303911,0.8998205,0.8513483,0.93445694,1
ENSG00000107614,1.6303911,0.8998205,0.8513483,0.8874598,1
ENSG00000107614,1.6303909,0.8998205,0.8513483,0.24795641,1
ENSG00000197362,0.8570421,0.36361197,0.8985001,1.0,1
ENSG00000197362,0.85704195,0.36361197,0.8985001,1.0,1
ENSG00000197362,0.85704195,0.36361197,0.8985001,0.5565611,1
ENSG00000103194,0.91934115,2.085005,0.89696693,1.0,1
ENSG00000103194,0.9193411,2.085005,0.89696693,1.0,1
ENSG00000103194,0.91934115,2.085005,0.89696693,0.017911091,1
ENSG00000103194,0.9193411,2.085005,0.89696693,0.10939334,1
ENSG00000103194,0.9193411,2.085005,0.89696693,0.6359555,1
ENSG00000163069,1.1428648,-0.7447275,0.87799835,1.0,1
ENSG00000163069,1.1428648,-0.7447275,0.87799835,1.0,1
ENSG00000158161,1.6672302,1.7312664,0.83180636,1.0,1
ENSG00000158161,1.6672302,1.7312664,0.83180624,0.33947194,1
ENSG00000158161,1.6672304,1.7312664,0.83180636,0.38495675,1
ENSG00000158161,1.6672304,1.7312664,0.83180624,0.9658309,1
ENSG00000116205,1.5803167,0.80071706,0.8345445,1.0,1
ENSG00000116205,1.5803165,0.80071706,0.8345445,1.0,1
ENSG00000116205,1.5803167,0.80071706,0.8345445,1.0,1
ENSG00000116205,1.5803168,0.80071706,0.8345445,1.0,1
ENSG00000116205,1.5803165,0.80071706,0.8345445,1.0,1
ENSG00000116205,1.5803165,0.80071706,0.8345445,0.95454544,1
ENSG00000197943,1.3260365,0.68394715,0.8515981,1.0,1
ENSG00000138686,1.1296271,1.2472365,0.8662737,1.0,1
ENSG00000160255,0.9463983,-0.08092191,0.89410067,1.0,1
ENSG00000166908,1.5490211,1.3914644,0.8657354,1.0,1
ENSG00000166908,1.549021,1.3914644,0.8657354,0.9974392,1
ENSG00000078902,0.66402507,1.0711453,0.9182105,1.0,1
ENSG00000078902,0.66402507,1.0711453,0.9182105,0.9586466,1
ENSG00000078902,0.66402507,1.0711453,0.9182105,0.3725702,1
ENSG00000100897,1.7965583,1.4797193,0.8431509,1.0,1
ENSG00000100897,1.7965584,1.4797193,0.8431509,1.0,1
ENSG00000100897,1.7965584,1.4797193,0.84315103,0.993262,1
ENSG00000102882,1.041004,1.6550423,0.9070283,1.0,1
ENSG00000102882,1.041004,1.6550423,0.90702826,0.17334779,1
ENSG00000102882,1.041004,1.6550423,0.9070283,0.96108663,1
ENSG00000162972,1.3562992,1.2219356,0.874141,1.0,1
ENSG00000162972,1.3562992,1.2219356,0.874141,1.0,1
ENSG00000162972,1.3562992,1.2219356,0.874141,1.0,1
ENSG00000162972,1.3562992,1.2219356,0.874141,1.0,1
ENSG00000130818,0.9842069,0.86391735,0.90463805,1.0,1
ENSG00000130818,0.9842069,0.86391735,0.90463805,0.9497207,1
ENSG00000130818,0.9842069,0.86391735,0.90463805,0.71089387,1
ENSG00000165264,1.042774,1.6783363,0.9140476,1.0,1
ENSG00000165264,1.042774,1.6783363,0.9140477,1.0,1
ENSG00000165264,1.042774,1.6783363,0.9140476,0.728146,1
ENSG00000165264,1.042774,1.6783363,0.9140477,0.8359526,1
ENSG00000137868,0.8794211,0.2121876,0.908634,1.0,1
ENSG00000058335,1.4492642,-0.82390875,0.837143,1.0,1
ENSG00000160445,0.9054313,0.9344984,0.9078553,1.0,1
ENSG00000160445,0.9054314,0.9344984,0.9078553,0.94787645,1
ENSG00000150995,1.1904445,1.2787536,0.8247687,1.0,1
ENSG00000150995,1.1904445,1.2787536,0.8247687,0.89162564,1
ENSG00000156261,1.784823,2.6973863,0.8434601,1.0,1
ENSG00000156261,1.7848231,2.6973863,0.8434601,0.9807207,1
ENSG00000198830,1.6895045,2.5121105,0.9219915,1.0,1
ENSG00000119703,0.7502455,0.7075702,0.9180138,1.0,1
ENSG00000119703,0.75024545,0.7075702,0.9180138,1.0,1
ENSG00000141759,1.4467161,1.9526472,0.88403004,1.0,1
ENSG00000141759,1.4467162,1.9526472,0.88403004,1.0,1
ENSG00000141759,1.4467161,1.9526472,0.88403004,1.0,1
ENSG00000141759,1.4467161,1.9526472,0.88403004,0.6507009,1
ENSG00000141759,1.4467162,1.9526472,0.88403004,0.2712361,1
ENSG00000141759,1.4467162,1.9526472,0.88403004,0.070767805,1
ENSG00000127831,-0.17476328,-0.27572414,0.95352495,1.0,1
ENSG00000127831,-0.17476328,-0.27572414,0.95352495,1.0,1
ENSG00000033170,1.0142837,0.7737864,0.8734994,1.0,1
ENSG00000033170,1.0142838,0.7737864,0.87349933,0.073308274,1
ENSG00000033170,1.0142838,0.7737864,0.8734994,1.0,1
ENSG00000033170,1.0142837,0.7737864,0.8734994,0.14224137,1
ENSG00000033170,1.0142837,0.7737864,0.8734994,0.31434184,1
ENSG00000033170,1.0142838,0.7737864,0.8734994,0.031434186,1
ENSG00000205155,1.9137446,1.4055171,0.85442924,1.0,1
ENSG00000089876,0.9098419,1.155336,0.8872824,1.0,1
ENSG00000089876,0.9098419,1.155336,0.8872824,1.0,1
ENSG00000089876,0.9098418,1.155336,0.8872824,1.0,1
ENSG00000089876,0.9098419,1.155336,0.8872824,1.0,1
ENSG00000089876,0.90984184,1.155336,0.8872824,1.0,1
ENSG00000133706,1.649947,1.7079958,0.821142,1.0,1
ENSG00000133706,1.649947,1.7079958,0.821142,0.99813926,1
ENSG00000213809,0.04903265,-0.7695511,0.9288997,1.0,1
ENSG00000213809,0.049032703,-0.7695511,0.9288997,1.0,1
ENSG00000142303,1.5758686,-0.34678748,0.844845,1.0,1
ENSG00000130956,1.3194028,0.1903317,0.875421,1.0,1
ENSG00000175544,-0.13741153,-0.85387194,0.9579173,1.0,1
ENSG00000175544,-0.13741148,-0.85387194,0.9579173,1.0,1
ENSG00000116171,0.36493647,1.7989957,0.8998808,1.0,1
ENSG00000116171,0.3649364,1.7989957,0.8998808,1.0,1
ENSG00000116171,0.36493647,1.7989957,0.8998808,1.0,1
ENSG00000116171,0.36493647,1.7989957,0.8998808,0.9430052,1
ENSG00000116171,0.36493647,1.7989957,0.8998808,0.04461371,1
ENSG00000116171,0.36493647,1.7989957,0.8998808,0.7318234,1
ENSG00000165898,1.5648426,1.4007106,0.90432644,0.34972677,1
ENSG00000143157,0.9813968,0.9795484,0.896327,1.0,1
ENSG00000120314,1.3121748,1.5098743,0.90165156,1.0,1
ENSG00000103353,1.4015143,1.6131015,0.87564516,1.0,1
ENSG00000198898,1.4191878,2.0552635,0.8698269,1.0,1
ENSG00000118307,0.8272313,-0.61978877,0.90261155,1.0,1
ENSG00000160111,0.6941474,0.28103337,0.91342556,1.0,1
ENSG00000133597,1.0919743,0.99475694,0.89351827,1.0,1
ENSG00000133597,1.0919743,0.99475694,0.8935182,1.0,1
ENSG00000133597,1.0919743,0.99475694,0.8935182,1.0,1
ENSG00000133597,1.0919743,0.99475694,0.8935182,1.0,1
ENSG00000133597,1.0919743,0.99475694,0.8935182,1.0,1
ENSG00000018869,1.2347937,0.38560626,0.8633954,1.0,1
ENSG00000196262,1.6429007,3.6723473,0.8757833,1.0,1
ENSG00000196262,1.6429007,3.6723473,0.8757833,1.0,1
ENSG00000196262,1.6429007,3.6723473,0.8757833,1.0,1
ENSG00000196262,1.6429008,3.6723473,0.8757833,1.0,1
ENSG00000196262,1.6429008,3.6723473,0.8757833,1.0,1
ENSG00000196262,1.6429007,3.6723473,0.8757833,1.0,1
ENSG00000196262,1.6429008,3.6723473,0.8757833,1.0,1
ENSG00000196262,1.6429008,3.6723473,0.8757833,0.5777347,1
ENSG00000196262,1.6429008,3.6723473,0.8757833,0.04697524,1
ENSG00000196262,1.642901,3.6723473,0.8757833,0.09661274,1
ENSG00000131013,1.6058456,1.0157788,0.8450127,1.0,1
ENSG00000122779,0.7319981,1.6976652,0.89948124,1.0,1
ENSG00000196511,1.466143,0.8169038,0.8500158,1.0,1
ENSG00000196511,1.4661431,0.8169038,0.8500158,0.05263158,1
ENSG00000196511,1.4661433,0.8169038,0.8500158,0.9305556,1
ENSG00000196511,1.4661433,0.8169038,0.8500158,0.056338027,1
ENSG00000196511,1.4661431,0.8169038,0.8500158,0.06849315,1
ENSG00000092208,1.8641858,1.5059636,0.83612,1.0,1
ENSG00000092208,1.8641858,1.5059636,0.83612,0.018867925,1
ENSG00000092208,1.8641858,1.5059636,0.83612,0.7460861,1
ENSG00000092208,1.8641858,1.5059636,0.83612,0.9803005,1
ENSG00000136404,1.0626605,0.4409091,0.9061016,1.0,1
ENSG00000003056,1.6347241,1.9407157,0.8691068,1.0,1
ENSG00000003056,1.6347241,1.9407157,0.8691068,1.0,1
ENSG00000003056,1.6347243,1.9407157,0.8691068,1.0,1
ENSG00000103966,1.080075,0.7411516,0.87852675,1.0,1
ENSG00000103966,1.080075,0.7411516,0.87852675,1.0,1
ENSG00000103966,1.080075,0.7411516,0.87852675,1.0,1
ENSG00000213699,1.3669657,1.0523092,0.8680839,1.0,1
ENSG00000213699,1.3669658,1.0523092,0.8680839,1.0,1
ENSG00000213699,1.3669657,1.0523092,0.8680839,0.9528689,1
ENSG00000213699,1.3669657,1.0523092,0.8680839,0.89855075,1
ENSG00000213699,1.3669657,1.0523092,0.8680839,0.9669052,1
ENSG00000198700,1.4062749,1.763428,0.8409117,1.0,1
ENSG00000058063,1.491271,1.4437323,0.8630456,1.0,1
ENSG00000149308,1.1785688,1.2543063,0.8762505,1.0,1
ENSG00000149308,1.1785687,1.2543063,0.8762505,1.0,1
ENSG00000165678,1.6109724,2.5692334,0.86370635,1.0,1
ENSG00000011478,1.5059793,1.1610684,0.87558824,1.0,1
ENSG00000011478,1.5059793,1.1610684,0.87558824,0.95166165,1
ENSG00000174460,1.0015415,-0.92081875,0.90703434,1.0,1
ENSG00000174460,1.0015415,-0.92081875,0.90703434,1.0,1
ENSG00000221890,0.7792859,0.32221928,0.90159,1.0,1
ENSG00000221890,0.7792859,0.32221928,0.90159,1.0,1
ENSG00000169902,0.52777815,0.18752073,0.9036277,1.0,1
ENSG00000169902,0.52777815,0.18752073,0.9036277,1.0,1
ENSG00000169902,0.5277781,0.18752073,0.9036277,1.0,1
ENSG00000169902,0.5277781,0.18752073,0.9036277,1.0,1
ENSG00000131037,0.23084794,1.0008677,0.9452038,1.0,1
ENSG00000137824,1.5352874,1.3879235,0.8718766,1.0,1
ENSG00000112419,1.124422,1.0633334,0.8611853,1.0,1
ENSG00000112419,1.1244218,1.0633334,0.8611853,1.0,1
ENSG00000112419,1.1244218,1.0633334,0.8611852,1.0,1
ENSG00000112419,1.1244218,1.0633334,0.8611852,1.0,1
ENSG00000112419,1.1244218,1.0633334,0.8611852,1.0,1
ENSG00000112419,1.1244218,1.0633334,0.8611852,0.61854684,1
ENSG00000100036,0.40813828,-0.113509275,0.94659656,1.0,1
ENSG00000097033,1.4196763,1.2873538,0.86981803,1.0,1
ENSG00000097033,1.4196763,1.2873538,0.86981803,0.9753615,1
ENSG00000097033,1.4196763,1.2873538,0.86981803,0.017218543,1
ENSG00000130287,0.83876276,-0.82390875,0.8913643,1.0,1
ENSG00000184730,-0.19134639,0.06818586,0.95875967,1.0,1
ENSG00000126254,1.6250937,1.4910814,0.85573214,1.0,1
ENSG00000126254,1.6250937,1.4910814,0.85573214,1.0,1
ENSG00000112511,1.3686868,1.618362,0.87736136,1.0,1
ENSG00000112511,1.3686867,1.618362,0.87736136,0.9833449,1
ENSG00000099812,-0.11138055,-0.88605666,0.9532351,1.0,1
ENSG00000120656,1.7223763,1.7223871,0.8547552,1.0,1
ENSG00000176148,1.3374369,0.6794279,0.8535915,1.0,1
ENSG00000176148,1.337437,0.6794279,0.8535915,1.0,1
ENSG00000176148,1.3374369,0.6794279,0.8535914,0.14545454,1
ENSG00000164031,1.0380355,0.9614211,0.9065397,1.0,1
ENSG00000164031,1.0380355,0.9614211,0.9065397,1.0,1
ENSG00000107854,1.5103555,1.1420765,0.8536781,1.0,1
ENSG00000107485,0.87706935,-0.9586073,0.91394603,1.0,1
ENSG00000171793,1.5691817,1.5413296,0.8657507,1.0,1
ENSG00000171793,1.5691817,1.5413296,0.8657507,1.0,1
ENSG00000171793,1.5691818,1.5413296,0.8657507,0.88495576,1
ENSG00000198721,1.4884534,1.7478777,0.86201054,1.0,1
ENSG00000198721,1.4884535,1.7478777,0.86201054,0.00295858,1
ENSG00000156381,0.8004817,1.1547282,0.91225886,1.0,1
ENSG00000156381,0.8004817,1.1547282,0.91225886,0.9516129,1
ENSG00000120159,1.3051091,1.0157788,0.879216,1.0,1
ENSG00000120159,1.305109,1.0157788,0.879216,1.0,1
ENSG00000120159,1.3051091,1.0157788,0.879216,1.0,1
ENSG00000120159,1.305109,1.0157788,0.879216,1.0,1
ENSG00000151287,1.4414412,1.3982873,0.8888545,1.0,1
ENSG00000151287,1.441441,1.3982873,0.88885444,0.75855047,1
ENSG00000151287,1.4414412,1.3982873,0.88885444,0.58589745,1
ENSG00000056050,1.3557115,1.3394514,0.86299384,1.0,1
ENSG00000174483,1.1628089,1.0948204,0.9013267,1.0,1
ENSG00000174483,1.1628088,1.0948204,0.9013267,0.917923,1
ENSG00000174483,1.1628089,1.0948204,0.9013267,0.82978725,1
ENSG00000174483,1.1628089,1.0948204,0.9013267,0.10359408,1
ENSG00000110169,-0.0575025,-0.5086383,0.9335919,1.0,1
ENSG00000101444,1.3759644,2.3206031,0.8778825,1.0,1
ENSG00000136935,1.1527822,1.1338581,0.8902319,1.0,1
ENSG00000186416,0.87176025,1.141136,0.89769936,1.0,1
ENSG00000040531,0.97221506,0.5670264,0.9116978,1.0,1
ENSG00000040531,0.97221506,0.5670264,0.9116978,1.0,1
ENSG00000003756,1.6278884,2.1204424,0.8532936,1.0,1
ENSG00000003756,1.6278884,2.1204424,0.8532936,0.12372813,1
ENSG00000163738,1.5272365,1.41397,0.85813767,1.0,1
ENSG00000163738,1.5272363,1.41397,0.85813767,1.0,1
ENSG00000163738,1.5272365,1.41397,0.85813767,1.0,1
ENSG00000163738,1.5272363,1.41397,0.85813767,1.0,1
ENSG00000183337,0.5775269,1.3308195,0.89923906,1.0,1
ENSG00000183337,0.5775269,1.3308195,0.89923906,1.0,1
ENSG00000183337,0.5775269,1.3308195,0.89923906,1.0,1
ENSG00000183337,0.5775269,1.3308195,0.89923906,0.70714283,1
ENSG00000049089,0.5130953,-0.39794,0.9179954,1.0,1
ENSG00000109501,0.56147313,-0.9586073,0.9229858,1.0,1
ENSG00000185920,1.0542876,0.40993312,0.8909631,1.0,1
ENSG00000185920,1.0542874,0.40993312,0.8909631,1.0,1
ENSG00000013441,1.7444929,1.877947,0.85449034,1.0,1
ENSG00000013441,1.744493,1.877947,0.85449034,1.0,1
ENSG00000013441,1.744493,1.877947,0.85449034,0.34098136,1
ENSG00000172819,1.0462694,0.54900324,0.90168285,1.0,1
ENSG00000172819,1.0462694,0.54900324,0.90168285,1.0,1
ENSG00000172819,1.0462694,0.54900324,0.90168285,0.087804876,1
ENSG00000164168,0.6621329,1.1824147,0.920778,1.0,1
ENSG00000166743,1.2195802,0.021189298,0.8431,1.0,1
ENSG00000166743,1.2195802,0.021189298,0.8431,1.0,1
ENSG00000166743,1.2195802,0.021189298,0.8431,1.0,1
ENSG00000178951,0.6785096,0.26951295,0.9057112,1.0,1
ENSG00000178951,0.6785095,0.26951295,0.9057112,1.0,1
ENSG00000258466,0.98142123,-0.39794,0.8919115,1.0,1
ENSG00000104886,1.203204,1.7879561,0.88366705,1.0,1
ENSG00000104886,1.2032039,1.7879561,0.88366705,0.95353985,1
ENSG00000146842,1.5472684,2.0689275,0.8648292,1.0,1
ENSG00000146842,1.5472684,2.0689275,0.8648292,0.66813993,1
ENSG00000134690,1.7288246,1.9716005,0.86321974,1.0,1
ENSG00000142784,1.2288284,1.0094509,0.87560314,1.0,1
ENSG00000142784,1.2288284,1.0094509,0.87560314,1.0,1
ENSG00000100532,1.4546361,0.67117286,0.8669599,1.0,1
ENSG00000100532,1.4546361,0.67117286,0.8669599,0.2,1
ENSG00000153048,1.2318493,1.4888326,0.8948419,1.0,1
ENSG00000177731,1.3926024,2.0132165,0.88141185,1.0,1
ENSG00000177731,1.3926024,2.0132165,0.88141185,0.84090906,1
ENSG00000147168,1.0047348,1.5870371,0.91389316,1.0,1
ENSG00000147168,1.0047348,1.5870371,0.91389316,1.0,1
ENSG00000147168,1.0047348,1.5870371,0.91389316,0.99019605,1
ENSG00000188612,1.5442257,2.5594876,0.8782997,1.0,1
ENSG00000188612,1.5442258,2.5594876,0.8782997,1.0,1
ENSG00000188612,1.5442257,2.5594876,0.8782997,0.47902358,1
ENSG00000183048,1.0244399,1.3802112,0.9084919,1.0,1
ENSG00000183048,1.0244399,1.3802112,0.9084919,1.0,1
ENSG00000183048,1.0244399,1.3802112,0.9084919,1.0,1
ENSG00000152601,1.1563656,1.9937888,0.88539207,1.0,1
ENSG00000152601,1.1563656,1.9937888,0.88539207,0.9367179,1
ENSG00000152601,1.1563656,1.9937888,0.8853921,1.0,1
ENSG00000152601,1.1563656,1.9937888,0.88539207,0.32507396,1
ENSG00000152601,1.1563656,1.9937888,0.88539207,0.596391,1
ENSG00000152601,1.1563656,1.9937888,0.8853921,0.6635324,1
ENSG00000152601,1.1563656,1.9937888,0.88539207,0.0,1
ENSG00000129465,1.2165662,-0.61978877,0.89377457,1.0,1
ENSG00000129465,1.2165662,-0.61978877,0.89377457,1.0,1
ENSG00000122971,1.3282622,1.0468851,0.9058022,1.0,1
ENSG00000141367,1.3344762,2.1812718,0.8425177,1.0,1
ENSG00000141367,1.3344762,2.1812718,0.8425177,1.0,1
ENSG00000141367,1.3344762,2.1812718,0.8425177,1.0,1
ENSG00000141367,1.3344762,2.1812718,0.8425177,1.0,1
ENSG00000141367,1.3344762,2.1812718,0.8425177,1.0,1
ENSG00000141367,1.3344762,2.1812718,0.8425177,0.09446487,1
ENSG00000105699,1.1800454,1.3923452,0.8716424,1.0,1
ENSG00000105699,1.1800454,1.3923452,0.8716424,1.0,1
ENSG00000105699,1.1800454,1.3923452,0.8716424,1.0,1
ENSG00000105699,1.1800454,1.3923452,0.8716424,0.29886147,1
ENSG00000105699,1.1800454,1.3923452,0.8716424,0.8553241,1
ENSG00000105699,1.1800454,1.3923452,0.8716424,0.9724771,1
ENSG00000132004,1.331286,0.9425041,0.88240564,1.0,1
ENSG00000132004,1.331286,0.9425041,0.8824056,0.9294798,1
ENSG00000132004,1.331286,0.9425041,0.8824056,0.9282353,1
ENSG00000203667,2.0005372,1.5300716,0.8482686,1.0,1
ENSG00000203667,2.0005372,1.5300716,0.8482686,1.0,1
ENSG00000203667,2.0005372,1.5300716,0.8482686,1.0,1
ENSG00000203667,2.0005372,1.5300716,0.8482686,0.10897111,1
ENSG00000203667,2.0005372,1.5300716,0.8482686,0.58135366,1
ENSG00000185000,1.5320321,1.862012,0.88833183,1.0,1
ENSG00000134245,0.72955424,-0.82390875,0.92300326,1.0,1
ENSG00000134245,0.7295543,-0.82390875,0.92300326,1.0,1
ENSG00000007264,1.6242716,1.4003652,0.85125077,0.98459566,1
ENSG00000160194,0.92716396,1.4951279,0.9015344,1.0,1
ENSG00000160194,0.92716396,1.4951279,0.9015343,0.98443264,1
ENSG00000160194,0.927164,1.4951279,0.9015343,0.8129263,1
ENSG00000068903,1.6834643,1.3958504,0.85546684,1.0,1
ENSG00000068903,1.6834643,1.3958504,0.85546684,1.0,1
ENSG00000068903,1.6834644,1.3958504,0.85546684,0.14739884,1
ENSG00000068903,1.6834644,1.3958504,0.85546684,0.0033783785,1
ENSG00000165804,0.4861738,0.29225606,0.9351066,1.0,1
ENSG00000102871,1.5280048,0.8394781,0.8656928,1.0,1
ENSG00000074181,0.5869587,-0.537602,0.9221415,1.0,1
ENSG00000074181,0.58695877,-0.537602,0.9221415,1.0,1
ENSG00000074181,0.58695877,-0.537602,0.9221415,1.0,1
ENSG00000074181,0.5869587,-0.537602,0.9221415,1.0,1
ENSG00000182179,0.09915911,0.38201705,0.9361889,1.0,1
ENSG00000167394,1.010844,0.5289167,0.89565194,1.0,1
ENSG00000167394,1.010844,0.5289167,0.89565194,1.0,1
ENSG00000112640,1.3943727,1.6687585,0.8884452,1.0,1
ENSG00000112640,1.3943727,1.6687585,0.8884452,0.77653176,1
ENSG00000160633,1.4459034,1.4723176,0.8713067,1.0,1
ENSG00000160633,1.4459033,1.4723176,0.8713067,1.0,1
ENSG00000160633,1.4459033,1.4723176,0.8713067,1.0,1
ENSG00000160633,1.4459033,1.4723176,0.8713067,1.0,1
ENSG00000160633,1.4459032,1.4723176,0.8713067,1.0,1
ENSG00000168528,1.2279526,-0.07058107,0.8851769,1.0,1
ENSG00000168528,1.2279527,-0.07058107,0.8851769,1.0,1
ENSG00000111678,1.7621496,2.3016593,0.84958184,1.0,1
ENSG00000111678,1.7621496,2.3016593,0.84958184,1.0,1
ENSG00000111678,1.7621496,2.3016593,0.84958184,1.0,1
ENSG00000111678,1.7621496,2.3016593,0.84958184,1.0,1
ENSG00000140350,1.2010307,2.019905,0.8757207,1.0,1
ENSG00000158234,1.3961971,0.19312459,0.89054716,1.0,1
ENSG00000158234,1.3961971,0.19312459,0.89054716,0.11016949,1
ENSG00000140534,1.148132,1.0884905,0.88534766,1.0,1
ENSG00000183828,1.1062418,0.8808136,0.9076031,1.0,1
ENSG00000183828,1.106242,0.8808136,0.9076031,1.0,1
ENSG00000020181,0.65416825,-0.82390875,0.91476715,1.0,1
ENSG00000125885,1.393986,1.505557,0.8457376,1.0,1
ENSG00000125885,1.3939861,1.505557,0.8457376,0.9684096,1
ENSG00000165714,1.50717,0.7474118,0.8599652,1.0,1
ENSG00000165714,1.50717,0.7474118,0.8599652,0.9166667,1
ENSG00000046604,1.057554,1.7292458,0.889966,1.0,1
ENSG00000046604,1.057554,1.7292458,0.889966,1.0,1
ENSG00000110442,1.73112,1.548635,0.83455294,1.0,1
ENSG00000110442,1.73112,1.548635,0.83455294,1.0,1
ENSG00000110442,1.73112,1.548635,0.83455294,0.834731,1
ENSG00000110442,1.7311199,1.548635,0.83455294,0.3957362,1
ENSG00000144791,0.3043707,1.2711443,0.9356407,1.0,1
ENSG00000144791,0.3043707,1.2711443,0.93564075,1.0,1
ENSG00000095380,0.79172397,2.0218918,0.9040189,1.0,1
ENSG00000173757,1.0457783,2.0993698,0.888304,1.0,1
ENSG00000197714,0.96661365,1.201943,0.90762424,1.0,1
ENSG00000110330,1.3353413,1.5868123,0.8610384,1.0,1
ENSG00000110330,1.3353412,1.5868123,0.8610384,1.0,1
ENSG00000110330,1.3353413,1.5868123,0.8610384,0.002670227,1
ENSG00000165912,1.0355557,0.7497363,0.9219515,1.0,1
ENSG00000163082,0.82750964,-0.9586073,0.9062086,1.0,1
ENSG00000163082,0.82750976,-0.9586073,0.9062086,1.0,1
ENSG00000116473,1.5748404,1.6959193,0.8522242,1.0,1
ENSG00000135870,1.3488507,1.1383027,0.85209215,1.0,1
ENSG00000243335,1.0911338,1.3085644,0.90584123,1.0,1
ENSG00000100083,1.176939,1.6094877,0.8803609,1.0,1
ENSG00000100083,1.176939,1.6094877,0.8803609,1.0,1
ENSG00000118564,0.9726924,1.3038437,0.88861066,1.0,1
ENSG00000118564,0.9726924,1.3038437,0.88861066,0.56748694,1
ENSG00000118564,0.97269225,1.3038437,0.88861066,0.06396064,1
ENSG00000069869,1.1785228,1.071882,0.87823606,1.0,1
ENSG00000069869,1.178523,1.071882,0.87823606,0.010256411,1
ENSG00000095906,1.843425,1.3374592,0.8553689,1.0,1
ENSG00000095906,1.8434253,1.3374592,0.8553689,0.5542895,1
ENSG00000186448,1.0075438,0.9758911,0.8807011,1.0,1
ENSG00000186448,1.0075437,0.9758911,0.8807011,1.0,1
ENSG00000186448,1.0075438,0.9758911,0.8807011,1.0,1
ENSG00000186448,1.0075438,0.9758911,0.8807011,1.0,1
ENSG00000186448,1.0075438,0.9758911,0.8807011,1.0,1
ENSG00000186448,1.0075438,0.9758911,0.8807011,1.0,1
ENSG00000186448,1.0075438,0.9758911,0.8807011,0.122994654,1
ENSG00000167525,0.67891157,0.7611758,0.92607605,1.0,1
ENSG00000167525,0.67891157,0.7611758,0.92607605,1.0,1
ENSG00000167525,0.6789115,0.7611758,0.92607605,1.0,1
ENSG00000167525,0.67891157,0.7611758,0.92607605,1.0,1
ENSG00000160959,0.8272879,1.2940251,0.91458654,1.0,1
ENSG00000160959,0.82728803,1.2940251,0.91458666,1.0,1
ENSG00000160959,0.82728785,1.2940251,0.91458654,1.0,1
ENSG00000160959,0.8272879,1.2940251,0.91458654,1.0,1
ENSG00000160959,0.8272879,1.2940251,0.91458654,0.16494845,1
ENSG00000145216,1.6908917,1.3816565,0.8240914,1.0,1
ENSG00000145216,1.6908915,1.3816565,0.8240914,0.47189543,1
ENSG00000145216,1.6908917,1.3816565,0.8240914,0.5609911,1
ENSG00000145216,1.6908915,1.3816565,0.8240914,0.4415502,1
ENSG00000145216,1.6908915,1.3816565,0.8240914,0.11604095,1
ENSG00000125864,-0.013249664,-0.29242983,0.9306311,1.0,1
ENSG00000138134,1.3960708,-0.9586073,0.8695427,1.0,1
ENSG00000138134,1.3960708,-0.9586073,0.8695427,1.0,1
ENSG00000138134,1.3960708,-0.9586073,0.8695427,1.0,1
ENSG00000138134,1.3960707,-0.9586073,0.8695427,1.0,1
ENSG00000163661,0.67088217,-0.92081875,0.92065036,1.0,1
ENSG00000099974,1.4744256,-0.7212464,0.90324056,1.0,1
ENSG00000150967,0.81841516,0.71349055,0.91655946,0.6142857,1
ENSG00000145348,1.3594079,1.278525,0.83860534,1.0,1
ENSG00000145348,1.3594079,1.278525,0.83860534,0.1654373,1
ENSG00000183655,0.8080956,-0.7212464,0.9044419,1.0,1
ENSG00000161904,1.2871549,1.5798979,0.87582225,1.0,1
ENSG00000161904,1.2871549,1.5798979,0.87582237,1.0,1
ENSG00000161904,1.2871549,1.5798979,0.87582237,1.0,1
ENSG00000169249,1.7613997,0.9390198,0.8468818,1.0,1
ENSG00000169249,1.7613997,0.9390198,0.8468818,1.0,1
ENSG00000140650,1.5403398,1.1792644,0.88063097,1.0,1
ENSG00000140650,1.5403398,1.1792644,0.88063097,0.98909396,1
ENSG00000140650,1.5403397,1.1792644,0.88063097,0.9198068,1
ENSG00000123124,1.2414045,0.9253121,0.88142043,1.0,1
ENSG00000123124,1.2414045,0.9253121,0.88142043,0.99378884,1
ENSG00000100227,1.6549542,1.5873742,0.8407621,1.0,1
ENSG00000100227,1.6549542,1.5873742,0.8407621,0.6085994,1
ENSG00000100227,1.6549544,1.5873742,0.8407621,0.023659306,1
ENSG00000165526,0.42773908,1.6079909,0.922891,1.0,1
ENSG00000165526,0.42773902,1.6079909,0.922891,1.0,1
ENSG00000165526,0.42773908,1.6079909,0.922891,1.0,1
ENSG00000165526,0.42773908,1.6079909,0.922891,1.0,1
ENSG00000049246,1.1100708,1.218798,0.8864581,1.0,1
ENSG00000132912,1.7566092,1.7117229,0.850428,1.0,1
ENSG00000132912,1.7566091,1.7117229,0.850428,0.0,1
ENSG00000103051,1.5663422,1.7604979,0.8251069,1.0,1
ENSG00000103051,1.5663422,1.7604979,0.8251069,1.0,1
ENSG00000103051,1.5663421,1.7604979,0.8251069,0.98330843,1
ENSG00000103051,1.5663421,1.7604979,0.8251069,0.0,1
ENSG00000103051,1.5663422,1.7604979,0.8251069,0.90922767,1
ENSG00000127663,0.73728126,1.0948204,0.893888,1.0,1
ENSG00000127663,0.7372813,1.0948204,0.893888,1.0,1
ENSG00000127663,0.7372813,1.0948204,0.893888,0.08955224,1
ENSG00000176473,0.8371346,0.7242759,0.8882655,1.0,1
ENSG00000176473,0.83713466,0.7242759,0.8882656,1.0,1
ENSG00000090861,0.40938777,2.2807605,0.92394024,1.0,1
ENSG00000090861,0.4093877,2.2807605,0.92394024,1.0,1
ENSG00000090861,0.4093877,2.2807605,0.92394024,1.0,1
ENSG00000144283,1.0661371,1.7081659,0.8782402,1.0,1
ENSG00000144283,1.0661372,1.7081659,0.8782402,0.7247088,1
ENSG00000144283,1.0661372,1.7081659,0.8782403,0.74196076,1
ENSG00000162695,1.558553,0.7226339,0.85739386,1.0,1
ENSG00000162695,1.558553,0.7226339,0.85739386,1.0,1
ENSG00000186665,1.1309048,1.3895204,0.8950958,1.0,1
ENSG00000186665,1.1309049,1.3895204,0.89509594,1.0,1
ENSG00000076351,0.94021714,0.42160392,0.9148574,1.0,1
ENSG00000076351,0.94021726,0.42160392,0.9148574,0.9230769,1
ENSG00000104976,1.387284,1.0944711,0.8921942,1.0,1
ENSG00000125457,0.9696194,1.6118295,0.9155851,1.0,1
ENSG00000125457,0.9696194,1.6118295,0.9155851,1.0,1
ENSG00000125457,0.9696194,1.6118295,0.9155851,0.9737573,1
ENSG00000125457,0.9696194,1.6118295,0.9155851,0.109347954,1
ENSG00000103769,1.0396203,2.4376237,0.9174144,1.0,1
ENSG00000156869,0.64534354,1.5308398,0.90796393,1.0,1
ENSG00000167986,1.4106867,2.3942416,0.8723302,1.0,1
ENSG00000167986,1.4106867,2.3942416,0.8723302,0.0050870148,1
ENSG00000167986,1.4106867,2.3942416,0.8723302,0.0050949263,1
ENSG00000056558,-0.1492599,-0.1674911,0.9524084,1.0,1
ENSG00000056558,-0.14925988,-0.1674911,0.9524084,1.0,1
ENSG00000076513,1.2607707,1.5936183,0.8846625,1.0,1
ENSG00000076513,1.2607708,1.5936183,0.8846625,1.0,1
ENSG00000076513,1.2607707,1.5936183,0.8846625,1.0,1
ENSG00000076513,1.2607707,1.5936183,0.8846625,1.0,1
ENSG00000076513,1.2607708,1.5936183,0.8846625,0.986946,1
ENSG00000138758,1.4575143,1.8264636,0.87001455,1.0,1
ENSG00000187144,0.20763557,-0.7447275,0.93318087,1.0,1
ENSG00000064995,1.6638496,1.8044802,0.8697016,1.0,1
ENSG00000064995,1.6638496,1.8044802,0.8697016,0.9632922,1
ENSG00000196456,0.5475028,0.7283538,0.92518437,1.0,1
ENSG00000154710,0.9490918,1.2823955,0.8896465,1.0,1
ENSG00000154710,0.9490919,1.2823955,0.8896465,1.0,1
ENSG00000154710,0.9490919,1.2823955,0.8896465,0.2707775,1
ENSG00000154710,0.9490919,1.2823955,0.8896465,0.084690556,1
ENSG00000154710,0.9490919,1.2823955,0.8896465,0.96986973,1
ENSG00000010219,1.4558742,1.3230457,0.8373006,1.0,1
ENSG00000010219,1.4558742,1.3230457,0.8373006,0.037339557,1
ENSG00000205758,1.744001,1.8885726,0.86495,1.0,1
ENSG00000205758,1.7440009,1.8885726,0.86495,1.0,1
ENSG00000205758,1.744001,1.8885726,0.86495,1.0,1
ENSG00000205758,1.744001,1.8885726,0.86495,1.0,1
ENSG00000205758,1.7440009,1.8885726,0.86495,1.0,1
ENSG00000205758,1.744001,1.8885726,0.86495,0.099550895,1
ENSG00000119414,1.4522066,1.4562142,0.8852192,1.0,1
ENSG00000119414,1.4522066,1.4562142,0.8852192,0.9484909,1
ENSG00000140750,1.2730547,0.90036714,0.8696552,1.0,1
ENSG00000140750,1.2730548,0.90036714,0.8696552,0.258547,1
ENSG00000140750,1.2730548,0.90036714,0.8696552,0.2359155,1
ENSG00000140750,1.2730548,0.90036714,0.8696552,0.64244187,1
ENSG00000135365,1.1118186,1.1195858,0.87363416,1.0,1
ENSG00000135365,1.1118187,1.1195858,0.87363416,1.0,1
ENSG00000135365,1.1118186,1.1195858,0.87363416,1.0,1
ENSG00000053524,1.2329979,0.5428254,0.8697186,1.0,1
ENSG00000053524,1.2329979,0.5428254,0.8697186,1.0,1
ENSG00000053524,1.2329979,0.5428254,0.8697186,0.14583333,1
ENSG00000065911,1.2033403,2.3176246,0.90036005,1.0,1
ENSG00000065911,1.2033403,2.3176246,0.90036005,0.15467583,1
ENSG00000065911,1.2033403,2.3176246,0.90036005,0.99922943,1
ENSG00000151445,1.7044985,1.2904798,0.858678,1.0,1
ENSG00000151445,1.7044988,1.2904798,0.858678,1.0,1
ENSG00000151445,1.7044985,1.2904798,0.858678,1.0,1
ENSG00000151445,1.7044985,1.2904798,0.858678,1.0,1
ENSG00000151445,1.7044985,1.2904798,0.858678,1.0,1
ENSG00000151445,1.7044985,1.2904798,0.858678,1.0,1
ENSG00000151445,1.7044985,1.2904798,0.858678,0.102004714,1
ENSG00000103657,0.8459463,1.5582284,0.8609684,1.0,1
ENSG00000103657,0.8459463,1.5582284,0.8609684,1.0,1
ENSG00000140905,1.5009091,1.572058,0.8825619,1.0,1
ENSG00000140905,1.500909,1.572058,0.8825619,0.9785251,1
ENSG00000168944,0.83612055,1.3085644,0.9110258,1.0,1
ENSG00000102057,0.18891026,-0.26760623,0.95237386,1.0,1
ENSG00000139160,1.1752276,-0.055517327,0.85870093,1.0,1
ENSG00000139160,1.1752276,-0.055517327,0.85870093,1.0,1
ENSG00000134987,0.79700345,1.6682928,0.92033947,1.0,1
ENSG00000134987,0.79700345,1.6682928,0.92033947,1.0,1
ENSG00000134987,0.79700345,1.6682928,0.92033947,1.0,1
ENSG00000134987,0.79700345,1.6682928,0.92033947,1.0,1
ENSG00000091732,1.1772286,1.8364507,0.90241617,1.0,1
ENSG00000091732,1.1772287,1.8364507,0.90241617,1.0,1
ENSG00000091732,1.1772287,1.8364507,0.90241617,0.0,1
ENSG00000169762,1.1279843,1.452553,0.8904984,1.0,1
ENSG00000169762,1.1279843,1.452553,0.8904984,0.8851981,1
ENSG00000169762,1.1279843,1.452553,0.8904984,0.46148783,1
ENSG00000123636,0.65684533,1.2000293,0.89656,1.0,1
ENSG00000139197,1.1658045,1.1152776,0.89582247,1.0,1
ENSG00000139197,1.1658044,1.1152776,0.89582247,0.392,1
ENSG00000125551,0.53424305,-0.63827217,0.9274974,1.0,1
ENSG00000123384,1.1316276,-0.4436975,0.8709915,1.0,1
ENSG00000240065,1.6775819,0.25285304,0.8686756,1.0,1
ENSG00000240065,1.6775819,0.25285304,0.8686756,1.0,1
ENSG00000151239,1.6077762,1.2177471,0.86768055,1.0,1
ENSG00000151239,1.6077762,1.2177471,0.86768055,1.0,1
ENSG00000151239,1.6077762,1.2177471,0.86768055,0.0,1
ENSG00000151239,1.6077762,1.2177471,0.86768055,0.057666216,1
ENSG00000175265,1.5755979,1.8933734,0.8913071,1.0,1
ENSG00000249471,0.7607585,0.519828,0.9191412,1.0,1
ENSG00000249471,0.7607585,0.519828,0.9191412,1.0,1
ENSG00000249471,0.7607585,0.519828,0.9191412,0.06010929,1
ENSG00000183111,1.107182,-0.88605666,0.8837299,1.0,1
ENSG00000162909,1.3137255,1.9639766,0.88663703,1.0,1
ENSG00000116717,1.246481,1.7065471,0.9158615,1.0,1
ENSG00000116717,1.246481,1.7065471,0.9158615,1.0,1
ENSG00000116717,1.246481,1.7065471,0.9158615,0.9870348,1
ENSG00000213064,0.9973525,1.4121244,0.9197902,1.0,1
ENSG00000109787,0.83019376,1.1947918,0.9037415,1.0,1
ENSG00000109787,0.83019376,1.1947918,0.9037415,1.0,1
ENSG00000109787,0.83019376,1.1947918,0.9037415,1.0,1
ENSG00000176170,0.81559634,1.2203696,0.9127536,1.0,1
ENSG00000136152,1.5314767,1.1708483,0.83096594,1.0,1
ENSG00000136152,1.5314767,1.1708483,0.8309659,1.0,1
ENSG00000141905,0.7341352,0.30963016,0.9177622,1.0,1
ENSG00000141905,0.73413515,0.30963016,0.9177622,1.0,1
ENSG00000141905,0.7341351,0.30963016,0.9177622,1.0,1
ENSG00000141905,0.73413515,0.30963016,0.9177622,1.0,1
ENSG00000141905,0.73413515,0.30963016,0.9177622,1.0,1
ENSG00000141905,0.73413515,0.30963016,0.9177622,0.41614908,1
ENSG00000141905,0.73413515,0.30963016,0.9177622,0.8318584,1
ENSG00000152284,0.9912069,-0.9586073,0.8940735,1.0,1
ENSG00000012174,1.4232504,1.1041455,0.86480147,1.0,1
ENSG00000205084,0.88105905,1.3660492,0.9203016,1.0,1
ENSG00000182287,1.2575212,1.2148439,0.8855388,0.0,1
ENSG00000182287,1.2575212,1.2148439,0.8855388,0.012021858,1
ENSG00000182287,1.2575212,1.2148439,0.8855388,0.27896994,1
ENSG00000204256,1.4003003,2.225955,0.89360976,1.0,1
ENSG00000204256,1.4003003,2.225955,0.89360976,1.0,1
ENSG00000204256,1.4003003,2.225955,0.89360976,1.0,1
ENSG00000204256,1.4003003,2.225955,0.89360976,0.14901148,1
ENSG00000204256,1.4003003,2.225955,0.89360976,0.0006633499,1
ENSG00000142655,1.1866812,1.0413927,0.87639844,1.0,1
ENSG00000142655,1.1866812,1.0413927,0.87639844,1.0,1
ENSG00000142655,1.1866813,1.0413927,0.87639844,1.0,1
ENSG00000142655,1.1866813,1.0413927,0.87639844,1.0,1
ENSG00000114200,0.033977345,-0.7447275,0.93206924,1.0,1
ENSG00000126461,0.6727495,0.5237465,0.9162117,1.0,1
ENSG00000107798,1.0423005,-0.82390875,0.9045803,1.0,1
ENSG00000026652,0.982777,1.108565,0.87171704,1.0,1
ENSG00000026652,0.9827771,1.108565,0.87171704,1.0,1
ENSG00000189334,0.21747924,-0.69897,0.940871,1.0,1
ENSG00000138617,0.65842336,0.85248,0.9223389,1.0,1
ENSG00000138617,0.6584234,0.85248,0.9223389,1.0,1
ENSG00000138617,0.6584233,0.85248,0.9223389,1.0,1
ENSG00000138617,0.6584234,0.85248,0.9223389,1.0,1
ENSG00000138617,0.6584234,0.85248,0.9223389,1.0,1
ENSG00000144224,1.0978898,1.9483151,0.89446706,1.0,1
ENSG00000144224,1.0978899,1.9483151,0.89446706,1.0,1
ENSG00000144224,1.0978899,1.9483151,0.89446706,0.51618737,1
ENSG00000186020,1.036509,1.0174507,0.8667998,1.0,1
ENSG00000186020,1.036509,1.0174507,0.8667998,0.6753507,1
ENSG00000197063,1.0268483,1.3312248,0.905793,1.0,1
ENSG00000244005,1.7046905,1.762003,0.8588048,1.0,1
ENSG00000244005,1.7046905,1.762003,0.8588048,0.7732558,1
ENSG00000254870,1.6220356,1.8251663,0.8616175,1.0,1
ENSG00000254870,1.6220356,1.8251663,0.8616175,1.0,1
ENSG00000254870,1.6220357,1.8251663,0.8616175,1.0,1
ENSG00000254870,1.6220357,1.8251663,0.8616175,1.0,1
ENSG00000254870,1.6220356,1.8251663,0.8616175,1.0,1
ENSG00000236287,1.0019741,1.7107096,0.9005522,1.0,1
ENSG00000155858,1.1655422,0.8267225,0.8762785,1.0,1
ENSG00000155858,1.1655422,0.8267225,0.8762785,1.0,1
ENSG00000256087,1.1589035,0.5820634,0.87186074,1.0,1
ENSG00000256087,1.1589035,0.5820634,0.87186074,1.0,1
ENSG00000256087,1.1589035,0.5820634,0.87186074,1.0,1
ENSG00000256087,1.1589035,0.5820634,0.87186074,1.0,1
ENSG00000132330,1.4855604,1.1132747,0.8503283,1.0,1
ENSG00000132330,1.4855605,1.1132747,0.8503283,1.0,1
ENSG00000132330,1.4855604,1.1132747,0.8503283,1.0,1
ENSG00000132330,1.4855605,1.1132747,0.8503283,0.124535315,1
ENSG00000144161,1.6276143,0.9278834,0.85170513,1.0,1
ENSG00000134627,0.8114382,0.50105923,0.885211,1.0,1
ENSG00000134627,0.8114381,0.50105923,0.885211,1.0,1
ENSG00000134627,0.8114382,0.50105923,0.885211,1.0,1
ENSG00000134627,0.8114382,0.50105923,0.885211,1.0,1
ENSG00000134627,0.8114382,0.50105923,0.885211,1.0,1
ENSG00000134627,0.8114382,0.50105923,0.885211,1.0,1
ENSG00000160505,0.6666174,-0.88605666,0.89654636,1.0,1
ENSG00000169519,1.2129413,1.1821293,0.85103315,1.0,1
ENSG00000169519,1.2129412,1.1821293,0.85103315,0.5283019,1
ENSG00000104517,1.2968634,1.861833,0.8594641,1.0,1
ENSG00000104517,1.2968634,1.861833,0.8594641,0.48000842,1
ENSG00000108468,1.249191,1.4821587,0.90673256,1.0,1
ENSG00000101417,0.81288403,0.7474118,0.92381,1.0,1
ENSG00000101417,0.8128841,0.7474118,0.92380995,1.0,1
ENSG00000101417,0.81288403,0.7474118,0.92381,0.7014493,1
ENSG00000101417,0.81288403,0.7474118,0.92381,0.6633987,1
ENSG00000083099,1.7604764,1.5536404,0.843463,1.0,1
ENSG00000197223,1.0599364,1.5094713,0.8806544,1.0,1
ENSG00000197223,1.0599365,1.5094713,0.8806544,1.0,1
ENSG00000168826,0.8170403,0.5646661,0.90108776,1.0,1
ENSG00000168826,0.8170403,0.5646661,0.90108776,1.0,1
ENSG00000168826,0.8170403,0.5646661,0.90108776,1.0,1
ENSG00000168826,0.8170403,0.5646661,0.90108776,0.8655462,1
ENSG00000090316,1.3975613,1.6761447,0.868075,1.0,1
ENSG00000090316,1.3975612,1.6761447,0.868075,0.9964597,1
ENSG00000090316,1.3975611,1.6761447,0.8680749,0.94694614,1
ENSG00000090316,1.3975612,1.6761447,0.868075,0.44594595,1
ENSG00000146955,0.73685485,-0.82390875,0.90490717,1.0,1
ENSG00000164828,1.0261331,2.0495281,0.89848065,1.0,1
ENSG00000164828,1.026133,2.0495281,0.89848065,1.0,1
ENSG00000164828,1.026133,2.0495281,0.89848065,0.036484245,1
ENSG00000164828,1.026133,2.0495281,0.89848065,0.6569921,1
ENSG00000164828,1.0261331,2.0495281,0.89848065,0.073319755,1
ENSG00000164828,1.026133,2.0495281,0.89848065,0.9872424,1
ENSG00000149532,1.4258763,1.5731038,0.85715437,1.0,1
ENSG00000149532,1.4258764,1.5731038,0.85715437,1.0,1
ENSG00000149532,1.4258764,1.5731038,0.85715437,1.0,1
ENSG00000084072,1.7754941,2.1067686,0.86496085,1.0,1
ENSG00000084072,1.7754941,2.1067686,0.8649609,0.07317073,1
ENSG00000146918,1.2011734,1.8914818,0.88202167,1.0,1
ENSG00000146918,1.2011734,1.8914818,0.88202155,1.0,1
ENSG00000146918,1.2011733,1.8914818,0.88202155,0.67458403,1
ENSG00000146918,1.2011733,1.8914818,0.88202155,0.1276411,1
ENSG00000176890,1.6183856,2.4058414,0.86793685,1.0,1
ENSG00000176890,1.6183853,2.4058414,0.86793685,1.0,1
ENSG00000176890,1.6183856,2.4058414,0.86793685,0.99478465,1
ENSG00000105401,1.2729712,2.4003134,0.88776547,1.0,1
ENSG00000105401,1.272971,2.4003134,0.88776547,1.0,1
ENSG00000105401,1.272971,2.4003134,0.88776547,1.0,1
ENSG00000105401,1.2729712,2.4003134,0.88776547,1.0,1
ENSG00000105401,1.2729712,2.4003134,0.88776547,1.0,1
ENSG00000105401,1.272971,2.4003134,0.88776547,1.0,1
ENSG00000197965,1.4065087,1.9897168,0.8620185,1.0,1
ENSG00000197965,1.4065087,1.9897168,0.8620185,1.0,1
ENSG00000197965,1.4065087,1.9897168,0.8620185,1.0,1
ENSG00000197965,1.4065086,1.9897168,0.8620185,0.92123866,1
ENSG00000197965,1.4065086,1.9897168,0.8620185,0.25078773,1
ENSG00000181625,1.5108669,1.0652062,0.87810105,1.0,1
ENSG00000181625,1.5108668,1.0652062,0.87810105,0.7417631,1
ENSG00000136560,1.4180647,1.6435513,0.8505649,1.0,1
ENSG00000136560,1.4180647,1.6435513,0.8505649,1.0,1
ENSG00000136560,1.4180646,1.6435513,0.8505649,1.0,1
ENSG00000136560,1.4180647,1.6435513,0.8505649,1.0,1
ENSG00000152291,1.2088605,1.5982432,0.89142257,1.0,1
ENSG00000152291,1.2088606,1.5982432,0.89142245,1.0,1
ENSG00000152291,1.2088605,1.5982432,0.89142257,1.0,1
ENSG00000152291,1.2088605,1.5982432,0.89142245,1.0,1
ENSG00000152291,1.2088606,1.5982432,0.89142257,1.0,1
ENSG00000099968,1.0159148,1.6910815,0.88377786,1.0,1
ENSG00000099968,1.0159147,1.6910815,0.88377786,0.9656883,1
ENSG00000099968,1.0159148,1.6910815,0.88377786,0.6998203,1
ENSG00000099968,1.0159148,1.6910815,0.88377786,0.87358326,1
ENSG00000111057,0.41509283,2.4412708,0.9401961,1.0,1
ENSG00000111057,0.41509283,2.4412708,0.9401961,1.0,1
ENSG00000111057,0.41509277,2.4412708,0.9401961,1.0,1
ENSG00000069020,0.80644274,0.61278385,0.8724877,1.0,1
ENSG00000172053,1.0923281,2.1927068,0.91309816,1.0,1
ENSG00000172053,1.0923283,2.1927068,0.91309816,0.99877185,1
ENSG00000164104,1.5326397,2.621145,0.8851443,1.0,1
ENSG00000164104,1.5326396,2.621145,0.8851443,1.0,1
ENSG00000164104,1.5326396,2.621145,0.8851443,1.0,1
ENSG00000164104,1.5326397,2.621145,0.8851443,1.0,1
ENSG00000213551,1.6767479,1.8321255,0.8617495,1.0,1
ENSG00000213551,1.6767479,1.8321255,0.8617495,1.0,1
ENSG00000111846,-0.12004265,-0.22184876,0.949656,1.0,1
ENSG00000130772,1.2406981,1.3916407,0.8789786,1.0,1
ENSG00000130772,1.2406982,1.3916407,0.8789786,1.0,1
ENSG00000131373,1.3658136,1.6127839,0.8762775,1.0,1
ENSG00000131373,1.3658135,1.6127839,0.8762775,0.9944327,1
ENSG00000131373,1.3658136,1.6127839,0.8762775,0.9914918,1
ENSG00000131373,1.3658135,1.6127839,0.8762775,0.99332273,1
ENSG00000131373,1.3658136,1.6127839,0.8762775,0.98058254,1
ENSG00000131373,1.3658136,1.6127839,0.8762775,0.4883943,1
ENSG00000099864,0.63741016,0.3138672,0.92075837,1.0,1
ENSG00000099864,0.63741016,0.3138672,0.92075837,1.0,1
ENSG00000050344,0.89733684,1.0124154,0.90506536,1.0,1
ENSG00000050344,0.89733684,1.0124154,0.90506536,1.0,1
ENSG00000123545,1.4597739,2.0962493,0.8892247,1.0,1
ENSG00000107263,0.6873502,1.2935835,0.90249634,1.0,1
ENSG00000129518,1.42988,1.3289908,0.89641,1.0,1
ENSG00000142459,1.1495405,0.24797326,0.89473903,1.0,1
ENSG00000142459,1.1495407,0.24797326,0.89473903,1.0,1
ENSG00000142459,1.1495407,0.24797326,0.89473903,1.0,1
ENSG00000142459,1.1495407,0.24797326,0.89473903,1.0,1
ENSG00000165475,1.0517828,0.820858,0.8835149,1.0,1
ENSG00000165475,1.0517828,0.820858,0.8835149,1.0,1
ENSG00000165475,1.0517828,0.820858,0.8835149,1.0,1
ENSG00000165475,1.0517828,0.820858,0.8835149,1.0,1
ENSG00000165475,1.0517828,0.820858,0.8835149,1.0,1
ENSG00000165475,1.0517828,0.820858,0.8835149,1.0,1
ENSG00000165475,1.0517828,0.820858,0.88351476,0.0,1
ENSG00000103126,0.8603768,0.9132839,0.89567184,1.0,1
ENSG00000103126,0.8603766,0.9132839,0.89567184,0.0926893,1
ENSG00000104883,0.61701584,0.041392684,0.94158596,1.0,1
ENSG00000137474,-0.20289156,-0.69897,0.94589686,1.0,1
ENSG00000078061,1.4410857,1.5990093,0.883587,1.0,1
ENSG00000078061,1.4410857,1.5990093,0.883587,1.0,1
ENSG00000111832,1.6933408,1.5114822,0.8623654,1.0,1
ENSG00000111832,1.6933408,1.5114822,0.8623654,0.93657815,1
ENSG00000172020,0.19846217,-0.92081875,0.93401843,1.0,1
ENSG00000185818,0.30468792,0.5526682,0.93600744,1.0,1
ENSG00000008441,1.042338,0.48144263,0.8932107,1.0,1
ENSG00000136986,1.9168876,1.4865721,0.85212654,1.0,1
ENSG00000136986,1.9168878,1.4865721,0.85212654,1.0,1
ENSG00000213024,1.0153394,1.280806,0.8867904,1.0,1
ENSG00000213024,1.0153393,1.280806,0.8867904,1.0,1
ENSG00000213024,1.0153394,1.280806,0.8867904,1.0,1
ENSG00000213024,1.0153394,1.280806,0.8867904,0.006849315,1
ENSG00000213024,1.0153393,1.280806,0.8867904,0.07207838,1
ENSG00000213024,1.0153394,1.280806,0.8867904,0.020679468,1
ENSG00000214013,1.477088,1.17667,0.8513669,1.0,1
ENSG00000128159,1.0804783,1.0461048,0.8734492,1.0,1
ENSG00000128159,1.0804782,1.0461048,0.8734492,1.0,1
ENSG00000132109,0.064591646,1.1556396,0.94752914,1.0,1
ENSG00000132109,0.064591646,1.1556396,0.94752914,1.0,1
ENSG00000007541,0.70107543,1.0852906,0.91302264,1.0,1
ENSG00000007541,0.70107543,1.0852906,0.91302264,1.0,1
ENSG00000007541,0.7010754,1.0852906,0.91302264,0.20547946,1
ENSG00000007541,0.70107543,1.0852906,0.91302264,0.28431374,1
ENSG00000189067,1.011049,0.6884198,0.9043517,1.0,1
ENSG00000189067,1.011049,0.6884198,0.9043517,0.0064102565,1
ENSG00000160199,1.5206931,1.2869054,0.86982274,1.0,1
ENSG00000160199,1.5206931,1.2869054,0.86982274,0.92412454,1
ENSG00000164053,1.3220577,0.90902084,0.8776908,1.0,1
ENSG00000164053,1.3220577,0.90902084,0.8776908,0.627972,1
ENSG00000164053,1.3220578,0.90902084,0.87769073,0.8716216,1
ENSG00000173852,1.348436,1.3586961,0.8674807,1.0,1
ENSG00000173852,1.348436,1.3586961,0.8674807,1.0,1
ENSG00000173852,1.348436,1.3586961,0.8674807,1.0,1
ENSG00000173852,1.3484359,1.3586961,0.8674807,1.0,1
ENSG00000198162,1.1784983,1.1580608,0.8656233,1.0,1
ENSG00000174891,1.6029301,1.1379868,0.8241368,1.0,1
ENSG00000174891,1.60293,1.1379868,0.8241368,1.0,1
ENSG00000108587,1.6874428,1.2013972,0.8490045,1.0,1
ENSG00000108587,1.6874427,1.2013972,0.8490045,0.021310182,1
ENSG00000237649,1.4053382,1.8893017,0.8714884,1.0,1
ENSG00000144591,1.4937071,1.9159799,0.8793496,1.0,1
ENSG00000115368,1.6760182,1.839855,0.8309347,1.0,1
ENSG00000115368,1.6760182,1.839855,0.8309347,0.0028753993,1
ENSG00000135482,0.8612444,-0.017728766,0.9144478,1.0,1
ENSG00000111450,0.97112536,1.6092741,0.9079633,1.0,1
ENSG00000014138,1.5369995,1.9872639,0.8569194,1.0,1
ENSG00000014138,1.5369995,1.9872639,0.8569194,0.47347933,1
ENSG00000029993,1.2046673,1.360404,0.89905536,1.0,1
ENSG00000029993,1.2046676,1.360404,0.89905536,1.0,1
ENSG00000061273,0.764807,1.4109459,0.9138186,1.0,1
ENSG00000061273,0.7648071,1.4109459,0.9138186,1.0,1
ENSG00000061273,0.7648071,1.4109459,0.9138186,0.0,1
ENSG00000061273,0.764807,1.4109459,0.9138186,0.42357275,1
ENSG00000061273,0.7648071,1.4109459,0.9138186,1.0,1
ENSG00000157800,1.4456137,1.7117229,0.8652414,1.0,1
ENSG00000157800,1.4456137,1.7117229,0.8652414,0.991929,1
ENSG00000157800,1.4456139,1.7117229,0.8652414,0.9867462,1
ENSG00000153561,0.97711706,1.3207692,0.89967716,1.0,1
ENSG00000130052,0.9046768,1.1866739,0.901281,1.0,1
ENSG00000168916,0.8275075,-0.1426675,0.8402203,1.0,1
ENSG00000183423,0.016353086,-0.65757734,0.9378436,1.0,1
ENSG00000163872,1.4005158,1.4508647,0.86165434,1.0,1
ENSG00000173575,0.47095543,1.6728364,0.8849338,1.0,1
ENSG00000173575,0.4709553,1.6728364,0.8849338,1.0,1
ENSG00000173575,0.4709553,1.6728364,0.8849338,1.0,1
ENSG00000173153,1.1932291,1.3740147,0.88129294,1.0,1
ENSG00000173153,1.1932291,1.3740147,0.88129294,0.9982759,1
ENSG00000173153,1.1932291,1.3740147,0.88129294,0.99346405,1
ENSG00000101290,1.4150611,1.6155292,0.8767655,1.0,1
ENSG00000101290,1.4150612,1.6155292,0.8767655,1.0,1
ENSG00000101290,1.4150612,1.6155292,0.8767654,0.1453831,1
ENSG00000135249,0.9832686,1.7134905,0.9017983,1.0,1
ENSG00000139437,1.7613955,1.0534626,0.86001086,1.0,1
ENSG00000139437,1.7613955,1.0534626,0.86001086,1.0,1
ENSG00000138593,1.435617,1.0017337,0.8369358,1.0,1
ENSG00000138593,1.4356171,1.0017337,0.8369358,1.0,1
ENSG00000138593,1.435617,1.0017337,0.8369358,0.23367697,1
ENSG00000100596,1.2706668,1.3396502,0.88547385,1.0,1
ENSG00000158815,0.16861098,-0.56863624,0.9502839,1.0,1
ENSG00000170876,1.4240497,1.5630062,0.8787591,1.0,1
ENSG00000170876,1.4240497,1.5630062,0.8787591,1.0,1
ENSG00000170876,1.4240497,1.5630062,0.8787591,1.0,1
ENSG00000170876,1.4240497,1.5630062,0.8787591,1.0,1
ENSG00000170876,1.4240496,1.5630062,0.8787591,1.0,1
ENSG00000130208,0.5266352,2.0516927,0.94254744,1.0,1
ENSG00000130208,0.5266352,2.0516927,0.94254744,1.0,1
ENSG00000131398,0.9069178,0.36921585,0.89554554,1.0,1
ENSG00000131398,0.9069178,0.36921585,0.89554554,1.0,1
ENSG00000131398,0.9069178,0.36921585,0.89554554,1.0,1
ENSG00000131398,0.9069178,0.36921585,0.89554554,1.0,1
ENSG00000131398,0.9069178,0.36921585,0.89554554,0.39512196,1
ENSG00000198189,0.656536,1.7759016,0.9115952,1.0,1
ENSG00000121749,1.5701989,1.57841,0.83227354,1.0,1
ENSG00000121749,1.5701991,1.57841,0.83227354,0.0,1
ENSG00000121749,1.570199,1.57841,0.83227354,0.0064102565,1
ENSG00000121749,1.5701989,1.57841,0.83227354,0.9831731,1
ENSG00000121749,1.570199,1.57841,0.83227354,0.058092948,1
ENSG00000112079,0.877337,1.2352759,0.9106223,1.0,1
ENSG00000168517,0.706828,0.053078443,0.9273041,1.0,1
ENSG00000163507,1.6122978,1.3386557,0.84590036,1.0,1
ENSG00000163507,1.6122978,1.3386557,0.84590036,1.0,1
ENSG00000162430,0.78559697,0.75739604,0.9255096,1.0,1
ENSG00000164404,1.0354139,-0.1426675,0.8889323,1.0,1
ENSG00000164404,1.035414,-0.1426675,0.8889323,1.0,1
ENSG00000101384,0.95287967,-0.7447275,0.89117736,1.0,1
ENSG00000101384,0.95287967,-0.7447275,0.89117736,1.0,1
ENSG00000101384,0.9528795,-0.7447275,0.89117736,1.0,1
ENSG00000101384,0.95287967,-0.7447275,0.89117736,1.0,1
ENSG00000101384,0.9528796,-0.7447275,0.89117736,1.0,1
ENSG00000101384,0.95287967,-0.7447275,0.89117736,1.0,1
ENSG00000114902,1.6483424,1.7300551,0.89110875,1.0,1
ENSG00000114902,1.6483421,1.7300551,0.8911088,1.0,1
ENSG00000172339,0.9497492,0.36921585,0.907436,1.0,1
ENSG00000146414,1.1698587,1.2792106,0.867903,1.0,1
ENSG00000146414,1.1698587,1.2792106,0.867903,1.0,1
ENSG00000171148,1.60657,1.6979264,0.8481158,1.0,1
ENSG00000171148,1.60657,1.6979264,0.8481158,1.0,1
ENSG00000101413,1.0931551,1.4312029,0.90259296,1.0,1
ENSG00000134248,1.6883557,2.6253228,0.88187087,1.0,1
ENSG00000134248,1.6883559,2.6253228,0.88187087,1.0,1
ENSG00000134248,1.6883558,2.6253228,0.88187087,0.014705529,1
ENSG00000164934,1.506381,2.0122888,0.83465713,1.0,1
ENSG00000186792,0.90105677,0.6928469,0.9080568,0.97359735,1
ENSG00000147124,1.1271969,0.66745293,0.86306626,1.0,1
ENSG00000141384,1.244898,1.1658376,0.87192297,1.0,1
ENSG00000160691,0.2295682,1.7640266,0.94424784,1.0,1
ENSG00000103599,1.2050202,0.40140054,0.8769741,1.0,1
ENSG00000181035,0.84872687,1.1592664,0.91903806,1.0,1
ENSG00000181035,0.848727,1.1592664,0.91903806,1.0,1
ENSG00000120370,1.0748028,1.0394142,0.8908632,1.0,1
ENSG00000120370,1.0748028,1.0394142,0.8908632,1.0,1
ENSG00000120370,1.0748026,1.0394142,0.8908632,1.0,1
ENSG00000067955,1.8107986,1.5532761,0.8661088,1.0,1
ENSG00000067955,1.8107986,1.5532761,0.8661088,0.98945314,1
ENSG00000145388,1.4930174,1.2935835,0.8383588,1.0,1
ENSG00000145388,1.4930173,1.2935835,0.8383588,1.0,1
ENSG00000090487,1.3962768,1.6517625,0.8853668,1.0,1
ENSG00000090487,1.3962768,1.6517625,0.8853668,1.0,1
ENSG00000090487,1.3962768,1.6517625,0.8853668,0.9887962,1
ENSG00000240053,-0.040610164,1.162863,0.948279,1.0,1
ENSG00000132256,0.8910731,1.114611,0.8955486,1.0,1
ENSG00000132256,0.8910732,1.114611,0.8955486,0.85528755,1
ENSG00000136932,1.325876,1.0809871,0.86696845,1.0,1
ENSG00000136932,1.325876,1.0809871,0.86696845,0.5799595,1
ENSG00000156510,0.87444353,-0.88605666,0.8948092,1.0,1
ENSG00000156510,0.87444353,-0.88605666,0.8948092,1.0,1
ENSG00000103994,0.8562813,1.3868555,0.89173764,1.0,1
ENSG00000103994,0.8562813,1.3868555,0.8917377,1.0,1
ENSG00000057019,1.1035675,0.9365137,0.8751915,1.0,1
ENSG00000057019,1.1035676,0.9365137,0.8751915,0.082601056,1
ENSG00000137492,0.8666308,1.8055688,0.9033002,1.0,1
ENSG00000137492,0.86663073,1.8055688,0.9033002,1.0,1
ENSG00000137492,0.8666308,1.8055688,0.9033002,1.0,1
ENSG00000165185,0.4105565,0.9740509,0.91122174,1.0,1
ENSG00000213983,0.7685169,1.8955883,0.9239301,1.0,1
ENSG00000213983,0.76851696,1.8955883,0.9239301,1.0,1
ENSG00000213983,0.7685169,1.8955883,0.9239301,0.69397044,1
ENSG00000044090,0.7606842,1.3767594,0.91789,1.0,1
ENSG00000136450,1.7595568,2.4945998,0.87836087,1.0,1
ENSG00000136450,1.759557,2.4945998,0.87836087,1.0,1
ENSG00000179943,0.6599729,0.54032946,0.9244228,1.0,1
ENSG00000179943,0.65997285,0.54032946,0.9244228,0.17454545,1
ENSG00000128891,1.5262622,1.4581845,0.86766213,1.0,1
ENSG00000132205,0.39527535,-0.4685211,0.92860353,1.0,1
ENSG00000132205,0.3952753,-0.4685211,0.92860353,1.0,1
ENSG00000132205,0.3952753,-0.4685211,0.92860353,1.0,1
ENSG00000162738,0.9562493,0.53147894,0.90604985,1.0,1
ENSG00000028203,1.4030951,1.6555226,0.8504658,1.0,1
ENSG00000028203,1.4030951,1.6555226,0.8504658,0.8412138,1
ENSG00000028203,1.403095,1.6555226,0.8504658,0.7894737,1
ENSG00000028203,1.403095,1.6555226,0.8504658,0.948542,1
ENSG00000028203,1.4030951,1.6555226,0.8504658,0.35714287,1
ENSG00000028203,1.403095,1.6555226,0.8504658,0.0,1
ENSG00000076924,1.7680656,1.3422252,0.8497342,1.0,1
ENSG00000010278,1.7140868,0.84633714,0.8650956,1.0,1
ENSG00000010278,1.7140868,0.84633714,0.8650956,0.14880952,1
ENSG00000204463,1.6366584,2.0528092,0.8444957,1.0,1
ENSG00000204463,1.6366584,2.0528092,0.8444957,0.49851248,1
ENSG00000204463,1.6366583,2.0528092,0.8444957,0.9256279,1
ENSG00000050327,0.5468872,-0.55284196,0.9351863,1.0,1
ENSG00000050327,0.54688716,-0.55284196,0.9351863,1.0,1
ENSG00000096401,1.2079707,1.3180634,0.8592701,1.0,1
ENSG00000163933,0.8849239,1.2052044,0.89406896,1.0,1
ENSG00000036672,1.0413839,0.5453071,0.9131751,1.0,1
ENSG00000036672,1.0413837,0.5453071,0.91317517,1.0,1
ENSG00000036672,1.0413837,0.5453071,0.91317517,1.0,1
ENSG00000181222,1.5383036,0.9479236,0.85616666,1.0,1
ENSG00000162591,0.39936292,-0.7447275,0.9247541,1.0,1
ENSG00000134283,1.4850991,1.9033071,0.8632638,1.0,1
ENSG00000134283,1.4850992,1.9033071,0.8632638,1.0,1
ENSG00000134283,1.4850991,1.9033071,0.8632638,0.14871553,1
ENSG00000134283,1.4850992,1.9033071,0.8632638,0.57435775,1
ENSG00000134283,1.4850991,1.9033071,0.8632638,0.03582371,1
ENSG00000134283,1.4850991,1.9033071,0.8632638,0.97013485,1
ENSG00000150756,0.99010503,1.4962375,0.90975374,1.0,1
ENSG00000150756,0.99010503,1.4962375,0.90975374,1.0,1
ENSG00000150756,0.99010515,1.4962375,0.90975374,1.0,1
ENSG00000150756,0.99010515,1.4962375,0.90975374,1.0,1
ENSG00000150756,0.99010515,1.4962375,0.90975374,0.70945615,1
ENSG00000150756,0.99010515,1.4962375,0.90975374,0.47476727,1
ENSG00000139517,0.8988466,0.48995847,0.8942599,1.0,1
ENSG00000188859,0.95997757,-0.55284196,0.8921939,1.0,1
ENSG00000146411,0.37668264,0.11058971,0.93067735,1.0,1
ENSG00000035141,1.0799085,1.8196098,0.9217163,1.0,1
ENSG00000035141,1.0799086,1.8196098,0.9217163,1.0,1
ENSG00000035141,1.0799085,1.8196098,0.9217163,0.0066541545,1
ENSG00000173264,0.28104818,0.8363241,0.9288643,1.0,1
ENSG00000173264,0.28104812,0.8363241,0.9288643,1.0,1
ENSG00000173264,0.28104812,0.8363241,0.9288643,1.0,1
ENSG00000173264,0.28104812,0.8363241,0.9288643,1.0,1
ENSG00000173264,0.28104818,0.8363241,0.9288643,0.7809524,1
ENSG00000173264,0.28104812,0.8363241,0.9288643,0.8428571,1
ENSG00000163156,1.8698645,1.198107,0.8464476,1.0,1
ENSG00000184083,1.2186894,0.25767857,0.8766691,1.0,1
ENSG00000184708,0.98564255,1.0951693,0.9058905,0.012254902,1
ENSG00000100697,0.89033437,1.1858253,0.88870716,1.0,1
ENSG00000100697,0.89033437,1.1858253,0.88870716,1.0,1
ENSG00000100697,0.8903343,1.1858253,0.88870716,0.99874216,1
ENSG00000100697,0.8903343,1.1858253,0.88870716,0.061340943,1
ENSG00000100697,0.89033437,1.1858253,0.88870716,0.01997147,1
ENSG00000117362,1.8258796,1.9643539,0.86921924,1.0,1
ENSG00000117362,1.8258796,1.9643539,0.86921924,0.9988132,1
ENSG00000117362,1.8258796,1.9643539,0.86921924,0.98787576,1
ENSG00000080603,0.8851849,0.5378191,0.8985101,1.0,1
ENSG00000080603,0.8851849,0.5378191,0.8985101,1.0,1
ENSG00000080603,0.8851849,0.5378191,0.8985101,1.0,1
ENSG00000080603,0.8851849,0.5378191,0.8985101,0.8369565,1
ENSG00000064666,1.0686147,1.5922878,0.90031725,1.0,1
ENSG00000064666,1.0686146,1.5922878,0.90031725,1.0,1
ENSG00000064666,1.0686147,1.5922878,0.90031725,0.99647164,1
ENSG00000163463,1.7688553,2.086075,0.88288635,1.0,1
ENSG00000163463,1.7688553,2.086075,0.88288635,1.0,1
ENSG00000163463,1.7688553,2.086075,0.88288635,1.0,1
ENSG00000102103,1.8206509,1.7841178,0.8557364,1.0,1
ENSG00000102103,1.8206508,1.7841178,0.8557364,1.0,1
ENSG00000085998,1.1750236,1.5644293,0.8861537,1.0,1
ENSG00000085998,1.1750237,1.5644293,0.8861537,0.98061043,1
ENSG00000198176,1.139049,1.822495,0.87687176,1.0,1
ENSG00000198176,1.139049,1.822495,0.8768719,0.93762,1
ENSG00000175854,1.0593367,2.0201125,0.90152645,1.0,1
ENSG00000175854,1.0593367,2.0201125,0.90152645,1.0,1
ENSG00000010626,1.6314095,0.7671559,0.84134614,1.0,1
ENSG00000010626,1.6314095,0.7671559,0.84134614,1.0,1
ENSG00000104818,1.2241483,-0.7212464,0.9220118,1.0,1
ENSG00000104818,1.2241484,-0.7212464,0.9220118,1.0,1
ENSG00000093010,1.3049021,2.4356375,0.87680405,1.0,1
ENSG00000093010,1.3049018,2.4356375,0.87680405,1.0,1
ENSG00000154957,0.25508833,0.63548374,0.9422358,1.0,1
ENSG00000154957,0.25508827,0.63548374,0.94223577,1.0,1
ENSG00000100605,0.955659,1.3767594,0.8933765,1.0,1
ENSG00000100605,0.9556589,1.3767594,0.8933765,0.96391153,1
ENSG00000148356,1.6644137,0.6324573,0.8562566,1.0,1
ENSG00000148356,1.6644136,0.6324573,0.8562566,1.0,1
ENSG00000148356,1.6644135,0.6324573,0.8562566,0.9933775,1
ENSG00000138375,1.2676642,1.349666,0.84451306,1.0,1
ENSG00000138375,1.2676642,1.349666,0.84451306,0.94951236,1
ENSG00000125945,1.1509657,0.8494194,0.862639,1.0,1
ENSG00000010803,1.226651,1.4431064,0.86219776,1.0,1
ENSG00000010803,1.226651,1.4431064,0.86219776,1.0,1
ENSG00000010803,1.2266508,1.4431064,0.86219776,1.0,1
ENSG00000010803,1.2266507,1.4431064,0.86219776,1.0,1
ENSG00000010803,1.2266508,1.4431064,0.86219776,1.0,1
ENSG00000010803,1.2266507,1.4431064,0.86219776,1.0,1
ENSG00000010803,1.2266507,1.4431064,0.86219776,1.0,1
ENSG00000010803,1.2266507,1.4431064,0.86219776,0.56201047,1
ENSG00000010803,1.2266508,1.4431064,0.86219776,0.767624,1
ENSG00000010803,1.226651,1.4431064,0.86219776,0.2798742,1
ENSG00000171208,0.72275436,1.3787612,0.90223473,1.0,1
ENSG00000171208,0.7227544,1.3787612,0.90223473,1.0,1
ENSG00000171208,0.7227544,1.3787612,0.90223473,1.0,1
ENSG00000171208,0.7227545,1.3787612,0.90223473,1.0,1
ENSG00000124067,0.9749081,1.4531654,0.89964426,1.0,1
ENSG00000124067,0.9749081,1.4531654,0.89964426,1.0,1
ENSG00000124067,0.9749081,1.4531654,0.89964426,1.0,1
ENSG00000124067,0.9749081,1.4531654,0.89964426,0.08283518,1
ENSG00000124067,0.9749081,1.4531654,0.89964426,0.76568264,1
ENSG00000155755,1.50551,1.154424,0.8914268,1.0,1
ENSG00000155755,1.50551,1.154424,0.8914268,1.0,1
ENSG00000155755,1.50551,1.154424,0.8914268,1.0,1
ENSG00000155755,1.5055101,1.154424,0.8914268,1.0,1
ENSG00000155755,1.50551,1.154424,0.8914268,1.0,1
ENSG00000155755,1.50551,1.154424,0.8914268,1.0,1
ENSG00000176208,1.1313133,1.2027607,0.8752473,1.0,1
ENSG00000172239,1.1663518,2.1279466,0.88827586,1.0,1
ENSG00000128581,1.7268155,0.72997427,0.8368454,1.0,1
ENSG00000128581,1.7268155,0.72997427,0.8368454,0.87015945,1
ENSG00000128581,1.7268153,0.72997427,0.8368454,0.8967136,1
ENSG00000128581,1.7268153,0.72997427,0.8368454,0.0,1
ENSG00000028116,1.4562112,1.4935975,0.86968255,1.0,1
ENSG00000028116,1.4562113,1.4935975,0.86968255,1.0,1
ENSG00000028116,1.4562112,1.4935975,0.86968255,1.0,1
ENSG00000028116,1.4562113,1.4935975,0.86968255,1.0,1
ENSG00000028116,1.4562112,1.4935975,0.86968255,0.0,1
ENSG00000028116,1.4562114,1.4935975,0.86968255,0.0,1
ENSG00000028116,1.4562112,1.4935975,0.86968255,0.06367535,1
ENSG00000028116,1.4562112,1.4935975,0.86968255,0.88485646,1
ENSG00000028116,1.4562112,1.4935975,0.86968255,0.045859452,1
ENSG00000103490,1.5785732,1.1826999,0.88446367,0.43558952,1
ENSG00000100934,1.187903,1.5670264,0.89330566,1.0,1
ENSG00000100934,1.1879032,1.5670264,0.89330566,0.6999506,1
ENSG00000166529,0.8830701,0.9609462,0.9034159,1.0,1
ENSG00000166529,0.8830702,0.9609462,0.9034159,0.09701493,1
ENSG00000088930,1.590725,1.6702459,0.84943575,1.0,1
ENSG00000088930,1.5907248,1.6702459,0.84943575,1.0,1
ENSG00000088930,1.5907247,1.6702459,0.84943575,1.0,1
ENSG00000164309,0.5151491,-0.4089354,0.8794973,1.0,1
ENSG00000164309,0.5151491,-0.4089354,0.8794973,1.0,1
ENSG00000087995,1.6021206,1.41397,0.8627779,1.0,1
ENSG00000087995,1.6021206,1.41397,0.8627779,0.8200837,1
ENSG00000101882,1.2791934,0.6848454,0.8728356,1.0,1
ENSG00000101882,1.2791934,0.6848454,0.8728356,1.0,1
ENSG00000215717,1.9147636,1.3149201,0.8705437,1.0,1
ENSG00000188938,1.0656376,1.4747988,0.89713806,1.0,1
ENSG00000188938,1.0656376,1.4747988,0.89713806,0.40563276,1
ENSG00000057608,1.32346,2.2882044,0.88405305,1.0,1
ENSG00000057608,1.32346,2.2882044,0.88405305,1.0,1
ENSG00000057608,1.3234599,2.2882044,0.88405305,0.9171791,1
ENSG00000164070,1.1948718,1.0178677,0.8673399,1.0,1
ENSG00000164070,1.1948717,1.0178677,0.8673399,0.9844961,1
ENSG00000108518,1.4737312,2.566685,0.8881947,1.0,1
ENSG00000175764,0.48208153,0.28103337,0.9159552,1.0,1
ENSG00000175764,0.4820816,0.28103337,0.9159552,0.39759037,1
ENSG00000020633,0.82677656,-0.92081875,0.89110607,1.0,1
ENSG00000169359,1.201838,1.3277675,0.8677118,1.0,1
ENSG00000163807,1.6370568,1.4502491,0.8670925,1.0,1
ENSG00000164182,1.4012911,1.6754117,0.8501447,1.0,1
ENSG00000164182,1.4012911,1.6754117,0.8501447,1.0,1
ENSG00000164182,1.4012911,1.6754117,0.8501447,0.94950426,1
ENSG00000117560,0.19937019,-0.92081875,0.9461304,1.0,1
ENSG00000197142,0.16190171,-0.04575749,0.93545485,1.0,1
ENSG00000149922,1.0748065,-0.69897,0.913225,1.0,1
ENSG00000166321,0.46030354,0.93298084,0.9279821,1.0,1
ENSG00000166321,0.4603036,0.93298084,0.9279821,1.0,1
ENSG00000166321,0.4603036,0.93298084,0.9279821,1.0,1
ENSG00000166321,0.4603036,0.93298084,0.9279821,1.0,1
ENSG00000166321,0.46030354,0.93298084,0.9279821,1.0,1
ENSG00000166321,0.4603036,0.93298084,0.9279821,1.0,1
ENSG00000166321,0.4603036,0.93298084,0.9279821,1.0,1
ENSG00000166321,0.4603036,0.93298084,0.9279821,1.0,1
ENSG00000166321,0.46030366,0.93298084,0.9279821,1.0,1
ENSG00000141027,0.98333585,1.6990569,0.87679946,1.0,1
ENSG00000141027,0.98333585,1.6990569,0.87679946,1.0,1
ENSG00000141027,0.983336,1.6990569,0.87679946,1.0,1
ENSG00000141027,0.983336,1.6990569,0.8767996,1.0,1
ENSG00000141027,0.98333585,1.6990569,0.8767996,0.33444816,1
ENSG00000141027,0.98333585,1.6990569,0.87679946,0.25744125,1
ENSG00000141027,0.98333585,1.6990569,0.87679946,0.29598445,1
ENSG00000158711,1.2209363,0.9444827,0.88008845,1.0,1
ENSG00000158711,1.2209364,0.9444827,0.88008845,1.0,1
ENSG00000158711,1.2209363,0.9444827,0.88008845,1.0,1
ENSG00000159479,1.7027533,1.3298045,0.8542278,1.0,1
ENSG00000159479,1.7027533,1.3298045,0.8542278,1.0,1
ENSG00000159479,1.7027533,1.3298045,0.8542278,1.0,1
ENSG00000187796,0.48591632,1.1775365,0.9366665,1.0,1
ENSG00000187796,0.48591626,1.1775365,0.9366665,1.0,1
ENSG00000170324,-0.43857348,0.07918125,0.9422238,1.0,1
ENSG00000139613,0.70253617,1.6319509,0.9167958,1.0,1
ENSG00000139613,0.7025362,1.6319509,0.9167958,0.9620438,1
ENSG00000139613,0.7025362,1.6319509,0.9167958,0.35400516,1
ENSG00000111319,0.21175745,-0.61978877,0.94691783,1.0,1
ENSG00000111319,0.21175747,-0.61978877,0.94691783,1.0,1
ENSG00000111319,0.21175747,-0.61978877,0.94691783,1.0,1
ENSG00000114812,1.1788881,-0.61978877,0.8933359,1.0,1
ENSG00000198952,1.408079,1.5755342,0.87938684,1.0,1
ENSG00000198952,1.408079,1.5755342,0.87938684,1.0,1
ENSG00000198952,1.408079,1.5755342,0.87938684,1.0,1
ENSG00000156535,1.0199223,-0.88605666,0.85427463,1.0,1
ENSG00000133321,0.51504415,-0.30980393,0.9327413,1.0,1
ENSG00000133321,0.5150441,-0.30980393,0.9327413,1.0,1
ENSG00000130304,1.1342493,0.1172713,0.8850535,1.0,1
ENSG00000122483,1.7441902,1.2400497,0.8099337,1.0,1
ENSG00000122483,1.7441903,1.2400497,0.8099337,1.0,1
ENSG00000172057,1.2545197,1.5855736,0.89562124,1.0,1
ENSG00000205236,0.25860184,-0.7212464,0.94142956,1.0,1
ENSG00000086061,1.0134349,2.1338582,0.89565253,1.0,1
ENSG00000086061,1.0134349,2.1338582,0.89565253,1.0,1
ENSG00000086061,1.0134349,2.1338582,0.89565253,1.0,1
ENSG00000047315,1.600085,2.1932638,0.81531626,1.0,1
ENSG00000047315,1.600085,2.1932638,0.81531626,1.0,1
ENSG00000047315,1.600085,2.1932638,0.81531626,1.0,1
ENSG00000047315,1.600085,2.1932638,0.81531626,1.0,1
ENSG00000047315,1.600085,2.1932638,0.81531626,1.0,1
ENSG00000047315,1.6000849,2.1932638,0.81531626,1.0,1
ENSG00000047315,1.600085,2.1932638,0.81531626,0.0,1
ENSG00000047315,1.600085,2.1932638,0.81531626,0.7831654,1
ENSG00000137103,1.2009099,0.2966652,0.8955073,1.0,1
ENSG00000137103,1.2009099,0.2966652,0.8955073,1.0,1
ENSG00000137103,1.2009099,0.2966652,0.8955073,1.0,1
ENSG00000137103,1.20091,0.2966652,0.8955073,1.0,1
ENSG00000137103,1.2009099,0.2966652,0.8955073,1.0,1
ENSG00000100403,1.3146029,1.2482185,0.8687175,1.0,1
ENSG00000101596,1.1251844,1.746712,0.88475966,1.0,1
ENSG00000101596,1.1251844,1.746712,0.88475966,1.0,1
ENSG00000101596,1.1251845,1.746712,0.88475966,1.0,1
ENSG00000101596,1.1251843,1.746712,0.88475966,1.0,1
ENSG00000101596,1.1251844,1.746712,0.88475966,0.021551725,1
ENSG00000101596,1.1251844,1.746712,0.88475966,0.021551725,1
ENSG00000101596,1.1251844,1.746712,0.88475966,0.021551725,1
ENSG00000065308,1.1004775,0.81291336,0.8726184,1.0,1
ENSG00000156384,1.5210652,0.69810057,0.86053693,1.0,1
ENSG00000067064,1.3329134,2.28416,0.889375,1.0,1
ENSG00000067064,1.3329134,2.28416,0.889375,1.0,1
ENSG00000067064,1.3329134,2.28416,0.889375,1.0,1
ENSG00000067064,1.3329135,2.28416,0.889375,0.8615303,1
ENSG00000126562,0.6510759,0.7176705,0.91862494,1.0,1
ENSG00000126562,0.6510759,0.7176705,0.91862494,1.0,1
ENSG00000126562,0.65107584,0.7176705,0.91862494,1.0,1
ENSG00000119514,0.8183613,1.8222989,0.9032677,1.0,1
ENSG00000204634,0.9626534,-0.0043648053,0.87782234,1.0,1
ENSG00000117139,1.3947738,1.7192484,0.8486252,1.0,1
ENSG00000100890,1.2588354,1.4496326,0.8577755,1.0,1
ENSG00000100890,1.2588354,1.4496326,0.8577755,1.0,1
ENSG00000100890,1.2588353,1.4496326,0.8577755,1.0,1
ENSG00000100890,1.2588353,1.4496326,0.8577755,1.0,1
ENSG00000100890,1.2588353,1.4496326,0.8577755,0.8326289,1
ENSG00000120899,0.8444946,1.3609719,0.91134936,1.0,1
ENSG00000120899,0.84449476,1.3609719,0.91134936,1.0,1
ENSG00000120899,0.8444947,1.3609719,0.91134936,0.8305933,1
ENSG00000091483,1.5202403,2.214897,0.8434987,1.0,1
ENSG00000091483,1.5202403,2.214897,0.8434987,1.0,1
ENSG00000091483,1.5202404,2.214897,0.8434987,1.0,1
ENSG00000011052,1.1758919,1.0437552,0.89119524,1.0,1
ENSG00000011052,1.1758918,1.0437552,0.89119524,1.0,1
ENSG00000011052,1.1758919,1.0437552,0.89119524,0.0,1
ENSG00000076984,1.3823137,1.0831442,0.9028645,1.0,1
ENSG00000076984,1.3823136,1.0831442,0.9028645,1.0,1
ENSG00000076984,1.3823137,1.0831442,0.9028645,0.726087,1
ENSG00000076984,1.3823137,1.0831442,0.9028645,0.06877729,1
ENSG00000166949,1.171627,1.1658376,0.86834455,1.0,1
ENSG00000166949,1.171627,1.1658376,0.86834455,1.0,1
ENSG00000166949,1.1716272,1.1658376,0.86834455,1.0,1
ENSG00000166949,1.171627,1.1658376,0.86834455,1.0,1
ENSG00000166949,1.171627,1.1658376,0.86834455,1.0,1
ENSG00000166949,1.171627,1.1658376,0.86834455,1.0,1
ENSG00000160284,-0.051354513,1.06032,0.94948363,1.0,1
ENSG00000160284,-0.051354505,1.06032,0.94948363,0.02282704,1
ENSG00000103479,1.2372733,1.8020892,0.8906942,1.0,1
ENSG00000103479,1.2372732,1.8020892,0.8906942,0.47381485,1
ENSG00000140395,1.8419949,2.1770167,0.85530174,1.0,1
ENSG00000140395,1.8419949,2.1770167,0.85530174,1.0,1
ENSG00000140395,1.841995,2.1770167,0.85530174,1.0,1
ENSG00000140395,1.841995,2.1770167,0.85530174,1.0,1
ENSG00000140395,1.8419949,2.1770167,0.85530174,1.0,1
ENSG00000140395,1.8419949,2.1770167,0.85530174,1.0,1
ENSG00000140395,1.841995,2.1770167,0.85530174,1.0,1
ENSG00000140395,1.8419949,2.1770167,0.85530174,1.0,1
ENSG00000140395,1.8419949,2.1770167,0.85530174,1.0,1
ENSG00000140395,1.841995,2.1770167,0.85530174,1.0,1
ENSG00000117713,0.5541917,1.198657,0.90911967,1.0,1
ENSG00000117713,0.5541917,1.198657,0.90911967,1.0,1
ENSG00000146109,1.4772161,1.5653754,0.88438004,1.0,1
ENSG00000035499,1.350943,1.7120601,0.8479359,1.0,1
ENSG00000035499,1.3509431,1.7120601,0.8479359,0.7638972,1
ENSG00000035499,1.3509429,1.7120601,0.8479359,0.014558332,1
ENSG00000035499,1.350943,1.7120601,0.8479359,0.0019924287,1
ENSG00000114554,-0.2857522,1.5731038,0.9500897,1.0,1
ENSG00000114554,-0.28575224,1.5731038,0.9500897,1.0,1
ENSG00000139629,0.7076181,0.7937904,0.91143996,1.0,1
ENSG00000139629,0.7076182,0.7937904,0.91143996,1.0,1
ENSG00000139629,0.7076181,0.7937904,0.91143996,0.89329267,1
ENSG00000184232,1.1630741,0.7909885,0.88957363,1.0,1
ENSG00000184232,1.1630741,0.7909885,0.88957363,1.0,1
ENSG00000096654,1.0364885,1.0017337,0.88851464,1.0,1
ENSG00000067182,0.72138107,1.351603,0.9206053,1.0,1
ENSG00000067182,0.7213811,1.351603,0.9206053,0.9922929,1
ENSG00000067182,0.72138107,1.351603,0.9206053,0.99613154,1
ENSG00000141428,1.4752345,1.6324573,0.87582296,1.0,1
ENSG00000141428,1.4752345,1.6324573,0.87582296,1.0,1
ENSG00000141428,1.4752345,1.6324573,0.87582296,1.0,1
ENSG00000131148,1.4655299,1.5896145,0.8852657,1.0,1
ENSG00000131148,1.46553,1.5896145,0.8852657,0.9720955,1
ENSG00000090932,0.7050673,0.27184162,0.90788543,1.0,1
ENSG00000007168,1.4486358,1.6084191,0.8841281,1.0,1
ENSG00000007168,1.4486358,1.6084191,0.8841281,1.0,1
ENSG00000146757,1.0548084,0.9479236,0.86951303,0.8916914,1
ENSG00000146757,1.0548084,0.9479236,0.86951303,0.058064517,1
ENSG00000146757,1.0548084,0.9479236,0.86951303,0.33333334,1
ENSG00000146757,1.0548084,0.9479236,0.86951303,0.9852459,1
ENSG00000114790,0.82371795,-0.92081875,0.9033306,1.0,1
ENSG00000107164,1.7002443,1.4774107,0.8575023,1.0,1
ENSG00000107164,1.7002444,1.4774107,0.8575023,1.0,1
ENSG00000107164,1.7002443,1.4774107,0.8575023,1.0,1
ENSG00000107164,1.7002443,1.4774107,0.8575023,1.0,1
ENSG00000168610,1.154214,1.913284,0.8749798,1.0,1
ENSG00000168610,1.154214,1.913284,0.8749798,1.0,1
ENSG00000168610,1.154214,1.913284,0.8749798,1.0,1
ENSG00000168610,1.1542139,1.913284,0.8749798,1.0,1
ENSG00000168610,1.1542139,1.913284,0.8749798,0.99242425,1
ENSG00000168610,1.154214,1.913284,0.8749798,0.99973714,1
ENSG00000162642,1.2841854,1.4671639,0.88670194,1.0,1
ENSG00000162642,1.2841854,1.4671639,0.88670194,0.4226557,1
ENSG00000181523,0.4457404,0.45178643,0.93948066,1.0,1
ENSG00000181523,0.4457404,0.45178643,0.93948066,0.5828877,1
ENSG00000095564,1.553793,1.7922516,0.83681226,1.0,1
ENSG00000095564,1.5537927,1.7922516,0.83681226,1.0,1
ENSG00000095564,1.553793,1.7922516,0.83681226,1.0,1
ENSG00000164896,0.72877645,1.6710802,0.9336358,1.0,1
ENSG00000164896,0.7287765,1.6710802,0.9336358,0.99103945,1
ENSG00000117877,1.1899737,0.8530895,0.8900208,1.0,1
ENSG00000101199,1.358398,1.7181695,0.87440664,1.0,1
ENSG00000101199,1.3583981,1.7181695,0.8744066,0.99250466,1
ENSG00000101199,1.358398,1.7181695,0.87440664,0.9529221,1
ENSG00000101199,1.358398,1.7181695,0.8744066,0.011111111,1
ENSG00000101199,1.3583981,1.7181695,0.8744066,0.012964054,1
ENSG00000134970,1.27353,1.4878451,0.88388866,1.0,1
ENSG00000088356,1.831269,1.3184807,0.8755788,1.0,1
ENSG00000088356,1.8312688,1.3184807,0.8755788,1.0,1
ENSG00000088356,1.8312688,1.3184807,0.8755788,1.0,1
ENSG00000168894,1.6569529,2.50737,0.84728074,1.0,1
ENSG00000169682,1.1140388,1.11294,0.907018,1.0,1
ENSG00000169682,1.1140388,1.11294,0.907018,1.0,1
ENSG00000169682,1.1140388,1.11294,0.907018,0.92849404,1
ENSG00000008394,0.9758488,1.8624295,0.9059503,1.0,1
ENSG00000008394,0.9758487,1.8624295,0.90595025,0.9928535,1
ENSG00000008394,0.9758487,1.8624295,0.90595025,0.002157756,1
ENSG00000101132,1.64397,1.6816934,0.88549525,1.0,1
ENSG00000101132,1.6439703,1.6816934,0.88549525,1.0,1
ENSG00000181135,1.0420239,0.5352941,0.9065406,1.0,1
ENSG00000167657,0.8702623,1.326131,0.9165027,1.0,1
ENSG00000185344,1.2758244,1.8576943,0.8773287,1.0,1
ENSG00000185344,1.2758244,1.8576943,0.8773287,1.0,1
ENSG00000166268,-0.13046342,-0.9586073,0.928527,1.0,1
ENSG00000164010,1.4862378,1.2005769,0.8648396,1.0,1
ENSG00000239713,0.4429778,0.8893017,0.94129485,1.0,1
ENSG00000239713,0.4429778,0.8893017,0.94129485,1.0,1
ENSG00000239713,0.4429778,0.8893017,0.94129485,1.0,1
ENSG00000239713,0.44297785,0.8893017,0.94129485,1.0,1
ENSG00000239713,0.4429778,0.8893017,0.94129485,1.0,1
ENSG00000239713,0.4429778,0.8893017,0.94129485,0.94387,1
ENSG00000151208,0.67562485,0.91698,0.8881678,1.0,1
ENSG00000151208,0.6756248,0.91698,0.8881678,0.5102362,1
ENSG00000151208,0.6756248,0.91698,0.8881678,0.037037037,1
ENSG00000072135,1.4518332,1.6394864,0.8784328,1.0,1
ENSG00000072135,1.4518332,1.6394864,0.8784327,1.0,1
ENSG00000072135,1.451833,1.6394864,0.8784328,1.0,1
ENSG00000155368,1.6196864,2.0240338,0.8742176,1.0,1
ENSG00000155368,1.6196864,2.0240338,0.8742176,0.00058468134,1
ENSG00000155368,1.6196861,2.0240338,0.8742176,0.004561778,1
ENSG00000155368,1.6196862,2.0240338,0.87421757,0.0,1
ENSG00000174928,1.1102996,0.71180725,0.895228,1.0,1
ENSG00000186994,0.5458448,-0.79588,0.9274043,1.0,1
ENSG00000229809,1.1135057,0.27184162,0.8980117,1.0,1
ENSG00000229809,1.1135057,0.27184162,0.8980117,1.0,1
ENSG00000100209,1.6546807,0.91698,0.8682277,1.0,1
ENSG00000100209,1.6546807,0.91698,0.8682277,1.0,1
ENSG00000129315,1.2253311,1.5712428,0.8755778,1.0,1
ENSG00000129315,1.2253311,1.5712428,0.8755778,0.6581071,1
ENSG00000171953,0.65802294,0.9609462,0.9258331,1.0,1
ENSG00000171953,0.65802294,0.9609462,0.9258331,0.9010417,1
ENSG00000171953,0.65802294,0.9609462,0.9258331,0.87536234,1
ENSG00000137747,-0.30630577,-0.45593196,0.9487183,1.0,1
ENSG00000137747,-0.30630583,-0.45593196,0.9487183,1.0,1
ENSG00000137747,-0.30630583,-0.45593196,0.9487183,1.0,1
ENSG00000137747,-0.30630583,-0.45593196,0.9487183,1.0,1
ENSG00000137747,-0.30630583,-0.45593196,0.9487183,1.0,1
ENSG00000137747,-0.30630583,-0.45593196,0.9487183,1.0,1
ENSG00000137747,-0.30630583,-0.45593196,0.9487183,1.0,1
ENSG00000137747,-0.30630583,-0.45593196,0.9487183,1.0,1
ENSG00000137747,-0.30630583,-0.45593196,0.9487183,1.0,1
ENSG00000137747,-0.30630577,-0.45593196,0.9487183,1.0,1
ENSG00000137747,-0.30630583,-0.45593196,0.9487183,1.0,1
ENSG00000137747,-0.30630583,-0.45593196,0.9487183,1.0,1
ENSG00000163686,0.9870304,0.49968708,0.9008438,1.0,1
ENSG00000163686,0.9870305,0.49968708,0.9008438,0.4,1
ENSG00000100767,1.2022859,0.4593925,0.8801896,1.0,1
ENSG00000100767,1.2022858,0.4593925,0.8801896,1.0,1
ENSG00000100767,1.2022858,0.4593925,0.8801896,1.0,1
ENSG00000100767,1.2022858,0.4593925,0.8801896,1.0,1
ENSG00000100767,1.2022858,0.4593925,0.8801896,1.0,1
ENSG00000100767,1.2022858,0.4593925,0.8801896,1.0,1
ENSG00000100767,1.2022858,0.4593925,0.8801896,1.0,1
ENSG00000100767,1.2022858,0.4593925,0.8801896,0.0,1
ENSG00000100767,1.2022858,0.4593925,0.8801896,0.005988024,1
ENSG00000105248,1.7104021,1.0464952,0.8383579,1.0,1
ENSG00000147601,1.5701163,1.1625644,0.8549249,1.0,1
ENSG00000147601,1.5701163,1.1625644,0.8549249,0.3903846,1
ENSG00000174437,0.61625725,1.717504,0.9158723,1.0,1
ENSG00000174437,0.6162573,1.717504,0.9158723,1.0,1
ENSG00000174437,0.6162573,1.717504,0.9158723,0.9757876,1
ENSG00000174437,0.6162573,1.717504,0.9158723,0.039647575,1
ENSG00000101049,0.41268784,-0.26760623,0.928409,1.0,1
ENSG00000101049,0.41268784,-0.26760623,0.928409,1.0,1
ENSG00000129250,0.7507129,1.2489536,0.9097617,1.0,1
ENSG00000114796,0.8248284,1.1306554,0.9085731,1.0,1
ENSG00000114796,0.8248284,1.1306554,0.9085731,0.41439477,1
ENSG00000177791,0.9164245,-0.79588,0.9216394,1.0,1
ENSG00000177791,0.91642463,-0.79588,0.9216394,1.0,1
ENSG00000177791,0.91642475,-0.79588,0.9216394,1.0,1
ENSG00000154174,1.4035835,1.5732198,0.87590677,1.0,1
ENSG00000154174,1.4035835,1.5732198,0.87590677,1.0,1
ENSG00000154174,1.4035834,1.5732198,0.87590677,1.0,1
ENSG00000154174,1.4035834,1.5732198,0.87590677,1.0,1
ENSG00000154174,1.4035834,1.5732198,0.87590677,1.0,1
ENSG00000154174,1.4035834,1.5732198,0.87590677,1.0,1
ENSG00000154174,1.4035834,1.5732198,0.87590677,1.0,1
ENSG00000154174,1.4035834,1.5732198,0.87590677,1.0,1
ENSG00000171747,0.83326685,-0.49485,0.91583806,1.0,1
ENSG00000171747,0.83326685,-0.49485,0.91583806,1.0,1
ENSG00000171747,0.83326685,-0.49485,0.91583806,1.0,1
ENSG00000130638,0.9751172,2.1444185,0.8949596,1.0,1
ENSG00000130638,0.9751171,2.1444185,0.8949596,1.0,1
ENSG00000130638,0.9751172,2.1444185,0.8949596,0.9950372,1
ENSG00000115310,0.76977694,2.053578,0.8945999,1.0,1
ENSG00000115310,0.76977706,2.053578,0.8945999,0.42436975,1
ENSG00000115310,0.76977706,2.053578,0.8945999,0.1355094,1
ENSG00000172954,1.1353815,1.2013972,0.86026,0.022134388,1
ENSG00000172954,1.1353816,1.2013972,0.86026,0.046831954,1
ENSG00000196943,1.1999625,0.94939,0.90126765,1.0,1
ENSG00000113073,0.18419991,-0.82390875,0.9447312,1.0,1
ENSG00000113073,0.18419996,-0.82390875,0.9447312,1.0,1
ENSG00000105835,0.9855461,1.8743658,0.8958439,1.0,1
ENSG00000105835,0.985546,1.8743658,0.8958439,1.0,1
ENSG00000119729,1.0917089,1.2372923,0.9058058,1.0,1
ENSG00000119729,1.0917089,1.2372923,0.9058058,1.0,1
ENSG00000108733,1.3700776,0.95085144,0.88048583,1.0,1
ENSG00000104894,0.25721163,0.51587385,0.94530404,1.0,1
ENSG00000136938,0.9637283,2.042536,0.9003598,1.0,1
ENSG00000113712,1.6828351,2.1002326,0.85364145,1.0,1
ENSG00000113712,1.6828351,2.1002326,0.85364145,1.0,1
ENSG00000113712,1.6828351,2.1002326,0.85364145,1.0,1
ENSG00000070610,1.1153634,1.5948343,0.87836295,1.0,1
ENSG00000176946,1.142395,1.3666097,0.8788011,1.0,1
ENSG00000176946,1.142395,1.3666097,0.8788011,1.0,1
ENSG00000176946,1.142395,1.3666097,0.8788011,1.0,1
ENSG00000135845,0.94854254,1.6721903,0.9274479,1.0,1
ENSG00000197498,1.7686812,1.820858,0.84294266,1.0,1
ENSG00000197498,1.7686813,1.820858,0.84294266,0.7847279,1
ENSG00000125735,0.31878895,-0.43179828,0.93602675,1.0,1
ENSG00000163617,0.5768564,-0.3767507,0.9165659,1.0,1
ENSG00000136840,1.0860391,1.1238517,0.90633893,1.0,1
ENSG00000136840,1.086039,1.1238517,0.90633893,1.0,1
ENSG00000136840,1.0860391,1.1238517,0.90633893,1.0,1
ENSG00000150773,1.4129671,0.350248,0.8825365,1.0,1
ENSG00000113812,0.323386,1.1055102,0.9310763,1.0,1
ENSG00000166797,1.8376927,2.26238,0.85004586,1.0,1
ENSG00000166797,1.8376929,2.26238,0.85004586,1.0,1
ENSG00000166797,1.8376927,2.26238,0.85004586,0.51077485,1
ENSG00000125166,1.410039,1.6043341,0.8888788,1.0,1
ENSG00000125166,1.410039,1.6043341,0.8888789,1.0,1
ENSG00000119397,1.2570864,1.32695,0.86352336,1.0,1
ENSG00000119397,1.2570864,1.32695,0.86352336,1.0,1
ENSG00000119397,1.2570865,1.32695,0.86352336,1.0,1
ENSG00000137871,1.2414687,1.1401937,0.8651283,1.0,1
ENSG00000137871,1.2414687,1.1401937,0.8651283,0.07751938,1
ENSG00000137871,1.2414684,1.1401937,0.8651283,0.11034483,1
ENSG00000137871,1.2414687,1.1401937,0.8651283,0.99752784,1
ENSG00000137871,1.2414687,1.1401937,0.8651283,0.9925926,1
ENSG00000140577,1.1368135,1.09691,0.8748317,1.0,1
ENSG00000140577,1.1368135,1.09691,0.8748317,1.0,1
ENSG00000164823,0.76105714,1.2819419,0.9022766,1.0,1
ENSG00000153975,0.43234444,1.4631461,0.9332068,1.0,1
ENSG00000153975,0.43234444,1.4631461,0.9332068,1.0,1
ENSG00000153975,0.43234438,1.4631461,0.9332068,1.0,1
ENSG00000100505,1.0676587,-0.88605666,0.87804,1.0,1
ENSG00000148204,0.35295355,-0.55284196,0.92699903,1.0,1
ENSG00000141582,0.65479016,0.9344984,0.9313014,1.0,1
ENSG00000141582,0.65479016,0.9344984,0.9313014,1.0,1
ENSG00000141582,0.6547901,0.9344984,0.9313014,1.0,1
ENSG00000146592,0.20373376,-0.4089354,0.93163174,1.0,1
ENSG00000139626,0.65761673,0.029383779,0.92870635,1.0,1
ENSG00000102174,1.0797415,-0.92081875,0.8727903,1.0,1
ENSG00000102174,1.0797415,-0.92081875,0.8727903,1.0,1
ENSG00000105750,0.9327806,0.21484385,0.8718697,1.0,1
ENSG00000171604,0.42367262,1.5905075,0.92191756,1.0,1
ENSG00000171604,0.42367262,1.5905075,0.92191744,1.0,1
ENSG00000131446,0.5009925,1.5772619,0.9187617,1.0,1
ENSG00000164221,1.3247952,0.39967373,0.8671043,1.0,1
ENSG00000164221,1.3247952,0.39967373,0.8671043,1.0,1
ENSG00000164221,1.3247952,0.39967373,0.8671043,1.0,1
ENSG00000166200,1.5738909,1.8992184,0.8611634,1.0,1
ENSG00000143376,0.65425265,1.0273496,0.91866916,1.0,1
ENSG00000143376,0.65425265,1.0273496,0.91866916,1.0,1
ENSG00000080608,1.5724062,1.5010593,0.8309013,1.0,1
ENSG00000136240,1.1593839,2.0493731,0.91501296,1.0,1
ENSG00000136240,1.1593839,2.0493731,0.91501296,1.0,1
ENSG00000136240,1.1593839,2.0493731,0.91501296,0.79676974,1
ENSG00000161202,1.1348797,1.2805784,0.9015028,1.0,1
ENSG00000166595,2.024813,2.0856116,0.86736715,1.0,1
ENSG00000169592,1.7857695,1.2695129,0.8406866,1.0,1
ENSG00000169592,1.7857695,1.2695129,0.8406866,1.0,1
ENSG00000169592,1.7857692,1.2695129,0.8406866,0.79858655,1
ENSG00000169592,1.7857695,1.2695129,0.8406866,0.5403226,1
ENSG00000169592,1.7857695,1.2695129,0.8406866,0.71244633,1
ENSG00000111644,0.65864056,1.218798,0.9263547,1.0,1
ENSG00000129636,1.2941495,1.7702627,0.859369,1.0,1
ENSG00000077585,1.1768274,-0.6777807,0.89232373,1.0,1
ENSG00000174705,0.7639555,-0.82390875,0.89785933,1.0,1
ENSG00000204209,1.2744684,1.3378584,0.8748241,1.0,1
ENSG00000204209,1.2744684,1.3378584,0.8748241,1.0,1
ENSG00000204209,1.2744684,1.3378584,0.8748242,1.0,1
ENSG00000204209,1.2744684,1.3378584,0.8748241,1.0,1
ENSG00000116539,0.9396378,1.1436392,0.87615824,1.0,1
ENSG00000116539,0.93963766,1.1436392,0.87615824,1.0,1
ENSG00000115112,1.3726194,-0.45593196,0.86019015,1.0,1
ENSG00000124116,1.6814928,-0.88605666,0.85755515,1.0,1
ENSG00000124116,1.6814928,-0.88605666,0.85755515,1.0,1
ENSG00000096070,0.5419545,0.8444772,0.9189766,1.0,1
ENSG00000101266,1.3601378,1.993965,0.8874043,1.0,1
ENSG00000101266,1.3601378,1.993965,0.8874043,0.96609193,1
ENSG00000101266,1.3601378,1.993965,0.8874043,0.41293532,1
ENSG00000101266,1.3601377,1.993965,0.8874043,0.8958333,1
ENSG00000041802,1.6049931,1.6168954,0.85566086,1.0,1
ENSG00000041802,1.6049931,1.6168954,0.85566086,1.0,1
ENSG00000198874,1.4100329,1.2221961,0.8487638,1.0,1
ENSG00000198874,1.4100329,1.2221961,0.8487638,1.0,1
ENSG00000198874,1.4100329,1.2221961,0.8487638,0.9456119,1
ENSG00000250264,1.3065557,-0.4089354,0.8578328,1.0,1
ENSG00000204628,1.9272473,3.5796716,0.8408239,1.0,1
ENSG00000204628,1.9272474,3.5796716,0.8408239,1.0,1
ENSG00000119772,0.8616384,0.5693739,0.88661927,1.0,1
ENSG00000119772,0.86163837,0.5693739,0.88661927,1.0,1
ENSG00000119772,0.8616384,0.5693739,0.88661927,0.01438849,1
ENSG00000085231,1.4093902,1.9846623,0.8802837,1.0,1
ENSG00000085231,1.4093902,1.9846623,0.8802837,1.0,1
ENSG00000085231,1.4093902,1.9846623,0.8802837,1.0,1
ENSG00000188211,0.8590832,1.2657609,0.9080077,1.0,1
ENSG00000188211,0.8590832,1.2657609,0.9080077,1.0,1
ENSG00000174953,1.524899,1.852602,0.8367411,1.0,1
ENSG00000174953,1.5248991,1.852602,0.8367411,0.9505882,1
ENSG00000174953,1.524899,1.852602,0.8367411,0.7565558,1
ENSG00000163539,1.5284522,1.7298125,0.842313,1.0,1
ENSG00000162851,1.60429,1.6788824,0.8709998,1.0,1
ENSG00000204130,1.5019938,1.0232525,0.85662735,1.0,1
ENSG00000204130,1.5019937,1.0232525,0.85662735,1.0,1
ENSG00000182871,1.002484,0.9375179,0.8956962,1.0,1
ENSG00000169689,1.0965769,2.1456003,0.9190556,1.0,1
ENSG00000169689,1.0965769,2.1456003,0.9190556,1.0,1
ENSG00000169689,1.0965769,2.1456003,0.9190556,1.0,1
ENSG00000169689,1.0965768,2.1456003,0.91905564,1.0,1
ENSG00000169689,1.0965769,2.1456003,0.9190556,1.0,1
ENSG00000169689,1.0965769,2.1456003,0.9190556,1.0,1
ENSG00000169689,1.0965769,2.1456003,0.9190556,1.0,1
ENSG00000169689,1.0965769,2.1456003,0.9190556,1.0,1
ENSG00000169689,1.0965769,2.1456003,0.91905564,0.16596736,1
ENSG00000169689,1.0965769,2.1456003,0.9190556,0.70225513,1
ENSG00000182670,1.341041,1.6168954,0.857085,1.0,1
ENSG00000182670,1.3410411,1.6168954,0.857085,0.7588235,1
ENSG00000137692,1.1863949,2.011232,0.89119756,1.0,1
ENSG00000137692,1.1863949,2.011232,0.89119756,1.0,1
ENSG00000164332,1.0205932,1.2669369,0.8783321,1.0,1
ENSG00000164332,1.0205933,1.2669369,0.8783321,1.0,1
ENSG00000168818,1.6405351,1.2655253,0.8590529,1.0,1
ENSG00000136521,1.8163242,1.9242793,0.85408694,1.0,1
ENSG00000136521,1.8163242,1.9242793,0.85408694,0.94213504,1
ENSG00000136521,1.8163242,1.9242793,0.85408694,0.96137625,1
ENSG00000136521,1.8163242,1.9242793,0.85408694,0.5506329,1
ENSG00000136521,1.8163242,1.9242793,0.85408694,0.99719924,1
ENSG00000164362,0.7795321,0.24551266,0.8970974,1.0,1
ENSG00000186642,0.9563942,0.8954225,0.8821874,1.0,1
ENSG00000134765,0.34814203,-0.9586073,0.9192845,1.0,1
ENSG00000134765,0.34814203,-0.9586073,0.9192845,1.0,1
ENSG00000134765,0.3481421,-0.9586073,0.9192845,1.0,1
ENSG00000134765,0.3481421,-0.9586073,0.9192845,1.0,1
ENSG00000134765,0.3481421,-0.9586073,0.9192845,1.0,1
ENSG00000134765,0.34814203,-0.9586073,0.9192845,1.0,1
ENSG00000107821,1.0010717,0.6364879,0.91647696,1.0,1
ENSG00000107821,1.0010716,0.6364879,0.91647696,1.0,1
ENSG00000107821,1.0010716,0.6364879,0.91647696,1.0,1
ENSG00000168026,1.0986152,-0.10237291,0.89369166,1.0,1
ENSG00000168026,1.0986152,-0.10237291,0.89369166,1.0,1
ENSG00000118514,0.21415274,-0.85387194,0.9300378,1.0,1
ENSG00000118514,0.21415274,-0.85387194,0.9300378,1.0,1
ENSG00000118514,0.21415274,-0.85387194,0.9300378,1.0,1
ENSG00000010030,1.2957549,-0.88605666,0.8764516,1.0,1
ENSG00000010030,1.2957549,-0.88605666,0.8764516,1.0,1
ENSG00000122068,1.4851844,1.6681995,0.87299544,1.0,1
ENSG00000139370,1.0547341,1.2070955,0.87559617,1.0,1
ENSG00000139370,1.054734,1.2070955,0.87559617,0.65,1
ENSG00000106105,1.4293561,2.6020164,0.8783775,1.0,1
ENSG00000143162,0.90816844,2.3299265,0.9256,1.0,1
ENSG00000143162,0.90816844,2.3299265,0.9256,1.0,1
ENSG00000168906,1.2804588,2.8064716,0.88739175,1.0,1
ENSG00000087074,1.203368,1.5919546,0.87824047,1.0,1
ENSG00000132510,0.24987824,-0.20760831,0.94531775,1.0,1
ENSG00000168502,0.3536592,0.9652017,0.8833497,1.0,1
ENSG00000131711,0.59090704,0.72181064,0.9027621,1.0,1
ENSG00000099795,1.6479251,2.1148777,0.88433844,1.0,1
ENSG00000067836,1.5127792,1.1065309,0.874333,1.0,1
ENSG00000067836,1.5127792,1.1065309,0.874333,1.0,1
ENSG00000067836,1.5127791,1.1065309,0.874333,1.0,1
ENSG00000067836,1.5127792,1.1065309,0.874333,1.0,1
ENSG00000067836,1.5127792,1.1065309,0.874333,1.0,1
ENSG00000067836,1.5127792,1.1065309,0.874333,1.0,1
ENSG00000067836,1.5127791,1.1065309,0.874333,1.0,1
ENSG00000067836,1.5127792,1.1065309,0.874333,0.4239766,1
ENSG00000125148,1.1715585,1.1746413,0.93632877,1.0,1
ENSG00000125148,1.1715585,1.1746413,0.93632877,1.0,1
ENSG00000116852,1.1963918,0.9642596,0.8843492,1.0,1
ENSG00000116852,1.1963919,0.9642596,0.8843492,0.24565469,1
ENSG00000126010,0.3430832,-0.79588,0.9236355,1.0,1
ENSG00000107954,1.0728532,-0.5850267,0.8899034,1.0,1
ENSG00000107954,1.0728531,-0.5850267,0.8899034,1.0,1
ENSG00000107954,1.0728531,-0.5850267,0.8899034,1.0,1
ENSG00000107954,1.0728531,-0.5850267,0.8899034,1.0,1
ENSG00000244115,1.2561876,0.76192784,0.88789505,1.0,1
ENSG00000180776,1.6991003,1.0707765,0.85438526,1.0,1
ENSG00000180776,1.6991003,1.0707765,0.85438526,1.0,1
ENSG00000180776,1.6991003,1.0707765,0.85438526,1.0,1
ENSG00000180776,1.6991003,1.0707765,0.85438526,0.6478261,1
ENSG00000180776,1.6991001,1.0707765,0.85438526,0.8610635,1
ENSG00000105258,1.8275111,1.3558345,0.89040226,1.0,1
ENSG00000105258,1.8275111,1.3558345,0.8904022,0.9340021,1
ENSG00000179750,0.2059137,1.3467441,0.9353156,1.0,1
ENSG00000179750,0.20591365,1.3467441,0.9353156,1.0,1
ENSG00000130669,0.9930022,0.85733247,0.8854899,1.0,1
ENSG00000130669,0.9930022,0.85733247,0.8854899,1.0,1
ENSG00000130669,0.9930022,0.85733247,0.8854899,1.0,1
ENSG00000130669,0.9930022,0.85733247,0.8854899,1.0,1
ENSG00000130669,0.9930022,0.85733247,0.8854899,1.0,1
ENSG00000130669,0.9930022,0.85733247,0.8854899,0.040650405,1
ENSG00000130669,0.9930022,0.85733247,0.8854899,0.4262561,1
ENSG00000130669,0.9930022,0.85733247,0.8854899,0.014981274,1
ENSG00000130669,0.9930022,0.85733247,0.8854899,0.5818584,1
ENSG00000130669,0.99300206,0.85733247,0.8854899,0.49329758,1
ENSG00000138231,1.1867135,0.8785218,0.8804739,1.0,1
ENSG00000140983,1.4766145,2.0492957,0.8915655,1.0,1
ENSG00000140983,1.4766144,2.0492957,0.8915655,1.0,1
ENSG00000140983,1.4766144,2.0492957,0.8915655,1.0,1
ENSG00000140983,1.4766145,2.0492957,0.8915655,0.91107047,1
ENSG00000102606,1.5653774,1.209783,0.8630778,0.96676165,1
ENSG00000102606,1.5653772,1.209783,0.8630778,0.96704334,1
ENSG00000102606,1.5653772,1.209783,0.8630778,0.9721116,1
ENSG00000151229,0.7620084,0.770852,0.89595574,1.0,1
ENSG00000151229,0.7620084,0.770852,0.89595574,1.0,1
ENSG00000114904,0.45531696,1.1312978,0.922003,1.0,1
ENSG00000114904,0.45531696,1.1312978,0.922003,0.1672355,1
ENSG00000114904,0.45531696,1.1312978,0.922003,0.2738496,1
ENSG00000114904,0.45531696,1.1312978,0.922003,1.0,1
ENSG00000014216,0.81658447,1.892039,0.9233177,1.0,1
ENSG00000014216,0.8165844,1.892039,0.9233177,1.0,1
ENSG00000100994,1.2624712,0.7979596,0.87230825,1.0,1
ENSG00000162511,0.47751486,2.2565975,0.9336373,1.0,1
ENSG00000162511,0.47751486,2.2565975,0.9336373,1.0,1
ENSG00000162511,0.4775148,2.2565975,0.9336373,1.0,1
ENSG00000151327,1.1707041,1.4149734,0.8902589,1.0,1
ENSG00000151327,1.1707041,1.4149734,0.8902589,1.0,1
ENSG00000117118,1.5671619,2.5982213,0.86654913,1.0,1
ENSG00000117118,1.5671618,2.5982213,0.86654913,1.0,1
ENSG00000160446,0.64612585,1.1928461,0.9411013,1.0,1
ENSG00000160446,0.6461259,1.1928461,0.9411013,1.0,1
ENSG00000160446,0.64612585,1.1928461,0.9411013,1.0,1
ENSG00000213760,1.5900885,0.053078443,0.87523013,1.0,1
ENSG00000186026,0.9530269,-0.85387194,0.89550424,1.0,1
ENSG00000186026,0.95302695,-0.85387194,0.89550424,1.0,1
ENSG00000257727,1.5585538,2.1634,0.84511703,1.0,1
ENSG00000120992,1.1254065,2.2266772,0.8874561,1.0,1
ENSG00000120992,1.1254063,2.2266772,0.8874561,0.97512,1
ENSG00000120992,1.1254064,2.2266772,0.8874561,0.9656365,1
ENSG00000101298,0.13295059,0.041392684,0.94713086,1.0,1
ENSG00000101298,0.13295053,0.041392684,0.94713086,1.0,1
ENSG00000006638,0.8397236,0.4756712,0.8935421,1.0,1
ENSG00000127948,1.2682122,1.5260807,0.8673982,1.0,1
ENSG00000108523,1.8507745,1.5856863,0.85043246,1.0,1
ENSG00000154845,1.0373726,2.0187838,0.87602514,1.0,1
ENSG00000164953,1.4778507,0.7242759,0.8599137,1.0,1
ENSG00000164953,1.4778504,0.7242759,0.8599137,0.019736841,1
ENSG00000104856,1.1269674,-0.49485,0.8918208,1.0,1
ENSG00000104856,1.1269674,-0.49485,0.8918208,1.0,1
ENSG00000104856,1.1269674,-0.49485,0.8918208,1.0,1
ENSG00000121039,1.08254,1.6543691,0.911292,1.0,1
ENSG00000121039,1.0825402,1.6543691,0.911292,1.0,1
ENSG00000130827,0.9558568,1.2307043,0.9041072,1.0,1
ENSG00000143772,0.5985903,-0.9586073,0.8719607,1.0,1
ENSG00000189007,1.720751,1.6336704,0.8640454,1.0,1
ENSG00000101745,0.6850706,0.95085144,0.89284694,1.0,1
ENSG00000101745,0.6850705,0.95085144,0.89284694,0.34153005,1
ENSG00000101745,0.6850706,0.95085144,0.8928469,0.0076190475,1
ENSG00000172661,1.3779304,1.1841234,0.8766378,1.0,1
ENSG00000172661,1.3779304,1.1841234,0.8766378,0.9814385,1
ENSG00000172661,1.3779305,1.1841234,0.8766378,0.9814385,1
ENSG00000172661,1.3779304,1.1841234,0.8766378,0.96171695,1
ENSG00000172361,1.3564476,0.1818436,0.8485263,1.0,1
ENSG00000173545,1.2534273,1.1925675,0.88177454,1.0,1
ENSG00000204560,1.4104824,1.590619,0.8819941,1.0,1
ENSG00000204560,1.4104823,1.590619,0.8819941,1.0,1
ENSG00000182134,1.0947168,1.1812718,0.90603054,1.0,1
ENSG00000038427,0.38024276,-0.7695511,0.9291992,1.0,1
ENSG00000048342,-0.0029461943,-0.56863624,0.9368461,1.0,1
ENSG00000100220,1.1989105,2.022717,0.8937526,1.0,1
ENSG00000078401,0.91167897,-0.92081875,0.9185504,1.0,1
ENSG00000078401,0.911679,-0.92081875,0.9185504,1.0,1
ENSG00000078401,0.91167897,-0.92081875,0.9185504,1.0,1
ENSG00000171992,0.4730683,-0.92081875,0.9261548,1.0,1
ENSG00000166199,1.3416247,1.3346548,0.8718485,1.0,1
ENSG00000166199,1.3416247,1.3346548,0.8718485,0.5040577,1
ENSG00000166199,1.3416247,1.3346548,0.8718485,0.050086357,1
ENSG00000078070,0.613383,1.2619762,0.9150879,1.0,1
ENSG00000078070,0.61338305,1.2619762,0.9150879,0.99211645,1
ENSG00000078070,0.613383,1.2619762,0.915088,0.020359281,1
ENSG00000078070,0.61338305,1.2619762,0.9150879,0.97979796,1
ENSG00000078070,0.61338305,1.2619762,0.9150879,0.9407186,1
ENSG00000078070,0.613383,1.2619762,0.915088,0.9219219,1
ENSG00000122545,1.5894045,2.1290774,0.856472,1.0,1
ENSG00000122545,1.5894046,2.1290774,0.856472,0.91087264,1
ENSG00000154309,0.98581076,-0.9586073,0.8620401,1.0,1
ENSG00000154309,0.98581076,-0.9586073,0.8620401,1.0,1
ENSG00000154309,0.98581076,-0.9586073,0.8620401,1.0,1
ENSG00000154309,0.98581064,-0.9586073,0.8620401,1.0,1
ENSG00000152804,1.1541433,1.7580788,0.89316136,1.0,1
ENSG00000152804,1.1541433,1.7580788,0.89316136,1.0,1
ENSG00000152804,1.1541433,1.7580788,0.89316136,1.0,1
ENSG00000120438,1.3616523,2.3746018,0.8866962,1.0,1
ENSG00000120438,1.3616524,2.3746018,0.8866962,1.0,1
ENSG00000243696,0.13516332,-0.82390875,0.9423358,1.0,1
ENSG00000143761,1.3513808,2.579852,0.88367814,1.0,1
ENSG00000143761,1.3513807,2.579852,0.88367814,1.0,1
ENSG00000143761,1.3513808,2.579852,0.8836782,1.0,1
ENSG00000143761,1.3513808,2.579852,0.88367814,1.0,1
ENSG00000143761,1.3513808,2.579852,0.88367814,1.0,1
ENSG00000121774,1.2012302,1.6328621,0.88590455,1.0,1
ENSG00000121774,1.2012302,1.6328621,0.88590455,1.0,1
ENSG00000121774,1.2012303,1.6328621,0.88590455,0.98903704,1
ENSG00000136709,1.1517692,1.6395861,0.8704791,1.0,1
ENSG00000124380,1.4641027,1.6141587,0.86639947,1.0,1
ENSG00000124380,1.4641027,1.6141587,0.86639947,1.0,1
ENSG00000124380,1.4641026,1.6141587,0.86639947,1.0,1
ENSG00000124380,1.4641026,1.6141587,0.86639947,1.0,1
ENSG00000124380,1.4641027,1.6141587,0.8663996,1.0,1
ENSG00000072110,1.0973856,1.5101427,0.8791338,1.0,1
ENSG00000072110,1.0973856,1.5101427,0.8791338,1.0,1
ENSG00000072110,1.0973856,1.5101427,0.8791338,0.002302821,1
ENSG00000115091,1.2424024,2.369976,0.8843335,1.0,1
ENSG00000115091,1.2424024,2.369976,0.8843335,1.0,1
ENSG00000112874,0.5837429,1.267641,0.9051234,1.0,1
ENSG00000112874,0.5837429,1.267641,0.9051234,1.0,1
ENSG00000179409,0.7309801,1.1351327,0.90748,1.0,1
ENSG00000179409,0.73098016,1.1351327,0.90748,0.13535589,1
ENSG00000114744,0.6044543,1.6238693,0.91720706,1.0,1
ENSG00000114744,0.6044544,1.6238693,0.91720706,0.08241618,1
ENSG00000072518,0.8427576,1.0937718,0.9157515,1.0,1
ENSG00000072518,0.8427576,1.0937718,0.91575164,0.2464403,1
ENSG00000072518,0.8427576,1.0937718,0.9157515,0.1588367,1
ENSG00000072518,0.8427576,1.0937718,0.9157515,0.98558325,1
ENSG00000072518,0.84275764,1.0937718,0.9157515,0.94666666,1
ENSG00000143970,0.6177897,1.1061909,0.92215025,1.0,1
ENSG00000156587,1.316685,0.6608655,0.88703924,1.0,1
ENSG00000140795,0.34694457,0.5289167,0.9334129,1.0,1
ENSG00000140795,0.3469445,0.5289167,0.9334129,1.0,1
ENSG00000140795,0.34694457,0.5289167,0.9334129,1.0,1
ENSG00000159208,1.2157731,-0.61978877,0.8834213,1.0,1
ENSG00000196646,0.99439144,0.4756712,0.89642143,1.0,1
ENSG00000196646,0.99439144,0.4756712,0.89642143,0.86742425,1
ENSG00000197601,1.2653209,1.8058405,0.8799349,1.0,1
ENSG00000197601,1.265321,1.8058405,0.8799349,1.0,1
ENSG00000130479,0.59969556,0.9863238,0.91902727,1.0,1
ENSG00000157992,1.2772458,0.1271048,0.91334647,1.0,1
ENSG00000188290,1.0488611,0.8095597,0.9224576,1.0,1
ENSG00000188290,1.0488611,0.8095597,0.9224575,1.0,1
ENSG00000115942,1.6886092,1.1283993,0.85330826,1.0,1
ENSG00000158286,1.029592,1.0549959,0.9029648,1.0,1
ENSG00000158286,1.029592,1.0549959,0.9029648,1.0,1
ENSG00000158286,1.029592,1.0549959,0.9029648,1.0,1
ENSG00000158286,1.029592,1.0549959,0.9029648,1.0,1
ENSG00000158286,1.029592,1.0549959,0.9029648,1.0,1
ENSG00000158286,1.029592,1.0549959,0.9029648,1.0,1
ENSG00000158286,1.029592,1.0549959,0.9029648,1.0,1
ENSG00000158286,1.029592,1.0549959,0.9029648,1.0,1
ENSG00000158286,1.029592,1.0549959,0.9029648,1.0,1
ENSG00000118162,1.6102617,0.9068735,0.8780416,1.0,1
ENSG00000100014,1.0174747,1.069668,0.88479084,1.0,1
ENSG00000100014,1.0174747,1.069668,0.88479084,1.0,1
ENSG00000100014,1.0174747,1.069668,0.88479084,0.37892377,1
ENSG00000100014,1.0174747,1.069668,0.88479084,0.99327356,1
ENSG00000058668,0.49310488,1.4884096,0.91430795,1.0,1
ENSG00000058668,0.49310493,1.4884096,0.91430795,0.55417407,1
ENSG00000095261,1.0444262,2.0013442,0.899248,1.0,1
ENSG00000095261,1.0444263,2.0013442,0.899248,0.9946043,1
ENSG00000095261,1.0444262,2.0013442,0.899248,0.9989041,1
ENSG00000153201,1.0064903,1.3047059,0.8680118,1.0,1
ENSG00000143190,0.93179107,1.0433623,0.89774543,1.0,1
ENSG00000143190,0.93179107,1.0433623,0.89774543,1.0,1
ENSG00000143190,0.9317912,1.0433623,0.89774543,0.07692308,1
ENSG00000143190,0.9317911,1.0433623,0.89774543,0.18552037,1
ENSG00000143190,0.9317912,1.0433623,0.89774543,0.06355932,1
ENSG00000143190,0.93179107,1.0433623,0.89774543,0.9836956,1
ENSG00000143190,0.9317911,1.0433623,0.89774543,0.008156607,1
ENSG00000165943,0.98222494,0.9934362,0.9200553,1.0,1
ENSG00000130300,1.1461525,-0.17392519,0.8809805,1.0,1
ENSG00000130300,1.1461525,-0.17392519,0.8809805,1.0,1
ENSG00000171502,1.4630532,-0.88605666,0.83647686,1.0,1
ENSG00000171502,1.4630532,-0.88605666,0.83647686,1.0,1
ENSG00000171502,1.4630533,-0.88605666,0.83647686,1.0,1
ENSG00000178127,1.9232342,2.567344,0.856292,1.0,1
ENSG00000102974,0.92886883,1.3344537,0.8801162,1.0,1
ENSG00000142733,0.98404384,0.85248,0.9012968,1.0,1
ENSG00000142733,0.98404384,0.85248,0.9012968,1.0,1
ENSG00000021574,1.6116328,1.024075,0.855641,1.0,1
ENSG00000021574,1.6116328,1.024075,0.855641,1.0,1
ENSG00000021574,1.6116328,1.024075,0.855641,1.0,1
ENSG00000021574,1.6116328,1.024075,0.855641,1.0,1
ENSG00000104228,1.0424792,0.78675145,0.887826,1.0,1
ENSG00000104228,1.0424793,0.78675145,0.887826,0.93773586,1
ENSG00000104228,1.0424793,0.78675145,0.887826,0.94210523,1
ENSG00000103740,-0.1894422,0.12385164,0.9474905,1.0,1
ENSG00000101004,0.96571946,-0.88605666,0.88057023,1.0,1
ENSG00000101004,0.96571946,-0.88605666,0.88057023,1.0,1
ENSG00000101004,0.96571946,-0.88605666,0.88057023,1.0,1
ENSG00000101004,0.96571946,-0.88605666,0.88057023,1.0,1
ENSG00000004779,1.1591457,2.3464704,0.9046427,1.0,1
ENSG00000004779,1.1591457,2.3464704,0.9046427,1.0,1
ENSG00000004779,1.1591457,2.3464704,0.9046427,0.99628437,1
ENSG00000106948,0.31859386,0.2966652,0.9331883,1.0,1
ENSG00000106948,0.31859392,0.2966652,0.9331883,0.025423728,1
ENSG00000064652,1.5082315,0.5899496,0.856736,1.0,1
ENSG00000064652,1.5082315,0.5899496,0.856736,0.0,1
ENSG00000196705,0.9268111,1.357363,0.89062935,1.0,1
ENSG00000164252,1.0817258,1.1649474,0.8886825,1.0,1
ENSG00000162461,0.57258886,-0.48148605,0.9333158,1.0,1
ENSG00000178934,0.50898194,-0.88605666,0.9388421,1.0,1
ENSG00000178934,0.50898194,-0.88605666,0.9388421,1.0,1
ENSG00000101347,1.2994334,1.0326188,0.8711833,1.0,1
ENSG00000101347,1.2994335,1.0326188,0.8711833,1.0,1
ENSG00000137509,-0.03838589,1.5153439,0.9292312,1.0,1
ENSG00000137509,-0.0383859,1.5153439,0.9292312,0.8664098,1
ENSG00000187997,-0.14325626,1.1034616,0.9495496,1.0,1
ENSG00000187997,-0.14325628,1.1034616,0.9495496,1.0,1
ENSG00000187997,-0.14325629,1.1034616,0.9495496,1.0,1
ENSG00000187997,-0.14325629,1.1034616,0.9495496,1.0,1
ENSG00000108469,1.5573642,1.1583625,0.8319274,1.0,1
ENSG00000093183,1.5034105,1.6953065,0.8626517,1.0,1
ENSG00000093183,1.5034106,1.6953065,0.8626517,0.9790672,1
ENSG00000093183,1.5034105,1.6953065,0.8626517,0.035368804,1
ENSG00000104388,1.3988228,1.8533331,0.87359476,1.0,1
ENSG00000104388,1.3988228,1.8533331,0.87359476,1.0,1
ENSG00000104388,1.3988228,1.8533331,0.87359476,1.0,1
ENSG00000104388,1.3988228,1.8533331,0.87359476,1.0,1
ENSG00000104388,1.3988228,1.8533331,0.87359476,0.9982266,1
ENSG00000104388,1.3988227,1.8533331,0.87359476,0.27738473,1
ENSG00000146587,0.7034748,0.9106244,0.91667414,1.0,1
ENSG00000091542,0.9673954,1.6127839,0.8995124,1.0,1
ENSG00000198522,1.801925,1.8420473,0.84554535,1.0,1
ENSG00000160326,1.0698588,-0.65757734,0.9084671,1.0,1
ENSG00000167850,-0.12532839,-0.92081875,0.95330614,1.0,1
ENSG00000066294,-0.12086723,0.5831988,0.93014276,1.0,1
ENSG00000066294,-0.120867275,0.5831988,0.93014276,0.8632075,1
ENSG00000066294,-0.12086726,0.5831988,0.93014276,0.0,1
ENSG00000066294,-0.12086724,0.5831988,0.93014276,0.90697676,1
ENSG00000163568,0.78817904,-0.7695511,0.9056033,1.0,1
ENSG00000147419,1.5338564,1.2365372,0.88208455,1.0,1
ENSG00000147419,1.5338563,1.2365372,0.88208455,1.0,1
ENSG00000147419,1.5338563,1.2365372,0.88208455,0.99567634,1
ENSG00000147419,1.5338564,1.2365372,0.88208455,0.8380117,1
ENSG00000147419,1.5338563,1.2365372,0.88208455,0.7818713,1
ENSG00000147419,1.5338564,1.2365372,0.88208455,0.054385964,1
ENSG00000170946,1.4991689,1.2477279,0.86441034,1.0,1
ENSG00000170946,1.499169,1.2477279,0.8644103,1.0,1
ENSG00000170946,1.499169,1.2477279,0.86441034,0.06075217,1
ENSG00000136235,0.99440193,-0.60206,0.8891248,1.0,1
ENSG00000136235,0.99440193,-0.60206,0.8891248,1.0,1
ENSG00000102003,0.78070533,0.5658478,0.9306737,1.0,1
ENSG00000102003,0.78070533,0.5658478,0.9306737,1.0,1
ENSG00000102003,0.78070533,0.5658478,0.9306737,1.0,1
ENSG00000102003,0.78070533,0.5658478,0.9306737,1.0,1
ENSG00000102003,0.78070533,0.5658478,0.9306737,0.9894366,1
ENSG00000183426,-0.31085432,1.4483972,0.9456671,1.0,1
ENSG00000183426,-0.31085432,1.4483972,0.9456671,0.46980336,1
ENSG00000085185,0.30391985,0.075546965,0.93252647,1.0,1
ENSG00000198793,1.2129729,1.6205524,0.8779876,1.0,1
ENSG00000114770,1.1003224,1.4752352,0.8641579,1.0,1
ENSG00000114770,1.1003224,1.4752352,0.8641579,0.8330404,1
ENSG00000148832,0.5762902,0.5340261,0.9208782,0.0,1
ENSG00000148832,0.5762902,0.5340261,0.9208782,0.8680556,1
ENSG00000148832,0.5762902,0.5340261,0.9208782,0.9270833,1
ENSG00000131669,1.2385957,0.55145,0.89152527,1.0,1
ENSG00000131669,1.2385956,0.55145,0.89152527,1.0,1
ENSG00000131669,1.2385956,0.55145,0.89152527,0.0,1
ENSG00000197226,0.82076776,1.4976207,0.898023,1.0,1
ENSG00000197226,0.8207678,1.4976207,0.898023,1.0,1
ENSG00000197226,0.8207679,1.4976207,0.898023,1.0,1
ENSG00000197226,0.82076776,1.4976207,0.898023,0.45565748,1
ENSG00000071537,1.3091815,0.8122447,0.8220864,1.0,1
ENSG00000071537,1.3091815,0.8122447,0.82208645,1.0,1
ENSG00000139291,1.2136978,1.1619666,0.8778093,1.0,1
ENSG00000139291,1.2136978,1.1619666,0.8778093,1.0,1
ENSG00000090054,1.6070219,1.8347385,0.8458701,1.0,1
ENSG00000104312,1.4157001,1.2469907,0.8796018,1.0,1
ENSG00000104312,1.4157001,1.2469907,0.8796018,0.3451071,1
ENSG00000111012,0.40445817,0.5820634,0.9385473,1.0,1
ENSG00000163950,1.6983712,2.0828571,0.8686931,1.0,1
ENSG00000163950,1.6983712,2.0828571,0.8686931,0.97517455,1
ENSG00000163950,1.698371,2.0828571,0.8686931,0.11117007,1
ENSG00000177303,0.6815721,0.23552845,0.9236849,1.0,1
ENSG00000177303,0.6815722,0.23552845,0.9236849,1.0,1
ENSG00000141337,1.0032978,-0.036212172,0.8874682,1.0,1
ENSG00000141337,1.0032979,-0.036212172,0.8874682,1.0,1
ENSG00000141452,1.4145173,1.361539,0.8775895,1.0,1
ENSG00000141452,1.4145172,1.361539,0.8775895,0.93666667,1
ENSG00000166133,1.1038903,0.98677176,0.88188654,1.0,1
ENSG00000213853,0.5962853,0.67486113,0.92531216,1.0,1
ENSG00000213853,0.5962853,0.67486113,0.92531216,1.0,1
ENSG00000100084,1.5705261,1.7835463,0.8698783,1.0,1
ENSG00000078246,1.6136358,0.98587537,0.8666914,1.0,1
ENSG00000078246,1.6136357,0.98587537,0.8666914,0.9167604,1
ENSG00000078246,1.6136357,0.98587537,0.8666913,0.9943757,1
ENSG00000078246,1.6136355,0.98587537,0.8666914,0.9223847,1
ENSG00000078246,1.6136358,0.98587537,0.8666914,0.9943757,1
ENSG00000196455,0.78142023,1.542701,0.90554905,1.0,1
ENSG00000100722,1.0517892,1.9305925,0.8929716,1.0,1
ENSG00000100722,1.0517892,1.9305925,0.8929716,1.0,1
ENSG00000100722,1.0517893,1.9305925,0.8929717,1.0,1
ENSG00000213967,1.2906346,1.0530784,0.8450031,1.0,1
ENSG00000213967,1.2906346,1.0530784,0.8450031,1.0,1
ENSG00000213967,1.2906346,1.0530784,0.8450031,1.0,1
ENSG00000175697,1.0501858,-0.79588,0.86711305,1.0,1
ENSG00000088836,1.0836054,-0.2596373,0.91292256,1.0,1
ENSG00000132793,1.1565386,0.8350561,0.89495337,1.0,1
ENSG00000132793,1.1565385,0.8350561,0.89495337,1.0,1
ENSG00000136143,1.4858167,1.4536241,0.8763833,1.0,1
ENSG00000110851,0.67074454,1.1945144,0.9031088,1.0,1
ENSG00000078596,1.0019135,1.8047526,0.91915756,1.0,1
ENSG00000078596,1.0019137,1.8047526,0.91915756,1.0,1
ENSG00000078596,1.0019137,1.8047526,0.91915756,0.7400894,1
ENSG00000114859,1.24091,0.8337844,0.87980276,1.0,1
ENSG00000078369,1.1413351,2.3312044,0.87327844,1.0,1
ENSG00000078369,1.1413351,2.3312044,0.87327844,1.0,1
ENSG00000189050,1.5806003,1.3891661,0.84181064,1.0,1
ENSG00000189050,1.5806,1.3891661,0.84181064,0.26953748,1
ENSG00000070759,1.2713788,0.29003462,0.86798435,1.0,1
ENSG00000070759,1.2713788,0.29003462,0.86798435,1.0,1
ENSG00000070759,1.2713788,0.29003462,0.86798435,0.6342857,1
ENSG00000079950,1.7083552,1.4034637,0.86536646,1.0,1
ENSG00000079950,1.7083554,1.4034637,0.86536646,1.0,1
ENSG00000151353,1.9444491,1.2979792,0.86649936,1.0,1
ENSG00000113758,1.1199344,1.4886917,0.90804785,1.0,1
ENSG00000113758,1.1199343,1.4886917,0.90804785,1.0,1
ENSG00000113758,1.1199343,1.4886917,0.90804785,1.0,1
ENSG00000188215,0.9515387,0.3783979,0.8943114,1.0,1
ENSG00000132357,0.7029537,0.6414741,0.8834484,1.0,1
ENSG00000172831,1.3510741,1.0546131,0.8774767,1.0,1
ENSG00000197969,1.2467262,1.1726029,0.8627603,1.0,1
ENSG00000153786,1.2891773,1.4949889,0.89095324,1.0,1
ENSG00000153786,1.2891773,1.4949889,0.89095324,1.0,1
ENSG00000153786,1.2891773,1.4949889,0.89095324,0.022058824,1
ENSG00000104731,1.4577196,1.2935835,0.8794102,1.0,1
ENSG00000104731,1.4577196,1.2935835,0.8794102,1.0,1
ENSG00000104731,1.4577196,1.2935835,0.8794102,0.98630136,1
ENSG00000104731,1.4577194,1.2935835,0.8794102,0.8767123,1
ENSG00000171163,1.5192295,1.9259821,0.8861257,1.0,1
ENSG00000171163,1.5192295,1.9259821,0.8861257,1.0,1
ENSG00000171163,1.5192295,1.9259821,0.8861257,1.0,1
ENSG00000171163,1.5192295,1.9259821,0.8861257,0.9958833,1
ENSG00000171163,1.5192295,1.9259821,0.8861257,0.9802383,1
ENSG00000173812,1.8632234,2.3517964,0.8815991,1.0,1
ENSG00000173812,1.8632234,2.3517964,0.8815991,1.0,1
ENSG00000173812,1.8632233,2.3517964,0.8815991,0.09003601,1
ENSG00000109762,1.5136757,1.2509077,0.8121106,1.0,1
ENSG00000109762,1.5136757,1.2509077,0.81211054,1.0,1
ENSG00000109762,1.5136758,1.2509077,0.8121106,1.0,1
ENSG00000100211,1.667067,1.1492192,0.8539417,1.0,1
ENSG00000100211,1.667067,1.1492192,0.8539417,0.16543816,1
ENSG00000108395,1.6497239,1.3508292,0.83951586,1.0,1
ENSG00000108395,1.649724,1.3508292,0.83951586,0.91091955,1
ENSG00000108395,1.649724,1.3508292,0.83951586,0.08201058,1
ENSG00000108395,1.6497238,1.3508292,0.8395158,0.9873016,1
ENSG00000151151,1.1118116,0.26717174,0.8890156,1.0,1
ENSG00000103852,0.87456656,0.056904852,0.89054143,1.0,1
ENSG00000101189,1.0309002,1.193681,0.91261524,1.0,1
ENSG00000076108,1.094584,1.8205298,0.86231595,1.0,1
ENSG00000076108,1.094584,1.8205298,0.86231595,1.0,1
ENSG00000076108,1.094584,1.8205298,0.86231595,0.15889744,1
ENSG00000112561,0.819989,0.41664052,0.9154414,1.0,1
ENSG00000112561,0.819989,0.41664052,0.9154414,1.0,1
ENSG00000112561,0.819989,0.41664052,0.9154414,1.0,1
ENSG00000155621,1.4809186,0.845718,0.8585215,1.0,1
ENSG00000155621,1.4809188,0.845718,0.8585215,1.0,1
ENSG00000155621,1.4809186,0.845718,0.8585215,0.86506027,1
ENSG00000163577,1.210022,1.0595634,0.8983743,1.0,1
ENSG00000163577,1.210022,1.0595634,0.8983743,1.0,1
ENSG00000182318,0.88579947,0.6273658,0.9068439,1.0,1
ENSG00000214160,1.3179129,1.8798983,0.89505416,1.0,1
ENSG00000214160,1.3179129,1.8798983,0.89505416,1.0,1
ENSG00000214160,1.3179129,1.8798983,0.89505416,1.0,1
ENSG00000214160,1.3179129,1.8798983,0.89505416,0.9729409,1
ENSG00000214160,1.3179129,1.8798983,0.89505416,0.996904,1
ENSG00000149761,0.61221695,1.5317343,0.9263081,1.0,1
ENSG00000149761,0.61221695,1.5317343,0.9263081,1.0,1
ENSG00000188549,-0.19638576,-0.88605666,0.9506513,1.0,1
ENSG00000163444,1.695205,2.1554272,0.8480642,1.0,1
ENSG00000163444,1.695205,2.1554272,0.8480642,1.0,1
ENSG00000174099,0.96451473,-0.92081875,0.912124,1.0,1
ENSG00000025800,1.4574964,1.4874212,0.873239,1.0,1
ENSG00000025800,1.4574965,1.4874212,0.8732389,1.0,1
ENSG00000203778,1.6123194,1.0472748,0.8508326,1.0,1
ENSG00000203778,1.6123194,1.0472748,0.8508326,1.0,1
ENSG00000171530,1.8323152,2.0499156,0.8524434,1.0,1
ENSG00000171530,1.8323153,2.0499156,0.8524434,0.995686,1
ENSG00000171530,1.8323154,2.0499156,0.8524434,0.0067925933,1
ENSG00000198156,0.14098604,-0.65757734,0.9296187,1.0,1
ENSG00000198156,0.14098607,-0.65757734,0.9296187,1.0,1
ENSG00000165555,0.6585669,-0.14874165,0.9143959,1.0,1
ENSG00000100228,1.0824355,-0.92081875,0.90650254,1.0,1
ENSG00000149257,0.79297405,1.8301394,0.92273736,1.0,1
ENSG00000149257,0.7929741,1.8301394,0.92273736,1.0,1
ENSG00000149257,0.7929741,1.8301394,0.92273736,1.0,1
ENSG00000149257,0.7929741,1.8301394,0.92273736,0.0038885288,1
ENSG00000166716,0.90355635,0.8518696,0.88495344,1.0,1
ENSG00000106397,1.6320183,1.3176455,0.845417,1.0,1
ENSG00000106397,1.6320183,1.3176455,0.8454169,1.0,1
ENSG00000106397,1.6320183,1.3176455,0.8454169,1.0,1
ENSG00000106397,1.6320183,1.3176455,0.8454169,1.0,1
ENSG00000134769,0.56194514,0.045322977,0.8978628,1.0,1
ENSG00000064989,1.2108486,-0.92081875,0.8220086,1.0,1
