,PredExpr,ActualExpr,CellLine,PredPsi,ActualPsi,fold_idx
ENSG00000002016,1.0975142,1.0107238,GM12878,0.8492576,1.0,1
ENSG00000002016,1.0540371,1.0107238,GM12878,0.7978971,1.0,1
ENSG00000002016,0.60913557,1.0107238,GM12878,0.51211864,0.208,1
ENSG00000002016,1.0066694,1.0107238,GM12878,0.89763284,0.0,1
ENSG00000003056,1.6498227,1.9407157,GM12878,0.78261054,1.0,1
ENSG00000003056,1.4438926,1.9407157,GM12878,0.94659,1.0,1
ENSG00000003056,1.6836846,1.9407157,GM12878,0.92708826,1.0,1
ENSG00000003393,1.2388358,1.0102999,GM12878,0.8389535,1.0,1
ENSG00000003393,1.2642149,1.0102999,GM12878,0.7387341,0.00589391,1
ENSG00000003400,1.6932898,1.224274,GM12878,0.8703684,0.929374,1
ENSG00000003400,1.5961361,1.224274,GM12878,0.78840077,0.88451445,1
ENSG00000003402,1.5862765,1.7873896,GM12878,0.7118981,1.0,1
ENSG00000003402,1.6186484,1.7873896,GM12878,0.87280226,1.0,1
ENSG00000003402,1.5856876,1.7873896,GM12878,0.5352636,0.026152482,1
ENSG00000003436,1.3295236,2.6872168,GM12878,0.8580134,1.0,1
ENSG00000003509,1.5016797,1.4595432,GM12878,0.9332479,1.0,1
ENSG00000003509,1.0740225,1.4595432,GM12878,0.88701046,0.9572501,1
ENSG00000004478,0.8214937,1.8022262,GM12878,0.9642436,1.0,1
ENSG00000004700,1.1385634,1.2805784,GM12878,0.89857036,1.0,1
ENSG00000005175,1.4551728,1.506505,GM12878,0.9279949,1.0,1
ENSG00000005175,1.3590497,1.506505,GM12878,0.933287,1.0,1
ENSG00000005175,1.282446,1.506505,GM12878,0.7485078,1.0,1
ENSG00000005175,1.255083,1.506505,GM12878,0.9165078,0.75994515,1
ENSG00000005175,1.3898937,1.506505,GM12878,0.9298712,0.41775545,1
ENSG00000005436,1.229121,1.3756636,GM12878,0.9132381,1.0,1
ENSG00000005436,1.229121,1.3756636,GM12878,0.9132381,1.0,1
ENSG00000005436,1.2339008,1.3756636,GM12878,0.9140482,0.6383266,1
ENSG00000005436,0.9902185,1.3756636,GM12878,0.88330454,1.0,1
ENSG00000005448,0.04774965,1.0976043,GM12878,0.9731409,1.0,1
ENSG00000005448,0.28042203,1.0976043,GM12878,0.96754026,0.98672116,1
ENSG00000006607,0.5582726,1.3558345,GM12878,0.8332644,1.0,1
ENSG00000006607,0.8238323,1.3558345,GM12878,0.8234934,1.0,1
ENSG00000006607,0.7814514,1.3558345,GM12878,0.9135307,1.0,1
ENSG00000006831,1.5462906,1.6070259,GM12878,0.9126796,1.0,1
ENSG00000006831,1.6447375,1.6070259,GM12878,0.92524123,1.0,1
ENSG00000008323,-0.28174368,-0.4685211,GM12878,0.99157,1.0,1
ENSG00000008323,-0.29572573,-0.4685211,GM12878,0.99302304,1.0,1
ENSG00000008394,0.7000714,1.8624295,GM12878,0.9192266,1.0,1
ENSG00000008394,0.69376844,1.8624295,GM12878,0.8814502,0.9928535,1
ENSG00000008394,0.9901544,1.8624295,GM12878,0.9195459,0.002157756,1
ENSG00000008405,1.1971762,1.4427933,GM12878,0.85845524,1.0,1
ENSG00000008869,0.86519337,1.2008505,GM12878,0.87818825,1.0,1
ENSG00000008869,0.73124826,1.2008505,GM12878,0.93945163,1.0,1
ENSG00000008869,0.8783643,1.2008505,GM12878,0.81308246,1.0,1
ENSG00000010219,-0.054906536,1.3230457,GM12878,0.9304595,1.0,1
ENSG00000010219,0.57940495,1.3230457,GM12878,0.8029936,0.037339557,1
ENSG00000010278,-0.57783675,0.84633714,GM12878,0.9934377,1.0,1
ENSG00000010278,-0.53973603,0.84633714,GM12878,0.9916808,0.14880952,1
ENSG00000010292,1.5950804,1.8221027,GM12878,0.86811244,1.0,1
ENSG00000010292,1.0786167,1.8221027,GM12878,0.92514294,1.0,1
ENSG00000010292,1.8363848,1.8221027,GM12878,0.91610855,1.0,1
ENSG00000010292,1.5488367,1.8221027,GM12878,0.83043325,0.75792295,1
ENSG00000010626,0.46563622,0.7671559,GM12878,0.74400795,1.0,1
ENSG00000010626,0.8833642,0.7671559,GM12878,0.9280454,1.0,1
ENSG00000011523,1.3470712,0.7888751,GM12878,0.85190934,1.0,1
ENSG00000011523,1.3593558,0.7888751,GM12878,0.85951203,0.095108695,1
ENSG00000011566,1.5095452,1.129045,GM12878,0.74106383,1.0,1
ENSG00000011566,1.4308147,1.129045,GM12878,0.7554109,1.0,1
ENSG00000011566,1.2927904,1.129045,GM12878,0.7088382,1.0,1
ENSG00000011566,1.1656843,1.129045,GM12878,0.81515276,1.0,1
ENSG00000012822,0.37617496,1.4377506,GM12878,0.9645567,1.0,1
ENSG00000012822,0.3531571,1.4377506,GM12878,0.94945514,0.9685535,1
ENSG00000013016,-0.7461957,-0.92081875,GM12878,0.9942111,1.0,1
ENSG00000013441,1.3166177,1.877947,GM12878,0.92336404,1.0,1
ENSG00000013441,1.3883908,1.877947,GM12878,0.9055602,1.0,1
ENSG00000013441,1.0161476,1.877947,GM12878,0.9043919,0.34098136,1
ENSG00000013503,1.1574427,0.9020029,GM12878,0.6431519,1.0,1
ENSG00000013503,1.2750463,0.9020029,GM12878,0.930144,1.0,1
ENSG00000013503,0.73051655,0.9020029,GM12878,0.8946459,1.0,1
ENSG00000013573,0.5630243,1.6029277,GM12878,0.8807048,0.9442283,1
ENSG00000013573,0.57354313,1.6029277,GM12878,0.88834924,0.8894231,1
ENSG00000013588,-0.5676942,-0.69897,GM12878,0.9929813,1.0,1
ENSG00000014641,1.2889324,2.5179346,GM12878,0.9267563,1.0,1
ENSG00000014641,1.4457637,2.5179346,GM12878,0.9330339,0.99506503,1
ENSG00000015153,0.75489867,1.2342641,GM12878,0.8073332,0.0,1
ENSG00000015153,1.1415489,1.2342641,GM12878,0.7627953,0.20512821,1
ENSG00000015153,1.1290126,1.2342641,GM12878,0.8385205,0.18585859,1
ENSG00000015153,1.3078079,1.2342641,GM12878,0.8439387,0.34181508,1
ENSG00000015153,1.1290126,1.2342641,GM12878,0.8385205,0.0,1
ENSG00000015568,0.36230922,0.30535138,GM12878,0.9327386,1.0,1
ENSG00000017427,-0.3439786,0.5301997,GM12878,0.94018626,1.0,1
ENSG00000017427,-0.3439786,0.5301997,GM12878,0.94018626,1.0,1
ENSG00000018280,0.21568309,-0.25181198,GM12878,0.9550008,1.0,1
ENSG00000018510,1.2359173,1.5725231,GM12878,0.89535236,1.0,1
ENSG00000018510,0.8875661,1.5725231,GM12878,0.7159873,1.0,1
ENSG00000018510,1.2166518,1.5725231,GM12878,0.89755476,1.0,1
ENSG00000018510,1.2109835,1.5725231,GM12878,0.79637176,1.0,1
ENSG00000018510,1.186301,1.5725231,GM12878,0.89101654,1.0,1
ENSG00000018510,1.0896591,1.5725231,GM12878,0.7921172,1.0,1
ENSG00000018699,0.9003111,1.6684791,GM12878,0.94879794,1.0,1
ENSG00000021574,0.8621119,1.024075,GM12878,0.90781516,1.0,1
ENSG00000021574,0.5779622,1.024075,GM12878,0.8801528,1.0,1
ENSG00000021574,1.0568998,1.024075,GM12878,0.88857853,1.0,1
ENSG00000021574,1.1096826,1.024075,GM12878,0.82901174,1.0,1
ENSG00000021826,-0.3022014,0.9973864,GM12878,0.97078055,1.0,1
ENSG00000022840,1.6054652,1.8890775,GM12878,0.9057365,1.0,1
ENSG00000022840,1.7349024,1.8890775,GM12878,0.86372185,1.0,1
ENSG00000022840,1.6217945,1.8890775,GM12878,0.9399592,1.0,1
ENSG00000022840,1.599165,1.8890775,GM12878,0.81299853,1.0,1
ENSG00000022840,1.5087552,1.8890775,GM12878,0.9355821,1.0,1
ENSG00000023228,1.5597739,1.9354569,GM12878,0.89299333,1.0,1
ENSG00000023228,1.695604,1.9354569,GM12878,0.93346035,0.66994554,1
ENSG00000023228,1.563052,1.9354569,GM12878,0.88806087,0.88380915,1
ENSG00000023697,0.24575172,0.5888317,GM12878,0.76128966,1.0,1
ENSG00000023734,1.6085286,1.9306434,GM12878,0.6907566,1.0,1
ENSG00000023734,1.5175132,1.9306434,GM12878,0.7737801,0.0023739957,1
ENSG00000023734,1.626406,1.9306434,GM12878,0.69247454,0.9822006,1
ENSG00000028116,1.366417,1.4935975,GM12878,0.78355557,1.0,1
ENSG00000028116,1.0654761,1.4935975,GM12878,0.8464081,1.0,1
ENSG00000028116,1.1002557,1.4935975,GM12878,0.8302378,1.0,1
ENSG00000028116,1.2045577,1.4935975,GM12878,0.8840575,1.0,1
ENSG00000028116,0.8101584,1.4935975,GM12878,0.58262086,0.0,1
ENSG00000028116,0.9418545,1.4935975,GM12878,0.46059865,0.0,1
ENSG00000028116,1.6667261,1.4935975,GM12878,0.9069862,0.06367535,1
ENSG00000028116,1.1258936,1.4935975,GM12878,0.85532284,0.88485646,1
ENSG00000028116,1.1389884,1.4935975,GM12878,0.6234445,0.045859452,1
ENSG00000028203,1.1580691,1.6555226,GM12878,0.90030646,1.0,1
ENSG00000028203,1.2470869,1.6555226,GM12878,0.7387801,0.8412138,1
ENSG00000028203,1.2391074,1.6555226,GM12878,0.85214955,0.7894737,1
ENSG00000028203,1.2335246,1.6555226,GM12878,0.83036536,0.948542,1
ENSG00000028203,1.0184422,1.6555226,GM12878,0.930565,0.35714287,1
ENSG00000028203,1.0681839,1.6555226,GM12878,0.8872655,0.0,1
ENSG00000029153,-0.63398784,-0.22914799,GM12878,0.9938778,1.0,1
ENSG00000032389,1.2991614,1.6226285,GM12878,0.9221743,1.0,1
ENSG00000033030,1.5629652,1.3785796,GM12878,0.8876121,1.0,1
ENSG00000033030,1.369018,1.3785796,GM12878,0.93304133,0.9973082,1
ENSG00000034510,1.5758467,2.497952,GM12878,0.8394309,1.0,1
ENSG00000035115,-0.40450123,0.811575,GM12878,0.97878116,1.0,1
ENSG00000035115,-0.34845883,0.811575,GM12878,0.93030596,0.6007905,1
ENSG00000035115,-0.49875838,0.811575,GM12878,0.989899,1.0,1
ENSG00000035115,-0.26049495,0.811575,GM12878,0.9019518,0.0042735045,1
ENSG00000035115,-0.5387359,0.811575,GM12878,0.98523825,0.27142859,1
ENSG00000035141,1.3396584,1.8196098,GM12878,0.7848635,1.0,1
ENSG00000035141,1.3736961,1.8196098,GM12878,0.805833,1.0,1
ENSG00000035141,1.0306678,1.8196098,GM12878,0.8090168,0.0066541545,1
ENSG00000036257,1.1507264,1.4462264,GM12878,0.9171894,1.0,1
ENSG00000037897,1.549362,1.5247854,GM12878,0.9393146,1.0,1
ENSG00000037897,1.1139057,1.5247854,GM12878,0.8474356,1.0,1
ENSG00000037897,1.046416,1.5247854,GM12878,0.88312685,0.23014441,1
ENSG00000040933,0.7959961,1.0366288,GM12878,0.9032169,1.0,1
ENSG00000040933,0.91591,1.0366288,GM12878,0.6520607,0.10675381,1
ENSG00000042445,1.120794,1.1417632,GM12878,0.82857937,1.0,1
ENSG00000042445,1.1659755,1.1417632,GM12878,0.9070541,1.0,1
ENSG00000042445,1.0553292,1.1417632,GM12878,0.86575425,0.6638585,1
ENSG00000042445,1.1120206,1.1417632,GM12878,0.9202094,0.99119496,1
ENSG00000042493,0.22489716,1.725585,GM12878,0.81325984,1.0,1
ENSG00000047621,1.1031048,1.0417873,GM12878,0.90291893,1.0,1
ENSG00000047621,1.3357834,1.0417873,GM12878,0.8675508,1.0,1
ENSG00000047621,1.0891677,1.0417873,GM12878,0.78251815,1.0,1
ENSG00000048991,1.1307507,1.7825443,GM12878,0.85930467,1.0,1
ENSG00000048991,1.2076123,1.7825443,GM12878,0.8827917,1.0,1
ENSG00000048991,0.9610865,1.7825443,GM12878,0.9189485,0.9871293,1
ENSG00000048991,0.43207082,1.7825443,GM12878,0.8734032,0.027957622,1
ENSG00000049323,-0.08479601,1.04883,GM12878,0.98090166,1.0,1
ENSG00000049323,0.3194984,1.04883,GM12878,0.9659711,1.0,1
ENSG00000050405,1.229897,1.3907585,GM12878,0.76273006,1.0,1
ENSG00000050405,1.2809635,1.3907585,GM12878,0.78348196,0.0,1
ENSG00000050426,1.6056023,2.1715217,GM12878,0.8611626,1.0,1
ENSG00000050426,1.2645779,2.1715217,GM12878,0.9056071,1.0,1
ENSG00000050426,1.4944601,2.1715217,GM12878,0.8962331,1.0,1
ENSG00000050426,1.3985654,2.1715217,GM12878,0.71464556,0.8888889,1
ENSG00000050426,1.4398887,2.1715217,GM12878,0.9259182,0.92021114,1
ENSG00000050426,1.4398887,2.1715217,GM12878,0.9259182,0.063182525,1
ENSG00000050426,1.3896385,2.1715217,GM12878,0.93927574,0.07553957,1
ENSG00000050426,1.7111657,2.1715217,GM12878,0.88028896,0.9354232,1
ENSG00000050438,-0.608392,-0.33724216,GM12878,0.9883415,1.0,1
ENSG00000051825,1.3502364,1.6564815,GM12878,0.9053923,1.0,1
ENSG00000051825,1.4217167,1.6564815,GM12878,0.8442393,0.26948357,1
ENSG00000055044,1.6838429,2.0313277,GM12878,0.89837277,1.0,1
ENSG00000055044,1.7644825,2.0313277,GM12878,0.870467,0.032931123,1
ENSG00000055332,0.92464244,0.9934362,GM12878,0.9220666,1.0,1
ENSG00000055332,0.90197396,0.9934362,GM12878,0.92387646,1.0,1
ENSG00000055332,0.97164655,0.9934362,GM12878,0.922413,0.69730943,1
ENSG00000055917,1.4251213,1.6688516,GM12878,0.9267387,1.0,1
ENSG00000055917,1.4250902,1.6688516,GM12878,0.8750823,1.0,1
ENSG00000055917,1.1306888,1.6688516,GM12878,0.9255762,1.0,1
ENSG00000055917,1.3803444,1.6688516,GM12878,0.88934255,0.8681767,1
ENSG00000055917,1.4820417,1.6688516,GM12878,0.91703,0.90764415,1
ENSG00000055917,1.3494456,1.6688516,GM12878,0.8602264,0.14331445,1
ENSG00000057935,0.85239077,1.4459155,GM12878,0.7692321,1.0,1
ENSG00000058272,1.3946186,1.5872618,GM12878,0.9033411,1.0,1
ENSG00000058272,1.496938,1.5872618,GM12878,0.62180054,0.0,1
ENSG00000058272,1.3743296,1.5872618,GM12878,0.9098718,1.0,1
ENSG00000058272,1.5623977,1.5872618,GM12878,0.905355,0.9219089,1
ENSG00000058272,1.5247886,1.5872618,GM12878,0.8987466,0.48738533,1
ENSG00000059728,1.4221876,1.3909351,GM12878,0.92059296,1.0,1
ENSG00000059728,1.1427033,1.3909351,GM12878,0.9647267,1.0,1
ENSG00000059728,1.2642134,1.3909351,GM12878,0.7876001,0.9619565,1
ENSG00000059758,1.3751667,1.2033049,GM12878,0.86891264,1.0,1
ENSG00000059758,1.248772,1.2033049,GM12878,0.88704497,0.98778194,1
ENSG00000059804,1.5169935,2.4926348,GM12878,0.8589297,1.0,1
ENSG00000060138,0.95466256,1.5975856,GM12878,0.9224497,1.0,1
ENSG00000060138,1.1418359,1.5975856,GM12878,0.9312705,1.0,1
ENSG00000060138,0.7983252,1.5975856,GM12878,0.9037155,0.59007204,1
ENSG00000060138,0.9712883,1.5975856,GM12878,0.7029649,0.0,1
ENSG00000060140,0.2000119,-0.4436975,GM12878,0.9232673,1.0,1
ENSG00000060237,1.0936178,1.378398,GM12878,0.9163341,1.0,1
ENSG00000060237,1.260025,1.378398,GM12878,0.8980426,0.0,1
ENSG00000060237,1.1143955,1.378398,GM12878,0.5063259,0.0,1
ENSG00000060982,1.5819858,1.6651118,GM12878,0.9118036,1.0,1
ENSG00000060982,1.3701267,1.6651118,GM12878,0.93070316,0.9716636,1
ENSG00000060982,1.3096521,1.6651118,GM12878,0.82942736,0.9990838,1
ENSG00000061273,1.2584363,1.4109459,GM12878,0.92940235,1.0,1
ENSG00000061273,1.2698072,1.4109459,GM12878,0.8205282,1.0,1
ENSG00000061273,1.2579141,1.4109459,GM12878,0.94955057,0.0,1
ENSG00000061273,0.91706556,1.4109459,GM12878,0.93678486,0.42357275,1
ENSG00000061273,1.0635195,1.4109459,GM12878,0.6871559,1.0,1
ENSG00000061676,1.3946105,2.0211065,GM12878,0.8388048,1.0,1
ENSG00000061936,1.5683923,1.2929204,GM12878,0.91414046,1.0,1
ENSG00000061936,1.7152997,1.2929204,GM12878,0.91416603,1.0,1
ENSG00000061936,1.4994276,1.2929204,GM12878,0.92551064,1.0,1
ENSG00000061936,1.3912804,1.2929204,GM12878,0.91027623,0.014285714,1
ENSG00000061987,1.2383411,1.2079035,GM12878,0.90308803,1.0,1
ENSG00000061987,1.2734603,1.2079035,GM12878,0.920835,1.0,1
ENSG00000061987,1.0388296,1.2079035,GM12878,0.76963747,0.12878788,1
ENSG00000061987,1.3576667,1.2079035,GM12878,0.79752827,0.0,1
ENSG00000062485,1.7265992,2.056333,GM12878,0.6658535,1.0,1
ENSG00000062485,1.7265992,2.056333,GM12878,0.6658535,1.0,1
ENSG00000062485,1.7193573,2.056333,GM12878,0.77228403,0.0,1
ENSG00000062485,1.7952821,2.056333,GM12878,0.77368504,0.016642628,1
ENSG00000063046,1.7778473,2.591098,GM12878,0.91301626,1.0,1
ENSG00000063046,1.5427787,2.591098,GM12878,0.9180819,1.0,1
ENSG00000063046,1.7352058,2.591098,GM12878,0.90371317,0.9991147,1
ENSG00000063046,1.7270787,2.591098,GM12878,0.9171468,0.7175943,1
ENSG00000063660,-0.18455768,-0.5850267,GM12878,0.9334062,1.0,1
ENSG00000063660,-0.06115352,-0.5850267,GM12878,0.97791946,1.0,1
ENSG00000064012,1.47985,1.1000258,GM12878,0.7988283,1.0,1
ENSG00000064012,0.8064859,1.1000258,GM12878,0.86088926,0.0,1
ENSG00000064012,1.1181047,1.1000258,GM12878,0.8838781,0.36689654,1
ENSG00000064012,1.4612932,1.1000258,GM12878,0.793362,0.9888476,1
ENSG00000064102,0.95072114,1.7070589,GM12878,0.93953633,1.0,1
ENSG00000064102,1.1822876,1.7070589,GM12878,0.80902106,1.0,1
ENSG00000064102,1.5907918,1.7070589,GM12878,0.89080894,1.0,1
ENSG00000064115,0.9561652,1.8372726,GM12878,0.82612133,1.0,1
ENSG00000064763,0.6720865,0.920645,GM12878,0.9306667,1.0,1
ENSG00000064933,1.0853596,1.227115,GM12878,0.9469062,1.0,1
ENSG00000064933,0.9271375,1.227115,GM12878,0.910368,1.0,1
ENSG00000064933,0.933573,1.227115,GM12878,0.79827553,1.0,1
ENSG00000064933,0.9441078,1.227115,GM12878,0.90364003,0.9388275,1
ENSG00000064933,0.7581544,1.227115,GM12878,0.9173827,0.9592183,1
ENSG00000064933,1.2355242,1.227115,GM12878,0.87804025,0.0027777778,1
ENSG00000064933,0.9574425,1.227115,GM12878,0.826996,0.595217,1
ENSG00000064989,0.1660776,-0.92081875,GM12878,0.8645275,1.0,1
ENSG00000065357,0.5944345,0.81954396,GM12878,0.92645603,0.8831169,1
ENSG00000065548,1.2938677,2.1490343,GM12878,0.90286195,1.0,1
ENSG00000065548,1.4312571,2.1490343,GM12878,0.8860828,1.0,1
ENSG00000065548,1.3912048,2.1490343,GM12878,0.9302729,1.0,1
ENSG00000065548,1.5847368,2.1490343,GM12878,0.8655649,1.0,1
ENSG00000065548,1.5419447,2.1490343,GM12878,0.92054963,0.27601242,1
ENSG00000065802,1.6560056,1.3005955,GM12878,0.93402445,1.0,1
ENSG00000065911,1.7368983,2.3176246,GM12878,0.8857836,1.0,1
ENSG00000065911,1.5132506,2.3176246,GM12878,0.90619344,0.15467583,1
ENSG00000065911,1.4875314,2.3176246,GM12878,0.93358827,0.99922943,1
ENSG00000065970,1.3894358,0.35793483,GM12878,0.90330094,1.0,1
ENSG00000066084,0.9697937,1.2650537,GM12878,0.8019459,1.0,1
ENSG00000066117,1.2036711,1.6785184,GM12878,0.93567574,1.0,1
ENSG00000066117,1.4472338,1.6785184,GM12878,0.8450101,1.0,1
ENSG00000066117,1.4472338,1.6785184,GM12878,0.8450101,1.0,1
ENSG00000066117,1.4931791,1.6785184,GM12878,0.9226985,0.44461077,1
ENSG00000067066,0.7777358,1.4056878,GM12878,0.91519105,1.0,1
ENSG00000067066,0.94795203,1.4056878,GM12878,0.72520906,0.8678011,1
ENSG00000067066,0.99979544,1.4056878,GM12878,0.83263034,0.009708738,1
ENSG00000067066,0.7985836,1.4056878,GM12878,0.7629761,0.8682635,1
ENSG00000067182,1.0003242,1.351603,GM12878,0.8718254,1.0,1
ENSG00000067182,1.5895193,1.351603,GM12878,0.93868846,0.9922929,1
ENSG00000067182,1.5825208,1.351603,GM12878,0.9064727,0.99613154,1
ENSG00000068024,0.41525766,0.48429984,GM12878,0.9486286,1.0,1
ENSG00000068654,1.5817914,0.9454686,GM12878,0.95145094,1.0,1
ENSG00000068697,1.675106,2.0860393,GM12878,0.9172198,1.0,1
ENSG00000068697,1.3761518,2.0860393,GM12878,0.900675,1.0,1
ENSG00000068724,1.1509451,0.81491315,GM12878,0.91385037,1.0,1
ENSG00000068724,1.2872455,0.81491315,GM12878,0.43609938,0.018796992,1
ENSG00000068724,1.0616316,0.81491315,GM12878,0.7486227,0.065789476,1
ENSG00000068724,0.9716836,0.81491315,GM12878,0.866055,0.9868914,1
ENSG00000068724,1.0333691,0.81491315,GM12878,0.930265,0.9580537,1
ENSG00000068724,0.97128296,0.81491315,GM12878,0.8292491,0.0,1
ENSG00000068784,1.4742693,0.94101423,GM12878,0.86449844,1.0,1
ENSG00000068878,1.4026026,1.7384634,GM12878,0.90458137,1.0,1
ENSG00000068878,1.3766812,1.7384634,GM12878,0.8958683,0.639196,1
ENSG00000068878,1.3135259,1.7384634,GM12878,0.9303366,0.9855346,1
ENSG00000068912,1.010076,1.462398,GM12878,0.8268407,1.0,1
ENSG00000068912,1.5557182,1.462398,GM12878,0.8564368,0.8584008,1
ENSG00000069493,0.19762002,0.64836,GM12878,0.97627366,1.0,1
ENSG00000069493,0.25595373,0.64836,GM12878,0.9352541,0.87815124,1
ENSG00000069493,0.6305806,0.64836,GM12878,0.9319842,0.44295302,1
ENSG00000070018,0.95473075,0.89376175,GM12878,0.9158114,1.0,1
ENSG00000070019,-0.59816885,-0.92081875,GM12878,0.9841658,1.0,1
ENSG00000070019,-0.625522,-0.92081875,GM12878,0.9859351,1.0,1
ENSG00000070019,-0.3808282,-0.92081875,GM12878,0.9761682,1.0,1
ENSG00000070019,-0.5059111,-0.92081875,GM12878,0.9794332,1.0,1
ENSG00000070961,1.1537799,1.1994809,GM12878,0.9270281,1.0,1
ENSG00000070961,1.2486764,1.1994809,GM12878,0.63922447,1.0,1
ENSG00000070961,1.096215,1.1994809,GM12878,0.93254024,1.0,1
ENSG00000070961,0.8825747,1.1994809,GM12878,0.89703584,0.97525775,1
ENSG00000071051,0.6596846,0.57054293,GM12878,0.9211495,1.0,1
ENSG00000071051,0.57088864,0.57054293,GM12878,0.81361496,0.5444015,1
ENSG00000071054,1.0133036,1.5724069,GM12878,0.9580665,1.0,1
ENSG00000071054,1.0871744,1.5724069,GM12878,0.9119088,0.41871583,1
ENSG00000071054,1.0579605,1.5724069,GM12878,0.61513764,0.58128417,1
ENSG00000071054,1.2362716,1.5724069,GM12878,0.9159687,0.38251367,1
ENSG00000071073,-0.21882068,-0.60206,GM12878,0.92883396,1.0,1
ENSG00000071073,-0.4873538,-0.60206,GM12878,0.9862738,1.0,1
ENSG00000071073,-0.3046095,-0.60206,GM12878,0.9798957,1.0,1
ENSG00000071073,-0.42154548,-0.60206,GM12878,0.97892785,1.0,1
ENSG00000071073,-0.27163222,-0.60206,GM12878,0.95011884,1.0,1
ENSG00000071575,0.8066015,1.2995073,GM12878,0.94471806,1.0,1
ENSG00000071909,-0.40811208,0.21484385,GM12878,0.9851703,1.0,1
ENSG00000071967,1.0823045,1.2600714,GM12878,0.9125639,1.0,1
ENSG00000071967,0.886594,1.2600714,GM12878,0.8472097,1.0,1
ENSG00000071967,0.886594,1.2600714,GM12878,0.8472097,1.0,1
ENSG00000071967,1.0823045,1.2600714,GM12878,0.9125639,0.95373666,1
ENSG00000072135,0.7928653,1.6394864,GM12878,0.77356833,1.0,1
ENSG00000072135,0.974362,1.6394864,GM12878,0.8591384,1.0,1
ENSG00000072135,1.3110299,1.6394864,GM12878,0.83543617,1.0,1
ENSG00000072609,0.93798995,1.4173056,GM12878,0.61113244,1.0,1
ENSG00000072609,1.0295446,1.4173056,GM12878,0.8293659,1.0,1
ENSG00000072609,1.0599272,1.4173056,GM12878,0.5699633,0.067885116,1
ENSG00000072609,0.8043108,1.4173056,GM12878,0.90389514,0.51428574,1
ENSG00000072609,0.7815888,1.4173056,GM12878,0.93232816,0.41571194,1
ENSG00000072609,1.0069069,1.4173056,GM12878,0.6719107,0.5989933,1
ENSG00000073060,1.1240654,1.9950645,GM12878,0.8583014,1.0,1
ENSG00000073060,1.275889,1.9950645,GM12878,0.9256292,0.6875557,1
ENSG00000073060,1.3715391,1.9950645,GM12878,0.68789834,0.02337278,1
ENSG00000073614,1.3146827,1.0043213,GM12878,0.9127698,1.0,1
ENSG00000073614,1.2510294,1.0043213,GM12878,0.8380756,1.0,1
ENSG00000073614,1.6071526,1.0043213,GM12878,0.81355935,0.07196402,1
ENSG00000074054,1.3025659,0.8756399,GM12878,0.9245084,1.0,1
ENSG00000074054,1.5926392,0.8756399,GM12878,0.8595002,1.0,1
ENSG00000074054,1.5886941,0.8756399,GM12878,0.9153765,1.0,1
ENSG00000074582,1.2811766,1.6382896,GM12878,0.803505,1.0,1
ENSG00000074582,1.4573671,1.6382896,GM12878,0.734247,0.04265403,1
ENSG00000074582,1.4234883,1.6382896,GM12878,0.77858645,0.012707722,1
ENSG00000074582,1.3477008,1.6382896,GM12878,0.86295193,0.039923955,1
ENSG00000075089,1.3011856,1.8997658,GM12878,0.8493138,1.0,1
ENSG00000075089,1.1756341,1.8997658,GM12878,0.94812876,0.9995011,1
ENSG00000075188,1.3552909,2.2130394,GM12878,0.8200946,1.0,1
ENSG00000075188,1.3837861,2.2130394,GM12878,0.6131671,0.026617851,1
ENSG00000075292,1.447112,1.8391637,GM12878,0.945473,1.0,1
ENSG00000075292,1.4790944,1.8391637,GM12878,0.846873,0.9626697,1
ENSG00000075415,1.6850775,2.5069783,GM12878,0.7694093,1.0,1
ENSG00000075426,0.22029833,-0.34678748,GM12878,0.9452613,1.0,1
ENSG00000075426,0.5353797,-0.34678748,GM12878,0.9081403,1.0,1
ENSG00000075856,1.9131136,1.4109459,GM12878,0.8033959,1.0,1
ENSG00000075856,1.4921591,1.4109459,GM12878,0.8948173,0.9958042,1
ENSG00000075856,1.5898638,1.4109459,GM12878,0.9182844,0.025874127,1
ENSG00000075884,-0.06974766,-0.013228266,GM12878,0.9557724,1.0,1
ENSG00000076003,1.4399769,1.9534214,GM12878,0.9507121,1.0,1
ENSG00000076003,1.5144651,1.9534214,GM12878,0.92018765,1.0,1
ENSG00000076067,-0.44051716,0.12057393,GM12878,0.98393065,1.0,1
ENSG00000076108,0.96250415,1.8205298,GM12878,0.93780476,1.0,1
ENSG00000076108,1.3744416,1.8205298,GM12878,0.89459074,1.0,1
ENSG00000076108,1.2530162,1.8205298,GM12878,0.77906877,0.15889744,1
ENSG00000076248,1.3237638,1.2966652,GM12878,0.8323571,1.0,1
ENSG00000076248,1.1744146,1.2966652,GM12878,0.8257271,0.99693567,1
ENSG00000076513,1.1497447,1.5936183,GM12878,0.93993944,1.0,1
ENSG00000076513,1.1497447,1.5936183,GM12878,0.93993944,1.0,1
ENSG00000076513,1.165477,1.5936183,GM12878,0.94177186,1.0,1
ENSG00000076513,1.4492322,1.5936183,GM12878,0.8197866,1.0,1
ENSG00000076513,1.2480088,1.5936183,GM12878,0.9186104,0.986946,1
ENSG00000077044,0.58948517,1.1964525,GM12878,0.9604152,1.0,1
ENSG00000077044,0.25069794,1.1964525,GM12878,0.96576846,0.01369863,1
ENSG00000077232,1.0239842,1.5851222,GM12878,0.84316844,1.0,1
ENSG00000077232,1.3552452,1.5851222,GM12878,0.912059,1.0,1
ENSG00000077232,1.3679336,1.5851222,GM12878,0.52971596,0.9609848,1
ENSG00000077232,1.1764698,1.5851222,GM12878,0.6443047,0.014757281,1
ENSG00000077232,1.041746,1.5851222,GM12878,0.8190274,0.03846154,1
ENSG00000077232,1.0409546,1.5851222,GM12878,0.8536386,0.08199643,1
ENSG00000077380,1.4078996,2.136467,GM12878,0.9132565,1.0,1
ENSG00000077380,1.0760045,2.136467,GM12878,0.7867032,0.0,1
ENSG00000077380,1.213098,2.136467,GM12878,0.78119296,0.0011638433,1
ENSG00000078237,0.20825498,-0.52287877,GM12878,0.70596856,1.0,1
ENSG00000078246,1.1740026,0.98587537,GM12878,0.79115856,1.0,1
ENSG00000078246,1.0065801,0.98587537,GM12878,0.8887368,0.9167604,1
ENSG00000078246,1.2340822,0.98587537,GM12878,0.9007138,0.9943757,1
ENSG00000078246,0.9489511,0.98587537,GM12878,0.91673476,0.9223847,1
ENSG00000078246,1.0399595,0.98587537,GM12878,0.8814229,0.9943757,1
ENSG00000079150,1.0459664,1.154424,GM12878,0.89561456,1.0,1
ENSG00000079150,1.1053941,1.154424,GM12878,0.88359725,0.83908045,1
ENSG00000079150,0.9017646,1.154424,GM12878,0.898506,0.23958333,1
ENSG00000079150,1.0459664,1.154424,GM12878,0.89561456,0.38020834,1
ENSG00000079156,0.8146781,1.1510632,GM12878,0.9049805,1.0,1
ENSG00000079246,1.6852471,2.570823,GM12878,0.90210086,1.0,1
ENSG00000079246,1.3332183,2.570823,GM12878,0.9290357,1.0,1
ENSG00000079337,0.14108403,-0.34678748,GM12878,0.9799503,1.0,1
ENSG00000079337,0.123495385,-0.34678748,GM12878,0.97347665,1.0,1
ENSG00000079387,1.4382929,1.6055205,GM12878,0.7730404,1.0,1
ENSG00000079387,1.4844456,1.6055205,GM12878,0.87165916,0.29693994,1
ENSG00000079785,1.4462793,2.186589,GM12878,0.8145732,1.0,1
ENSG00000080345,1.4067814,1.4865721,GM12878,0.94537425,1.0,1
ENSG00000080345,1.5931091,1.4865721,GM12878,0.82708865,1.0,1
ENSG00000080345,1.1362638,1.4865721,GM12878,0.9369815,1.0,1
ENSG00000080345,1.3588059,1.4865721,GM12878,0.7262414,0.20479302,1
ENSG00000080345,1.2144444,1.4865721,GM12878,0.87319875,0.6510773,1
ENSG00000080371,1.1507676,0.9375179,GM12878,0.82372946,1.0,1
ENSG00000080371,0.9862819,0.9375179,GM12878,0.8501062,1.0,1
ENSG00000080371,1.1087964,0.9375179,GM12878,0.9044102,1.0,1
ENSG00000081320,1.016334,0.9375179,GM12878,0.81287444,1.0,1
ENSG00000081320,0.9421648,0.9375179,GM12878,0.95615226,1.0,1
ENSG00000081320,1.0109115,0.9375179,GM12878,0.7421303,1.0,1
ENSG00000081760,0.87356406,0.666518,GM12878,0.9052138,1.0,1
ENSG00000081760,0.32526448,0.666518,GM12878,0.94242376,1.0,1
ENSG00000081760,0.8025665,0.666518,GM12878,0.9526845,0.10033445,1
ENSG00000081760,0.3888002,0.666518,GM12878,0.8941193,0.83798885,1
ENSG00000082146,0.79284513,1.2352759,GM12878,0.8906985,1.0,1
ENSG00000082146,0.97514546,1.2352759,GM12878,0.7147202,1.0,1
ENSG00000082146,0.99186575,1.2352759,GM12878,0.70850426,1.0,1
ENSG00000082153,1.332577,2.1173708,GM12878,0.92084897,1.0,1
ENSG00000082258,1.2540764,1.3172274,GM12878,0.84829897,1.0,1
ENSG00000082258,1.4710875,1.3172274,GM12878,0.9017703,0.2628012,1
ENSG00000082805,1.0982974,0.33845648,GM12878,0.82403183,0.6804734,1
ENSG00000082805,0.9529786,0.33845648,GM12878,0.6387274,0.02366864,1
ENSG00000082805,0.7988391,0.33845648,GM12878,0.9181056,1.0,1
ENSG00000082805,1.0938859,0.33845648,GM12878,0.6666339,0.023391813,1
ENSG00000082805,0.9173461,0.33845648,GM12878,0.79406947,0.005882353,1
ENSG00000082898,1.5327243,2.331326,GM12878,0.87080723,1.0,1
ENSG00000082898,1.5907791,2.331326,GM12878,0.89616394,1.0,1
ENSG00000082898,1.6466919,2.331326,GM12878,0.8943176,1.0,1
ENSG00000082898,1.4551269,2.331326,GM12878,0.8483808,1.0,1
ENSG00000084090,1.4401057,1.9021118,GM12878,0.7726122,1.0,1
ENSG00000084110,-0.67955893,-0.60206,GM12878,0.9865324,1.0,1
ENSG00000084112,0.97927,0.4913617,GM12878,0.9117443,1.0,1
ENSG00000084444,0.18827157,0.65513843,GM12878,0.91273415,1.0,1
ENSG00000084463,1.5147524,1.0362295,GM12878,0.9280371,1.0,1
ENSG00000084463,1.2287142,1.0362295,GM12878,0.92788196,1.0,1
ENSG00000084463,1.1938071,1.0362295,GM12878,0.8226071,0.0046425257,1
ENSG00000084676,0.8958932,1.2764618,GM12878,0.90761954,1.0,1
ENSG00000084676,1.0165917,1.2764618,GM12878,0.9038733,1.0,1
ENSG00000084676,0.95045936,1.2764618,GM12878,0.702991,0.689951,1
ENSG00000084676,1.2234783,1.2764618,GM12878,0.8559529,0.7805582,1
ENSG00000084693,1.6460013,1.5991186,GM12878,0.7675301,1.0,1
ENSG00000084693,1.4192529,1.5991186,GM12878,0.72295356,0.56435645,1
ENSG00000084731,0.43748572,0.42160392,GM12878,0.9501514,1.0,1
ENSG00000084731,0.33261055,0.42160392,GM12878,0.94924444,1.0,1
ENSG00000084733,1.492585,1.9852917,GM12878,0.7282561,1.0,1
ENSG00000084733,1.5836823,1.9852917,GM12878,0.92769736,1.0,1
ENSG00000084733,1.5095847,1.9852917,GM12878,0.87526894,1.0,1
ENSG00000084733,1.7513711,1.9852917,GM12878,0.9075947,1.0,1
ENSG00000084754,1.6476257,2.190472,GM12878,0.8573157,1.0,1
ENSG00000084764,0.7294562,1.4965146,GM12878,0.9658719,1.0,1
ENSG00000084774,1.4101353,1.5732198,GM12878,0.95496595,1.0,1
ENSG00000084774,1.1825387,1.5732198,GM12878,0.93916065,0.9823691,1
ENSG00000085449,1.0345454,1.3895204,GM12878,0.8757594,1.0,1
ENSG00000085760,1.1883001,1.7431176,GM12878,0.93718743,1.0,1
ENSG00000085760,1.2615622,1.7431176,GM12878,0.92348766,1.0,1
ENSG00000085760,1.262391,1.7431176,GM12878,0.45722848,0.100053504,1
ENSG00000085978,1.4701346,1.2276297,GM12878,0.87129825,1.0,1
ENSG00000085978,1.4701346,1.2276297,GM12878,0.87129825,1.0,1
ENSG00000085978,1.2685997,1.2276297,GM12878,0.90801984,1.0,1
ENSG00000085978,1.4787754,1.2276297,GM12878,0.8260283,0.2453125,1
ENSG00000085982,0.89756495,1.0881361,GM12878,0.8755914,1.0,1
ENSG00000085982,1.0414565,1.0881361,GM12878,0.7933956,1.0,1
ENSG00000086598,1.4757042,2.15567,GM12878,0.9304133,1.0,1
ENSG00000087338,1.2770361,1.2484637,GM12878,0.86112446,1.0,1
ENSG00000087448,1.130769,0.94151145,GM12878,0.925128,1.0,1
ENSG00000087470,1.0623531,1.7861123,GM12878,0.79456836,1.0,1
ENSG00000087470,1.0623531,1.7861123,GM12878,0.79456836,1.0,1
ENSG00000087470,1.1807138,1.7861123,GM12878,0.93131846,1.0,1
ENSG00000087470,1.1461374,1.7861123,GM12878,0.8640952,1.0,1
ENSG00000087470,1.156892,1.7861123,GM12878,0.4587139,0.21595427,1
ENSG00000087470,1.1248596,1.7861123,GM12878,0.83985746,1.0,1
ENSG00000087470,1.3657517,1.7861123,GM12878,0.92009264,0.9932165,1
ENSG00000087470,0.99848855,1.7861123,GM12878,0.7589635,1.0,1
ENSG00000087470,0.9532602,1.7861123,GM12878,0.87256986,0.18685122,1
ENSG00000087470,1.1112862,1.7861123,GM12878,0.8620937,0.27376696,1
ENSG00000087470,1.1264503,1.7861123,GM12878,0.5865165,0.675503,1
ENSG00000087470,0.9803283,1.7861123,GM12878,0.67886525,0.5592635,1
ENSG00000087494,-0.420589,0.17026171,GM12878,0.97996557,1.0,1
ENSG00000087502,1.3045352,1.5619358,GM12878,0.8682675,1.0,1
ENSG00000088179,0.802706,1.3697723,GM12878,0.65790755,1.0,1
ENSG00000088205,1.4347866,2.0459876,GM12878,0.93187714,1.0,1
ENSG00000088986,1.134242,2.5452452,GM12878,0.8494297,1.0,1
ENSG00000088986,1.0258718,2.5452452,GM12878,0.86766154,1.0,1
ENSG00000088992,0.60539186,1.2720737,GM12878,0.94109243,1.0,1
ENSG00000088992,0.7299079,1.2720737,GM12878,0.8036214,1.0,1
ENSG00000088992,0.8862704,1.2720737,GM12878,0.8259455,0.9531773,1
ENSG00000089022,1.6237029,1.7231271,GM12878,0.8000433,1.0,1
ENSG00000089041,-0.15575324,-0.82390875,GM12878,0.9621175,1.0,1
ENSG00000089053,1.4663552,2.3872297,GM12878,0.84149307,1.0,1
ENSG00000089053,1.6654325,2.3872297,GM12878,0.857359,0.84344923,1
ENSG00000089060,0.93938947,1.2387986,GM12878,0.9101364,1.0,1
ENSG00000089060,1.2997913,1.2387986,GM12878,0.91210634,1.0,1
ENSG00000089060,1.0168583,1.2387986,GM12878,0.8975912,0.022988506,1
ENSG00000089060,0.97292995,1.2387986,GM12878,0.7925493,1.0,1
ENSG00000089094,0.7827485,1.2591158,GM12878,0.8343596,1.0,1
ENSG00000089094,0.8823514,1.2591158,GM12878,0.7303402,1.0,1
ENSG00000089094,0.7196202,1.2591158,GM12878,0.90309095,0.88706565,1
ENSG00000089154,1.561603,1.7058637,GM12878,0.9433216,1.0,1
ENSG00000089159,0.46535638,1.4581845,GM12878,0.87813264,0.40955952,1
ENSG00000089163,0.8791439,0.35983548,GM12878,0.89100206,1.0,1
ENSG00000089163,0.25435916,0.35983548,GM12878,0.94486916,1.0,1
ENSG00000089220,1.1714977,2.007321,GM12878,0.9084489,1.0,1
ENSG00000089220,1.3893303,2.007321,GM12878,0.8490787,1.0,1
ENSG00000089234,1.3918223,1.34262,GM12878,0.92453444,1.0,1
ENSG00000089248,1.4255701,1.9694159,GM12878,0.8785092,0.88129413,1
ENSG00000089692,-0.41852525,-0.6777807,GM12878,0.9763524,1.0,1
ENSG00000089693,1.0179498,2.1970875,GM12878,0.917351,1.0,1
ENSG00000089693,1.7339368,2.1970875,GM12878,0.89638054,1.0,1
ENSG00000089818,1.5516772,1.1906118,GM12878,0.7013966,1.0,1
ENSG00000089818,1.8894088,1.1906118,GM12878,0.8011797,0.95894426,1
ENSG00000090376,-0.74209976,-0.92081875,GM12878,0.98350346,1.0,1
ENSG00000090382,0.42269972,1.477266,GM12878,0.84461474,1.0,1
ENSG00000090612,0.72484756,0.68663627,GM12878,0.9306956,0.8636364,1
ENSG00000090612,0.7379705,0.68663627,GM12878,0.8193487,0.7702703,1
ENSG00000090612,0.96761465,0.68663627,GM12878,0.892658,0.34538153,1
ENSG00000090615,1.4079689,1.148911,GM12878,0.9298794,1.0,1
ENSG00000091039,1.3236029,1.5323721,GM12878,0.9202117,1.0,1
ENSG00000091039,1.1775751,1.5323721,GM12878,0.87606627,1.0,1
ENSG00000091039,1.1826473,1.5323721,GM12878,0.597362,0.31226766,1
ENSG00000091106,-0.10560402,-0.85387194,GM12878,0.9746294,1.0,1
ENSG00000091106,-0.18337359,-0.85387194,GM12878,0.9687613,1.0,1
ENSG00000091409,-0.5900053,-0.92081875,GM12878,0.99215126,1.0,1
ENSG00000091409,-0.6405838,-0.92081875,GM12878,0.9949831,1.0,1
ENSG00000091428,-0.8029949,-0.4089354,GM12878,0.9863495,1.0,1
ENSG00000091428,-0.83202666,-0.4089354,GM12878,0.9902064,1.0,1
ENSG00000091436,1.1733048,1.3378584,GM12878,0.8267005,1.0,1
ENSG00000092841,1.8302028,3.0676584,GM12878,0.7530307,1.0,1
ENSG00000092841,1.8706386,3.0676584,GM12878,0.8696182,1.0,1
ENSG00000092841,1.836338,3.0676584,GM12878,0.87416345,1.0,1
ENSG00000092841,1.9002427,3.0676584,GM12878,0.8646784,1.0,1
ENSG00000092841,1.9075074,3.0676584,GM12878,0.81160194,1.0,1
ENSG00000092841,1.7921195,3.0676584,GM12878,0.8638008,0.9697458,1
ENSG00000092841,1.9149226,3.0676584,GM12878,0.8246179,0.07447057,1
ENSG00000094914,0.979746,1.8744239,GM12878,0.8032003,1.0,1
ENSG00000094914,1.2668432,1.8744239,GM12878,0.9575142,0.97541666,1
ENSG00000094916,1.3474994,1.8588979,GM12878,0.92250305,1.0,1
ENSG00000094916,1.5672503,1.8588979,GM12878,0.9307241,1.0,1
ENSG00000095002,1.3042201,1.9315088,GM12878,0.9352935,1.0,1
ENSG00000095002,1.3765681,1.9315088,GM12878,0.94829285,1.0,1
ENSG00000102189,1.3183253,0.5965971,GM12878,0.93863237,1.0,1
ENSG00000102189,1.181857,0.5965971,GM12878,0.9204257,1.0,1
ENSG00000110801,1.5549089,1.7159199,GM12878,0.8459563,1.0,1
ENSG00000110801,1.3401208,1.7159199,GM12878,0.9196712,0.52356213,1
ENSG00000110801,1.5656681,1.7159199,GM12878,0.73184246,0.2872928,1
ENSG00000110841,0.08035414,0.17609125,GM12878,0.9539243,1.0,1
ENSG00000110844,0.30383226,0.587711,GM12878,0.90551573,1.0,1
ENSG00000110844,0.19950579,0.587711,GM12878,0.95429176,1.0,1
ENSG00000110848,1.5391109,1.7195798,GM12878,0.92166626,1.0,1
ENSG00000110848,1.4401431,1.7195798,GM12878,0.87190974,1.0,1
ENSG00000110848,1.3698786,1.7195798,GM12878,0.8371612,1.0,1
ENSG00000110851,1.3906543,1.1945144,GM12878,0.7388311,1.0,1
ENSG00000110852,-0.16479212,0.5888317,GM12878,0.9718587,1.0,1
ENSG00000110852,0.013428073,0.5888317,GM12878,0.934322,1.0,1
ENSG00000110852,-0.17510273,0.5888317,GM12878,0.6881958,0.8680352,1
ENSG00000110871,1.5404663,1.6590601,GM12878,0.9299182,1.0,1
ENSG00000110871,1.216172,1.6590601,GM12878,0.9347614,0.9988799,1
ENSG00000110871,1.0162963,1.6590601,GM12878,0.86588776,0.04121864,1
ENSG00000110880,1.6648924,2.3280737,GM12878,0.9046983,1.0,1
ENSG00000110880,1.7013931,2.3280737,GM12878,0.90252763,1.0,1
ENSG00000110881,-0.20445223,0.20951502,GM12878,0.988468,1.0,1
ENSG00000110888,0.97633195,1.0265332,GM12878,0.87978494,1.0,1
ENSG00000110888,1.1556193,1.0265332,GM12878,0.8737227,1.0,1
ENSG00000110888,0.9940617,1.0265332,GM12878,0.8427039,1.0,1
ENSG00000110888,1.0347983,1.0265332,GM12878,0.81961226,0.25040388,1
ENSG00000110888,1.1025908,1.0265332,GM12878,0.5306598,0.9846154,1
ENSG00000110888,1.1542021,1.0265332,GM12878,0.577881,0.6297663,1
ENSG00000110888,1.076577,1.0265332,GM12878,0.8703246,0.3457189,1
ENSG00000110906,1.2987556,1.4665711,GM12878,0.8436693,1.0,1
ENSG00000110906,1.2987556,1.4665711,GM12878,0.8436693,1.0,1
ENSG00000110906,1.1630857,1.4665711,GM12878,0.92293704,1.0,1
ENSG00000110906,1.4758388,1.4665711,GM12878,0.756838,1.0,1
ENSG00000110906,1.4758388,1.4665711,GM12878,0.756838,0.73277557,1
ENSG00000110911,1.3230983,1.6755034,GM12878,0.896029,1.0,1
ENSG00000110917,1.4222708,1.5609821,GM12878,0.9577399,1.0,1
ENSG00000110917,1.50299,1.5609821,GM12878,0.94930696,1.0,1
ENSG00000110917,1.5963379,1.5609821,GM12878,0.85693616,1.0,1
ENSG00000110921,1.5256393,1.4432629,GM12878,0.85788476,1.0,1
ENSG00000110921,1.0882393,1.4432629,GM12878,0.8598839,1.0,1
ENSG00000110921,1.6554115,1.4432629,GM12878,0.8725935,0.8910082,1
ENSG00000110921,1.5509996,1.4432629,GM12878,0.9170353,0.8161889,1
ENSG00000110925,0.6585295,0.8915374,GM12878,0.94379157,1.0,1
ENSG00000110925,0.71641105,0.8915374,GM12878,0.90329236,1.0,1
ENSG00000110931,1.0388336,1.1869563,GM12878,0.826209,1.0,1
ENSG00000110931,1.0158826,1.1869563,GM12878,0.767485,1.0,1
ENSG00000110931,1.0559797,1.1869563,GM12878,0.59193873,0.122857146,1
ENSG00000110931,1.2051873,1.1869563,GM12878,0.854856,0.8297587,1
ENSG00000110934,-0.43462577,-0.537602,GM12878,0.9584289,1.0,1
ENSG00000110944,0.23941706,1.0174507,GM12878,0.9518152,1.0,1
ENSG00000110955,1.6879423,3.3983412,GM12878,0.93616986,1.0,1
ENSG00000110958,1.5289268,2.114244,GM12878,0.8397278,1.0,1
ENSG00000110958,1.6410047,2.114244,GM12878,0.88139033,1.0,1
ENSG00000110958,1.8614832,2.114244,GM12878,0.82180613,1.0,1
ENSG00000110958,1.7934607,2.114244,GM12878,0.941676,0.88235295,1
ENSG00000110958,1.6410047,2.114244,GM12878,0.88139033,0.9948186,1
ENSG00000110958,2.0238047,2.114244,GM12878,0.8144214,0.86775446,1
ENSG00000110958,1.9663813,2.114244,GM12878,0.89477617,0.9996437,1
ENSG00000110987,1.1499616,0.9561684,GM12878,0.8509231,1.0,1
ENSG00000110987,1.0493336,0.9561684,GM12878,0.9594035,1.0,1
ENSG00000111011,1.4943047,1.7259933,GM12878,0.9347285,1.0,1
ENSG00000111011,1.6710049,1.7259933,GM12878,0.8925147,0.70385605,1
ENSG00000111011,1.6149265,1.7259933,GM12878,0.92123234,0.99866134,1
ENSG00000111012,-0.25487065,0.5820634,GM12878,0.98499584,1.0,1
ENSG00000111057,1.7082889,2.4412708,GM12878,0.8523073,1.0,1
ENSG00000111057,1.6654919,2.4412708,GM12878,0.89383554,1.0,1
ENSG00000111057,1.5435572,2.4412708,GM12878,0.9267402,1.0,1
ENSG00000111087,0.16937937,-0.14874165,GM12878,0.9659963,1.0,1
ENSG00000111087,0.16478512,-0.14874165,GM12878,0.9569573,1.0,1
ENSG00000111110,0.32583866,0.63848925,GM12878,0.9556806,1.0,1
ENSG00000111110,0.23363619,0.63848925,GM12878,0.9096234,1.0,1
ENSG00000111110,0.034131404,0.63848925,GM12878,0.9580667,1.0,1
ENSG00000111110,-0.048639428,0.63848925,GM12878,0.9622598,1.0,1
ENSG00000111142,1.7464225,2.1322596,GM12878,0.88616455,1.0,1
ENSG00000111142,1.3787773,2.1322596,GM12878,0.9429674,1.0,1
ENSG00000111142,1.7464225,2.1322596,GM12878,0.88616455,0.942899,1
ENSG00000111142,1.6568556,2.1322596,GM12878,0.9069546,0.99957174,1
ENSG00000111144,0.97360635,1.5805829,GM12878,0.9051726,1.0,1
ENSG00000111144,1.1740307,1.5805829,GM12878,0.88491803,0.89862496,1
ENSG00000111144,1.1380175,1.5805829,GM12878,0.9159059,0.06234414,1
ENSG00000111144,0.70973253,1.5805829,GM12878,0.82659006,0.022925764,1
ENSG00000111145,-0.022883672,-0.013228266,GM12878,0.97298855,1.0,1
ENSG00000111145,0.3996586,-0.013228266,GM12878,0.94241506,1.0,1
ENSG00000111196,1.4063494,1.6009729,GM12878,0.9084316,1.0,1
ENSG00000111196,1.0279638,1.6009729,GM12878,0.9094139,0.5342679,1
ENSG00000111203,1.153524,1.0733517,GM12878,0.87975085,1.0,1
ENSG00000111203,1.4851995,1.0733517,GM12878,0.884962,1.0,1
ENSG00000111206,1.5122224,0.99782306,GM12878,0.8671751,1.0,1
ENSG00000111206,1.4823797,0.99782306,GM12878,0.9224026,1.0,1
ENSG00000111206,1.6609275,0.99782306,GM12878,0.79517514,0.06612685,1
ENSG00000111206,1.6535399,0.99782306,GM12878,0.70670664,0.7301855,1
ENSG00000111224,0.40108153,-0.5086383,GM12878,0.9371512,1.0,1
ENSG00000111224,0.28021342,-0.5086383,GM12878,0.87034774,1.0,1
ENSG00000111229,1.0846038,1.7294078,GM12878,0.7773831,1.0,1
ENSG00000111231,1.4537951,1.7625285,GM12878,0.94729316,1.0,1
ENSG00000111237,1.2429092,2.2845435,GM12878,0.596769,0.055408534,1
ENSG00000111237,1.2602262,2.2845435,GM12878,0.5711332,0.46666044,1
ENSG00000111247,1.647088,1.8617135,GM12878,0.9171568,1.0,1
ENSG00000111247,1.7981405,1.8617135,GM12878,0.8076011,0.15399121,1
ENSG00000111247,1.6785629,1.8617135,GM12878,0.88376516,0.9311657,1
ENSG00000111247,1.6785629,1.8617135,GM12878,0.88376516,0.9927441,1
ENSG00000111247,1.4987249,1.8617135,GM12878,0.87291026,0.5789816,1
ENSG00000111247,1.4678764,1.8617135,GM12878,0.90368646,0.09753832,1
ENSG00000111252,1.0080764,1.3789427,GM12878,0.95780957,1.0,1
ENSG00000111261,1.0028212,0.19589965,GM12878,0.9184962,1.0,1
ENSG00000111266,0.82013553,0.9449759,GM12878,0.9289492,1.0,1
ENSG00000111269,0.90353906,0.5987905,GM12878,0.8378641,1.0,1
ENSG00000111271,1.4107001,1.0962145,GM12878,0.84466344,1.0,1
ENSG00000111271,1.2294492,1.0962145,GM12878,0.906056,1.0,1
ENSG00000111271,1.1996228,1.0962145,GM12878,0.6833549,0.45,1
ENSG00000111271,1.4325901,1.0962145,GM12878,0.90435296,1.0,1
ENSG00000111271,1.1625354,1.0962145,GM12878,0.93780786,0.9701493,1
ENSG00000111275,0.6734525,1.2237555,GM12878,0.95362836,1.0,1
ENSG00000111275,0.7582706,1.2237555,GM12878,0.89704716,1.0,1
ENSG00000111275,0.7230046,1.2237555,GM12878,0.95070714,0.047309835,1
ENSG00000111276,1.7184939,1.0244857,GM12878,0.8084094,1.0,1
ENSG00000111300,1.4702,1.5972563,GM12878,0.8658595,1.0,1
ENSG00000111300,1.1570667,1.5972563,GM12878,0.8367432,1.0,1
ENSG00000111300,1.3844279,1.5972563,GM12878,0.86947143,0.14213625,1
ENSG00000111300,1.1558276,1.5972563,GM12878,0.91724116,0.8578637,1
ENSG00000111300,1.082588,1.5972563,GM12878,0.55444765,0.021026073,1
ENSG00000111319,-0.505161,-0.61978877,GM12878,0.98481107,1.0,1
ENSG00000111319,-0.5116913,-0.61978877,GM12878,0.98175895,1.0,1
ENSG00000111319,-0.54238725,-0.61978877,GM12878,0.97971696,1.0,1
ENSG00000111325,1.4805334,1.4266739,GM12878,0.87620556,1.0,1
ENSG00000111325,1.7325598,1.4266739,GM12878,0.86167425,1.0,1
ENSG00000111325,1.4734335,1.4266739,GM12878,0.91271037,1.0,1
ENSG00000111325,1.7448927,1.4266739,GM12878,0.8604314,1.0,1
ENSG00000111325,1.7332889,1.4266739,GM12878,0.858532,0.38821137,1
ENSG00000111325,1.5119941,1.4266739,GM12878,0.86305714,0.060568605,1
ENSG00000111325,1.3234746,1.4266739,GM12878,0.89050823,0.3888889,1
ENSG00000111328,0.8668138,1.905364,GM12878,0.64309824,1.0,1
ENSG00000111328,0.8668138,1.905364,GM12878,0.64309824,1.0,1
ENSG00000111331,-0.1768626,-0.14874165,GM12878,0.96439284,1.0,1
ENSG00000111331,-0.043798883,-0.14874165,GM12878,0.9703658,1.0,1
ENSG00000111331,-0.15239146,-0.14874165,GM12878,0.976911,1.0,1
ENSG00000111348,0.48526397,1.0891984,GM12878,0.9515713,1.0,1
ENSG00000111358,1.366784,1.8342935,GM12878,0.8156191,1.0,1
ENSG00000111358,1.5314405,1.8342935,GM12878,0.8939183,0.5840046,1
ENSG00000111358,1.6099023,1.8342935,GM12878,0.8344381,0.94355965,1
ENSG00000111361,1.075531,1.6484576,GM12878,0.82369405,1.0,1
ENSG00000111361,1.5938251,1.6484576,GM12878,0.7729135,1.0,1
ENSG00000111361,1.4451425,1.6484576,GM12878,0.9169326,1.0,1
ENSG00000111364,1.5030158,1.6652995,GM12878,0.90485847,1.0,1
ENSG00000111371,0.9129492,1.5344069,GM12878,0.90001374,1.0,1
ENSG00000111371,0.9265344,1.5344069,GM12878,0.93335974,1.0,1
ENSG00000111371,0.9731097,1.5344069,GM12878,0.8666973,0.99778074,1
ENSG00000111371,1.143791,1.5344069,GM12878,0.86634105,0.041364606,1
ENSG00000111412,0.846074,0.7986506,GM12878,0.8978897,1.0,1
ENSG00000111412,0.9250882,0.7986506,GM12878,0.9281445,0.7328767,1
ENSG00000111424,-0.06525621,0.17318627,GM12878,0.9742541,1.0,1
ENSG00000111424,-0.17456894,0.17318627,GM12878,0.97828376,1.0,1
ENSG00000111424,-0.13356492,0.17318627,GM12878,0.964928,0.5089286,1
ENSG00000111445,1.521064,1.8686445,GM12878,0.7534948,1.0,1
ENSG00000111445,1.3536632,1.8686445,GM12878,0.57305515,0.29612947,1
ENSG00000111450,1.1967134,1.6092741,GM12878,0.9374717,1.0,1
ENSG00000111452,-0.47058398,0.7715875,GM12878,0.98743725,1.0,1
ENSG00000111481,1.9766858,2.5834029,GM12878,0.91091067,1.0,1
ENSG00000111481,1.7987292,2.5834029,GM12878,0.85223526,1.0,1
ENSG00000111481,1.8420038,2.5834029,GM12878,0.92637306,1.0,1
ENSG00000111481,1.9068457,2.5834029,GM12878,0.907549,1.0,1
ENSG00000111481,1.8786213,2.5834029,GM12878,0.7975104,0.96806204,1
ENSG00000111481,1.9446855,2.5834029,GM12878,0.8915756,0.9833247,1
ENSG00000111490,-0.83103967,-0.61978877,GM12878,0.9627414,1.0,1
ENSG00000111530,1.4211562,2.0729113,GM12878,0.886723,1.0,1
ENSG00000111530,1.682555,2.0729113,GM12878,0.8710835,1.0,1
ENSG00000111537,-0.4577341,-0.9586073,GM12878,0.9830518,1.0,1
ENSG00000111537,-0.37737453,-0.9586073,GM12878,0.9774865,1.0,1
ENSG00000111540,1.4020493,1.7817553,GM12878,0.9002736,1.0,1
ENSG00000111540,1.4705207,1.7817553,GM12878,0.9452207,0.994782,1
ENSG00000111554,1.0938305,1.0394142,GM12878,0.9341476,1.0,1
ENSG00000111554,0.9053144,1.0394142,GM12878,0.8695042,1.0,1
ENSG00000111554,0.8430629,1.0394142,GM12878,0.7793342,0.96039605,1
ENSG00000111554,0.6386851,1.0394142,GM12878,0.5725467,0.19381443,1
ENSG00000111554,0.9085973,1.0394142,GM12878,0.8701011,0.80618554,1
ENSG00000111554,0.9053144,1.0394142,GM12878,0.8695042,1.0,1
ENSG00000111581,1.5042007,2.2729318,GM12878,0.8087769,1.0,1
ENSG00000111581,1.567033,2.2729318,GM12878,0.9395314,0.99365366,1
ENSG00000111596,1.1056926,1.8489892,GM12878,0.90221274,1.0,1
ENSG00000111596,1.2890831,1.8489892,GM12878,0.899079,1.0,1
ENSG00000111596,0.82511795,1.8489892,GM12878,0.82973397,0.0,1
ENSG00000111602,1.2623413,1.09691,GM12878,0.92539084,1.0,1
ENSG00000111605,1.1616919,1.7075702,GM12878,0.57052106,1.0,1
ENSG00000111605,1.4658977,1.7075702,GM12878,0.9327117,1.0,1
ENSG00000111605,1.4349067,1.7075702,GM12878,0.91335154,1.0,1
ENSG00000111605,1.3946719,1.7075702,GM12878,0.9122351,1.0,1
ENSG00000111605,1.372179,1.7075702,GM12878,0.84217304,0.43953934,1
ENSG00000111615,1.193763,1.6179434,GM12878,0.9372739,1.0,1
ENSG00000111615,1.2045559,1.6179434,GM12878,0.9522157,0.20603836,1
ENSG00000111640,1.6539638,3.780303,GM12878,0.859018,1.0,1
ENSG00000111640,1.740639,3.780303,GM12878,0.9111385,1.0,1
ENSG00000111641,1.5133157,1.81697,GM12878,0.9581315,1.0,1
ENSG00000111641,1.4073752,1.81697,GM12878,0.56540614,0.031418525,1
ENSG00000111641,1.2502801,1.81697,GM12878,0.82225436,0.015474794,1
ENSG00000111644,-0.33335412,1.218798,GM12878,0.9793748,1.0,1
ENSG00000111647,1.0660126,1.1495271,GM12878,0.9447453,1.0,1
ENSG00000111652,1.2333348,1.4995496,GM12878,0.8196217,1.0,1
ENSG00000111653,1.1122453,1.3868555,GM12878,0.89580184,1.0,1
ENSG00000111653,0.9332272,1.3868555,GM12878,0.70194066,1.0,1
ENSG00000111653,0.91209793,1.3868555,GM12878,0.9342862,0.76649743,1
ENSG00000111653,1.3145413,1.3868555,GM12878,0.8273165,0.9263804,1
ENSG00000111664,-0.1614197,0.54406804,GM12878,0.9779253,1.0,1
ENSG00000111665,1.5639427,1.690639,GM12878,0.9217309,1.0,1
ENSG00000111665,1.6332631,1.690639,GM12878,0.8935144,1.0,1
ENSG00000111665,1.7634764,1.690639,GM12878,0.9492723,0.9242958,1
ENSG00000111666,1.2341969,1.7963661,GM12878,0.91800535,1.0,1
ENSG00000111666,1.4194672,1.7963661,GM12878,0.80740744,1.0,1
ENSG00000111666,1.1747967,1.7963661,GM12878,0.7912546,0.028457599,1
ENSG00000111667,1.6505005,1.602711,GM12878,0.94186914,1.0,1
ENSG00000111667,1.1758747,1.602711,GM12878,0.95042664,1.0,1
ENSG00000111667,1.6555212,1.602711,GM12878,0.75107926,1.0,1
ENSG00000111667,1.3694689,1.602711,GM12878,0.8491935,1.0,1
ENSG00000111667,1.4167213,1.602711,GM12878,0.8659736,1.0,1
ENSG00000111669,1.7002575,3.187828,GM12878,0.9231315,1.0,1
ENSG00000111670,0.7935829,1.1934029,GM12878,0.8284439,1.0,1
ENSG00000111670,0.8199721,1.1934029,GM12878,0.59160084,1.0,1
ENSG00000111674,0.46048728,1.652343,GM12878,0.80137455,1.0,1
ENSG00000111674,0.551618,1.652343,GM12878,0.8038144,1.0,1
ENSG00000111674,0.68130314,1.652343,GM12878,0.88038754,1.0,1
ENSG00000111674,0.300302,1.652343,GM12878,0.97053,1.0,1
ENSG00000111674,0.32021338,1.652343,GM12878,0.9777179,1.0,1
ENSG00000111674,0.21710579,1.652343,GM12878,0.95962083,1.0,1
ENSG00000111674,0.43171632,1.652343,GM12878,0.9072312,1.0,1
ENSG00000111676,1.093697,0.651278,GM12878,0.95478106,1.0,1
ENSG00000111678,1.4670136,2.3016593,GM12878,0.7667255,1.0,1
ENSG00000111678,1.4611825,2.3016593,GM12878,0.76098776,1.0,1
ENSG00000111678,1.3158416,2.3016593,GM12878,0.7810033,1.0,1
ENSG00000111678,1.4552448,2.3016593,GM12878,0.7737582,1.0,1
ENSG00000111679,-0.33191216,0.67394197,GM12878,0.9829101,1.0,1
ENSG00000111679,-0.05167601,0.67394197,GM12878,0.9516979,1.0,1
ENSG00000111684,1.5538098,1.5936183,GM12878,0.9463246,1.0,1
ENSG00000111684,1.328042,1.5936183,GM12878,0.7093717,0.97394544,1
ENSG00000111696,1.5307183,0.83569056,GM12878,0.8343035,1.0,1
ENSG00000111696,1.1981059,0.83569056,GM12878,0.92647433,1.0,1
ENSG00000111707,1.7432928,1.3453737,GM12878,0.8788134,1.0,1
ENSG00000111711,0.84790075,1.3100557,GM12878,0.8892933,1.0,1
ENSG00000111711,0.9772738,1.3100557,GM12878,0.9165764,1.0,1
ENSG00000111711,0.9772738,1.3100557,GM12878,0.9165764,0.31460676,1
ENSG00000111711,1.1526644,1.3100557,GM12878,0.9063572,0.0,1
ENSG00000111711,0.87165606,1.3100557,GM12878,0.9076934,0.046457607,1
ENSG00000111711,1.1526644,1.3100557,GM12878,0.9063572,0.96702003,1
ENSG00000111716,1.0635161,2.9872193,GM12878,0.9447731,1.0,1
ENSG00000111725,1.5210079,1.9398686,GM12878,0.79255444,1.0,1
ENSG00000111725,1.7561507,1.9398686,GM12878,0.94274944,1.0,1
ENSG00000111726,1.2872329,1.746167,GM12878,0.91161853,1.0,1
ENSG00000111726,1.1706127,1.746167,GM12878,0.9301201,0.6717835,1
ENSG00000111727,0.9616569,0.59217674,GM12878,0.75709176,1.0,1
ENSG00000111727,1.1226448,0.59217674,GM12878,0.83545107,0.42628205,1
ENSG00000111729,-0.4844316,-0.43179828,GM12878,0.83326566,1.0,1
ENSG00000111731,1.0960206,1.2664669,GM12878,0.88501376,1.0,1
ENSG00000111731,0.9949353,1.2664669,GM12878,0.82630694,0.006451613,1
ENSG00000111731,0.7815286,1.2664669,GM12878,0.48212215,0.0070967744,1
ENSG00000111737,1.2301397,1.4988617,GM12878,0.8223218,1.0,1
ENSG00000111737,0.95406353,1.4988617,GM12878,0.8703644,0.76766855,1
ENSG00000111737,1.039711,1.4988617,GM12878,0.9137734,0.0021513088,1
ENSG00000111752,0.12879841,1.071882,GM12878,0.91013026,1.0,1
ENSG00000111752,0.84637856,1.071882,GM12878,0.44782883,0.0,1
ENSG00000111752,0.26984853,1.071882,GM12878,0.9013081,0.4009662,1
ENSG00000111775,1.6885736,2.8180676,GM12878,0.82057184,1.0,1
ENSG00000111785,1.2911927,0.7551123,GM12878,0.93101096,1.0,1
ENSG00000111785,1.2083222,0.7551123,GM12878,0.84996086,1.0,1
ENSG00000111785,0.79664636,0.7551123,GM12878,0.87903464,0.19915254,1
ENSG00000111785,0.94887733,0.7551123,GM12878,0.8074029,0.20547946,1
ENSG00000111786,1.5122972,2.1542413,GM12878,0.9507468,1.0,1
ENSG00000111790,1.5802279,1.5150787,GM12878,0.9278123,1.0,1
ENSG00000111790,1.3251027,1.5150787,GM12878,0.9225197,0.60135645,1
ENSG00000112787,0.87069416,0.39967373,GM12878,0.5715092,1.0,1
ENSG00000112787,0.26301008,0.39967373,GM12878,0.9399902,1.0,1
ENSG00000114942,1.3216038,2.8967025,GM12878,0.80184615,1.0,1
ENSG00000114942,1.8644202,2.8967025,GM12878,0.85335076,1.0,1
ENSG00000114942,1.5494242,2.8967025,GM12878,0.78168917,1.0,1
ENSG00000114942,1.6404877,2.8967025,GM12878,0.86578023,1.0,1
ENSG00000114956,1.8745012,2.0667357,GM12878,0.9421844,1.0,1
ENSG00000114956,1.7517128,2.0667357,GM12878,0.8437652,0.109127864,1
ENSG00000114978,1.1962861,1.7536596,GM12878,0.9328395,1.0,1
ENSG00000114982,1.5017991,1.3937507,GM12878,0.8407021,1.0,1
ENSG00000114982,1.5915458,1.3937507,GM12878,0.903006,0.8035714,1
ENSG00000114982,1.7205548,1.3937507,GM12878,0.83661157,0.0123152705,1
ENSG00000114982,1.3675586,1.3937507,GM12878,0.61548537,0.1841133,1
ENSG00000114982,1.2509968,1.3937507,GM12878,0.86964744,0.8158867,1
ENSG00000114988,0.95480585,1.1051694,GM12878,0.9599444,1.0,1
ENSG00000114988,1.3892303,1.1051694,GM12878,0.9137635,1.0,1
ENSG00000114988,1.4715543,1.1051694,GM12878,0.9346302,1.0,1
ENSG00000114988,1.4750026,1.1051694,GM12878,0.9206517,1.0,1
ENSG00000114988,0.9010499,1.1051694,GM12878,0.7004511,0.0,1
ENSG00000114988,1.2293546,1.1051694,GM12878,0.9287544,0.9781161,1
ENSG00000114988,1.1031275,1.1051694,GM12878,0.9449027,0.9781161,1
ENSG00000114993,-0.50907093,0.41329977,GM12878,0.98619056,1.0,1
ENSG00000114999,0.9232328,1.3848908,GM12878,0.93568504,1.0,1
ENSG00000115008,-0.18506935,-0.79588,GM12878,0.9482272,1.0,1
ENSG00000115008,-0.11472362,-0.79588,GM12878,0.97858363,1.0,1
ENSG00000115008,-0.25153682,-0.79588,GM12878,0.96942097,1.0,1
ENSG00000115008,-0.041432533,-0.79588,GM12878,0.94976807,1.0,1
ENSG00000115008,-0.15436211,-0.79588,GM12878,0.9431296,1.0,1
ENSG00000115020,1.3347527,1.2375437,GM12878,0.9411302,1.0,1
ENSG00000115020,1.1362362,1.2375437,GM12878,0.81204087,1.0,1
ENSG00000115020,1.4422462,1.2375437,GM12878,0.7221303,0.0,1
ENSG00000115020,1.5991001,1.2375437,GM12878,0.9175994,0.14436619,1
ENSG00000115020,1.3445649,1.2375437,GM12878,0.8912892,0.9707769,1
ENSG00000115020,1.2814589,1.2375437,GM12878,0.86005145,0.92523366,1
ENSG00000115042,0.73802954,1.5700758,GM12878,0.85768956,1.0,1
ENSG00000115053,1.9505086,2.1045213,GM12878,0.8385657,1.0,1
ENSG00000115053,1.9410839,2.1045213,GM12878,0.9132738,1.0,1
ENSG00000115073,1.605952,1.542701,GM12878,0.9198507,1.0,1
ENSG00000115084,1.4575188,1.5456781,GM12878,0.8783155,1.0,1
ENSG00000115085,-0.6050834,-0.4089354,GM12878,0.9913378,1.0,1
ENSG00000115091,1.2658011,2.369976,GM12878,0.87016076,1.0,1
ENSG00000115091,1.339375,2.369976,GM12878,0.81902945,1.0,1
ENSG00000115107,1.0094949,0.88479537,GM12878,0.9356863,1.0,1
ENSG00000115107,0.8929723,0.88479537,GM12878,0.9362499,0.91101694,1
ENSG00000115107,0.89463264,0.88479537,GM12878,0.61849266,0.961183,1
ENSG00000115107,0.96528435,0.88479537,GM12878,0.96141076,0.018518519,1
ENSG00000115109,0.5096927,0.991669,GM12878,0.8420032,1.0,1
ENSG00000115109,0.20125641,0.991669,GM12878,0.9168091,1.0,1
ENSG00000115109,0.5788923,0.991669,GM12878,0.87659615,0.8786982,1
ENSG00000115112,-0.48047137,-0.45593196,GM12878,0.9913106,1.0,1
ENSG00000115128,1.3565092,2.504566,GM12878,0.92000353,1.0,1
ENSG00000115128,1.1773205,2.504566,GM12878,0.9437139,1.0,1
ENSG00000115129,1.3026656,0.54777473,GM12878,0.9079283,1.0,1
ENSG00000115129,1.1838584,0.54777473,GM12878,0.9028818,1.0,1
ENSG00000115129,1.2742376,0.54777473,GM12878,0.89951134,0.64705884,1
ENSG00000115137,1.2679173,0.5211381,GM12878,0.839602,1.0,1
ENSG00000115137,1.2679173,0.5211381,GM12878,0.839602,0.75982535,1
ENSG00000115137,1.2556174,0.5211381,GM12878,0.9039321,0.14285715,1
ENSG00000115137,1.4153992,0.5211381,GM12878,0.80593234,0.1124031,1
ENSG00000115145,0.7875166,0.9813655,GM12878,0.9012317,1.0,1
ENSG00000115155,-0.73078364,-0.82390875,GM12878,0.98815954,1.0,1
ENSG00000115155,-0.72200793,-0.82390875,GM12878,0.99088985,1.0,1
ENSG00000115159,0.4179385,1.0476642,GM12878,0.9539988,1.0,1
ENSG00000115159,0.5037171,1.0476642,GM12878,0.9617382,1.0,1
ENSG00000115163,1.2492006,1.6607707,GM12878,0.93761355,1.0,1
ENSG00000115163,1.4526111,1.6607707,GM12878,0.8867336,0.68728286,1
ENSG00000115165,-0.5307136,-0.7695511,GM12878,0.98170865,1.0,1
ENSG00000115165,-0.56972176,-0.7695511,GM12878,0.9735822,1.0,1
ENSG00000115165,-0.59761524,-0.7695511,GM12878,0.95562303,1.0,1
ENSG00000115204,1.0290955,2.048442,GM12878,0.87846226,1.0,1
ENSG00000115204,1.2930938,2.048442,GM12878,0.8698821,1.0,1
ENSG00000115207,1.3229084,1.9230367,GM12878,0.88976216,1.0,1
ENSG00000115207,1.3229084,1.9230367,GM12878,0.88976216,1.0,1
ENSG00000115211,1.1977725,1.6626635,GM12878,0.93455774,1.0,1
ENSG00000115216,1.6158543,1.7903556,GM12878,0.91736627,1.0,1
ENSG00000115232,-0.49002534,-0.19382003,GM12878,0.97759056,1.0,1
ENSG00000115232,-0.11747691,-0.19382003,GM12878,0.94619167,1.0,1
ENSG00000115233,1.5013112,2.1515844,GM12878,0.81083244,1.0,1
ENSG00000115233,1.4563204,2.1515844,GM12878,0.9368393,1.0,1
ENSG00000115233,1.4733672,2.1515844,GM12878,0.8400807,1.0,1
ENSG00000115233,1.3919353,2.1515844,GM12878,0.8447378,1.0,1
ENSG00000115234,1.5366697,1.6115109,GM12878,0.8330231,1.0,1
ENSG00000115234,1.4968911,1.6115109,GM12878,0.8141035,0.8955345,1
ENSG00000115234,1.4900405,1.6115109,GM12878,0.86177397,0.9722922,1
ENSG00000115234,1.4900405,1.6115109,GM12878,0.86177397,0.9886968,1
ENSG00000115234,1.3939825,1.6115109,GM12878,0.8901344,0.052186176,1
ENSG00000115234,1.0950885,1.6115109,GM12878,0.89173734,0.9969282,1
ENSG00000115239,0.9563165,1.4225899,GM12878,0.89282674,1.0,1
ENSG00000115239,0.9563165,1.4225899,GM12878,0.89282674,1.0,1
ENSG00000115239,0.9173453,1.4225899,GM12878,0.90989345,0.83146065,1
ENSG00000115241,1.0690354,1.8093576,GM12878,0.9152819,1.0,1
ENSG00000115271,-0.493688,-0.537602,GM12878,0.9432715,1.0,1
ENSG00000115274,1.5608302,0.77451694,GM12878,0.876123,1.0,1
ENSG00000115274,1.4232736,0.77451694,GM12878,0.9092672,1.0,1
ENSG00000115274,1.1671209,0.77451694,GM12878,0.87927604,1.0,1
ENSG00000115274,1.0820657,0.77451694,GM12878,0.8812771,1.0,1
ENSG00000115275,1.3890377,1.5039268,GM12878,0.88754314,1.0,1
ENSG00000115275,1.7109882,1.5039268,GM12878,0.8690361,1.0,1
ENSG00000115282,1.3275489,1.1705551,GM12878,0.69581085,1.0,1
ENSG00000115282,1.3440396,1.1705551,GM12878,0.8900988,1.0,1
ENSG00000115282,1.1883619,1.1705551,GM12878,0.9066806,0.6763285,1
ENSG00000115289,1.3320388,1.3639878,GM12878,0.8781513,1.0,1
ENSG00000115289,1.320655,1.3639878,GM12878,0.9094462,1.0,1
ENSG00000115289,1.5928384,1.3639878,GM12878,0.8390855,1.0,1
ENSG00000115306,0.008654628,0.94841295,GM12878,0.9885959,1.0,1
ENSG00000115306,0.028998498,0.94841295,GM12878,0.98411405,1.0,1
ENSG00000115306,-0.16420464,0.94841295,GM12878,0.9666953,1.0,1
ENSG00000115307,1.6845088,2.0883842,GM12878,0.8390278,1.0,1
ENSG00000115310,1.4006274,2.053578,GM12878,0.74322766,1.0,1
ENSG00000115310,1.5070307,2.053578,GM12878,0.86708254,0.42436975,1
ENSG00000115310,1.3819032,2.053578,GM12878,0.71435314,0.1355094,1
ENSG00000115317,1.5564566,1.619615,GM12878,0.89741755,1.0,1
ENSG00000115317,1.3850484,1.619615,GM12878,0.91774964,0.9809886,1
ENSG00000115317,1.7679713,1.619615,GM12878,0.90059215,0.7462039,1
ENSG00000115318,-0.04286522,-0.036212172,GM12878,0.9729232,1.0,1
ENSG00000115325,1.3419933,0.96707976,GM12878,0.88943607,1.0,1
ENSG00000115325,1.0803137,0.96707976,GM12878,0.82339007,1.0,1
ENSG00000115325,1.1396085,0.96707976,GM12878,0.8853616,1.0,1
ENSG00000115325,0.8463839,0.96707976,GM12878,0.88774294,0.54910713,1
ENSG00000115339,-0.70116806,-0.85387194,GM12878,0.9868144,1.0,1
ENSG00000115350,0.81621754,1.6434526,GM12878,0.85809046,1.0,1
ENSG00000115350,0.68675566,1.6434526,GM12878,0.8838188,1.0,1
ENSG00000115355,1.1317707,1.7261565,GM12878,0.91378754,1.0,1
ENSG00000115355,1.2429086,1.7261565,GM12878,0.8980536,1.0,1
ENSG00000115355,1.1782055,1.7261565,GM12878,0.89050585,0.6755749,1
ENSG00000115355,0.9610081,1.7261565,GM12878,0.94233334,0.5144186,1
ENSG00000115355,1.2345597,1.7261565,GM12878,0.8609675,0.49126035,1
ENSG00000115355,1.0000297,1.7261565,GM12878,0.93835884,0.96688133,1
ENSG00000115365,0.99554086,1.6116171,GM12878,0.6665279,1.0,1
ENSG00000115365,1.1204468,1.6116171,GM12878,0.9368621,1.0,1
ENSG00000115368,1.5804946,1.839855,GM12878,0.8484797,1.0,1
ENSG00000115368,1.5637866,1.839855,GM12878,0.6927312,0.0028753993,1
ENSG00000115392,1.0346223,1.806587,GM12878,0.8719219,1.0,1
ENSG00000115392,1.1963886,1.806587,GM12878,0.84954417,0.95378417,1
ENSG00000115414,0.41293833,0.8785218,GM12878,0.8982875,1.0,1
ENSG00000115415,1.506504,1.2909245,GM12878,0.8373875,1.0,1
ENSG00000115415,1.6057783,1.2909245,GM12878,0.8433023,1.0,1
ENSG00000115415,1.5884223,1.2909245,GM12878,0.89551944,0.0039551747,1
ENSG00000115419,1.1826267,1.6270585,GM12878,0.80865633,1.0,1
ENSG00000115421,1.3489773,1.0674429,GM12878,0.84748685,1.0,1
ENSG00000115421,1.3096529,1.0674429,GM12878,0.8886141,0.9436039,1
ENSG00000115421,1.2878597,1.0674429,GM12878,0.7393464,0.9257221,1
ENSG00000115421,1.5200906,1.0674429,GM12878,0.9188459,0.98569727,1
ENSG00000115421,1.4482627,1.0674429,GM12878,0.9101892,0.86172837,1
ENSG00000115421,1.3752253,1.0674429,GM12878,0.8257924,0.014302742,1
ENSG00000115425,0.8178506,0.8102325,GM12878,0.9484558,1.0,1
ENSG00000115425,0.8957478,0.8102325,GM12878,0.830812,1.0,1
ENSG00000115425,0.43829617,0.8102325,GM12878,0.9142299,0.9926063,1
ENSG00000115446,1.467751,1.5594279,GM12878,0.8682893,1.0,1
ENSG00000115446,1.7181376,1.5594279,GM12878,0.8836717,1.0,1
ENSG00000115459,1.0297068,1.1215599,GM12878,0.8204297,1.0,1
ENSG00000115459,1.6015619,1.1215599,GM12878,0.80106884,0.8787879,1
ENSG00000115459,1.5098231,1.1215599,GM12878,0.7956277,0.97029704,1
ENSG00000115459,1.3829579,1.1215599,GM12878,0.6791295,0.5811966,1
ENSG00000115459,1.159549,1.1215599,GM12878,0.8998682,0.7777778,1
ENSG00000115459,0.96655583,1.1215599,GM12878,0.93281907,0.37738854,1
ENSG00000115464,1.3130248,1.7687861,GM12878,0.8469088,1.0,1
ENSG00000115464,1.4154702,1.7687861,GM12878,0.91285264,1.0,1
ENSG00000115464,1.1512833,1.7687861,GM12878,0.9451602,1.0,1
ENSG00000115484,1.3116114,2.3533392,GM12878,0.92008275,1.0,1
ENSG00000115484,1.4013711,2.3533392,GM12878,0.9144115,0.99017084,1
ENSG00000115486,1.371875,1.2166936,GM12878,0.9558628,1.0,1
ENSG00000115486,1.7238326,1.2166936,GM12878,0.48124525,1.0,1
ENSG00000115486,1.4834402,1.2166936,GM12878,0.6175616,1.0,1
ENSG00000115486,1.7427925,1.2166936,GM12878,0.8654723,1.0,1
ENSG00000115486,1.7226822,1.2166936,GM12878,0.68899244,0.6747503,1
ENSG00000115504,0.2673682,1.1832699,GM12878,0.78914136,0.26150393,1
ENSG00000115504,0.44240233,1.1832699,GM12878,0.9177408,0.33238232,1
ENSG00000115507,1.2621768,-0.49485,GM12878,0.7304374,1.0,1
ENSG00000115514,1.576309,1.6383893,GM12878,0.9272008,1.0,1
ENSG00000115520,1.1040325,0.30103,GM12878,0.9297974,1.0,1
ENSG00000115524,1.3380713,2.4675488,GM12878,0.8510363,1.0,1
ENSG00000115524,1.2876315,2.4675488,GM12878,0.92146003,1.0,1
ENSG00000115524,1.398704,2.4675488,GM12878,0.83285904,0.30440328,1
ENSG00000115525,1.1049225,0.85430604,GM12878,0.9256304,1.0,1
ENSG00000115526,0.83055764,1.2648178,GM12878,0.94471294,1.0,1
ENSG00000115526,1.3143709,1.2648178,GM12878,0.92753655,1.0,1
ENSG00000115526,1.3180709,1.2648178,GM12878,0.77533734,1.0,1
ENSG00000115539,1.0476519,1.2482185,GM12878,0.8545311,1.0,1
ENSG00000115539,1.1436664,1.2482185,GM12878,0.920612,1.0,1
ENSG00000115539,0.93463135,1.2482185,GM12878,0.62721854,1.0,1
ENSG00000115540,0.73680115,1.209515,GM12878,0.88603276,1.0,1
ENSG00000115540,0.73680115,1.209515,GM12878,0.88603276,0.49778622,1
ENSG00000115540,1.1457224,1.209515,GM12878,0.87577015,0.9728059,1
ENSG00000115541,1.6484373,2.3945918,GM12878,0.816208,1.0,1
ENSG00000115541,1.6484373,2.3945918,GM12878,0.816208,1.0,1
ENSG00000115541,1.6999241,2.3945918,GM12878,0.7838342,0.9993367,1
ENSG00000115548,1.4922504,1.7692295,GM12878,0.9352935,1.0,1
ENSG00000115561,0.8870673,1.4101021,GM12878,0.93860507,1.0,1
ENSG00000115561,0.8015375,1.4101021,GM12878,0.87823415,0.9814607,1
ENSG00000115568,1.3472496,0.4329693,GM12878,0.8692201,1.0,1
ENSG00000115568,1.0297971,0.4329693,GM12878,0.8510781,0.1875,1
ENSG00000115590,-0.6735666,-0.92081875,GM12878,0.9886177,1.0,1
ENSG00000115590,-0.59053063,-0.92081875,GM12878,0.9816876,1.0,1
ENSG00000115594,0.16050349,0.30963016,GM12878,0.95803267,1.0,1
ENSG00000115594,0.10373114,0.30963016,GM12878,0.9154238,1.0,1
ENSG00000115607,0.13216247,-0.13667715,GM12878,0.96484405,1.0,1
ENSG00000115616,0.41161573,0.18752073,GM12878,0.9432662,1.0,1
ENSG00000115641,1.0538999,1.0965624,GM12878,0.9173284,0.002469136,1
ENSG00000115641,1.1104505,1.0965624,GM12878,0.81448853,0.2709581,1
ENSG00000115649,1.2978443,1.3816565,GM12878,0.78463006,1.0,1
ENSG00000115649,1.31471,1.3816565,GM12878,0.90676147,1.0,1
ENSG00000115649,1.4584911,1.3816565,GM12878,0.8428411,1.0,1
ENSG00000115649,1.4600775,1.3816565,GM12878,0.833206,1.0,1
ENSG00000115652,1.1651347,1.2942457,GM12878,0.8639686,1.0,1
ENSG00000115657,0.92723286,1.422918,GM12878,0.9510212,1.0,1
ENSG00000115657,0.9058158,1.422918,GM12878,0.92015606,1.0,1
ENSG00000115661,1.4877558,1.4787108,GM12878,0.8827076,1.0,1
ENSG00000115661,1.2193842,1.4787108,GM12878,0.93567115,0.9543058,1
ENSG00000115677,0.83171636,2.0262473,GM12878,0.9537192,1.0,1
ENSG00000115677,0.90302426,2.0262473,GM12878,0.96669966,1.0,1
ENSG00000115677,0.98969007,2.0262473,GM12878,0.79600865,0.0,1
ENSG00000115685,1.2904729,1.6084191,GM12878,0.78110284,1.0,1
ENSG00000115685,1.2904729,1.6084191,GM12878,0.78110284,1.0,1
ENSG00000115685,1.0435338,1.6084191,GM12878,0.9425394,0.11139241,1
ENSG00000115685,1.0435338,1.6084191,GM12878,0.9425394,0.97536945,1
ENSG00000115687,0.88475275,0.9537597,GM12878,0.89994514,1.0,1
ENSG00000115694,0.74277174,2.1803267,GM12878,0.8942642,1.0,1
ENSG00000115694,0.9041999,2.1803267,GM12878,0.9391703,1.0,1
ENSG00000115694,0.9063307,2.1803267,GM12878,0.94593626,0.9843057,1
ENSG00000115694,1.0610312,2.1803267,GM12878,0.9369388,0.771578,1
ENSG00000115694,1.3568058,2.1803267,GM12878,0.8841306,0.24150944,1
ENSG00000115738,1.0726862,1.2607867,GM12878,0.7605495,1.0,1
ENSG00000115750,0.8421602,1.0588055,GM12878,0.67473996,1.0,1
ENSG00000115750,1.3322718,1.0588055,GM12878,0.9317137,0.9504405,1
ENSG00000115756,0.898952,1.456973,GM12878,0.8790901,1.0,1
ENSG00000115756,0.99777544,1.456973,GM12878,0.9057011,1.0,1
ENSG00000115756,0.7502071,1.456973,GM12878,0.9494675,1.0,1
ENSG00000115756,1.0215632,1.456973,GM12878,0.9242423,1.0,1
ENSG00000115756,1.1373485,1.456973,GM12878,0.8991331,0.3321033,1
ENSG00000115758,1.3693902,2.5652337,GM12878,0.94305414,1.0,1
ENSG00000115758,1.3406571,2.5652337,GM12878,0.90727603,1.0,1
ENSG00000115760,0.9488449,1.7463228,GM12878,0.6680183,1.0,1
ENSG00000115760,1.2356377,1.7463228,GM12878,0.6569981,0.5196051,1
ENSG00000115761,1.3437343,1.5507175,GM12878,0.7719628,1.0,1
ENSG00000115761,1.2786041,1.5507175,GM12878,0.5278369,0.8523059,1
ENSG00000115761,1.1800072,1.5507175,GM12878,0.76860845,0.9392878,1
ENSG00000115762,0.97476375,1.6927588,GM12878,0.7196472,1.0,1
ENSG00000115762,1.0004249,1.6927588,GM12878,0.82485753,1.0,1
ENSG00000115762,1.1116997,1.6927588,GM12878,0.8905173,1.0,1
ENSG00000115762,1.1116997,1.6927588,GM12878,0.8905173,0.98125,1
ENSG00000115762,1.1598004,1.6927588,GM12878,0.9055593,0.99749655,1
ENSG00000115806,1.533277,2.2171416,GM12878,0.8322372,1.0,1
ENSG00000115806,1.5294259,2.2171416,GM12878,0.7480722,0.70474124,1
ENSG00000115808,0.981336,1.343999,GM12878,0.8914793,1.0,1
ENSG00000115816,1.3633864,1.500648,GM12878,0.9471963,1.0,1
ENSG00000115825,0.9083066,1.2695129,GM12878,0.8695906,1.0,1
ENSG00000115827,1.1197532,1.3891661,GM12878,0.8802197,1.0,1
ENSG00000115827,1.1197532,1.3891661,GM12878,0.8802197,1.0,1
ENSG00000115827,1.1293008,1.3891661,GM12878,0.8126288,1.0,1
ENSG00000115827,1.3697165,1.3891661,GM12878,0.8908196,0.8977505,1
ENSG00000115827,1.0346419,1.3891661,GM12878,0.76462317,0.58030593,1
ENSG00000115839,1.5320749,1.2392995,GM12878,0.8855991,1.0,1
ENSG00000115839,1.4173143,1.2392995,GM12878,0.9049837,1.0,1
ENSG00000115839,1.5435841,1.2392995,GM12878,0.63874733,0.0,1
ENSG00000115840,0.9719465,1.3991543,GM12878,0.8959133,1.0,1
ENSG00000115840,0.9145205,1.3991543,GM12878,0.84630036,0.05656304,1
ENSG00000115840,0.8697213,1.3991543,GM12878,0.8678211,0.9981727,1
ENSG00000115841,0.4500263,0.17897695,GM12878,0.82623965,1.0,1
ENSG00000115841,0.41685706,0.17897695,GM12878,0.9144792,0.3119266,1
ENSG00000115850,-0.6221668,-0.92081875,GM12878,0.9896171,1.0,1
ENSG00000115866,1.6956766,2.2408736,GM12878,0.9063521,1.0,1
ENSG00000115866,1.5068667,2.2408736,GM12878,0.8782574,0.9185604,1
ENSG00000115875,1.7595494,2.6917796,GM12878,0.82135475,1.0,1
ENSG00000115875,1.9168832,2.6917796,GM12878,0.7390352,0.54516155,1
ENSG00000115875,1.450493,2.6917796,GM12878,0.92632514,0.19339581,1
ENSG00000115884,-0.16443859,0.09342168,GM12878,0.9911317,1.0,1
ENSG00000115896,0.9177624,1.0606978,GM12878,0.92881525,1.0,1
ENSG00000115896,0.9099817,1.0606978,GM12878,0.9107826,1.0,1
ENSG00000115902,1.152234,0.9068735,GM12878,0.8153709,1.0,1
ENSG00000115902,1.0485518,0.9068735,GM12878,0.95336944,0.9907039,1
ENSG00000115904,1.3901365,1.3314273,GM12878,0.8384471,1.0,1
ENSG00000115919,-0.18311594,0.96567196,GM12878,0.9616937,1.0,1
ENSG00000115919,-0.37073585,0.96567196,GM12878,0.97197413,0.77539504,1
ENSG00000115935,-0.5862077,0.24303804,GM12878,0.9832276,1.0,1
ENSG00000115935,-0.5705079,0.24303804,GM12878,0.98930335,1.0,1
ENSG00000115935,-0.66192406,0.24303804,GM12878,0.981402,1.0,1
ENSG00000115935,-0.7355125,0.24303804,GM12878,0.9903894,1.0,1
ENSG00000115942,1.2984772,1.1283993,GM12878,0.9141068,1.0,1
ENSG00000115944,1.4292737,2.1067007,GM12878,0.8798721,1.0,1
ENSG00000115944,1.4292737,2.1067007,GM12878,0.8798721,1.0,1
ENSG00000115944,0.8541609,2.1067007,GM12878,0.7881613,1.0,1
ENSG00000115946,1.6079965,1.2794387,GM12878,0.88366175,1.0,1
ENSG00000115946,1.5282683,1.2794387,GM12878,0.8065673,1.0,1
ENSG00000115947,1.375324,1.7611005,GM12878,0.8873264,1.0,1
ENSG00000115947,1.1249151,1.7611005,GM12878,0.80196214,1.0,1
ENSG00000115956,-0.43390867,-0.79588,GM12878,0.9687709,1.0,1
ENSG00000115956,-0.022726957,-0.79588,GM12878,0.9349954,1.0,1
ENSG00000115956,-0.42468542,-0.79588,GM12878,0.9717206,1.0,1
ENSG00000115966,1.5678436,1.9419584,GM12878,0.85451907,0.006829017,1
ENSG00000115966,1.3888346,1.9419584,GM12878,0.82452446,0.32899937,1
ENSG00000115966,1.3237834,1.9419584,GM12878,0.87650436,0.99808794,1
ENSG00000115966,1.4412205,1.9419584,GM12878,0.7670611,0.68267035,1
ENSG00000115966,1.2938961,1.9419584,GM12878,0.5835935,0.30421573,1
ENSG00000115970,1.0707432,1.1908917,GM12878,0.7455879,1.0,1
ENSG00000115970,0.9456204,1.1908917,GM12878,0.7847652,0.013513514,1
ENSG00000115977,1.2552581,0.5237465,GM12878,0.89487666,1.0,1
ENSG00000115993,1.3115239,0.8299467,GM12878,0.82959193,1.0,1
ENSG00000115993,1.0497404,0.8299467,GM12878,0.8433102,1.0,1
ENSG00000115998,1.3541253,0.7143298,GM12878,0.9325063,1.0,1
ENSG00000116001,1.5426655,1.9482663,GM12878,0.81410384,1.0,1
ENSG00000116001,1.5596163,1.9482663,GM12878,0.91708636,1.0,1
ENSG00000116001,1.5444009,1.9482663,GM12878,0.7172037,0.76545167,1
ENSG00000116005,1.2103097,1.0409977,GM12878,0.92364883,1.0,1
ENSG00000116016,0.5665635,0.86093664,GM12878,0.9307641,1.0,1
ENSG00000116016,0.55588305,0.86093664,GM12878,0.9103079,1.0,1
ENSG00000116016,0.35599816,0.86093664,GM12878,0.94704324,1.0,1
ENSG00000116030,0.9859141,1.7703364,GM12878,0.72065663,1.0,1
ENSG00000116030,0.9881704,1.7703364,GM12878,0.5992898,0.9948718,1
ENSG00000116030,1.0095593,1.7703364,GM12878,0.6907604,0.69074935,1
ENSG00000116062,1.3464327,1.7057782,GM12878,0.8905903,1.0,1
ENSG00000116062,1.2317609,1.7057782,GM12878,0.92726094,0.110888444,1
ENSG00000116095,1.0344985,1.172311,GM12878,0.8098551,1.0,1
ENSG00000116095,1.1778896,1.172311,GM12878,0.9185567,1.0,1
ENSG00000116096,0.54882586,1.2579185,GM12878,0.89608115,1.0,1
ENSG00000116120,1.3514463,1.774444,GM12878,0.81084806,1.0,1
ENSG00000116127,0.7570957,0.9334873,GM12878,0.90303683,1.0,1
ENSG00000116127,0.68021035,0.9334873,GM12878,0.90568966,0.17351598,1
ENSG00000116127,0.76515025,0.9334873,GM12878,0.8065992,0.9183938,1
ENSG00000118242,0.77538896,0.20139712,GM12878,0.8952643,1.0,1
ENSG00000118246,1.6042848,1.5659658,GM12878,0.88546026,1.0,1
ENSG00000118246,0.91744626,1.5659658,GM12878,0.9070429,1.0,1
ENSG00000118246,1.4636794,1.5659658,GM12878,0.9152884,1.0,1
ENSG00000118246,1.2293084,1.5659658,GM12878,0.9185688,1.0,1
ENSG00000118246,1.3620645,1.5659658,GM12878,0.94101554,1.0,1
ENSG00000118246,1.6001712,1.5659658,GM12878,0.9169884,1.0,1
ENSG00000118260,1.1363661,1.5997739,GM12878,0.8535901,1.0,1
ENSG00000118260,1.5747894,1.5997739,GM12878,0.78268385,1.0,1
ENSG00000118260,1.5632501,1.5997739,GM12878,0.7876527,1.0,1
ENSG00000118260,1.169067,1.5997739,GM12878,0.8863638,1.0,1
ENSG00000118260,1.1328695,1.5997739,GM12878,0.85259014,1.0,1
ENSG00000118260,1.3427358,1.5997739,GM12878,0.95023286,1.0,1
ENSG00000118260,1.280366,1.5997739,GM12878,0.90211016,1.0,1
ENSG00000118260,1.4294912,1.5997739,GM12878,0.6430946,0.2573052,1
ENSG00000118307,0.6649806,-0.61978877,GM12878,0.8988653,1.0,1
ENSG00000118308,-0.042847704,1.0572857,GM12878,0.9621079,1.0,1
ENSG00000118308,0.34417233,1.0572857,GM12878,0.79129905,0.22782609,1
ENSG00000118308,-0.12376803,1.0572857,GM12878,0.9700052,0.75272727,1
ENSG00000118308,-0.15325704,1.0572857,GM12878,0.9670302,0.95780593,1
ENSG00000118308,-0.07628265,1.0572857,GM12878,0.9721672,0.98480666,1
ENSG00000118600,1.0498302,1.1610684,GM12878,0.9077163,1.0,1
ENSG00000118600,1.2130735,1.1610684,GM12878,0.91219074,0.007231405,1
ENSG00000118640,1.3974247,2.3129175,GM12878,0.8601804,1.0,1
ENSG00000118960,0.5312815,0.587711,GM12878,0.9086507,1.0,1
ENSG00000118960,0.6730515,0.587711,GM12878,0.91031575,1.0,1
ENSG00000118961,1.2510227,1.6205524,GM12878,0.9492581,1.0,1
ENSG00000118961,1.3946373,1.6205524,GM12878,0.9212224,1.0,1
ENSG00000118961,0.77585083,1.6205524,GM12878,0.90899444,0.85960317,1
ENSG00000118961,1.5421484,1.6205524,GM12878,0.9035798,1.0,1
ENSG00000118961,1.5421484,1.6205524,GM12878,0.9035798,1.0,1
ENSG00000118961,0.97437525,1.6205524,GM12878,0.9287445,0.86384094,1
ENSG00000118965,0.7791754,0.8182259,GM12878,0.8950949,1.0,1
ENSG00000118965,0.7044393,0.8182259,GM12878,0.93718785,1.0,1
ENSG00000118965,0.50470436,0.8182259,GM12878,0.8763269,1.0,1
ENSG00000118965,0.47086015,0.8182259,GM12878,0.94630533,1.0,1
ENSG00000118965,0.58606964,0.8182259,GM12878,0.6968166,1.0,1
ENSG00000118965,0.566334,0.8182259,GM12878,0.9435298,1.0,1
ENSG00000118965,0.34628543,0.8182259,GM12878,0.91382396,0.95681065,1
ENSG00000118965,0.56266665,0.8182259,GM12878,0.7391763,0.9547826,1
ENSG00000118965,0.48756817,0.8182259,GM12878,0.8594915,0.046875,1
ENSG00000118971,1.2795833,1.4967914,GM12878,0.88014126,1.0,1
ENSG00000118997,0.47664824,-0.36653155,GM12878,0.8367426,1.0,1
ENSG00000119004,1.0752403,0.8876173,GM12878,0.9270397,1.0,1
ENSG00000119004,0.9852365,0.8876173,GM12878,0.8739998,1.0,1
ENSG00000119004,1.3290355,0.8876173,GM12878,0.75764173,0.29467085,1
ENSG00000119004,1.5239317,0.8876173,GM12878,0.8931492,0.8089431,1
ENSG00000119004,0.85717833,0.8876173,GM12878,0.9007281,0.030612245,1
ENSG00000119004,0.8935383,0.8876173,GM12878,0.8943911,0.73277074,1
ENSG00000119013,1.4917276,2.0301137,GM12878,0.9306885,1.0,1
ENSG00000119013,1.5606039,2.0301137,GM12878,0.7540757,0.09055492,1
ENSG00000119013,1.5550739,2.0301137,GM12878,0.72955155,0.018258283,1
ENSG00000119041,1.1260245,1.6016254,GM12878,0.90322185,1.0,1
ENSG00000119041,1.4189538,1.6016254,GM12878,0.9005573,1.0,1
ENSG00000119042,1.189642,0.8627275,GM12878,0.9339185,1.0,1
ENSG00000119042,1.0306692,0.8627275,GM12878,0.9022543,1.0,1
ENSG00000119185,1.2752721,1.808211,GM12878,0.92017156,1.0,1
ENSG00000119185,1.1405183,1.808211,GM12878,0.8901229,1.0,1
ENSG00000119185,1.1725491,1.808211,GM12878,0.9014507,0.98585904,1
ENSG00000119185,0.86692625,1.808211,GM12878,0.777259,0.8656399,1
ENSG00000119185,1.1405183,1.808211,GM12878,0.8901229,0.93703705,1
ENSG00000119185,1.1405183,1.808211,GM12878,0.8901229,0.9322034,1
ENSG00000119203,1.2951283,1.6127839,GM12878,0.94499743,1.0,1
ENSG00000119242,0.08377029,0.5786392,GM12878,0.9642218,1.0,1
ENSG00000119242,0.09201117,0.5786392,GM12878,0.9648837,0.1969697,1
ENSG00000119729,0.8528039,1.2372923,GM12878,0.8775115,1.0,1
ENSG00000119729,0.33936456,1.2372923,GM12878,0.915787,1.0,1
ENSG00000119760,1.7336607,1.7847599,GM12878,0.9200988,1.0,1
ENSG00000119760,1.928391,1.7847599,GM12878,0.8955432,0.98817444,1
ENSG00000119760,1.9214542,1.7847599,GM12878,0.9258189,0.9878512,1
ENSG00000119771,-0.61715466,-0.92081875,GM12878,0.9844077,1.0,1
ENSG00000119772,0.08188169,0.5693739,GM12878,0.9346249,1.0,1
ENSG00000119772,-0.24614875,0.5693739,GM12878,0.9779627,1.0,1
ENSG00000119772,0.21918063,0.5693739,GM12878,0.94141,0.01438849,1
ENSG00000119777,1.4699777,1.8829796,GM12878,0.901967,1.0,1
ENSG00000119777,1.5738344,1.8829796,GM12878,0.9426561,0.9908821,1
ENSG00000119777,1.6346939,1.8829796,GM12878,0.87386894,0.9938883,1
ENSG00000119778,1.2895107,0.95327634,GM12878,0.7996881,1.0,1
ENSG00000119778,1.2370822,0.95327634,GM12878,0.9066494,1.0,1
ENSG00000119778,0.9347233,0.95327634,GM12878,0.8314872,1.0,1
ENSG00000119787,1.1211199,1.7223871,GM12878,0.8507673,1.0,1
ENSG00000119787,1.2377331,1.7223871,GM12878,0.5118283,1.0,1
ENSG00000119787,1.4319165,1.7223871,GM12878,0.8046747,1.0,1
ENSG00000119787,1.3770549,1.7223871,GM12878,0.9509659,1.0,1
ENSG00000119801,0.80903625,1.4575791,GM12878,0.8851194,1.0,1
ENSG00000119801,0.74399614,1.4575791,GM12878,0.8385219,1.0,1
ENSG00000119801,0.9751891,1.4575791,GM12878,0.8642265,0.01778809,1
ENSG00000119801,0.80903625,1.4575791,GM12878,0.8851194,0.22181372,1
ENSG00000119801,1.115566,1.4575791,GM12878,0.4460676,0.0033670033,1
ENSG00000119801,1.115566,1.4575791,GM12878,0.4460676,0.02688172,1
ENSG00000119812,1.1692367,1.8899177,GM12878,0.92384136,1.0,1
ENSG00000119812,1.1783442,1.8899177,GM12878,0.88877815,1.0,1
ENSG00000119812,1.1370909,1.8899177,GM12878,0.90803695,1.0,1
ENSG00000119812,1.3737378,1.8899177,GM12878,0.895675,0.97541213,1
ENSG00000119820,0.9118282,1.209783,GM12878,0.92513764,1.0,1
ENSG00000119820,1.0715702,1.209783,GM12878,0.86301494,1.0,1
ENSG00000119844,0.96874714,1.1883659,GM12878,0.77072865,1.0,1
ENSG00000119844,1.1188908,1.1883659,GM12878,0.8178917,0.437788,1
ENSG00000119862,-0.40003923,-0.39794,GM12878,0.98793507,1.0,1
ENSG00000119878,0.6613784,0.96567196,GM12878,0.74619,1.0,1
ENSG00000119888,0.81906617,1.6857418,GM12878,0.90297073,1.0,1
ENSG00000119888,0.96561646,1.6857418,GM12878,0.93202674,1.0,1
ENSG00000120647,0.9622886,1.1072099,GM12878,0.9272042,1.0,1
ENSG00000120647,0.942837,1.1072099,GM12878,0.85619515,0.4965035,1
ENSG00000120798,0.9169831,1.542452,GM12878,0.94618386,1.0,1
ENSG00000120798,0.9462198,1.542452,GM12878,0.7653003,0.26685795,1
ENSG00000120800,1.1167295,1.141136,GM12878,0.84412605,1.0,1
ENSG00000120800,1.0786109,1.141136,GM12878,0.9328335,1.0,1
ENSG00000120802,1.5586466,2.0572476,GM12878,0.83140916,1.0,1
ENSG00000120802,1.5124635,2.0572476,GM12878,0.83270925,1.0,1
ENSG00000120805,1.4010289,1.9766709,GM12878,0.94264317,1.0,1
ENSG00000120805,1.6465533,1.9766709,GM12878,0.8442829,1.0,1
ENSG00000120805,1.5382667,1.9766709,GM12878,0.8346618,1.0,1
ENSG00000120805,1.5382667,1.9766709,GM12878,0.8346618,1.0,1
ENSG00000120805,1.2289088,1.9766709,GM12878,0.78266263,0.95432585,1
ENSG00000120832,1.3631132,1.3836359,GM12878,0.9001994,1.0,1
ENSG00000120833,1.6134479,1.8873359,GM12878,0.8020221,1.0,1
ENSG00000120833,1.6134479,1.8873359,GM12878,0.8020221,1.0,1
ENSG00000120833,1.6439321,1.8873359,GM12878,0.81823045,1.0,1
ENSG00000120837,1.1078736,1.4305588,GM12878,0.9610911,1.0,1
ENSG00000120837,0.9609622,1.4305588,GM12878,0.891996,1.0,1
ENSG00000120837,0.9609622,1.4305588,GM12878,0.891996,1.0,1
ENSG00000120860,0.6709834,1.5761108,GM12878,0.93013275,1.0,1
ENSG00000120860,0.9168261,1.5761108,GM12878,0.67259556,0.0700961,1
ENSG00000120868,0.9807447,1.0326188,GM12878,0.92973137,1.0,1
ENSG00000120868,0.8385755,1.0326188,GM12878,0.87225956,0.9823232,1
ENSG00000120868,0.9523164,1.0326188,GM12878,0.92204106,1.0,1
ENSG00000121152,1.7710614,1.7512791,GM12878,0.94483405,1.0,1
ENSG00000121152,1.8118975,1.7512791,GM12878,0.7922297,1.0,1
ENSG00000121152,1.0436909,1.7512791,GM12878,0.8125497,0.9639483,1
ENSG00000121152,1.0765177,1.7512791,GM12878,0.7969119,0.8500517,1
ENSG00000121152,1.1406242,1.7512791,GM12878,0.81643033,0.3287037,1
ENSG00000121316,1.0446488,1.4056878,GM12878,0.9249849,1.0,1
ENSG00000121350,1.0474514,0.79588,GM12878,0.93241537,1.0,1
ENSG00000121350,0.8047389,0.79588,GM12878,0.84974706,1.0,1
ENSG00000121350,0.8798697,0.79588,GM12878,0.70441985,0.72845954,1
ENSG00000121749,0.8212321,1.57841,GM12878,0.9076694,1.0,1
ENSG00000121749,1.3104291,1.57841,GM12878,0.6253395,0.0,1
ENSG00000121749,1.2493126,1.57841,GM12878,0.6408352,0.0064102565,1
ENSG00000121749,1.4247289,1.57841,GM12878,0.92676705,0.9831731,1
ENSG00000121749,0.9763044,1.57841,GM12878,0.8126314,0.058092948,1
ENSG00000121964,0.85898674,0.9127533,GM12878,0.83511406,1.0,1
ENSG00000121988,1.0440106,1.1658376,GM12878,0.8538744,1.0,1
ENSG00000121988,0.99903893,1.1658376,GM12878,0.87803817,0.0,1
ENSG00000121989,0.52562386,-0.04095861,GM12878,0.90821844,1.0,1
ENSG00000122085,1.0729318,1.2977605,GM12878,0.8549542,1.0,1
ENSG00000122085,1.0490577,1.2977605,GM12878,0.93534315,0.010638298,1
ENSG00000122085,1.2520466,1.2977605,GM12878,0.908822,0.12345679,1
ENSG00000122085,1.3266808,1.2977605,GM12878,0.94437253,0.8217593,1
ENSG00000122085,1.2761831,1.2977605,GM12878,0.89417446,0.60914177,1
ENSG00000122965,0.9222487,1.2516382,GM12878,0.93565905,1.0,1
ENSG00000122965,1.6109543,1.2516382,GM12878,0.9054916,1.0,1
ENSG00000122966,1.3970842,1.3463529,GM12878,0.78261787,1.0,1
ENSG00000122966,1.2615455,1.3463529,GM12878,0.92760104,0.98638135,1
ENSG00000122970,0.87890685,0.81557775,GM12878,0.9084933,1.0,1
ENSG00000122971,0.68906415,1.0468851,GM12878,0.93502474,1.0,1
ENSG00000122986,-0.40462956,0.31175387,GM12878,0.9948515,1.0,1
ENSG00000122986,-0.29957944,0.31175387,GM12878,0.9919059,1.0,1
ENSG00000122986,-0.34558097,0.31175387,GM12878,0.98642737,0.97333336,1
ENSG00000123064,1.5417687,1.7327154,GM12878,0.8507099,1.0,1
ENSG00000123066,1.2097435,1.5703094,GM12878,0.9228221,1.0,1
ENSG00000123104,0.15568648,-0.06550155,GM12878,0.9548468,1.0,1
ENSG00000123104,0.35859612,-0.06550155,GM12878,0.91113126,1.0,1
ENSG00000123106,1.2710338,1.3641757,GM12878,0.6779747,1.0,1
ENSG00000123106,1.054642,1.3641757,GM12878,0.8609507,1.0,1
ENSG00000123106,0.98943496,1.3641757,GM12878,0.92487377,1.0,1
ENSG00000123106,1.2812859,1.3641757,GM12878,0.8904933,1.0,1
ENSG00000123106,0.8135928,1.3641757,GM12878,0.9170489,1.0,1
ENSG00000123106,1.0779374,1.3641757,GM12878,0.8056434,0.05717916,1
ENSG00000123106,1.0672896,1.3641757,GM12878,0.7577303,0.021601016,1
ENSG00000123268,1.3974693,1.832892,GM12878,0.8310425,1.0,1
ENSG00000123297,1.2900017,1.5182507,GM12878,0.6611594,0.48857868,1
ENSG00000123297,1.5557933,1.5182507,GM12878,0.91052526,0.85376346,1
ENSG00000123329,0.076713905,1.0704073,GM12878,0.96869904,1.0,1
ENSG00000123329,-0.11749172,1.0704073,GM12878,0.9866453,0.94049907,1
ENSG00000123338,0.54720986,1.5537617,GM12878,0.8539937,1.0,1
ENSG00000123349,1.7558291,2.9257915,GM12878,0.9490141,1.0,1
ENSG00000123349,1.6467404,2.9257915,GM12878,0.827416,0.6959459,1
ENSG00000123349,1.4625899,2.9257915,GM12878,0.7723286,0.047885645,1
ENSG00000123349,1.6248875,2.9257915,GM12878,0.53067166,0.022023737,1
ENSG00000123349,1.6576433,2.9257915,GM12878,0.5450905,0.013575219,1
ENSG00000123349,1.5138233,2.9257915,GM12878,0.89811087,0.93028396,1
ENSG00000123349,1.7040858,2.9257915,GM12878,0.7015439,0.9937535,1
ENSG00000123352,1.2987779,1.4935975,GM12878,0.94350195,1.0,1
ENSG00000123352,1.2015643,1.4935975,GM12878,0.6107299,0.47153124,1
ENSG00000123352,1.2607265,1.4935975,GM12878,0.7876108,0.13838384,1
ENSG00000123352,1.0923383,1.4935975,GM12878,0.7662663,0.022909507,1
ENSG00000123352,1.3040255,1.4935975,GM12878,0.7048159,0.039215688,1
ENSG00000123353,1.4257728,1.3548764,GM12878,0.9430468,1.0,1
ENSG00000123358,0.2371357,0.3283796,GM12878,0.94143873,1.0,1
ENSG00000123358,0.63159704,0.3283796,GM12878,0.58242255,0.0,1
ENSG00000123374,1.2570784,2.2174313,GM12878,0.8802984,1.0,1
ENSG00000123374,1.3213335,2.2174313,GM12878,0.8987934,0.9916879,1
ENSG00000123374,0.85757256,2.2174313,GM12878,0.8195698,0.9362171,1
ENSG00000123384,0.17836063,-0.4436975,GM12878,0.97657484,1.0,1
ENSG00000123395,1.6777477,1.5259514,GM12878,0.79442704,1.0,1
ENSG00000123395,1.2781793,1.5259514,GM12878,0.8840894,1.0,1
ENSG00000123411,1.1602764,0.77524626,GM12878,0.8813737,1.0,1
ENSG00000123411,1.1331981,0.77524626,GM12878,0.9573402,1.0,1
ENSG00000123411,1.085938,0.77524626,GM12878,0.9276737,1.0,1
ENSG00000123411,1.1649833,0.77524626,GM12878,0.7968665,0.8654292,1
ENSG00000123415,0.48120037,1.5917323,GM12878,0.94433486,1.0,1
ENSG00000123415,0.5063362,1.5917323,GM12878,0.9504305,1.0,1
ENSG00000123415,0.5063362,1.5917323,GM12878,0.9504305,1.0,1
ENSG00000123415,1.0849143,1.5917323,GM12878,0.8903982,1.0,1
ENSG00000123415,1.1120197,1.5917323,GM12878,0.8951239,1.0,1
ENSG00000123415,1.084442,1.5917323,GM12878,0.8127146,1.0,1
ENSG00000123415,1.1155019,1.5917323,GM12878,0.88381785,0.2173913,1
ENSG00000123415,1.1768206,1.5917323,GM12878,0.7820235,0.0786802,1
ENSG00000123416,1.6344701,3.5772781,GM12878,0.8430817,1.0,1
ENSG00000123427,1.0838681,1.141136,GM12878,0.79485726,1.0,1
ENSG00000123427,1.1616774,1.141136,GM12878,0.89829504,0.7287273,1
ENSG00000123485,1.694762,1.9139198,GM12878,0.850827,1.0,1
ENSG00000123600,1.0833129,1.4321673,GM12878,0.84670115,1.0,1
ENSG00000123600,0.89145434,1.4321673,GM12878,0.60233027,1.0,1
ENSG00000123600,0.97611403,1.4321673,GM12878,0.5654132,1.0,1
ENSG00000123600,1.0291692,1.4321673,GM12878,0.8380275,0.22931938,1
ENSG00000123600,0.89145434,1.4321673,GM12878,0.60233027,0.3387978,1
ENSG00000123607,0.6307195,1.4080703,GM12878,0.9391505,1.0,1
ENSG00000123609,1.2310842,1.0895519,GM12878,0.8542246,1.0,1
ENSG00000123609,1.0208426,1.0895519,GM12878,0.9198581,1.0,1
ENSG00000123609,1.3677561,1.0895519,GM12878,0.93107873,1.0,1
ENSG00000123609,0.9666709,1.0895519,GM12878,0.8739941,1.0,1
ENSG00000123609,0.9553304,1.0895519,GM12878,0.88333255,1.0,1
ENSG00000123609,1.2693605,1.0895519,GM12878,0.8666121,0.981893,1
ENSG00000123610,-0.34131968,-0.92081875,GM12878,0.97911876,1.0,1
ENSG00000123610,-0.2898549,-0.92081875,GM12878,0.93785703,1.0,1
ENSG00000123636,0.58503056,1.2000293,GM12878,0.79392886,1.0,1
ENSG00000123983,1.5080552,1.913496,GM12878,0.94241583,1.0,1
ENSG00000123989,0.9043553,0.99913055,GM12878,0.9515296,1.0,1
ENSG00000123989,1.1227306,0.99913055,GM12878,0.8845773,1.0,1
ENSG00000123992,1.0896482,1.6747693,GM12878,0.7778115,1.0,1
ENSG00000123992,1.3675494,1.6747693,GM12878,0.8926465,1.0,1
ENSG00000123992,1.5943358,1.6747693,GM12878,0.88026935,1.0,1
ENSG00000124356,1.3452718,1.548635,GM12878,0.88913506,1.0,1
ENSG00000124356,1.4163525,1.548635,GM12878,0.91203016,1.0,1
ENSG00000124356,1.7272115,1.548635,GM12878,0.9314645,1.0,1
ENSG00000124357,1.5048188,0.9175055,GM12878,0.81405216,1.0,1
ENSG00000124370,1.6542046,1.3666097,GM12878,0.88997763,1.0,1
ENSG00000124374,-0.37048396,-0.69897,GM12878,0.9850675,1.0,1
ENSG00000124380,1.0765008,1.6141587,GM12878,0.9118493,1.0,1
ENSG00000124380,1.3546984,1.6141587,GM12878,0.93555146,1.0,1
ENSG00000124380,1.4522314,1.6141587,GM12878,0.892198,1.0,1
ENSG00000124380,1.490288,1.6141587,GM12878,0.737714,1.0,1
ENSG00000124380,1.3160485,1.6141587,GM12878,0.77671057,1.0,1
ENSG00000124383,1.4408121,1.3898746,GM12878,0.931605,1.0,1
ENSG00000124383,1.620904,1.3898746,GM12878,0.8772453,1.0,1
ENSG00000124831,0.99992955,1.2491983,GM12878,0.603109,1.0,1
ENSG00000124831,0.8804196,1.2491983,GM12878,0.86763,1.0,1
ENSG00000124831,0.8786263,1.2491983,GM12878,0.9215819,1.0,1
ENSG00000124831,1.0221043,1.2491983,GM12878,0.83922416,1.0,1
ENSG00000124831,1.0081127,1.2491983,GM12878,0.8739452,0.0074850298,1
ENSG00000125538,-0.591671,-0.79588,GM12878,0.97803646,1.0,1
ENSG00000125551,0.055683788,-0.63827217,GM12878,0.9729725,1.0,1
ENSG00000125571,-0.5062454,-0.88605666,GM12878,0.977608,1.0,1
ENSG00000125611,1.1283205,1.1863912,GM12878,0.9347441,1.0,1
ENSG00000125611,1.1207703,1.1863912,GM12878,0.93592703,1.0,1
ENSG00000125629,0.9851557,1.3870337,GM12878,0.8967767,1.0,1
ENSG00000125629,0.50950587,1.3870337,GM12878,0.88372666,1.0,1
ENSG00000125629,0.9243611,1.3870337,GM12878,0.90747714,1.0,1
ENSG00000125629,0.8900659,1.3870337,GM12878,0.8693394,0.47379795,1
ENSG00000125630,1.4160235,1.499137,GM12878,0.89083534,1.0,1
ENSG00000125630,1.6025236,1.499137,GM12878,0.94942975,1.0,1
ENSG00000125630,1.3574423,1.499137,GM12878,0.47400245,0.062063616,1
ENSG00000125630,1.233621,1.499137,GM12878,0.9314036,0.93,1
ENSG00000125633,1.005062,1.1658376,GM12878,0.9134964,1.0,1
ENSG00000125637,1.2297654,1.0081742,GM12878,0.92811584,1.0,1
ENSG00000125637,1.2323666,1.0081742,GM12878,0.6155171,1.0,1
ENSG00000125637,1.4701371,1.0081742,GM12878,0.8910904,1.0,1
ENSG00000125637,1.2807798,1.0081742,GM12878,0.93531704,1.0,1
ENSG00000125637,1.3287985,1.0081742,GM12878,0.93667525,1.0,1
ENSG00000125637,1.1257094,1.0081742,GM12878,0.9286523,1.0,1
ENSG00000125637,1.139679,1.0081742,GM12878,0.94000494,1.0,1
ENSG00000125637,1.2973338,1.0081742,GM12878,0.9514431,1.0,1
ENSG00000125637,1.3466133,1.0081742,GM12878,0.76181185,1.0,1
ENSG00000125637,1.1204972,1.0081742,GM12878,0.810021,1.0,1
ENSG00000126746,1.6421018,1.548635,GM12878,0.91847104,1.0,1
ENSG00000126746,1.4636014,1.548635,GM12878,0.80955225,0.20787746,1
ENSG00000127311,1.0885439,0.4756712,GM12878,0.87389,1.0,1
ENSG00000127311,1.094736,0.4756712,GM12878,0.8401761,1.0,1
ENSG00000127311,0.7178056,0.4756712,GM12878,0.8576201,1.0,1
ENSG00000127311,1.2146261,0.4756712,GM12878,0.9335547,1.0,1
ENSG00000127311,0.8772758,0.4756712,GM12878,0.897025,0.8467433,1
ENSG00000127314,1.4615489,2.2907023,GM12878,0.8436767,1.0,1
ENSG00000127314,1.416292,2.2907023,GM12878,0.9391603,1.0,1
ENSG00000127314,1.4615489,2.2907023,GM12878,0.8436767,0.8893035,1
ENSG00000127314,1.5522742,2.2907023,GM12878,0.87306035,0.54487586,1
ENSG00000127314,1.3591988,2.2907023,GM12878,0.8344564,0.9493011,1
ENSG00000127314,1.6147604,2.2907023,GM12878,0.9043476,0.97630507,1
ENSG00000127328,0.3740693,1.20412,GM12878,0.8659557,1.0,1
ENSG00000127328,0.39678147,1.20412,GM12878,0.9132938,0.03137255,1
ENSG00000127329,-0.27457866,0.11394335,GM12878,0.9786269,1.0,1
ENSG00000127329,-0.111063436,0.11394335,GM12878,0.9770855,1.0,1
ENSG00000127329,-0.19706543,0.11394335,GM12878,0.97615314,1.0,1
ENSG00000127329,-0.41317317,0.11394335,GM12878,0.98299,1.0,1
ENSG00000127329,-0.23920256,0.11394335,GM12878,0.9273119,1.0,1
ENSG00000127329,-0.3076803,0.11394335,GM12878,0.98024887,1.0,1
ENSG00000127334,0.91054285,0.9973864,GM12878,0.78035796,0.5381485,1
ENSG00000127337,1.2920463,1.538825,GM12878,0.80296206,1.0,1
ENSG00000127720,0.83082104,0.13672057,GM12878,0.8909467,1.0,1
ENSG00000127720,0.83082104,0.13672057,GM12878,0.8909467,1.0,1
ENSG00000127831,-0.07610425,-0.27572414,GM12878,0.9741217,1.0,1
ENSG00000127831,-0.20413168,-0.27572414,GM12878,0.9848726,1.0,1
ENSG00000127837,0.9541074,1.5370631,GM12878,0.9489174,1.0,1
ENSG00000128641,-0.5100455,-0.92081875,GM12878,0.9777785,1.0,1
ENSG00000128654,1.2834215,2.0857186,GM12878,0.76389,1.0,1
ENSG00000128654,0.8991343,2.0857186,GM12878,0.67513335,0.04629921,1
ENSG00000128656,-0.38992354,-0.10237291,GM12878,0.9615623,1.0,1
ENSG00000128656,-0.42868048,-0.10237291,GM12878,0.888977,1.0,1
ENSG00000128694,0.6860086,0.924796,GM12878,0.87334573,1.0,1
ENSG00000128694,1.1414533,0.924796,GM12878,0.7649483,0.76880985,1
ENSG00000128699,1.198444,1.7199938,GM12878,0.9310376,1.0,1
ENSG00000128699,0.8794405,1.7199938,GM12878,0.8465535,1.0,1
ENSG00000128699,0.96535563,1.7199938,GM12878,0.8376663,1.0,1
ENSG00000128699,1.1635119,1.7199938,GM12878,0.7066558,0.7994707,1
ENSG00000128708,1.5056334,2.2692094,GM12878,0.8930556,1.0,1
ENSG00000128708,1.4870019,2.2692094,GM12878,0.7898493,0.9689303,1
ENSG00000128708,1.1043857,2.2692094,GM12878,0.90301985,0.9924983,1
ENSG00000129315,1.4634107,1.5712428,GM12878,0.7950019,1.0,1
ENSG00000129315,1.6416627,1.5712428,GM12878,0.808129,0.6581071,1
ENSG00000129317,1.2825115,1.3016809,GM12878,0.9175871,1.0,1
ENSG00000129317,1.0855159,1.3016809,GM12878,0.916645,0.5429395,1
ENSG00000130038,0.79007804,0.8645111,GM12878,0.93082947,1.0,1
ENSG00000130038,0.68554366,0.8645111,GM12878,0.949842,1.0,1
ENSG00000130414,1.4468024,1.9393694,GM12878,0.91448534,1.0,1
ENSG00000130783,-0.021229468,-0.124938734,GM12878,0.9777925,1.0,1
ENSG00000130787,0.6087487,1.0941216,GM12878,0.92303383,1.0,1
ENSG00000130921,1.4039054,1.1048284,GM12878,0.90019333,1.0,1
ENSG00000132300,1.7638754,2.152533,GM12878,0.76114076,1.0,1
ENSG00000132300,1.6859448,2.152533,GM12878,0.92478395,1.0,1
ENSG00000132300,1.7422523,2.152533,GM12878,0.9042887,1.0,1
ENSG00000132305,1.4363667,1.9421073,GM12878,0.93541634,1.0,1
ENSG00000132305,1.2594041,1.9421073,GM12878,0.9254124,1.0,1
ENSG00000132323,1.3066242,1.3490832,GM12878,0.92848843,1.0,1
ENSG00000132323,1.3452103,1.3490832,GM12878,0.9264301,1.0,1
ENSG00000132323,1.3161069,1.3490832,GM12878,0.8157087,1.0,1
ENSG00000132323,1.2367558,1.3490832,GM12878,0.93656266,0.9828393,1
ENSG00000132326,1.2489182,0.350248,GM12878,0.91462004,1.0,1
ENSG00000132326,1.0922726,0.350248,GM12878,0.92558396,0.66169155,1
ENSG00000132329,-0.83309144,-0.30980393,GM12878,0.99407554,1.0,1
ENSG00000132330,1.3445864,1.1132747,GM12878,0.89732707,1.0,1
ENSG00000132330,1.1159452,1.1132747,GM12878,0.9389166,1.0,1
ENSG00000132330,0.7259295,1.1132747,GM12878,0.7298923,1.0,1
ENSG00000132330,1.0072268,1.1132747,GM12878,0.8140945,0.124535315,1
ENSG00000132341,1.5798309,3.411069,GM12878,0.8556501,0.08587893,1
ENSG00000133641,1.2671846,1.5317343,GM12878,0.9387578,1.0,1
ENSG00000133641,1.5003893,1.5317343,GM12878,0.86256397,1.0,1
ENSG00000133641,0.9339942,1.5317343,GM12878,0.9242925,0.66042554,1
ENSG00000133641,1.280339,1.5317343,GM12878,0.9254031,0.9412023,1
ENSG00000133687,-0.5088808,-0.92081875,GM12878,0.98082,1.0,1
ENSG00000133703,0.71991855,1.1646502,GM12878,0.94430256,1.0,1
ENSG00000133703,0.6713811,1.1646502,GM12878,0.92875665,0.016381767,1
ENSG00000133704,0.8592886,1.1866739,GM12878,0.91613495,1.0,1
ENSG00000133773,1.5480723,1.4001925,GM12878,0.74728906,1.0,1
ENSG00000133773,1.5476482,1.4001925,GM12878,0.8044812,1.0,1
ENSG00000133858,1.5821939,1.8242561,GM12878,0.85072905,1.0,1
ENSG00000133858,1.562851,1.8242561,GM12878,0.8980872,1.0,1
ENSG00000134283,1.1713347,1.9033071,GM12878,0.8421834,1.0,1
ENSG00000134283,1.098181,1.9033071,GM12878,0.8978031,1.0,1
ENSG00000134283,1.0450232,1.9033071,GM12878,0.685194,0.14871553,1
ENSG00000134283,1.0384036,1.9033071,GM12878,0.6864126,0.57435775,1
ENSG00000134283,1.1614196,1.9033071,GM12878,0.5268173,0.03582371,1
ENSG00000134283,1.0730908,1.9033071,GM12878,0.76360196,0.97013485,1
ENSG00000134285,0.2579765,0.8312297,GM12878,0.90879977,1.0,1
ENSG00000134287,0.96441185,2.0677402,GM12878,0.9348707,1.0,1
ENSG00000134287,0.96441185,2.0677402,GM12878,0.9348707,1.0,1
ENSG00000134287,1.0521297,2.0677402,GM12878,0.93446094,0.9950777,1
ENSG00000134291,0.86427104,2.1332195,GM12878,0.8583266,1.0,1
ENSG00000134294,1.4482299,2.0171585,GM12878,0.9109771,1.0,1
ENSG00000134294,1.6427522,2.0171585,GM12878,0.78780335,0.91113335,1
ENSG00000134308,1.0817096,2.3748765,GM12878,0.94284004,1.0,1
ENSG00000134313,1.1854186,1.5081255,GM12878,0.9302763,1.0,1
ENSG00000134313,1.1801275,1.5081255,GM12878,0.5320778,1.0,1
ENSG00000134313,1.1137154,1.5081255,GM12878,0.6770481,0.09715994,1
ENSG00000134317,1.1110053,0.7041505,GM12878,0.900488,1.0,1
ENSG00000134317,0.81647253,0.7041505,GM12878,0.9227488,1.0,1
ENSG00000134318,1.2044713,0.84010607,GM12878,0.81372744,1.0,1
ENSG00000134318,1.1109499,0.84010607,GM12878,0.9440966,1.0,1
ENSG00000134318,1.1619055,0.84010607,GM12878,0.9150461,1.0,1
ENSG00000134318,0.8558202,0.84010607,GM12878,0.7608331,1.0,1
ENSG00000134321,-0.47308788,-0.4202164,GM12878,0.97907853,1.0,1
ENSG00000134324,0.75150657,1.854306,GM12878,0.910281,1.0,1
ENSG00000134324,1.2552474,1.854306,GM12878,0.8826164,0.056830805,1
ENSG00000134326,0.72266006,0.50105923,GM12878,0.916772,1.0,1
ENSG00000134531,-0.70638764,-0.7212464,GM12878,0.98989445,1.0,1
ENSG00000134532,-0.48011696,1.0681858,GM12878,0.9815864,1.0,1
ENSG00000134532,-0.5688385,1.0681858,GM12878,0.9893534,1.0,1
ENSG00000135090,1.3573484,1.6541766,GM12878,0.94996554,1.0,1
ENSG00000135090,1.0113444,1.6541766,GM12878,0.87496054,1.0,1
ENSG00000135090,1.0406985,1.6541766,GM12878,0.9087289,1.0,1
ENSG00000135090,1.2509544,1.6541766,GM12878,0.89808846,0.9892819,1
ENSG00000135090,1.3924187,1.6541766,GM12878,0.45565528,0.0,1
ENSG00000135093,0.6042942,1.0906107,GM12878,0.91257304,1.0,1
ENSG00000135093,0.8175569,1.0906107,GM12878,0.711163,1.0,1
ENSG00000135093,1.1211917,1.0906107,GM12878,0.7165615,1.0,1
ENSG00000135093,0.9415064,1.0906107,GM12878,0.9435248,1.0,1
ENSG00000135108,0.8710541,0.8293038,GM12878,0.9482131,1.0,1
ENSG00000135124,1.2328964,1.1743506,GM12878,0.6415571,0.30533335,1
ENSG00000135124,0.8330698,1.1743506,GM12878,0.84589887,0.0,1
ENSG00000135124,0.91281945,1.1743506,GM12878,0.69118017,0.07363014,1
ENSG00000135127,-0.7677552,0.11058971,GM12878,0.9917225,1.0,1
ENSG00000135148,1.0482031,1.6369891,GM12878,0.89697117,1.0,1
ENSG00000135390,1.6701968,2.530046,GM12878,0.9274016,1.0,1
ENSG00000135390,1.8136797,2.530046,GM12878,0.6211921,1.0,1
ENSG00000135392,1.3596538,0.83884907,GM12878,0.6365789,1.0,1
ENSG00000135404,1.6328049,2.3220744,GM12878,0.8093913,1.0,1
ENSG00000135407,0.15462431,-0.60206,GM12878,0.9823784,1.0,1
ENSG00000135414,1.1665941,0.5658478,GM12878,0.94755375,1.0,1
ENSG00000135424,-0.42425177,-0.022276394,GM12878,0.9914112,1.0,1
ENSG00000135426,0.15170766,0.1398791,GM12878,0.7746448,1.0,1
ENSG00000135436,-0.21544425,-0.7447275,GM12878,0.9668196,1.0,1
ENSG00000135436,-0.32275692,-0.7447275,GM12878,0.97860307,1.0,1
ENSG00000135436,-0.57747376,-0.7447275,GM12878,0.98953897,1.0,1
ENSG00000135439,-0.6199189,-0.537602,GM12878,0.99049157,1.0,1
ENSG00000135441,1.0983449,1.8585372,GM12878,0.8873518,1.0,1
ENSG00000135441,1.0983449,1.8585372,GM12878,0.8873518,1.0,1
ENSG00000135441,1.1659594,1.8585372,GM12878,0.7380891,0.98213196,1
ENSG00000135441,1.1831864,1.8585372,GM12878,0.77686864,0.5353774,1
ENSG00000135446,1.7985203,2.536899,GM12878,0.8622933,1.0,1
ENSG00000135446,1.8041899,2.536899,GM12878,0.88955504,0.9989126,1
ENSG00000135451,1.6804512,1.6447339,GM12878,0.91648346,1.0,1
ENSG00000135451,1.2726698,1.6447339,GM12878,0.9384219,1.0,1
ENSG00000135451,1.291548,1.6447339,GM12878,0.8977046,1.0,1
ENSG00000135451,1.5549574,1.6447339,GM12878,0.6813044,0.97270954,1
ENSG00000135452,0.8879889,1.1826999,GM12878,0.69325674,1.0,1
ENSG00000135454,0.909897,0.89872515,GM12878,0.9208118,1.0,1
ENSG00000135457,1.4781168,1.3747483,GM12878,0.8142548,1.0,1
ENSG00000135469,0.93635917,1.3586961,GM12878,0.8369459,1.0,1
ENSG00000135469,0.96707296,1.3586961,GM12878,0.79394925,1.0,1
ENSG00000135469,1.0308818,1.3586961,GM12878,0.9071708,1.0,1
ENSG00000135473,1.2300235,1.883775,GM12878,0.9041245,1.0,1
ENSG00000135473,1.4581773,1.883775,GM12878,0.88952446,1.0,1
ENSG00000135476,1.3573376,1.2355285,GM12878,0.5012387,1.0,1
ENSG00000135476,1.3540385,1.2355285,GM12878,0.915227,0.5907173,1
ENSG00000135482,1.0348773,-0.017728766,GM12878,0.83484733,1.0,1
ENSG00000135486,1.9643998,2.9958897,GM12878,0.87198734,1.0,1
ENSG00000135486,2.0525842,2.9958897,GM12878,0.88736564,0.34279418,1
ENSG00000135503,1.0843575,0.8162413,GM12878,0.94903576,1.0,1
ENSG00000135503,1.1893518,0.8162413,GM12878,0.94135404,1.0,1
ENSG00000135506,0.93726015,1.8877298,GM12878,0.48336288,1.0,1
ENSG00000135506,1.5747231,1.8877298,GM12878,0.83355623,0.9977635,1
ENSG00000135506,1.0833856,1.8877298,GM12878,0.8758507,0.998253,1
ENSG00000135506,0.89575136,1.8877298,GM12878,0.9036342,0.6018163,1
ENSG00000135517,-0.5106355,-0.88605666,GM12878,0.9400256,1.0,1
ENSG00000135519,-0.3621283,-0.92081875,GM12878,0.9648371,1.0,1
ENSG00000135519,-0.40862784,-0.92081875,GM12878,0.9916054,1.0,1
ENSG00000135519,-0.21494012,-0.92081875,GM12878,0.9911538,1.0,1
ENSG00000135617,0.9551904,1.358506,GM12878,0.8969515,1.0,1
ENSG00000135617,1.2284241,1.358506,GM12878,0.94801295,1.0,1
ENSG00000135617,1.135724,1.358506,GM12878,0.86606055,1.0,1
ENSG00000135622,-0.112966046,-0.27572414,GM12878,0.9651703,1.0,1
ENSG00000135624,1.6814859,2.686082,GM12878,0.8895029,1.0,1
ENSG00000135624,1.7176913,2.686082,GM12878,0.55416054,0.009721189,1
ENSG00000135632,1.1311156,1.5007852,GM12878,0.70332146,1.0,1
ENSG00000135643,-0.083835244,-0.56863624,GM12878,0.9639594,1.0,1
ENSG00000135655,1.3949088,2.1769302,GM12878,0.8925517,1.0,1
ENSG00000135655,1.3949088,2.1769302,GM12878,0.8925517,1.0,1
ENSG00000135655,1.0757596,2.1769302,GM12878,0.87133074,0.9838002,1
ENSG00000135677,1.2292634,1.3802112,GM12878,0.76899654,1.0,1
ENSG00000135677,1.129506,1.3802112,GM12878,0.7281191,0.7834483,1
ENSG00000135677,0.8671312,1.3802112,GM12878,0.8408089,0.0,1
ENSG00000135679,1.732863,1.3823773,GM12878,0.8115329,1.0,1
ENSG00000135679,1.622828,1.3823773,GM12878,0.9133109,0.97324723,1
ENSG00000135679,1.5109246,1.3823773,GM12878,0.89155,0.99904764,1
ENSG00000135679,1.3591335,1.3823773,GM12878,0.932422,0.9740019,1
ENSG00000135679,1.4095864,1.3823773,GM12878,0.88323814,1.0,1
ENSG00000135898,-0.56744957,-0.36653155,GM12878,0.97477186,1.0,1
ENSG00000135899,0.024241347,0.29003462,GM12878,0.9602307,1.0,1
ENSG00000135899,0.4799336,0.29003462,GM12878,0.9232805,1.0,1
ENSG00000135899,0.5057103,0.29003462,GM12878,0.86287487,1.0,1
ENSG00000135912,1.1997087,1.5507175,GM12878,0.8637579,1.0,1
ENSG00000135913,1.5066116,0.81291336,GM12878,0.89042723,1.0,1
ENSG00000135913,1.3460901,0.81291336,GM12878,0.8780492,1.0,1
ENSG00000135913,1.2591667,0.81291336,GM12878,0.7865404,0.96666664,1
ENSG00000135913,1.3670499,0.81291336,GM12878,0.8602644,0.9627451,1
ENSG00000135916,0.69658875,1.6893089,GM12878,0.95345473,1.0,1
ENSG00000135916,0.7517327,1.6893089,GM12878,0.9302629,1.0,1
ENSG00000135916,0.7677615,1.6893089,GM12878,0.94405174,1.0,1
ENSG00000135916,0.59741217,1.6893089,GM12878,0.76073,0.7501063,1
ENSG00000135916,0.5979485,1.6893089,GM12878,0.92284405,0.99872506,1
ENSG00000135924,0.5592163,0.6314438,GM12878,0.8576281,1.0,1
ENSG00000135924,0.472824,0.6314438,GM12878,0.8966197,1.0,1
ENSG00000135926,0.8061066,1.6454222,GM12878,0.8050311,1.0,1
ENSG00000135926,1.218588,1.6454222,GM12878,0.841711,1.0,1
ENSG00000135926,0.8061066,1.6454222,GM12878,0.8050311,0.55841535,1
ENSG00000135926,1.3802085,1.6454222,GM12878,0.86907387,0.0013537906,1
ENSG00000135930,1.7113423,1.3117539,GM12878,0.84081584,1.0,1
ENSG00000135930,1.7808638,1.3117539,GM12878,0.91736335,0.76930064,1
ENSG00000135931,0.27359954,0.2552725,GM12878,0.9010231,1.0,1
ENSG00000135931,-0.06872524,0.2552725,GM12878,0.96847266,1.0,1
ENSG00000135932,1.1452441,1.769525,GM12878,0.93115205,1.0,1
ENSG00000135940,1.4916981,2.6450388,GM12878,0.82330495,1.0,1
ENSG00000135940,1.5767972,2.6450388,GM12878,0.7603621,1.0,1
ENSG00000135945,1.4936196,1.6389881,GM12878,0.9402606,1.0,1
ENSG00000135945,1.2722454,1.6389881,GM12878,0.8783262,0.1492205,1
ENSG00000135953,1.2810543,0.79934055,GM12878,0.8855399,1.0,1
ENSG00000135953,1.4600564,0.79934055,GM12878,0.8678088,1.0,1
ENSG00000135953,1.2004743,0.79934055,GM12878,0.93769896,0.22434367,1
ENSG00000135956,1.403889,1.0417873,GM12878,0.7607306,1.0,1
ENSG00000135956,1.3861628,1.0417873,GM12878,0.6842401,1.0,1
ENSG00000135966,1.390849,0.854913,GM12878,0.9036717,1.0,1
ENSG00000135966,1.3689342,0.854913,GM12878,0.90905267,1.0,1
ENSG00000135968,1.3221899,1.1519824,GM12878,0.8875455,1.0,1
ENSG00000135974,1.5538868,1.3873898,GM12878,0.93482006,1.0,1
ENSG00000135976,0.54314893,0.98989457,GM12878,0.92613083,1.0,1
ENSG00000135999,1.1537478,1.414472,GM12878,0.94886595,1.0,1
ENSG00000135999,1.1255805,1.414472,GM12878,0.9003418,1.0,1
ENSG00000135999,1.201159,1.414472,GM12878,0.88075346,1.0,1
ENSG00000136003,1.6144783,1.8243862,GM12878,0.8586482,1.0,1
ENSG00000136003,1.4374123,1.8243862,GM12878,0.899819,0.06982093,1
ENSG00000136003,1.6884913,1.8243862,GM12878,0.88760364,0.0022763088,1
ENSG00000136003,1.550246,1.8243862,GM12878,0.916519,0.00070150825,1
ENSG00000136010,0.92378205,0.48144263,GM12878,0.91752076,1.0,1
ENSG00000136010,0.71744454,0.48144263,GM12878,0.9437742,1.0,1
ENSG00000136010,0.57547206,0.48144263,GM12878,0.9552585,1.0,1
ENSG00000136021,1.127472,1.3546846,GM12878,0.9043884,1.0,1
ENSG00000136021,1.1568723,1.3546846,GM12878,0.9343326,1.0,1
ENSG00000136040,-0.5454019,-0.48148605,GM12878,0.96798104,1.0,1
ENSG00000136040,-0.3975093,-0.48148605,GM12878,0.9643261,1.0,1
ENSG00000136044,0.76807034,1.0077478,GM12878,0.8861936,1.0,1
ENSG00000136044,0.80383915,1.0077478,GM12878,0.7637712,1.0,1
ENSG00000136045,1.496554,1.9060656,GM12878,0.86913717,1.0,1
ENSG00000136048,0.788154,0.22271647,GM12878,0.5359839,1.0,1
ENSG00000136051,1.0228026,1.2605484,GM12878,0.92455655,1.0,1
ENSG00000136051,0.9729248,1.2605484,GM12878,0.7980279,1.0,1
ENSG00000136052,0.06922902,-0.6777807,GM12878,0.8633004,1.0,1
ENSG00000136536,1.5477678,1.6893089,GM12878,0.91940033,1.0,1
ENSG00000136536,1.5727046,1.6893089,GM12878,0.9238718,1.0,1
ENSG00000136536,1.3187608,1.6893089,GM12878,0.92485267,0.8555219,1
ENSG00000136536,1.4762899,1.6893089,GM12878,0.74698853,0.8555219,1
ENSG00000136541,0.05259188,-0.7447275,GM12878,0.8571298,1.0,1
ENSG00000136541,-0.15308794,-0.7447275,GM12878,0.9804673,1.0,1
ENSG00000136542,1.6548414,1.6290016,GM12878,0.93006957,1.0,1
ENSG00000136542,1.8557534,1.6290016,GM12878,0.8919476,1.0,1
ENSG00000136560,1.3422781,1.6435513,GM12878,0.9222819,1.0,1
ENSG00000136560,1.5687696,1.6435513,GM12878,0.8536878,1.0,1
ENSG00000136560,1.4978745,1.6435513,GM12878,0.8729167,1.0,1
ENSG00000136560,1.229594,1.6435513,GM12878,0.93962526,1.0,1
ENSG00000136682,0.66853094,1.4702635,GM12878,0.8634951,1.0,1
ENSG00000136682,0.6530908,1.4702635,GM12878,0.68149865,0.39384496,1
ENSG00000136682,0.6914649,1.4702635,GM12878,0.855747,0.018551765,1
ENSG00000136682,0.72725093,1.4702635,GM12878,0.50937945,0.12951168,1
ENSG00000136682,0.7053346,1.4702635,GM12878,0.5490023,0.8266108,1
ENSG00000136699,0.768819,1.6574383,GM12878,0.7720658,1.0,1
ENSG00000136699,1.0923514,1.6574383,GM12878,0.84323984,0.08573903,1
ENSG00000136699,1.4011338,1.6574383,GM12878,0.47393104,0.76760566,1
ENSG00000136699,1.2350036,1.6574383,GM12878,0.8818848,0.9672771,1
ENSG00000136709,1.6129451,1.6395861,GM12878,0.878534,1.0,1
ENSG00000136710,0.9978993,1.6773331,GM12878,0.93788254,1.0,1
ENSG00000136710,0.95006573,1.6773331,GM12878,0.9339038,0.102380954,1
ENSG00000136715,1.2220149,0.9965117,GM12878,0.8710718,0.4827586,1
ENSG00000136717,-0.5049336,-0.060480747,GM12878,0.9908358,1.0,1
ENSG00000136718,1.391815,2.0466902,GM12878,0.91863424,1.0,1
ENSG00000136731,1.2773862,1.2962263,GM12878,0.75026184,1.0,1
ENSG00000136731,1.4013817,1.2962263,GM12878,0.9372499,1.0,1
ENSG00000136732,0.88965863,2.287152,GM12878,0.8422797,1.0,1
ENSG00000136732,1.654369,2.287152,GM12878,0.9249945,0.0075281016,1
ENSG00000136732,1.091532,2.287152,GM12878,0.7726753,0.50829196,1
ENSG00000138002,1.0435125,1.2214142,GM12878,0.92632043,1.0,1
ENSG00000138002,0.89490867,1.2214142,GM12878,0.8036371,0.0,1
ENSG00000138018,1.5082821,1.3220124,GM12878,0.84413165,1.0,1
ENSG00000138029,1.2499719,1.962322,GM12878,0.79620326,1.0,1
ENSG00000138029,1.2499719,1.962322,GM12878,0.79620326,1.0,1
ENSG00000138029,1.2123418,1.962322,GM12878,0.56309074,0.9915265,1
ENSG00000138030,0.5020976,0.4578819,GM12878,0.94650894,1.0,1
ENSG00000138031,0.4670392,1.474362,GM12878,0.9587122,1.0,1
ENSG00000138031,0.4750584,1.474362,GM12878,0.97034866,1.0,1
ENSG00000138031,0.29273847,1.474362,GM12878,0.9196706,0.3809524,1
ENSG00000138032,0.78657603,1.5174599,GM12878,0.91951317,1.0,1
ENSG00000138032,1.1377366,1.5174599,GM12878,0.76787084,1.0,1
ENSG00000138032,0.95786643,1.5174599,GM12878,0.7989138,0.99812263,1
ENSG00000138032,0.690978,1.5174599,GM12878,0.92683077,0.637321,1
ENSG00000138035,1.2167323,1.602711,GM12878,0.9466117,1.0,1
ENSG00000138035,1.1803467,1.602711,GM12878,0.8554538,1.0,1
ENSG00000138035,1.2228332,1.602711,GM12878,0.892095,1.0,1
ENSG00000138036,0.7325382,1.4723176,GM12878,0.6846553,1.0,1
ENSG00000138050,1.3621432,1.4776999,GM12878,0.88912714,1.0,1
ENSG00000138050,1.4999112,1.4776999,GM12878,0.93310505,1.0,1
ENSG00000138050,1.4488313,1.4776999,GM12878,0.9221844,0.4416191,1
ENSG00000138050,1.3427017,1.4776999,GM12878,0.93571454,0.054569364,1
ENSG00000138069,1.2578721,2.0828214,GM12878,0.9069061,1.0,1
ENSG00000138071,1.5366936,2.0807707,GM12878,0.8852747,1.0,1
ENSG00000138071,1.1013013,2.0807707,GM12878,0.9156436,1.0,1
ENSG00000138071,1.4421458,2.0807707,GM12878,0.8024193,1.0,1
ENSG00000138071,1.5705229,2.0807707,GM12878,0.9281208,1.0,1
ENSG00000138071,1.5789725,2.0807707,GM12878,0.75697446,0.0,1
ENSG00000138073,0.9486116,1.8209236,GM12878,0.9372778,1.0,1
ENSG00000138073,0.813234,1.8209236,GM12878,0.93980414,1.0,1
ENSG00000138073,1.253118,1.8209236,GM12878,0.9279484,0.993831,1
ENSG00000138073,1.2502909,1.8209236,GM12878,0.9463127,0.98530495,1
ENSG00000138074,1.1868666,2.0226758,GM12878,0.5588733,1.0,1
ENSG00000138074,1.678119,2.0226758,GM12878,0.81901956,0.0038812784,1
ENSG00000138078,1.7722223,1.6208645,GM12878,0.83063716,1.0,1
ENSG00000138078,1.0942771,1.6208645,GM12878,0.6318475,1.0,1
ENSG00000138078,1.2603189,1.6208645,GM12878,0.93252844,1.0,1
ENSG00000138078,1.46363,1.6208645,GM12878,0.93001914,1.0,1
ENSG00000138078,1.5778744,1.6208645,GM12878,0.8738237,1.0,1
ENSG00000138078,1.3476894,1.6208645,GM12878,0.9133484,0.9982614,1
ENSG00000138078,1.1379161,1.6208645,GM12878,0.8937895,0.34531185,1
ENSG00000138080,0.29121962,-0.4436975,GM12878,0.94135886,1.0,1
ENSG00000138080,0.29072937,-0.4436975,GM12878,0.9392266,1.0,1
ENSG00000138081,1.3921607,1.4988617,GM12878,0.924506,1.0,1
ENSG00000138085,1.6813356,2.12827,GM12878,0.876285,1.0,1
ENSG00000138092,1.3046138,1.731347,GM12878,0.9323768,1.0,1
ENSG00000138092,1.6578703,1.731347,GM12878,0.8487124,0.60303515,1
ENSG00000138095,1.039341,2.1406024,GM12878,0.90949345,1.0,1
ENSG00000138095,1.4477063,2.1406024,GM12878,0.8927489,1.0,1
ENSG00000138095,1.5123426,2.1406024,GM12878,0.91356623,1.0,1
ENSG00000138095,1.4553043,2.1406024,GM12878,0.9072996,1.0,1
ENSG00000138095,1.2413874,2.1406024,GM12878,0.9331277,1.0,1
ENSG00000138101,-0.523272,0.1271048,GM12878,0.9921307,1.0,1
ENSG00000138101,-0.45114633,0.1271048,GM12878,0.99186826,1.0,1
ENSG00000138356,-0.4907977,-0.7447275,GM12878,0.97668946,1.0,1
ENSG00000138363,1.573333,2.0111897,GM12878,0.9137816,1.0,1
ENSG00000138375,1.5905215,1.349666,GM12878,0.7994987,1.0,1
ENSG00000138375,1.5487238,1.349666,GM12878,0.8015363,0.94951236,1
ENSG00000138376,1.1818906,0.9334873,GM12878,0.92136556,1.0,1
ENSG00000138376,1.2222545,0.9334873,GM12878,0.936723,1.0,1
ENSG00000138376,1.2578176,0.9334873,GM12878,0.86198974,1.0,1
ENSG00000138376,1.3023711,0.9334873,GM12878,0.92691064,0.87261146,1
ENSG00000138376,1.1124482,0.9334873,GM12878,0.8583157,1.0,1
ENSG00000138378,-0.41463146,-0.92081875,GM12878,0.9509888,1.0,1
ENSG00000138380,0.8956994,0.5599066,GM12878,0.85538894,1.0,1
ENSG00000138380,0.83119464,0.5599066,GM12878,0.89886785,1.0,1
ENSG00000138380,1.1195836,0.5599066,GM12878,0.81183314,0.0,1
ENSG00000138380,1.0764917,0.5599066,GM12878,0.8238067,0.12719299,1
ENSG00000138380,0.83119464,0.5599066,GM12878,0.89886785,0.9754902,1
ENSG00000138380,0.9118634,0.5599066,GM12878,0.565831,1.0,1
ENSG00000138380,0.6449008,0.5599066,GM12878,0.7307243,0.6271777,1
ENSG00000138380,0.6208445,0.5599066,GM12878,0.87596595,0.0,1
ENSG00000138381,0.95163524,1.3003781,GM12878,0.7551614,1.0,1
ENSG00000138381,1.27039,1.3003781,GM12878,0.72255117,1.0,1
ENSG00000138382,1.280792,2.1152444,GM12878,0.8904064,1.0,1
ENSG00000138385,1.467605,2.4353347,GM12878,0.9120503,1.0,1
ENSG00000138386,1.4611509,1.2129862,GM12878,0.6536061,1.0,1
ENSG00000138386,1.2043228,1.2129862,GM12878,0.755931,1.0,1
ENSG00000138386,1.2600477,1.2129862,GM12878,0.68733317,1.0,1
ENSG00000138386,1.3789716,1.2129862,GM12878,0.8424498,1.0,1
ENSG00000138386,1.338635,1.2129862,GM12878,0.6027055,1.0,1
ENSG00000138386,1.338635,1.2129862,GM12878,0.6027055,1.0,1
ENSG00000138386,1.3109524,1.2129862,GM12878,0.826571,1.0,1
ENSG00000138386,1.4466319,1.2129862,GM12878,0.91975754,1.0,1
ENSG00000138386,1.2682781,1.2129862,GM12878,0.51524156,0.97722095,1
ENSG00000138398,1.358561,1.9762124,GM12878,0.8559092,1.0,1
ENSG00000138398,1.5522846,1.9762124,GM12878,0.8026348,0.93984795,1
ENSG00000138399,1.3005973,1.9340438,GM12878,0.896313,1.0,1
ENSG00000138399,1.0396953,1.9340438,GM12878,0.7996575,0.76833487,1
ENSG00000138399,1.2551832,1.9340438,GM12878,0.7146352,0.91881496,1
ENSG00000138411,-0.33092782,-0.32790214,GM12878,0.981532,1.0,1
ENSG00000138411,-0.4188461,-0.32790214,GM12878,0.98351187,1.0,1
ENSG00000138413,1.2008928,1.8581159,GM12878,0.9273861,1.0,1
ENSG00000138430,1.0747035,2.3815482,GM12878,0.71424896,1.0,1
ENSG00000138430,0.9172565,2.3815482,GM12878,0.9066772,1.0,1
ENSG00000138430,0.891557,2.3815482,GM12878,0.7944447,1.0,1
ENSG00000138430,1.192288,2.3815482,GM12878,0.92618495,1.0,1
ENSG00000138430,1.0952733,2.3815482,GM12878,0.8052922,0.57125014,1
ENSG00000138433,0.86450034,1.1212314,GM12878,0.90638506,1.0,1
ENSG00000138433,0.8645172,1.1212314,GM12878,0.9473382,1.0,1
ENSG00000138433,1.097604,1.1212314,GM12878,0.92748547,1.0,1
ENSG00000138433,1.0833011,1.1212314,GM12878,0.7979783,1.0,1
ENSG00000138433,0.9968293,1.1212314,GM12878,0.88810754,1.0,1
ENSG00000138433,1.0553613,1.1212314,GM12878,0.84927666,1.0,1
ENSG00000138433,0.9088371,1.1212314,GM12878,0.83680296,1.0,1
ENSG00000138433,0.98715734,1.1212314,GM12878,0.9190258,1.0,1
ENSG00000138434,1.4478396,1.5533975,GM12878,0.84616035,1.0,1
ENSG00000138434,1.3327594,1.5533975,GM12878,0.74858165,0.94389206,1
ENSG00000138434,1.0352013,1.5533975,GM12878,0.81320673,0.7046632,1
ENSG00000138434,0.89735174,1.5533975,GM12878,0.8743865,0.7635422,1
ENSG00000138439,0.65928745,0.23804611,GM12878,0.68892485,1.0,1
ENSG00000138442,1.292099,2.2621899,GM12878,0.9259342,1.0,1
ENSG00000138443,0.80502707,1.0860037,GM12878,0.8927252,1.0,1
ENSG00000138443,1.053236,1.0860037,GM12878,0.8654949,1.0,1
ENSG00000138443,0.8383403,1.0860037,GM12878,0.91635895,1.0,1
ENSG00000138443,0.78675556,1.0860037,GM12878,0.76557785,0.023201857,1
ENSG00000138443,0.9238224,1.0860037,GM12878,0.77987236,0.14430894,1
ENSG00000138443,0.9274734,1.0860037,GM12878,0.55457246,0.005976096,1
ENSG00000138443,1.0614643,1.0860037,GM12878,0.8642297,0.96893203,1
ENSG00000138443,1.0010102,1.0860037,GM12878,0.8441644,0.005976096,1
ENSG00000138443,1.0516789,1.0860037,GM12878,0.82852453,0.82509506,1
ENSG00000138448,0.9815359,1.1010593,GM12878,0.776576,1.0,1
ENSG00000138449,1.4877949,1.5110809,GM12878,0.9425398,1.0,1
ENSG00000139044,-0.5976896,-0.537602,GM12878,0.9855904,1.0,1
ENSG00000139044,-0.6576112,-0.537602,GM12878,0.9915488,1.0,1
ENSG00000139044,-0.64187634,-0.537602,GM12878,0.9914739,1.0,1
ENSG00000139083,0.76956666,0.45636603,GM12878,0.87049675,1.0,1
ENSG00000139112,1.4072909,1.0476642,GM12878,0.87703335,1.0,1
ENSG00000139112,1.2150197,1.0476642,GM12878,0.74921525,1.0,1
ENSG00000139116,1.1865913,1.2638726,GM12878,0.9205752,1.0,1
ENSG00000139116,1.0992976,1.2638726,GM12878,0.9081916,1.0,1
ENSG00000139116,1.0301186,1.2638726,GM12878,0.86796266,1.0,1
ENSG00000139116,1.0305936,1.2638726,GM12878,0.7525419,0.005291005,1
ENSG00000139116,0.95240295,1.2638726,GM12878,0.9227742,0.38004947,1
ENSG00000139116,1.0337937,1.2638726,GM12878,0.59294504,0.03730738,1
ENSG00000139116,0.9737302,1.2638726,GM12878,0.9084969,0.9459459,1
ENSG00000139116,0.82627463,1.2638726,GM12878,0.7014589,0.01048218,1
ENSG00000139131,1.0137949,1.4364806,GM12878,0.94566345,1.0,1
ENSG00000139133,0.6717762,1.0809871,GM12878,0.817045,1.0,1
ENSG00000139133,0.6717762,1.0809871,GM12878,0.817045,1.0,1
ENSG00000139146,1.7322156,1.8637391,GM12878,0.80497634,1.0,1
ENSG00000139146,1.7322156,1.8637391,GM12878,0.80497634,1.0,1
ENSG00000139154,1.1322619,0.854913,GM12878,0.9437416,1.0,1
ENSG00000139160,0.8990971,-0.055517327,GM12878,0.87398213,1.0,1
ENSG00000139160,1.0035633,-0.055517327,GM12878,0.74033725,1.0,1
ENSG00000139163,1.1348896,1.4116197,GM12878,0.89235014,1.0,1
ENSG00000139163,1.1397502,1.4116197,GM12878,0.9089763,1.0,1
ENSG00000139163,1.2037969,1.4116197,GM12878,0.7455332,1.0,1
ENSG00000139163,1.1369779,1.4116197,GM12878,0.7623306,1.0,1
ENSG00000139163,0.88505006,1.4116197,GM12878,0.8624498,0.0,1
ENSG00000139168,1.0202332,1.447778,GM12878,0.9213491,1.0,1
ENSG00000139173,0.3640311,-0.1426675,GM12878,0.9406828,1.0,1
ENSG00000139173,0.27654427,-0.1426675,GM12878,0.9400041,1.0,1
ENSG00000139173,0.18042995,-0.1426675,GM12878,0.9186392,1.0,1
ENSG00000139174,-0.5668675,-0.17392519,GM12878,0.9898455,1.0,1
ENSG00000139178,1.134834,0.7185017,GM12878,0.81788325,1.0,1
ENSG00000139180,1.5292823,1.8949803,GM12878,0.66414154,1.0,1
ENSG00000139180,1.5005732,1.8949803,GM12878,0.4094431,0.85535055,1
ENSG00000139182,0.77480954,1.3104808,GM12878,0.6654221,1.0,1
ENSG00000139182,0.8441216,1.3104808,GM12878,0.8787423,1.0,1
ENSG00000139182,0.44883338,1.3104808,GM12878,0.9413204,1.0,1
ENSG00000139187,-0.28744712,0.37106785,GM12878,0.95483124,1.0,1
ENSG00000139190,1.1082512,0.8280151,GM12878,0.74941844,1.0,1
ENSG00000139190,1.1652286,0.8280151,GM12878,0.715464,1.0,1
ENSG00000139190,0.9655535,0.8280151,GM12878,0.8922556,1.0,1
ENSG00000139190,0.50679594,0.8280151,GM12878,0.90630496,1.0,1
ENSG00000139192,0.24565418,-0.36653155,GM12878,0.90857226,1.0,1
ENSG00000139192,0.19704588,-0.36653155,GM12878,0.9554561,1.0,1
ENSG00000139192,0.3178395,-0.36653155,GM12878,0.9515645,1.0,1
ENSG00000139192,0.10544403,-0.36653155,GM12878,0.9512051,1.0,1
ENSG00000139194,0.7878537,0.92737037,GM12878,0.92707,1.0,1
ENSG00000139197,1.2037014,1.1152776,GM12878,0.43262637,1.0,1
ENSG00000139197,1.2203773,1.1152776,GM12878,0.94156873,0.392,1
ENSG00000139218,0.85568905,1.6919651,GM12878,0.9246843,1.0,1
ENSG00000139233,0.9546919,1.177825,GM12878,0.9000785,1.0,1
ENSG00000139263,-0.4621099,-0.7695511,GM12878,0.8576428,1.0,1
ENSG00000139266,0.55841655,0.8318698,GM12878,0.7765108,1.0,1
ENSG00000139278,-0.45867106,-0.55284196,GM12878,0.98506653,1.0,1
ENSG00000139278,-0.45867106,-0.55284196,GM12878,0.98506653,1.0,1
ENSG00000139278,0.4369249,-0.55284196,GM12878,0.95856476,1.0,1
ENSG00000139278,0.4369249,-0.55284196,GM12878,0.95856476,1.0,1
ENSG00000139278,0.71413136,-0.55284196,GM12878,0.8870403,1.0,1
ENSG00000139291,1.0029312,1.1619666,GM12878,0.8994759,1.0,1
ENSG00000139291,0.94285154,1.1619666,GM12878,0.64968574,1.0,1
ENSG00000139323,1.3212805,1.0802656,GM12878,0.70934933,1.0,1
ENSG00000139323,1.0122817,1.0802656,GM12878,0.83065647,1.0,1
ENSG00000139323,1.0355146,1.0802656,GM12878,0.4852089,0.16414687,1
ENSG00000139323,1.0597835,1.0802656,GM12878,0.8621483,0.79913604,1
ENSG00000139324,0.8626777,0.69108146,GM12878,0.8033113,1.0,1
ENSG00000139324,0.8785738,0.69108146,GM12878,0.43132502,1.0,1
ENSG00000139324,0.8598747,0.69108146,GM12878,0.92599404,1.0,1
ENSG00000139324,0.9239663,0.69108146,GM12878,0.9353135,1.0,1
ENSG00000139324,1.2205938,0.69108146,GM12878,0.92021465,0.53318584,1
ENSG00000139343,1.3326313,1.5625308,GM12878,0.8589692,1.0,1
ENSG00000139350,1.0283116,1.3213912,GM12878,0.82375956,1.0,1
ENSG00000139350,0.94495296,1.3213912,GM12878,0.767253,0.9693356,1
ENSG00000139351,0.14802624,-0.69897,GM12878,0.97923344,1.0,1
ENSG00000139354,0.40907845,0.30103,GM12878,0.831605,1.0,1
ENSG00000139370,1.1160784,1.2070955,GM12878,0.8789599,1.0,1
ENSG00000139370,1.1007032,1.2070955,GM12878,0.9282134,0.65,1
ENSG00000139372,1.2127833,1.6894865,GM12878,0.95725024,1.0,1
ENSG00000139372,1.2260748,1.6894865,GM12878,0.8087985,0.00046189377,1
ENSG00000139372,1.3165414,1.6894865,GM12878,0.9431304,0.990389,1
ENSG00000139372,1.2766551,1.6894865,GM12878,0.87541723,0.9840973,1
ENSG00000139405,1.4399916,1.1492192,GM12878,0.8546988,1.0,1
ENSG00000139405,1.3837749,1.1492192,GM12878,0.8635664,1.0,1
ENSG00000139405,1.5057735,1.1492192,GM12878,0.78590333,0.99482757,1
ENSG00000139405,1.5171704,1.1492192,GM12878,0.7853902,0.96103895,1
ENSG00000139410,0.5525806,0.91592723,GM12878,0.93164593,1.0,1
ENSG00000139428,1.4316472,1.595386,GM12878,0.87195694,1.0,1
ENSG00000139428,0.8089938,1.595386,GM12878,0.9117529,0.9215407,1
ENSG00000139433,0.25709608,0.5976952,GM12878,0.8767706,1.0,1
ENSG00000139433,0.2840992,0.5976952,GM12878,0.9084457,0.093333334,1
ENSG00000139436,1.0854293,1.360404,GM12878,0.94136786,1.0,1
ENSG00000139436,1.0235649,1.360404,GM12878,0.8722559,0.9881188,1
ENSG00000139436,1.2896326,1.360404,GM12878,0.9275437,0.9960396,1
ENSG00000139436,1.0448557,1.360404,GM12878,0.7902587,0.0023640662,1
ENSG00000139436,1.0567076,1.360404,GM12878,0.80647624,0.99527186,1
ENSG00000139437,1.1272457,1.0534626,GM12878,0.95386606,1.0,1
ENSG00000139437,0.84902453,1.0534626,GM12878,0.92450345,1.0,1
ENSG00000139438,-0.43909234,-0.85387194,GM12878,0.98443514,1.0,1
ENSG00000139531,1.3587044,1.3984609,GM12878,0.8767677,1.0,1
ENSG00000139531,1.2064703,1.3984609,GM12878,0.6191401,0.75310034,1
ENSG00000139531,1.056362,1.3984609,GM12878,0.77884257,0.41454864,1
ENSG00000139540,-0.36275724,-0.69897,GM12878,0.9829017,1.0,1
ENSG00000139546,1.337919,1.5749568,GM12878,0.9092619,1.0,1
ENSG00000139546,1.2288587,1.5749568,GM12878,0.86740136,1.0,1
ENSG00000139546,1.0524757,1.5749568,GM12878,0.90300506,1.0,1
ENSG00000139547,-0.8449109,-0.34678748,GM12878,0.9940223,1.0,1
ENSG00000139579,1.3024223,1.6471874,GM12878,0.867794,1.0,1
ENSG00000139613,1.4364247,1.6319509,GM12878,0.93421596,1.0,1
ENSG00000139613,1.2499924,1.6319509,GM12878,0.8343187,0.9620438,1
ENSG00000139613,0.9973494,1.6319509,GM12878,0.8980991,0.35400516,1
ENSG00000139620,1.7541122,1.6909045,GM12878,0.92205495,1.0,1
ENSG00000139620,1.4089644,1.6909045,GM12878,0.9404132,1.0,1
ENSG00000139620,1.7904994,1.6909045,GM12878,0.86749804,0.92889136,1
ENSG00000139624,1.2495544,1.5384481,GM12878,0.5802366,1.0,1
ENSG00000139624,1.3101178,1.5384481,GM12878,0.80807716,1.0,1
ENSG00000139624,1.3315003,1.5384481,GM12878,0.6598556,0.13030832,1
ENSG00000139624,1.0763532,1.5384481,GM12878,0.8336164,0.99424297,1
ENSG00000139624,0.96609354,1.5384481,GM12878,0.75596696,0.871042,1
ENSG00000139624,0.8775396,1.5384481,GM12878,0.8992955,1.0,1
ENSG00000139624,0.917359,1.5384481,GM12878,0.43670082,0.116637066,1
ENSG00000139625,0.64708066,0.20139712,GM12878,0.9455324,1.0,1
ENSG00000139626,-0.33279514,0.029383779,GM12878,0.9585347,1.0,1
ENSG00000139629,0.2740266,0.7937904,GM12878,0.9648067,1.0,1
ENSG00000139629,0.18204159,0.7937904,GM12878,0.97842807,1.0,1
ENSG00000139629,0.33326033,0.7937904,GM12878,0.96583116,0.89329267,1
ENSG00000139631,1.1342161,1.2622137,GM12878,0.9082457,1.0,1
ENSG00000139636,1.3550882,1.7886633,GM12878,0.7154338,1.0,1
ENSG00000139636,1.2716573,1.7886633,GM12878,0.8930749,1.0,1
ENSG00000139636,1.4412056,1.7886633,GM12878,0.8999265,1.0,1
ENSG00000139636,1.5746391,1.7886633,GM12878,0.88803303,1.0,1
ENSG00000139636,1.4947929,1.7886633,GM12878,0.8103656,1.0,1
ENSG00000139636,1.4424477,1.7886633,GM12878,0.8890971,1.0,1
ENSG00000139636,1.5513761,1.7886633,GM12878,0.80314404,0.9653938,1
ENSG00000139636,1.3141738,1.7886633,GM12878,0.9574618,0.3025862,1
ENSG00000139636,1.3488977,1.7886633,GM12878,0.7675791,0.056279622,1
ENSG00000139637,0.5213614,0.6117233,GM12878,0.9362286,1.0,1
ENSG00000139637,0.17025016,0.6117233,GM12878,0.97860944,1.0,1
ENSG00000139637,0.3076901,0.6117233,GM12878,0.9603173,0.972973,1
ENSG00000139641,1.7031661,2.1837254,GM12878,0.9021547,1.0,1
ENSG00000139644,1.9500725,2.473487,GM12878,0.87671125,1.0,1
ENSG00000139645,1.2902445,0.92582756,GM12878,0.7097022,1.0,1
ENSG00000139651,1.4129269,1.4324882,GM12878,0.54329133,1.0,1
ENSG00000139697,1.2869656,1.3342526,GM12878,0.9172232,1.0,1
ENSG00000139714,-0.38536528,-0.52287877,GM12878,0.9809457,1.0,1
ENSG00000139714,0.044580717,-0.52287877,GM12878,0.96728843,1.0,1
ENSG00000139718,1.2716285,-0.07572071,GM12878,0.9488131,1.0,1
ENSG00000139719,1.0890248,1.2108533,GM12878,0.9364125,1.0,1
ENSG00000139719,1.2523142,1.2108533,GM12878,0.78639,0.61228603,1
ENSG00000139722,1.000814,1.0685569,GM12878,0.89616996,1.0,1
ENSG00000139722,1.3403516,1.0685569,GM12878,0.93120265,1.0,1
ENSG00000139725,0.3109014,0.61278385,GM12878,0.9606865,1.0,1
ENSG00000139725,0.35123074,0.61278385,GM12878,0.9750564,1.0,1
ENSG00000139725,0.21655007,0.61278385,GM12878,0.9812935,1.0,1
ENSG00000139726,1.3802894,1.5540043,GM12878,0.8234248,1.0,1
ENSG00000139726,1.4384968,1.5540043,GM12878,0.6803845,1.0,1
ENSG00000139726,1.5684807,1.5540043,GM12878,0.93399316,1.0,1
ENSG00000142327,0.80197614,0.7909885,GM12878,0.9465161,1.0,1
ENSG00000142330,0.5588355,0.95279247,GM12878,0.93001646,1.0,1
ENSG00000142330,0.8063008,0.95279247,GM12878,0.77318114,1.0,1
ENSG00000142330,0.8307642,0.95279247,GM12878,0.91109544,0.09266409,1
ENSG00000142330,0.45282438,0.95279247,GM12878,0.9044376,1.0,1
ENSG00000143727,0.8705666,2.1746702,GM12878,0.9091776,1.0,1
ENSG00000143727,0.80393106,2.1746702,GM12878,0.92198724,1.0,1
ENSG00000143727,0.9716042,2.1746702,GM12878,0.92964715,1.0,1
ENSG00000143727,0.8854996,2.1746702,GM12878,0.9412264,1.0,1
ENSG00000143727,1.1668577,2.1746702,GM12878,0.84454,1.0,1
ENSG00000143727,0.9142841,2.1746702,GM12878,0.9117528,0.32360098,1
ENSG00000143727,1.3576674,2.1746702,GM12878,0.78825974,0.9009593,1
ENSG00000143797,0.9844172,1.9423058,GM12878,0.8864684,1.0,1
ENSG00000143870,1.4017888,2.217247,GM12878,0.91226226,1.0,1
ENSG00000143870,1.4954443,2.217247,GM12878,0.72303414,0.0037619076,1
ENSG00000143882,-0.9353613,-0.85387194,GM12878,0.99736625,1.0,1
ENSG00000143882,-0.9201776,-0.85387194,GM12878,0.9967456,1.0,1
ENSG00000143882,-0.7781729,-0.85387194,GM12878,0.991344,1.0,1
ENSG00000143889,1.5193422,1.9645425,GM12878,0.9163143,1.0,1
ENSG00000143889,1.5611993,1.9645425,GM12878,0.9374897,1.0,1
ENSG00000143891,1.2281878,1.5017437,GM12878,0.9625699,1.0,1
ENSG00000143919,0.7060623,0.968483,GM12878,0.8592653,1.0,1
ENSG00000143919,0.61416817,0.968483,GM12878,0.8029663,1.0,1
ENSG00000143924,1.1901836,1.5285311,GM12878,0.8560967,1.0,1
ENSG00000143924,0.8974339,1.5285311,GM12878,0.91205394,0.96640587,1
ENSG00000143933,1.8220292,2.332095,GM12878,0.9266441,1.0,1
ENSG00000143933,1.8143289,2.332095,GM12878,0.87495714,1.0,1
ENSG00000143933,1.601198,2.332095,GM12878,0.895937,1.0,1
ENSG00000143933,1.7205977,2.332095,GM12878,0.7818251,1.0,1
ENSG00000143933,1.7205977,2.332095,GM12878,0.7818251,1.0,1
ENSG00000143933,1.5285925,2.332095,GM12878,0.686107,0.003452381,1
ENSG00000143942,1.2511262,0.9614211,GM12878,0.63137484,1.0,1
ENSG00000143951,0.75041264,0.61909336,GM12878,0.8824026,1.0,1
ENSG00000143951,0.48267892,0.61909336,GM12878,0.91909677,0.704,1
ENSG00000143951,0.59277636,0.61909336,GM12878,0.9390927,0.18340611,1
ENSG00000143952,1.3154159,1.1970047,GM12878,0.77451354,1.0,1
ENSG00000143952,1.0539358,1.1970047,GM12878,0.85879874,0.16591422,1
ENSG00000143952,0.92125297,1.1970047,GM12878,0.90361416,0.97564274,1
ENSG00000143970,1.3228668,1.1061909,GM12878,0.8023005,1.0,1
ENSG00000143971,0.559878,0.84323275,GM12878,0.8834721,1.0,1
ENSG00000143971,0.69588256,0.84323275,GM12878,0.9243756,1.0,1
ENSG00000143971,0.3692623,0.84323275,GM12878,0.88777035,1.0,1
ENSG00000143971,0.38897848,0.84323275,GM12878,0.822119,1.0,1
ENSG00000143977,1.7838619,2.557411,GM12878,0.9197959,1.0,1
ENSG00000143977,1.6179141,2.557411,GM12878,0.76177484,1.0,1
ENSG00000143977,1.6179141,2.557411,GM12878,0.76177484,1.0,1
ENSG00000143977,1.6179141,2.557411,GM12878,0.76177484,0.9324989,1
ENSG00000143994,0.49904105,-0.61978877,GM12878,0.95188195,1.0,1
ENSG00000144021,1.3238584,1.9440383,GM12878,0.8574473,1.0,1
ENSG00000144021,1.3178649,1.9440383,GM12878,0.8772588,1.0,1
ENSG00000144021,1.2232647,1.9440383,GM12878,0.8745507,1.0,1
ENSG00000144021,1.0279508,1.9440383,GM12878,0.9409308,1.0,1
ENSG00000144021,1.2863631,1.9440383,GM12878,0.9394126,1.0,1
ENSG00000144021,1.4764537,1.9440383,GM12878,0.9181659,1.0,1
ENSG00000144021,1.3526815,1.9440383,GM12878,0.90669423,0.77730757,1
ENSG00000144026,0.891081,1.193959,GM12878,0.9142333,1.0,1
ENSG00000144026,1.1045722,1.193959,GM12878,0.87740844,1.0,1
ENSG00000144028,1.5672027,2.183099,GM12878,0.9151386,1.0,1
ENSG00000144028,1.1951027,2.183099,GM12878,0.8861155,0.002232475,1
ENSG00000144034,1.4674414,1.7953933,GM12878,0.93712324,1.0,1
ENSG00000144036,0.2328297,0.15228835,GM12878,0.9490656,1.0,1
ENSG00000144040,1.1277232,1.2046626,GM12878,0.8911178,1.0,1
ENSG00000144040,0.8833511,1.2046626,GM12878,0.9409424,0.034210525,1
ENSG00000144040,0.79891837,1.2046626,GM12878,0.90043634,0.778022,1
ENSG00000144040,1.1450031,1.2046626,GM12878,0.75102204,0.9750567,1
ENSG00000144040,1.1045868,1.2046626,GM12878,0.49799663,0.025761124,1
ENSG00000144043,1.1707082,1.7659664,GM12878,0.73822904,1.0,1
ENSG00000144043,1.2986982,1.7659664,GM12878,0.7619921,1.0,1
ENSG00000144043,1.2986982,1.7659664,GM12878,0.7619921,1.0,1
ENSG00000144043,1.3054363,1.7659664,GM12878,0.68687236,0.9393325,1
ENSG00000144048,1.3367828,1.3271545,GM12878,0.7326436,1.0,1
ENSG00000144118,1.0847639,1.66483,GM12878,0.8350564,1.0,1
ENSG00000144130,-0.25521645,0.61278385,GM12878,0.9808868,1.0,1
ENSG00000144130,-0.35055435,0.61278385,GM12878,0.9765713,1.0,1
ENSG00000144130,-0.2256291,0.61278385,GM12878,0.97443014,1.0,1
ENSG00000144130,-0.25953433,0.61278385,GM12878,0.9265657,1.0,1
ENSG00000144134,0.5199163,0.6434527,GM12878,0.91372234,1.0,1
ENSG00000144136,1.5344095,1.9937888,GM12878,0.8993164,1.0,1
ENSG00000144161,1.1468239,0.9278834,GM12878,0.8760206,1.0,1
ENSG00000144182,1.3018314,1.0867157,GM12878,0.43518317,0.17594936,1
ENSG00000144199,-0.26338866,1.2281436,GM12878,0.9105253,1.0,1
ENSG00000144224,1.1498573,1.9483151,GM12878,0.9562759,1.0,1
ENSG00000144224,1.0291263,1.9483151,GM12878,0.9201037,1.0,1
ENSG00000144224,0.99534047,1.9483151,GM12878,0.9120829,0.51618737,1
ENSG00000144228,0.8278191,0.6560982,GM12878,0.8867932,1.0,1
ENSG00000144231,1.8571131,1.61878,GM12878,0.94337803,1.0,1
ENSG00000144231,1.7097359,1.61878,GM12878,0.87120193,0.44040555,1
ENSG00000144231,1.8571131,1.61878,GM12878,0.94337803,0.95606256,1
ENSG00000144233,0.85199916,0.8247765,GM12878,0.8896609,1.0,1
ENSG00000144283,1.1249893,1.7081659,GM12878,0.5705779,1.0,1
ENSG00000144283,1.0993351,1.7081659,GM12878,0.94828427,0.7247088,1
ENSG00000144283,0.9878347,1.7081659,GM12878,0.8908045,0.74196076,1
ENSG00000144306,0.99931514,1.0881361,GM12878,0.88156664,1.0,1
ENSG00000144306,0.87796396,1.0881361,GM12878,0.59458137,1.0,1
ENSG00000144306,0.98374426,1.0881361,GM12878,0.87205875,0.9485646,1
ENSG00000144320,1.0691742,1.4331295,GM12878,0.8760048,1.0,1
ENSG00000144320,1.1603981,1.4331295,GM12878,0.51229393,0.04285049,1
ENSG00000144354,1.6093179,1.980912,GM12878,0.94417197,1.0,1
ENSG00000144354,1.514972,1.980912,GM12878,0.7399289,0.9986503,1
ENSG00000144354,1.4540036,1.980912,GM12878,0.9478424,0.12868,1
ENSG00000144354,1.6514153,1.980912,GM12878,0.89075416,0.0,1
ENSG00000144354,1.4731984,1.980912,GM12878,0.9353326,0.9874893,1
ENSG00000144381,1.5076089,2.5907862,GM12878,0.900292,1.0,1
ENSG00000144395,1.0369132,1.2084414,GM12878,0.9523938,1.0,1
ENSG00000144401,1.4402453,1.4247184,GM12878,0.76126355,1.0,1
ENSG00000144445,0.46891913,0.6803355,GM12878,0.8916312,1.0,1
ENSG00000144445,0.89235556,0.6803355,GM12878,0.899529,1.0,1
ENSG00000144468,1.5203531,1.3993275,GM12878,0.8906463,1.0,1
ENSG00000144468,1.3487488,1.3993275,GM12878,0.81561005,1.0,1
ENSG00000144468,1.1931157,1.3993275,GM12878,0.846963,1.0,1
ENSG00000144468,1.1931157,1.3993275,GM12878,0.846963,1.0,1
ENSG00000144468,1.3031995,1.3993275,GM12878,0.93733907,1.0,1
ENSG00000144485,0.97932553,1.5031095,GM12878,0.84601957,1.0,1
ENSG00000144485,1.279485,1.5031095,GM12878,0.84226626,0.993865,1
ENSG00000144488,-0.278292,-0.82390875,GM12878,0.9753661,1.0,1
ENSG00000144504,0.63231874,1.1122698,GM12878,0.8729935,1.0,1
ENSG00000144504,0.9934027,1.1122698,GM12878,0.83488864,0.09848485,1
ENSG00000144504,0.66109467,1.1122698,GM12878,0.9397493,0.84090906,1
ENSG00000144524,1.2218325,1.6443402,GM12878,0.9061508,1.0,1
ENSG00000144524,0.87497425,1.6443402,GM12878,0.77651036,1.0,1
ENSG00000144524,1.2124972,1.6443402,GM12878,0.8715751,0.95001966,1
ENSG00000144524,1.3005378,1.6443402,GM12878,0.84273076,0.041322313,1
ENSG00000144524,1.2767954,1.6443402,GM12878,0.8425115,0.0011231748,1
ENSG00000144535,1.1260564,0.57054293,GM12878,0.92236906,1.0,1
ENSG00000144567,1.3689681,1.5022905,GM12878,0.6324565,1.0,1
ENSG00000144567,1.5021145,1.5022905,GM12878,0.7654093,1.0,1
ENSG00000144567,1.5003914,1.5022905,GM12878,0.77493936,1.0,1
ENSG00000144579,1.3963113,1.6488477,GM12878,0.91349596,1.0,1
ENSG00000144580,1.1598645,1.7729814,GM12878,0.7856245,1.0,1
ENSG00000144580,1.3095269,1.7729814,GM12878,0.7711895,0.023099652,1
ENSG00000144589,0.7717376,0.88479537,GM12878,0.9468977,1.0,1
ENSG00000144591,1.3046362,1.9159799,GM12878,0.8573297,1.0,1
ENSG00000149948,-0.8537517,-0.36653155,GM12878,0.99245,1.0,1
ENSG00000150938,-0.6408216,-0.5850267,GM12878,0.987288,1.0,1
ENSG00000150938,-0.49676126,-0.5850267,GM12878,0.98343027,1.0,1
ENSG00000150967,0.33590248,0.71349055,GM12878,0.95667756,0.6142857,1
ENSG00000150977,1.0692619,0.53147894,GM12878,0.950657,1.0,1
ENSG00000150977,0.96868396,0.53147894,GM12878,0.9076948,1.0,1
ENSG00000150990,1.1272652,0.8744818,GM12878,0.918144,1.0,1
ENSG00000151065,0.65550065,0.74272513,GM12878,0.9260306,1.0,1
ENSG00000151065,0.8881892,0.74272513,GM12878,0.89989096,1.0,1
ENSG00000151065,0.9694679,0.74272513,GM12878,0.75100553,1.0,1
ENSG00000151131,1.2509698,1.133539,GM12878,0.6622385,1.0,1
ENSG00000151131,1.4299488,1.133539,GM12878,0.8835693,1.0,1
ENSG00000151135,1.3812985,1.4671639,GM12878,0.6582933,1.0,1
ENSG00000151135,1.117296,1.4671639,GM12878,0.7588986,1.0,1
ENSG00000151135,1.117296,1.4671639,GM12878,0.7588986,1.0,1
ENSG00000151135,1.117296,1.4671639,GM12878,0.7588986,1.0,1
ENSG00000151135,1.3812985,1.4671639,GM12878,0.6582933,0.3417466,1
ENSG00000151135,1.1996049,1.4671639,GM12878,0.417324,0.17813383,1
ENSG00000151135,1.2524318,1.4671639,GM12878,0.4122931,0.058315333,1
ENSG00000151148,1.5452638,1.3106933,GM12878,0.86276776,1.0,1
ENSG00000151148,1.2300394,1.3106933,GM12878,0.86542314,0.9882507,1
ENSG00000151164,0.6571389,-0.45593196,GM12878,0.90799767,1.0,1
ENSG00000151164,0.7569476,-0.45593196,GM12878,0.8921739,1.0,1
ENSG00000151176,1.0587468,0.71933126,GM12878,0.90152955,1.0,1
ENSG00000151176,1.2698188,0.71933126,GM12878,0.9020245,1.0,1
ENSG00000151176,1.0911167,0.71933126,GM12878,0.93366736,0.9662162,1
ENSG00000151229,0.732939,0.770852,GM12878,0.91340625,1.0,1
ENSG00000151229,0.8614985,0.770852,GM12878,0.8621133,1.0,1
ENSG00000151233,0.65991175,0.7671559,GM12878,0.93582165,1.0,1
ENSG00000151233,0.77352536,0.7671559,GM12878,0.9040152,1.0,1
ENSG00000151233,0.6109689,0.7671559,GM12878,0.8787369,0.7147826,1
ENSG00000151239,1.2166965,1.2177471,GM12878,0.9221239,1.0,1
ENSG00000151239,1.1400433,1.2177471,GM12878,0.83933705,1.0,1
ENSG00000151239,1.3422189,1.2177471,GM12878,0.5807678,0.0,1
ENSG00000151239,1.2845323,1.2177471,GM12878,0.7193096,0.057666216,1
ENSG00000151353,1.5610607,1.2979792,GM12878,0.88426095,1.0,1
ENSG00000151665,0.6375356,1.7770642,GM12878,0.45111346,1.0,1
ENSG00000151665,1.0321963,1.7770642,GM12878,0.7901475,0.7399518,1
ENSG00000151687,-0.352523,-0.31875876,GM12878,0.9586214,1.0,1
ENSG00000151689,-0.022907626,0.7075702,GM12878,0.95637774,1.0,1
ENSG00000151690,0.8121494,0.61700034,GM12878,0.95606196,1.0,1
ENSG00000151692,0.63926387,0.9132839,GM12878,0.8386686,1.0,1
ENSG00000151694,1.5507724,0.98677176,GM12878,0.81219286,1.0,1
ENSG00000151694,1.6627946,0.98677176,GM12878,0.87761444,1.0,1
ENSG00000151694,1.5298618,0.98677176,GM12878,0.8474569,1.0,1
ENSG00000151694,1.5086354,0.98677176,GM12878,0.92288405,1.0,1
ENSG00000151743,1.0476162,1.3163898,GM12878,0.8055758,1.0,1
ENSG00000151743,1.2261935,1.3163898,GM12878,0.73156404,1.0,1
ENSG00000151743,0.761523,1.3163898,GM12878,0.9212779,1.0,1
ENSG00000151743,0.761523,1.3163898,GM12878,0.9212779,1.0,1
ENSG00000151743,1.202089,1.3163898,GM12878,0.8019614,1.0,1
ENSG00000151743,0.86945707,1.3163898,GM12878,0.8458775,1.0,1
ENSG00000151743,1.0040344,1.3163898,GM12878,0.87259144,0.88271606,1
ENSG00000151743,1.0040344,1.3163898,GM12878,0.87259144,0.36334196,1
ENSG00000151746,0.9978076,0.9804579,GM12878,0.9308216,1.0,1
ENSG00000151746,0.8010335,0.9804579,GM12878,0.8959756,1.0,1
ENSG00000151746,0.8317027,0.9804579,GM12878,0.9193813,1.0,1
ENSG00000151746,0.83958215,0.9804579,GM12878,0.89985514,1.0,1
ENSG00000151746,0.8545873,0.9804579,GM12878,0.9072775,1.0,1
ENSG00000151746,0.9042957,0.9804579,GM12878,0.94043744,1.0,1
ENSG00000151746,1.0350173,0.9804579,GM12878,0.8924011,1.0,1
ENSG00000151746,0.7200557,0.9804579,GM12878,0.8172809,1.0,1
ENSG00000151779,1.2508972,1.6458151,GM12878,0.9241595,1.0,1
ENSG00000151779,0.9558201,1.6458151,GM12878,0.91805947,1.0,1
ENSG00000151779,1.5123545,1.6458151,GM12878,0.91740096,1.0,1
ENSG00000151779,1.2507553,1.6458151,GM12878,0.88889444,1.0,1
ENSG00000151779,1.0019103,1.6458151,GM12878,0.9070389,0.93941844,1
ENSG00000151779,1.2018036,1.6458151,GM12878,0.92694074,0.7257094,1
ENSG00000151779,1.5502245,1.6458151,GM12878,0.9254233,0.0,1
ENSG00000152056,-0.15859002,-0.30980393,GM12878,0.9698538,1.0,1
ENSG00000152076,-0.03858712,0.14921911,GM12878,0.9551187,1.0,1
ENSG00000152082,1.265233,2.0530784,GM12878,0.75194514,1.0,1
ENSG00000152082,1.3008721,2.0530784,GM12878,0.7778492,0.45897877,1
ENSG00000152102,1.4365232,1.6353832,GM12878,0.8169089,1.0,1
ENSG00000152127,0.49059102,0.8254261,GM12878,0.8186245,1.0,1
ENSG00000152128,-0.7944428,-0.24412514,GM12878,0.9918241,1.0,1
ENSG00000152128,-0.8246356,-0.24412514,GM12878,0.9946761,1.0,1
ENSG00000152133,0.94690514,1.0899051,GM12878,0.9169391,1.0,1
ENSG00000152133,1.1741657,1.0899051,GM12878,0.9101914,1.0,1
ENSG00000152147,0.9386096,1.2643455,GM12878,0.71766496,0.0,1
ENSG00000152147,1.0417432,1.2643455,GM12878,0.76368004,0.8342451,1
ENSG00000152253,1.3738563,1.7322329,GM12878,0.88313174,1.0,1
ENSG00000152253,1.1300778,1.7322329,GM12878,0.9237324,1.0,1
ENSG00000152253,1.0857526,1.7322329,GM12878,0.89871246,1.0,1
ENSG00000152253,1.1158408,1.7322329,GM12878,0.8810452,1.0,1
ENSG00000152253,1.3194842,1.7322329,GM12878,0.8156519,1.0,1
ENSG00000152256,1.3522308,2.1176689,GM12878,0.8997314,1.0,1
ENSG00000152256,1.5269303,2.1176689,GM12878,0.81683165,0.22713213,1
ENSG00000152284,-0.459871,-0.9586073,GM12878,0.9877564,1.0,1
ENSG00000152291,1.8325168,1.5982432,GM12878,0.87565196,1.0,1
ENSG00000152291,1.8325168,1.5982432,GM12878,0.87565196,1.0,1
ENSG00000152291,1.7402523,1.5982432,GM12878,0.86061317,1.0,1
ENSG00000152291,1.4547367,1.5982432,GM12878,0.6881151,1.0,1
ENSG00000152291,1.7035862,1.5982432,GM12878,0.8068281,1.0,1
ENSG00000152292,1.1414366,-0.38721615,GM12878,0.79120594,1.0,1
ENSG00000152556,0.40176514,1.4168068,GM12878,0.87673193,0.00097276265,1
ENSG00000152683,1.4639636,1.4912215,GM12878,0.8497366,1.0,1
ENSG00000152683,1.5647037,1.4912215,GM12878,0.8735234,0.9926271,1
ENSG00000152683,1.1859149,1.4912215,GM12878,0.72720206,0.977828,1
ENSG00000152683,1.4416538,1.4912215,GM12878,0.6820715,0.14517406,1
ENSG00000152683,1.4195842,1.4912215,GM12878,0.8046483,0.09057301,1
ENSG00000152683,1.4220514,1.4912215,GM12878,0.6890652,0.8370861,1
ENSG00000152683,1.2980251,1.4912215,GM12878,0.6830462,0.9651352,1
ENSG00000152689,0.22600754,0.033423755,GM12878,0.81762004,1.0,1
ENSG00000152944,1.3263253,1.6620018,GM12878,0.90570235,1.0,1
ENSG00000152944,0.8292507,1.6620018,GM12878,0.910681,0.95557076,1
ENSG00000153093,-0.6645673,-0.28399664,GM12878,0.9957515,1.0,1
ENSG00000153094,1.298653,0.5899496,GM12878,0.91944695,1.0,1
ENSG00000153094,1.1301864,0.5899496,GM12878,0.795435,1.0,1
ENSG00000153107,1.2764422,1.7555699,GM12878,0.7296016,1.0,1
ENSG00000153107,1.1607691,1.7555699,GM12878,0.8899964,1.0,1
ENSG00000153165,-0.04610765,-0.92081875,GM12878,0.85937715,1.0,1
ENSG00000153165,-0.1917637,-0.92081875,GM12878,0.95343584,1.0,1
ENSG00000153165,-0.013243683,-0.92081875,GM12878,0.96125597,1.0,1
ENSG00000153179,1.202347,1.2857822,GM12878,0.9237312,1.0,1
ENSG00000153179,1.1322021,1.2857822,GM12878,0.8819558,1.0,1
ENSG00000153179,0.96157444,1.2857822,GM12878,0.93478394,0.98282146,1
ENSG00000153201,0.9083681,1.3047059,GM12878,0.8801976,1.0,1
ENSG00000153208,-0.026553754,0.25042,GM12878,0.9403122,1.0,1
ENSG00000153214,1.0344748,1.0606978,GM12878,0.9007059,1.0,1
ENSG00000153214,0.89231884,1.0606978,GM12878,0.7333093,0.96893203,1
ENSG00000153561,0.016546648,1.3207692,GM12878,0.95609474,1.0,1
ENSG00000153574,1.4687382,1.2753114,GM12878,0.9108691,1.0,1
ENSG00000153827,1.0376683,1.7670816,GM12878,0.9244132,1.0,1
ENSG00000153827,1.4438564,1.7670816,GM12878,0.79136914,1.0,1
ENSG00000153827,1.2548229,1.7670816,GM12878,0.90147007,1.0,1
ENSG00000153827,1.5004752,1.7670816,GM12878,0.7515064,0.328232,1
ENSG00000153832,0.62165415,-0.013228266,GM12878,0.8516634,1.0,1
ENSG00000154252,-0.075098515,-0.88605666,GM12878,0.93050927,1.0,1
ENSG00000154252,-0.060886223,-0.88605666,GM12878,0.9250269,1.0,1
ENSG00000154518,1.4753357,3.2507079,GM12878,0.8015975,1.0,1
ENSG00000155368,1.2198896,2.0240338,GM12878,0.84828514,1.0,1
ENSG00000155368,1.1843183,2.0240338,GM12878,0.86854154,0.00058468134,1
ENSG00000155368,1.3213619,2.0240338,GM12878,0.8001531,0.004561778,1
ENSG00000155368,1.3210931,2.0240338,GM12878,0.8002036,0.0,1
ENSG00000155438,1.3396119,1.6143699,GM12878,0.9210351,1.0,1
ENSG00000155636,1.1650952,1.0845762,GM12878,0.94320214,1.0,1
ENSG00000155729,0.8359867,0.36921585,GM12878,0.91746104,1.0,1
ENSG00000155744,1.7011399,1.0334238,GM12878,0.9172736,1.0,1
ENSG00000155744,1.546266,1.0334238,GM12878,0.9225341,1.0,1
ENSG00000155744,1.3576081,1.0334238,GM12878,0.8786645,1.0,1
ENSG00000155744,1.3056974,1.0334238,GM12878,0.9287873,0.24071322,1
ENSG00000155744,1.5448921,1.0334238,GM12878,0.65575534,0.24071322,1
ENSG00000155749,-0.3391777,-0.56863624,GM12878,0.96114355,1.0,1
ENSG00000155755,0.55943215,1.154424,GM12878,0.81648916,1.0,1
ENSG00000155755,0.19669463,1.154424,GM12878,0.9507554,1.0,1
ENSG00000155755,0.555814,1.154424,GM12878,0.9539231,1.0,1
ENSG00000155755,0.44967672,1.154424,GM12878,0.9468874,1.0,1
ENSG00000155755,0.62911236,1.154424,GM12878,0.8862548,1.0,1
ENSG00000155755,0.15144627,1.154424,GM12878,0.80536044,1.0,1
ENSG00000155957,1.2219074,1.6821451,GM12878,0.76279205,1.0,1
ENSG00000155957,1.07008,1.6821451,GM12878,0.70356345,0.98955226,1
ENSG00000155957,0.965109,1.6821451,GM12878,0.7801383,0.9916418,1
ENSG00000155980,0.69608593,1.1464381,GM12878,0.96471614,1.0,1
ENSG00000155980,1.1416212,1.1464381,GM12878,0.93865716,1.0,1
ENSG00000156973,0.6247732,0.99782306,GM12878,0.94199514,1.0,1
ENSG00000157827,0.029008035,-0.60206,GM12878,0.95029044,1.0,1
ENSG00000157827,0.03720193,-0.60206,GM12878,0.5898149,1.0,1
ENSG00000157833,0.34508172,0.587711,GM12878,0.93945825,1.0,1
ENSG00000157833,0.0831105,0.587711,GM12878,0.9573639,1.0,1
ENSG00000157833,0.4340634,0.587711,GM12878,0.92497444,1.0,1
ENSG00000157837,1.2083714,0.7535831,GM12878,0.944698,1.0,1
ENSG00000157895,0.75509095,0.9116902,GM12878,0.9145028,1.0,1
ENSG00000157895,1.150588,0.9116902,GM12878,0.9168087,1.0,1
ENSG00000157895,0.9117073,0.9116902,GM12878,0.41436937,0.11241218,1
ENSG00000157992,0.022624921,0.1271048,GM12878,0.94031084,1.0,1
ENSG00000158019,0.42922464,1.2789822,GM12878,0.83453405,1.0,1
ENSG00000158019,0.33878523,1.2789822,GM12878,0.8528668,1.0,1
ENSG00000158019,0.68651295,1.2789822,GM12878,0.82157046,0.08649553,1
ENSG00000158019,0.33502653,1.2789822,GM12878,0.8641862,0.070913464,1
ENSG00000158019,0.45214823,1.2789822,GM12878,0.90200603,0.0686747,1
ENSG00000158023,0.570275,1.2177471,GM12878,0.9481803,1.0,1
ENSG00000158023,0.570275,1.2177471,GM12878,0.9481803,1.0,1
ENSG00000158023,-0.4623319,1.2177471,GM12878,0.982874,1.0,1
ENSG00000158050,-0.55354,-0.92081875,GM12878,0.98223764,1.0,1
ENSG00000158050,-0.4855413,-0.92081875,GM12878,0.9698915,1.0,1
ENSG00000158104,-0.24190523,-0.88605666,GM12878,0.95441747,1.0,1
ENSG00000158158,0.5872671,0.5998831,GM12878,0.9509621,1.0,1
ENSG00000158158,0.70774806,0.5998831,GM12878,0.9072118,1.0,1
ENSG00000158411,1.042921,1.3226327,GM12878,0.9037591,1.0,1
ENSG00000158417,1.2053638,1.408918,GM12878,0.93191564,1.0,1
ENSG00000158435,0.8678477,1.876968,GM12878,0.8423679,1.0,1
ENSG00000158552,1.4982162,1.3527611,GM12878,0.885067,1.0,1
ENSG00000159335,1.181679,1.7976829,GM12878,0.88401943,1.0,1
ENSG00000159335,0.9491813,1.7976829,GM12878,0.9353956,1.0,1
ENSG00000159374,-0.022252679,-0.82390875,GM12878,0.967278,1.0,1
ENSG00000159374,-0.15505016,-0.82390875,GM12878,0.95597106,1.0,1
ENSG00000159399,1.1467131,1.5694909,GM12878,0.9383944,1.0,1
ENSG00000159403,-0.5318618,-0.27572414,GM12878,0.987005,1.0,1
ENSG00000159403,-0.5721941,-0.27572414,GM12878,0.98702383,1.0,1
ENSG00000159403,-0.5687627,-0.27572414,GM12878,0.9804685,1.0,1
ENSG00000161638,1.1839931,1.8184239,GM12878,0.937123,1.0,1
ENSG00000161642,0.6871456,0.97034687,GM12878,0.9653277,1.0,1
ENSG00000161642,0.6871456,0.97034687,GM12878,0.9653277,1.0,1
ENSG00000161642,0.45631823,0.97034687,GM12878,0.92118347,0.9419355,1
ENSG00000161791,0.7196624,0.7489629,GM12878,0.71402633,1.0,1
ENSG00000161791,0.75457126,0.7489629,GM12878,0.85579264,0.27094972,1
ENSG00000161813,1.4938049,1.5618167,GM12878,0.8430428,1.0,1
ENSG00000161813,1.3146955,1.5618167,GM12878,0.68352014,0.19802445,1
ENSG00000161813,1.4939274,1.5618167,GM12878,0.68774647,0.9883408,1
ENSG00000161813,1.5687,1.5618167,GM12878,0.93162227,0.96921074,1
ENSG00000161835,0.18393506,-0.08618615,GM12878,0.93454117,1.0,1
ENSG00000161835,0.13296197,-0.08618615,GM12878,0.93875134,1.0,1
ENSG00000161835,-0.09528811,-0.08618615,GM12878,0.9590969,1.0,1
ENSG00000162869,0.9731411,1.0762763,GM12878,0.81966347,1.0,1
ENSG00000162869,0.7934368,1.0762763,GM12878,0.79512674,0.9591837,1
ENSG00000162869,0.89895236,1.0762763,GM12878,0.6586094,0.9138322,1
ENSG00000162878,-0.36107603,1.1743506,GM12878,0.9867148,1.0,1
ENSG00000162878,-0.3282468,1.1743506,GM12878,0.9867864,1.0,1
ENSG00000162878,-0.28347147,1.1743506,GM12878,0.98585284,1.0,1
ENSG00000162878,-0.25965872,1.1743506,GM12878,0.98393583,1.0,1
ENSG00000162878,-0.28061956,1.1743506,GM12878,0.9862964,1.0,1
ENSG00000162924,1.2560651,0.6963564,GM12878,0.82945055,1.0,1
ENSG00000162924,0.8380008,0.6963564,GM12878,0.8185605,0.5,1
ENSG00000162927,1.0528864,0.85064626,GM12878,0.92957586,1.0,1
ENSG00000162928,1.4635739,1.3279716,GM12878,0.77128184,1.0,1
ENSG00000162929,0.8848187,0.7331973,GM12878,0.93775976,1.0,1
ENSG00000162929,0.8904825,0.7331973,GM12878,0.80685437,0.6365915,1
ENSG00000162929,0.8412633,0.7331973,GM12878,0.9183551,0.97243106,1
ENSG00000162959,1.2295634,1.6905504,GM12878,0.558331,0.9353838,1
ENSG00000162959,1.2315689,1.6905504,GM12878,0.7491858,0.98249197,1
ENSG00000162961,1.3250949,2.0017338,GM12878,0.844477,1.0,1
ENSG00000162971,1.3869219,0.61384183,GM12878,0.8927805,1.0,1
ENSG00000162971,1.406525,0.61384183,GM12878,0.87960905,1.0,1
ENSG00000162971,1.3003775,0.61384183,GM12878,0.8405291,0.52492666,1
ENSG00000162971,1.2698019,0.61384183,GM12878,0.9133848,0.49720672,1
ENSG00000162971,1.4223454,0.61384183,GM12878,0.9209286,0.64285713,1
ENSG00000162972,1.5305176,1.2219356,GM12878,0.8008767,1.0,1
ENSG00000162972,0.9647654,1.2219356,GM12878,0.70273477,1.0,1
ENSG00000162972,1.2373521,1.2219356,GM12878,0.9309183,1.0,1
ENSG00000162972,1.4992545,1.2219356,GM12878,0.84654737,1.0,1
ENSG00000162976,0.6989642,1.3743817,GM12878,0.7386426,1.0,1
ENSG00000162976,0.5866623,1.3743817,GM12878,0.78801626,1.0,1
ENSG00000162976,0.56267726,1.3743817,GM12878,0.8554704,1.0,1
ENSG00000162976,0.47899708,1.3743817,GM12878,0.8565145,0.94198626,1
ENSG00000162976,0.80004317,1.3743817,GM12878,0.5850995,0.5866503,1
ENSG00000162980,1.1327959,1.7244397,GM12878,0.892103,1.0,1
ENSG00000162994,1.0140891,0.98677176,GM12878,0.8274398,1.0,1
ENSG00000162994,1.1771796,0.98677176,GM12878,0.86851746,1.0,1
ENSG00000162998,-0.8948876,-0.82390875,GM12878,0.9926724,1.0,1
ENSG00000162999,1.0114411,0.65513843,GM12878,0.64819103,1.0,1
ENSG00000162999,1.0114411,0.65513843,GM12878,0.64819103,1.0,1
ENSG00000163001,0.81989235,1.512017,GM12878,0.8722918,1.0,1
ENSG00000163001,1.204353,1.512017,GM12878,0.86849165,0.56860745,1
ENSG00000163002,1.4202267,1.5519377,GM12878,0.9154796,1.0,1
ENSG00000163002,1.7399325,1.5519377,GM12878,0.8462378,0.874599,1
ENSG00000163006,0.9873265,1.0874264,GM12878,0.9293775,1.0,1
ENSG00000163006,0.94223714,1.0874264,GM12878,0.87109554,0.73622507,1
ENSG00000163013,0.5422659,0.67209786,GM12878,0.9355165,1.0,1
ENSG00000163026,1.3587003,1.4896773,GM12878,0.90343887,1.0,1
ENSG00000163026,1.3587003,1.4896773,GM12878,0.90343887,1.0,1
ENSG00000163026,1.2944672,1.4896773,GM12878,0.9295188,0.93406147,1
ENSG00000163029,1.4181876,1.507451,GM12878,0.9035908,1.0,1
ENSG00000163029,1.2547597,1.507451,GM12878,0.6736786,0.056740616,1
ENSG00000163029,1.6583595,1.507451,GM12878,0.807534,0.17406143,1
ENSG00000163040,0.4992359,1.3062105,GM12878,0.7171943,1.0,1
ENSG00000163040,0.4035962,1.3062105,GM12878,0.92697436,1.0,1
ENSG00000163040,0.58862334,1.3062105,GM12878,0.87632143,1.0,1
ENSG00000163040,0.55091566,1.3062105,GM12878,0.9046545,0.9887937,1
ENSG00000163053,-0.7681296,-0.9586073,GM12878,0.9739537,1.0,1
ENSG00000163082,-0.71704984,-0.9586073,GM12878,0.97739536,1.0,1
ENSG00000163082,-0.78039885,-0.9586073,GM12878,0.99235195,1.0,1
ENSG00000163093,0.66242707,0.36921585,GM12878,0.68930393,1.0,1
ENSG00000163093,0.5943586,0.36921585,GM12878,0.8567887,0.5,1
ENSG00000163126,0.8507214,0.70243055,GM12878,0.9427345,1.0,1
ENSG00000163126,0.64280486,0.70243055,GM12878,0.9240508,0.8079096,1
ENSG00000163161,1.0960197,1.6307329,GM12878,0.9133838,1.0,1
ENSG00000163162,1.1624897,1.3396502,GM12878,0.89868116,1.0,1
ENSG00000163162,1.3989108,1.3396502,GM12878,0.88342553,1.0,1
ENSG00000163166,1.7495077,1.5113485,GM12878,0.8323317,1.0,1
ENSG00000163166,1.5728635,1.5113485,GM12878,0.92657256,1.0,1
ENSG00000163166,1.536898,1.5113485,GM12878,0.9157207,0.97981983,1
ENSG00000163170,1.2430229,2.0399294,GM12878,0.84156215,1.0,1
ENSG00000163170,1.2430229,2.0399294,GM12878,0.84156215,1.0,1
ENSG00000163170,1.6375332,2.0399294,GM12878,0.8823143,0.5649986,1
ENSG00000163219,-0.15348455,0.80821097,GM12878,0.978044,1.0,1
ENSG00000163249,1.2365282,0.7126497,GM12878,0.8035411,1.0,1
ENSG00000163249,1.012641,0.7126497,GM12878,0.69867456,1.0,1
ENSG00000163249,0.7684258,0.7126497,GM12878,0.87826264,1.0,1
ENSG00000163249,0.8925868,0.7126497,GM12878,0.7586204,1.0,1
ENSG00000163249,0.9008519,0.7126497,GM12878,0.851552,1.0,1
ENSG00000163328,0.4600632,-0.32790214,GM12878,0.9131254,1.0,1
ENSG00000163328,0.19475488,-0.32790214,GM12878,0.94274104,1.0,1
ENSG00000163328,0.3989195,-0.32790214,GM12878,0.75019556,1.0,1
ENSG00000163328,0.35100043,-0.32790214,GM12878,0.94786316,1.0,1
ENSG00000163328,0.09840684,-0.32790214,GM12878,0.8590111,1.0,1
ENSG00000163328,0.07994087,-0.32790214,GM12878,0.88727456,1.0,1
ENSG00000163466,1.4521341,2.156731,GM12878,0.83601683,1.0,1
ENSG00000163466,1.2434108,2.156731,GM12878,0.9003715,1.0,1
ENSG00000163466,1.6558938,2.156731,GM12878,0.8226839,1.0,1
ENSG00000163466,1.4833026,2.156731,GM12878,0.94467455,0.0,1
ENSG00000163481,1.3417227,1.577032,GM12878,0.8949686,1.0,1
ENSG00000163482,0.68866825,1.1376705,GM12878,0.70849335,1.0,1
ENSG00000163510,1.4823866,0.96754795,GM12878,0.88228095,1.0,1
ENSG00000163510,1.6795712,0.96754795,GM12878,0.8872883,1.0,1
ENSG00000163510,1.5722209,0.96754795,GM12878,0.8972445,1.0,1
ENSG00000163510,1.4947189,0.96754795,GM12878,0.8634248,1.0,1
ENSG00000163516,1.4122846,1.7165042,GM12878,0.93361986,1.0,1
ENSG00000163516,1.1811905,1.7165042,GM12878,0.9251826,1.0,1
ENSG00000163516,1.4799496,1.7165042,GM12878,0.888625,1.0,1
ENSG00000163521,0.19156753,0.2966652,GM12878,0.939491,1.0,1
ENSG00000163521,0.06459968,0.2966652,GM12878,0.9764057,0.36,1
ENSG00000163535,1.2950006,1.2260841,GM12878,0.87018883,1.0,1
ENSG00000163535,1.051073,1.2260841,GM12878,0.87204707,1.0,1
ENSG00000163541,1.4083807,1.836514,GM12878,0.9288561,1.0,1
ENSG00000163596,0.7301421,0.07188201,GM12878,0.74798363,1.0,1
ENSG00000163596,0.6911254,0.07188201,GM12878,0.9157511,1.0,1
ENSG00000163596,0.69515383,0.07188201,GM12878,0.94420415,1.0,1
ENSG00000163795,1.1644282,0.64933485,GM12878,0.86793613,1.0,1
ENSG00000163795,1.089366,0.64933485,GM12878,0.91347927,1.0,1
ENSG00000163798,1.6128526,1.095518,GM12878,0.90876794,1.0,1
ENSG00000163806,-0.4008332,-0.7695511,GM12878,0.9584917,1.0,1
ENSG00000163811,1.4983923,2.130623,GM12878,0.80778414,1.0,1
ENSG00000163811,1.6500388,2.130623,GM12878,0.9199323,1.0,1
ENSG00000163811,1.5132264,2.130623,GM12878,0.86547035,1.0,1
ENSG00000163811,1.3745383,2.130623,GM12878,0.8138327,1.0,1
ENSG00000165714,0.9659482,0.7474118,GM12878,0.7769902,1.0,1
ENSG00000165714,1.4368954,0.7474118,GM12878,0.78469354,0.9166667,1
ENSG00000165891,1.1861122,0.7737864,GM12878,0.91435575,1.0,1
ENSG00000165891,1.1829404,0.7737864,GM12878,0.88976496,1.0,1
ENSG00000166046,0.67817926,0.5237465,GM12878,0.9287323,1.0,1
ENSG00000166130,1.2216485,1.0523092,GM12878,0.88021255,1.0,1
ENSG00000166130,1.2216485,1.0523092,GM12878,0.88021255,0.17520216,1
ENSG00000166153,1.3144445,0.76937735,GM12878,0.8170835,1.0,1
ENSG00000166153,1.1256896,0.76937735,GM12878,0.85667056,0.59770113,1
ENSG00000166153,1.4164026,0.76937735,GM12878,0.71488434,0.065853655,1
ENSG00000166153,1.1333928,0.76937735,GM12878,0.9185464,0.89033943,1
ENSG00000166225,1.0901669,0.8413595,GM12878,0.6247433,0.12037037,1
ENSG00000166226,1.8104808,2.6832721,GM12878,0.73599696,1.0,1
ENSG00000166226,1.7407124,2.6832721,GM12878,0.81458604,1.0,1
ENSG00000166268,-0.79586995,-0.9586073,GM12878,0.9829706,1.0,1
ENSG00000166532,0.90203863,1.2153732,GM12878,0.55822754,1.0,1
ENSG00000166532,1.0173993,1.2153732,GM12878,0.81228197,1.0,1
ENSG00000166598,1.4144311,2.7067263,GM12878,0.8679152,1.0,1
ENSG00000166881,1.6322255,1.7764833,GM12878,0.9138902,1.0,1
ENSG00000166881,1.7030815,1.7764833,GM12878,0.910537,1.0,1
ENSG00000166881,1.4877434,1.7764833,GM12878,0.8305548,0.94788,1
ENSG00000166881,1.7318058,1.7764833,GM12878,0.8011909,0.14873266,1
ENSG00000166886,1.5588833,1.3514098,GM12878,0.9039691,1.0,1
ENSG00000166886,1.6516016,1.3514098,GM12878,0.89303744,1.0,1
ENSG00000166888,1.2651579,1.5954962,GM12878,0.9124399,1.0,1
ENSG00000166888,0.9998661,1.5954962,GM12878,0.90492064,0.9941396,1
ENSG00000166888,1.122255,1.5954962,GM12878,0.82963413,1.0,1
ENSG00000166896,1.1676102,1.55145,GM12878,0.6477995,1.0,1
ENSG00000166896,1.3285103,1.55145,GM12878,0.8738655,1.0,1
ENSG00000166896,1.6659689,1.55145,GM12878,0.86626047,1.0,1
ENSG00000166896,1.5836456,1.55145,GM12878,0.8968487,1.0,1
ENSG00000166908,1.2913687,1.3914644,GM12878,0.86467344,1.0,1
ENSG00000166908,1.1267846,1.3914644,GM12878,0.9297164,0.9974392,1
ENSG00000166986,1.8280702,2.2179313,GM12878,0.8529928,1.0,1
ENSG00000166986,1.7997333,2.2179313,GM12878,0.9181475,1.0,1
ENSG00000166987,1.4403381,0.553883,GM12878,0.8523993,1.0,1
ENSG00000166987,1.2958843,0.553883,GM12878,0.6431784,1.0,1
ENSG00000166987,1.4607793,0.553883,GM12878,0.9462003,1.0,1
ENSG00000167272,1.2864921,1.9222063,GM12878,0.9139126,1.0,1
ENSG00000167272,1.5488493,1.9222063,GM12878,0.75990057,1.0,1
ENSG00000167272,1.5488493,1.9222063,GM12878,0.75990057,1.0,1
ENSG00000167272,1.1044434,1.9222063,GM12878,0.65916264,0.8964165,1
ENSG00000167528,1.2246199,0.70070374,GM12878,0.9502728,1.0,1
ENSG00000167528,1.3314658,0.70070374,GM12878,0.9411064,1.0,1
ENSG00000167528,1.2010956,0.70070374,GM12878,0.9503795,1.0,1
ENSG00000167528,1.0785929,0.70070374,GM12878,0.91804826,1.0,1
ENSG00000167528,1.1443615,0.70070374,GM12878,0.91519874,1.0,1
ENSG00000167528,1.1017499,0.70070374,GM12878,0.9590999,1.0,1
ENSG00000167535,-0.18902202,0.12385164,GM12878,0.9864271,1.0,1
ENSG00000167535,0.006222766,0.12385164,GM12878,0.9837916,1.0,1
ENSG00000167535,0.004168492,0.12385164,GM12878,0.9717057,1.0,1
ENSG00000167535,0.08835897,0.12385164,GM12878,0.9791048,1.0,1
ENSG00000167550,1.1910557,0.87215626,GM12878,0.90936476,1.0,1
ENSG00000167550,1.2636684,0.87215626,GM12878,0.8386391,0.8791209,1
ENSG00000167552,0.55405223,1.9076263,GM12878,0.78208584,1.0,1
ENSG00000167552,0.71226966,1.9076263,GM12878,0.66432095,1.0,1
ENSG00000167553,1.5512946,3.4164674,GM12878,0.8414795,1.0,1
ENSG00000167566,0.3251573,0.3424227,GM12878,0.83959275,1.0,1
ENSG00000167588,-0.34314236,-0.18045606,GM12878,0.9827728,1.0,1
ENSG00000167778,1.1342009,0.75204843,GM12878,0.909129,1.0,1
ENSG00000167778,1.0702558,0.75204843,GM12878,0.93323845,0.99019605,1
ENSG00000167779,0.09368859,-0.1611509,GM12878,0.98440325,1.0,1
ENSG00000168288,1.4126277,2.242616,GM12878,0.72683567,1.0,1
ENSG00000168385,1.3065302,2.3964958,GM12878,0.9180155,1.0,1
ENSG00000168385,1.6869285,2.3964958,GM12878,0.8072165,0.0,1
ENSG00000168385,1.7082076,2.3964958,GM12878,0.7948791,0.004602301,1
ENSG00000168385,1.4300281,2.3964958,GM12878,0.7531176,0.020285573,1
ENSG00000168385,1.4155922,2.3964958,GM12878,0.8757216,0.13043478,1
ENSG00000168385,1.7321601,2.3964958,GM12878,0.8606659,0.0019248396,1
ENSG00000168393,1.3332858,1.6111921,GM12878,0.94003105,1.0,1
ENSG00000168393,1.5090394,1.6111921,GM12878,0.8781969,0.76466775,1
ENSG00000168395,1.214381,1.4324882,GM12878,0.9132397,1.0,1
ENSG00000168395,1.1823769,1.4324882,GM12878,0.8483437,1.0,1
ENSG00000168397,1.7215472,1.7221401,GM12878,0.8528174,1.0,1
ENSG00000168397,1.2685639,1.7221401,GM12878,0.85878885,1.0,1
ENSG00000168397,1.2381564,1.7221401,GM12878,0.83839715,0.22041763,1
ENSG00000168754,-0.56252927,2.534445,GM12878,0.98048455,1.0,1
ENSG00000168754,-0.41556478,2.534445,GM12878,0.9752873,1.0,1
ENSG00000168758,1.5028512,1.8273046,GM12878,0.86883473,1.0,1
ENSG00000168763,1.5048773,0.813581,GM12878,0.8419227,1.0,1
ENSG00000168763,1.1557373,0.813581,GM12878,0.8904953,0.9826923,1
ENSG00000168778,0.7405881,0.665581,GM12878,0.67387307,1.0,1
ENSG00000168778,0.5667314,0.665581,GM12878,0.7852227,1.0,1
ENSG00000168778,0.55631375,0.665581,GM12878,0.8479706,1.0,1
ENSG00000168778,0.6723143,0.665581,GM12878,0.9281289,1.0,1
ENSG00000168883,1.4728546,2.0083873,GM12878,0.9006338,1.0,1
ENSG00000168883,1.5118463,2.0083873,GM12878,0.863155,0.9984219,1
ENSG00000168887,1.4212997,1.5174599,GM12878,0.8100188,1.0,1
ENSG00000168890,0.78144526,0.86391735,GM12878,0.81460774,0.8227612,1
ENSG00000168894,1.3878357,2.50737,GM12878,0.90878874,1.0,1
ENSG00000168899,-0.01930419,0.15228835,GM12878,0.98463064,1.0,1
ENSG00000168906,2.0551262,2.8064716,GM12878,0.89129716,1.0,1
ENSG00000168918,0.14677362,0.6009729,GM12878,0.9918854,1.0,1
ENSG00000168918,-0.017328087,0.6009729,GM12878,0.97998995,1.0,1
ENSG00000168958,1.3960696,1.567732,GM12878,0.92892087,1.0,1
ENSG00000168958,1.0156968,1.567732,GM12878,0.92971045,1.0,1
ENSG00000168958,0.9473423,1.567732,GM12878,0.8958324,1.0,1
ENSG00000168958,1.056467,1.567732,GM12878,0.8665643,0.98651963,1
ENSG00000168958,1.3010814,1.567732,GM12878,0.9293625,0.10576923,1
ENSG00000168958,0.9337243,1.567732,GM12878,0.7966781,0.0,1
ENSG00000168958,1.1211773,1.567732,GM12878,0.8226391,0.026818182,1
ENSG00000168958,0.8524303,1.567732,GM12878,0.7584932,0.94758064,1
ENSG00000168958,0.8524303,1.567732,GM12878,0.7584932,0.088160135,1
ENSG00000168958,1.047101,1.567732,GM12878,0.7895442,0.006035283,1
ENSG00000168958,1.047101,1.567732,GM12878,0.7895442,0.63492066,1
ENSG00000169016,1.3463047,1.3436055,GM12878,0.7573433,1.0,1
ENSG00000169016,1.2826399,1.3436055,GM12878,0.91792285,0.52971727,1
ENSG00000169016,1.3463047,1.3436055,GM12878,0.7573433,0.64533824,1
ENSG00000169016,1.3572133,1.3436055,GM12878,0.75418127,0.57846504,1
ENSG00000169372,1.1841934,1.3174365,GM12878,0.8807275,1.0,1
ENSG00000169554,1.694355,1.7385428,GM12878,0.94866055,1.0,1
ENSG00000169554,1.7736747,1.7385428,GM12878,0.9535838,1.0,1
ENSG00000169554,1.7257538,1.7385428,GM12878,0.82329005,1.0,1
ENSG00000169599,1.1076837,1.525563,GM12878,0.8431626,1.0,1
ENSG00000169599,1.1076837,1.525563,GM12878,0.8431626,1.0,1
ENSG00000169599,1.1372931,1.525563,GM12878,0.8312707,1.0,1
ENSG00000169599,1.1943388,1.525563,GM12878,0.843787,1.0,1
ENSG00000169599,1.1104772,1.525563,GM12878,0.8903254,0.9988354,1
ENSG00000169599,1.0936452,1.525563,GM12878,0.81660634,0.8952679,1
ENSG00000169607,1.464251,1.1316186,GM12878,0.9513736,1.0,1
ENSG00000169607,1.405438,1.1316186,GM12878,0.9024472,1.0,1
ENSG00000169607,1.1080467,1.1316186,GM12878,0.94907886,1.0,1
ENSG00000169607,1.4157703,1.1316186,GM12878,0.7801692,1.0,1
ENSG00000169621,0.45627126,-0.28399664,GM12878,0.8788321,1.0,1
ENSG00000169621,0.9780544,-0.28399664,GM12878,0.6606909,1.0,1
ENSG00000169679,1.7476327,2.232615,GM12878,0.9274309,1.0,1
ENSG00000169679,1.8401965,2.232615,GM12878,0.8640661,0.57782394,1
ENSG00000169756,0.92900085,1.9571761,GM12878,0.88127905,1.0,1
ENSG00000169756,0.92900085,1.9571761,GM12878,0.88127905,1.0,1
ENSG00000169756,1.0496488,1.9571761,GM12878,0.80441743,0.99112666,1
ENSG00000169764,1.034103,1.6325585,GM12878,0.9030728,1.0,1
ENSG00000169764,1.2232804,1.6325585,GM12878,0.5945251,0.0,1
ENSG00000169884,0.08881204,0.22010809,GM12878,0.95893586,1.0,1
ENSG00000169967,1.05981,0.651278,GM12878,0.8353861,1.0,1
ENSG00000170035,0.8435381,1.9546283,GM12878,0.76113117,1.0,1
ENSG00000170035,0.9079293,1.9546283,GM12878,0.72076225,1.0,1
ENSG00000170144,1.6543629,2.1576078,GM12878,0.92960006,1.0,1
ENSG00000170417,1.0132406,0.7259116,GM12878,0.87476385,1.0,1
ENSG00000170417,1.1773684,0.7259116,GM12878,0.900994,1.0,1
ENSG00000170417,0.83260417,0.7259116,GM12878,0.80563235,0.7080745,1
ENSG00000170426,-0.40423068,-0.88605666,GM12878,0.97779,1.0,1
ENSG00000170426,-0.55431646,-0.88605666,GM12878,0.97678214,1.0,1
ENSG00000170456,0.36383906,0.8518696,GM12878,0.9148859,1.0,1
ENSG00000170473,1.5340316,1.513484,GM12878,0.7949907,1.0,1
ENSG00000170500,0.23046519,0.57170886,GM12878,0.96083593,1.0,1
ENSG00000170515,1.6425346,2.791838,GM12878,0.8923966,1.0,1
ENSG00000170545,0.8240875,1.6559064,GM12878,0.9073603,1.0,1
ENSG00000170545,0.8240875,1.6559064,GM12878,0.9073603,1.0,1
ENSG00000170545,0.9865923,1.6559064,GM12878,0.7784053,0.021474773,1
ENSG00000170627,1.7549353,2.7779992,GM12878,0.7985211,1.0,1
ENSG00000170627,1.6159708,2.7779992,GM12878,0.7088576,1.0,1
ENSG00000170633,0.8678752,1.5625308,GM12878,0.9093841,1.0,1
ENSG00000170633,1.2348411,1.5625308,GM12878,0.82778645,0.16459017,1
ENSG00000170634,0.8149704,0.33645973,GM12878,0.86922896,1.0,1
ENSG00000170634,0.6512196,0.33645973,GM12878,0.7746336,0.0,1
ENSG00000170653,1.4868155,1.2422929,GM12878,0.88873285,1.0,1
ENSG00000170802,1.1487875,1.2853322,GM12878,0.8239513,1.0,1
ENSG00000171055,0.9337312,1.4116197,GM12878,0.86307496,0.8443149,1
ENSG00000171055,0.9288466,1.4116197,GM12878,0.89663464,0.20570488,1
ENSG00000171055,1.2926412,1.4116197,GM12878,0.8592725,0.0,1
ENSG00000171103,1.1181036,1.3077099,GM12878,0.85925645,1.0,1
ENSG00000171132,0.051513698,-0.60206,GM12878,0.9396802,1.0,1
ENSG00000171132,0.120101005,-0.60206,GM12878,0.8060618,1.0,1
ENSG00000171174,0.12033589,-0.4202164,GM12878,0.9468411,1.0,1
ENSG00000171310,1.0420864,1.1344959,GM12878,0.8321094,1.0,1
ENSG00000171310,1.0420864,1.1344959,GM12878,0.8321094,1.0,1
ENSG00000171596,-0.5178028,-0.61978877,GM12878,0.9928599,1.0,1
ENSG00000171681,0.9216192,0.69548166,GM12878,0.91948986,1.0,1
ENSG00000171681,1.1255955,0.69548166,GM12878,0.8779026,1.0,1
ENSG00000171681,1.1573156,0.69548166,GM12878,0.86486024,0.9607843,1
ENSG00000171792,1.229957,1.6608654,GM12878,0.9049633,0.64361703,1
ENSG00000171792,1.154674,1.6608654,GM12878,0.9197287,0.9333665,1
ENSG00000171840,0.3234053,0.5575072,GM12878,0.9262153,1.0,1
ENSG00000171840,0.32154432,0.5575072,GM12878,0.9213251,1.0,1
ENSG00000171840,0.32154432,0.5575072,GM12878,0.9213251,1.0,1
ENSG00000171847,-0.078053445,-0.82390875,GM12878,0.97271293,1.0,1
ENSG00000171847,-0.030299429,-0.82390875,GM12878,0.9644898,1.0,1
ENSG00000171848,1.5927956,1.7937903,GM12878,0.863712,1.0,1
ENSG00000171853,1.2513056,1.5284024,GM12878,0.6695448,1.0,1
ENSG00000171853,0.87125516,1.5284024,GM12878,0.8995878,1.0,1
ENSG00000171865,1.6422613,1.2727696,GM12878,0.9093467,1.0,1
ENSG00000172059,1.281509,1.0976043,GM12878,0.94554293,1.0,1
ENSG00000172059,1.281509,1.0976043,GM12878,0.94554293,1.0,1
ENSG00000172071,1.3079526,0.7881684,GM12878,0.8876498,1.0,1
ENSG00000172071,1.3931543,0.7881684,GM12878,0.8284495,1.0,1
ENSG00000172071,1.4540501,0.7881684,GM12878,0.9261428,1.0,1
ENSG00000172073,-0.74711066,-0.9586073,GM12878,0.9918616,1.0,1
ENSG00000172086,0.84939134,0.6324573,GM12878,0.8602505,1.0,1
ENSG00000172292,0.838477,0.54654264,GM12878,0.8873392,1.0,1
ENSG00000172292,0.8486953,0.54654264,GM12878,0.75521696,0.26900584,1
ENSG00000172428,0.9447303,1.9241759,GM12878,0.9494402,1.0,1
ENSG00000172428,0.8687347,1.9241759,GM12878,0.82691395,1.0,1
ENSG00000172602,-0.41253898,-0.23657201,GM12878,0.97937167,1.0,1
ENSG00000172819,0.7347372,0.54900324,GM12878,0.94166565,1.0,1
ENSG00000172819,0.54336464,0.54900324,GM12878,0.9108959,1.0,1
ENSG00000172819,0.47247443,0.54900324,GM12878,0.94152224,0.087804876,1
ENSG00000172845,1.572135,1.8178958,GM12878,0.9396339,1.0,1
ENSG00000172845,1.5812142,1.8178958,GM12878,0.7962163,0.22721088,1
ENSG00000172878,1.4460421,1.223496,GM12878,0.633546,1.0,1
ENSG00000172954,0.9131844,1.2013972,GM12878,0.87184495,0.022134388,1
ENSG00000172954,0.9776509,1.2013972,GM12878,0.809546,0.046831954,1
ENSG00000173064,0.7417176,1.0277572,GM12878,0.90917087,1.0,1
ENSG00000173064,1.1651152,1.0277572,GM12878,0.89663845,1.0,1
ENSG00000173163,0.6680906,1.4094259,GM12878,0.9364917,1.0,1
ENSG00000173166,0.3413083,-0.28399664,GM12878,0.79264987,1.0,1
ENSG00000173209,0.82691246,1.7185017,GM12878,0.8454771,1.0,1
ENSG00000173272,1.180844,2.0541148,GM12878,0.8138033,1.0,1
ENSG00000173272,1.180844,2.0541148,GM12878,0.8138033,1.0,1
ENSG00000173451,1.0081904,0.78675145,GM12878,0.86118215,1.0,1
ENSG00000173559,1.3688805,1.228657,GM12878,0.63774234,1.0,1
ENSG00000173559,1.3052092,1.228657,GM12878,0.79630375,1.0,1
ENSG00000173559,1.3052092,1.228657,GM12878,0.79630375,1.0,1
ENSG00000173559,1.6658478,1.228657,GM12878,0.8445536,0.25104603,1
ENSG00000173567,0.6960023,-0.82390875,GM12878,0.9025602,1.0,1
ENSG00000173588,1.0607061,1.3312248,GM12878,0.92971796,1.0,1
ENSG00000173588,0.8979014,1.3312248,GM12878,0.91794056,0.04696673,1
ENSG00000173588,1.090078,1.3312248,GM12878,0.8585169,0.01847575,1
ENSG00000173588,0.76240814,1.3312248,GM12878,0.8470485,0.70016474,1
ENSG00000173598,1.6475668,2.151615,GM12878,0.7002087,1.0,1
ENSG00000173598,1.6171153,2.151615,GM12878,0.885997,1.0,1
ENSG00000173692,1.4238169,2.2464986,GM12878,0.93311805,1.0,1
ENSG00000173692,1.3811916,2.2464986,GM12878,0.86364293,1.0,1
ENSG00000173744,1.2337675,1.8409212,GM12878,0.5037717,1.0,1
ENSG00000173744,1.3506862,1.8409212,GM12878,0.74196225,0.9965221,1
ENSG00000173744,1.2529635,1.8409212,GM12878,0.4786859,0.33338484,1
ENSG00000173960,1.0164496,1.0402067,GM12878,0.90396255,1.0,1
ENSG00000173960,0.82922816,1.0402067,GM12878,0.8400156,0.026809651,1
ENSG00000173960,1.0384569,1.0402067,GM12878,0.43802893,0.68105066,1
ENSG00000174099,-0.62510765,-0.92081875,GM12878,0.9539371,1.0,1
ENSG00000174106,1.3755301,1.1379868,GM12878,0.82886696,1.0,1
ENSG00000174106,1.2990026,1.1379868,GM12878,0.87393516,1.0,1
ENSG00000174106,1.1681631,1.1379868,GM12878,0.88279074,1.0,1
ENSG00000174206,0.6071444,0.7355989,GM12878,0.945277,1.0,1
ENSG00000174233,-0.54748046,0.012837225,GM12878,0.9929391,1.0,1
ENSG00000174243,1.5715094,1.8702868,GM12878,0.93592,1.0,1
ENSG00000174437,1.7920972,1.717504,GM12878,0.8736357,1.0,1
ENSG00000174437,1.4809334,1.717504,GM12878,0.9122058,1.0,1
ENSG00000174437,1.4179858,1.717504,GM12878,0.7755384,0.9757876,1
ENSG00000174437,1.5242894,1.717504,GM12878,0.80319065,0.039647575,1
ENSG00000174456,0.8213865,1.525563,GM12878,0.9066419,1.0,1
ENSG00000174456,0.9704689,1.525563,GM12878,0.77396756,1.0,1
ENSG00000174501,0.8464577,0.95279247,GM12878,0.77747977,1.0,1
ENSG00000174501,0.6898811,0.95279247,GM12878,0.9020268,1.0,1
ENSG00000174501,0.78284967,0.95279247,GM12878,0.5989661,1.0,1
ENSG00000174501,0.7517841,0.95279247,GM12878,0.8938083,1.0,1
ENSG00000174501,1.1407217,0.95279247,GM12878,0.85718745,1.0,1
ENSG00000174718,1.2429903,1.6188844,GM12878,0.8644264,1.0,1
ENSG00000174718,1.2780287,1.6188844,GM12878,0.8817042,0.83912086,1
ENSG00000174718,1.2014227,1.6188844,GM12878,0.92292607,0.9621976,1
ENSG00000174989,1.0249623,0.8169038,GM12878,0.8532968,1.0,1
ENSG00000175183,0.5039067,0.62838894,GM12878,0.950675,1.0,1
ENSG00000175197,1.8473532,1.9383196,GM12878,0.8633714,1.0,1
ENSG00000175203,1.5418603,2.0703335,GM12878,0.6857871,0.9882207,1
ENSG00000175215,1.2639705,1.8581761,GM12878,0.95158607,1.0,1
ENSG00000175548,0.17030464,0.25042,GM12878,0.7989511,1.0,1
ENSG00000175548,0.17030464,0.25042,GM12878,0.7989511,1.0,1
ENSG00000175727,1.3862358,1.1420765,GM12878,0.91263235,1.0,1
ENSG00000175782,1.1977303,0.70329136,GM12878,0.89044535,1.0,1
ENSG00000175970,1.1881874,1.3812957,GM12878,0.8901851,1.0,1
ENSG00000176407,1.4370923,1.7571682,GM12878,0.9036262,1.0,1
ENSG00000176407,1.5196358,1.7571682,GM12878,0.9314793,1.0,1
ENSG00000176720,0.15541162,0.29446623,GM12878,0.94014853,1.0,1
ENSG00000176720,-0.014581833,0.29446623,GM12878,0.97651345,1.0,1
ENSG00000176720,0.04926816,0.29446623,GM12878,0.92175263,1.0,1
ENSG00000176732,0.6215653,-0.61978877,GM12878,0.9158776,1.0,1
ENSG00000176834,0.049208906,0.78746045,GM12878,0.98335576,1.0,1
ENSG00000176871,1.5861534,1.6904619,GM12878,0.8711237,1.0,1
ENSG00000176894,1.3276293,1.5137502,GM12878,0.89793175,1.0,1
ENSG00000176894,1.467249,1.5137502,GM12878,0.88757014,1.0,1
ENSG00000176915,1.435403,1.6996644,GM12878,0.9529369,1.0,1
ENSG00000176946,1.5977846,1.3666097,GM12878,0.8450014,1.0,1
ENSG00000176946,1.4704269,1.3666097,GM12878,0.8911146,1.0,1
ENSG00000176946,1.6297963,1.3666097,GM12878,0.8956241,1.0,1
ENSG00000177084,1.760706,1.7036352,GM12878,0.92572296,1.0,1
ENSG00000177084,1.5745835,1.7036352,GM12878,0.91090727,1.0,1
ENSG00000177084,1.6142433,1.7036352,GM12878,0.929532,1.0,1
ENSG00000177084,1.7608876,1.7036352,GM12878,0.88182706,0.99876493,1
ENSG00000177119,1.140008,1.225826,GM12878,0.90421325,1.0,1
ENSG00000177119,1.5002033,1.225826,GM12878,0.6958362,1.0,1
ENSG00000177119,1.3144641,1.225826,GM12878,0.6585209,0.0343965,1
ENSG00000177119,1.2142134,1.225826,GM12878,0.83132887,0.98156387,1
ENSG00000177119,1.4137653,1.225826,GM12878,0.5702225,0.017813267,1
ENSG00000177169,1.0016279,0.5774918,GM12878,0.81113446,1.0,1
ENSG00000177169,0.5100348,0.5774918,GM12878,0.87382734,1.0,1
ENSG00000177169,0.53907967,0.5774918,GM12878,0.901177,1.0,1
ENSG00000177192,1.754772,1.4051756,GM12878,0.8637093,1.0,1
ENSG00000177483,-0.4229623,-0.56863624,GM12878,0.9630631,1.0,1
ENSG00000177889,1.16712,2.382899,GM12878,0.94980603,1.0,1
ENSG00000177889,1.0065312,2.382899,GM12878,0.8973136,1.0,1
ENSG00000177917,1.3386685,1.8632634,GM12878,0.75196344,1.0,1
ENSG00000177917,1.3176801,1.8632634,GM12878,0.7746307,0.34760606,1
ENSG00000177917,1.3258897,1.8632634,GM12878,0.74643165,0.044444446,1
ENSG00000177981,1.5718067,1.3014641,GM12878,0.8945321,1.0,1
ENSG00000177981,1.2951578,1.3014641,GM12878,0.74880123,1.0,1
ENSG00000177981,1.4211993,1.3014641,GM12878,0.8764712,0.059889678,1
ENSG00000177990,-0.39161006,-0.79588,GM12878,0.9791211,1.0,1
ENSG00000177990,-0.3855137,-0.79588,GM12878,0.9791455,1.0,1
ENSG00000178295,1.1906348,1.4299136,GM12878,0.86768824,1.0,1
ENSG00000178401,-0.45244512,-0.04095861,GM12878,0.9947908,1.0,1
ENSG00000178449,1.4348164,1.8041394,GM12878,0.7959463,0.004327506,1
ENSG00000178449,0.9452503,1.8041394,GM12878,0.7308148,0.088575505,1
ENSG00000178623,-0.3627334,-0.7447275,GM12878,0.9854015,1.0,1
ENSG00000179104,-0.14363158,-0.22914799,GM12878,0.9711103,1.0,1
ENSG00000179195,1.0188853,1.7858279,GM12878,0.4508233,1.0,1
ENSG00000179195,1.1483135,1.7858279,GM12878,0.8757854,1.0,1
ENSG00000179295,1.2248219,1.7273786,GM12878,0.64993286,1.0,1
ENSG00000179295,1.4761325,1.7273786,GM12878,0.89120764,1.0,1
ENSG00000179295,1.5103765,1.7273786,GM12878,0.8048332,1.0,1
ENSG00000179295,1.4276887,1.7273786,GM12878,0.83455217,1.0,1
ENSG00000179528,0.9233836,-0.04575749,GM12878,0.90107703,1.0,1
ENSG00000179715,0.36946133,-0.1426675,GM12878,0.93809354,1.0,1
ENSG00000179912,1.2714065,1.1000258,GM12878,0.8877599,1.0,1
ENSG00000179912,1.4594886,1.1000258,GM12878,0.78513336,1.0,1
ENSG00000179912,1.2370281,1.1000258,GM12878,0.8144178,0.0,1
ENSG00000179912,1.2340819,1.1000258,GM12878,0.88582045,1.0,1
ENSG00000179912,1.5514746,1.1000258,GM12878,0.6491324,1.0,1
ENSG00000180228,1.6463113,1.7247672,GM12878,0.87268686,1.0,1
ENSG00000180228,1.6557094,1.7247672,GM12878,0.7961161,0.033542976,1
ENSG00000180263,1.1787113,0.6095944,GM12878,0.82343686,1.0,1
ENSG00000180263,0.65385306,0.6095944,GM12878,0.94569993,0.88451445,1
ENSG00000180398,1.522696,2.15567,GM12878,0.94826037,1.0,1
ENSG00000180398,1.522696,2.15567,GM12878,0.94826037,1.0,1
ENSG00000180398,1.522696,2.15567,GM12878,0.94826037,0.88586956,1
ENSG00000180398,1.4362085,2.15567,GM12878,0.89762837,0.71181047,1
ENSG00000180398,1.4362085,2.15567,GM12878,0.89762837,0.80265653,1
ENSG00000180398,1.4095625,2.15567,GM12878,0.44490984,0.39994037,1
ENSG00000180881,0.10760057,-0.7447275,GM12878,0.94632363,1.0,1
ENSG00000180881,0.5421043,-0.7447275,GM12878,0.73045677,1.0,1
ENSG00000180902,1.2460365,1.2062861,GM12878,0.8484821,1.0,1
ENSG00000180902,1.381891,1.2062861,GM12878,0.8239339,0.8868715,1
ENSG00000180902,1.2509313,1.2062861,GM12878,0.3948533,0.37936267,1
ENSG00000181852,1.6916322,1.6280823,GM12878,0.8938377,1.0,1
ENSG00000181852,1.6610342,1.6280823,GM12878,0.91311294,0.02148955,1
ENSG00000181852,1.8318074,1.6280823,GM12878,0.86089027,0.31061074,1
ENSG00000181929,1.670788,1.931407,GM12878,0.89751494,1.0,1
ENSG00000182196,1.5609422,2.0070646,GM12878,0.90048456,1.0,1
ENSG00000182199,1.8138232,2.0803378,GM12878,0.9357487,0.7227899,1
ENSG00000182326,-0.5073173,-0.21467017,GM12878,0.98225224,1.0,1
ENSG00000182389,-0.7545289,-0.92081875,GM12878,0.9925615,1.0,1
ENSG00000182551,1.0395055,1.212454,GM12878,0.95726675,1.0,1
ENSG00000182993,0.7875295,0.29225606,GM12878,0.40322727,1.0,1
ENSG00000182993,0.8845966,0.29225606,GM12878,0.8461082,1.0,1
ENSG00000183054,0.12969923,-0.20760831,GM12878,0.95280117,1.0,1
ENSG00000183283,1.9419932,2.4188812,GM12878,0.8472412,1.0,1
ENSG00000183283,1.9558077,2.4188812,GM12878,0.8479354,1.0,1
ENSG00000183283,1.7971675,2.4188812,GM12878,0.7761891,0.9899753,1
ENSG00000183283,1.855268,2.4188812,GM12878,0.8026506,0.8757669,1
ENSG00000183395,0.119120404,-0.88605666,GM12878,0.969158,1.0,1
ENSG00000183495,1.5292284,0.77451694,GM12878,0.88032997,1.0,1
ENSG00000183495,1.0670702,0.77451694,GM12878,0.9026574,1.0,1
ENSG00000183495,1.0847794,0.77451694,GM12878,0.88862497,0.6573427,1
ENSG00000183513,1.2666308,1.6155292,GM12878,0.889401,1.0,1
ENSG00000183735,1.3595243,1.2716093,GM12878,0.877609,1.0,1
ENSG00000183891,0.7933093,1.7229629,GM12878,0.7630927,1.0,1
ENSG00000183955,1.1057411,1.8150462,GM12878,0.953633,1.0,1
ENSG00000183955,1.0517931,1.8150462,GM12878,0.7975511,0.4181232,1
ENSG00000184047,1.6351478,1.5887197,GM12878,0.85911846,1.0,1
ENSG00000184047,1.4597859,1.5887197,GM12878,0.77263224,1.0,1
ENSG00000184047,1.5118957,1.5887197,GM12878,0.9152836,0.020094892,1
ENSG00000184047,1.6351478,1.5887197,GM12878,0.85911846,0.97038215,1
ENSG00000184047,1.6351478,1.5887197,GM12878,0.85911846,0.98123324,1
ENSG00000184047,1.4597859,1.5887197,GM12878,0.77263224,0.9928315,1
ENSG00000184047,1.5237529,1.5887197,GM12878,0.7215185,0.943299,1
ENSG00000184182,1.1593121,1.7896512,GM12878,0.8988992,1.0,1
ENSG00000184182,1.2943982,1.7896512,GM12878,0.8491793,1.0,1
ENSG00000184182,0.8907882,1.7896512,GM12878,0.80770415,0.73438483,1
ENSG00000184271,0.37085676,0.4281348,GM12878,0.75879014,1.0,1
ENSG00000184271,0.54402196,0.4281348,GM12878,0.91359186,1.0,1
ENSG00000184445,1.3599283,2.033102,GM12878,0.91607565,1.0,1
ENSG00000184445,1.7313972,2.033102,GM12878,0.91402394,1.0,1
ENSG00000184445,1.0255978,2.033102,GM12878,0.8956701,1.0,1
ENSG00000184445,1.36355,2.033102,GM12878,0.84023994,0.8590272,1
ENSG00000184445,1.6654847,2.033102,GM12878,0.5959583,0.42275363,1
ENSG00000184575,1.7184675,2.1749897,GM12878,0.8195809,1.0,1
ENSG00000184575,1.8067914,2.1749897,GM12878,0.8751862,1.0,1
ENSG00000184613,-0.009015221,-0.4089354,GM12878,0.9743677,1.0,1
ENSG00000184752,0.9892241,2.2918348,GM12878,0.46340308,1.0,1
ENSG00000184752,1.023668,2.2918348,GM12878,0.93444127,0.9304363,1
ENSG00000184898,1.2069575,0.6589649,GM12878,0.7716976,1.0,1
ENSG00000184898,0.7815504,0.6589649,GM12878,0.94618315,1.0,1
ENSG00000184967,1.0277711,0.7307823,GM12878,0.84362817,1.0,1
ENSG00000184992,1.1981372,1.0565237,GM12878,0.9413873,1.0,1
ENSG00000185163,0.9877666,1.0561422,GM12878,0.93034756,1.0,1
ENSG00000185163,0.96569014,1.0561422,GM12878,0.90837747,1.0,1
ENSG00000185163,1.3861306,1.0561422,GM12878,0.9301114,1.0,1
ENSG00000185163,1.2218504,1.0561422,GM12878,0.91735464,1.0,1
ENSG00000185163,1.4702153,1.0561422,GM12878,0.89014506,1.0,1
ENSG00000185344,1.2255808,1.8576943,GM12878,0.9065218,1.0,1
ENSG00000185344,1.1417971,1.8576943,GM12878,0.91058916,1.0,1
ENSG00000185404,0.496016,0.90525603,GM12878,0.94861275,1.0,1
ENSG00000185404,1.0716563,0.90525603,GM12878,0.91849494,0.14864865,1
ENSG00000185432,0.966434,0.9973864,GM12878,0.6738366,1.0,1
ENSG00000185480,1.3966725,1.5067755,GM12878,0.89022994,1.0,1
ENSG00000185480,1.3966725,1.5067755,GM12878,0.89022994,1.0,1
ENSG00000185480,1.0002246,1.5067755,GM12878,0.8923887,0.9807468,1
ENSG00000185480,1.074721,1.5067755,GM12878,0.8974067,0.047052152,1
ENSG00000185480,1.0576525,1.5067755,GM12878,0.87888277,0.5017668,1
ENSG00000185480,1.3448663,1.5067755,GM12878,0.8603439,0.8797629,1
ENSG00000185482,-0.43348762,0.59549624,GM12878,0.98080784,1.0,1
ENSG00000185482,-0.47413763,0.59549624,GM12878,0.98430747,1.0,1
ENSG00000185482,-0.3932416,0.59549624,GM12878,0.9818131,0.9874608,1
ENSG00000185482,-0.3623177,0.59549624,GM12878,0.96196944,0.041269843,1
ENSG00000185591,0.87916595,1.6252096,GM12878,0.90682936,1.0,1
ENSG00000185591,1.1863198,1.6252096,GM12878,0.963775,1.0,1
ENSG00000185640,-0.75956804,0.12057393,GM12878,0.99387896,1.0,1
ENSG00000185664,0.21433274,0.30103,GM12878,0.9602043,1.0,1
ENSG00000186132,0.6165458,1.0421816,GM12878,0.93507475,1.0,1
ENSG00000186132,0.8095701,1.0421816,GM12878,0.879092,1.0,1
ENSG00000186298,0.984779,2.289745,GM12878,0.9514643,1.0,1
ENSG00000186298,1.4898188,2.289745,GM12878,0.9339443,1.0,1
ENSG00000186298,1.405456,2.289745,GM12878,0.9603203,1.0,1
ENSG00000186815,0.83268815,1.1000258,GM12878,0.75609523,1.0,1
ENSG00000186815,1.0209813,1.1000258,GM12878,0.42814678,0.08759124,1
ENSG00000186815,0.700822,1.1000258,GM12878,0.7561,0.1463964,1
ENSG00000186854,-0.6953421,-0.49485,GM12878,0.995284,1.0,1
ENSG00000186854,-0.7245916,-0.49485,GM12878,0.99635327,1.0,1
ENSG00000186889,0.89246523,0.20411998,GM12878,0.78570336,1.0,1
ENSG00000186889,0.9444723,0.20411998,GM12878,0.75439185,1.0,1
ENSG00000186908,0.993415,1.6647359,GM12878,0.87533534,1.0,1
ENSG00000186908,0.8969927,1.6647359,GM12878,0.94089556,0.8091603,1
ENSG00000186908,1.0084541,1.6647359,GM12878,0.91800183,0.1908397,1
ENSG00000187109,1.084629,2.5370002,GM12878,0.7767776,1.0,1
ENSG00000187109,1.0454733,2.5370002,GM12878,0.9137901,0.7525151,1
ENSG00000187109,1.2775515,2.5370002,GM12878,0.90893537,0.99739194,1
ENSG00000187109,1.2879467,2.5370002,GM12878,0.5124011,0.7152778,1
ENSG00000187514,1.5956092,2.4737496,GM12878,0.8497757,1.0,1
ENSG00000187605,0.54278165,0.53275436,GM12878,0.97526044,1.0,1
ENSG00000187736,0.86365235,1.193681,GM12878,0.7765737,1.0,1
ENSG00000187778,1.4659939,1.8017466,GM12878,0.893866,1.0,1
ENSG00000187778,1.2082931,1.8017466,GM12878,0.90955675,1.0,1
ENSG00000187778,1.2382917,1.8017466,GM12878,0.9010293,1.0,1
ENSG00000187778,1.3746829,1.8017466,GM12878,0.80116063,1.0,1
ENSG00000187833,-0.289711,-0.65757734,GM12878,0.95030516,1.0,1
ENSG00000187944,-0.40224537,-0.9586073,GM12878,0.97063667,1.0,1
ENSG00000188010,0.5837183,1.0744507,GM12878,0.8296811,1.0,1
ENSG00000188010,0.8956288,1.0744507,GM12878,0.8906692,1.0,1
ENSG00000188010,0.66134936,1.0744507,GM12878,0.9177401,1.0,1
ENSG00000188026,0.84092045,0.90741134,GM12878,0.931469,1.0,1
ENSG00000188026,0.9751034,0.90741134,GM12878,0.9491089,1.0,1
ENSG00000188026,0.9469811,0.90741134,GM12878,0.9412976,1.0,1
ENSG00000188026,1.2030029,0.90741134,GM12878,0.9286405,1.0,1
ENSG00000188177,0.94043446,0.2121876,GM12878,0.9268127,1.0,1
ENSG00000188177,0.58041614,0.2121876,GM12878,0.86889863,1.0,1
ENSG00000188282,-0.609355,-0.9586073,GM12878,0.98760325,1.0,1
ENSG00000188389,-0.14401105,0.29885307,GM12878,0.97233236,1.0,1
ENSG00000188389,-0.10384016,0.29885307,GM12878,0.9463972,1.0,1
ENSG00000188542,1.1798716,0.7937904,GM12878,0.8001838,1.0,1
ENSG00000188735,1.2334874,0.8668778,GM12878,0.92963153,1.0,1
ENSG00000188735,0.99397385,0.8668778,GM12878,0.90619546,1.0,1
ENSG00000188735,1.0720837,0.8668778,GM12878,0.6725815,0.21768707,1
ENSG00000188760,0.34700558,0.1335389,GM12878,0.89502144,1.0,1
ENSG00000188906,-0.101803765,-0.55284196,GM12878,0.93848974,1.0,1
ENSG00000189046,1.1815668,1.3963737,GM12878,0.867147,1.0,1
ENSG00000189046,1.0354815,1.3963737,GM12878,0.9007222,0.97117364,1
ENSG00000189079,1.361924,1.4061995,GM12878,0.9211662,1.0,1
ENSG00000189079,1.0546224,1.4061995,GM12878,0.7922127,0.0,1
ENSG00000189079,1.1018813,1.4061995,GM12878,0.7979604,0.16,1
ENSG00000189362,1.4337091,0.36172783,GM12878,0.7883053,1.0,1
ENSG00000189362,1.3253031,0.36172783,GM12878,0.6008115,1.0,1
ENSG00000189362,1.6114056,0.36172783,GM12878,0.8781091,0.7837838,1
ENSG00000196141,0.53870636,1.4640422,GM12878,0.7502458,1.0,1
ENSG00000196141,0.9922576,1.4640422,GM12878,0.7907256,1.0,1
ENSG00000196141,0.65978336,1.4640422,GM12878,0.93786544,1.0,1
ENSG00000196141,0.71410894,1.4640422,GM12878,0.8591412,1.0,1
ENSG00000196141,0.7835306,1.4640422,GM12878,0.883961,1.0,1
ENSG00000196141,0.66626835,1.4640422,GM12878,0.928609,0.37549758,1
ENSG00000196290,1.5924516,1.8479426,GM12878,0.90222156,0.6967787,1
ENSG00000196387,0.7766619,0.75739604,GM12878,0.66648287,1.0,1
ENSG00000196387,0.5916015,0.75739604,GM12878,0.91061777,1.0,1
ENSG00000196387,0.5916015,0.75739604,GM12878,0.91061777,1.0,1
ENSG00000196387,0.91055405,0.75739604,GM12878,0.7564119,0.4181818,1
ENSG00000196458,0.15531753,-0.4685211,GM12878,0.9513636,1.0,1
ENSG00000196465,1.287117,1.7137425,GM12878,0.87449765,1.0,1
ENSG00000196498,0.083668694,0.48000693,GM12878,0.76886016,1.0,1
ENSG00000196504,1.5001447,2.3094172,GM12878,0.8809912,1.0,1
ENSG00000196504,1.4858538,2.3094172,GM12878,0.729982,1.0,1
ENSG00000196504,1.1094764,2.3094172,GM12878,0.7946726,0.9396194,1
ENSG00000196504,1.3344113,2.3094172,GM12878,0.83011687,0.031471092,1
ENSG00000196510,1.8183482,2.059904,GM12878,0.9085356,1.0,1
ENSG00000196510,1.826402,2.059904,GM12878,0.8606558,1.0,1
ENSG00000196510,1.5854999,2.059904,GM12878,0.91979605,1.0,1
ENSG00000196604,-0.07565488,-0.7212464,GM12878,0.9765419,1.0,1
ENSG00000196604,-0.030874878,-0.7212464,GM12878,0.96018356,1.0,1
ENSG00000196604,0.1112607,-0.7212464,GM12878,0.95589197,1.0,1
ENSG00000196604,-0.05927862,-0.7212464,GM12878,0.9755044,1.0,1
ENSG00000196604,0.0022747628,-0.7212464,GM12878,0.9062881,1.0,1
ENSG00000196604,0.050667908,-0.7212464,GM12878,0.66829866,1.0,1
ENSG00000196843,0.43609777,0.48572144,GM12878,0.9129722,1.0,1
ENSG00000196843,0.40071282,0.48572144,GM12878,0.9460344,0.72695035,1
ENSG00000196850,1.5764011,1.2457594,GM12878,0.91784996,1.0,1
ENSG00000196850,1.2089458,1.2457594,GM12878,0.9248642,1.0,1
ENSG00000196850,1.1630449,1.2457594,GM12878,0.9356734,1.0,1
ENSG00000196850,1.2263501,1.2457594,GM12878,0.9562699,1.0,1
ENSG00000196862,-0.053141844,-0.9586073,GM12878,0.9470672,1.0,1
ENSG00000196935,0.021859448,-0.85387194,GM12878,0.95705545,1.0,1
ENSG00000196935,0.080654725,-0.85387194,GM12878,0.95310146,1.0,1
ENSG00000196950,1.3095255,1.4543874,GM12878,0.9314194,1.0,1
ENSG00000196975,0.7857564,0.92582756,GM12878,0.7892837,1.0,1
ENSG00000197111,1.7289772,2.4339457,GM12878,0.9039289,1.0,1
ENSG00000197111,1.7236241,2.4339457,GM12878,0.71615005,1.0,1
ENSG00000197111,1.6547916,2.4339457,GM12878,0.9318695,0.7134209,1
ENSG00000197111,1.7240555,2.4339457,GM12878,0.71727794,0.8773534,1
ENSG00000197121,0.40241906,-0.36653155,GM12878,0.8903348,1.0,1
ENSG00000197223,0.9779341,1.5094713,GM12878,0.832042,1.0,1
ENSG00000197223,1.0073545,1.5094713,GM12878,0.9215575,1.0,1
ENSG00000197329,0.8074952,1.1112626,GM12878,0.9146677,1.0,1
ENSG00000197713,1.4239656,1.6422666,GM12878,0.8897504,1.0,1
ENSG00000197713,1.3054976,1.6422666,GM12878,0.55101043,0.0029368575,1
ENSG00000197713,0.9253695,1.6422666,GM12878,0.79571897,0.6555048,1
ENSG00000197713,1.1834916,1.6422666,GM12878,0.8669667,0.082868725,1
ENSG00000197713,1.3689255,1.6422666,GM12878,0.9075928,0.89506525,1
ENSG00000197713,1.033818,1.6422666,GM12878,0.8259574,0.05678422,1
ENSG00000197872,-0.28293136,-0.07572071,GM12878,0.9572636,1.0,1
ENSG00000197905,0.91120195,1.182985,GM12878,0.83720875,1.0,1
ENSG00000198001,1.045336,1.416141,GM12878,0.91269845,1.0,1
ENSG00000198001,1.045336,1.416141,GM12878,0.91269845,1.0,1
ENSG00000198001,1.2695162,1.416141,GM12878,0.8313367,1.0,1
ENSG00000198001,1.0628955,1.416141,GM12878,0.6106942,0.15306123,1
ENSG00000198001,1.045336,1.416141,GM12878,0.91269845,0.67346936,1
ENSG00000198001,1.1544294,1.416141,GM12878,0.75819165,0.0983871,1
ENSG00000198001,1.2134273,1.416141,GM12878,0.79507476,0.83996993,1
ENSG00000198040,1.0836259,1.2619762,GM12878,0.92260695,1.0,1
ENSG00000198056,1.3769567,1.9697886,GM12878,0.9470081,1.0,1
ENSG00000198130,0.63024116,1.3565995,GM12878,0.91016287,1.0,1
ENSG00000198130,0.703953,1.3565995,GM12878,0.58104306,0.94187427,1
ENSG00000198270,1.0448717,1.8424845,GM12878,0.72226673,1.0,1
ENSG00000198270,1.4725423,1.8424845,GM12878,0.644195,1.0,1
ENSG00000198270,1.453759,1.8424845,GM12878,0.8198454,0.89046055,1
ENSG00000198270,0.9709344,1.8424845,GM12878,0.79627067,0.84433377,1
ENSG00000198270,1.4606588,1.8424845,GM12878,0.82209486,0.33092105,1
ENSG00000198353,-0.27771762,-0.27572414,GM12878,0.98174953,1.0,1
ENSG00000198369,1.5570369,1.1024337,GM12878,0.84657687,1.0,1
ENSG00000198380,1.3873436,1.0986438,GM12878,0.8611558,1.0,1
ENSG00000198393,0.773553,0.7701153,GM12878,0.94497925,1.0,1
ENSG00000198393,0.8859066,0.7701153,GM12878,0.925615,1.0,1
ENSG00000198399,0.99613047,1.0633334,GM12878,0.71469957,1.0,1
ENSG00000198399,1.0237205,1.0633334,GM12878,0.7793591,0.0034602077,1
ENSG00000198399,0.782135,1.0633334,GM12878,0.8519339,0.4114053,1
ENSG00000198431,1.6789044,2.1384606,GM12878,0.9313678,1.0,1
ENSG00000198431,1.3195649,2.1384606,GM12878,0.83663905,0.65478665,1
ENSG00000198431,1.2039514,2.1384606,GM12878,0.6380017,0.0020149343,1
ENSG00000198431,1.6412683,2.1384606,GM12878,0.90480393,1.0,1
ENSG00000198431,1.2400172,2.1384606,GM12878,0.7229445,0.036704335,1
ENSG00000198522,1.1110861,1.8420473,GM12878,0.7841876,1.0,1
ENSG00000198586,1.033897,1.3602146,GM12878,0.92967975,1.0,1
ENSG00000198586,1.2718468,1.3602146,GM12878,0.9343106,1.0,1
ENSG00000198586,1.0849663,1.3602146,GM12878,0.7996762,1.0,1
ENSG00000198586,1.2628235,1.3602146,GM12878,0.77252996,1.0,1
ENSG00000198586,1.2902589,1.3602146,GM12878,0.93408114,0.00054347824,1
ENSG00000198586,1.1803267,1.3602146,GM12878,0.7973154,0.0076086954,1
ENSG00000198612,0.88136697,1.7039788,GM12878,0.5127101,1.0,1
ENSG00000198612,0.804747,1.7039788,GM12878,0.71092683,0.8845161,1
ENSG00000198648,-0.15538192,-0.22914799,GM12878,0.93277925,1.0,1
ENSG00000198648,-0.04393356,-0.22914799,GM12878,0.9688765,1.0,1
ENSG00000198648,-0.06888716,-0.22914799,GM12878,0.9281643,1.0,1
ENSG00000198707,0.9682733,0.74350977,GM12878,0.84930557,1.0,1
ENSG00000198707,1.1474571,0.74350977,GM12878,0.90624464,0.9844358,1
ENSG00000198707,0.85236645,0.74350977,GM12878,0.9089857,0.054474708,1
ENSG00000198855,1.0834458,-0.11918641,GM12878,0.89927083,1.0,1
ENSG00000198885,1.1214541,0.350248,GM12878,0.90234685,1.0,1
ENSG00000198925,1.4266815,1.7627536,GM12878,0.8124966,1.0,1
ENSG00000198925,1.4185765,1.7627536,GM12878,0.91382146,0.99839485,1
ENSG00000198925,1.3808403,1.7627536,GM12878,0.83046687,0.45178765,1
ENSG00000198925,1.4232956,1.7627536,GM12878,0.80323845,0.2883263,1
ENSG00000204099,-0.40162393,-0.82390875,GM12878,0.97683513,1.0,1
ENSG00000204104,0.8656675,0.2764618,GM12878,0.6339106,1.0,1
ENSG00000204120,1.2051072,1.4695275,GM12878,0.9018367,1.0,1
ENSG00000204120,1.093871,1.4695275,GM12878,0.8685952,1.0,1
ENSG00000204120,1.1807544,1.4695275,GM12878,0.78375417,0.9606481,1
ENSG00000204120,1.3396143,1.4695275,GM12878,0.82499796,0.04278075,1
ENSG00000204120,1.2685654,1.4695275,GM12878,0.71970344,0.9054054,1
ENSG00000204120,1.2602465,1.4695275,GM12878,0.69517106,0.025917927,1
ENSG00000204217,0.8638562,0.65705585,GM12878,0.9341868,1.0,1
ENSG00000204217,0.9878918,0.65705585,GM12878,0.9009842,1.0,1
ENSG00000204311,0.6216496,0.24303804,GM12878,0.9209098,1.0,1
ENSG00000204406,0.788849,1.1900514,GM12878,0.90562904,1.0,1
ENSG00000204406,0.48327312,1.1900514,GM12878,0.8922415,1.0,1
ENSG00000204634,-0.056012873,-0.0043648053,GM12878,0.95643705,1.0,1
ENSG00000204842,1.5056925,1.4141374,GM12878,0.8624836,1.0,1
ENSG00000204842,1.3766174,1.4141374,GM12878,0.8878644,1.0,1
ENSG00000204842,1.3766174,1.4141374,GM12878,0.8878644,1.0,1
ENSG00000204842,1.0936528,1.4141374,GM12878,0.8310403,1.0,1
ENSG00000204842,1.3548347,1.4141374,GM12878,0.8393097,1.0,1
ENSG00000204842,1.3057663,1.4141374,GM12878,0.7722276,1.0,1
ENSG00000204842,1.6760435,1.4141374,GM12878,0.85483664,0.0,1
ENSG00000204842,1.378845,1.4141374,GM12878,0.7959058,0.030837005,1
ENSG00000204842,1.526579,1.4141374,GM12878,0.7742544,0.8839779,1
ENSG00000204842,1.377134,1.4141374,GM12878,0.6811348,0.2626728,1
ENSG00000204843,1.1646953,1.4313638,GM12878,0.80642736,1.0,1
ENSG00000204843,1.1052439,1.4313638,GM12878,0.7391895,0.0,1
ENSG00000204852,0.4559469,0.9628427,GM12878,0.9522291,1.0,1
ENSG00000204852,0.4577981,0.9628427,GM12878,0.87076485,1.0,1
ENSG00000204852,0.77035356,0.9628427,GM12878,0.50055975,0.04016064,1
ENSG00000204852,0.28917268,0.9628427,GM12878,0.77796,0.9795082,1
ENSG00000204852,0.30972037,0.9628427,GM12878,0.6685884,0.096885815,1
ENSG00000204852,0.47732708,0.9628427,GM12878,0.85616404,0.018796992,1
ENSG00000204856,1.0424362,1.8397921,GM12878,0.765866,1.0,1
ENSG00000204856,1.0424362,1.8397921,GM12878,0.765866,1.0,1
ENSG00000204856,1.3101678,1.8397921,GM12878,0.93743825,1.0,1
ENSG00000204856,1.0930259,1.8397921,GM12878,0.92846274,1.0,1
ENSG00000204856,1.3742827,1.8397921,GM12878,0.92062914,0.9939551,1
ENSG00000204923,0.78133667,0.10720997,GM12878,0.81619966,1.0,1
ENSG00000204923,1.0291035,0.10720997,GM12878,0.8370321,1.0,1
ENSG00000204954,1.462967,1.5497388,GM12878,0.8163892,1.0,1
ENSG00000204954,1.2084367,1.5497388,GM12878,0.9042662,0.018209409,1
ENSG00000205086,-0.62125677,-0.9586073,GM12878,0.97423494,1.0,1
ENSG00000205086,-0.6656822,-0.9586073,GM12878,0.9916333,1.0,1
ENSG00000205323,1.8492284,2.1086664,GM12878,0.78272825,1.0,1
ENSG00000205323,1.6422285,2.1086664,GM12878,0.8313039,0.97135794,1
ENSG00000205352,1.5128088,2.2241704,GM12878,0.78203076,1.0,1
ENSG00000205639,0.94520056,0.76417613,GM12878,0.90126616,1.0,1
ENSG00000205707,0.8787329,1.3527611,GM12878,0.9221707,1.0,1
ENSG00000205707,0.8787329,1.3527611,GM12878,0.9221707,1.0,1
ENSG00000205707,0.87362206,1.3527611,GM12878,0.92581785,0.0,1
ENSG00000205795,-0.24099702,-0.9586073,GM12878,0.9119759,1.0,1
ENSG00000211455,0.60113305,0.5888317,GM12878,0.9460443,1.0,1
ENSG00000211460,1.27005,1.9278321,GM12878,0.92673224,1.0,1
ENSG00000211460,1.27005,1.9278321,GM12878,0.92673224,1.0,1
ENSG00000211460,1.4862419,1.9278321,GM12878,0.8965949,1.0,1
ENSG00000211460,1.4862419,1.9278321,GM12878,0.8965949,1.0,1
ENSG00000211460,1.3934042,1.9278321,GM12878,0.8635756,0.9965157,1
ENSG00000211584,1.1620884,1.0216027,GM12878,0.8599898,1.0,1
ENSG00000212127,0.65512383,0.24303804,GM12878,0.8136699,1.0,1
ENSG00000212127,0.9691044,0.24303804,GM12878,0.8977075,1.0,1
ENSG00000213160,1.326881,1.6390879,GM12878,0.93056697,1.0,1
ENSG00000213337,1.0528398,1.3562171,GM12878,0.93397224,1.0,1
ENSG00000213639,1.402019,1.6006463,GM12878,0.71368474,1.0,1
ENSG00000213699,1.343919,1.0523092,GM12878,0.8796581,1.0,1
ENSG00000213699,1.270495,1.0523092,GM12878,0.9311179,1.0,1
ENSG00000213699,1.4292502,1.0523092,GM12878,0.7158172,0.9528689,1
ENSG00000213699,1.2699525,1.0523092,GM12878,0.91612846,0.89855075,1
ENSG00000213699,1.10288,1.0523092,GM12878,0.9460169,0.9669052,1
ENSG00000213782,1.5157475,1.5390761,GM12878,0.7213841,1.0,1
ENSG00000213782,0.97695804,1.5390761,GM12878,0.8893748,0.98846036,1
ENSG00000213782,1.5015653,1.5390761,GM12878,0.91451514,0.99616724,1
ENSG00000213809,-0.29122546,-0.7695511,GM12878,0.84762764,1.0,1
ENSG00000213809,-0.21152404,-0.7695511,GM12878,0.9794135,1.0,1
ENSG00000213901,-0.43624297,-0.3767507,GM12878,0.9536898,1.0,1
ENSG00000214595,0.5753671,-0.21467017,GM12878,0.94922996,1.0,1
ENSG00000214595,0.66015875,-0.21467017,GM12878,0.9152734,1.0,1
ENSG00000214595,0.58085644,-0.21467017,GM12878,0.9541683,1.0,1
ENSG00000214595,0.75396985,-0.21467017,GM12878,0.8781984,1.0,1
ENSG00000215021,1.8655405,2.5502162,GM12878,0.84914255,1.0,1
ENSG00000215021,1.9916866,2.5502162,GM12878,0.79856604,1.0,1
ENSG00000215021,1.9160156,2.5502162,GM12878,0.8994681,1.0,1
ENSG00000215021,1.8863275,2.5502162,GM12878,0.86992407,1.0,1
ENSG00000215021,1.9880121,2.5502162,GM12878,0.7951338,1.0,1
ENSG00000218739,1.3376882,1.6078837,GM12878,0.8667143,1.0,1
ENSG00000219626,0.72942364,0.48429984,GM12878,0.8745445,1.0,1
ENSG00000221823,1.4137822,1.0599419,GM12878,0.94402766,1.0,1
ENSG00000221823,1.3318212,1.0599419,GM12878,0.7407545,1.0,1
ENSG00000221823,1.3777856,1.0599419,GM12878,0.77449316,1.0,1
ENSG00000221823,1.3681475,1.0599419,GM12878,0.44903347,1.0,1
ENSG00000231672,-0.57584685,-0.9586073,GM12878,0.9861404,1.0,1
ENSG00000231887,0.55619776,0.48000693,GM12878,0.77371377,1.0,1
ENSG00000231887,0.63125193,0.48000693,GM12878,0.796705,1.0,1
ENSG00000231887,0.29468843,0.48000693,GM12878,0.96391153,1.0,1
ENSG00000235162,-0.31004286,-0.26760623,GM12878,0.9516611,1.0,1
ENSG00000239305,0.775801,0.553883,GM12878,0.9252093,1.0,1
ENSG00000239474,0.23401628,-0.7212464,GM12878,0.94744426,1.0,1
ENSG00000239779,0.50120914,1.2156376,GM12878,0.90132195,1.0,1
ENSG00000239779,0.9944562,1.2156376,GM12878,0.5231409,0.1745283,1
ENSG00000240344,1.3342547,1.7319914,GM12878,0.83642614,1.0,1
ENSG00000240344,1.3342547,1.7319914,GM12878,0.83642614,1.0,1
ENSG00000240344,1.3001351,1.7319914,GM12878,0.9055834,0.74934864,1
ENSG00000240344,0.8755621,1.7319914,GM12878,0.5013996,0.0,1
ENSG00000240344,0.99959135,1.7319914,GM12878,0.8549666,0.7108597,1
ENSG00000240771,0.85266805,1.0934217,GM12878,0.97465783,1.0,1
ENSG00000241119,-0.52783036,-0.9586073,GM12878,0.984767,1.0,1
ENSG00000241962,0.67907286,-0.43179828,GM12878,0.81223553,1.0,1
ENSG00000243244,-0.080968946,0.025305865,GM12878,0.95560884,1.0,1
ENSG00000243667,0.94698083,0.5428254,GM12878,0.7892788,1.0,1
ENSG00000243667,1.2703204,0.5428254,GM12878,0.90804446,1.0,1
ENSG00000243943,1.0949643,1.8286599,GM12878,0.9155803,1.0,1
ENSG00000243943,1.4851842,1.8286599,GM12878,0.7482906,0.0132,1
ENSG00000243943,1.4745972,1.8286599,GM12878,0.7852236,0.48008007,1
ENSG00000243943,1.4504426,1.8286599,GM12878,0.8697828,0.98646265,1
ENSG00000247077,1.4822402,1.5903959,GM12878,0.9385394,1.0,1
ENSG00000250565,0.88473463,0.90091306,GM12878,0.8489743,1.0,1
ENSG00000251569,0.80309546,-0.24412514,GM12878,0.9037333,1.0,1
ENSG00000251569,0.7391925,-0.24412514,GM12878,0.69507414,1.0,1
ENSG00000251569,0.76345575,-0.24412514,GM12878,0.71542215,1.0,1
ENSG00000251569,0.6721288,-0.24412514,GM12878,0.92000717,1.0,1
ENSG00000256223,0.7600675,0.5843312,GM12878,0.81619364,1.0,1
ENSG00000256223,1.0363092,0.5843312,GM12878,0.91372514,1.0,1
ENSG00000256223,0.6992359,0.5843312,GM12878,0.9124848,1.0,1
ENSG00000256223,0.8578875,0.5843312,GM12878,0.92455536,1.0,1
ENSG00000257218,1.8169162,1.438384,GM12878,0.72038776,1.0,1
ENSG00000257218,1.7679753,1.438384,GM12878,0.47516724,0.18068764,1
ENSG00000257390,0.97924435,-0.55284196,GM12878,0.9015249,1.0,1
ENSG00000257390,0.57770926,-0.55284196,GM12878,0.9428484,1.0,1
ENSG00000257390,0.69501996,-0.55284196,GM12878,0.90356207,1.0,1
ENSG00000257390,0.46105716,-0.55284196,GM12878,0.956973,1.0,1
ENSG00000257727,1.3564591,2.1634,GM12878,0.89032364,1.0,1
ENSG00000257921,1.5251415,-0.13667715,GM12878,0.6814742,1.0,1
ENSG00000258311,1.2088248,0.096910015,GM12878,0.89749026,1.0,1
ENSG00000259075,1.7310044,-0.33724216,GM12878,0.8177026,1.0,1
