,PredExpr,ActualExpr,CellLine,PredPsi,ActualPsi,fold_idx
ENSG00000002016,1.0487351,1.0107238,GM12878,0.61462516,1.0,1
ENSG00000002016,1.0146333,1.0107238,GM12878,0.6185155,1.0,1
ENSG00000002016,1.0377398,1.0107238,GM12878,0.612271,0.208,1
ENSG00000002016,1.1003463,1.0107238,GM12878,0.60411483,0.0,1
ENSG00000003056,1.5675347,1.9407157,GM12878,0.6616642,1.0,1
ENSG00000003056,1.5356133,1.9407157,GM12878,0.6578823,1.0,1
ENSG00000003056,1.5366148,1.9407157,GM12878,0.66459006,1.0,1
ENSG00000003393,1.27996,1.0102999,GM12878,0.65174466,1.0,1
ENSG00000003393,1.3560181,1.0102999,GM12878,0.6633203,0.00589391,1
ENSG00000003400,1.5369216,1.224274,GM12878,0.649199,0.929374,1
ENSG00000003400,1.5312545,1.224274,GM12878,0.65475917,0.88451445,1
ENSG00000003402,1.5035695,1.7873896,GM12878,0.67409754,1.0,1
ENSG00000003402,1.5128279,1.7873896,GM12878,0.67857295,1.0,1
ENSG00000003402,1.5195055,1.7873896,GM12878,0.67577493,0.026152482,1
ENSG00000003436,1.3007009,2.6872168,GM12878,0.6184259,1.0,1
ENSG00000003509,1.2759616,1.4595432,GM12878,0.6794042,1.0,1
ENSG00000003509,1.332926,1.4595432,GM12878,0.662029,0.9572501,1
ENSG00000004478,0.4343829,1.8022262,GM12878,0.7298415,1.0,1
ENSG00000004700,1.1275961,1.2805784,GM12878,0.6684375,1.0,1
ENSG00000005175,1.473139,1.506505,GM12878,0.64624655,1.0,1
ENSG00000005175,1.4657694,1.506505,GM12878,0.64733255,1.0,1
ENSG00000005175,1.4875264,1.506505,GM12878,0.6259927,1.0,1
ENSG00000005175,1.4867249,1.506505,GM12878,0.6106356,0.75994515,1
ENSG00000005175,1.4840505,1.506505,GM12878,0.6421634,0.41775545,1
ENSG00000005436,1.5051637,1.3756636,GM12878,0.66219467,1.0,1
ENSG00000005436,1.3842255,1.3756636,GM12878,0.6701978,1.0,1
ENSG00000005436,1.2984219,1.3756636,GM12878,0.6637089,0.6383266,1
ENSG00000005436,1.3024021,1.3756636,GM12878,0.6645948,1.0,1
ENSG00000005448,0.09613259,1.0976043,GM12878,0.831988,1.0,1
ENSG00000005448,0.10517587,1.0976043,GM12878,0.82717544,0.98672116,1
ENSG00000006607,0.9627046,1.3558345,GM12878,0.66080606,1.0,1
ENSG00000006607,0.97863513,1.3558345,GM12878,0.6518125,1.0,1
ENSG00000006607,1.0564544,1.3558345,GM12878,0.6558747,1.0,1
ENSG00000006831,1.5293639,1.6070259,GM12878,0.6528055,1.0,1
ENSG00000006831,1.5679421,1.6070259,GM12878,0.6564642,1.0,1
ENSG00000008323,-0.0034872051,-0.4685211,GM12878,0.91176397,1.0,1
ENSG00000008323,-0.033115983,-0.4685211,GM12878,0.9136795,1.0,1
ENSG00000008394,0.9045508,1.8624295,GM12878,0.62094283,1.0,1
ENSG00000008394,0.8211468,1.8624295,GM12878,0.6505355,0.9928535,1
ENSG00000008394,0.675293,1.8624295,GM12878,0.6452967,0.002157756,1
ENSG00000008405,1.2156707,1.4427933,GM12878,0.6528314,1.0,1
ENSG00000008869,1.436671,1.2008505,GM12878,0.66210365,1.0,1
ENSG00000008869,1.4403219,1.2008505,GM12878,0.6615678,1.0,1
ENSG00000008869,1.3778234,1.2008505,GM12878,0.64901036,1.0,1
ENSG00000010219,0.76217955,1.3230457,GM12878,0.6572705,1.0,1
ENSG00000010219,0.7465057,1.3230457,GM12878,0.65320903,0.037339557,1
ENSG00000010278,-0.47773388,0.84633714,GM12878,0.8964522,1.0,1
ENSG00000010278,-0.48824486,0.84633714,GM12878,0.9010305,0.14880952,1
ENSG00000010292,1.6440989,1.8221027,GM12878,0.6682804,1.0,1
ENSG00000010292,1.5653987,1.8221027,GM12878,0.68281776,1.0,1
ENSG00000010292,1.5756345,1.8221027,GM12878,0.6749719,1.0,1
ENSG00000010292,1.5617752,1.8221027,GM12878,0.680386,0.75792295,1
ENSG00000010626,1.2889242,0.7671559,GM12878,0.68066156,1.0,1
ENSG00000010626,1.3078785,0.7671559,GM12878,0.6779648,1.0,1
ENSG00000011523,1.1340595,0.7888751,GM12878,0.6685478,1.0,1
ENSG00000011523,1.0748814,0.7888751,GM12878,0.6887555,0.095108695,1
ENSG00000011566,1.3466647,1.129045,GM12878,0.6011231,1.0,1
ENSG00000011566,1.3321403,1.129045,GM12878,0.60681206,1.0,1
ENSG00000011566,1.3478541,1.129045,GM12878,0.6021198,1.0,1
ENSG00000011566,1.3269333,1.129045,GM12878,0.6236588,1.0,1
ENSG00000012822,1.1670073,1.4377506,GM12878,0.66313905,1.0,1
ENSG00000012822,1.1897266,1.4377506,GM12878,0.6605821,0.9685535,1
ENSG00000013016,-0.8381659,-0.92081875,GM12878,0.9048164,1.0,1
ENSG00000013441,1.3850411,1.877947,GM12878,0.685814,1.0,1
ENSG00000013441,1.373941,1.877947,GM12878,0.6917571,1.0,1
ENSG00000013441,1.4727201,1.877947,GM12878,0.67289615,0.34098136,1
ENSG00000013503,1.3331087,0.9020029,GM12878,0.6733849,1.0,1
ENSG00000013503,1.2570798,0.9020029,GM12878,0.67804694,1.0,1
ENSG00000013503,1.2898164,0.9020029,GM12878,0.67793185,1.0,1
ENSG00000013573,0.93984365,1.6029277,GM12878,0.6612156,0.9442283,1
ENSG00000013573,1.0509416,1.6029277,GM12878,0.6582402,0.8894231,1
ENSG00000013588,-0.40040395,-0.69897,GM12878,0.9363545,1.0,1
ENSG00000014641,1.0625306,2.5179346,GM12878,0.6591372,1.0,1
ENSG00000014641,1.242209,2.5179346,GM12878,0.6574111,0.99506503,1
ENSG00000015153,1.3174318,1.2342641,GM12878,0.6719839,0.0,1
ENSG00000015153,1.3196114,1.2342641,GM12878,0.6783924,0.20512821,1
ENSG00000015153,1.3760151,1.2342641,GM12878,0.6717672,0.18585859,1
ENSG00000015153,1.3843691,1.2342641,GM12878,0.6500909,0.34181508,1
ENSG00000015153,1.3638946,1.2342641,GM12878,0.6623445,0.0,1
ENSG00000015568,-0.069525346,0.30535138,GM12878,0.69617766,1.0,1
ENSG00000017427,-0.059989057,0.5301997,GM12878,0.7289789,1.0,1
ENSG00000017427,-0.060609378,0.5301997,GM12878,0.72946584,1.0,1
ENSG00000018280,-0.46932903,-0.25181198,GM12878,0.8155817,1.0,1
ENSG00000018510,1.3477272,1.5725231,GM12878,0.685301,1.0,1
ENSG00000018510,1.2891412,1.5725231,GM12878,0.6860942,1.0,1
ENSG00000018510,1.2696708,1.5725231,GM12878,0.684109,1.0,1
ENSG00000018510,1.3419902,1.5725231,GM12878,0.6777545,1.0,1
ENSG00000018510,1.3160235,1.5725231,GM12878,0.6689256,1.0,1
ENSG00000018510,1.3214201,1.5725231,GM12878,0.67005795,1.0,1
ENSG00000018699,0.957521,1.6684791,GM12878,0.66622,1.0,1
ENSG00000021574,1.2633361,1.024075,GM12878,0.6689032,1.0,1
ENSG00000021574,1.2123878,1.024075,GM12878,0.6605684,1.0,1
ENSG00000021574,1.2342116,1.024075,GM12878,0.6501585,1.0,1
ENSG00000021574,1.1371955,1.024075,GM12878,0.66832966,1.0,1
ENSG00000021826,0.005304387,0.9973864,GM12878,0.7316745,1.0,1
ENSG00000022840,1.3024597,1.8890775,GM12878,0.6865794,1.0,1
ENSG00000022840,1.279248,1.8890775,GM12878,0.6780497,1.0,1
ENSG00000022840,1.2532998,1.8890775,GM12878,0.6840986,1.0,1
ENSG00000022840,1.258258,1.8890775,GM12878,0.6848105,1.0,1
ENSG00000022840,1.2573557,1.8890775,GM12878,0.68211883,1.0,1
ENSG00000023228,1.3441019,1.9354569,GM12878,0.62785465,1.0,1
ENSG00000023228,1.3469454,1.9354569,GM12878,0.6276856,0.66994554,1
ENSG00000023228,1.4415265,1.9354569,GM12878,0.6010724,0.88380915,1
ENSG00000023697,0.28782955,0.5888317,GM12878,0.6721639,1.0,1
ENSG00000023734,1.46855,1.9306434,GM12878,0.599752,1.0,1
ENSG00000023734,1.4774393,1.9306434,GM12878,0.5920402,0.0023739957,1
ENSG00000023734,1.4563584,1.9306434,GM12878,0.6150491,0.9822006,1
ENSG00000028116,1.5142199,1.4935975,GM12878,0.65318495,1.0,1
ENSG00000028116,1.5779233,1.4935975,GM12878,0.65203005,1.0,1
ENSG00000028116,1.5687826,1.4935975,GM12878,0.64845926,1.0,1
ENSG00000028116,1.6129143,1.4935975,GM12878,0.6383754,1.0,1
ENSG00000028116,1.6324779,1.4935975,GM12878,0.632773,0.0,1
ENSG00000028116,1.55593,1.4935975,GM12878,0.64172643,0.0,1
ENSG00000028116,1.4627964,1.4935975,GM12878,0.6548614,0.06367535,1
ENSG00000028116,1.5288241,1.4935975,GM12878,0.6424604,0.88485646,1
ENSG00000028116,1.5231689,1.4935975,GM12878,0.6440577,0.045859452,1
ENSG00000028203,1.3727595,1.6555226,GM12878,0.6480485,1.0,1
ENSG00000028203,1.391353,1.6555226,GM12878,0.650287,0.8412138,1
ENSG00000028203,1.2601346,1.6555226,GM12878,0.65876395,0.7894737,1
ENSG00000028203,1.23224,1.6555226,GM12878,0.6706598,0.948542,1
ENSG00000028203,1.242294,1.6555226,GM12878,0.6653374,0.35714287,1
ENSG00000028203,1.2244849,1.6555226,GM12878,0.66247904,0.0,1
ENSG00000029153,-0.7704435,-0.22914799,GM12878,0.9334777,1.0,1
ENSG00000032389,1.2208817,1.6226285,GM12878,0.6445998,1.0,1
ENSG00000033030,1.5179532,1.3785796,GM12878,0.6278111,1.0,1
ENSG00000033030,1.4287742,1.3785796,GM12878,0.6625368,0.9973082,1
ENSG00000034510,1.2361284,2.497952,GM12878,0.69067776,1.0,1
ENSG00000035115,-0.39299306,0.811575,GM12878,0.88261575,1.0,1
ENSG00000035115,-0.39664754,0.811575,GM12878,0.88560295,0.6007905,1
ENSG00000035115,-0.40021324,0.811575,GM12878,0.8801303,1.0,1
ENSG00000035115,-0.39107522,0.811575,GM12878,0.8717081,0.0042735045,1
ENSG00000035115,-0.3974181,0.811575,GM12878,0.88361937,0.27142859,1
ENSG00000035141,1.2087058,1.8196098,GM12878,0.6636208,1.0,1
ENSG00000035141,1.1338108,1.8196098,GM12878,0.67849237,1.0,1
ENSG00000035141,1.1630273,1.8196098,GM12878,0.6786188,0.0066541545,1
ENSG00000036257,1.0927138,1.4462264,GM12878,0.64913327,1.0,1
ENSG00000037897,1.5057636,1.5247854,GM12878,0.6794439,1.0,1
ENSG00000037897,1.5180237,1.5247854,GM12878,0.6753297,1.0,1
ENSG00000037897,1.4597676,1.5247854,GM12878,0.6638334,0.23014441,1
ENSG00000040933,0.9337654,1.0366288,GM12878,0.6646435,1.0,1
ENSG00000040933,0.942847,1.0366288,GM12878,0.65303034,0.10675381,1
ENSG00000042445,1.4180121,1.1417632,GM12878,0.6533144,1.0,1
ENSG00000042445,1.3825569,1.1417632,GM12878,0.67247254,1.0,1
ENSG00000042445,1.3854411,1.1417632,GM12878,0.6695007,0.6638585,1
ENSG00000042445,1.3597751,1.1417632,GM12878,0.68364537,0.99119496,1
ENSG00000042493,0.29010805,1.725585,GM12878,0.7796274,1.0,1
ENSG00000047621,1.4804487,1.0417873,GM12878,0.6475779,1.0,1
ENSG00000047621,1.4448525,1.0417873,GM12878,0.6385677,1.0,1
ENSG00000047621,1.472105,1.0417873,GM12878,0.6332604,1.0,1
ENSG00000048991,1.070264,1.7825443,GM12878,0.62623066,1.0,1
ENSG00000048991,1.0844359,1.7825443,GM12878,0.6606391,1.0,1
ENSG00000048991,0.9531962,1.7825443,GM12878,0.6620203,0.9871293,1
ENSG00000048991,1.0044646,1.7825443,GM12878,0.6570203,0.027957622,1
ENSG00000049323,-0.2873317,1.04883,GM12878,0.7809851,1.0,1
ENSG00000049323,-0.31657895,1.04883,GM12878,0.76878285,1.0,1
ENSG00000050405,1.0794976,1.3907585,GM12878,0.6650603,1.0,1
ENSG00000050405,1.1049985,1.3907585,GM12878,0.65640473,0.0,1
ENSG00000050426,1.5899842,2.1715217,GM12878,0.65816057,1.0,1
ENSG00000050426,1.5388709,2.1715217,GM12878,0.6764335,1.0,1
ENSG00000050426,1.5097177,2.1715217,GM12878,0.675101,1.0,1
ENSG00000050426,1.5573654,2.1715217,GM12878,0.6634516,0.8888889,1
ENSG00000050426,1.5576797,2.1715217,GM12878,0.66638726,0.92021114,1
ENSG00000050426,1.5696926,2.1715217,GM12878,0.6785209,0.063182525,1
ENSG00000050426,1.5239741,2.1715217,GM12878,0.6718746,0.07553957,1
ENSG00000050426,1.5336118,2.1715217,GM12878,0.66856426,0.9354232,1
ENSG00000050438,-0.53447205,-0.33724216,GM12878,0.8749381,1.0,1
ENSG00000051825,1.471917,1.6564815,GM12878,0.63954437,1.0,1
ENSG00000051825,1.3851967,1.6564815,GM12878,0.6214331,0.26948357,1
ENSG00000055044,1.31698,2.0313277,GM12878,0.64456904,1.0,1
ENSG00000055044,1.3179706,2.0313277,GM12878,0.64756763,0.032931123,1
ENSG00000055332,0.98444146,0.9934362,GM12878,0.6531764,1.0,1
ENSG00000055332,1.001579,0.9934362,GM12878,0.64599895,1.0,1
ENSG00000055332,0.9561227,0.9934362,GM12878,0.66606927,0.69730943,1
ENSG00000055917,1.4499621,1.6688516,GM12878,0.660748,1.0,1
ENSG00000055917,1.3865287,1.6688516,GM12878,0.67365694,1.0,1
ENSG00000055917,1.3990774,1.6688516,GM12878,0.67273647,1.0,1
ENSG00000055917,1.4185703,1.6688516,GM12878,0.6683422,0.8681767,1
ENSG00000055917,1.39587,1.6688516,GM12878,0.6702843,0.90764415,1
ENSG00000055917,1.4217105,1.6688516,GM12878,0.6637954,0.14331445,1
ENSG00000057935,0.93865323,1.4459155,GM12878,0.63906056,1.0,1
ENSG00000058272,1.2776152,1.5872618,GM12878,0.65342677,1.0,1
ENSG00000058272,1.2919109,1.5872618,GM12878,0.6548205,0.0,1
ENSG00000058272,1.231083,1.5872618,GM12878,0.658491,1.0,1
ENSG00000058272,1.322358,1.5872618,GM12878,0.6365708,0.9219089,1
ENSG00000058272,1.2963405,1.5872618,GM12878,0.6514608,0.48738533,1
ENSG00000059728,1.116338,1.3909351,GM12878,0.66703826,1.0,1
ENSG00000059728,1.1233233,1.3909351,GM12878,0.6676017,1.0,1
ENSG00000059728,1.1134686,1.3909351,GM12878,0.66575843,0.9619565,1
ENSG00000059758,1.2198892,1.2033049,GM12878,0.67064446,1.0,1
ENSG00000059758,1.2446935,1.2033049,GM12878,0.6679462,0.98778194,1
ENSG00000059804,1.3518668,2.4926348,GM12878,0.64853066,1.0,1
ENSG00000060138,0.9162479,1.5975856,GM12878,0.6322112,1.0,1
ENSG00000060138,0.914915,1.5975856,GM12878,0.63855755,1.0,1
ENSG00000060138,0.92244315,1.5975856,GM12878,0.6195363,0.59007204,1
ENSG00000060138,0.9163176,1.5975856,GM12878,0.620177,0.0,1
ENSG00000060140,0.838905,-0.4436975,GM12878,0.66488695,1.0,1
ENSG00000060237,0.90764123,1.378398,GM12878,0.6375725,1.0,1
ENSG00000060237,0.844019,1.378398,GM12878,0.6501454,0.0,1
ENSG00000060237,0.8832145,1.378398,GM12878,0.6355811,0.0,1
ENSG00000060982,1.6133982,1.6651118,GM12878,0.68003243,1.0,1
ENSG00000060982,1.6648908,1.6651118,GM12878,0.6787408,0.9716636,1
ENSG00000060982,1.7024307,1.6651118,GM12878,0.65483135,0.9990838,1
ENSG00000061273,1.037182,1.4109459,GM12878,0.6971366,1.0,1
ENSG00000061273,1.0589753,1.4109459,GM12878,0.68811345,1.0,1
ENSG00000061273,1.0283675,1.4109459,GM12878,0.6947204,0.0,1
ENSG00000061273,1.0547454,1.4109459,GM12878,0.6967756,0.42357275,1
ENSG00000061273,1.0505804,1.4109459,GM12878,0.69813883,1.0,1
ENSG00000061676,1.4103808,2.0211065,GM12878,0.6568771,1.0,1
ENSG00000061936,1.6943015,1.2929204,GM12878,0.6901577,1.0,1
ENSG00000061936,1.6296248,1.2929204,GM12878,0.6835089,1.0,1
ENSG00000061936,1.6179518,1.2929204,GM12878,0.6827512,1.0,1
ENSG00000061936,1.6222327,1.2929204,GM12878,0.68566537,0.014285714,1
ENSG00000061987,1.1200261,1.2079035,GM12878,0.6505895,1.0,1
ENSG00000061987,1.1476256,1.2079035,GM12878,0.64936566,1.0,1
ENSG00000061987,1.3238826,1.2079035,GM12878,0.58888566,0.12878788,1
ENSG00000061987,1.2380745,1.2079035,GM12878,0.6006491,0.0,1
ENSG00000062485,1.6986239,2.056333,GM12878,0.59904575,1.0,1
ENSG00000062485,1.6595947,2.056333,GM12878,0.6373627,1.0,1
ENSG00000062485,1.6860003,2.056333,GM12878,0.617395,0.0,1
ENSG00000062485,1.6827563,2.056333,GM12878,0.6218649,0.016642628,1
ENSG00000063046,1.4930367,2.591098,GM12878,0.66690737,1.0,1
ENSG00000063046,1.5403979,2.591098,GM12878,0.6554404,1.0,1
ENSG00000063046,1.541887,2.591098,GM12878,0.625712,0.9991147,1
ENSG00000063046,1.5172713,2.591098,GM12878,0.636591,0.7175943,1
ENSG00000063660,-0.007014634,-0.5850267,GM12878,0.7678183,1.0,1
ENSG00000063660,-0.017867526,-0.5850267,GM12878,0.77349895,1.0,1
ENSG00000064012,1.1438996,1.1000258,GM12878,0.6026113,1.0,1
ENSG00000064012,1.1280227,1.1000258,GM12878,0.6154981,0.0,1
ENSG00000064012,1.1668751,1.1000258,GM12878,0.65387547,0.36689654,1
ENSG00000064012,1.1980529,1.1000258,GM12878,0.6127736,0.9888476,1
ENSG00000064102,1.3658879,1.7070589,GM12878,0.62040013,1.0,1
ENSG00000064102,1.3012719,1.7070589,GM12878,0.63222104,1.0,1
ENSG00000064102,1.4099869,1.7070589,GM12878,0.57980275,1.0,1
ENSG00000064115,1.1373155,1.8372726,GM12878,0.66469777,1.0,1
ENSG00000064763,0.6737056,0.920645,GM12878,0.6900765,1.0,1
ENSG00000064933,1.1413894,1.227115,GM12878,0.67129785,1.0,1
ENSG00000064933,0.9922597,1.227115,GM12878,0.6713161,1.0,1
ENSG00000064933,1.0779443,1.227115,GM12878,0.66548765,1.0,1
ENSG00000064933,1.0954082,1.227115,GM12878,0.66747713,0.9388275,1
ENSG00000064933,1.1169373,1.227115,GM12878,0.66616046,0.9592183,1
ENSG00000064933,1.1743903,1.227115,GM12878,0.64859337,0.0027777778,1
ENSG00000064933,1.0202813,1.227115,GM12878,0.6756204,0.595217,1
ENSG00000064989,-0.0792319,-0.92081875,GM12878,0.7427475,1.0,1
ENSG00000065357,0.4901503,0.81954396,GM12878,0.7335815,0.8831169,1
ENSG00000065548,1.4019082,2.1490343,GM12878,0.64332265,1.0,1
ENSG00000065548,1.4100921,2.1490343,GM12878,0.6555882,1.0,1
ENSG00000065548,1.4316485,2.1490343,GM12878,0.65111434,1.0,1
ENSG00000065548,1.5005385,2.1490343,GM12878,0.62181896,1.0,1
ENSG00000065548,1.4709951,2.1490343,GM12878,0.6346392,0.27601242,1
ENSG00000065802,1.4948354,1.3005955,GM12878,0.6669828,1.0,1
ENSG00000065911,1.5619369,2.3176246,GM12878,0.6870083,1.0,1
ENSG00000065911,1.5652752,2.3176246,GM12878,0.68866813,0.15467583,1
ENSG00000065911,1.5822237,2.3176246,GM12878,0.66691494,0.99922943,1
ENSG00000065970,1.4014132,0.35793483,GM12878,0.65731215,1.0,1
ENSG00000066084,1.2206371,1.2650537,GM12878,0.64347714,1.0,1
ENSG00000066117,1.3622749,1.6785184,GM12878,0.65914637,1.0,1
ENSG00000066117,1.3118708,1.6785184,GM12878,0.65886486,1.0,1
ENSG00000066117,1.3106314,1.6785184,GM12878,0.6608491,1.0,1
ENSG00000066117,1.3106378,1.6785184,GM12878,0.6625574,0.44461077,1
ENSG00000067066,1.1826133,1.4056878,GM12878,0.6632084,1.0,1
ENSG00000067066,1.1976229,1.4056878,GM12878,0.6608098,0.8678011,1
ENSG00000067066,1.2543536,1.4056878,GM12878,0.6617377,0.009708738,1
ENSG00000067066,1.3273989,1.4056878,GM12878,0.6627101,0.8682635,1
ENSG00000067182,1.440866,1.351603,GM12878,0.6318448,1.0,1
ENSG00000067182,1.406317,1.351603,GM12878,0.68367237,0.9922929,1
ENSG00000067182,1.4296274,1.351603,GM12878,0.67236507,0.99613154,1
ENSG00000068024,0.7885369,0.48429984,GM12878,0.6530748,1.0,1
ENSG00000068654,1.4980145,0.9454686,GM12878,0.6692884,1.0,1
ENSG00000068697,1.525174,2.0860393,GM12878,0.6635041,1.0,1
ENSG00000068697,1.598902,2.0860393,GM12878,0.64227456,1.0,1
ENSG00000068724,1.0361966,0.81491315,GM12878,0.68432236,1.0,1
ENSG00000068724,1.0503708,0.81491315,GM12878,0.6877226,0.018796992,1
ENSG00000068724,1.116082,0.81491315,GM12878,0.6758712,0.065789476,1
ENSG00000068724,1.0651612,0.81491315,GM12878,0.6719461,0.9868914,1
ENSG00000068724,1.1124439,0.81491315,GM12878,0.67589504,0.9580537,1
ENSG00000068724,1.0615638,0.81491315,GM12878,0.687645,0.0,1
ENSG00000068784,1.1613777,0.94101423,GM12878,0.66616654,1.0,1
ENSG00000068878,1.2047896,1.7384634,GM12878,0.64465827,1.0,1
ENSG00000068878,1.3797313,1.7384634,GM12878,0.66270787,0.639196,1
ENSG00000068878,1.2440852,1.7384634,GM12878,0.6277575,0.9855346,1
ENSG00000068912,1.1383786,1.462398,GM12878,0.6854086,1.0,1
ENSG00000068912,1.2410812,1.462398,GM12878,0.6835943,0.8584008,1
ENSG00000069493,-0.095134646,0.64836,GM12878,0.7370788,1.0,1
ENSG00000069493,-0.076324254,0.64836,GM12878,0.74618053,0.87815124,1
ENSG00000069493,-0.057436645,0.64836,GM12878,0.725969,0.44295302,1
ENSG00000070018,1.3071691,0.89376175,GM12878,0.6988834,1.0,1
ENSG00000070019,-0.27542597,-0.92081875,GM12878,0.76834476,1.0,1
ENSG00000070019,-0.33822417,-0.92081875,GM12878,0.76823306,1.0,1
ENSG00000070019,-0.32119715,-0.92081875,GM12878,0.76786065,1.0,1
ENSG00000070019,-0.3198555,-0.92081875,GM12878,0.7675301,1.0,1
ENSG00000070961,1.2881045,1.1994809,GM12878,0.67887616,1.0,1
ENSG00000070961,1.2580992,1.1994809,GM12878,0.6702406,1.0,1
ENSG00000070961,1.2543485,1.1994809,GM12878,0.67706513,1.0,1
ENSG00000070961,1.2435222,1.1994809,GM12878,0.6769508,0.97525775,1
ENSG00000071051,0.767039,0.57054293,GM12878,0.65255445,1.0,1
ENSG00000071051,0.7810902,0.57054293,GM12878,0.651747,0.5444015,1
ENSG00000071054,0.91869396,1.5724069,GM12878,0.6540731,1.0,1
ENSG00000071054,1.0138187,1.5724069,GM12878,0.6511879,0.41871583,1
ENSG00000071054,0.9198222,1.5724069,GM12878,0.64404243,0.58128417,1
ENSG00000071054,0.9161335,1.5724069,GM12878,0.6610016,0.38251367,1
ENSG00000071073,-0.27367336,-0.60206,GM12878,0.84428066,1.0,1
ENSG00000071073,-0.33335665,-0.60206,GM12878,0.8480265,1.0,1
ENSG00000071073,-0.28067878,-0.60206,GM12878,0.83862215,1.0,1
ENSG00000071073,-0.24487717,-0.60206,GM12878,0.83869433,1.0,1
ENSG00000071073,-0.26050594,-0.60206,GM12878,0.8333731,1.0,1
ENSG00000071575,1.2230422,1.2995073,GM12878,0.6638847,1.0,1
ENSG00000071909,0.052045047,0.21484385,GM12878,0.7507213,1.0,1
ENSG00000071967,1.2461188,1.2600714,GM12878,0.6819208,1.0,1
ENSG00000071967,1.200769,1.2600714,GM12878,0.68967915,1.0,1
ENSG00000071967,1.1824813,1.2600714,GM12878,0.6849776,1.0,1
ENSG00000071967,1.1691992,1.2600714,GM12878,0.68771666,0.95373666,1
ENSG00000072135,1.0985782,1.6394864,GM12878,0.698103,1.0,1
ENSG00000072135,1.135663,1.6394864,GM12878,0.6922265,1.0,1
ENSG00000072135,1.116351,1.6394864,GM12878,0.7019363,1.0,1
ENSG00000072609,1.1898777,1.4173056,GM12878,0.6729784,1.0,1
ENSG00000072609,1.1620445,1.4173056,GM12878,0.6810472,1.0,1
ENSG00000072609,1.1281563,1.4173056,GM12878,0.68562084,0.067885116,1
ENSG00000072609,1.1860638,1.4173056,GM12878,0.6772812,0.51428574,1
ENSG00000072609,1.0980307,1.4173056,GM12878,0.6887983,0.41571194,1
ENSG00000072609,1.1651146,1.4173056,GM12878,0.6859434,0.5989933,1
ENSG00000073060,1.3677244,1.9950645,GM12878,0.69459045,1.0,1
ENSG00000073060,1.36651,1.9950645,GM12878,0.7028511,0.6875557,1
ENSG00000073060,1.36829,1.9950645,GM12878,0.6944551,0.02337278,1
ENSG00000073614,1.5088639,1.0043213,GM12878,0.6557693,1.0,1
ENSG00000073614,1.5983975,1.0043213,GM12878,0.648587,1.0,1
ENSG00000073614,1.5336001,1.0043213,GM12878,0.6416714,0.07196402,1
ENSG00000074054,1.5945199,0.8756399,GM12878,0.65459645,1.0,1
ENSG00000074054,1.5908337,0.8756399,GM12878,0.67008567,1.0,1
ENSG00000074054,1.5844629,0.8756399,GM12878,0.67819995,1.0,1
ENSG00000074582,1.0923622,1.6382896,GM12878,0.6890023,1.0,1
ENSG00000074582,1.1209884,1.6382896,GM12878,0.68418705,0.04265403,1
ENSG00000074582,1.0504699,1.6382896,GM12878,0.6877954,0.012707722,1
ENSG00000074582,1.1022112,1.6382896,GM12878,0.6877478,0.039923955,1
ENSG00000075089,1.2036209,1.8997658,GM12878,0.66024953,1.0,1
ENSG00000075089,1.1704487,1.8997658,GM12878,0.6609659,0.9995011,1
ENSG00000075188,1.3373432,2.2130394,GM12878,0.654924,1.0,1
ENSG00000075188,1.3012631,2.2130394,GM12878,0.6566647,0.026617851,1
ENSG00000075292,1.3897188,1.8391637,GM12878,0.6264359,1.0,1
ENSG00000075292,1.3917235,1.8391637,GM12878,0.6208095,0.9626697,1
ENSG00000075415,1.5136774,2.5069783,GM12878,0.66670203,1.0,1
ENSG00000075426,0.9297245,-0.34678748,GM12878,0.683092,1.0,1
ENSG00000075426,0.9495279,-0.34678748,GM12878,0.6790905,1.0,1
ENSG00000075856,1.5348482,1.4109459,GM12878,0.67170966,1.0,1
ENSG00000075856,1.4602559,1.4109459,GM12878,0.685201,0.9958042,1
ENSG00000075856,1.5100763,1.4109459,GM12878,0.6724607,0.025874127,1
ENSG00000075884,0.033035092,-0.013228266,GM12878,0.67356485,1.0,1
ENSG00000076003,1.2623732,1.9534214,GM12878,0.6690894,1.0,1
ENSG00000076003,1.2557013,1.9534214,GM12878,0.6699629,1.0,1
ENSG00000076067,0.025368767,0.12057393,GM12878,0.74867785,1.0,1
ENSG00000076108,1.1654079,1.8205298,GM12878,0.6938896,1.0,1
ENSG00000076108,1.230169,1.8205298,GM12878,0.69004965,1.0,1
ENSG00000076108,1.1716224,1.8205298,GM12878,0.69624096,0.15889744,1
ENSG00000076248,0.8722245,1.2966652,GM12878,0.67886025,1.0,1
ENSG00000076248,0.8858805,1.2966652,GM12878,0.67891186,0.99693567,1
ENSG00000076513,1.444169,1.5936183,GM12878,0.6845646,1.0,1
ENSG00000076513,1.4509041,1.5936183,GM12878,0.6840403,1.0,1
ENSG00000076513,1.4446758,1.5936183,GM12878,0.68641716,1.0,1
ENSG00000076513,1.4561887,1.5936183,GM12878,0.6863778,1.0,1
ENSG00000076513,1.4636765,1.5936183,GM12878,0.6798461,0.986946,1
ENSG00000077044,0.32064512,1.1964525,GM12878,0.7405394,1.0,1
ENSG00000077044,0.4416336,1.1964525,GM12878,0.710112,0.01369863,1
ENSG00000077232,1.2181301,1.5851222,GM12878,0.6065813,1.0,1
ENSG00000077232,1.1857526,1.5851222,GM12878,0.60050267,1.0,1
ENSG00000077232,1.2234476,1.5851222,GM12878,0.58225304,0.9609848,1
ENSG00000077232,1.1937115,1.5851222,GM12878,0.5896084,0.014757281,1
ENSG00000077232,1.1667204,1.5851222,GM12878,0.5967298,0.03846154,1
ENSG00000077232,1.1865443,1.5851222,GM12878,0.6065291,0.08199643,1
ENSG00000077380,1.2965789,2.136467,GM12878,0.6438111,1.0,1
ENSG00000077380,1.3849242,2.136467,GM12878,0.6400492,0.0,1
ENSG00000077380,1.3473896,2.136467,GM12878,0.58634925,0.0011638433,1
ENSG00000078237,0.49338648,-0.52287877,GM12878,0.71193534,1.0,1
ENSG00000078246,1.4563981,0.98587537,GM12878,0.687838,1.0,1
ENSG00000078246,1.4686692,0.98587537,GM12878,0.6859463,0.9167604,1
ENSG00000078246,1.441458,0.98587537,GM12878,0.68642515,0.9943757,1
ENSG00000078246,1.4787195,0.98587537,GM12878,0.6856678,0.9223847,1
ENSG00000078246,1.4929147,0.98587537,GM12878,0.6676242,0.9943757,1
ENSG00000079150,1.360598,1.154424,GM12878,0.6674663,1.0,1
ENSG00000079150,1.3335552,1.154424,GM12878,0.6640565,0.83908045,1
ENSG00000079150,1.3162843,1.154424,GM12878,0.6764589,0.23958333,1
ENSG00000079150,1.3495206,1.154424,GM12878,0.6698804,0.38020834,1
ENSG00000079156,0.74457496,1.1510632,GM12878,0.67927337,1.0,1
ENSG00000079246,1.3316007,2.570823,GM12878,0.6548847,1.0,1
ENSG00000079246,1.3598216,2.570823,GM12878,0.65385216,1.0,1
ENSG00000079337,0.40321544,-0.34678748,GM12878,0.8032352,1.0,1
ENSG00000079337,0.40669447,-0.34678748,GM12878,0.802999,1.0,1
ENSG00000079387,1.6054502,1.6055205,GM12878,0.6554739,1.0,1
ENSG00000079387,1.5534877,1.6055205,GM12878,0.66219467,0.29693994,1
ENSG00000079785,1.6036351,2.186589,GM12878,0.6761837,1.0,1
ENSG00000080345,1.3073442,1.4865721,GM12878,0.65678,1.0,1
ENSG00000080345,1.3977841,1.4865721,GM12878,0.64038616,1.0,1
ENSG00000080345,1.3720514,1.4865721,GM12878,0.63673097,1.0,1
ENSG00000080345,1.3850504,1.4865721,GM12878,0.63063514,0.20479302,1
ENSG00000080345,1.4658952,1.4865721,GM12878,0.6103458,0.6510773,1
ENSG00000080371,1.2572007,0.9375179,GM12878,0.67276627,1.0,1
ENSG00000080371,1.3294575,0.9375179,GM12878,0.65384215,1.0,1
ENSG00000080371,1.3711205,0.9375179,GM12878,0.625848,1.0,1
ENSG00000081320,1.3416265,0.9375179,GM12878,0.6120123,1.0,1
ENSG00000081320,1.328004,0.9375179,GM12878,0.654609,1.0,1
ENSG00000081320,1.3385499,0.9375179,GM12878,0.63861674,1.0,1
ENSG00000081760,0.6503082,0.666518,GM12878,0.6929512,1.0,1
ENSG00000081760,0.64474326,0.666518,GM12878,0.69231886,1.0,1
ENSG00000081760,0.69048136,0.666518,GM12878,0.6916864,0.10033445,1
ENSG00000081760,0.66152984,0.666518,GM12878,0.6969468,0.83798885,1
ENSG00000082146,1.0478933,1.2352759,GM12878,0.6604396,1.0,1
ENSG00000082146,1.0229086,1.2352759,GM12878,0.6640345,1.0,1
ENSG00000082146,1.0205777,1.2352759,GM12878,0.6644992,1.0,1
ENSG00000082153,1.4471147,2.1173708,GM12878,0.6130311,1.0,1
ENSG00000082258,1.1978633,1.3172274,GM12878,0.64802235,1.0,1
ENSG00000082258,1.3991032,1.3172274,GM12878,0.62533444,0.2628012,1
ENSG00000082805,1.3044423,0.33845648,GM12878,0.65093726,0.6804734,1
ENSG00000082805,1.0478375,0.33845648,GM12878,0.6772319,0.02366864,1
ENSG00000082805,1.0871383,0.33845648,GM12878,0.6803524,1.0,1
ENSG00000082805,1.1882045,0.33845648,GM12878,0.66333157,0.023391813,1
ENSG00000082805,1.1771926,0.33845648,GM12878,0.6726217,0.005882353,1
ENSG00000082898,1.4345374,2.331326,GM12878,0.6542882,1.0,1
ENSG00000082898,1.4620725,2.331326,GM12878,0.6372349,1.0,1
ENSG00000082898,1.4969033,2.331326,GM12878,0.62881446,1.0,1
ENSG00000082898,1.5141447,2.331326,GM12878,0.6299484,1.0,1
ENSG00000084090,1.4640778,1.9021118,GM12878,0.6671181,1.0,1
ENSG00000084110,-0.77245885,-0.60206,GM12878,0.8970293,1.0,1
ENSG00000084112,0.7477622,0.4913617,GM12878,0.70329833,1.0,1
ENSG00000084444,0.69519705,0.65513843,GM12878,0.6830286,1.0,1
ENSG00000084463,1.18773,1.0362295,GM12878,0.6533833,1.0,1
ENSG00000084463,1.1537433,1.0362295,GM12878,0.65591043,1.0,1
ENSG00000084463,1.2038234,1.0362295,GM12878,0.64996994,0.0046425257,1
ENSG00000084676,1.0896745,1.2764618,GM12878,0.66939867,1.0,1
ENSG00000084676,1.0708487,1.2764618,GM12878,0.67307025,1.0,1
ENSG00000084676,1.0781558,1.2764618,GM12878,0.6767804,0.689951,1
ENSG00000084676,1.1293191,1.2764618,GM12878,0.64905363,0.7805582,1
ENSG00000084693,1.2511473,1.5991186,GM12878,0.67886674,1.0,1
ENSG00000084693,1.291325,1.5991186,GM12878,0.66065216,0.56435645,1
ENSG00000084731,0.6975579,0.42160392,GM12878,0.7051298,1.0,1
ENSG00000084731,0.702619,0.42160392,GM12878,0.7041221,1.0,1
ENSG00000084733,1.6658556,1.9852917,GM12878,0.6712668,1.0,1
ENSG00000084733,1.6766651,1.9852917,GM12878,0.6705796,1.0,1
ENSG00000084733,1.6491578,1.9852917,GM12878,0.67271286,1.0,1
ENSG00000084733,1.6301961,1.9852917,GM12878,0.6696861,1.0,1
ENSG00000084754,1.6409509,2.190472,GM12878,0.67169327,1.0,1
ENSG00000084764,0.9577928,1.4965146,GM12878,0.65363246,1.0,1
ENSG00000084774,1.5290856,1.5732198,GM12878,0.6740643,1.0,1
ENSG00000084774,1.5094181,1.5732198,GM12878,0.6836965,0.9823691,1
ENSG00000085449,1.0026846,1.3895204,GM12878,0.67594653,1.0,1
ENSG00000085760,1.2890155,1.7431176,GM12878,0.6677294,1.0,1
ENSG00000085760,1.2726164,1.7431176,GM12878,0.6723409,1.0,1
ENSG00000085760,1.281564,1.7431176,GM12878,0.6658331,0.100053504,1
ENSG00000085978,1.1682435,1.2276297,GM12878,0.68456006,1.0,1
ENSG00000085978,1.1068056,1.2276297,GM12878,0.68782526,1.0,1
ENSG00000085978,1.1544888,1.2276297,GM12878,0.6874104,1.0,1
ENSG00000085978,1.1549894,1.2276297,GM12878,0.6844482,0.2453125,1
ENSG00000085982,1.0776627,1.0881361,GM12878,0.65712136,1.0,1
ENSG00000085982,1.190236,1.0881361,GM12878,0.648252,1.0,1
ENSG00000086598,1.5062569,2.15567,GM12878,0.6819623,1.0,1
ENSG00000087338,1.3027419,1.2484637,GM12878,0.6810693,1.0,1
ENSG00000087448,0.9158987,0.94151145,GM12878,0.692414,1.0,1
ENSG00000087470,0.8900339,1.7861123,GM12878,0.66326815,1.0,1
ENSG00000087470,0.8900339,1.7861123,GM12878,0.66326815,1.0,1
ENSG00000087470,0.9171894,1.7861123,GM12878,0.66513264,1.0,1
ENSG00000087470,0.93238246,1.7861123,GM12878,0.6608651,1.0,1
ENSG00000087470,0.98985416,1.7861123,GM12878,0.6468891,0.21595427,1
ENSG00000087470,0.8960623,1.7861123,GM12878,0.66244924,1.0,1
ENSG00000087470,0.95159763,1.7861123,GM12878,0.6635767,0.9932165,1
ENSG00000087470,0.9068324,1.7861123,GM12878,0.66493887,1.0,1
ENSG00000087470,0.95088917,1.7861123,GM12878,0.65919495,0.18685122,1
ENSG00000087470,0.90878505,1.7861123,GM12878,0.6615056,0.27376696,1
ENSG00000087470,0.97787434,1.7861123,GM12878,0.65761244,0.675503,1
ENSG00000087470,1.013087,1.7861123,GM12878,0.65439767,0.5592635,1
ENSG00000087494,0.0041501336,0.17026171,GM12878,0.76112825,1.0,1
ENSG00000087502,1.1662065,1.5619358,GM12878,0.6231508,1.0,1
ENSG00000088179,1.3271555,1.3697723,GM12878,0.5896031,1.0,1
ENSG00000088205,1.0195249,2.0459876,GM12878,0.6443764,1.0,1
ENSG00000088986,1.3216604,2.5452452,GM12878,0.66116214,1.0,1
ENSG00000088986,1.3004224,2.5452452,GM12878,0.67473656,1.0,1
ENSG00000088992,0.5792156,1.2720737,GM12878,0.73231775,1.0,1
ENSG00000088992,0.6213261,1.2720737,GM12878,0.7200485,1.0,1
ENSG00000088992,0.6302857,1.2720737,GM12878,0.7175251,0.9531773,1
ENSG00000089022,1.5718261,1.7231271,GM12878,0.66021514,1.0,1
ENSG00000089041,-0.43213987,-0.82390875,GM12878,0.86109406,1.0,1
ENSG00000089053,1.5198885,2.3872297,GM12878,0.6713335,1.0,1
ENSG00000089053,1.5315931,2.3872297,GM12878,0.67250615,0.84344923,1
ENSG00000089060,1.1006415,1.2387986,GM12878,0.679437,1.0,1
ENSG00000089060,1.0936514,1.2387986,GM12878,0.67863816,1.0,1
ENSG00000089060,1.0931983,1.2387986,GM12878,0.6820699,0.022988506,1
ENSG00000089060,1.0722977,1.2387986,GM12878,0.68540585,1.0,1
ENSG00000089094,0.79387665,1.2591158,GM12878,0.6452178,1.0,1
ENSG00000089094,0.85699433,1.2591158,GM12878,0.63145155,1.0,1
ENSG00000089094,0.83391136,1.2591158,GM12878,0.6508467,0.88706565,1
ENSG00000089154,1.5664961,1.7058637,GM12878,0.7018592,1.0,1
ENSG00000089159,0.6983868,1.4581845,GM12878,0.74200886,0.40955952,1
ENSG00000089163,0.70241135,0.35983548,GM12878,0.68502265,1.0,1
ENSG00000089163,0.7112426,0.35983548,GM12878,0.6808144,1.0,1
ENSG00000089220,0.8290003,2.007321,GM12878,0.67769444,1.0,1
ENSG00000089220,0.81708366,2.007321,GM12878,0.6807887,1.0,1
ENSG00000089234,1.634515,1.34262,GM12878,0.6718608,1.0,1
ENSG00000089248,1.504051,1.9694159,GM12878,0.6785508,0.88129413,1
ENSG00000089692,-0.22452007,-0.6777807,GM12878,0.8087907,1.0,1
ENSG00000089693,1.4921262,2.1970875,GM12878,0.6858785,1.0,1
ENSG00000089693,1.4726698,2.1970875,GM12878,0.6949755,1.0,1
ENSG00000089818,1.4747286,1.1906118,GM12878,0.66954875,1.0,1
ENSG00000089818,1.5275775,1.1906118,GM12878,0.66906285,0.95894426,1
ENSG00000090376,-0.85899067,-0.92081875,GM12878,0.9037783,1.0,1
ENSG00000090382,0.49630055,1.477266,GM12878,0.70100844,1.0,1
ENSG00000090612,0.9264478,0.68663627,GM12878,0.64963275,0.8636364,1
ENSG00000090612,0.99326843,0.68663627,GM12878,0.6512718,0.7702703,1
ENSG00000090612,0.934576,0.68663627,GM12878,0.6428149,0.34538153,1
ENSG00000090615,1.5951529,1.148911,GM12878,0.6753888,1.0,1
ENSG00000091039,1.4268246,1.5323721,GM12878,0.64355034,1.0,1
ENSG00000091039,1.4859707,1.5323721,GM12878,0.5711062,1.0,1
ENSG00000091039,1.4771532,1.5323721,GM12878,0.58549976,0.31226766,1
ENSG00000091106,-0.012288652,-0.85387194,GM12878,0.7332132,1.0,1
ENSG00000091106,-0.04682082,-0.85387194,GM12878,0.73895353,1.0,1
ENSG00000091409,-0.73137575,-0.92081875,GM12878,0.9399663,1.0,1
ENSG00000091409,-0.7461816,-0.92081875,GM12878,0.9407682,1.0,1
ENSG00000091428,-0.5293041,-0.4089354,GM12878,0.8329484,1.0,1
ENSG00000091428,-0.57386476,-0.4089354,GM12878,0.8166541,1.0,1
ENSG00000091436,0.84014547,1.3378584,GM12878,0.6652017,1.0,1
ENSG00000092841,1.6264088,3.0676584,GM12878,0.6757921,1.0,1
ENSG00000092841,1.6364627,3.0676584,GM12878,0.679567,1.0,1
ENSG00000092841,1.6459576,3.0676584,GM12878,0.67675257,1.0,1
ENSG00000092841,1.6270113,3.0676584,GM12878,0.6789804,1.0,1
ENSG00000092841,1.6269964,3.0676584,GM12878,0.67898893,1.0,1
ENSG00000092841,1.6485965,3.0676584,GM12878,0.67686576,0.9697458,1
ENSG00000092841,1.6493306,3.0676584,GM12878,0.6770232,0.07447057,1
ENSG00000094914,1.4215653,1.8744239,GM12878,0.6321535,1.0,1
ENSG00000094914,1.4233313,1.8744239,GM12878,0.6168739,0.97541666,1
ENSG00000094916,1.6233094,1.8588979,GM12878,0.6760236,1.0,1
ENSG00000094916,1.5934517,1.8588979,GM12878,0.67879343,1.0,1
ENSG00000095002,1.529655,1.9315088,GM12878,0.6832667,1.0,1
ENSG00000095002,1.5338769,1.9315088,GM12878,0.6827992,1.0,1
ENSG00000102189,1.4567994,0.5965971,GM12878,0.6725966,1.0,1
ENSG00000102189,1.4627578,0.5965971,GM12878,0.6654174,1.0,1
ENSG00000110801,1.254489,1.7159199,GM12878,0.6460939,1.0,1
ENSG00000110801,1.2607094,1.7159199,GM12878,0.64047056,0.52356213,1
ENSG00000110801,1.2273277,1.7159199,GM12878,0.6545698,0.2872928,1
ENSG00000110841,0.6494612,0.17609125,GM12878,0.6724232,1.0,1
ENSG00000110844,0.36109897,0.587711,GM12878,0.7427566,1.0,1
ENSG00000110844,0.37918752,0.587711,GM12878,0.72694933,1.0,1
ENSG00000110848,1.1251404,1.7195798,GM12878,0.6610085,1.0,1
ENSG00000110848,1.0806605,1.7195798,GM12878,0.6654424,1.0,1
ENSG00000110848,1.133689,1.7195798,GM12878,0.65371233,1.0,1
ENSG00000110851,1.0471451,1.1945144,GM12878,0.6312877,1.0,1
ENSG00000110852,0.07433961,0.5888317,GM12878,0.6879061,1.0,1
ENSG00000110852,0.098595545,0.5888317,GM12878,0.6828521,1.0,1
ENSG00000110852,0.111608,0.5888317,GM12878,0.6705246,0.8680352,1
ENSG00000110871,1.5468633,1.6590601,GM12878,0.6511651,1.0,1
ENSG00000110871,1.5133685,1.6590601,GM12878,0.6708202,0.9988799,1
ENSG00000110871,1.5145341,1.6590601,GM12878,0.64553636,0.04121864,1
ENSG00000110880,1.5538353,2.3280737,GM12878,0.6487993,1.0,1
ENSG00000110880,1.5858942,2.3280737,GM12878,0.612957,1.0,1
ENSG00000110881,-0.1457076,0.20951502,GM12878,0.84757197,1.0,1
ENSG00000110888,1.0770674,1.0265332,GM12878,0.646934,1.0,1
ENSG00000110888,1.1095462,1.0265332,GM12878,0.6658942,1.0,1
ENSG00000110888,1.087048,1.0265332,GM12878,0.6555531,1.0,1
ENSG00000110888,1.0947559,1.0265332,GM12878,0.6441916,0.25040388,1
ENSG00000110888,1.0724752,1.0265332,GM12878,0.65662986,0.9846154,1
ENSG00000110888,1.0717183,1.0265332,GM12878,0.66800654,0.6297663,1
ENSG00000110888,1.0665741,1.0265332,GM12878,0.6560748,0.3457189,1
ENSG00000110906,1.5450883,1.4665711,GM12878,0.64338833,1.0,1
ENSG00000110906,1.5601828,1.4665711,GM12878,0.63963246,1.0,1
ENSG00000110906,1.48191,1.4665711,GM12878,0.6685322,1.0,1
ENSG00000110906,1.5005347,1.4665711,GM12878,0.6667841,1.0,1
ENSG00000110906,1.5518773,1.4665711,GM12878,0.6638171,0.73277557,1
ENSG00000110911,1.1735283,1.6755034,GM12878,0.70495665,1.0,1
ENSG00000110917,1.3886046,1.5609821,GM12878,0.69349384,1.0,1
ENSG00000110917,1.3490078,1.5609821,GM12878,0.69407076,1.0,1
ENSG00000110917,1.3710147,1.5609821,GM12878,0.68631893,1.0,1
ENSG00000110921,1.1515313,1.4432629,GM12878,0.66446793,1.0,1
ENSG00000110921,1.1866794,1.4432629,GM12878,0.672382,1.0,1
ENSG00000110921,1.1737311,1.4432629,GM12878,0.67806906,0.8910082,1
ENSG00000110921,1.2018255,1.4432629,GM12878,0.67518705,0.8161889,1
ENSG00000110925,1.0605251,0.8915374,GM12878,0.66229403,1.0,1
ENSG00000110925,1.1265507,0.8915374,GM12878,0.6611086,1.0,1
ENSG00000110931,1.1610161,1.1869563,GM12878,0.68860364,1.0,1
ENSG00000110931,1.1630296,1.1869563,GM12878,0.6928888,1.0,1
ENSG00000110931,1.2503439,1.1869563,GM12878,0.6618246,0.122857146,1
ENSG00000110931,1.1477435,1.1869563,GM12878,0.6936588,0.8297587,1
ENSG00000110934,-0.26111433,-0.537602,GM12878,0.80030996,1.0,1
ENSG00000110944,0.016909568,1.0174507,GM12878,0.7534482,1.0,1
ENSG00000110955,1.5730531,3.3983412,GM12878,0.65588856,1.0,1
ENSG00000110958,1.6921655,2.114244,GM12878,0.67303354,1.0,1
ENSG00000110958,1.676699,2.114244,GM12878,0.67009044,1.0,1
ENSG00000110958,1.6699864,2.114244,GM12878,0.67643064,1.0,1
ENSG00000110958,1.6700816,2.114244,GM12878,0.6758577,0.88235295,1
ENSG00000110958,1.6834328,2.114244,GM12878,0.6633963,0.9948186,1
ENSG00000110958,1.6629105,2.114244,GM12878,0.66913885,0.86775446,1
ENSG00000110958,1.6742313,2.114244,GM12878,0.667006,0.9996437,1
ENSG00000110987,1.0605655,0.9561684,GM12878,0.63720244,1.0,1
ENSG00000110987,1.0156375,0.9561684,GM12878,0.6399865,1.0,1
ENSG00000111011,1.4538478,1.7259933,GM12878,0.6607606,1.0,1
ENSG00000111011,1.3935698,1.7259933,GM12878,0.65788466,0.70385605,1
ENSG00000111011,1.3091735,1.7259933,GM12878,0.65354437,0.99866134,1
ENSG00000111012,-0.23676139,0.5820634,GM12878,0.85007197,1.0,1
ENSG00000111057,1.397408,2.4412708,GM12878,0.68695134,1.0,1
ENSG00000111057,1.4273337,2.4412708,GM12878,0.68097067,1.0,1
ENSG00000111057,1.408464,2.4412708,GM12878,0.6915837,1.0,1
ENSG00000111087,1.0446188,-0.14874165,GM12878,0.6663342,1.0,1
ENSG00000111087,1.0319918,-0.14874165,GM12878,0.6659097,1.0,1
ENSG00000111110,0.6753055,0.63848925,GM12878,0.68450326,1.0,1
ENSG00000111110,0.65018135,0.63848925,GM12878,0.6867319,1.0,1
ENSG00000111110,0.6307966,0.63848925,GM12878,0.68304056,1.0,1
ENSG00000111110,0.5913685,0.63848925,GM12878,0.68893915,1.0,1
ENSG00000111142,1.3495615,2.1322596,GM12878,0.6819815,1.0,1
ENSG00000111142,1.4384032,2.1322596,GM12878,0.6760582,1.0,1
ENSG00000111142,1.3349297,2.1322596,GM12878,0.68174183,0.942899,1
ENSG00000111142,1.3790346,2.1322596,GM12878,0.6803827,0.99957174,1
ENSG00000111144,1.0304859,1.5805829,GM12878,0.62995607,1.0,1
ENSG00000111144,1.0306964,1.5805829,GM12878,0.6261512,0.89862496,1
ENSG00000111144,1.0609028,1.5805829,GM12878,0.62824917,0.06234414,1
ENSG00000111144,1.0949374,1.5805829,GM12878,0.61522746,0.022925764,1
ENSG00000111145,0.3357229,-0.013228266,GM12878,0.6909078,1.0,1
ENSG00000111145,0.33927587,-0.013228266,GM12878,0.7025962,1.0,1
ENSG00000111196,1.1182933,1.6009729,GM12878,0.65233624,1.0,1
ENSG00000111196,1.1086943,1.6009729,GM12878,0.6485361,0.5342679,1
ENSG00000111203,1.3065042,1.0733517,GM12878,0.66646945,1.0,1
ENSG00000111203,1.3702877,1.0733517,GM12878,0.6484406,1.0,1
ENSG00000111206,1.4204601,0.99782306,GM12878,0.6643553,1.0,1
ENSG00000111206,1.4144073,0.99782306,GM12878,0.6545644,1.0,1
ENSG00000111206,1.4104683,0.99782306,GM12878,0.6539307,0.06612685,1
ENSG00000111206,1.4178197,0.99782306,GM12878,0.65075994,0.7301855,1
ENSG00000111224,0.49562934,-0.5086383,GM12878,0.6564609,1.0,1
ENSG00000111224,0.37992868,-0.5086383,GM12878,0.665194,1.0,1
ENSG00000111229,1.4213682,1.7294078,GM12878,0.66617686,1.0,1
ENSG00000111231,1.2682755,1.7625285,GM12878,0.66278946,1.0,1
ENSG00000111237,1.4283626,2.2845435,GM12878,0.6566927,0.055408534,1
ENSG00000111237,1.4781418,2.2845435,GM12878,0.64940584,0.46666044,1
ENSG00000111247,1.5607975,1.8617135,GM12878,0.60539794,1.0,1
ENSG00000111247,1.4870801,1.8617135,GM12878,0.6140925,0.15399121,1
ENSG00000111247,1.463665,1.8617135,GM12878,0.60606986,0.9311657,1
ENSG00000111247,1.3988233,1.8617135,GM12878,0.6207531,0.9927441,1
ENSG00000111247,1.4496071,1.8617135,GM12878,0.60317606,0.5789816,1
ENSG00000111247,1.4486574,1.8617135,GM12878,0.6010472,0.09753832,1
ENSG00000111252,1.2814267,1.3789427,GM12878,0.6187698,1.0,1
ENSG00000111261,0.81359047,0.19589965,GM12878,0.6911811,1.0,1
ENSG00000111266,0.99790806,0.9449759,GM12878,0.65987945,1.0,1
ENSG00000111269,1.3821523,0.5987905,GM12878,0.66933656,1.0,1
ENSG00000111271,1.5086515,1.0962145,GM12878,0.6799028,1.0,1
ENSG00000111271,1.4850637,1.0962145,GM12878,0.6951833,1.0,1
ENSG00000111271,1.5430851,1.0962145,GM12878,0.66490895,0.45,1
ENSG00000111271,1.5129541,1.0962145,GM12878,0.6971937,1.0,1
ENSG00000111271,1.5110048,1.0962145,GM12878,0.69639444,0.9701493,1
ENSG00000111275,0.72304845,1.2237555,GM12878,0.73691493,1.0,1
ENSG00000111275,0.71447355,1.2237555,GM12878,0.7420571,1.0,1
ENSG00000111275,0.73487854,1.2237555,GM12878,0.7389966,0.047309835,1
ENSG00000111276,1.3358893,1.0244857,GM12878,0.6845465,1.0,1
ENSG00000111300,1.7026603,1.5972563,GM12878,0.66000056,1.0,1
ENSG00000111300,1.7075274,1.5972563,GM12878,0.66480774,1.0,1
ENSG00000111300,1.6265535,1.5972563,GM12878,0.6568565,0.14213625,1
ENSG00000111300,1.6549544,1.5972563,GM12878,0.6661795,0.8578637,1
ENSG00000111300,1.6613991,1.5972563,GM12878,0.6583308,0.021026073,1
ENSG00000111319,-0.23581244,-0.61978877,GM12878,0.81805545,1.0,1
ENSG00000111319,-0.25197268,-0.61978877,GM12878,0.8322241,1.0,1
ENSG00000111319,-0.22948244,-0.61978877,GM12878,0.80712235,1.0,1
ENSG00000111325,1.6380415,1.4266739,GM12878,0.6748488,1.0,1
ENSG00000111325,1.6566167,1.4266739,GM12878,0.6724718,1.0,1
ENSG00000111325,1.7159014,1.4266739,GM12878,0.65004927,1.0,1
ENSG00000111325,1.6434133,1.4266739,GM12878,0.673663,1.0,1
ENSG00000111325,1.6837808,1.4266739,GM12878,0.662606,0.38821137,1
ENSG00000111325,1.6658031,1.4266739,GM12878,0.6696123,0.060568605,1
ENSG00000111325,1.6443949,1.4266739,GM12878,0.6737491,0.3888889,1
ENSG00000111328,0.97163004,1.905364,GM12878,0.66077316,1.0,1
ENSG00000111328,1.067344,1.905364,GM12878,0.64614266,1.0,1
ENSG00000111331,0.1631495,-0.14874165,GM12878,0.7921428,1.0,1
ENSG00000111331,0.20876677,-0.14874165,GM12878,0.78836507,1.0,1
ENSG00000111331,0.24809076,-0.14874165,GM12878,0.7865957,1.0,1
ENSG00000111348,0.716307,1.0891984,GM12878,0.6568891,1.0,1
ENSG00000111358,1.3145945,1.8342935,GM12878,0.6953538,1.0,1
ENSG00000111358,1.3021097,1.8342935,GM12878,0.69519514,0.5840046,1
ENSG00000111358,1.3762847,1.8342935,GM12878,0.67481434,0.94355965,1
ENSG00000111361,1.2621715,1.6484576,GM12878,0.6881746,1.0,1
ENSG00000111361,1.3082652,1.6484576,GM12878,0.6792214,1.0,1
ENSG00000111361,1.2438045,1.6484576,GM12878,0.68665344,1.0,1
ENSG00000111364,1.5576158,1.6652995,GM12878,0.6689481,1.0,1
ENSG00000111371,0.8457107,1.5344069,GM12878,0.72883624,1.0,1
ENSG00000111371,0.8710591,1.5344069,GM12878,0.7274539,1.0,1
ENSG00000111371,0.8547493,1.5344069,GM12878,0.73074186,0.99778074,1
ENSG00000111371,0.87247914,1.5344069,GM12878,0.7287731,0.041364606,1
ENSG00000111412,1.2481847,0.7986506,GM12878,0.6658422,1.0,1
ENSG00000111412,1.214401,0.7986506,GM12878,0.67902386,0.7328767,1
ENSG00000111424,-0.0960408,0.17318627,GM12878,0.84612006,1.0,1
ENSG00000111424,-0.10771252,0.17318627,GM12878,0.85049367,1.0,1
ENSG00000111424,-0.07095775,0.17318627,GM12878,0.8375469,0.5089286,1
ENSG00000111445,1.24429,1.8686445,GM12878,0.68216616,1.0,1
ENSG00000111445,1.1578953,1.8686445,GM12878,0.68651336,0.29612947,1
ENSG00000111450,0.8682672,1.6092741,GM12878,0.67824423,1.0,1
ENSG00000111452,-0.068785325,0.7715875,GM12878,0.7883769,1.0,1
ENSG00000111481,1.6312165,2.5834029,GM12878,0.6676802,1.0,1
ENSG00000111481,1.6428266,2.5834029,GM12878,0.67345566,1.0,1
ENSG00000111481,1.6222746,2.5834029,GM12878,0.67050076,1.0,1
ENSG00000111481,1.6542497,2.5834029,GM12878,0.6405405,1.0,1
ENSG00000111481,1.6205097,2.5834029,GM12878,0.6749592,0.96806204,1
ENSG00000111481,1.6184555,2.5834029,GM12878,0.6761986,0.9833247,1
ENSG00000111490,-1.031632,-0.61978877,GM12878,0.94835275,1.0,1
ENSG00000111530,1.1279383,2.0729113,GM12878,0.5324557,1.0,1
ENSG00000111530,1.1562407,2.0729113,GM12878,0.5344943,1.0,1
ENSG00000111537,-0.2855278,-0.9586073,GM12878,0.7854324,1.0,1
ENSG00000111537,-0.26698646,-0.9586073,GM12878,0.78911334,1.0,1
ENSG00000111540,1.0431515,1.7817553,GM12878,0.6755982,1.0,1
ENSG00000111540,1.0660741,1.7817553,GM12878,0.673617,0.994782,1
ENSG00000111554,0.94704074,1.0394142,GM12878,0.6564532,1.0,1
ENSG00000111554,0.94205326,1.0394142,GM12878,0.6592245,1.0,1
ENSG00000111554,0.9923205,1.0394142,GM12878,0.64315885,0.96039605,1
ENSG00000111554,0.99057525,1.0394142,GM12878,0.65034395,0.19381443,1
ENSG00000111554,0.9813234,1.0394142,GM12878,0.6609499,0.80618554,1
ENSG00000111554,0.97738284,1.0394142,GM12878,0.66285104,1.0,1
ENSG00000111581,1.6532123,2.2729318,GM12878,0.64537525,1.0,1
ENSG00000111581,1.6708589,2.2729318,GM12878,0.63080823,0.99365366,1
ENSG00000111596,1.2926081,1.8489892,GM12878,0.63677424,1.0,1
ENSG00000111596,1.3130802,1.8489892,GM12878,0.6276431,1.0,1
ENSG00000111596,1.2453475,1.8489892,GM12878,0.6462187,0.0,1
ENSG00000111602,1.3305204,1.09691,GM12878,0.67519754,1.0,1
ENSG00000111605,1.126206,1.7075702,GM12878,0.61734813,1.0,1
ENSG00000111605,1.0397568,1.7075702,GM12878,0.65248394,1.0,1
ENSG00000111605,1.1217246,1.7075702,GM12878,0.63658404,1.0,1
ENSG00000111605,1.0674915,1.7075702,GM12878,0.6293373,1.0,1
ENSG00000111605,1.0702013,1.7075702,GM12878,0.6307192,0.43953934,1
ENSG00000111615,1.0056199,1.6179434,GM12878,0.65306586,1.0,1
ENSG00000111615,0.9504116,1.6179434,GM12878,0.66072875,0.20603836,1
ENSG00000111640,1.3867615,3.780303,GM12878,0.6062245,1.0,1
ENSG00000111640,1.3665423,3.780303,GM12878,0.61016023,1.0,1
ENSG00000111641,1.4136689,1.81697,GM12878,0.7060055,1.0,1
ENSG00000111641,1.439052,1.81697,GM12878,0.7046729,0.031418525,1
ENSG00000111641,1.4060729,1.81697,GM12878,0.7043361,0.015474794,1
ENSG00000111644,-0.25670025,1.218798,GM12878,0.777361,1.0,1
ENSG00000111647,1.3095582,1.1495271,GM12878,0.66411257,1.0,1
ENSG00000111652,1.291357,1.4995496,GM12878,0.67571205,1.0,1
ENSG00000111653,1.4918053,1.3868555,GM12878,0.6348948,1.0,1
ENSG00000111653,1.4833825,1.3868555,GM12878,0.64995277,1.0,1
ENSG00000111653,1.4722974,1.3868555,GM12878,0.657363,0.76649743,1
ENSG00000111653,1.4750254,1.3868555,GM12878,0.6562458,0.9263804,1
ENSG00000111664,-0.34406126,0.54406804,GM12878,0.89364135,1.0,1
ENSG00000111665,1.4844687,1.690639,GM12878,0.6952991,1.0,1
ENSG00000111665,1.5234017,1.690639,GM12878,0.68905383,1.0,1
ENSG00000111665,1.5008659,1.690639,GM12878,0.6919945,0.9242958,1
ENSG00000111666,1.3508009,1.7963661,GM12878,0.6750294,1.0,1
ENSG00000111666,1.3477724,1.7963661,GM12878,0.67247456,1.0,1
ENSG00000111666,1.4103103,1.7963661,GM12878,0.6383665,0.028457599,1
ENSG00000111667,1.4324799,1.602711,GM12878,0.63996524,1.0,1
ENSG00000111667,1.4300565,1.602711,GM12878,0.64280206,1.0,1
ENSG00000111667,1.4235909,1.602711,GM12878,0.64850694,1.0,1
ENSG00000111667,1.4359331,1.602711,GM12878,0.6529158,1.0,1
ENSG00000111667,1.4587193,1.602711,GM12878,0.61960226,1.0,1
ENSG00000111669,1.2907386,3.187828,GM12878,0.7032836,1.0,1
ENSG00000111670,1.1010427,1.1934029,GM12878,0.66599995,1.0,1
ENSG00000111670,1.0767237,1.1934029,GM12878,0.67234206,1.0,1
ENSG00000111674,0.17902519,1.652343,GM12878,0.8365112,1.0,1
ENSG00000111674,0.24883385,1.652343,GM12878,0.82693124,1.0,1
ENSG00000111674,0.3131702,1.652343,GM12878,0.8224702,1.0,1
ENSG00000111674,0.27567577,1.652343,GM12878,0.82322276,1.0,1
ENSG00000111674,0.23475386,1.652343,GM12878,0.8292869,1.0,1
ENSG00000111674,0.2611209,1.652343,GM12878,0.8234267,1.0,1
ENSG00000111674,0.24837123,1.652343,GM12878,0.837362,1.0,1
ENSG00000111676,1.1853659,0.651278,GM12878,0.6734181,1.0,1
ENSG00000111678,1.2650514,2.3016593,GM12878,0.6816673,1.0,1
ENSG00000111678,1.2249811,2.3016593,GM12878,0.6807924,1.0,1
ENSG00000111678,1.295897,2.3016593,GM12878,0.68438834,1.0,1
ENSG00000111678,1.2671831,2.3016593,GM12878,0.68517816,1.0,1
ENSG00000111679,-0.4041673,0.67394197,GM12878,0.9005528,1.0,1
ENSG00000111679,-0.40847597,0.67394197,GM12878,0.89947563,1.0,1
ENSG00000111684,1.390542,1.5936183,GM12878,0.6784288,1.0,1
ENSG00000111684,1.3785594,1.5936183,GM12878,0.67953974,0.97394544,1
ENSG00000111696,1.1231134,0.83569056,GM12878,0.6846331,1.0,1
ENSG00000111696,1.1283897,0.83569056,GM12878,0.6946661,1.0,1
ENSG00000111707,1.5874445,1.3453737,GM12878,0.6906742,1.0,1
ENSG00000111711,1.2724006,1.3100557,GM12878,0.642301,1.0,1
ENSG00000111711,1.1264236,1.3100557,GM12878,0.63623005,1.0,1
ENSG00000111711,1.2301663,1.3100557,GM12878,0.62327784,0.31460676,1
ENSG00000111711,1.2923734,1.3100557,GM12878,0.6287902,0.0,1
ENSG00000111711,1.2908764,1.3100557,GM12878,0.62703466,0.046457607,1
ENSG00000111711,1.2219441,1.3100557,GM12878,0.6235727,0.96702003,1
ENSG00000111716,1.2696838,2.9872193,GM12878,0.62215894,1.0,1
ENSG00000111725,1.4379985,1.9398686,GM12878,0.6670879,1.0,1
ENSG00000111725,1.3960282,1.9398686,GM12878,0.679956,1.0,1
ENSG00000111726,1.1060623,1.746167,GM12878,0.6460852,1.0,1
ENSG00000111726,0.997093,1.746167,GM12878,0.6327406,0.6717835,1
ENSG00000111727,0.9644856,0.59217674,GM12878,0.67069864,1.0,1
ENSG00000111727,0.99062866,0.59217674,GM12878,0.6632036,0.42628205,1
ENSG00000111729,-0.21275799,-0.43179828,GM12878,0.77767503,1.0,1
ENSG00000111731,1.1609403,1.2664669,GM12878,0.66011626,1.0,1
ENSG00000111731,1.182473,1.2664669,GM12878,0.66519386,0.006451613,1
ENSG00000111731,1.2620106,1.2664669,GM12878,0.6486399,0.0070967744,1
ENSG00000111737,1.3635507,1.4988617,GM12878,0.67768955,1.0,1
ENSG00000111737,1.3807542,1.4988617,GM12878,0.6664789,0.76766855,1
ENSG00000111737,1.3810736,1.4988617,GM12878,0.67978805,0.0021513088,1
ENSG00000111752,0.6667821,1.071882,GM12878,0.67124313,1.0,1
ENSG00000111752,0.69890815,1.071882,GM12878,0.656274,0.0,1
ENSG00000111752,0.69157785,1.071882,GM12878,0.66501766,0.4009662,1
ENSG00000111775,1.4596124,2.8180676,GM12878,0.6819583,1.0,1
ENSG00000111785,1.2268033,0.7551123,GM12878,0.70159394,1.0,1
ENSG00000111785,1.3173573,0.7551123,GM12878,0.69285566,1.0,1
ENSG00000111785,1.272285,0.7551123,GM12878,0.68888724,0.19915254,1
ENSG00000111785,1.2596434,0.7551123,GM12878,0.69685405,0.20547946,1
ENSG00000111786,1.4975804,2.1542413,GM12878,0.68605846,1.0,1
ENSG00000111790,1.398169,1.5150787,GM12878,0.6607612,1.0,1
ENSG00000111790,1.4072037,1.5150787,GM12878,0.64988744,0.60135645,1
ENSG00000112787,0.35152328,0.39967373,GM12878,0.71931916,1.0,1
ENSG00000112787,0.3633547,0.39967373,GM12878,0.71804255,1.0,1
ENSG00000114942,1.3009099,2.8967025,GM12878,0.65555626,1.0,1
ENSG00000114942,1.2796094,2.8967025,GM12878,0.66016734,1.0,1
ENSG00000114942,1.2329715,2.8967025,GM12878,0.6592571,1.0,1
ENSG00000114942,1.3778183,2.8967025,GM12878,0.6590066,1.0,1
ENSG00000114956,1.4614934,2.0667357,GM12878,0.68849504,1.0,1
ENSG00000114956,1.4632921,2.0667357,GM12878,0.68602985,0.109127864,1
ENSG00000114978,1.2542869,1.7536596,GM12878,0.6399411,1.0,1
ENSG00000114982,1.2408164,1.3937507,GM12878,0.64026517,1.0,1
ENSG00000114982,1.222268,1.3937507,GM12878,0.65277094,0.8035714,1
ENSG00000114982,1.2330312,1.3937507,GM12878,0.6564576,0.0123152705,1
ENSG00000114982,1.2821951,1.3937507,GM12878,0.65695906,0.1841133,1
ENSG00000114982,1.2233709,1.3937507,GM12878,0.6391299,0.8158867,1
ENSG00000114988,0.85896987,1.1051694,GM12878,0.67968935,1.0,1
ENSG00000114988,0.8543359,1.1051694,GM12878,0.67973447,1.0,1
ENSG00000114988,0.8686001,1.1051694,GM12878,0.678473,1.0,1
ENSG00000114988,0.8563329,1.1051694,GM12878,0.6800398,1.0,1
ENSG00000114988,0.8833963,1.1051694,GM12878,0.6743909,0.0,1
ENSG00000114988,0.8911806,1.1051694,GM12878,0.67415094,0.9781161,1
ENSG00000114988,0.901937,1.1051694,GM12878,0.67672133,0.9781161,1
ENSG00000114993,-0.3705186,0.41329977,GM12878,0.8342914,1.0,1
ENSG00000114999,1.0991627,1.3848908,GM12878,0.67634594,1.0,1
ENSG00000115008,-0.07432051,-0.79588,GM12878,0.74591607,1.0,1
ENSG00000115008,-0.03857509,-0.79588,GM12878,0.76069176,1.0,1
ENSG00000115008,-0.07804862,-0.79588,GM12878,0.76252806,1.0,1
ENSG00000115008,-0.028255261,-0.79588,GM12878,0.75056165,1.0,1
ENSG00000115008,-0.013225109,-0.79588,GM12878,0.759115,1.0,1
ENSG00000115020,1.3908253,1.2375437,GM12878,0.607009,1.0,1
ENSG00000115020,1.3050224,1.2375437,GM12878,0.6128911,1.0,1
ENSG00000115020,1.3414607,1.2375437,GM12878,0.58898777,0.0,1
ENSG00000115020,1.2977514,1.2375437,GM12878,0.6001818,0.14436619,1
ENSG00000115020,1.262783,1.2375437,GM12878,0.60765034,0.9707769,1
ENSG00000115020,1.2931966,1.2375437,GM12878,0.5937879,0.92523366,1
ENSG00000115042,0.98783416,1.5700758,GM12878,0.6723484,1.0,1
ENSG00000115053,1.6359086,2.1045213,GM12878,0.6667876,1.0,1
ENSG00000115053,1.6686943,2.1045213,GM12878,0.66383624,1.0,1
ENSG00000115073,1.406554,1.542701,GM12878,0.64566046,1.0,1
ENSG00000115084,1.4509604,1.5456781,GM12878,0.6697976,1.0,1
ENSG00000115085,-0.35392442,-0.4089354,GM12878,0.8350227,1.0,1
ENSG00000115091,1.4228075,2.369976,GM12878,0.6371024,1.0,1
ENSG00000115091,1.4875866,2.369976,GM12878,0.6559033,1.0,1
ENSG00000115107,0.98192865,0.88479537,GM12878,0.69524103,1.0,1
ENSG00000115107,0.9839917,0.88479537,GM12878,0.6885711,0.91101694,1
ENSG00000115107,0.9763214,0.88479537,GM12878,0.69519156,0.961183,1
ENSG00000115107,1.0406964,0.88479537,GM12878,0.6899831,0.018518519,1
ENSG00000115109,0.8244724,0.991669,GM12878,0.6335816,1.0,1
ENSG00000115109,0.7066761,0.991669,GM12878,0.6488179,1.0,1
ENSG00000115109,0.6756934,0.991669,GM12878,0.6335916,0.8786982,1
ENSG00000115112,-0.23792236,-0.45593196,GM12878,0.85862356,1.0,1
ENSG00000115128,1.3577187,2.504566,GM12878,0.67563605,1.0,1
ENSG00000115128,1.3998833,2.504566,GM12878,0.67137784,1.0,1
ENSG00000115129,1.4031745,0.54777473,GM12878,0.69198465,1.0,1
ENSG00000115129,1.3666234,0.54777473,GM12878,0.7046779,1.0,1
ENSG00000115129,1.3828306,0.54777473,GM12878,0.70384634,0.64705884,1
ENSG00000115137,1.5102916,0.5211381,GM12878,0.6684585,1.0,1
ENSG00000115137,1.4143541,0.5211381,GM12878,0.6708363,0.75982535,1
ENSG00000115137,1.3946108,0.5211381,GM12878,0.6760474,0.14285715,1
ENSG00000115137,1.3849895,0.5211381,GM12878,0.67431784,0.1124031,1
ENSG00000115145,1.3649837,0.9813655,GM12878,0.63554126,1.0,1
ENSG00000115155,-0.7528294,-0.82390875,GM12878,0.9003935,1.0,1
ENSG00000115155,-0.74050504,-0.82390875,GM12878,0.8965558,1.0,1
ENSG00000115159,0.54689735,1.0476642,GM12878,0.6738146,1.0,1
ENSG00000115159,0.54273176,1.0476642,GM12878,0.67995334,1.0,1
ENSG00000115163,1.2782754,1.6607707,GM12878,0.67270714,1.0,1
ENSG00000115163,1.2455587,1.6607707,GM12878,0.6835859,0.68728286,1
ENSG00000115165,-0.41426787,-0.7695511,GM12878,0.7770136,1.0,1
ENSG00000115165,-0.44555545,-0.7695511,GM12878,0.78600866,1.0,1
ENSG00000115165,-0.33550337,-0.7695511,GM12878,0.7710496,1.0,1
ENSG00000115204,1.6981657,2.048442,GM12878,0.6616789,1.0,1
ENSG00000115204,1.6757603,2.048442,GM12878,0.6679282,1.0,1
ENSG00000115207,1.6269941,1.9230367,GM12878,0.658426,1.0,1
ENSG00000115207,1.6242077,1.9230367,GM12878,0.659592,1.0,1
ENSG00000115211,1.4568743,1.6626635,GM12878,0.679448,1.0,1
ENSG00000115216,1.2903554,1.7903556,GM12878,0.6869309,1.0,1
ENSG00000115232,-0.32817736,-0.19382003,GM12878,0.76069206,1.0,1
ENSG00000115232,-0.36091813,-0.19382003,GM12878,0.7895361,1.0,1
ENSG00000115233,1.4679788,2.1515844,GM12878,0.6621771,1.0,1
ENSG00000115233,1.3891993,2.1515844,GM12878,0.6537586,1.0,1
ENSG00000115233,1.3558905,2.1515844,GM12878,0.6730044,1.0,1
ENSG00000115233,1.4109752,2.1515844,GM12878,0.65578014,1.0,1
ENSG00000115234,1.5197875,1.6115109,GM12878,0.6365157,1.0,1
ENSG00000115234,1.5233183,1.6115109,GM12878,0.6056159,0.8955345,1
ENSG00000115234,1.5168543,1.6115109,GM12878,0.6587443,0.9722922,1
ENSG00000115234,1.5085939,1.6115109,GM12878,0.6663271,0.9886968,1
ENSG00000115234,1.4973602,1.6115109,GM12878,0.64314485,0.052186176,1
ENSG00000115234,1.499431,1.6115109,GM12878,0.6370886,0.9969282,1
ENSG00000115239,1.2105112,1.4225899,GM12878,0.67305,1.0,1
ENSG00000115239,1.2406621,1.4225899,GM12878,0.673623,1.0,1
ENSG00000115239,1.1867335,1.4225899,GM12878,0.67746973,0.83146065,1
ENSG00000115241,1.2974557,1.8093576,GM12878,0.6995928,1.0,1
ENSG00000115271,-0.31051883,-0.537602,GM12878,0.79622304,1.0,1
ENSG00000115274,1.183281,0.77451694,GM12878,0.6489996,1.0,1
ENSG00000115274,1.1099628,0.77451694,GM12878,0.67268175,1.0,1
ENSG00000115274,1.159694,0.77451694,GM12878,0.6676202,1.0,1
ENSG00000115274,1.1607058,0.77451694,GM12878,0.6688833,1.0,1
ENSG00000115275,1.3769358,1.5039268,GM12878,0.6996389,1.0,1
ENSG00000115275,1.358473,1.5039268,GM12878,0.70492315,1.0,1
ENSG00000115282,1.4294416,1.1705551,GM12878,0.65451866,1.0,1
ENSG00000115282,1.4284096,1.1705551,GM12878,0.65956247,1.0,1
ENSG00000115282,1.4236814,1.1705551,GM12878,0.6602563,0.6763285,1
ENSG00000115289,1.4797314,1.3639878,GM12878,0.68796575,1.0,1
ENSG00000115289,1.5208561,1.3639878,GM12878,0.6699054,1.0,1
ENSG00000115289,1.4790646,1.3639878,GM12878,0.68883365,1.0,1
ENSG00000115306,-0.6844273,0.94841295,GM12878,0.8971186,1.0,1
ENSG00000115306,-0.7016507,0.94841295,GM12878,0.89890194,1.0,1
ENSG00000115306,-0.6848494,0.94841295,GM12878,0.89879996,1.0,1
ENSG00000115307,1.5686476,2.0883842,GM12878,0.6354401,1.0,1
ENSG00000115310,1.391012,2.053578,GM12878,0.62294906,1.0,1
ENSG00000115310,1.3959526,2.053578,GM12878,0.651739,0.42436975,1
ENSG00000115310,1.4160838,2.053578,GM12878,0.6164536,0.1355094,1
ENSG00000115317,1.4102218,1.619615,GM12878,0.65563077,1.0,1
ENSG00000115317,1.4308137,1.619615,GM12878,0.6632846,0.9809886,1
ENSG00000115317,1.419033,1.619615,GM12878,0.67853975,0.7462039,1
ENSG00000115318,0.2199241,-0.036212172,GM12878,0.8010988,1.0,1
ENSG00000115325,1.1560555,0.96707976,GM12878,0.69450617,1.0,1
ENSG00000115325,1.1821052,0.96707976,GM12878,0.697344,1.0,1
ENSG00000115325,1.2266617,0.96707976,GM12878,0.6775151,1.0,1
ENSG00000115325,1.1962614,0.96707976,GM12878,0.69585115,0.54910713,1
ENSG00000115339,-0.8251997,-0.85387194,GM12878,0.8945675,1.0,1
ENSG00000115350,1.0850613,1.6434526,GM12878,0.6668604,1.0,1
ENSG00000115350,0.9340296,1.6434526,GM12878,0.6748398,1.0,1
ENSG00000115355,1.2585404,1.7261565,GM12878,0.67155117,1.0,1
ENSG00000115355,1.2986405,1.7261565,GM12878,0.67118394,1.0,1
ENSG00000115355,1.1811264,1.7261565,GM12878,0.6669022,0.6755749,1
ENSG00000115355,1.1746202,1.7261565,GM12878,0.6687211,0.5144186,1
ENSG00000115355,1.2478584,1.7261565,GM12878,0.64942694,0.49126035,1
ENSG00000115355,1.192075,1.7261565,GM12878,0.6663466,0.96688133,1
ENSG00000115365,0.79872125,1.6116171,GM12878,0.6358759,1.0,1
ENSG00000115365,0.81408745,1.6116171,GM12878,0.6253502,1.0,1
ENSG00000115368,1.451245,1.839855,GM12878,0.64696574,1.0,1
ENSG00000115368,1.490799,1.839855,GM12878,0.6036419,0.0028753993,1
ENSG00000115392,1.0717728,1.806587,GM12878,0.6191051,1.0,1
ENSG00000115392,1.0039078,1.806587,GM12878,0.6401891,0.95378417,1
ENSG00000115414,0.28680226,0.8785218,GM12878,0.6865158,1.0,1
ENSG00000115415,1.4624547,1.2909245,GM12878,0.6591196,1.0,1
ENSG00000115415,1.3371677,1.2909245,GM12878,0.68172336,1.0,1
ENSG00000115415,1.4380993,1.2909245,GM12878,0.68077797,0.0039551747,1
ENSG00000115419,1.1307377,1.6270585,GM12878,0.662715,1.0,1
ENSG00000115421,1.203253,1.0674429,GM12878,0.67302155,1.0,1
ENSG00000115421,1.1052415,1.0674429,GM12878,0.6759879,0.9436039,1
ENSG00000115421,1.2415712,1.0674429,GM12878,0.6338479,0.9257221,1
ENSG00000115421,1.2348194,1.0674429,GM12878,0.64866036,0.98569727,1
ENSG00000115421,1.2292726,1.0674429,GM12878,0.6494129,0.86172837,1
ENSG00000115421,1.2399533,1.0674429,GM12878,0.64633703,0.014302742,1
ENSG00000115425,0.58226776,0.8102325,GM12878,0.6521104,1.0,1
ENSG00000115425,0.633812,0.8102325,GM12878,0.64654946,1.0,1
ENSG00000115425,0.5876267,0.8102325,GM12878,0.6450735,0.9926063,1
ENSG00000115446,1.4428858,1.5594279,GM12878,0.69281554,1.0,1
ENSG00000115446,1.4976637,1.5594279,GM12878,0.67692673,1.0,1
ENSG00000115459,1.4530399,1.1215599,GM12878,0.68561465,1.0,1
ENSG00000115459,1.4490751,1.1215599,GM12878,0.67811644,0.8787879,1
ENSG00000115459,1.4852452,1.1215599,GM12878,0.66386706,0.97029704,1
ENSG00000115459,1.4408147,1.1215599,GM12878,0.6900583,0.5811966,1
ENSG00000115459,1.4590058,1.1215599,GM12878,0.6871354,0.7777778,1
ENSG00000115459,1.4635412,1.1215599,GM12878,0.6877699,0.37738854,1
ENSG00000115464,1.3046944,1.7687861,GM12878,0.66393733,1.0,1
ENSG00000115464,1.3325843,1.7687861,GM12878,0.65912455,1.0,1
ENSG00000115464,1.3140717,1.7687861,GM12878,0.6657057,1.0,1
ENSG00000115484,1.3532256,2.3533392,GM12878,0.66687393,1.0,1
ENSG00000115484,1.406094,2.3533392,GM12878,0.6549574,0.99017084,1
ENSG00000115486,1.4766366,1.2166936,GM12878,0.65208364,1.0,1
ENSG00000115486,1.4662131,1.2166936,GM12878,0.6595105,1.0,1
ENSG00000115486,1.4684573,1.2166936,GM12878,0.66702354,1.0,1
ENSG00000115486,1.4771614,1.2166936,GM12878,0.656022,1.0,1
ENSG00000115486,1.4863725,1.2166936,GM12878,0.65144134,0.6747503,1
ENSG00000115504,0.60223955,1.1832699,GM12878,0.58459574,0.26150393,1
ENSG00000115504,0.6618604,1.1832699,GM12878,0.6045911,0.33238232,1
ENSG00000115507,1.0000306,-0.49485,GM12878,0.66892886,1.0,1
ENSG00000115514,1.2114632,1.6383893,GM12878,0.65317607,1.0,1
ENSG00000115520,1.2202735,0.30103,GM12878,0.6793082,1.0,1
ENSG00000115524,1.5233815,2.4675488,GM12878,0.6580146,1.0,1
ENSG00000115524,1.5218549,2.4675488,GM12878,0.6620034,1.0,1
ENSG00000115524,1.563878,2.4675488,GM12878,0.64227575,0.30440328,1
ENSG00000115525,0.9685493,0.85430604,GM12878,0.677086,1.0,1
ENSG00000115526,1.0587801,1.2648178,GM12878,0.65369886,1.0,1
ENSG00000115526,1.1125852,1.2648178,GM12878,0.64182943,1.0,1
ENSG00000115526,1.1375308,1.2648178,GM12878,0.6502423,1.0,1
ENSG00000115539,1.4909823,1.2482185,GM12878,0.6627287,1.0,1
ENSG00000115539,1.5178919,1.2482185,GM12878,0.6588919,1.0,1
ENSG00000115539,1.4563776,1.2482185,GM12878,0.6636474,1.0,1
ENSG00000115540,1.2878764,1.209515,GM12878,0.658747,1.0,1
ENSG00000115540,1.2585856,1.209515,GM12878,0.6644577,0.49778622,1
ENSG00000115540,1.2705604,1.209515,GM12878,0.66564906,0.9728059,1
ENSG00000115541,1.3999107,2.3945918,GM12878,0.62851495,1.0,1
ENSG00000115541,1.4063604,2.3945918,GM12878,0.631145,1.0,1
ENSG00000115541,1.3928778,2.3945918,GM12878,0.63403016,0.9993367,1
ENSG00000115548,1.3061826,1.7692295,GM12878,0.661122,1.0,1
ENSG00000115561,1.3184488,1.4101021,GM12878,0.66718566,1.0,1
ENSG00000115561,1.3680198,1.4101021,GM12878,0.659698,0.9814607,1
ENSG00000115568,1.0923649,0.4329693,GM12878,0.68830377,1.0,1
ENSG00000115568,1.0701503,0.4329693,GM12878,0.6969117,0.1875,1
ENSG00000115590,-0.7898882,-0.92081875,GM12878,0.87960905,1.0,1
ENSG00000115590,-0.786579,-0.92081875,GM12878,0.87001574,1.0,1
ENSG00000115594,-0.011174589,0.30963016,GM12878,0.8332169,1.0,1
ENSG00000115594,-0.0010025445,0.30963016,GM12878,0.82879525,1.0,1
ENSG00000115607,0.15787207,-0.13667715,GM12878,0.70157635,1.0,1
ENSG00000115616,0.1556836,0.18752073,GM12878,0.79865706,1.0,1
ENSG00000115641,1.0912848,1.0965624,GM12878,0.70072657,0.002469136,1
ENSG00000115641,1.0967821,1.0965624,GM12878,0.66576636,0.2709581,1
ENSG00000115649,1.3531966,1.3816565,GM12878,0.7218563,1.0,1
ENSG00000115649,1.3400936,1.3816565,GM12878,0.72306305,1.0,1
ENSG00000115649,1.3841794,1.3816565,GM12878,0.711681,1.0,1
ENSG00000115649,1.3419921,1.3816565,GM12878,0.72004306,1.0,1
ENSG00000115652,1.0656934,1.2942457,GM12878,0.68371385,1.0,1
ENSG00000115657,0.70178807,1.422918,GM12878,0.8136411,1.0,1
ENSG00000115657,0.69372445,1.422918,GM12878,0.81178,1.0,1
ENSG00000115661,1.3767729,1.4787108,GM12878,0.69727826,1.0,1
ENSG00000115661,1.3984982,1.4787108,GM12878,0.6941873,0.9543058,1
ENSG00000115677,0.76763403,2.0262473,GM12878,0.6596655,1.0,1
ENSG00000115677,0.8125946,2.0262473,GM12878,0.66095066,1.0,1
ENSG00000115677,0.7665678,2.0262473,GM12878,0.65721136,0.0,1
ENSG00000115685,1.0413408,1.6084191,GM12878,0.71267354,1.0,1
ENSG00000115685,1.0498134,1.6084191,GM12878,0.714689,1.0,1
ENSG00000115685,1.0151227,1.6084191,GM12878,0.7170777,0.11139241,1
ENSG00000115685,1.0151227,1.6084191,GM12878,0.7170777,0.97536945,1
ENSG00000115687,0.84465724,0.9537597,GM12878,0.6918957,1.0,1
ENSG00000115694,1.3126748,2.1803267,GM12878,0.69345206,1.0,1
ENSG00000115694,1.3230299,2.1803267,GM12878,0.692899,1.0,1
ENSG00000115694,1.3204505,2.1803267,GM12878,0.6917734,0.9843057,1
ENSG00000115694,1.3082094,2.1803267,GM12878,0.6976005,0.771578,1
ENSG00000115694,1.345511,2.1803267,GM12878,0.68774986,0.24150944,1
ENSG00000115738,0.8044502,1.2607867,GM12878,0.6761841,1.0,1
ENSG00000115750,1.4301236,1.0588055,GM12878,0.67960846,1.0,1
ENSG00000115750,1.4091165,1.0588055,GM12878,0.6827073,0.9504405,1
ENSG00000115756,1.0483006,1.456973,GM12878,0.68661,1.0,1
ENSG00000115756,1.010087,1.456973,GM12878,0.694143,1.0,1
ENSG00000115756,1.0923421,1.456973,GM12878,0.68015486,1.0,1
ENSG00000115756,1.0512486,1.456973,GM12878,0.68972355,1.0,1
ENSG00000115756,1.06545,1.456973,GM12878,0.68530864,0.3321033,1
ENSG00000115758,1.2774353,2.5652337,GM12878,0.68137807,1.0,1
ENSG00000115758,1.2815528,2.5652337,GM12878,0.68752205,1.0,1
ENSG00000115760,1.1454866,1.7463228,GM12878,0.6103293,1.0,1
ENSG00000115760,1.1174666,1.7463228,GM12878,0.6438462,0.5196051,1
ENSG00000115761,1.1933734,1.5507175,GM12878,0.6903862,1.0,1
ENSG00000115761,1.1737461,1.5507175,GM12878,0.69707596,0.8523059,1
ENSG00000115761,1.2112781,1.5507175,GM12878,0.69107735,0.9392878,1
ENSG00000115762,1.1853824,1.6927588,GM12878,0.6647367,1.0,1
ENSG00000115762,1.1858573,1.6927588,GM12878,0.65094686,1.0,1
ENSG00000115762,1.0862052,1.6927588,GM12878,0.676461,1.0,1
ENSG00000115762,1.0989091,1.6927588,GM12878,0.6740886,0.98125,1
ENSG00000115762,1.0805508,1.6927588,GM12878,0.67699635,0.99749655,1
ENSG00000115806,1.4527991,2.2171416,GM12878,0.6718929,1.0,1
ENSG00000115806,1.451556,2.2171416,GM12878,0.67356807,0.70474124,1
ENSG00000115808,1.0304626,1.343999,GM12878,0.65637183,1.0,1
ENSG00000115816,1.5303948,1.500648,GM12878,0.67338663,1.0,1
ENSG00000115825,0.94454616,1.2695129,GM12878,0.621138,1.0,1
ENSG00000115827,1.3676255,1.3891661,GM12878,0.6646581,1.0,1
ENSG00000115827,1.3328496,1.3891661,GM12878,0.6730665,1.0,1
ENSG00000115827,1.3654461,1.3891661,GM12878,0.66226065,1.0,1
ENSG00000115827,1.3728664,1.3891661,GM12878,0.661405,0.8977505,1
ENSG00000115827,1.4200647,1.3891661,GM12878,0.6440053,0.58030593,1
ENSG00000115839,1.2505782,1.2392995,GM12878,0.6499367,1.0,1
ENSG00000115839,1.308912,1.2392995,GM12878,0.6427562,1.0,1
ENSG00000115839,1.3445385,1.2392995,GM12878,0.63085693,0.0,1
ENSG00000115840,1.3464762,1.3991543,GM12878,0.6498183,1.0,1
ENSG00000115840,1.3620553,1.3991543,GM12878,0.65112656,0.05656304,1
ENSG00000115840,1.3705336,1.3991543,GM12878,0.6515896,0.9981727,1
ENSG00000115841,0.9987634,0.17897695,GM12878,0.6743203,1.0,1
ENSG00000115841,0.9820792,0.17897695,GM12878,0.6720665,0.3119266,1
ENSG00000115850,0.040329598,-0.92081875,GM12878,0.7496527,1.0,1
ENSG00000115866,1.3545169,2.2408736,GM12878,0.6672798,1.0,1
ENSG00000115866,1.4522157,2.2408736,GM12878,0.66104645,0.9185604,1
ENSG00000115875,1.3895038,2.6917796,GM12878,0.6714642,1.0,1
ENSG00000115875,1.4419622,2.6917796,GM12878,0.6435299,0.54516155,1
ENSG00000115875,1.3953464,2.6917796,GM12878,0.6784222,0.19339581,1
ENSG00000115884,-0.15438932,0.09342168,GM12878,0.90686065,1.0,1
ENSG00000115896,0.9352331,1.0606978,GM12878,0.6353944,1.0,1
ENSG00000115896,0.954923,1.0606978,GM12878,0.64752656,1.0,1
ENSG00000115902,0.91039354,0.9068735,GM12878,0.67690015,1.0,1
ENSG00000115902,0.8890273,0.9068735,GM12878,0.6807595,0.9907039,1
ENSG00000115904,1.3689553,1.3314273,GM12878,0.66400754,1.0,1
ENSG00000115919,-0.122797765,0.96567196,GM12878,0.71050304,1.0,1
ENSG00000115919,-0.03909398,0.96567196,GM12878,0.700616,0.77539504,1
ENSG00000115935,-0.65283185,0.24303804,GM12878,0.85078645,1.0,1
ENSG00000115935,-0.65202844,0.24303804,GM12878,0.8483962,1.0,1
ENSG00000115935,-0.6015725,0.24303804,GM12878,0.85044724,1.0,1
ENSG00000115935,-0.6273828,0.24303804,GM12878,0.85479486,1.0,1
ENSG00000115942,1.2576184,1.1283993,GM12878,0.67461455,1.0,1
ENSG00000115944,1.4804797,2.1067007,GM12878,0.66202164,1.0,1
ENSG00000115944,1.4821048,2.1067007,GM12878,0.6343805,1.0,1
ENSG00000115944,1.455578,2.1067007,GM12878,0.6600188,1.0,1
ENSG00000115946,1.5186529,1.2794387,GM12878,0.62848103,1.0,1
ENSG00000115946,1.5409405,1.2794387,GM12878,0.6420959,1.0,1
ENSG00000115947,1.2053404,1.7611005,GM12878,0.617829,1.0,1
ENSG00000115947,1.2314165,1.7611005,GM12878,0.6146614,1.0,1
ENSG00000115956,-0.083824515,-0.79588,GM12878,0.7710151,1.0,1
ENSG00000115956,-0.046268433,-0.79588,GM12878,0.7577055,1.0,1
ENSG00000115956,-0.117851906,-0.79588,GM12878,0.7678677,1.0,1
ENSG00000115966,1.3848333,1.9419584,GM12878,0.64089286,0.006829017,1
ENSG00000115966,1.4278531,1.9419584,GM12878,0.6446602,0.32899937,1
ENSG00000115966,1.3959658,1.9419584,GM12878,0.635918,0.99808794,1
ENSG00000115966,1.4371743,1.9419584,GM12878,0.62313855,0.68267035,1
ENSG00000115966,1.4024084,1.9419584,GM12878,0.6353804,0.30421573,1
ENSG00000115970,1.5350096,1.1908917,GM12878,0.6434544,1.0,1
ENSG00000115970,1.5097601,1.1908917,GM12878,0.6645882,0.013513514,1
ENSG00000115977,1.5773606,0.5237465,GM12878,0.6535132,1.0,1
ENSG00000115993,0.9699736,0.8299467,GM12878,0.6639486,1.0,1
ENSG00000115993,0.9912831,0.8299467,GM12878,0.65844417,1.0,1
ENSG00000115998,1.5970138,0.7143298,GM12878,0.62974566,1.0,1
ENSG00000116001,1.6062083,1.9482663,GM12878,0.6299405,1.0,1
ENSG00000116001,1.603708,1.9482663,GM12878,0.6317078,1.0,1
ENSG00000116001,1.6210825,1.9482663,GM12878,0.61857766,0.76545167,1
ENSG00000116005,0.7936066,1.0409977,GM12878,0.6524741,1.0,1
ENSG00000116016,0.5999662,0.86093664,GM12878,0.7185417,1.0,1
ENSG00000116016,0.71411663,0.86093664,GM12878,0.700907,1.0,1
ENSG00000116016,0.71688265,0.86093664,GM12878,0.70103157,1.0,1
ENSG00000116030,1.3240525,1.7703364,GM12878,0.6528229,1.0,1
ENSG00000116030,1.1777894,1.7703364,GM12878,0.67392445,0.9948718,1
ENSG00000116030,1.1594703,1.7703364,GM12878,0.6664476,0.69074935,1
ENSG00000116062,1.1919814,1.7057782,GM12878,0.66724813,1.0,1
ENSG00000116062,1.1988703,1.7057782,GM12878,0.6834098,0.110888444,1
ENSG00000116095,1.0094478,1.172311,GM12878,0.6743147,1.0,1
ENSG00000116095,0.987742,1.172311,GM12878,0.6753314,1.0,1
ENSG00000116096,0.4801315,1.2579185,GM12878,0.7677229,1.0,1
ENSG00000116120,1.360622,1.774444,GM12878,0.5929335,1.0,1
ENSG00000116127,1.2621926,0.9334873,GM12878,0.6669955,1.0,1
ENSG00000116127,1.1880352,0.9334873,GM12878,0.66963,0.17351598,1
ENSG00000116127,1.2170056,0.9334873,GM12878,0.6676773,0.9183938,1
ENSG00000118242,0.63190085,0.20139712,GM12878,0.67493993,1.0,1
ENSG00000118246,1.3313656,1.5659658,GM12878,0.64860296,1.0,1
ENSG00000118246,1.4384352,1.5659658,GM12878,0.6278142,1.0,1
ENSG00000118246,1.4035182,1.5659658,GM12878,0.62472427,1.0,1
ENSG00000118246,1.3574989,1.5659658,GM12878,0.647592,1.0,1
ENSG00000118246,1.3391474,1.5659658,GM12878,0.63112605,1.0,1
ENSG00000118246,1.3564695,1.5659658,GM12878,0.6299101,1.0,1
ENSG00000118260,1.1608143,1.5997739,GM12878,0.64913744,1.0,1
ENSG00000118260,1.2082131,1.5997739,GM12878,0.6427633,1.0,1
ENSG00000118260,1.2115606,1.5997739,GM12878,0.6473462,1.0,1
ENSG00000118260,1.1921682,1.5997739,GM12878,0.65054345,1.0,1
ENSG00000118260,1.201852,1.5997739,GM12878,0.6490843,1.0,1
ENSG00000118260,1.1981685,1.5997739,GM12878,0.65201956,1.0,1
ENSG00000118260,1.1911973,1.5997739,GM12878,0.6506253,1.0,1
ENSG00000118260,1.1895983,1.5997739,GM12878,0.64304566,0.2573052,1
ENSG00000118307,1.3964721,-0.61978877,GM12878,0.64545774,1.0,1
ENSG00000118308,0.3658102,1.0572857,GM12878,0.6995589,1.0,1
ENSG00000118308,0.3712461,1.0572857,GM12878,0.7017415,0.22782609,1
ENSG00000118308,0.28531766,1.0572857,GM12878,0.70674235,0.75272727,1
ENSG00000118308,0.3591059,1.0572857,GM12878,0.69856906,0.95780593,1
ENSG00000118308,0.40746278,1.0572857,GM12878,0.6949526,0.98480666,1
ENSG00000118600,0.8524905,1.1610684,GM12878,0.64485955,1.0,1
ENSG00000118600,0.86087877,1.1610684,GM12878,0.6325312,0.007231405,1
ENSG00000118640,1.3208966,2.3129175,GM12878,0.63389224,1.0,1
ENSG00000118960,0.9181845,0.587711,GM12878,0.69841117,1.0,1
ENSG00000118960,0.93778193,0.587711,GM12878,0.68504685,1.0,1
ENSG00000118961,1.1644392,1.6205524,GM12878,0.6613289,1.0,1
ENSG00000118961,1.1560665,1.6205524,GM12878,0.6608324,1.0,1
ENSG00000118961,1.0787338,1.6205524,GM12878,0.66027874,0.85960317,1
ENSG00000118961,1.1913737,1.6205524,GM12878,0.64285547,1.0,1
ENSG00000118961,1.1229005,1.6205524,GM12878,0.6554735,1.0,1
ENSG00000118961,1.2058593,1.6205524,GM12878,0.64029175,0.86384094,1
ENSG00000118965,0.7218232,0.8182259,GM12878,0.7028249,1.0,1
ENSG00000118965,0.7181528,0.8182259,GM12878,0.70315355,1.0,1
ENSG00000118965,0.7190792,0.8182259,GM12878,0.70670396,1.0,1
ENSG00000118965,0.70992726,0.8182259,GM12878,0.70899963,1.0,1
ENSG00000118965,0.68653625,0.8182259,GM12878,0.7116508,1.0,1
ENSG00000118965,0.7096562,0.8182259,GM12878,0.70656437,1.0,1
ENSG00000118965,0.68578875,0.8182259,GM12878,0.7119993,0.95681065,1
ENSG00000118965,0.7078975,0.8182259,GM12878,0.7079355,0.9547826,1
ENSG00000118965,0.7250597,0.8182259,GM12878,0.7057092,0.046875,1
ENSG00000118971,1.2459874,1.4967914,GM12878,0.6911153,1.0,1
ENSG00000118997,0.9257243,-0.36653155,GM12878,0.62867004,1.0,1
ENSG00000119004,1.3411921,0.8876173,GM12878,0.6695519,1.0,1
ENSG00000119004,1.3415323,0.8876173,GM12878,0.6714619,1.0,1
ENSG00000119004,1.3120586,0.8876173,GM12878,0.67217165,0.29467085,1
ENSG00000119004,1.4214025,0.8876173,GM12878,0.6507869,0.8089431,1
ENSG00000119004,1.2511032,0.8876173,GM12878,0.67422163,0.030612245,1
ENSG00000119004,1.3101343,0.8876173,GM12878,0.67072743,0.73277074,1
ENSG00000119013,1.3807313,2.0301137,GM12878,0.67382807,1.0,1
ENSG00000119013,1.4177706,2.0301137,GM12878,0.6548433,0.09055492,1
ENSG00000119013,1.4403597,2.0301137,GM12878,0.6491186,0.018258283,1
ENSG00000119041,0.92179036,1.6016254,GM12878,0.65312725,1.0,1
ENSG00000119041,0.92792207,1.6016254,GM12878,0.650922,1.0,1
ENSG00000119042,1.0409412,0.8627275,GM12878,0.6805262,1.0,1
ENSG00000119042,1.1529765,0.8627275,GM12878,0.66535056,1.0,1
ENSG00000119185,1.3045934,1.808211,GM12878,0.6786177,1.0,1
ENSG00000119185,1.3291513,1.808211,GM12878,0.677601,1.0,1
ENSG00000119185,1.3407676,1.808211,GM12878,0.6677694,0.98585904,1
ENSG00000119185,1.3752912,1.808211,GM12878,0.6595292,0.8656399,1
ENSG00000119185,1.3439815,1.808211,GM12878,0.67317104,0.93703705,1
ENSG00000119185,1.3298602,1.808211,GM12878,0.6750006,0.9322034,1
ENSG00000119203,1.2914116,1.6127839,GM12878,0.67811316,1.0,1
ENSG00000119242,0.7784943,0.5786392,GM12878,0.6542327,1.0,1
ENSG00000119242,0.7473275,0.5786392,GM12878,0.66119003,0.1969697,1
ENSG00000119729,0.9856331,1.2372923,GM12878,0.6643109,1.0,1
ENSG00000119729,0.9048289,1.2372923,GM12878,0.67039436,1.0,1
ENSG00000119760,1.6389766,1.7847599,GM12878,0.6491911,1.0,1
ENSG00000119760,1.6098323,1.7847599,GM12878,0.6251674,0.98817444,1
ENSG00000119760,1.5662487,1.7847599,GM12878,0.6468373,0.9878512,1
ENSG00000119771,-0.7178661,-0.92081875,GM12878,0.8872739,1.0,1
ENSG00000119772,0.08094367,0.5693739,GM12878,0.76890534,1.0,1
ENSG00000119772,0.1304482,0.5693739,GM12878,0.76041955,1.0,1
ENSG00000119772,0.1447405,0.5693739,GM12878,0.7594455,0.01438849,1
ENSG00000119777,1.5938244,1.8829796,GM12878,0.6749729,1.0,1
ENSG00000119777,1.5655204,1.8829796,GM12878,0.6880234,0.9908821,1
ENSG00000119777,1.5550119,1.8829796,GM12878,0.68837714,0.9938883,1
ENSG00000119778,1.559705,0.95327634,GM12878,0.67604905,1.0,1
ENSG00000119778,1.5663285,0.95327634,GM12878,0.6782251,1.0,1
ENSG00000119778,1.6081116,0.95327634,GM12878,0.67157716,1.0,1
ENSG00000119787,1.5259387,1.7223871,GM12878,0.6235828,1.0,1
ENSG00000119787,1.4947578,1.7223871,GM12878,0.66276264,1.0,1
ENSG00000119787,1.5300536,1.7223871,GM12878,0.626894,1.0,1
ENSG00000119787,1.4701678,1.7223871,GM12878,0.6550361,1.0,1
ENSG00000119801,1.1141578,1.4575791,GM12878,0.67107457,1.0,1
ENSG00000119801,1.1249083,1.4575791,GM12878,0.6659044,1.0,1
ENSG00000119801,1.1925737,1.4575791,GM12878,0.6554478,0.01778809,1
ENSG00000119801,1.1267962,1.4575791,GM12878,0.67172873,0.22181372,1
ENSG00000119801,1.2049247,1.4575791,GM12878,0.65696365,0.0033670033,1
ENSG00000119801,1.2023098,1.4575791,GM12878,0.65315634,0.02688172,1
ENSG00000119812,1.0389287,1.8899177,GM12878,0.62856704,1.0,1
ENSG00000119812,1.043453,1.8899177,GM12878,0.620698,1.0,1
ENSG00000119812,1.0194678,1.8899177,GM12878,0.6094776,1.0,1
ENSG00000119812,1.0295042,1.8899177,GM12878,0.62068516,0.97541213,1
ENSG00000119820,1.2649038,1.209783,GM12878,0.61797494,1.0,1
ENSG00000119820,1.2608421,1.209783,GM12878,0.57898074,1.0,1
ENSG00000119844,1.0947671,1.1883659,GM12878,0.58913904,1.0,1
ENSG00000119844,1.0902567,1.1883659,GM12878,0.59393543,0.437788,1
ENSG00000119862,-0.33132926,-0.39794,GM12878,0.83425856,1.0,1
ENSG00000119878,1.4120736,0.96567196,GM12878,0.677221,1.0,1
ENSG00000119888,1.1806977,1.6857418,GM12878,0.69544786,1.0,1
ENSG00000119888,1.1600064,1.6857418,GM12878,0.6953021,1.0,1
ENSG00000120647,1.2223094,1.1072099,GM12878,0.64822406,1.0,1
ENSG00000120647,1.2797086,1.1072099,GM12878,0.62459517,0.4965035,1
ENSG00000120798,0.94806755,1.542452,GM12878,0.6447204,1.0,1
ENSG00000120798,0.9295427,1.542452,GM12878,0.6522912,0.26685795,1
ENSG00000120800,0.6750992,1.141136,GM12878,0.55641365,1.0,1
ENSG00000120800,0.68312067,1.141136,GM12878,0.5803921,1.0,1
ENSG00000120802,1.5122395,2.0572476,GM12878,0.6407072,1.0,1
ENSG00000120802,1.5470499,2.0572476,GM12878,0.6059456,1.0,1
ENSG00000120805,1.239527,1.9766709,GM12878,0.6256441,1.0,1
ENSG00000120805,1.2659854,1.9766709,GM12878,0.62357205,1.0,1
ENSG00000120805,1.2477634,1.9766709,GM12878,0.62093514,1.0,1
ENSG00000120805,1.3054487,1.9766709,GM12878,0.60111356,1.0,1
ENSG00000120805,1.3065883,1.9766709,GM12878,0.615517,0.95432585,1
ENSG00000120832,1.2604934,1.3836359,GM12878,0.67965645,1.0,1
ENSG00000120833,1.3442554,1.8873359,GM12878,0.68835926,1.0,1
ENSG00000120833,1.3458123,1.8873359,GM12878,0.68784016,1.0,1
ENSG00000120833,1.4248024,1.8873359,GM12878,0.6817198,1.0,1
ENSG00000120837,0.87221974,1.4305588,GM12878,0.6714571,1.0,1
ENSG00000120837,0.8566392,1.4305588,GM12878,0.6776244,1.0,1
ENSG00000120837,0.7776251,1.4305588,GM12878,0.6549834,1.0,1
ENSG00000120860,0.92981213,1.5761108,GM12878,0.6438828,1.0,1
ENSG00000120860,0.9838379,1.5761108,GM12878,0.63180655,0.0700961,1
ENSG00000120868,1.2526258,1.0326188,GM12878,0.65448093,1.0,1
ENSG00000120868,1.1887343,1.0326188,GM12878,0.6862229,0.9823232,1
ENSG00000120868,1.231154,1.0326188,GM12878,0.6835916,1.0,1
ENSG00000121152,1.5782894,1.7512791,GM12878,0.6332798,1.0,1
ENSG00000121152,1.577615,1.7512791,GM12878,0.63921267,1.0,1
ENSG00000121152,1.5530335,1.7512791,GM12878,0.6167518,0.9639483,1
ENSG00000121152,1.5623599,1.7512791,GM12878,0.6298695,0.8500517,1
ENSG00000121152,1.6398072,1.7512791,GM12878,0.63489604,0.3287037,1
ENSG00000121316,0.64642966,1.4056878,GM12878,0.69507843,1.0,1
ENSG00000121350,0.9869874,0.79588,GM12878,0.65802085,1.0,1
ENSG00000121350,0.9786691,0.79588,GM12878,0.65765584,1.0,1
ENSG00000121350,1.0107274,0.79588,GM12878,0.6346175,0.72845954,1
ENSG00000121749,1.230306,1.57841,GM12878,0.61904675,1.0,1
ENSG00000121749,1.2799138,1.57841,GM12878,0.5737562,0.0,1
ENSG00000121749,1.2319279,1.57841,GM12878,0.6076278,0.0064102565,1
ENSG00000121749,1.1713235,1.57841,GM12878,0.6522688,0.9831731,1
ENSG00000121749,1.2264183,1.57841,GM12878,0.6121195,0.058092948,1
ENSG00000121964,1.2638115,0.9127533,GM12878,0.6709228,1.0,1
ENSG00000121988,1.1646976,1.1658376,GM12878,0.5800389,1.0,1
ENSG00000121988,1.198585,1.1658376,GM12878,0.5866407,0.0,1
ENSG00000121989,0.7326996,-0.04095861,GM12878,0.64600325,1.0,1
ENSG00000122085,1.3112584,1.2977605,GM12878,0.69510496,1.0,1
ENSG00000122085,1.2923362,1.2977605,GM12878,0.7029681,0.010638298,1
ENSG00000122085,1.2652279,1.2977605,GM12878,0.7042103,0.12345679,1
ENSG00000122085,1.276785,1.2977605,GM12878,0.7011636,0.8217593,1
ENSG00000122085,1.2726045,1.2977605,GM12878,0.7019329,0.60914177,1
ENSG00000122965,1.3500154,1.2516382,GM12878,0.6504278,1.0,1
ENSG00000122965,1.3303208,1.2516382,GM12878,0.6581566,1.0,1
ENSG00000122966,1.3165287,1.3463529,GM12878,0.67689985,1.0,1
ENSG00000122966,1.3147578,1.3463529,GM12878,0.67404497,0.98638135,1
ENSG00000122970,1.129436,0.81557775,GM12878,0.67831534,1.0,1
ENSG00000122971,1.0482711,1.0468851,GM12878,0.6939497,1.0,1
ENSG00000122986,-0.26916486,0.31175387,GM12878,0.9446408,1.0,1
ENSG00000122986,-0.22020938,0.31175387,GM12878,0.9419292,1.0,1
ENSG00000122986,-0.21055134,0.31175387,GM12878,0.94507843,0.97333336,1
ENSG00000123064,1.5259676,1.7327154,GM12878,0.6644706,1.0,1
ENSG00000123066,0.9659847,1.5703094,GM12878,0.66108584,1.0,1
ENSG00000123104,0.46934244,-0.06550155,GM12878,0.6667304,1.0,1
ENSG00000123104,0.57121295,-0.06550155,GM12878,0.60370094,1.0,1
ENSG00000123106,1.4831169,1.3641757,GM12878,0.6565402,1.0,1
ENSG00000123106,1.5005605,1.3641757,GM12878,0.6427527,1.0,1
ENSG00000123106,1.5025542,1.3641757,GM12878,0.6441168,1.0,1
ENSG00000123106,1.480392,1.3641757,GM12878,0.61731523,1.0,1
ENSG00000123106,1.4658499,1.3641757,GM12878,0.6443175,1.0,1
ENSG00000123106,1.5111587,1.3641757,GM12878,0.56064403,0.05717916,1
ENSG00000123106,1.4904006,1.3641757,GM12878,0.6408749,0.021601016,1
ENSG00000123268,1.4352077,1.832892,GM12878,0.6511634,1.0,1
ENSG00000123297,1.4707582,1.5182507,GM12878,0.66487575,0.48857868,1
ENSG00000123297,1.4679855,1.5182507,GM12878,0.65689844,0.85376346,1
ENSG00000123329,0.007434951,1.0704073,GM12878,0.81607413,1.0,1
ENSG00000123329,0.012799298,1.0704073,GM12878,0.8171281,0.94049907,1
ENSG00000123338,0.42498353,1.5537617,GM12878,0.70187914,1.0,1
ENSG00000123349,1.4794618,2.9257915,GM12878,0.67434675,1.0,1
ENSG00000123349,1.4736357,2.9257915,GM12878,0.6512867,0.6959459,1
ENSG00000123349,1.4715037,2.9257915,GM12878,0.66469383,0.047885645,1
ENSG00000123349,1.4739873,2.9257915,GM12878,0.6802622,0.022023737,1
ENSG00000123349,1.4732709,2.9257915,GM12878,0.68020964,0.013575219,1
ENSG00000123349,1.4730508,2.9257915,GM12878,0.6807226,0.93028396,1
ENSG00000123349,1.5040114,2.9257915,GM12878,0.6555946,0.9937535,1
ENSG00000123352,1.2771568,1.4935975,GM12878,0.6818207,1.0,1
ENSG00000123352,1.2937005,1.4935975,GM12878,0.6820714,0.47153124,1
ENSG00000123352,1.3113277,1.4935975,GM12878,0.67071146,0.13838384,1
ENSG00000123352,1.3302637,1.4935975,GM12878,0.66798955,0.022909507,1
ENSG00000123352,1.3304398,1.4935975,GM12878,0.66202265,0.039215688,1
ENSG00000123353,1.3632157,1.3548764,GM12878,0.679787,1.0,1
ENSG00000123358,0.5498505,0.3283796,GM12878,0.77093476,1.0,1
ENSG00000123358,0.56434274,0.3283796,GM12878,0.7697476,0.0,1
ENSG00000123374,1.2963344,2.2174313,GM12878,0.68474334,1.0,1
ENSG00000123374,1.3494841,2.2174313,GM12878,0.67742115,0.9916879,1
ENSG00000123374,1.3050636,2.2174313,GM12878,0.67551386,0.9362171,1
ENSG00000123384,0.4090939,-0.4436975,GM12878,0.74400425,1.0,1
ENSG00000123395,1.6026164,1.5259514,GM12878,0.67848736,1.0,1
ENSG00000123395,1.6436965,1.5259514,GM12878,0.6760832,1.0,1
ENSG00000123411,1.2907355,0.77524626,GM12878,0.6802216,1.0,1
ENSG00000123411,1.3087716,0.77524626,GM12878,0.670512,1.0,1
ENSG00000123411,1.2941607,0.77524626,GM12878,0.6756835,1.0,1
ENSG00000123411,1.3229443,0.77524626,GM12878,0.6635631,0.8654292,1
ENSG00000123415,0.9693446,1.5917323,GM12878,0.6727875,1.0,1
ENSG00000123415,0.97721434,1.5917323,GM12878,0.6721567,1.0,1
ENSG00000123415,0.974976,1.5917323,GM12878,0.6714006,1.0,1
ENSG00000123415,1.0254215,1.5917323,GM12878,0.6560624,1.0,1
ENSG00000123415,1.0254215,1.5917323,GM12878,0.6560624,1.0,1
ENSG00000123415,0.9961485,1.5917323,GM12878,0.66671264,1.0,1
ENSG00000123415,0.9835523,1.5917323,GM12878,0.6701978,0.2173913,1
ENSG00000123415,0.9804475,1.5917323,GM12878,0.6702833,0.0786802,1
ENSG00000123416,1.5691702,3.5772781,GM12878,0.6925682,1.0,1
ENSG00000123427,1.3567576,1.141136,GM12878,0.70395714,1.0,1
ENSG00000123427,1.3567142,1.141136,GM12878,0.70226353,0.7287273,1
ENSG00000123485,1.4288518,1.9139198,GM12878,0.68216926,1.0,1
ENSG00000123600,1.3015077,1.4321673,GM12878,0.62719345,1.0,1
ENSG00000123600,1.224938,1.4321673,GM12878,0.6515053,1.0,1
ENSG00000123600,1.2343076,1.4321673,GM12878,0.65200007,1.0,1
ENSG00000123600,1.1546474,1.4321673,GM12878,0.65966153,0.22931938,1
ENSG00000123600,1.2470642,1.4321673,GM12878,0.6496552,0.3387978,1
ENSG00000123607,1.1610869,1.4080703,GM12878,0.6347928,1.0,1
ENSG00000123609,1.2879039,1.0895519,GM12878,0.68735904,1.0,1
ENSG00000123609,1.343277,1.0895519,GM12878,0.6787843,1.0,1
ENSG00000123609,1.3352882,1.0895519,GM12878,0.6800566,1.0,1
ENSG00000123609,1.3087914,1.0895519,GM12878,0.68473494,1.0,1
ENSG00000123609,1.3806171,1.0895519,GM12878,0.6594771,1.0,1
ENSG00000123609,1.3609874,1.0895519,GM12878,0.66885257,0.981893,1
ENSG00000123610,-0.29051062,-0.92081875,GM12878,0.7714885,1.0,1
ENSG00000123610,-0.26474366,-0.92081875,GM12878,0.77762747,1.0,1
ENSG00000123636,0.8566741,1.2000293,GM12878,0.66603076,1.0,1
ENSG00000123983,1.4713508,1.913496,GM12878,0.6535636,1.0,1
ENSG00000123989,0.88630843,0.99913055,GM12878,0.67580926,1.0,1
ENSG00000123989,0.8674137,0.99913055,GM12878,0.6742671,1.0,1
ENSG00000123992,1.2722076,1.6747693,GM12878,0.6808735,1.0,1
ENSG00000123992,1.3070459,1.6747693,GM12878,0.66392916,1.0,1
ENSG00000123992,1.3004166,1.6747693,GM12878,0.6584748,1.0,1
ENSG00000124356,1.4578865,1.548635,GM12878,0.6609562,1.0,1
ENSG00000124356,1.465166,1.548635,GM12878,0.6720345,1.0,1
ENSG00000124356,1.4524472,1.548635,GM12878,0.6632203,1.0,1
ENSG00000124357,1.1921567,0.9175055,GM12878,0.66216004,1.0,1
ENSG00000124370,1.404537,1.3666097,GM12878,0.6595056,1.0,1
ENSG00000124374,-0.32053897,-0.69897,GM12878,0.8352389,1.0,1
ENSG00000124380,1.3598912,1.6141587,GM12878,0.62549824,1.0,1
ENSG00000124380,1.3961921,1.6141587,GM12878,0.6292279,1.0,1
ENSG00000124380,1.4402022,1.6141587,GM12878,0.61825496,1.0,1
ENSG00000124380,1.3989594,1.6141587,GM12878,0.59769946,1.0,1
ENSG00000124380,1.3792688,1.6141587,GM12878,0.628769,1.0,1
ENSG00000124383,1.3847712,1.3898746,GM12878,0.6534398,1.0,1
ENSG00000124383,1.390895,1.3898746,GM12878,0.6383026,1.0,1
ENSG00000124831,1.1322541,1.2491983,GM12878,0.6720726,1.0,1
ENSG00000124831,1.217839,1.2491983,GM12878,0.6611206,1.0,1
ENSG00000124831,1.1816683,1.2491983,GM12878,0.6606653,1.0,1
ENSG00000124831,1.2476174,1.2491983,GM12878,0.6307643,1.0,1
ENSG00000124831,1.1812704,1.2491983,GM12878,0.6688087,0.0074850298,1
ENSG00000125538,-0.18757936,-0.79588,GM12878,0.78117603,1.0,1
ENSG00000125551,-0.1297421,-0.63827217,GM12878,0.73740494,1.0,1
ENSG00000125571,-0.28083694,-0.88605666,GM12878,0.7664638,1.0,1
ENSG00000125611,1.5444953,1.1863912,GM12878,0.6205392,1.0,1
ENSG00000125611,1.5353651,1.1863912,GM12878,0.6504525,1.0,1
ENSG00000125629,1.0941228,1.3870337,GM12878,0.63895154,1.0,1
ENSG00000125629,1.0538753,1.3870337,GM12878,0.64262575,1.0,1
ENSG00000125629,1.0026834,1.3870337,GM12878,0.6305866,1.0,1
ENSG00000125629,0.93697697,1.3870337,GM12878,0.6465199,0.47379795,1
ENSG00000125630,1.5201081,1.499137,GM12878,0.67606,1.0,1
ENSG00000125630,1.496788,1.499137,GM12878,0.68011206,1.0,1
ENSG00000125630,1.5175228,1.499137,GM12878,0.6722996,0.062063616,1
ENSG00000125630,1.5105183,1.499137,GM12878,0.672928,0.93,1
ENSG00000125633,0.9872351,1.1658376,GM12878,0.6648334,1.0,1
ENSG00000125637,1.2101251,1.0081742,GM12878,0.64594966,1.0,1
ENSG00000125637,1.2257708,1.0081742,GM12878,0.6314039,1.0,1
ENSG00000125637,1.1946589,1.0081742,GM12878,0.6466025,1.0,1
ENSG00000125637,1.2116178,1.0081742,GM12878,0.66469437,1.0,1
ENSG00000125637,1.2235947,1.0081742,GM12878,0.6665363,1.0,1
ENSG00000125637,1.2506211,1.0081742,GM12878,0.6358972,1.0,1
ENSG00000125637,1.2273297,1.0081742,GM12878,0.6258839,1.0,1
ENSG00000125637,1.2004166,1.0081742,GM12878,0.6444767,1.0,1
ENSG00000125637,1.2007217,1.0081742,GM12878,0.65901196,1.0,1
ENSG00000125637,1.1994207,1.0081742,GM12878,0.6595413,1.0,1
ENSG00000126746,1.6277053,1.548635,GM12878,0.6573898,1.0,1
ENSG00000126746,1.641362,1.548635,GM12878,0.645586,0.20787746,1
ENSG00000127311,1.1471653,0.4756712,GM12878,0.6566086,1.0,1
ENSG00000127311,1.1672024,0.4756712,GM12878,0.602012,1.0,1
ENSG00000127311,1.0179119,0.4756712,GM12878,0.65751946,1.0,1
ENSG00000127311,1.0092499,0.4756712,GM12878,0.6600841,1.0,1
ENSG00000127311,0.9959139,0.4756712,GM12878,0.66183156,0.8467433,1
ENSG00000127314,1.3214521,2.2907023,GM12878,0.5752297,1.0,1
ENSG00000127314,1.3363038,2.2907023,GM12878,0.6247377,1.0,1
ENSG00000127314,1.3137779,2.2907023,GM12878,0.58642006,0.8893035,1
ENSG00000127314,1.3272527,2.2907023,GM12878,0.5734376,0.54487586,1
ENSG00000127314,1.3165883,2.2907023,GM12878,0.58355445,0.9493011,1
ENSG00000127314,1.3231106,2.2907023,GM12878,0.60326785,0.97630507,1
ENSG00000127328,0.5511079,1.20412,GM12878,0.64978266,1.0,1
ENSG00000127328,0.58541423,1.20412,GM12878,0.64335835,0.03137255,1
ENSG00000127329,-0.018776473,0.11394335,GM12878,0.7276701,1.0,1
ENSG00000127329,-0.041736465,0.11394335,GM12878,0.72704387,1.0,1
ENSG00000127329,-0.021751894,0.11394335,GM12878,0.7494489,1.0,1
ENSG00000127329,-0.034692615,0.11394335,GM12878,0.7437378,1.0,1
ENSG00000127329,-0.0055675227,0.11394335,GM12878,0.74389094,1.0,1
ENSG00000127329,-0.026409578,0.11394335,GM12878,0.7459246,1.0,1
ENSG00000127334,0.7204259,0.9973864,GM12878,0.6517086,0.5381485,1
ENSG00000127337,1.1716363,1.538825,GM12878,0.6778851,1.0,1
ENSG00000127720,1.2157106,0.13672057,GM12878,0.6309773,1.0,1
ENSG00000127720,1.2425385,0.13672057,GM12878,0.6394074,1.0,1
ENSG00000127831,-0.06171657,-0.27572414,GM12878,0.7769397,1.0,1
ENSG00000127831,-0.07633125,-0.27572414,GM12878,0.8039963,1.0,1
ENSG00000127837,1.3401346,1.5370631,GM12878,0.66472226,1.0,1
ENSG00000128641,-0.4949642,-0.92081875,GM12878,0.84699327,1.0,1
ENSG00000128654,1.2224759,2.0857186,GM12878,0.6780741,1.0,1
ENSG00000128654,1.1798694,2.0857186,GM12878,0.680218,0.04629921,1
ENSG00000128656,-0.24088798,-0.10237291,GM12878,0.7535623,1.0,1
ENSG00000128656,-0.22456206,-0.10237291,GM12878,0.7671936,1.0,1
ENSG00000128694,1.212023,0.924796,GM12878,0.6077061,1.0,1
ENSG00000128694,1.3186487,0.924796,GM12878,0.5764628,0.76880985,1
ENSG00000128699,1.1446165,1.7199938,GM12878,0.67466205,1.0,1
ENSG00000128699,1.2561679,1.7199938,GM12878,0.64699125,1.0,1
ENSG00000128699,1.1322728,1.7199938,GM12878,0.66657674,1.0,1
ENSG00000128699,1.178464,1.7199938,GM12878,0.66885996,0.7994707,1
ENSG00000128708,1.4398137,2.2692094,GM12878,0.64901406,1.0,1
ENSG00000128708,1.4704504,2.2692094,GM12878,0.6467716,0.9689303,1
ENSG00000128708,1.4568924,2.2692094,GM12878,0.62115264,0.9924983,1
ENSG00000129315,1.5796062,1.5712428,GM12878,0.61510706,1.0,1
ENSG00000129315,1.5477211,1.5712428,GM12878,0.6380399,0.6581071,1
ENSG00000129317,1.2123148,1.3016809,GM12878,0.68132,1.0,1
ENSG00000129317,1.2387674,1.3016809,GM12878,0.6780563,0.5429395,1
ENSG00000130038,0.99449605,0.8645111,GM12878,0.6650136,1.0,1
ENSG00000130038,0.9442672,0.8645111,GM12878,0.68198454,1.0,1
ENSG00000130414,1.3527408,1.9393694,GM12878,0.6658433,1.0,1
ENSG00000130783,-0.08338273,-0.124938734,GM12878,0.740806,1.0,1
ENSG00000130787,0.5736517,1.0941216,GM12878,0.6541832,1.0,1
ENSG00000130921,1.4349173,1.1048284,GM12878,0.67416227,1.0,1
ENSG00000132300,1.5246191,2.152533,GM12878,0.6611323,1.0,1
ENSG00000132300,1.5238512,2.152533,GM12878,0.66651046,1.0,1
ENSG00000132300,1.536001,2.152533,GM12878,0.66141665,1.0,1
ENSG00000132305,1.4287901,1.9421073,GM12878,0.657391,1.0,1
ENSG00000132305,1.4431065,1.9421073,GM12878,0.65456843,1.0,1
ENSG00000132323,1.2602642,1.3490832,GM12878,0.6902304,1.0,1
ENSG00000132323,1.2579142,1.3490832,GM12878,0.6920029,1.0,1
ENSG00000132323,1.2709477,1.3490832,GM12878,0.68560773,1.0,1
ENSG00000132323,1.2564077,1.3490832,GM12878,0.6924314,0.9828393,1
ENSG00000132326,1.38404,0.350248,GM12878,0.7002888,1.0,1
ENSG00000132326,1.3770163,0.350248,GM12878,0.69783837,0.66169155,1
ENSG00000132329,-0.618635,-0.30980393,GM12878,0.86464965,1.0,1
ENSG00000132330,1.1040325,1.1132747,GM12878,0.68689835,1.0,1
ENSG00000132330,1.1974797,1.1132747,GM12878,0.68077,1.0,1
ENSG00000132330,1.1414958,1.1132747,GM12878,0.6868932,1.0,1
ENSG00000132330,1.1568578,1.1132747,GM12878,0.6855897,0.124535315,1
ENSG00000132341,1.3590194,3.411069,GM12878,0.60743797,0.08587893,1
ENSG00000133641,0.979028,1.5317343,GM12878,0.62158686,1.0,1
ENSG00000133641,0.94836557,1.5317343,GM12878,0.64041764,1.0,1
ENSG00000133641,0.99402696,1.5317343,GM12878,0.6005053,0.66042554,1
ENSG00000133641,0.8876807,1.5317343,GM12878,0.6345992,0.9412023,1
ENSG00000133687,0.20344739,-0.92081875,GM12878,0.7234138,1.0,1
ENSG00000133703,0.9761846,1.1646502,GM12878,0.6223761,1.0,1
ENSG00000133703,0.90934795,1.1646502,GM12878,0.61408746,0.016381767,1
ENSG00000133704,1.0979431,1.1866739,GM12878,0.6700634,1.0,1
ENSG00000133773,1.1908343,1.4001925,GM12878,0.59400576,1.0,1
ENSG00000133773,1.0238405,1.4001925,GM12878,0.6232616,1.0,1
ENSG00000133858,1.3658322,1.8242561,GM12878,0.61502063,1.0,1
ENSG00000133858,1.3368642,1.8242561,GM12878,0.62530726,1.0,1
ENSG00000134283,1.2975304,1.9033071,GM12878,0.6680822,1.0,1
ENSG00000134283,1.2775568,1.9033071,GM12878,0.6705722,1.0,1
ENSG00000134283,1.3594625,1.9033071,GM12878,0.60327274,0.14871553,1
ENSG00000134283,1.2659576,1.9033071,GM12878,0.66187096,0.57435775,1
ENSG00000134283,1.2907315,1.9033071,GM12878,0.65618163,0.03582371,1
ENSG00000134283,1.3071359,1.9033071,GM12878,0.6473906,0.97013485,1
ENSG00000134285,-0.029850243,0.8312297,GM12878,0.7403618,1.0,1
ENSG00000134287,1.1762587,2.0677402,GM12878,0.6775883,1.0,1
ENSG00000134287,1.1627629,2.0677402,GM12878,0.6822048,1.0,1
ENSG00000134287,1.1577573,2.0677402,GM12878,0.6762277,0.9950777,1
ENSG00000134291,0.5558001,2.1332195,GM12878,0.70113236,1.0,1
ENSG00000134294,1.3198661,2.0171585,GM12878,0.671191,1.0,1
ENSG00000134294,1.318206,2.0171585,GM12878,0.6707881,0.91113335,1
ENSG00000134308,1.3299441,2.3748765,GM12878,0.67775315,1.0,1
ENSG00000134313,0.9854407,1.5081255,GM12878,0.67293257,1.0,1
ENSG00000134313,0.9730435,1.5081255,GM12878,0.66945636,1.0,1
ENSG00000134313,1.0240464,1.5081255,GM12878,0.6544298,0.09715994,1
ENSG00000134317,0.9772492,0.7041505,GM12878,0.63986886,1.0,1
ENSG00000134317,0.97372705,0.7041505,GM12878,0.6365358,1.0,1
ENSG00000134318,1.1829078,0.84010607,GM12878,0.660324,1.0,1
ENSG00000134318,1.1666727,0.84010607,GM12878,0.6706116,1.0,1
ENSG00000134318,1.2292837,0.84010607,GM12878,0.64282835,1.0,1
ENSG00000134318,1.2412125,0.84010607,GM12878,0.6434757,1.0,1
ENSG00000134321,-0.23462428,-0.4202164,GM12878,0.7944746,1.0,1
ENSG00000134324,1.2365042,1.854306,GM12878,0.68907255,1.0,1
ENSG00000134324,1.1996619,1.854306,GM12878,0.70132107,0.056830805,1
ENSG00000134326,0.69524485,0.50105923,GM12878,0.77336884,1.0,1
ENSG00000134531,-0.4819789,-0.7212464,GM12878,0.81693316,1.0,1
ENSG00000134532,-0.6975669,1.0681858,GM12878,0.9135333,1.0,1
ENSG00000134532,-0.6900242,1.0681858,GM12878,0.908,1.0,1
ENSG00000135090,1.2394335,1.6541766,GM12878,0.67352855,1.0,1
ENSG00000135090,1.2924839,1.6541766,GM12878,0.66973007,1.0,1
ENSG00000135090,1.2156751,1.6541766,GM12878,0.67368066,1.0,1
ENSG00000135090,1.2243625,1.6541766,GM12878,0.6708008,0.9892819,1
ENSG00000135090,1.2481768,1.6541766,GM12878,0.66951543,0.0,1
ENSG00000135093,1.0442281,1.0906107,GM12878,0.64660466,1.0,1
ENSG00000135093,1.0991238,1.0906107,GM12878,0.6271554,1.0,1
ENSG00000135093,1.0560534,1.0906107,GM12878,0.6444973,1.0,1
ENSG00000135093,1.1120284,1.0906107,GM12878,0.61991584,1.0,1
ENSG00000135108,0.8142924,0.8293038,GM12878,0.63871294,1.0,1
ENSG00000135124,1.0176269,1.1743506,GM12878,0.68217444,0.30533335,1
ENSG00000135124,1.0306048,1.1743506,GM12878,0.668902,0.0,1
ENSG00000135124,1.0270948,1.1743506,GM12878,0.6787783,0.07363014,1
ENSG00000135127,-0.5337381,0.11058971,GM12878,0.8582255,1.0,1
ENSG00000135148,1.1372594,1.6369891,GM12878,0.67216456,1.0,1
ENSG00000135390,1.3462279,2.530046,GM12878,0.6657508,1.0,1
ENSG00000135390,1.3370159,2.530046,GM12878,0.66485244,1.0,1
ENSG00000135392,1.2309319,0.83884907,GM12878,0.6647881,1.0,1
ENSG00000135404,1.4342923,2.3220744,GM12878,0.67378175,1.0,1
ENSG00000135407,-0.11205449,-0.60206,GM12878,0.7923991,1.0,1
ENSG00000135414,0.76332617,0.5658478,GM12878,0.693498,1.0,1
ENSG00000135424,-0.35205078,-0.022276394,GM12878,0.90342546,1.0,1
ENSG00000135426,0.20841752,0.1398791,GM12878,0.72973776,1.0,1
ENSG00000135436,-0.061713852,-0.7447275,GM12878,0.7934587,1.0,1
ENSG00000135436,-0.08565266,-0.7447275,GM12878,0.79004085,1.0,1
ENSG00000135436,-0.08556387,-0.7447275,GM12878,0.79337156,1.0,1
ENSG00000135439,-0.14916395,-0.537602,GM12878,0.79434323,1.0,1
ENSG00000135441,1.2529315,1.8585372,GM12878,0.67462766,1.0,1
ENSG00000135441,1.3394655,1.8585372,GM12878,0.6709121,1.0,1
ENSG00000135441,1.324723,1.8585372,GM12878,0.64005595,0.98213196,1
ENSG00000135441,1.324723,1.8585372,GM12878,0.64005595,0.5353774,1
ENSG00000135446,1.4683703,2.536899,GM12878,0.6834932,1.0,1
ENSG00000135446,1.470834,2.536899,GM12878,0.6833026,0.9989126,1
ENSG00000135451,1.5825901,1.6447339,GM12878,0.68388987,1.0,1
ENSG00000135451,1.5844803,1.6447339,GM12878,0.68335474,1.0,1
ENSG00000135451,1.5831373,1.6447339,GM12878,0.6865348,1.0,1
ENSG00000135451,1.5760795,1.6447339,GM12878,0.6724408,0.97270954,1
ENSG00000135452,1.4961265,1.1826999,GM12878,0.6661302,1.0,1
ENSG00000135454,0.84678346,0.89872515,GM12878,0.6813338,1.0,1
ENSG00000135457,1.5379517,1.3747483,GM12878,0.67148304,1.0,1
ENSG00000135469,1.0106492,1.3586961,GM12878,0.6964729,1.0,1
ENSG00000135469,1.017463,1.3586961,GM12878,0.68686557,1.0,1
ENSG00000135469,1.0540285,1.3586961,GM12878,0.6859802,1.0,1
ENSG00000135473,1.6700541,1.883775,GM12878,0.6621794,1.0,1
ENSG00000135473,1.6011581,1.883775,GM12878,0.6751929,1.0,1
ENSG00000135476,1.3408275,1.2355285,GM12878,0.68017703,1.0,1
ENSG00000135476,1.3068473,1.2355285,GM12878,0.6887381,0.5907173,1
ENSG00000135482,0.9785741,-0.017728766,GM12878,0.6805857,1.0,1
ENSG00000135486,1.5668621,2.9958897,GM12878,0.6657705,1.0,1
ENSG00000135486,1.5749049,2.9958897,GM12878,0.68002284,0.34279418,1
ENSG00000135503,0.7996631,0.8162413,GM12878,0.70330405,1.0,1
ENSG00000135503,0.789967,0.8162413,GM12878,0.7036445,1.0,1
ENSG00000135506,1.3711402,1.8877298,GM12878,0.674231,1.0,1
ENSG00000135506,1.3851229,1.8877298,GM12878,0.67114925,0.9977635,1
ENSG00000135506,1.3860724,1.8877298,GM12878,0.6659837,0.998253,1
ENSG00000135506,1.3867924,1.8877298,GM12878,0.67619926,0.6018163,1
ENSG00000135517,-0.38733846,-0.88605666,GM12878,0.8057391,1.0,1
ENSG00000135519,-0.33731142,-0.92081875,GM12878,0.9266927,1.0,1
ENSG00000135519,-0.33953965,-0.92081875,GM12878,0.9248706,1.0,1
ENSG00000135519,-0.31212753,-0.92081875,GM12878,0.9267126,1.0,1
ENSG00000135617,1.2036996,1.358506,GM12878,0.6740848,1.0,1
ENSG00000135617,1.2214922,1.358506,GM12878,0.6747801,1.0,1
ENSG00000135617,1.1956201,1.358506,GM12878,0.6874831,1.0,1
ENSG00000135622,0.14861013,-0.27572414,GM12878,0.79324514,1.0,1
ENSG00000135624,1.4153179,2.686082,GM12878,0.6841341,1.0,1
ENSG00000135624,1.4217883,2.686082,GM12878,0.6855935,0.009721189,1
ENSG00000135632,1.3207473,1.5007852,GM12878,0.6712922,1.0,1
ENSG00000135643,0.022771573,-0.56863624,GM12878,0.7278653,1.0,1
ENSG00000135655,1.5901484,2.1769302,GM12878,0.60402733,1.0,1
ENSG00000135655,1.5347728,2.1769302,GM12878,0.6303473,1.0,1
ENSG00000135655,1.5758849,2.1769302,GM12878,0.60460275,0.9838002,1
ENSG00000135677,1.1549451,1.3802112,GM12878,0.6699509,1.0,1
ENSG00000135677,1.2088082,1.3802112,GM12878,0.6527086,0.7834483,1
ENSG00000135677,1.1657001,1.3802112,GM12878,0.66749126,0.0,1
ENSG00000135679,1.3999119,1.3823773,GM12878,0.68178016,1.0,1
ENSG00000135679,1.3099763,1.3823773,GM12878,0.6850699,0.97324723,1
ENSG00000135679,1.3852568,1.3823773,GM12878,0.6770257,0.99904764,1
ENSG00000135679,1.3631259,1.3823773,GM12878,0.6800849,0.9740019,1
ENSG00000135679,1.3421113,1.3823773,GM12878,0.6796932,1.0,1
ENSG00000135898,-0.6637022,-0.36653155,GM12878,0.8734328,1.0,1
ENSG00000135899,0.9300428,0.29003462,GM12878,0.62572855,1.0,1
ENSG00000135899,0.7554887,0.29003462,GM12878,0.6600694,1.0,1
ENSG00000135899,0.80806535,0.29003462,GM12878,0.660422,1.0,1
ENSG00000135912,1.1396092,1.5507175,GM12878,0.6765554,1.0,1
ENSG00000135913,1.2423576,0.81291336,GM12878,0.6628586,1.0,1
ENSG00000135913,1.3606715,0.81291336,GM12878,0.6500467,1.0,1
ENSG00000135913,1.44574,0.81291336,GM12878,0.629051,0.96666664,1
ENSG00000135913,1.2689601,0.81291336,GM12878,0.6583655,0.9627451,1
ENSG00000135916,0.931947,1.6893089,GM12878,0.6837574,1.0,1
ENSG00000135916,0.91746795,1.6893089,GM12878,0.68559325,1.0,1
ENSG00000135916,0.9354179,1.6893089,GM12878,0.68190116,1.0,1
ENSG00000135916,0.99968606,1.6893089,GM12878,0.6727503,0.7501063,1
ENSG00000135916,0.9636211,1.6893089,GM12878,0.68337226,0.99872506,1
ENSG00000135924,0.81299394,0.6314438,GM12878,0.6910964,1.0,1
ENSG00000135924,0.8347063,0.6314438,GM12878,0.68610543,1.0,1
ENSG00000135926,1.4679282,1.6454222,GM12878,0.69427735,1.0,1
ENSG00000135926,1.5067372,1.6454222,GM12878,0.6859535,1.0,1
ENSG00000135926,1.4457457,1.6454222,GM12878,0.6949362,0.55841535,1
ENSG00000135926,1.4822828,1.6454222,GM12878,0.6889905,0.0013537906,1
ENSG00000135930,1.4166784,1.3117539,GM12878,0.6684966,1.0,1
ENSG00000135930,1.5146813,1.3117539,GM12878,0.66971666,0.76930064,1
ENSG00000135931,0.5806877,0.2552725,GM12878,0.684494,1.0,1
ENSG00000135931,0.575752,0.2552725,GM12878,0.68468624,1.0,1
ENSG00000135932,1.27621,1.769525,GM12878,0.671803,1.0,1
ENSG00000135940,1.5146306,2.6450388,GM12878,0.65163845,1.0,1
ENSG00000135940,1.4456184,2.6450388,GM12878,0.6601127,1.0,1
ENSG00000135945,1.1638271,1.6389881,GM12878,0.6756328,1.0,1
ENSG00000135945,1.1762303,1.6389881,GM12878,0.6757889,0.1492205,1
ENSG00000135953,1.1951251,0.79934055,GM12878,0.680065,1.0,1
ENSG00000135953,1.2127849,0.79934055,GM12878,0.6754188,1.0,1
ENSG00000135953,1.1815923,0.79934055,GM12878,0.68765163,0.22434367,1
ENSG00000135956,1.2606844,1.0417873,GM12878,0.685029,1.0,1
ENSG00000135956,1.271632,1.0417873,GM12878,0.68283147,1.0,1
ENSG00000135966,1.3125985,0.854913,GM12878,0.68666464,1.0,1
ENSG00000135966,1.3096825,0.854913,GM12878,0.6869698,1.0,1
ENSG00000135968,1.2687892,1.1519824,GM12878,0.6326225,1.0,1
ENSG00000135974,1.4708853,1.3873898,GM12878,0.6643153,1.0,1
ENSG00000135976,0.6766408,0.98989457,GM12878,0.63738185,1.0,1
ENSG00000135999,1.3558257,1.414472,GM12878,0.6436198,1.0,1
ENSG00000135999,1.3715022,1.414472,GM12878,0.6628863,1.0,1
ENSG00000135999,1.3439953,1.414472,GM12878,0.6566532,1.0,1
ENSG00000136003,1.4598553,1.8243862,GM12878,0.6677602,1.0,1
ENSG00000136003,1.4374286,1.8243862,GM12878,0.6824312,0.06982093,1
ENSG00000136003,1.4413323,1.8243862,GM12878,0.6776025,0.0022763088,1
ENSG00000136003,1.4521184,1.8243862,GM12878,0.6857438,0.00070150825,1
ENSG00000136010,0.5848916,0.48144263,GM12878,0.6578052,1.0,1
ENSG00000136010,0.5895073,0.48144263,GM12878,0.65666664,1.0,1
ENSG00000136010,0.61350495,0.48144263,GM12878,0.6565629,1.0,1
ENSG00000136021,1.5732,1.3546846,GM12878,0.66001415,1.0,1
ENSG00000136021,1.5901394,1.3546846,GM12878,0.6520311,1.0,1
ENSG00000136040,-0.4945729,-0.48148605,GM12878,0.8349695,1.0,1
ENSG00000136040,-0.5076893,-0.48148605,GM12878,0.8305765,1.0,1
ENSG00000136044,1.1888378,1.0077478,GM12878,0.6310895,1.0,1
ENSG00000136044,1.2512043,1.0077478,GM12878,0.60543907,1.0,1
ENSG00000136045,1.4236171,1.9060656,GM12878,0.66914076,1.0,1
ENSG00000136048,0.94398314,0.22271647,GM12878,0.67606837,1.0,1
ENSG00000136051,1.0959668,1.2605484,GM12878,0.6460504,1.0,1
ENSG00000136051,1.1529049,1.2605484,GM12878,0.62985635,1.0,1
ENSG00000136052,0.15772726,-0.6777807,GM12878,0.8215289,1.0,1
ENSG00000136536,1.4811264,1.6893089,GM12878,0.6532882,1.0,1
ENSG00000136536,1.4977696,1.6893089,GM12878,0.6446414,1.0,1
ENSG00000136536,1.4739394,1.6893089,GM12878,0.65233237,0.8555219,1
ENSG00000136536,1.4804327,1.6893089,GM12878,0.653553,0.8555219,1
ENSG00000136541,0.09187877,-0.7447275,GM12878,0.69902456,1.0,1
ENSG00000136541,-0.04137843,-0.7447275,GM12878,0.7429351,1.0,1
ENSG00000136542,1.441758,1.6290016,GM12878,0.6718724,1.0,1
ENSG00000136542,1.4228694,1.6290016,GM12878,0.673002,1.0,1
ENSG00000136560,1.3474218,1.6435513,GM12878,0.63611954,1.0,1
ENSG00000136560,1.334212,1.6435513,GM12878,0.64097846,1.0,1
ENSG00000136560,1.3154842,1.6435513,GM12878,0.6472406,1.0,1
ENSG00000136560,1.3698874,1.6435513,GM12878,0.6222691,1.0,1
ENSG00000136682,0.055267513,1.4702635,GM12878,0.7125028,1.0,1
ENSG00000136682,0.048943624,1.4702635,GM12878,0.7063009,0.39384496,1
ENSG00000136682,0.10503642,1.4702635,GM12878,0.68494534,0.018551765,1
ENSG00000136682,0.029984707,1.4702635,GM12878,0.7132988,0.12951168,1
ENSG00000136682,0.12671414,1.4702635,GM12878,0.6822098,0.8266108,1
ENSG00000136699,1.1461004,1.6574383,GM12878,0.7063582,1.0,1
ENSG00000136699,1.2340896,1.6574383,GM12878,0.6709508,0.08573903,1
ENSG00000136699,1.1738007,1.6574383,GM12878,0.70379,0.76760566,1
ENSG00000136699,1.1383802,1.6574383,GM12878,0.7038041,0.9672771,1
ENSG00000136709,1.5233338,1.6395861,GM12878,0.6601504,1.0,1
ENSG00000136710,1.1465245,1.6773331,GM12878,0.6563254,1.0,1
ENSG00000136710,1.077857,1.6773331,GM12878,0.68888855,0.102380954,1
ENSG00000136715,1.1172714,0.9965117,GM12878,0.6719151,0.4827586,1
ENSG00000136717,-0.61530566,-0.060480747,GM12878,0.95437175,1.0,1
ENSG00000136718,1.2342944,2.0466902,GM12878,0.67724997,1.0,1
ENSG00000136731,1.4537998,1.2962263,GM12878,0.67059034,1.0,1
ENSG00000136731,1.2429976,1.2962263,GM12878,0.6806912,1.0,1
ENSG00000136732,1.3991843,2.287152,GM12878,0.6615716,1.0,1
ENSG00000136732,1.3769624,2.287152,GM12878,0.6649397,0.0075281016,1
ENSG00000136732,1.4889123,2.287152,GM12878,0.66516167,0.50829196,1
ENSG00000138002,1.0418704,1.2214142,GM12878,0.67230403,1.0,1
ENSG00000138002,1.0463727,1.2214142,GM12878,0.6720698,0.0,1
ENSG00000138018,1.5026052,1.3220124,GM12878,0.61955726,1.0,1
ENSG00000138029,1.5241399,1.962322,GM12878,0.6740537,1.0,1
ENSG00000138029,1.5066682,1.962322,GM12878,0.66718334,1.0,1
ENSG00000138029,1.5477998,1.962322,GM12878,0.6443412,0.9915265,1
ENSG00000138030,0.436289,0.4578819,GM12878,0.788381,1.0,1
ENSG00000138031,0.3127686,1.474362,GM12878,0.8134906,1.0,1
ENSG00000138031,0.29136652,1.474362,GM12878,0.8190038,1.0,1
ENSG00000138031,0.26588985,1.474362,GM12878,0.82715034,0.3809524,1
ENSG00000138032,0.9998819,1.5174599,GM12878,0.5978065,1.0,1
ENSG00000138032,1.0184535,1.5174599,GM12878,0.62421423,1.0,1
ENSG00000138032,0.83778584,1.5174599,GM12878,0.6370312,0.99812263,1
ENSG00000138032,0.92098814,1.5174599,GM12878,0.6121694,0.637321,1
ENSG00000138035,1.189412,1.602711,GM12878,0.6581121,1.0,1
ENSG00000138035,1.1867752,1.602711,GM12878,0.65139097,1.0,1
ENSG00000138035,1.2294438,1.602711,GM12878,0.63569266,1.0,1
ENSG00000138036,0.9932565,1.4723176,GM12878,0.64926684,1.0,1
ENSG00000138050,1.4422336,1.4776999,GM12878,0.65153664,1.0,1
ENSG00000138050,1.426275,1.4776999,GM12878,0.6673767,1.0,1
ENSG00000138050,1.401989,1.4776999,GM12878,0.6524167,0.4416191,1
ENSG00000138050,1.3617421,1.4776999,GM12878,0.6571352,0.054569364,1
ENSG00000138069,1.3736725,2.0828214,GM12878,0.6367032,1.0,1
ENSG00000138071,1.4286553,2.0807707,GM12878,0.655382,1.0,1
ENSG00000138071,1.4341373,2.0807707,GM12878,0.66041166,1.0,1
ENSG00000138071,1.4549083,2.0807707,GM12878,0.63221264,1.0,1
ENSG00000138071,1.401964,2.0807707,GM12878,0.6610099,1.0,1
ENSG00000138071,1.4887561,2.0807707,GM12878,0.60733676,0.0,1
ENSG00000138073,1.288121,1.8209236,GM12878,0.6803271,1.0,1
ENSG00000138073,1.2813367,1.8209236,GM12878,0.6885472,1.0,1
ENSG00000138073,1.2842036,1.8209236,GM12878,0.68937474,0.993831,1
ENSG00000138073,1.3003008,1.8209236,GM12878,0.68312496,0.98530495,1
ENSG00000138074,1.581235,2.0226758,GM12878,0.688695,1.0,1
ENSG00000138074,1.5829542,2.0226758,GM12878,0.689588,0.0038812784,1
ENSG00000138078,1.3671689,1.6208645,GM12878,0.5624145,1.0,1
ENSG00000138078,1.3167521,1.6208645,GM12878,0.61092937,1.0,1
ENSG00000138078,1.3470656,1.6208645,GM12878,0.5632717,1.0,1
ENSG00000138078,1.3152602,1.6208645,GM12878,0.5868222,1.0,1
ENSG00000138078,1.4325194,1.6208645,GM12878,0.52799433,1.0,1
ENSG00000138078,1.3506186,1.6208645,GM12878,0.55657166,0.9982614,1
ENSG00000138078,1.3249326,1.6208645,GM12878,0.5916895,0.34531185,1
ENSG00000138080,-0.29740003,-0.4436975,GM12878,0.8566737,1.0,1
ENSG00000138080,-0.3018838,-0.4436975,GM12878,0.859661,1.0,1
ENSG00000138081,1.5526824,1.4988617,GM12878,0.62548953,1.0,1
ENSG00000138085,1.6644711,2.12827,GM12878,0.63902813,1.0,1
ENSG00000138092,1.6302307,1.731347,GM12878,0.64656025,1.0,1
ENSG00000138092,1.6367016,1.731347,GM12878,0.65731096,0.60303515,1
ENSG00000138095,1.3695261,2.1406024,GM12878,0.6562674,1.0,1
ENSG00000138095,1.42994,2.1406024,GM12878,0.6491375,1.0,1
ENSG00000138095,1.385174,2.1406024,GM12878,0.64828295,1.0,1
ENSG00000138095,1.392559,2.1406024,GM12878,0.64630246,1.0,1
ENSG00000138095,1.3910925,2.1406024,GM12878,0.6451527,1.0,1
ENSG00000138101,-0.25545028,0.1271048,GM12878,0.89504033,1.0,1
ENSG00000138101,-0.23526146,0.1271048,GM12878,0.89147407,1.0,1
ENSG00000138356,-0.2950356,-0.7447275,GM12878,0.784593,1.0,1
ENSG00000138363,1.5961109,2.0111897,GM12878,0.6223524,1.0,1
ENSG00000138375,1.3362854,1.349666,GM12878,0.6626014,1.0,1
ENSG00000138375,1.3985791,1.349666,GM12878,0.6372153,0.94951236,1
ENSG00000138376,0.92709655,0.9334873,GM12878,0.6430802,1.0,1
ENSG00000138376,1.01655,0.9334873,GM12878,0.6395841,1.0,1
ENSG00000138376,1.0558454,0.9334873,GM12878,0.6376346,1.0,1
ENSG00000138376,0.93376696,0.9334873,GM12878,0.638168,0.87261146,1
ENSG00000138376,1.0411962,0.9334873,GM12878,0.6369739,1.0,1
ENSG00000138378,-0.6660888,-0.92081875,GM12878,0.85933363,1.0,1
ENSG00000138380,1.2918395,0.5599066,GM12878,0.66479945,1.0,1
ENSG00000138380,1.2853974,0.5599066,GM12878,0.65971494,1.0,1
ENSG00000138380,1.3994892,0.5599066,GM12878,0.6413384,0.0,1
ENSG00000138380,1.2831295,0.5599066,GM12878,0.6635734,0.12719299,1
ENSG00000138380,1.3297489,0.5599066,GM12878,0.6582203,0.9754902,1
ENSG00000138380,1.2709467,0.5599066,GM12878,0.66536003,1.0,1
ENSG00000138380,1.3136635,0.5599066,GM12878,0.66281337,0.6271777,1
ENSG00000138380,1.3582096,0.5599066,GM12878,0.6482086,0.0,1
ENSG00000138381,1.2432874,1.3003781,GM12878,0.66849303,1.0,1
ENSG00000138381,1.2367866,1.3003781,GM12878,0.6738703,1.0,1
ENSG00000138382,1.1893227,2.1152444,GM12878,0.65879637,1.0,1
ENSG00000138385,1.2284524,2.4353347,GM12878,0.65113235,1.0,1
ENSG00000138386,1.271121,1.2129862,GM12878,0.6567662,1.0,1
ENSG00000138386,1.259606,1.2129862,GM12878,0.64325976,1.0,1
ENSG00000138386,1.2573876,1.2129862,GM12878,0.65732425,1.0,1
ENSG00000138386,1.2686491,1.2129862,GM12878,0.64982516,1.0,1
ENSG00000138386,1.2461187,1.2129862,GM12878,0.6508999,1.0,1
ENSG00000138386,1.2616419,1.2129862,GM12878,0.6267704,1.0,1
ENSG00000138386,1.2582533,1.2129862,GM12878,0.647431,1.0,1
ENSG00000138386,1.25687,1.2129862,GM12878,0.6454064,1.0,1
ENSG00000138386,1.2511332,1.2129862,GM12878,0.6485976,0.97722095,1
ENSG00000138398,1.435855,1.9762124,GM12878,0.6538763,1.0,1
ENSG00000138398,1.3881617,1.9762124,GM12878,0.6636066,0.93984795,1
ENSG00000138399,1.1189156,1.9340438,GM12878,0.65406376,1.0,1
ENSG00000138399,1.131208,1.9340438,GM12878,0.6503416,0.76833487,1
ENSG00000138399,1.0712436,1.9340438,GM12878,0.65377575,0.91881496,1
ENSG00000138411,-0.67610896,-0.32790214,GM12878,0.8976614,1.0,1
ENSG00000138411,-0.70271283,-0.32790214,GM12878,0.914352,1.0,1
ENSG00000138413,0.98953766,1.8581159,GM12878,0.68094015,1.0,1
ENSG00000138430,1.3382406,2.3815482,GM12878,0.66527265,1.0,1
ENSG00000138430,1.3388721,2.3815482,GM12878,0.6530179,1.0,1
ENSG00000138430,1.3182292,2.3815482,GM12878,0.66928214,1.0,1
ENSG00000138430,1.2868764,2.3815482,GM12878,0.6877262,1.0,1
ENSG00000138430,1.2876942,2.3815482,GM12878,0.6823249,0.57125014,1
ENSG00000138433,1.2935424,1.1212314,GM12878,0.61412144,1.0,1
ENSG00000138433,1.311541,1.1212314,GM12878,0.6393666,1.0,1
ENSG00000138433,1.2592049,1.1212314,GM12878,0.64135724,1.0,1
ENSG00000138433,1.2922722,1.1212314,GM12878,0.6235985,1.0,1
ENSG00000138433,1.2649975,1.1212314,GM12878,0.63299495,1.0,1
ENSG00000138433,1.2920198,1.1212314,GM12878,0.6111665,1.0,1
ENSG00000138433,1.3056936,1.1212314,GM12878,0.6259503,1.0,1
ENSG00000138433,1.290035,1.1212314,GM12878,0.63135576,1.0,1
ENSG00000138434,1.3507776,1.5533975,GM12878,0.66657174,1.0,1
ENSG00000138434,1.3773241,1.5533975,GM12878,0.65497327,0.94389206,1
ENSG00000138434,1.3640578,1.5533975,GM12878,0.6523186,0.7046632,1
ENSG00000138434,1.3466133,1.5533975,GM12878,0.66876113,0.7635422,1
ENSG00000138439,0.89529294,0.23804611,GM12878,0.62859803,1.0,1
ENSG00000138442,1.3685695,2.2621899,GM12878,0.60819566,1.0,1
ENSG00000138443,0.80220735,1.0860037,GM12878,0.69246936,1.0,1
ENSG00000138443,0.8523341,1.0860037,GM12878,0.6875868,1.0,1
ENSG00000138443,0.8161312,1.0860037,GM12878,0.6931789,1.0,1
ENSG00000138443,0.7774901,1.0860037,GM12878,0.69323707,0.023201857,1
ENSG00000138443,0.8189319,1.0860037,GM12878,0.6919165,0.14430894,1
ENSG00000138443,0.8297896,1.0860037,GM12878,0.6876665,0.005976096,1
ENSG00000138443,0.88509864,1.0860037,GM12878,0.6845684,0.96893203,1
ENSG00000138443,0.89223695,1.0860037,GM12878,0.68870336,0.005976096,1
ENSG00000138443,0.7909439,1.0860037,GM12878,0.6921942,0.82509506,1
ENSG00000138448,1.2189264,1.1010593,GM12878,0.6609393,1.0,1
ENSG00000138449,1.4833478,1.5110809,GM12878,0.6812403,1.0,1
ENSG00000139044,-0.38922822,-0.537602,GM12878,0.82259756,1.0,1
ENSG00000139044,-0.4025391,-0.537602,GM12878,0.8169455,1.0,1
ENSG00000139044,-0.40032634,-0.537602,GM12878,0.8249118,1.0,1
ENSG00000139083,1.4185277,0.45636603,GM12878,0.63767874,1.0,1
ENSG00000139112,1.2371374,1.0476642,GM12878,0.65852123,1.0,1
ENSG00000139112,1.0598059,1.0476642,GM12878,0.62534744,1.0,1
ENSG00000139116,0.83901864,1.2638726,GM12878,0.6561418,1.0,1
ENSG00000139116,0.8827118,1.2638726,GM12878,0.64479715,1.0,1
ENSG00000139116,0.9028464,1.2638726,GM12878,0.63188505,1.0,1
ENSG00000139116,0.9448927,1.2638726,GM12878,0.61919856,0.005291005,1
ENSG00000139116,0.90775126,1.2638726,GM12878,0.6306178,0.38004947,1
ENSG00000139116,0.96878517,1.2638726,GM12878,0.60768086,0.03730738,1
ENSG00000139116,0.8764322,1.2638726,GM12878,0.6357051,0.9459459,1
ENSG00000139116,0.93631893,1.2638726,GM12878,0.6327264,0.01048218,1
ENSG00000139131,1.2327585,1.4364806,GM12878,0.66483575,1.0,1
ENSG00000139133,0.7888748,1.0809871,GM12878,0.62244785,1.0,1
ENSG00000139133,0.8002366,1.0809871,GM12878,0.59789604,1.0,1
ENSG00000139146,1.4674784,1.8637391,GM12878,0.64928526,1.0,1
ENSG00000139146,1.4674784,1.8637391,GM12878,0.64928526,1.0,1
ENSG00000139154,0.9779858,0.854913,GM12878,0.6108571,1.0,1
ENSG00000139160,1.2654608,-0.055517327,GM12878,0.66881627,1.0,1
ENSG00000139160,1.2505565,-0.055517327,GM12878,0.6660573,1.0,1
ENSG00000139163,1.0854082,1.4116197,GM12878,0.68040186,1.0,1
ENSG00000139163,1.1049552,1.4116197,GM12878,0.6784738,1.0,1
ENSG00000139163,1.1151879,1.4116197,GM12878,0.6753136,1.0,1
ENSG00000139163,1.1491859,1.4116197,GM12878,0.67165726,1.0,1
ENSG00000139163,1.253593,1.4116197,GM12878,0.65679437,0.0,1
ENSG00000139168,1.3281751,1.447778,GM12878,0.6144465,1.0,1
ENSG00000139173,0.45492867,-0.1426675,GM12878,0.7390058,1.0,1
ENSG00000139173,0.48798302,-0.1426675,GM12878,0.7371655,1.0,1
ENSG00000139173,0.4651508,-0.1426675,GM12878,0.73871213,1.0,1
ENSG00000139174,-0.6643063,-0.17392519,GM12878,0.9271015,1.0,1
ENSG00000139178,1.1795304,0.7185017,GM12878,0.68112415,1.0,1
ENSG00000139180,1.2730917,1.8949803,GM12878,0.6285292,1.0,1
ENSG00000139180,1.3585458,1.8949803,GM12878,0.6117625,0.85535055,1
ENSG00000139182,0.9359762,1.3104808,GM12878,0.6587051,1.0,1
ENSG00000139182,0.9582043,1.3104808,GM12878,0.673115,1.0,1
ENSG00000139182,0.9550906,1.3104808,GM12878,0.6742268,1.0,1
ENSG00000139187,-0.034437545,0.37106785,GM12878,0.7409393,1.0,1
ENSG00000139190,1.1631677,0.8280151,GM12878,0.68962926,1.0,1
ENSG00000139190,1.0992343,0.8280151,GM12878,0.69381833,1.0,1
ENSG00000139190,1.0791339,0.8280151,GM12878,0.7014604,1.0,1
ENSG00000139190,1.0741458,0.8280151,GM12878,0.70270663,1.0,1
ENSG00000139192,0.7214084,-0.36653155,GM12878,0.718206,1.0,1
ENSG00000139192,0.72447973,-0.36653155,GM12878,0.7077119,1.0,1
ENSG00000139192,0.6775656,-0.36653155,GM12878,0.71474254,1.0,1
ENSG00000139192,0.7421157,-0.36653155,GM12878,0.7205038,1.0,1
ENSG00000139194,1.1759056,0.92737037,GM12878,0.663951,1.0,1
ENSG00000139197,1.1549997,1.1152776,GM12878,0.67357576,1.0,1
ENSG00000139197,1.1798509,1.1152776,GM12878,0.69223946,0.392,1
ENSG00000139218,1.304897,1.6919651,GM12878,0.64849997,1.0,1
ENSG00000139233,1.3808289,1.177825,GM12878,0.6637797,1.0,1
ENSG00000139263,-0.44658697,-0.7695511,GM12878,0.7990379,1.0,1
ENSG00000139266,0.18906479,0.8318698,GM12878,0.7577903,1.0,1
ENSG00000139278,-0.16463058,-0.55284196,GM12878,0.748331,1.0,1
ENSG00000139278,-0.10070696,-0.55284196,GM12878,0.75271356,1.0,1
ENSG00000139278,-0.09947027,-0.55284196,GM12878,0.74985474,1.0,1
ENSG00000139278,-0.09947027,-0.55284196,GM12878,0.74985474,1.0,1
ENSG00000139278,-0.05488473,-0.55284196,GM12878,0.75271195,1.0,1
ENSG00000139291,1.1249145,1.1619666,GM12878,0.6746086,1.0,1
ENSG00000139291,1.1518309,1.1619666,GM12878,0.660144,1.0,1
ENSG00000139323,1.3763657,1.0802656,GM12878,0.68730766,1.0,1
ENSG00000139323,1.3583316,1.0802656,GM12878,0.70283276,1.0,1
ENSG00000139323,1.4121833,1.0802656,GM12878,0.67640615,0.16414687,1
ENSG00000139323,1.3561475,1.0802656,GM12878,0.7022982,0.79913604,1
ENSG00000139324,0.98987013,0.69108146,GM12878,0.57932025,1.0,1
ENSG00000139324,0.98888427,0.69108146,GM12878,0.55140615,1.0,1
ENSG00000139324,0.929975,0.69108146,GM12878,0.5794418,1.0,1
ENSG00000139324,0.88567734,0.69108146,GM12878,0.61714625,1.0,1
ENSG00000139324,0.98345846,0.69108146,GM12878,0.55072606,0.53318584,1
ENSG00000139343,1.1514496,1.5625308,GM12878,0.62709993,1.0,1
ENSG00000139350,0.9923231,1.3213912,GM12878,0.65982246,1.0,1
ENSG00000139350,1.020153,1.3213912,GM12878,0.6553475,0.9693356,1
ENSG00000139351,-0.3452526,-0.69897,GM12878,0.81027555,1.0,1
ENSG00000139354,0.14895354,0.30103,GM12878,0.74395835,1.0,1
ENSG00000139370,0.95512515,1.2070955,GM12878,0.6777943,1.0,1
ENSG00000139370,0.9993866,1.2070955,GM12878,0.66906583,0.65,1
ENSG00000139372,1.2953348,1.6894865,GM12878,0.6816634,1.0,1
ENSG00000139372,1.3326578,1.6894865,GM12878,0.6754991,0.00046189377,1
ENSG00000139372,1.2946465,1.6894865,GM12878,0.68283045,0.990389,1
ENSG00000139372,1.3265173,1.6894865,GM12878,0.67669505,0.9840973,1
ENSG00000139405,1.4598007,1.1492192,GM12878,0.7018611,1.0,1
ENSG00000139405,1.4606078,1.1492192,GM12878,0.7058753,1.0,1
ENSG00000139405,1.5175313,1.1492192,GM12878,0.6822043,0.99482757,1
ENSG00000139405,1.517684,1.1492192,GM12878,0.68213165,0.96103895,1
ENSG00000139410,1.3185138,0.91592723,GM12878,0.6981684,1.0,1
ENSG00000139428,1.3517565,1.595386,GM12878,0.6855305,1.0,1
ENSG00000139428,1.4318664,1.595386,GM12878,0.6772118,0.9215407,1
ENSG00000139433,0.42109913,0.5976952,GM12878,0.7014021,1.0,1
ENSG00000139433,0.40492094,0.5976952,GM12878,0.70850265,0.093333334,1
ENSG00000139436,1.2399023,1.360404,GM12878,0.64710677,1.0,1
ENSG00000139436,1.2586828,1.360404,GM12878,0.6541574,0.9881188,1
ENSG00000139436,1.2468623,1.360404,GM12878,0.6400335,0.9960396,1
ENSG00000139436,1.2807589,1.360404,GM12878,0.6299743,0.0023640662,1
ENSG00000139436,1.2418875,1.360404,GM12878,0.63508177,0.99527186,1
ENSG00000139437,1.1616765,1.0534626,GM12878,0.66033095,1.0,1
ENSG00000139437,1.1434741,1.0534626,GM12878,0.67190635,1.0,1
ENSG00000139438,-0.08029588,-0.85387194,GM12878,0.77904034,1.0,1
ENSG00000139531,1.437331,1.3984609,GM12878,0.65694743,1.0,1
ENSG00000139531,1.4622736,1.3984609,GM12878,0.66586864,0.75310034,1
ENSG00000139531,1.4279928,1.3984609,GM12878,0.6752732,0.41454864,1
ENSG00000139540,-0.11454001,-0.69897,GM12878,0.7849807,1.0,1
ENSG00000139546,1.5207672,1.5749568,GM12878,0.6843316,1.0,1
ENSG00000139546,1.5576341,1.5749568,GM12878,0.68124044,1.0,1
ENSG00000139546,1.622292,1.5749568,GM12878,0.66491914,1.0,1
ENSG00000139547,-0.6635749,-0.34678748,GM12878,0.8590438,1.0,1
ENSG00000139579,1.0507044,1.6471874,GM12878,0.6622311,1.0,1
ENSG00000139613,1.1724929,1.6319509,GM12878,0.66250587,1.0,1
ENSG00000139613,1.2407585,1.6319509,GM12878,0.65211093,0.9620438,1
ENSG00000139613,1.2153202,1.6319509,GM12878,0.6362523,0.35400516,1
ENSG00000139620,1.5430784,1.6909045,GM12878,0.67481244,1.0,1
ENSG00000139620,1.4959689,1.6909045,GM12878,0.68210953,1.0,1
ENSG00000139620,1.4985173,1.6909045,GM12878,0.6672361,0.92889136,1
ENSG00000139624,1.2952561,1.5384481,GM12878,0.6585206,1.0,1
ENSG00000139624,1.2428868,1.5384481,GM12878,0.67450196,1.0,1
ENSG00000139624,1.2558117,1.5384481,GM12878,0.67438823,0.13030832,1
ENSG00000139624,1.2853281,1.5384481,GM12878,0.658174,0.99424297,1
ENSG00000139624,1.2904971,1.5384481,GM12878,0.6486957,0.871042,1
ENSG00000139624,1.262434,1.5384481,GM12878,0.6779947,1.0,1
ENSG00000139624,1.2544626,1.5384481,GM12878,0.6761708,0.116637066,1
ENSG00000139625,0.32035655,0.20139712,GM12878,0.78519976,1.0,1
ENSG00000139626,-0.33065245,0.029383779,GM12878,0.8017475,1.0,1
ENSG00000139629,0.39150316,0.7937904,GM12878,0.79413676,1.0,1
ENSG00000139629,0.40885663,0.7937904,GM12878,0.7948482,1.0,1
ENSG00000139629,0.42546916,0.7937904,GM12878,0.79159117,0.89329267,1
ENSG00000139631,1.3818908,1.2622137,GM12878,0.66946167,1.0,1
ENSG00000139636,1.3636975,1.7886633,GM12878,0.6846223,1.0,1
ENSG00000139636,1.354814,1.7886633,GM12878,0.6848479,1.0,1
ENSG00000139636,1.3528271,1.7886633,GM12878,0.6735485,1.0,1
ENSG00000139636,1.3418586,1.7886633,GM12878,0.6818205,1.0,1
ENSG00000139636,1.3120635,1.7886633,GM12878,0.68778753,1.0,1
ENSG00000139636,1.3102713,1.7886633,GM12878,0.6843506,1.0,1
ENSG00000139636,1.3539346,1.7886633,GM12878,0.6830021,0.9653938,1
ENSG00000139636,1.3248458,1.7886633,GM12878,0.6891572,0.3025862,1
ENSG00000139636,1.353817,1.7886633,GM12878,0.6863841,0.056279622,1
ENSG00000139637,-0.16109936,0.6117233,GM12878,0.8693269,1.0,1
ENSG00000139637,-0.13290381,0.6117233,GM12878,0.87224966,1.0,1
ENSG00000139637,-0.17197044,0.6117233,GM12878,0.8700211,0.972973,1
ENSG00000139641,1.4041395,2.1837254,GM12878,0.6918304,1.0,1
ENSG00000139644,1.4973309,2.473487,GM12878,0.6766147,1.0,1
ENSG00000139645,1.1710553,0.92582756,GM12878,0.67307544,1.0,1
ENSG00000139651,1.4137807,1.4324882,GM12878,0.66816074,1.0,1
ENSG00000139697,1.2712545,1.3342526,GM12878,0.6823345,1.0,1
ENSG00000139714,-0.28343216,-0.52287877,GM12878,0.8266736,1.0,1
ENSG00000139714,-0.30751035,-0.52287877,GM12878,0.8618343,1.0,1
ENSG00000139718,1.3633481,-0.07572071,GM12878,0.6712988,1.0,1
ENSG00000139719,1.4112344,1.2108533,GM12878,0.66806495,1.0,1
ENSG00000139719,1.4211776,1.2108533,GM12878,0.6641575,0.61228603,1
ENSG00000139722,1.3608468,1.0685569,GM12878,0.65870684,1.0,1
ENSG00000139722,1.3348851,1.0685569,GM12878,0.68227535,1.0,1
ENSG00000139725,0.25929263,0.61278385,GM12878,0.8897894,1.0,1
ENSG00000139725,0.28122318,0.61278385,GM12878,0.8837532,1.0,1
ENSG00000139725,0.3134633,0.61278385,GM12878,0.879935,1.0,1
ENSG00000139726,1.0946045,1.5540043,GM12878,0.6674751,1.0,1
ENSG00000139726,1.1766347,1.5540043,GM12878,0.65042955,1.0,1
ENSG00000139726,1.0673064,1.5540043,GM12878,0.6694129,1.0,1
ENSG00000142327,1.144019,0.7909885,GM12878,0.6978641,1.0,1
ENSG00000142330,1.0647258,0.95279247,GM12878,0.6719153,1.0,1
ENSG00000142330,1.050516,0.95279247,GM12878,0.6704972,1.0,1
ENSG00000142330,1.1098924,0.95279247,GM12878,0.66717356,0.09266409,1
ENSG00000142330,1.1165833,0.95279247,GM12878,0.6648065,1.0,1
ENSG00000143727,1.1827261,2.1746702,GM12878,0.65296364,1.0,1
ENSG00000143727,1.2430117,2.1746702,GM12878,0.6442249,1.0,1
ENSG00000143727,1.1891944,2.1746702,GM12878,0.65078837,1.0,1
ENSG00000143727,1.1626747,2.1746702,GM12878,0.6556383,1.0,1
ENSG00000143727,1.1186969,2.1746702,GM12878,0.6590264,1.0,1
ENSG00000143727,1.1536145,2.1746702,GM12878,0.6533619,0.32360098,1
ENSG00000143727,1.22212,2.1746702,GM12878,0.6460971,0.9009593,1
ENSG00000143797,0.94438845,1.9423058,GM12878,0.67977554,1.0,1
ENSG00000143870,1.3265102,2.217247,GM12878,0.6758094,1.0,1
ENSG00000143870,1.2508266,2.217247,GM12878,0.69104177,0.0037619076,1
ENSG00000143882,-1.0027641,-0.85387194,GM12878,0.9499988,1.0,1
ENSG00000143882,-1.0041158,-0.85387194,GM12878,0.95239633,1.0,1
ENSG00000143882,-0.9845548,-0.85387194,GM12878,0.95013446,1.0,1
ENSG00000143889,1.422915,1.9645425,GM12878,0.6671347,1.0,1
ENSG00000143889,1.3862064,1.9645425,GM12878,0.67641675,1.0,1
ENSG00000143891,1.3243121,1.5017437,GM12878,0.6828196,1.0,1
ENSG00000143919,1.4673333,0.968483,GM12878,0.6170557,1.0,1
ENSG00000143919,1.5041723,0.968483,GM12878,0.6312957,1.0,1
ENSG00000143924,1.0322568,1.5285311,GM12878,0.6952371,1.0,1
ENSG00000143924,0.98594993,1.5285311,GM12878,0.69307685,0.96640587,1
ENSG00000143933,1.8666401,2.332095,GM12878,0.6292554,1.0,1
ENSG00000143933,1.8976055,2.332095,GM12878,0.60916954,1.0,1
ENSG00000143933,1.8583138,2.332095,GM12878,0.6210581,1.0,1
ENSG00000143933,1.8763154,2.332095,GM12878,0.6132773,1.0,1
ENSG00000143933,1.8920147,2.332095,GM12878,0.6171557,1.0,1
ENSG00000143933,1.8890511,2.332095,GM12878,0.6150169,0.003452381,1
ENSG00000143942,1.5529058,0.9614211,GM12878,0.6552661,1.0,1
ENSG00000143951,0.90524226,0.61909336,GM12878,0.6622134,1.0,1
ENSG00000143951,0.96973777,0.61909336,GM12878,0.64120674,0.704,1
ENSG00000143951,0.86321497,0.61909336,GM12878,0.6644697,0.18340611,1
ENSG00000143952,1.0645034,1.1970047,GM12878,0.6695002,1.0,1
ENSG00000143952,1.096312,1.1970047,GM12878,0.6701641,0.16591422,1
ENSG00000143952,1.0897182,1.1970047,GM12878,0.6708886,0.97564274,1
ENSG00000143970,1.2385527,1.1061909,GM12878,0.6538191,1.0,1
ENSG00000143971,0.7501315,0.84323275,GM12878,0.5842311,1.0,1
ENSG00000143971,0.68251264,0.84323275,GM12878,0.63054794,1.0,1
ENSG00000143971,0.73982334,0.84323275,GM12878,0.6003764,1.0,1
ENSG00000143971,0.6826107,0.84323275,GM12878,0.6199675,1.0,1
ENSG00000143977,1.5517887,2.557411,GM12878,0.6412603,1.0,1
ENSG00000143977,1.5395777,2.557411,GM12878,0.6352249,1.0,1
ENSG00000143977,1.5001915,2.557411,GM12878,0.6462992,1.0,1
ENSG00000143977,1.533351,2.557411,GM12878,0.6222785,0.9324989,1
ENSG00000143994,0.0597547,-0.61978877,GM12878,0.8555964,1.0,1
ENSG00000144021,1.2763503,1.9440383,GM12878,0.63516617,1.0,1
ENSG00000144021,1.2757834,1.9440383,GM12878,0.63133097,1.0,1
ENSG00000144021,1.2993305,1.9440383,GM12878,0.65082073,1.0,1
ENSG00000144021,1.2360739,1.9440383,GM12878,0.6680326,1.0,1
ENSG00000144021,1.2737533,1.9440383,GM12878,0.6523697,1.0,1
ENSG00000144021,1.2531018,1.9440383,GM12878,0.65376014,1.0,1
ENSG00000144021,1.251294,1.9440383,GM12878,0.6627285,0.77730757,1
ENSG00000144026,1.0960402,1.193959,GM12878,0.6814662,1.0,1
ENSG00000144026,1.1752795,1.193959,GM12878,0.67902166,1.0,1
ENSG00000144028,1.6342648,2.183099,GM12878,0.6593721,1.0,1
ENSG00000144028,1.6062438,2.183099,GM12878,0.6627782,0.002232475,1
ENSG00000144034,1.3469367,1.7953933,GM12878,0.66957027,1.0,1
ENSG00000144036,0.29359296,0.15228835,GM12878,0.73292935,1.0,1
ENSG00000144040,1.1011907,1.2046626,GM12878,0.6475612,1.0,1
ENSG00000144040,1.094363,1.2046626,GM12878,0.6588459,0.034210525,1
ENSG00000144040,1.1151257,1.2046626,GM12878,0.666217,0.778022,1
ENSG00000144040,1.1314883,1.2046626,GM12878,0.6473887,0.9750567,1
ENSG00000144040,1.1622231,1.2046626,GM12878,0.6559803,0.025761124,1
ENSG00000144043,1.0362005,1.7659664,GM12878,0.677473,1.0,1
ENSG00000144043,0.9845248,1.7659664,GM12878,0.6836356,1.0,1
ENSG00000144043,0.97578853,1.7659664,GM12878,0.68381226,1.0,1
ENSG00000144043,0.97231984,1.7659664,GM12878,0.688992,0.9393325,1
ENSG00000144048,1.0461546,1.3271545,GM12878,0.6761262,1.0,1
ENSG00000144118,1.1811905,1.66483,GM12878,0.6540828,1.0,1
ENSG00000144130,-0.33108205,0.61278385,GM12878,0.8642056,1.0,1
ENSG00000144130,-0.33322477,0.61278385,GM12878,0.8654197,1.0,1
ENSG00000144130,-0.32004985,0.61278385,GM12878,0.8456934,1.0,1
ENSG00000144130,-0.31840315,0.61278385,GM12878,0.83990395,1.0,1
ENSG00000144134,0.6206719,0.6434527,GM12878,0.6764229,1.0,1
ENSG00000144136,1.4819582,1.9937888,GM12878,0.6684207,1.0,1
ENSG00000144161,1.0130492,0.9278834,GM12878,0.6660134,1.0,1
ENSG00000144182,1.0603391,1.0867157,GM12878,0.6642121,0.17594936,1
ENSG00000144199,-0.25749856,1.2281436,GM12878,0.76241595,1.0,1
ENSG00000144224,1.4182309,1.9483151,GM12878,0.638343,1.0,1
ENSG00000144224,1.3771163,1.9483151,GM12878,0.62220514,1.0,1
ENSG00000144224,1.3623035,1.9483151,GM12878,0.60152483,0.51618737,1
ENSG00000144228,1.2806205,0.6560982,GM12878,0.5578278,1.0,1
ENSG00000144231,1.463066,1.61878,GM12878,0.6708836,1.0,1
ENSG00000144231,1.4562416,1.61878,GM12878,0.6735712,0.44040555,1
ENSG00000144231,1.466424,1.61878,GM12878,0.6654766,0.95606256,1
ENSG00000144233,-0.04238937,0.8247765,GM12878,0.7717867,1.0,1
ENSG00000144283,0.99653155,1.7081659,GM12878,0.6444818,1.0,1
ENSG00000144283,0.93968505,1.7081659,GM12878,0.6617728,0.7247088,1
ENSG00000144283,0.9114327,1.7081659,GM12878,0.659725,0.74196076,1
ENSG00000144306,1.1143103,1.0881361,GM12878,0.676221,1.0,1
ENSG00000144306,1.0974607,1.0881361,GM12878,0.679283,1.0,1
ENSG00000144306,1.0968615,1.0881361,GM12878,0.6781196,0.9485646,1
ENSG00000144320,1.4043299,1.4331295,GM12878,0.6602063,1.0,1
ENSG00000144320,1.3890393,1.4331295,GM12878,0.66004235,0.04285049,1
ENSG00000144354,1.4666481,1.980912,GM12878,0.6604084,1.0,1
ENSG00000144354,1.4558015,1.980912,GM12878,0.67428243,0.9986503,1
ENSG00000144354,1.4229952,1.980912,GM12878,0.6670391,0.12868,1
ENSG00000144354,1.4398738,1.980912,GM12878,0.67478883,0.0,1
ENSG00000144354,1.4010257,1.980912,GM12878,0.6787512,0.9874893,1
ENSG00000144381,1.37714,2.5907862,GM12878,0.658527,1.0,1
ENSG00000144395,0.7527084,1.2084414,GM12878,0.67094344,1.0,1
ENSG00000144401,1.2812995,1.4247184,GM12878,0.6808766,1.0,1
ENSG00000144445,0.83244836,0.6803355,GM12878,0.6457612,1.0,1
ENSG00000144445,0.7898658,0.6803355,GM12878,0.6532518,1.0,1
ENSG00000144468,1.5314665,1.3993275,GM12878,0.6748082,1.0,1
ENSG00000144468,1.5809438,1.3993275,GM12878,0.66876197,1.0,1
ENSG00000144468,1.5403149,1.3993275,GM12878,0.66940176,1.0,1
ENSG00000144468,1.6523758,1.3993275,GM12878,0.64386916,1.0,1
ENSG00000144468,1.5517116,1.3993275,GM12878,0.66997236,1.0,1
ENSG00000144485,0.9448916,1.5031095,GM12878,0.6854175,1.0,1
ENSG00000144485,0.9210655,1.5031095,GM12878,0.6927852,0.993865,1
ENSG00000144488,-0.41019657,-0.82390875,GM12878,0.88349235,1.0,1
ENSG00000144504,1.2558119,1.1122698,GM12878,0.69087464,1.0,1
ENSG00000144504,1.3461987,1.1122698,GM12878,0.6810971,0.09848485,1
ENSG00000144504,1.3032169,1.1122698,GM12878,0.68036556,0.84090906,1
ENSG00000144524,1.091532,1.6443402,GM12878,0.6795753,1.0,1
ENSG00000144524,1.118803,1.6443402,GM12878,0.6739424,1.0,1
ENSG00000144524,1.1269127,1.6443402,GM12878,0.66437095,0.95001966,1
ENSG00000144524,1.0707986,1.6443402,GM12878,0.67672175,0.041322313,1
ENSG00000144524,1.1459906,1.6443402,GM12878,0.6625471,0.0011231748,1
ENSG00000144535,1.1873839,0.57054293,GM12878,0.7060317,1.0,1
ENSG00000144567,1.500617,1.5022905,GM12878,0.68772715,1.0,1
ENSG00000144567,1.4869229,1.5022905,GM12878,0.6934766,1.0,1
ENSG00000144567,1.4685621,1.5022905,GM12878,0.6932495,1.0,1
ENSG00000144579,1.4688718,1.6488477,GM12878,0.66799045,1.0,1
ENSG00000144580,1.2331102,1.7729814,GM12878,0.6636332,1.0,1
ENSG00000144580,1.37035,1.7729814,GM12878,0.6656203,0.023099652,1
ENSG00000144589,1.480281,0.88479537,GM12878,0.6730862,1.0,1
ENSG00000144591,1.4195552,1.9159799,GM12878,0.66373676,1.0,1
ENSG00000149948,-0.7226947,-0.36653155,GM12878,0.8704403,1.0,1
ENSG00000150938,-0.68513286,-0.5850267,GM12878,0.84120685,1.0,1
ENSG00000150938,-0.70048445,-0.5850267,GM12878,0.8418943,1.0,1
ENSG00000150967,0.2245238,0.71349055,GM12878,0.74462825,0.6142857,1
ENSG00000150977,0.929726,0.53147894,GM12878,0.6841446,1.0,1
ENSG00000150977,0.9766644,0.53147894,GM12878,0.70012724,1.0,1
ENSG00000150990,0.8204685,0.8744818,GM12878,0.6819397,1.0,1
ENSG00000151065,0.9312325,0.74272513,GM12878,0.64940447,1.0,1
ENSG00000151065,0.93586904,0.74272513,GM12878,0.647391,1.0,1
ENSG00000151065,0.9835586,0.74272513,GM12878,0.643621,1.0,1
ENSG00000151131,1.2316685,1.133539,GM12878,0.6154638,1.0,1
ENSG00000151131,1.1770184,1.133539,GM12878,0.6411556,1.0,1
ENSG00000151135,1.2702597,1.4671639,GM12878,0.67482793,1.0,1
ENSG00000151135,1.257526,1.4671639,GM12878,0.6753056,1.0,1
ENSG00000151135,1.2805489,1.4671639,GM12878,0.6851259,1.0,1
ENSG00000151135,1.2100873,1.4671639,GM12878,0.68589884,1.0,1
ENSG00000151135,1.2312953,1.4671639,GM12878,0.681323,0.3417466,1
ENSG00000151135,1.237833,1.4671639,GM12878,0.68107885,0.17813383,1
ENSG00000151135,1.2747821,1.4671639,GM12878,0.68554527,0.058315333,1
ENSG00000151148,1.3314147,1.3106933,GM12878,0.66411966,1.0,1
ENSG00000151148,1.339868,1.3106933,GM12878,0.6625013,0.9882507,1
ENSG00000151164,1.335239,-0.45593196,GM12878,0.63091636,1.0,1
ENSG00000151164,1.3313342,-0.45593196,GM12878,0.64142257,1.0,1
ENSG00000151176,1.200232,0.71933126,GM12878,0.7099869,1.0,1
ENSG00000151176,1.1968198,0.71933126,GM12878,0.7095205,1.0,1
ENSG00000151176,1.2231574,0.71933126,GM12878,0.70216656,0.9662162,1
ENSG00000151229,0.79261476,0.770852,GM12878,0.6078624,1.0,1
ENSG00000151229,0.76098806,0.770852,GM12878,0.6315428,1.0,1
ENSG00000151233,1.1738412,0.7671559,GM12878,0.6577409,1.0,1
ENSG00000151233,1.1417553,0.7671559,GM12878,0.6656387,1.0,1
ENSG00000151233,1.1409693,0.7671559,GM12878,0.67208916,0.7147826,1
ENSG00000151239,1.1449199,1.2177471,GM12878,0.6659893,1.0,1
ENSG00000151239,1.2565488,1.2177471,GM12878,0.66028196,1.0,1
ENSG00000151239,1.1876918,1.2177471,GM12878,0.652509,0.0,1
ENSG00000151239,1.1652691,1.2177471,GM12878,0.66175735,0.057666216,1
ENSG00000151353,1.2653735,1.2979792,GM12878,0.6626994,1.0,1
ENSG00000151665,1.2304369,1.7770642,GM12878,0.68426853,1.0,1
ENSG00000151665,1.3157389,1.7770642,GM12878,0.64957374,0.7399518,1
ENSG00000151687,-0.30174282,-0.31875876,GM12878,0.79220456,1.0,1
ENSG00000151689,-0.027503595,0.7075702,GM12878,0.7618469,1.0,1
ENSG00000151690,0.73943824,0.61700034,GM12878,0.6863437,1.0,1
ENSG00000151692,0.19330946,0.9132839,GM12878,0.74341136,1.0,1
ENSG00000151694,1.4804052,0.98677176,GM12878,0.6629362,1.0,1
ENSG00000151694,1.4574625,0.98677176,GM12878,0.67301226,1.0,1
ENSG00000151694,1.4559298,0.98677176,GM12878,0.67175674,1.0,1
ENSG00000151694,1.4886861,0.98677176,GM12878,0.66468847,1.0,1
ENSG00000151743,1.4793543,1.3163898,GM12878,0.66942036,1.0,1
ENSG00000151743,1.5205834,1.3163898,GM12878,0.66062856,1.0,1
ENSG00000151743,1.4624106,1.3163898,GM12878,0.6724844,1.0,1
ENSG00000151743,1.4594425,1.3163898,GM12878,0.6753822,1.0,1
ENSG00000151743,1.5111607,1.3163898,GM12878,0.6535471,1.0,1
ENSG00000151743,1.4657791,1.3163898,GM12878,0.67043006,1.0,1
ENSG00000151743,1.4759359,1.3163898,GM12878,0.67634386,0.88271606,1
ENSG00000151743,1.45342,1.3163898,GM12878,0.6733977,0.36334196,1
ENSG00000151746,1.026989,0.9804579,GM12878,0.68982255,1.0,1
ENSG00000151746,1.0459533,0.9804579,GM12878,0.6840189,1.0,1
ENSG00000151746,1.0283189,0.9804579,GM12878,0.6896759,1.0,1
ENSG00000151746,1.0288099,0.9804579,GM12878,0.68961155,1.0,1
ENSG00000151746,1.0530484,0.9804579,GM12878,0.68321395,1.0,1
ENSG00000151746,1.0207105,0.9804579,GM12878,0.6896727,1.0,1
ENSG00000151746,1.0066609,0.9804579,GM12878,0.6838768,1.0,1
ENSG00000151746,0.99635524,0.9804579,GM12878,0.68637747,1.0,1
ENSG00000151779,1.4606798,1.6458151,GM12878,0.67203474,1.0,1
ENSG00000151779,1.5016174,1.6458151,GM12878,0.66897476,1.0,1
ENSG00000151779,1.4757838,1.6458151,GM12878,0.6615683,1.0,1
ENSG00000151779,1.5031617,1.6458151,GM12878,0.664082,1.0,1
ENSG00000151779,1.5169678,1.6458151,GM12878,0.65539646,0.93941844,1
ENSG00000151779,1.4848804,1.6458151,GM12878,0.6648662,0.7257094,1
ENSG00000151779,1.4766324,1.6458151,GM12878,0.66336215,0.0,1
ENSG00000152056,0.20333324,-0.30980393,GM12878,0.6970584,1.0,1
ENSG00000152076,-0.19945735,0.14921911,GM12878,0.79700136,1.0,1
ENSG00000152082,1.0585194,2.0530784,GM12878,0.702827,1.0,1
ENSG00000152082,1.1957688,2.0530784,GM12878,0.6773856,0.45897877,1
ENSG00000152102,1.3293128,1.6353832,GM12878,0.6748793,1.0,1
ENSG00000152127,0.9833742,0.8254261,GM12878,0.6456442,1.0,1
ENSG00000152128,-0.7399482,-0.24412514,GM12878,0.8754722,1.0,1
ENSG00000152128,-0.7359439,-0.24412514,GM12878,0.87691873,1.0,1
ENSG00000152133,1.4844886,1.0899051,GM12878,0.6734115,1.0,1
ENSG00000152133,1.4674879,1.0899051,GM12878,0.6730402,1.0,1
ENSG00000152147,0.8716261,1.2643455,GM12878,0.62147295,0.0,1
ENSG00000152147,0.8826618,1.2643455,GM12878,0.62371916,0.8342451,1
ENSG00000152253,1.4240773,1.7322329,GM12878,0.642244,1.0,1
ENSG00000152253,1.4138958,1.7322329,GM12878,0.6203254,1.0,1
ENSG00000152253,1.4202194,1.7322329,GM12878,0.634286,1.0,1
ENSG00000152253,1.459569,1.7322329,GM12878,0.55243367,1.0,1
ENSG00000152253,1.4622602,1.7322329,GM12878,0.5617791,1.0,1
ENSG00000152256,1.4019277,2.1176689,GM12878,0.6792876,1.0,1
ENSG00000152256,1.3816136,2.1176689,GM12878,0.682565,0.22713213,1
ENSG00000152284,-0.29510054,-0.9586073,GM12878,0.8960035,1.0,1
ENSG00000152291,1.5081762,1.5982432,GM12878,0.6677421,1.0,1
ENSG00000152291,1.5247474,1.5982432,GM12878,0.67784154,1.0,1
ENSG00000152291,1.4402986,1.5982432,GM12878,0.68326426,1.0,1
ENSG00000152291,1.4395502,1.5982432,GM12878,0.68302673,1.0,1
ENSG00000152291,1.5345039,1.5982432,GM12878,0.6774745,1.0,1
ENSG00000152292,1.2693216,-0.38721615,GM12878,0.7225666,1.0,1
ENSG00000152556,0.9004237,1.4168068,GM12878,0.65685064,0.00097276265,1
ENSG00000152683,1.4843733,1.4912215,GM12878,0.647431,1.0,1
ENSG00000152683,1.4991105,1.4912215,GM12878,0.6499502,0.9926271,1
ENSG00000152683,1.4717884,1.4912215,GM12878,0.6226948,0.977828,1
ENSG00000152683,1.4134903,1.4912215,GM12878,0.64583755,0.14517406,1
ENSG00000152683,1.4012487,1.4912215,GM12878,0.64189523,0.09057301,1
ENSG00000152683,1.4449526,1.4912215,GM12878,0.6291808,0.8370861,1
ENSG00000152683,1.4539914,1.4912215,GM12878,0.62963384,0.9651352,1
ENSG00000152689,0.45732513,0.033423755,GM12878,0.68957,1.0,1
ENSG00000152944,1.1930819,1.6620018,GM12878,0.65901995,1.0,1
ENSG00000152944,1.2477255,1.6620018,GM12878,0.6334639,0.95557076,1
ENSG00000153093,-0.5609147,-0.28399664,GM12878,0.94295734,1.0,1
ENSG00000153094,0.9743695,0.5899496,GM12878,0.6678375,1.0,1
ENSG00000153094,1.0103574,0.5899496,GM12878,0.6814496,1.0,1
ENSG00000153107,1.5073576,1.7555699,GM12878,0.6631363,1.0,1
ENSG00000153107,1.5076653,1.7555699,GM12878,0.6644164,1.0,1
ENSG00000153165,-0.049786426,-0.92081875,GM12878,0.7370588,1.0,1
ENSG00000153165,-0.017207995,-0.92081875,GM12878,0.7499023,1.0,1
ENSG00000153165,0.0008239839,-0.92081875,GM12878,0.7118451,1.0,1
ENSG00000153179,1.2324111,1.2857822,GM12878,0.6656851,1.0,1
ENSG00000153179,1.2372782,1.2857822,GM12878,0.666156,1.0,1
ENSG00000153179,1.2072237,1.2857822,GM12878,0.6672961,0.98282146,1
ENSG00000153201,1.0818157,1.3047059,GM12878,0.6557038,1.0,1
ENSG00000153208,0.22412199,0.25042,GM12878,0.7848388,1.0,1
ENSG00000153214,1.2176865,1.0606978,GM12878,0.66474956,1.0,1
ENSG00000153214,1.278627,1.0606978,GM12878,0.65983534,0.96893203,1
ENSG00000153561,0.36214775,1.3207692,GM12878,0.6781022,1.0,1
ENSG00000153574,1.2575951,1.2753114,GM12878,0.6530727,1.0,1
ENSG00000153827,1.436317,1.7670816,GM12878,0.67032963,1.0,1
ENSG00000153827,1.5224595,1.7670816,GM12878,0.6592297,1.0,1
ENSG00000153827,1.4374385,1.7670816,GM12878,0.6669427,1.0,1
ENSG00000153827,1.5071304,1.7670816,GM12878,0.6672413,0.328232,1
ENSG00000153832,1.4733305,-0.013228266,GM12878,0.6698449,1.0,1
ENSG00000154252,-0.46199355,-0.88605666,GM12878,0.83567196,1.0,1
ENSG00000154252,-0.3685099,-0.88605666,GM12878,0.83902204,1.0,1
ENSG00000154518,1.4490632,3.2507079,GM12878,0.6585949,1.0,1
ENSG00000155368,1.0415319,2.0240338,GM12878,0.6886891,1.0,1
ENSG00000155368,1.0536424,2.0240338,GM12878,0.6832261,0.00058468134,1
ENSG00000155368,1.1248848,2.0240338,GM12878,0.6744985,0.004561778,1
ENSG00000155368,1.0944835,2.0240338,GM12878,0.6827148,0.0,1
ENSG00000155438,1.4238191,1.6143699,GM12878,0.65984684,1.0,1
ENSG00000155636,0.64033216,1.0845762,GM12878,0.67888117,1.0,1
ENSG00000155729,1.0298052,0.36921585,GM12878,0.6691214,1.0,1
ENSG00000155744,1.5415332,1.0334238,GM12878,0.6567184,1.0,1
ENSG00000155744,1.5490432,1.0334238,GM12878,0.6379146,1.0,1
ENSG00000155744,1.5287912,1.0334238,GM12878,0.6409337,1.0,1
ENSG00000155744,1.5648973,1.0334238,GM12878,0.63478136,0.24071322,1
ENSG00000155744,1.597209,1.0334238,GM12878,0.60748863,0.24071322,1
ENSG00000155749,-0.14209503,-0.56863624,GM12878,0.7739765,1.0,1
ENSG00000155755,0.21604957,1.154424,GM12878,0.7306579,1.0,1
ENSG00000155755,0.35258943,1.154424,GM12878,0.73353446,1.0,1
ENSG00000155755,0.2352484,1.154424,GM12878,0.72410524,1.0,1
ENSG00000155755,0.16698575,1.154424,GM12878,0.73056996,1.0,1
ENSG00000155755,0.21597263,1.154424,GM12878,0.7270262,1.0,1
ENSG00000155755,0.2600061,1.154424,GM12878,0.71641415,1.0,1
ENSG00000155957,1.4104273,1.6821451,GM12878,0.66509104,1.0,1
ENSG00000155957,1.419655,1.6821451,GM12878,0.6695241,0.98955226,1
ENSG00000155957,1.4109976,1.6821451,GM12878,0.67282444,0.9916418,1
ENSG00000155980,0.71763057,1.1464381,GM12878,0.68026274,1.0,1
ENSG00000155980,0.7013591,1.1464381,GM12878,0.68537235,1.0,1
ENSG00000156973,0.9310232,0.99782306,GM12878,0.66812825,1.0,1
ENSG00000157827,0.22675446,-0.60206,GM12878,0.6922183,1.0,1
ENSG00000157827,0.26597324,-0.60206,GM12878,0.6680819,1.0,1
ENSG00000157833,0.3918626,0.587711,GM12878,0.76284873,1.0,1
ENSG00000157833,0.3925166,0.587711,GM12878,0.76452696,1.0,1
ENSG00000157833,0.43603954,0.587711,GM12878,0.76372755,1.0,1
ENSG00000157837,1.0716043,0.7535831,GM12878,0.6778534,1.0,1
ENSG00000157895,1.072235,0.9116902,GM12878,0.6383706,1.0,1
ENSG00000157895,1.0813736,0.9116902,GM12878,0.59811294,1.0,1
ENSG00000157895,1.0349748,0.9116902,GM12878,0.63690567,0.11241218,1
ENSG00000157992,-0.22706826,0.1271048,GM12878,0.9275074,1.0,1
ENSG00000158019,1.0362291,1.2789822,GM12878,0.6308164,1.0,1
ENSG00000158019,1.105451,1.2789822,GM12878,0.61806864,1.0,1
ENSG00000158019,1.0070184,1.2789822,GM12878,0.62597513,0.08649553,1
ENSG00000158019,0.9540787,1.2789822,GM12878,0.63337356,0.070913464,1
ENSG00000158019,0.9420487,1.2789822,GM12878,0.63301086,0.0686747,1
ENSG00000158023,-0.23265539,1.2177471,GM12878,0.78973144,1.0,1
ENSG00000158023,-0.23084016,1.2177471,GM12878,0.78221333,1.0,1
ENSG00000158023,-0.2423418,1.2177471,GM12878,0.7995033,1.0,1
ENSG00000158050,-0.27982605,-0.92081875,GM12878,0.78910553,1.0,1
ENSG00000158050,-0.27582574,-0.92081875,GM12878,0.78995454,1.0,1
ENSG00000158104,-0.19231531,-0.88605666,GM12878,0.78071475,1.0,1
ENSG00000158158,0.6470227,0.5998831,GM12878,0.7354601,1.0,1
ENSG00000158158,0.695941,0.5998831,GM12878,0.7253694,1.0,1
ENSG00000158411,0.95745116,1.3226327,GM12878,0.6643492,1.0,1
ENSG00000158417,1.2898972,1.408918,GM12878,0.6690075,1.0,1
ENSG00000158435,1.2647227,1.876968,GM12878,0.67910767,1.0,1
ENSG00000158552,1.3383181,1.3527611,GM12878,0.67861784,1.0,1
ENSG00000159335,1.2829437,1.7976829,GM12878,0.677279,1.0,1
ENSG00000159335,1.3237556,1.7976829,GM12878,0.6577186,1.0,1
ENSG00000159374,0.19862925,-0.82390875,GM12878,0.7259299,1.0,1
ENSG00000159374,0.20278491,-0.82390875,GM12878,0.7233332,1.0,1
ENSG00000159399,0.9072518,1.5694909,GM12878,0.67346895,1.0,1
ENSG00000159403,-0.21084161,-0.27572414,GM12878,0.8081729,1.0,1
ENSG00000159403,-0.22467734,-0.27572414,GM12878,0.7812819,1.0,1
ENSG00000159403,-0.23214875,-0.27572414,GM12878,0.7853633,1.0,1
ENSG00000161638,1.400853,1.8184239,GM12878,0.69961244,1.0,1
ENSG00000161642,0.05597131,0.97034687,GM12878,0.8225981,1.0,1
ENSG00000161642,0.010741683,0.97034687,GM12878,0.819421,1.0,1
ENSG00000161642,0.012169844,0.97034687,GM12878,0.82615185,0.9419355,1
ENSG00000161791,0.90389836,0.7489629,GM12878,0.6754875,1.0,1
ENSG00000161791,0.84801215,0.7489629,GM12878,0.682676,0.27094972,1
ENSG00000161813,1.4726862,1.5618167,GM12878,0.6299471,1.0,1
ENSG00000161813,1.4482136,1.5618167,GM12878,0.59918374,0.19802445,1
ENSG00000161813,1.3263774,1.5618167,GM12878,0.63942194,0.9883408,1
ENSG00000161813,1.3490471,1.5618167,GM12878,0.6279549,0.96921074,1
ENSG00000161835,-0.29728565,-0.08618615,GM12878,0.83716077,1.0,1
ENSG00000161835,-0.29120034,-0.08618615,GM12878,0.8385139,1.0,1
ENSG00000161835,-0.3108595,-0.08618615,GM12878,0.8454903,1.0,1
ENSG00000162869,1.1425297,1.0762763,GM12878,0.6478004,1.0,1
ENSG00000162869,1.1066102,1.0762763,GM12878,0.6200869,0.9591837,1
ENSG00000162869,1.2055354,1.0762763,GM12878,0.6049316,0.9138322,1
ENSG00000162878,-0.13962898,1.1743506,GM12878,0.8280414,1.0,1
ENSG00000162878,-0.13195717,1.1743506,GM12878,0.8205067,1.0,1
ENSG00000162878,-0.09885376,1.1743506,GM12878,0.80051196,1.0,1
ENSG00000162878,-0.055727713,1.1743506,GM12878,0.82216364,1.0,1
ENSG00000162878,-0.06948824,1.1743506,GM12878,0.8266551,1.0,1
ENSG00000162924,1.1881233,0.6963564,GM12878,0.630563,1.0,1
ENSG00000162924,1.210243,0.6963564,GM12878,0.6177605,0.5,1
ENSG00000162927,1.3311528,0.85064626,GM12878,0.62262464,1.0,1
ENSG00000162928,1.406784,1.3279716,GM12878,0.6262382,1.0,1
ENSG00000162929,0.6145675,0.7331973,GM12878,0.6529178,1.0,1
ENSG00000162929,0.7650693,0.7331973,GM12878,0.62307936,0.6365915,1
ENSG00000162929,0.668591,0.7331973,GM12878,0.65400255,0.97243106,1
ENSG00000162959,1.1961851,1.6905504,GM12878,0.6554673,0.9353838,1
ENSG00000162959,1.2561257,1.6905504,GM12878,0.64753973,0.98249197,1
ENSG00000162961,1.238474,2.0017338,GM12878,0.65015906,1.0,1
ENSG00000162971,1.5064974,0.61384183,GM12878,0.6497901,1.0,1
ENSG00000162971,1.5748897,0.61384183,GM12878,0.64673436,1.0,1
ENSG00000162971,1.5296756,0.61384183,GM12878,0.65093195,0.52492666,1
ENSG00000162971,1.5266252,0.61384183,GM12878,0.63545513,0.49720672,1
ENSG00000162971,1.4850452,0.61384183,GM12878,0.6500377,0.64285713,1
ENSG00000162972,1.2802413,1.2219356,GM12878,0.6657133,1.0,1
ENSG00000162972,1.3184906,1.2219356,GM12878,0.66680753,1.0,1
ENSG00000162972,1.3239222,1.2219356,GM12878,0.66824776,1.0,1
ENSG00000162972,1.4156106,1.2219356,GM12878,0.6711996,1.0,1
ENSG00000162976,0.93177766,1.3743817,GM12878,0.6553541,1.0,1
ENSG00000162976,0.89225584,1.3743817,GM12878,0.6719876,1.0,1
ENSG00000162976,0.91824967,1.3743817,GM12878,0.65328205,1.0,1
ENSG00000162976,0.93378526,1.3743817,GM12878,0.667986,0.94198626,1
ENSG00000162976,0.93434685,1.3743817,GM12878,0.66513276,0.5866503,1
ENSG00000162980,1.4048493,1.7244397,GM12878,0.6679568,1.0,1
ENSG00000162994,1.4810221,0.98677176,GM12878,0.6739917,1.0,1
ENSG00000162994,1.5001377,0.98677176,GM12878,0.6714349,1.0,1
ENSG00000162998,-0.9777246,-0.82390875,GM12878,0.9158374,1.0,1
ENSG00000162999,1.2890217,0.65513843,GM12878,0.6499145,1.0,1
ENSG00000162999,1.3029757,0.65513843,GM12878,0.63690287,1.0,1
ENSG00000163001,0.9566632,1.512017,GM12878,0.64382803,1.0,1
ENSG00000163001,0.99511844,1.512017,GM12878,0.6141161,0.56860745,1
ENSG00000163002,1.3106349,1.5519377,GM12878,0.6509765,1.0,1
ENSG00000163002,1.2640138,1.5519377,GM12878,0.6552131,0.874599,1
ENSG00000163006,0.63213575,1.0874264,GM12878,0.6649688,1.0,1
ENSG00000163006,0.7291947,1.0874264,GM12878,0.6601014,0.73622507,1
ENSG00000163013,0.5993416,0.67209786,GM12878,0.717211,1.0,1
ENSG00000163026,1.1618922,1.4896773,GM12878,0.6509755,1.0,1
ENSG00000163026,1.1656971,1.4896773,GM12878,0.6570667,1.0,1
ENSG00000163026,1.183516,1.4896773,GM12878,0.6515576,0.93406147,1
ENSG00000163029,1.4621205,1.507451,GM12878,0.65486574,1.0,1
ENSG00000163029,1.4735929,1.507451,GM12878,0.649958,0.056740616,1
ENSG00000163029,1.4899256,1.507451,GM12878,0.64815533,0.17406143,1
ENSG00000163040,0.55153096,1.3062105,GM12878,0.64676064,1.0,1
ENSG00000163040,0.51817995,1.3062105,GM12878,0.6446282,1.0,1
ENSG00000163040,0.44621494,1.3062105,GM12878,0.6751415,1.0,1
ENSG00000163040,0.61847264,1.3062105,GM12878,0.63381964,0.9887937,1
ENSG00000163053,-0.7151385,-0.9586073,GM12878,0.87903726,1.0,1
ENSG00000163082,-0.60980874,-0.9586073,GM12878,0.82101154,1.0,1
ENSG00000163082,-0.64303064,-0.9586073,GM12878,0.81712824,1.0,1
ENSG00000163093,0.8928562,0.36921585,GM12878,0.65628177,1.0,1
ENSG00000163093,0.86883515,0.36921585,GM12878,0.6711181,0.5,1
ENSG00000163126,1.1271052,0.70243055,GM12878,0.67096686,1.0,1
ENSG00000163126,1.0865648,0.70243055,GM12878,0.6878777,0.8079096,1
ENSG00000163161,1.0849211,1.6307329,GM12878,0.6912775,1.0,1
ENSG00000163162,1.1058435,1.3396502,GM12878,0.7039493,1.0,1
ENSG00000163162,1.1128068,1.3396502,GM12878,0.7030966,1.0,1
ENSG00000163166,1.5583423,1.5113485,GM12878,0.65113497,1.0,1
ENSG00000163166,1.4829028,1.5113485,GM12878,0.6754842,1.0,1
ENSG00000163166,1.4514387,1.5113485,GM12878,0.6788608,0.97981983,1
ENSG00000163170,1.4922886,2.0399294,GM12878,0.66209245,1.0,1
ENSG00000163170,1.4954622,2.0399294,GM12878,0.64452493,1.0,1
ENSG00000163170,1.5124693,2.0399294,GM12878,0.65181553,0.5649986,1
ENSG00000163219,-0.24331243,0.80821097,GM12878,0.7721556,1.0,1
ENSG00000163249,1.138191,0.7126497,GM12878,0.6624212,1.0,1
ENSG00000163249,1.1270461,0.7126497,GM12878,0.662753,1.0,1
ENSG00000163249,1.1332583,0.7126497,GM12878,0.6496896,1.0,1
ENSG00000163249,1.1429336,0.7126497,GM12878,0.66519576,1.0,1
ENSG00000163249,1.1250914,0.7126497,GM12878,0.6659129,1.0,1
ENSG00000163328,0.33654743,-0.32790214,GM12878,0.7182019,1.0,1
ENSG00000163328,0.42465553,-0.32790214,GM12878,0.6819385,1.0,1
ENSG00000163328,0.40895978,-0.32790214,GM12878,0.67499834,1.0,1
ENSG00000163328,0.4238424,-0.32790214,GM12878,0.70684886,1.0,1
ENSG00000163328,0.49290487,-0.32790214,GM12878,0.7029679,1.0,1
ENSG00000163328,0.35972825,-0.32790214,GM12878,0.715558,1.0,1
ENSG00000163466,1.3222318,2.156731,GM12878,0.6985717,1.0,1
ENSG00000163466,1.3297324,2.156731,GM12878,0.70023406,1.0,1
ENSG00000163466,1.3574483,2.156731,GM12878,0.69735944,1.0,1
ENSG00000163466,1.3466223,2.156731,GM12878,0.69073915,0.0,1
ENSG00000163481,1.0885108,1.577032,GM12878,0.6668007,1.0,1
ENSG00000163482,0.6407204,1.1376705,GM12878,0.6735156,1.0,1
ENSG00000163510,1.3778417,0.96754795,GM12878,0.6435612,1.0,1
ENSG00000163510,1.3956877,0.96754795,GM12878,0.63309246,1.0,1
ENSG00000163510,1.3401582,0.96754795,GM12878,0.64531815,1.0,1
ENSG00000163510,1.3284485,0.96754795,GM12878,0.6377039,1.0,1
ENSG00000163516,1.1725851,1.7165042,GM12878,0.69016135,1.0,1
ENSG00000163516,1.2373768,1.7165042,GM12878,0.6905534,1.0,1
ENSG00000163516,1.1899809,1.7165042,GM12878,0.6934506,1.0,1
ENSG00000163521,-0.32817993,0.2966652,GM12878,0.79764587,1.0,1
ENSG00000163521,-0.30278614,0.2966652,GM12878,0.804633,0.36,1
ENSG00000163535,1.2825685,1.2260841,GM12878,0.6606292,1.0,1
ENSG00000163535,1.2326604,1.2260841,GM12878,0.6673201,1.0,1
ENSG00000163541,1.1859453,1.836514,GM12878,0.646726,1.0,1
ENSG00000163596,0.8296531,0.07188201,GM12878,0.6625685,1.0,1
ENSG00000163596,0.81197274,0.07188201,GM12878,0.65879834,1.0,1
ENSG00000163596,0.7790681,0.07188201,GM12878,0.67511535,1.0,1
ENSG00000163795,1.115933,0.64933485,GM12878,0.7130523,1.0,1
ENSG00000163795,1.1429248,0.64933485,GM12878,0.71444976,1.0,1
ENSG00000163798,1.3793321,1.095518,GM12878,0.6487508,1.0,1
ENSG00000163806,-0.33936357,-0.7695511,GM12878,0.7865662,1.0,1
ENSG00000163811,1.2390069,2.130623,GM12878,0.6361016,1.0,1
ENSG00000163811,1.1494663,2.130623,GM12878,0.6629945,1.0,1
ENSG00000163811,1.2553335,2.130623,GM12878,0.6392561,1.0,1
ENSG00000163811,1.2556934,2.130623,GM12878,0.6319817,1.0,1
ENSG00000165714,1.3557992,0.7474118,GM12878,0.68124485,1.0,1
ENSG00000165714,1.3522974,0.7474118,GM12878,0.6800509,0.9166667,1
ENSG00000165891,0.980588,0.7737864,GM12878,0.6836729,1.0,1
ENSG00000165891,1.0702274,0.7737864,GM12878,0.67654365,1.0,1
ENSG00000166046,1.003069,0.5237465,GM12878,0.7221207,1.0,1
ENSG00000166130,1.4065613,1.0523092,GM12878,0.6254906,1.0,1
ENSG00000166130,1.3908288,1.0523092,GM12878,0.63191956,0.17520216,1
ENSG00000166153,1.5962367,0.76937735,GM12878,0.6494462,1.0,1
ENSG00000166153,1.645599,0.76937735,GM12878,0.6477557,0.59770113,1
ENSG00000166153,1.5863535,0.76937735,GM12878,0.6364092,0.065853655,1
ENSG00000166153,1.5060697,0.76937735,GM12878,0.66122407,0.89033943,1
ENSG00000166225,1.1914043,0.8413595,GM12878,0.6370554,0.12037037,1
ENSG00000166226,1.5331259,2.6832721,GM12878,0.6437078,1.0,1
ENSG00000166226,1.5225592,2.6832721,GM12878,0.64848036,1.0,1
ENSG00000166268,-0.64479905,-0.9586073,GM12878,0.85283816,1.0,1
ENSG00000166532,1.0196141,1.2153732,GM12878,0.675227,1.0,1
ENSG00000166532,1.1197977,1.2153732,GM12878,0.67316467,1.0,1
ENSG00000166598,1.3088732,2.7067263,GM12878,0.6672213,1.0,1
ENSG00000166881,1.4429772,1.7764833,GM12878,0.6775991,1.0,1
ENSG00000166881,1.4882832,1.7764833,GM12878,0.6703998,1.0,1
ENSG00000166881,1.4687375,1.7764833,GM12878,0.6584288,0.94788,1
ENSG00000166881,1.464479,1.7764833,GM12878,0.6603413,0.14873266,1
ENSG00000166886,1.1514328,1.3514098,GM12878,0.6865801,1.0,1
ENSG00000166886,1.1760652,1.3514098,GM12878,0.6794427,1.0,1
ENSG00000166888,1.4328687,1.5954962,GM12878,0.70563,1.0,1
ENSG00000166888,1.4473543,1.5954962,GM12878,0.7062784,0.9941396,1
ENSG00000166888,1.4430466,1.5954962,GM12878,0.70010465,1.0,1
ENSG00000166896,1.4744194,1.55145,GM12878,0.67394453,1.0,1
ENSG00000166896,1.4750593,1.55145,GM12878,0.67081493,1.0,1
ENSG00000166896,1.4406558,1.55145,GM12878,0.67634493,1.0,1
ENSG00000166896,1.4268287,1.55145,GM12878,0.6834812,1.0,1
ENSG00000166908,1.1214601,1.3914644,GM12878,0.6932811,1.0,1
ENSG00000166908,1.0920069,1.3914644,GM12878,0.70052665,0.9974392,1
ENSG00000166986,1.666903,2.2179313,GM12878,0.63381,1.0,1
ENSG00000166986,1.6329155,2.2179313,GM12878,0.67532223,1.0,1
ENSG00000166987,1.3819026,0.553883,GM12878,0.6722901,1.0,1
ENSG00000166987,1.3852022,0.553883,GM12878,0.67263514,1.0,1
ENSG00000166987,1.3735338,0.553883,GM12878,0.6741806,1.0,1
ENSG00000167272,1.1643914,1.9222063,GM12878,0.6732026,1.0,1
ENSG00000167272,1.2273152,1.9222063,GM12878,0.664311,1.0,1
ENSG00000167272,1.2118734,1.9222063,GM12878,0.6629594,1.0,1
ENSG00000167272,1.1936574,1.9222063,GM12878,0.67367333,0.8964165,1
ENSG00000167528,1.2083973,0.70070374,GM12878,0.678047,1.0,1
ENSG00000167528,1.1783762,0.70070374,GM12878,0.6820885,1.0,1
ENSG00000167528,1.154705,0.70070374,GM12878,0.6840285,1.0,1
ENSG00000167528,1.1509295,0.70070374,GM12878,0.6852728,1.0,1
ENSG00000167528,1.1960267,0.70070374,GM12878,0.6690433,1.0,1
ENSG00000167528,1.1638753,0.70070374,GM12878,0.6774277,1.0,1
ENSG00000167535,0.032500573,0.12385164,GM12878,0.86349314,1.0,1
ENSG00000167535,0.03788402,0.12385164,GM12878,0.8636674,1.0,1
ENSG00000167535,0.025462748,0.12385164,GM12878,0.8644494,1.0,1
ENSG00000167535,0.032405175,0.12385164,GM12878,0.8638327,1.0,1
ENSG00000167550,1.2790811,0.87215626,GM12878,0.68515086,1.0,1
ENSG00000167550,1.276474,0.87215626,GM12878,0.6860459,0.8791209,1
ENSG00000167552,0.948503,1.9076263,GM12878,0.63087803,1.0,1
ENSG00000167552,0.9408992,1.9076263,GM12878,0.63234425,1.0,1
ENSG00000167553,1.5245478,3.4164674,GM12878,0.6888963,1.0,1
ENSG00000167566,1.1388981,0.3424227,GM12878,0.6536011,1.0,1
ENSG00000167588,-0.24533226,-0.18045606,GM12878,0.8641349,1.0,1
ENSG00000167778,1.1589932,0.75204843,GM12878,0.6160737,1.0,1
ENSG00000167778,1.1695682,0.75204843,GM12878,0.64635545,0.99019605,1
ENSG00000167779,0.05594696,-0.1611509,GM12878,0.9026986,1.0,1
ENSG00000168288,1.2388837,2.242616,GM12878,0.6426401,1.0,1
ENSG00000168385,1.5631778,2.3964958,GM12878,0.6556933,1.0,1
ENSG00000168385,1.6091883,2.3964958,GM12878,0.65436476,0.0,1
ENSG00000168385,1.6743224,2.3964958,GM12878,0.6534134,0.004602301,1
ENSG00000168385,1.6394786,2.3964958,GM12878,0.6466381,0.020285573,1
ENSG00000168385,1.6000575,2.3964958,GM12878,0.6612824,0.13043478,1
ENSG00000168385,1.6703653,2.3964958,GM12878,0.6545783,0.0019248396,1
ENSG00000168393,1.5274272,1.6111921,GM12878,0.69132704,1.0,1
ENSG00000168393,1.5331028,1.6111921,GM12878,0.6663666,0.76466775,1
ENSG00000168395,1.3772495,1.4324882,GM12878,0.68121946,1.0,1
ENSG00000168395,1.4152036,1.4324882,GM12878,0.6645567,1.0,1
ENSG00000168397,1.591164,1.7221401,GM12878,0.6877812,1.0,1
ENSG00000168397,1.6066074,1.7221401,GM12878,0.6883416,1.0,1
ENSG00000168397,1.5957221,1.7221401,GM12878,0.6787328,0.22041763,1
ENSG00000168754,-0.96028674,2.534445,GM12878,0.9339345,1.0,1
ENSG00000168754,-0.9424309,2.534445,GM12878,0.93109846,1.0,1
ENSG00000168758,1.2241584,1.8273046,GM12878,0.6946378,1.0,1
ENSG00000168763,1.1104432,0.813581,GM12878,0.6775337,1.0,1
ENSG00000168763,1.13721,0.813581,GM12878,0.6711697,0.9826923,1
ENSG00000168778,0.5857269,0.665581,GM12878,0.6566426,1.0,1
ENSG00000168778,0.45574233,0.665581,GM12878,0.6983082,1.0,1
ENSG00000168778,0.44434026,0.665581,GM12878,0.69438976,1.0,1
ENSG00000168778,0.5066772,0.665581,GM12878,0.7018937,1.0,1
ENSG00000168883,1.3767638,2.0083873,GM12878,0.6831882,1.0,1
ENSG00000168883,1.3865556,2.0083873,GM12878,0.6894144,0.9984219,1
ENSG00000168887,1.2876571,1.5174599,GM12878,0.67879033,1.0,1
ENSG00000168890,0.99501115,0.86391735,GM12878,0.67696506,0.8227612,1
ENSG00000168894,1.3402177,2.50737,GM12878,0.68459064,1.0,1
ENSG00000168899,0.07639417,0.15228835,GM12878,0.8507164,1.0,1
ENSG00000168906,1.8117394,2.8064716,GM12878,0.6628621,1.0,1
ENSG00000168918,-0.10177644,0.6009729,GM12878,0.9294944,1.0,1
ENSG00000168918,-0.08822047,0.6009729,GM12878,0.93031,1.0,1
ENSG00000168958,1.2457535,1.567732,GM12878,0.66406566,1.0,1
ENSG00000168958,1.2546431,1.567732,GM12878,0.6637102,1.0,1
ENSG00000168958,1.093407,1.567732,GM12878,0.6527128,1.0,1
ENSG00000168958,1.0355291,1.567732,GM12878,0.6612717,0.98651963,1
ENSG00000168958,0.94652414,1.567732,GM12878,0.6591473,0.10576923,1
ENSG00000168958,1.1101859,1.567732,GM12878,0.65755415,0.0,1
ENSG00000168958,1.1434008,1.567732,GM12878,0.6574901,0.026818182,1
ENSG00000168958,1.0619,1.567732,GM12878,0.6626493,0.94758064,1
ENSG00000168958,0.91899925,1.567732,GM12878,0.65966094,0.088160135,1
ENSG00000168958,1.1936245,1.567732,GM12878,0.655081,0.006035283,1
ENSG00000168958,0.9666138,1.567732,GM12878,0.6608825,0.63492066,1
ENSG00000169016,1.1621544,1.3436055,GM12878,0.6699889,1.0,1
ENSG00000169016,1.2470895,1.3436055,GM12878,0.66353685,0.52971727,1
ENSG00000169016,1.3250802,1.3436055,GM12878,0.64931244,0.64533824,1
ENSG00000169016,1.27172,1.3436055,GM12878,0.65873873,0.57846504,1
ENSG00000169372,1.5940206,1.3174365,GM12878,0.67887264,1.0,1
ENSG00000169554,1.5897797,1.7385428,GM12878,0.6620641,1.0,1
ENSG00000169554,1.5673711,1.7385428,GM12878,0.67194945,1.0,1
ENSG00000169554,1.6076131,1.7385428,GM12878,0.66677725,1.0,1
ENSG00000169599,1.3394799,1.525563,GM12878,0.66743755,1.0,1
ENSG00000169599,1.3158422,1.525563,GM12878,0.6687566,1.0,1
ENSG00000169599,1.2384449,1.525563,GM12878,0.6718547,1.0,1
ENSG00000169599,1.4688628,1.525563,GM12878,0.6467317,1.0,1
ENSG00000169599,1.3347931,1.525563,GM12878,0.66777796,0.9988354,1
ENSG00000169599,1.3053179,1.525563,GM12878,0.667841,0.8952679,1
ENSG00000169607,1.2700185,1.1316186,GM12878,0.70672786,1.0,1
ENSG00000169607,1.2756046,1.1316186,GM12878,0.707019,1.0,1
ENSG00000169607,1.2528445,1.1316186,GM12878,0.7073938,1.0,1
ENSG00000169607,1.3365147,1.1316186,GM12878,0.68535954,1.0,1
ENSG00000169621,1.179647,-0.28399664,GM12878,0.6406837,1.0,1
ENSG00000169621,1.1836966,-0.28399664,GM12878,0.6160172,1.0,1
ENSG00000169679,1.6190614,2.232615,GM12878,0.64168507,1.0,1
ENSG00000169679,1.6094207,2.232615,GM12878,0.64465576,0.57782394,1
ENSG00000169756,1.1626546,1.9571761,GM12878,0.67953056,1.0,1
ENSG00000169756,1.1466497,1.9571761,GM12878,0.68183196,1.0,1
ENSG00000169756,1.1564661,1.9571761,GM12878,0.68185586,0.99112666,1
ENSG00000169764,1.1584997,1.6325585,GM12878,0.6316248,1.0,1
ENSG00000169764,1.2335153,1.6325585,GM12878,0.57470375,0.0,1
ENSG00000169884,-0.021299051,0.22010809,GM12878,0.85945415,1.0,1
ENSG00000169967,1.2535342,0.651278,GM12878,0.6846895,1.0,1
ENSG00000170035,0.6841882,1.9546283,GM12878,0.6692305,1.0,1
ENSG00000170035,0.8487332,1.9546283,GM12878,0.6596663,1.0,1
ENSG00000170144,1.5183024,2.1576078,GM12878,0.64686334,1.0,1
ENSG00000170417,1.1939976,0.7259116,GM12878,0.6769989,1.0,1
ENSG00000170417,1.1928922,0.7259116,GM12878,0.67112935,1.0,1
ENSG00000170417,1.1888124,0.7259116,GM12878,0.67143035,0.7080745,1
ENSG00000170426,-0.33440384,-0.88605666,GM12878,0.7775313,1.0,1
ENSG00000170426,-0.31331435,-0.88605666,GM12878,0.78984386,1.0,1
ENSG00000170456,0.6945272,0.8518696,GM12878,0.6924961,1.0,1
ENSG00000170473,1.5735106,1.513484,GM12878,0.6477379,1.0,1
ENSG00000170500,0.23446037,0.57170886,GM12878,0.7432455,1.0,1
ENSG00000170515,1.576356,2.791838,GM12878,0.68825215,1.0,1
ENSG00000170545,0.8882681,1.6559064,GM12878,0.68038154,1.0,1
ENSG00000170545,0.8943823,1.6559064,GM12878,0.6693034,1.0,1
ENSG00000170545,0.88738495,1.6559064,GM12878,0.66949666,0.021474773,1
ENSG00000170627,1.5990345,2.7779992,GM12878,0.65823805,1.0,1
ENSG00000170627,1.5857912,2.7779992,GM12878,0.6647244,1.0,1
ENSG00000170633,1.3897741,1.5625308,GM12878,0.67969406,1.0,1
ENSG00000170633,1.4453269,1.5625308,GM12878,0.6765991,0.16459017,1
ENSG00000170634,1.1851611,0.33645973,GM12878,0.6433886,1.0,1
ENSG00000170634,1.2514849,0.33645973,GM12878,0.6523718,0.0,1
ENSG00000170653,1.3040488,1.2422929,GM12878,0.65040773,1.0,1
ENSG00000170802,1.136994,1.2853322,GM12878,0.58963567,1.0,1
ENSG00000171055,1.1383183,1.4116197,GM12878,0.6626613,0.8443149,1
ENSG00000171055,1.1269865,1.4116197,GM12878,0.6634415,0.20570488,1
ENSG00000171055,1.1435965,1.4116197,GM12878,0.66035223,0.0,1
ENSG00000171103,1.4613192,1.3077099,GM12878,0.6500358,1.0,1
ENSG00000171132,0.42730153,-0.60206,GM12878,0.6956842,1.0,1
ENSG00000171132,0.44276473,-0.60206,GM12878,0.68954647,1.0,1
ENSG00000171174,1.1095397,-0.4202164,GM12878,0.6342616,1.0,1
ENSG00000171310,1.0143466,1.1344959,GM12878,0.65008277,1.0,1
ENSG00000171310,0.98593336,1.1344959,GM12878,0.6557887,1.0,1
ENSG00000171596,-0.33206066,-0.61978877,GM12878,0.93799824,1.0,1
ENSG00000171681,0.93345606,0.69548166,GM12878,0.6456718,1.0,1
ENSG00000171681,0.92345876,0.69548166,GM12878,0.6583598,1.0,1
ENSG00000171681,0.9822652,0.69548166,GM12878,0.6629157,0.9607843,1
ENSG00000171792,1.4200685,1.6608654,GM12878,0.6908042,0.64361703,1
ENSG00000171792,1.4210054,1.6608654,GM12878,0.6905456,0.9333665,1
ENSG00000171840,1.3112876,0.5575072,GM12878,0.6882241,1.0,1
ENSG00000171840,1.2958255,0.5575072,GM12878,0.6947548,1.0,1
ENSG00000171840,1.2866862,0.5575072,GM12878,0.69034386,1.0,1
ENSG00000171847,0.0020461064,-0.82390875,GM12878,0.80222356,1.0,1
ENSG00000171847,-0.07695909,-0.82390875,GM12878,0.8053828,1.0,1
ENSG00000171848,1.4673202,1.7937903,GM12878,0.6941765,1.0,1
ENSG00000171853,1.2011647,1.5284024,GM12878,0.6747001,1.0,1
ENSG00000171853,1.2195833,1.5284024,GM12878,0.65401417,1.0,1
ENSG00000171865,1.1808028,1.2727696,GM12878,0.6735942,1.0,1
ENSG00000172059,1.1987996,1.0976043,GM12878,0.68999016,1.0,1
ENSG00000172059,1.2058856,1.0976043,GM12878,0.68679065,1.0,1
ENSG00000172071,1.440028,0.7881684,GM12878,0.67454344,1.0,1
ENSG00000172071,1.4207754,0.7881684,GM12878,0.6737887,1.0,1
ENSG00000172071,1.4489677,0.7881684,GM12878,0.67023265,1.0,1
ENSG00000172073,-0.6427836,-0.9586073,GM12878,0.85365427,1.0,1
ENSG00000172086,1.29604,0.6324573,GM12878,0.6615776,1.0,1
ENSG00000172292,0.9634597,0.54654264,GM12878,0.6845686,1.0,1
ENSG00000172292,1.0035214,0.54654264,GM12878,0.68380535,0.26900584,1
ENSG00000172428,0.85123366,1.9241759,GM12878,0.6245802,1.0,1
ENSG00000172428,0.6072934,1.9241759,GM12878,0.6287797,1.0,1
ENSG00000172602,0.036812373,-0.23657201,GM12878,0.76863796,1.0,1
ENSG00000172819,0.7754699,0.54900324,GM12878,0.68205583,1.0,1
ENSG00000172819,0.76934975,0.54900324,GM12878,0.6827791,1.0,1
ENSG00000172819,0.744399,0.54900324,GM12878,0.69111043,0.087804876,1
ENSG00000172845,1.4862278,1.8178958,GM12878,0.65831584,1.0,1
ENSG00000172845,1.4779406,1.8178958,GM12878,0.6171907,0.22721088,1
ENSG00000172878,1.4071563,1.223496,GM12878,0.6679833,1.0,1
ENSG00000172954,1.360405,1.2013972,GM12878,0.69854087,0.022134388,1
ENSG00000172954,1.3795038,1.2013972,GM12878,0.6931493,0.046831954,1
ENSG00000173064,1.2469305,1.0277572,GM12878,0.678892,1.0,1
ENSG00000173064,1.2366418,1.0277572,GM12878,0.67789215,1.0,1
ENSG00000173163,0.92073864,1.4094259,GM12878,0.64932716,1.0,1
ENSG00000173166,0.4228842,-0.28399664,GM12878,0.6976184,1.0,1
ENSG00000173209,1.3273158,1.7185017,GM12878,0.62936324,1.0,1
ENSG00000173272,1.2850411,2.0541148,GM12878,0.6788514,1.0,1
ENSG00000173272,1.2467402,2.0541148,GM12878,0.68234235,1.0,1
ENSG00000173451,1.3805349,0.78675145,GM12878,0.6763855,1.0,1
ENSG00000173559,1.2874815,1.228657,GM12878,0.6784187,1.0,1
ENSG00000173559,1.2888371,1.228657,GM12878,0.67737865,1.0,1
ENSG00000173559,1.3440744,1.228657,GM12878,0.66458035,1.0,1
ENSG00000173559,1.290241,1.228657,GM12878,0.6742956,0.25104603,1
ENSG00000173567,1.6171639,-0.82390875,GM12878,0.6340496,1.0,1
ENSG00000173588,1.0674971,1.3312248,GM12878,0.66354424,1.0,1
ENSG00000173588,1.1246223,1.3312248,GM12878,0.6570519,0.04696673,1
ENSG00000173588,1.0147448,1.3312248,GM12878,0.6669774,0.01847575,1
ENSG00000173588,1.1074142,1.3312248,GM12878,0.6714048,0.70016474,1
ENSG00000173598,1.4561784,2.151615,GM12878,0.67340803,1.0,1
ENSG00000173598,1.4836079,2.151615,GM12878,0.67419606,1.0,1
ENSG00000173692,1.3631268,2.2464986,GM12878,0.6377125,1.0,1
ENSG00000173692,1.3697367,2.2464986,GM12878,0.63737863,1.0,1
ENSG00000173744,1.1003741,1.8409212,GM12878,0.64670575,1.0,1
ENSG00000173744,1.0904549,1.8409212,GM12878,0.64727306,0.9965221,1
ENSG00000173744,1.1347853,1.8409212,GM12878,0.6334053,0.33338484,1
ENSG00000173960,1.3557427,1.0402067,GM12878,0.69294155,1.0,1
ENSG00000173960,1.406359,1.0402067,GM12878,0.694521,0.026809651,1
ENSG00000173960,1.3873153,1.0402067,GM12878,0.69335395,0.68105066,1
ENSG00000174099,-0.8032296,-0.92081875,GM12878,0.9444105,1.0,1
ENSG00000174106,1.12517,1.1379868,GM12878,0.6145164,1.0,1
ENSG00000174106,1.1153768,1.1379868,GM12878,0.61588395,1.0,1
ENSG00000174106,1.1139243,1.1379868,GM12878,0.6293533,1.0,1
ENSG00000174206,1.1616235,0.7355989,GM12878,0.66334724,1.0,1
ENSG00000174233,-0.58951706,0.012837225,GM12878,0.90484226,1.0,1
ENSG00000174243,1.6569476,1.8702868,GM12878,0.6470223,1.0,1
ENSG00000174437,1.42422,1.717504,GM12878,0.6772428,1.0,1
ENSG00000174437,1.4358203,1.717504,GM12878,0.6820105,1.0,1
ENSG00000174437,1.3813051,1.717504,GM12878,0.67354673,0.9757876,1
ENSG00000174437,1.3818717,1.717504,GM12878,0.686576,0.039647575,1
ENSG00000174456,1.2116745,1.525563,GM12878,0.67485195,1.0,1
ENSG00000174456,1.2117968,1.525563,GM12878,0.6796567,1.0,1
ENSG00000174501,1.0022719,0.95279247,GM12878,0.60650456,1.0,1
ENSG00000174501,0.9591933,0.95279247,GM12878,0.61646265,1.0,1
ENSG00000174501,0.8783774,0.95279247,GM12878,0.60938895,1.0,1
ENSG00000174501,0.8717719,0.95279247,GM12878,0.5981417,1.0,1
ENSG00000174501,0.87047946,0.95279247,GM12878,0.5983582,1.0,1
ENSG00000174718,1.2790018,1.6188844,GM12878,0.6633396,1.0,1
ENSG00000174718,1.2890505,1.6188844,GM12878,0.66417724,0.83912086,1
ENSG00000174718,1.2407302,1.6188844,GM12878,0.6763016,0.9621976,1
ENSG00000174989,0.98754233,0.8169038,GM12878,0.6692437,1.0,1
ENSG00000175183,0.35260144,0.62838894,GM12878,0.7286326,1.0,1
ENSG00000175197,1.5676321,1.9383196,GM12878,0.677775,1.0,1
ENSG00000175203,1.396688,2.0703335,GM12878,0.6770493,0.9882207,1
ENSG00000175215,1.2974455,1.8581761,GM12878,0.6797006,1.0,1
ENSG00000175548,0.71487075,0.25042,GM12878,0.63295853,1.0,1
ENSG00000175548,0.6168046,0.25042,GM12878,0.6352323,1.0,1
ENSG00000175727,1.3080835,1.1420765,GM12878,0.6968264,1.0,1
ENSG00000175782,1.1340303,0.70329136,GM12878,0.67252517,1.0,1
ENSG00000175970,0.7444928,1.3812957,GM12878,0.6843321,1.0,1
ENSG00000176407,1.2825983,1.7571682,GM12878,0.64592075,1.0,1
ENSG00000176407,1.2790082,1.7571682,GM12878,0.6444555,1.0,1
ENSG00000176720,0.17322232,0.29446623,GM12878,0.76369095,1.0,1
ENSG00000176720,0.20480652,0.29446623,GM12878,0.7855438,1.0,1
ENSG00000176720,0.17768224,0.29446623,GM12878,0.77880245,1.0,1
ENSG00000176732,1.3080245,-0.61978877,GM12878,0.6621771,1.0,1
ENSG00000176834,-0.24188711,0.78746045,GM12878,0.9435947,1.0,1
ENSG00000176871,1.4890995,1.6904619,GM12878,0.6734134,1.0,1
ENSG00000176894,1.3565936,1.5137502,GM12878,0.6849133,1.0,1
ENSG00000176894,1.3672997,1.5137502,GM12878,0.6731923,1.0,1
ENSG00000176915,1.3336993,1.6996644,GM12878,0.6534242,1.0,1
ENSG00000176946,1.6655157,1.3666097,GM12878,0.6736211,1.0,1
ENSG00000176946,1.677008,1.3666097,GM12878,0.67336935,1.0,1
ENSG00000176946,1.6705507,1.3666097,GM12878,0.67640746,1.0,1
ENSG00000177084,1.4312539,1.7036352,GM12878,0.7001662,1.0,1
ENSG00000177084,1.4415059,1.7036352,GM12878,0.6887746,1.0,1
ENSG00000177084,1.42857,1.7036352,GM12878,0.69844186,1.0,1
ENSG00000177084,1.4414304,1.7036352,GM12878,0.69160545,0.99876493,1
ENSG00000177119,1.5095406,1.225826,GM12878,0.67734045,1.0,1
ENSG00000177119,1.5220361,1.225826,GM12878,0.66539085,1.0,1
ENSG00000177119,1.5242686,1.225826,GM12878,0.6758479,0.0343965,1
ENSG00000177119,1.5662936,1.225826,GM12878,0.6641573,0.98156387,1
ENSG00000177119,1.5432729,1.225826,GM12878,0.67257786,0.017813267,1
ENSG00000177169,0.79109377,0.5774918,GM12878,0.68583435,1.0,1
ENSG00000177169,0.79862016,0.5774918,GM12878,0.6679352,1.0,1
ENSG00000177169,0.7741402,0.5774918,GM12878,0.6885712,1.0,1
ENSG00000177192,1.3462474,1.4051756,GM12878,0.68018067,1.0,1
ENSG00000177483,-0.33808464,-0.56863624,GM12878,0.80302,1.0,1
ENSG00000177889,1.5607467,2.382899,GM12878,0.5955081,1.0,1
ENSG00000177889,1.5256528,2.382899,GM12878,0.6397466,1.0,1
ENSG00000177917,1.6170733,1.8632634,GM12878,0.64181906,1.0,1
ENSG00000177917,1.604461,1.8632634,GM12878,0.63854295,0.34760606,1
ENSG00000177917,1.6330192,1.8632634,GM12878,0.6468345,0.044444446,1
ENSG00000177981,1.1643647,1.3014641,GM12878,0.6409659,1.0,1
ENSG00000177981,1.1584475,1.3014641,GM12878,0.6494553,1.0,1
ENSG00000177981,1.1423776,1.3014641,GM12878,0.6355671,0.059889678,1
ENSG00000177990,-0.6279146,-0.79588,GM12878,0.83983696,1.0,1
ENSG00000177990,-0.61152995,-0.79588,GM12878,0.8373406,1.0,1
ENSG00000178295,1.4928083,1.4299136,GM12878,0.6708497,1.0,1
ENSG00000178401,-0.32607922,-0.04095861,GM12878,0.955343,1.0,1
ENSG00000178449,1.4229275,1.8041394,GM12878,0.6464141,0.004327506,1
ENSG00000178449,1.3923529,1.8041394,GM12878,0.6778422,0.088575505,1
ENSG00000178623,-0.35133275,-0.7447275,GM12878,0.9107946,1.0,1
ENSG00000179104,-0.12099071,-0.22914799,GM12878,0.7590566,1.0,1
ENSG00000179195,1.0003147,1.7858279,GM12878,0.6210388,1.0,1
ENSG00000179195,0.92681986,1.7858279,GM12878,0.649586,1.0,1
ENSG00000179295,1.3258867,1.7273786,GM12878,0.694884,1.0,1
ENSG00000179295,1.3253099,1.7273786,GM12878,0.69619995,1.0,1
ENSG00000179295,1.3316236,1.7273786,GM12878,0.6917476,1.0,1
ENSG00000179295,1.2962811,1.7273786,GM12878,0.69293857,1.0,1
ENSG00000179528,1.1720088,-0.04575749,GM12878,0.7469942,1.0,1
ENSG00000179715,0.7217145,-0.1426675,GM12878,0.6729574,1.0,1
ENSG00000179912,1.4770486,1.1000258,GM12878,0.6546273,1.0,1
ENSG00000179912,1.4697136,1.1000258,GM12878,0.64899576,1.0,1
ENSG00000179912,1.4494578,1.1000258,GM12878,0.65685606,0.0,1
ENSG00000179912,1.4355919,1.1000258,GM12878,0.663751,1.0,1
ENSG00000179912,1.4754343,1.1000258,GM12878,0.6538889,1.0,1
ENSG00000180228,1.4048033,1.7247672,GM12878,0.683602,1.0,1
ENSG00000180228,1.3735429,1.7247672,GM12878,0.67865294,0.033542976,1
ENSG00000180263,1.2021484,0.6095944,GM12878,0.6531844,1.0,1
ENSG00000180263,1.1276072,0.6095944,GM12878,0.66936374,0.88451445,1
ENSG00000180398,1.4779286,2.15567,GM12878,0.6576663,1.0,1
ENSG00000180398,1.4853711,2.15567,GM12878,0.65688723,1.0,1
ENSG00000180398,1.4990413,2.15567,GM12878,0.6624647,0.88586956,1
ENSG00000180398,1.4949207,2.15567,GM12878,0.6618252,0.71181047,1
ENSG00000180398,1.4821768,2.15567,GM12878,0.65297955,0.80265653,1
ENSG00000180398,1.4574615,2.15567,GM12878,0.65339303,0.39994037,1
ENSG00000180881,0.49847177,-0.7447275,GM12878,0.6742414,1.0,1
ENSG00000180881,0.44304398,-0.7447275,GM12878,0.663888,1.0,1
ENSG00000180902,1.0826168,1.2062861,GM12878,0.71661836,1.0,1
ENSG00000180902,1.0841573,1.2062861,GM12878,0.7177981,0.8868715,1
ENSG00000180902,1.1059535,1.2062861,GM12878,0.7177091,0.37936267,1
ENSG00000181852,1.4983844,1.6280823,GM12878,0.6841137,1.0,1
ENSG00000181852,1.4446512,1.6280823,GM12878,0.6938533,0.02148955,1
ENSG00000181852,1.5145879,1.6280823,GM12878,0.66074675,0.31061074,1
ENSG00000181929,1.4762337,1.931407,GM12878,0.6922398,1.0,1
ENSG00000182196,1.2198946,2.0070646,GM12878,0.71977764,1.0,1
ENSG00000182199,1.5474612,2.0803378,GM12878,0.6643358,0.7227899,1
ENSG00000182326,-0.1390178,-0.21467017,GM12878,0.7433677,1.0,1
ENSG00000182389,-0.8256311,-0.92081875,GM12878,0.9079251,1.0,1
ENSG00000182551,1.0787135,1.212454,GM12878,0.6854829,1.0,1
ENSG00000182993,1.0540524,0.29225606,GM12878,0.6502579,1.0,1
ENSG00000182993,1.0744722,0.29225606,GM12878,0.65336865,1.0,1
ENSG00000183054,0.10161153,-0.20760831,GM12878,0.73762596,1.0,1
ENSG00000183283,1.5780728,2.4188812,GM12878,0.6613609,1.0,1
ENSG00000183283,1.5402343,2.4188812,GM12878,0.67261297,1.0,1
ENSG00000183283,1.5085722,2.4188812,GM12878,0.6792876,0.9899753,1
ENSG00000183283,1.6465257,2.4188812,GM12878,0.64652115,0.8757669,1
ENSG00000183395,0.104671955,-0.88605666,GM12878,0.7174373,1.0,1
ENSG00000183495,1.2450516,0.77451694,GM12878,0.68822956,1.0,1
ENSG00000183495,1.2527121,0.77451694,GM12878,0.68829954,1.0,1
ENSG00000183495,1.2311225,0.77451694,GM12878,0.6936865,0.6573427,1
ENSG00000183513,1.5579405,1.6155292,GM12878,0.68244934,1.0,1
ENSG00000183735,1.3989589,1.2716093,GM12878,0.6750237,1.0,1
ENSG00000183891,1.5146239,1.7229629,GM12878,0.6503192,1.0,1
ENSG00000183955,0.780438,1.8150462,GM12878,0.690874,1.0,1
ENSG00000183955,0.7408293,1.8150462,GM12878,0.6958471,0.4181232,1
ENSG00000184047,1.4221399,1.5887197,GM12878,0.6936468,1.0,1
ENSG00000184047,1.4544734,1.5887197,GM12878,0.68998826,1.0,1
ENSG00000184047,1.4260445,1.5887197,GM12878,0.69249475,0.020094892,1
ENSG00000184047,1.4170549,1.5887197,GM12878,0.69430125,0.97038215,1
ENSG00000184047,1.4062096,1.5887197,GM12878,0.6961747,0.98123324,1
ENSG00000184047,1.4154147,1.5887197,GM12878,0.6903404,0.9928315,1
ENSG00000184047,1.415322,1.5887197,GM12878,0.69031477,0.943299,1
ENSG00000184182,1.0251282,1.7896512,GM12878,0.67069125,1.0,1
ENSG00000184182,1.0319415,1.7896512,GM12878,0.6629905,1.0,1
ENSG00000184182,1.0500464,1.7896512,GM12878,0.6637791,0.73438483,1
ENSG00000184271,1.3061459,0.4281348,GM12878,0.648476,1.0,1
ENSG00000184271,1.4308631,0.4281348,GM12878,0.6386538,1.0,1
ENSG00000184445,1.5836196,2.033102,GM12878,0.64197063,1.0,1
ENSG00000184445,1.5758604,2.033102,GM12878,0.6439849,1.0,1
ENSG00000184445,1.4064176,2.033102,GM12878,0.65202016,1.0,1
ENSG00000184445,1.422267,2.033102,GM12878,0.6531228,0.8590272,1
ENSG00000184445,1.5279859,2.033102,GM12878,0.65104043,0.42275363,1
ENSG00000184575,1.6286025,2.1749897,GM12878,0.63634384,1.0,1
ENSG00000184575,1.716073,2.1749897,GM12878,0.6241575,1.0,1
ENSG00000184613,-0.24210401,-0.4089354,GM12878,0.79038596,1.0,1
ENSG00000184752,0.9070289,2.2918348,GM12878,0.64677256,1.0,1
ENSG00000184752,1.0272856,2.2918348,GM12878,0.6243374,0.9304363,1
ENSG00000184898,1.2336571,0.6589649,GM12878,0.67623633,1.0,1
ENSG00000184898,1.1517836,0.6589649,GM12878,0.6774344,1.0,1
ENSG00000184967,1.1240106,0.7307823,GM12878,0.6912106,1.0,1
ENSG00000184992,0.97770196,1.0565237,GM12878,0.6539597,1.0,1
ENSG00000185163,1.0785556,1.0561422,GM12878,0.6992198,1.0,1
ENSG00000185163,1.1209824,1.0561422,GM12878,0.6968969,1.0,1
ENSG00000185163,1.1577643,1.0561422,GM12878,0.6936003,1.0,1
ENSG00000185163,1.0213798,1.0561422,GM12878,0.70256764,1.0,1
ENSG00000185163,1.0583662,1.0561422,GM12878,0.699471,1.0,1
ENSG00000185344,1.2323301,1.8576943,GM12878,0.6917481,1.0,1
ENSG00000185344,1.2136378,1.8576943,GM12878,0.69712245,1.0,1
ENSG00000185404,0.5429233,0.90525603,GM12878,0.6731078,1.0,1
ENSG00000185404,0.5336637,0.90525603,GM12878,0.66626483,0.14864865,1
ENSG00000185432,1.2215422,0.9973864,GM12878,0.6726423,1.0,1
ENSG00000185480,1.2280116,1.5067755,GM12878,0.6436163,1.0,1
ENSG00000185480,1.1982806,1.5067755,GM12878,0.6422891,1.0,1
ENSG00000185480,1.230343,1.5067755,GM12878,0.63082033,0.9807468,1
ENSG00000185480,1.1971867,1.5067755,GM12878,0.6442709,0.047052152,1
ENSG00000185480,1.2109162,1.5067755,GM12878,0.6403787,0.5017668,1
ENSG00000185480,1.1949828,1.5067755,GM12878,0.643459,0.8797629,1
ENSG00000185482,0.05426985,0.59549624,GM12878,0.741465,1.0,1
ENSG00000185482,0.037902825,0.59549624,GM12878,0.75204194,1.0,1
ENSG00000185482,0.03102352,0.59549624,GM12878,0.7570653,0.9874608,1
ENSG00000185482,0.055798307,0.59549624,GM12878,0.7529959,0.041269843,1
ENSG00000185591,0.80689806,1.6252096,GM12878,0.66800207,1.0,1
ENSG00000185591,0.78776085,1.6252096,GM12878,0.6733552,1.0,1
ENSG00000185640,-0.56774855,0.12057393,GM12878,0.8551399,1.0,1
ENSG00000185664,0.29516974,0.30103,GM12878,0.72915816,1.0,1
ENSG00000186132,1.0904557,1.0421816,GM12878,0.6859045,1.0,1
ENSG00000186132,1.1125996,1.0421816,GM12878,0.68893963,1.0,1
ENSG00000186298,1.2214829,2.289745,GM12878,0.6838699,1.0,1
ENSG00000186298,1.2395548,2.289745,GM12878,0.6802606,1.0,1
ENSG00000186298,1.2140747,2.289745,GM12878,0.68370545,1.0,1
ENSG00000186815,1.0384908,1.1000258,GM12878,0.66286004,1.0,1
ENSG00000186815,1.0333207,1.1000258,GM12878,0.6579898,0.08759124,1
ENSG00000186815,1.0291795,1.1000258,GM12878,0.66002387,0.1463964,1
ENSG00000186854,-0.81094855,-0.49485,GM12878,0.9399209,1.0,1
ENSG00000186854,-0.8116817,-0.49485,GM12878,0.9335768,1.0,1
ENSG00000186889,1.4024736,0.20411998,GM12878,0.6699184,1.0,1
ENSG00000186889,1.3027809,0.20411998,GM12878,0.6801452,1.0,1
ENSG00000186908,1.4408871,1.6647359,GM12878,0.649584,1.0,1
ENSG00000186908,1.4093006,1.6647359,GM12878,0.6542771,0.8091603,1
ENSG00000186908,1.4038575,1.6647359,GM12878,0.65374506,0.1908397,1
ENSG00000187109,1.4473152,2.5370002,GM12878,0.6726732,1.0,1
ENSG00000187109,1.4728754,2.5370002,GM12878,0.6732098,0.7525151,1
ENSG00000187109,1.4834589,2.5370002,GM12878,0.6703751,0.99739194,1
ENSG00000187109,1.4307003,2.5370002,GM12878,0.67491025,0.7152778,1
ENSG00000187514,1.3461355,2.4737496,GM12878,0.64270097,1.0,1
ENSG00000187605,0.31692305,0.53275436,GM12878,0.775504,1.0,1
ENSG00000187736,1.0407846,1.193681,GM12878,0.6425946,1.0,1
ENSG00000187778,1.4948002,1.8017466,GM12878,0.65927124,1.0,1
ENSG00000187778,1.5024754,1.8017466,GM12878,0.6408495,1.0,1
ENSG00000187778,1.4833086,1.8017466,GM12878,0.6547945,1.0,1
ENSG00000187778,1.480453,1.8017466,GM12878,0.6396947,1.0,1
ENSG00000187833,0.0064704902,-0.65757734,GM12878,0.7335047,1.0,1
ENSG00000187944,-0.20511213,-0.9586073,GM12878,0.7682576,1.0,1
ENSG00000188010,0.8441968,1.0744507,GM12878,0.6450043,1.0,1
ENSG00000188010,0.9612209,1.0744507,GM12878,0.65222555,1.0,1
ENSG00000188010,1.0221634,1.0744507,GM12878,0.64346117,1.0,1
ENSG00000188026,1.0662026,0.90741134,GM12878,0.6859849,1.0,1
ENSG00000188026,1.0687995,0.90741134,GM12878,0.6855676,1.0,1
ENSG00000188026,1.1192353,0.90741134,GM12878,0.6711845,1.0,1
ENSG00000188026,1.1181265,0.90741134,GM12878,0.67514354,1.0,1
ENSG00000188177,1.3533608,0.2121876,GM12878,0.6429525,1.0,1
ENSG00000188177,1.197829,0.2121876,GM12878,0.6509151,1.0,1
ENSG00000188282,-0.3455985,-0.9586073,GM12878,0.78083175,1.0,1
ENSG00000188389,-0.1726329,0.29885307,GM12878,0.94389,1.0,1
ENSG00000188389,-0.18504603,0.29885307,GM12878,0.94145215,1.0,1
ENSG00000188542,1.3208772,0.7937904,GM12878,0.67229575,1.0,1
ENSG00000188735,1.0979071,0.8668778,GM12878,0.70688015,1.0,1
ENSG00000188735,1.1048179,0.8668778,GM12878,0.7065306,1.0,1
ENSG00000188735,1.1137948,0.8668778,GM12878,0.69588625,0.21768707,1
ENSG00000188760,0.63770753,0.1335389,GM12878,0.71151453,1.0,1
ENSG00000188906,-0.17414692,-0.55284196,GM12878,0.7174465,1.0,1
ENSG00000189046,0.64103836,1.3963737,GM12878,0.70568585,1.0,1
ENSG00000189046,0.7113846,1.3963737,GM12878,0.7010563,0.97117364,1
ENSG00000189079,1.3065339,1.4061995,GM12878,0.6712504,1.0,1
ENSG00000189079,1.2565496,1.4061995,GM12878,0.6739091,0.0,1
ENSG00000189079,1.3541816,1.4061995,GM12878,0.66969377,0.16,1
ENSG00000189362,1.327022,0.36172783,GM12878,0.6887528,1.0,1
ENSG00000189362,1.3224851,0.36172783,GM12878,0.6889768,1.0,1
ENSG00000189362,1.3843436,0.36172783,GM12878,0.68870765,0.7837838,1
ENSG00000196141,1.0033487,1.4640422,GM12878,0.6329933,1.0,1
ENSG00000196141,1.0062534,1.4640422,GM12878,0.64653885,1.0,1
ENSG00000196141,1.0032263,1.4640422,GM12878,0.67293286,1.0,1
ENSG00000196141,1.089943,1.4640422,GM12878,0.6577495,1.0,1
ENSG00000196141,1.0082994,1.4640422,GM12878,0.66720265,1.0,1
ENSG00000196141,0.92522436,1.4640422,GM12878,0.673728,0.37549758,1
ENSG00000196290,1.2991703,1.8479426,GM12878,0.6609545,0.6967787,1
ENSG00000196387,1.5813246,0.75739604,GM12878,0.5908714,1.0,1
ENSG00000196387,1.5991466,0.75739604,GM12878,0.58754224,1.0,1
ENSG00000196387,1.5688124,0.75739604,GM12878,0.59296733,1.0,1
ENSG00000196387,1.550132,0.75739604,GM12878,0.60194725,0.4181818,1
ENSG00000196458,0.6435874,-0.4685211,GM12878,0.6886286,1.0,1
ENSG00000196465,1.4222172,1.7137425,GM12878,0.65156394,1.0,1
ENSG00000196498,-0.27957478,0.48000693,GM12878,0.82318693,1.0,1
ENSG00000196504,1.4605567,2.3094172,GM12878,0.656532,1.0,1
ENSG00000196504,1.5997529,2.3094172,GM12878,0.6150963,1.0,1
ENSG00000196504,1.5508773,2.3094172,GM12878,0.63294715,0.9396194,1
ENSG00000196504,1.4563452,2.3094172,GM12878,0.6518574,0.031471092,1
ENSG00000196510,1.2962147,2.059904,GM12878,0.67542857,1.0,1
ENSG00000196510,1.3537161,2.059904,GM12878,0.6684401,1.0,1
ENSG00000196510,1.3171551,2.059904,GM12878,0.6768413,1.0,1
ENSG00000196604,0.030823877,-0.7212464,GM12878,0.71269846,1.0,1
ENSG00000196604,0.09586531,-0.7212464,GM12878,0.71263963,1.0,1
ENSG00000196604,0.009585967,-0.7212464,GM12878,0.7278477,1.0,1
ENSG00000196604,-0.058311693,-0.7212464,GM12878,0.7284131,1.0,1
ENSG00000196604,-0.0016355086,-0.7212464,GM12878,0.7205018,1.0,1
ENSG00000196604,-0.03862475,-0.7212464,GM12878,0.7236025,1.0,1
ENSG00000196843,0.81765985,0.48572144,GM12878,0.63691324,1.0,1
ENSG00000196843,0.82815105,0.48572144,GM12878,0.6417032,0.72695035,1
ENSG00000196850,1.286399,1.2457594,GM12878,0.68189955,1.0,1
ENSG00000196850,1.2647024,1.2457594,GM12878,0.6886399,1.0,1
ENSG00000196850,1.2648358,1.2457594,GM12878,0.6886931,1.0,1
ENSG00000196850,1.2913725,1.2457594,GM12878,0.6852905,1.0,1
ENSG00000196862,-0.15425032,-0.9586073,GM12878,0.71879905,1.0,1
ENSG00000196935,-0.02630577,-0.85387194,GM12878,0.87348187,1.0,1
ENSG00000196935,-0.018173842,-0.85387194,GM12878,0.8850738,1.0,1
ENSG00000196950,1.3079636,1.4543874,GM12878,0.6566038,1.0,1
ENSG00000196975,0.87225693,0.92582756,GM12878,0.70987725,1.0,1
ENSG00000197111,1.3361504,2.4339457,GM12878,0.66824883,1.0,1
ENSG00000197111,1.340024,2.4339457,GM12878,0.667572,1.0,1
ENSG00000197111,1.3077147,2.4339457,GM12878,0.6720062,0.7134209,1
ENSG00000197111,1.3913267,2.4339457,GM12878,0.64531946,0.8773534,1
ENSG00000197121,0.56604725,-0.36653155,GM12878,0.6108298,1.0,1
ENSG00000197223,1.3312218,1.5094713,GM12878,0.641025,1.0,1
ENSG00000197223,1.3926897,1.5094713,GM12878,0.661644,1.0,1
ENSG00000197329,1.0684115,1.1112626,GM12878,0.66050047,1.0,1
ENSG00000197713,1.1644144,1.6422666,GM12878,0.66486436,1.0,1
ENSG00000197713,1.3029847,1.6422666,GM12878,0.6395214,0.0029368575,1
ENSG00000197713,1.226306,1.6422666,GM12878,0.65245736,0.6555048,1
ENSG00000197713,1.3702478,1.6422666,GM12878,0.65223837,0.082868725,1
ENSG00000197713,1.19124,1.6422666,GM12878,0.65136856,0.89506525,1
ENSG00000197713,1.1510808,1.6422666,GM12878,0.66283935,0.05678422,1
ENSG00000197872,-0.10362996,-0.07572071,GM12878,0.8121566,1.0,1
ENSG00000197905,1.0457041,1.182985,GM12878,0.66013193,1.0,1
ENSG00000198001,1.4172374,1.416141,GM12878,0.63466704,1.0,1
ENSG00000198001,1.3996933,1.416141,GM12878,0.644334,1.0,1
ENSG00000198001,1.4884028,1.416141,GM12878,0.613552,1.0,1
ENSG00000198001,1.5002108,1.416141,GM12878,0.6100891,0.15306123,1
ENSG00000198001,1.3598534,1.416141,GM12878,0.65242594,0.67346936,1
ENSG00000198001,1.5113659,1.416141,GM12878,0.6199969,0.0983871,1
ENSG00000198001,1.3850851,1.416141,GM12878,0.6505769,0.83996993,1
ENSG00000198040,1.2989612,1.2619762,GM12878,0.6633258,1.0,1
ENSG00000198056,1.3059564,1.9697886,GM12878,0.6339041,1.0,1
ENSG00000198130,1.2163122,1.3565995,GM12878,0.65345836,1.0,1
ENSG00000198130,1.2068014,1.3565995,GM12878,0.6599946,0.94187427,1
ENSG00000198270,1.4546634,1.8424845,GM12878,0.658436,1.0,1
ENSG00000198270,1.4993308,1.8424845,GM12878,0.6336514,1.0,1
ENSG00000198270,1.4533312,1.8424845,GM12878,0.64918697,0.89046055,1
ENSG00000198270,1.4866767,1.8424845,GM12878,0.64955413,0.84433377,1
ENSG00000198270,1.4412041,1.8424845,GM12878,0.6649547,0.33092105,1
ENSG00000198353,0.1714061,-0.27572414,GM12878,0.73062533,1.0,1
ENSG00000198369,1.3652732,1.1024337,GM12878,0.6005699,1.0,1
ENSG00000198380,1.2431695,1.0986438,GM12878,0.632052,1.0,1
ENSG00000198393,1.0204272,0.7701153,GM12878,0.7051047,1.0,1
ENSG00000198393,1.0352907,0.7701153,GM12878,0.70324695,1.0,1
ENSG00000198399,1.2016072,1.0633334,GM12878,0.6854255,1.0,1
ENSG00000198399,1.1870598,1.0633334,GM12878,0.68911636,0.0034602077,1
ENSG00000198399,1.1636257,1.0633334,GM12878,0.69484824,0.4114053,1
ENSG00000198431,1.2482625,2.1384606,GM12878,0.67508954,1.0,1
ENSG00000198431,1.3165641,2.1384606,GM12878,0.6645341,0.65478665,1
ENSG00000198431,1.2879614,2.1384606,GM12878,0.65508723,0.0020149343,1
ENSG00000198431,1.2978289,2.1384606,GM12878,0.6690864,1.0,1
ENSG00000198431,1.3364186,2.1384606,GM12878,0.6701147,0.036704335,1
ENSG00000198522,1.2726808,1.8420473,GM12878,0.6165212,1.0,1
ENSG00000198586,1.4351872,1.3602146,GM12878,0.66297096,1.0,1
ENSG00000198586,1.3921695,1.3602146,GM12878,0.6668031,1.0,1
ENSG00000198586,1.4321208,1.3602146,GM12878,0.66722304,1.0,1
ENSG00000198586,1.4969237,1.3602146,GM12878,0.6558121,1.0,1
ENSG00000198586,1.4941517,1.3602146,GM12878,0.6567589,0.00054347824,1
ENSG00000198586,1.4394827,1.3602146,GM12878,0.6608716,0.0076086954,1
ENSG00000198612,1.1036872,1.7039788,GM12878,0.6525769,1.0,1
ENSG00000198612,1.0812514,1.7039788,GM12878,0.657401,0.8845161,1
ENSG00000198648,0.37738246,-0.22914799,GM12878,0.69843584,1.0,1
ENSG00000198648,0.30358356,-0.22914799,GM12878,0.7069004,1.0,1
ENSG00000198648,0.4917464,-0.22914799,GM12878,0.6983242,1.0,1
ENSG00000198707,0.8958606,0.74350977,GM12878,0.5790398,1.0,1
ENSG00000198707,0.8793295,0.74350977,GM12878,0.5628469,0.9844358,1
ENSG00000198707,0.9010474,0.74350977,GM12878,0.583728,0.054474708,1
ENSG00000198855,1.014719,-0.11918641,GM12878,0.6676991,1.0,1
ENSG00000198885,0.9644375,0.350248,GM12878,0.6883883,1.0,1
ENSG00000198925,1.3064728,1.7627536,GM12878,0.6603241,1.0,1
ENSG00000198925,1.3264468,1.7627536,GM12878,0.66496503,0.99839485,1
ENSG00000198925,1.2741067,1.7627536,GM12878,0.6818503,0.45178765,1
ENSG00000198925,1.2890682,1.7627536,GM12878,0.6813925,0.2883263,1
ENSG00000204099,-0.4327916,-0.82390875,GM12878,0.85869026,1.0,1
ENSG00000204104,0.8972035,0.2764618,GM12878,0.6487269,1.0,1
ENSG00000204120,1.1428448,1.4695275,GM12878,0.66788566,1.0,1
ENSG00000204120,1.1158438,1.4695275,GM12878,0.6647022,1.0,1
ENSG00000204120,1.1602451,1.4695275,GM12878,0.65932095,0.9606481,1
ENSG00000204120,1.1950095,1.4695275,GM12878,0.64026725,0.04278075,1
ENSG00000204120,1.1931548,1.4695275,GM12878,0.6483491,0.9054054,1
ENSG00000204120,1.2105215,1.4695275,GM12878,0.64374876,0.025917927,1
ENSG00000204217,0.97506326,0.65705585,GM12878,0.6763882,1.0,1
ENSG00000204217,0.9251321,0.65705585,GM12878,0.6760344,1.0,1
ENSG00000204311,1.1490778,0.24303804,GM12878,0.68969756,1.0,1
ENSG00000204406,1.1709272,1.1900514,GM12878,0.65314215,1.0,1
ENSG00000204406,1.0680065,1.1900514,GM12878,0.65429705,1.0,1
ENSG00000204634,0.084471,-0.0043648053,GM12878,0.7212059,1.0,1
ENSG00000204842,1.467677,1.4141374,GM12878,0.6855064,1.0,1
ENSG00000204842,1.4261265,1.4141374,GM12878,0.68499863,1.0,1
ENSG00000204842,1.4558553,1.4141374,GM12878,0.68747485,1.0,1
ENSG00000204842,1.4732962,1.4141374,GM12878,0.6820917,1.0,1
ENSG00000204842,1.4993093,1.4141374,GM12878,0.68225455,1.0,1
ENSG00000204842,1.5370388,1.4141374,GM12878,0.66853374,1.0,1
ENSG00000204842,1.4256934,1.4141374,GM12878,0.6846332,0.0,1
ENSG00000204842,1.4658066,1.4141374,GM12878,0.6791961,0.030837005,1
ENSG00000204842,1.4514533,1.4141374,GM12878,0.678079,0.8839779,1
ENSG00000204842,1.4317453,1.4141374,GM12878,0.68859404,0.2626728,1
ENSG00000204843,1.3897301,1.4313638,GM12878,0.6701579,1.0,1
ENSG00000204843,1.421633,1.4313638,GM12878,0.6622134,0.0,1
ENSG00000204852,0.6556041,0.9628427,GM12878,0.69503516,1.0,1
ENSG00000204852,0.6582002,0.9628427,GM12878,0.68244016,1.0,1
ENSG00000204852,0.65983385,0.9628427,GM12878,0.6727,0.04016064,1
ENSG00000204852,0.7092857,0.9628427,GM12878,0.6541848,0.9795082,1
ENSG00000204852,0.6290436,0.9628427,GM12878,0.69228965,0.096885815,1
ENSG00000204852,0.632488,0.9628427,GM12878,0.6857821,0.018796992,1
ENSG00000204856,1.122515,1.8397921,GM12878,0.67077506,1.0,1
ENSG00000204856,1.1411967,1.8397921,GM12878,0.66675085,1.0,1
ENSG00000204856,1.1855453,1.8397921,GM12878,0.6641271,1.0,1
ENSG00000204856,1.1149522,1.8397921,GM12878,0.671168,1.0,1
ENSG00000204856,1.1076406,1.8397921,GM12878,0.68215835,0.9939551,1
ENSG00000204923,1.2244298,0.10720997,GM12878,0.64257544,1.0,1
ENSG00000204923,1.2572803,0.10720997,GM12878,0.62520283,1.0,1
ENSG00000204954,1.6218545,1.5497388,GM12878,0.6507753,1.0,1
ENSG00000204954,1.5818243,1.5497388,GM12878,0.66417146,0.018209409,1
ENSG00000205086,-0.43387124,-0.9586073,GM12878,0.82880294,1.0,1
ENSG00000205086,-0.42482287,-0.9586073,GM12878,0.8209298,1.0,1
ENSG00000205323,1.6106064,2.1086664,GM12878,0.64196706,1.0,1
ENSG00000205323,1.6012545,2.1086664,GM12878,0.6256407,0.97135794,1
ENSG00000205352,1.5323687,2.2241704,GM12878,0.67759836,1.0,1
ENSG00000205639,1.3057156,0.76417613,GM12878,0.7365436,1.0,1
ENSG00000205707,1.4071269,1.3527611,GM12878,0.6222875,1.0,1
ENSG00000205707,1.3620244,1.3527611,GM12878,0.63624877,1.0,1
ENSG00000205707,1.3381829,1.3527611,GM12878,0.6438839,0.0,1
ENSG00000205795,-0.50062263,-0.9586073,GM12878,0.8482849,1.0,1
ENSG00000211455,0.67582756,0.5888317,GM12878,0.6746925,1.0,1
ENSG00000211460,1.3682446,1.9278321,GM12878,0.66765046,1.0,1
ENSG00000211460,1.4955952,1.9278321,GM12878,0.6567687,1.0,1
ENSG00000211460,1.4931066,1.9278321,GM12878,0.6567808,1.0,1
ENSG00000211460,1.4356068,1.9278321,GM12878,0.64385045,1.0,1
ENSG00000211460,1.435528,1.9278321,GM12878,0.64844364,0.9965157,1
ENSG00000211584,1.1741575,1.0216027,GM12878,0.63265747,1.0,1
ENSG00000212127,1.0082605,0.24303804,GM12878,0.6401516,1.0,1
ENSG00000212127,1.1335087,0.24303804,GM12878,0.62591845,1.0,1
ENSG00000213160,1.1619518,1.6390879,GM12878,0.68129677,1.0,1
ENSG00000213337,0.97884077,1.3562171,GM12878,0.69564617,1.0,1
ENSG00000213639,1.3493571,1.6006463,GM12878,0.666675,1.0,1
ENSG00000213699,1.2233865,1.0523092,GM12878,0.6845303,1.0,1
ENSG00000213699,1.2151432,1.0523092,GM12878,0.68684745,1.0,1
ENSG00000213699,1.2079582,1.0523092,GM12878,0.69070816,0.9528689,1
ENSG00000213699,1.2075409,1.0523092,GM12878,0.69101703,0.89855075,1
ENSG00000213699,1.2466965,1.0523092,GM12878,0.6921132,0.9669052,1
ENSG00000213782,1.0647018,1.5390761,GM12878,0.6777289,1.0,1
ENSG00000213782,1.0952871,1.5390761,GM12878,0.6768342,0.98846036,1
ENSG00000213782,1.0457938,1.5390761,GM12878,0.6769499,0.99616724,1
ENSG00000213809,-0.21392524,-0.7695511,GM12878,0.74651617,1.0,1
ENSG00000213809,-0.18040226,-0.7695511,GM12878,0.7458758,1.0,1
ENSG00000213901,-0.14591718,-0.3767507,GM12878,0.7756975,1.0,1
ENSG00000214595,0.7025805,-0.21467017,GM12878,0.63529027,1.0,1
ENSG00000214595,0.51549053,-0.21467017,GM12878,0.6798144,1.0,1
ENSG00000214595,0.5543238,-0.21467017,GM12878,0.6794384,1.0,1
ENSG00000214595,0.58082366,-0.21467017,GM12878,0.6744753,1.0,1
ENSG00000215021,1.678201,2.5502162,GM12878,0.6557608,1.0,1
ENSG00000215021,1.646513,2.5502162,GM12878,0.6777478,1.0,1
ENSG00000215021,1.6240877,2.5502162,GM12878,0.68033904,1.0,1
ENSG00000215021,1.6383965,2.5502162,GM12878,0.679201,1.0,1
ENSG00000215021,1.6622083,2.5502162,GM12878,0.66727304,1.0,1
ENSG00000218739,1.6209421,1.6078837,GM12878,0.64561516,1.0,1
ENSG00000219626,1.1906612,0.48429984,GM12878,0.6927817,1.0,1
ENSG00000221823,1.5190014,1.0599419,GM12878,0.61749166,1.0,1
ENSG00000221823,1.5159607,1.0599419,GM12878,0.61544293,1.0,1
ENSG00000221823,1.4773893,1.0599419,GM12878,0.64933604,1.0,1
ENSG00000221823,1.4794858,1.0599419,GM12878,0.64275205,1.0,1
ENSG00000231672,-0.49076176,-0.9586073,GM12878,0.8463586,1.0,1
ENSG00000231887,-0.11672962,0.48000693,GM12878,0.7085571,1.0,1
ENSG00000231887,-0.21176165,0.48000693,GM12878,0.7383401,1.0,1
ENSG00000231887,-0.1769456,0.48000693,GM12878,0.72309285,1.0,1
ENSG00000235162,-0.6347955,-0.26760623,GM12878,0.89094007,1.0,1
ENSG00000239305,0.91296893,0.553883,GM12878,0.67585903,1.0,1
ENSG00000239474,-0.12325418,-0.7212464,GM12878,0.75521606,1.0,1
ENSG00000239779,0.5992757,1.2156376,GM12878,0.7134425,1.0,1
ENSG00000239779,0.6224546,1.2156376,GM12878,0.70727277,0.1745283,1
ENSG00000240344,1.5676587,1.7319914,GM12878,0.644764,1.0,1
ENSG00000240344,1.4386301,1.7319914,GM12878,0.6582096,1.0,1
ENSG00000240344,1.4217688,1.7319914,GM12878,0.6547412,0.74934864,1
ENSG00000240344,1.4428816,1.7319914,GM12878,0.6500568,0.0,1
ENSG00000240344,1.5097115,1.7319914,GM12878,0.64677405,0.7108597,1
ENSG00000240771,0.41452447,1.0934217,GM12878,0.79151255,1.0,1
ENSG00000241119,-0.4271784,-0.9586073,GM12878,0.80374616,1.0,1
ENSG00000241962,0.5036241,-0.43179828,GM12878,0.68893176,1.0,1
ENSG00000243244,0.37546274,0.025305865,GM12878,0.7270699,1.0,1
ENSG00000243667,1.5962719,0.5428254,GM12878,0.6560181,1.0,1
ENSG00000243667,1.65496,0.5428254,GM12878,0.6451436,1.0,1
ENSG00000243943,1.2342426,1.8286599,GM12878,0.6822491,1.0,1
ENSG00000243943,1.2693847,1.8286599,GM12878,0.6794049,0.0132,1
ENSG00000243943,1.153458,1.8286599,GM12878,0.68370646,0.48008007,1
ENSG00000243943,1.2781856,1.8286599,GM12878,0.6703822,0.98646265,1
ENSG00000247077,1.2361108,1.5903959,GM12878,0.69968027,1.0,1
ENSG00000250565,0.93775415,0.90091306,GM12878,0.6586295,1.0,1
ENSG00000251569,0.8565822,-0.24412514,GM12878,0.69103587,1.0,1
ENSG00000251569,0.8131066,-0.24412514,GM12878,0.6916671,1.0,1
ENSG00000251569,0.895217,-0.24412514,GM12878,0.6843648,1.0,1
ENSG00000251569,0.8466732,-0.24412514,GM12878,0.6882336,1.0,1
ENSG00000256223,1.409785,0.5843312,GM12878,0.6570446,1.0,1
ENSG00000256223,1.2475599,0.5843312,GM12878,0.66836625,1.0,1
ENSG00000256223,1.2200085,0.5843312,GM12878,0.66823816,1.0,1
ENSG00000256223,1.3188001,0.5843312,GM12878,0.66251224,1.0,1
ENSG00000257218,1.5434624,1.438384,GM12878,0.6914822,1.0,1
ENSG00000257218,1.536887,1.438384,GM12878,0.68382746,0.18068764,1
ENSG00000257390,0.30795774,-0.55284196,GM12878,0.7381922,1.0,1
ENSG00000257390,0.3414193,-0.55284196,GM12878,0.73515654,1.0,1
ENSG00000257390,0.30394757,-0.55284196,GM12878,0.7465679,1.0,1
ENSG00000257390,0.33507726,-0.55284196,GM12878,0.73265475,1.0,1
ENSG00000257727,1.5765768,2.1634,GM12878,0.68062633,1.0,1
ENSG00000257921,1.0956382,-0.13667715,GM12878,0.6968545,1.0,1
ENSG00000258311,1.2565962,0.096910015,GM12878,0.66767347,1.0,1
ENSG00000259075,1.5399144,-0.33724216,GM12878,0.6758766,1.0,1
