,PredExpr,ActualExpr,CellLine,PredPsi,ActualPsi,fold_idx
ENSG00000004776,0.5587189,-0.82390875,K562,0.99191815,1.0,8
ENSG00000004777,0.9029257,1.2530956,K562,0.9489835,1.0,8
ENSG00000004777,0.5018501,1.2530956,K562,0.9711855,1.0,8
ENSG00000004777,0.8908093,1.2530956,K562,0.9847504,0.84185493,8
ENSG00000005007,1.5443075,1.5162709,K562,0.9736636,1.0,8
ENSG00000005007,1.4976525,1.5162709,K562,0.8178457,1.0,8
ENSG00000005007,1.5473188,1.5162709,K562,0.9746002,1.0,8
ENSG00000005007,1.5319619,1.5162709,K562,0.9653197,1.0,8
ENSG00000005206,1.4239836,1.6934631,K562,0.951266,1.0,8
ENSG00000005206,1.4641734,1.6934631,K562,0.95175797,1.0,8
ENSG00000005206,1.4664128,1.6934631,K562,0.9591566,1.0,8
ENSG00000005206,1.4067316,1.6934631,K562,0.5537332,0.009562154,8
ENSG00000005238,1.316236,0.41664052,K562,0.97822213,1.0,8
ENSG00000006015,1.6411452,1.7851874,K562,0.9551336,1.0,8
ENSG00000006015,1.3608363,1.7851874,K562,0.84111965,0.94304454,8
ENSG00000006015,1.3428562,1.7851874,K562,0.9063777,0.84270734,8
ENSG00000006638,-0.15233108,-0.85387194,K562,0.9966029,1.0,8
ENSG00000006712,1.7586745,1.507451,K562,0.96347433,1.0,8
ENSG00000006712,1.871186,1.507451,K562,0.97821003,1.0,8
ENSG00000006712,1.8046739,1.507451,K562,0.46619704,0.0039827414,8
ENSG00000006712,1.8374562,1.507451,K562,0.91886187,0.9960173,8
ENSG00000006712,1.8538663,1.507451,K562,0.67605114,0.977763,8
ENSG00000007047,0.97359216,0.9614211,K562,0.966739,1.0,8
ENSG00000007047,1.027009,0.9614211,K562,0.9555357,0.07789474,8
ENSG00000007080,1.5919464,2.0665867,K562,0.9706007,1.0,8
ENSG00000007080,1.6038055,2.0665867,K562,0.96936774,1.0,8
ENSG00000007255,1.2536045,1.7422537,K562,0.92524785,1.0,8
ENSG00000007255,1.2203474,1.7422537,K562,0.8955665,1.0,8
ENSG00000007255,1.1729254,1.7422537,K562,0.9059535,1.0,8
ENSG00000007255,1.1729254,1.7422537,K562,0.9059535,1.0,8
ENSG00000007255,1.12336,1.7422537,K562,0.81648517,0.8232003,8
ENSG00000007255,1.12336,1.7422537,K562,0.81648517,0.61736673,8
ENSG00000007264,-0.31024504,0.17026171,K562,0.99516463,0.4909091,8
ENSG00000008382,1.1846299,0.96378785,K562,0.93813205,1.0,8
ENSG00000008441,-0.10050983,-0.24412514,K562,0.9974598,1.0,8
ENSG00000010310,1.3666983,1.3434086,K562,0.70570916,1.0,8
ENSG00000010310,1.3058238,1.3434086,K562,0.8803141,0.92785573,8
ENSG00000010361,1.4534626,0.90036714,K562,0.93897223,1.0,8
ENSG00000011132,1.4967369,1.4935975,K562,0.98222154,1.0,8
ENSG00000011243,1.5532529,1.725585,K562,0.9730026,1.0,8
ENSG00000011243,1.5700647,1.725585,K562,0.9711329,1.0,8
ENSG00000011243,1.5704839,1.725585,K562,0.96941525,1.0,8
ENSG00000011243,1.5574143,1.725585,K562,0.9580491,1.0,8
ENSG00000011243,1.5620847,1.725585,K562,0.95941865,1.0,8
ENSG00000011243,1.552084,1.725585,K562,0.9127321,1.0,8
ENSG00000011243,1.5699216,1.725585,K562,0.9611052,1.0,8
ENSG00000011243,1.5694764,1.725585,K562,0.95817286,1.0,8
ENSG00000011243,1.5613811,1.725585,K562,0.6183466,1.0,8
ENSG00000011243,1.5581572,1.725585,K562,0.78293455,1.0,8
ENSG00000011243,1.5355818,1.725585,K562,0.6721364,1.0,8
ENSG00000011243,1.4565911,1.725585,K562,0.9398973,1.0,8
ENSG00000011243,1.5446216,1.725585,K562,0.80830175,0.27123415,8
ENSG00000011304,1.6797328,2.3599303,K562,0.9561021,1.0,8
ENSG00000011304,1.6657424,2.3599303,K562,0.28099373,1.0,8
ENSG00000011304,1.6642804,2.3599303,K562,0.8620355,0.2626014,8
ENSG00000011304,1.6656963,2.3599303,K562,0.66397303,0.012319333,8
ENSG00000011332,0.13443533,0.5693739,K562,0.991271,1.0,8
ENSG00000011332,0.21915308,0.5693739,K562,0.97335905,1.0,8
ENSG00000011332,0.20245367,0.5693739,K562,0.99346936,1.0,8
ENSG00000011422,0.8351103,0.98766625,K562,0.98585445,1.0,8
ENSG00000011422,0.7674582,0.98766625,K562,0.9668929,1.0,8
ENSG00000011422,0.6037582,0.98766625,K562,0.98175,0.84815615,8
ENSG00000011422,0.8351103,0.98766625,K562,0.98585445,0.96964854,8
ENSG00000011451,1.7072594,1.2506639,K562,0.95334417,1.0,8
ENSG00000011451,1.6834383,1.2506639,K562,0.914799,1.0,8
ENSG00000011454,1.2734313,1.0572857,K562,0.95705694,1.0,8
ENSG00000011454,1.2816868,1.0572857,K562,0.96431214,0.012578616,8
ENSG00000011454,1.4461926,1.0572857,K562,0.5231248,0.012578616,8
ENSG00000011478,1.5237455,1.2794387,K562,0.93944573,1.0,8
ENSG00000011478,1.4140738,1.2794387,K562,0.7963816,1.0,8
ENSG00000011485,1.565832,2.01695,K562,0.9275902,1.0,8
ENSG00000011600,0.50663567,0.15533604,K562,0.95245767,1.0,8
ENSG00000011600,0.69155073,0.15533604,K562,0.6551234,1.0,8
ENSG00000012061,1.6539447,1.9445814,K562,0.80280906,1.0,8
ENSG00000012061,1.7894021,1.9445814,K562,0.9454684,0.5049739,8
ENSG00000012061,1.4962643,1.9445814,K562,0.96446055,0.9513589,8
ENSG00000012124,1.7331252,2.4143214,K562,0.8243669,1.0,8
ENSG00000013275,1.6774392,1.8678209,K562,0.9647244,1.0,8
ENSG00000013275,1.5434752,1.8678209,K562,0.9620969,1.0,8
ENSG00000018869,0.45198685,-0.096910015,K562,0.92552096,1.0,8
ENSG00000022556,0.083195895,-0.036212172,K562,0.9896002,1.0,8
ENSG00000023318,1.278002,1.1442628,K562,0.95387906,1.0,8
ENSG00000028277,1.4992691,1.4899585,K562,0.9263141,1.0,8
ENSG00000031823,1.5938647,1.8539414,K562,0.9008787,1.0,8
ENSG00000031823,1.4712992,1.8539414,K562,0.8041324,0.0,8
ENSG00000031823,1.3928375,1.8539414,K562,0.7871103,0.6856051,8
ENSG00000032444,1.2196032,1.7479553,K562,0.90123093,1.0,8
ENSG00000032444,1.2931856,1.7479553,K562,0.9578779,1.0,8
ENSG00000032444,1.2244955,1.7479553,K562,0.7496468,0.87848103,8
ENSG00000032444,1.2806706,1.7479553,K562,0.9718421,1.0,8
ENSG00000032444,0.55705017,1.7479553,K562,0.90977466,1.0,8
ENSG00000037757,1.2076924,1.5933968,K562,0.905496,1.0,8
ENSG00000037757,1.2740692,1.5933968,K562,0.94849455,0.27894738,8
ENSG00000039650,1.6741812,1.7883805,K562,0.9685453,1.0,8
ENSG00000039650,1.6950855,1.7883805,K562,0.96403176,1.0,8
ENSG00000042753,1.1959652,2.0933867,K562,0.9187218,1.0,8
ENSG00000042753,1.1959652,2.0933867,K562,0.9187218,0.9825189,8
ENSG00000044574,1.6496764,1.9434451,K562,0.8759749,1.0,8
ENSG00000048828,1.582928,1.5899496,K562,0.9515379,1.0,8
ENSG00000048828,1.667815,1.5899496,K562,0.9612618,0.91457826,8
ENSG00000051128,0.16397557,-0.24412514,K562,0.994073,1.0,8
ENSG00000051128,0.09401545,-0.24412514,K562,0.99683553,1.0,8
ENSG00000051128,-0.29931134,-0.24412514,K562,0.9956132,1.0,8
ENSG00000053501,1.4341385,1.2821687,K562,0.8523761,1.0,8
ENSG00000053501,1.4134624,1.2821687,K562,0.9516852,0.99535424,8
ENSG00000054148,1.615459,2.0776587,K562,0.91500854,1.0,8
ENSG00000054148,1.6109805,2.0776587,K562,0.9160239,1.0,8
ENSG00000054148,1.6087179,2.0776587,K562,0.83612335,0.28915912,8
ENSG00000056558,2.027298,2.0935616,K562,0.96588737,1.0,8
ENSG00000056558,2.0400238,2.0935616,K562,0.93335474,1.0,8
ENSG00000056586,1.4781275,1.0906107,K562,0.9540289,1.0,8
ENSG00000059769,1.1295706,0.5118834,K562,0.9673904,1.0,8
ENSG00000059769,0.97032666,0.5118834,K562,0.9725478,0.61093247,8
ENSG00000060558,1.1495029,1.0326188,K562,0.96803397,1.0,8
ENSG00000060558,1.2282379,1.0326188,K562,0.9606333,1.0,8
ENSG00000060558,1.1188519,1.0326188,K562,0.927682,1.0,8
ENSG00000060558,1.1119841,1.0326188,K562,0.94128007,1.0,8
ENSG00000060558,1.1805105,1.0326188,K562,0.9348859,1.0,8
ENSG00000062822,1.6136276,1.920645,K562,0.95941836,1.0,8
ENSG00000062822,1.5734878,1.920645,K562,0.9753069,1.0,8
ENSG00000062822,1.3216534,1.920645,K562,0.91403407,0.9854592,8
ENSG00000063127,0.15989769,-0.017728766,K562,0.98132575,1.0,8
ENSG00000063127,0.44774067,-0.017728766,K562,0.9794318,1.0,8
ENSG00000063127,0.56345004,-0.017728766,K562,0.93606704,1.0,8
ENSG00000063127,0.4780553,-0.017728766,K562,0.9946069,1.0,8
ENSG00000063169,1.2819954,0.5634811,K562,0.89098096,1.0,8
ENSG00000063169,1.2631651,0.5634811,K562,0.85753095,1.0,8
ENSG00000063180,0.53563637,0.24303804,K562,0.9356014,1.0,8
ENSG00000063241,1.498113,2.127267,K562,0.9733455,1.0,8
ENSG00000063241,1.6191999,2.127267,K562,0.9645412,1.0,8
ENSG00000063241,1.6144252,2.127267,K562,0.9638479,0.76022947,8
ENSG00000063241,1.4529326,2.127267,K562,0.81640035,0.008625216,8
ENSG00000063244,2.052422,2.403601,K562,0.9501124,1.0,8
ENSG00000063244,2.027206,2.403601,K562,0.96864754,1.0,8
ENSG00000063244,2.0314968,2.403601,K562,0.93409795,1.0,8
ENSG00000063245,1.742619,1.5368109,K562,0.78861773,1.0,8
ENSG00000063245,1.7624292,1.5368109,K562,0.94868773,0.10531053,8
ENSG00000063322,1.595418,1.3432115,K562,0.9331799,1.0,8
ENSG00000063322,1.595418,1.3432115,K562,0.9331799,1.0,8
ENSG00000063322,1.5732872,1.3432115,K562,0.7480957,0.9954887,8
ENSG00000064490,1.6260364,1.9453701,K562,0.78997105,1.0,8
ENSG00000064490,1.6919131,1.9453701,K562,0.9488006,0.65433973,8
ENSG00000064545,1.1131703,1.5027002,K562,0.9201056,1.0,8
ENSG00000064547,1.469051,1.2268575,K562,0.9789226,1.0,8
ENSG00000064547,1.4333882,1.2268575,K562,0.9721472,1.0,8
ENSG00000064547,1.374342,1.2268575,K562,0.9611781,1.0,8
ENSG00000064607,1.7376132,1.9988258,K562,0.97456455,1.0,8
ENSG00000064607,1.7423793,1.9988258,K562,0.7463866,0.0049261083,8
ENSG00000064607,1.8008642,1.9988258,K562,0.9375769,0.87976193,8
ENSG00000064607,1.8402781,1.9988258,K562,0.75218564,0.16737568,8
ENSG00000064607,1.7715784,1.9988258,K562,0.951663,0.16737568,8
ENSG00000064666,1.9396687,2.1916187,K562,0.965865,1.0,8
ENSG00000064666,1.9396687,2.1916187,K562,0.965865,1.0,8
ENSG00000064666,1.8922203,2.1916187,K562,0.9611853,0.9422696,8
ENSG00000064932,1.5285835,1.2720737,K562,0.97258747,1.0,8
ENSG00000064932,1.5196564,1.2720737,K562,0.9764133,1.0,8
ENSG00000064961,1.182599,1.9029814,K562,0.9710696,1.0,8
ENSG00000064961,1.3090029,1.9029814,K562,0.9159604,1.0,8
ENSG00000064961,1.1538007,1.9029814,K562,0.96120155,1.0,8
ENSG00000065000,1.6563516,1.7643256,K562,0.9678137,1.0,8
ENSG00000065268,1.4049153,2.0093234,K562,0.8827965,1.0,8
ENSG00000065268,1.5921061,2.0093234,K562,0.95857996,1.0,8
ENSG00000065268,1.644418,2.0093234,K562,0.97036666,1.0,8
ENSG00000065268,1.5881264,2.0093234,K562,0.9644305,1.0,8
ENSG00000065268,1.6146135,2.0093234,K562,0.9615417,1.0,8
ENSG00000065268,1.6048477,2.0093234,K562,0.9696507,1.0,8
ENSG00000065268,1.24635,2.0093234,K562,0.8254768,1.0,8
ENSG00000065268,1.5022429,2.0093234,K562,0.8398038,1.0,8
ENSG00000066044,1.5927808,1.8765643,K562,0.97261536,1.0,8
ENSG00000066697,0.81412756,1.2224563,K562,0.96883416,1.0,8
ENSG00000066697,0.81412756,1.2224563,K562,0.96883416,1.0,8
ENSG00000066697,0.98857355,1.2224563,K562,0.9446191,0.06850716,8
ENSG00000066697,1.0131187,1.2224563,K562,0.6891441,0.08625878,8
ENSG00000068903,1.355077,1.279895,K562,0.95073396,1.0,8
ENSG00000068903,1.1547091,1.279895,K562,0.95767844,1.0,8
ENSG00000068903,1.1356106,1.279895,K562,0.50158143,0.25339675,8
ENSG00000068903,1.3912182,1.279895,K562,0.8302004,0.059880238,8
ENSG00000069399,1.5650461,1.2477279,K562,0.92298245,1.0,8
ENSG00000069399,1.5650461,1.2477279,K562,0.92298245,1.0,8
ENSG00000069399,1.6061201,1.2477279,K562,0.862327,1.0,8
ENSG00000069399,1.7350905,1.2477279,K562,0.9633146,1.0,8
ENSG00000069399,1.7814534,1.2477279,K562,0.97238714,1.0,8
ENSG00000069399,1.6889685,1.2477279,K562,0.92357993,1.0,8
ENSG00000069399,1.7227125,1.2477279,K562,0.9570966,1.0,8
ENSG00000069399,1.6683607,1.2477279,K562,0.9728828,1.0,8
ENSG00000069399,1.7992711,1.2477279,K562,0.9714049,1.0,8
ENSG00000070061,1.2032596,1.2864565,K562,0.9538705,1.0,8
ENSG00000070061,1.221324,1.2864565,K562,0.9255632,1.0,8
ENSG00000070061,1.1377639,1.2864565,K562,0.23315318,0.054607507,8
ENSG00000070214,1.0250099,0.9324738,K562,0.9537731,1.0,8
ENSG00000070214,0.8348969,0.9324738,K562,0.9509048,1.0,8
ENSG00000070214,0.87149715,0.9324738,K562,0.83436424,1.0,8
ENSG00000070388,0.6009644,-0.7695511,K562,0.97873634,1.0,8
ENSG00000070404,0.5642516,0.96707976,K562,0.98041385,1.0,8
ENSG00000070404,0.4157056,0.96707976,K562,0.97098184,1.0,8
ENSG00000070404,0.44229823,0.96707976,K562,0.97189957,1.0,8
ENSG00000070423,1.7135463,1.8778319,K562,0.97290987,1.0,8
ENSG00000070423,1.7376792,1.8778319,K562,0.9344576,1.0,8
ENSG00000070423,1.7259911,1.8778319,K562,0.9468739,1.0,8
ENSG00000070423,1.619972,1.8778319,K562,0.9615741,1.0,8
ENSG00000070423,1.7683423,1.8778319,K562,0.9333696,1.0,8
ENSG00000070610,1.7242017,1.5689055,K562,0.9637153,1.0,8
ENSG00000071564,1.684118,2.2511513,K562,0.95687866,1.0,8
ENSG00000071564,1.7133372,2.2511513,K562,0.8015584,1.0,8
ENSG00000071564,1.7196637,2.2511513,K562,0.93963224,1.0,8
ENSG00000071626,1.6336517,2.156216,K562,0.9726838,1.0,8
ENSG00000071626,1.5773487,2.156216,K562,0.9268196,0.95772946,8
ENSG00000071655,1.55179,1.9219984,K562,0.9739368,1.0,8
ENSG00000071655,1.3967142,1.9219984,K562,0.96316695,1.0,8
ENSG00000071655,1.3967142,1.9219984,K562,0.96316695,1.0,8
ENSG00000072062,1.0412872,1.5430743,K562,0.9787512,1.0,8
ENSG00000072062,1.1964827,1.5430743,K562,0.92530113,1.0,8
ENSG00000072071,0.3138679,0.4345689,K562,0.99429816,1.0,8
ENSG00000072071,0.30197257,0.4345689,K562,0.3903393,0.5754717,8
ENSG00000072954,1.6543609,1.1903317,K562,0.9456168,1.0,8
ENSG00000072958,1.5130587,1.6816934,K562,0.95271707,1.0,8
ENSG00000072958,1.5633928,1.6816934,K562,0.96062565,1.0,8
ENSG00000072958,1.2999523,1.6816934,K562,0.57235754,0.7373955,8
ENSG00000072958,1.5999036,1.6816934,K562,0.9774303,0.74143976,8
ENSG00000073008,0.048405275,0.36921585,K562,0.9966439,1.0,8
ENSG00000073050,1.5031226,1.6033609,K562,0.93852794,1.0,8
ENSG00000073050,1.4155105,1.6033609,K562,0.9619075,0.87625897,8
ENSG00000073050,1.5448384,1.6033609,K562,0.9119778,0.21249127,8
ENSG00000074181,-0.4631099,-0.56863624,K562,0.9967062,1.0,8
ENSG00000074181,-0.32389608,-0.56863624,K562,0.99037254,1.0,8
ENSG00000074181,-0.2259948,-0.56863624,K562,0.99700963,1.0,8
ENSG00000074181,-0.3427497,-0.56863624,K562,0.9960555,1.0,8
ENSG00000074219,-0.605124,-0.9586073,K562,0.99704295,1.0,8
ENSG00000074842,1.2538531,1.880299,K562,0.6492266,1.0,8
ENSG00000074855,0.749939,0.5888317,K562,0.96003026,1.0,8
ENSG00000074855,0.91178715,0.5888317,K562,0.95095026,1.0,8
ENSG00000075702,1.5516996,1.1562462,K562,0.9766981,1.0,8
ENSG00000075702,1.6056802,1.1562462,K562,0.89024544,1.0,8
ENSG00000075702,1.6351819,1.1562462,K562,0.79282314,0.23283261,8
ENSG00000076650,1.2567031,0.7041505,K562,0.89341533,1.0,8
ENSG00000076662,1.830792,2.094611,K562,0.9652231,1.0,8
ENSG00000076826,0.06287402,0.39445168,K562,0.9960329,1.0,8
ENSG00000076826,0.24284169,0.39445168,K562,0.99578637,1.0,8
ENSG00000076826,0.5735647,0.39445168,K562,0.9309057,1.0,8
ENSG00000076826,0.2387346,0.39445168,K562,0.9952484,1.0,8
ENSG00000076826,0.2446292,0.39445168,K562,0.9952603,1.0,8
ENSG00000076924,1.6148893,1.5174599,K562,0.97082764,1.0,8
ENSG00000076928,1.6868153,2.1286254,K562,0.81211656,1.0,8
ENSG00000076928,1.7179596,2.1286254,K562,0.8449609,1.0,8
ENSG00000076928,1.7497696,2.1286254,K562,0.97098476,1.0,8
ENSG00000076928,1.8099877,2.1286254,K562,0.81077266,1.0,8
ENSG00000076928,1.7244084,2.1286254,K562,0.92953,0.8681019,8
ENSG00000076928,1.754538,2.1286254,K562,0.9472171,0.8969012,8
ENSG00000076944,1.3885361,1.9506083,K562,0.897747,1.0,8
ENSG00000076944,1.4553869,1.9506083,K562,0.9235471,0.9750544,8
ENSG00000076944,1.3468251,1.9506083,K562,0.7900939,0.02216932,8
ENSG00000076944,1.4519026,1.9506083,K562,0.97942895,0.99564165,8
ENSG00000076984,1.4588603,1.3554515,K562,0.970347,1.0,8
ENSG00000076984,1.4888893,1.3554515,K562,0.9809425,1.0,8
ENSG00000076984,1.457825,1.3554515,K562,0.6258697,0.536036,8
ENSG00000076984,1.472273,1.3554515,K562,0.829892,0.10472801,8
ENSG00000077312,1.8873651,2.4290414,K562,0.8163239,1.0,8
ENSG00000077312,1.8357413,2.4290414,K562,0.7922518,1.0,8
ENSG00000077312,1.8808446,2.4290414,K562,0.96853954,1.0,8
ENSG00000077312,1.9157281,2.4290414,K562,0.9605675,1.0,8
ENSG00000077348,1.5860245,1.813981,K562,0.9374945,1.0,8
ENSG00000077348,1.6889329,1.813981,K562,0.9675528,1.0,8
ENSG00000077348,1.5976564,1.813981,K562,0.9379232,0.9960043,8
ENSG00000077463,1.7506475,1.6441431,K562,0.9236957,1.0,8
ENSG00000077463,1.700874,1.6441431,K562,0.95970887,0.98134327,8
ENSG00000077463,1.631013,1.6441431,K562,0.86390024,0.9485352,8
ENSG00000077463,1.7506475,1.6441431,K562,0.9236957,0.9344774,8
ENSG00000079313,1.7256434,1.4508647,K562,0.97010046,1.0,8
ENSG00000079313,1.7253373,1.4508647,K562,0.79503655,0.0014224751,8
ENSG00000079385,0.7087643,0.90741134,K562,0.7512406,1.0,8
ENSG00000079385,0.6415714,0.90741134,K562,0.98373204,1.0,8
ENSG00000079385,0.6105838,0.90741134,K562,0.9641827,1.0,8
ENSG00000079432,1.5746784,1.3263359,K562,0.97303027,1.0,8
ENSG00000079462,1.3198009,1.6993173,K562,0.9623781,1.0,8
ENSG00000079805,1.649759,1.91698,K562,0.97686505,1.0,8
ENSG00000079805,1.5043284,1.91698,K562,0.96587825,1.0,8
ENSG00000079805,1.5704601,1.91698,K562,0.21402615,0.4683726,8
ENSG00000079999,1.6298511,1.5704262,K562,0.94613135,1.0,8
ENSG00000079999,1.6201406,1.5704262,K562,0.9731601,1.0,8
ENSG00000079999,1.6273004,1.5704262,K562,0.9593627,1.0,8
ENSG00000079999,1.5848392,1.5704262,K562,0.9604856,0.9033859,8
ENSG00000080298,1.471628,0.6683859,K562,0.898763,1.0,8
ENSG00000080298,1.486238,0.6683859,K562,0.8385653,1.0,8
ENSG00000080503,1.4248059,2.073535,K562,0.945433,1.0,8
ENSG00000080608,1.2048678,1.6152134,K562,0.877351,1.0,8
ENSG00000081377,-0.10911841,0.5037907,K562,0.99503666,1.0,8
ENSG00000081377,-0.007784471,0.5037907,K562,0.99550265,1.0,8
ENSG00000081377,-0.3127039,0.5037907,K562,0.994503,1.0,8
ENSG00000081377,-0.451131,0.5037907,K562,0.99636096,0.9015748,8
ENSG00000081386,1.0925925,0.77887446,K562,0.95915,1.0,8
ENSG00000083223,1.544444,1.1869563,K562,0.82674086,1.0,8
ENSG00000083223,1.482733,1.1869563,K562,0.9506272,1.0,8
ENSG00000083223,1.6061835,1.1869563,K562,0.6182524,0.41794568,8
ENSG00000083223,1.5493934,1.1869563,K562,0.93089193,0.42372882,8
ENSG00000083807,1.331069,1.676785,K562,0.91780317,1.0,8
ENSG00000083807,0.8649124,1.676785,K562,0.8871606,1.0,8
ENSG00000083807,1.0908456,1.676785,K562,0.48458385,1.0,8
ENSG00000083807,1.3607262,1.676785,K562,0.78583515,0.878886,8
ENSG00000083812,1.3620892,0.88874096,K562,0.94181854,1.0,8
ENSG00000083814,1.454053,0.71096313,K562,0.77183664,1.0,8
ENSG00000083814,1.3822019,0.71096313,K562,0.9071251,0.9504373,8
ENSG00000083817,1.0136411,0.46538284,K562,0.91085595,1.0,8
ENSG00000083828,1.264168,1.0437552,K562,0.717658,1.0,8
ENSG00000083828,1.1692922,1.0437552,K562,0.50862604,0.007079646,8
ENSG00000083828,1.264168,1.0437552,K562,0.717658,0.6569087,8
ENSG00000083838,1.5309551,0.65705585,K562,0.8402541,1.0,8
ENSG00000083844,1.408788,1.0346285,K562,0.9430167,1.0,8
ENSG00000085872,1.7416277,1.4174716,K562,0.9684372,1.0,8
ENSG00000086061,1.6475506,1.9350032,K562,0.94295776,1.0,8
ENSG00000086061,1.7317876,1.9350032,K562,0.9427553,1.0,8
ENSG00000086061,1.657979,1.9350032,K562,0.9483495,1.0,8
ENSG00000086062,1.6253812,1.5509617,K562,0.8884989,1.0,8
ENSG00000086065,1.7746599,1.6375898,K562,0.7360153,1.0,8
ENSG00000086065,1.5972538,1.6375898,K562,0.839779,1.0,8
ENSG00000086065,1.6169915,1.6375898,K562,0.9638884,0.9825073,8
ENSG00000086102,1.7959843,1.438384,K562,0.627643,1.0,8
ENSG00000086544,1.2810771,0.7084209,K562,0.9372568,1.0,8
ENSG00000086544,1.3268859,0.7084209,K562,0.969236,1.0,8
ENSG00000086967,0.4854076,-0.17392519,K562,0.9226132,1.0,8
ENSG00000087074,1.8477166,1.3719909,K562,0.7854746,1.0,8
ENSG00000087076,0.83081746,0.20411998,K562,0.9663549,1.0,8
ENSG00000087076,0.6164195,0.20411998,K562,0.8903659,1.0,8
ENSG00000087076,0.80963594,0.20411998,K562,0.89048433,1.0,8
ENSG00000087076,0.61144936,0.20411998,K562,0.939646,1.0,8
ENSG00000087076,0.5233966,0.20411998,K562,0.7710362,1.0,8
ENSG00000087076,0.47874343,0.20411998,K562,0.7677054,1.0,8
ENSG00000087076,0.8183079,0.20411998,K562,0.9220788,1.0,8
ENSG00000087086,1.5688444,3.0439827,K562,0.9547754,1.0,8
ENSG00000087088,1.5036209,2.280965,K562,0.9432964,1.0,8
ENSG00000087088,1.7471261,2.280965,K562,0.7977359,0.40546218,8
ENSG00000087088,1.7128413,2.280965,K562,0.9242742,0.98812747,8
ENSG00000087088,1.4079629,2.280965,K562,0.15146868,0.0069997176,8
ENSG00000087903,0.37482494,0.7846173,K562,0.97404456,1.0,8
ENSG00000087903,0.437419,0.7846173,K562,0.98893297,1.0,8
ENSG00000087903,0.7449981,0.7846173,K562,0.8756937,1.0,8
ENSG00000087903,0.4674276,0.7846173,K562,0.9669584,1.0,8
ENSG00000088002,0.14123207,-0.7212464,K562,0.9933703,1.0,8
ENSG00000088038,1.6776564,1.1872386,K562,0.965001,1.0,8
ENSG00000088247,1.4270544,2.3423438,K562,0.9793539,1.0,8
ENSG00000088256,0.73468703,0.70070374,K562,0.9806795,1.0,8
ENSG00000088256,0.69017845,0.70070374,K562,0.97515476,1.0,8
ENSG00000088256,0.83412397,0.70070374,K562,0.97499007,1.0,8
ENSG00000088256,0.7322507,0.70070374,K562,0.98019445,1.0,8
ENSG00000088256,0.8806661,0.70070374,K562,0.98509467,1.0,8
ENSG00000089327,1.4505818,1.7237018,K562,0.95460665,1.0,8
ENSG00000089351,1.7336385,1.7780064,K562,0.931517,1.0,8
ENSG00000089351,1.8073564,1.7780064,K562,0.8577146,0.74222034,8
ENSG00000089351,1.544136,1.7780064,K562,0.81865734,0.82565945,8
ENSG00000089351,1.7869437,1.7780064,K562,0.24989371,0.49431437,8
ENSG00000089639,1.8127248,1.4613484,K562,0.92797244,1.0,8
ENSG00000089639,1.9285221,1.4613484,K562,0.9532053,0.9210174,8
ENSG00000090006,0.45802128,1.2410481,K562,0.99207026,1.0,8
ENSG00000090006,0.28901565,1.2410481,K562,0.9943159,1.0,8
ENSG00000090006,-0.038162887,1.2410481,K562,0.99647754,0.37383178,8
ENSG00000090006,0.105923176,1.2410481,K562,0.99361444,0.28804347,8
ENSG00000090006,0.04066974,1.2410481,K562,0.99745303,0.46867168,8
ENSG00000090013,0.9157148,1.6652056,K562,0.9447017,1.0,8
ENSG00000090013,0.9878062,1.6652056,K562,0.9670469,0.994265,8
ENSG00000090054,1.5164152,1.5521814,K562,0.5966697,1.0,8
ENSG00000090339,1.907053,1.7542719,K562,0.9626292,1.0,8
ENSG00000090372,1.6474113,1.7103713,K562,0.96368885,1.0,8
ENSG00000090554,1.121316,1.0203613,K562,0.956122,1.0,8
ENSG00000090659,0.46154714,-0.88605666,K562,0.99578446,1.0,8
ENSG00000090661,1.3976827,1.6432552,K562,0.7786893,1.0,8
ENSG00000090661,1.388057,1.6432552,K562,0.959003,1.0,8
ENSG00000090661,1.38444,1.6432552,K562,0.9777885,1.0,8
ENSG00000090661,1.458951,1.6432552,K562,0.92336,1.0,8
ENSG00000090661,1.4161017,1.6432552,K562,0.69434047,1.0,8
ENSG00000090674,0.8877079,1.0958664,K562,0.9810796,1.0,8
ENSG00000090674,0.99999,1.0958664,K562,0.9390495,1.0,8
ENSG00000090674,0.7551377,1.0958664,K562,0.57418203,1.0,8
ENSG00000090924,1.846155,1.3800303,K562,0.6994077,1.0,8
ENSG00000090924,1.6908549,1.3800303,K562,0.79871887,1.0,8
ENSG00000090924,1.6995583,1.3800303,K562,0.9388038,1.0,8
ENSG00000090924,1.7298102,1.3800303,K562,0.9315486,1.0,8
ENSG00000090924,1.8229531,1.3800303,K562,0.8934753,1.0,8
ENSG00000090924,1.7685802,1.3800303,K562,0.91991436,1.0,8
ENSG00000090924,1.6721146,1.3800303,K562,0.8041397,1.0,8
ENSG00000090924,1.6978432,1.3800303,K562,0.9569456,1.0,8
ENSG00000090924,1.4733114,1.3800303,K562,0.68505496,1.0,8
ENSG00000090932,-0.59247255,0.1583625,K562,0.99820745,1.0,8
ENSG00000090971,1.1331444,1.1105897,K562,0.89867836,1.0,8
ENSG00000095059,1.8110001,1.9105711,K562,0.96753424,1.0,8
ENSG00000095059,1.8422918,1.9105711,K562,0.97030085,0.88999265,8
ENSG00000095066,0.89267594,0.877947,K562,0.9781908,1.0,8
ENSG00000095066,0.8668323,0.877947,K562,0.9563279,1.0,8
ENSG00000095066,0.94643784,0.877947,K562,0.7742062,0.22885571,8
ENSG00000095209,0.9295095,0.8325089,K562,0.15936966,0.10429448,8
ENSG00000095261,1.4183736,1.2902572,K562,0.7550812,1.0,8
ENSG00000095261,1.4971175,1.2902572,K562,0.8546815,0.97597045,8
ENSG00000095261,1.425636,1.2902572,K562,0.9462347,0.9897959,8
ENSG00000095303,0.7889638,0.029383779,K562,0.7374151,1.0,8
ENSG00000095303,0.09411049,0.029383779,K562,0.9773129,1.0,8
ENSG00000095303,0.15621549,0.029383779,K562,0.3745936,1.0,8
ENSG00000095303,0.6312305,0.029383779,K562,0.91690904,1.0,8
ENSG00000095303,0.61387384,0.029383779,K562,0.9631053,1.0,8
ENSG00000095319,1.577501,1.6062739,K562,0.95854384,1.0,8
ENSG00000095321,0.96268976,0.30535138,K562,0.9839585,1.0,8
ENSG00000095321,0.91656685,0.30535138,K562,0.9432661,0.11290322,8
ENSG00000095370,1.2029805,1.2526103,K562,0.9447338,1.0,8
ENSG00000095380,1.6616518,1.6541766,K562,0.935524,1.0,8
ENSG00000095383,0.7747048,0.056904852,K562,0.9294049,1.0,8
ENSG00000095383,0.7863772,0.056904852,K562,0.96878594,0.8857143,8
ENSG00000095397,0.058840185,-0.107905395,K562,0.9974517,1.0,8
ENSG00000096872,1.1260922,0.7737864,K562,0.9393701,1.0,8
ENSG00000096968,1.3935634,0.9717396,K562,0.95362866,1.0,8
ENSG00000096996,1.322793,1.3843534,K562,0.9230985,1.0,8
ENSG00000096996,1.2933254,1.3843534,K562,0.9182509,1.0,8
ENSG00000096996,1.4637547,1.3843534,K562,0.95327234,1.0,8
ENSG00000097007,1.597702,1.4658288,K562,0.96466553,1.0,8
ENSG00000099219,1.331672,0.6683859,K562,0.91478604,1.0,8
ENSG00000099219,1.2044761,0.6683859,K562,0.60607064,0.015659954,8
ENSG00000099219,1.2737751,0.6683859,K562,0.9488961,0.7986577,8
ENSG00000099308,1.5622647,0.9836263,K562,0.96123046,1.0,8
ENSG00000099326,1.4530613,1.097951,K562,0.83395106,1.0,8
ENSG00000099326,1.609839,1.097951,K562,0.9255154,0.0,8
ENSG00000099330,1.2919776,0.8260748,K562,0.9377828,0.6227273,8
ENSG00000099331,1.7323687,1.8858134,K562,0.97037065,1.0,8
ENSG00000099337,-0.029599532,0.09342168,K562,0.9943551,1.0,8
ENSG00000099338,0.85185415,-0.17392519,K562,0.97747904,1.0,8
ENSG00000099338,0.7062468,-0.17392519,K562,0.9071564,1.0,8
ENSG00000099341,1.5756565,2.4314282,K562,0.83066833,1.0,8
ENSG00000099341,1.5293345,2.4314282,K562,0.963768,1.0,8
ENSG00000099341,1.5751972,2.4314282,K562,0.9450037,1.0,8
ENSG00000099341,1.555274,2.4314282,K562,0.96394867,1.0,8
ENSG00000099341,1.674262,2.4314282,K562,0.9356152,0.0,8
ENSG00000099622,1.7977004,2.4413338,K562,0.95738626,1.0,8
ENSG00000099622,1.8350127,2.4413338,K562,0.9643284,1.0,8
ENSG00000099622,1.8486193,2.4413338,K562,0.96956974,0.12844037,8
ENSG00000099622,1.8466308,2.4413338,K562,0.9792534,0.950302,8
ENSG00000099624,1.4643761,2.195263,K562,0.93842846,1.0,8
ENSG00000099624,1.3652833,2.195263,K562,0.95502543,1.0,8
ENSG00000099624,1.494565,2.195263,K562,0.9769826,1.0,8
ENSG00000099625,0.43746418,-0.1674911,K562,0.98869294,1.0,8
ENSG00000099625,0.40783364,-0.1674911,K562,0.99366075,1.0,8
ENSG00000099625,0.22399658,-0.1674911,K562,0.99563205,1.0,8
ENSG00000099625,0.38952684,-0.1674911,K562,0.9911004,1.0,8
ENSG00000099783,1.6745312,2.2644637,K562,0.9472643,1.0,8
ENSG00000099783,1.6495178,2.2644637,K562,0.76240367,1.0,8
ENSG00000099783,1.4819049,2.2644637,K562,0.79085046,0.9161625,8
ENSG00000099783,1.7646048,2.2644637,K562,0.79474896,0.925036,8
ENSG00000099785,0.72869086,1.1903317,K562,0.9712422,1.0,8
ENSG00000099795,1.4579766,2.6095304,K562,0.97270364,1.0,8
ENSG00000099797,1.4347,1.7849025,K562,0.8773108,1.0,8
ENSG00000099797,1.3450685,1.7849025,K562,0.4068082,0.0,8
ENSG00000099800,1.7232063,1.9407654,K562,0.9251757,1.0,8
ENSG00000099804,1.3813223,1.5863622,K562,0.9702832,1.0,8
ENSG00000099812,0.23563021,-0.92081875,K562,0.9791372,1.0,8
ENSG00000099817,1.4264152,2.4887762,K562,0.9750177,1.0,8
ENSG00000099817,1.5602353,2.4887762,K562,0.92970365,0.00913242,8
ENSG00000099817,1.5548908,2.4887762,K562,0.9634084,0.07059518,8
ENSG00000099821,1.442068,1.5749568,K562,0.95869994,1.0,8
ENSG00000099821,1.369083,1.5749568,K562,0.96798956,1.0,8
ENSG00000099821,1.0221436,1.5749568,K562,0.9413676,1.0,8
ENSG00000099821,1.4807304,1.5749568,K562,0.95855814,1.0,8
ENSG00000099822,0.26032174,-0.65757734,K562,0.9965676,1.0,8
ENSG00000099840,1.4610634,1.3688445,K562,0.93829554,1.0,8
ENSG00000099840,1.3030615,1.3688445,K562,0.9651537,0.025627883,8
ENSG00000099860,1.7029811,2.1083958,K562,0.93027955,1.0,8
ENSG00000099864,0.23987883,-0.55284196,K562,0.9921904,1.0,8
ENSG00000099864,0.079499125,-0.55284196,K562,0.9965838,1.0,8
ENSG00000099875,1.5859513,2.2267544,K562,0.9567078,1.0,8
ENSG00000099875,1.6237823,2.2267544,K562,0.9570446,1.0,8
ENSG00000099875,1.6387427,2.2267544,K562,0.97190857,0.9960375,8
ENSG00000102575,0.563793,1.7841892,K562,0.97739476,1.0,8
ENSG00000102575,0.5567092,1.7841892,K562,0.98877895,1.0,8
ENSG00000104774,1.5049069,1.9241759,K562,0.96640915,1.0,8
ENSG00000104774,1.6511652,1.9241759,K562,0.9618825,0.28803545,8
ENSG00000104774,1.6563241,1.9241759,K562,0.9420891,0.91953254,8
ENSG00000104783,1.5625165,1.9864582,K562,0.9678753,1.0,8
ENSG00000104804,0.63217807,-0.19382003,K562,0.975998,1.0,8
ENSG00000104805,1.6853575,1.8334022,K562,0.8971334,1.0,8
ENSG00000104805,1.6386863,1.8334022,K562,0.9694467,1.0,8
ENSG00000104808,0.19248855,-0.6777807,K562,0.9958916,1.0,8
ENSG00000104808,0.003886886,-0.6777807,K562,0.995509,1.0,8
ENSG00000104808,0.05563,-0.6777807,K562,0.99587965,1.0,8
ENSG00000104812,1.4731376,1.5490032,K562,0.94436985,1.0,8
ENSG00000104812,1.4294866,1.5490032,K562,0.72615117,0.9780789,8
ENSG00000104818,0.36764714,-0.63827217,K562,0.99499667,1.0,8
ENSG00000104818,0.35251766,-0.63827217,K562,0.9949662,1.0,8
ENSG00000104823,1.6166878,2.4283617,K562,0.94247353,1.0,8
ENSG00000104823,1.6752658,2.4283617,K562,0.94850045,1.0,8
ENSG00000104823,1.7071853,2.4283617,K562,0.93827236,1.0,8
ENSG00000104824,1.7922223,2.310077,K562,0.9768116,1.0,8
ENSG00000104825,1.6136127,1.7370335,K562,0.9612588,1.0,8
ENSG00000104825,1.591144,1.7370335,K562,0.9747922,1.0,8
ENSG00000104825,1.4709909,1.7370335,K562,0.97527957,1.0,8
ENSG00000104825,1.5728195,1.7370335,K562,0.9187543,1.0,8
ENSG00000104826,0.610922,-0.56863624,K562,0.99117845,1.0,8
ENSG00000104833,0.48886335,0.705008,K562,0.99314636,1.0,8
ENSG00000104833,0.9618485,0.705008,K562,0.9904298,1.0,8
ENSG00000104835,1.5142583,1.7058637,K562,0.799502,1.0,8
ENSG00000104835,1.5688491,1.7058637,K562,0.9541478,1.0,8
ENSG00000104835,1.506828,1.7058637,K562,0.8624605,1.0,8
ENSG00000104835,1.2127986,1.7058637,K562,0.7450633,0.0,8
ENSG00000104852,1.7129807,2.5820975,K562,0.9422699,1.0,8
ENSG00000104852,1.6902769,2.5820975,K562,0.9344497,1.0,8
ENSG00000104852,1.6908059,2.5820975,K562,0.8159662,0.0063550635,8
ENSG00000104852,1.6192007,2.5820975,K562,0.7771984,0.12587917,8
ENSG00000104853,1.6646378,1.5024271,K562,0.97304666,1.0,8
ENSG00000104853,1.730939,1.5024271,K562,0.96504307,1.0,8
ENSG00000104856,1.7037717,1.4307199,K562,0.97074705,1.0,8
ENSG00000104856,1.6624918,1.4307199,K562,0.97374254,1.0,8
ENSG00000104856,1.7463582,1.4307199,K562,0.9593105,1.0,8
ENSG00000104859,1.7336421,1.7561034,K562,0.92257947,1.0,8
ENSG00000104859,1.5749266,1.7561034,K562,0.8559742,0.97943723,8
ENSG00000104863,0.66237485,0.42324588,K562,0.94257784,1.0,8
ENSG00000104870,0.3563159,-0.4436975,K562,0.97428775,1.0,8
ENSG00000104872,1.7009598,2.0019932,K562,0.9304438,1.0,8
ENSG00000104872,1.7117631,2.0019932,K562,0.9640641,1.0,8
ENSG00000104879,0.017871775,-0.7695511,K562,0.99082094,1.0,8
ENSG00000104879,-0.0441073,-0.7695511,K562,0.9936702,1.0,8
ENSG00000104879,-0.19591129,-0.7695511,K562,0.9974994,1.0,8
ENSG00000104879,-0.021994751,-0.7695511,K562,0.99728215,1.0,8
ENSG00000104879,-0.29411843,-0.7695511,K562,0.9975145,1.0,8
ENSG00000104879,-0.112971514,-0.7695511,K562,0.99789584,1.0,8
ENSG00000104880,1.4707566,1.3134453,K562,0.971073,1.0,8
ENSG00000104881,0.6893275,0.57170886,K562,0.9682205,1.0,8
ENSG00000104883,0.7336782,0.09342168,K562,0.9512726,1.0,8
ENSG00000104884,1.4410961,1.2690457,K562,0.921333,1.0,8
ENSG00000104884,1.4022968,1.2690457,K562,0.936396,1.0,8
ENSG00000104885,1.640695,1.3123889,K562,0.9613497,1.0,8
ENSG00000104886,1.7382324,2.0739381,K562,0.9211533,1.0,8
ENSG00000104886,1.765965,2.0739381,K562,0.9511573,0.9770084,8
ENSG00000104888,-0.41071802,-0.92081875,K562,0.99739933,1.0,8
ENSG00000104888,0.016518727,-0.92081875,K562,0.9973018,1.0,8
ENSG00000104889,1.4702625,1.6891311,K562,0.96548945,1.0,8
ENSG00000104892,-0.030832648,-0.5086383,K562,0.99715096,1.0,8
ENSG00000104892,-0.04424248,-0.5086383,K562,0.99785584,1.0,8
ENSG00000104892,0.105430275,-0.5086383,K562,0.9913703,1.0,8
ENSG00000104892,-0.11321767,-0.5086383,K562,0.99489707,1.0,8
ENSG00000104892,0.14715736,-0.5086383,K562,0.9949881,1.0,8
ENSG00000104892,0.2281031,-0.5086383,K562,0.9950702,1.0,8
ENSG00000104894,1.740985,2.1183639,K562,0.9488768,1.0,8
ENSG00000104897,1.8684168,1.5969268,K562,0.9731558,1.0,8
ENSG00000104899,0.21647486,0.25042,K562,0.98343086,1.0,8
ENSG00000104903,1.0315909,1.3527611,K562,0.97121483,1.0,8
ENSG00000104904,1.6583806,3.0280545,K562,0.8535469,1.0,8
ENSG00000104904,1.6720332,3.0280545,K562,0.9561186,1.0,8
ENSG00000104904,1.6482439,3.0280545,K562,0.8478368,0.9602606,8
ENSG00000104907,1.5736005,1.7398096,K562,0.95989686,1.0,8
ENSG00000104907,1.4938414,1.7398096,K562,0.851582,1.0,8
ENSG00000104907,1.583777,1.7398096,K562,0.9356819,1.0,8
ENSG00000104907,1.6086851,1.7398096,K562,0.97998685,0.65829986,8
ENSG00000104915,1.5436945,1.7990648,K562,0.979143,1.0,8
ENSG00000104936,0.6977782,1.4063698,K562,0.9851066,1.0,8
ENSG00000104941,0.48563373,-0.4436975,K562,0.99458486,1.0,8
ENSG00000104946,1.5996649,1.2105861,K562,0.9725103,1.0,8
ENSG00000104946,1.5856569,1.2105861,K562,0.81406015,1.0,8
ENSG00000104946,1.5929691,1.2105861,K562,0.7759757,0.0,8
ENSG00000104953,1.0737408,0.9590414,K562,0.8878882,1.0,8
ENSG00000104953,0.894508,0.9590414,K562,0.833186,1.0,8
ENSG00000104953,0.93557286,0.9590414,K562,0.9654197,1.0,8
ENSG00000104953,0.82371515,0.9590414,K562,0.6909156,1.0,8
ENSG00000104957,1.4980587,1.6254153,K562,0.96105975,1.0,8
ENSG00000104957,1.4441135,1.6254153,K562,0.96437544,1.0,8
ENSG00000104960,1.5814159,1.5164032,K562,0.93205833,1.0,8
ENSG00000104964,1.5382212,2.475555,K562,0.9516583,1.0,8
ENSG00000104964,1.4702328,2.475555,K562,0.9544798,1.0,8
ENSG00000104969,1.5366179,1.7570162,K562,0.94703,1.0,8
ENSG00000104976,1.292639,1.1574568,K562,0.9215947,1.0,8
ENSG00000104979,1.5830615,2.2993329,K562,0.92863,0.86114734,8
ENSG00000104980,1.5959849,1.8269813,K562,0.9666307,1.0,8
ENSG00000104983,1.1917787,1.2569581,K562,0.8703126,1.0,8
ENSG00000104998,1.6090525,1.5344069,K562,0.8638807,1.0,8
ENSG00000104998,1.626579,1.5344069,K562,0.9670746,1.0,8
ENSG00000105011,1.0936599,1.959709,K562,0.93450123,1.0,8
ENSG00000105011,1.2635319,1.959709,K562,0.9525947,1.0,8
ENSG00000105053,1.2777016,1.2022158,K562,0.9506826,1.0,8
ENSG00000105053,1.6049998,1.2022158,K562,0.959377,1.0,8
ENSG00000105053,1.5521275,1.2022158,K562,0.9200854,0.63131315,8
ENSG00000105053,1.4504074,1.2022158,K562,0.9512166,0.88789237,8
ENSG00000105053,1.3568773,1.2022158,K562,0.9245277,0.83164984,8
ENSG00000105053,1.4993784,1.2022158,K562,0.5705241,0.0,8
ENSG00000105058,1.5957327,1.7772093,K562,0.9383325,1.0,8
ENSG00000105058,1.5957327,1.7772093,K562,0.9383325,1.0,8
ENSG00000105058,1.5714409,1.7772093,K562,0.97128546,0.0,8
ENSG00000105058,1.5945971,1.7772093,K562,0.96769834,0.974592,8
ENSG00000105063,1.73404,1.9720639,K562,0.94543487,1.0,8
ENSG00000105063,1.7286642,1.9720639,K562,0.958312,1.0,8
ENSG00000105063,1.7428634,1.9720639,K562,0.941164,1.0,8
ENSG00000105063,1.7153574,1.9720639,K562,0.97236925,1.0,8
ENSG00000105072,1.1087184,0.5352941,K562,0.95027107,1.0,8
ENSG00000105072,0.97507715,0.5352941,K562,0.95739424,0.82724255,8
ENSG00000105085,1.6141922,1.0468851,K562,0.9440523,1.0,8
ENSG00000105088,-0.023632165,-0.6777807,K562,0.99546754,1.0,8
ENSG00000105127,1.8379616,1.385785,K562,0.9620014,1.0,8
ENSG00000105127,1.8182986,1.385785,K562,0.8500874,0.12620734,8
ENSG00000105135,1.3558557,1.4217684,K562,0.97230333,1.0,8
ENSG00000105135,1.5173097,1.4217684,K562,0.8030711,1.0,8
ENSG00000105136,0.6048062,0.7810369,K562,0.9087526,0.44117647,8
ENSG00000105136,0.6733445,0.7810369,K562,0.8230143,0.70914125,8
ENSG00000105146,-0.39876708,0.021189298,K562,0.99666435,1.0,8
ENSG00000105171,1.7856758,2.0100877,K562,0.96298206,1.0,8
ENSG00000105171,1.6618907,2.0100877,K562,0.9493771,0.01396648,8
ENSG00000105173,0.9778006,1.5566642,K562,0.95305026,1.0,8
ENSG00000105173,1.1278434,1.5566642,K562,0.94331354,1.0,8
ENSG00000105173,1.2125853,1.5566642,K562,0.9435479,1.0,8
ENSG00000105173,1.2297606,1.5566642,K562,0.9585806,0.9334586,8
ENSG00000105176,1.0156558,1.6390879,K562,0.61806124,1.0,8
ENSG00000105176,1.0156558,1.6390879,K562,0.61806124,0.26679745,8
ENSG00000105185,1.2716205,2.2474823,K562,0.83387446,1.0,8
ENSG00000105186,1.3902426,1.3406423,K562,0.9711198,1.0,8
ENSG00000105197,1.6986697,1.9511431,K562,0.9573495,1.0,8
ENSG00000105197,1.6567004,1.9511431,K562,0.930561,0.99292356,8
ENSG00000105202,1.5934334,2.7400863,K562,0.9728406,1.0,8
ENSG00000105202,1.5327115,2.7400863,K562,0.97428674,1.0,8
ENSG00000105204,1.1575079,0.6812412,K562,0.96709555,1.0,8
ENSG00000105204,1.1666937,0.6812412,K562,0.9582495,1.0,8
ENSG00000105204,1.2793049,0.6812412,K562,0.98160017,1.0,8
ENSG00000105205,0.17058904,-0.85387194,K562,0.9262188,1.0,8
ENSG00000105220,1.5733557,2.1750476,K562,0.9545999,1.0,8
ENSG00000105220,1.5619147,2.1750476,K562,0.8494583,1.0,8
ENSG00000105221,1.4970636,2.080843,K562,0.6044633,1.0,8
ENSG00000105221,1.7140291,2.080843,K562,0.9548455,0.9252597,8
ENSG00000105221,1.67308,2.080843,K562,0.95152247,0.6544164,8
ENSG00000105221,1.7106965,2.080843,K562,0.8637572,0.41581362,8
ENSG00000105223,1.0373354,1.9339426,K562,0.8759361,1.0,8
ENSG00000105223,1.0394245,1.9339426,K562,0.46137288,0.99866986,8
ENSG00000105223,0.8774239,1.9339426,K562,0.92649674,0.98867923,8
ENSG00000105223,0.8183394,1.9339426,K562,0.9264027,0.9609262,8
ENSG00000105227,1.1652408,0.033423755,K562,0.89763016,1.0,8
ENSG00000105229,1.2058988,1.2265999,K562,0.9567559,1.0,8
ENSG00000105245,1.0852202,0.5987905,K562,0.9418023,1.0,8
ENSG00000105245,1.1274338,0.5987905,K562,0.89265996,0.99415207,8
ENSG00000105246,1.7216434,2.328298,K562,0.93219805,1.0,8
ENSG00000105248,1.6147984,1.5309677,K562,0.9349174,1.0,8
ENSG00000105254,1.4628589,2.176901,K562,0.9721442,1.0,8
ENSG00000105254,1.2717723,2.176901,K562,0.9571098,1.0,8
ENSG00000105254,1.2360768,2.176901,K562,0.7387075,1.0,8
ENSG00000105254,1.2360768,2.176901,K562,0.7387075,1.0,8
ENSG00000105255,0.14237477,0.6095944,K562,0.99031454,1.0,8
ENSG00000105255,0.27450424,0.6095944,K562,0.9792682,1.0,8
ENSG00000105255,0.059509024,0.6095944,K562,0.99552286,1.0,8
ENSG00000105258,1.5391814,2.2251024,K562,0.9185894,1.0,8
ENSG00000105258,1.4648654,2.2251024,K562,0.9550377,1.0,8
ENSG00000105270,0.5754232,-0.4685211,K562,0.99549425,1.0,8
ENSG00000105270,0.6510595,-0.4685211,K562,0.98841745,1.0,8
ENSG00000105281,1.5850027,1.7373517,K562,0.97988075,1.0,8
ENSG00000105287,1.8741612,1.5082603,K562,0.9611906,1.0,8
ENSG00000105287,1.7443731,1.5082603,K562,0.9572686,1.0,8
ENSG00000105287,1.7829001,1.5082603,K562,0.34430617,0.022156574,8
ENSG00000105289,-0.45048702,-0.92081875,K562,0.99604887,1.0,8
ENSG00000105289,-0.36392137,-0.92081875,K562,0.996917,1.0,8
ENSG00000105289,-0.15282904,-0.92081875,K562,0.9973573,1.0,8
ENSG00000105289,-0.13786939,-0.92081875,K562,0.99779737,1.0,8
ENSG00000105290,-0.17280927,-0.33724216,K562,0.9974342,1.0,8
ENSG00000105298,1.5436049,1.3782161,K562,0.960902,1.0,8
ENSG00000105298,1.5487411,1.3782161,K562,0.9507049,0.0,8
ENSG00000105321,1.5919666,0.9965117,K562,0.972354,1.0,8
ENSG00000105323,1.8996049,2.0806625,K562,0.9576547,1.0,8
ENSG00000105323,1.8986065,2.0806625,K562,0.9661849,1.0,8
ENSG00000105325,1.5027905,1.4899585,K562,0.9226896,1.0,8
ENSG00000105325,1.6041658,1.4899585,K562,0.94292396,1.0,8
ENSG00000105327,1.4968407,1.2081726,K562,0.9352699,1.0,8
ENSG00000105327,1.3582414,1.2081726,K562,0.81134456,1.0,8
ENSG00000105327,1.4968407,1.2081726,K562,0.9352699,1.0,8
ENSG00000105327,1.3582414,1.2081726,K562,0.81134456,0.22800496,8
ENSG00000105329,1.5692804,1.5267268,K562,0.98070854,1.0,8
ENSG00000105341,1.1855339,1.6440445,K562,0.94110763,1.0,8
ENSG00000105341,1.3264523,1.6440445,K562,0.94880444,1.0,8
ENSG00000105341,1.4692957,1.6440445,K562,0.9740122,0.61348206,8
ENSG00000105341,1.1745853,1.6440445,K562,0.9250134,0.6022755,8
ENSG00000105341,1.3264523,1.6440445,K562,0.94880444,0.0,8
ENSG00000105355,1.5299892,1.7836893,K562,0.9622129,1.0,8
ENSG00000105369,1.9356313,2.5539436,K562,0.9569989,1.0,8
ENSG00000105369,1.9528143,2.5539436,K562,0.9492681,1.0,8
ENSG00000105370,-0.17750221,-0.7447275,K562,0.9952099,1.0,8
ENSG00000105370,0.31295153,-0.7447275,K562,0.97438556,1.0,8
ENSG00000105370,0.14948307,-0.7447275,K562,0.9926224,1.0,8
ENSG00000105371,0.90869963,0.4297523,K562,0.96872854,1.0,8
ENSG00000105373,1.6700925,2.5243962,K562,0.94113827,1.0,8
ENSG00000105376,-0.049951814,0.5171959,K562,0.9921755,1.0,8
ENSG00000105379,1.5551698,1.972388,K562,0.95052665,1.0,8
ENSG00000105383,0.037847012,-0.10237291,K562,0.9971813,1.0,8
ENSG00000105383,-0.2995693,-0.10237291,K562,0.9798013,1.0,8
ENSG00000105393,1.4253385,2.0532706,K562,0.75545084,1.0,8
ENSG00000105393,1.4237213,2.0532706,K562,0.8431525,1.0,8
ENSG00000105397,1.7795564,2.4736767,K562,0.9675115,1.0,8
ENSG00000105397,1.7735935,2.4736767,K562,0.9567356,1.0,8
ENSG00000105397,1.7717261,2.4736767,K562,0.97637117,1.0,8
ENSG00000105401,1.7266355,2.375133,K562,0.97224694,1.0,8
ENSG00000105401,1.7275224,2.375133,K562,0.9722004,1.0,8
ENSG00000105401,1.696219,2.375133,K562,0.9773727,1.0,8
ENSG00000105401,1.6974237,2.375133,K562,0.9752417,1.0,8
ENSG00000105401,1.7259364,2.375133,K562,0.97892535,1.0,8
ENSG00000105401,1.5831324,2.375133,K562,0.9624527,1.0,8
ENSG00000105402,1.6375575,2.0597906,K562,0.83162946,1.0,8
ENSG00000105402,1.6375575,2.0597906,K562,0.83162946,1.0,8
ENSG00000105402,1.773418,2.0597906,K562,0.957384,0.40929535,8
ENSG00000105402,1.7895511,2.0597906,K562,0.9422916,0.9670886,8
ENSG00000105402,1.7063735,2.0597906,K562,0.9176894,0.0,8
ENSG00000105404,1.1387198,1.977312,K562,0.80164826,1.0,8
ENSG00000105404,1.2728553,1.977312,K562,0.92283356,1.0,8
ENSG00000105404,1.0875348,1.977312,K562,0.7166385,0.99840564,8
ENSG00000105409,0.23956347,-0.2596373,K562,0.9967539,1.0,8
ENSG00000105426,2.938509e-05,0.16731733,K562,0.99220896,1.0,8
ENSG00000105427,-0.052730378,-0.82390875,K562,0.99119204,1.0,8
ENSG00000105427,-0.16109695,-0.82390875,K562,0.9967326,1.0,8
ENSG00000105429,1.1827627,0.8122447,K562,0.97797954,1.0,8
ENSG00000105429,1.1199962,0.8122447,K562,0.5089058,1.0,8
ENSG00000105438,1.4669365,1.5276299,K562,0.9696693,1.0,8
ENSG00000105443,1.4487426,1.3763944,K562,0.9716106,1.0,8
ENSG00000105447,1.6329676,1.5633624,K562,0.9479768,1.0,8
ENSG00000105464,-0.42993486,-0.88605666,K562,0.99713624,1.0,8
ENSG00000105467,1.1114211,-0.5850267,K562,0.84888494,1.0,8
ENSG00000105467,0.9670272,-0.5850267,K562,0.96895736,1.0,8
ENSG00000105467,0.9401721,-0.5850267,K562,0.9427239,1.0,8
ENSG00000105472,-0.41607067,-0.85387194,K562,0.9966853,1.0,8
ENSG00000105479,1.0806634,-0.49485,K562,0.9770761,1.0,8
ENSG00000105483,1.5720596,1.567144,K562,0.9619023,1.0,8
ENSG00000105483,1.3876728,1.567144,K562,0.9662991,0.8187291,8
ENSG00000105483,1.4287384,1.567144,K562,0.9448094,0.74043715,8
ENSG00000105483,1.5662404,1.567144,K562,0.90969807,0.78444445,8
ENSG00000105483,1.6030278,1.567144,K562,0.8726655,0.0,8
ENSG00000105483,1.5219212,1.567144,K562,0.92921764,0.09108527,8
ENSG00000105483,1.5522451,1.567144,K562,0.9603016,0.69426334,8
ENSG00000105483,1.7405772,1.567144,K562,0.8957247,0.55931324,8
ENSG00000105486,1.7884756,1.8404198,K562,0.9702786,1.0,8
ENSG00000105486,1.8010987,1.8404198,K562,0.9427128,1.0,8
ENSG00000105486,1.6269941,1.8404198,K562,0.93688995,0.99428165,8
ENSG00000105486,1.786297,1.8404198,K562,0.9637441,0.80992734,8
ENSG00000105492,-0.10538923,-0.39794,K562,0.9833957,1.0,8
ENSG00000105497,1.2988755,0.5965971,K562,0.95577174,1.0,8
ENSG00000105499,0.9512541,0.004321374,K562,0.8342796,1.0,8
ENSG00000105514,1.027763,0.97034687,K562,0.9381004,1.0,8
ENSG00000105516,1.2685769,0.88422877,K562,0.86890006,1.0,8
ENSG00000105518,1.482054,1.9820902,K562,0.84545296,1.0,8
ENSG00000105518,1.4514985,1.9820902,K562,0.9459425,1.0,8
ENSG00000105518,1.4630347,1.9820902,K562,0.94625413,1.0,8
ENSG00000105518,1.5078809,1.9820902,K562,0.94080746,0.97721356,8
ENSG00000105518,1.4608324,1.9820902,K562,0.9460615,0.8055556,8
ENSG00000105519,0.6886047,0.7951846,K562,0.9932642,1.0,8
ENSG00000105520,0.19274816,0.20139712,K562,0.99421436,1.0,8
ENSG00000105523,0.22787896,-0.27572414,K562,0.9932562,1.0,8
ENSG00000105552,1.292974,1.8449739,K562,0.9353347,1.0,8
ENSG00000105552,1.292974,1.8449739,K562,0.9353347,0.0,8
ENSG00000105556,0.8582572,1.1676127,K562,0.96558416,1.0,8
ENSG00000105556,0.8897987,1.1676127,K562,0.88133395,1.0,8
ENSG00000105559,0.5940068,0.6627578,K562,0.9830934,1.0,8
ENSG00000105568,1.8036883,2.0089831,K562,0.97115,1.0,8
ENSG00000105568,1.779955,2.0089831,K562,0.9479917,1.0,8
ENSG00000105568,1.6303098,2.0089831,K562,0.8040511,0.009188847,8
ENSG00000105576,1.6509621,1.8402944,K562,0.97585094,1.0,8
ENSG00000105576,1.652424,1.8402944,K562,0.94420487,1.0,8
ENSG00000105576,1.6494491,1.8402944,K562,0.9668686,1.0,8
ENSG00000105583,1.7827181,2.2374935,K562,0.9405431,1.0,8
ENSG00000105583,1.774948,2.2374935,K562,0.88005716,1.0,8
ENSG00000105583,1.8855798,2.2374935,K562,0.95691735,1.0,8
ENSG00000105583,1.8856947,2.2374935,K562,0.956867,1.0,8
ENSG00000105607,1.3628094,1.7391766,K562,0.9344578,1.0,8
ENSG00000105607,1.4137801,1.7391766,K562,0.9350087,1.0,8
ENSG00000105607,1.4054832,1.7391766,K562,0.87340444,0.9617432,8
ENSG00000105607,1.3520449,1.7391766,K562,0.84871095,0.96484256,8
ENSG00000105610,0.12974486,-0.63827217,K562,0.9969092,1.0,8
ENSG00000105612,1.4885933,1.4336098,K562,0.963628,1.0,8
ENSG00000105612,1.575588,1.4336098,K562,0.95031595,1.0,8
ENSG00000105612,1.480118,1.4336098,K562,0.91350037,0.88005996,8
ENSG00000105613,-0.14405927,-0.1674911,K562,0.9981317,1.0,8
ENSG00000105617,1.6211929,0.7888751,K562,0.80704725,1.0,8
ENSG00000105618,1.4067811,1.8312297,K562,0.96549225,1.0,8
ENSG00000105639,1.5073286,1.4885507,K562,0.97414273,1.0,8
ENSG00000105639,1.6220639,1.4885507,K562,0.9789869,1.0,8
ENSG00000105639,1.582834,1.4885507,K562,0.94023347,1.0,8
ENSG00000105641,-0.35011548,-0.88605666,K562,0.99651176,1.0,8
ENSG00000105641,-0.119370565,-0.88605666,K562,0.99630165,1.0,8
ENSG00000105641,-0.039674625,-0.88605666,K562,0.99519324,1.0,8
ENSG00000105641,-0.21322285,-0.88605666,K562,0.9967638,1.0,8
ENSG00000105642,-0.0015246049,-0.60206,K562,0.99661416,1.0,8
ENSG00000105642,0.25089192,-0.60206,K562,0.903798,1.0,8
ENSG00000105643,0.9189256,0.9400182,K562,0.9658942,1.0,8
ENSG00000105643,0.8818974,0.9400182,K562,0.98742664,1.0,8
ENSG00000105647,1.5857267,0.73957235,K562,0.97216165,1.0,8
ENSG00000105647,1.4081271,0.73957235,K562,0.94018114,1.0,8
ENSG00000105649,1.1692376,0.08990511,K562,0.96483797,1.0,8
ENSG00000105650,-0.24101385,-0.33724216,K562,0.9418476,1.0,8
ENSG00000105655,0.86477983,1.4601458,K562,0.9896337,1.0,8
ENSG00000105655,0.8133123,1.4601458,K562,0.97742724,1.0,8
ENSG00000105655,0.74648756,1.4601458,K562,0.9710262,0.9065836,8
ENSG00000105655,0.76406306,1.4601458,K562,0.9696195,0.30523255,8
ENSG00000105655,0.8168336,1.4601458,K562,0.9765327,1.0,8
ENSG00000105655,0.80887693,1.4601458,K562,0.9559022,0.6380208,8
ENSG00000105656,1.5496953,1.0909631,K562,0.9702538,1.0,8
ENSG00000105656,1.3833363,1.0909631,K562,0.8919917,0.0,8
ENSG00000105662,1.0147388,0.35793483,K562,0.66849613,1.0,8
ENSG00000105662,0.96862257,0.35793483,K562,0.95459,1.0,8
ENSG00000105668,0.83368385,-0.7695511,K562,0.99297005,1.0,8
ENSG00000105669,1.4988041,2.3786705,K562,0.95217633,1.0,8
ENSG00000105669,1.5174143,2.3786705,K562,0.9381297,1.0,8
ENSG00000105669,1.4253006,2.3786705,K562,0.9471116,0.96252203,8
ENSG00000105669,1.6454997,2.3786705,K562,0.97252864,0.9917108,8
ENSG00000105671,1.3686247,1.7039788,K562,0.967631,1.0,8
ENSG00000105671,1.4734008,1.7039788,K562,0.9728127,1.0,8
ENSG00000105671,1.4782441,1.7039788,K562,0.9635035,0.0016129032,8
ENSG00000105675,0.17153165,-0.6777807,K562,0.99642086,1.0,8
ENSG00000105675,0.29015878,-0.6777807,K562,0.995419,1.0,8
ENSG00000105675,0.25253844,-0.6777807,K562,0.99738914,1.0,8
ENSG00000105675,0.49032348,-0.6777807,K562,0.99324656,1.0,8
ENSG00000105675,0.1903204,-0.6777807,K562,0.9971154,1.0,8
ENSG00000105676,1.7781372,1.6267508,K562,0.8286289,1.0,8
ENSG00000105676,1.7886391,1.6267508,K562,0.9554429,1.0,8
ENSG00000105676,1.7781372,1.6267508,K562,0.8286289,0.37202626,8
ENSG00000105676,1.5493529,1.6267508,K562,0.15589583,0.0125097735,8
ENSG00000105677,1.4681356,1.9983029,K562,0.76850563,1.0,8
ENSG00000105677,1.404093,1.9983029,K562,0.8927081,1.0,8
ENSG00000105677,1.2834556,1.9983029,K562,0.9373099,1.0,8
ENSG00000105677,1.3796691,1.9983029,K562,0.9684775,1.0,8
ENSG00000105677,1.4579512,1.9983029,K562,0.9420602,1.0,8
ENSG00000105697,-0.12475729,-0.4436975,K562,0.92661124,1.0,8
ENSG00000105697,-0.18045776,-0.4436975,K562,0.9908249,1.0,8
ENSG00000105698,1.4052198,2.064121,K562,0.89509547,1.0,8
ENSG00000105698,1.4395375,2.064121,K562,0.98173034,1.0,8
ENSG00000105698,1.31922,2.064121,K562,0.9674423,0.9206796,8
ENSG00000105699,1.5896431,1.4287825,K562,0.87644947,1.0,8
ENSG00000105699,1.8070285,1.4287825,K562,0.9650747,1.0,8
ENSG00000105699,1.5896431,1.4287825,K562,0.87644947,0.5368803,8
ENSG00000105699,1.6323469,1.4287825,K562,0.74482644,0.13685848,8
ENSG00000105699,1.6859087,1.4287825,K562,0.56178015,0.71428573,8
ENSG00000105699,1.8062818,1.4287825,K562,0.96567696,0.7016129,8
ENSG00000105700,1.7290041,2.2082262,K562,0.9751404,1.0,8
ENSG00000105700,1.7945062,2.2082262,K562,0.9689155,1.0,8
ENSG00000105700,1.786343,2.2082262,K562,0.94278353,0.98864526,8
ENSG00000105701,1.3128637,2.1067348,K562,0.95189553,1.0,8
ENSG00000105701,1.5420854,2.1067348,K562,0.9613558,1.0,8
ENSG00000105701,1.2883658,2.1067348,K562,0.9741954,1.0,8
ENSG00000105701,1.3552406,2.1067348,K562,0.9730252,1.0,8
ENSG00000105705,1.4998181,1.6300209,K562,0.9713713,1.0,8
ENSG00000105705,1.5533705,1.6300209,K562,0.9687391,1.0,8
ENSG00000105705,1.5511963,1.6300209,K562,0.9730065,1.0,8
ENSG00000105705,1.5420389,1.6300209,K562,0.9178128,1.0,8
ENSG00000105708,0.9168632,0.3424227,K562,0.93400615,1.0,8
ENSG00000105708,0.818702,0.3424227,K562,0.8892156,1.0,8
ENSG00000105711,-0.19192773,-0.3767507,K562,0.9970329,1.0,8
ENSG00000105717,0.8639923,1.1610684,K562,0.95145285,1.0,8
ENSG00000105717,1.2258229,1.1610684,K562,0.96413165,1.0,8
ENSG00000105717,1.1819212,1.1610684,K562,0.97399545,1.0,8
ENSG00000105717,1.1231847,1.1610684,K562,0.97587514,1.0,8
ENSG00000105717,1.223299,1.1610684,K562,0.90012896,1.0,8
ENSG00000105722,1.7005721,1.4708513,K562,0.976528,1.0,8
ENSG00000105722,1.4389558,1.4708513,K562,0.9182724,1.0,8
ENSG00000105723,1.6753824,1.5552154,K562,0.96470124,1.0,8
ENSG00000105726,1.8350916,1.6775157,K562,0.9662864,1.0,8
ENSG00000105738,1.5196166,1.2479733,K562,0.79890144,1.0,8
ENSG00000105738,1.432267,1.2479733,K562,0.9514379,1.0,8
ENSG00000105750,0.8236635,1.252853,K562,0.94574386,1.0,8
ENSG00000105755,1.2169489,2.0049658,K562,0.9568397,1.0,8
ENSG00000105755,1.4487822,2.0049658,K562,0.8464847,0.92190844,8
ENSG00000105767,0.26305437,-0.88605666,K562,0.99079,1.0,8
ENSG00000105771,1.9483044,1.4459155,K562,0.94573253,1.0,8
ENSG00000105771,1.9659162,1.4459155,K562,0.9525262,1.0,8
ENSG00000106689,0.48107994,0.91592723,K562,0.99689996,1.0,8
ENSG00000106692,1.0439854,0.7339993,K562,0.93720436,1.0,8
ENSG00000106692,1.1803737,0.7339993,K562,0.88360125,1.0,8
ENSG00000106692,1.26343,0.7339993,K562,0.94370204,1.0,8
ENSG00000106692,1.0611444,0.7339993,K562,0.8993848,1.0,8
ENSG00000106692,1.0621667,0.7339993,K562,0.5864891,0.07070707,8
ENSG00000106692,1.0046523,0.7339993,K562,0.8748868,0.08895706,8
ENSG00000106692,1.1945167,0.7339993,K562,0.12930377,0.08895706,8
ENSG00000106701,1.0685294,0.94101423,K562,0.8037156,1.0,8
ENSG00000106701,1.1749783,0.94101423,K562,0.94774646,1.0,8
ENSG00000106723,0.84699535,1.1152776,K562,0.9578082,1.0,8
ENSG00000106723,0.94505715,1.1152776,K562,0.67784023,0.06704981,8
ENSG00000106733,1.2120409,0.97127587,K562,0.89874315,1.0,8
ENSG00000106733,1.0941867,0.97127587,K562,0.9400452,0.84887004,8
ENSG00000106733,1.0228949,0.97127587,K562,0.81970733,0.26254827,8
ENSG00000106771,1.1385155,1.0334238,K562,0.9513794,1.0,8
ENSG00000106771,1.1806856,1.0334238,K562,0.20723349,0.74609375,8
ENSG00000106780,0.8019622,0.35410845,K562,0.9753329,1.0,8
ENSG00000106785,1.4150563,1.5082603,K562,0.96225566,1.0,8
ENSG00000106785,1.3479493,1.5082603,K562,0.8348127,0.03620516,8
ENSG00000106789,0.42280048,0.59217674,K562,0.99321544,1.0,8
ENSG00000106799,1.0070164,0.9036325,K562,0.9605836,1.0,8
ENSG00000106799,0.8918481,0.9036325,K562,0.9317579,0.9844852,8
ENSG00000106803,1.9532623,2.492439,K562,0.87738633,1.0,8
ENSG00000106803,1.866911,2.492439,K562,0.9485885,1.0,8
ENSG00000106804,0.23696113,0.27184162,K562,0.9885528,1.0,8
ENSG00000106804,0.15012924,0.27184162,K562,0.9857738,1.0,8
ENSG00000106804,0.2365663,0.27184162,K562,0.9927872,1.0,8
ENSG00000106829,1.2956228,1.2329961,K562,0.7515335,1.0,8
ENSG00000106829,1.2789404,1.2329961,K562,0.7860357,1.0,8
ENSG00000106829,1.390747,1.2329961,K562,0.48919275,0.020275751,8
ENSG00000106829,1.3183807,1.2329961,K562,0.9150878,0.47560975,8
ENSG00000106829,1.3352318,1.2329961,K562,0.8286642,0.12303665,8
ENSG00000106868,0.49343932,0.9552065,K562,0.9242873,1.0,8
ENSG00000106868,0.82137823,0.9552065,K562,0.8418361,0.08287293,8
ENSG00000106868,0.66224265,0.9552065,K562,0.7586555,0.8071313,8
ENSG00000106948,1.8892288,1.7789468,K562,0.9680002,1.0,8
ENSG00000106948,1.8350554,1.7789468,K562,0.9507761,0.20799348,8
ENSG00000106991,1.1514657,0.4941546,K562,0.9546197,1.0,8
ENSG00000106991,1.1361558,0.4941546,K562,0.9242593,1.0,8
ENSG00000106991,1.1745651,0.4941546,K562,0.9601508,1.0,8
ENSG00000106991,1.197135,0.4941546,K562,0.9212654,1.0,8
ENSG00000106991,1.042278,0.4941546,K562,0.9473817,1.0,8
ENSG00000106991,1.1501689,0.4941546,K562,0.9024348,1.0,8
ENSG00000106991,1.0797446,0.4941546,K562,0.9623083,1.0,8
ENSG00000106991,1.0797446,0.4941546,K562,0.9623083,1.0,8
ENSG00000106992,0.08880097,0.46538284,K562,0.9966492,1.0,8
ENSG00000106993,1.3774691,0.7895807,K562,0.944827,1.0,8
ENSG00000107020,1.5562285,1.307068,K562,0.7556346,1.0,8
ENSG00000107021,1.4512253,1.1513698,K562,0.97756994,1.0,8
ENSG00000107021,1.2871871,1.1513698,K562,0.9567301,1.0,8
ENSG00000107021,1.466269,1.1513698,K562,0.9238094,1.0,8
ENSG00000107021,1.4459481,1.1513698,K562,0.9525716,1.0,8
ENSG00000107036,1.6978312,1.388634,K562,0.65010655,1.0,8
ENSG00000107036,1.6214134,1.388634,K562,0.9302571,1.0,8
ENSG00000107077,1.4182926,1.2462523,K562,0.9454419,1.0,8
ENSG00000107077,1.3993948,1.2462523,K562,0.8779866,1.0,8
ENSG00000107099,0.89361763,1.5308398,K562,0.92468315,1.0,8
ENSG00000107099,1.0138552,1.5308398,K562,0.97952056,0.057803467,8
ENSG00000107099,1.1086622,1.5308398,K562,0.93136394,0.06802721,8
ENSG00000107099,1.0691051,1.5308398,K562,0.9506076,0.98189414,8
ENSG00000107099,1.0009089,1.5308398,K562,0.8140282,0.93926555,8
ENSG00000107104,-0.47379732,-0.7212464,K562,0.99575233,1.0,8
ENSG00000107130,0.4709087,-0.7695511,K562,0.925023,1.0,8
ENSG00000107140,1.5349307,1.0429691,K562,0.89861685,1.0,8
ENSG00000107140,1.0964296,1.0429691,K562,0.9223637,1.0,8
ENSG00000107140,1.1368749,1.0429691,K562,0.9548092,1.0,8
ENSG00000107140,1.295378,1.0429691,K562,0.9512476,1.0,8
ENSG00000107140,1.4548798,1.0429691,K562,0.9763426,1.0,8
ENSG00000107140,1.221546,1.0429691,K562,0.9224558,0.70580477,8
ENSG00000107159,0.006082207,0.13672057,K562,0.9924992,1.0,8
ENSG00000107164,1.3847492,1.4696748,K562,0.95689386,1.0,8
ENSG00000107164,1.6387683,1.4696748,K562,0.9737921,1.0,8
ENSG00000107164,1.2917459,1.4696748,K562,0.89629036,1.0,8
ENSG00000107164,1.714197,1.4696748,K562,0.9640713,1.0,8
ENSG00000107175,1.5931734,1.2103186,K562,0.90342665,1.0,8
ENSG00000107185,1.6313366,0.8293038,K562,0.9246051,1.0,8
ENSG00000107201,1.2292168,0.76192784,K562,0.93576944,1.0,8
ENSG00000107223,1.474433,2.549751,K562,0.9584505,1.0,8
ENSG00000107242,0.8836378,0.86746746,K562,0.96877307,1.0,8
ENSG00000107242,0.90255225,0.86746746,K562,0.9348334,1.0,8
ENSG00000107242,0.8565835,0.86746746,K562,0.48325527,1.0,8
ENSG00000107242,0.8641509,0.86746746,K562,0.8518869,1.0,8
ENSG00000107242,1.019015,0.86746746,K562,0.2954815,0.89364845,8
ENSG00000107242,0.8049271,0.86746746,K562,0.711026,0.027298851,8
ENSG00000107242,0.7731239,0.86746746,K562,0.9715746,0.89364845,8
ENSG00000107262,1.5098376,1.9633155,K562,0.8738473,1.0,8
ENSG00000107262,1.5150254,1.9633155,K562,0.94247395,1.0,8
ENSG00000107262,1.5279092,1.9633155,K562,0.8847617,0.34616262,8
ENSG00000107263,1.519973,1.7988577,K562,0.969898,1.0,8
ENSG00000107281,-0.110556066,-0.33724216,K562,0.99809736,1.0,8
ENSG00000107282,-0.2452778,-0.9586073,K562,0.9954419,1.0,8
ENSG00000107282,-0.009127758,-0.9586073,K562,0.99316144,1.0,8
ENSG00000107282,-0.5340835,-0.9586073,K562,0.997761,1.0,8
ENSG00000107282,-0.4893666,-0.9586073,K562,0.9963923,1.0,8
ENSG00000107282,-0.5020222,-0.9586073,K562,0.997601,1.0,8
ENSG00000107282,-0.5980517,-0.9586073,K562,0.99750274,1.0,8
ENSG00000107282,-0.44688493,-0.9586073,K562,0.9958605,1.0,8
ENSG00000107282,-0.04377585,-0.9586073,K562,0.99152184,1.0,8
ENSG00000107282,-0.4496661,-0.9586073,K562,0.984711,1.0,8
ENSG00000107282,-0.21212901,-0.9586073,K562,0.99794966,1.0,8
ENSG00000107290,1.6954074,1.4308809,K562,0.6998179,1.0,8
ENSG00000107331,0.052855574,0.10720997,K562,0.99664295,1.0,8
ENSG00000107331,0.19748697,0.10720997,K562,0.99321556,1.0,8
ENSG00000107331,-0.03331148,0.10720997,K562,0.9917589,1.0,8
ENSG00000107338,0.50302804,0.57170886,K562,0.95089257,1.0,8
ENSG00000107338,0.49111515,0.57170886,K562,0.96643317,1.0,8
ENSG00000107341,1.3748703,1.1634595,K562,0.9551051,1.0,8
ENSG00000107341,1.3136845,1.1634595,K562,0.9521861,1.0,8
ENSG00000107362,1.102195,1.09691,K562,0.94627506,1.0,8
ENSG00000107362,1.2331315,1.09691,K562,0.89751226,1.0,8
ENSG00000107362,1.1119393,1.09691,K562,0.95372117,1.0,8
ENSG00000107371,1.4989853,1.9504136,K562,0.8031015,1.0,8
ENSG00000107371,1.3624368,1.9504136,K562,0.78137416,0.14327957,8
ENSG00000107372,1.5126169,1.7602717,K562,0.9427567,1.0,8
ENSG00000107372,1.6405652,1.7602717,K562,0.3671219,0.33188826,8
ENSG00000108106,1.7043056,2.5642636,K562,0.960868,1.0,8
ENSG00000108106,1.7274117,2.5642636,K562,0.9638556,1.0,8
ENSG00000108106,1.7589924,2.5642636,K562,0.9621056,0.03236727,8
ENSG00000115255,0.3192975,-0.34678748,K562,0.98096,1.0,8
ENSG00000115257,0.7880156,0.033423755,K562,0.98740155,1.0,8
ENSG00000115257,0.66753936,0.033423755,K562,0.98829705,1.0,8
ENSG00000115266,-0.021261502,-0.5086383,K562,0.99582267,1.0,8
ENSG00000115266,0.12171921,-0.5086383,K562,0.996014,1.0,8
ENSG00000115266,-0.20586085,-0.5086383,K562,0.9965586,1.0,8
ENSG00000115266,0.014216736,-0.5086383,K562,0.99702865,1.0,8
ENSG00000115286,1.5357581,2.1452587,K562,0.95639825,1.0,8
ENSG00000116014,0.27465236,0.1398791,K562,0.991364,1.0,8
ENSG00000116017,1.7149153,1.5156089,K562,0.87765104,1.0,8
ENSG00000116017,1.7935262,1.5156089,K562,0.95147693,1.0,8
ENSG00000116017,1.8869362,1.5156089,K562,0.95863867,1.0,8
ENSG00000116017,1.851587,1.5156089,K562,0.9588633,1.0,8
ENSG00000117877,1.810346,1.2030329,K562,0.8266412,1.0,8
ENSG00000118046,1.4681139,1.7032914,K562,0.95056254,1.0,8
ENSG00000118162,1.11695,0.80482066,K562,0.95236176,1.0,8
ENSG00000118620,1.2417588,0.7267272,K562,0.93856746,1.0,8
ENSG00000118620,1.431334,0.7267272,K562,0.9225703,1.0,8
ENSG00000119121,-0.71449983,-0.82390875,K562,0.99813336,1.0,8
ENSG00000119125,0.088659585,-0.60206,K562,0.99417984,1.0,8
ENSG00000119139,1.5667071,1.3144993,K562,0.9586925,1.0,8
ENSG00000119139,1.600239,1.3144993,K562,0.94377595,1.0,8
ENSG00000119314,1.2921716,1.4810125,K562,0.6970792,1.0,8
ENSG00000119314,1.2434096,1.4810125,K562,0.88735914,1.0,8
ENSG00000119314,1.213447,1.4810125,K562,0.9148111,1.0,8
ENSG00000119314,1.1010764,1.4810125,K562,0.94297314,0.93094945,8
ENSG00000119314,1.4099052,1.4810125,K562,0.17002988,0.351418,8
ENSG00000119318,1.4311266,1.7705575,K562,0.9411799,1.0,8
ENSG00000119321,1.4342554,1.2027607,K562,0.95014316,1.0,8
ENSG00000119326,1.0699844,1.3106933,K562,0.7719089,1.0,8
ENSG00000119326,0.9628794,1.3106933,K562,0.9609993,1.0,8
ENSG00000119328,1.1293361,0.8555192,K562,0.70406157,1.0,8
ENSG00000119333,1.7607307,1.8665236,K562,0.59031904,1.0,8
ENSG00000119333,1.4671029,1.8665236,K562,0.77408075,1.0,8
ENSG00000119333,1.7676427,1.8665236,K562,0.87205243,1.0,8
ENSG00000119335,1.471518,2.357649,K562,0.9559637,1.0,8
ENSG00000119383,1.719196,1.7832602,K562,0.9717405,1.0,8
ENSG00000119383,1.591711,1.7832602,K562,0.942202,1.0,8
ENSG00000119383,1.6402144,1.7832602,K562,0.9524646,0.9822876,8
ENSG00000119383,1.6370807,1.7832602,K562,0.9454126,0.20774819,8
ENSG00000119392,1.423835,1.3637999,K562,0.96070707,1.0,8
ENSG00000119392,1.4436191,1.3637999,K562,0.9079195,1.0,8
ENSG00000119396,1.5384152,1.1099159,K562,0.9246882,1.0,8
ENSG00000119396,1.4368457,1.1099159,K562,0.4797784,1.0,8
ENSG00000119397,1.626684,1.3791242,K562,0.9621367,1.0,8
ENSG00000119397,1.5790962,1.3791242,K562,0.94993615,1.0,8
ENSG00000119397,1.5538559,1.3791242,K562,0.972648,1.0,8
ENSG00000119402,1.2840914,1.5397032,K562,0.8656935,1.0,8
ENSG00000119402,1.3640879,1.5397032,K562,0.92268294,1.0,8
ENSG00000119403,1.8812345,1.9191828,K562,0.96571964,1.0,8
ENSG00000119403,1.8442757,1.9191828,K562,0.87697977,0.95497864,8
ENSG00000119408,1.5810928,1.8781195,K562,0.9564231,1.0,8
ENSG00000119408,1.5849149,1.8781195,K562,0.7854378,0.22070266,8
ENSG00000119411,-0.1600131,0.71516734,K562,0.9935323,1.0,8
ENSG00000119414,1.2873607,1.3271545,K562,0.9683903,1.0,8
ENSG00000119414,1.1864908,1.3271545,K562,0.7979238,0.9713155,8
ENSG00000119421,1.2037182,1.8296254,K562,0.95808476,1.0,8
ENSG00000119431,1.3217411,1.3782161,K562,0.2980016,1.0,8
ENSG00000119431,1.2480228,1.3782161,K562,0.38804412,1.0,8
ENSG00000119446,1.6860574,0.96189547,K562,0.9446203,1.0,8
ENSG00000119446,1.5222747,0.96189547,K562,0.9288884,1.0,8
ENSG00000119446,1.3565147,0.96189547,K562,0.83920187,0.23221476,8
ENSG00000119471,1.1764624,1.1760913,K562,0.7323865,1.0,8
ENSG00000119471,1.0584899,1.1760913,K562,0.9437394,0.9531358,8
ENSG00000119487,1.3229332,1.9082705,K562,0.95201296,1.0,8
ENSG00000119487,1.3229332,1.9082705,K562,0.95201296,1.0,8
ENSG00000119487,1.5088317,1.9082705,K562,0.95909804,1.0,8
ENSG00000119487,1.3294767,1.9082705,K562,0.87617964,1.0,8
ENSG00000119487,1.3326812,1.9082705,K562,0.94968677,1.0,8
ENSG00000119487,1.3840039,1.9082705,K562,0.85689175,0.00337126,8
ENSG00000119487,1.3397653,1.9082705,K562,0.8601848,0.0,8
ENSG00000119487,1.4555328,1.9082705,K562,0.9641792,0.9247612,8
ENSG00000119508,0.5785351,-0.113509275,K562,0.9635035,1.0,8
ENSG00000119508,0.50683117,-0.113509275,K562,0.9535646,1.0,8
ENSG00000119509,1.4485416,0.98677176,K562,0.9643987,1.0,8
ENSG00000119509,1.3324896,0.98677176,K562,0.93370444,0.13286713,8
ENSG00000119514,0.55801725,0.59439254,K562,0.97422427,1.0,8
ENSG00000119522,1.1443694,1.4134674,K562,0.8012652,1.0,8
ENSG00000119522,1.0055635,1.4134674,K562,0.9467244,0.88073397,8
ENSG00000119522,1.1262145,1.4134674,K562,0.8506197,0.9583333,8
ENSG00000119522,1.0400071,1.4134674,K562,0.45259365,0.8645833,8
ENSG00000119523,1.8753266,1.4692328,K562,0.5241228,0.14679837,8
ENSG00000119559,1.7299889,1.5828584,K562,0.94556814,1.0,8
ENSG00000119574,1.5353854,0.8122447,K562,0.9392833,1.0,8
ENSG00000119574,1.5353854,0.8122447,K562,0.9392833,1.0,8
ENSG00000120158,1.3757653,1.3723596,K562,0.91876626,1.0,8
ENSG00000120159,1.1941899,1.058426,K562,0.9233606,1.0,8
ENSG00000120159,1.3003657,1.058426,K562,0.9234894,1.0,8
ENSG00000120159,1.4308488,1.058426,K562,0.9688618,1.0,8
ENSG00000120159,1.4308488,1.058426,K562,0.9688618,1.0,8
ENSG00000120162,0.5871309,-0.060480747,K562,0.9862563,1.0,8
ENSG00000120784,1.3219521,0.7226339,K562,0.7963777,1.0,8
ENSG00000121289,0.86973405,0.95279247,K562,0.8424576,1.0,8
ENSG00000121289,1.0366282,0.95279247,K562,0.8326281,1.0,8
ENSG00000121406,1.0181279,0.20682588,K562,0.9850894,1.0,8
ENSG00000121406,1.0181279,0.20682588,K562,0.9850894,1.0,8
ENSG00000121417,0.720714,0.85248,K562,0.945722,1.0,8
ENSG00000121417,1.1720428,0.85248,K562,0.72964776,0.12230216,8
ENSG00000121417,1.2800968,0.85248,K562,0.8957263,0.06481481,8
ENSG00000121417,1.0832337,0.85248,K562,0.8719127,0.1446281,8
ENSG00000122692,1.4700729,1.1737689,K562,0.92748815,1.0,8
ENSG00000122694,0.01809965,0.33645973,K562,0.9883201,1.0,8
ENSG00000122696,1.1028866,0.99255353,K562,0.14672905,1.0,8
ENSG00000122696,1.2609801,0.99255353,K562,0.96110123,1.0,8
ENSG00000122705,1.6652894,2.279553,K562,0.9366237,1.0,8
ENSG00000122705,1.6987535,2.279553,K562,0.40679738,0.00016392546,8
ENSG00000122705,1.6188581,2.279553,K562,0.26071957,0.030723594,8
ENSG00000122707,0.33508113,-0.52287877,K562,0.96196884,1.0,8
ENSG00000122729,0.44964755,0.36921585,K562,0.971101,1.0,8
ENSG00000122741,1.184298,0.7803173,K562,0.94157857,1.0,8
ENSG00000122741,1.0400288,0.7803173,K562,0.963419,1.0,8
ENSG00000122741,1.1383848,0.7803173,K562,0.9571337,0.9130435,8
ENSG00000122741,1.0607688,0.7803173,K562,0.90496546,0.96964586,8
ENSG00000123136,1.7533724,2.3472128,K562,0.97086483,1.0,8
ENSG00000123136,1.7533118,2.3472128,K562,0.976927,1.0,8
ENSG00000123136,1.7535813,2.3472128,K562,0.97666293,0.98846316,8
ENSG00000123143,1.3530344,1.8293681,K562,0.9739533,1.0,8
ENSG00000123144,1.8816152,2.5644293,K562,0.9453571,1.0,8
ENSG00000123144,1.8507521,2.5644293,K562,0.9378193,1.0,8
ENSG00000123146,1.752788,1.7232914,K562,0.9777346,1.0,8
ENSG00000123146,1.5099357,1.7232914,K562,0.92176944,0.87080747,8
ENSG00000123146,1.4021218,1.7232914,K562,0.9628016,0.21265444,8
ENSG00000123154,1.8230299,1.0449315,K562,0.94163996,1.0,8
ENSG00000123159,0.87880075,1.2667019,K562,0.977849,1.0,8
ENSG00000123159,0.8785831,1.2667019,K562,0.90856135,0.98968107,8
ENSG00000123159,0.9738996,1.2667019,K562,0.9602917,1.0,8
ENSG00000123159,0.9138149,1.2667019,K562,0.6292695,0.76547843,8
ENSG00000123810,1.6835225,0.6803355,K562,0.8871325,1.0,8
ENSG00000123815,1.4767427,1.4528593,K562,0.95271045,1.0,8
ENSG00000123815,1.6089225,1.4528593,K562,0.8953608,1.0,8
ENSG00000123815,1.627946,1.4528593,K562,0.97049797,0.40761244,8
ENSG00000123975,1.4903944,2.3277266,K562,0.83109736,1.0,8
ENSG00000124299,0.57931554,1.5295587,K562,0.9648089,1.0,8
ENSG00000124444,1.6684515,1.2062861,K562,0.8727436,1.0,8
ENSG00000124444,1.6636132,1.2062861,K562,0.84292257,1.0,8
ENSG00000124459,1.1533862,1.071882,K562,0.9482135,1.0,8
ENSG00000125482,1.3490344,1.2422929,K562,0.96941704,1.0,8
ENSG00000125482,1.3095728,1.2422929,K562,0.891232,0.71883786,8
ENSG00000125484,1.7015605,0.84633714,K562,0.9571471,1.0,8
ENSG00000125484,1.7428116,0.84633714,K562,0.94934285,1.0,8
ENSG00000125485,1.7926368,1.2564772,K562,0.96979934,1.0,8
ENSG00000125485,1.7350017,1.2564772,K562,0.970547,1.0,8
ENSG00000125485,1.690052,1.2564772,K562,0.9053278,1.0,8
ENSG00000125485,1.5071642,1.2564772,K562,0.9703178,1.0,8
ENSG00000125503,1.2573705,1.8754085,K562,0.85734624,1.0,8
ENSG00000125503,1.3777318,1.8754085,K562,0.95707804,1.0,8
ENSG00000125503,1.2067953,1.8754085,K562,0.9666391,1.0,8
ENSG00000125505,1.5052521,1.3872118,K562,0.90364397,1.0,8
ENSG00000125505,1.161267,1.3872118,K562,0.61707586,0.8366309,8
ENSG00000125505,1.5414733,1.3872118,K562,0.77088875,0.98613334,8
ENSG00000125648,1.3558447,1.8202015,K562,0.9130842,1.0,8
ENSG00000125648,1.3314469,1.8202015,K562,0.8550605,0.86646324,8
ENSG00000125648,1.2697061,1.8202015,K562,0.9189092,0.06960997,8
ENSG00000125651,1.9077199,1.7213984,K562,0.9590641,1.0,8
ENSG00000125651,1.8677998,1.7213984,K562,0.9733761,0.9869747,8
ENSG00000125652,1.4283438,1.7119758,K562,0.950707,1.0,8
ENSG00000125652,1.4337616,1.7119758,K562,0.9506423,1.0,8
ENSG00000125652,1.3003638,1.7119758,K562,0.9509771,1.0,8
ENSG00000125656,1.4495177,2.145072,K562,0.9736351,1.0,8
ENSG00000125656,1.4495177,2.145072,K562,0.9736351,1.0,8
ENSG00000125656,1.3927249,2.145072,K562,0.96736544,0.9919016,8
ENSG00000125657,1.8281968,1.5902843,K562,0.8151134,1.0,8
ENSG00000125730,0.22359991,-0.0043648053,K562,0.9886457,1.0,8
ENSG00000125731,1.1614733,1.2915908,K562,0.86926043,1.0,8
ENSG00000125731,1.1105957,1.2915908,K562,0.9041112,0.53296703,8
ENSG00000125733,1.5330187,1.6497242,K562,0.96248066,1.0,8
ENSG00000125733,1.5532148,1.6497242,K562,0.9802961,1.0,8
ENSG00000125733,1.5026493,1.6497242,K562,0.94648737,0.0,8
ENSG00000125734,1.5011542,1.8474493,K562,0.95873225,1.0,8
ENSG00000125734,1.6098247,1.8474493,K562,0.954466,1.0,8
ENSG00000125734,1.4918493,1.8474493,K562,0.89825976,0.5437202,8
ENSG00000125735,1.7495542,1.3565995,K562,0.86457217,1.0,8
ENSG00000125743,1.5524726,2.8144274,K562,0.96950924,1.0,8
ENSG00000125743,1.5321827,2.8144274,K562,0.95621616,0.46590444,8
ENSG00000125744,0.9600284,0.92992955,K562,0.93054,1.0,8
ENSG00000125746,1.4550791,1.6711729,K562,0.80959594,1.0,8
ENSG00000125746,1.5109059,1.6711729,K562,0.9661627,0.9691943,8
ENSG00000125746,1.4550791,1.6711729,K562,0.80959594,0.97582746,8
ENSG00000125746,1.2884346,1.6711729,K562,0.2270059,0.029944547,8
ENSG00000125746,1.3452125,1.6711729,K562,0.8702427,0.98844624,8
ENSG00000125753,1.8784297,2.277609,K562,0.968066,1.0,8
ENSG00000125753,1.8145807,2.277609,K562,0.9446248,0.94705254,8
ENSG00000125755,1.5750246,1.8668188,K562,0.97036314,1.0,8
ENSG00000125912,1.5381206,1.6206565,K562,0.96288997,1.0,8
ENSG00000125912,1.5207207,1.6206565,K562,0.9723531,1.0,8
ENSG00000125912,1.637924,1.6206565,K562,0.97981447,1.0,8
ENSG00000126243,0.37404543,0.5786392,K562,0.90567124,1.0,8
ENSG00000126246,1.8371421,1.5565437,K562,0.9424485,1.0,8
ENSG00000126246,1.7782959,1.5565437,K562,0.90488666,1.0,8
ENSG00000126247,1.8871235,2.5034094,K562,0.96664196,1.0,8
ENSG00000126249,1.5331092,1.4153073,K562,0.9200331,1.0,8
ENSG00000126254,1.5473392,1.7998917,K562,0.9730477,1.0,8
ENSG00000126254,1.5524364,1.7998917,K562,0.9706308,1.0,8
ENSG00000126259,-0.1438231,-0.88605666,K562,0.9979716,1.0,8
ENSG00000126261,1.4753715,1.9330314,K562,0.95559734,1.0,8
ENSG00000126261,1.5347264,1.9330314,K562,0.964986,1.0,8
ENSG00000126261,1.6512976,1.9330314,K562,0.17795028,0.16241917,8
ENSG00000126261,1.6582646,1.9330314,K562,0.94470656,0.9687351,8
ENSG00000126264,1.57984,1.8326366,K562,0.8532784,1.0,8
ENSG00000126267,1.5336969,2.824575,K562,0.9761723,1.0,8
ENSG00000126453,1.7458475,2.065393,K562,0.65242577,1.0,8
ENSG00000126453,1.6818471,2.065393,K562,0.9676673,1.0,8
ENSG00000126453,1.4570255,2.065393,K562,0.73926634,0.97992206,8
ENSG00000126453,1.4486649,2.065393,K562,0.84028685,0.56540084,8
ENSG00000126453,1.6818471,2.065393,K562,0.9676673,0.8174603,8
ENSG00000126453,1.2430711,2.065393,K562,0.8848515,0.98025304,8
ENSG00000126456,1.8013687,2.0015173,K562,0.8827889,1.0,8
ENSG00000126456,1.7372713,2.0015173,K562,0.92949164,1.0,8
ENSG00000126456,1.8138835,2.0015173,K562,0.9433012,0.9984443,8
ENSG00000126456,1.7565105,2.0015173,K562,0.95479494,1.0,8
ENSG00000126456,1.7565105,2.0015173,K562,0.95479494,0.11010558,8
ENSG00000126456,1.736553,2.0015173,K562,0.9296078,0.9716174,8
ENSG00000126457,1.7608876,2.7256668,K562,0.90710366,1.0,8
ENSG00000126457,1.902005,2.7256668,K562,0.9706626,1.0,8
ENSG00000126457,1.7796729,2.7256668,K562,0.8227037,0.11528643,8
ENSG00000126458,0.5678205,0.5865873,K562,0.97138256,1.0,8
ENSG00000126458,0.46472627,0.5865873,K562,0.9560276,1.0,8
ENSG00000126458,1.0565324,0.5865873,K562,0.9843233,1.0,8
ENSG00000126458,0.84757566,0.5865873,K562,0.97881407,1.0,8
ENSG00000126460,0.4884174,0.20682588,K562,0.9918698,1.0,8
ENSG00000126461,1.6556734,1.1034616,K562,0.9480891,1.0,8
ENSG00000126882,1.31943,1.2276297,K562,0.13616875,1.0,8
ENSG00000126882,1.354635,1.2276297,K562,0.7891088,1.0,8
ENSG00000126882,1.3060551,1.2276297,K562,0.6593696,0.12962963,8
ENSG00000126883,1.2313005,1.2452658,K562,0.92091626,1.0,8
ENSG00000126883,1.4809474,1.2452658,K562,0.9433429,0.86885244,8
ENSG00000126883,1.5006508,1.2452658,K562,0.95353395,0.9695045,8
ENSG00000126883,1.4103773,1.2452658,K562,0.71839404,1.0,8
ENSG00000126934,1.3392463,2.0960405,K562,0.9170188,1.0,8
ENSG00000126934,1.3134177,2.0960405,K562,0.81299525,1.0,8
ENSG00000126934,1.620301,2.0960405,K562,0.9677852,1.0,8
ENSG00000127080,1.5530522,0.9111576,K562,0.9705945,1.0,8
ENSG00000127080,1.5003265,0.9111576,K562,0.926486,1.0,8
ENSG00000127080,1.6016195,0.9111576,K562,0.92115474,1.0,8
ENSG00000127080,1.5329666,0.9111576,K562,0.7201934,1.0,8
ENSG00000127081,1.3793998,0.2278867,K562,0.81106853,1.0,8
ENSG00000127081,1.2113712,0.2278867,K562,0.95420176,1.0,8
ENSG00000127084,1.5124513,1.0390173,K562,0.95528066,1.0,8
ENSG00000127191,1.7456009,1.3658623,K562,0.96194977,1.0,8
ENSG00000127191,1.652664,1.3658623,K562,0.94189256,1.0,8
ENSG00000127220,1.2824665,1.0017337,K562,0.9534562,1.0,8
ENSG00000127445,1.2834132,2.1144109,K562,0.37479508,1.0,8
ENSG00000127445,1.4161592,2.1144109,K562,0.96034884,1.0,8
ENSG00000127452,1.7323391,1.4940153,K562,0.9578813,1.0,8
ENSG00000127452,1.3157617,1.4940153,K562,0.7763107,0.13817228,8
ENSG00000127452,1.7320604,1.4940153,K562,0.9580758,0.8469319,8
ENSG00000127507,0.3731709,0.9552065,K562,0.9904018,1.0,8
ENSG00000127507,0.38675043,0.9552065,K562,0.9803396,0.8836565,8
ENSG00000127507,0.28011942,0.9552065,K562,0.97036046,1.0,8
ENSG00000127507,0.3042573,0.9552065,K562,0.9691055,0.65686274,8
ENSG00000127507,0.27468753,0.9552065,K562,0.98752856,0.33663365,8
ENSG00000127507,0.3523485,0.9552065,K562,0.8894982,0.7649123,8
ENSG00000127507,0.25354218,0.9552065,K562,0.9877935,0.7118644,8
ENSG00000127511,1.1854799,1.4303976,K562,0.9649546,1.0,8
ENSG00000127511,1.243072,1.4303976,K562,0.9305471,0.1028481,8
ENSG00000127526,1.567239,1.2615007,K562,0.9508619,1.0,8
ENSG00000127526,1.3916595,1.2615007,K562,0.8267749,0.0,8
ENSG00000127527,1.1914227,1.2540644,K562,0.92915434,1.0,8
ENSG00000127527,1.4879626,1.2540644,K562,0.9629673,0.35838926,8
ENSG00000127528,0.59059703,0.65030754,K562,0.99137104,1.0,8
ENSG00000127540,1.5494354,2.0826776,K562,0.97242546,1.0,8
ENSG00000127540,1.4386547,2.0826776,K562,0.93553925,0.010449758,8
ENSG00000127616,1.6794286,1.711132,K562,0.9100813,0.04195804,8
ENSG00000127663,1.0179108,1.4258602,K562,0.9809514,1.0,8
ENSG00000127663,1.0481215,1.4258602,K562,0.98487955,1.0,8
ENSG00000127663,0.7026299,1.4258602,K562,0.92458165,0.22113423,8
ENSG00000128000,1.2372863,0.9951963,K562,0.84950465,1.0,8
ENSG00000129347,1.5578139,1.5718253,K562,0.97695017,1.0,8
ENSG00000129347,1.6103015,1.5718253,K562,0.95684093,1.0,8
ENSG00000129347,1.5373456,1.5718253,K562,0.9628817,1.0,8
ENSG00000129351,1.6924499,2.168291,K562,0.9700444,1.0,8
ENSG00000129351,1.6902314,2.168291,K562,0.931386,1.0,8
ENSG00000129351,1.6719117,2.168291,K562,0.6857258,0.4601005,8
ENSG00000129353,1.2177739,1.4173056,K562,0.88371956,1.0,8
ENSG00000129353,1.6366241,1.4173056,K562,0.98022115,1.0,8
ENSG00000129353,1.6402972,1.4173056,K562,0.95242304,1.0,8
ENSG00000129353,1.5696039,1.4173056,K562,0.9745025,1.0,8
ENSG00000129355,1.4217982,1.1510632,K562,0.905124,1.0,8
ENSG00000129932,1.6488975,1.2600714,K562,0.94686294,1.0,8
ENSG00000129932,1.7951775,1.2600714,K562,0.95832646,1.0,8
ENSG00000129933,1.6859014,1.4656802,K562,0.9555551,1.0,8
ENSG00000129933,1.6803722,1.4656802,K562,0.9749967,1.0,8
ENSG00000129933,1.6308839,1.4656802,K562,0.8178177,0.028423773,8
ENSG00000129968,1.2035321,1.9222583,K562,0.9573513,1.0,8
ENSG00000129968,1.553602,1.9222583,K562,0.96248245,0.0,8
ENSG00000129990,-0.6152036,-0.4202164,K562,0.99691474,1.0,8
ENSG00000130005,0.55683374,1.6955693,K562,0.9733715,1.0,8
ENSG00000130158,0.77588785,0.908485,K562,0.9813798,1.0,8
ENSG00000130158,0.7452514,0.908485,K562,0.8881836,1.0,8
ENSG00000130158,1.0688007,0.908485,K562,0.96790445,1.0,8
ENSG00000130159,1.4551891,1.5590683,K562,0.8969326,1.0,8
ENSG00000130159,1.5075524,1.5590683,K562,0.63046646,0.12871288,8
ENSG00000130159,1.5249803,1.5590683,K562,0.9629219,0.9716312,8
ENSG00000130159,1.5085468,1.5590683,K562,0.24272183,0.022134388,8
ENSG00000130164,1.8521409,1.3721753,K562,0.9754488,1.0,8
ENSG00000130164,1.8893116,1.3721753,K562,0.93018055,0.9987692,8
ENSG00000130164,1.8404522,1.3721753,K562,0.9518934,0.9765343,8
ENSG00000130164,1.8868946,1.3721753,K562,0.96464425,0.9765625,8
ENSG00000130165,1.4490197,1.9825878,K562,0.9527504,1.0,8
ENSG00000130175,1.4676085,1.9296743,K562,0.97471976,1.0,8
ENSG00000130175,1.5383846,1.9296743,K562,0.9714751,1.0,8
ENSG00000130176,-0.058180176,-0.39794,K562,0.997056,1.0,8
ENSG00000130202,0.11877647,-0.7695511,K562,0.99730814,1.0,8
ENSG00000130202,0.088973075,-0.7695511,K562,0.992454,1.0,8
ENSG00000130204,1.4896457,2.1014032,K562,0.97805804,1.0,8
ENSG00000130208,0.8154999,-0.1611509,K562,0.9867318,1.0,8
ENSG00000130208,0.34001088,-0.1611509,K562,0.99069655,1.0,8
ENSG00000130222,-0.15468052,-0.28399664,K562,0.99855846,1.0,8
ENSG00000130244,1.097024,1.2250507,K562,0.91953915,1.0,8
ENSG00000130244,1.3465799,1.2250507,K562,0.88941807,0.9899909,8
ENSG00000130244,1.0314524,1.2250507,K562,0.93952507,0.98854166,8
ENSG00000130254,1.7404459,1.6518593,K562,0.9647706,1.0,8
ENSG00000130254,1.7426937,1.6518593,K562,0.9619032,0.84903973,8
ENSG00000130270,1.0780313,-0.04095861,K562,0.8165948,1.0,8
ENSG00000130287,-0.28045905,-0.4202164,K562,0.9947349,1.0,8
ENSG00000130299,1.5126301,1.6060587,K562,0.9150772,1.0,8
ENSG00000130299,1.5858954,1.6060587,K562,0.9637556,1.0,8
ENSG00000130299,1.5150896,1.6060587,K562,0.955849,1.0,8
ENSG00000130300,-0.06659619,-0.60206,K562,0.99673766,1.0,8
ENSG00000130300,-0.025561795,-0.60206,K562,0.99817836,1.0,8
ENSG00000130303,1.8739,2.4202034,K562,0.85298437,1.0,8
ENSG00000130303,1.8507173,2.4202034,K562,0.90503937,0.994981,8
ENSG00000130304,1.1171694,0.2329961,K562,0.96161675,1.0,8
ENSG00000130307,0.49026883,-0.55284196,K562,0.9876013,1.0,8
ENSG00000130307,0.18917778,-0.55284196,K562,0.98381007,1.0,8
ENSG00000130309,1.6053782,1.5407047,K562,0.9699865,1.0,8
ENSG00000130311,1.3246711,1.7758288,K562,0.9596081,1.0,8
ENSG00000130313,1.3551946,2.0494118,K562,0.95752263,1.0,8
ENSG00000130313,1.5210767,2.0494118,K562,0.68600243,1.0,8
ENSG00000130313,1.2544508,2.0494118,K562,0.8594392,1.0,8
ENSG00000130332,1.5657752,2.559344,K562,0.94121754,1.0,8
ENSG00000130382,1.0764769,1.409764,K562,0.9673602,1.0,8
ENSG00000130402,1.5034015,2.0997152,K562,0.96436876,1.0,8
ENSG00000130402,1.5774009,2.0997152,K562,0.9452465,1.0,8
ENSG00000130402,1.5568826,2.0997152,K562,0.9761598,1.0,8
ENSG00000130475,1.2020516,1.2857822,K562,0.9315946,1.0,8
ENSG00000130479,1.3551414,1.2143139,K562,0.94262284,1.0,8
ENSG00000130511,1.4335173,1.9767168,K562,0.93231,1.0,8
ENSG00000130511,1.4946375,1.9767168,K562,0.95834583,1.0,8
ENSG00000130511,1.2902611,1.9767168,K562,0.85818243,0.0,8
ENSG00000130511,1.3280711,1.9767168,K562,0.9584799,0.7520172,8
ENSG00000130517,1.3308227,1.1992065,K562,0.96791124,1.0,8
ENSG00000130517,1.1030511,1.1992065,K562,0.94070804,0.9546769,8
ENSG00000130517,1.1097019,1.1992065,K562,0.14199418,0.060721062,8
ENSG00000130520,1.6348928,2.5702043,K562,0.96064955,1.0,8
ENSG00000130520,1.6482368,2.5702043,K562,0.9670855,1.0,8
ENSG00000130520,1.5783384,2.5702043,K562,0.92361283,0.0033374033,8
ENSG00000130520,1.397736,2.5702043,K562,0.65327585,0.39241597,8
ENSG00000130544,1.4928157,0.5078559,K562,0.91960263,1.0,8
ENSG00000130544,1.493228,0.5078559,K562,0.9199895,1.0,8
ENSG00000130545,0.42412066,-0.04095861,K562,0.98457724,1.0,8
ENSG00000130559,1.2401001,0.9818186,K562,0.9465347,1.0,8
ENSG00000130560,1.3375833,1.6540803,K562,0.9793555,1.0,8
ENSG00000130560,1.3219645,1.6540803,K562,0.97367126,1.0,8
ENSG00000130560,1.3219645,1.6540803,K562,0.97367126,1.0,8
ENSG00000130560,1.3141694,1.6540803,K562,0.9816927,1.0,8
ENSG00000130560,1.3644187,1.6540803,K562,0.9824255,1.0,8
ENSG00000130560,1.2199628,1.6540803,K562,0.9826994,1.0,8
ENSG00000130560,1.1548147,1.6540803,K562,0.9573853,1.0,8
ENSG00000130560,1.2785001,1.6540803,K562,0.9863973,1.0,8
ENSG00000130560,1.3201902,1.6540803,K562,0.5809785,0.041919325,8
ENSG00000130653,0.040689185,-0.31875876,K562,0.98656917,1.0,8
ENSG00000130653,0.33405656,-0.31875876,K562,0.962846,1.0,8
ENSG00000130669,1.1931074,0.9479236,K562,0.9774089,1.0,8
ENSG00000130669,1.1931074,0.9479236,K562,0.9774089,1.0,8
ENSG00000130669,1.4074662,0.9479236,K562,0.96753377,1.0,8
ENSG00000130669,1.2958834,0.9479236,K562,0.9213091,1.0,8
ENSG00000130669,1.362267,0.9479236,K562,0.9763974,1.0,8
ENSG00000130669,1.1268651,0.9479236,K562,0.78200525,0.06934307,8
ENSG00000130669,1.1227057,0.9479236,K562,0.83177197,0.23766816,8
ENSG00000130669,1.2494453,0.9479236,K562,0.921419,0.0,8
ENSG00000130669,1.2744601,0.9479236,K562,0.96204597,0.7429907,8
ENSG00000130669,1.3147035,0.9479236,K562,0.92430705,0.899635,8
ENSG00000130707,-0.3312443,-0.63827217,K562,0.9969458,1.0,8
ENSG00000130713,1.6382916,1.5295587,K562,0.92110914,1.0,8
ENSG00000130714,1.3483639,1.1752218,K562,0.9597013,1.0,8
ENSG00000130714,1.3201683,1.1752218,K562,0.9585886,1.0,8
ENSG00000130714,1.2604682,1.1752218,K562,0.9293101,0.45307443,8
ENSG00000130714,1.1223073,1.1752218,K562,0.9485946,0.6512524,8
ENSG00000130717,1.2810326,1.4106085,K562,0.7820073,1.0,8
ENSG00000130717,1.3440411,1.4106085,K562,0.910243,0.014961101,8
ENSG00000130717,1.3283141,1.4106085,K562,0.9713911,1.0,8
ENSG00000130724,1.7318933,2.136879,K562,0.9629837,1.0,8
ENSG00000130725,1.8116604,1.8619524,K562,0.8840074,1.0,8
ENSG00000130726,1.6738012,2.5682838,K562,0.75671977,1.0,8
ENSG00000130726,1.7133849,2.5682838,K562,0.9492727,1.0,8
ENSG00000130733,1.5206101,1.45454,K562,0.9249001,1.0,8
ENSG00000130734,1.5806713,1.3500541,K562,0.864633,1.0,8
ENSG00000130734,1.5358148,1.3500541,K562,0.95009327,0.6403509,8
ENSG00000130734,1.5440372,1.3500541,K562,0.9384613,0.9074492,8
ENSG00000130748,0.9303546,1.8347385,K562,0.93982685,1.0,8
ENSG00000130749,1.9150074,1.2420442,K562,0.94177836,1.0,8
ENSG00000130749,1.8575231,1.2420442,K562,0.9586699,0.7448857,8
ENSG00000130755,1.4529045,2.102605,K562,0.8619679,1.0,8
ENSG00000130755,1.6393945,2.102605,K562,0.81673783,0.9454687,8
ENSG00000130758,1.0478977,1.0034605,K562,0.9671268,1.0,8
ENSG00000130758,1.082969,1.0034605,K562,0.9723804,1.0,8
ENSG00000130758,0.96482754,1.0034605,K562,0.8785167,1.0,8
ENSG00000130803,1.46247,1.2177471,K562,0.9565104,1.0,8
ENSG00000130803,1.4318706,1.2177471,K562,0.8353817,0.95,8
ENSG00000130803,1.5070636,1.2177471,K562,0.7874535,0.125,8
ENSG00000130803,1.5035745,1.2177471,K562,0.79277974,0.7994792,8
ENSG00000130810,1.869763,2.1421704,K562,0.9678354,1.0,8
ENSG00000130812,1.8102862,1.1772479,K562,0.9384023,1.0,8
ENSG00000130813,1.4694095,1.832445,K562,0.9113742,1.0,8
ENSG00000130813,1.5769886,1.832445,K562,0.45762306,0.028156996,8
ENSG00000130816,1.8407404,2.0024252,K562,0.9631892,1.0,8
ENSG00000130816,1.6408815,2.0024252,K562,0.9631884,1.0,8
ENSG00000130816,1.5787685,2.0024252,K562,0.14108159,0.0,8
ENSG00000130816,1.6194606,2.0024252,K562,0.6222279,0.27055702,8
ENSG00000130818,0.9981854,0.45178643,K562,0.604211,1.0,8
ENSG00000130818,1.0776498,0.45178643,K562,0.9141782,0.9698113,8
ENSG00000130818,1.1849277,0.45178643,K562,0.92561746,0.7245283,8
ENSG00000130956,0.72364116,1.0863599,K562,0.9697936,1.0,8
ENSG00000130957,-0.32133645,-0.82390875,K562,0.9967601,1.0,8
ENSG00000130957,-0.44694424,-0.82390875,K562,0.9950112,1.0,8
ENSG00000130958,0.4314533,0.5550944,K562,0.9651698,1.0,8
ENSG00000130958,0.5856546,0.5550944,K562,0.94798505,1.0,8
ENSG00000131037,0.3575523,0.13033377,K562,0.99617213,1.0,8
ENSG00000131115,1.3746319,0.9289077,K562,0.43931264,1.0,8
ENSG00000131115,1.0746498,0.9289077,K562,0.6048452,0.8127854,8
ENSG00000131115,1.2695229,0.9289077,K562,0.81650466,0.9535865,8
ENSG00000131116,1.4856062,1.6765107,K562,0.9617063,1.0,8
ENSG00000131351,1.6007417,1.5273721,K562,0.9174801,1.0,8
ENSG00000131398,0.2081438,0.28103337,K562,0.9805596,1.0,8
ENSG00000131398,0.36592412,0.28103337,K562,0.99476576,1.0,8
ENSG00000131398,0.35978946,0.28103337,K562,0.99479717,1.0,8
ENSG00000131398,0.50834095,0.28103337,K562,0.9969807,1.0,8
ENSG00000131398,0.39518481,0.28103337,K562,0.9938089,0.75409836,8
ENSG00000131400,1.3740108,1.2455127,K562,0.92115414,1.0,8
ENSG00000131408,1.7319874,1.6318494,K562,0.95088065,1.0,8
ENSG00000131408,1.816165,1.6318494,K562,0.95472056,0.3109756,8
ENSG00000131408,1.7884316,1.6318494,K562,0.96225655,0.9674633,8
ENSG00000131669,1.3091857,1.3201463,K562,0.9699117,1.0,8
ENSG00000131669,1.4063091,1.3201463,K562,0.96279603,1.0,8
ENSG00000131669,1.3320456,1.3201463,K562,0.79604495,0.012658228,8
ENSG00000131845,1.2277389,0.63748974,K562,0.8475329,1.0,8
ENSG00000131845,1.2278767,0.63748974,K562,0.8476415,1.0,8
ENSG00000131845,1.3542039,0.63748974,K562,0.90080774,0.15421687,8
ENSG00000131845,1.3584862,0.63748974,K562,0.7284928,0.026506023,8
ENSG00000131848,1.2198033,0.8299467,K562,0.97538936,1.0,8
ENSG00000131848,1.0610671,0.8299467,K562,0.9584357,1.0,8
ENSG00000131849,0.71214235,0.15228835,K562,0.85571516,1.0,8
ENSG00000131941,0.5021331,0.46982202,K562,0.9823225,1.0,8
ENSG00000131941,0.44615102,0.46982202,K562,0.969822,1.0,8
ENSG00000131943,1.5767794,1.237795,K562,0.96667385,1.0,8
ENSG00000131943,1.5303906,1.237795,K562,0.9671803,0.56749314,8
ENSG00000131944,1.1811786,0.8095597,K562,0.9301211,1.0,8
ENSG00000132003,1.1823153,0.65513843,K562,0.88074833,1.0,8
ENSG00000132004,1.1442714,1.0580462,K562,0.9443392,1.0,8
ENSG00000132004,1.1105905,1.0580462,K562,0.9744742,0.97528684,8
ENSG00000132004,1.2928953,1.0580462,K562,0.90692544,0.9749777,8
ENSG00000132005,1.258705,0.40823996,K562,0.9737922,1.0,8
ENSG00000132010,0.8932284,0.15533604,K562,0.8536349,1.0,8
ENSG00000132017,1.3419678,1.6300209,K562,0.8604327,1.0,8
ENSG00000132017,1.4294864,1.6300209,K562,0.9845114,1.0,8
ENSG00000132017,1.4420803,1.6300209,K562,0.97419125,1.0,8
ENSG00000132017,1.2897813,1.6300209,K562,0.97721875,1.0,8
ENSG00000132024,1.1544793,1.3390538,K562,0.9869752,1.0,8
ENSG00000132024,1.021221,1.3390538,K562,0.96968377,1.0,8
ENSG00000132024,1.0914912,1.3390538,K562,0.98574996,1.0,8
ENSG00000132024,1.20759,1.3390538,K562,0.9690711,1.0,8
ENSG00000132024,1.2221844,1.3390538,K562,0.98404217,1.0,8
ENSG00000132024,1.3038417,1.3390538,K562,0.9595106,1.0,8
ENSG00000132024,1.1762975,1.3390538,K562,0.9150133,0.7690763,8
ENSG00000133243,0.8076887,1.5870371,K562,0.96525705,1.0,8
ENSG00000133243,1.0866783,1.5870371,K562,0.9523259,1.0,8
ENSG00000133247,1.4552591,0.95999485,K562,0.96908575,1.0,8
ENSG00000133247,1.1005943,0.95999485,K562,0.9187367,1.0,8
ENSG00000133247,1.2252343,0.95999485,K562,0.97763216,1.0,8
ENSG00000133250,1.3648418,1.182985,K562,0.9286529,1.0,8
ENSG00000133250,1.451258,1.182985,K562,0.9479498,1.0,8
ENSG00000133265,1.0659695,1.4413809,K562,0.9606031,1.0,8
ENSG00000133275,1.5076249,1.9405663,K562,0.9605598,1.0,8
ENSG00000134996,1.3870413,1.4898179,K562,0.9385046,1.0,8
ENSG00000135002,1.1075358,0.76937735,K562,0.45740435,0.0,8
ENSG00000135002,1.0980186,0.76937735,K562,0.9360119,0.94384056,8
ENSG00000135018,1.6161726,1.750354,K562,0.38846874,1.0,8
ENSG00000135018,1.7934272,1.750354,K562,0.91047,0.72778183,8
ENSG00000135040,1.1106687,1.1430148,K562,0.9426314,1.0,8
ENSG00000135046,0.3418769,0.88479537,K562,0.9828196,1.0,8
ENSG00000135046,0.175934,0.88479537,K562,0.99332446,1.0,8
ENSG00000135048,0.30676392,-0.008773924,K562,0.9919825,1.0,8
ENSG00000135049,0.88665175,1.0989896,K562,0.8450307,1.0,8
ENSG00000135052,0.45794928,1.1818436,K562,0.9893332,1.0,8
ENSG00000135052,0.36015472,1.1818436,K562,0.9935376,1.0,8
ENSG00000135069,0.8811749,1.532627,K562,0.8628425,1.0,8
ENSG00000135069,1.0030658,1.532627,K562,0.9618521,0.97616947,8
ENSG00000135070,1.1332669,1.198107,K562,0.8736914,1.0,8
ENSG00000136783,1.338621,1.2395498,K562,0.9262018,1.0,8
ENSG00000136783,1.4243255,1.2395498,K562,0.967401,1.0,8
ENSG00000136783,1.304797,1.2395498,K562,0.8926852,1.0,8
ENSG00000136802,1.5680671,0.9745117,K562,0.9646235,1.0,8
ENSG00000136807,1.703978,1.6759615,K562,0.9149563,1.0,8
ENSG00000136807,1.7320695,1.6759615,K562,0.94659334,1.0,8
ENSG00000136807,1.743192,1.6759615,K562,0.9662588,1.0,8
ENSG00000136807,1.7385709,1.6759615,K562,0.97134495,1.0,8
ENSG00000136810,1.4505625,2.504267,K562,0.94563764,1.0,8
ENSG00000136810,1.5368078,2.504267,K562,0.8201309,0.9994976,8
ENSG00000136811,1.4946771,1.3550682,K562,0.22127154,1.0,8
ENSG00000136811,1.3420963,1.3550682,K562,0.8403508,0.020316027,8
ENSG00000136811,1.4654735,1.3550682,K562,0.9463226,0.98233485,8
ENSG00000136811,1.2766151,1.3550682,K562,0.94826776,0.22271715,8
ENSG00000136811,1.2766151,1.3550682,K562,0.94826776,1.0,8
ENSG00000136813,1.5858861,1.6251066,K562,0.90858567,1.0,8
ENSG00000136816,1.115176,0.9513375,K562,0.9515597,1.0,8
ENSG00000136819,1.307445,1.5011963,K562,0.95767385,1.0,8
ENSG00000136819,1.5143858,1.5011963,K562,0.8841637,0.99272007,8
ENSG00000136824,1.3114398,1.2367891,K562,0.93138474,1.0,8
ENSG00000136824,1.3709569,1.2367891,K562,0.8491017,0.024475524,8
ENSG00000136826,-0.5804576,-0.5850267,K562,0.9977283,1.0,8
ENSG00000136827,1.3500743,1.548635,K562,0.9687366,1.0,8
ENSG00000136828,0.58097184,0.5237465,K562,0.9771666,1.0,8
ENSG00000136830,0.41394526,-0.7695511,K562,0.9835814,1.0,8
ENSG00000136830,0.11314084,-0.7695511,K562,0.9930355,1.0,8
ENSG00000136840,1.518599,1.7222224,K562,0.88512504,1.0,8
ENSG00000136840,1.710691,1.7222224,K562,0.8177817,1.0,8
ENSG00000136840,1.6032294,1.7222224,K562,0.9344113,1.0,8
ENSG00000136842,1.1325052,1.0314084,K562,0.94209003,1.0,8
ENSG00000136856,1.1648257,1.0941216,K562,0.96855026,1.0,8
ENSG00000136856,1.1739311,1.0941216,K562,0.8799089,0.80246913,8
ENSG00000136856,1.2078867,1.0941216,K562,0.95437,0.71193415,8
ENSG00000136861,1.3019997,1.4976207,K562,0.96123254,1.0,8
ENSG00000136861,1.4077224,1.4976207,K562,0.9700431,1.0,8
ENSG00000136861,1.3880208,1.4976207,K562,0.7568907,1.0,8
ENSG00000136861,1.389737,1.4976207,K562,0.9709004,1.0,8
ENSG00000136861,1.5260516,1.4976207,K562,0.9638039,0.92988604,8
ENSG00000136861,1.2940851,1.4976207,K562,0.9380183,0.79749805,8
ENSG00000136861,1.1948133,1.4976207,K562,0.87016094,0.8644401,8
ENSG00000136861,1.0765872,1.4976207,K562,0.34314656,0.014285714,8
ENSG00000136861,1.2175301,1.4976207,K562,0.17795715,0.0,8
ENSG00000136866,0.6227361,-0.1426675,K562,0.9274548,1.0,8
ENSG00000136866,0.5462642,-0.1426675,K562,0.972282,1.0,8
ENSG00000136867,0.6124287,-0.22184876,K562,0.93196505,1.0,8
ENSG00000136867,0.8768873,-0.22184876,K562,0.9609709,1.0,8
ENSG00000136868,1.1428554,0.9253121,K562,0.8750978,1.0,8
ENSG00000136870,1.3222829,0.7126497,K562,0.81871355,1.0,8
ENSG00000136870,1.3178426,0.7126497,K562,0.8296161,1.0,8
ENSG00000136870,1.4656403,0.7126497,K562,0.34468278,0.13317756,8
ENSG00000136874,1.1035992,1.0884905,K562,0.9791622,1.0,8
ENSG00000136874,1.2422736,1.0884905,K562,0.96726996,1.0,8
ENSG00000136874,1.0277059,1.0884905,K562,0.97787136,1.0,8
ENSG00000136874,1.2138278,1.0884905,K562,0.96823925,0.00882353,8
ENSG00000136874,1.0606272,1.0884905,K562,0.9069818,0.9911765,8
ENSG00000136875,1.565398,1.3798492,K562,0.9206828,1.0,8
ENSG00000136877,1.5821291,1.8716313,K562,0.94551754,1.0,8
ENSG00000136877,1.7107759,1.8716313,K562,0.84143764,0.9864627,8
ENSG00000136878,1.330372,1.1855421,K562,0.9491014,1.0,8
ENSG00000136881,0.4811147,-0.7695511,K562,0.30689666,1.0,8
ENSG00000136881,0.074144214,-0.7695511,K562,0.99574983,1.0,8
ENSG00000136888,1.5208685,1.6310377,K562,0.89815176,1.0,8
ENSG00000136891,1.3366535,1.3163898,K562,0.61757696,1.0,8
ENSG00000136891,1.3461357,1.3163898,K562,0.90039736,1.0,8
ENSG00000136891,1.4155388,1.3163898,K562,0.8662539,1.0,8
ENSG00000136895,0.83424103,1.0191163,K562,0.95389265,1.0,8
ENSG00000136908,1.5031309,1.6378899,K562,0.87957454,1.0,8
ENSG00000136908,1.4327796,1.6378899,K562,0.8389592,1.0,8
ENSG00000136925,1.5090635,1.243038,K562,0.672927,1.0,8
ENSG00000136928,-0.35548753,-0.7447275,K562,0.99656004,1.0,8
ENSG00000136928,-0.35548753,-0.7447275,K562,0.99656004,1.0,8
ENSG00000136929,0.048015088,-0.88605666,K562,0.9865832,1.0,8
ENSG00000136929,0.56355363,-0.88605666,K562,0.97407454,1.0,8
ENSG00000136930,1.4869282,2.2653604,K562,0.9740167,1.0,8
ENSG00000136930,1.5199022,2.2653604,K562,0.7974725,1.0,8
ENSG00000136930,1.3042877,2.2653604,K562,0.9683266,1.0,8
ENSG00000136932,1.4286149,1.0863599,K562,0.95608234,1.0,8
ENSG00000136932,1.3811634,1.0863599,K562,0.9590081,0.7446808,8
ENSG00000136933,1.2823908,1.4286207,K562,0.9220435,1.0,8
ENSG00000136933,1.2748336,1.4286207,K562,0.949786,1.0,8
ENSG00000136933,1.3502651,1.4286207,K562,0.77899104,0.8301127,8
ENSG00000136933,1.2578689,1.4286207,K562,0.23180978,0.06612319,8
ENSG00000136935,1.3283515,0.91698,K562,0.70162874,1.0,8
ENSG00000136936,1.4435024,1.0923697,K562,0.95989126,1.0,8
ENSG00000136937,1.3351806,1.3138672,K562,0.9226477,1.0,8
ENSG00000136937,1.5759625,1.3138672,K562,0.9712839,1.0,8
ENSG00000136938,1.8005215,2.0541916,K562,0.9668465,1.0,8
ENSG00000136940,1.5255023,0.96988165,K562,0.87797725,1.0,8
ENSG00000136943,-0.39921832,-0.61978877,K562,0.9978543,1.0,8
ENSG00000136950,1.3181238,2.080915,K562,0.89244944,1.0,8
ENSG00000137054,1.4579697,1.6580114,K562,0.9431505,1.0,8
ENSG00000137054,1.3672454,1.6580114,K562,0.7698404,0.004185022,8
ENSG00000137055,1.3755951,1.3686587,K562,0.9470835,1.0,8
ENSG00000137055,1.4317594,1.3686587,K562,0.9169329,1.0,8
ENSG00000137055,1.6078769,1.3686587,K562,0.9724601,1.0,8
ENSG00000137055,1.5229487,1.3686587,K562,0.9632492,1.0,8
ENSG00000137055,1.6380541,1.3686587,K562,0.8466351,0.9955713,8
ENSG00000137070,0.5146223,0.64933485,K562,0.9718569,1.0,8
ENSG00000137073,1.6327214,1.4583356,K562,0.9459082,1.0,8
ENSG00000137073,1.3054538,1.4583356,K562,0.96325254,0.13907285,8
ENSG00000137074,1.6457864,1.6037937,K562,0.94482934,1.0,8
ENSG00000137074,1.5971184,1.6037937,K562,0.9783638,1.0,8
ENSG00000137074,1.6857882,1.6037937,K562,0.9535717,0.9515924,8
ENSG00000137074,1.6856897,1.6037937,K562,0.7639457,0.2240289,8
ENSG00000137074,1.6775577,1.6037937,K562,0.830637,0.1603128,8
ENSG00000137075,1.1343381,1.0989896,K562,0.78931916,1.0,8
ENSG00000137075,1.2710145,1.0989896,K562,0.91706145,0.0,8
ENSG00000137075,1.3600242,1.0989896,K562,0.51819694,0.047945205,8
ENSG00000137076,1.6277525,1.8517474,K562,0.8396077,1.0,8
ENSG00000137078,1.7491429,2.05534,K562,0.9369416,1.0,8
ENSG00000137090,-0.23006234,-0.48148605,K562,0.9922376,1.0,8
ENSG00000137090,-0.56196845,-0.48148605,K562,0.99738425,1.0,8
ENSG00000137094,1.1365707,0.87273884,K562,0.9559555,1.0,8
ENSG00000137094,1.225466,0.87273884,K562,0.6396338,0.0,8
ENSG00000137098,1.2383581,-0.09151498,K562,0.9730353,1.0,8
ENSG00000137100,1.2549632,1.7379079,K562,0.87878764,1.0,8
ENSG00000137100,1.25825,1.7379079,K562,0.87913483,1.0,8
ENSG00000137100,1.0380912,1.7379079,K562,0.7777755,0.8671731,8
ENSG00000137101,0.04075124,0.93094903,K562,0.9347899,1.0,8
ENSG00000137103,1.1635311,0.6454223,K562,0.15112722,1.0,8
ENSG00000137103,1.4637777,0.6454223,K562,0.48782685,1.0,8
ENSG00000137103,1.2600744,0.6454223,K562,0.96419984,1.0,8
ENSG00000137103,1.3096812,0.6454223,K562,0.90284526,1.0,8
ENSG00000137103,1.0985996,0.6454223,K562,0.44537812,1.0,8
ENSG00000137106,1.5650837,2.2376442,K562,0.9714893,1.0,8
ENSG00000137106,1.5179162,2.2376442,K562,0.96492827,1.0,8
ENSG00000137133,1.5087165,1.7419391,K562,0.93057656,1.0,8
ENSG00000137135,1.5655155,1.0806265,K562,0.90099514,1.0,8
ENSG00000137145,1.2225051,1.2105861,K562,0.9261961,1.0,8
ENSG00000137145,1.5765815,1.2105861,K562,0.76188815,1.0,8
ENSG00000137145,1.4878695,1.2105861,K562,0.8974963,1.0,8
ENSG00000137145,1.285275,1.2105861,K562,0.9294119,1.0,8
ENSG00000137145,1.1943231,1.2105861,K562,0.9333339,1.0,8
ENSG00000137145,1.1781678,1.2105861,K562,0.6485774,0.91004676,8
ENSG00000138835,1.1372004,1.4348881,K562,0.8231348,1.0,8
ENSG00000141858,1.2745228,1.5583485,K562,0.9789959,1.0,8
ENSG00000141867,1.8088906,1.2643455,K562,0.97485673,1.0,8
ENSG00000141873,1.1939844,1.640382,K562,0.9796489,1.0,8
ENSG00000141873,1.3286157,1.640382,K562,0.7713616,1.0,8
ENSG00000141873,1.3286157,1.640382,K562,0.7713616,1.0,8
ENSG00000141905,1.6784103,1.0972573,K562,0.97310466,1.0,8
ENSG00000141905,1.6784103,1.0972573,K562,0.97310466,1.0,8
ENSG00000141905,1.6649337,1.0972573,K562,0.92857397,1.0,8
ENSG00000141905,1.6364708,1.0972573,K562,0.9689738,1.0,8
ENSG00000141905,1.5718155,1.0972573,K562,0.9616194,1.0,8
ENSG00000141905,1.6694168,1.0972573,K562,0.9328239,0.5087282,8
ENSG00000141905,1.4393001,1.0972573,K562,0.8201798,0.57101446,8
ENSG00000141934,0.00027160347,-0.92081875,K562,0.99621,1.0,8
ENSG00000141968,1.6787953,1.6133132,K562,0.97442144,1.0,8
ENSG00000141968,1.6754687,1.6133132,K562,0.9694084,0.5658947,8
ENSG00000141968,1.6177793,1.6133132,K562,0.8820497,0.6972632,8
ENSG00000141971,1.4506047,1.5878232,K562,0.94058055,1.0,8
ENSG00000141977,-0.010108504,-0.92081875,K562,0.9785752,1.0,8
ENSG00000141985,1.6856351,1.5094713,K562,0.9699116,1.0,8
ENSG00000141985,1.6194804,1.5094713,K562,0.9635846,0.9937664,8
ENSG00000141994,1.7919699,1.5930644,K562,0.96199137,1.0,8
ENSG00000142002,1.5714636,1.4668676,K562,0.90179664,1.0,8
ENSG00000142002,1.4603289,1.4668676,K562,0.96877563,0.16791259,8
ENSG00000142039,1.8328162,1.3263359,K562,0.9624671,1.0,8
ENSG00000142039,1.7391884,1.3263359,K562,0.88320565,1.0,8
ENSG00000142039,1.8425096,1.3263359,K562,0.96287805,1.0,8
ENSG00000142046,1.5489602,0.61384183,K562,0.9189863,1.0,8
ENSG00000142065,0.7156254,-0.29242983,K562,0.9507485,1.0,8
ENSG00000142227,1.4632316,2.2926104,K562,0.92716765,1.0,8
ENSG00000142227,1.3259728,2.2926104,K562,0.8251356,1.0,8
ENSG00000142227,1.4632316,2.2926104,K562,0.92716765,1.0,8
ENSG00000142227,1.5300338,2.2926104,K562,0.4034715,0.9053823,8
ENSG00000142227,1.3283173,2.2926104,K562,0.82692695,0.8175842,8
ENSG00000142230,1.4645386,2.1525023,K562,0.9552613,1.0,8
ENSG00000142230,1.5096228,2.1525023,K562,0.95611,1.0,8
ENSG00000142230,1.5191578,2.1525023,K562,0.9502871,1.0,8
ENSG00000142230,1.4233763,2.1525023,K562,0.9530617,0.0052687037,8
ENSG00000142233,0.46552664,-0.55284196,K562,0.9747049,1.0,8
ENSG00000142233,0.06981596,-0.55284196,K562,0.9941803,1.0,8
ENSG00000142252,1.7923026,1.5713594,K562,0.6239233,0.44787323,8
ENSG00000142279,0.21108222,-0.34678748,K562,0.99503917,1.0,8
ENSG00000142279,0.5874978,-0.34678748,K562,0.99478394,1.0,8
ENSG00000142279,0.4734912,-0.34678748,K562,0.96591914,1.0,8
ENSG00000142303,0.0129163265,-0.55284196,K562,0.99715686,1.0,8
ENSG00000142347,1.0524145,1.5640739,K562,0.9849739,1.0,8
ENSG00000142347,1.0020363,1.5640739,K562,0.98519254,1.0,8
ENSG00000142347,0.724401,1.5640739,K562,0.9850981,1.0,8
ENSG00000142347,0.7057699,1.5640739,K562,0.98313934,1.0,8
ENSG00000142347,0.65112925,1.5640739,K562,0.979844,1.0,8
ENSG00000142409,1.5403409,1.411788,K562,0.92882264,1.0,8
ENSG00000142453,1.4304507,1.9207493,K562,0.9698977,1.0,8
ENSG00000142459,0.70664203,0.93550724,K562,0.9545491,1.0,8
ENSG00000142459,0.7431785,0.93550724,K562,0.9740509,1.0,8
ENSG00000142459,0.86910653,0.93550724,K562,0.94837517,1.0,8
ENSG00000142459,0.6740624,0.93550724,K562,0.9628994,1.0,8
ENSG00000142512,1.0803931,1.0366288,K562,0.31415206,1.0,8
ENSG00000142528,1.4650388,0.61384183,K562,0.97735137,1.0,8
ENSG00000142528,1.4727061,0.61384183,K562,0.96225333,1.0,8
ENSG00000142528,1.3358626,0.61384183,K562,0.93753755,0.46014494,8
ENSG00000142528,1.3476685,0.61384183,K562,0.91237146,0.36324787,8
ENSG00000142530,0.90150917,-0.5086383,K562,0.9867971,1.0,8
ENSG00000142544,1.0205669,0.7558749,K562,0.9611814,1.0,8
ENSG00000142546,1.3286123,1.7449967,K562,0.9742812,1.0,8
ENSG00000142552,0.17399397,0.08635983,K562,0.9945121,1.0,8
ENSG00000142556,1.3021677,0.64836,K562,0.93820447,1.0,8
ENSG00000142556,1.3951595,0.64836,K562,0.2108421,0.11034483,8
ENSG00000147852,0.2727899,-0.1611509,K562,0.98917866,1.0,8
ENSG00000147853,1.3305268,1.5854608,K562,0.9388272,1.0,8
ENSG00000147853,1.3305268,1.5854608,K562,0.9388272,0.720401,8
ENSG00000147854,1.4101236,1.5379449,K562,0.96513546,1.0,8
ENSG00000147854,1.560678,1.5379449,K562,0.8455721,0.542205,8
ENSG00000147854,1.4560394,1.5379449,K562,0.40225005,0.21486643,8
ENSG00000147872,1.5935881,1.426023,K562,0.86418283,1.0,8
ENSG00000147872,1.6478158,1.426023,K562,0.9552882,1.0,8
ENSG00000147874,1.281678,0.9513375,K562,0.93538153,1.0,8
ENSG00000147874,1.3840411,0.9513375,K562,0.7889228,1.0,8
ENSG00000147894,1.017772,0.50920254,K562,0.93296343,1.0,8
ENSG00000147905,1.4768866,1.4992746,K562,0.90270954,1.0,8
ENSG00000147905,1.5397751,1.4992746,K562,0.8715989,1.0,8
ENSG00000147905,1.5397751,1.4992746,K562,0.8715989,1.0,8
ENSG00000147912,1.3290522,1.2054751,K562,0.9777489,1.0,8
ENSG00000147912,1.4842396,1.2054751,K562,0.5691191,0.41458333,8
ENSG00000147955,1.383513,1.8207268,K562,0.907776,1.0,8
ENSG00000147955,1.3936199,1.8207268,K562,0.9549968,1.0,8
ENSG00000147955,1.2804008,1.8207268,K562,0.93457,0.88970214,8
ENSG00000147996,0.51295435,1.7859701,K562,0.9497274,1.0,8
ENSG00000147996,0.4992056,1.7859701,K562,0.60104525,0.07202282,8
ENSG00000147996,0.53239626,1.7859701,K562,0.7811187,0.9143396,8
ENSG00000147996,0.4634189,1.7859701,K562,0.97908014,0.9743396,8
ENSG00000147996,0.46493506,1.7859701,K562,0.74361867,0.014879817,8
ENSG00000147996,0.51206756,1.7859701,K562,0.9695702,0.91483825,8
ENSG00000147996,0.39703017,1.7859701,K562,0.97148156,0.015853658,8
ENSG00000147996,0.441122,1.7859701,K562,0.29453498,0.07418738,8
ENSG00000147996,0.58624387,1.7859701,K562,0.8080082,0.9857492,8
ENSG00000148019,1.1642941,1.2203696,K562,0.92316943,1.0,8
ENSG00000148019,1.2167852,1.2203696,K562,0.719209,1.0,8
ENSG00000148019,1.1603402,1.2203696,K562,0.7630355,0.0,8
ENSG00000148057,1.6890285,0.95182306,K562,0.28912634,1.0,8
ENSG00000148057,1.6856022,0.95182306,K562,0.96581995,1.0,8
ENSG00000148090,0.5660572,0.75050837,K562,0.89887565,1.0,8
ENSG00000148090,0.7896442,0.75050837,K562,0.50845087,1.0,8
ENSG00000148090,0.69389844,0.75050837,K562,0.8928128,1.0,8
ENSG00000148090,0.86109376,0.75050837,K562,0.9474161,0.97819316,8
ENSG00000148110,1.0351456,1.5705429,K562,0.89458036,1.0,8
ENSG00000148120,1.0817161,0.9420081,K562,0.9154393,1.0,8
ENSG00000148120,1.2361737,0.9420081,K562,0.96643764,0.68367344,8
ENSG00000148153,1.0029631,1.1501422,K562,0.79931134,1.0,8
ENSG00000148153,1.1140151,1.1501422,K562,0.9158078,1.0,8
ENSG00000148153,0.98842263,1.1501422,K562,0.23290312,0.016769638,8
ENSG00000148153,1.1591829,1.1501422,K562,0.87815213,0.90056586,8
ENSG00000148154,1.4128034,1.4981726,K562,0.8306268,1.0,8
ENSG00000148158,0.73044765,0.29885307,K562,0.97546923,1.0,8
ENSG00000148158,0.7142048,0.29885307,K562,0.2132863,1.0,8
ENSG00000148175,1.1153718,1.4649364,K562,0.84917206,1.0,8
ENSG00000148180,0.8077182,0.8733206,K562,0.9820884,1.0,8
ENSG00000148187,1.3887112,1.8165727,K562,0.90950435,1.0,8
ENSG00000148187,1.6441033,1.8165727,K562,0.92452204,1.0,8
ENSG00000148187,1.6441033,1.8165727,K562,0.92452204,1.0,8
ENSG00000148187,1.7660984,1.8165727,K562,0.6704331,0.29440716,8
ENSG00000148187,1.5321878,1.8165727,K562,0.92075515,0.68821794,8
ENSG00000148187,1.6344192,1.8165727,K562,0.96023566,1.0,8
ENSG00000148200,1.263561,0.49968708,K562,0.72365856,1.0,8
ENSG00000148200,1.2766464,0.49968708,K562,0.9635788,1.0,8
ENSG00000148204,0.0032616556,-0.33724216,K562,0.99585426,1.0,8
ENSG00000148218,1.1794527,1.1392492,K562,0.95644367,1.0,8
ENSG00000148218,0.88550967,1.1392492,K562,0.95214707,1.0,8
ENSG00000148225,0.7509562,-0.1426675,K562,0.9260152,1.0,8
ENSG00000148229,1.8481848,1.6954817,K562,0.9398429,1.0,8
ENSG00000148229,1.8351959,1.6954817,K562,0.95298386,1.0,8
ENSG00000148229,1.8651865,1.6954817,K562,0.90665776,1.0,8
ENSG00000148229,1.8472387,1.6954817,K562,0.8229729,1.0,8
ENSG00000148248,1.6989744,1.823735,K562,0.86753094,0.92230237,8
ENSG00000148248,1.7081313,1.823735,K562,0.7381272,0.0003151095,8
ENSG00000148288,0.5632786,0.15228835,K562,0.86818516,1.0,8
ENSG00000148290,1.3615979,1.4036351,K562,0.8898503,1.0,8
ENSG00000148290,1.3648187,1.4036351,K562,0.904656,1.0,8
ENSG00000148290,1.3964919,1.4036351,K562,0.86017364,0.9759405,8
ENSG00000148291,1.4252245,1.5173279,K562,0.94103605,1.0,8
ENSG00000148291,1.4982965,1.5173279,K562,0.96566164,1.0,8
ENSG00000148296,1.5710073,1.2685779,K562,0.96489465,1.0,8
ENSG00000148297,1.7800196,1.541704,K562,0.9639255,1.0,8
ENSG00000148297,1.7997849,1.541704,K562,0.92704123,1.0,8
ENSG00000148300,1.5825255,1.4949889,K562,0.8653927,1.0,8
ENSG00000148300,1.7007601,1.4949889,K562,0.9786644,1.0,8
ENSG00000148308,1.5736995,1.7459332,K562,0.77461416,1.0,8
ENSG00000148308,1.5461276,1.7459332,K562,0.95331407,0.9936215,8
ENSG00000148308,1.6311835,1.7459332,K562,0.8995241,0.3597242,8
ENSG00000148331,1.4220922,1.11294,K562,0.97193253,0.78159124,8
ENSG00000148331,1.4751192,1.11294,K562,0.9726898,0.99602383,8
ENSG00000148334,1.639993,1.9928627,K562,0.90814686,1.0,8
ENSG00000148334,1.6339114,1.9928627,K562,0.9091385,1.0,8
ENSG00000148334,1.7194012,1.9928627,K562,0.8907674,0.032725766,8
ENSG00000148335,1.5370281,1.6236627,K562,0.9487786,1.0,8
ENSG00000148335,1.5352097,1.6236627,K562,0.9692215,0.46954316,8
ENSG00000148335,1.5381346,1.6236627,K562,0.9633721,0.9340486,8
ENSG00000148337,1.4410293,1.5548525,K562,0.94582915,1.0,8
ENSG00000148337,1.4598105,1.5548525,K562,0.72503006,0.0062917816,8
ENSG00000148337,1.1916885,1.5548525,K562,0.929239,0.75856507,8
ENSG00000148337,1.4400026,1.5548525,K562,0.80766606,0.9746246,8
ENSG00000148339,1.5300559,1.0178677,K562,0.9791662,1.0,8
ENSG00000148339,1.5762057,1.0178677,K562,0.9703204,1.0,8
ENSG00000148339,1.6501467,1.0178677,K562,0.9731612,1.0,8
ENSG00000148339,1.6315312,1.0178677,K562,0.7738561,0.0,8
ENSG00000148341,1.3544331,1.6927588,K562,0.93400383,1.0,8
ENSG00000148341,1.1789634,1.6927588,K562,0.95288426,1.0,8
ENSG00000148341,1.3109964,1.6927588,K562,0.96339345,1.0,8
ENSG00000148341,1.2805219,1.6927588,K562,0.33831754,0.24362774,8
ENSG00000148341,1.3248482,1.6927588,K562,0.2078903,0.0017291066,8
ENSG00000148341,1.248508,1.6927588,K562,0.1513554,0.027213648,8
ENSG00000148343,1.4706709,1.3488888,K562,0.9641452,1.0,8
ENSG00000148343,1.2134342,1.3488888,K562,0.13178527,0.44953272,8
ENSG00000148356,1.4662501,1.0700378,K562,0.851176,1.0,8
ENSG00000148356,1.474479,1.0700378,K562,0.9589395,1.0,8
ENSG00000148356,1.414031,1.0700378,K562,0.8684517,1.0,8
ENSG00000148358,1.6862555,0.9334873,K562,0.76433444,1.0,8
ENSG00000148358,1.8616297,0.9334873,K562,0.9687865,1.0,8
ENSG00000148362,1.248328,1.6951313,K562,0.97649115,1.0,8
ENSG00000148384,1.252116,1.1139433,K562,0.9790901,1.0,8
ENSG00000148396,1.4561832,1.3328422,K562,0.96096504,1.0,8
ENSG00000148396,1.5042553,1.3328422,K562,0.9618954,1.0,8
ENSG00000148396,1.4419127,1.3328422,K562,0.66474205,0.6531303,8
ENSG00000148396,1.4311798,1.3328422,K562,0.68563783,0.89663184,8
ENSG00000148399,1.1109694,1.5013332,K562,0.944503,1.0,8
ENSG00000148399,1.2840128,1.5013332,K562,0.804295,0.8580247,8
ENSG00000148400,1.6723123,1.0293838,K562,0.96898437,1.0,8
ENSG00000148400,1.6815784,1.0293838,K562,0.9786814,1.0,8
ENSG00000148411,1.0039525,0.8394781,K562,0.9789012,1.0,8
ENSG00000148411,1.0229528,0.8394781,K562,0.9203125,1.0,8
ENSG00000148411,1.1260948,0.8394781,K562,0.97756255,1.0,8
ENSG00000148411,1.0179812,0.8394781,K562,0.9795405,1.0,8
ENSG00000152433,0.9864094,0.31597033,K562,0.6832924,1.0,8
ENSG00000152433,1.0040034,0.31597033,K562,0.8459235,1.0,8
ENSG00000152439,0.619591,0.80482066,K562,0.9787794,1.0,8
ENSG00000152439,0.6936751,0.80482066,K562,0.9850691,1.0,8
ENSG00000152439,0.96955276,0.80482066,K562,0.66146874,1.0,8
ENSG00000152439,0.79182637,0.80482066,K562,0.724992,1.0,8
ENSG00000152443,1.4014609,1.0081742,K562,0.9318554,1.0,8
ENSG00000152475,1.1554562,0.3138672,K562,0.80175203,1.0,8
ENSG00000153896,0.6629852,0.46834734,K562,0.7222942,1.0,8
ENSG00000153896,0.3062388,0.46834734,K562,0.9513988,1.0,8
ENSG00000153902,-0.18865517,-0.9586073,K562,0.99287593,1.0,8
ENSG00000154330,-0.048912622,-0.88605666,K562,0.9952224,1.0,8
ENSG00000154330,0.14335653,-0.88605666,K562,0.9927176,1.0,8
ENSG00000155621,1.1152275,1.095518,K562,0.9611257,1.0,8
ENSG00000155621,1.1152275,1.095518,K562,0.9611257,1.0,8
ENSG00000155621,1.1499743,1.095518,K562,0.9404364,0.7991021,8
ENSG00000155827,1.4097493,1.0762763,K562,0.95617986,1.0,8
ENSG00000155827,1.3546064,1.0762763,K562,0.976152,1.0,8
ENSG00000155827,1.3132308,1.0762763,K562,0.9694242,1.0,8
ENSG00000155827,1.3796715,1.0762763,K562,0.96595454,1.0,8
ENSG00000155875,1.089659,-0.9586073,K562,0.8182654,1.0,8
ENSG00000156017,1.2280576,0.91592723,K562,0.95558125,1.0,8
ENSG00000156017,1.1079564,0.91592723,K562,0.886865,1.0,8
ENSG00000156052,-0.13176867,-0.17392519,K562,0.99706846,1.0,8
ENSG00000156052,-0.47261715,-0.17392519,K562,0.9958621,1.0,8
ENSG00000156052,-0.27116576,-0.17392519,K562,0.9972427,1.0,8
ENSG00000156345,-0.6445539,-0.7212464,K562,0.9964941,1.0,8
ENSG00000156345,-0.6974547,-0.7212464,K562,0.99781466,1.0,8
ENSG00000157303,1.0647999,1.7829024,K562,0.951378,1.0,8
ENSG00000157303,1.0141523,1.7829024,K562,0.9604075,1.0,8
ENSG00000157303,1.2335787,1.7829024,K562,0.9823161,1.0,8
ENSG00000157653,1.2613358,-0.14874165,K562,0.773949,1.0,8
ENSG00000157653,1.263818,-0.14874165,K562,0.8900121,1.0,8
ENSG00000157653,1.3300633,-0.14874165,K562,0.6716305,1.0,8
ENSG00000157653,1.2560601,-0.14874165,K562,0.9430253,1.0,8
ENSG00000157653,1.2063432,-0.14874165,K562,0.94539267,1.0,8
ENSG00000157653,1.2098126,-0.14874165,K562,0.876439,1.0,8
ENSG00000157653,1.2461956,-0.14874165,K562,0.9084198,1.0,8
ENSG00000157657,0.110856205,-0.85387194,K562,0.9920352,1.0,8
ENSG00000157657,0.15173241,-0.85387194,K562,0.96011484,1.0,8
ENSG00000157657,-0.24422508,-0.85387194,K562,0.99211043,1.0,8
ENSG00000157693,1.6691109,1.2835274,K562,0.9103927,1.0,8
ENSG00000158079,0.7657224,0.36921585,K562,0.9302126,1.0,8
ENSG00000158079,0.8451376,0.36921585,K562,0.83376473,1.0,8
ENSG00000158079,0.8708865,0.36921585,K562,0.914784,1.0,8
ENSG00000158079,0.9071608,0.36921585,K562,0.94938725,1.0,8
ENSG00000158079,0.7423651,0.36921585,K562,0.94736093,1.0,8
ENSG00000158079,0.9254506,0.36921585,K562,0.87497634,1.0,8
ENSG00000158079,0.74660194,0.36921585,K562,0.9608012,1.0,8
ENSG00000158079,0.8117339,0.36921585,K562,0.9630179,1.0,8
ENSG00000158122,0.29514718,0.8014037,K562,0.965679,1.0,8
ENSG00000158122,0.3943935,0.8014037,K562,0.98051375,1.0,8
ENSG00000158122,0.4951663,0.8014037,K562,0.97469735,1.0,8
ENSG00000158122,0.3847323,0.8014037,K562,0.96728635,1.0,8
ENSG00000158169,1.1977229,0.89376175,K562,0.9589442,1.0,8
ENSG00000158169,1.099398,0.89376175,K562,0.896553,1.0,8
ENSG00000159069,1.6364107,1.7777892,K562,0.94681096,1.0,8
ENSG00000159882,1.4519417,0.4329693,K562,0.9273347,1.0,8
ENSG00000159884,1.6915798,1.1652443,K562,0.8305758,1.0,8
ENSG00000159884,1.7093776,1.1652443,K562,0.96570045,1.0,8
ENSG00000159885,0.79713464,0.4913617,K562,0.9265233,1.0,8
ENSG00000159885,1.1309967,0.4913617,K562,0.72639525,0.10989011,8
ENSG00000159885,1.1098492,0.4913617,K562,0.8994333,0.8901099,8
ENSG00000159899,0.78695726,0.80002934,K562,0.9637025,1.0,8
ENSG00000159917,0.7687112,0.4409091,K562,0.95511913,1.0,8
ENSG00000159917,0.9518063,0.4409091,K562,0.91163903,1.0,8
ENSG00000159921,1.3218876,0.8773714,K562,0.9514194,1.0,8
ENSG00000160007,0.40577817,1.0034605,K562,0.9961345,1.0,8
ENSG00000160014,1.9207138,2.5640502,K562,0.94318414,1.0,8
ENSG00000160111,0.68786454,-0.06550155,K562,0.9581099,1.0,8
ENSG00000160113,1.2518531,1.0216027,K562,0.9674682,1.0,8
ENSG00000160117,1.4543532,1.1953461,K562,0.901868,1.0,8
ENSG00000160117,1.3874388,1.1953461,K562,0.965125,0.9518287,8
ENSG00000160161,0.31239843,-0.88605666,K562,0.98379785,1.0,8
ENSG00000160161,-0.11295134,-0.88605666,K562,0.99583733,1.0,8
ENSG00000160271,1.3555906,1.5769169,K562,0.9638256,1.0,8
ENSG00000160271,1.359628,1.5769169,K562,0.97284126,1.0,8
ENSG00000160271,1.3694806,1.5769169,K562,0.96500355,1.0,8
ENSG00000160323,0.37916207,0.17897695,K562,0.9765762,1.0,8
ENSG00000160326,1.4310515,1.5410798,K562,0.9401832,1.0,8
ENSG00000160345,0.41315845,-0.14874165,K562,0.9753592,1.0,8
ENSG00000160345,0.41315845,-0.14874165,K562,0.9753592,1.0,8
ENSG00000160352,0.977852,0.6928469,K562,0.9722963,1.0,8
ENSG00000160352,1.0700283,0.6928469,K562,0.3828103,0.14552239,8
ENSG00000160352,1.0649712,0.6928469,K562,0.97602946,0.17475729,8
ENSG00000160392,1.4886103,1.3692158,K562,0.9737794,1.0,8
ENSG00000160392,1.1219409,1.3692158,K562,0.9619889,1.0,8
ENSG00000160404,1.0680404,1.1112626,K562,0.9437716,1.0,8
ENSG00000160404,1.0880609,1.1112626,K562,0.9703664,0.63465345,8
ENSG00000160404,1.0020453,1.1112626,K562,0.9517016,0.6212871,8
ENSG00000160408,1.262156,1.3044906,K562,0.95089465,1.0,8
ENSG00000160408,1.2610931,1.3044906,K562,0.95084214,1.0,8
ENSG00000160408,1.2855484,1.3044906,K562,0.9282187,1.0,8
ENSG00000160408,1.2597197,1.3044906,K562,0.93975466,1.0,8
ENSG00000160408,1.3091898,1.3044906,K562,0.95445037,0.9954751,8
ENSG00000160408,1.4095306,1.3044906,K562,0.64019984,0.62689656,8
ENSG00000160410,1.6676445,1.906712,K562,0.7442011,1.0,8
ENSG00000160410,1.4890411,1.906712,K562,0.5112534,1.0,8
ENSG00000160410,1.4106258,1.906712,K562,0.89571935,1.0,8
ENSG00000160410,1.1438046,1.906712,K562,0.9041092,1.0,8
ENSG00000160439,1.1962948,0.8293038,K562,0.973666,0.033333335,8
ENSG00000160445,1.1755016,1.0993353,K562,0.8654492,1.0,8
ENSG00000160445,0.9808433,1.0993353,K562,0.79294187,0.9640479,8
ENSG00000160446,1.607688,1.9974301,K562,0.9780106,1.0,8
ENSG00000160446,1.549531,1.9974301,K562,0.82935905,1.0,8
ENSG00000160446,1.4823005,1.9974301,K562,0.7070365,1.0,8
ENSG00000160447,1.1282719,0.9726656,K562,0.9838193,1.0,8
ENSG00000160447,1.039398,0.9726656,K562,0.96789,1.0,8
ENSG00000160447,1.0078838,0.9726656,K562,0.50501764,1.0,8
ENSG00000160505,0.669219,-0.537602,K562,0.9883151,1.0,8
ENSG00000160563,0.95675683,1.3402457,K562,0.6302768,1.0,8
ENSG00000160563,0.95675683,1.3402457,K562,0.6302768,1.0,8
ENSG00000160563,1.0066442,1.3402457,K562,0.9737005,1.0,8
ENSG00000160563,0.80754805,1.3402457,K562,0.9532416,1.0,8
ENSG00000160563,0.9869422,1.3402457,K562,0.97519207,0.9813129,8
ENSG00000160570,1.5301728,1.3414345,K562,0.9738616,1.0,8
ENSG00000160570,1.5736086,1.3414345,K562,0.81416184,0.034070533,8
ENSG00000160570,1.5142945,1.3414345,K562,0.8526741,0.0012360939,8
ENSG00000160570,1.47242,1.3414345,K562,0.9277979,0.33001757,8
ENSG00000160633,1.7742746,1.965954,K562,0.9297778,1.0,8
ENSG00000160633,1.8822364,1.965954,K562,0.70685613,1.0,8
ENSG00000160633,1.8553813,1.965954,K562,0.9503125,1.0,8
ENSG00000160633,1.8303131,1.965954,K562,0.9647781,1.0,8
ENSG00000160633,1.8630329,1.965954,K562,0.9648671,1.0,8
ENSG00000160877,1.5858657,1.8550344,K562,0.9767646,1.0,8
ENSG00000160877,1.608949,1.8550344,K562,0.97755414,1.0,8
ENSG00000160953,1.1058359,1.4282968,K562,0.9718848,0.0,8
ENSG00000160953,1.40628,1.4282968,K562,0.97462,0.0,8
ENSG00000160961,1.2990907,0.83695674,K562,0.45339677,1.0,8
ENSG00000160961,1.3958865,0.83695674,K562,0.9495527,1.0,8
ENSG00000160961,1.3958865,0.83695674,K562,0.9495527,1.0,8
ENSG00000160961,1.4186168,0.83695674,K562,0.9559275,1.0,8
ENSG00000160961,1.2899787,0.83695674,K562,0.8270369,1.0,8
ENSG00000160961,1.2229424,0.83695674,K562,0.72905916,1.0,8
ENSG00000160961,1.4032499,0.83695674,K562,0.84120053,0.24596775,8
ENSG00000161082,-0.14128074,-0.7695511,K562,0.99616385,1.0,8
ENSG00000161082,-0.32575336,-0.7695511,K562,0.9957188,1.0,8
ENSG00000161091,1.4207914,1.7000977,K562,0.97769326,1.0,8
ENSG00000161243,0.15990657,1.0934217,K562,0.9957825,1.0,8
ENSG00000161249,0.42318705,1.925776,K562,0.9625358,1.0,8
ENSG00000161265,1.3730491,1.218798,K562,0.22605273,1.0,8
ENSG00000161265,1.4914777,1.218798,K562,0.9158823,1.0,8
ENSG00000161265,1.6200564,1.218798,K562,0.93939275,1.0,8
ENSG00000161265,1.6587999,1.218798,K562,0.9145032,1.0,8
ENSG00000161265,1.4327654,1.218798,K562,0.59173024,0.06414662,8
ENSG00000161265,1.5864019,1.218798,K562,0.9012089,0.5066313,8
ENSG00000161277,1.2556008,0.48429984,K562,0.94735503,1.0,8
ENSG00000161298,1.043851,-0.61978877,K562,0.72638416,1.0,8
ENSG00000161551,-0.09141621,0.463893,K562,0.9950276,1.0,8
ENSG00000161558,1.4546239,1.0366288,K562,0.97373295,1.0,8
ENSG00000161558,1.2282127,1.0366288,K562,0.92124516,1.0,8
ENSG00000161558,1.5915805,1.0366288,K562,0.8020315,1.0,8
ENSG00000161558,1.3290423,1.0366288,K562,0.96229184,0.7540107,8
ENSG00000161558,1.3290423,1.0366288,K562,0.96229184,0.9713262,8
ENSG00000161558,1.3141153,1.0366288,K562,0.8428084,0.94520545,8
ENSG00000161558,1.3141153,1.0366288,K562,0.8428084,0.60951006,8
ENSG00000161609,0.07574108,-0.85387194,K562,0.97456634,1.0,8
ENSG00000161609,0.23140454,-0.85387194,K562,0.97646344,1.0,8
ENSG00000161618,1.5063798,1.4838724,K562,0.85209566,1.0,8
ENSG00000161618,1.5504682,1.4838724,K562,0.95106345,1.0,8
ENSG00000161618,1.6700573,1.4838724,K562,0.86290485,1.0,8
ENSG00000161618,1.7489831,1.4838724,K562,0.9666804,0.90434784,8
ENSG00000161671,1.2225182,1.7266457,K562,0.6436262,1.0,8
ENSG00000161671,1.3907785,1.7266457,K562,0.9569208,1.0,8
ENSG00000161671,1.4163775,1.7266457,K562,0.95456356,0.97096497,8
ENSG00000161677,0.8886401,1.3172274,K562,0.95261407,1.0,8
ENSG00000161677,1.0136528,1.3172274,K562,0.93637246,0.7689434,8
ENSG00000161847,1.5252056,1.349666,K562,0.978011,1.0,8
ENSG00000161860,0.80790895,-0.22184876,K562,0.80364937,1.0,8
ENSG00000161860,0.8708458,-0.22184876,K562,0.9789821,1.0,8
ENSG00000161888,1.5355761,1.5591882,K562,0.95513207,1.0,8
ENSG00000161914,1.1596344,0.90902084,K562,0.9645971,1.0,8
ENSG00000164970,-0.13563892,0.037426498,K562,0.99488306,1.0,8
ENSG00000164970,-0.116325155,0.037426498,K562,0.99536705,1.0,8
ENSG00000164975,1.2256168,1.2027607,K562,0.9731164,1.0,8
ENSG00000164975,1.2715994,1.2027607,K562,0.95217323,1.0,8
ENSG00000164978,1.6497707,1.3550682,K562,0.9627612,1.0,8
ENSG00000164978,1.5634751,1.3550682,K562,0.9096524,1.0,8
ENSG00000164985,1.8204193,2.0680003,K562,0.38360983,1.0,8
ENSG00000165006,1.2571454,1.3447851,K562,0.69376254,1.0,8
ENSG00000165006,1.6253552,1.3447851,K562,0.94987303,1.0,8
ENSG00000165006,1.2571454,1.3447851,K562,0.69376254,0.92095417,8
ENSG00000165006,1.3223226,1.3447851,K562,0.8972804,0.96851945,8
ENSG00000165025,1.354852,1.6693169,K562,0.93265224,1.0,8
ENSG00000165025,1.4615611,1.6693169,K562,0.82605743,0.9906977,8
ENSG00000165028,0.96462214,0.48144263,K562,0.9296485,1.0,8
ENSG00000165029,-0.18733649,-0.69897,K562,0.99544215,1.0,8
ENSG00000165029,-0.51417404,-0.69897,K562,0.998348,1.0,8
ENSG00000165029,-0.15530275,-0.69897,K562,0.9967169,1.0,8
ENSG00000165029,-0.5478623,-0.69897,K562,0.9967548,1.0,8
ENSG00000165060,0.9441601,1.2732328,K562,0.95002997,1.0,8
ENSG00000165091,0.23863912,-0.22914799,K562,0.98992366,1.0,8
ENSG00000165091,-0.29765743,-0.22914799,K562,0.99511456,1.0,8
ENSG00000165113,0.6322379,0.2855573,K562,0.9653516,1.0,8
ENSG00000165113,0.5243765,0.2855573,K562,0.9729355,1.0,8
ENSG00000165113,0.5449446,0.2855573,K562,0.94321436,1.0,8
ENSG00000165113,0.56072026,0.2855573,K562,0.9824218,0.79844964,8
ENSG00000165113,0.63904387,0.2855573,K562,0.9519435,0.2366864,8
ENSG00000165115,1.0077299,-0.10237291,K562,0.978622,1.0,8
ENSG00000165115,1.0295196,-0.10237291,K562,0.96317846,1.0,8
ENSG00000165115,1.0199839,-0.10237291,K562,0.982714,1.0,8
ENSG00000165115,1.018343,-0.10237291,K562,0.9469546,1.0,8
ENSG00000165118,1.2632658,0.9180303,K562,0.9543481,1.0,8
ENSG00000165119,1.9380965,2.822044,K562,0.90988773,1.0,8
ENSG00000165138,0.4977752,0.9735896,K562,0.98585343,1.0,8
ENSG00000165138,0.2606309,0.9735896,K562,0.99241805,1.0,8
ENSG00000165138,0.5405172,0.9735896,K562,0.9872607,1.0,8
ENSG00000165185,0.95082366,0.3138672,K562,0.95791084,1.0,8
ENSG00000165209,1.2785581,1.6732974,K562,0.8960458,1.0,8
ENSG00000165209,1.1109412,1.6732974,K562,0.8013909,0.02594163,8
ENSG00000165209,1.1091814,1.6732974,K562,0.91976833,0.5714642,8
ENSG00000165209,1.1308105,1.6732974,K562,0.21022588,0.33490697,8
ENSG00000165219,1.2610269,1.1401937,K562,0.8457463,1.0,8
ENSG00000165219,1.590555,1.1401937,K562,0.6818228,1.0,8
ENSG00000165233,1.1985832,1.5247854,K562,0.9485625,1.0,8
ENSG00000165233,1.1684167,1.5247854,K562,0.91054165,1.0,8
ENSG00000165233,1.1684167,1.5247854,K562,0.91054165,1.0,8
ENSG00000165233,1.1684167,1.5247854,K562,0.91054165,1.0,8
ENSG00000165233,1.2595026,1.5247854,K562,0.72054464,1.0,8
ENSG00000165233,1.2261505,1.5247854,K562,0.69629925,1.0,8
ENSG00000165233,1.1391169,1.5247854,K562,0.90464514,0.8895567,8
ENSG00000165244,1.6483183,0.9429996,K562,0.97049856,1.0,8
ENSG00000165264,0.9318422,1.6897527,K562,0.6830924,1.0,8
ENSG00000165264,1.1611161,1.6897527,K562,0.71647745,1.0,8
ENSG00000165264,0.9318422,1.6897527,K562,0.6830924,0.51539224,8
ENSG00000165264,1.1611161,1.6897527,K562,0.71647745,0.7078077,8
ENSG00000165269,0.12580888,-0.92081875,K562,0.98453844,1.0,8
ENSG00000165271,1.5167038,1.4611983,K562,0.9657817,1.0,8
ENSG00000165271,1.5047578,1.4611983,K562,0.92060804,1.0,8
ENSG00000165272,-0.3480647,0.6608655,K562,0.9874851,1.0,8
ENSG00000165275,0.8408905,0.61278385,K562,0.95761985,1.0,8
ENSG00000165275,0.84433484,0.61278385,K562,0.9579759,1.0,8
ENSG00000165275,0.98705184,0.61278385,K562,0.91619366,1.0,8
ENSG00000165275,1.0323966,0.61278385,K562,0.9176361,1.0,8
ENSG00000165275,0.90506595,0.61278385,K562,0.85644007,0.9348659,8
ENSG00000165275,0.9917519,0.61278385,K562,0.9083992,0.16346154,8
ENSG00000165275,0.98705184,0.61278385,K562,0.91619366,1.0,8
ENSG00000165280,1.8055515,2.158483,K562,0.97422737,1.0,8
ENSG00000165280,1.7956209,2.158483,K562,0.94872063,1.0,8
ENSG00000165282,1.6342229,1.1433271,K562,0.89374536,1.0,8
ENSG00000165282,1.6682439,1.1433271,K562,0.68186253,0.0127795525,8
ENSG00000165283,1.6336019,2.3088844,K562,0.9575369,1.0,8
ENSG00000165283,1.680609,2.3088844,K562,0.9593744,1.0,8
ENSG00000165283,1.6267512,2.3088844,K562,0.9626759,0.9820448,8
ENSG00000165304,1.4243221,1.5561818,K562,0.96415406,1.0,8
ENSG00000165304,1.1566176,1.5561818,K562,0.94652027,1.0,8
ENSG00000165304,1.3061732,1.5561818,K562,0.9355362,0.6862745,8
ENSG00000165304,1.18347,1.5561818,K562,0.9100441,0.6643305,8
ENSG00000165304,1.4243221,1.5561818,K562,0.96415406,1.0,8
ENSG00000165304,1.4808326,1.5561818,K562,0.7608891,0.83416724,8
ENSG00000165304,1.4125998,1.5561818,K562,0.92167324,0.5851198,8
ENSG00000165304,1.2338058,1.5561818,K562,0.9343684,0.9066198,8
ENSG00000165661,1.2389579,1.0726175,K562,0.9798994,1.0,8
ENSG00000165684,0.9973359,1.1583625,K562,0.9821669,1.0,8
ENSG00000165688,1.7666794,1.8569101,K562,0.95824075,1.0,8
ENSG00000165688,1.734763,1.8569101,K562,0.9454245,0.9982806,8
ENSG00000165688,1.8456252,1.8569101,K562,0.9555623,0.9271798,8
ENSG00000165689,1.6571462,1.9065505,K562,0.917594,1.0,8
ENSG00000165699,1.5918491,1.0472748,K562,0.86371523,1.0,8
ENSG00000165716,0.5050405,-0.60206,K562,0.9938705,1.0,8
ENSG00000165724,1.2244201,1.6281846,K562,0.96012014,1.0,8
ENSG00000165802,1.2277982,1.5711262,K562,0.95110476,1.0,8
ENSG00000165802,1.1839823,1.5711262,K562,0.96698886,1.0,8
ENSG00000165802,1.209569,1.5711262,K562,0.94678694,1.0,8
ENSG00000165802,1.3005358,1.5711262,K562,0.8590765,1.0,8
ENSG00000165802,1.1846094,1.5711262,K562,0.93161374,0.98420376,8
ENSG00000165802,1.2581837,1.5711262,K562,0.88305503,0.7758331,8
ENSG00000165802,1.2252862,1.5711262,K562,0.58245164,0.020815633,8
ENSG00000166398,1.3503567,0.7226339,K562,0.94817644,1.0,8
ENSG00000166704,1.2121463,0.8247765,K562,0.8924842,1.0,8
ENSG00000167081,1.420438,1.4247184,K562,0.9291658,1.0,8
ENSG00000167106,1.5170864,1.2070955,K562,0.974447,1.0,8
ENSG00000167110,1.1950767,1.4104397,K562,0.9528218,1.0,8
ENSG00000167110,1.3503835,1.4104397,K562,0.9759127,1.0,8
ENSG00000167110,1.1510293,1.4104397,K562,0.9267558,1.0,8
ENSG00000167112,1.6037345,1.4938761,K562,0.86120933,1.0,8
ENSG00000167112,1.5958412,1.4938761,K562,0.79318154,0.60343665,8
ENSG00000167113,1.5059773,1.6974037,K562,0.92307955,1.0,8
ENSG00000167113,1.376323,1.6974037,K562,0.65434504,1.0,8
ENSG00000167114,1.1942887,0.9561684,K562,0.96965414,1.0,8
ENSG00000167118,1.4246564,1.7863965,K562,0.94844615,1.0,8
ENSG00000167118,1.6995323,1.7863965,K562,0.9676788,1.0,8
ENSG00000167123,0.49088347,0.017033339,K562,0.9768091,1.0,8
ENSG00000167123,0.41575027,0.017033339,K562,0.9869466,1.0,8
ENSG00000167130,1.2846777,1.1760913,K562,0.9665374,1.0,8
ENSG00000167130,1.5067623,1.1760913,K562,0.9538596,1.0,8
ENSG00000167130,1.4416983,1.1760913,K562,0.96951205,0.9699193,8
ENSG00000167130,1.5246433,1.1760913,K562,0.9546762,0.9339692,8
ENSG00000167136,1.395654,1.3605934,K562,0.9594267,1.0,8
ENSG00000167232,0.8834104,0.8668778,K562,0.8926941,1.0,8
ENSG00000167232,1.0281063,0.8668778,K562,0.9174482,0.9920424,8
ENSG00000167380,1.1095568,1.0941216,K562,0.6023316,1.0,8
ENSG00000167380,1.601757,1.0941216,K562,0.45701393,0.2229885,8
ENSG00000167380,1.1940885,1.0941216,K562,0.87596476,0.0,8
ENSG00000167384,1.5733039,0.5390761,K562,0.6976058,1.0,8
ENSG00000167384,1.3066931,0.5390761,K562,0.8963547,0.972549,8
ENSG00000167460,1.9235009,2.4988618,K562,0.9589978,1.0,8
ENSG00000167460,1.9324756,2.4988618,K562,0.63588387,1.0,8
ENSG00000167461,1.942389,2.2309086,K562,0.9360404,1.0,8
ENSG00000167461,1.9464798,2.2309086,K562,0.88278556,1.0,8
ENSG00000167468,1.6762148,2.7931197,K562,0.9776364,1.0,8
ENSG00000167468,1.6611344,2.7931197,K562,0.97267514,1.0,8
ENSG00000167468,1.6679946,2.7931197,K562,0.8897429,0.9675236,8
ENSG00000167470,1.4818101,1.4312029,K562,0.9464133,0.66893864,8
ENSG00000167487,1.1710517,0.5453071,K562,0.95498586,1.0,8
ENSG00000167487,1.1710517,0.5453071,K562,0.95498586,1.0,8
ENSG00000167491,1.4960737,1.7340794,K562,0.97308743,1.0,8
ENSG00000167491,1.4763478,1.7340794,K562,0.9689391,1.0,8
ENSG00000167491,1.4536347,1.7340794,K562,0.9818834,1.0,8
ENSG00000167491,1.4494488,1.7340794,K562,0.9549492,1.0,8
ENSG00000167491,1.4674803,1.7340794,K562,0.96908253,0.8220803,8
ENSG00000167491,1.4900782,1.7340794,K562,0.95606434,0.7593583,8
ENSG00000167491,1.5049827,1.7340794,K562,0.8338046,0.82819384,8
ENSG00000167555,0.22200775,0.81954396,K562,0.98997307,1.0,8
ENSG00000167562,1.1710483,0.6919651,K562,0.87631285,1.0,8
ENSG00000167562,1.3313403,0.6919651,K562,0.20202793,0.0,8
ENSG00000167578,1.4866891,1.594503,K562,0.71458787,1.0,8
ENSG00000167578,1.3513825,1.594503,K562,0.94573647,1.0,8
ENSG00000167578,1.4871771,1.594503,K562,0.97018564,1.0,8
ENSG00000167595,1.48999,1.0831442,K562,0.9610672,1.0,8
ENSG00000167595,1.3330612,1.0831442,K562,0.90056264,1.0,8
ENSG00000167600,-0.33678225,-0.79588,K562,0.996469,1.0,8
ENSG00000167600,0.034963474,-0.79588,K562,0.99340504,1.0,8
ENSG00000167600,0.08966546,-0.79588,K562,0.9961409,1.0,8
ENSG00000167604,1.7707239,1.6135247,K562,0.9643623,1.0,8
ENSG00000167604,1.5564764,1.6135247,K562,0.39123327,0.5681206,8
ENSG00000167608,0.62908965,-0.9586073,K562,0.98930407,1.0,8
ENSG00000167608,0.10851975,-0.9586073,K562,0.9937156,1.0,8
ENSG00000167615,1.718782,2.1348462,K562,0.9581053,1.0,8
ENSG00000167615,1.7235782,2.1348462,K562,0.9680531,1.0,8
ENSG00000167617,0.07336643,0.06069784,K562,0.9952858,1.0,8
ENSG00000167619,0.25303695,-0.23657201,K562,0.9965289,1.0,8
ENSG00000167619,0.47605067,-0.23657201,K562,0.99258244,1.0,8
ENSG00000167619,0.50276244,-0.23657201,K562,0.9853403,1.0,8
ENSG00000167625,1.4624541,0.7185017,K562,0.9625973,1.0,8
ENSG00000167634,0.036445864,-0.49485,K562,0.97547275,1.0,8
ENSG00000167635,1.6825542,1.6098077,K562,0.9214169,1.0,8
ENSG00000167635,1.335783,1.6098077,K562,0.3406554,0.78731656,8
ENSG00000167637,0.913001,0.4502491,K562,0.76055115,1.0,8
ENSG00000167637,1.2056122,0.4502491,K562,0.9409535,0.76033056,8
ENSG00000167637,0.83576643,0.4502491,K562,0.15626468,0.115079366,8
ENSG00000167637,0.84902513,0.4502491,K562,0.9656312,0.23966943,8
ENSG00000167642,-0.14229684,1.2355285,K562,0.9919254,1.0,8
ENSG00000167642,0.25278586,1.2355285,K562,0.9840344,1.0,8
ENSG00000167645,1.0860233,1.9335885,K562,0.88872683,1.0,8
ENSG00000167645,1.1497622,1.9335885,K562,0.5703037,0.08413649,8
ENSG00000167657,1.375777,1.5819497,K562,0.8274634,1.0,8
ENSG00000167658,1.7561208,3.1352057,K562,0.9565104,1.0,8
ENSG00000167664,-0.14040601,-0.85387194,K562,0.9936033,1.0,8
ENSG00000167670,1.5886841,1.7303785,K562,0.8300039,1.0,8
ENSG00000167670,1.4619486,1.7303785,K562,0.93744147,1.0,8
ENSG00000167670,1.648757,1.7303785,K562,0.93009555,1.0,8
ENSG00000167670,1.6434995,1.7303785,K562,0.94406,1.0,8
ENSG00000167670,1.5430799,1.7303785,K562,0.6975087,1.0,8
ENSG00000167671,1.3357363,1.5455545,K562,0.97734797,1.0,8
ENSG00000167671,1.3268006,1.5455545,K562,0.98291034,1.0,8
ENSG00000167674,1.322557,1.5979145,K562,0.9713075,1.0,8
ENSG00000167685,1.163349,1.2516382,K562,0.9731112,1.0,8
ENSG00000167733,0.88083684,0.17609125,K562,0.8521744,1.0,8
ENSG00000167733,0.9205472,0.17609125,K562,0.9810859,1.0,8
ENSG00000167733,1.1118925,0.17609125,K562,0.93870723,1.0,8
ENSG00000167733,0.9537883,0.17609125,K562,0.97473645,1.0,8
ENSG00000167733,0.778978,0.17609125,K562,0.96808326,1.0,8
ENSG00000167747,1.8974433,2.4550276,K562,0.94460785,1.0,8
ENSG00000167747,1.8192253,2.4550276,K562,0.21388501,0.020183606,8
ENSG00000167748,0.50313413,1.2340108,K562,0.99325705,1.0,8
ENSG00000167766,1.0615766,1.3525684,K562,0.91782326,1.0,8
ENSG00000167766,1.1335044,1.3525684,K562,0.9374259,0.94755876,8
ENSG00000167775,1.3201749,1.7704839,K562,0.9408696,0.9874883,8
ENSG00000167785,0.4838047,0.7075702,K562,0.9414698,1.0,8
ENSG00000167807,1.1946576,-0.050609995,K562,0.9260729,1.0,8
ENSG00000167815,1.3710074,2.427697,K562,0.96110755,1.0,8
ENSG00000168661,0.29481924,-0.07572071,K562,0.98556733,1.0,8
ENSG00000168661,0.45418668,-0.07572071,K562,0.99284357,1.0,8
ENSG00000168661,0.45418668,-0.07572071,K562,0.99284357,1.0,8
ENSG00000168661,0.5622908,-0.07572071,K562,0.98933417,1.0,8
ENSG00000168813,1.1244205,0.91592723,K562,0.9859664,1.0,8
ENSG00000168813,1.1682482,0.91592723,K562,0.97919434,1.0,8
ENSG00000168813,1.2436235,0.91592723,K562,0.9237219,1.0,8
ENSG00000168813,1.2793491,0.91592723,K562,0.72391987,0.3705722,8
ENSG00000168813,1.2382362,0.91592723,K562,0.6756096,0.0,8
ENSG00000169071,-0.6261325,-0.9586073,K562,0.99781513,1.0,8
ENSG00000169136,1.9282572,1.6779717,K562,0.92479545,1.0,8
ENSG00000169155,1.3091766,0.7176705,K562,0.9300204,1.0,8
ENSG00000169583,-0.15989585,-0.65757734,K562,0.99730706,1.0,8
ENSG00000169583,-0.052025262,-0.65757734,K562,0.997526,1.0,8
ENSG00000169692,1.1330998,1.3457657,K562,0.9659855,0.83842593,8
ENSG00000169925,1.3115293,0.811575,K562,0.9694492,1.0,8
ENSG00000170684,1.6595908,0.89376175,K562,0.9040097,1.0,8
ENSG00000170892,1.4918336,1.3386557,K562,0.9352623,1.0,8
ENSG00000170892,1.4885768,1.3386557,K562,0.9367459,1.0,8
ENSG00000170892,1.478287,1.3386557,K562,0.94078994,1.0,8
ENSG00000170892,1.4880881,1.3386557,K562,0.94830644,1.0,8
ENSG00000170892,1.60829,1.3386557,K562,0.9523851,1.0,8
ENSG00000170892,1.4831967,1.3386557,K562,0.83158,1.0,8
ENSG00000170892,1.542794,1.3386557,K562,0.95572126,1.0,8
ENSG00000170906,1.5063632,2.0320947,K562,0.95798993,1.0,8
ENSG00000170906,1.2976065,2.0320947,K562,0.8004588,0.009451796,8
ENSG00000170909,0.05977714,-0.56863624,K562,0.99231696,1.0,8
ENSG00000170949,1.4947394,0.91855454,K562,0.74708486,1.0,8
ENSG00000170949,1.409023,0.91855454,K562,0.85076326,1.0,8
ENSG00000170949,1.3988159,0.91855454,K562,0.8989954,1.0,8
ENSG00000170949,1.4335147,0.91855454,K562,0.92440987,1.0,8
ENSG00000170949,1.4911427,0.91855454,K562,0.93849564,0.06481481,8
ENSG00000170949,1.4749141,0.91855454,K562,0.9490698,0.27857143,8
ENSG00000170949,1.4779549,0.91855454,K562,0.8757894,0.12554112,8
ENSG00000171017,-0.30435216,-0.56863624,K562,0.9955214,1.0,8
ENSG00000171097,1.2027574,1.1000258,K562,0.79643285,1.0,8
ENSG00000171097,1.4950111,1.1000258,K562,0.9260179,1.0,8
ENSG00000171097,1.5176288,1.1000258,K562,0.97776365,1.0,8
ENSG00000171097,1.3446016,1.1000258,K562,0.9730185,1.0,8
ENSG00000171097,1.2181765,1.1000258,K562,0.95877105,1.0,8
ENSG00000171097,1.2206367,1.1000258,K562,0.9589304,1.0,8
ENSG00000171097,1.4678988,1.1000258,K562,0.96039385,1.0,8
ENSG00000171097,1.2412552,1.1000258,K562,0.92855835,1.0,8
ENSG00000171097,1.2871246,1.1000258,K562,0.59842616,1.0,8
ENSG00000171097,1.2253733,1.1000258,K562,0.8052152,1.0,8
ENSG00000171097,1.2143861,1.1000258,K562,0.8045956,1.0,8
ENSG00000171097,1.1803267,1.1000258,K562,0.2856356,1.0,8
ENSG00000171097,1.3750858,1.1000258,K562,0.78660285,0.9886481,8
ENSG00000171105,1.5528506,1.1826999,K562,0.9264598,1.0,8
ENSG00000171295,0.8420972,0.62531245,K562,0.9181724,1.0,8
ENSG00000171466,0.98269415,0.7817554,K562,0.82097834,1.0,8
ENSG00000171466,0.98269415,0.7817554,K562,0.82097834,0.5081967,8
ENSG00000171466,1.1708167,0.7817554,K562,0.94699806,0.2857143,8
ENSG00000171466,1.2386303,0.7817554,K562,0.93021846,0.07185629,8
ENSG00000171466,1.2386303,0.7817554,K562,0.93021846,0.6219512,8
ENSG00000171469,1.5940149,1.1528996,K562,0.93413615,1.0,8
ENSG00000171469,1.2669318,1.1528996,K562,0.91859424,1.0,8
ENSG00000171469,1.2637293,1.1528996,K562,0.89195174,0.84514433,8
ENSG00000171469,1.6329687,1.1528996,K562,0.9504874,0.114503816,8
ENSG00000171469,1.5985589,1.1528996,K562,0.93489623,0.7257683,8
ENSG00000171574,1.3322664,0.7411516,K562,0.9608322,1.0,8
ENSG00000171574,1.3510848,0.7411516,K562,0.92646545,0.5345455,8
ENSG00000171574,1.342092,0.7411516,K562,0.9494407,0.15231788,8
ENSG00000171574,1.3284264,0.7411516,K562,0.9422241,0.625731,8
ENSG00000171574,1.4768519,0.7411516,K562,0.7510071,0.041551247,8
ENSG00000171574,1.4615154,0.7411516,K562,0.71453154,0.062330622,8
ENSG00000171606,1.2341027,1.0480531,K562,0.8089136,1.0,8
ENSG00000171606,1.1153395,1.0480531,K562,0.77450377,1.0,8
ENSG00000171606,1.4448636,1.0480531,K562,0.90189993,1.0,8
ENSG00000171606,1.231274,1.0480531,K562,0.8603838,0.98241204,8
ENSG00000171649,0.44837296,0.30319604,K562,0.9828341,1.0,8
ENSG00000171747,0.24578461,-0.7695511,K562,0.9932856,1.0,8
ENSG00000171747,0.40190136,-0.7695511,K562,0.99279153,1.0,8
ENSG00000171747,0.53125525,-0.7695511,K562,0.9840554,1.0,8
ENSG00000171777,0.6107284,0.75739604,K562,0.872074,1.0,8
ENSG00000171777,0.4618039,0.75739604,K562,0.98464984,1.0,8
ENSG00000171817,0.43175054,-0.45593196,K562,0.7492356,1.0,8
ENSG00000171827,0.9198531,0.053078443,K562,0.952141,1.0,8
ENSG00000171827,1.11113,0.053078443,K562,0.61849874,1.0,8
ENSG00000171970,0.9820256,0.53147894,K562,0.8222176,1.0,8
ENSG00000171970,1.0108631,0.53147894,K562,0.9035617,1.0,8
ENSG00000172009,1.2771206,2.2559958,K562,0.9400564,1.0,8
ENSG00000172009,1.4022598,2.2559958,K562,0.6051093,0.079845354,8
ENSG00000172014,0.53548086,-0.61978877,K562,0.9769157,1.0,8
ENSG00000172014,0.62128854,-0.61978877,K562,0.9484542,1.0,8
ENSG00000172081,1.702807,2.0325785,K562,0.75794476,1.0,8
ENSG00000172159,-0.25606912,-0.65757734,K562,0.9974178,1.0,8
ENSG00000172270,1.6409984,2.161428,K562,0.9445215,0.015952665,8
ENSG00000172687,1.042708,1.2600714,K562,0.9244246,1.0,8
ENSG00000172785,0.48285365,1.6402826,K562,0.9623039,1.0,8
ENSG00000172785,0.35975593,1.6402826,K562,0.98689276,1.0,8
ENSG00000172785,0.46379966,1.6402826,K562,0.8638292,0.8401928,8
ENSG00000172785,0.43822837,1.6402826,K562,0.24238801,0.00788091,8
ENSG00000172785,0.29401195,1.6402826,K562,0.9790243,0.0,8
ENSG00000172785,0.2820406,1.6402826,K562,0.9517476,0.014354067,8
ENSG00000172785,0.38160515,1.6402826,K562,0.9826282,0.9638126,8
ENSG00000172785,0.3533042,1.6402826,K562,0.8710895,0.13071896,8
ENSG00000172785,0.32108733,1.6402826,K562,0.97654414,0.042669233,8
ENSG00000172785,0.51820356,1.6402826,K562,0.82309777,0.98754096,8
ENSG00000172785,0.3505535,1.6402826,K562,0.8309537,0.10012438,8
ENSG00000172889,-0.242044,-0.6777807,K562,0.99705017,1.0,8
ENSG00000173258,-0.03238264,-0.69897,K562,0.989883,1.0,8
ENSG00000173480,0.97017694,0.7168377,K562,0.78466564,1.0,8
ENSG00000173480,0.9535537,0.7168377,K562,0.79072076,1.0,8
ENSG00000173581,1.8067915,1.4996871,K562,0.8858122,1.0,8
ENSG00000173611,0.83718854,0.43136376,K562,0.64899707,1.0,8
ENSG00000173611,0.5835292,0.43136376,K562,0.69939244,1.0,8
ENSG00000173611,0.7271069,0.43136376,K562,0.9127669,0.3148148,8
ENSG00000173809,0.50338453,-0.82390875,K562,0.91126716,1.0,8
ENSG00000173875,1.2559478,0.84323275,K562,0.8678039,1.0,8
ENSG00000173875,1.7387933,0.84323275,K562,0.6244831,0.13290113,8
ENSG00000173875,1.2559478,0.84323275,K562,0.8678039,1.0,8
ENSG00000173875,1.5439869,0.84323275,K562,0.8874251,0.5235008,8
ENSG00000174652,1.0843012,1.4714384,K562,0.8802802,1.0,8
ENSG00000174652,1.5238318,1.4714384,K562,0.95883054,1.0,8
ENSG00000174652,1.3634988,1.4714384,K562,0.9203923,1.0,8
ENSG00000174652,1.3773932,1.4714384,K562,0.87773955,0.36237624,8
ENSG00000174652,1.5123684,1.4714384,K562,0.7034504,0.85359114,8
ENSG00000174788,0.43489623,-0.55284196,K562,0.99159825,1.0,8
ENSG00000174837,0.14235605,0.88874096,K562,0.9909889,1.0,8
ENSG00000174886,1.7499126,2.4691591,K562,0.9636821,1.0,8
ENSG00000174917,1.6085707,2.067926,K562,0.9188825,1.0,8
ENSG00000175221,1.4630728,1.3172274,K562,0.9623335,1.0,8
ENSG00000175221,1.6321349,1.3172274,K562,0.9634844,1.0,8
ENSG00000175221,1.360219,1.3172274,K562,0.19879624,0.16125655,8
ENSG00000175221,1.3467147,1.3172274,K562,0.5065799,0.9720874,8
ENSG00000175221,1.2258255,1.3172274,K562,0.88928723,0.0,8
ENSG00000175221,1.5570633,1.3172274,K562,0.96061116,0.97851074,8
ENSG00000175221,1.5387335,1.3172274,K562,0.9688259,0.998977,8
ENSG00000175287,0.102099046,-0.92081875,K562,0.99446195,1.0,8
ENSG00000175489,0.35216174,0.30749604,K562,0.97482,1.0,8
ENSG00000175691,0.8652185,0.42160392,K562,0.9262031,1.0,8
ENSG00000175764,0.4705357,0.5263393,K562,0.9683387,1.0,8
ENSG00000175764,0.72754025,0.5263393,K562,0.6485437,0.40189874,8
ENSG00000175768,1.5981841,2.522705,K562,0.7875586,1.0,8
ENSG00000175768,1.5355139,2.522705,K562,0.8438997,1.0,8
ENSG00000175787,1.2329831,0.8943161,K562,0.92409194,1.0,8
ENSG00000175854,1.4922574,1.268812,K562,0.8800765,1.0,8
ENSG00000175854,1.089009,1.268812,K562,0.9792134,1.0,8
ENSG00000175893,0.8679981,0.68663627,K562,0.9145588,1.0,8
ENSG00000175893,0.8929457,0.68663627,K562,0.9697332,1.0,8
ENSG00000176024,0.9184334,0.4048337,K562,0.3205025,1.0,8
ENSG00000176024,1.4418178,0.4048337,K562,0.14708763,0.44878048,8
ENSG00000176024,1.0290512,0.4048337,K562,0.9162451,0.5512195,8
ENSG00000176058,1.1854328,0.9278834,K562,0.9803094,1.0,8
ENSG00000176101,1.6134198,2.02032,K562,0.9307959,1.0,8
ENSG00000176182,1.3731995,0.6304279,K562,0.95492834,1.0,8
ENSG00000176248,1.5515506,1.6641717,K562,0.9712223,1.0,8
ENSG00000176386,1.2515465,1.5020173,K562,0.9416853,1.0,8
ENSG00000176531,0.7646589,0.897077,K562,0.8857677,1.0,8
ENSG00000176533,1.1100413,1.0228406,K562,0.83559495,1.0,8
ENSG00000176619,1.6169351,1.9122752,K562,0.9620506,1.0,8
ENSG00000176619,1.5856297,1.9122752,K562,0.9765902,1.0,8
ENSG00000176619,1.6277175,1.9122752,K562,0.97142,1.0,8
ENSG00000176884,-0.36210918,-0.88605666,K562,0.9979765,1.0,8
ENSG00000176884,-0.4944139,-0.88605666,K562,0.9982716,1.0,8
ENSG00000176909,0.30172884,-0.3767507,K562,0.96537906,1.0,8
ENSG00000176978,1.3372571,2.3440974,K562,0.9735293,1.0,8
ENSG00000176978,1.3148925,2.3440974,K562,0.9840851,0.99903274,8
ENSG00000177076,0.67861676,0.1583625,K562,0.97489095,1.0,8
ENSG00000177191,1.2554477,-0.65757734,K562,0.15953846,1.0,8
ENSG00000177239,1.2109729,1.3356584,K562,0.9156328,1.0,8
ENSG00000177239,1.404736,1.3356584,K562,0.85527456,0.064753495,8
ENSG00000177380,0.016216248,-0.06550155,K562,0.9907843,1.0,8
ENSG00000177943,0.6113093,0.7596679,K562,0.9874101,1.0,8
ENSG00000177984,0.22292957,-0.82390875,K562,0.99684215,1.0,8
ENSG00000178078,1.1788362,1.2576786,K562,0.9419761,1.0,8
ENSG00000178078,1.4825149,1.2576786,K562,0.61750436,0.10116086,8
ENSG00000178229,1.4906573,0.4502491,K562,0.96574104,1.0,8
ENSG00000178386,0.58146775,-0.7447275,K562,0.99356526,1.0,8
ENSG00000178904,1.2848936,1.3230457,K562,0.9469152,1.0,8
ENSG00000178904,1.3336313,1.3230457,K562,0.530482,1.0,8
ENSG00000178904,1.3159513,1.3230457,K562,0.4461905,1.0,8
ENSG00000178904,1.2651709,1.3230457,K562,0.75929856,0.051446944,8
ENSG00000178904,1.2377083,1.3230457,K562,0.34897324,0.010498688,8
ENSG00000178934,0.29104584,-0.79588,K562,0.97662807,1.0,8
ENSG00000178934,0.31185776,-0.79588,K562,0.99524385,1.0,8
ENSG00000178935,1.3059627,0.77597433,K562,0.78601056,1.0,8
ENSG00000178935,1.3059627,0.77597433,K562,0.78601056,1.0,8
ENSG00000178951,1.4346285,1.1906118,K562,0.98444366,1.0,8
ENSG00000178951,1.4346285,1.1906118,K562,0.98444366,1.0,8
ENSG00000178966,1.642925,0.81954396,K562,0.9427813,1.0,8
ENSG00000178980,1.5730245,1.9953719,K562,0.9522207,1.0,8
ENSG00000178980,1.7578101,1.9953719,K562,0.36322322,0.4246781,8
ENSG00000178982,1.6843238,2.6505017,K562,0.9094071,1.0,8
ENSG00000178982,1.6564894,2.6505017,K562,0.9570791,0.99932426,8
ENSG00000178982,1.6566608,2.6505017,K562,0.9571254,0.99409485,8
ENSG00000178982,1.6701939,2.6505017,K562,0.97300726,0.9530282,8
ENSG00000179115,1.504327,1.8849652,K562,0.9789793,1.0,8
ENSG00000179115,1.4893293,1.8849652,K562,0.9376449,1.0,8
ENSG00000179134,1.0650139,1.5872618,K562,0.8879043,1.0,8
ENSG00000179218,1.6619773,2.7702038,K562,0.9633319,1.0,8
ENSG00000179218,1.6852405,2.7702038,K562,0.9686339,1.0,8
ENSG00000179218,1.6804291,2.7702038,K562,0.9707216,1.0,8
ENSG00000179262,1.7414749,2.073535,K562,0.9712682,1.0,8
ENSG00000179262,1.7442107,2.073535,K562,0.95091707,0.89568675,8
ENSG00000179846,0.059868306,-0.7695511,K562,0.99573416,1.0,8
ENSG00000179943,1.3862898,0.8656961,K562,0.96034163,1.0,8
ENSG00000179943,1.3290788,0.8656961,K562,0.8786411,0.15359478,8
ENSG00000179954,-0.11890089,-0.82390875,K562,0.995419,1.0,8
ENSG00000180089,0.65745384,0.9020029,K562,0.9633182,1.0,8
ENSG00000180257,1.0980134,0.5740313,K562,0.89088,1.0,8
ENSG00000180257,0.94885695,0.5740313,K562,0.8338474,0.308,8
ENSG00000180448,1.7357371,1.9482663,K562,0.9533758,1.0,8
ENSG00000180448,1.714026,1.9482663,K562,0.96651477,1.0,8
ENSG00000180479,0.46429497,-0.4685211,K562,0.9290425,1.0,8
ENSG00000180855,0.97442126,0.22010809,K562,0.9592144,1.0,8
ENSG00000180855,0.76681805,0.22010809,K562,0.9641489,1.0,8
ENSG00000180884,1.1629279,-0.03151705,K562,0.75485367,1.0,8
ENSG00000180884,1.0501938,-0.03151705,K562,0.8832327,1.0,8
ENSG00000181007,1.2018868,0.1398791,K562,0.88364035,1.0,8
ENSG00000181007,1.1433223,0.1398791,K562,0.94207966,1.0,8
ENSG00000181007,0.98723817,0.1398791,K562,0.8383329,1.0,8
ENSG00000181027,1.519683,1.0595634,K562,0.3288308,0.0,8
ENSG00000181035,1.0529854,1.1228709,K562,0.7628728,1.0,8
ENSG00000181035,1.2062706,1.1228709,K562,0.96442574,1.0,8
ENSG00000181090,1.6113706,1.7474895,K562,0.9518922,1.0,8
ENSG00000181090,1.6369283,1.7474895,K562,0.9198418,0.11764706,8
ENSG00000181240,0.18975675,-0.013228266,K562,0.99650216,1.0,8
ENSG00000181240,0.46249968,-0.013228266,K562,0.9968274,1.0,8
ENSG00000181392,0.44535547,-0.04575749,K562,0.9780397,1.0,8
ENSG00000181392,0.46166205,-0.04575749,K562,0.9936718,1.0,8
ENSG00000181588,0.25993398,0.46089783,K562,0.9948448,1.0,8
ENSG00000181896,1.693751,1.0899051,K562,0.88878465,1.0,8
ENSG00000181896,1.4857404,1.0899051,K562,0.5178267,0.0,8
ENSG00000182013,-0.525939,-0.7212464,K562,0.9979913,1.0,8
ENSG00000182087,1.7068882,2.2408986,K562,0.95299697,1.0,8
ENSG00000182087,1.7755193,2.2408986,K562,0.97393024,1.0,8
ENSG00000182087,1.8312842,2.2408986,K562,0.8604833,0.98684067,8
ENSG00000182141,1.091386,0.76267856,K562,0.92393976,1.0,8
ENSG00000182141,0.9090594,0.76267856,K562,0.898535,0.70515466,8
ENSG00000182141,1.2098141,0.76267856,K562,0.5467259,0.23529412,8
ENSG00000182150,1.395838,1.0923697,K562,0.9387601,1.0,8
ENSG00000182150,1.3121383,1.0923697,K562,0.8494635,0.23170732,8
ENSG00000182150,1.2055142,1.0923697,K562,0.79280996,0.41843972,8
ENSG00000182318,1.3559482,0.31806335,K562,0.27600777,1.0,8
ENSG00000182472,1.1383095,0.7067178,K562,0.97423756,1.0,8
ENSG00000182472,0.94838274,0.7067178,K562,0.9433218,1.0,8
ENSG00000182472,0.9604255,0.7067178,K562,0.782609,0.0,8
ENSG00000183019,0.05108711,-0.4685211,K562,0.97904015,1.0,8
ENSG00000183207,1.4782308,2.0933867,K562,0.95421684,1.0,8
ENSG00000183207,1.4790351,2.0933867,K562,0.9525774,1.0,8
ENSG00000183401,1.0461715,1.0813473,K562,0.637263,1.0,8
ENSG00000183401,1.221734,1.0813473,K562,0.90281796,1.0,8
ENSG00000183647,1.0358374,0.9689497,K562,0.9028056,1.0,8
ENSG00000183647,0.76776546,0.9689497,K562,0.9250483,0.76052946,8
ENSG00000184162,1.4585633,1.4187983,K562,0.92322844,1.0,8
ENSG00000184162,1.4782329,1.4187983,K562,0.9415466,1.0,8
ENSG00000184162,1.4602447,1.4187983,K562,0.8946218,1.0,8
ENSG00000184162,1.5018566,1.4187983,K562,0.9492253,1.0,8
ENSG00000184162,1.501775,1.4187983,K562,0.9449931,1.0,8
ENSG00000184162,1.4049054,1.4187983,K562,0.9541096,0.8608911,8
ENSG00000185236,1.7228391,1.687172,K562,0.96881413,1.0,8
ENSG00000185800,1.3765385,1.4574277,K562,0.97293776,1.0,8
ENSG00000185800,1.5097669,1.4574277,K562,0.9410236,1.0,8
ENSG00000185920,1.3745579,0.34044412,K562,0.9300388,1.0,8
ENSG00000185920,1.4229376,0.34044412,K562,0.9036531,1.0,8
ENSG00000185963,1.5455623,1.0909631,K562,0.980287,1.0,8
ENSG00000185963,1.5423065,1.0909631,K562,0.968995,1.0,8
ENSG00000186010,1.6157979,2.634195,K562,0.95013374,1.0,8
ENSG00000186010,1.7188425,2.634195,K562,0.9717234,1.0,8
ENSG00000186017,1.1085008,0.5037907,K562,0.9524777,1.0,8
ENSG00000186020,1.0112643,0.5237465,K562,0.88788706,1.0,8
ENSG00000186020,1.0130262,0.5237465,K562,0.864139,0.87323946,8
ENSG00000186026,0.86992294,-0.4436975,K562,0.9523278,1.0,8
ENSG00000186026,0.8663158,-0.4436975,K562,0.8990818,1.0,8
ENSG00000186111,0.9855225,0.9474337,K562,0.9773766,1.0,8
ENSG00000186111,0.65955824,0.9474337,K562,0.9122048,0.89686686,8
ENSG00000186115,-0.21562862,0.37106785,K562,0.9943216,1.0,8
ENSG00000186193,1.3182536,1.3697723,K562,0.8255777,1.0,8
ENSG00000186193,1.2686789,1.3697723,K562,0.9674809,1.0,8
ENSG00000186193,1.1519705,1.3697723,K562,0.9731406,1.0,8
ENSG00000186230,0.9931215,1.1728947,K562,0.9045722,1.0,8
ENSG00000186272,1.1021268,0.7126497,K562,0.9404872,1.0,8
ENSG00000186272,1.187625,0.7126497,K562,0.33348152,0.7639594,8
ENSG00000186272,1.1021268,0.7126497,K562,0.9404872,0.80172414,8
ENSG00000186300,0.8581007,-0.1426675,K562,0.90011495,1.0,8
ENSG00000186350,0.8431406,1.1795518,K562,0.9879339,1.0,8
ENSG00000186529,-0.1422197,0.4345689,K562,0.9946287,1.0,8
ENSG00000186567,-0.2469956,-0.55284196,K562,0.9971854,1.0,8
ENSG00000186806,-0.07473395,-0.22914799,K562,0.99621695,1.0,8
ENSG00000186806,0.3415417,-0.22914799,K562,0.9950637,1.0,8
ENSG00000186806,0.20227048,-0.22914799,K562,0.99740016,1.0,8
ENSG00000186994,-0.11510977,-0.38721615,K562,0.9972019,1.0,8
ENSG00000187024,0.69622445,1.3142886,K562,0.9812502,1.0,8
ENSG00000187024,1.1075759,1.3142886,K562,0.85299164,1.0,8
ENSG00000187024,1.10674,1.3142886,K562,0.853458,1.0,8
ENSG00000187024,1.1867828,1.3142886,K562,0.94177634,0.85744345,8
ENSG00000187186,1.2293838,0.6095944,K562,0.8663637,1.0,8
ENSG00000187187,1.2481456,0.15228835,K562,0.70206016,1.0,8
ENSG00000187210,0.76130223,0.7831887,K562,0.8175914,1.0,8
ENSG00000187210,0.76130223,0.7831887,K562,0.8175914,1.0,8
ENSG00000187239,1.7130487,2.2082262,K562,0.97169185,1.0,8
ENSG00000187239,1.7825104,2.2082262,K562,0.96374446,1.0,8
ENSG00000187239,1.7357366,2.2082262,K562,0.91691786,1.0,8
ENSG00000187239,1.8339376,2.2082262,K562,0.22449677,0.1824532,8
ENSG00000187239,1.8184469,2.2082262,K562,0.8561631,0.20715562,8
ENSG00000187239,1.8123761,2.2082262,K562,0.87979466,0.0130555555,8
ENSG00000187266,1.1750813,0.6180481,K562,0.97061074,0.0,8
ENSG00000187266,1.1676797,0.6180481,K562,0.97418594,0.0,8
ENSG00000187266,1.2886758,0.6180481,K562,0.9554722,0.0,8
ENSG00000187609,0.78290445,0.73239374,K562,0.88863164,1.0,8
ENSG00000187742,1.7147927,1.4407517,K562,0.19970213,1.0,8
ENSG00000187742,1.5669239,1.4407517,K562,0.87650704,1.0,8
ENSG00000187742,1.6501852,1.4407517,K562,0.6770527,1.0,8
ENSG00000187796,0.81319255,0.18752073,K562,0.89703435,1.0,8
ENSG00000187796,1.0899026,0.18752073,K562,0.98778033,1.0,8
ENSG00000187912,1.6225393,1.9062811,K562,0.93982846,1.0,8
ENSG00000187994,1.6666842,1.679337,K562,0.96486247,1.0,8
ENSG00000187994,1.4541348,1.679337,K562,0.9559367,1.0,8
ENSG00000187994,1.3661807,1.679337,K562,0.95491505,1.0,8
ENSG00000187994,1.3491936,1.679337,K562,0.96352285,0.94342196,8
ENSG00000188033,1.3527757,0.3909351,K562,0.8124188,1.0,8
ENSG00000188033,1.4455683,0.3909351,K562,0.83278537,1.0,8
ENSG00000188051,-0.08113024,-0.88605666,K562,0.9823229,1.0,8
ENSG00000188163,0.5825418,-0.88605666,K562,0.95299923,1.0,8
ENSG00000188171,0.49191606,-0.055517327,K562,0.990666,1.0,8
ENSG00000188223,1.3079762,0.8286599,K562,0.8348325,1.0,8
ENSG00000188229,1.441006,2.5512426,K562,0.9588589,1.0,8
ENSG00000188229,1.466217,2.5512426,K562,0.94794714,1.0,8
ENSG00000188283,1.4230027,0.48429984,K562,0.687129,1.0,8
ENSG00000188283,1.5301287,0.48429984,K562,0.8185957,1.0,8
ENSG00000188312,1.4491969,1.0986438,K562,0.90553606,1.0,8
ENSG00000188312,1.5506151,1.0986438,K562,0.93242365,1.0,8
ENSG00000188321,1.0230488,0.7403627,K562,0.9052942,1.0,8
ENSG00000188321,0.6620601,0.7403627,K562,0.95058745,1.0,8
ENSG00000188321,0.8576604,0.7403627,K562,0.6582792,1.0,8
ENSG00000188321,0.87534475,0.7403627,K562,0.77709186,0.5585586,8
ENSG00000188321,0.84266984,0.7403627,K562,0.7899557,0.62015504,8
ENSG00000188493,1.5454118,1.0216027,K562,0.7470816,1.0,8
ENSG00000188566,1.5932343,1.3705131,K562,0.9638937,1.0,8
ENSG00000188566,1.5646247,1.3705131,K562,0.9541413,1.0,8
ENSG00000188566,1.6100562,1.3705131,K562,0.9501224,1.0,8
ENSG00000188566,1.5851812,1.3705131,K562,0.97704846,1.0,8
ENSG00000188566,1.6195769,1.3705131,K562,0.97520894,1.0,8
ENSG00000188566,1.4889553,1.3705131,K562,0.9736299,0.60945946,8
ENSG00000188629,-0.19594297,-0.15490197,K562,0.9895587,1.0,8
ENSG00000188647,1.2560625,0.9116902,K562,0.7437357,1.0,8
ENSG00000188747,0.7179637,-0.7447275,K562,0.96983343,1.0,8
ENSG00000188766,-0.14848329,-0.23657201,K562,0.99546474,1.0,8
ENSG00000188766,0.023322389,-0.23657201,K562,0.9837362,1.0,8
ENSG00000188785,1.3613598,1.1467481,K562,0.8949671,1.0,8
ENSG00000188785,1.3508965,1.1467481,K562,0.5451724,0.5919235,8
ENSG00000188868,1.0530391,0.35793483,K562,0.8907239,1.0,8
ENSG00000188868,0.7802772,0.35793483,K562,0.8383903,1.0,8
ENSG00000188938,1.6298393,1.4811559,K562,0.93009377,1.0,8
ENSG00000188938,1.5038726,1.4811559,K562,0.5148077,0.28536156,8
ENSG00000188986,1.5423322,1.544812,K562,0.9444527,1.0,8
ENSG00000189042,0.7925162,0.6273658,K562,0.6531432,1.0,8
ENSG00000189042,0.86992145,0.6273658,K562,0.80056214,1.0,8
ENSG00000189042,0.86992145,0.6273658,K562,0.80056214,1.0,8
ENSG00000189042,0.86992145,0.6273658,K562,0.80056214,1.0,8
ENSG00000189042,1.2332189,0.6273658,K562,0.88840085,1.0,8
ENSG00000189042,1.2332189,0.6273658,K562,0.88840085,1.0,8
ENSG00000189042,0.6533469,0.6273658,K562,0.8372104,0.4789916,8
ENSG00000189042,0.8534049,0.6273658,K562,0.8876495,0.8907563,8
ENSG00000189144,0.83280087,0.033423755,K562,0.84788585,1.0,8
ENSG00000189164,0.7986812,0.463893,K562,0.92976063,1.0,8
ENSG00000189190,1.0033267,1.0107238,K562,0.22194584,1.0,8
ENSG00000196081,0.91165537,0.46834734,K562,0.91160285,1.0,8
ENSG00000196081,0.76435065,0.46834734,K562,0.8937263,1.0,8
ENSG00000196116,1.0523686,1.0748165,K562,0.93097615,1.0,8
ENSG00000196152,1.7352095,0.86628735,K562,0.82552665,1.0,8
ENSG00000196152,1.640833,0.86628735,K562,0.39520743,0.34311512,8
ENSG00000196172,0.8513571,-0.6777807,K562,0.9127126,1.0,8
ENSG00000196214,1.322507,0.7737864,K562,0.94967896,1.0,8
ENSG00000196214,1.2071126,0.7737864,K562,0.41399366,0.49402392,8
ENSG00000196218,-0.21403599,-0.7212464,K562,0.9955558,1.0,8
ENSG00000196218,0.08485928,-0.7212464,K562,0.99210405,1.0,8
ENSG00000196235,1.8569818,1.8280151,K562,0.9529913,1.0,8
ENSG00000196235,1.932754,1.8280151,K562,0.82570356,1.0,8
ENSG00000196235,1.9080122,1.8280151,K562,0.9355118,1.0,8
ENSG00000196235,1.9275389,1.8280151,K562,0.9331987,1.0,8
ENSG00000196235,1.9032607,1.8280151,K562,0.3793954,0.487785,8
ENSG00000196268,0.94468236,0.77887446,K562,0.83393574,1.0,8
ENSG00000196305,1.5119917,1.8843422,K562,0.94382286,1.0,8
ENSG00000196305,1.3220581,1.8843422,K562,0.9114951,0.88573456,8
ENSG00000196358,-0.6924603,-0.60206,K562,0.9976138,1.0,8
ENSG00000196358,-0.57130885,-0.60206,K562,0.9970578,1.0,8
ENSG00000196363,1.5778663,1.5203525,K562,0.9583478,1.0,8
ENSG00000196365,1.66346,1.8136477,K562,0.95355976,1.0,8
ENSG00000196365,1.6655596,1.8136477,K562,0.96240956,0.91754615,8
ENSG00000196365,1.6801581,1.8136477,K562,0.96903217,0.2260062,8
ENSG00000196417,0.8652988,0.54157925,K562,0.65768284,1.0,8
ENSG00000196417,0.78632236,0.54157925,K562,0.94346875,1.0,8
ENSG00000196437,0.8504119,0.10037055,K562,0.90162826,1.0,8
ENSG00000196466,0.8210892,0.26481783,K562,0.9698547,1.0,8
ENSG00000196466,0.65697265,0.26481783,K562,0.9668315,1.0,8
ENSG00000196597,0.838122,0.5378191,K562,0.8064225,1.0,8
ENSG00000196605,0.96675074,0.4393327,K562,0.87336683,1.0,8
ENSG00000196642,1.5534395,1.851564,K562,0.8402123,1.0,8
ENSG00000196642,1.4730196,1.851564,K562,0.947909,1.0,8
ENSG00000196642,1.257416,1.851564,K562,0.7758776,1.0,8
ENSG00000196646,1.1944835,0.49968708,K562,0.84105873,1.0,8
ENSG00000196646,1.0580153,0.49968708,K562,0.7851798,0.9033613,8
ENSG00000196684,2.0067554,2.0681117,K562,0.9436962,1.0,8
ENSG00000196705,1.2144412,0.8169038,K562,0.90162593,1.0,8
ENSG00000196724,0.32595396,-0.15490197,K562,0.96875185,1.0,8
ENSG00000196730,1.4807196,1.623766,K562,0.8784036,1.0,8
ENSG00000196730,1.5120617,1.623766,K562,0.6486185,1.0,8
ENSG00000196730,1.4638064,1.623766,K562,0.9443116,1.0,8
ENSG00000196757,1.6099747,0.96661097,K562,0.86766833,1.0,8
ENSG00000196873,0.45106065,1.764923,K562,0.9624553,1.0,8
ENSG00000196873,0.38726777,1.764923,K562,0.8605169,0.008433735,8
ENSG00000196873,0.4797318,1.764923,K562,0.8749645,1.0,8
ENSG00000196873,0.36363414,1.764923,K562,0.97971433,0.4918256,8
ENSG00000196873,0.36797285,1.764923,K562,0.9257302,0.0,8
ENSG00000196873,0.42307162,1.764923,K562,0.8173664,0.19955654,8
ENSG00000196873,0.44617403,1.764923,K562,0.9731144,0.6286408,8
ENSG00000196873,0.25123093,1.764923,K562,0.98012507,0.8490566,8
ENSG00000196873,0.5559877,1.764923,K562,0.85009325,0.04923077,8
ENSG00000196961,1.5535601,1.6750448,K562,0.9427272,1.0,8
ENSG00000196961,1.5637546,1.6750448,K562,0.9365656,1.0,8
ENSG00000196961,1.5102484,1.6750448,K562,0.9614197,1.0,8
ENSG00000196967,0.7971463,0.92116606,K562,0.8465137,1.0,8
ENSG00000196967,0.7586061,0.92116606,K562,0.92465234,0.29090908,8
ENSG00000197016,0.120465726,-0.08092191,K562,0.9769472,1.0,8
ENSG00000197020,1.2510333,0.6946052,K562,0.9353916,1.0,8
ENSG00000197020,1.0582004,0.6946052,K562,0.95755196,1.0,8
ENSG00000197050,0.7304874,0.54777473,K562,0.44209707,1.0,8
ENSG00000197050,0.6743404,0.54777473,K562,0.69641495,1.0,8
ENSG00000197050,0.7068851,0.54777473,K562,0.9452825,1.0,8
ENSG00000197054,0.7463844,0.04921802,K562,0.90945417,1.0,8
ENSG00000197054,1.0062957,0.04921802,K562,0.81931233,1.0,8
ENSG00000197070,1.4145037,1.4209454,K562,0.9709297,1.0,8
ENSG00000197128,0.851579,0.40823996,K562,0.7784911,1.0,8
ENSG00000197256,1.1815999,1.2513949,K562,0.9746202,1.0,8
ENSG00000197355,1.3830802,1.0314084,K562,0.97027135,1.0,8
ENSG00000197372,1.0708864,0.88252455,K562,0.9343763,1.0,8
ENSG00000197380,0.16960558,-0.32790214,K562,0.9784208,1.0,8
ENSG00000197408,-0.38845974,-0.82390875,K562,0.99680734,1.0,8
ENSG00000197497,0.18683183,-0.060480747,K562,0.98391116,1.0,8
ENSG00000197540,-0.06645148,-0.7695511,K562,0.99486226,1.0,8
ENSG00000197579,1.5464172,0.8234742,K562,0.8466793,1.0,8
ENSG00000197619,0.8643079,0.372912,K562,0.93126017,1.0,8
ENSG00000197647,1.0056341,-0.04575749,K562,0.90462077,1.0,8
ENSG00000197694,1.0925535,1.9361618,K562,0.7401093,1.0,8
ENSG00000197694,1.2051903,1.9361618,K562,0.9295796,1.0,8
ENSG00000197694,1.1655343,1.9361618,K562,0.7116184,0.0,8
ENSG00000197694,1.3709236,1.9361618,K562,0.73158,0.9381663,8
ENSG00000197694,1.2298472,1.9361618,K562,0.48159546,0.14243071,8
ENSG00000197694,1.3554351,1.9361618,K562,0.25343174,0.03457536,8
ENSG00000197714,1.8040111,0.8182259,K562,0.9643449,1.0,8
ENSG00000197724,1.3229293,0.8881795,K562,0.9568108,1.0,8
ENSG00000197766,0.07181522,-0.23657201,K562,0.9967108,1.0,8
ENSG00000197782,1.4674748,1.0248959,K562,0.88191754,1.0,8
ENSG00000197782,1.3259726,1.0248959,K562,0.66625214,0.017114915,8
ENSG00000197808,1.207507,0.40993312,K562,0.8542788,1.0,8
ENSG00000197816,-0.58360016,-0.08092191,K562,0.99715877,1.0,8
ENSG00000197841,0.7816797,0.705008,K562,0.9104108,1.0,8
ENSG00000197841,0.9236903,0.705008,K562,0.923663,1.0,8
ENSG00000197857,1.0320321,0.44870633,K562,0.8771586,1.0,8
ENSG00000197857,1.3938975,0.44870633,K562,0.63797045,0.75793654,8
ENSG00000197863,0.9098803,0.24054925,K562,0.92196184,1.0,8
ENSG00000197933,1.0078801,0.41329977,K562,0.92993575,1.0,8
ENSG00000197933,0.9825803,0.41329977,K562,0.8832748,0.95628417,8
ENSG00000197933,1.0099273,0.41329977,K562,0.93138754,0.89285713,8
ENSG00000197937,0.6329965,0.16435285,K562,0.7463739,1.0,8
ENSG00000197951,0.89757943,0.5634811,K562,0.8215285,1.0,8
ENSG00000197951,0.89757943,0.5634811,K562,0.8215285,1.0,8
ENSG00000197961,1.4131033,1.0257154,K562,0.92328346,1.0,8
ENSG00000197961,1.751351,1.0257154,K562,0.8452134,1.0,8
ENSG00000197969,0.9342277,1.0722499,K562,0.71796334,1.0,8
ENSG00000198000,1.204226,1.3583156,K562,0.9513354,1.0,8
ENSG00000198000,1.5974395,1.3583156,K562,0.8943291,0.084153004,8
ENSG00000198000,1.5908406,1.3583156,K562,0.8980966,0.29726776,8
ENSG00000198003,0.74517876,-0.88605666,K562,0.9456064,1.0,8
ENSG00000198093,1.0117772,0.46982202,K562,0.9577749,1.0,8
ENSG00000198093,1.267076,0.46982202,K562,0.94182855,1.0,8
ENSG00000198093,0.9624839,0.46982202,K562,0.9213465,1.0,8
ENSG00000198131,1.6194656,1.6419696,K562,0.9003529,1.0,8
ENSG00000198182,0.79604316,0.23804611,K562,0.93200946,1.0,8
ENSG00000198182,0.6650984,0.23804611,K562,0.95044345,1.0,8
ENSG00000198182,0.4700573,0.23804611,K562,0.85916716,1.0,8
ENSG00000198258,1.4907467,2.6714413,K562,0.8410498,1.0,8
ENSG00000198258,1.5516096,2.6714413,K562,0.94388753,1.0,8
ENSG00000198356,1.6678545,2.0783482,K562,0.97836155,1.0,8
ENSG00000198429,0.4033485,-0.36653155,K562,0.9954835,1.0,8
ENSG00000198440,0.8563369,-0.04095861,K562,0.7443197,1.0,8
ENSG00000198453,1.035577,-0.5850267,K562,0.431369,1.0,8
ENSG00000198464,1.3424453,0.69548166,K562,0.7371191,1.0,8
ENSG00000198464,1.3424453,0.69548166,K562,0.7371191,1.0,8
ENSG00000198464,0.95355093,0.69548166,K562,0.9324146,1.0,8
ENSG00000198464,1.3128622,0.69548166,K562,0.8040782,1.0,8
ENSG00000198466,1.2700769,1.0549959,K562,0.8033897,1.0,8
ENSG00000198467,0.6618991,0.31597033,K562,0.9829773,1.0,8
ENSG00000198482,1.1864291,0.5998831,K562,0.316011,1.0,8
ENSG00000198521,0.3840714,-0.61978877,K562,0.9782372,1.0,8
ENSG00000198538,0.82000744,0.664642,K562,0.87840384,1.0,8
ENSG00000198538,1.0033267,0.664642,K562,0.9451777,0.95132744,8
ENSG00000198551,1.3141153,0.6589649,K562,0.794206,1.0,8
ENSG00000198551,1.2891005,0.6589649,K562,0.84081495,1.0,8
ENSG00000198858,1.5090611,1.7723217,K562,0.96098346,1.0,8
ENSG00000198870,1.0348151,-0.60206,K562,0.97990614,1.0,8
ENSG00000198870,1.1931517,-0.60206,K562,0.9576196,1.0,8
ENSG00000198870,1.2736093,-0.60206,K562,0.9413411,1.0,8
ENSG00000198876,1.6397669,1.4316853,K562,0.77382946,1.0,8
ENSG00000198887,1.3466781,1.2314696,K562,0.96587044,1.0,8
ENSG00000198917,1.5546701,1.5727555,K562,0.9588197,1.0,8
ENSG00000198917,1.5081153,1.5727555,K562,0.9653345,0.7749565,8
ENSG00000203326,1.0193133,0.80345714,K562,0.77732253,1.0,8
ENSG00000203326,0.83434737,0.80345714,K562,0.958513,1.0,8
ENSG00000204003,-0.013801649,-0.9586073,K562,0.99507,1.0,8
ENSG00000204514,1.3165934,1.0806265,K562,0.4713823,1.0,8
ENSG00000204519,1.0851119,0.7403627,K562,0.8202029,0.7758945,8
ENSG00000204604,0.9369323,0.6394865,K562,0.7920307,1.0,8
ENSG00000204604,0.96977985,0.6394865,K562,0.17854297,0.5842294,8
ENSG00000204611,1.0191499,0.24054925,K562,0.9591247,1.0,8
ENSG00000204611,0.8634287,0.24054925,K562,0.2788369,0.176,8
ENSG00000204673,1.7011657,1.2837534,K562,0.904383,1.0,8
ENSG00000204673,1.6803236,1.2837534,K562,0.94531626,1.0,8
ENSG00000204920,1.2971901,0.63346845,K562,0.6130058,1.0,8
ENSG00000205155,1.6321621,1.510947,K562,0.9394043,1.0,8
ENSG00000205517,-0.25226268,-0.9586073,K562,0.9922347,1.0,8
ENSG00000205744,1.6575899,1.6674529,K562,0.9578988,1.0,8
ENSG00000205744,1.5227587,1.6674529,K562,0.88561374,1.0,8
ENSG00000205744,1.8617425,1.6674529,K562,0.9824225,1.0,8
ENSG00000205744,1.7829171,1.6674529,K562,0.9456467,1.0,8
ENSG00000205744,1.7306173,1.6674529,K562,0.9581198,1.0,8
ENSG00000205744,1.7629578,1.6674529,K562,0.600688,1.0,8
ENSG00000212123,0.6374896,0.607455,K562,0.99179864,1.0,8
ENSG00000213020,1.1457115,0.7701153,K562,0.41462523,1.0,8
ENSG00000213020,1.0629561,0.7701153,K562,0.45615855,1.0,8
ENSG00000213023,-0.711553,-0.7695511,K562,0.997701,1.0,8
ENSG00000213024,1.9330399,1.7640266,K562,0.9364386,1.0,8
ENSG00000213024,1.8630631,1.7640266,K562,0.8863878,1.0,8
ENSG00000213024,1.8630631,1.7640266,K562,0.8863878,1.0,8
ENSG00000213024,1.9151739,1.7640266,K562,0.9205248,0.085623,8
ENSG00000213024,1.8630631,1.7640266,K562,0.8863878,0.11479129,8
ENSG00000213024,1.8569202,1.7640266,K562,0.88432825,0.099676974,8
ENSG00000213096,1.081388,0.8426092,K562,0.94717157,1.0,8
ENSG00000213096,1.1684872,0.8426092,K562,0.23048326,0.20583469,8
ENSG00000213221,1.232791,1.3031961,K562,0.9574468,1.0,8
ENSG00000213339,1.2463803,1.7635028,K562,0.92743635,1.0,8
ENSG00000213762,1.0814645,0.96801573,K562,0.958525,0.54270697,8
ENSG00000213889,0.6559152,0.68304706,K562,0.9738535,1.0,8
ENSG00000213930,1.4073794,1.4681996,K562,0.6751742,1.0,8
ENSG00000213930,1.4233518,1.4681996,K562,0.9328448,1.0,8
ENSG00000213930,1.5092174,1.4681996,K562,0.9619372,1.0,8
ENSG00000213930,1.3913672,1.4681996,K562,0.97240597,1.0,8
ENSG00000213930,1.4343406,1.4681996,K562,0.83488834,1.0,8
ENSG00000213965,1.2292337,0.90741134,K562,0.96690357,1.0,8
ENSG00000213967,0.7423974,0.1335389,K562,0.9436514,1.0,8
ENSG00000213967,0.6374743,0.1335389,K562,0.9485324,1.0,8
ENSG00000213967,0.6374743,0.1335389,K562,0.9485324,1.0,8
ENSG00000213988,0.23147267,-0.5850267,K562,0.99184656,1.0,8
ENSG00000213999,1.1111588,1.3818368,K562,0.9379668,1.0,8
ENSG00000214046,1.6736645,1.7041506,K562,0.9412898,1.0,8
ENSG00000214046,1.6240926,1.7041506,K562,0.902799,0.0042716786,8
ENSG00000214046,1.6259816,1.7041506,K562,0.94723636,0.58685803,8
ENSG00000214189,0.90029573,-0.013228266,K562,0.88523555,1.0,8
ENSG00000214189,0.8661876,-0.013228266,K562,0.4560415,1.0,8
ENSG00000214212,0.46489716,0.7259116,K562,0.9898099,1.0,8
ENSG00000214212,0.562938,0.7259116,K562,0.92652017,1.0,8
ENSG00000215126,0.5210354,1.0386201,K562,0.9545971,1.0,8
ENSG00000215126,0.42713696,1.0386201,K562,0.92339694,0.7876106,8
ENSG00000215126,0.5474173,1.0386201,K562,0.9755637,0.32270917,8
ENSG00000215126,0.4827857,1.0386201,K562,0.8503654,0.9179487,8
ENSG00000215126,0.5800031,1.0386201,K562,0.8024945,0.2735043,8
ENSG00000215126,0.39292234,1.0386201,K562,0.9015796,0.20512821,8
ENSG00000215187,-0.26299927,-0.43179828,K562,0.9916612,1.0,8
ENSG00000216490,1.5876237,2.6738315,K562,0.8926228,1.0,8
ENSG00000220201,0.7287117,0.6180481,K562,0.9935846,1.0,8
ENSG00000221829,1.4417919,1.6028193,K562,0.89716417,1.0,8
ENSG00000221829,1.4568346,1.6028193,K562,0.94245136,1.0,8
ENSG00000221829,1.4405679,1.6028193,K562,0.33310023,0.76708585,8
ENSG00000221923,0.8638654,1.1795518,K562,0.9204231,1.0,8
ENSG00000221923,1.1383188,1.1795518,K562,0.86195093,1.0,8
ENSG00000221946,0.15479574,-0.60206,K562,0.954416,1.0,8
ENSG00000223547,0.8063465,-0.35654733,K562,0.9604769,1.0,8
ENSG00000227500,1.8704529,1.3660492,K562,0.94667697,1.0,8
ENSG00000227500,1.6670523,1.3660492,K562,0.91187626,0.91115195,8
ENSG00000227500,1.7270044,1.3660492,K562,0.9227358,0.73294204,8
ENSG00000228300,1.7665706,1.8999846,K562,0.9520592,1.0,8
ENSG00000228300,1.7665706,1.8999846,K562,0.9520592,1.0,8
ENSG00000229833,1.6124077,1.7154183,K562,0.84713924,1.0,8
ENSG00000229833,1.6864872,1.7154183,K562,0.821025,1.0,8
ENSG00000230510,1.1399566,-0.56863624,K562,0.9246773,1.0,8
ENSG00000230510,1.2403386,-0.56863624,K562,0.9532473,1.0,8
ENSG00000237440,0.71360594,0.54157925,K562,0.92137897,1.0,8
ENSG00000237440,0.73486304,0.54157925,K562,0.93515086,1.0,8
ENSG00000238227,1.3606915,1.3320342,K562,0.9593838,1.0,8
ENSG00000239382,1.1016006,1.6721903,K562,0.968055,1.0,8
ENSG00000239382,1.1775374,1.6721903,K562,0.9522963,1.0,8
ENSG00000239382,1.1080048,1.6721903,K562,0.8766495,1.0,8
ENSG00000239382,1.110812,1.6721903,K562,0.8658168,1.0,8
ENSG00000239382,1.4848199,1.6721903,K562,0.900423,0.8801554,8
ENSG00000239382,1.5123625,1.6721903,K562,0.8191973,0.0,8
ENSG00000241697,0.18412942,-0.43179828,K562,0.9944981,1.0,8
ENSG00000242616,0.89833534,1.1580608,K562,0.8186808,1.0,8
ENSG00000243207,1.8557751,0.47129172,K562,0.9035133,1.0,8
ENSG00000243207,1.850456,0.47129172,K562,0.8491528,1.0,8
ENSG00000244115,1.0403526,-0.15490197,K562,0.8144682,1.0,8
ENSG00000244187,1.3979101,1.5137502,K562,0.815398,1.0,8
ENSG00000244187,1.4163227,1.5137502,K562,0.84080845,1.0,8
ENSG00000244187,1.4685905,1.5137502,K562,0.9033319,1.0,8
ENSG00000244187,1.3629383,1.5137502,K562,0.88072836,1.0,8
ENSG00000244187,1.4130427,1.5137502,K562,0.93464583,0.3557047,8
ENSG00000244187,1.3888124,1.5137502,K562,0.898999,0.9350474,8
ENSG00000245680,0.6365107,0.36921585,K562,0.8907502,1.0,8
ENSG00000245680,0.9114729,0.36921585,K562,0.65173453,0.36792454,8
ENSG00000249115,1.4184755,1.3338501,K562,0.7554049,1.0,8
ENSG00000249115,1.1758666,1.3338501,K562,0.93325007,1.0,8
ENSG00000249115,1.2271297,1.3338501,K562,0.9485767,1.0,8
ENSG00000249115,1.2271248,1.3338501,K562,0.87745255,0.9312389,8
ENSG00000249471,1.2394676,0.8234742,K562,0.97304714,1.0,8
ENSG00000249471,1.1619661,0.8234742,K562,0.90844744,1.0,8
ENSG00000249471,1.0559957,0.8234742,K562,0.8145699,0.022988506,8
ENSG00000249709,1.0192187,0.49692965,K562,0.77836156,1.0,8
ENSG00000250067,0.41820905,0.6884198,K562,0.9965174,1.0,8
ENSG00000250067,0.7907717,0.6884198,K562,0.98185915,0.10878661,8
ENSG00000251247,1.0081406,0.23804611,K562,0.66687834,1.0,8
ENSG00000251349,0.39357013,-0.52287877,K562,0.98005486,1.0,8
ENSG00000251349,0.18692842,-0.52287877,K562,0.9932319,1.0,8
ENSG00000251369,1.1377441,0.79588,K562,0.9116465,1.0,8
ENSG00000251369,1.1377441,0.79588,K562,0.9116465,1.0,8
ENSG00000251369,1.2801124,0.79588,K562,0.93063873,1.0,8
ENSG00000251369,0.9421866,0.79588,K562,0.9595567,1.0,8
ENSG00000251369,0.8486451,0.79588,K562,0.9142515,0.46454766,8
ENSG00000251369,0.9088175,0.79588,K562,0.91741544,0.0720339,8
ENSG00000254004,0.89878553,0.53655845,K562,0.712735,1.0,8
ENSG00000254004,0.89878553,0.53655845,K562,0.712735,1.0,8
ENSG00000254004,1.1411753,0.53655845,K562,0.30313644,0.0,8
ENSG00000254004,0.9257264,0.53655845,K562,0.79832673,0.073846154,8
ENSG00000254521,-0.36639762,-0.7695511,K562,0.99718994,1.0,8
ENSG00000254858,1.3724997,1.5298152,K562,0.9747267,1.0,8
ENSG00000254858,1.2694223,1.5298152,K562,0.6880043,0.98586893,8
ENSG00000254901,1.5723546,1.4027771,K562,0.90324396,1.0,8
ENSG00000255730,0.8277254,-0.036212172,K562,0.9788903,1.0,8
ENSG00000256087,1.3307216,0.47275645,K562,0.85374933,1.0,8
ENSG00000256087,1.2606268,0.47275645,K562,0.9491669,1.0,8
ENSG00000256087,1.0839086,0.47275645,K562,0.92614096,1.0,8
ENSG00000256087,1.0839086,0.47275645,K562,0.92614096,1.0,8
ENSG00000256229,-0.036960017,-0.82390875,K562,0.982335,1.0,8
ENSG00000256294,1.0739413,0.34830487,K562,0.9599705,1.0,8
ENSG00000256683,1.1759286,0.6803355,K562,0.89923,1.0,8
ENSG00000256683,1.0745995,0.6803355,K562,0.8680795,1.0,8
ENSG00000256771,0.95120525,0.30963016,K562,0.90952736,1.0,8
ENSG00000256771,0.9584638,0.30963016,K562,0.95625603,0.9390244,8
ENSG00000257103,1.6780605,2.1970599,K562,0.9672587,1.0,8
ENSG00000257103,1.5868995,2.1970599,K562,0.8972291,0.98715925,8
ENSG00000257103,1.5102701,2.1970599,K562,0.518259,0.3769044,8
ENSG00000258674,1.718061,0.9813655,K562,0.96444374,1.0,8
ENSG00000258674,1.3227204,0.9813655,K562,0.9699972,1.0,8
