,PredExpr,ActualExpr,CellLine,PredPsi,ActualPsi,fold_idx
ENSG00000002330,1.6559273,1.7705575,K562,0.7855432,1.0,10
ENSG00000005801,0.900137,1.3948017,K562,0.8320368,1.0,10
ENSG00000005801,0.8352333,1.3948017,K562,0.8977011,1.0,10
ENSG00000005801,0.7199433,1.3948017,K562,0.52646923,0.34742403,10
ENSG00000005801,0.71994966,1.3948017,K562,0.52626836,0.1197411,10
ENSG00000005801,0.9064616,1.3948017,K562,0.5039325,0.6449086,10
ENSG00000005801,0.91108775,1.3948017,K562,0.5038628,0.87666667,10
ENSG00000005801,0.7739952,1.3948017,K562,0.8223811,0.239212,10
ENSG00000011405,0.9584349,0.7810369,K562,0.84775484,1.0,10
ENSG00000011405,0.92565817,0.7810369,K562,0.9292887,1.0,10
ENSG00000014138,1.4058905,1.6637009,K562,0.7096436,1.0,10
ENSG00000014138,1.4715049,1.6637009,K562,0.93136066,0.7624688,10
ENSG00000014216,1.4864429,1.9276782,K562,0.9553644,1.0,10
ENSG00000014216,1.4904041,1.9276782,K562,0.9581295,1.0,10
ENSG00000019485,0.16840085,-0.124938734,K562,0.9654997,1.0,10
ENSG00000020922,0.8236888,1.1640553,K562,0.8874786,1.0,10
ENSG00000020922,1.00577,1.1640553,K562,0.8679629,1.0,10
ENSG00000020922,1.0885309,1.1640553,K562,0.89814615,1.0,10
ENSG00000020922,1.1992869,1.1640553,K562,0.9109617,0.54068714,10
ENSG00000021300,-0.5072979,0.24551266,K562,0.99293727,1.0,10
ENSG00000023191,1.5322305,1.9952841,K562,0.9043458,1.0,10
ENSG00000023191,1.5025413,1.9952841,K562,0.7335086,1.0,10
ENSG00000023191,1.5025413,1.9952841,K562,0.7335086,0.20633484,10
ENSG00000023445,1.2521842,1.8084135,K562,0.935086,1.0,10
ENSG00000023445,1.0827212,1.8084135,K562,0.9132426,1.0,10
ENSG00000025434,0.2524825,0.61278385,K562,0.92605865,1.0,10
ENSG00000025434,-0.30557027,0.61278385,K562,0.9853484,1.0,10
ENSG00000025434,0.22014618,0.61278385,K562,0.9918143,0.6298077,10
ENSG00000026508,1.2751621,2.184237,K562,0.9491563,0.5970741,10
ENSG00000026508,0.93741554,2.184237,K562,0.9477345,0.071884446,10
ENSG00000026508,1.0762343,2.184237,K562,0.8917678,0.9412366,10
ENSG00000030066,1.4899676,1.5098743,K562,0.8481674,1.0,10
ENSG00000030066,1.7472394,1.5098743,K562,0.64794147,1.0,10
ENSG00000030066,1.5125532,1.5098743,K562,0.52006537,0.010428737,10
ENSG00000033327,0.80872965,0.6608655,K562,0.75430685,1.0,10
ENSG00000036672,-0.4571819,-0.92081875,K562,0.99768,1.0,10
ENSG00000036672,-0.48976243,-0.92081875,K562,0.9969995,1.0,10
ENSG00000036672,-0.59794396,-0.92081875,K562,0.9917606,1.0,10
ENSG00000042429,1.1622729,1.2909245,K562,0.9546671,1.0,10
ENSG00000042429,1.1580522,1.2909245,K562,0.9460854,1.0,10
ENSG00000048028,1.0517902,1.2474823,K562,0.922896,1.0,10
ENSG00000048028,0.95932454,1.2474823,K562,0.46360368,0.3740458,10
ENSG00000048028,1.2501247,1.2474823,K562,0.76081073,0.8683603,10
ENSG00000048028,0.7476292,1.2474823,K562,0.8440749,0.05458515,10
ENSG00000048649,0.9848897,1.0220157,K562,0.91766995,1.0,10
ENSG00000048649,0.88213927,1.0220157,K562,0.86799514,1.0,10
ENSG00000048649,0.89574116,1.0220157,K562,0.88183224,1.0,10
ENSG00000049449,1.1536202,1.5740312,K562,0.9423182,1.0,10
ENSG00000051009,1.0265303,1.3224261,K562,0.91766703,1.0,10
ENSG00000051009,1.0913283,1.3224261,K562,0.9540378,1.0,10
ENSG00000051009,1.169165,1.3224261,K562,0.94239485,1.0,10
ENSG00000052841,1.1418408,1.5337721,K562,0.879411,1.0,10
ENSG00000052841,1.0478351,1.5337721,K562,0.91177094,0.41846758,10
ENSG00000054965,1.0008988,0.968483,K562,0.9243896,1.0,10
ENSG00000054965,1.066778,0.968483,K562,0.9237853,1.0,10
ENSG00000054965,0.9452676,0.968483,K562,0.5236294,0.0,10
ENSG00000054965,1.0843873,0.968483,K562,0.3840603,0.7582017,10
ENSG00000054965,0.7666876,0.968483,K562,0.8943496,1.0,10
ENSG00000054967,1.344928,1.2569581,K562,0.89890563,1.0,10
ENSG00000054967,1.2559536,1.2569581,K562,0.9439288,1.0,10
ENSG00000060749,1.0759649,0.7168377,K562,0.811713,1.0,10
ENSG00000062282,1.0773568,1.2148439,K562,0.96880853,1.0,10
ENSG00000064201,-0.31117085,-0.7695511,K562,0.9896365,1.0,10
ENSG00000066336,1.4862648,1.360025,K562,0.9007081,1.0,10
ENSG00000068831,-0.32150972,0.86391735,K562,0.9949215,1.0,10
ENSG00000068971,0.9829028,0.38560626,K562,0.9420899,1.0,10
ENSG00000068971,0.9993072,0.38560626,K562,0.94484055,1.0,10
ENSG00000068976,0.048105724,0.22010809,K562,0.9510125,1.0,10
ENSG00000068976,0.08040864,0.22010809,K562,0.98148227,1.0,10
ENSG00000068976,0.3716266,0.22010809,K562,0.9402761,1.0,10
ENSG00000069482,-0.76069283,-0.88605666,K562,0.99672604,1.0,10
ENSG00000069482,-0.74956733,-0.88605666,K562,0.99392325,1.0,10
ENSG00000069696,-0.6207513,-0.88605666,K562,0.9931299,1.0,10
ENSG00000069696,-0.4853106,-0.88605666,K562,0.9967758,1.0,10
ENSG00000070047,1.6935707,1.3236645,K562,0.92532647,1.0,10
ENSG00000070081,0.7293655,1.3654879,K562,0.8938974,1.0,10
ENSG00000070081,0.67519206,1.3654879,K562,0.8332314,0.6017192,10
ENSG00000070081,0.7537531,1.3654879,K562,0.9225294,0.827027,10
ENSG00000072518,1.5203145,1.2329961,K562,0.93682045,1.0,10
ENSG00000072518,1.4866669,1.2329961,K562,0.93384516,0.4513064,10
ENSG00000072518,1.5148196,1.2329961,K562,0.35631704,0.40897757,10
ENSG00000072518,1.5698154,1.2329961,K562,0.804508,0.9442231,10
ENSG00000072518,1.5698154,1.2329961,K562,0.804508,0.9647059,10
ENSG00000073921,1.1820492,1.5070459,K562,0.708348,1.0,10
ENSG00000073921,1.5695064,1.5070459,K562,0.44268715,0.2936345,10
ENSG00000073921,1.3823056,1.5070459,K562,0.72580177,0.65319324,10
ENSG00000073921,1.3233979,1.5070459,K562,0.82798505,0.34303215,10
ENSG00000074201,1.0258112,2.2545722,K562,0.78766036,1.0,10
ENSG00000074266,1.5655391,1.5678494,K562,0.81795716,1.0,10
ENSG00000074266,1.1684399,1.5678494,K562,0.6124821,0.43084076,10
ENSG00000074319,1.1095281,1.7541953,K562,0.9003955,1.0,10
ENSG00000074319,1.0598365,1.7541953,K562,0.8685107,0.9985391,10
ENSG00000075239,0.96666783,1.8902533,K562,0.8770949,1.0,10
ENSG00000075239,0.87879676,1.8902533,K562,0.91318464,1.0,10
ENSG00000075239,0.9088711,1.8902533,K562,0.8983441,1.0,10
ENSG00000075239,1.1790218,1.8902533,K562,0.5480097,1.0,10
ENSG00000075239,0.92412215,1.8902533,K562,0.9089212,0.99699205,10
ENSG00000076043,-0.39413133,0.607455,K562,0.8857396,1.0,10
ENSG00000076053,0.9701645,1.1010593,K562,0.6706257,1.0,10
ENSG00000076706,0.55677027,1.0920185,K562,0.9976593,1.0,10
ENSG00000077458,1.3895336,1.3328422,K562,0.9295178,1.0,10
ENSG00000077458,1.4855242,1.3328422,K562,0.8573694,1.0,10
ENSG00000077458,1.5170523,1.3328422,K562,0.6096127,0.39745224,10
ENSG00000077514,1.1480227,1.3529539,K562,0.60370415,1.0,10
ENSG00000077514,1.0426716,1.3529539,K562,0.90897083,1.0,10
ENSG00000077514,1.2082927,1.3529539,K562,0.91610575,1.0,10
ENSG00000077514,1.018471,1.3529539,K562,0.88029873,1.0,10
ENSG00000078124,0.8127609,0.8915374,K562,0.83796936,1.0,10
ENSG00000078124,1.0543575,0.8915374,K562,0.38736594,0.0,10
ENSG00000078124,1.0252237,0.8915374,K562,0.7008987,0.09766454,10
ENSG00000078124,0.7800507,0.8915374,K562,0.8618852,1.0,10
ENSG00000078124,0.91273266,0.8915374,K562,0.3356999,0.035476718,10
ENSG00000078124,0.9774744,0.8915374,K562,0.532855,1.0,10
ENSG00000078124,0.76259273,0.8915374,K562,0.6570385,0.03265306,10
ENSG00000078124,0.85871726,0.8915374,K562,0.84881115,0.018367346,10
ENSG00000078902,1.0576867,1.3324385,K562,0.929863,1.0,10
ENSG00000078902,1.1117661,1.3324385,K562,0.95575476,1.0,10
ENSG00000078902,0.9938708,1.3324385,K562,0.921823,0.73115724,10
ENSG00000084207,1.7493081,3.0036328,K562,0.83745545,1.0,10
ENSG00000084234,0.06939826,1.1844075,K562,0.9339798,1.0,10
ENSG00000084234,0.7351965,1.1844075,K562,0.94331884,0.701849,10
ENSG00000084234,0.59031343,1.1844075,K562,0.62665135,0.6040062,10
ENSG00000085063,1.1737595,1.9057419,K562,0.9416573,1.0,10
ENSG00000085063,1.1184793,1.9057419,K562,0.34547004,0.02948255,10
ENSG00000085063,1.1053514,1.9057419,K562,0.34947786,0.0,10
ENSG00000085117,1.2870026,1.9091815,K562,0.9675675,1.0,10
ENSG00000085117,1.4457172,1.9091815,K562,0.9432704,0.96189225,10
ENSG00000085733,-0.19716778,1.0008677,K562,0.8861648,1.0,10
ENSG00000085733,0.1355508,1.0008677,K562,0.8092472,0.38030303,10
ENSG00000086827,1.2377547,1.0025979,K562,0.94473666,1.0,10
ENSG00000086848,1.0441506,1.2557548,K562,0.79484063,1.0,10
ENSG00000086848,0.9760043,1.2557548,K562,0.34005275,0.11597151,10
ENSG00000086848,0.8857286,1.2557548,K562,0.83339256,0.9936034,10
ENSG00000086848,0.98237246,1.2557548,K562,0.7567328,0.8398876,10
ENSG00000087053,1.098357,1.1640553,K562,0.88635236,1.0,10
ENSG00000087053,1.0007609,1.1640553,K562,0.63803184,1.0,10
ENSG00000087053,1.0185186,1.1640553,K562,0.9328465,1.0,10
ENSG00000087053,0.7796169,1.1640553,K562,0.8125929,1.0,10
ENSG00000087053,0.9304064,1.1640553,K562,0.9030145,0.63570786,10
ENSG00000087365,1.6513379,2.031772,K562,0.83498585,1.0,10
ENSG00000087365,1.6115868,2.031772,K562,0.900057,1.0,10
ENSG00000087365,1.7085649,2.031772,K562,0.90562725,1.0,10
ENSG00000087884,0.7329917,0.98677176,K562,0.88171524,1.0,10
ENSG00000087884,0.5818406,0.98677176,K562,0.8298723,0.46412557,10
ENSG00000089597,1.5638776,1.942504,K562,0.96461904,1.0,10
ENSG00000089597,1.5216421,1.942504,K562,0.480705,0.32223797,10
ENSG00000089597,1.5236199,1.942504,K562,0.95962816,0.5987252,10
ENSG00000095139,1.3134388,1.8961954,K562,0.9138701,1.0,10
ENSG00000095139,1.4004428,1.8961954,K562,0.574546,0.0,10
ENSG00000095139,1.1298544,1.8961954,K562,0.9322482,0.8585918,10
ENSG00000099849,0.81545657,1.2812607,K562,0.92052186,1.0,10
ENSG00000099849,1.2085586,1.2812607,K562,0.8764,0.78102666,10
ENSG00000099849,1.0913863,1.2812607,K562,0.9187313,0.23913044,10
ENSG00000109854,0.7599415,1.4634451,K562,0.84049714,1.0,10
ENSG00000109861,1.6394194,2.3712895,K562,0.88345766,1.0,10
ENSG00000109861,1.5804036,2.3712895,K562,0.6424515,1.0,10
ENSG00000109861,1.5871964,2.3712895,K562,0.80717134,1.0,10
ENSG00000109861,1.5942847,2.3712895,K562,0.84628725,0.086419754,10
ENSG00000109881,0.58831507,0.99387693,K562,0.9208833,1.0,10
ENSG00000109911,0.6255147,1.1398791,K562,0.9519409,1.0,10
ENSG00000109917,1.0374072,1.6194065,K562,0.9013663,1.0,10
ENSG00000109919,0.9035672,1.967548,K562,0.8373428,1.0,10
ENSG00000109919,1.1035805,1.967548,K562,0.8185999,1.0,10
ENSG00000109919,1.2330966,1.967548,K562,0.7205967,1.0,10
ENSG00000109919,0.96507496,1.967548,K562,0.91309226,1.0,10
ENSG00000109920,1.3434234,2.003848,K562,0.94576615,1.0,10
ENSG00000109920,1.3927274,2.003848,K562,0.91716164,1.0,10
ENSG00000109929,0.8833587,1.4158077,K562,0.92107856,1.0,10
ENSG00000109929,0.8833587,1.4158077,K562,0.92107856,1.0,10
ENSG00000109929,1.1658525,1.4158077,K562,0.84719527,1.0,10
ENSG00000109929,0.84832036,1.4158077,K562,0.8448258,1.0,10
ENSG00000109971,1.2209644,3.2111206,K562,0.8274342,1.0,10
ENSG00000110002,-0.2507542,-0.09151498,K562,0.9589907,1.0,10
ENSG00000110011,1.5939636,1.7434313,K562,0.91170573,1.0,10
ENSG00000110011,1.3470054,1.7434313,K562,0.8037106,1.0,10
ENSG00000110011,1.3254678,1.7434313,K562,0.8939749,1.0,10
ENSG00000110013,0.37428632,0.6560982,K562,0.921812,1.0,10
ENSG00000110025,0.6994657,1.1664301,K562,0.96680766,1.0,10
ENSG00000110025,0.83131415,1.1664301,K562,0.9646143,1.0,10
ENSG00000110025,0.8930616,1.1664301,K562,0.9677802,1.0,10
ENSG00000110025,0.9606294,1.1664301,K562,0.9520281,1.0,10
ENSG00000110031,1.4894547,2.207742,K562,0.8984407,1.0,10
ENSG00000110031,1.4425731,2.207742,K562,0.76576537,0.0011535503,10
ENSG00000110031,1.4035928,2.207742,K562,0.3553144,0.996899,10
ENSG00000110042,1.2681684,0.9459607,K562,0.69939846,1.0,10
ENSG00000110042,1.5155046,0.9459607,K562,0.82938164,1.0,10
ENSG00000110046,1.2681937,0.92582756,K562,0.93669355,1.0,10
ENSG00000110047,1.6170387,1.8287244,K562,0.8211405,1.0,10
ENSG00000110047,1.6430749,1.8287244,K562,0.8045566,1.0,10
ENSG00000110048,1.0416868,1.2127202,K562,0.94802547,1.0,10
ENSG00000110048,1.1490382,1.2127202,K562,0.9312986,0.99606556,10
ENSG00000110057,1.4191697,1.7843319,K562,0.9158475,1.0,10
ENSG00000110060,0.977426,0.919601,K562,0.98150796,1.0,10
ENSG00000110060,0.80804443,0.919601,K562,0.9793788,1.0,10
ENSG00000110060,0.7008775,0.919601,K562,0.98275167,0.75308645,10
ENSG00000110063,1.4998875,1.7638022,K562,0.8774376,1.0,10
ENSG00000110066,1.4274205,1.0358298,K562,0.93464935,1.0,10
ENSG00000110066,1.5292337,1.0358298,K562,0.4978874,1.0,10
ENSG00000110066,1.346597,1.0358298,K562,0.9502465,1.0,10
ENSG00000110066,1.4412572,1.0358298,K562,0.92350674,1.0,10
ENSG00000110066,1.424454,1.0358298,K562,0.9215893,1.0,10
ENSG00000110066,1.3989342,1.0358298,K562,0.9300848,1.0,10
ENSG00000110066,1.3989342,1.0358298,K562,0.9300848,1.0,10
ENSG00000110066,1.1543579,1.0358298,K562,0.88242424,1.0,10
ENSG00000110066,1.5804065,1.0358298,K562,0.48720053,0.0,10
ENSG00000110066,1.525708,1.0358298,K562,0.442304,0.9373041,10
ENSG00000110074,1.3798063,1.6067038,K562,0.94221234,1.0,10
ENSG00000110074,1.2135637,1.6067038,K562,0.95878476,0.9923263,10
ENSG00000110074,1.3994194,1.6067038,K562,0.89722455,0.917037,10
ENSG00000110074,1.4073684,1.6067038,K562,0.8907024,0.15471698,10
ENSG00000110075,1.4092275,1.6851145,K562,0.90498036,1.0,10
ENSG00000110075,1.5308212,1.6851145,K562,0.7097343,0.05391074,10
ENSG00000110075,1.1648197,1.6851145,K562,0.9251102,0.99911624,10
ENSG00000110075,1.5087106,1.6851145,K562,0.93076223,0.7889273,10
ENSG00000110075,1.5196508,1.6851145,K562,0.9341914,0.9460416,10
ENSG00000110075,1.272126,1.6851145,K562,0.85794026,0.7866371,10
ENSG00000110075,1.6488937,1.6851145,K562,0.36679882,0.026494808,10
ENSG00000110076,-0.6330783,-0.69897,K562,0.9907397,1.0,10
ENSG00000110077,-0.10228697,0.7656686,K562,0.9234873,1.0,10
ENSG00000110079,-0.027801625,0.0,K562,0.94807637,1.0,10
ENSG00000110080,0.7368433,0.6730209,K562,0.8802021,1.0,10
ENSG00000110090,0.9286334,0.8426092,K562,0.9368866,1.0,10
ENSG00000110092,-0.57750326,-0.7212464,K562,0.99686474,1.0,10
ENSG00000110104,1.2198596,1.575765,K562,0.9724326,1.0,10
ENSG00000110107,1.5790405,1.8384713,K562,0.92349666,1.0,10
ENSG00000110107,1.6078312,1.8384713,K562,0.88961595,1.0,10
ENSG00000110107,1.547113,1.8384713,K562,0.9611204,1.0,10
ENSG00000110107,1.6031151,1.8384713,K562,0.93189526,1.0,10
ENSG00000110107,1.6540188,1.8384713,K562,0.9319474,1.0,10
ENSG00000110107,1.589234,1.8384713,K562,0.95175374,1.0,10
ENSG00000110108,1.4386373,1.943544,K562,0.9267764,1.0,10
ENSG00000110108,1.484196,1.943544,K562,0.9111869,1.0,10
ENSG00000110169,-0.25904694,-0.34678748,K562,0.976606,1.0,10
ENSG00000110171,0.73880893,1.075547,K562,0.94871217,1.0,10
ENSG00000110171,0.35248688,1.075547,K562,0.9622405,0.9285714,10
ENSG00000110172,0.65655416,1.3816565,K562,0.9353232,1.0,10
ENSG00000110172,0.7421344,1.3816565,K562,0.8271487,0.37618297,10
ENSG00000110200,1.4313418,1.842422,K562,0.5633776,1.0,10
ENSG00000110218,1.1294171,0.9425041,K562,0.8966635,1.0,10
ENSG00000110218,1.0472219,0.9425041,K562,0.8838749,1.0,10
ENSG00000110218,1.1233723,0.9425041,K562,0.9341248,1.0,10
ENSG00000110237,1.1803715,0.61278385,K562,0.9710122,1.0,10
ENSG00000110274,1.0399234,1.2464986,K562,0.9661646,1.0,10
ENSG00000110274,0.7982363,1.2464986,K562,0.95266145,0.73712736,10
ENSG00000110274,0.870967,1.2464986,K562,0.9352896,0.82550335,10
ENSG00000110315,0.12560406,0.78746045,K562,0.9779975,1.0,10
ENSG00000110321,1.3983016,2.5752687,K562,0.9002908,1.0,10
ENSG00000110321,1.4237831,2.5752687,K562,0.9115663,1.0,10
ENSG00000110321,1.2512529,2.5752687,K562,0.8084213,0.9955212,10
ENSG00000110321,1.5700388,2.5752687,K562,0.67985165,0.9460377,10
ENSG00000110321,1.5148048,2.5752687,K562,0.58069307,0.9859479,10
ENSG00000110321,1.4755168,2.5752687,K562,0.70325917,0.99407136,10
ENSG00000110324,1.4225363,1.0784568,K562,0.8154418,1.0,10
ENSG00000110324,1.418361,1.0784568,K562,0.813726,1.0,10
ENSG00000110324,1.4050673,1.0784568,K562,0.9271407,1.0,10
ENSG00000110324,1.4618896,1.0784568,K562,0.91560227,1.0,10
ENSG00000110324,1.4247805,1.0784568,K562,0.915085,1.0,10
ENSG00000110324,1.5766368,1.0784568,K562,0.9110804,0.0,10
ENSG00000110324,1.6074471,1.0784568,K562,0.8997529,0.09822866,10
ENSG00000110324,1.3846859,1.0784568,K562,0.8629211,0.94452554,10
ENSG00000110328,0.6898226,0.7466342,K562,0.94365776,1.0,10
ENSG00000110330,1.2471921,1.1806992,K562,0.79301107,1.0,10
ENSG00000110330,1.3063934,1.1806992,K562,0.82180697,1.0,10
ENSG00000110330,1.6360136,1.1806992,K562,0.59238774,0.047229793,10
ENSG00000110344,0.98737556,1.123198,K562,0.93681735,1.0,10
ENSG00000110367,1.572505,1.360404,K562,0.89763063,1.0,10
ENSG00000110395,1.2128918,0.9827234,K562,0.9261332,1.0,10
ENSG00000110395,1.3405659,0.9827234,K562,0.963426,1.0,10
ENSG00000110400,1.1561763,0.4281348,K562,0.92345065,1.0,10
ENSG00000110422,1.1554031,0.854913,K562,0.85868335,1.0,10
ENSG00000110422,1.1553273,0.854913,K562,0.89458066,0.0,10
ENSG00000110429,0.7365084,0.85064626,K562,0.92975545,1.0,10
ENSG00000110429,0.6941448,0.85064626,K562,0.92761934,1.0,10
ENSG00000110435,1.0588195,1.0413927,K562,0.9284937,1.0,10
ENSG00000110435,0.8861733,1.0413927,K562,0.91241586,1.0,10
ENSG00000110435,0.96205777,1.0413927,K562,0.8876783,1.0,10
ENSG00000110442,0.70658803,1.6377898,K562,0.8891162,1.0,10
ENSG00000110442,0.70658803,1.6377898,K562,0.8891162,1.0,10
ENSG00000110442,0.6429011,1.6377898,K562,0.35583982,0.77477044,10
ENSG00000110442,0.58117074,1.6377898,K562,0.8868249,0.3726972,10
ENSG00000110455,0.7287012,1.4438885,K562,0.94203526,1.0,10
ENSG00000110492,0.039758675,1.0941216,K562,0.9794103,1.0,10
ENSG00000110492,0.080818556,1.0941216,K562,0.98840106,1.0,10
ENSG00000110497,1.1531472,1.0906107,K562,0.943159,1.0,10
ENSG00000110497,1.2829769,1.0906107,K562,0.94683105,1.0,10
ENSG00000110497,1.2829769,1.0906107,K562,0.94683105,0.44266668,10
ENSG00000110497,1.1268626,1.0906107,K562,0.8366929,0.22615804,10
ENSG00000110514,1.3018467,1.3832767,K562,0.9009683,1.0,10
ENSG00000110514,1.2913331,1.3832767,K562,0.9173243,1.0,10
ENSG00000110514,1.4493111,1.3832767,K562,0.91591007,1.0,10
ENSG00000110514,1.43887,1.3832767,K562,0.800033,0.0544,10
ENSG00000110514,1.3779905,1.3832767,K562,0.46889177,0.0544,10
ENSG00000110514,1.4558532,1.3832767,K562,0.76019925,0.0544,10
ENSG00000110514,1.3383262,1.3832767,K562,0.91767246,0.7872,10
ENSG00000110536,1.622155,1.946845,K562,0.91436183,1.0,10
ENSG00000110536,1.622155,1.946845,K562,0.91436183,1.0,10
ENSG00000110536,1.2189274,1.946845,K562,0.8810653,0.7979181,10
ENSG00000110583,1.559812,1.3083509,K562,0.9281495,1.0,10
ENSG00000110583,1.431854,1.3083509,K562,0.7112416,0.9627383,10
ENSG00000110619,1.2053404,1.6161603,K562,0.9415871,1.0,10
ENSG00000110619,1.2294095,1.6161603,K562,0.91562694,1.0,10
ENSG00000110619,1.1897542,1.6161603,K562,0.9518409,1.0,10
ENSG00000110619,1.2944169,1.6161603,K562,0.9689753,1.0,10
ENSG00000110619,1.1717643,1.6161603,K562,0.9029892,1.0,10
ENSG00000110619,1.265182,1.6161603,K562,0.94070023,1.0,10
ENSG00000110619,1.2288367,1.6161603,K562,0.91610897,0.9774046,10
ENSG00000110619,1.0859299,1.6161603,K562,0.9540755,0.20618556,10
ENSG00000110619,1.2369888,1.6161603,K562,0.7640061,0.0,10
ENSG00000110628,0.83188623,0.5428254,K562,0.9408383,1.0,10
ENSG00000110628,0.85746974,0.5428254,K562,0.9691459,1.0,10
ENSG00000110651,1.0081184,2.0104697,K562,0.9029727,1.0,10
ENSG00000110651,0.89450985,2.0104697,K562,0.9635539,1.0,10
ENSG00000110660,1.2722107,1.3738312,K562,0.90337145,1.0,10
ENSG00000110660,1.1216502,1.3738312,K562,0.81760776,1.0,10
ENSG00000110660,1.199241,1.3738312,K562,0.943672,0.9873362,10
ENSG00000110696,1.1399183,2.0815632,K562,0.8239725,1.0,10
ENSG00000110696,0.85450584,2.0815632,K562,0.8066865,0.4905483,10
ENSG00000110697,1.1321388,1.5519377,K562,0.96841955,1.0,10
ENSG00000110697,0.9422414,1.5519377,K562,0.9729124,1.0,10
ENSG00000110697,1.1308334,1.5519377,K562,0.9485783,1.0,10
ENSG00000110697,1.0923525,1.5519377,K562,0.9498611,1.0,10
ENSG00000110697,1.0701549,1.5519377,K562,0.9247123,1.0,10
ENSG00000110697,1.0901889,1.5519377,K562,0.9100202,1.0,10
ENSG00000110711,1.4719908,2.1244717,K562,0.9669594,1.0,10
ENSG00000110711,1.5020733,2.1244717,K562,0.97071594,1.0,10
ENSG00000110713,1.6772271,1.822691,K562,0.7970904,1.0,10
ENSG00000110717,1.3270524,2.2612867,K562,0.82992107,1.0,10
ENSG00000110717,1.2146609,2.2612867,K562,0.9517383,1.0,10
ENSG00000110717,1.0380231,2.2612867,K562,0.9275229,0.00670857,10
ENSG00000110719,1.4152782,2.2682502,K562,0.95474756,1.0,10
ENSG00000110719,1.2895658,2.2682502,K562,0.9349081,1.0,10
ENSG00000110719,1.3066446,2.2682502,K562,0.9639794,1.0,10
ENSG00000110721,1.043228,1.3941013,K562,0.9034821,1.0,10
ENSG00000110721,1.139565,1.3941013,K562,0.9399474,1.0,10
ENSG00000110721,1.2079726,1.3941013,K562,0.9158938,0.9168937,10
ENSG00000110723,0.49995208,0.32221928,K562,0.6895338,1.0,10
ENSG00000110723,0.4169243,0.32221928,K562,0.9565362,1.0,10
ENSG00000110756,1.5947766,1.1583625,K562,0.7323669,1.0,10
ENSG00000110756,1.6183051,1.1583625,K562,0.7467932,1.0,10
ENSG00000110756,1.3018713,1.1583625,K562,0.7221079,0.18275154,10
ENSG00000110768,1.4236951,1.4745077,K562,0.87987995,1.0,10
ENSG00000110768,1.2903649,1.4745077,K562,0.85742027,0.09095831,10
ENSG00000110768,1.5599189,1.4745077,K562,0.91584677,0.9372716,10
ENSG00000117984,1.1308742,1.4459155,K562,0.9569124,1.0,10
ENSG00000117984,0.8699632,1.4459155,K562,0.96585876,1.0,10
ENSG00000117984,0.8751789,1.4459155,K562,0.93535405,1.0,10
ENSG00000117984,0.85785353,1.4459155,K562,0.9100767,1.0,10
ENSG00000117984,0.92800075,1.4459155,K562,0.9359648,1.0,10
ENSG00000117984,0.97639066,1.4459155,K562,0.93927354,1.0,10
ENSG00000117984,0.8852572,1.4459155,K562,0.9556561,1.0,10
ENSG00000118058,1.2975636,1.3554515,K562,0.93716604,1.0,10
ENSG00000118058,1.3400676,1.3554515,K562,0.8495999,0.016393442,10
ENSG00000118058,1.0677284,1.3554515,K562,0.9025962,1.0,10
ENSG00000118096,0.6210148,1.0499928,K562,0.9434844,1.0,10
ENSG00000118096,0.61520094,1.0499928,K562,0.9341434,0.085798815,10
ENSG00000118363,1.2679759,2.2372673,K562,0.89278036,1.0,10
ENSG00000118363,1.1632116,2.2372673,K562,0.3393476,0.34815893,10
ENSG00000118369,0.8463643,0.6434527,K562,0.88957983,1.0,10
ENSG00000118369,0.80380195,0.6434527,K562,0.8850286,1.0,10
ENSG00000118369,0.90624726,0.6434527,K562,0.85223407,1.0,10
ENSG00000120451,0.61209816,1.4132998,K562,0.93584055,1.0,10
ENSG00000120451,0.91850823,1.4132998,K562,0.9520939,0.8774139,10
ENSG00000120458,1.176264,1.0382227,K562,0.9191901,1.0,10
ENSG00000121236,0.7726558,0.5289167,K562,0.39426562,1.0,10
ENSG00000121621,0.7257221,0.9242793,K562,0.88683,1.0,10
ENSG00000121621,0.921097,0.9242793,K562,0.9308523,1.0,10
ENSG00000121653,-0.4186527,-0.48148605,K562,0.98335534,1.0,10
ENSG00000121671,1.1877577,0.85248,K562,0.95275104,1.0,10
ENSG00000121680,1.3418372,1.6602962,K562,0.87608606,1.0,10
ENSG00000121691,1.0611393,1.3057811,K562,0.54412466,1.0,10
ENSG00000123444,1.3323901,1.1367205,K562,0.89989376,1.0,10
ENSG00000123444,1.4191192,1.1367205,K562,0.9085895,1.0,10
ENSG00000123892,0.1198355,0.87215626,K562,0.94758916,1.0,10
ENSG00000123901,-0.8561992,-0.85387194,K562,0.99724185,1.0,10
ENSG00000123901,-0.8641729,-0.85387194,K562,0.99709034,1.0,10
ENSG00000124920,-0.14766315,0.1583625,K562,0.9921314,1.0,10
ENSG00000124942,0.5912402,1.2650537,K562,0.9856754,1.0,10
ENSG00000126391,1.5125933,1.6560982,K562,0.9288707,1.0,10
ENSG00000126391,1.4551411,1.6560982,K562,0.96554637,1.0,10
ENSG00000126391,1.5125933,1.6560982,K562,0.9288707,0.9730871,10
ENSG00000126391,1.4741132,1.6560982,K562,0.9587188,0.96471626,10
ENSG00000126432,1.424953,2.4470184,K562,0.88530564,1.0,10
ENSG00000126432,1.6114063,2.4470184,K562,0.8194235,0.6171171,10
ENSG00000126432,1.5203162,2.4470184,K562,0.9550505,0.95469743,10
ENSG00000129083,1.3615587,1.7093548,K562,0.94386536,1.0,10
ENSG00000129083,1.1921626,1.7093548,K562,0.83116597,1.0,10
ENSG00000129084,1.377049,2.2534833,K562,0.77696496,1.0,10
ENSG00000129158,0.7534723,1.1451964,K562,0.9212802,1.0,10
ENSG00000129158,0.73156387,1.1451964,K562,0.9455427,1.0,10
ENSG00000129158,0.9126902,1.1451964,K562,0.49021545,0.102564104,10
ENSG00000129158,0.8520264,1.1451964,K562,0.93199456,0.35,10
ENSG00000129167,-0.3519935,-0.33724216,K562,0.99277085,1.0,10
ENSG00000129167,-0.3651898,-0.33724216,K562,0.99594045,1.0,10
ENSG00000129173,0.6568774,1.0827854,K562,0.96460044,1.0,10
ENSG00000129749,0.21002865,-0.03151705,K562,0.9605326,1.0,10
ENSG00000131620,-0.40973014,-0.85387194,K562,0.99431926,1.0,10
ENSG00000131626,1.1117872,1.0849335,K562,0.7858929,1.0,10
ENSG00000131626,1.1417127,1.0849335,K562,0.6279425,0.006954103,10
ENSG00000131626,0.9293634,1.0849335,K562,0.4093118,0.055632822,10
ENSG00000132109,1.0987872,1.2713768,K562,0.9509652,1.0,10
ENSG00000132109,1.1854969,1.2713768,K562,0.95555943,1.0,10
ENSG00000132254,1.3631263,1.7125655,K562,0.9427726,1.0,10
ENSG00000132254,1.4422362,1.7125655,K562,0.8856546,0.086045854,10
ENSG00000132254,1.3191738,1.7125655,K562,0.8981044,0.9659844,10
ENSG00000132254,1.197513,1.7125655,K562,0.91160536,0.35164836,10
ENSG00000132254,1.4679517,1.7125655,K562,0.7752303,0.14814815,10
ENSG00000132254,1.4483095,1.7125655,K562,0.6848208,0.8425089,10
ENSG00000132256,1.1464541,1.2819419,K562,0.9147437,1.0,10
ENSG00000132256,1.4415734,1.2819419,K562,0.6034856,0.72600347,10
ENSG00000132274,1.4218757,2.1553056,K562,0.895496,1.0,10
ENSG00000132274,1.5715622,2.1553056,K562,0.39195257,1.0,10
ENSG00000132275,1.2490351,1.231979,K562,0.7597256,1.0,10
ENSG00000132286,1.5939773,1.5246557,K562,0.9119308,1.0,10
ENSG00000132286,1.6325111,1.5246557,K562,0.8129949,0.901967,10
ENSG00000132740,1.3970356,1.0674429,K562,0.9583422,1.0,10
ENSG00000132740,1.346906,1.0674429,K562,0.93578285,1.0,10
ENSG00000132740,1.317955,1.0674429,K562,0.9657052,1.0,10
ENSG00000132740,1.3225363,1.0674429,K562,0.9480024,0.7667087,10
ENSG00000133315,1.1106344,1.2882493,K562,0.95748997,1.0,10
ENSG00000133315,1.0411252,1.2882493,K562,0.8794918,0.43069306,10
ENSG00000133316,1.6718991,1.8591383,K562,0.96491385,1.0,10
ENSG00000133316,1.6950052,1.8591383,K562,0.80719084,0.8228094,10
ENSG00000133318,0.9962509,1.5337721,K562,0.7293507,1.0,10
ENSG00000133318,0.86679643,1.5337721,K562,0.7294272,1.0,10
ENSG00000133318,0.8499078,1.5337721,K562,0.43773806,0.0,10
ENSG00000133318,0.6873326,1.5337721,K562,0.8317472,0.0045801527,10
ENSG00000133318,0.6547577,1.5337721,K562,0.93167686,0.011222323,10
ENSG00000133318,0.925306,1.5337721,K562,0.8363281,0.99937284,10
ENSG00000133318,0.77597356,1.5337721,K562,0.9011323,0.96864223,10
ENSG00000133321,0.62017214,1.0394142,K562,0.9294325,1.0,10
ENSG00000133321,0.6751271,1.0394142,K562,0.9313307,1.0,10
ENSG00000133328,0.26482886,0.9604708,K562,0.97041535,1.0,10
ENSG00000133789,1.2147663,1.4396484,K562,0.93500584,1.0,10
ENSG00000133789,1.0678854,1.4396484,K562,0.9090632,0.9527472,10
ENSG00000133794,1.1565139,1.1182647,K562,0.8519114,1.0,10
ENSG00000133794,1.3545045,1.1182647,K562,0.9049842,1.0,10
ENSG00000133805,0.49796033,1.2185355,K562,0.9842944,1.0,10
ENSG00000133805,0.4899245,1.2185355,K562,0.98608565,1.0,10
ENSG00000133805,0.2854449,1.2185355,K562,0.9756311,0.94639176,10
ENSG00000133812,-0.45397508,-0.21467017,K562,0.9871366,1.0,10
ENSG00000133816,-0.37072408,0.24797326,K562,0.9608552,1.0,10
ENSG00000133816,-0.05284121,0.24797326,K562,0.9151568,1.0,10
ENSG00000133818,0.64284307,1.5158738,K562,0.9712326,1.0,10
ENSG00000133884,1.33987,1.4197906,K562,0.9465556,1.0,10
ENSG00000133884,1.3084621,1.4197906,K562,0.9610234,0.9502971,10
ENSG00000133884,1.495137,1.4197906,K562,0.9615425,0.9504043,10
ENSG00000133895,1.1919571,1.408918,K562,0.90316886,1.0,10
ENSG00000134333,1.3614228,3.0156615,K562,0.89211017,1.0,10
ENSG00000134333,1.3817434,3.0156615,K562,0.43306324,9.288156e-05,10
ENSG00000134333,1.3191367,3.0156615,K562,0.8876118,0.96566576,10
ENSG00000134333,1.3118423,3.0156615,K562,0.9075971,0.28462026,10
ENSG00000134569,-0.6501839,-0.9586073,K562,0.99089444,1.0,10
ENSG00000134569,-0.66396743,-0.9586073,K562,0.9947856,1.0,10
ENSG00000134574,1.4564154,2.0526555,K562,0.8999642,1.0,10
ENSG00000134574,1.70705,2.0526555,K562,0.61806643,0.996105,10
ENSG00000134574,1.4564154,2.0526555,K562,0.8999642,0.99358106,10
ENSG00000134574,1.6630547,2.0526555,K562,0.9236263,0.9057907,10
ENSG00000134575,1.6669595,1.0257154,K562,0.9665445,1.0,10
ENSG00000134575,1.6966803,1.0257154,K562,0.8147465,0.98134327,10
ENSG00000134627,-0.530081,-0.49485,K562,0.97308344,1.0,10
ENSG00000134627,-0.42023277,-0.49485,K562,0.9777393,1.0,10
ENSG00000134627,-0.25950414,-0.49485,K562,0.96674883,1.0,10
ENSG00000134627,-0.53927594,-0.49485,K562,0.98106444,1.0,10
ENSG00000134627,-0.42637348,-0.49485,K562,0.98397326,1.0,10
ENSG00000134627,-0.449987,-0.49485,K562,0.9918065,1.0,10
ENSG00000134802,1.6328955,1.9509974,K562,0.7626084,1.0,10
ENSG00000134809,1.5702081,2.2604291,K562,0.68022275,1.0,10
ENSG00000134809,1.5769181,2.2604291,K562,0.7339811,1.0,10
ENSG00000134824,1.3649869,2.215188,K562,0.9432205,1.0,10
ENSG00000134825,1.9094837,2.3095024,K562,0.83620524,1.0,10
ENSG00000134825,1.740157,2.3095024,K562,0.94370323,1.0,10
ENSG00000134825,1.8902105,2.3095024,K562,0.90595,1.0,10
ENSG00000134825,1.8908864,2.3095024,K562,0.9057716,1.0,10
ENSG00000134910,1.2302599,1.7380667,K562,0.8578459,1.0,10
ENSG00000134910,1.2099862,1.7380667,K562,0.8883022,1.0,10
ENSG00000134910,1.3650593,1.7380667,K562,0.9454551,1.0,10
ENSG00000134910,1.3453317,1.7380667,K562,0.9423435,1.0,10
ENSG00000134910,1.4485861,1.7380667,K562,0.64674526,0.05180641,10
ENSG00000134910,1.2302599,1.7380667,K562,0.8578459,0.3102833,10
ENSG00000134954,1.6195462,1.7073998,K562,0.91589737,1.0,10
ENSG00000134954,1.6195462,1.7073998,K562,0.91589737,1.0,10
ENSG00000134955,0.56389517,0.38021123,K562,0.95370847,1.0,10
ENSG00000135362,-0.6742854,-0.026872147,K562,0.9809018,1.0,10
ENSG00000135363,-0.19583294,0.1583625,K562,0.95436275,1.0,10
ENSG00000135365,1.1978056,1.1667261,K562,0.9034613,1.0,10
ENSG00000135365,1.2051626,1.1667261,K562,0.6922889,1.0,10
ENSG00000135365,1.3114109,1.1667261,K562,0.35053697,1.0,10
ENSG00000135372,1.5833125,1.6932871,K562,0.89941424,1.0,10
ENSG00000135387,1.4873704,2.2040927,K562,0.9138641,1.0,10
ENSG00000135387,1.4814129,2.2040927,K562,0.9498828,1.0,10
ENSG00000137474,-0.6381693,-0.9586073,K562,0.97915924,1.0,10
ENSG00000137478,1.6648467,1.5440681,K562,0.8392188,1.0,10
ENSG00000137478,1.686046,1.5440681,K562,0.92251134,1.0,10
ENSG00000137478,1.5627015,1.5440681,K562,0.9579479,1.0,10
ENSG00000137478,1.5520326,1.5440681,K562,0.48118535,0.00086767896,10
ENSG00000137478,1.4043689,1.5440681,K562,0.7268451,0.99913234,10
ENSG00000137478,1.083872,1.5440681,K562,0.49986598,0.06637744,10
ENSG00000137478,1.7854756,1.5440681,K562,0.7619079,0.30390334,10
ENSG00000137486,0.06731916,0.1583625,K562,0.9585299,1.0,10
ENSG00000137486,0.46048087,0.1583625,K562,0.9615037,1.0,10
ENSG00000137486,0.41137928,0.1583625,K562,0.545354,0.2,10
ENSG00000137491,-0.6645419,-0.27572414,K562,0.9962872,1.0,10
ENSG00000137492,0.41715008,1.2177471,K562,0.87621737,1.0,10
ENSG00000137492,0.41946155,1.2177471,K562,0.9208275,1.0,10
ENSG00000137492,0.37109122,1.2177471,K562,0.89725775,1.0,10
ENSG00000137494,0.7409734,0.1398791,K562,0.8378594,1.0,10
ENSG00000137494,0.69147235,0.1398791,K562,0.947825,1.0,10
ENSG00000137496,1.4611423,1.2260841,K562,0.9257872,1.0,10
ENSG00000137497,1.5162234,1.8190172,K562,0.97539616,1.0,10
ENSG00000137497,1.5136926,1.8190172,K562,0.7979418,0.33754513,10
ENSG00000137497,1.5911906,1.8190172,K562,0.78746736,0.58766234,10
ENSG00000137497,1.3270733,1.8190172,K562,0.31952596,0.008111239,10
ENSG00000137497,1.4973588,1.8190172,K562,0.8882238,0.10366492,10
ENSG00000137500,0.81517154,1.5838786,K562,0.86840254,1.0,10
ENSG00000137500,0.9026593,1.5838786,K562,0.90455884,1.0,10
ENSG00000137500,0.9026593,1.5838786,K562,0.90455884,1.0,10
ENSG00000137500,0.9920899,1.5838786,K562,0.6067527,1.0,10
ENSG00000137501,-0.789795,-0.63827217,K562,0.99680066,1.0,10
ENSG00000137502,1.657836,0.88195497,K562,0.81829846,1.0,10
ENSG00000137504,1.1293008,1.6017342,K562,0.8077205,1.0,10
ENSG00000137504,1.2789584,1.6017342,K562,0.53547007,1.0,10
ENSG00000137507,0.3088882,1.0449315,K562,0.9617872,1.0,10
ENSG00000137509,0.82757145,1.0802656,K562,0.93248606,1.0,10
ENSG00000137509,0.8862041,1.0802656,K562,0.5530093,0.49868765,10
ENSG00000137513,0.8629003,1.2177471,K562,0.49628693,1.0,10
ENSG00000137513,0.89465994,1.2177471,K562,0.88596725,1.0,10
ENSG00000137522,1.2988269,1.5899496,K562,0.87480193,1.0,10
ENSG00000137522,1.2572224,1.5899496,K562,0.87728435,0.4009434,10
ENSG00000137522,1.2311089,1.5899496,K562,0.5188781,0.015396169,10
ENSG00000137656,1.4268351,1.2730013,K562,0.92225355,1.0,10
ENSG00000137656,1.3374147,1.2730013,K562,0.9046271,1.0,10
ENSG00000137692,0.7739791,1.7572441,K562,0.93296474,1.0,10
ENSG00000137692,0.635927,1.7572441,K562,0.9244235,0.8701748,10
ENSG00000137710,0.9198007,1.3300077,K562,0.935324,1.0,10
ENSG00000137710,0.99857944,1.3300077,K562,0.9044182,1.0,10
ENSG00000137713,1.0007945,1.3336488,K562,0.866852,1.0,10
ENSG00000137713,1.0444187,1.3336488,K562,0.8747247,0.77212715,10
ENSG00000137713,1.3524799,1.3336488,K562,0.7824692,1.0,10
ENSG00000137714,0.83158815,0.76937735,K562,0.9124236,1.0,10
ENSG00000137714,0.62677115,0.76937735,K562,0.9430182,1.0,10
ENSG00000137720,0.7406104,1.6809697,K562,0.90659934,1.0,10
ENSG00000137747,-0.35601634,-0.3767507,K562,0.9981812,1.0,10
ENSG00000137747,-0.53479534,-0.3767507,K562,0.99295914,1.0,10
ENSG00000137747,-0.53515416,-0.3767507,K562,0.99460185,1.0,10
ENSG00000137747,-0.48667842,-0.3767507,K562,0.9967313,1.0,10
ENSG00000137747,-0.57915,-0.3767507,K562,0.9966903,1.0,10
ENSG00000137747,-0.50858754,-0.3767507,K562,0.9862183,1.0,10
ENSG00000137747,-0.60568815,-0.3767507,K562,0.99597615,1.0,10
ENSG00000137747,-0.61035544,-0.3767507,K562,0.9933335,1.0,10
ENSG00000137747,-0.5372815,-0.3767507,K562,0.9967449,1.0,10
ENSG00000137747,-0.5372815,-0.3767507,K562,0.9967449,1.0,10
ENSG00000137747,-0.5937467,-0.3767507,K562,0.99641645,1.0,10
ENSG00000137747,-0.5937467,-0.3767507,K562,0.99641645,1.0,10
ENSG00000137760,1.0692649,0.74193907,K562,0.9072241,1.0,10
ENSG00000137760,0.9056019,0.74193907,K562,0.8989086,1.0,10
ENSG00000137760,1.1441286,0.74193907,K562,0.47300848,0.97659576,10
ENSG00000141956,1.2050579,1.071882,K562,0.92872363,1.0,10
ENSG00000141956,1.5857972,1.071882,K562,0.8506666,0.15882353,10
ENSG00000141956,1.4780195,1.071882,K562,0.9563069,0.0,10
ENSG00000141959,1.3207057,2.0620553,K562,0.9678312,1.0,10
ENSG00000142082,0.9502339,1.2718416,K562,0.83693796,1.0,10
ENSG00000142082,1.0515325,1.2718416,K562,0.9285055,0.96703297,10
ENSG00000142082,0.9947724,1.2718416,K562,0.93102354,0.8642534,10
ENSG00000142102,0.8536142,0.8162413,K562,0.9687573,1.0,10
ENSG00000142166,1.3076768,0.9694159,K562,0.9172149,1.0,10
ENSG00000142168,0.9813034,2.2318008,K562,0.85152185,1.0,10
ENSG00000142178,-0.30607587,0.23552845,K562,0.94029546,1.0,10
ENSG00000142178,-0.11463196,0.23552845,K562,0.95415235,1.0,10
ENSG00000142185,0.5501961,0.57518786,K562,0.94096947,1.0,10
ENSG00000142185,0.58099765,0.57518786,K562,0.9452991,1.0,10
ENSG00000142186,1.3210676,1.7811807,K562,0.9341939,1.0,10
ENSG00000142188,0.830674,1.1832699,K562,0.89277637,1.0,10
ENSG00000142188,1.0730748,1.1832699,K562,0.8330041,1.0,10
ENSG00000142188,1.3463212,1.1832699,K562,0.93097997,0.23007247,10
ENSG00000142188,0.9190901,1.1832699,K562,0.9000181,0.06915378,10
ENSG00000142192,0.12840748,1.6522464,K562,0.9332422,1.0,10
ENSG00000142197,0.6175282,0.59439254,K562,0.92675406,1.0,10
ENSG00000142207,1.217421,0.90902084,K562,0.93063986,1.0,10
ENSG00000142207,1.0585076,0.90902084,K562,0.9507449,1.0,10
ENSG00000146670,1.7550119,1.8210547,K562,0.8920537,1.0,10
ENSG00000148925,0.7227293,1.2559958,K562,0.87176776,1.0,10
ENSG00000148925,0.78350323,1.2559958,K562,0.9127969,0.7376093,10
ENSG00000148935,0.9925601,1.0648322,K562,0.91804594,1.0,10
ENSG00000148943,1.0189061,0.90525603,K562,0.9200089,1.0,10
ENSG00000148943,1.0486628,0.90525603,K562,0.8899613,1.0,10
ENSG00000148943,1.0066246,0.90525603,K562,0.89792293,1.0,10
ENSG00000148950,0.6930832,1.7702627,K562,0.905487,1.0,10
ENSG00000148950,0.47593862,1.7702627,K562,0.89936584,1.0,10
ENSG00000148950,0.6318303,1.7702627,K562,0.90555334,0.0027261463,10
ENSG00000148950,0.69294107,1.7702627,K562,0.9017472,0.9866667,10
ENSG00000148950,0.660943,1.7702627,K562,0.38051802,0.07638889,10
ENSG00000148950,0.67627716,1.7702627,K562,0.86912614,0.16339067,10
ENSG00000148985,1.3744667,1.4721712,K562,0.9655916,1.0,10
ENSG00000148985,1.3508105,1.4721712,K562,0.93997335,1.0,10
ENSG00000148985,1.2748811,1.4721712,K562,0.9249818,0.5071336,10
ENSG00000148985,1.2906113,1.4721712,K562,0.8106081,0.1904762,10
ENSG00000148985,1.3291972,1.4721712,K562,0.8567773,0.0025510204,10
ENSG00000148985,1.2394693,1.4721712,K562,0.9532485,0.09699769,10
ENSG00000148985,1.3835794,1.4721712,K562,0.9657362,1.0,10
ENSG00000149016,1.5105768,1.2296818,K562,0.9305136,1.0,10
ENSG00000149054,0.020690314,0.21484385,K562,0.85580784,1.0,10
ENSG00000149054,-0.0617619,0.21484385,K562,0.9518519,1.0,10
ENSG00000149084,1.0930293,1.6090605,K562,0.82075673,1.0,10
ENSG00000149084,1.0804746,1.6090605,K562,0.8872966,1.0,10
ENSG00000149084,0.99714726,1.6090605,K562,0.9021839,1.0,10
ENSG00000149084,1.0750142,1.6090605,K562,0.5074474,1.0,10
ENSG00000149084,1.1068022,1.6090605,K562,0.8619906,1.0,10
ENSG00000149089,0.8765735,1.500648,K562,0.8266061,1.0,10
ENSG00000149089,0.9308637,1.500648,K562,0.9313373,1.0,10
ENSG00000149091,0.9907405,1.7704102,K562,0.8288395,1.0,10
ENSG00000149091,0.9827308,1.7704102,K562,0.94069856,0.9814593,10
ENSG00000149100,1.0647459,2.6314843,K562,0.7534167,1.0,10
ENSG00000149100,1.2116992,2.6314843,K562,0.8668875,1.0,10
ENSG00000149100,1.0647459,2.6314843,K562,0.7534167,0.0015370428,10
ENSG00000149100,1.3461885,2.6314843,K562,0.8974706,0.9800797,10
ENSG00000149100,1.3190234,2.6314843,K562,0.7905844,0.8115905,10
ENSG00000149100,1.1476351,2.6314843,K562,0.61578476,0.12961648,10
ENSG00000149115,1.0414771,0.69108146,K562,0.9436383,1.0,10
ENSG00000149115,1.0417042,0.69108146,K562,0.90979654,1.0,10
ENSG00000149136,1.4688716,2.0585778,K562,0.955156,1.0,10
ENSG00000149136,1.4507948,2.0585778,K562,0.95396346,1.0,10
ENSG00000149150,1.2403325,1.0941216,K562,0.92247415,1.0,10
ENSG00000149150,0.9834458,1.0941216,K562,0.94153947,1.0,10
ENSG00000149150,1.2455541,1.0941216,K562,0.90824723,1.0,10
ENSG00000149177,0.3647278,0.8363241,K562,0.94811356,1.0,10
ENSG00000149177,0.244014,0.8363241,K562,0.9618731,1.0,10
ENSG00000149179,0.42541474,1.1911714,K562,0.91198325,0.9828291,10
ENSG00000149179,0.42281157,1.1911714,K562,0.88621265,1.0,10
ENSG00000149179,0.5064096,1.1911714,K562,0.90597314,0.029389601,10
ENSG00000149182,1.5168748,1.7715875,K562,0.9062398,1.0,10
ENSG00000149182,1.4923849,1.7715875,K562,0.9047678,0.977887,10
ENSG00000149187,1.3450685,1.8391637,K562,0.9532275,1.0,10
ENSG00000149187,1.3002098,1.8391637,K562,0.9037221,1.0,10
ENSG00000149196,0.8698365,1.6007551,K562,0.9325533,1.0,10
ENSG00000149196,0.8436341,1.6007551,K562,0.9060613,1.0,10
ENSG00000149196,0.8436341,1.6007551,K562,0.9060613,1.0,10
ENSG00000149196,1.3376878,1.6007551,K562,0.63772154,0.036373507,10
ENSG00000149196,0.8698365,1.6007551,K562,0.9325533,0.9662424,10
ENSG00000149196,0.8811276,1.6007551,K562,0.95901084,0.015384615,10
ENSG00000149196,0.992459,1.6007551,K562,0.93798196,0.027327614,10
ENSG00000149201,-0.48005357,-0.7695511,K562,0.9707746,1.0,10
ENSG00000149212,-0.21490926,0.23552845,K562,0.9729872,1.0,10
ENSG00000149212,-0.09154975,0.23552845,K562,0.95299035,1.0,10
ENSG00000149212,-0.32322174,0.23552845,K562,0.9474174,1.0,10
ENSG00000149212,-0.27435657,0.23552845,K562,0.95076305,1.0,10
ENSG00000149231,1.1197646,1.3053514,K562,0.4906796,1.0,10
ENSG00000149257,1.129927,1.1348144,K562,0.9260309,1.0,10
ENSG00000149257,1.129927,1.1348144,K562,0.9260309,1.0,10
ENSG00000149257,1.2428308,1.1348144,K562,0.94868237,1.0,10
ENSG00000149257,1.3580289,1.1348144,K562,0.4166825,0.024774775,10
ENSG00000149260,-0.3064719,-0.82390875,K562,0.89481264,1.0,10
ENSG00000149262,0.81491613,1.500648,K562,0.86311334,1.0,10
ENSG00000149262,0.9613468,1.500648,K562,0.8305467,0.9672727,10
ENSG00000149262,0.97225875,1.500648,K562,0.39530948,0.020480854,10
ENSG00000149269,1.1574416,1.9333354,K562,0.70272845,1.0,10
ENSG00000149269,1.2880886,1.9333354,K562,0.6714338,0.10631688,10
ENSG00000149269,0.8474329,1.9333354,K562,0.89604956,0.9066384,10
ENSG00000149289,0.847657,0.37474835,K562,0.9566471,1.0,10
ENSG00000149292,0.9831545,0.8241258,K562,0.9201494,1.0,10
ENSG00000149308,1.2195556,1.069298,K562,0.8714209,1.0,10
ENSG00000149308,1.3531201,1.069298,K562,0.9446853,1.0,10
ENSG00000149311,1.1911211,1.3902284,K562,0.8792411,1.0,10
ENSG00000149311,1.5772729,1.3902284,K562,0.5069557,0.98245615,10
ENSG00000149311,1.2395108,1.3902284,K562,0.9308901,1.0,10
ENSG00000149313,1.0765402,1.4463818,K562,0.85749567,1.0,10
ENSG00000149313,1.3501258,1.4463818,K562,0.803345,1.0,10
ENSG00000149313,1.1143298,1.4463818,K562,0.8211977,0.8613753,10
ENSG00000149328,-0.37653595,-0.18045606,K562,0.99523133,1.0,10
ENSG00000149357,1.5098069,2.0072355,K562,0.94626886,1.0,10
ENSG00000149418,-0.4806857,-0.18708664,K562,0.99802375,1.0,10
ENSG00000149418,-0.34483472,-0.18708664,K562,0.997059,1.0,10
ENSG00000149428,1.4917066,1.9329301,K562,0.9092448,1.0,10
ENSG00000149428,1.4948161,1.9329301,K562,0.96624726,0.9996038,10
ENSG00000149428,1.4422542,1.9329301,K562,0.8648651,0.99001426,10
ENSG00000149428,1.4131155,1.9329301,K562,0.7602142,0.0003875218,10
ENSG00000149476,1.616713,1.8022262,K562,0.7814416,1.0,10
ENSG00000149476,1.4445872,1.8022262,K562,0.8593253,1.0,10
ENSG00000149476,1.2837949,1.8022262,K562,0.86919916,1.0,10
ENSG00000149476,1.3930271,1.8022262,K562,0.94486034,1.0,10
ENSG00000149476,1.7649913,1.8022262,K562,0.7346689,0.24649532,10
ENSG00000149476,1.4272192,1.8022262,K562,0.3496129,0.24182244,10
ENSG00000149480,1.511968,2.034187,K562,0.9457002,1.0,10
ENSG00000149480,1.6371046,2.034187,K562,0.9553056,1.0,10
ENSG00000149483,1.5374321,1.5778364,K562,0.89799446,1.0,10
ENSG00000149485,0.700326,1.4490153,K562,0.9625919,1.0,10
ENSG00000149489,1.0961461,0.09342168,K562,0.781189,1.0,10
ENSG00000149499,1.4197919,1.6367887,K562,0.92905235,1.0,10
ENSG00000149503,1.5146458,1.6222141,K562,0.7830101,1.0,10
ENSG00000149532,1.6669866,1.7108786,K562,0.9407986,1.0,10
ENSG00000149532,1.6444292,1.7108786,K562,0.94921577,1.0,10
ENSG00000149532,1.4326165,1.7108786,K562,0.85388297,1.0,10
ENSG00000149541,1.0114232,1.6489452,K562,0.93939,1.0,10
ENSG00000149541,1.1935437,1.6489452,K562,0.81402737,1.0,10
ENSG00000149541,1.1912969,1.6489452,K562,0.80231017,1.0,10
ENSG00000149541,1.2754978,1.6489452,K562,0.7670754,0.004850651,10
ENSG00000149547,1.2611876,1.7179201,K562,0.6488741,1.0,10
ENSG00000149547,1.271421,1.7179201,K562,0.9289315,0.9767878,10
ENSG00000149547,1.2989857,1.7179201,K562,0.9350601,0.7435233,10
ENSG00000149547,1.3049026,1.7179201,K562,0.9360634,0.083333336,10
ENSG00000149547,1.2845168,1.7179201,K562,0.6541992,0.002037121,10
ENSG00000149554,1.4517179,1.5481436,K562,0.6376269,1.0,10
ENSG00000149554,1.265198,1.5481436,K562,0.8198849,1.0,10
ENSG00000149554,1.3114617,1.5481436,K562,0.8567846,1.0,10
ENSG00000149554,1.1017752,1.5481436,K562,0.86882645,1.0,10
ENSG00000149554,1.442709,1.5481436,K562,0.9227073,1.0,10
ENSG00000149554,1.2416725,1.5481436,K562,0.84105426,0.76018584,10
ENSG00000149554,1.2178403,1.5481436,K562,0.8830017,0.99283266,10
ENSG00000149554,1.3459963,1.5481436,K562,0.81449634,0.24358243,10
ENSG00000149557,0.39057016,0.9294189,K562,0.98247564,1.0,10
ENSG00000149557,0.46302468,0.9294189,K562,0.97279185,0.9776876,10
ENSG00000149564,1.0373199,1.2787536,K562,0.95921516,1.0,10
ENSG00000149573,-0.62654305,0.3283796,K562,0.99488974,1.0,10
ENSG00000149577,1.2143693,1.1711411,K562,0.82806647,1.0,10
ENSG00000149577,0.97105724,1.1711411,K562,0.95134604,1.0,10
ENSG00000149577,1.1250249,1.1711411,K562,0.9685422,1.0,10
ENSG00000149577,1.1541817,1.1711411,K562,0.9519367,1.0,10
ENSG00000149577,1.2729857,1.1711411,K562,0.84688514,1.0,10
ENSG00000149577,1.2815027,1.1711411,K562,0.90403736,1.0,10
ENSG00000149577,1.288164,1.1711411,K562,0.90386575,1.0,10
ENSG00000149577,1.2827083,1.1711411,K562,0.8661095,1.0,10
ENSG00000149577,1.2219877,1.1711411,K562,0.95043707,1.0,10
ENSG00000149577,1.1407759,1.1711411,K562,0.94620574,1.0,10
ENSG00000149577,1.228339,1.1711411,K562,0.58489877,0.04227213,10
ENSG00000149577,1.2769301,1.1711411,K562,0.87008286,0.94260204,10
ENSG00000149582,0.5160088,0.8494194,K562,0.9476993,1.0,10
ENSG00000149582,0.23264396,0.8494194,K562,0.9296047,0.9430199,10
ENSG00000149582,0.43046767,0.8494194,K562,0.9123959,0.7146597,10
ENSG00000149591,0.23438865,0.4913617,K562,0.9854983,1.0,10
ENSG00000149591,0.7470592,0.4913617,K562,0.9859384,1.0,10
ENSG00000149591,0.77994806,0.4913617,K562,0.9724574,1.0,10
ENSG00000149716,0.59325165,1.3362596,K562,0.56531245,1.0,10
ENSG00000149716,0.87636906,1.3362596,K562,0.9412424,1.0,10
ENSG00000149716,0.8472238,1.3362596,K562,0.9405121,1.0,10
ENSG00000149716,0.8870761,1.3362596,K562,0.831552,1.0,10
ENSG00000149716,1.0769746,1.3362596,K562,0.9282478,0.942029,10
ENSG00000149743,1.4320569,1.5789828,K562,0.9296103,1.0,10
ENSG00000149743,1.7874002,1.5789828,K562,0.663596,1.0,10
ENSG00000149743,1.7261839,1.5789828,K562,0.8484374,1.0,10
ENSG00000149743,1.7089907,1.5789828,K562,0.94379354,1.0,10
ENSG00000149743,1.849337,1.5789828,K562,0.9078797,0.3826291,10
ENSG00000149761,1.7311854,1.9351544,K562,0.82603717,1.0,10
ENSG00000149761,1.7330897,1.9351544,K562,0.9202376,1.0,10
ENSG00000149781,1.7282863,2.1501422,K562,0.877997,1.0,10
ENSG00000149781,1.7244176,2.1501422,K562,0.97045815,1.0,10
ENSG00000149781,1.7513214,2.1501422,K562,0.97123486,1.0,10
ENSG00000149781,1.7065296,2.1501422,K562,0.945914,1.0,10
ENSG00000149782,0.8207233,0.7930916,K562,0.9485159,1.0,10
ENSG00000149782,0.79357463,0.7930916,K562,0.9751024,1.0,10
ENSG00000149806,1.8435254,3.0245636,K562,0.9188193,1.0,10
ENSG00000149806,1.8455235,3.0245636,K562,0.91686845,1.0,10
ENSG00000149806,1.7662128,3.0245636,K562,0.8393683,0.7715321,10
ENSG00000149809,1.1228144,1.483302,K562,0.9229997,0.80615944,10
ENSG00000149809,0.798132,1.483302,K562,0.9630735,1.0,10
ENSG00000149823,1.4614115,2.0874975,K562,0.9703197,1.0,10
ENSG00000149823,1.4386994,2.0874975,K562,0.9614033,1.0,10
ENSG00000150433,0.92039055,1.3469394,K562,0.91909957,1.0,10
ENSG00000150433,1.0752468,1.3469394,K562,0.8618733,0.0855615,10
ENSG00000150433,1.0826831,1.3469394,K562,0.65853125,0.0,10
ENSG00000150455,1.4142427,0.77887446,K562,0.91406035,1.0,10
ENSG00000150455,0.93027323,0.77887446,K562,0.89511025,0.2413793,10
ENSG00000150455,0.96062344,0.77887446,K562,0.85252774,0.41404358,10
ENSG00000150764,-0.47509983,-0.23657201,K562,0.9895723,1.0,10
ENSG00000150764,-0.3025084,-0.23657201,K562,0.98876405,1.0,10
ENSG00000150764,-0.20517504,-0.23657201,K562,0.9707333,1.0,10
ENSG00000150764,-0.081481524,-0.23657201,K562,0.958686,1.0,10
ENSG00000150768,1.3489971,1.41946,K562,0.9407557,1.0,10
ENSG00000150768,1.104856,1.41946,K562,0.9106777,1.0,10
ENSG00000150773,0.7299904,-0.30103,K562,0.7862584,1.0,10
ENSG00000150776,1.267051,1.1832699,K562,0.8688099,1.0,10
ENSG00000150776,1.2116623,1.1832699,K562,0.89656395,1.0,10
ENSG00000150776,1.1034707,1.1832699,K562,0.8036282,1.0,10
ENSG00000150779,1.3826008,2.0439515,K562,0.6936078,0.06940407,10
ENSG00000150787,1.4244456,1.0899051,K562,0.73550206,1.0,10
ENSG00000150787,1.3269874,1.0899051,K562,0.3721306,0.3820628,10
ENSG00000151116,0.9245083,0.8981765,K562,0.56219363,1.0,10
ENSG00000151116,0.8370212,0.8981765,K562,0.9086191,0.64777327,10
ENSG00000151116,0.9306968,0.8981765,K562,0.8692617,0.47666666,10
ENSG00000151116,0.9289463,0.8981765,K562,0.8853189,0.9867257,10
ENSG00000151116,0.95763105,0.8981765,K562,0.85507786,1.0,10
ENSG00000151117,-0.22609755,-0.92081875,K562,0.9825303,1.0,10
ENSG00000151348,0.74518263,1.1264561,K562,0.9352568,1.0,10
ENSG00000151348,0.1250427,1.1264561,K562,0.9409246,1.0,10
ENSG00000151348,0.7215286,1.1264561,K562,0.8883649,1.0,10
ENSG00000151366,1.155642,2.1901076,K562,0.7439487,0.8072488,10
ENSG00000151376,-0.6292578,-0.85387194,K562,0.9904392,1.0,10
ENSG00000151498,1.0529389,1.3354579,K562,0.79152656,1.0,10
ENSG00000151498,0.72062665,1.3354579,K562,0.8511596,0.9307011,10
ENSG00000151498,0.7308946,1.3354579,K562,0.8514341,0.30769232,10
ENSG00000151498,0.89492995,1.3354579,K562,0.8290476,0.21446384,10
ENSG00000151498,1.1360146,1.3354579,K562,0.566004,0.93195266,10
ENSG00000151498,0.88887835,1.3354579,K562,0.82832205,0.9002849,10
ENSG00000151498,1.1360146,1.3354579,K562,0.566004,0.9977827,10
ENSG00000151500,1.094204,1.7093548,K562,0.94029313,1.0,10
ENSG00000151500,1.1213497,1.7093548,K562,0.9371587,1.0,10
ENSG00000151500,0.88158816,1.7093548,K562,0.87291604,1.0,10
ENSG00000151500,1.0623809,1.7093548,K562,0.87775666,1.0,10
ENSG00000151500,1.1532912,1.7093548,K562,0.46944812,1.0,10
ENSG00000151500,1.1508049,1.7093548,K562,0.46885046,1.0,10
ENSG00000151500,1.2623081,1.7093548,K562,0.9348632,0.6357112,10
ENSG00000151502,1.0456543,1.0777311,K562,0.9622329,1.0,10
ENSG00000151502,1.1369491,1.0777311,K562,0.9536819,1.0,10
ENSG00000151503,1.2324262,1.5900612,K562,0.95089304,1.0,10
ENSG00000151503,1.0609956,1.5900612,K562,0.9474141,1.0,10
ENSG00000151503,0.9573272,1.5900612,K562,0.799523,1.0,10
ENSG00000151503,1.1549263,1.5900612,K562,0.9598291,0.010494245,10
ENSG00000152219,1.1954149,1.2089785,K562,0.83923066,1.0,10
ENSG00000152270,-0.43954,0.20682588,K562,0.969069,1.0,10
ENSG00000152270,-0.38006726,0.20682588,K562,0.9594416,1.0,10
ENSG00000152404,0.5399435,0.5550944,K562,0.9068635,1.0,10
ENSG00000152404,0.57223815,0.5550944,K562,0.9251654,1.0,10
ENSG00000152404,0.46192843,0.5550944,K562,0.88227314,0.089020774,10
ENSG00000152558,1.102886,1.7589118,K562,0.85626,1.0,10
ENSG00000152558,1.3118601,1.7589118,K562,0.61374307,0.96587926,10
ENSG00000154114,0.6667511,0.7686381,K562,0.93054676,1.0,10
ENSG00000154114,0.7179717,0.7686381,K562,0.9487729,1.0,10
ENSG00000154144,1.2016021,1.4371161,K562,0.8815381,1.0,10
ENSG00000154144,1.136206,1.4371161,K562,0.872043,0.9663158,10
ENSG00000154144,1.1938853,1.4371161,K562,0.95464915,0.5032467,10
ENSG00000154144,1.3275813,1.4371161,K562,0.682022,0.41002572,10
ENSG00000154146,-0.18234666,0.4409091,K562,0.98249614,1.0,10
ENSG00000154146,0.3256994,0.4409091,K562,0.70168656,1.0,10
ENSG00000154640,0.95533127,1.413635,K562,0.88426137,1.0,10
ENSG00000154640,0.9478453,1.413635,K562,0.39925137,0.082340755,10
ENSG00000154642,1.2636831,1.2491983,K562,0.89793783,1.0,10
ENSG00000154642,1.2636831,1.2491983,K562,0.89793783,1.0,10
ENSG00000154642,1.5532452,1.2491983,K562,0.7825781,1.0,10
ENSG00000154642,1.5214046,1.2491983,K562,0.7758894,0.49786976,10
ENSG00000154723,1.1313205,2.51025,K562,0.85448575,1.0,10
ENSG00000154723,1.6297269,2.51025,K562,0.49471417,0.024979183,10
ENSG00000154727,1.1004087,1.0986438,K562,0.9036858,1.0,10
ENSG00000154727,1.1272321,1.0986438,K562,0.9179998,1.0,10
ENSG00000154727,1.1588429,1.0986438,K562,0.84291786,0.9991625,10
ENSG00000155304,1.0222462,0.924796,K562,0.8500362,1.0,10
ENSG00000155307,1.2128205,1.5254335,K562,0.73660195,0.004415011,10
ENSG00000155313,0.40045694,1.2016702,K562,0.9212743,1.0,10
ENSG00000155313,0.28851607,1.2016702,K562,0.90899473,1.0,10
ENSG00000155313,0.47900152,1.2016702,K562,0.9047482,0.0,10
ENSG00000155313,0.58245164,1.2016702,K562,0.8986647,0.15563299,10
ENSG00000156239,0.66428715,0.77887446,K562,0.8970225,1.0,10
ENSG00000156239,0.71297,0.77887446,K562,0.80127937,0.6971235,10
ENSG00000156253,1.0380156,1.0216027,K562,0.92993903,1.0,10
ENSG00000156253,0.9840775,1.0216027,K562,0.86662775,0.2904412,10
ENSG00000156253,1.1004443,1.0216027,K562,0.42696515,0.0,10
ENSG00000156256,1.338756,1.3074961,K562,0.87993616,1.0,10
ENSG00000156256,1.2804124,1.3074961,K562,0.6000901,1.0,10
ENSG00000156261,1.3753612,2.4083927,K562,0.7778812,1.0,10
ENSG00000156261,1.3477366,2.4083927,K562,0.9155757,0.98639375,10
ENSG00000156273,1.0235944,0.72181064,K562,0.8947738,1.0,10
ENSG00000156273,1.0235944,0.72181064,K562,0.8947738,1.0,10
ENSG00000156273,1.1364065,0.72181064,K562,0.91474324,1.0,10
ENSG00000156304,1.2826962,1.217484,K562,0.8439631,1.0,10
ENSG00000156304,1.0424676,1.217484,K562,0.82919997,1.0,10
ENSG00000156587,1.3820722,2.1273315,K562,0.9416688,1.0,10
ENSG00000156599,1.6313856,1.6153187,K562,0.916702,1.0,10
ENSG00000156599,1.5549233,1.6153187,K562,0.9414658,0.78044224,10
ENSG00000156603,1.1511915,1.1886473,K562,0.9400567,1.0,10
ENSG00000156738,1.4084085,2.616612,K562,0.88066185,1.0,10
ENSG00000157538,1.2087848,1.6284912,K562,0.89731246,1.0,10
ENSG00000157538,1.408428,1.6284912,K562,0.84279734,1.0,10
ENSG00000157538,1.4082601,1.6284912,K562,0.7134059,0.7640013,10
ENSG00000157538,1.4462388,1.6284912,K562,0.66173875,0.0,10
ENSG00000157540,1.3957137,1.36135,K562,0.45229325,1.0,10
ENSG00000157540,1.4962618,1.36135,K562,0.88511795,0.2591944,10
ENSG00000157540,1.6920304,1.36135,K562,0.93780786,1.0,10
ENSG00000157557,0.89406496,0.68214506,K562,0.83736634,1.0,10
ENSG00000157613,0.45906746,-0.55284196,K562,0.9198871,1.0,10
ENSG00000157613,0.28182772,-0.55284196,K562,0.979699,1.0,10
ENSG00000157617,1.1311929,0.9652017,K562,0.9440126,1.0,10
ENSG00000158483,0.7158062,0.7944881,K562,0.8731041,1.0,10
ENSG00000158483,0.69883054,0.7944881,K562,0.9013707,1.0,10
ENSG00000158483,0.90538275,0.7944881,K562,0.81728613,0.4457143,10
ENSG00000158483,0.90538275,0.7944881,K562,0.81728613,0.30068338,10
ENSG00000158483,0.8373758,0.7944881,K562,0.8366474,0.0,10
ENSG00000158483,0.65209484,0.7944881,K562,0.8818703,0.24009901,10
ENSG00000158483,0.65209484,0.7944881,K562,0.8818703,0.37142858,10
ENSG00000158555,0.31724232,1.238046,K562,0.94964606,1.0,10
ENSG00000158555,0.3604616,1.238046,K562,0.942844,1.0,10
ENSG00000158555,0.45838648,1.238046,K562,0.9444321,0.2595339,10
ENSG00000158555,0.18571827,1.238046,K562,0.926389,0.92367905,10
ENSG00000158555,0.25808498,1.238046,K562,0.8870338,0.0,10
ENSG00000158636,0.86055195,1.114611,K562,0.9030478,1.0,10
ENSG00000158636,0.7895928,1.114611,K562,0.37797752,0.24269006,10
ENSG00000158636,0.7882073,1.114611,K562,0.86622876,0.9096386,10
ENSG00000158636,0.95022935,1.114611,K562,0.82312703,0.6169014,10
ENSG00000158636,0.84937376,1.114611,K562,0.8948616,0.94586897,10
ENSG00000159055,0.77289623,1.3255156,K562,0.91384447,1.0,10
ENSG00000159063,0.806353,1.5690225,K562,0.9206453,1.0,10
ENSG00000159063,0.779499,1.5690225,K562,0.70558333,1.0,10
ENSG00000159063,0.9105208,1.5690225,K562,0.95559657,1.0,10
ENSG00000159063,1.0422744,1.5690225,K562,0.7096283,1.0,10
ENSG00000159063,0.76011187,1.5690225,K562,0.72543675,0.07087447,10
ENSG00000159063,1.0109036,1.5690225,K562,0.40083075,0.0034965035,10
ENSG00000159079,0.9676184,1.4528593,K562,0.94904083,1.0,10
ENSG00000159079,1.0485151,1.4528593,K562,0.8225635,0.44755837,10
ENSG00000159082,0.8333296,0.31597033,K562,0.92791915,1.0,10
ENSG00000159082,0.7880129,0.31597033,K562,0.9216105,1.0,10
ENSG00000159086,1.0639662,1.3888115,K562,0.856419,1.0,10
ENSG00000159110,1.3771471,1.4875625,K562,0.9304232,1.0,10
ENSG00000159110,1.3017116,1.4875625,K562,0.7472362,0.0,10
ENSG00000159128,1.672919,1.8159096,K562,0.826323,1.0,10
ENSG00000159131,1.3632426,1.7309437,K562,0.9500397,1.0,10
ENSG00000159140,1.5257468,1.9883806,K562,0.89928687,1.0,10
ENSG00000159140,1.3995507,1.9883806,K562,0.855062,0.55376345,10
ENSG00000159140,1.465923,1.9883806,K562,0.8478004,0.21659635,10
ENSG00000159147,0.987721,1.3117539,K562,0.84303874,1.0,10
ENSG00000159147,0.97089833,1.3117539,K562,0.92307514,0.9330986,10
ENSG00000159200,0.80588937,0.92992955,K562,0.8827969,1.0,10
ENSG00000159228,0.74595547,2.0502636,K562,0.7265752,1.0,10
ENSG00000159228,0.73319435,2.0502636,K562,0.72373253,1.0,10
ENSG00000159256,1.1083624,1.0733517,K562,0.92386824,1.0,10
ENSG00000159256,1.1366932,1.0733517,K562,0.91517675,1.0,10
ENSG00000159256,0.8196885,1.0733517,K562,0.6591359,0.57409567,10
ENSG00000159259,0.88752025,1.0891984,K562,0.8846528,1.0,10
ENSG00000159259,0.7429828,1.0891984,K562,0.8792251,1.0,10
ENSG00000159267,0.6427955,0.88874096,K562,0.8353085,1.0,10
ENSG00000159267,0.790621,0.88874096,K562,0.7785024,1.0,10
ENSG00000160185,-0.50091195,-0.56863624,K562,0.9823491,1.0,10
ENSG00000160190,1.1485825,1.3275633,K562,0.923181,1.0,10
ENSG00000160193,1.4964266,1.60206,K562,0.9277366,1.0,10
ENSG00000160193,1.4709837,1.60206,K562,0.95294565,1.0,10
ENSG00000160194,0.7828254,1.3751147,K562,0.9214499,1.0,10
ENSG00000160194,0.7828254,1.3751147,K562,0.9214499,1.0,10
ENSG00000160194,1.0726501,1.3751147,K562,0.63339424,0.82514817,10
ENSG00000160199,1.2771112,1.0817072,K562,0.93083656,1.0,10
ENSG00000160199,0.9676246,1.0817072,K562,0.924013,0.9514563,10
ENSG00000160200,0.21996376,0.38738984,K562,0.97072846,1.0,10
ENSG00000160201,-0.1874555,2.0573618,K562,0.97169465,1.0,10
ENSG00000160201,-0.053652517,2.0573618,K562,0.92379516,0.0,10
ENSG00000160201,-0.25106516,2.0573618,K562,0.9696843,0.0,10
ENSG00000160207,0.93410045,-0.23657201,K562,0.8759181,1.0,10
ENSG00000160208,1.0515685,1.4454485,K562,0.9206267,1.0,10
ENSG00000160208,1.0807662,1.4454485,K562,0.6928525,1.0,10
ENSG00000160209,1.3545928,1.7398096,K562,0.8017482,1.0,10
ENSG00000160209,1.27614,1.7398096,K562,0.90814656,1.0,10
ENSG00000160209,1.3563383,1.7398096,K562,0.91288114,1.0,10
ENSG00000160209,1.4208236,1.7398096,K562,0.93269765,0.999,10
ENSG00000160213,1.3315506,1.6755034,K562,0.90678686,1.0,10
ENSG00000160214,1.5374135,1.4332896,K562,0.86560524,1.0,10
ENSG00000160214,1.5639777,1.4332896,K562,0.9375491,1.0,10
ENSG00000160216,1.281213,1.6225249,K562,0.96011025,1.0,10
ENSG00000160218,1.5837826,1.3508292,K562,0.93934286,1.0,10
ENSG00000160218,1.7190553,1.3508292,K562,0.8933378,0.36068702,10
ENSG00000160221,-0.059566848,1.3025473,K562,0.97033364,1.0,10
ENSG00000160221,-0.059566848,1.3025473,K562,0.97033364,1.0,10
ENSG00000160223,0.48787457,1.0119932,K562,0.9662221,1.0,10
ENSG00000160223,0.4408725,1.0119932,K562,0.96339655,0.98073024,10
ENSG00000160226,1.0231527,1.3354579,K562,0.9505687,1.0,10
ENSG00000160226,1.3035204,1.3354579,K562,0.42873743,1.0,10
ENSG00000160226,1.3113816,1.3354579,K562,0.32813412,0.015204678,10
ENSG00000160255,1.3898094,1.7190826,K562,0.96014047,1.0,10
ENSG00000160256,1.3670347,1.6888646,K562,0.94972056,1.0,10
ENSG00000160256,1.1226084,1.6888646,K562,0.85646063,1.0,10
ENSG00000160284,0.29119587,0.7242759,K562,0.95173097,1.0,10
ENSG00000160284,0.56286997,0.7242759,K562,0.51618594,0.036538463,10
ENSG00000160285,1.2299715,1.7367151,K562,0.6388136,1.0,10
ENSG00000160294,1.412808,1.6306312,K562,0.9044095,1.0,10
ENSG00000160294,1.4742026,1.6306312,K562,0.93579245,1.0,10
ENSG00000160294,1.4948051,1.6306312,K562,0.945784,1.0,10
ENSG00000160298,1.2689183,1.3255156,K562,0.88014406,1.0,10
ENSG00000160298,1.3341713,1.3255156,K562,0.96026343,1.0,10
ENSG00000160298,1.3160952,1.3255156,K562,0.9600076,1.0,10
ENSG00000160298,1.2861619,1.3255156,K562,0.8037553,0.5876153,10
ENSG00000160299,1.3388095,1.3653008,K562,0.9633711,1.0,10
ENSG00000160305,0.9896471,1.177825,K562,0.8539401,1.0,10
ENSG00000160305,1.2009585,1.177825,K562,0.9442172,1.0,10
ENSG00000160305,1.1732543,1.177825,K562,0.9084193,1.0,10
ENSG00000160305,1.2439344,1.177825,K562,0.93947774,1.0,10
ENSG00000160305,1.2385082,1.177825,K562,0.9485753,1.0,10
ENSG00000160305,1.2041006,1.177825,K562,0.92204845,1.0,10
ENSG00000160305,1.3492193,1.177825,K562,0.77466184,0.912766,10
ENSG00000160310,1.2224727,1.4922014,K562,0.9530028,1.0,10
ENSG00000160310,1.3085804,1.4922014,K562,0.9601743,1.0,10
ENSG00000160310,0.923351,1.4922014,K562,0.9203763,1.0,10
ENSG00000160310,1.2772608,1.4922014,K562,0.7254641,0.10227875,10
ENSG00000160310,0.93339604,1.4922014,K562,0.9213394,0.6507937,10
ENSG00000160310,1.102613,1.4922014,K562,0.94373536,0.4370861,10
ENSG00000160584,1.51349,1.0817072,K562,0.92713183,1.0,10
ENSG00000160584,1.1911867,1.0817072,K562,0.9373348,0.40653357,10
ENSG00000160588,0.95522183,0.665581,K562,0.9480632,0.803532,10
ENSG00000160613,1.7089992,1.765445,K562,0.7999838,1.0,10
ENSG00000160613,1.082125,1.765445,K562,0.94124097,0.74307543,10
ENSG00000160703,0.9054824,1.1179339,K562,0.8736217,1.0,10
ENSG00000160703,0.80925786,1.1179339,K562,0.9057006,1.0,10
ENSG00000161328,0.9268448,0.17609125,K562,0.94452137,1.0,10
ENSG00000162129,1.0094934,1.2725378,K562,0.90707874,1.0,10
ENSG00000162129,1.1366658,1.2725378,K562,0.876501,1.0,10
ENSG00000162129,1.1793562,1.2725378,K562,0.7468395,1.0,10
ENSG00000162129,1.2051569,1.2725378,K562,0.8827312,1.0,10
ENSG00000162129,1.0847158,1.2725378,K562,0.93116724,0.17971663,10
ENSG00000162129,1.2205322,1.2725378,K562,0.80884,0.9464832,10
ENSG00000162129,0.98324865,1.2725378,K562,0.62510616,0.025963807,10
ENSG00000162139,1.4778647,1.1562462,K562,0.7337291,1.0,10
ENSG00000162139,1.1324365,1.1562462,K562,0.9371826,0.92298436,10
ENSG00000162144,1.7457006,1.7898626,K562,0.82414424,1.0,10
ENSG00000162144,1.7734853,1.7898626,K562,0.79360425,1.0,10
ENSG00000162144,1.516107,1.7898626,K562,0.88920474,1.0,10
ENSG00000162148,-0.43552417,-0.055517327,K562,0.99110985,1.0,10
ENSG00000162174,-0.42380348,0.6242821,K562,0.9633717,1.0,10
ENSG00000162174,-0.43370926,0.6242821,K562,0.9751331,1.0,10
ENSG00000162174,-0.43370926,0.6242821,K562,0.9751331,1.0,10
ENSG00000162174,-0.32630256,0.6242821,K562,0.96743774,1.0,10
ENSG00000162174,-0.32657295,0.6242821,K562,0.95325977,1.0,10
ENSG00000162174,-0.33354306,0.6242821,K562,0.97488266,1.0,10
ENSG00000162174,-0.21464756,0.6242821,K562,0.9762137,0.76582277,10
ENSG00000162191,1.3792357,2.125774,K562,0.71401876,1.0,10
ENSG00000162194,1.5502264,0.9694159,K562,0.9421258,1.0,10
ENSG00000162194,1.4806588,0.9694159,K562,0.78001726,1.0,10
ENSG00000162194,1.5402105,0.9694159,K562,0.8882967,1.0,10
ENSG00000162222,1.6540956,1.5911759,K562,0.9142659,1.0,10
ENSG00000162222,1.6540956,1.5911759,K562,0.9142659,1.0,10
ENSG00000162222,1.2400553,1.5911759,K562,0.6478478,0.09475806,10
ENSG00000162227,1.3938761,1.452553,K562,0.9691142,1.0,10
ENSG00000162231,1.5741833,1.6553305,K562,0.96384114,1.0,10
ENSG00000162231,1.4585198,1.6553305,K562,0.8718364,0.009197752,10
ENSG00000162236,1.4877107,1.4192947,K562,0.9575272,1.0,10
ENSG00000162236,1.6137426,1.4192947,K562,0.93959653,1.0,10
ENSG00000162236,1.5571766,1.4192947,K562,0.96390045,1.0,10
ENSG00000162236,1.5374134,1.4192947,K562,0.9406621,1.0,10
ENSG00000162241,1.4774387,1.4539295,K562,0.44990596,1.0,10
ENSG00000162298,1.8623871,1.4574277,K562,0.95151764,1.0,10
ENSG00000162298,1.9755819,1.4574277,K562,0.9487345,1.0,10
ENSG00000162298,2.0046606,1.4574277,K562,0.9420655,1.0,10
ENSG00000162300,1.667385,1.418467,K562,0.9279061,1.0,10
ENSG00000162337,0.8945093,1.000434,K562,0.9539071,1.0,10
ENSG00000162337,1.0371966,1.000434,K562,0.9742013,1.0,10
ENSG00000162337,1.0460966,1.000434,K562,0.9741614,1.0,10
ENSG00000162337,1.00331,1.000434,K562,0.97427183,1.0,10
ENSG00000162337,1.0235325,1.000434,K562,0.9490596,1.0,10
ENSG00000162337,1.0867889,1.000434,K562,0.96546924,0.98364234,10
ENSG00000162337,1.084768,1.000434,K562,0.9727738,0.016357688,10
ENSG00000162341,1.0534081,1.0874264,K562,0.9066518,1.0,10
ENSG00000162341,1.1912978,1.0874264,K562,0.917774,1.0,10
ENSG00000162341,1.2696238,1.0874264,K562,0.8748189,0.6666667,10
ENSG00000162341,1.117677,1.0874264,K562,0.903533,0.6666667,10
ENSG00000165434,0.2891817,-0.88605666,K562,0.9006464,1.0,10
ENSG00000165434,0.2591186,-0.88605666,K562,0.96045023,1.0,10
ENSG00000165434,0.27491438,-0.88605666,K562,0.9639874,1.0,10
ENSG00000165458,1.3389522,1.832445,K562,0.8784081,1.0,10
ENSG00000165458,1.2941228,1.832445,K562,0.94178677,1.0,10
ENSG00000165458,1.3460255,1.832445,K562,0.9153799,1.0,10
ENSG00000165458,1.2347753,1.832445,K562,0.8776492,1.0,10
ENSG00000165458,1.3439115,1.832445,K562,0.9090063,1.0,10
ENSG00000165458,1.1097794,1.832445,K562,0.9548803,0.7812108,10
ENSG00000165490,0.9931726,0.813581,K562,0.4189975,1.0,10
ENSG00000165490,0.79350597,0.813581,K562,0.77555346,0.056790125,10
ENSG00000165490,1.3227031,0.813581,K562,0.71843344,0.96434635,10
ENSG00000165494,0.84732,1.6802448,K562,0.86641866,1.0,10
ENSG00000165494,0.95810026,1.6802448,K562,0.9492037,1.0,10
ENSG00000165526,1.2776115,1.5310955,K562,0.8273089,1.0,10
ENSG00000165526,1.3097374,1.5310955,K562,0.95112956,1.0,10
ENSG00000165526,1.3193811,1.5310955,K562,0.95716244,1.0,10
ENSG00000165526,1.3718357,1.5310955,K562,0.8499189,1.0,10
ENSG00000165895,0.52918285,0.33445376,K562,0.87890834,1.0,10
ENSG00000165905,-0.57038146,-0.5850267,K562,0.9972728,1.0,10
ENSG00000165912,-0.1273995,-0.30980393,K562,0.9858635,1.0,10
ENSG00000165915,0.92895216,1.2164298,K562,0.97491634,1.0,10
ENSG00000165916,1.6114018,2.0872488,K562,0.93708533,1.0,10
ENSG00000165923,0.8345724,0.8234742,K562,0.6847545,1.0,10
ENSG00000165923,0.76765275,0.8234742,K562,0.9656785,1.0,10
ENSG00000166002,1.0009258,1.4479328,K562,0.7639832,1.0,10
ENSG00000166004,0.9900908,1.0806265,K562,0.87901056,1.0,10
ENSG00000166004,1.05088,1.0806265,K562,0.94437605,0.5462428,10
ENSG00000166012,1.5275247,2.2085488,K562,0.8455939,1.0,10
ENSG00000166016,0.7822819,0.06069784,K562,0.9621178,1.0,10
ENSG00000166037,1.3337685,1.4992746,K562,0.79394704,1.0,10
ENSG00000166037,1.2976878,1.4992746,K562,0.87964803,1.0,10
ENSG00000166037,1.343749,1.4992746,K562,0.8786617,1.0,10
ENSG00000166037,1.170085,1.4992746,K562,0.8996155,1.0,10
ENSG00000166037,1.2581289,1.4992746,K562,0.5973473,0.06562194,10
ENSG00000166037,1.2967926,1.4992746,K562,0.8967319,0.9003713,10
ENSG00000166086,-0.27861795,-0.60206,K562,0.994467,1.0,10
ENSG00000166105,-0.67628205,0.22271647,K562,0.9972363,1.0,10
ENSG00000166181,0.68923503,1.9164013,K562,0.88559973,1.0,10
ENSG00000166181,0.97890204,1.9164013,K562,0.78242356,0.034776725,10
ENSG00000166181,0.87054,1.9164013,K562,0.9282536,0.9992983,10
ENSG00000166199,0.6723538,1.3404441,K562,0.93815356,1.0,10
ENSG00000166199,0.64117074,1.3404441,K562,0.8925476,0.7602975,10
ENSG00000166199,0.49222982,1.3404441,K562,0.93486154,0.09698276,10
ENSG00000166261,1.0516262,1.0421816,K562,0.9532111,1.0,10
ENSG00000166261,1.14974,1.0421816,K562,0.6325957,0.54395604,10
ENSG00000166266,0.9568601,0.9489018,K562,0.943539,1.0,10
ENSG00000166311,0.8190083,0.87273884,K562,0.8805652,1.0,10
ENSG00000166311,0.8190083,0.87273884,K562,0.8805652,0.8953975,10
ENSG00000166313,0.23901165,0.8299467,K562,0.9771727,1.0,10
ENSG00000166326,1.1261554,1.3326404,K562,0.90507245,1.0,10
ENSG00000166326,1.0519891,1.3326404,K562,0.9431154,1.0,10
ENSG00000166326,1.0631938,1.3326404,K562,0.8037102,1.0,10
ENSG00000166333,1.5073075,1.8776592,K562,0.94168466,1.0,10
ENSG00000166333,1.464109,1.8776592,K562,0.9679387,1.0,10
ENSG00000166333,1.4763857,1.8776592,K562,0.95481867,1.0,10
ENSG00000166333,1.5093055,1.8776592,K562,0.906705,0.95152336,10
ENSG00000166333,1.4749428,1.8776592,K562,0.9371638,0.9969683,10
ENSG00000166333,1.4393297,1.8776592,K562,0.94410247,0.9969683,10
ENSG00000166337,1.7773349,2.3183763,K562,0.900686,1.0,10
ENSG00000166340,1.2705758,1.5818359,K562,0.6907402,1.0,10
ENSG00000166340,1.261716,1.5818359,K562,0.8298176,1.0,10
ENSG00000166341,-0.4910916,-0.24412514,K562,0.9935376,1.0,10
ENSG00000166387,1.3461224,1.4435759,K562,0.8995566,1.0,10
ENSG00000166394,1.0391201,1.804003,K562,0.8111181,1.0,10
ENSG00000166394,0.7504341,1.804003,K562,0.79994947,0.031256385,10
ENSG00000166435,1.211451,0.44715804,K562,0.93179166,1.0,10
ENSG00000166435,1.1987448,0.44715804,K562,0.9330108,1.0,10
ENSG00000166435,0.9963314,0.44715804,K562,0.9066661,1.0,10
ENSG00000166435,1.1021533,0.44715804,K562,0.803759,1.0,10
ENSG00000166435,0.9346928,0.44715804,K562,0.9572248,1.0,10
ENSG00000166435,0.9837181,0.44715804,K562,0.7998762,1.0,10
ENSG00000166435,1.2321846,0.44715804,K562,0.919271,0.8064516,10
ENSG00000166435,1.1021533,0.44715804,K562,0.803759,0.88387096,10
ENSG00000166435,0.8825745,0.44715804,K562,0.43466935,0.098684214,10
ENSG00000166436,0.6063338,1.0145205,K562,0.9735237,1.0,10
ENSG00000166439,1.2327452,0.63447726,K562,0.9221517,1.0,10
ENSG00000166444,-0.6313366,0.12385164,K562,0.99490154,1.0,10
ENSG00000166452,1.185657,1.4385424,K562,0.7858493,1.0,10
ENSG00000166452,1.1119397,1.4385424,K562,0.7387095,0.38163716,10
ENSG00000166452,1.0335858,1.4385424,K562,0.85475326,0.98585486,10
ENSG00000166471,0.7625,1.3199384,K562,0.8704617,1.0,10
ENSG00000166471,0.69246894,1.3199384,K562,0.8098529,1.0,10
ENSG00000166471,0.935978,1.3199384,K562,0.72836125,1.0,10
ENSG00000166471,0.77787775,1.3199384,K562,0.92217034,1.0,10
ENSG00000166471,0.77787775,1.3199384,K562,0.92217034,1.0,10
ENSG00000166471,0.77695054,1.3199384,K562,0.93879247,1.0,10
ENSG00000166478,1.2351571,1.1649474,K562,0.92329603,1.0,10
ENSG00000166478,1.0324824,1.1649474,K562,0.8461079,0.97494304,10
ENSG00000166483,1.1353445,1.5166676,K562,0.93185914,1.0,10
ENSG00000166575,0.201467,1.4348881,K562,0.7566391,1.0,10
ENSG00000166575,0.503404,1.4348881,K562,0.41672647,1.0,10
ENSG00000166575,0.21804476,1.4348881,K562,0.9088153,1.0,10
ENSG00000166575,0.37380505,1.4348881,K562,0.9474709,0.42582896,10
ENSG00000166689,-0.52586836,0.54900324,K562,0.97930694,1.0,10
ENSG00000166788,0.94543725,1.4348881,K562,0.7319964,1.0,10
ENSG00000166788,0.710707,1.4348881,K562,0.8932308,1.0,10
ENSG00000166801,1.7174354,1.7375107,K562,0.9119542,1.0,10
ENSG00000166801,1.4452859,1.7375107,K562,0.46261618,1.0,10
ENSG00000166833,-0.4314295,-0.022276394,K562,0.97574496,1.0,10
ENSG00000166833,-0.32955876,-0.022276394,K562,0.9872329,1.0,10
ENSG00000166833,-0.2851451,-0.022276394,K562,0.9406555,1.0,10
ENSG00000166833,-0.31553298,-0.022276394,K562,0.9696381,1.0,10
ENSG00000166889,1.4890606,1.3636119,K562,0.95222044,1.0,10
ENSG00000166889,1.5097439,1.3636119,K562,0.9024043,1.0,10
ENSG00000166889,1.3976836,1.3636119,K562,0.82622665,1.0,10
ENSG00000166889,1.3067098,1.3636119,K562,0.92541474,1.0,10
ENSG00000166889,1.3532648,1.3636119,K562,0.9611645,1.0,10
ENSG00000166889,1.234309,1.3636119,K562,0.9266325,1.0,10
ENSG00000166889,1.3484522,1.3636119,K562,0.94528216,1.0,10
ENSG00000166889,1.2957432,1.3636119,K562,0.94955367,1.0,10
ENSG00000166889,1.1583455,1.3636119,K562,0.8687756,1.0,10
ENSG00000166889,1.2343699,1.3636119,K562,0.76734644,1.0,10
ENSG00000166889,1.3428321,1.3636119,K562,0.56521255,1.0,10
ENSG00000166889,1.4777195,1.3636119,K562,0.9306864,1.0,10
ENSG00000166889,1.432262,1.3636119,K562,0.88640565,1.0,10
ENSG00000166889,1.1607183,1.3636119,K562,0.95620245,1.0,10
ENSG00000166889,1.35223,1.3636119,K562,0.89182305,1.0,10
ENSG00000166900,-0.16766803,0.08990511,K562,0.97795564,1.0,10
ENSG00000166900,0.09385634,0.08990511,K562,0.9832655,1.0,10
ENSG00000166900,-0.34663072,0.08990511,K562,0.9857436,0.90384614,10
ENSG00000167257,1.2141361,0.8808136,K562,0.6060371,1.0,10
ENSG00000167283,1.3772793,2.7042449,K562,0.81224483,1.0,10
ENSG00000167283,1.1901777,2.7042449,K562,0.7852211,0.31588447,10
ENSG00000167283,1.4442167,2.7042449,K562,0.54385847,0.03991995,10
ENSG00000167311,-0.62908715,-0.92081875,K562,0.9823084,1.0,10
ENSG00000167311,-0.6428491,-0.92081875,K562,0.99268204,1.0,10
ENSG00000167323,1.6419017,1.3714373,K562,0.93601304,1.0,10
ENSG00000167323,1.437913,1.3714373,K562,0.9553653,1.0,10
ENSG00000167323,1.5683558,1.3714373,K562,0.4670692,0.0018814675,10
ENSG00000167325,1.0597978,1.8319976,K562,0.91682583,1.0,10
ENSG00000167325,1.1741935,1.8319976,K562,0.31661227,0.008498146,10
ENSG00000167325,1.2359936,1.8319976,K562,0.89347583,0.9962739,10
ENSG00000167333,0.64887136,0.8020893,K562,0.8024979,1.0,10
ENSG00000167770,1.5422363,2.1123703,K562,0.9331805,1.0,10
ENSG00000167770,1.5662141,2.1123703,K562,0.9676837,1.0,10
ENSG00000167771,-0.016372375,-0.49485,K562,0.9826737,1.0,10
ENSG00000167792,1.3803701,2.3901577,K562,0.91551995,1.0,10
ENSG00000167792,1.3587042,2.3901577,K562,0.96084124,1.0,10
ENSG00000167792,1.3461858,2.3901577,K562,0.95950526,1.0,10
ENSG00000167792,1.3867582,2.3901577,K562,0.94464517,1.0,10
ENSG00000167792,1.3643703,2.3901577,K562,0.87838393,1.0,10
ENSG00000167792,1.3803701,2.3901577,K562,0.91551995,1.0,10
ENSG00000167792,1.3914933,2.3901577,K562,0.90677166,1.0,10
ENSG00000167792,1.414075,2.3901577,K562,0.94847256,0.9979864,10
ENSG00000167797,1.5209856,1.6308345,K562,0.89027435,1.0,10
ENSG00000167799,1.3772924,1.129045,K562,0.6913284,1.0,10
ENSG00000167799,1.3529123,1.129045,K562,0.86833376,1.0,10
ENSG00000167985,1.7085291,1.7598944,K562,0.907781,1.0,10
ENSG00000167985,1.396203,1.7598944,K562,0.8474567,0.37734166,10
ENSG00000167986,1.5684478,2.2289903,K562,0.9621539,1.0,10
ENSG00000167986,1.495688,2.2289903,K562,0.94017035,0.0003154574,10
ENSG00000167986,1.3944604,2.2289903,K562,0.970932,0.00031433362,10
ENSG00000167987,1.44133,0.8536982,K562,0.95078343,1.0,10
ENSG00000167987,1.4364643,0.8536982,K562,0.922667,1.0,10
ENSG00000167992,0.34170282,0.43136376,K562,0.94605774,1.0,10
ENSG00000167994,-0.5840961,-0.9586073,K562,0.9938042,1.0,10
ENSG00000167996,1.6202137,2.9624498,K562,0.94263554,1.0,10
ENSG00000168000,0.9490461,1.2617385,K562,0.9609896,1.0,10
ENSG00000168000,0.8164499,1.2617385,K562,0.96047777,0.9362069,10
ENSG00000168002,1.354505,2.21373,K562,0.9187401,1.0,10
ENSG00000168003,1.7806873,1.8976271,K562,0.85580015,1.0,10
ENSG00000168003,1.3639805,1.8976271,K562,0.3123939,0.061032865,10
ENSG00000168003,1.5525889,1.8976271,K562,0.40333122,0.9389671,10
ENSG00000168003,1.7249393,1.8976271,K562,0.8165466,0.005280408,10
ENSG00000168003,1.7207884,1.8976271,K562,0.83464473,0.011018787,10
ENSG00000168003,1.5545444,1.8976271,K562,0.49007213,0.0054384773,10
ENSG00000168005,1.2789512,1.5133508,K562,0.97200644,1.0,10
ENSG00000168005,1.3498216,1.5133508,K562,0.9677969,1.0,10
ENSG00000168010,1.7282519,1.7302169,K562,0.9218835,1.0,10
ENSG00000168010,1.5441092,1.7302169,K562,0.94364214,1.0,10
ENSG00000168010,1.6129751,1.7302169,K562,0.91819745,1.0,10
ENSG00000168056,0.44027805,1.0310043,K562,0.9898929,0.103286386,10
ENSG00000168060,0.27920508,0.7209858,K562,0.972249,1.0,10
ENSG00000168061,1.450044,1.335859,K562,0.9130548,1.0,10
ENSG00000168061,1.2155687,1.335859,K562,0.54657125,0.33870968,10
ENSG00000168066,1.6881404,2.1255138,K562,0.85523564,1.0,10
ENSG00000168066,1.6815834,2.1255138,K562,0.96397007,0.083236545,10
ENSG00000168066,1.790616,2.1255138,K562,0.7790353,0.94992197,10
ENSG00000168066,1.5789858,2.1255138,K562,0.7956568,0.07624807,10
ENSG00000168067,1.5223879,1.787673,K562,0.9301375,1.0,10
ENSG00000168067,1.532908,1.787673,K562,0.919956,1.0,10
ENSG00000168071,1.556612,1.6901075,K562,0.9592951,1.0,10
ENSG00000168071,1.5607234,1.6901075,K562,0.8869661,0.13512218,10
ENSG00000168071,1.5080084,1.6901075,K562,0.95890343,0.4956692,10
ENSG00000168092,1.2059473,1.2281436,K562,0.8028428,1.0,10
ENSG00000168092,1.1398185,1.2281436,K562,0.96748066,1.0,10
ENSG00000168439,1.3467247,2.166519,K562,0.95392114,1.0,10
ENSG00000168569,1.2066784,1.3195225,K562,0.7822914,1.0,10
ENSG00000168876,0.99852496,1.2195846,K562,0.9493868,1.0,10
ENSG00000169519,0.58705693,0.8102325,K562,0.86234725,1.0,10
ENSG00000169519,0.65836114,0.8102325,K562,0.8786635,0.5107296,10
ENSG00000170145,0.6546635,0.5340261,K562,0.895853,1.0,10
ENSG00000170145,0.61415315,0.5340261,K562,0.91935956,1.0,10
ENSG00000170145,0.7945811,0.5340261,K562,0.92513174,1.0,10
ENSG00000170145,0.8638006,0.5340261,K562,0.92044085,1.0,10
ENSG00000170145,0.92286175,0.5340261,K562,0.8471631,1.0,10
ENSG00000170145,1.0844107,0.5340261,K562,0.90231985,1.0,10
ENSG00000170145,1.0271564,0.5340261,K562,0.7931126,1.0,10
ENSG00000170145,1.1610212,0.5340261,K562,0.94503075,1.0,10
ENSG00000170209,-0.72211254,-0.92081875,K562,0.99378586,1.0,10
ENSG00000170242,1.1191428,1.30103,K562,0.87995964,1.0,10
ENSG00000170242,0.9637367,1.30103,K562,0.92090344,0.953304,10
ENSG00000170242,1.0673417,1.30103,K562,0.9109418,0.22946368,10
ENSG00000170322,0.98765403,1.0831442,K562,0.96097267,1.0,10
ENSG00000170325,1.1044625,0.5211381,K562,0.91991115,1.0,10
ENSG00000170325,1.2201749,0.5211381,K562,0.9450953,1.0,10
ENSG00000170325,1.2071435,0.5211381,K562,0.91728723,0.94736844,10
ENSG00000170325,1.194873,0.5211381,K562,0.37546203,0.085910656,10
ENSG00000170903,0.773806,1.045714,K562,0.91992414,1.0,10
ENSG00000170903,0.773806,1.045714,K562,0.91992414,1.0,10
ENSG00000170946,0.45131987,0.9758911,K562,0.952087,1.0,10
ENSG00000170946,0.44658846,0.9758911,K562,0.89183843,1.0,10
ENSG00000170946,0.4378999,0.9758911,K562,0.85426337,0.096062995,10
ENSG00000171067,1.6303982,1.7298934,K562,0.86331767,1.0,10
ENSG00000171202,0.91855973,1.581039,K562,0.8775014,1.0,10
ENSG00000171202,0.9295458,1.581039,K562,0.91172236,0.63895255,10
ENSG00000171204,0.8954908,1.6636068,K562,0.89125377,1.0,10
ENSG00000171204,1.1388799,1.6636068,K562,0.5226994,0.15514019,10
ENSG00000171204,0.71530014,1.6636068,K562,0.78524214,0.1448718,10
ENSG00000171204,0.6009992,1.6636068,K562,0.88002616,0.9586777,10
ENSG00000171219,0.19382432,-0.30103,K562,0.96375805,1.0,10
ENSG00000171219,0.33578557,-0.30103,K562,0.98599803,1.0,10
ENSG00000171219,0.18719342,-0.30103,K562,0.96253026,1.0,10
ENSG00000171714,0.084803574,0.43616265,K562,0.95738626,1.0,10
ENSG00000172269,1.718622,1.621384,K562,0.95652187,1.0,10
ENSG00000172269,1.7396501,1.621384,K562,0.8694303,1.0,10
ENSG00000172269,1.7277026,1.621384,K562,0.9232134,1.0,10
ENSG00000172269,1.6015036,1.621384,K562,0.8446156,1.0,10
ENSG00000172269,1.5273533,1.621384,K562,0.81249744,1.0,10
ENSG00000172269,1.5526147,1.621384,K562,0.789959,1.0,10
ENSG00000172269,1.7295744,1.621384,K562,0.79238886,1.0,10
ENSG00000172269,1.7586255,1.621384,K562,0.8076168,1.0,10
ENSG00000172269,1.6324067,1.621384,K562,0.85472345,1.0,10
ENSG00000172269,1.6738716,1.621384,K562,0.59667027,0.5159526,10
ENSG00000172273,1.1867003,1.3257209,K562,0.7420991,1.0,10
ENSG00000172273,1.3481611,1.3257209,K562,0.969115,1.0,10
ENSG00000172350,-0.5037546,-0.9586073,K562,0.9973768,1.0,10
ENSG00000172350,-0.16503808,-0.9586073,K562,0.99681723,1.0,10
ENSG00000172375,1.5176682,0.8808136,K562,0.9706486,1.0,10
ENSG00000172375,1.5278094,0.8808136,K562,0.9677017,1.0,10
ENSG00000172409,1.1336024,1.2390491,K562,0.9300009,1.0,10
ENSG00000172425,-0.4490045,-0.48148605,K562,0.9792875,1.0,10
ENSG00000172500,1.4650793,2.1636682,K562,0.9222819,1.0,10
ENSG00000172500,1.5726583,2.1636682,K562,0.93739384,1.0,10
ENSG00000172508,-0.42180014,-0.5850267,K562,0.9966174,1.0,10
ENSG00000172508,-0.15614536,-0.5850267,K562,0.99323225,1.0,10
ENSG00000172508,-0.09746302,-0.5850267,K562,0.9952743,1.0,10
ENSG00000172531,1.7814901,2.4088502,K562,0.9705383,1.0,10
ENSG00000172531,1.7533485,2.4088502,K562,0.9423977,1.0,10
ENSG00000172531,1.7336402,2.4088502,K562,0.9439196,1.0,10
ENSG00000172531,1.7115244,2.4088502,K562,0.89463425,1.0,10
ENSG00000172531,1.8282485,2.4088502,K562,0.77026004,0.98494864,10
ENSG00000172531,1.8241595,2.4088502,K562,0.7857442,0.80752456,10
ENSG00000172543,0.51421314,0.31597033,K562,0.9922713,1.0,10
ENSG00000172613,1.1615064,1.4989994,K562,0.78999954,1.0,10
ENSG00000172613,1.5889097,1.4989994,K562,0.6487271,1.0,10
ENSG00000172638,0.67372364,0.45331833,K562,0.9923401,1.0,10
ENSG00000172638,0.6679414,0.45331833,K562,0.9921252,1.0,10
ENSG00000172638,0.5875394,0.45331833,K562,0.9924975,1.0,10
ENSG00000172638,0.40077868,0.45331833,K562,0.9883383,1.0,10
ENSG00000172638,0.114357345,0.45331833,K562,0.98591644,1.0,10
ENSG00000172638,0.101342775,0.45331833,K562,0.9751568,1.0,10
ENSG00000172638,0.13087943,0.45331833,K562,0.9621778,1.0,10
ENSG00000172638,0.02895648,0.45331833,K562,0.97869956,1.0,10
ENSG00000172638,-0.023550145,0.45331833,K562,0.97194403,1.0,10
ENSG00000172663,1.3658558,1.9123815,K562,0.9142549,1.0,10
ENSG00000172663,1.619798,1.9123815,K562,0.74739456,0.61752003,10
ENSG00000172663,1.6089072,1.9123815,K562,0.85284853,0.48203844,10
ENSG00000172725,1.4534853,1.3034121,K562,0.95159006,1.0,10
ENSG00000172725,1.5375258,1.3034121,K562,0.95720273,1.0,10
ENSG00000172732,1.820507,1.7765559,K562,0.8877544,1.0,10
ENSG00000172732,1.8268138,1.7765559,K562,0.9623137,1.0,10
ENSG00000172732,1.7892253,1.7765559,K562,0.9544402,1.0,10
ENSG00000172757,1.7210531,3.086285,K562,0.9562639,1.0,10
ENSG00000172757,1.7318722,3.086285,K562,0.8291368,1.0,10
ENSG00000172890,1.278925,1.8697596,K562,0.9400258,1.0,10
ENSG00000172890,1.2488011,1.8697596,K562,0.93371606,0.1713524,10
ENSG00000172893,1.1722057,1.7742249,K562,0.9145027,1.0,10
ENSG00000172922,1.4792769,1.7172543,K562,0.93949616,1.0,10
ENSG00000172927,-0.09315025,-0.537602,K562,0.97615117,1.0,10
ENSG00000172932,1.5222023,1.6828668,K562,0.9634221,1.0,10
ENSG00000172932,1.5365266,1.6828668,K562,0.9630318,1.0,10
ENSG00000172932,1.688549,1.6828668,K562,0.6669082,0.05051936,10
ENSG00000172977,1.7672218,1.6804261,K562,0.96168953,1.0,10
ENSG00000172977,1.6348505,1.6804261,K562,0.90584654,0.32767352,10
ENSG00000173020,1.3698664,2.0828214,K562,0.95303494,1.0,10
ENSG00000173020,1.3788939,2.0828214,K562,0.9460884,0.9947876,10
ENSG00000173039,1.7290783,1.6067038,K562,0.9230845,1.0,10
ENSG00000173039,1.7313201,1.6067038,K562,0.95620364,1.0,10
ENSG00000173113,1.8255457,2.4168901,K562,0.901848,1.0,10
ENSG00000173120,1.2686087,1.5684364,K562,0.8461701,1.0,10
ENSG00000173120,1.3858662,1.5684364,K562,0.8698424,1.0,10
ENSG00000173120,1.4303365,1.5684364,K562,0.9404898,1.0,10
ENSG00000173120,1.3281548,1.5684364,K562,0.9196825,0.008959338,10
ENSG00000173153,1.3513684,1.498724,K562,0.9016592,1.0,10
ENSG00000173153,1.3529358,1.498724,K562,0.9516425,1.0,10
ENSG00000173153,1.360199,1.498724,K562,0.9467441,1.0,10
ENSG00000173227,-0.5476774,0.075546965,K562,0.99638546,1.0,10
ENSG00000173227,-0.56543523,0.075546965,K562,0.9940999,1.0,10
ENSG00000173264,1.30272,1.2805784,K562,0.7621114,1.0,10
ENSG00000173264,1.30272,1.2805784,K562,0.7621114,1.0,10
ENSG00000173264,1.30272,1.2805784,K562,0.7621114,1.0,10
ENSG00000173264,1.5214205,1.2805784,K562,0.95936525,1.0,10
ENSG00000173264,1.6925759,1.2805784,K562,0.9615989,0.91793895,10
ENSG00000173264,1.4914813,1.2805784,K562,0.89737004,0.879771,10
ENSG00000173276,1.8048745,0.7291648,K562,0.7388925,1.0,10
ENSG00000173276,1.7884148,0.7291648,K562,0.7501085,0.0,10
ENSG00000173276,1.7669947,0.7291648,K562,0.786465,0.29803923,10
ENSG00000173276,1.804338,0.7291648,K562,0.74139893,0.39285713,10
ENSG00000173276,1.8160001,0.7291648,K562,0.76329035,0.05490196,10
ENSG00000173327,1.6541584,1.6471874,K562,0.9630327,1.0,10
ENSG00000173442,1.3284302,1.9574157,K562,0.94611037,1.0,10
ENSG00000173457,1.1011481,2.2930973,K562,0.82540715,1.0,10
ENSG00000173465,1.5756879,1.7896512,K562,0.9238434,1.0,10
ENSG00000173465,1.58423,1.7896512,K562,0.9061207,1.0,10
ENSG00000173486,1.7451825,1.6821451,K562,0.78312236,1.0,10
ENSG00000173511,1.026716,1.5025637,K562,0.9100972,1.0,10
ENSG00000173599,0.31940806,0.5634811,K562,0.9849123,1.0,10
ENSG00000173599,0.1437872,0.5634811,K562,0.81880987,0.084848486,10
ENSG00000173653,1.7910719,1.361161,K562,0.9186307,1.0,10
ENSG00000173653,1.690406,1.361161,K562,0.78514886,1.0,10
ENSG00000173653,1.6209707,1.361161,K562,0.90713006,1.0,10
ENSG00000173715,1.267178,1.1631614,K562,0.73641914,1.0,10
ENSG00000173715,0.8193567,1.1631614,K562,0.5117893,0.9698492,10
ENSG00000173914,1.162786,1.3003781,K562,0.9356313,1.0,10
ENSG00000173914,1.1320164,1.3003781,K562,0.8584751,1.0,10
ENSG00000173933,1.5899947,2.023417,K562,0.8939716,1.0,10
ENSG00000173933,1.6610134,2.023417,K562,0.9411392,0.7148045,10
ENSG00000173933,1.5365512,2.023417,K562,0.8413829,0.01765835,10
ENSG00000173992,1.4163644,1.5644293,K562,0.70930487,1.0,10
ENSG00000174080,-0.48663616,-0.65757734,K562,0.9894632,1.0,10
ENSG00000174080,-0.3815257,-0.65757734,K562,0.9927499,1.0,10
ENSG00000174165,0.92165893,0.92376196,K562,0.86521363,1.0,10
ENSG00000174165,0.8202391,0.92376196,K562,0.93374187,1.0,10
ENSG00000174165,0.87486506,0.92376196,K562,0.90660024,1.0,10
ENSG00000174370,-0.76581645,-0.85387194,K562,0.9976043,1.0,10
ENSG00000174483,0.5916979,1.0511525,K562,0.9739281,1.0,10
ENSG00000174483,0.797336,1.0511525,K562,0.7504598,0.9579832,10
ENSG00000174483,0.86578774,1.0511525,K562,0.5702439,0.85113835,10
ENSG00000174483,0.6042685,1.0511525,K562,0.9721299,0.0,10
ENSG00000174516,0.35614836,-0.07572071,K562,0.915346,1.0,10
ENSG00000174516,0.30458117,-0.07572071,K562,0.90942925,1.0,10
ENSG00000174516,0.36610064,-0.07572071,K562,0.8871768,1.0,10
ENSG00000174669,0.7381272,0.79028517,K562,0.93872565,1.0,10
ENSG00000174669,1.0298789,0.79028517,K562,0.95668805,1.0,10
ENSG00000174669,1.0324163,0.79028517,K562,0.91484976,1.0,10
ENSG00000174669,1.1610023,0.79028517,K562,0.9396039,1.0,10
ENSG00000174669,0.8860578,0.79028517,K562,0.9559088,0.9251497,10
ENSG00000174744,1.285171,1.6903733,K562,0.9381718,1.0,10
ENSG00000174744,1.3997585,1.6903733,K562,0.9670222,1.0,10
ENSG00000174744,1.4196203,1.6903733,K562,0.9594643,1.0,10
ENSG00000174775,1.3013711,1.6441431,K562,0.96907616,1.0,10
ENSG00000174775,1.2713344,1.6441431,K562,0.97371316,1.0,10
ENSG00000174775,1.2269269,1.6441431,K562,0.95508206,0.29865533,10
ENSG00000174791,-0.119684435,-0.30980393,K562,0.9956956,1.0,10
ENSG00000174791,0.10117567,-0.30980393,K562,0.9964469,1.0,10
ENSG00000174851,1.431401,1.8790385,K562,0.951344,1.0,10
ENSG00000174851,1.4027576,1.8790385,K562,0.9325032,0.83077186,10
ENSG00000174851,1.4205067,1.8790385,K562,0.7912741,1.0,10
ENSG00000174871,0.31723827,-0.03151705,K562,0.9599026,1.0,10
ENSG00000174871,0.41792172,-0.03151705,K562,0.98083156,1.0,10
ENSG00000174903,1.3821518,2.2228725,K562,0.9574466,1.0,10
ENSG00000174915,1.0058521,1.1728947,K562,0.94151354,1.0,10
ENSG00000174915,1.4661548,1.1728947,K562,0.78125244,0.18363637,10
ENSG00000174996,1.3869488,1.3291944,K562,0.9548608,1.0,10
ENSG00000174996,1.4329262,1.3291944,K562,0.96976346,0.9714471,10
ENSG00000175104,0.89880055,0.4913617,K562,0.9315153,1.0,10
ENSG00000175104,0.9752106,0.4913617,K562,0.92609537,1.0,10
ENSG00000175104,0.85571074,0.4913617,K562,0.74771935,0.11111111,10
ENSG00000175115,1.4205626,1.4256972,K562,0.9156817,1.0,10
ENSG00000175115,1.1080428,1.4256972,K562,0.9441944,1.0,10
ENSG00000175213,1.4614491,0.8280151,K562,0.719914,1.0,10
ENSG00000175213,1.3169646,0.8280151,K562,0.65086234,1.0,10
ENSG00000175213,1.360814,0.8280151,K562,0.94557667,1.0,10
ENSG00000175216,1.1051941,1.7185017,K562,0.94818234,1.0,10
ENSG00000175220,1.439827,1.3861421,K562,0.9439193,1.0,10
ENSG00000175224,1.3911122,1.6939906,K562,0.92970425,1.0,10
ENSG00000175224,1.471601,1.6939906,K562,0.5407986,0.8095238,10
ENSG00000175224,1.2442054,1.6939906,K562,0.39598215,0.95243245,10
ENSG00000175224,1.3619623,1.6939906,K562,0.42083287,0.03717786,10
ENSG00000175334,1.6074288,2.1785452,K562,0.7874412,1.0,10
ENSG00000175334,1.608183,2.1785452,K562,0.78864694,0.51494133,10
ENSG00000175348,1.0943283,1.3074961,K562,0.93432397,1.0,10
ENSG00000175348,1.1937711,1.3074961,K562,0.7737363,1.0,10
ENSG00000175348,1.1937711,1.3074961,K562,0.7737363,1.0,10
ENSG00000175348,1.1630969,1.3074961,K562,0.82054645,1.0,10
ENSG00000175348,1.1630969,1.3074961,K562,0.82054645,0.6017562,10
ENSG00000175356,-0.6442967,-0.69897,K562,0.9965789,1.0,10
ENSG00000175376,1.5947423,1.3923452,K562,0.9352164,1.0,10
ENSG00000175376,1.5789597,1.3923452,K562,0.94002044,1.0,10
ENSG00000175390,0.86965305,2.2613819,K562,0.38173515,1.0,10
ENSG00000175390,1.0693909,2.2613819,K562,0.9641779,1.0,10
ENSG00000175390,0.8125991,2.2613819,K562,0.92255694,1.0,10
ENSG00000175390,0.99864286,2.2613819,K562,0.94527036,1.0,10
ENSG00000175463,1.6659201,1.8354369,K562,0.9467584,1.0,10
ENSG00000175467,1.5023878,1.6808791,K562,0.64641213,1.0,10
ENSG00000175482,1.8363135,2.1681142,K562,0.9090567,1.0,10
ENSG00000175482,1.8193979,2.1681142,K562,0.7697878,1.0,10
ENSG00000175482,1.8197191,2.1681142,K562,0.77020603,1.0,10
ENSG00000175482,1.8213892,2.1681142,K562,0.7713102,1.0,10
ENSG00000175505,0.4862408,0.28103337,K562,0.96832836,1.0,10
ENSG00000175544,0.16234982,-0.63827217,K562,0.9827346,1.0,10
ENSG00000175544,0.14771283,-0.63827217,K562,0.9916419,1.0,10
ENSG00000175550,1.1294477,2.1121693,K562,0.93730205,1.0,10
ENSG00000175564,0.12788665,0.18469143,K562,0.98144424,1.0,10
ENSG00000175567,1.6436095,2.1292708,K562,0.8822594,1.0,10
ENSG00000175567,1.705735,2.1292708,K562,0.9527569,1.0,10
ENSG00000175575,1.1644866,1.1826999,K562,0.44444534,1.0,10
ENSG00000175582,0.9993599,1.3410386,K562,0.88487744,1.0,10
ENSG00000175582,1.0499916,1.3410386,K562,0.80404407,1.0,10
ENSG00000175592,0.32307407,0.34439227,K562,0.9379599,1.0,10
ENSG00000176102,1.305255,1.6051973,K562,0.9349171,1.0,10
ENSG00000176148,1.2235901,1.007321,K562,0.72700626,1.0,10
ENSG00000176148,1.2551153,1.007321,K562,0.90941423,1.0,10
ENSG00000176148,1.042089,1.007321,K562,0.5210318,0.044444446,10
ENSG00000176485,-0.29077092,1.201943,K562,0.98040867,1.0,10
ENSG00000177030,1.3617873,1.5741471,K562,0.8365185,1.0,10
ENSG00000177030,1.551304,1.5741471,K562,0.9547549,1.0,10
ENSG00000177030,1.2148224,1.5741471,K562,0.6147127,0.23446327,10
ENSG00000177042,1.4646297,1.362294,K562,0.8705372,1.0,10
ENSG00000177054,0.8843925,1.1571544,K562,0.93784636,1.0,10
ENSG00000177054,0.8843925,1.1571544,K562,0.93784636,1.0,10
ENSG00000177054,0.9794536,1.1571544,K562,0.9029643,1.0,10
ENSG00000177054,0.7058688,1.1571544,K562,0.9091547,0.65136874,10
ENSG00000177106,0.024641924,1.0289778,K562,0.9971341,1.0,10
ENSG00000177106,0.37950283,1.0289778,K562,0.99532497,1.0,10
ENSG00000177106,0.3751756,1.0289778,K562,0.9948192,1.0,10
ENSG00000177106,-0.13025744,1.0289778,K562,0.9903458,0.55833334,10
ENSG00000177156,1.1961836,2.281488,K562,0.95199513,1.0,10
ENSG00000177225,1.383681,1.8567892,K562,0.86498135,1.0,10
ENSG00000177225,1.423812,1.8567892,K562,0.9542951,1.0,10
ENSG00000177225,1.2840273,1.8567892,K562,0.874566,0.7904702,10
ENSG00000177542,1.5115654,1.1592664,K562,0.9142445,1.0,10
ENSG00000177595,1.5459567,1.6764193,K562,0.93231916,1.0,10
ENSG00000177666,1.2657288,1.2543063,K562,0.9710786,1.0,10
ENSG00000177685,0.097243346,1.5194342,K562,0.9868564,1.0,10
ENSG00000177685,0.09927913,1.5194342,K562,0.99137163,0.7132107,10
ENSG00000177697,0.17401305,1.5086644,K562,0.85892105,1.0,10
ENSG00000177697,0.17401305,1.5086644,K562,0.85892105,0.1591078,10
ENSG00000177830,1.1726781,1.507721,K562,0.93593735,1.0,10
ENSG00000177830,0.910613,1.507721,K562,0.9328169,0.81488043,10
ENSG00000177830,1.1524578,1.507721,K562,0.44697225,0.0019455253,10
ENSG00000177830,1.1855367,1.507721,K562,0.76752967,0.7937743,10
ENSG00000177951,1.6501415,1.521661,K562,0.8805917,1.0,10
ENSG00000177951,1.5222468,1.521661,K562,0.757767,1.0,10
ENSG00000177963,1.7131119,1.928447,K562,0.8993687,1.0,10
ENSG00000177963,1.7132325,1.928447,K562,0.85051703,1.0,10
ENSG00000177963,1.6349301,1.928447,K562,0.93155295,1.0,10
ENSG00000177963,1.6781943,1.928447,K562,0.95048994,1.0,10
ENSG00000177963,1.6492302,1.928447,K562,0.931825,1.0,10
ENSG00000177963,1.6523489,1.928447,K562,0.9320283,1.0,10
ENSG00000178105,0.89543957,1.3567904,K562,0.9102229,1.0,10
ENSG00000178202,1.1407557,1.0090257,K562,0.90195864,1.0,10
ENSG00000178202,1.1245543,1.0090257,K562,0.31885955,0.004282655,10
ENSG00000178301,0.39676213,-0.35654733,K562,0.7096069,1.0,10
ENSG00000179119,1.2402016,0.9469433,K562,0.9383594,1.0,10
ENSG00000179119,1.5274858,0.9469433,K562,0.9140905,1.0,10
ENSG00000179241,-0.40178686,1.0277572,K562,0.98122406,1.0,10
ENSG00000179241,-0.38443696,1.0277572,K562,0.9904835,0.9081134,10
ENSG00000179532,0.29185012,1.1199154,K562,0.96705264,1.0,10
ENSG00000180423,1.1321251,0.5820634,K562,0.8635454,1.0,10
ENSG00000180509,-0.041267462,-0.61978877,K562,0.98435336,1.0,10
ENSG00000180530,0.7614204,0.72754127,K562,0.87889075,1.0,10
ENSG00000180530,0.77571386,0.72754127,K562,0.9200449,1.0,10
ENSG00000180773,0.27848408,0.50105923,K562,0.9427804,1.0,10
ENSG00000180773,0.56302744,0.50105923,K562,0.79111034,1.0,10
ENSG00000181264,0.5978741,0.6394865,K562,0.62909573,1.0,10
ENSG00000181264,0.33290324,0.6394865,K562,0.8357095,0.47524753,10
ENSG00000181264,0.30083102,0.6394865,K562,0.8542796,0.3764706,10
ENSG00000181830,1.0068318,0.6766936,K562,0.8826891,1.0,10
ENSG00000181924,1.5446475,2.1544545,K562,0.89066195,0.30744466,10
ENSG00000182093,0.89079696,1.1598679,K562,0.91157395,1.0,10
ENSG00000182272,-0.2928952,-0.31875876,K562,0.98706764,1.0,10
ENSG00000182272,-0.060508184,-0.31875876,K562,0.98982006,1.0,10
ENSG00000182272,0.01664678,-0.31875876,K562,0.9687182,1.0,10
ENSG00000182272,0.17083386,-0.31875876,K562,0.9902631,1.0,10
ENSG00000182359,0.6915499,0.5888317,K562,0.888773,1.0,10
ENSG00000182362,1.4747565,1.3738312,K562,0.85960776,1.0,10
ENSG00000182362,0.9489054,1.3738312,K562,0.90163296,0.86160475,10
ENSG00000182670,0.9826245,1.6175245,K562,0.839183,1.0,10
ENSG00000182670,0.8927944,1.6175245,K562,0.8413693,0.99358976,10
ENSG00000182871,-0.41685468,-0.537602,K562,0.99574596,1.0,10
ENSG00000182919,1.1519188,1.1467481,K562,0.91364014,1.0,10
ENSG00000182919,1.7096972,1.1467481,K562,0.6749772,0.0,10
ENSG00000182919,1.2225817,1.1467481,K562,0.7216328,1.0,10
ENSG00000182919,1.2079086,1.1467481,K562,0.6877115,1.0,10
ENSG00000182919,1.4967067,1.1467481,K562,0.84693325,0.83045685,10
ENSG00000182934,1.6016693,1.8767949,K562,0.9658472,1.0,10
ENSG00000182934,1.6136239,1.8767949,K562,0.956183,1.0,10
ENSG00000182934,1.6015701,1.8767949,K562,0.9440593,1.0,10
ENSG00000182934,1.5965812,1.8767949,K562,0.96005017,1.0,10
ENSG00000182934,1.6693604,1.8767949,K562,0.6526274,0.9961977,10
ENSG00000183020,1.1204941,1.3732799,K562,0.9313614,1.0,10
ENSG00000183020,1.0011045,1.3732799,K562,0.9455591,0.7012099,10
ENSG00000183255,1.5087175,1.5224442,K562,0.860685,1.0,10
ENSG00000183255,1.4789422,1.5224442,K562,0.952673,1.0,10
ENSG00000183255,1.3215024,1.5224442,K562,0.912037,1.0,10
ENSG00000183255,1.4546096,1.5224442,K562,0.7956914,1.0,10
ENSG00000183486,1.3175229,1.5754188,K562,0.94981486,1.0,10
ENSG00000183527,0.78426766,1.9677819,K562,0.7611554,1.0,10
ENSG00000183527,0.8412574,1.9677819,K562,0.8534981,0.24650243,10
ENSG00000183527,0.9644806,1.9677819,K562,0.81867784,0.7886253,10
ENSG00000184014,1.0459461,1.7912694,K562,0.88570935,1.0,10
ENSG00000184014,1.0262125,1.7912694,K562,0.9464052,1.0,10
ENSG00000184014,1.0453382,1.7912694,K562,0.95038337,1.0,10
ENSG00000184014,0.92237574,1.7912694,K562,0.8707318,1.0,10
ENSG00000184014,0.94662493,1.7912694,K562,0.7393726,1.0,10
ENSG00000184154,1.1953591,0.80071706,K562,0.91868126,1.0,10
ENSG00000184154,1.0825698,0.80071706,K562,0.71100813,1.0,10
ENSG00000184154,1.063503,0.80071706,K562,0.92985845,1.0,10
ENSG00000184154,0.8141015,0.80071706,K562,0.892977,0.0,10
ENSG00000184232,0.2598314,0.12385164,K562,0.921676,1.0,10
ENSG00000184232,0.27405766,0.12385164,K562,0.94039446,1.0,10
ENSG00000184281,1.45818,1.4758164,K562,0.9412207,1.0,10
ENSG00000184281,1.4544806,1.4758164,K562,0.94195026,1.0,10
ENSG00000184281,1.4853096,1.4758164,K562,0.8837524,1.0,10
ENSG00000184281,1.4700499,1.4758164,K562,0.6737185,0.0,10
ENSG00000184363,-0.19116831,-0.55284196,K562,0.9768733,1.0,10
ENSG00000184384,1.127985,1.0195317,K562,0.94469815,1.0,10
ENSG00000184743,1.0376034,1.058426,K562,0.8817843,1.0,10
ENSG00000184743,1.1434071,1.058426,K562,0.9212642,1.0,10
ENSG00000184787,1.0762172,1.9981722,K562,0.87605923,1.0,10
ENSG00000184787,1.1152308,1.9981722,K562,0.9051824,1.0,10
ENSG00000184900,1.4434987,1.8948144,K562,0.9538578,1.0,10
ENSG00000185101,0.94084126,1.5786393,K562,0.9449672,1.0,10
ENSG00000185101,0.90204865,1.5786393,K562,0.95466936,1.0,10
ENSG00000185187,0.50905865,0.9513375,K562,0.86734563,1.0,10
ENSG00000185187,0.77959645,0.9513375,K562,0.9512618,0.7122905,10
ENSG00000185187,0.43398505,0.9513375,K562,0.9644487,0.8785047,10
ENSG00000185238,1.0938962,1.2697464,K562,0.8577679,1.0,10
ENSG00000185238,1.4560552,1.2697464,K562,0.74739146,0.9739799,10
ENSG00000185238,0.8739423,1.2697464,K562,0.87424064,1.0,10
ENSG00000185475,1.6333394,1.505828,K562,0.49376413,1.0,10
ENSG00000185507,1.9259133,2.0445397,K562,0.95967716,1.0,10
ENSG00000185507,1.8460172,2.0445397,K562,0.9669653,1.0,10
ENSG00000185507,1.9650407,2.0445397,K562,0.78089756,1.0,10
ENSG00000185507,1.9517097,2.0445397,K562,0.93305886,1.0,10
ENSG00000185522,0.7708532,0.47421625,K562,0.86382395,1.0,10
ENSG00000185522,0.5578333,0.47421625,K562,0.95489377,1.0,10
ENSG00000185522,0.5597394,0.47421625,K562,0.93936926,1.0,10
ENSG00000185627,1.3581458,2.1652145,K562,0.8914644,1.0,10
ENSG00000185627,1.5267156,2.1652145,K562,0.70236045,0.234714,10
ENSG00000185627,1.4139735,2.1652145,K562,0.65166336,0.02748268,10
ENSG00000185658,1.1338549,0.73878056,K562,0.9196783,1.0,10
ENSG00000185658,1.2881131,0.73878056,K562,0.88481295,1.0,10
ENSG00000185658,1.2185054,0.73878056,K562,0.937463,1.0,10
ENSG00000185658,1.1781614,0.73878056,K562,0.92223805,1.0,10
ENSG00000185658,1.3770142,0.73878056,K562,0.9258098,1.0,10
ENSG00000185808,0.96723336,1.1467481,K562,0.8113097,1.0,10
ENSG00000185808,1.0867645,1.1467481,K562,0.5560048,0.94829935,10
ENSG00000185808,1.4185503,1.1467481,K562,0.8640494,0.31666666,10
ENSG00000185917,1.2031555,1.1705551,K562,0.7584449,1.0,10
ENSG00000185917,1.254555,1.1705551,K562,0.90929115,0.99486303,10
ENSG00000185917,1.2660882,1.1705551,K562,0.45614615,0.10251955,10
ENSG00000186104,0.19568223,0.90902084,K562,0.9021224,0.52021563,10
ENSG00000186166,1.1374137,1.4510185,K562,0.93696225,1.0,10
ENSG00000186166,0.97566456,1.4510185,K562,0.8842467,0.11996251,10
ENSG00000186166,1.1119523,1.4510185,K562,0.5361645,0.8800375,10
ENSG00000186174,1.233152,0.75739604,K562,0.9595692,1.0,10
ENSG00000186280,0.8201407,0.029383779,K562,0.82203656,1.0,10
ENSG00000186318,-0.43023807,-0.56863624,K562,0.9966169,1.0,10
ENSG00000186635,1.6840615,1.6974909,K562,0.94680434,1.0,10
ENSG00000186635,1.6525601,1.6974909,K562,0.96094173,1.0,10
ENSG00000186635,1.6522737,1.6974909,K562,0.9540061,1.0,10
ENSG00000186635,1.6032052,1.6974909,K562,0.51219106,0.989703,10
ENSG00000186635,1.6608672,1.6974909,K562,0.96391565,0.989703,10
ENSG00000186642,-0.46728253,-0.69897,K562,0.9978703,1.0,10
ENSG00000186652,0.40248358,-0.45593196,K562,0.70298684,1.0,10
ENSG00000186660,1.3208436,1.3531466,K562,0.91137946,1.0,10
ENSG00000186866,0.8696341,1.0622058,K562,0.946774,1.0,10
ENSG00000186866,0.92277116,1.0622058,K562,0.9731497,0.15062761,10
ENSG00000187049,1.2128808,1.1464381,K562,0.81275886,1.0,10
ENSG00000187049,0.96664196,1.1464381,K562,0.64921236,1.0,10
ENSG00000187049,0.87135524,1.1464381,K562,0.95176196,1.0,10
ENSG00000187049,0.87050766,1.1464381,K562,0.95171106,1.0,10
ENSG00000188211,-0.6898059,-0.7447275,K562,0.9953851,1.0,10
ENSG00000188211,-0.68439156,-0.7447275,K562,0.991732,1.0,10
ENSG00000196323,0.74507517,0.94841295,K562,0.94388497,1.0,10
ENSG00000196323,0.9108661,0.94841295,K562,0.627361,0.044217687,10
ENSG00000196565,-0.06949582,-0.1426675,K562,0.92771983,1.0,10
ENSG00000196655,1.568241,1.864689,K562,0.8741288,1.0,10
ENSG00000196655,1.5412662,1.864689,K562,0.88748693,1.0,10
ENSG00000196655,1.356323,1.864689,K562,0.8697021,1.0,10
ENSG00000196655,1.3105838,1.864689,K562,0.88669556,1.0,10
ENSG00000196655,1.5412116,1.864689,K562,0.8882484,0.8187311,10
ENSG00000196655,1.356323,1.864689,K562,0.8697021,0.86138105,10
ENSG00000196666,0.13241425,-0.79588,K562,0.9053588,1.0,10
ENSG00000196914,1.0948343,1.1283993,K562,0.820285,1.0,10
ENSG00000196954,0.5964781,1.593286,K562,0.88379395,1.0,10
ENSG00000197136,1.3448552,1.4831592,K562,0.97154903,1.0,10
ENSG00000197381,0.019331716,1.4537768,K562,0.94294506,1.0,10
ENSG00000197381,0.51298946,1.4537768,K562,0.9189269,1.0,10
ENSG00000197381,0.12814575,1.4537768,K562,0.95407486,0.39269698,10
ENSG00000197381,0.7727918,1.4537768,K562,0.3161301,0.7275556,10
ENSG00000197601,0.85740966,1.3565995,K562,0.7729315,1.0,10
ENSG00000197601,1.0013498,1.3565995,K562,0.8722652,1.0,10
ENSG00000198168,0.7320145,1.3719909,K562,0.92911255,1.0,10
ENSG00000198382,1.3643374,1.3087778,K562,0.9353878,1.0,10
ENSG00000198382,1.3445761,1.3087778,K562,0.9012706,1.0,10
ENSG00000198382,1.3536551,1.3087778,K562,0.94034344,0.09109415,10
ENSG00000198561,1.5512221,1.3163898,K562,0.9564773,1.0,10
ENSG00000198561,1.5552961,1.3163898,K562,0.6328931,0.86902285,10
ENSG00000198561,1.5583749,1.3163898,K562,0.888234,0.3028846,10
ENSG00000198561,1.5998533,1.3163898,K562,0.87885326,0.0,10
ENSG00000198561,1.4057883,1.3163898,K562,0.72540396,0.9446254,10
ENSG00000198561,1.4983374,1.3163898,K562,0.35751522,0.0,10
ENSG00000198561,1.2120417,1.3163898,K562,0.8444156,0.9734042,10
ENSG00000198561,1.5938908,1.3163898,K562,0.8786446,0.07579787,10
ENSG00000198730,1.019087,1.2953471,K562,0.882017,1.0,10
ENSG00000198851,-0.31310782,0.96801573,K562,0.98815316,1.0,10
ENSG00000198851,-0.33339512,0.96801573,K562,0.98492104,1.0,10
ENSG00000198851,-0.3330863,0.96801573,K562,0.980271,1.0,10
ENSG00000198851,-0.36273676,0.96801573,K562,0.99486214,1.0,10
ENSG00000198862,0.8959302,0.7930916,K562,0.89680827,1.0,10
ENSG00000198862,1.1338325,0.7930916,K562,0.92270833,0.02079002,10
ENSG00000204370,1.4185396,2.0290995,K562,0.5389171,1.0,10
ENSG00000204370,1.4143325,2.0290995,K562,0.5379809,1.0,10
ENSG00000204370,1.1566205,2.0290995,K562,0.73168766,0.9873943,10
ENSG00000205213,-0.5199102,-0.4685211,K562,0.9860146,1.0,10
ENSG00000205213,-0.30711874,-0.4685211,K562,0.98261386,1.0,10
ENSG00000205339,0.6661239,1.3734637,K562,0.90824944,1.0,10
ENSG00000205531,1.499364,1.9953719,K562,0.92615426,1.0,10
ENSG00000205531,1.4775784,1.9953719,K562,0.9115437,1.0,10
ENSG00000205531,1.40631,1.9953719,K562,0.6547495,0.37239546,10
ENSG00000205531,1.5748436,1.9953719,K562,0.7694449,0.019717522,10
ENSG00000205581,1.6575563,2.4843,K562,0.8274251,1.0,10
ENSG00000205581,1.430508,2.4843,K562,0.87891,0.10816522,10
ENSG00000205581,1.4613377,2.4843,K562,0.735858,0.005335942,10
ENSG00000205581,1.4784923,2.4843,K562,0.782399,0.017136078,10
ENSG00000205670,0.117486544,1.2567178,K562,0.8725236,1.0,10
ENSG00000205670,0.047214784,1.2567178,K562,0.97487235,1.0,10
ENSG00000205726,0.6488905,0.71516734,K562,0.85384625,1.0,10
ENSG00000205726,0.7423902,0.71516734,K562,0.8134791,1.0,10
ENSG00000205726,0.6012597,0.71516734,K562,0.9192884,1.0,10
ENSG00000205726,0.71888477,0.71516734,K562,0.53314674,0.0046296297,10
ENSG00000205726,0.5289126,0.71516734,K562,0.9274462,1.0,10
ENSG00000205726,0.6451022,0.71516734,K562,0.91970146,0.0,10
ENSG00000205726,0.7512763,0.71516734,K562,0.9126328,0.98039216,10
ENSG00000205758,0.8741965,1.3281757,K562,0.94608057,1.0,10
ENSG00000205758,1.2121004,1.3281757,K562,0.8740132,1.0,10
ENSG00000205758,1.2121004,1.3281757,K562,0.8740132,1.0,10
ENSG00000205758,1.1016138,1.3281757,K562,0.9487356,1.0,10
ENSG00000205758,1.2321612,1.3281757,K562,0.57710403,1.0,10
ENSG00000205758,1.2315936,1.3281757,K562,0.5770851,0.08394698,10
ENSG00000211450,1.6569526,2.3564656,K562,0.91943985,1.0,10
ENSG00000213445,1.4605616,1.7204074,K562,0.884339,1.0,10
ENSG00000213445,1.3894591,1.7204074,K562,0.97091407,1.0,10
ENSG00000213445,1.3972616,1.7204074,K562,0.97877437,1.0,10
ENSG00000213445,1.1742175,1.7204074,K562,0.9607007,1.0,10
ENSG00000213445,1.4357103,1.7204074,K562,0.97217,1.0,10
ENSG00000213445,1.458306,1.7204074,K562,0.97736907,1.0,10
ENSG00000213465,1.2243007,1.9713223,K562,0.95757204,1.0,10
ENSG00000213465,1.4012446,1.9713223,K562,0.95774347,1.0,10
ENSG00000213465,1.10206,1.9713223,K562,0.8277964,1.0,10
ENSG00000213593,1.1965357,1.7793078,K562,0.6601835,1.0,10
ENSG00000213593,1.3950554,1.7793078,K562,0.86582357,0.24666667,10
ENSG00000213593,1.3649068,1.7793078,K562,0.86502975,0.784853,10
ENSG00000213593,1.411122,1.7793078,K562,0.8831146,0.983559,10
ENSG00000213619,1.3805628,2.1468718,K562,0.9265267,1.0,10
ENSG00000213619,1.5619473,2.1468718,K562,0.8173079,1.0,10
ENSG00000213931,-0.60360056,-0.45593196,K562,0.99654007,1.0,10
ENSG00000213934,-0.056826547,-0.07572071,K562,0.94895387,1.0,10
ENSG00000214063,1.3014011,1.0136797,K562,0.6632185,1.0,10
ENSG00000214063,1.3299174,1.0136797,K562,0.97372895,1.0,10
ENSG00000214063,1.3014011,1.0136797,K562,0.6632185,0.56690645,10
ENSG00000214517,0.7095447,1.1607685,K562,0.84297043,1.0,10
ENSG00000214517,0.8097232,1.1607685,K562,0.7986651,1.0,10
ENSG00000214517,1.0435553,1.1607685,K562,0.8867375,1.0,10
ENSG00000214517,1.0573932,1.1607685,K562,0.9177436,1.0,10
ENSG00000214530,0.036520332,1.4031205,K562,0.9663241,1.0,10
ENSG00000214530,0.0983919,1.4031205,K562,0.9488729,0.7165605,10
ENSG00000214753,1.5697172,1.5276299,K562,0.9517677,1.0,10
ENSG00000214756,1.7360289,1.3134453,K562,0.7993513,1.0,10
ENSG00000214787,-0.42145112,-0.20065945,K562,0.9781185,1.0,10
ENSG00000221968,0.21666434,0.7781513,K562,0.9422717,1.0,10
ENSG00000236287,1.0912366,1.3925211,K562,0.5751494,1.0,10
ENSG00000239306,1.5781493,1.6695029,K562,0.8667722,0.029805506,10
ENSG00000239306,1.6451662,1.6695029,K562,0.9486054,1.0,10
ENSG00000239306,1.6188612,1.6695029,K562,0.9603302,1.0,10
ENSG00000241837,1.4021256,2.4292355,K562,0.94549346,1.0,10
ENSG00000241837,1.2407281,2.4292355,K562,0.89193654,1.0,10
ENSG00000241837,1.2258688,2.4292355,K562,0.942005,0.9968546,10
ENSG00000241945,-0.02463597,0.6424645,K562,0.9745454,1.0,10
ENSG00000241945,0.021256238,0.6424645,K562,0.97698945,1.0,10
ENSG00000243646,1.3736792,1.3785796,K562,0.8463015,1.0,10
ENSG00000243646,0.92414755,1.3785796,K562,0.94092554,1.0,10
ENSG00000248643,1.535959,1.5048784,K562,0.8766301,0.95760083,10
ENSG00000248643,1.6007175,1.5048784,K562,0.9298647,0.1943128,10
ENSG00000249624,-0.105525486,0.9694159,K562,0.95727825,1.0,10
ENSG00000254469,1.0287485,0.81954396,K562,0.9332557,1.0,10
ENSG00000254469,1.3021246,0.81954396,K562,0.8981929,1.0,10
ENSG00000254772,1.6123571,3.3407216,K562,0.90298986,1.0,10
ENSG00000254772,1.6746062,3.3407216,K562,0.9454128,1.0,10
ENSG00000254772,1.6238973,3.3407216,K562,0.7950915,1.0,10
ENSG00000254979,0.4582175,0.665581,K562,0.968012,1.0,10
ENSG00000254986,1.3723907,1.8120439,K562,0.9681597,1.0,10
ENSG00000254986,1.4259546,1.8120439,K562,0.922462,0.27038044,10
ENSG00000255561,1.0053682,0.79934055,K562,0.9377214,1.0,10
ENSG00000255561,1.3268976,0.79934055,K562,0.80682176,0.9,10
ENSG00000256269,1.1300969,1.6751364,K562,0.9217179,1.0,10
ENSG00000256269,1.0968702,1.6751364,K562,0.9579453,1.0,10
ENSG00000256269,1.4555659,1.6751364,K562,0.93964833,1.0,10
ENSG00000256269,1.604451,1.6751364,K562,0.95071864,1.0,10
ENSG00000256269,1.5301673,1.6751364,K562,0.93666387,0.9891055,10
ENSG00000256349,-0.17594084,-0.4685211,K562,0.9712568,1.0,10
ENSG00000258659,1.2927444,1.1616675,K562,0.93295616,1.0,10
ENSG00000258659,1.2358744,1.1616675,K562,0.41868567,1.0,10
ENSG00000259112,1.1556453,0.73878056,K562,0.7439459,1.0,10
