,PredExpr,ActualExpr,CellLine,PredPsi,ActualPsi,fold_idx
ENSG00000003756,1.8572731,2.033464,K562,0.9211411,1.0,2
ENSG00000003756,1.8677545,2.033464,K562,0.90719825,0.12131946,2
ENSG00000004534,1.4310946,1.8147136,K562,0.9304715,1.0,2
ENSG00000004534,1.3839185,1.8147136,K562,0.8693986,0.6929766,2
ENSG00000004534,1.3924315,1.8147136,K562,0.9482728,0.8371763,2
ENSG00000004534,1.2879045,1.8147136,K562,0.94697577,1.0,2
ENSG00000004534,1.5102317,1.8147136,K562,0.9021072,0.6531777,2
ENSG00000004534,1.3853402,1.8147136,K562,0.84423697,0.0046004844,2
ENSG00000004838,0.57926226,-0.22184876,K562,0.98432654,1.0,2
ENSG00000004838,0.5043592,-0.22184876,K562,0.9794517,1.0,2
ENSG00000005810,1.5642271,1.8167052,K562,0.93804055,1.0,2
ENSG00000005810,1.5573523,1.8167052,K562,0.9045513,0.19195612,2
ENSG00000005812,1.4325964,1.1433271,K562,0.91280115,1.0,2
ENSG00000008300,0.34351617,0.075546965,K562,0.98439133,1.0,2
ENSG00000008324,1.5738788,1.8659918,K562,0.88018614,1.0,2
ENSG00000008952,1.5548224,1.559308,K562,0.9475759,1.0,2
ENSG00000010256,1.5154699,2.2037942,K562,0.96786547,1.0,2
ENSG00000010256,1.5216682,2.2037942,K562,0.93760985,1.0,2
ENSG00000010318,1.2620606,0.86510396,K562,0.8824739,1.0,2
ENSG00000010318,1.3562772,0.86510396,K562,0.4514832,0.9848485,2
ENSG00000010322,1.6527495,1.5768019,K562,0.9636772,1.0,2
ENSG00000010322,1.6200819,1.5768019,K562,0.9359363,0.07364787,2
ENSG00000010322,1.5945001,1.5768019,K562,0.3068554,0.0054619936,2
ENSG00000010322,1.6683306,1.5768019,K562,0.94473815,0.92635214,2
ENSG00000011198,1.1108577,0.82216805,K562,0.85084486,1.0,2
ENSG00000011376,1.3016341,1.2674065,K562,0.8978507,1.0,2
ENSG00000016391,1.1991299,0.5250448,K562,0.965358,1.0,2
ENSG00000016864,1.7021148,1.589391,K562,0.8617513,1.0,2
ENSG00000016864,1.6730913,1.589391,K562,0.84804803,1.0,2
ENSG00000016864,1.4621918,1.589391,K562,0.6874909,1.0,2
ENSG00000016864,1.5152457,1.589391,K562,0.8274079,1.0,2
ENSG00000016864,1.5152457,1.589391,K562,0.8274079,1.0,2
ENSG00000016864,1.7607517,1.589391,K562,0.8596973,0.2929351,2
ENSG00000017260,1.5577369,1.5423274,K562,0.94312996,1.0,2
ENSG00000017260,1.8026509,1.5423274,K562,0.77540207,0.2532751,2
ENSG00000017260,1.8124913,1.5423274,K562,0.80872184,0.24503312,2
ENSG00000017260,1.519259,1.5423274,K562,0.86182076,0.98815334,2
ENSG00000017260,1.6158434,1.5423274,K562,0.9338109,0.63106793,2
ENSG00000017260,1.596791,1.5423274,K562,0.92299664,0.80880505,2
ENSG00000018408,1.5741525,0.61384183,K562,0.9491886,1.0,2
ENSG00000023330,1.5348878,1.8302037,K562,0.936821,1.0,2
ENSG00000023330,1.5276868,1.8302037,K562,0.9711873,1.0,2
ENSG00000023330,1.5887948,1.8302037,K562,0.8805706,0.19501366,2
ENSG00000023330,1.5884483,1.8302037,K562,0.8804989,0.0296875,2
ENSG00000023516,1.4715726,1.108565,K562,0.80267245,1.0,2
ENSG00000023516,1.381335,1.108565,K562,0.6784253,1.0,2
ENSG00000023516,1.1513383,1.108565,K562,0.9256344,1.0,2
ENSG00000023516,1.4173806,1.108565,K562,0.94609874,1.0,2
ENSG00000027001,1.1097044,1.3598355,K562,0.65826654,1.0,2
ENSG00000032742,0.9051528,0.4065402,K562,0.79381025,1.0,2
ENSG00000032742,0.8825796,0.4065402,K562,0.93297046,1.0,2
ENSG00000032742,0.87083495,0.4065402,K562,0.93765527,1.0,2
ENSG00000032742,0.88863266,0.4065402,K562,0.9007497,0.11363637,2
ENSG00000033867,1.2631538,1.0599419,K562,0.9424235,1.0,2
ENSG00000033867,1.3059247,1.0599419,K562,0.940263,0.64602804,2
ENSG00000033867,1.3132901,1.0599419,K562,0.9307556,0.7313084,2
ENSG00000033867,1.2415885,1.0599419,K562,0.9052408,0.46261683,2
ENSG00000033867,1.3836979,1.0599419,K562,0.9660239,0.0,2
ENSG00000034533,1.2427434,0.5843312,K562,0.86962193,1.0,2
ENSG00000034533,1.3560398,0.5843312,K562,0.86612296,0.035422344,2
ENSG00000034533,1.4227728,0.5843312,K562,0.9001929,0.08719346,2
ENSG00000036054,1.0061632,0.8645111,K562,0.94295526,1.0,2
ENSG00000036054,1.2185235,0.8645111,K562,0.8557885,0.5019841,2
ENSG00000041515,-0.04481986,-0.88605666,K562,0.97313243,1.0,2
ENSG00000041802,1.6277531,1.5707763,K562,0.9332806,1.0,2
ENSG00000041802,1.4546175,1.5707763,K562,0.925851,1.0,2
ENSG00000041880,1.516665,1.4077307,K562,0.96619004,1.0,2
ENSG00000043093,1.1157973,1.2116544,K562,0.910131,1.0,2
ENSG00000043093,1.0162731,1.2116544,K562,0.896966,1.0,2
ENSG00000047849,1.2593467,1.6639835,K562,0.9589805,1.0,2
ENSG00000047849,1.5040364,1.6639835,K562,0.95169824,1.0,2
ENSG00000047849,1.4849389,1.6639835,K562,0.9497326,1.0,2
ENSG00000047849,1.3138121,1.6639835,K562,0.8750318,1.0,2
ENSG00000047849,1.2579706,1.6639835,K562,0.9503134,0.5360972,2
ENSG00000047849,1.4026682,1.6639835,K562,0.8851209,0.0,2
ENSG00000047849,1.3352907,1.6639835,K562,0.95124745,1.0,2
ENSG00000047849,1.3599844,1.6639835,K562,0.93137246,1.0,2
ENSG00000051341,1.2322984,1.0326188,K562,0.94764566,1.0,2
ENSG00000051341,1.1895893,1.0326188,K562,0.94035846,1.0,2
ENSG00000051382,1.2362263,0.90471554,K562,0.9419957,1.0,2
ENSG00000051382,1.088318,0.90471554,K562,0.91653955,1.0,2
ENSG00000051382,1.3988032,0.90471554,K562,0.8388927,0.8582677,2
ENSG00000051382,1.2975128,0.90471554,K562,0.95750624,1.0,2
ENSG00000053524,-0.25563297,0.17897695,K562,0.98998475,1.0,2
ENSG00000053524,-0.24554607,0.17897695,K562,0.98306817,1.0,2
ENSG00000053524,-0.1926608,0.17897695,K562,0.9498455,0.19626169,2
ENSG00000056736,0.70425975,0.52244425,K562,0.97705483,1.0,2
ENSG00000056736,0.99532056,0.52244425,K562,0.8999629,1.0,2
ENSG00000057019,0.7562562,0.47712126,K562,0.94004995,1.0,2
ENSG00000057019,1.0649685,0.47712126,K562,0.56657207,0.0,2
ENSG00000058056,1.3924866,0.89376175,K562,0.8824852,1.0,2
ENSG00000058063,1.2477903,1.3163898,K562,0.9282187,1.0,2
ENSG00000058262,1.8692801,2.0445397,K562,0.94971895,1.0,2
ENSG00000058866,-0.49773237,0.5998831,K562,0.99208105,1.0,2
ENSG00000060971,1.5950928,1.8303962,K562,0.91742754,1.0,2
ENSG00000060971,1.5759757,1.8303962,K562,0.96080744,1.0,2
ENSG00000060971,1.6003313,1.8303962,K562,0.9426662,0.97651726,2
ENSG00000060971,1.5759757,1.8303962,K562,0.96080744,0.9768838,2
ENSG00000060971,1.581006,1.8303962,K562,0.8712545,0.8058445,2
ENSG00000060971,1.5503106,1.8303962,K562,0.87011063,0.024067122,2
ENSG00000061938,0.46464187,1.5498612,K562,0.9912497,1.0,2
ENSG00000061938,0.45936877,1.5498612,K562,0.99127823,1.0,2
ENSG00000061938,0.6008667,1.5498612,K562,0.9905158,1.0,2
ENSG00000061938,0.4702264,1.5498612,K562,0.9907416,1.0,2
ENSG00000061938,0.65289265,1.5498612,K562,0.9767446,0.7154213,2
ENSG00000061938,0.5004032,1.5498612,K562,0.956281,0.5086245,2
ENSG00000065150,0.97963166,1.9352049,K562,0.91435915,1.0,2
ENSG00000065150,1.3735771,1.9352049,K562,0.9353375,1.0,2
ENSG00000065150,1.3817016,1.9352049,K562,0.9398389,1.0,2
ENSG00000065150,1.3278155,1.9352049,K562,0.6649445,1.0,2
ENSG00000065485,1.0651971,1.2562366,K562,0.8497062,1.0,2
ENSG00000065485,0.9889442,1.2562366,K562,0.9734948,1.0,2
ENSG00000065485,0.9794148,1.2562366,K562,0.9687053,0.9278158,2
ENSG00000065518,1.3202139,2.4098487,K562,0.7331327,1.0,2
ENSG00000065518,1.3202139,2.4098487,K562,0.7331327,1.0,2
ENSG00000066422,1.4671513,1.0726175,K562,0.9041773,1.0,2
ENSG00000066422,1.396403,1.0726175,K562,0.89105684,1.0,2
ENSG00000067560,1.7248323,2.4357011,K562,0.94233036,1.0,2
ENSG00000067560,1.6698854,2.4357011,K562,0.36611494,0.14782481,2
ENSG00000067560,1.6681229,2.4357011,K562,0.9522865,0.9953782,2
ENSG00000068001,1.7682263,1.1625644,K562,0.9339837,1.0,2
ENSG00000068001,1.8076401,1.1625644,K562,0.8983944,1.0,2
ENSG00000068001,1.9373794,1.1625644,K562,0.8499768,0.0,2
ENSG00000068028,1.7925193,1.6727442,K562,0.9603371,1.0,2
ENSG00000068028,1.7909018,1.6727442,K562,0.95995027,1.0,2
ENSG00000068028,1.7909018,1.6727442,K562,0.95995027,1.0,2
ENSG00000068028,1.8345013,1.6727442,K562,0.81050247,0.5465909,2
ENSG00000068028,1.8336525,1.6727442,K562,0.8064696,0.117256634,2
ENSG00000068650,1.4348288,1.3182721,K562,0.9324418,1.0,2
ENSG00000068745,1.6024501,1.808751,K562,0.92995375,0.054083884,2
ENSG00000068745,1.695264,1.808751,K562,0.92231447,0.20721555,2
ENSG00000068745,1.7774222,1.808751,K562,0.86756945,0.0021528525,2
ENSG00000068745,1.7545247,1.808751,K562,0.8861972,0.020260183,2
ENSG00000068885,1.1609318,1.0906107,K562,0.92137957,1.0,2
ENSG00000068885,1.3193694,1.0906107,K562,0.8708258,1.0,2
ENSG00000068885,1.3785685,1.0906107,K562,0.936637,0.7601432,2
ENSG00000068885,1.3605297,1.0906107,K562,0.22376706,0.7077465,2
ENSG00000069849,1.5127746,1.6619073,K562,0.8636834,1.0,2
ENSG00000069849,1.5916121,1.6619073,K562,0.37299538,0.005583756,2
ENSG00000069849,1.6571727,1.6619073,K562,0.30716124,0.005583756,2
ENSG00000070476,1.3306396,1.0187005,K562,0.9219982,1.0,2
ENSG00000070950,1.2883557,1.0124154,K562,0.60280013,1.0,2
ENSG00000071794,1.2183143,1.2347703,K562,0.9623233,1.0,2
ENSG00000071794,1.2969505,1.2347703,K562,0.91585046,1.0,2
ENSG00000072274,1.6308296,2.1119678,K562,0.93198407,1.0,2
ENSG00000072274,1.7151442,2.1119678,K562,0.9124331,1.0,2
ENSG00000072274,1.648175,2.1119678,K562,0.7224695,1.0,2
ENSG00000072274,1.722575,2.1119678,K562,0.8977498,0.9716537,2
ENSG00000072756,1.808462,1.403978,K562,0.89481914,1.0,2
ENSG00000073111,1.6680796,2.0900464,K562,0.96213853,1.0,2
ENSG00000073282,0.23033816,0.60206,K562,0.98074317,1.0,2
ENSG00000073803,1.0864279,1.0273496,K562,0.91021454,1.0,2
ENSG00000073803,1.2858824,1.0273496,K562,0.96977735,1.0,2
ENSG00000073849,1.2763662,2.1297543,K562,0.94402486,1.0,2
ENSG00000075420,1.5879728,0.877947,K562,0.95132405,1.0,2
ENSG00000075420,1.623535,0.877947,K562,0.8400725,1.0,2
ENSG00000075651,0.4260754,0.33445376,K562,0.9242767,1.0,2
ENSG00000075651,0.50406414,0.33445376,K562,0.9677499,1.0,2
ENSG00000075651,0.5175941,0.33445376,K562,0.957657,0.6198347,2
ENSG00000075711,1.1922905,1.4022614,K562,0.91827387,1.0,2
ENSG00000075711,1.5827571,1.4022614,K562,0.8317482,1.0,2
ENSG00000075711,1.3543355,1.4022614,K562,0.32995424,0.060240965,2
ENSG00000075711,1.3967097,1.4022614,K562,0.61995167,0.0,2
ENSG00000075711,1.4014608,1.4022614,K562,0.88140607,1.0,2
ENSG00000075711,1.3407401,1.4022614,K562,0.93912107,1.0,2
ENSG00000075711,1.3456036,1.4022614,K562,0.5498097,1.0,2
ENSG00000075711,1.3392503,1.4022614,K562,0.62548804,0.59365326,2
ENSG00000075785,1.7266735,2.0587676,K562,0.95225894,1.0,2
ENSG00000075914,1.7784841,1.7548832,K562,0.92559975,1.0,2
ENSG00000075975,1.586817,1.409595,K562,0.9691227,1.0,2
ENSG00000075975,1.6159996,1.409595,K562,0.9610833,1.0,2
ENSG00000075975,1.616169,1.409595,K562,0.9281234,0.9726456,2
ENSG00000076201,1.6850665,0.8853612,K562,0.95318896,1.0,2
ENSG00000076201,1.6287813,0.8853612,K562,0.9493303,0.7470882,2
ENSG00000076242,1.5021379,1.765296,K562,0.8690382,1.0,2
ENSG00000076242,1.4656957,1.765296,K562,0.96327865,1.0,2
ENSG00000076242,1.3876965,1.765296,K562,0.93333936,1.0,2
ENSG00000076242,1.4831796,1.765296,K562,0.8060919,0.008776742,2
ENSG00000076242,1.4090652,1.765296,K562,0.89294636,0.95639056,2
ENSG00000076242,1.5402575,1.765296,K562,0.9345648,1.0,2
ENSG00000076242,1.5333949,1.765296,K562,0.9611198,1.0,2
ENSG00000077097,1.2176988,1.7645497,K562,0.9495634,1.0,2
ENSG00000078070,1.3947437,1.5096056,K562,0.90019566,1.0,2
ENSG00000078070,1.2940314,1.5096056,K562,0.33821556,0.99860287,2
ENSG00000078070,1.243079,1.5096056,K562,0.8360658,0.008668516,2
ENSG00000078070,1.4189477,1.5096056,K562,0.9571371,0.9913435,2
ENSG00000078070,1.1472068,1.5096056,K562,0.823443,0.99167824,2
ENSG00000078070,1.268391,1.5096056,K562,0.78213334,0.9912345,2
ENSG00000080200,0.8664317,0.2855573,K562,0.952078,1.0,2
ENSG00000080200,0.8432892,0.2855573,K562,0.86029565,1.0,2
ENSG00000080819,1.6423005,1.7570162,K562,0.92180437,1.0,2
ENSG00000080819,1.7327632,1.7570162,K562,0.8511439,1.0,2
ENSG00000080822,1.7190176,2.085112,K562,0.8380648,1.0,2
ENSG00000080822,1.7481906,2.085112,K562,0.6923634,0.0,2
ENSG00000080822,1.7563804,2.085112,K562,0.7547833,0.0018141074,2
ENSG00000081148,0.41539326,-0.7695511,K562,0.96253365,1.0,2
ENSG00000081148,0.20324877,-0.7695511,K562,0.93183255,1.0,2
ENSG00000081154,1.3765926,1.6916119,K562,0.94277316,1.0,2
ENSG00000081154,1.5353577,1.6916119,K562,0.87849265,1.0,2
ENSG00000081154,1.4414208,1.6916119,K562,0.77155936,0.76788324,2
ENSG00000081154,1.4267505,1.6916119,K562,0.8296649,0.93652695,2
ENSG00000081154,1.5530361,1.6916119,K562,0.9142243,0.9118136,2
ENSG00000081154,1.3765926,1.6916119,K562,0.94277316,0.8238342,2
ENSG00000081307,1.48539,1.6382896,K562,0.9387531,1.0,2
ENSG00000081307,1.2883095,1.6382896,K562,0.8940497,1.0,2
ENSG00000082701,1.1625416,1.2057456,K562,0.9194346,1.0,2
ENSG00000082701,1.1182534,1.2057456,K562,0.62074375,0.29213482,2
ENSG00000082781,-0.02361384,-0.050609995,K562,0.98520535,1.0,2
ENSG00000082996,1.3259974,1.1222159,K562,0.9360712,1.0,2
ENSG00000082996,1.5591872,1.1222159,K562,0.68485826,0.13024282,2
ENSG00000082996,1.2944853,1.1222159,K562,0.950779,1.0,2
ENSG00000082996,1.243976,1.1222159,K562,0.928439,1.0,2
ENSG00000083520,1.2996048,1.3637999,K562,0.9134347,1.0,2
ENSG00000083520,1.5061496,1.3637999,K562,0.77344286,0.24335548,2
ENSG00000083520,1.5732852,1.3637999,K562,0.7649215,0.7043269,2
ENSG00000083535,1.2044713,0.7168377,K562,0.781409,1.0,2
ENSG00000083544,1.0778737,1.0406023,K562,0.89689445,1.0,2
ENSG00000083544,1.1444838,1.0406023,K562,0.89549726,0.99786097,2
ENSG00000083544,1.158273,1.0406023,K562,0.9221749,0.0028169013,2
ENSG00000083635,1.343384,0.59549624,K562,0.96381366,1.0,2
ENSG00000083635,1.2907948,0.59549624,K562,0.9440903,1.0,2
ENSG00000083635,1.3161812,0.59549624,K562,0.89701146,1.0,2
ENSG00000083642,1.3645487,1.2140486,K562,0.76736283,1.0,2
ENSG00000083937,0.97765994,1.0576661,K562,0.96585375,1.0,2
ENSG00000083937,0.8886944,1.0576661,K562,0.91730267,0.95522386,2
ENSG00000085274,1.5379629,0.8853612,K562,0.9454632,1.0,2
ENSG00000085274,1.8004378,0.8853612,K562,0.81490093,0.36651585,2
ENSG00000085274,1.395465,0.8853612,K562,0.91250944,0.1124498,2
ENSG00000085274,1.5615294,0.8853612,K562,0.9208632,0.98367953,2
ENSG00000088448,1.4930422,1.8645704,K562,0.9356369,1.0,2
ENSG00000088448,1.6924058,1.8645704,K562,0.88655883,0.37203065,2
ENSG00000088448,1.6718955,1.8645704,K562,0.9086312,0.004857316,2
ENSG00000088451,1.1959368,1.0674429,K562,0.9118436,1.0,2
ENSG00000088543,0.831162,0.08635983,K562,0.9308013,1.0,2
ENSG00000088543,0.4816488,0.08635983,K562,0.9636926,1.0,2
ENSG00000088726,0.27468637,-0.7695511,K562,0.9824354,1.0,2
ENSG00000088727,1.3206599,0.69372696,K562,0.9602862,1.0,2
ENSG00000088727,1.6678295,0.69372696,K562,0.9217865,0.07462686,2
ENSG00000090097,0.6924073,1.0744507,K562,0.8532389,1.0,2
ENSG00000090520,1.6298234,1.6843965,K562,0.9412218,1.0,2
ENSG00000091317,1.2807469,1.5925099,K562,0.8986917,1.0,2
ENSG00000091317,1.2179196,1.5925099,K562,0.9485315,1.0,2
ENSG00000091513,-0.54752684,-0.92081875,K562,0.98146147,1.0,2
ENSG00000091513,-0.5532293,-0.92081875,K562,0.98629296,1.0,2
ENSG00000091527,1.7280345,2.0492568,K562,0.9135098,1.0,2
ENSG00000091527,1.6660674,2.0492568,K562,0.9284317,1.0,2
ENSG00000093167,1.2206612,1.4454485,K562,0.9124763,1.0,2
ENSG00000093167,1.4924161,1.4454485,K562,0.9293557,0.04426325,2
ENSG00000093167,1.5031867,1.4454485,K562,0.8934669,0.65424913,2
ENSG00000093183,1.357919,1.521661,K562,0.94776505,1.0,2
ENSG00000093183,1.4448904,1.521661,K562,0.9382888,0.94658244,2
ENSG00000093183,1.5212293,1.521661,K562,0.95558757,0.14593536,2
ENSG00000093217,1.0542954,0.4048337,K562,0.93713766,1.0,2
ENSG00000102471,0.55187905,1.1395643,K562,0.95444775,1.0,2
ENSG00000102524,1.5551881,1.2237555,K562,0.86020297,1.0,2
ENSG00000102524,1.3516848,1.2237555,K562,0.87711805,1.0,2
ENSG00000102531,1.0496423,1.1607685,K562,0.9249185,1.0,2
ENSG00000102543,1.1900722,0.5888317,K562,0.94064075,1.0,2
ENSG00000102543,1.1660314,0.5888317,K562,0.9396559,1.0,2
ENSG00000102543,1.1459666,0.5888317,K562,0.93339497,1.0,2
ENSG00000102543,1.2398034,0.5888317,K562,0.9350263,0.23659305,2
ENSG00000102547,1.18931,0.012837225,K562,0.9498337,1.0,2
ENSG00000102547,1.2644907,0.012837225,K562,0.8754994,1.0,2
ENSG00000102547,1.2797031,0.012837225,K562,0.92295635,1.0,2
ENSG00000102547,1.1300724,0.012837225,K562,0.9501448,1.0,2
ENSG00000102547,1.2038594,0.012837225,K562,0.8949122,1.0,2
ENSG00000102547,0.99834585,0.012837225,K562,0.9452433,1.0,2
ENSG00000102554,0.06258689,0.045322977,K562,0.96754116,1.0,2
ENSG00000102554,0.5573611,0.045322977,K562,0.9330845,1.0,2
ENSG00000102572,1.3902273,1.6180481,K562,0.9466059,1.0,2
ENSG00000102572,1.3902273,1.6180481,K562,0.9466059,1.0,2
ENSG00000102572,1.5265591,1.6180481,K562,0.87305415,0.8935419,2
ENSG00000102580,1.4448113,0.9370161,K562,0.94776046,1.0,2
ENSG00000102580,1.3561198,0.9370161,K562,0.8087829,1.0,2
ENSG00000102595,1.1152759,1.1846914,K562,0.91893744,1.0,2
ENSG00000102595,1.1015542,1.1846914,K562,0.89088595,1.0,2
ENSG00000102595,1.0151912,1.1846914,K562,0.8934255,0.9778357,2
ENSG00000102606,1.5332607,1.4980347,K562,0.78583914,0.9471789,2
ENSG00000102606,1.5852242,1.4980347,K562,0.9264702,0.9472738,2
ENSG00000102606,1.501766,1.4980347,K562,0.93235433,0.95154184,2
ENSG00000102699,1.0519214,1.4842999,K562,0.94969493,1.0,2
ENSG00000102699,1.0977237,1.4842999,K562,0.9089644,1.0,2
ENSG00000102710,1.2994447,1.5162709,K562,0.45272127,1.0,2
ENSG00000102710,0.93038446,1.5162709,K562,0.9379842,1.0,2
ENSG00000102710,1.3692756,1.5162709,K562,0.90119076,0.036562204,2
ENSG00000102710,1.1447451,1.5162709,K562,0.955928,0.99344695,2
ENSG00000102710,1.1467229,1.5162709,K562,0.953032,0.9960443,2
ENSG00000102710,1.0654964,1.5162709,K562,0.7987852,0.9975272,2
ENSG00000102743,1.2638836,1.0817072,K562,0.8934378,1.0,2
ENSG00000102753,1.3384204,1.2588767,K562,0.91011775,1.0,2
ENSG00000102755,-0.21220574,-0.08092191,K562,0.9862898,1.0,2
ENSG00000102755,-0.38335282,-0.08092191,K562,0.9910891,1.0,2
ENSG00000102760,0.59950197,1.1495271,K562,0.9555768,1.0,2
ENSG00000102760,0.33242962,1.1495271,K562,0.9217596,1.0,2
ENSG00000102763,1.3001444,0.8876173,K562,0.95749587,1.0,2
ENSG00000102763,1.1912277,0.8876173,K562,0.93983644,1.0,2
ENSG00000102763,1.0766039,0.8876173,K562,0.887469,1.0,2
ENSG00000102780,1.1878042,0.67486113,K562,0.94465166,1.0,2
ENSG00000102780,1.2876194,0.67486113,K562,0.84215724,0.0026455026,2
ENSG00000102780,1.3321562,0.67486113,K562,0.913781,0.02077922,2
ENSG00000102781,1.1133403,0.76417613,K562,0.9362731,1.0,2
ENSG00000102781,1.052144,0.76417613,K562,0.8977909,1.0,2
ENSG00000102781,1.0953646,0.76417613,K562,0.86390126,1.0,2
ENSG00000102781,1.1850536,0.76417613,K562,0.96056694,1.0,2
ENSG00000102781,1.188581,0.76417613,K562,0.95286834,1.0,2
ENSG00000102786,1.1284236,1.2900347,K562,0.86503416,1.0,2
ENSG00000102786,1.3109128,1.2900347,K562,0.9090848,1.0,2
ENSG00000102796,1.3619313,0.9537597,K562,0.90126425,1.0,2
ENSG00000102796,1.5599318,0.9537597,K562,0.77294695,1.0,2
ENSG00000102796,1.5076357,0.9537597,K562,0.8463017,1.0,2
ENSG00000102804,0.15370217,1.006466,K562,0.9751819,1.0,2
ENSG00000102805,1.279518,0.9434945,K562,0.9152504,1.0,2
ENSG00000102805,1.1681647,0.9434945,K562,0.9012396,1.0,2
ENSG00000102805,1.4672892,0.9434945,K562,0.7475912,0.0,2
ENSG00000113790,0.6722797,0.50920254,K562,0.9751874,1.0,2
ENSG00000113790,0.69819725,0.50920254,K562,0.7555991,1.0,2
ENSG00000113790,0.7186669,0.50920254,K562,0.95360863,1.0,2
ENSG00000113810,1.4238042,1.9984337,K562,0.9158116,1.0,2
ENSG00000113810,1.5805882,1.9984337,K562,0.9409751,0.84892684,2
ENSG00000113811,1.5098146,1.7900035,K562,0.8254679,1.0,2
ENSG00000113811,1.5288472,1.7900035,K562,0.92379254,1.0,2
ENSG00000113812,1.4856578,1.3322364,K562,0.96203274,1.0,2
ENSG00000113838,1.5509226,1.064458,K562,0.9487961,1.0,2
ENSG00000113838,1.4412372,1.064458,K562,0.5254384,1.0,2
ENSG00000113845,1.6275516,1.7340794,K562,0.94403785,1.0,2
ENSG00000113845,1.4899929,1.7340794,K562,0.925548,0.36953297,2
ENSG00000113851,1.1498816,1.1841234,K562,0.97032243,1.0,2
ENSG00000113851,1.0040762,1.1841234,K562,0.8845246,0.64492756,2
ENSG00000113851,0.9919349,1.1841234,K562,0.8606919,0.9587889,2
ENSG00000113916,-0.15003774,-0.537602,K562,0.9882918,1.0,2
ENSG00000113916,-0.14477372,-0.537602,K562,0.9919368,1.0,2
ENSG00000113924,0.18398368,-0.34678748,K562,0.97641253,1.0,2
ENSG00000113924,0.18953192,-0.34678748,K562,0.9593908,1.0,2
ENSG00000113924,0.13380092,-0.34678748,K562,0.9719524,1.0,2
ENSG00000113946,-0.26320493,0.5276299,K562,0.98345274,1.0,2
ENSG00000113946,-0.2632091,0.5276299,K562,0.98443377,1.0,2
ENSG00000113966,0.9237863,0.19589965,K562,0.88932925,1.0,2
ENSG00000113966,1.0316397,0.19589965,K562,0.84142816,0.06382979,2
ENSG00000113971,1.0067353,0.34439227,K562,0.9027157,1.0,2
ENSG00000113971,0.9733844,0.34439227,K562,0.933386,1.0,2
ENSG00000114013,1.20328,1.5518159,K562,0.92943156,1.0,2
ENSG00000114021,1.0597521,1.7302169,K562,0.8185421,1.0,2
ENSG00000114021,1.2159567,1.7302169,K562,0.80507517,0.9323467,2
ENSG00000114023,1.5265999,1.854306,K562,0.9465582,1.0,2
ENSG00000114023,1.3493288,1.854306,K562,0.91733694,0.40047625,2
ENSG00000114026,1.5647643,1.447778,K562,0.88282996,1.0,2
ENSG00000114026,1.520412,1.447778,K562,0.9370906,0.962191,2
ENSG00000114030,0.9539118,1.45454,K562,0.95361966,1.0,2
ENSG00000114030,1.3122737,1.45454,K562,0.9581473,0.60587794,2
ENSG00000114054,1.1207604,1.8013351,K562,0.9623874,1.0,2
ENSG00000114054,1.0307875,1.8013351,K562,0.7116967,0.00563182,2
ENSG00000114098,1.4113624,1.3525684,K562,0.8997836,1.0,2
ENSG00000114098,1.39833,1.3525684,K562,0.9277061,1.0,2
ENSG00000114098,1.6237578,1.3525684,K562,0.63882494,0.29588014,2
ENSG00000114098,1.6542022,1.3525684,K562,0.78288645,0.73779637,2
ENSG00000114098,1.6993308,1.3525684,K562,0.92083645,0.9671932,2
ENSG00000114098,1.3175528,1.3525684,K562,0.8789014,0.81835747,2
ENSG00000114107,0.74483645,0.096910015,K562,0.92730767,1.0,2
ENSG00000114120,1.1059276,1.4852954,K562,0.917346,1.0,2
ENSG00000114120,0.9041761,1.4852954,K562,0.9399412,1.0,2
ENSG00000114120,1.199137,1.4852954,K562,0.9390378,1.0,2
ENSG00000114120,1.2155089,1.4852954,K562,0.68604726,0.060373217,2
ENSG00000114125,1.4970345,1.6058435,K562,0.86480266,1.0,2
ENSG00000114125,1.4022908,1.6058435,K562,0.879191,0.007352941,2
ENSG00000114125,1.4022908,1.6058435,K562,0.879191,0.18221575,2
ENSG00000114126,1.0665022,1.3300077,K562,0.9435269,1.0,2
ENSG00000114126,1.1539261,1.3300077,K562,0.932474,0.9180538,2
ENSG00000114126,1.002659,1.3300077,K562,0.8542207,0.16408668,2
ENSG00000114126,1.0489914,1.3300077,K562,0.80184907,1.0,2
ENSG00000114127,1.2492133,0.89042103,K562,0.84547156,1.0,2
ENSG00000114127,1.3884704,0.89042103,K562,0.9041395,1.0,2
ENSG00000114127,1.4950831,0.89042103,K562,0.9001085,1.0,2
ENSG00000114166,1.3178775,0.8864907,K562,0.8863491,1.0,2
ENSG00000114166,1.068118,0.8864907,K562,0.9358751,1.0,2
ENSG00000114166,1.15098,0.8864907,K562,0.90093416,1.0,2
ENSG00000114200,0.08574897,1.079543,K562,0.9817926,1.0,2
ENSG00000114209,1.3446537,1.8863215,K562,0.9223144,1.0,2
ENSG00000114209,1.2922568,1.8863215,K562,0.94366974,1.0,2
ENSG00000114209,1.4208272,1.8863215,K562,0.74202526,0.24977778,2
ENSG00000114268,1.1596739,0.6803355,K562,0.9043244,1.0,2
ENSG00000114268,1.2197127,0.6803355,K562,0.97611916,1.0,2
ENSG00000114268,1.1092196,0.6803355,K562,0.9334717,1.0,2
ENSG00000114268,1.2218933,0.6803355,K562,0.6568486,0.0,2
ENSG00000114268,1.3806286,0.6803355,K562,0.7645275,0.01937046,2
ENSG00000114268,1.3804617,0.6803355,K562,0.7256111,0.0,2
ENSG00000114270,0.010710657,-0.0043648053,K562,0.9849998,1.0,2
ENSG00000114270,-0.18636341,-0.0043648053,K562,0.9846681,1.0,2
ENSG00000114270,-0.04723932,-0.0043648053,K562,0.990506,1.0,2
ENSG00000114302,1.323883,1.0549959,K562,0.96457535,1.0,2
ENSG00000114302,1.327474,1.0549959,K562,0.91867006,1.0,2
ENSG00000114302,1.2420919,1.0549959,K562,0.9476228,0.99791884,2
ENSG00000114315,0.47342777,0.61595005,K562,0.9829517,1.0,2
ENSG00000114315,0.42672867,0.61595005,K562,0.9804334,1.0,2
ENSG00000114316,1.7997301,1.7361574,K562,0.9544681,1.0,2
ENSG00000114316,1.7769911,1.7361574,K562,0.8820187,0.38025942,2
ENSG00000114331,1.2701713,1.1486026,K562,0.9368127,1.0,2
ENSG00000114346,1.2784878,1.2385479,K562,0.76594144,1.0,2
ENSG00000114346,1.2865951,1.2385479,K562,0.42549372,0.11782946,2
ENSG00000114346,1.3251159,1.2385479,K562,0.8341459,0.04263566,2
ENSG00000114353,1.6462088,2.3390934,K562,0.93939346,1.0,2
ENSG00000114353,1.6462088,2.3390934,K562,0.93939346,1.0,2
ENSG00000114353,1.5378515,2.3390934,K562,0.9246124,1.0,2
ENSG00000114353,1.6152157,2.3390934,K562,0.95480824,1.0,2
ENSG00000114353,1.6462088,2.3390934,K562,0.93939346,0.3813547,2
ENSG00000114354,1.4512221,1.6382896,K562,0.89821875,1.0,2
ENSG00000114354,1.4078164,1.6382896,K562,0.92422795,1.0,2
ENSG00000114354,1.4269834,1.6382896,K562,0.35941696,0.0,2
ENSG00000114383,1.4931226,1.8454702,K562,0.9516326,1.0,2
ENSG00000114383,1.5019612,1.8454702,K562,0.94909495,1.0,2
ENSG00000114388,1.7208292,1.4707044,K562,0.88471204,1.0,2
ENSG00000114388,1.7261941,1.4707044,K562,0.90262103,1.0,2
ENSG00000114388,1.6672995,1.4707044,K562,0.90838015,0.8938053,2
ENSG00000114388,1.6706111,1.4707044,K562,0.90048397,0.96238244,2
ENSG00000114395,1.6385993,1.349666,K562,0.8816633,1.0,2
ENSG00000114395,1.6542848,1.349666,K562,0.8551128,1.0,2
ENSG00000114395,1.5676718,1.349666,K562,0.7984254,0.7983387,2
ENSG00000114416,1.3223531,1.8302678,K562,0.95997095,1.0,2
ENSG00000114416,1.3794129,1.8302678,K562,0.9276582,0.9755011,2
ENSG00000114416,1.2381519,1.8302678,K562,0.8424094,0.06818182,2
ENSG00000114416,1.2381519,1.8302678,K562,0.8424094,0.99048704,2
ENSG00000114416,1.3375933,1.8302678,K562,0.83610314,0.43679276,2
ENSG00000114423,1.4859056,1.3832767,K562,0.824499,1.0,2
ENSG00000114423,1.4475641,1.3832767,K562,0.92264897,1.0,2
ENSG00000114423,1.7170038,1.3832767,K562,0.84146994,0.511811,2
ENSG00000114439,1.0859224,1.1303338,K562,0.93922675,1.0,2
ENSG00000114439,1.0686932,1.1303338,K562,0.9499405,0.9494774,2
ENSG00000114439,1.1144171,1.1303338,K562,0.91281724,0.06794425,2
ENSG00000114446,0.9724016,0.7458552,K562,0.9242173,1.0,2
ENSG00000114446,1.151866,0.7458552,K562,0.77468675,1.0,2
ENSG00000114450,0.49234825,0.17897695,K562,0.9563683,1.0,2
ENSG00000114450,0.25877294,0.17897695,K562,0.9556892,0.82608694,2
ENSG00000114473,1.1944946,0.4785665,K562,0.9345216,1.0,2
ENSG00000114480,1.1157227,1.295127,K562,0.9286049,1.0,2
ENSG00000114491,1.194176,1.3956758,K562,0.91099757,1.0,2
ENSG00000114491,1.4451916,1.3956758,K562,0.7432048,0.3937848,2
ENSG00000114491,1.4451916,1.3956758,K562,0.7432048,0.0,2
ENSG00000114491,1.194176,1.3956758,K562,0.91099757,0.662766,2
ENSG00000114491,1.194176,1.3956758,K562,0.91099757,1.0,2
ENSG00000114503,1.6856626,1.8803562,K562,0.91865164,1.0,2
ENSG00000114503,1.6856626,1.8803562,K562,0.91865164,1.0,2
ENSG00000114520,1.3503758,1.5833122,K562,0.9164933,1.0,2
ENSG00000114520,1.4050479,1.5833122,K562,0.94441664,0.95522386,2
ENSG00000114529,0.6137742,-0.39794,K562,0.9605239,1.0,2
ENSG00000114544,1.1151881,1.4169731,K562,0.93770975,1.0,2
ENSG00000114544,0.94305634,1.4169731,K562,0.9335564,1.0,2
ENSG00000114544,0.96542275,1.4169731,K562,0.9564718,0.8520098,2
ENSG00000114554,0.4158736,0.70329136,K562,0.9920671,1.0,2
ENSG00000114554,0.53461784,0.70329136,K562,0.9908698,1.0,2
ENSG00000114573,1.4767144,1.3289908,K562,0.853199,1.0,2
ENSG00000114573,1.3415359,1.3289908,K562,0.848887,1.0,2
ENSG00000114573,1.4851184,1.3289908,K562,0.6892417,0.009718173,2
ENSG00000114626,1.5021313,0.9513375,K562,0.93048334,1.0,2
ENSG00000114626,1.4915574,0.9513375,K562,0.9016671,1.0,2
ENSG00000114631,-0.027204305,1.2848817,K562,0.9892842,1.0,2
ENSG00000114648,1.5678343,1.4407517,K562,0.87850094,1.0,2
ENSG00000114648,1.557451,1.4407517,K562,0.921736,0.9815825,2
ENSG00000114650,1.4619868,1.4308809,K562,0.92569494,1.0,2
ENSG00000114735,1.5795445,1.0989896,K562,0.60885274,1.0,2
ENSG00000114735,1.5899053,1.0989896,K562,0.8861797,0.84594595,2
ENSG00000114737,1.1071492,0.4440448,K562,0.9064512,1.0,2
ENSG00000114737,1.3738586,0.4440448,K562,0.8206663,0.0,2
ENSG00000114738,1.3236413,1.5714759,K562,0.9502746,1.0,2
ENSG00000114738,1.3869455,1.5714759,K562,0.93569356,1.0,2
ENSG00000114739,0.7565313,-0.14874165,K562,0.96626765,1.0,2
ENSG00000114739,1.0659558,-0.14874165,K562,0.9637108,1.0,2
ENSG00000114742,1.1818271,1.1610684,K562,0.9474934,1.0,2
ENSG00000114742,1.2823386,1.1610684,K562,0.9384158,1.0,2
ENSG00000114742,1.3158848,1.1610684,K562,0.9642403,0.4074074,2
ENSG00000114744,1.2681789,1.2355285,K562,0.883586,1.0,2
ENSG00000114744,1.0991089,1.2355285,K562,0.4297927,0.044704266,2
ENSG00000114745,1.3072287,1.4287825,K562,0.9774975,1.0,2
ENSG00000114745,1.3918798,1.4287825,K562,0.95800596,1.0,2
ENSG00000114745,1.3839772,1.4287825,K562,0.95960116,0.3809524,2
ENSG00000114767,1.4685819,1.6252096,K562,0.9376323,1.0,2
ENSG00000114767,1.456944,1.6252096,K562,0.96724296,1.0,2
ENSG00000114767,1.431007,1.6252096,K562,0.9036527,1.0,2
ENSG00000114767,1.4737915,1.6252096,K562,0.958615,1.0,2
ENSG00000114767,1.4818255,1.6252096,K562,0.8838721,1.0,2
ENSG00000114770,0.8332224,0.9106244,K562,0.92844856,1.0,2
ENSG00000114770,0.8990032,0.9106244,K562,0.92459995,1.0,2
ENSG00000114779,1.1924777,1.7895103,K562,0.88264936,1.0,2
ENSG00000114779,1.1924777,1.7895103,K562,0.88264936,1.0,2
ENSG00000114779,1.4630585,1.7895103,K562,0.9128634,1.0,2
ENSG00000114779,1.2939032,1.7895103,K562,0.9749383,0.92515856,2
ENSG00000114779,1.2873818,1.7895103,K562,0.95735174,0.77012986,2
ENSG00000114784,1.4586251,1.4189638,K562,0.7998235,1.0,2
ENSG00000114784,1.4718491,1.4189638,K562,0.86092025,1.0,2
ENSG00000114790,-0.5544844,-0.9586073,K562,0.9922883,1.0,2
ENSG00000114796,1.088074,0.47275645,K562,0.9400316,1.0,2
ENSG00000114796,1.4438336,0.47275645,K562,0.90954566,0.5591398,2
ENSG00000114812,0.10360095,-0.65757734,K562,0.9632873,1.0,2
ENSG00000114841,0.6463287,0.59549624,K562,0.9823303,1.0,2
ENSG00000114850,1.2365294,2.0347488,K562,0.9079268,1.0,2
ENSG00000114850,1.4654474,2.0347488,K562,0.93065584,1.0,2
ENSG00000114854,0.4830168,-0.124938734,K562,0.9893287,1.0,2
ENSG00000114857,1.3734587,1.7456212,K562,0.8739283,1.0,2
ENSG00000114857,1.4578314,1.7456212,K562,0.8775839,1.0,2
ENSG00000114857,1.4754777,1.7456212,K562,0.5915176,0.022665458,2
ENSG00000114859,1.223872,0.33445376,K562,0.958951,1.0,2
ENSG00000114861,0.1367631,-0.82390875,K562,0.97939986,1.0,2
ENSG00000114867,1.77926,2.299943,K562,0.69692606,0.978803,2
ENSG00000114867,1.8124814,2.299943,K562,0.86246526,0.36026293,2
ENSG00000114867,1.815799,2.299943,K562,0.62430346,0.025561439,2
ENSG00000114867,1.8124814,2.299943,K562,0.86246526,0.9945956,2
ENSG00000114902,1.7186036,2.2725377,K562,0.8339448,1.0,2
ENSG00000114902,1.7108102,2.2725377,K562,0.8951113,1.0,2
ENSG00000114904,1.302082,0.9912261,K562,0.86642694,1.0,2
ENSG00000114904,1.2769753,0.9912261,K562,0.19817048,0.015151516,2
ENSG00000114904,1.1211592,0.9912261,K562,0.30078027,0.5266204,2
ENSG00000114904,1.2244556,0.9912261,K562,0.956439,0.8090278,2
ENSG00000118007,1.1313283,0.9872192,K562,0.81643593,1.0,2
ENSG00000118007,1.3805975,0.9872192,K562,0.84055257,1.0,2
ENSG00000118007,1.3246181,0.9872192,K562,0.9252046,0.96631825,2
ENSG00000118007,1.2495635,0.9872192,K562,0.9332667,0.03352601,2
ENSG00000118007,1.3065401,0.9872192,K562,0.7345536,0.004602992,2
ENSG00000118855,0.9634391,1.3583156,K562,0.9219354,1.0,2
ENSG00000118855,1.268945,1.3583156,K562,0.9369023,1.0,2
ENSG00000118855,1.0858063,1.3583156,K562,0.93875766,0.73468274,2
ENSG00000118855,1.2153352,1.3583156,K562,0.3554146,0.012376238,2
ENSG00000118922,0.94617534,-0.36653155,K562,0.95739,1.0,2
ENSG00000118939,1.565872,1.7791635,K562,0.66823846,1.0,2
ENSG00000118939,1.1328356,1.7791635,K562,0.93198276,1.0,2
ENSG00000119227,1.015041,-0.04095861,K562,0.834714,1.0,2
ENSG00000119231,1.5040479,1.0689276,K562,0.8841319,1.0,2
ENSG00000119231,1.4718461,1.0689276,K562,0.82889074,0.94480944,2
ENSG00000119231,1.4859698,1.0689276,K562,0.8792982,0.87151515,2
ENSG00000120662,1.3017573,1.2161659,K562,0.9457366,1.0,2
ENSG00000120662,1.2929914,1.2161659,K562,0.2779781,0.13615733,2
ENSG00000120662,1.3604153,1.2161659,K562,0.33005878,0.23017903,2
ENSG00000120675,1.4418585,1.6180481,K562,0.928971,1.0,2
ENSG00000120685,1.6584512,1.3263359,K562,0.8610307,1.0,2
ENSG00000120686,1.5600452,1.5276299,K562,0.8478138,1.0,2
ENSG00000120686,1.3273983,1.5276299,K562,0.7574236,1.0,2
ENSG00000120686,1.4270544,1.5276299,K562,0.9049632,1.0,2
ENSG00000120688,1.8549348,0.9754318,K562,0.84817076,1.0,2
ENSG00000120688,1.8176384,0.9754318,K562,0.8301145,1.0,2
ENSG00000120688,1.7872852,0.9754318,K562,0.8886788,1.0,2
ENSG00000120688,1.500083,0.9754318,K562,0.91629666,1.0,2
ENSG00000120688,1.5816476,0.9754318,K562,0.95190406,1.0,2
ENSG00000120690,1.630949,1.585799,K562,0.54751825,0.023707606,2
ENSG00000120693,-0.41277894,-0.9586073,K562,0.988906,1.0,2
ENSG00000120694,1.402329,1.5699588,K562,0.9335867,1.0,2
ENSG00000120694,1.4566553,1.5699588,K562,0.92582065,0.52449656,2
ENSG00000120697,1.4683348,1.4429499,K562,0.9160546,1.0,2
ENSG00000120697,1.3423488,1.4429499,K562,0.92576844,1.0,2
ENSG00000120699,1.51018,1.8813846,K562,0.9110447,1.0,2
ENSG00000120742,1.840491,2.2179837,K562,0.814401,1.0,2
ENSG00000120756,0.5913975,-0.036212172,K562,0.91088307,1.0,2
ENSG00000120756,0.6176705,-0.036212172,K562,0.94378984,1.0,2
ENSG00000121390,1.4114754,1.783975,K562,0.9135176,1.0,2
ENSG00000121542,1.0173165,1.2511513,K562,0.945502,1.0,2
ENSG00000121552,0.12401722,0.52244425,K562,0.97454077,1.0,2
ENSG00000121577,0.7306105,0.61066014,K562,0.9821717,1.0,2
ENSG00000121578,1.3289303,0.89376175,K562,0.912999,1.0,2
ENSG00000121578,1.4080122,0.89376175,K562,0.9384758,1.0,2
ENSG00000121578,1.3474188,0.89376175,K562,0.77412105,0.32879046,2
ENSG00000121579,1.5456165,2.1086326,K562,0.9056426,1.0,2
ENSG00000121579,1.5110466,2.1086326,K562,0.89132434,1.0,2
ENSG00000121594,1.6598917,1.7121444,K562,0.95410687,1.0,2
ENSG00000121594,1.7387543,1.7121444,K562,0.95430696,0.93224776,2
ENSG00000121741,1.3124166,1.4173056,K562,0.8883723,1.0,2
ENSG00000121741,1.3642185,1.4173056,K562,0.8749616,0.06933333,2
ENSG00000121741,1.3285825,1.4173056,K562,0.8408807,0.6239224,2
ENSG00000121741,1.426573,1.4173056,K562,0.84071076,0.42016128,2
ENSG00000121858,1.119115,0.45636603,K562,0.7691956,1.0,2
ENSG00000121858,1.1050733,0.45636603,K562,0.64355314,1.0,2
ENSG00000121858,1.119115,0.45636603,K562,0.7691956,1.0,2
ENSG00000121864,1.4239603,1.429106,K562,0.82944804,1.0,2
ENSG00000121864,1.1831213,1.429106,K562,0.81245726,1.0,2
ENSG00000121879,1.0525081,0.7355989,K562,0.90557146,1.0,2
ENSG00000121879,1.1317301,0.7355989,K562,0.9473106,1.0,2
ENSG00000121879,1.3158903,0.7355989,K562,0.8813619,1.0,2
ENSG00000122033,1.4086651,1.4605972,K562,0.9354799,1.0,2
ENSG00000122033,1.5465878,1.4605972,K562,0.91808945,1.0,2
ENSG00000122034,1.4824238,2.1863346,K562,0.9227611,1.0,2
ENSG00000122034,1.3638077,2.1863346,K562,0.9373621,1.0,2
ENSG00000122034,1.512539,2.1863346,K562,0.910961,0.98332494,2
ENSG00000122035,0.76979625,-0.20760831,K562,0.9260964,1.0,2
ENSG00000122035,0.32110578,-0.20760831,K562,0.9177152,1.0,2
ENSG00000122042,1.3102975,0.7831887,K562,0.84716254,1.0,2
ENSG00000122068,1.6156418,1.6797912,K562,0.90777844,1.0,2
ENSG00000123178,0.7948239,0.7497363,K562,0.9729494,1.0,2
ENSG00000123178,0.95878506,0.7497363,K562,0.9399864,1.0,2
ENSG00000123178,0.9248305,0.7497363,K562,0.9298709,0.9365942,2
ENSG00000123179,0.9946928,1.7241119,K562,0.8626735,1.0,2
ENSG00000123179,0.9468945,1.7241119,K562,0.8929829,0.005753138,2
ENSG00000123179,1.0107603,1.7241119,K562,0.9003101,0.21002907,2
ENSG00000123179,0.9946928,1.7241119,K562,0.8626735,0.92384714,2
ENSG00000123179,1.0754422,1.7241119,K562,0.9376904,0.008203678,2
ENSG00000123200,1.1532545,1.1795518,K562,0.95593905,1.0,2
ENSG00000125037,1.5860913,1.701568,K562,0.92676073,1.0,2
ENSG00000125037,1.5030521,1.701568,K562,0.9496608,1.0,2
ENSG00000125246,1.0614812,0.7860412,K562,0.94421977,1.0,2
ENSG00000125246,0.92924625,0.7860412,K562,0.8943755,1.0,2
ENSG00000125247,1.1942508,1.2457594,K562,0.81350815,1.0,2
ENSG00000125247,1.159553,1.2457594,K562,0.93032616,0.6559865,2
ENSG00000125257,1.5690019,1.1693805,K562,0.93472904,1.0,2
ENSG00000125266,0.17742087,-0.45593196,K562,0.9678822,1.0,2
ENSG00000125304,1.5261812,1.6616234,K562,0.92310494,1.0,2
ENSG00000125304,1.3800147,1.6616234,K562,0.90074444,1.0,2
ENSG00000126216,1.5401012,1.3184807,K562,0.902992,1.0,2
ENSG00000126226,1.5955436,1.6109794,K562,0.9237344,1.0,2
ENSG00000127249,-0.24220963,-0.17392519,K562,0.97831726,1.0,2
ENSG00000127870,1.728564,1.3016809,K562,0.8595502,1.0,2
ENSG00000129055,1.691924,1.4689378,K562,0.9252835,1.0,2
ENSG00000129071,1.6732564,1.6522464,K562,0.8728005,1.0,2
ENSG00000129810,1.2798206,0.92839587,K562,0.92751336,1.0,2
ENSG00000129810,1.3434792,0.92839587,K562,0.85221386,1.0,2
ENSG00000129810,1.3434792,0.92839587,K562,0.85221386,1.0,2
ENSG00000129810,1.3434792,0.92839587,K562,0.85221386,1.0,2
ENSG00000129810,1.1902395,0.92839587,K562,0.7922762,1.0,2
ENSG00000129810,1.1902395,0.92839587,K562,0.7922762,1.0,2
ENSG00000129810,1.3365438,0.92839587,K562,0.7987241,1.0,2
ENSG00000129810,1.3872495,0.92839587,K562,0.76738024,1.0,2
ENSG00000129810,1.1495961,0.92839587,K562,0.86287814,0.690625,2
ENSG00000129810,1.2934992,0.92839587,K562,0.62555766,0.46774194,2
ENSG00000130177,1.4547654,1.610021,K562,0.93476695,1.0,2
ENSG00000130177,1.4897015,1.610021,K562,0.9337402,1.0,2
ENSG00000130177,1.4349501,1.610021,K562,0.93102014,1.0,2
ENSG00000130177,1.4530227,1.610021,K562,0.9740379,1.0,2
ENSG00000130177,1.3386749,1.610021,K562,0.95607865,0.9314911,2
ENSG00000131370,1.6058506,1.764475,K562,0.9498783,1.0,2
ENSG00000131373,1.2693036,1.1737689,K562,0.92690593,1.0,2
ENSG00000131373,1.1966265,1.1737689,K562,0.95339346,0.9969325,2
ENSG00000131373,1.224408,1.1737689,K562,0.9411524,0.9731595,2
ENSG00000131373,1.2021735,1.1737689,K562,0.85768056,0.99559957,2
ENSG00000131373,1.3142251,1.1737689,K562,0.6385144,0.935305,2
ENSG00000131373,1.2413422,1.1737689,K562,0.8993192,0.5610561,2
ENSG00000131374,1.4304371,1.3836359,K562,0.9480369,1.0,2
ENSG00000131374,1.3601881,1.3836359,K562,0.39501983,0.038390093,2
ENSG00000131375,1.1987698,1.0588055,K562,0.9079759,1.0,2
ENSG00000131379,-0.09127709,-0.04095861,K562,0.9873941,1.0,2
ENSG00000131381,1.5198874,0.7678976,K562,0.9305419,1.0,2
ENSG00000131381,1.7537322,0.7678976,K562,0.79286104,0.84153,2
ENSG00000131389,1.3827155,1.3344537,K562,0.9732957,1.0,2
ENSG00000131389,1.3810093,1.3344537,K562,0.9733698,1.0,2
ENSG00000131389,1.4034972,1.3344537,K562,0.92861855,0.041666668,2
ENSG00000131389,1.4018073,1.3344537,K562,0.95108116,0.88110965,2
ENSG00000132153,1.4856833,1.6858313,K562,0.9285938,1.0,2
ENSG00000132153,1.5266545,1.6858313,K562,0.9241673,1.0,2
ENSG00000132153,1.5559762,1.6858313,K562,0.95008606,1.0,2
ENSG00000132153,1.4408433,1.6858313,K562,0.6150149,0.7754386,2
ENSG00000132155,1.7036573,1.8222334,K562,0.91461587,1.0,2
ENSG00000132155,1.567868,1.8222334,K562,0.7303968,0.98248374,2
ENSG00000132155,1.6141955,1.8222334,K562,0.95882756,0.98248374,2
ENSG00000132182,1.7639668,1.8216445,K562,0.9393347,1.0,2
ENSG00000132182,1.6833205,1.8216445,K562,0.94017804,1.0,2
ENSG00000132394,1.1499299,1.2962263,K562,0.968113,1.0,2
ENSG00000132394,1.3198123,1.2962263,K562,0.9436363,1.0,2
ENSG00000132394,1.4397619,1.2962263,K562,0.951392,1.0,2
ENSG00000132394,1.3223472,1.2962263,K562,0.97116154,1.0,2
ENSG00000132950,1.4606513,0.7075702,K562,0.927599,1.0,2
ENSG00000132950,1.3684115,0.7075702,K562,0.91353476,0.59388644,2
ENSG00000132952,1.3515284,1.0930713,K562,0.9330702,1.0,2
ENSG00000132952,1.4578204,1.0930713,K562,0.87431026,0.537022,2
ENSG00000132952,1.2648008,1.0930713,K562,0.7906266,0.63583815,2
ENSG00000132953,1.3232179,1.0409977,K562,0.9115888,1.0,2
ENSG00000132963,1.5478215,1.8487432,K562,0.89091104,1.0,2
ENSG00000132964,1.3569641,0.97312784,K562,0.94292396,1.0,2
ENSG00000132964,1.1542561,0.97312784,K562,0.916511,1.0,2
ENSG00000132964,1.2215271,0.97312784,K562,0.9489908,1.0,2
ENSG00000132964,1.492152,0.97312784,K562,0.90046346,1.0,2
ENSG00000132964,1.4919223,0.97312784,K562,0.88235474,1.0,2
ENSG00000132964,1.2228394,0.97312784,K562,0.9111003,0.7826087,2
ENSG00000133101,-0.5640944,0.096910015,K562,0.9922387,1.0,2
ENSG00000133101,-0.3196878,0.096910015,K562,0.98276055,1.0,2
ENSG00000133101,-0.58002555,0.096910015,K562,0.99243706,1.0,2
ENSG00000133101,-0.5239716,0.096910015,K562,0.98734224,1.0,2
ENSG00000133101,-0.44419232,0.096910015,K562,0.9901113,1.0,2
ENSG00000133101,-0.46831346,0.096910015,K562,0.9826082,1.0,2
ENSG00000133103,0.7156222,0.89376175,K562,0.92094934,1.0,2
ENSG00000133103,1.04954,0.89376175,K562,0.7940579,0.004636785,2
ENSG00000133104,1.1019285,1.4415381,K562,0.9374347,1.0,2
ENSG00000133104,1.0897167,1.4415381,K562,0.7766813,0.0,2
ENSG00000133106,1.7184236,1.355643,K562,0.9503617,1.0,2
ENSG00000133106,1.6620754,1.355643,K562,0.89466566,1.0,2
ENSG00000133111,1.1117245,0.9360108,K562,0.9332082,1.0,2
ENSG00000133112,1.6416738,3.5086536,K562,0.8921958,1.0,2
ENSG00000133112,1.7058711,3.5086536,K562,0.8750519,1.0,2
ENSG00000133112,1.7637033,3.5086536,K562,0.9439554,0.00907819,2
ENSG00000133112,1.730077,3.5086536,K562,0.7952401,0.67034864,2
ENSG00000133112,1.7289479,3.5086536,K562,0.7886022,0.5194384,2
ENSG00000133114,1.1661202,1.3151304,K562,0.96325207,1.0,2
ENSG00000133119,1.503715,1.6485552,K562,0.83565915,1.0,2
ENSG00000133119,1.5825216,1.6485552,K562,0.9326351,1.0,2
ENSG00000133657,1.3673341,1.6774244,K562,0.9574905,1.0,2
ENSG00000134070,0.98233116,0.64836,K562,0.9230177,1.0,2
ENSG00000134072,0.2467204,-0.48148605,K562,0.9812151,1.0,2
ENSG00000134077,1.5977565,1.3571723,K562,0.9240394,1.0,2
ENSG00000134077,1.5977565,1.3571723,K562,0.9240394,1.0,2
ENSG00000134077,1.6075039,1.3571723,K562,0.7270036,0.0,2
ENSG00000134086,1.6481502,1.4617985,K562,0.88385224,1.0,2
ENSG00000134086,1.6481502,1.4617985,K562,0.88385224,0.35449263,2
ENSG00000134107,1.7275703,1.7073146,K562,0.8194896,1.0,2
ENSG00000134107,1.7287791,1.7073146,K562,0.87847835,1.0,2
ENSG00000134108,1.4045982,1.4399639,K562,0.84023213,1.0,2
ENSG00000134108,1.40727,1.4399639,K562,0.87301946,1.0,2
ENSG00000134108,1.2686174,1.4399639,K562,0.9081218,1.0,2
ENSG00000134108,1.366462,1.4399639,K562,0.9102889,1.0,2
ENSG00000134109,1.7409227,1.7354392,K562,0.8853801,1.0,2
ENSG00000134109,1.8645273,1.7354392,K562,0.8370396,0.9950836,2
ENSG00000134874,-0.096683204,-0.107905395,K562,0.97600377,1.0,2
ENSG00000134882,1.2444503,1.1068705,K562,0.94589424,1.0,2
ENSG00000134882,1.6461849,1.1068705,K562,0.74823195,0.035555556,2
ENSG00000134884,1.5319028,1.9865478,K562,0.9523077,1.0,2
ENSG00000134884,1.4285808,1.9865478,K562,0.83736056,0.03649956,2
ENSG00000134897,1.1738665,1.143951,K562,0.95226014,1.0,2
ENSG00000134899,1.5151175,1.5601459,K562,0.94076663,1.0,2
ENSG00000134899,1.6220708,1.5601459,K562,0.90734863,1.0,2
ENSG00000134899,1.4676541,1.5601459,K562,0.86988896,1.0,2
ENSG00000134899,1.5453761,1.5601459,K562,0.9374395,1.0,2
ENSG00000134899,1.4895017,1.5601459,K562,0.9537184,1.0,2
ENSG00000134900,1.5351411,1.5897262,K562,0.93514645,1.0,2
ENSG00000134900,1.4687018,1.5897262,K562,0.8938389,1.0,2
ENSG00000134901,1.0492582,0.8027737,K562,0.9210803,1.0,2
ENSG00000134901,1.1540818,0.8027737,K562,0.8949393,1.0,2
ENSG00000134901,1.1559978,0.8027737,K562,0.9299072,1.0,2
ENSG00000134901,0.86766076,0.8027737,K562,0.9410241,1.0,2
ENSG00000134905,1.5225971,1.9219984,K562,0.9563892,1.0,2
ENSG00000134905,1.5550786,1.9219984,K562,0.91468287,0.083031036,2
ENSG00000134905,1.4994276,1.9219984,K562,0.95033395,0.014508928,2
ENSG00000134905,1.4936708,1.9219984,K562,0.96092826,0.020435967,2
ENSG00000134905,1.4860878,1.9219984,K562,0.9372676,0.9629464,2
ENSG00000136059,1.1751689,0.53147894,K562,0.89673656,1.0,2
ENSG00000136068,1.1919904,1.2909245,K562,0.97592294,1.0,2
ENSG00000136068,1.2458822,1.2909245,K562,0.8946993,1.0,2
ENSG00000136068,1.201246,1.2909245,K562,0.91541016,1.0,2
ENSG00000136068,1.1257007,1.2909245,K562,0.97895014,1.0,2
ENSG00000136068,1.2244585,1.2909245,K562,0.9528247,1.0,2
ENSG00000136068,1.0843716,1.2909245,K562,0.92364687,0.040169135,2
ENSG00000136068,1.2540467,1.2909245,K562,0.8984329,0.018285714,2
ENSG00000136068,1.2581887,1.2909245,K562,0.86449265,0.20241411,2
ENSG00000136068,1.1818001,1.2909245,K562,0.9366144,0.0,2
ENSG00000136098,0.5896629,0.67117286,K562,0.9283718,1.0,2
ENSG00000136098,0.7994297,0.67117286,K562,0.9037956,1.0,2
ENSG00000136098,0.8297057,0.67117286,K562,0.93579483,1.0,2
ENSG00000136098,0.895124,0.67117286,K562,0.96173936,1.0,2
ENSG00000136098,0.7381036,0.67117286,K562,0.91225094,1.0,2
ENSG00000136098,0.60117424,0.67117286,K562,0.94024223,1.0,2
ENSG00000136100,1.5367235,1.2821687,K562,0.9439926,1.0,2
ENSG00000136104,1.5210736,1.7813245,K562,0.9364168,1.0,2
ENSG00000136108,1.8517435,1.2690457,K562,0.83205485,1.0,2
ENSG00000136110,-0.6622766,0.161368,K562,0.99042284,1.0,2
ENSG00000136111,1.0780603,1.3242824,K562,0.9021619,1.0,2
ENSG00000136111,1.0784528,1.3242824,K562,0.6301008,0.0,2
ENSG00000136122,1.1939955,1.0704073,K562,0.9355522,1.0,2
ENSG00000136122,1.3607736,1.0704073,K562,0.9367541,0.9111111,2
ENSG00000136141,1.639442,1.0799044,K562,0.91895074,1.0,2
ENSG00000136141,1.5855607,1.0799044,K562,0.32111776,1.0,2
ENSG00000136141,1.718986,1.0799044,K562,0.9082301,0.0,2
ENSG00000136143,0.64011157,1.3486942,K562,0.9426091,1.0,2
ENSG00000136144,0.9686177,0.9057959,K562,0.960123,1.0,2
ENSG00000136144,1.0465552,0.9057959,K562,0.95298886,1.0,2
ENSG00000136144,0.9392767,0.9057959,K562,0.9455183,1.0,2
ENSG00000136146,1.2265277,1.7026889,K562,0.95523673,1.0,2
ENSG00000136147,1.3829502,1.5158738,K562,0.9090044,1.0,2
ENSG00000136147,1.5504919,1.5158738,K562,0.93671995,0.091875,2
ENSG00000136152,1.3216566,1.3481101,K562,0.8368939,1.0,2
ENSG00000136152,1.3721486,1.3481101,K562,0.9379939,1.0,2
ENSG00000136153,0.74632293,1.36135,K562,0.88605326,1.0,2
ENSG00000136153,1.2433841,1.36135,K562,0.9321791,1.0,2
ENSG00000136153,0.8024974,1.36135,K562,0.9113275,1.0,2
ENSG00000136153,0.81616354,1.36135,K562,0.933248,1.0,2
ENSG00000136153,0.7273325,1.36135,K562,0.8342534,1.0,2
ENSG00000136153,0.7761618,1.36135,K562,0.86516374,1.0,2
ENSG00000136156,0.07512236,0.46686763,K562,0.9225417,1.0,2
ENSG00000136159,1.1815284,1.0845762,K562,0.94012064,1.0,2
ENSG00000136161,1.2633507,0.7930916,K562,0.95034105,1.0,2
ENSG00000136167,1.975471,2.9749305,K562,0.9404532,1.0,2
ENSG00000136167,1.9832644,2.9749305,K562,0.9522874,1.0,2
ENSG00000136169,1.1060528,0.50920254,K562,0.70776325,1.0,2
ENSG00000136169,1.3373975,0.50920254,K562,0.2572345,1.0,2
ENSG00000136518,1.4099473,1.8424845,K562,0.9381925,1.0,2
ENSG00000136521,1.3035254,1.9601377,K562,0.8924629,1.0,2
ENSG00000136521,1.4411,1.9601377,K562,0.88220865,0.9707944,2
ENSG00000136521,1.4220014,1.9601377,K562,0.9180345,0.99321204,2
ENSG00000136521,1.3506699,1.9601377,K562,0.9256439,0.14204545,2
ENSG00000136521,1.1991942,1.9601377,K562,0.93243605,0.98613024,2
ENSG00000136527,1.637412,2.3348958,K562,0.95208263,1.0,2
ENSG00000136527,1.6619966,2.3348958,K562,0.9425612,1.0,2
ENSG00000136527,1.8073912,2.3348958,K562,0.9100899,0.6401473,2
ENSG00000136603,1.0912035,0.67117286,K562,0.87751853,1.0,2
ENSG00000138231,1.2462174,1.0047512,K562,0.90342236,1.0,2
ENSG00000138246,1.0390949,1.024075,K562,0.8617902,1.0,2
ENSG00000138246,1.1373016,1.024075,K562,0.9023425,1.0,2
ENSG00000138459,1.6379441,0.9804579,K562,0.8179406,1.0,2
ENSG00000138463,0.8490714,0.1583625,K562,0.8716062,1.0,2
ENSG00000138463,0.82485104,0.1583625,K562,0.94501626,1.0,2
ENSG00000138468,1.1886292,0.8228216,K562,0.91757536,1.0,2
ENSG00000138468,1.1741834,0.8228216,K562,0.9213053,1.0,2
ENSG00000138468,1.1435037,0.8228216,K562,0.9411206,1.0,2
ENSG00000138468,1.2504952,0.8228216,K562,0.9217731,1.0,2
ENSG00000138468,1.2014924,0.8228216,K562,0.8758461,0.50214595,2
ENSG00000138468,1.2014924,0.8228216,K562,0.8758461,0.85714287,2
ENSG00000138468,1.1675863,0.8228216,K562,0.9173591,0.87218046,2
ENSG00000138468,1.1675863,0.8228216,K562,0.9173591,0.53424656,2
ENSG00000138468,1.2507598,0.8228216,K562,0.736355,0.9375,2
ENSG00000138495,1.6955252,2.3668523,K562,0.919298,1.0,2
ENSG00000138495,1.6955252,2.3668523,K562,0.919298,1.0,2
ENSG00000138495,1.7130204,2.3668523,K562,0.7058219,0.028195763,2
ENSG00000138496,1.6843693,1.6072406,K562,0.932764,1.0,2
ENSG00000138496,1.544345,1.6072406,K562,0.9591174,1.0,2
ENSG00000139496,1.4608781,1.5114822,K562,0.6688379,1.0,2
ENSG00000139496,1.461735,1.5114822,K562,0.9029827,1.0,2
ENSG00000139505,1.4961663,0.83884907,K562,0.95049244,1.0,2
ENSG00000139505,1.3358793,0.83884907,K562,0.94549036,1.0,2
ENSG00000139505,1.1855742,0.83884907,K562,0.9421858,1.0,2
ENSG00000139508,1.2872732,0.91009057,K562,0.85959625,1.0,2
ENSG00000139514,1.6080635,1.3374592,K562,0.96822137,1.0,2
ENSG00000139517,1.3397532,0.47129172,K562,0.9650814,1.0,2
ENSG00000139668,1.3027626,0.9809119,K562,0.89474154,1.0,2
ENSG00000139684,1.1524202,2.0224695,K562,0.9505118,1.0,2
ENSG00000139684,1.341709,2.0224695,K562,0.89826804,1.0,2
ENSG00000139684,1.3272145,2.0224695,K562,0.866083,1.0,2
ENSG00000139684,1.3687484,2.0224695,K562,0.9678422,1.0,2
ENSG00000139684,1.1135435,2.0224695,K562,0.957576,1.0,2
ENSG00000139684,1.1678019,2.0224695,K562,0.89987105,1.0,2
ENSG00000139684,1.2376059,2.0224695,K562,0.9169052,1.0,2
ENSG00000139684,1.2909336,2.0224695,K562,0.8863106,1.0,2
ENSG00000139687,1.08897,0.5728716,K562,0.9303322,1.0,2
ENSG00000139734,1.1942242,0.90036714,K562,0.89922416,1.0,2
ENSG00000139734,1.3141328,0.90036714,K562,0.9350916,1.0,2
ENSG00000139734,1.0934837,0.90036714,K562,0.921306,0.99857956,2
ENSG00000139734,1.2476194,0.90036714,K562,0.90042746,0.97017044,2
ENSG00000139737,1.0068128,1.6079909,K562,0.7430132,1.0,2
ENSG00000139746,1.5832897,1.4974825,K562,0.9286093,1.0,2
ENSG00000139746,1.7155197,1.4974825,K562,0.9251749,1.0,2
ENSG00000139746,1.5598284,1.4974825,K562,0.84145427,0.059286147,2
ENSG00000139793,1.1388695,0.27415785,K562,0.94459283,1.0,2
ENSG00000139793,1.1467404,0.27415785,K562,0.6984389,0.0,2
ENSG00000139793,1.2379034,0.27415785,K562,0.43149465,0.07272727,2
ENSG00000139793,1.2774171,0.27415785,K562,0.8609649,0.055555556,2
ENSG00000139835,0.065477386,-0.9586073,K562,0.978452,1.0,2
ENSG00000139842,1.6267047,1.6885978,K562,0.87851447,1.0,2
ENSG00000144455,1.1099408,0.8555192,K562,0.9070555,1.0,2
ENSG00000144455,0.9750817,0.8555192,K562,0.9031076,0.9771429,2
ENSG00000144455,1.2131102,0.8555192,K562,0.93109536,0.9787234,2
ENSG00000144554,1.3259133,1.6375898,K562,0.9351352,1.0,2
ENSG00000144554,1.5415232,1.6375898,K562,0.9315076,1.0,2
ENSG00000144554,1.5460969,1.6375898,K562,0.91925085,1.0,2
ENSG00000144554,1.3170421,1.6375898,K562,0.9579784,0.99796665,2
ENSG00000144554,1.4712393,1.6375898,K562,0.9168942,0.6260942,2
ENSG00000144559,1.255076,1.123525,K562,0.96469504,1.0,2
ENSG00000144559,1.4492277,1.123525,K562,0.90885156,0.65,2
ENSG00000144559,1.3571231,1.123525,K562,0.9601578,0.28042328,2
ENSG00000144559,1.2875292,1.123525,K562,0.6936867,0.30971128,2
ENSG00000144560,1.469595,1.3384565,K562,0.96196,1.0,2
ENSG00000144560,1.267242,1.3384565,K562,0.84074616,0.0040241447,2
ENSG00000144566,1.48272,1.3234583,K562,0.90914756,1.0,2
ENSG00000144566,1.178745,1.3234583,K562,0.94869375,1.0,2
ENSG00000144566,1.2169513,1.3234583,K562,0.89324427,0.051061008,2
ENSG00000144597,1.8011668,1.1068705,K562,0.9278983,1.0,2
ENSG00000144597,1.7014282,1.1068705,K562,0.91236347,1.0,2
ENSG00000144597,1.7014282,1.1068705,K562,0.91236347,1.0,2
ENSG00000144597,1.6545192,1.1068705,K562,0.90376115,0.72970843,2
ENSG00000144635,1.4040985,1.367356,K562,0.9334802,1.0,2
ENSG00000144645,-0.463382,-0.9586073,K562,0.98388255,1.0,2
ENSG00000144645,-0.45834106,-0.9586073,K562,0.9903942,1.0,2
ENSG00000144655,1.6791173,0.87909585,K562,0.9066311,1.0,2
ENSG00000144655,1.6791173,0.87909585,K562,0.9066311,1.0,2
ENSG00000144659,1.6329229,1.6021686,K562,0.8179111,1.0,2
ENSG00000144659,1.6661956,1.6021686,K562,0.9396958,1.0,2
ENSG00000144659,1.6350664,1.6021686,K562,0.9534777,1.0,2
ENSG00000144668,-0.54457915,-0.92081875,K562,0.9856984,1.0,2
ENSG00000144674,1.4910221,0.97220284,K562,0.6247633,1.0,2
ENSG00000144674,1.3331006,0.97220284,K562,0.93977505,1.0,2
ENSG00000144674,1.5593512,0.97220284,K562,0.72627276,0.30669546,2
ENSG00000144674,1.6786752,0.97220284,K562,0.7459945,0.0072780205,2
ENSG00000144674,1.6083356,0.97220284,K562,0.9087467,0.0072780205,2
ENSG00000144674,1.5023639,0.97220284,K562,0.43935478,0.7917889,2
ENSG00000144674,1.5216134,0.97220284,K562,0.6789123,0.25953078,2
ENSG00000144677,0.06744622,-0.92081875,K562,0.9658909,1.0,2
ENSG00000144677,0.1385602,-0.92081875,K562,0.9734072,1.0,2
ENSG00000144711,1.0067198,1.2227165,K562,0.9796538,1.0,2
ENSG00000144711,0.98266006,1.2227165,K562,0.97765154,1.0,2
ENSG00000144711,0.9353123,1.2227165,K562,0.9633062,0.08278146,2
ENSG00000144736,1.3899298,1.1849751,K562,0.8805428,1.0,2
ENSG00000144741,1.2663895,1.2794387,K562,0.79066384,1.0,2
ENSG00000144741,1.0942249,1.2794387,K562,0.79874235,1.0,2
ENSG00000144741,0.87105197,1.2794387,K562,0.6665655,0.19215463,2
ENSG00000144741,0.97669053,1.2794387,K562,0.8756525,0.009664582,2
ENSG00000144744,1.225271,1.7442148,K562,0.84916216,1.0,2
ENSG00000144744,1.3028331,1.7442148,K562,0.89919317,1.0,2
ENSG00000144744,1.3726152,1.7442148,K562,0.942754,1.0,2
ENSG00000144744,1.3381834,1.7442148,K562,0.77307844,1.0,2
ENSG00000144744,1.5044482,1.7442148,K562,0.86604637,0.7866982,2
ENSG00000144747,1.4713645,1.1373541,K562,0.86570776,1.0,2
ENSG00000144747,1.5102162,1.1373541,K562,0.8234553,1.0,2
ENSG00000144747,1.498622,1.1373541,K562,0.8019616,1.0,2
ENSG00000144791,1.7733907,1.4844422,K562,0.9635806,1.0,2
ENSG00000144791,1.7671877,1.4844422,K562,0.9286672,1.0,2
ENSG00000144792,-0.09642154,0.012837225,K562,0.98494464,1.0,2
ENSG00000144802,1.6404862,1.1714339,K562,0.9477271,1.0,2
ENSG00000144815,1.2189921,0.69108146,K562,0.93378294,1.0,2
ENSG00000144821,-0.10370754,-0.79588,K562,0.9752493,1.0,2
ENSG00000144821,-0.25366357,-0.79588,K562,0.99002916,1.0,2
ENSG00000144821,-0.25908226,-0.79588,K562,0.98025537,1.0,2
ENSG00000144821,-0.11062017,-0.79588,K562,0.98557854,1.0,2
ENSG00000144821,-0.17466894,-0.79588,K562,0.96142983,1.0,2
ENSG00000144821,-0.12347162,-0.79588,K562,0.9799754,1.0,2
ENSG00000144821,-0.12311217,-0.79588,K562,0.98079693,1.0,2
ENSG00000144821,-0.14539947,-0.79588,K562,0.979199,1.0,2
ENSG00000144827,1.2099698,1.283075,K562,0.97149795,1.0,2
ENSG00000144827,1.3546737,1.283075,K562,0.933705,0.9900356,2
ENSG00000144840,1.3044529,1.0610753,K562,0.6420929,1.0,2
ENSG00000144840,1.2437458,1.0610753,K562,0.9057489,1.0,2
ENSG00000144840,1.024895,1.0610753,K562,0.87112856,1.0,2
ENSG00000144843,1.6644349,1.1550323,K562,0.8465876,1.0,2
ENSG00000144848,1.5236478,1.6726519,K562,0.70237255,1.0,2
ENSG00000144867,1.1745291,1.5829719,K562,0.9183818,1.0,2
ENSG00000144895,1.5575128,2.0227995,K562,0.905361,0.99443513,2
ENSG00000144895,1.6240958,2.0227995,K562,0.900843,1.0,2
ENSG00000144909,1.3520205,0.8382192,K562,0.94378805,1.0,2
ENSG00000144935,-0.072305694,-0.28399664,K562,0.9869529,1.0,2
ENSG00000144959,0.9085537,0.4502491,K562,0.9486089,1.0,2
ENSG00000144959,0.94770527,0.4502491,K562,0.9621423,1.0,2
ENSG00000145014,0.99014115,0.8286599,K562,0.94076914,1.0,2
ENSG00000145014,1.1834347,0.8286599,K562,0.6140808,0.042424243,2
ENSG00000145014,1.1869109,0.8286599,K562,0.6341521,0.07331378,2
ENSG00000145014,0.89746875,0.8286599,K562,0.8846366,0.054347824,2
ENSG00000145016,1.7431207,1.6776069,K562,0.57627976,1.0,2
ENSG00000145016,1.834051,1.6776069,K562,0.8243714,1.0,2
ENSG00000145016,1.7295573,1.6776069,K562,0.6844098,0.71384615,2
ENSG00000145022,1.8156748,1.2844307,K562,0.6512249,1.0,2
ENSG00000145029,1.6383488,1.1809856,K562,0.9442225,1.0,2
ENSG00000145029,1.4104257,1.1809856,K562,0.58787054,1.0,2
ENSG00000145029,1.6331561,1.1809856,K562,0.94674367,0.9421861,2
ENSG00000145041,1.5319734,1.2866809,K562,0.9501057,1.0,2
ENSG00000145041,1.4985833,1.2866809,K562,0.88848895,1.0,2
ENSG00000145041,1.419821,1.2866809,K562,0.8799539,1.0,2
ENSG00000145041,1.2945347,1.2866809,K562,0.94599503,1.0,2
ENSG00000145041,1.3750787,1.2866809,K562,0.92071563,1.0,2
ENSG00000145041,1.3192389,1.2866809,K562,0.9297352,1.0,2
ENSG00000145050,1.6886332,1.8425468,K562,0.77753013,1.0,2
ENSG00000145088,1.1375439,1.5800121,K562,0.9358904,1.0,2
ENSG00000145088,1.385066,1.5800121,K562,0.9507817,1.0,2
ENSG00000145088,1.183774,1.5800121,K562,0.88570654,0.9461352,2
ENSG00000145191,1.6839631,1.7357585,K562,0.7444246,1.0,2
ENSG00000145191,1.395701,1.7357585,K562,0.61877805,0.11035422,2
ENSG00000150401,1.3266625,1.1420765,K562,0.9443153,1.0,2
ENSG00000150401,1.3266625,1.1420765,K562,0.9443153,1.0,2
ENSG00000150401,1.2699962,1.1420765,K562,0.94209224,0.40175632,2
ENSG00000150403,1.4940288,1.3384565,K562,0.94607705,1.0,2
ENSG00000150403,1.3884952,1.3384565,K562,0.93155915,1.0,2
ENSG00000150403,1.4796088,1.3384565,K562,0.9559042,1.0,2
ENSG00000150403,1.1290431,1.3384565,K562,0.9387874,1.0,2
ENSG00000150403,1.2637843,1.3384565,K562,0.95017636,1.0,2
ENSG00000150403,1.4646423,1.3384565,K562,0.8657392,1.0,2
ENSG00000150403,1.3397005,1.3384565,K562,0.95431256,1.0,2
ENSG00000150403,1.4385843,1.3384565,K562,0.9534789,0.95476687,2
ENSG00000150456,1.0085366,0.95279247,K562,0.94023895,1.0,2
ENSG00000150456,1.0748035,0.95279247,K562,0.8552882,1.0,2
ENSG00000150456,0.95575166,0.95279247,K562,0.9391651,1.0,2
ENSG00000150457,1.2279824,0.5831988,K562,0.45329744,1.0,2
ENSG00000150459,1.7667725,1.8222334,K562,0.8351951,1.0,2
ENSG00000150459,1.3317511,1.8222334,K562,0.62131155,1.0,2
ENSG00000150907,1.3048391,-0.18045606,K562,0.93278694,1.0,2
ENSG00000150995,1.3213266,1.1370374,K562,0.92970777,1.0,2
ENSG00000150995,1.262929,1.1370374,K562,0.9064003,1.0,2
ENSG00000151092,1.4164438,1.396025,K562,0.95716363,1.0,2
ENSG00000151092,1.4094907,1.396025,K562,0.93676186,0.5332311,2
ENSG00000151092,1.4783509,1.396025,K562,0.83130014,0.97003746,2
ENSG00000151093,1.6047809,1.0149404,K562,0.81048304,1.0,2
ENSG00000151093,1.6220987,1.0149404,K562,0.91930264,1.0,2
ENSG00000151276,-0.086520076,-0.5850267,K562,0.97828776,1.0,2
ENSG00000151287,0.97124493,1.2718416,K562,0.9121307,1.0,2
ENSG00000151287,0.95201993,1.2718416,K562,0.9459767,0.91372764,2
ENSG00000151287,1.1852405,1.2718416,K562,0.85934657,1.0,2
ENSG00000151576,1.1732233,1.2727696,K562,0.95329154,1.0,2
ENSG00000151576,1.0805916,1.2727696,K562,0.9286676,1.0,2
ENSG00000151576,1.3851032,1.2727696,K562,0.84761006,0.35302594,2
ENSG00000151576,1.2756965,1.2727696,K562,0.9126892,0.918597,2
ENSG00000151835,1.1795182,1.2143139,K562,0.96648395,1.0,2
ENSG00000151835,1.2568061,1.2143139,K562,0.9468565,1.0,2
ENSG00000151835,0.9793447,1.2143139,K562,0.96842176,0.0,2
ENSG00000151835,1.1714628,1.2143139,K562,0.89555615,0.26705277,2
ENSG00000151849,1.538763,1.1495271,K562,0.92510134,1.0,2
ENSG00000151849,1.4342697,1.1495271,K562,0.8922203,0.17901234,2
ENSG00000151849,1.4068223,1.1495271,K562,0.87302125,0.49137932,2
ENSG00000152193,1.1295664,1.0618293,K562,0.94617724,1.0,2
ENSG00000152484,1.2785363,1.2491983,K562,0.9290143,1.0,2
ENSG00000152492,1.5136849,1.9639294,K562,0.74543715,1.0,2
ENSG00000152492,1.4327435,1.9639294,K562,0.96371377,1.0,2
ENSG00000152492,1.3944155,1.9639294,K562,0.9405915,0.14176458,2
ENSG00000152520,1.3299464,1.1470577,K562,0.93611616,1.0,2
ENSG00000152580,-0.4887715,-0.9586073,K562,0.9881175,1.0,2
ENSG00000152580,-0.26647806,-0.9586073,K562,0.9909781,1.0,2
ENSG00000152601,1.7881496,2.0461829,K562,0.34397534,1.0,2
ENSG00000152601,1.8405757,2.0461829,K562,0.9052662,0.74636173,2
ENSG00000152601,1.4482297,2.0461829,K562,0.89469135,0.96846914,2
ENSG00000152601,1.8719616,2.0461829,K562,0.7568779,0.14114115,2
ENSG00000152601,1.7796314,2.0461829,K562,0.34077016,0.81066096,2
ENSG00000152601,1.8418618,2.0461829,K562,0.8104229,0.6710201,2
ENSG00000152601,1.8519977,2.0461829,K562,0.88530403,0.0023399277,2
ENSG00000152642,0.70920706,0.51587385,K562,0.97956425,1.0,2
ENSG00000152749,1.2952211,0.33041376,K562,0.8714727,1.0,2
ENSG00000153283,-0.1728118,-0.56863624,K562,0.98621327,1.0,2
ENSG00000153495,-0.028621212,-0.5850267,K562,0.9832743,1.0,2
ENSG00000153531,0.09984365,-0.055517327,K562,0.9877002,1.0,2
ENSG00000153551,0.13662404,1.1065309,K562,0.97738934,1.0,2
ENSG00000153551,0.13662404,1.1065309,K562,0.97738934,1.0,2
ENSG00000153551,0.050957233,1.1065309,K562,0.98525745,1.0,2
ENSG00000153560,1.4876626,1.8178297,K562,0.9155148,1.0,2
ENSG00000153560,1.5234802,1.8178297,K562,0.9321551,0.28273562,2
ENSG00000153767,1.3242793,1.0445398,K562,0.7624134,1.0,2
ENSG00000153767,1.222868,1.0445398,K562,0.9607535,1.0,2
ENSG00000153767,1.1683238,1.0445398,K562,0.94776344,1.0,2
ENSG00000154174,1.4251329,1.4714384,K562,0.94924873,1.0,2
ENSG00000154174,1.4611067,1.4714384,K562,0.9270123,1.0,2
ENSG00000154174,1.3970747,1.4714384,K562,0.9320329,1.0,2
ENSG00000154174,1.4518921,1.4714384,K562,0.9518371,1.0,2
ENSG00000154174,1.2934221,1.4714384,K562,0.95243627,1.0,2
ENSG00000154174,1.3316894,1.4714384,K562,0.8826563,1.0,2
ENSG00000154174,1.5275044,1.4714384,K562,0.9435351,1.0,2
ENSG00000154174,1.3425932,1.4714384,K562,0.87156576,1.0,2
ENSG00000154310,1.6333852,1.4999619,K562,0.8697442,1.0,2
ENSG00000154310,1.511084,1.4999619,K562,0.318131,0.6694953,2
ENSG00000154310,1.6455727,1.4999619,K562,0.9330608,0.6694953,2
ENSG00000154310,1.6975822,1.4999619,K562,0.8777144,0.6694953,2
ENSG00000154743,0.93710613,1.2092469,K562,0.9321868,1.0,2
ENSG00000154743,1.0605936,1.2092469,K562,0.96149355,1.0,2
ENSG00000154743,1.0072895,1.2092469,K562,0.9324111,0.6896552,2
ENSG00000154767,1.6543953,1.3388548,K562,0.91069,1.0,2
ENSG00000154767,1.6095163,1.3388548,K562,0.7705765,1.0,2
ENSG00000154767,1.6131709,1.3388548,K562,0.94460106,1.0,2
ENSG00000154767,1.6802057,1.3388548,K562,0.87205786,0.99448735,2
ENSG00000154781,1.6866434,1.0253059,K562,0.9594993,1.0,2
ENSG00000154781,1.5997665,1.0253059,K562,0.9336379,1.0,2
ENSG00000154813,1.5840007,0.92012334,K562,0.9196309,1.0,2
ENSG00000154813,1.5747659,0.92012334,K562,0.8818698,0.47619048,2
ENSG00000154814,1.4965171,1.0390173,K562,0.950194,1.0,2
ENSG00000154814,1.4739661,1.0390173,K562,0.9164375,1.0,2
ENSG00000154814,1.477031,1.0390173,K562,0.87423915,1.0,2
ENSG00000154814,1.3147097,1.0390173,K562,0.9192302,1.0,2
ENSG00000154814,1.4420466,1.0390173,K562,0.86688375,1.0,2
ENSG00000154814,1.4783759,1.0390173,K562,0.9540473,1.0,2
ENSG00000154814,1.390444,1.0390173,K562,0.914696,1.0,2
ENSG00000154822,1.6099107,1.1205739,K562,0.9630359,1.0,2
ENSG00000154822,1.6249297,1.1205739,K562,0.9414985,1.0,2
ENSG00000154917,-0.52365756,-0.92081875,K562,0.9832409,1.0,2
ENSG00000154917,-0.5783433,-0.92081875,K562,0.99205583,1.0,2
ENSG00000154917,-0.61628723,-0.92081875,K562,0.98888105,1.0,2
ENSG00000155893,0.50100017,-0.20760831,K562,0.88691574,1.0,2
ENSG00000155903,0.799681,0.48713836,K562,0.91292465,1.0,2
ENSG00000155903,1.1134664,0.48713836,K562,0.9276236,1.0,2
ENSG00000155903,1.2157682,0.48713836,K562,0.9551918,1.0,2
ENSG00000155903,1.0638341,0.48713836,K562,0.9611723,1.0,2
ENSG00000155903,1.2344849,0.48713836,K562,0.90712446,1.0,2
ENSG00000155903,1.1679149,0.48713836,K562,0.93904626,1.0,2
ENSG00000155903,0.963604,0.48713836,K562,0.94423413,1.0,2
ENSG00000156931,1.155262,1.1095785,K562,0.7477045,1.0,2
ENSG00000156976,2.0026047,2.4240646,K562,0.9200258,1.0,2
ENSG00000156976,1.9760308,2.4240646,K562,0.801548,0.48027518,2
ENSG00000156976,1.9490025,2.4240646,K562,0.8817528,0.22848745,2
ENSG00000156983,1.8586615,1.2008505,K562,0.9520794,1.0,2
ENSG00000156983,1.823751,1.2008505,K562,0.9698281,0.9147485,2
ENSG00000156990,1.47329,1.5301996,K562,0.9469961,0.5289855,2
ENSG00000156990,1.5068963,1.5301996,K562,0.9307861,0.941573,2
ENSG00000156990,1.5310509,1.5301996,K562,0.9034196,0.99853426,2
ENSG00000157014,1.6280665,1.3072821,K562,0.9273623,1.0,2
ENSG00000157020,1.5495677,1.9974737,K562,0.953497,1.0,2
ENSG00000157020,1.5204241,1.9974737,K562,0.9360418,1.0,2
ENSG00000157020,1.5901916,1.9974737,K562,0.8676907,0.11292925,2
ENSG00000157020,1.557936,1.9974737,K562,0.89990246,0.0,2
ENSG00000157036,1.2376724,1.2422929,K562,0.90306455,1.0,2
ENSG00000157036,0.9328676,1.2422929,K562,0.9602866,1.0,2
ENSG00000157036,1.1410525,1.2422929,K562,0.9494756,1.0,2
ENSG00000157036,1.1410525,1.2422929,K562,0.9494756,1.0,2
ENSG00000157036,1.2828867,1.2422929,K562,0.7576022,0.045878693,2
ENSG00000157036,1.2376724,1.2422929,K562,0.90306455,0.791019,2
ENSG00000157036,1.1281779,1.2422929,K562,0.33366394,0.012931035,2
ENSG00000157036,1.1888245,1.2422929,K562,0.91458166,0.043841336,2
ENSG00000157036,1.124403,1.2422929,K562,0.80200243,0.021768708,2
ENSG00000157500,0.9854429,1.2995073,K562,0.908139,1.0,2
ENSG00000158092,1.098333,1.1525941,K562,0.94697344,1.0,2
ENSG00000158234,0.82580304,1.1637576,K562,0.86834484,1.0,2
ENSG00000158234,0.9614934,1.1637576,K562,0.50792396,0.1092233,2
ENSG00000159685,0.61682487,1.065953,K562,0.9534713,1.0,2
ENSG00000159685,0.5422824,1.065953,K562,0.93837786,1.0,2
ENSG00000159685,0.6282277,1.065953,K562,0.9062733,0.0029182879,2
ENSG00000160124,1.3999047,1.7808931,K562,0.933485,1.0,2
ENSG00000160746,0.31408346,-0.07572071,K562,0.934106,1.0,2
ENSG00000160796,1.7733932,1.9219464,K562,0.9670081,1.0,2
ENSG00000160796,1.7604954,1.9219464,K562,0.93280697,0.95582825,2
ENSG00000160796,1.7729656,1.9219464,K562,0.9559031,0.6028106,2
ENSG00000160799,2.0101871,1.7096092,K562,0.9391005,1.0,2
ENSG00000160799,2.0005488,1.7096092,K562,0.9260789,1.0,2
ENSG00000161202,1.5193272,1.437909,K562,0.9192884,1.0,2
ENSG00000161203,1.5708971,2.1151776,K562,0.9531179,1.0,2
ENSG00000161203,1.5889603,2.1151776,K562,0.43890998,0.024671916,2
ENSG00000161204,1.6068907,1.7808931,K562,0.9718855,1.0,2
ENSG00000161217,1.4177501,1.6529229,K562,0.9238009,1.0,2
ENSG00000161217,1.652322,1.6529229,K562,0.79475844,0.67645514,2
ENSG00000163320,1.1794369,1.4974825,K562,0.9318015,1.0,2
ENSG00000163320,1.2998505,1.4974825,K562,0.79187787,0.20164448,2
ENSG00000163376,1.3951731,1.0530784,K562,0.8387686,1.0,2
ENSG00000163376,1.2941649,1.0530784,K562,0.9422126,1.0,2
ENSG00000163378,1.2875686,0.8382192,K562,0.9530332,1.0,2
ENSG00000163389,1.7021499,1.0944711,K562,0.8042611,1.0,2
ENSG00000163412,-0.23782705,-0.61978877,K562,0.97858346,1.0,2
ENSG00000163428,1.1440681,1.0549959,K562,0.91498876,1.0,2
ENSG00000163507,1.3927206,1.2299377,K562,0.6012489,1.0,2
ENSG00000163507,1.2338004,1.2299377,K562,0.87034327,1.0,2
ENSG00000163512,1.4580324,1.2583978,K562,0.8719201,1.0,2
ENSG00000163512,1.4573259,1.2583978,K562,0.86749166,1.0,2
ENSG00000163512,1.2819248,1.2583978,K562,0.94541895,1.0,2
ENSG00000163513,-0.32097682,-0.63827217,K562,0.9819226,1.0,2
ENSG00000163513,-0.12696692,-0.63827217,K562,0.99122894,1.0,2
ENSG00000163513,-0.19571598,-0.63827217,K562,0.9919018,1.0,2
ENSG00000163520,-0.46953338,-0.61978877,K562,0.98946077,1.0,2
ENSG00000163527,1.5209303,1.7000977,K562,0.8307146,1.0,2
ENSG00000163528,1.3710909,1.3163898,K562,0.8789418,1.0,2
ENSG00000163528,1.2688158,1.3163898,K562,0.90508175,0.06941748,2
ENSG00000163536,0.89352083,0.12385164,K562,0.9683641,1.0,2
ENSG00000163536,0.89352083,0.12385164,K562,0.9683641,1.0,2
ENSG00000163536,1.0483211,0.12385164,K562,0.94093597,1.0,2
ENSG00000163539,1.1053491,1.1075491,K562,0.6837662,1.0,2
ENSG00000163558,1.085337,0.8331471,K562,0.86614954,1.0,2
ENSG00000163577,-0.18885443,-0.124938734,K562,0.9668287,1.0,2
ENSG00000163577,-0.035363525,-0.124938734,K562,0.94940144,1.0,2
ENSG00000163602,1.2091517,0.5301997,K562,0.9397077,1.0,2
ENSG00000163602,1.2584198,0.5301997,K562,0.9619511,1.0,2
ENSG00000163605,1.5002593,1.270446,K562,0.8997292,1.0,2
ENSG00000163606,1.0490371,-0.08092191,K562,0.91553485,1.0,2
ENSG00000163606,0.9285946,-0.08092191,K562,0.9396064,1.0,2
ENSG00000163607,1.3123225,1.1625644,K562,0.8724546,1.0,2
ENSG00000163607,1.3237166,1.1625644,K562,0.87605476,0.9673759,2
ENSG00000163607,1.2193791,1.1625644,K562,0.8772518,0.036163524,2
ENSG00000163608,1.4448801,1.5846704,K562,0.91418856,1.0,2
ENSG00000163608,1.606324,1.5846704,K562,0.47946674,0.9925697,2
ENSG00000163608,1.7078995,1.5846704,K562,0.847246,0.3045822,2
ENSG00000163611,1.2340524,0.71096313,K562,0.89969087,1.0,2
ENSG00000163617,0.8251037,0.22010809,K562,0.884164,1.0,2
ENSG00000163634,1.5550462,1.9098234,K562,0.9210218,1.0,2
ENSG00000163634,1.2516849,1.9098234,K562,0.9199423,1.0,2
ENSG00000163634,1.4193408,1.9098234,K562,0.9043853,0.972001,2
ENSG00000163635,1.4585091,0.7803173,K562,0.92998725,1.0,2
ENSG00000163635,1.4127531,0.7803173,K562,0.79504967,1.0,2
ENSG00000163636,1.4254336,1.9183973,K562,0.8977851,1.0,2
ENSG00000163636,1.3556788,1.9183973,K562,0.90619314,1.0,2
ENSG00000163636,1.6257007,1.9183973,K562,0.87643725,0.025438027,2
ENSG00000163638,0.0125181675,-0.82390875,K562,0.922509,1.0,2
ENSG00000163638,-0.020336986,-0.82390875,K562,0.9791541,1.0,2
ENSG00000163645,0.56511414,-0.9586073,K562,0.8782714,1.0,2
ENSG00000163655,1.3850367,1.6285932,K562,0.9272968,1.0,2
ENSG00000163659,1.7397256,0.8325089,K562,0.9180074,1.0,2
ENSG00000163659,1.6412507,0.8325089,K562,0.9434009,1.0,2
ENSG00000163660,1.8999211,2.0199466,K562,0.8289767,1.0,2
ENSG00000163660,2.0493705,2.0199466,K562,0.8457964,1.0,2
ENSG00000163660,2.025227,2.0199466,K562,0.8322801,1.0,2
ENSG00000163660,1.8263803,2.0199466,K562,0.91141945,0.04265403,2
ENSG00000163660,1.8969886,2.0199466,K562,0.8326346,0.057631955,2
ENSG00000163660,2.0757723,2.0199466,K562,0.880314,0.06304079,2
ENSG00000163661,-0.54963946,-0.9586073,K562,0.9917019,1.0,2
ENSG00000163666,0.38865453,0.54032946,K562,0.97592986,1.0,2
ENSG00000163681,1.5600829,1.1319393,K562,0.95119333,1.0,2
ENSG00000163681,1.5054002,1.1319393,K562,0.9468287,0.98734176,2
ENSG00000163681,1.5555263,1.1319393,K562,0.91738653,0.9010989,2
ENSG00000163684,1.4636236,1.0845762,K562,0.931758,1.0,2
ENSG00000163684,1.4354345,1.0845762,K562,0.8622681,1.0,2
ENSG00000163686,1.443152,0.46089783,K562,0.9574766,1.0,2
ENSG00000163686,1.4834981,0.46089783,K562,0.9150812,0.75,2
ENSG00000163689,0.5724325,0.25285304,K562,0.9264284,1.0,2
ENSG00000163689,0.45567274,0.25285304,K562,0.8987133,0.12612613,2
ENSG00000163701,0.13032174,-0.82390875,K562,0.97368455,1.0,2
ENSG00000163701,0.15680371,-0.82390875,K562,0.98516625,1.0,2
ENSG00000163701,0.11078009,-0.82390875,K562,0.9913121,1.0,2
ENSG00000163703,1.4831156,0.9934362,K562,0.96141243,1.0,2
ENSG00000163703,1.6630213,0.9934362,K562,0.909038,1.0,2
ENSG00000163703,1.5166361,0.9934362,K562,0.942859,0.32916668,2
ENSG00000163704,1.1707027,0.95085144,K562,0.951137,1.0,2
ENSG00000163704,1.3055894,0.95085144,K562,0.9094852,1.0,2
ENSG00000163704,1.312634,0.95085144,K562,0.96031445,1.0,2
ENSG00000163710,-0.5160438,-0.2596373,K562,0.99101055,1.0,2
ENSG00000163714,1.541419,1.7469454,K562,0.93322974,1.0,2
ENSG00000163714,1.5789967,1.7469454,K562,0.6480158,0.9718943,2
ENSG00000163714,1.5990518,1.7469454,K562,0.57322776,0.10553544,2
ENSG00000163719,1.7138145,1.6053051,K562,0.94135964,1.0,2
ENSG00000163719,1.6634756,1.6053051,K562,0.9062927,0.9898294,2
ENSG00000163719,1.7834284,1.6053051,K562,0.88184977,0.99625266,2
ENSG00000163719,1.7796149,1.6053051,K562,0.95138717,0.85918975,2
ENSG00000163719,1.7796149,1.6053051,K562,0.95138717,0.59404206,2
ENSG00000163719,1.7550464,1.6053051,K562,0.9139827,0.29081634,2
ENSG00000163719,1.7550464,1.6053051,K562,0.9139827,0.6309869,2
ENSG00000163728,1.5521879,1.4079006,K562,0.86307526,1.0,2
ENSG00000163728,1.2672567,1.4079006,K562,0.92497534,1.0,2
ENSG00000163728,1.2918978,1.4079006,K562,0.95682204,1.0,2
ENSG00000163754,1.1375369,1.0569048,K562,0.9315221,1.0,2
ENSG00000163754,1.1375369,1.0569048,K562,0.9315221,0.93792325,2
ENSG00000163754,1.3345857,1.0569048,K562,0.5627071,0.035962876,2
ENSG00000163755,0.88510627,1.0149404,K562,0.90484196,1.0,2
ENSG00000163755,0.7714007,1.0149404,K562,0.88726896,1.0,2
ENSG00000163755,1.0925175,1.0149404,K562,0.94509727,1.0,2
ENSG00000163755,0.83492553,1.0149404,K562,0.7710994,0.6302521,2
ENSG00000163755,1.1079173,1.0149404,K562,0.6477648,0.045454547,2
ENSG00000163781,1.4879549,1.6904619,K562,0.93104887,1.0,2
ENSG00000163785,0.66058075,0.98677176,K562,0.973838,1.0,2
ENSG00000163785,0.7980646,0.98677176,K562,0.9633231,1.0,2
ENSG00000163785,0.58532906,0.98677176,K562,0.95485604,1.0,2
ENSG00000163785,0.7598113,0.98677176,K562,0.9572855,1.0,2
ENSG00000163785,0.57190144,0.98677176,K562,0.927233,0.8839506,2
ENSG00000163788,1.1026235,0.7474118,K562,0.68538004,0.053164557,2
ENSG00000163788,0.8660635,0.7474118,K562,0.9322684,0.83856505,2
ENSG00000163807,0.96030354,0.9429996,K562,0.82470375,1.0,2
ENSG00000163808,1.2694842,1.1728947,K562,0.9228657,1.0,2
ENSG00000163808,1.1876082,1.1728947,K562,0.8674914,0.991992,2
ENSG00000163808,1.2103791,1.1728947,K562,0.9310376,0.13205908,2
ENSG00000163812,1.7868152,1.5344069,K562,0.94248146,1.0,2
ENSG00000163812,1.7440927,1.5344069,K562,0.96153253,1.0,2
ENSG00000163812,1.7594573,1.5344069,K562,0.87467605,0.17279726,2
ENSG00000163814,-0.52364147,-0.20065945,K562,0.9906517,1.0,2
ENSG00000163814,-0.6292771,-0.20065945,K562,0.9898492,1.0,2
ENSG00000163814,-0.6871294,-0.20065945,K562,0.9874542,1.0,2
ENSG00000163818,0.4864301,1.1248301,K562,0.9761253,1.0,2
ENSG00000163818,0.7845011,1.1248301,K562,0.9557746,0.6933868,2
ENSG00000163820,1.5291986,0.72997427,K562,0.9626314,1.0,2
ENSG00000163820,1.6056893,0.72997427,K562,0.8813681,1.0,2
ENSG00000163832,1.6254715,1.6601062,K562,0.6067332,1.0,2
ENSG00000163840,1.7125331,1.2253093,K562,0.9174086,1.0,2
ENSG00000163840,1.5446873,1.2253093,K562,0.90517724,0.99041915,2
ENSG00000163848,1.1526766,0.9420081,K562,0.86136746,1.0,2
ENSG00000163848,1.3735704,0.9420081,K562,0.22401492,0.37192982,2
ENSG00000163848,1.2017574,0.9420081,K562,0.5870463,0.96786153,2
ENSG00000163870,1.7782582,1.4413809,K562,0.81865686,0.83439124,2
ENSG00000163872,1.5003854,1.3079237,K562,0.9525629,1.0,2
ENSG00000163882,1.4780384,2.0299516,K562,0.9453605,1.0,2
ENSG00000163882,1.4587641,2.0299516,K562,0.94257486,0.94568247,2
ENSG00000163898,1.3467773,0.61700034,K562,0.9599718,1.0,2
ENSG00000163898,1.3177742,0.61700034,K562,0.9690754,0.9752475,2
ENSG00000163902,1.5603781,2.079579,K562,0.91277534,1.0,2
ENSG00000163904,1.4547533,1.1726029,K562,0.9532135,1.0,2
ENSG00000163904,1.3658938,1.1726029,K562,0.7162737,1.0,2
ENSG00000163904,1.3076217,1.1726029,K562,0.90866077,0.64,2
ENSG00000163913,1.4453368,0.7839036,K562,0.8612792,1.0,2
ENSG00000163913,1.2505381,0.7839036,K562,0.93682724,0.08490566,2
ENSG00000163913,1.3270099,0.7839036,K562,0.7589378,0.776,2
ENSG00000163913,1.4026982,0.7839036,K562,0.786176,0.19858156,2
ENSG00000163913,1.3046582,0.7839036,K562,0.7791674,0.0,2
ENSG00000163913,1.308603,0.7839036,K562,0.9415279,0.03629032,2
ENSG00000163913,1.4541205,0.7839036,K562,0.84249496,0.99596775,2
ENSG00000163913,1.3224771,0.7839036,K562,0.9562895,0.89492756,2
ENSG00000163918,1.6925166,1.8106357,K562,0.7096256,1.0,2
ENSG00000163918,1.5910218,1.8106357,K562,0.7534712,1.0,2
ENSG00000163918,1.5720431,1.8106357,K562,0.87577516,1.0,2
ENSG00000163930,1.570833,1.7342396,K562,0.96280366,1.0,2
ENSG00000163930,1.5816189,1.7342396,K562,0.8505676,1.0,2
ENSG00000163931,1.4298605,2.3297842,K562,0.9769859,1.0,2
ENSG00000163931,1.377022,2.3297842,K562,0.26987323,0.5787078,2
ENSG00000163931,1.3610337,2.3297842,K562,0.24939872,0.020792801,2
ENSG00000163931,1.4283266,2.3297842,K562,0.926001,0.011600299,2
ENSG00000163932,1.9219983,1.852541,K562,0.87750185,1.0,2
ENSG00000163932,1.9463573,1.852541,K562,0.95435417,1.0,2
ENSG00000163932,1.9304292,1.852541,K562,0.9497285,1.0,2
ENSG00000163932,1.8717142,1.852541,K562,0.9305595,1.0,2
ENSG00000163932,1.9347615,1.852541,K562,0.9273162,0.39280656,2
ENSG00000163933,1.6727219,1.4459155,K562,0.9424766,1.0,2
ENSG00000163935,1.3087386,0.9344984,K562,0.95257926,1.0,2
ENSG00000163935,1.3677617,0.9344984,K562,0.90713507,1.0,2
ENSG00000163935,1.3557435,0.9344984,K562,0.8803355,1.0,2
ENSG00000163935,1.2609162,0.9344984,K562,0.7855091,0.0,2
ENSG00000163938,1.7770593,2.1713169,K562,0.8802053,1.0,2
ENSG00000163938,1.7778337,2.1713169,K562,0.86808616,1.0,2
ENSG00000163938,1.7347497,2.1713169,K562,0.9371685,1.0,2
ENSG00000163938,1.7110841,2.1713169,K562,0.9110491,1.0,2
ENSG00000163938,1.7411271,2.1713169,K562,0.92536116,1.0,2
ENSG00000163938,1.7774124,2.1713169,K562,0.93614393,1.0,2
ENSG00000163939,1.6403254,1.4607476,K562,0.9097086,1.0,2
ENSG00000163939,1.6461364,1.4607476,K562,0.90436566,1.0,2
ENSG00000163939,1.6461364,1.4607476,K562,0.90436566,0.98183197,2
ENSG00000163939,1.6901824,1.4607476,K562,0.937612,0.1744112,2
ENSG00000163939,1.7004694,1.4607476,K562,0.3980789,0.056213018,2
ENSG00000163939,1.6937422,1.4607476,K562,0.94059974,0.2443787,2
ENSG00000163946,1.1479558,1.5450596,K562,0.9669416,1.0,2
ENSG00000163946,1.5868275,1.5450596,K562,0.9309316,0.2624672,2
ENSG00000163947,1.2560191,1.5625308,K562,0.9225354,1.0,2
ENSG00000163960,1.6289784,1.1892095,K562,0.93157774,1.0,2
ENSG00000163960,1.5916916,1.1892095,K562,0.8836019,1.0,2
ENSG00000163960,1.5601552,1.1892095,K562,0.8520218,1.0,2
ENSG00000163960,1.5601552,1.1892095,K562,0.8520218,1.0,2
ENSG00000163960,1.4483658,1.1892095,K562,0.89176965,0.94561523,2
ENSG00000163961,1.6801219,1.0350293,K562,0.8242942,1.0,2
ENSG00000163961,1.6757977,1.0350293,K562,0.7708606,0.9227188,2
ENSG00000163964,1.1780834,1.3115419,K562,0.8404989,1.0,2
ENSG00000163964,1.1780834,1.3115419,K562,0.8404989,1.0,2
ENSG00000163964,1.5058206,1.3115419,K562,0.90820587,1.0,2
ENSG00000163964,1.218238,1.3115419,K562,0.9191167,0.15350635,2
ENSG00000163964,1.5275683,1.3115419,K562,0.4257341,0.04326241,2
ENSG00000163975,1.595668,1.4673121,K562,0.9389565,1.0,2
ENSG00000164045,1.4358907,1.3592662,K562,0.883095,1.0,2
ENSG00000164045,1.5218108,1.3592662,K562,0.93130016,0.8471761,2
ENSG00000164048,1.670953,1.3895204,K562,0.90693194,1.0,2
ENSG00000164049,-0.014586389,-0.7447275,K562,0.9704555,1.0,2
ENSG00000164050,0.7141149,1.0124154,K562,0.88996404,1.0,2
ENSG00000164050,0.78052044,1.0124154,K562,0.97637343,1.0,2
ENSG00000164050,0.72873914,1.0124154,K562,0.96686256,1.0,2
ENSG00000164051,1.504884,1.3398488,K562,0.93199116,1.0,2
ENSG00000164053,1.4598362,0.90955603,K562,0.9630894,1.0,2
ENSG00000164053,1.3076961,0.90955603,K562,0.82997125,0.005154639,2
ENSG00000164053,1.4196851,0.90955603,K562,0.9304879,0.96981627,2
ENSG00000164061,-0.07171664,-0.7212464,K562,0.9707247,1.0,2
ENSG00000164062,1.5956836,2.063521,K562,0.810943,1.0,2
ENSG00000164062,1.6118639,2.063521,K562,0.94474053,1.0,2
ENSG00000164062,1.6431147,2.063521,K562,0.9621205,1.0,2
ENSG00000164068,1.2642269,1.2079035,K562,0.91652393,1.0,2
ENSG00000164076,0.1450832,-0.92081875,K562,0.98866,1.0,2
ENSG00000164077,1.368027,0.9289077,K562,0.9357712,1.0,2
ENSG00000164077,1.3817389,0.9289077,K562,0.9699485,0.5208333,2
ENSG00000164078,0.68844306,0.580925,K562,0.97735023,1.0,2
ENSG00000164078,0.89565575,0.580925,K562,0.96124125,1.0,2
ENSG00000164080,0.554283,0.76417613,K562,0.98911744,1.0,2
ENSG00000164080,0.59719217,0.76417613,K562,0.98940825,1.0,2
ENSG00000164081,1.5609303,1.6378899,K562,0.9651936,1.0,2
ENSG00000164081,1.5995699,1.6378899,K562,0.73701113,0.0,2
ENSG00000164081,1.559514,1.6378899,K562,0.9587351,0.75845015,2
ENSG00000164086,1.6228538,1.1473671,K562,0.9360139,1.0,2
ENSG00000164087,1.5247953,1.3356584,K562,0.9231481,1.0,2
ENSG00000164087,1.5503972,1.3356584,K562,0.8866543,0.835807,2
ENSG00000164088,1.5750813,1.276232,K562,0.910561,1.0,2
ENSG00000164088,1.5836649,1.276232,K562,0.9525656,0.87946427,2
ENSG00000164088,1.6203213,1.276232,K562,0.8877128,0.97470236,2
ENSG00000164091,1.7511318,1.6374897,K562,0.93793696,1.0,2
ENSG00000164091,1.7079164,1.6374897,K562,0.86367613,1.0,2
ENSG00000165416,1.3501494,1.6768764,K562,0.92299056,1.0,2
ENSG00000165416,1.4901072,1.6768764,K562,0.5483968,0.9499438,2
ENSG00000165475,1.0392151,1.0195317,K562,0.66967523,1.0,2
ENSG00000165475,0.95178103,1.0195317,K562,0.87941813,1.0,2
ENSG00000165475,0.95310163,1.0195317,K562,0.9228794,1.0,2
ENSG00000165475,1.0629807,1.0195317,K562,0.9324308,1.0,2
ENSG00000165475,1.1717142,1.0195317,K562,0.9322814,1.0,2
ENSG00000165475,1.2242361,1.0195317,K562,0.9212986,1.0,2
ENSG00000165475,1.0002675,1.0195317,K562,0.84898347,0.0091743115,2
ENSG00000165480,1.4082516,1.2636361,K562,0.9482551,1.0,2
ENSG00000165480,1.2831025,1.2636361,K562,0.8986463,0.84514105,2
ENSG00000165480,1.2832159,1.2636361,K562,0.74467504,0.91952586,2
ENSG00000165487,1.1335834,1.6847556,K562,0.8839518,1.0,2
ENSG00000168026,1.0556417,0.44247976,K562,0.93653786,1.0,2
ENSG00000168026,1.0556417,0.44247976,K562,0.93653786,1.0,2
ENSG00000168036,1.5589771,1.9476297,K562,0.91352326,1.0,2
ENSG00000168036,1.559819,1.9476297,K562,0.95487255,1.0,2
ENSG00000168036,1.5856514,1.9476297,K562,0.76811117,0.0,2
ENSG00000168038,0.81252754,0.59217674,K562,0.9367286,1.0,2
ENSG00000168137,1.8298843,1.6566731,K562,0.9449614,1.0,2
ENSG00000168137,1.8337657,1.6566731,K562,0.94952005,1.0,2
ENSG00000168137,1.847066,1.6566731,K562,0.8480184,0.3488372,2
ENSG00000168237,1.9031751,1.2973228,K562,0.9540852,1.0,2
ENSG00000168237,1.9031736,1.2973228,K562,0.9540841,1.0,2
ENSG00000168237,1.8163737,1.2973228,K562,0.9414245,0.46079165,2
ENSG00000168237,1.899567,1.2973228,K562,0.81492287,0.91009176,2
ENSG00000168268,1.433627,2.0434015,K562,0.9254707,1.0,2
ENSG00000168268,1.3304305,2.0434015,K562,0.9428042,1.0,2
ENSG00000168268,1.3242923,2.0434015,K562,0.93193334,1.0,2
ENSG00000168268,1.395744,2.0434015,K562,0.96241796,1.0,2
ENSG00000168268,1.3709526,2.0434015,K562,0.8529772,1.0,2
ENSG00000168291,1.3466867,1.8048887,K562,0.9295935,1.0,2
ENSG00000168291,1.3494895,1.8048887,K562,0.9336196,1.0,2
ENSG00000168291,1.4752707,1.8048887,K562,0.9444835,1.0,2
ENSG00000168291,1.4317842,1.8048887,K562,0.9505607,1.0,2
ENSG00000168291,1.5183945,1.8048887,K562,0.8600338,0.9857349,2
ENSG00000168297,1.132532,1.3459616,K562,0.92626184,1.0,2
ENSG00000168297,0.90868187,1.3459616,K562,0.90928006,0.9953445,2
ENSG00000168297,1.0837328,1.3459616,K562,0.9283327,1.0,2
ENSG00000168297,0.9753543,1.3459616,K562,0.5282709,0.5082418,2
ENSG00000168297,1.0905633,1.3459616,K562,0.5874673,0.009225092,2
ENSG00000168301,0.5879682,0.81291336,K562,0.89560175,1.0,2
ENSG00000168374,1.6086284,1.8235394,K562,0.9344745,1.0,2
ENSG00000168386,1.0913401,0.365488,K562,0.8634211,0.0,2
ENSG00000168827,1.0420426,1.5313512,K562,0.95546967,1.0,2
ENSG00000168827,1.157474,1.5313512,K562,0.8940714,1.0,2
ENSG00000169062,1.8200431,1.6331654,K562,0.67562145,1.0,2
ENSG00000169062,1.7859325,1.6331654,K562,0.9441302,1.0,2
ENSG00000169062,1.8499213,1.6331654,K562,0.9232378,0.7440544,2
ENSG00000169087,1.2362603,0.8350561,K562,0.9185379,1.0,2
ENSG00000169087,1.1398733,0.8350561,K562,0.89285636,1.0,2
ENSG00000169087,1.2982191,0.8350561,K562,0.7964444,0.118329465,2
ENSG00000169251,1.3860877,1.4046627,K562,0.9208183,1.0,2
ENSG00000169255,-0.42855054,-0.7695511,K562,0.9833355,1.0,2
ENSG00000169359,1.3122029,1.155336,K562,0.93649215,1.0,2
ENSG00000169379,0.989094,0.6766936,K562,0.90284353,1.0,2
ENSG00000169379,0.85741407,0.6766936,K562,0.9716665,0.0,2
ENSG00000169379,1.1514585,0.6766936,K562,0.7456832,0.0,2
ENSG00000169714,1.8820137,2.4860334,K562,0.9277769,1.0,2
ENSG00000169814,1.020997,0.57054293,K562,0.69087124,1.0,2
ENSG00000169814,1.1421139,0.57054293,K562,0.9190011,0.0,2
ENSG00000169964,1.184377,1.1525941,K562,0.95281696,1.0,2
ENSG00000169981,1.0518187,0.845098,K562,0.9417292,1.0,2
ENSG00000169981,1.1517191,0.845098,K562,0.89647347,0.25382262,2
ENSG00000170017,1.2682984,1.2005769,K562,0.936401,1.0,2
ENSG00000170017,1.3279788,1.2005769,K562,0.9401441,1.0,2
ENSG00000170017,1.15765,1.2005769,K562,0.9437704,1.0,2
ENSG00000170142,1.3078632,2.1612482,K562,0.71270055,1.0,2
ENSG00000170142,1.1823814,2.1612482,K562,0.91866785,1.0,2
ENSG00000170248,1.1911862,1.6729287,K562,0.89416116,1.0,2
ENSG00000170248,1.1658131,1.6729287,K562,0.92479914,1.0,2
ENSG00000170248,1.2219574,1.6729287,K562,0.9098435,1.0,2
ENSG00000170248,1.1634917,1.6729287,K562,0.9614349,1.0,2
ENSG00000170248,0.8885748,1.6729287,K562,0.882695,1.0,2
ENSG00000170266,1.599709,1.3394514,K562,0.95691097,1.0,2
ENSG00000170266,1.5666617,1.3394514,K562,0.9588778,1.0,2
ENSG00000170266,1.6238184,1.3394514,K562,0.91653365,0.99251336,2
ENSG00000170275,1.1308008,1.4438885,K562,0.945929,1.0,2
ENSG00000170275,1.2105287,1.4438885,K562,0.9376779,0.24936868,2
ENSG00000170293,0.019452333,-0.9586073,K562,0.97856677,1.0,2
ENSG00000170364,0.9280889,1.2013972,K562,0.96755654,1.0,2
ENSG00000170364,0.92462003,1.2013972,K562,0.96758735,0.07495069,2
ENSG00000170854,1.243969,1.430075,K562,0.9091441,1.0,2
ENSG00000170854,1.3741798,1.430075,K562,0.9433202,0.013928914,2
ENSG00000170860,1.5790881,1.2432861,K562,0.93520457,1.0,2
ENSG00000170876,1.4115224,1.1516762,K562,0.95898694,1.0,2
ENSG00000170876,1.3376393,1.1516762,K562,0.9496339,1.0,2
ENSG00000170876,1.3611401,1.1516762,K562,0.9570966,1.0,2
ENSG00000170876,1.3089628,1.1516762,K562,0.9577812,1.0,2
ENSG00000170876,1.2036114,1.1516762,K562,0.9559368,1.0,2
ENSG00000171109,1.475955,1.5358003,K562,0.92306244,1.0,2
ENSG00000171109,1.4036865,1.5358003,K562,0.9439332,0.6694064,2
ENSG00000171121,0.18628243,0.2278867,K562,0.9749638,1.0,2
ENSG00000171121,0.06871,0.2278867,K562,0.9868824,1.0,2
ENSG00000171148,1.7783864,1.6802448,K562,0.95183957,1.0,2
ENSG00000171148,1.8170033,1.6802448,K562,0.9339834,1.0,2
ENSG00000172020,-0.5095845,-0.9586073,K562,0.99156636,1.0,2
ENSG00000172046,1.5626552,1.5386994,K562,0.9380426,1.0,2
ENSG00000172046,1.6001837,1.5386994,K562,0.957429,1.0,2
ENSG00000172046,1.6047919,1.5386994,K562,0.9677512,0.53511876,2
ENSG00000172053,1.73405,2.499192,K562,0.89564604,1.0,2
ENSG00000172053,1.7580636,2.499192,K562,0.9235713,1.0,2
ENSG00000172113,1.6591505,1.3639878,K562,0.9129281,1.0,2
ENSG00000172113,1.6657903,1.3639878,K562,0.9064189,0.8372093,2
ENSG00000172113,1.5818803,1.3639878,K562,0.92113817,0.7617472,2
ENSG00000172340,1.3598338,1.3968965,K562,0.94778436,1.0,2
ENSG00000172340,1.3364036,1.3968965,K562,0.90724677,1.0,2
ENSG00000172458,0.10653372,-0.20760831,K562,0.96185946,1.0,2
ENSG00000172578,1.3171275,1.2924776,K562,0.9366672,1.0,2
ENSG00000172667,1.6055989,1.1994809,K562,0.9382223,1.0,2
ENSG00000172667,1.6522582,1.1994809,K562,0.8301755,1.0,2
ENSG00000172667,1.6852201,1.1994809,K562,0.8446313,1.0,2
ENSG00000172667,1.6852201,1.1994809,K562,0.8446313,1.0,2
ENSG00000172667,1.7401567,1.1994809,K562,0.83888966,0.19053791,2
ENSG00000172765,1.1508223,0.8645111,K562,0.92934304,1.0,2
ENSG00000172765,1.2378788,0.8645111,K562,0.9541287,1.0,2
ENSG00000172765,1.2330749,0.8645111,K562,0.8959472,1.0,2
ENSG00000172765,1.1835308,0.8645111,K562,0.52999353,1.0,2
ENSG00000172766,1.0943615,0.94645226,K562,0.8192955,1.0,2
ENSG00000172766,1.1561635,0.94645226,K562,0.8899335,1.0,2
ENSG00000172766,1.0973101,0.94645226,K562,0.93990594,0.84232366,2
ENSG00000172771,0.21382284,-0.11918641,K562,0.98361063,1.0,2
ENSG00000172888,1.5448883,1.0086001,K562,0.8748081,1.0,2
ENSG00000172888,1.3169963,1.0086001,K562,0.91871816,1.0,2
ENSG00000172888,1.1401813,1.0086001,K562,0.9049551,1.0,2
ENSG00000172888,1.301604,1.0086001,K562,0.9356532,0.95679015,2
ENSG00000172936,1.8153927,1.8548523,K562,0.95247,1.0,2
ENSG00000172936,1.8087816,1.8548523,K562,0.93911207,1.0,2
ENSG00000172936,1.820905,1.8548523,K562,0.9395546,1.0,2
ENSG00000172936,1.8116912,1.8548523,K562,0.84818506,0.7819534,2
ENSG00000172936,1.8219612,1.8548523,K562,0.92486084,0.9383241,2
ENSG00000172939,1.3927927,1.4593924,K562,0.8363113,1.0,2
ENSG00000172939,1.6801524,1.4593924,K562,0.9164344,0.009694793,2
ENSG00000173193,1.6828853,1.835183,K562,0.87340176,1.0,2
ENSG00000173193,1.588588,1.835183,K562,0.9088354,1.0,2
ENSG00000173200,1.4634283,1.752279,K562,0.9447887,1.0,2
ENSG00000173200,1.4701102,1.752279,K562,0.9155476,1.0,2
ENSG00000173226,1.2189925,1.5538831,K562,0.8667166,1.0,2
ENSG00000173230,1.2961543,1.0711453,K562,0.8997889,1.0,2
ENSG00000173230,1.3958747,1.0711453,K562,0.9330814,0.58498585,2
ENSG00000173230,1.3554177,1.0711453,K562,0.94775426,0.48324516,2
ENSG00000173230,1.5279728,1.0711453,K562,0.9163313,1.0,2
ENSG00000173402,1.5816088,0.8796692,K562,0.96836174,1.0,2
ENSG00000173402,1.4276531,0.8796692,K562,0.77938026,0.0,2
ENSG00000173473,1.6934073,1.4459155,K562,0.8940934,1.0,2
ENSG00000173473,1.7532076,1.4459155,K562,0.8803422,1.0,2
ENSG00000173473,1.7710319,1.4459155,K562,0.909762,1.0,2
ENSG00000173473,1.6934807,1.4459155,K562,0.93583024,1.0,2
ENSG00000173473,1.697449,1.4459155,K562,0.9141059,1.0,2
ENSG00000173473,1.6784556,1.4459155,K562,0.86799634,1.0,2
ENSG00000173540,1.8218801,1.468495,K562,0.86990094,1.0,2
ENSG00000173889,1.6936368,1.0273496,K562,0.9200338,1.0,2
ENSG00000173889,1.4939632,1.0273496,K562,0.9472595,0.75346684,2
ENSG00000173890,1.1862679,1.3370597,K562,0.88151467,0.05897114,2
ENSG00000173905,1.408518,1.0633334,K562,0.9456803,1.0,2
ENSG00000173905,1.4349314,1.0633334,K562,0.92658925,0.6216216,2
ENSG00000173950,1.3532398,0.9694159,K562,0.9068237,1.0,2
ENSG00000173988,0.5906857,-0.18045606,K562,0.95562893,1.0,2
ENSG00000174004,1.845584,1.3364598,K562,0.9224578,1.0,2
ENSG00000174007,1.2275724,0.34044412,K562,0.88844734,1.0,2
ENSG00000174013,1.3642348,0.92012334,K562,0.93432605,1.0,2
ENSG00000174032,1.3216757,1.0174507,K562,0.6145168,1.0,2
ENSG00000174032,1.0987451,1.0174507,K562,0.9419833,1.0,2
ENSG00000174032,1.3220081,1.0174507,K562,0.9390214,0.9040903,2
ENSG00000174032,1.3911667,1.0174507,K562,0.9118857,1.0,2
ENSG00000174032,1.0866307,1.0174507,K562,0.88617194,0.09590973,2
ENSG00000174405,1.2001503,0.83884907,K562,0.7556128,1.0,2
ENSG00000174564,0.31628996,-0.1611509,K562,0.98747605,1.0,2
ENSG00000174738,0.85560536,0.103803724,K562,0.9465537,1.0,2
ENSG00000174738,1.1959137,0.103803724,K562,0.6116193,0.0,2
ENSG00000174839,1.2188258,0.7839036,K562,0.82473785,1.0,2
ENSG00000174839,1.2830787,0.7839036,K562,0.89591527,1.0,2
ENSG00000174840,1.5978,1.1344959,K562,0.8491655,1.0,2
ENSG00000174891,1.2241518,1.1455072,K562,0.9027242,1.0,2
ENSG00000174891,1.2241518,1.1455072,K562,0.9027242,1.0,2
ENSG00000174928,0.6212752,-0.14874165,K562,0.9324523,1.0,2
ENSG00000174953,1.3432692,1.4578819,K562,0.9449591,1.0,2
ENSG00000174953,1.4994476,1.4578819,K562,0.9421984,0.8148734,2
ENSG00000174953,1.3213332,1.4578819,K562,0.94059205,0.7603355,2
ENSG00000175054,1.1570132,1.2054751,K562,0.82112396,1.0,2
ENSG00000175054,1.3651826,1.2054751,K562,0.88626295,0.18846154,2
ENSG00000175066,0.9369283,0.87215626,K562,0.9552465,1.0,2
ENSG00000175066,1.0145901,0.87215626,K562,0.9497869,1.0,2
ENSG00000175066,1.0306358,0.87215626,K562,0.79435164,1.0,2
ENSG00000175066,0.8393233,0.87215626,K562,0.9362799,1.0,2
ENSG00000175066,0.96948695,0.87215626,K562,0.89617866,0.3888889,2
ENSG00000175166,1.5075824,2.1791782,K562,0.9676879,1.0,2
ENSG00000175182,0.83718807,0.60314435,K562,0.94942087,1.0,2
ENSG00000175182,0.95731497,0.60314435,K562,0.9049035,1.0,2
ENSG00000175193,1.2756786,1.784546,K562,0.8827837,1.0,2
ENSG00000175193,1.2967956,1.784546,K562,0.95705235,0.6945476,2
ENSG00000175198,1.0132042,0.8881795,K562,0.9054038,1.0,2
ENSG00000175198,1.0540928,0.8881795,K562,0.9259016,1.0,2
ENSG00000175198,1.035471,0.8881795,K562,0.93306106,1.0,2
ENSG00000175198,1.0211124,0.8881795,K562,0.90490687,1.0,2
ENSG00000175198,0.8744749,0.8881795,K562,0.9187133,0.96569467,2
ENSG00000175198,1.0405064,0.8881795,K562,0.92481667,0.92795885,2
ENSG00000175455,1.1070542,1.5954962,K562,0.8868655,1.0,2
ENSG00000175455,1.266538,1.5954962,K562,0.93294024,0.42771536,2
ENSG00000175455,1.0352907,1.5954962,K562,0.77680343,0.5895131,2
ENSG00000175697,-0.3942061,-0.82390875,K562,0.98002166,1.0,2
ENSG00000175792,1.479914,1.7796686,K562,0.94592005,1.0,2
ENSG00000175792,1.3766874,1.7796686,K562,0.8896873,1.0,2
ENSG00000176095,1.5852482,1.292699,K562,0.93746674,1.0,2
ENSG00000176095,1.5259542,1.292699,K562,0.9570787,1.0,2
ENSG00000176142,1.6993309,1.3372595,K562,0.85747635,1.0,2
ENSG00000176142,1.623766,1.3372595,K562,0.91550565,0.0026385225,2
ENSG00000176542,1.0399013,0.67486113,K562,0.93238956,1.0,2
ENSG00000176542,1.1545585,0.67486113,K562,0.8445165,1.0,2
ENSG00000176542,1.1551194,0.67486113,K562,0.538473,1.0,2
ENSG00000176542,1.1946725,0.67486113,K562,0.81363213,1.0,2
ENSG00000176542,1.0802611,0.67486113,K562,0.9372662,1.0,2
ENSG00000176945,-0.26083556,-0.39794,K562,0.95769745,1.0,2
ENSG00000177311,1.8499483,1.5881596,K562,0.7311631,1.0,2
ENSG00000177311,1.9382265,1.5881596,K562,0.76628166,1.0,2
ENSG00000177311,1.5120435,1.5881596,K562,0.866146,0.3785166,2
ENSG00000177311,1.7956182,1.5881596,K562,0.30868828,0.6306769,2
ENSG00000177463,1.5585136,1.2008505,K562,0.92974937,1.0,2
ENSG00000177463,1.4597197,1.2008505,K562,0.8515813,0.9718875,2
ENSG00000177479,1.775291,1.6784273,K562,0.95351076,1.0,2
ENSG00000177479,1.786491,1.6784273,K562,0.9133052,1.0,2
ENSG00000177479,1.6751369,1.6784273,K562,0.38860515,0.0,2
ENSG00000177479,1.632224,1.6784273,K562,0.18674473,0.26272354,2
ENSG00000177479,1.7355368,1.6784273,K562,0.9339555,1.0,2
ENSG00000177479,1.5794121,1.6784273,K562,0.7991579,0.15818381,2
ENSG00000177479,1.4346709,1.6784273,K562,0.5734346,0.015417559,2
ENSG00000177565,1.271322,1.585799,K562,0.910848,1.0,2
ENSG00000177646,1.5676062,1.6442416,K562,0.8069759,1.0,2
ENSG00000177646,1.6204425,1.6442416,K562,0.93208545,1.0,2
ENSG00000177646,1.534728,1.6442416,K562,0.92604065,0.92673856,2
ENSG00000177646,1.4747993,1.6442416,K562,0.28787306,0.01918772,2
ENSG00000177694,-0.4248442,-0.4089354,K562,0.98709726,1.0,2
ENSG00000177842,1.0977023,0.3783979,K562,0.79092014,1.0,2
ENSG00000177873,1.34619,0.5118834,K562,0.900661,1.0,2
ENSG00000178035,1.6134418,2.4735892,K562,0.9555833,1.0,2
ENSG00000178035,1.6241815,2.4735892,K562,0.92836845,0.98630685,2
ENSG00000178053,-0.3378547,-0.537602,K562,0.98924226,1.0,2
ENSG00000178057,1.91218,1.9562645,K562,0.8336056,1.0,2
ENSG00000178075,0.3126185,0.4065402,K562,0.9779236,1.0,2
ENSG00000178149,1.5767444,1.3136563,K562,0.92916507,1.0,2
ENSG00000178149,1.5169199,1.3136563,K562,0.9227319,1.0,2
ENSG00000178149,1.5932863,1.3136563,K562,0.9618009,1.0,2
ENSG00000178149,1.583496,1.3136563,K562,0.9211,0.9620438,2
ENSG00000178252,1.8022845,2.028246,K562,0.9205429,1.0,2
ENSG00000178252,1.6824712,2.028246,K562,0.24543273,0.0051823417,2
ENSG00000178467,1.4153005,1.3941013,K562,0.9496527,1.0,2
ENSG00000178537,1.3148651,1.1775365,K562,0.90572935,1.0,2
ENSG00000178537,1.111974,1.1775365,K562,0.8211224,0.016566265,2
ENSG00000178694,1.7265351,0.8864907,K562,0.756114,1.0,2
ENSG00000178700,1.3825846,0.43775055,K562,0.7684426,1.0,2
ENSG00000178917,1.1879079,0.65705585,K562,0.8950543,1.0,2
ENSG00000178917,1.1381848,0.65705585,K562,0.9149273,0.45652175,2
ENSG00000179021,1.5430984,1.2450188,K562,0.89761615,1.0,2
ENSG00000179152,0.99276805,0.9804579,K562,0.9484765,1.0,2
ENSG00000179152,0.99666715,0.9804579,K562,0.89701223,1.0,2
ENSG00000179152,0.99666715,0.9804579,K562,0.89701223,1.0,2
ENSG00000179152,1.1148422,0.9804579,K562,0.18759137,0.04735376,2
ENSG00000179399,0.08591291,-0.4685211,K562,0.9716033,1.0,2
ENSG00000180353,1.5484779,2.2572706,K562,0.856705,1.0,2
ENSG00000180353,1.2655313,2.2572706,K562,0.9282799,1.0,2
ENSG00000180353,1.5803622,2.2572706,K562,0.8531115,1.0,2
ENSG00000180353,1.5727941,2.2572706,K562,0.9498229,0.99284023,2
ENSG00000180353,1.5101244,2.2572706,K562,0.89403814,0.95515245,2
ENSG00000180370,1.21497,1.1571544,K562,0.9000892,1.0,2
ENSG00000180370,1.4950833,1.1571544,K562,0.9476049,1.0,2
ENSG00000180376,1.0519056,1.0098757,K562,0.8793328,0.17419355,2
ENSG00000180776,0.97560954,1.2702129,K562,0.95552254,1.0,2
ENSG00000180776,1.1156727,1.2702129,K562,0.94434756,1.0,2
ENSG00000180776,1.2200865,1.2702129,K562,0.94724333,1.0,2
ENSG00000180776,1.3506424,1.2702129,K562,0.9343668,0.05263158,2
ENSG00000180776,1.0345753,1.2702129,K562,0.71992165,0.78382707,2
ENSG00000180914,0.62948763,0.27415785,K562,0.98200077,1.0,2
ENSG00000180914,0.54140466,0.27415785,K562,0.9738685,1.0,2
ENSG00000181061,1.0248444,1.9721565,K562,0.89855695,1.0,2
ENSG00000181061,1.1294593,1.9721565,K562,0.91089195,0.9936612,2
ENSG00000181061,1.1070628,1.9721565,K562,0.94034827,0.45794392,2
ENSG00000181458,0.8104161,-0.13667715,K562,0.9373792,1.0,2
ENSG00000181458,0.7417532,-0.13667715,K562,0.9316933,1.0,2
ENSG00000181458,0.96471095,-0.13667715,K562,0.9511943,1.0,2
ENSG00000181458,0.9048214,-0.13667715,K562,0.9403251,1.0,2
ENSG00000181555,1.7237463,1.2284003,K562,0.9335202,1.0,2
ENSG00000181555,1.7269012,1.2284003,K562,0.9292551,1.0,2
ENSG00000181555,1.5759729,1.2284003,K562,0.9511862,1.0,2
ENSG00000181555,1.6847825,1.2284003,K562,0.95838434,1.0,2
ENSG00000181555,1.676149,1.2284003,K562,0.9138321,1.0,2
ENSG00000181555,1.5964642,1.2284003,K562,0.94016635,1.0,2
ENSG00000181555,1.5271795,1.2284003,K562,0.8788471,1.0,2
ENSG00000181555,1.6847949,1.2284003,K562,0.94923544,0.8048246,2
ENSG00000181555,1.2291106,1.2284003,K562,0.81212413,0.19517544,2
ENSG00000181722,-0.14743026,-0.4202164,K562,0.983248,1.0,2
ENSG00000181744,0.9393648,0.8853612,K562,0.81316465,1.0,2
ENSG00000181789,1.7283734,1.7508168,K562,0.941191,1.0,2
ENSG00000181789,1.7980528,1.7508168,K562,0.9505029,1.0,2
ENSG00000182179,1.7790906,1.9316612,K562,0.909452,1.0,2
ENSG00000182247,1.2318172,1.4282968,K562,0.94590926,1.0,2
ENSG00000182247,1.1564996,1.4282968,K562,0.94090676,0.76801205,2
ENSG00000182504,1.3061888,0.42160392,K562,0.94033253,1.0,2
ENSG00000182504,1.3615503,0.42160392,K562,0.92147815,0.95219123,2
ENSG00000182504,1.3187847,0.42160392,K562,0.54554504,0.0,2
ENSG00000182606,1.7191346,1.4143047,K562,0.9523824,1.0,2
ENSG00000182923,1.3695725,1.3356584,K562,0.87412,1.0,2
ENSG00000182923,1.6439934,1.3356584,K562,0.87239707,0.19109195,2
ENSG00000182957,1.5206454,0.92582756,K562,0.95979685,1.0,2
ENSG00000182973,1.2025447,1.5519377,K562,0.95895725,1.0,2
ENSG00000182973,1.0490073,1.5519377,K562,0.87681645,0.9991684,2
ENSG00000182973,1.1048839,1.5519377,K562,0.9160062,0.9792345,2
ENSG00000182973,1.1140789,1.5519377,K562,0.911699,0.97149837,2
ENSG00000183087,-0.378971,-0.79588,K562,0.9889714,1.0,2
ENSG00000183624,1.351939,1.2812607,K562,0.8343342,1.0,2
ENSG00000183624,1.3777357,1.2812607,K562,0.82593346,0.7510836,2
ENSG00000183763,1.378291,1.2812607,K562,0.9680834,1.0,2
ENSG00000183763,1.3315114,1.2812607,K562,0.93850666,1.0,2
ENSG00000183960,-0.13585311,-0.82390875,K562,0.99103105,1.0,2
ENSG00000184203,1.3555217,1.4336098,K562,0.93550843,1.0,2
ENSG00000184220,1.0940655,1.5185139,K562,0.8791537,1.0,2
ENSG00000184220,1.1740907,1.5185139,K562,0.9105552,1.0,2
ENSG00000184432,1.4702921,1.787673,K562,0.8671398,1.0,2
ENSG00000184432,1.1599882,1.787673,K562,0.7261576,1.0,2
ENSG00000184497,-0.38873327,-0.52287877,K562,0.98589814,1.0,2
ENSG00000184497,-0.07218675,-0.52287877,K562,0.98483723,1.0,2
ENSG00000184497,-0.27818513,-0.52287877,K562,0.9862455,1.0,2
ENSG00000185008,-0.12318507,-0.25181198,K562,0.9873719,1.0,2
ENSG00000185219,1.0579741,0.7930916,K562,0.96325666,1.0,2
ENSG00000185219,1.0124917,0.7930916,K562,0.30143508,0.72670805,2
ENSG00000185621,0.9287325,-0.096910015,K562,0.9448636,1.0,2
ENSG00000185621,0.9287325,-0.096910015,K562,0.9448636,1.0,2
ENSG00000185621,0.85686713,-0.096910015,K562,0.8953521,1.0,2
ENSG00000185621,0.8672675,-0.096910015,K562,0.93927157,1.0,2
ENSG00000185798,1.2862287,1.006466,K562,0.91083896,1.0,2
ENSG00000185896,1.6493375,1.5923989,K562,0.8441475,1.0,2
ENSG00000185909,0.5595008,-0.13667715,K562,0.96931756,1.0,2
ENSG00000185989,1.3234012,1.3641757,K562,0.94104344,1.0,2
ENSG00000185989,1.34034,1.3641757,K562,0.96549135,1.0,2
ENSG00000186001,1.5893514,2.0205271,K562,0.599941,1.0,2
ENSG00000186001,1.713348,2.0205271,K562,0.84033674,1.0,2
ENSG00000186001,1.6901865,2.0205271,K562,0.37563086,0.86940837,2
ENSG00000186001,1.716719,2.0205271,K562,0.74907357,0.8282374,2
ENSG00000186184,1.1470985,2.1024337,K562,0.9252849,1.0,2
ENSG00000186184,1.0947862,2.1024337,K562,0.7893236,0.07350428,2
ENSG00000186265,1.7174587,1.6584884,K562,0.91369915,1.0,2
ENSG00000186265,1.5053153,1.6584884,K562,0.8965874,1.0,2
ENSG00000186432,1.2246794,1.0305997,K562,0.8547949,1.0,2
ENSG00000186446,-0.002923295,0.14612803,K562,0.9703711,1.0,2
ENSG00000186448,1.1055988,0.82020146,K562,0.9409268,1.0,2
ENSG00000186448,1.1395413,0.82020146,K562,0.9558594,1.0,2
ENSG00000186448,1.3427179,0.82020146,K562,0.8808458,1.0,2
ENSG00000186448,1.383852,0.82020146,K562,0.9248465,1.0,2
ENSG00000186448,1.2954035,0.82020146,K562,0.96881706,1.0,2
ENSG00000186448,1.2954035,0.82020146,K562,0.96881706,1.0,2
ENSG00000186448,1.4260211,0.82020146,K562,0.7209569,0.08503937,2
ENSG00000186792,1.4741955,0.510545,K562,0.93340826,1.0,2
ENSG00000187091,0.045411468,0.3283796,K562,0.98764324,1.0,2
ENSG00000187118,1.0361043,1.416141,K562,0.9340612,1.0,2
ENSG00000187118,1.1693809,1.416141,K562,0.9380044,0.37533274,2
ENSG00000187118,1.0885948,1.416141,K562,0.77920383,0.28853047,2
ENSG00000187676,0.41412783,-0.63827217,K562,0.84731925,1.0,2
ENSG00000188243,1.2226353,1.9962927,K562,0.75638413,1.0,2
ENSG00000188243,1.2226353,1.9962927,K562,0.75638413,1.0,2
ENSG00000188243,1.2324853,1.9962927,K562,0.32742968,0.45441177,2
ENSG00000188313,1.192431,1.5595475,K562,0.865126,1.0,2
ENSG00000188313,1.0460321,1.5595475,K562,0.9581696,0.705326,2
ENSG00000188315,1.3571339,0.8169038,K562,0.8249939,1.0,2
ENSG00000188342,1.2568399,1.2143139,K562,0.8879245,1.0,2
ENSG00000188811,1.6872853,1.304275,K562,0.7815818,1.0,2
ENSG00000188811,1.4453323,1.304275,K562,0.9321534,1.0,2
ENSG00000188811,1.4133192,1.304275,K562,0.880676,0.779896,2
ENSG00000188958,0.009168029,-0.18708664,K562,0.9812765,1.0,2
ENSG00000188958,-0.050012946,-0.18708664,K562,0.97010744,1.0,2
ENSG00000189283,1.0731531,0.79028517,K562,0.48200473,1.0,2
ENSG00000189403,1.7503707,2.8031976,K562,0.7998932,1.0,2
ENSG00000189403,1.783293,2.8031976,K562,0.78674203,0.052708417,2
ENSG00000196083,-0.13837644,-0.4685211,K562,0.9658708,1.0,2
ENSG00000196199,1.4046707,1.2997252,K562,0.93242496,1.0,2
ENSG00000196199,1.5883572,1.2997252,K562,0.91984737,1.0,2
ENSG00000196199,1.5757143,1.2997252,K562,0.9406496,1.0,2
ENSG00000196199,1.612368,1.2997252,K562,0.8127456,1.0,2
ENSG00000196428,1.5392907,0.76267856,K562,0.9126939,1.0,2
ENSG00000196428,1.6061643,0.76267856,K562,0.82209307,0.5703518,2
ENSG00000196428,1.3940989,0.76267856,K562,0.9425442,0.18928571,2
ENSG00000196455,1.3608794,1.2739267,K562,0.9247277,1.0,2
ENSG00000196549,-0.45529938,-0.69897,K562,0.98337483,1.0,2
ENSG00000196549,-0.43644527,-0.69897,K562,0.9852142,1.0,2
ENSG00000196549,-0.50004065,-0.69897,K562,0.9867556,1.0,2
ENSG00000196776,1.582259,1.8492966,K562,0.9514856,1.0,2
ENSG00000196776,1.5487771,1.8492966,K562,0.8866797,0.7410411,2
ENSG00000196776,1.4615772,1.8492966,K562,0.72187644,0.4553897,2
ENSG00000197548,1.3212337,1.0835027,K562,0.94188166,1.0,2
ENSG00000197548,1.3142098,1.0835027,K562,0.9116166,1.0,2
ENSG00000197548,1.3831352,1.0835027,K562,0.9467615,1.0,2
ENSG00000197548,1.5483398,1.0835027,K562,0.8649429,1.0,2
ENSG00000197548,1.4230925,1.0835027,K562,0.9664285,0.8542781,2
ENSG00000197548,1.5090777,1.0835027,K562,0.9414148,0.5680751,2
ENSG00000197548,1.2821844,1.0835027,K562,0.93346006,0.7690678,2
ENSG00000197885,1.3525841,0.80071706,K562,0.95773286,1.0,2
ENSG00000198033,-0.39321402,-0.45593196,K562,0.9776999,1.0,2
ENSG00000198033,-0.3206121,-0.45593196,K562,0.95685196,1.0,2
ENSG00000198176,1.15186,2.11919,K562,0.9422538,1.0,2
ENSG00000198176,1.1026258,2.11919,K562,0.9495084,0.96866584,2
ENSG00000198218,1.7139325,1.9843023,K562,0.94070935,1.0,2
ENSG00000198218,1.7970105,1.9843023,K562,0.8014834,0.4521773,2
ENSG00000198542,-0.22405376,-0.63827217,K562,0.9857788,1.0,2
ENSG00000198585,1.3022923,1.1258065,K562,0.9002022,1.0,2
ENSG00000198590,0.4264051,-0.20760831,K562,0.97960573,1.0,2
ENSG00000198590,0.30580372,-0.20760831,K562,0.9690883,1.0,2
ENSG00000198590,0.46239394,-0.20760831,K562,0.9540494,1.0,2
ENSG00000198824,1.61782,1.361539,K562,0.94287795,1.0,2
ENSG00000198829,0.24882448,-0.82390875,K562,0.9732824,1.0,2
ENSG00000198836,1.5179567,1.5922878,K562,0.9599517,1.0,2
ENSG00000198836,1.409519,1.5922878,K562,0.94068855,0.8756531,2
ENSG00000198843,0.39057747,2.0879943,K562,0.9862943,1.0,2
ENSG00000198919,1.1426277,0.6148972,K562,0.925726,1.0,2
ENSG00000198919,1.0849657,0.6148972,K562,0.8823601,0.919598,2
ENSG00000204899,0.9988177,1.1804127,K562,0.8896813,1.0,2
ENSG00000204977,1.5773507,1.109241,K562,0.78903884,1.0,2
ENSG00000204977,1.3919909,1.109241,K562,0.5978975,0.108887106,2
ENSG00000205981,1.284352,1.6734817,K562,0.9258424,1.0,2
ENSG00000205981,1.1548784,1.6734817,K562,0.89690655,0.8345814,2
ENSG00000205981,1.1722732,1.6734817,K562,0.34715128,0.40441176,2
ENSG00000205981,1.4265951,1.6734817,K562,0.8229966,0.86353946,2
ENSG00000206527,1.4408467,1.1225436,K562,0.66355115,1.0,2
ENSG00000206535,1.2441013,0.3201463,K562,0.95305187,1.0,2
ENSG00000206557,-0.65138686,-0.65757734,K562,0.9862446,1.0,2
ENSG00000206557,-0.32113445,-0.65757734,K562,0.98879963,1.0,2
ENSG00000206560,1.581496,1.4581845,K562,0.9465475,1.0,2
ENSG00000206560,1.5041001,1.4581845,K562,0.9108047,0.9658363,2
ENSG00000206562,1.7240161,1.1643529,K562,0.8766465,1.0,2
ENSG00000206562,1.6631831,1.1643529,K562,0.7947998,0.9157609,2
ENSG00000211456,1.6017413,1.4077307,K562,0.94764334,1.0,2
ENSG00000211456,1.5284107,1.4077307,K562,0.53108174,0.0349406,2
ENSG00000211456,1.4623024,1.4077307,K562,0.94614106,0.96367854,2
ENSG00000213123,1.4334748,1.4196254,K562,0.85269135,1.0,2
ENSG00000213123,1.3490388,1.4196254,K562,0.9338011,1.0,2
ENSG00000213123,1.5407305,1.4196254,K562,0.8916854,1.0,2
ENSG00000213123,1.5407305,1.4196254,K562,0.8916854,1.0,2
ENSG00000213139,0.5294727,0.5550944,K562,0.9704902,1.0,2
ENSG00000213186,1.7237893,1.049218,K562,0.7952394,1.0,2
ENSG00000213533,1.3093755,1.2605484,K562,0.9289706,1.0,2
ENSG00000213533,1.2379118,1.2605484,K562,0.94505984,1.0,2
ENSG00000213672,1.5891565,1.1598679,K562,0.95722634,1.0,2
ENSG00000213672,1.6178304,1.1598679,K562,0.975839,1.0,2
ENSG00000213995,1.539643,1.3821973,K562,0.95452607,1.0,2
ENSG00000213995,1.5476692,1.3821973,K562,0.9031462,0.44527364,2
ENSG00000214021,1.3024659,1.604118,K562,0.96885115,1.0,2
ENSG00000214021,1.0375977,1.604118,K562,0.8619544,1.0,2
ENSG00000214021,1.1297419,1.604118,K562,0.9629099,0.99441344,2
ENSG00000214021,1.1561465,1.604118,K562,0.97252816,0.0013513514,2
ENSG00000214021,1.2727436,1.604118,K562,0.9657169,0.9109244,2
ENSG00000214021,1.2838423,1.604118,K562,0.5375433,0.9920949,2
ENSG00000214160,1.6353359,1.5600263,K562,0.9269992,1.0,2
ENSG00000214160,1.6120317,1.5600263,K562,0.9653849,1.0,2
ENSG00000214160,1.4907941,1.5600263,K562,0.9509189,1.0,2
ENSG00000214160,1.4907941,1.5600263,K562,0.9509189,0.97902465,2
ENSG00000214160,1.4907941,1.5600263,K562,0.9509189,0.9865145,2
ENSG00000214706,1.6115707,1.8435442,K562,0.91786724,1.0,2
ENSG00000214706,1.6241314,1.8435442,K562,0.9535079,0.882418,2
ENSG00000221955,1.2838554,1.748808,K562,0.93783116,1.0,2
ENSG00000225697,1.3542783,1.2425414,K562,0.9393786,1.0,2
ENSG00000225697,1.3913466,1.2425414,K562,0.9511979,1.0,2
ENSG00000225697,1.4488168,1.2425414,K562,0.9356339,1.0,2
ENSG00000225697,1.4782014,1.2425414,K562,0.96436733,0.80133927,2
ENSG00000225697,1.468199,1.2425414,K562,0.97283053,0.0,2
ENSG00000227124,0.90525365,0.8162413,K562,0.8991305,1.0,2
ENSG00000232112,1.6644328,2.774619,K562,0.8890874,1.0,2
ENSG00000232112,1.656162,2.774619,K562,0.88409305,1.0,2
ENSG00000240303,1.3609663,1.0770043,K562,0.9162675,1.0,2
ENSG00000240303,1.1010101,1.0770043,K562,0.79755235,1.0,2
ENSG00000240303,1.0819592,1.0770043,K562,0.94611347,0.97643095,2
ENSG00000240682,1.6123894,1.3812957,K562,0.9303682,1.0,2
ENSG00000240682,1.5316415,1.3812957,K562,0.5712993,0.60381246,2
ENSG00000241553,1.9388998,2.3773608,K562,0.943036,1.0,2
ENSG00000241553,1.9770808,2.3773608,K562,0.94876885,1.0,2
ENSG00000243696,0.42743635,0.11394335,K562,0.974151,1.0,2
ENSG00000243989,1.3300458,1.4676081,K562,0.96427196,1.0,2
ENSG00000243989,1.386069,1.4676081,K562,0.91705745,1.0,2
ENSG00000244405,0.10854542,0.7888751,K562,0.9359926,1.0,2
ENSG00000244754,1.2485162,1.5750723,K562,0.8715711,1.0,2
ENSG00000244754,1.4353644,1.5750723,K562,0.87593466,1.0,2
ENSG00000244754,1.8269219,1.5750723,K562,0.8054812,1.0,2
ENSG00000247596,1.7772415,1.9428015,K562,0.9438561,1.0,2
ENSG00000247596,1.752538,1.9428015,K562,0.9552391,1.0,2
ENSG00000248487,1.1489458,1.0429691,K562,0.8278932,1.0,2
ENSG00000248592,1.11413,0.7450748,K562,0.9607513,1.0,2
ENSG00000253710,0.87882805,0.897077,K562,0.9678555,1.0,2
ENSG00000254999,1.5814369,2.0919833,K562,0.94468915,1.0,2
ENSG00000255154,1.4420139,0.6794279,K562,0.83905506,1.0,2
ENSG00000255154,1.4420139,0.6794279,K562,0.83905506,1.0,2
ENSG00000255154,1.5239298,0.6794279,K562,0.24011587,0.0990991,2
