,PredExpr,ActualExpr,CellLine,PredPsi,ActualPsi,fold_idx
ENSG00000006837,1.1911712,-0.24412514,K562,0.9220582,1.0,4
ENSG00000006837,1.2915275,-0.24412514,K562,0.8980335,1.0,4
ENSG00000006837,1.0890954,-0.24412514,K562,0.95811707,1.0,4
ENSG00000006837,1.2034163,-0.24412514,K562,0.9337666,1.0,4
ENSG00000013561,1.4936049,1.0390173,K562,0.7661616,1.0,4
ENSG00000013561,1.1118636,1.0390173,K562,0.96231264,1.0,4
ENSG00000013561,1.4936049,1.0390173,K562,0.7661616,0.7479893,4
ENSG00000013561,1.3362973,1.0390173,K562,0.55257505,0.4854369,4
ENSG00000015479,1.7105217,2.1816435,K562,0.9157685,1.0,4
ENSG00000015479,1.735326,2.1816435,K562,0.81666493,0.9087481,4
ENSG00000015479,1.735326,2.1816435,K562,0.81666493,0.4486373,4
ENSG00000015479,1.8220286,2.1816435,K562,0.8730597,0.9737081,4
ENSG00000019582,1.8624125,3.5291748,K562,0.955131,1.0,4
ENSG00000021776,0.9342191,1.2382971,K562,0.8481114,1.0,4
ENSG00000021776,1.1035724,1.2382971,K562,0.94867355,1.0,4
ENSG00000021776,1.142014,1.2382971,K562,0.9559634,1.0,4
ENSG00000027847,1.1149182,1.2835274,K562,0.96931463,1.0,4
ENSG00000027847,1.0759323,1.2835274,K562,0.9192272,1.0,4
ENSG00000028310,1.5977037,1.5440681,K562,0.97216254,1.0,4
ENSG00000028310,1.6767874,1.5440681,K562,0.94383764,0.64772725,4
ENSG00000028310,1.6714313,1.5440681,K562,0.79085076,0.023727516,4
ENSG00000028310,1.6882317,1.5440681,K562,0.7942819,0.9946011,4
ENSG00000028310,1.5941484,1.5440681,K562,0.47184363,0.06433409,4
ENSG00000028310,1.4333823,1.5440681,K562,0.8791166,0.050242398,4
ENSG00000028528,1.430867,1.8547916,K562,0.92187923,1.0,4
ENSG00000031003,1.5112839,1.1398791,K562,0.9581662,1.0,4
ENSG00000031003,1.3873563,1.1398791,K562,0.65482754,1.0,4
ENSG00000031003,1.3545053,1.1398791,K562,0.96131027,0.81864756,4
ENSG00000031003,1.542028,1.1398791,K562,0.89589816,0.18135247,4
ENSG00000031003,1.4751661,1.1398791,K562,0.8084939,0.81864756,4
ENSG00000031003,1.3359318,1.1398791,K562,0.3583279,0.12772925,4
ENSG00000033800,1.5085912,1.3428173,K562,0.90734965,1.0,4
ENSG00000035499,1.1433287,1.4032922,K562,0.94706947,1.0,4
ENSG00000035499,1.2601106,1.4032922,K562,0.9425153,0.9104416,4
ENSG00000035499,0.9729846,1.4032922,K562,0.5233971,0.033932135,4
ENSG00000035499,0.9981045,1.4032922,K562,0.8316062,0.0012381346,4
ENSG00000035664,0.993272,0.72181064,K562,0.69145733,1.0,4
ENSG00000035664,0.85441005,0.72181064,K562,0.95257545,0.38352272,4
ENSG00000037474,1.6003559,1.8809279,K562,0.94908184,1.0,4
ENSG00000037474,1.1856453,1.8809279,K562,0.9160059,1.0,4
ENSG00000037474,1.0221698,1.8809279,K562,0.8924504,1.0,4
ENSG00000037474,1.323401,1.8809279,K562,0.9108588,0.984425,4
ENSG00000037474,1.465404,1.8809279,K562,0.9124971,0.8009388,4
ENSG00000037749,1.1087487,1.0257154,K562,0.7806902,1.0,4
ENSG00000037749,1.1087487,1.0257154,K562,0.7806902,0.5192878,4
ENSG00000038274,1.1982512,1.5368109,K562,0.9504025,1.0,4
ENSG00000038274,1.1982512,1.5368109,K562,0.9504025,1.0,4
ENSG00000038274,1.0744848,1.5368109,K562,0.96823525,1.0,4
ENSG00000038274,1.2361009,1.5368109,K562,0.8776492,1.0,4
ENSG00000038274,1.3854961,1.5368109,K562,0.97382385,1.0,4
ENSG00000038382,1.3510745,1.5596672,K562,0.96493816,1.0,4
ENSG00000038427,-0.36503223,0.69372696,K562,0.9948873,1.0,4
ENSG00000039123,1.4916375,1.554368,K562,0.93884087,1.0,4
ENSG00000039319,1.0036399,0.5250448,K562,0.8693729,1.0,4
ENSG00000039319,0.95629746,0.5250448,K562,0.8968349,1.0,4
ENSG00000039319,1.1076205,0.5250448,K562,0.8032191,0.0,4
ENSG00000039319,0.9220895,0.5250448,K562,0.62491155,0.29554656,4
ENSG00000039560,-0.32563236,0.29225606,K562,0.9954464,1.0,4
ENSG00000039600,0.05912599,-0.88605666,K562,0.994862,1.0,4
ENSG00000040275,1.1238484,1.567144,K562,0.9557832,1.0,4
ENSG00000040275,1.2188246,1.567144,K562,0.9115072,1.0,4
ENSG00000040275,1.0544472,1.567144,K562,0.9098853,1.0,4
ENSG00000040275,1.1907291,1.567144,K562,0.8793628,1.0,4
ENSG00000041357,1.4373443,2.4353347,K562,0.8515635,1.0,4
ENSG00000041357,1.4373443,2.4353347,K562,0.8515635,0.06401766,4
ENSG00000041357,1.2616615,2.4353347,K562,0.8260788,0.12814815,4
ENSG00000043143,1.5664079,1.5247854,K562,0.9806043,1.0,4
ENSG00000043143,1.5761802,1.5247854,K562,0.89317924,1.0,4
ENSG00000043143,1.5761802,1.5247854,K562,0.89317924,1.0,4
ENSG00000043143,1.5793321,1.5247854,K562,0.9697002,0.53846157,4
ENSG00000043462,1.3118539,1.2986348,K562,0.9611133,1.0,4
ENSG00000044115,1.2362692,1.7105404,K562,0.66734284,1.0,4
ENSG00000044115,1.1977205,1.7105404,K562,0.9449041,1.0,4
ENSG00000044115,1.386421,1.7105404,K562,0.9688691,1.0,4
ENSG00000044115,1.230015,1.7105404,K562,0.9532331,0.9919355,4
ENSG00000044115,1.4491534,1.7105404,K562,0.9533708,0.0056581297,4
ENSG00000047188,0.9913692,1.212454,K562,0.8528262,1.0,4
ENSG00000047346,1.0820758,1.049218,K562,0.92039007,1.0,4
ENSG00000047346,1.0071604,1.049218,K562,0.96543723,0.73044926,4
ENSG00000047346,1.06742,1.049218,K562,0.9495372,1.0,4
ENSG00000048140,0.9738535,1.097951,K562,0.9671873,1.0,4
ENSG00000048140,1.0764606,1.097951,K562,0.95715624,0.7652812,4
ENSG00000048162,1.5415475,2.0047941,K562,0.98046726,1.0,4
ENSG00000048162,1.6879125,2.0047941,K562,0.9193241,1.0,4
ENSG00000049167,0.89197165,0.91855454,K562,0.89454395,1.0,4
ENSG00000049167,0.96294814,0.91855454,K562,0.82474786,1.0,4
ENSG00000049167,0.96744555,0.91855454,K562,0.8229202,1.0,4
ENSG00000049167,0.7796004,0.91855454,K562,0.8888613,0.056034483,4
ENSG00000049192,0.99837786,0.8241258,K562,0.86773926,1.0,4
ENSG00000049656,1.5520768,2.20393,K562,0.9463249,1.0,4
ENSG00000049860,0.7230568,1.5634811,K562,0.8828758,1.0,4
ENSG00000049883,1.3319578,0.9831751,K562,0.6533032,1.0,4
ENSG00000049883,1.2909398,0.9831751,K562,0.9445233,1.0,4
ENSG00000049883,1.2182775,0.9831751,K562,0.81634843,0.7106599,4
ENSG00000049883,1.3378701,0.9831751,K562,0.8771262,0.1954023,4
ENSG00000049883,1.1761894,0.9831751,K562,0.9033129,0.8855219,4
ENSG00000050748,0.97246224,1.3068538,K562,0.85710794,1.0,4
ENSG00000050748,1.0403852,1.3068538,K562,0.80475456,0.1091314,4
ENSG00000050748,0.918338,1.3068538,K562,0.32131717,0.7797271,4
ENSG00000051180,1.4456408,1.4111145,K562,0.917773,1.0,4
ENSG00000051180,1.3271339,1.4111145,K562,0.09303332,1.0,4
ENSG00000051180,1.3054888,1.4111145,K562,0.9431708,1.0,4
ENSG00000051180,1.4021878,1.4111145,K562,0.95577645,1.0,4
ENSG00000051180,1.2694101,1.4111145,K562,0.8938636,1.0,4
ENSG00000051180,1.3271339,1.4111145,K562,0.09303332,0.0019305019,4
ENSG00000051180,1.34724,1.4111145,K562,0.9189126,0.66775244,4
ENSG00000051596,0.4535674,1.8893017,K562,0.96788156,1.0,4
ENSG00000055147,1.0323441,1.2038485,K562,0.95334363,1.0,4
ENSG00000055147,1.6099999,1.2038485,K562,0.50736237,0.35308343,4
ENSG00000056097,1.122077,1.5418288,K562,0.9631771,1.0,4
ENSG00000058335,-0.5883716,-0.18708664,K562,0.9755333,1.0,4
ENSG00000058729,1.2082243,1.2506639,K562,0.9495698,1.0,4
ENSG00000062194,1.4127924,1.4917818,K562,0.9272884,1.0,4
ENSG00000062194,1.5313365,1.4917818,K562,0.6474904,0.5443959,4
ENSG00000062194,1.4328561,1.4917818,K562,0.73123455,0.5339564,4
ENSG00000062524,-0.18631557,-0.34678748,K562,0.9972601,1.0,4
ENSG00000062524,-0.33179414,-0.34678748,K562,0.996358,1.0,4
ENSG00000062524,-0.3756848,-0.34678748,K562,0.9975522,1.0,4
ENSG00000063438,1.7145913,1.3974185,K562,0.9453073,1.0,4
ENSG00000064651,1.4550653,0.8169038,K562,0.9630991,1.0,4
ENSG00000064651,1.3481576,0.8169038,K562,0.50741535,0.99631673,4
ENSG00000064652,0.5692678,0.42160392,K562,0.93809474,1.0,4
ENSG00000064652,0.5199407,0.42160392,K562,0.8535131,0.0,4
ENSG00000064726,1.3218703,1.6513749,K562,0.96006376,1.0,4
ENSG00000066583,1.0639777,1.4531654,K562,0.700118,1.0,4
ENSG00000066933,1.0018284,0.76937735,K562,0.9373291,1.0,4
ENSG00000066933,1.0064566,0.76937735,K562,0.9485009,1.0,4
ENSG00000066933,0.97381884,0.76937735,K562,0.6337996,0.09762533,4
ENSG00000066933,1.0969706,0.76937735,K562,0.71275544,0.9268293,4
ENSG00000066933,0.9317212,0.76937735,K562,0.93658525,0.98559076,4
ENSG00000067141,0.33629808,-0.24412514,K562,0.93671554,1.0,4
ENSG00000067141,0.30776215,-0.24412514,K562,0.97702324,1.0,4
ENSG00000067221,1.3050182,1.0187005,K562,0.8979217,1.0,4
ENSG00000067221,1.2618206,1.0187005,K562,0.9426525,0.46319568,4
ENSG00000067221,1.3564439,1.0187005,K562,0.84723014,0.44113842,4
ENSG00000067221,1.3799303,1.0187005,K562,0.71239763,0.028460544,4
ENSG00000067225,1.6208878,3.0545747,K562,0.9715154,1.0,4
ENSG00000067225,1.7785652,3.0545747,K562,0.96046156,1.0,4
ENSG00000067225,1.7047081,3.0545747,K562,0.93693537,0.9988654,4
ENSG00000067225,1.7378783,3.0545747,K562,0.95554096,0.021948403,4
ENSG00000067225,1.7378783,3.0545747,K562,0.95554096,0.0011790051,4
ENSG00000067248,1.0985434,0.91855454,K562,0.81837916,1.0,4
ENSG00000067248,1.3022444,0.91855454,K562,0.9875266,1.0,4
ENSG00000067369,1.0497015,1.1132747,K562,0.93132734,1.0,4
ENSG00000068305,1.3064661,1.5247854,K562,0.9429809,1.0,4
ENSG00000068305,1.4194922,1.5247854,K562,0.8573479,1.0,4
ENSG00000068305,1.1116037,1.5247854,K562,0.93509865,0.60729927,4
ENSG00000068305,1.475184,1.5247854,K562,0.35807326,0.0,4
ENSG00000068796,1.3975704,1.5902843,K562,0.9404422,1.0,4
ENSG00000068796,1.2721756,1.5902843,K562,0.8274004,0.3961456,4
ENSG00000068796,1.3560951,1.5902843,K562,0.7642934,0.0,4
ENSG00000069011,-0.42839158,-0.022276394,K562,0.9937767,1.0,4
ENSG00000069020,-0.444703,-0.63827217,K562,0.99452835,1.0,4
ENSG00000069869,0.72656465,0.37657696,K562,0.87881845,1.0,4
ENSG00000069869,0.78282624,0.37657696,K562,0.88535327,0.0,4
ENSG00000069943,1.2992752,1.1525941,K562,0.7415717,1.0,4
ENSG00000069956,1.4038205,1.4109459,K562,0.95791346,1.0,4
ENSG00000069956,1.4008379,1.4109459,K562,0.8181043,1.0,4
ENSG00000069956,1.5391581,1.4109459,K562,0.85383075,1.0,4
ENSG00000069956,1.44836,1.4109459,K562,0.95925146,1.0,4
ENSG00000069956,1.4683475,1.4109459,K562,0.69258165,0.0713073,4
ENSG00000069966,1.1287832,1.1055102,K562,0.8887017,1.0,4
ENSG00000069974,1.4535925,1.5689055,K562,0.94610757,1.0,4
ENSG00000069974,1.2602956,1.5689055,K562,0.95565796,1.0,4
ENSG00000069974,1.3950608,1.5689055,K562,0.6432283,1.0,4
ENSG00000069974,1.2479956,1.5689055,K562,0.86541504,0.025370581,4
ENSG00000070614,1.5186157,1.2753114,K562,0.9577506,1.0,4
ENSG00000070614,1.5701168,1.2753114,K562,0.94441056,0.9839939,4
ENSG00000070814,1.4512777,1.5118834,K562,0.8949044,1.0,4
ENSG00000070814,1.4411352,1.5118834,K562,0.970492,0.21085595,4
ENSG00000071539,1.591214,1.4556061,K562,0.93076295,1.0,4
ENSG00000072364,1.2627103,0.80618,K562,0.9601721,1.0,4
ENSG00000072364,1.1681983,0.80618,K562,0.8508604,1.0,4
ENSG00000072364,1.1159999,0.80618,K562,0.940094,1.0,4
ENSG00000072571,1.1692712,1.5018805,K562,0.94887185,1.0,4
ENSG00000072571,1.4505632,1.5018805,K562,0.8698847,0.7858554,4
ENSG00000072571,1.4598331,1.5018805,K562,0.83802235,0.50411713,4
ENSG00000072682,0.6449681,0.63548374,K562,0.9413896,1.0,4
ENSG00000072682,0.53454226,0.63548374,K562,0.86584604,1.0,4
ENSG00000072682,0.5117648,0.63548374,K562,0.9276598,0.4631902,4
ENSG00000072786,1.6358871,1.6075622,K562,0.9769827,1.0,4
ENSG00000072803,1.5272889,1.4212748,K562,0.9330861,1.0,4
ENSG00000072803,1.5471187,1.4212748,K562,0.8451816,0.0,4
ENSG00000072803,1.5471187,1.4212748,K562,0.8451816,0.7542517,4
ENSG00000072803,1.6956358,1.4212748,K562,0.6730039,0.6591981,4
ENSG00000072803,1.4610989,1.4212748,K562,0.8742271,0.22520107,4
ENSG00000072803,1.4610989,1.4212748,K562,0.8742271,0.0,4
ENSG00000073417,1.4128282,1.4571246,K562,0.9480823,1.0,4
ENSG00000073417,1.4606116,1.4571246,K562,0.58342314,0.99701935,4
ENSG00000073417,1.508482,1.4571246,K562,0.9466013,0.06954103,4
ENSG00000073417,1.3631942,1.4571246,K562,0.9335565,0.9745084,4
ENSG00000073578,1.3309271,1.8580557,K562,0.8378293,1.0,4
ENSG00000073578,1.2330341,1.8580557,K562,0.93973684,1.0,4
ENSG00000073578,1.3059669,1.8580557,K562,0.96211076,1.0,4
ENSG00000073578,1.1279466,1.8580557,K562,0.9724027,1.0,4
ENSG00000073578,1.2007365,1.8580557,K562,0.9654178,1.0,4
ENSG00000073578,1.1577203,1.8580557,K562,0.939275,1.0,4
ENSG00000073578,1.154247,1.8580557,K562,0.93929625,1.0,4
ENSG00000073578,1.3648794,1.8580557,K562,0.97281384,0.9975406,4
ENSG00000074603,1.0850596,1.2035768,K562,0.958164,1.0,4
ENSG00000074603,1.1754508,1.2035768,K562,0.96026903,0.93037975,4
ENSG00000074603,1.1620963,1.2035768,K562,0.929486,0.46478873,4
ENSG00000074603,1.1620963,1.2035768,K562,0.929486,1.0,4
ENSG00000074603,1.1714053,1.2035768,K562,0.9562389,0.8088468,4
ENSG00000074603,1.3500342,1.2035768,K562,0.9479215,0.096491225,4
ENSG00000074621,1.3959637,0.47421625,K562,0.4371245,1.0,4
ENSG00000074621,1.0447328,0.47421625,K562,0.8820834,0.4362745,4
ENSG00000074696,1.3820388,1.4575791,K562,0.87759024,1.0,4
ENSG00000074696,1.2000191,1.4575791,K562,0.95263493,1.0,4
ENSG00000074696,1.2525647,1.4575791,K562,0.9109131,0.9992674,4
ENSG00000075131,1.0811844,1.3283796,K562,0.9255128,1.0,4
ENSG00000075131,1.2111857,1.3283796,K562,0.7731319,0.9902724,4
ENSG00000078795,1.164556,-0.85387194,K562,0.818009,1.0,4
ENSG00000081014,1.4802382,0.5774918,K562,0.9107641,1.0,4
ENSG00000081014,1.4802382,0.5774918,K562,0.9107641,1.0,4
ENSG00000081014,1.413846,0.5774918,K562,0.9724768,1.0,4
ENSG00000081014,1.141953,0.5774918,K562,0.94995487,1.0,4
ENSG00000081014,1.2265251,0.5774918,K562,0.92134464,1.0,4
ENSG00000081014,1.2352703,0.5774918,K562,0.83149725,1.0,4
ENSG00000081014,1.3821063,0.5774918,K562,0.96793926,1.0,4
ENSG00000081059,1.3103476,1.4138025,K562,0.904047,0.0752192,4
ENSG00000081059,1.3317316,1.4138025,K562,0.3725509,0.025239779,4
ENSG00000081189,1.5876024,1.9256215,K562,0.8679675,1.0,4
ENSG00000081189,1.4163165,1.9256215,K562,0.6163718,1.0,4
ENSG00000081189,1.5590072,1.9256215,K562,0.5150898,0.6609375,4
ENSG00000081189,1.4456489,1.9256215,K562,0.88449436,0.14951769,4
ENSG00000081189,1.3962708,1.9256215,K562,0.89941907,0.7057842,4
ENSG00000081791,1.3692303,1.745231,K562,0.907875,1.0,4
ENSG00000082068,0.73769295,1.2427899,K562,0.9529647,1.0,4
ENSG00000082068,0.6938874,1.2427899,K562,0.96281505,1.0,4
ENSG00000082068,1.080765,1.2427899,K562,0.958937,0.9364407,4
ENSG00000082068,0.6973489,1.2427899,K562,0.90194035,0.0,4
ENSG00000082074,0.07763306,-0.7212464,K562,0.9830603,1.0,4
ENSG00000082196,-0.02585125,0.32633585,K562,0.9927691,1.0,4
ENSG00000082196,0.0050182454,0.32633585,K562,0.97781163,1.0,4
ENSG00000082213,1.199508,1.1357685,K562,0.9291032,1.0,4
ENSG00000082213,1.0963914,1.1357685,K562,0.9361153,1.0,4
ENSG00000082213,1.0935102,1.1357685,K562,0.9410237,1.0,4
ENSG00000082213,1.2130718,1.1357685,K562,0.94359535,1.0,4
ENSG00000082213,0.93393576,1.1357685,K562,0.78537667,0.0,4
ENSG00000082516,1.2457728,1.1215599,K562,0.942482,1.0,4
ENSG00000082516,1.1091201,1.1215599,K562,0.90664876,1.0,4
ENSG00000083312,1.1386659,1.5298152,K562,0.8929281,1.0,4
ENSG00000083312,1.191659,1.5298152,K562,0.624778,1.0,4
ENSG00000083312,1.0404055,1.5298152,K562,0.96888375,1.0,4
ENSG00000083312,1.0668349,1.5298152,K562,0.87688786,1.0,4
ENSG00000083720,1.3830767,1.7285161,K562,0.95946705,1.0,4
ENSG00000085231,1.3334913,1.8518085,K562,0.93926674,1.0,4
ENSG00000085231,1.3352351,1.8518085,K562,0.9294767,1.0,4
ENSG00000085231,1.3674185,1.8518085,K562,0.84068173,1.0,4
ENSG00000086189,1.2787957,1.5398285,K562,0.96238804,1.0,4
ENSG00000086200,1.1456773,1.0827854,K562,0.90079564,1.0,4
ENSG00000086589,1.6987145,1.484015,K562,0.95378155,1.0,4
ENSG00000086589,1.5594959,1.484015,K562,0.8624645,1.0,4
ENSG00000086589,1.550185,1.484015,K562,0.7476646,1.0,4
ENSG00000086666,1.3021202,2.112672,K562,0.9666259,1.0,4
ENSG00000086666,1.390496,2.112672,K562,0.91912,0.10267543,4
ENSG00000086666,1.3326435,2.112672,K562,0.8780831,0.04280886,4
ENSG00000086666,1.390496,2.112672,K562,0.91912,0.16972478,4
ENSG00000087206,1.5925953,1.3725438,K562,0.8514182,1.0,4
ENSG00000087206,1.505945,1.3725438,K562,0.8595861,1.0,4
ENSG00000087206,1.4551849,1.3725438,K562,0.85223204,0.485,4
ENSG00000087206,1.3984449,1.3725438,K562,0.76035976,0.0748503,4
ENSG00000090470,1.2674015,1.0748165,K562,0.965256,1.0,4
ENSG00000090470,1.1493635,1.0748165,K562,0.9548342,1.0,4
ENSG00000090470,1.2919674,1.0748165,K562,0.9812293,1.0,4
ENSG00000090487,1.3351247,1.7244397,K562,0.9468488,1.0,4
ENSG00000090487,1.2806652,1.7244397,K562,0.8488066,1.0,4
ENSG00000090487,1.0751688,1.7244397,K562,0.96890175,0.98728997,4
ENSG00000091009,1.2803414,1.0161973,K562,0.93048364,1.0,4
ENSG00000092439,1.2538645,1.1616675,K562,0.9660275,1.0,4
ENSG00000092439,1.1343563,1.1616675,K562,0.8020677,1.0,4
ENSG00000092439,1.1276643,1.1616675,K562,0.9750259,1.0,4
ENSG00000092470,1.0959959,1.4462264,K562,0.9673935,1.0,4
ENSG00000092529,-0.12643929,0.35793483,K562,0.99437064,1.0,4
ENSG00000092531,1.3499489,1.7595923,K562,0.4549185,1.0,4
ENSG00000092531,1.36974,1.7595923,K562,0.5660208,1.0,4
ENSG00000092531,1.2114432,1.7595923,K562,0.8329128,1.0,4
ENSG00000092531,1.2883182,1.7595923,K562,0.90417904,0.95633876,4
ENSG00000092531,1.2114432,1.7595923,K562,0.8329128,0.75454545,4
ENSG00000094880,1.1641531,1.4508647,K562,0.95539045,1.0,4
ENSG00000095015,1.2004242,0.8234742,K562,0.9668742,1.0,4
ENSG00000095015,1.1744113,0.8234742,K562,0.94073266,1.0,4
ENSG00000103569,-0.48917878,-0.6777807,K562,0.99574834,1.0,4
ENSG00000103591,1.2446818,1.3525684,K562,0.9232391,1.0,4
ENSG00000103591,1.071573,1.3525684,K562,0.80170876,1.0,4
ENSG00000103591,1.1811821,1.3525684,K562,0.68902856,1.0,4
ENSG00000103599,0.67583317,-0.31875876,K562,0.96437633,1.0,4
ENSG00000103642,1.076776,1.1274288,K562,0.89526397,1.0,4
ENSG00000103642,0.69053936,1.1274288,K562,0.86899203,1.0,4
ENSG00000103653,1.7624483,2.0970142,K562,0.5985046,1.0,4
ENSG00000103653,1.7534344,2.0970142,K562,0.9599004,1.0,4
ENSG00000103657,1.6731703,1.638589,K562,0.94554794,1.0,4
ENSG00000103657,1.5520077,1.638589,K562,0.9617839,1.0,4
ENSG00000103671,0.9906959,1.0386201,K562,0.8894729,1.0,4
ENSG00000103707,1.2035413,1.1192559,K562,0.8082584,1.0,4
ENSG00000103707,1.1862907,1.1192559,K562,0.91461176,1.0,4
ENSG00000103707,1.1440654,1.1192559,K562,0.35428095,1.0,4
ENSG00000103710,-0.3868309,-0.88605666,K562,0.99657214,1.0,4
ENSG00000103740,-0.13786945,-0.38721615,K562,0.99500424,1.0,4
ENSG00000103742,-0.20659553,-0.4436975,K562,0.992326,1.0,4
ENSG00000103742,-0.12555066,-0.4436975,K562,0.99201804,1.0,4
ENSG00000103742,-0.20472446,-0.4436975,K562,0.9964227,1.0,4
ENSG00000103742,-0.097577095,-0.4436975,K562,0.9958832,1.0,4
ENSG00000103742,0.28156883,-0.4436975,K562,0.9840767,1.0,4
ENSG00000103769,1.472898,2.2862544,K562,0.9475784,1.0,4
ENSG00000103811,1.6071026,2.9308624,K562,0.9619768,1.0,4
ENSG00000103811,1.7437508,2.9308624,K562,0.9536122,1.0,4
ENSG00000103811,1.7555876,2.9308624,K562,0.86996245,0.04077162,4
ENSG00000103852,1.1253896,0.48855072,K562,0.85387665,1.0,4
ENSG00000103855,-0.3268919,0.025305865,K562,0.9937157,1.0,4
ENSG00000103876,1.0394638,1.6437486,K562,0.9478704,1.0,4
ENSG00000103932,0.8728477,1.1392492,K562,0.9571882,1.0,4
ENSG00000103942,-0.5032129,-0.14874165,K562,0.9948807,1.0,4
ENSG00000103942,-0.4975566,-0.14874165,K562,0.9960001,1.0,4
ENSG00000103966,1.6565008,1.5928427,K562,0.9638289,1.0,4
ENSG00000103966,1.6590242,1.5928427,K562,0.9742622,1.0,4
ENSG00000103966,1.6141994,1.5928427,K562,0.9760952,1.0,4
ENSG00000103978,1.3924389,1.1619666,K562,0.94012886,1.0,4
ENSG00000103978,1.468421,1.1619666,K562,0.9391765,0.66746986,4
ENSG00000103994,1.5373015,1.0417873,K562,0.9680614,1.0,4
ENSG00000103994,1.2834692,1.0417873,K562,0.9715668,1.0,4
ENSG00000103995,1.2432246,0.8102325,K562,0.89130825,1.0,4
ENSG00000103995,1.3111279,0.8102325,K562,0.92115855,0.9403973,4
ENSG00000103995,1.2893152,0.8102325,K562,0.91653043,0.73675495,4
ENSG00000104047,0.63938737,1.1044871,K562,0.8452702,1.0,4
ENSG00000104047,0.89292985,1.1044871,K562,0.49255988,0.04661017,4
ENSG00000104047,0.9043445,1.1044871,K562,0.49182567,0.02238806,4
ENSG00000104047,0.8159637,1.1044871,K562,0.86000013,0.33670887,4
ENSG00000104064,1.4628205,1.4902395,K562,0.8878986,1.0,4
ENSG00000104064,1.3878107,1.4902395,K562,0.952589,1.0,4
ENSG00000104064,1.3878107,1.4902395,K562,0.952589,0.9974227,4
ENSG00000104064,1.4627414,1.4902395,K562,0.595408,0.07130614,4
ENSG00000104093,1.266186,1.1622657,K562,0.9531256,1.0,4
ENSG00000104093,1.152684,1.1622657,K562,0.9656735,1.0,4
ENSG00000104093,1.3232772,1.1622657,K562,0.81473327,0.563253,4
ENSG00000104129,1.566026,1.6479695,K562,0.94581145,1.0,4
ENSG00000104131,1.710624,1.739335,K562,0.9412452,1.0,4
ENSG00000104131,1.3790603,1.739335,K562,0.8965646,1.0,4
ENSG00000104131,1.435535,1.739335,K562,0.9475546,1.0,4
ENSG00000104131,1.435535,1.739335,K562,0.9475546,1.0,4
ENSG00000104131,1.453515,1.739335,K562,0.8055566,0.9847572,4
ENSG00000104133,1.2935965,1.5338991,K562,0.80332583,1.0,4
ENSG00000104133,1.3390112,1.5338991,K562,0.95485204,0.0,4
ENSG00000104140,1.2227993,1.1115985,K562,0.9690777,1.0,4
ENSG00000104142,1.5822902,0.98677176,K562,0.86607414,1.0,4
ENSG00000104142,1.3691025,0.98677176,K562,0.9583954,1.0,4
ENSG00000104142,1.5364897,0.98677176,K562,0.97794765,1.0,4
ENSG00000104147,1.2420413,1.2484637,K562,0.5787901,1.0,4
ENSG00000104154,0.15985909,-0.65757734,K562,0.8930898,1.0,4
ENSG00000104154,0.006996013,-0.65757734,K562,0.9953656,1.0,4
ENSG00000104164,1.2978044,1.3408406,K562,0.71858925,1.0,4
ENSG00000104164,1.2978044,1.3408406,K562,0.71858925,0.95558846,4
ENSG00000104164,1.274806,1.3408406,K562,0.46629828,0.036458332,4
ENSG00000104164,1.2962408,1.3408406,K562,0.9528788,0.95997036,4
ENSG00000112851,1.1856351,1.5990093,K562,0.852376,1.0,4
ENSG00000112851,1.270736,1.5990093,K562,0.9470055,0.011476664,4
ENSG00000112851,1.2742295,1.5990093,K562,0.8947811,0.06983441,4
ENSG00000112851,1.2355154,1.5990093,K562,0.67824423,1.0,4
ENSG00000112855,1.5208452,1.3596458,K562,0.9411784,1.0,4
ENSG00000112855,1.466645,1.3596458,K562,0.96210754,1.0,4
ENSG00000112855,1.4923449,1.3596458,K562,0.9803053,1.0,4
ENSG00000112855,1.2751923,1.3596458,K562,0.8063529,0.9230769,4
ENSG00000112855,1.3123972,1.3596458,K562,0.8779914,0.96837944,4
ENSG00000112855,1.4378135,1.3596458,K562,0.88682413,1.0,4
ENSG00000112874,0.5780365,0.36172783,K562,0.96546346,1.0,4
ENSG00000112874,0.70641714,0.36172783,K562,0.95142835,1.0,4
ENSG00000112877,1.0278795,0.8555192,K562,0.978126,1.0,4
ENSG00000112893,0.9739801,0.7466342,K562,0.8153714,1.0,4
ENSG00000112941,1.2778435,1.3455697,K562,0.8944146,1.0,4
ENSG00000112972,1.3734021,1.9861892,K562,0.9363781,1.0,4
ENSG00000112972,1.3602595,1.9861892,K562,0.94679326,1.0,4
ENSG00000112972,1.1314557,1.9861892,K562,0.85570115,1.0,4
ENSG00000112972,1.359875,1.9861892,K562,0.9154842,1.0,4
ENSG00000112972,1.2361002,1.9861892,K562,0.96866804,1.0,4
ENSG00000112972,1.3662729,1.9861892,K562,0.9535611,1.0,4
ENSG00000112972,1.3695505,1.9861892,K562,0.6699779,1.0,4
ENSG00000112972,1.3169076,1.9861892,K562,0.9323012,1.0,4
ENSG00000112972,1.3311322,1.9861892,K562,0.54277146,0.70306456,4
ENSG00000112977,1.5744097,1.7224693,K562,0.91740596,1.0,4
ENSG00000112977,1.5744097,1.7224693,K562,0.91740596,1.0,4
ENSG00000112977,1.6196995,1.7224693,K562,0.7717431,1.0,4
ENSG00000112983,1.0421352,1.4664227,K562,0.96804553,1.0,4
ENSG00000112983,1.2901669,1.4664227,K562,0.78689784,0.90762126,4
ENSG00000112983,1.3638456,1.4664227,K562,0.9604648,0.92727274,4
ENSG00000112984,1.5479593,1.4473131,K562,0.9175495,1.0,4
ENSG00000112992,1.2418311,1.4774107,K562,0.8931114,1.0,4
ENSG00000112992,1.2301068,1.4774107,K562,0.9415664,1.0,4
ENSG00000113013,1.698725,2.428394,K562,0.61132085,1.0,4
ENSG00000113013,1.5538433,2.428394,K562,0.94946355,1.0,4
ENSG00000113013,1.7652707,2.428394,K562,0.956646,1.0,4
ENSG00000113068,1.3438699,1.8419223,K562,0.95385855,1.0,4
ENSG00000113068,1.3438699,1.8419223,K562,0.95385855,0.99168926,4
ENSG00000113068,1.3156738,1.8419223,K562,0.9759246,0.87940425,4
ENSG00000113070,0.7469923,0.18469143,K562,0.97235864,1.0,4
ENSG00000113070,0.81482923,0.18469143,K562,0.9653405,1.0,4
ENSG00000113073,-0.026045695,-0.9586073,K562,0.99413705,1.0,4
ENSG00000113073,-0.022927132,-0.9586073,K562,0.96084553,1.0,4
ENSG00000113119,1.1887031,1.15351,K562,0.83151394,1.0,4
ENSG00000113140,1.1247153,1.6587744,K562,0.98367983,1.0,4
ENSG00000113141,1.636867,1.8334022,K562,0.8414343,1.0,4
ENSG00000113141,1.4542489,1.8334022,K562,0.76485956,1.0,4
ENSG00000113141,1.5702331,1.8334022,K562,0.92050064,1.0,4
ENSG00000113161,1.0080447,1.7400467,K562,0.89482963,1.0,4
ENSG00000113161,1.4553325,1.7400467,K562,0.95827585,1.0,4
ENSG00000113161,1.2491567,1.7400467,K562,0.96330273,0.86099637,4
ENSG00000113161,1.2894056,1.7400467,K562,0.6602913,0.99396133,4
ENSG00000113163,1.3608508,0.968483,K562,0.58120024,1.0,4
ENSG00000113163,1.2582085,0.968483,K562,0.7996633,1.0,4
ENSG00000113163,1.2124672,0.968483,K562,0.96455204,0.05140187,4
ENSG00000113194,1.2819684,1.3856063,K562,0.979456,1.0,4
ENSG00000113240,1.024122,1.1758016,K562,0.96255267,1.0,4
ENSG00000113240,1.2627633,1.1758016,K562,0.84235424,0.12730807,4
ENSG00000113240,1.2354944,1.1758016,K562,0.89419264,0.9944629,4
ENSG00000113240,0.8706611,1.1758016,K562,0.8642553,0.82079345,4
ENSG00000113240,1.2753348,1.1758016,K562,0.6059097,0.3001007,4
ENSG00000113240,1.1253078,1.1758016,K562,0.7823988,0.18042453,4
ENSG00000113240,1.072149,1.1758016,K562,0.67773366,0.22335026,4
ENSG00000113269,-0.03137573,-0.92081875,K562,0.9943975,1.0,4
ENSG00000113269,0.20551336,-0.92081875,K562,0.9794756,1.0,4
ENSG00000113272,1.2606463,1.430075,K562,0.93569034,1.0,4
ENSG00000113273,1.2229149,0.6394865,K562,0.9248063,1.0,4
ENSG00000113282,1.1524727,1.9185021,K562,0.90528893,1.0,4
ENSG00000113282,1.086159,1.9185021,K562,0.9576673,1.0,4
ENSG00000113282,1.0914838,1.9185021,K562,0.94637424,1.0,4
ENSG00000113282,1.0004764,1.9185021,K562,0.9256149,0.22887613,4
ENSG00000113300,1.1151738,1.0301948,K562,0.83318466,1.0,4
ENSG00000113300,1.1308248,1.0301948,K562,0.83955497,1.0,4
ENSG00000113300,1.1370289,1.0301948,K562,0.9309338,1.0,4
ENSG00000113300,0.90459627,1.0301948,K562,0.9442009,1.0,4
ENSG00000113300,1.1023314,1.0301948,K562,0.84930617,1.0,4
ENSG00000113312,1.118788,1.761552,K562,0.89774793,1.0,4
ENSG00000113312,1.1131895,1.761552,K562,0.9538048,1.0,4
ENSG00000113318,1.2396812,0.75815463,K562,0.9346324,1.0,4
ENSG00000113319,-0.5929677,-0.82390875,K562,0.9949904,1.0,4
ENSG00000113328,1.4864101,1.8084135,K562,0.78777057,1.0,4
ENSG00000113328,1.2027228,1.8084135,K562,0.88459444,1.0,4
ENSG00000113328,1.2666433,1.8084135,K562,0.56448907,0.9997826,4
ENSG00000113356,0.9192827,1.2460059,K562,0.9488552,1.0,4
ENSG00000113360,1.0886459,1.4919217,K562,0.9507194,1.0,4
ENSG00000113360,1.0927167,1.4919217,K562,0.90532887,1.0,4
ENSG00000113360,1.1501198,1.4919217,K562,0.97183955,1.0,4
ENSG00000113360,1.161659,1.4919217,K562,0.9622647,1.0,4
ENSG00000113360,1.1064749,1.4919217,K562,0.95673656,0.27173913,4
ENSG00000113360,1.0560536,1.4919217,K562,0.946679,0.7944664,4
ENSG00000113360,1.353998,1.4919217,K562,0.27544057,0.7282609,4
ENSG00000113368,1.5236576,1.9546766,K562,0.95724165,1.0,4
ENSG00000113368,1.5581081,1.9546766,K562,0.86416316,0.019406943,4
ENSG00000113369,1.0989649,0.49968708,K562,0.9365161,1.0,4
ENSG00000113384,1.5616975,1.4424797,K562,0.9608635,1.0,4
ENSG00000113387,1.6471324,2.8677914,K562,0.91176677,1.0,4
ENSG00000113387,1.6394241,2.8677914,K562,0.97405136,0.5169522,4
ENSG00000113391,0.91995174,0.7656686,K562,0.95607513,1.0,4
ENSG00000113391,0.7863205,0.7656686,K562,0.96500635,0.07269503,4
ENSG00000113391,0.9467119,0.7656686,K562,0.91408986,1.0,4
ENSG00000113391,1.0604484,0.7656686,K562,0.902129,0.927305,4
ENSG00000113391,0.8075192,0.7656686,K562,0.8932791,0.7960993,4
ENSG00000113407,1.4643254,2.1790056,K562,0.87969965,1.0,4
ENSG00000113407,1.4550171,2.1790056,K562,0.31342718,0.0035410766,4
ENSG00000113407,1.4113674,2.1790056,K562,0.8594343,0.8121299,4
ENSG00000113407,1.6003547,2.1790056,K562,0.22468767,0.000877193,4
ENSG00000113441,1.5004604,1.1920096,K562,0.9684767,1.0,4
ENSG00000113448,-0.28933054,0.07188201,K562,0.9892526,1.0,4
ENSG00000113456,1.3450725,1.4048337,K562,0.8346593,1.0,4
ENSG00000113456,1.420964,1.4048337,K562,0.8735203,0.21962026,4
ENSG00000113460,1.4285667,1.6390879,K562,0.858706,1.0,4
ENSG00000113504,0.35024518,0.7075702,K562,0.9887389,1.0,4
ENSG00000113522,1.3295557,1.2823955,K562,0.95278805,1.0,4
ENSG00000113532,1.6538379,1.0863599,K562,0.8696138,1.0,4
ENSG00000113532,1.3408074,1.0863599,K562,0.7438032,1.0,4
ENSG00000113558,1.5324492,2.439617,K562,0.9171057,1.0,4
ENSG00000113558,1.5086792,2.439617,K562,0.90673774,1.0,4
ENSG00000113558,1.5763121,2.439617,K562,0.76282823,1.0,4
ENSG00000113558,1.6511207,2.439617,K562,0.9283306,1.0,4
ENSG00000113558,1.6557539,2.439617,K562,0.92808104,1.0,4
ENSG00000113558,1.6876891,2.439617,K562,0.57474494,0.57206535,4
ENSG00000113569,1.1510777,1.2397999,K562,0.95843136,1.0,4
ENSG00000113569,1.0379114,1.2397999,K562,0.94761014,1.0,4
ENSG00000113569,1.1736217,1.2397999,K562,0.89396334,1.0,4
ENSG00000113575,1.4395714,2.1273315,K562,0.8714361,1.0,4
ENSG00000113575,1.3411634,2.1273315,K562,0.93527806,1.0,4
ENSG00000113580,1.6362779,1.5498612,K562,0.9541851,1.0,4
ENSG00000113583,1.4272988,1.5754188,K562,0.9660909,1.0,4
ENSG00000113593,1.172837,1.4273238,K562,0.90292454,1.0,4
ENSG00000113593,1.5109482,1.4273238,K562,0.26916704,0.06935687,4
ENSG00000113593,1.172837,1.4273238,K562,0.90292454,0.93272173,4
ENSG00000113595,1.01549,0.32221928,K562,0.90096796,1.0,4
ENSG00000113595,1.0531983,0.32221928,K562,0.9414119,1.0,4
ENSG00000113595,1.0027304,0.32221928,K562,0.95055467,1.0,4
ENSG00000113595,1.085542,0.32221928,K562,0.96212244,1.0,4
ENSG00000113595,1.090126,0.32221928,K562,0.9030393,1.0,4
ENSG00000113595,1.0261335,0.32221928,K562,0.9201909,1.0,4
ENSG00000113597,0.9295196,1.2828486,K562,0.94803584,1.0,4
ENSG00000113597,1.1161122,1.2828486,K562,0.96346927,1.0,4
ENSG00000113597,1.1254039,1.2828486,K562,0.8136814,0.8380386,4
ENSG00000113615,1.6201885,1.0899051,K562,0.96678627,1.0,4
ENSG00000113615,1.7422068,1.0899051,K562,0.9479583,1.0,4
ENSG00000113621,1.3908458,1.6869043,K562,0.7889743,1.0,4
ENSG00000113621,1.4397779,1.6869043,K562,0.70554,1.0,4
ENSG00000113621,1.3313704,1.6869043,K562,0.8756748,1.0,4
ENSG00000113621,1.3908458,1.6869043,K562,0.7889743,0.80128205,4
ENSG00000113638,0.9199759,0.7671559,K562,0.9307246,1.0,4
ENSG00000113638,1.0832639,0.7671559,K562,0.96883404,0.7197309,4
ENSG00000113638,0.99966735,0.7671559,K562,0.9297535,0.7133333,4
ENSG00000113643,1.3351071,1.7678235,K562,0.9316624,1.0,4
ENSG00000113645,0.50879544,0.31175387,K562,0.9623154,1.0,4
ENSG00000113648,1.4591596,2.202052,K562,0.9607158,1.0,4
ENSG00000113649,0.9896838,1.7753919,K562,0.9789139,1.0,4
ENSG00000113649,1.105062,1.7753919,K562,0.95329154,1.0,4
ENSG00000113649,1.3255744,1.7753919,K562,0.49701682,0.57939684,4
ENSG00000113649,1.3383303,1.7753919,K562,0.8574369,0.32698962,4
ENSG00000113657,-0.36743072,0.012837225,K562,0.99151105,1.0,4
ENSG00000113712,1.5244904,1.9304396,K562,0.74066865,1.0,4
ENSG00000113712,1.4476337,1.9304396,K562,0.9482769,1.0,4
ENSG00000113712,1.7973447,1.9304396,K562,0.81527174,1.0,4
ENSG00000113721,0.35159516,0.1335389,K562,0.99468744,1.0,4
ENSG00000113732,1.5853884,2.113609,K562,0.92148584,1.0,4
ENSG00000113732,1.5853884,2.113609,K562,0.92148584,0.99199295,4
ENSG00000113732,1.526741,2.113609,K562,0.9266536,0.9617482,4
ENSG00000113734,0.94005245,1.3047059,K562,0.7270295,0.05255023,4
ENSG00000113734,1.1189511,1.3047059,K562,0.9450383,0.992272,4
ENSG00000113739,0.10391703,0.5211381,K562,0.97399944,1.0,4
ENSG00000113739,0.3296654,0.5211381,K562,0.9860605,1.0,4
ENSG00000113742,1.3421876,1.1815578,K562,0.7374055,1.0,4
ENSG00000113742,1.3663545,1.1815578,K562,0.942615,0.5624037,4
ENSG00000113742,1.3421876,1.1815578,K562,0.7374055,0.3480392,4
ENSG00000113758,0.63893056,1.6365882,K562,0.99101603,1.0,4
ENSG00000113758,0.8451271,1.6365882,K562,0.9825005,1.0,4
ENSG00000113758,0.7079415,1.6365882,K562,0.95547426,1.0,4
ENSG00000113761,1.5404482,1.2819419,K562,0.25774553,1.0,4
ENSG00000113761,1.7452767,1.2819419,K562,0.4678957,0.03699488,4
ENSG00000113761,1.6182132,1.2819419,K562,0.96916616,0.9913391,4
ENSG00000114062,1.225843,1.3451777,K562,0.79892516,1.0,4
ENSG00000117899,1.156076,1.1287223,K562,0.9119051,1.0,4
ENSG00000117906,1.0970681,1.0025979,K562,0.93035024,1.0,4
ENSG00000117906,1.0143428,1.0025979,K562,0.85141057,1.0,4
ENSG00000118985,1.3111315,1.593286,K562,0.91545707,1.0,4
ENSG00000118985,1.2639387,1.593286,K562,0.89159137,1.0,4
ENSG00000118985,1.2381377,1.593286,K562,0.8814744,1.0,4
ENSG00000119048,1.4878633,1.3062105,K562,0.91078556,1.0,4
ENSG00000120129,1.3571417,0.49692965,K562,0.93016064,1.0,4
ENSG00000120129,1.4983897,0.49692965,K562,0.8887813,1.0,4
ENSG00000120137,1.3736475,1.1354507,K562,0.8996311,1.0,4
ENSG00000120306,1.0083053,1.9399184,K562,0.9738434,1.0,4
ENSG00000120314,1.3350477,1.3479152,K562,0.9320369,1.0,4
ENSG00000120705,1.8844578,1.9102508,K562,0.9322225,1.0,4
ENSG00000120708,-0.5460174,-0.63827217,K562,0.99389124,1.0,4
ENSG00000120708,-0.6164193,-0.63827217,K562,0.9957598,1.0,4
ENSG00000120708,-0.6251314,-0.63827217,K562,0.99479115,1.0,4
ENSG00000120708,-0.5986548,-0.63827217,K562,0.98454076,1.0,4
ENSG00000120708,-0.49274683,-0.63827217,K562,0.98214,1.0,4
ENSG00000120708,-0.6001001,-0.63827217,K562,0.99642867,1.0,4
ENSG00000120708,-0.584315,-0.63827217,K562,0.9951957,1.0,4
ENSG00000120708,-0.64254814,-0.63827217,K562,0.9961241,1.0,4
ENSG00000120708,-0.48143297,-0.63827217,K562,0.997142,1.0,4
ENSG00000120708,-0.6174622,-0.63827217,K562,0.992128,1.0,4
ENSG00000120708,-0.5738298,-0.63827217,K562,0.984837,1.0,4
ENSG00000120709,1.3956618,1.2301934,K562,0.9054092,1.0,4
ENSG00000120709,1.498713,1.2301934,K562,0.83170134,1.0,4
ENSG00000120725,1.3890526,1.4692328,K562,0.93984216,1.0,4
ENSG00000120725,1.2272487,1.4692328,K562,0.9285899,1.0,4
ENSG00000120725,1.1659417,1.4692328,K562,0.75775087,1.0,4
ENSG00000120725,1.2401903,1.4692328,K562,0.94528955,0.024189398,4
ENSG00000120727,1.1982973,1.6770592,K562,0.9176107,1.0,4
ENSG00000120727,1.1982973,1.6770592,K562,0.9176107,1.0,4
ENSG00000120727,1.224875,1.6770592,K562,0.9541542,1.0,4
ENSG00000120733,1.2639055,1.3506356,K562,0.9021194,1.0,4
ENSG00000120733,1.2820237,1.3506356,K562,0.9818928,1.0,4
ENSG00000122008,1.3620441,1.1562462,K562,0.93615764,1.0,4
ENSG00000122008,1.23547,1.1562462,K562,0.8520052,0.81241745,4
ENSG00000122008,1.4717033,1.1562462,K562,0.6630158,0.009111618,4
ENSG00000122008,1.3397818,1.1562462,K562,0.91721106,0.9654631,4
ENSG00000122008,1.3418663,1.1562462,K562,0.7904109,0.65705127,4
ENSG00000122008,1.3875148,1.1562462,K562,0.83002436,0.30669546,4
ENSG00000122008,1.1962736,1.1562462,K562,0.9763974,0.89664805,4
ENSG00000122203,1.5819325,1.4962375,K562,0.91253924,1.0,4
ENSG00000122203,1.3914285,1.4962375,K562,0.8613534,0.16385303,4
ENSG00000122203,1.357254,1.4962375,K562,0.9271021,0.5132948,4
ENSG00000122203,1.3505046,1.4962375,K562,0.93232703,1.0,4
ENSG00000122203,1.3952672,1.4962375,K562,0.7241965,1.0,4
ENSG00000122203,1.4127553,1.4962375,K562,0.7254731,0.7771218,4
ENSG00000123213,1.1321952,1.3340515,K562,0.9232621,1.0,4
ENSG00000123213,1.2073555,1.3340515,K562,0.84729785,1.0,4
ENSG00000123219,1.2965057,1.3575537,K562,0.8154309,1.0,4
ENSG00000123643,0.5443772,0.5693739,K562,0.8349483,1.0,4
ENSG00000123643,0.6310808,0.5693739,K562,0.91019356,1.0,4
ENSG00000124275,1.2850723,1.4745077,K562,0.9586962,1.0,4
ENSG00000124275,1.345501,1.4745077,K562,0.8660773,0.14002642,4
ENSG00000124275,1.363832,1.4745077,K562,0.88334805,0.40764332,4
ENSG00000124279,1.3077061,1.2121876,K562,0.96506596,1.0,4
ENSG00000124279,1.2502291,1.2121876,K562,0.9325966,1.0,4
ENSG00000124279,1.2296627,1.2121876,K562,0.5954528,1.0,4
ENSG00000124279,1.3732729,1.2121876,K562,0.8092238,0.47773656,4
ENSG00000125347,1.8149366,1.6457169,K562,0.9733704,1.0,4
ENSG00000125347,1.8431151,1.6457169,K562,0.95401746,1.0,4
ENSG00000125347,1.8374593,1.6457169,K562,0.9740819,1.0,4
ENSG00000125347,1.8157792,1.6457169,K562,0.9042731,1.0,4
ENSG00000125347,1.8185194,1.6457169,K562,0.8500526,1.0,4
ENSG00000127022,1.6527381,2.3136985,K562,0.9740617,1.0,4
ENSG00000127022,1.4618845,2.3136985,K562,0.9254705,1.0,4
ENSG00000127184,1.0970917,2.7023702,K562,0.8934734,1.0,4
ENSG00000127184,1.0970917,2.7023702,K562,0.8934734,1.0,4
ENSG00000128463,1.0940235,1.9981285,K562,0.9208994,1.0,4
ENSG00000128463,1.3984358,1.9981285,K562,0.9408238,1.0,4
ENSG00000128463,1.4129555,1.9981285,K562,0.9401377,1.0,4
ENSG00000128463,1.4538205,1.9981285,K562,0.4567725,1.0,4
ENSG00000128463,1.1009259,1.9981285,K562,0.92178273,1.0,4
ENSG00000128463,1.1335928,1.9981285,K562,0.9369836,0.7540922,4
ENSG00000128731,0.7591195,1.2975416,K562,0.98334956,1.0,4
ENSG00000128731,0.74348897,1.2975416,K562,0.17292188,0.005277045,4
ENSG00000128829,1.1138067,1.2778383,K562,0.91817313,1.0,4
ENSG00000128829,0.97636336,1.2778383,K562,0.8723114,0.9599529,4
ENSG00000128872,0.6196634,0.7715875,K562,0.91985816,1.0,4
ENSG00000128872,0.5381338,0.7715875,K562,0.82580984,1.0,4
ENSG00000128872,0.74952245,0.7715875,K562,0.19607124,0.0,4
ENSG00000128872,0.5050419,0.7715875,K562,0.9062855,0.9910714,4
ENSG00000128886,1.4527566,1.2973228,K562,0.9336666,1.0,4
ENSG00000128891,1.2689774,1.4276484,K562,0.8729748,1.0,4
ENSG00000128908,1.3808439,1.2462523,K562,0.938071,1.0,4
ENSG00000128908,1.4429626,1.2462523,K562,0.9426156,1.0,4
ENSG00000128915,1.4402981,1.3163898,K562,0.94473064,1.0,4
ENSG00000128915,1.5558555,1.3163898,K562,0.8878629,1.0,4
ENSG00000128915,1.401089,1.3163898,K562,0.93503016,0.9246377,4
ENSG00000128917,0.41251498,-0.88605666,K562,0.8743472,1.0,4
ENSG00000128918,-0.46645063,-0.3767507,K562,0.9971386,1.0,4
ENSG00000128918,-0.53113616,-0.3767507,K562,0.99102753,1.0,4
ENSG00000128918,-0.464964,-0.3767507,K562,0.99352264,1.0,4
ENSG00000128923,1.0637965,0.2121876,K562,0.92411107,1.0,4
ENSG00000128923,1.0506232,0.2121876,K562,0.94466466,1.0,4
ENSG00000128923,1.0055323,0.2121876,K562,0.893304,0.92436975,4
ENSG00000128928,1.4351833,1.6312407,K562,0.96192694,1.0,4
ENSG00000128928,1.5080914,1.6312407,K562,0.9558774,1.0,4
ENSG00000128928,1.4608476,1.6312407,K562,0.9457255,1.0,4
ENSG00000128928,1.4567683,1.6312407,K562,0.9407709,0.4676282,4
ENSG00000128928,1.453989,1.6312407,K562,0.94073105,0.0035992803,4
ENSG00000128944,1.147403,1.510947,K562,0.93199736,1.0,4
ENSG00000128944,1.2594547,1.510947,K562,0.86789894,1.0,4
ENSG00000128944,1.1477354,1.510947,K562,0.9753125,0.99854755,4
ENSG00000128951,1.4879632,2.1213956,K562,0.9386444,1.0,4
ENSG00000128951,1.242069,2.1213956,K562,0.90410334,1.0,4
ENSG00000128973,1.6041408,1.763428,K562,0.96345425,1.0,4
ENSG00000128973,1.5704653,1.763428,K562,0.9565831,1.0,4
ENSG00000128973,1.5747387,1.763428,K562,0.94535017,0.96778315,4
ENSG00000128989,1.373776,1.8016781,K562,0.70637506,1.0,4
ENSG00000128989,1.3467305,1.8016781,K562,0.867353,0.17895879,4
ENSG00000128989,1.5892766,1.8016781,K562,0.8068753,0.8791371,4
ENSG00000129003,1.2119358,1.3656751,K562,0.9195174,1.0,4
ENSG00000129007,0.5459718,0.99913055,K562,0.99266785,1.0,4
ENSG00000129007,0.6264228,0.99913055,K562,0.98280644,0.9637306,4
ENSG00000129595,-0.35553718,-0.10237291,K562,0.99235827,1.0,4
ENSG00000129595,-0.4084916,-0.10237291,K562,0.9976623,1.0,4
ENSG00000129625,1.3054199,1.8854178,K562,0.8602124,1.0,4
ENSG00000129625,1.4979498,1.8854178,K562,0.97086954,0.6666667,4
ENSG00000129625,1.1762702,1.8854178,K562,0.9388997,0.45169082,4
ENSG00000131187,0.60021573,0.79657435,K562,0.99501544,1.0,4
ENSG00000131188,1.4019687,1.207365,K562,0.98156583,1.0,4
ENSG00000131188,1.4016962,1.207365,K562,0.9817993,1.0,4
ENSG00000131437,1.1357489,0.6803355,K562,0.8503845,1.0,4
ENSG00000131446,1.6177487,1.8165064,K562,0.36895114,1.0,4
ENSG00000131459,-0.30345285,-0.9586073,K562,0.99587834,1.0,4
ENSG00000131459,-0.44415152,-0.9586073,K562,0.9903833,1.0,4
ENSG00000131495,1.6359985,2.2438314,K562,0.96106744,1.0,4
ENSG00000131495,1.6359985,2.2438314,K562,0.96106744,1.0,4
ENSG00000131503,1.074609,1.7535831,K562,0.97202706,1.0,4
ENSG00000131503,1.2142415,1.7535831,K562,0.8166565,1.0,4
ENSG00000131503,1.3086817,1.7535831,K562,0.9741489,1.0,4
ENSG00000131503,1.2769759,1.7535831,K562,0.9775334,1.0,4
ENSG00000131503,1.1670499,1.7535831,K562,0.9481443,1.0,4
ENSG00000131503,1.1749594,1.7535831,K562,0.9753866,1.0,4
ENSG00000131503,1.1672695,1.7535831,K562,0.85679585,0.99154496,4
ENSG00000131503,1.2439454,1.7535831,K562,0.9659614,0.42806268,4
ENSG00000131503,1.1189961,1.7535831,K562,0.8827638,0.5719373,4
ENSG00000131503,1.2602918,1.7535831,K562,0.9066268,0.5861314,4
ENSG00000131504,1.6685865,1.7160869,K562,0.9534847,1.0,4
ENSG00000131504,1.5491164,1.7160869,K562,0.96996236,1.0,4
ENSG00000131507,0.011700474,-0.06550155,K562,0.888251,1.0,4
ENSG00000131508,1.483938,1.8483123,K562,0.9394988,1.0,4
ENSG00000131508,1.490077,1.8483123,K562,0.95123905,1.0,4
ENSG00000131711,-0.5579422,-0.88605666,K562,0.99179935,1.0,4
ENSG00000131732,1.2017093,1.3718065,K562,0.95115954,1.0,4
ENSG00000131732,1.0505683,1.3718065,K562,0.76716506,0.72787195,4
ENSG00000131732,1.0505683,1.3718065,K562,0.76716506,0.8603214,4
ENSG00000131844,1.268816,1.7228806,K562,0.8974533,1.0,4
ENSG00000131844,1.2297392,1.7228806,K562,0.9075601,1.0,4
ENSG00000131844,1.2206669,1.7228806,K562,0.9229794,0.8655513,4
ENSG00000131871,1.5507681,1.541704,K562,0.9321545,1.0,4
ENSG00000131873,1.1537385,0.9474337,K562,0.95911753,1.0,4
ENSG00000131873,1.3510883,0.9474337,K562,0.73973125,0.09048724,4
ENSG00000131876,1.7068408,2.0357897,K562,0.926187,1.0,4
ENSG00000131876,1.600276,2.0357897,K562,0.90166384,0.96875,4
ENSG00000131876,1.5520506,2.0357897,K562,0.7205259,0.6785714,4
ENSG00000132356,0.9669803,1.437909,K562,0.9610995,1.0,4
ENSG00000132356,0.932448,1.437909,K562,0.88381153,0.064327486,4
ENSG00000132357,0.57499653,-0.45593196,K562,0.9816289,1.0,4
ENSG00000132570,1.4433589,0.6404814,K562,0.95376396,1.0,4
ENSG00000132570,1.3882182,0.6404814,K562,0.6665441,1.0,4
ENSG00000132570,1.4198973,0.6404814,K562,0.9567595,1.0,4
ENSG00000132842,1.0671754,1.3854275,K562,0.9613144,1.0,4
ENSG00000132842,1.133656,1.3854275,K562,0.9364351,1.0,4
ENSG00000132846,0.81701005,0.7715875,K562,0.9259949,1.0,4
ENSG00000132912,1.2305744,1.0923697,K562,0.91538507,1.0,4
ENSG00000132912,1.3947308,1.0923697,K562,0.34263086,0.0,4
ENSG00000133302,1.0570064,1.109241,K562,0.9692973,1.0,4
ENSG00000133302,1.1391561,1.109241,K562,0.927828,1.0,4
ENSG00000133302,1.0192628,1.109241,K562,0.6848738,1.0,4
ENSG00000133302,0.9609392,1.109241,K562,0.9554318,0.52491695,4
ENSG00000133398,1.16414,1.6368889,K562,0.9624897,1.0,4
ENSG00000133398,1.4060159,1.6368889,K562,0.8522567,1.0,4
ENSG00000133706,1.2837613,1.5884959,K562,0.9028958,1.0,4
ENSG00000133706,1.1093352,1.5884959,K562,0.93637866,1.0,4
ENSG00000133835,1.2411556,1.6946052,K562,0.885131,1.0,4
ENSG00000133835,1.2555022,1.6946052,K562,0.97446954,1.0,4
ENSG00000133835,1.1991854,1.6946052,K562,0.9679433,1.0,4
ENSG00000133835,1.2737315,1.6946052,K562,0.91501385,1.0,4
ENSG00000133835,1.329431,1.6946052,K562,0.8603825,0.024364406,4
ENSG00000133835,1.1653516,1.6946052,K562,0.1888725,0.0,4
ENSG00000134057,1.1851048,2.0665867,K562,0.9564392,1.0,4
ENSG00000134057,1.3306262,2.0665867,K562,0.95529276,0.9873013,4
ENSG00000134057,1.0899231,2.0665867,K562,0.90315026,0.9818731,4
ENSG00000134058,1.0964606,1.5213996,K562,0.9271786,1.0,4
ENSG00000134058,0.9679331,1.5213996,K562,0.94885427,1.0,4
ENSG00000134138,1.4223452,1.1889285,K562,0.87521046,1.0,4
ENSG00000134138,1.4223452,1.1889285,K562,0.87521046,1.0,4
ENSG00000134138,1.3359056,1.1889285,K562,0.9663393,0.61143816,4
ENSG00000134138,1.306927,1.1889285,K562,0.8807018,0.87966305,4
ENSG00000134138,1.4669006,1.1889285,K562,0.895258,0.6060606,4
ENSG00000134138,1.5111344,1.1889285,K562,0.7016049,0.93643034,4
ENSG00000134138,1.5469038,1.1889285,K562,0.32042855,0.31284916,4
ENSG00000134146,1.0556214,1.123525,K562,0.93718094,1.0,4
ENSG00000134146,1.083329,1.123525,K562,0.91518104,1.0,4
ENSG00000134152,0.9945025,1.295787,K562,0.9563895,1.0,4
ENSG00000134152,0.7885658,1.295787,K562,0.6663349,1.0,4
ENSG00000134152,0.7885658,1.295787,K562,0.6663349,1.0,4
ENSG00000134152,0.7885658,1.295787,K562,0.6663349,1.0,4
ENSG00000134152,0.91875666,1.295787,K562,0.95516884,0.6218721,4
ENSG00000134152,0.94562685,1.295787,K562,0.97375464,0.9944393,4
ENSG00000134153,1.2769186,1.5314789,K562,0.93884385,1.0,4
ENSG00000134153,1.3241708,1.5314789,K562,0.81138384,1.0,4
ENSG00000134153,1.3241708,1.5314789,K562,0.81138384,1.0,4
ENSG00000134153,1.1553302,1.5314789,K562,0.96270365,0.9840708,4
ENSG00000134352,1.4916263,0.5888317,K562,0.7900663,0.0,4
ENSG00000134352,1.575813,0.5888317,K562,0.9179857,0.9890411,4
ENSG00000134352,1.5429957,0.5888317,K562,0.9073202,1.0,4
ENSG00000134480,1.2267122,1.7285973,K562,0.9220575,1.0,4
ENSG00000134480,1.4028611,1.7285973,K562,0.77497727,0.9711302,4
ENSG00000134516,1.7215014,1.8843988,K562,0.91017264,1.0,4
ENSG00000134516,1.6884427,1.8843988,K562,0.95479053,1.0,4
ENSG00000134516,1.6420717,1.8843988,K562,0.6572872,0.0,4
ENSG00000134970,1.1733682,1.4119562,K562,0.80536526,1.0,4
ENSG00000134987,1.1458957,1.3213912,K562,0.9345614,1.0,4
ENSG00000134987,1.2372262,1.3213912,K562,0.95833,1.0,4
ENSG00000134987,1.0729814,1.3213912,K562,0.9375579,1.0,4
ENSG00000134987,1.103581,1.3213912,K562,0.90543664,1.0,4
ENSG00000135077,1.5077972,0.7331973,K562,0.46942297,1.0,4
ENSG00000135077,1.2254212,0.7331973,K562,0.7537255,1.0,4
ENSG00000136371,1.3064241,1.5719416,K562,0.74939114,1.0,4
ENSG00000136381,1.434699,1.2622137,K562,0.95979804,1.0,4
ENSG00000136381,1.1660163,1.2622137,K562,0.95233697,0.9918478,4
ENSG00000136383,-0.3794315,-0.9586073,K562,0.99242413,1.0,4
ENSG00000136404,0.9966926,-0.113509275,K562,0.7798017,1.0,4
ENSG00000136425,1.2259781,0.8175654,K562,0.8328078,1.0,4
ENSG00000136425,0.863144,0.8175654,K562,0.9601466,1.0,4
ENSG00000136425,0.9211103,0.8175654,K562,0.8336576,0.09840426,4
ENSG00000136425,0.863144,0.8175654,K562,0.9601466,0.6312849,4
ENSG00000137764,1.2585874,0.87909585,K562,0.85421765,1.0,4
ENSG00000137764,1.2420499,0.87909585,K562,0.80389994,1.0,4
ENSG00000137764,1.2646999,0.87909585,K562,0.9333961,1.0,4
ENSG00000137764,1.2549055,0.87909585,K562,0.77007055,1.0,4
ENSG00000137764,1.2827756,0.87909585,K562,0.8641085,1.0,4
ENSG00000137764,1.279855,0.87909585,K562,0.95903945,1.0,4
ENSG00000137764,1.2346723,0.87909585,K562,0.7219101,0.9888,4
ENSG00000137770,1.2657602,1.3769418,K562,0.95831025,1.0,4
ENSG00000137770,1.1406174,1.3769418,K562,0.8520701,1.0,4
ENSG00000137770,1.1549115,1.3769418,K562,0.95340604,1.0,4
ENSG00000137776,1.3900125,1.7943486,K562,0.8609972,1.0,4
ENSG00000137776,1.3507595,1.7943486,K562,0.9284921,0.96680254,4
ENSG00000137776,1.1933653,1.7943486,K562,0.9570467,1.0,4
ENSG00000137776,1.5828786,1.7943486,K562,0.40380237,0.9684035,4
ENSG00000137801,-0.42181104,-0.9586073,K562,0.9959253,1.0,4
ENSG00000137801,-0.33449697,-0.9586073,K562,0.9973103,1.0,4
ENSG00000137801,-0.22072914,-0.9586073,K562,0.9952734,1.0,4
ENSG00000137802,1.4246697,0.968483,K562,0.924237,1.0,4
ENSG00000137802,1.4508214,0.968483,K562,0.9138392,0.97865355,4
ENSG00000137802,1.449873,0.968483,K562,0.23176152,0.0,4
ENSG00000137802,1.4156623,0.968483,K562,0.85849696,1.0,4
ENSG00000137802,1.4593356,0.968483,K562,0.7556594,0.9767025,4
ENSG00000137804,1.4366748,2.2294772,K562,0.80713195,1.0,4
ENSG00000137804,1.3962426,2.2294772,K562,0.8346676,1.0,4
ENSG00000137804,1.4154623,2.2294772,K562,0.9345008,1.0,4
ENSG00000137804,1.45505,2.2294772,K562,0.9698607,1.0,4
ENSG00000137804,1.4602413,2.2294772,K562,0.8367833,0.98893833,4
ENSG00000137804,1.4220212,2.2294772,K562,0.7729076,0.9887432,4
ENSG00000137806,1.1193907,1.1598679,K562,0.9439109,1.0,4
ENSG00000137806,1.1193907,1.1598679,K562,0.9439109,1.0,4
ENSG00000137806,0.98123926,1.1598679,K562,0.8898924,1.0,4
ENSG00000137806,1.0969794,1.1598679,K562,0.53167856,0.15464896,4
ENSG00000137807,0.9494498,1.5331362,K562,0.9483606,1.0,4
ENSG00000137807,1.1499507,1.5331362,K562,0.96528196,0.9973475,4
ENSG00000137807,1.182668,1.5331362,K562,0.6418004,0.33875892,4
ENSG00000137807,0.95139563,1.5331362,K562,0.7209143,0.0,4
ENSG00000137807,1.0724645,1.5331362,K562,0.96848583,0.89064145,4
ENSG00000137807,0.9807598,1.5331362,K562,0.9496117,0.034207527,4
ENSG00000137812,1.4159575,0.9614211,K562,0.91081285,1.0,4
ENSG00000137812,1.2659309,0.9614211,K562,0.13318546,0.8294849,4
ENSG00000137812,1.4727571,0.9614211,K562,0.8654452,1.0,4
ENSG00000137814,1.2487192,1.3479152,K562,0.91309863,0.85714287,4
ENSG00000137814,1.3103952,1.3479152,K562,0.18803354,0.14285715,4
ENSG00000137815,1.3839533,1.468495,K562,0.9583329,1.0,4
ENSG00000137817,1.353225,1.580697,K562,0.8103118,1.0,4
ENSG00000137817,1.328296,1.580697,K562,0.9435018,1.0,4
ENSG00000137817,1.266501,1.580697,K562,0.9032646,1.0,4
ENSG00000137817,1.3447087,1.580697,K562,0.9482937,1.0,4
ENSG00000137817,1.2950284,1.580697,K562,0.8365752,1.0,4
ENSG00000137817,1.2776685,1.580697,K562,0.9805828,1.0,4
ENSG00000137817,1.4134588,1.580697,K562,0.9673323,1.0,4
ENSG00000137817,1.4202366,1.580697,K562,0.85753834,0.0,4
ENSG00000137817,1.3818843,1.580697,K562,0.8456286,0.7688339,4
ENSG00000137817,1.4415567,1.580697,K562,0.937652,0.6956522,4
ENSG00000137817,1.290456,1.580697,K562,0.43334556,0.0,4
ENSG00000137822,1.4044509,1.2030329,K562,0.96227014,1.0,4
ENSG00000137822,1.369426,1.2030329,K562,0.91977525,0.083035715,4
ENSG00000137824,1.5514762,1.2530956,K562,0.9448652,1.0,4
ENSG00000137825,0.631834,-0.107905395,K562,0.9740089,1.0,4
ENSG00000137825,0.88325393,-0.107905395,K562,0.94850785,1.0,4
ENSG00000137825,0.9861285,-0.107905395,K562,0.96851236,1.0,4
ENSG00000137825,0.7843944,-0.107905395,K562,0.94005626,1.0,4
ENSG00000137841,0.95425504,1.4410664,K562,0.9525255,1.0,4
ENSG00000137841,1.0336442,1.4410664,K562,0.6432637,0.83027524,4
ENSG00000137841,1.0388818,1.4410664,K562,0.98104435,0.6183432,4
ENSG00000137842,1.3346002,1.0733517,K562,0.9754878,1.0,4
ENSG00000137842,1.1762424,1.0733517,K562,0.9632783,1.0,4
ENSG00000137842,1.2208273,1.0733517,K562,0.8840426,1.0,4
ENSG00000137842,1.1135268,1.0733517,K562,0.9532363,0.97870076,4
ENSG00000137845,1.1491814,1.5751878,K562,0.7275535,1.0,4
ENSG00000137845,1.3017595,1.5751878,K562,0.9246117,1.0,4
ENSG00000137845,1.1713924,1.5751878,K562,0.5887634,1.0,4
ENSG00000137845,1.2127926,1.5751878,K562,0.932017,1.0,4
ENSG00000137845,1.1453371,1.5751878,K562,0.69564915,1.0,4
ENSG00000137845,1.1558859,1.5751878,K562,0.794025,0.75344354,4
ENSG00000137868,-0.17778148,0.9116902,K562,0.9843455,1.0,4
ENSG00000137869,-0.4469191,-0.29242983,K562,0.9950317,1.0,4
ENSG00000137871,0.8664234,0.6757783,K562,0.8942558,1.0,4
ENSG00000137871,0.91540116,0.6757783,K562,0.8541142,0.23383084,4
ENSG00000137871,0.9487049,0.6757783,K562,0.92241794,0.0,4
ENSG00000137871,0.90494734,0.6757783,K562,0.96166384,0.9784173,4
ENSG00000137871,0.9235397,0.6757783,K562,0.93587846,0.9805195,4
ENSG00000137876,1.3945987,1.8472024,K562,0.9733372,1.0,4
ENSG00000137876,1.5089028,1.8472024,K562,0.9591529,1.0,4
ENSG00000137877,-0.15695417,-0.7695511,K562,0.99373347,1.0,4
ENSG00000137880,1.268384,1.8671138,K562,0.886943,1.0,4
ENSG00000137880,1.2718732,1.8671138,K562,0.8075887,1.0,4
ENSG00000137880,1.268384,1.8671138,K562,0.886943,1.0,4
ENSG00000138587,0.5879628,-0.13076828,K562,0.9799319,1.0,4
ENSG00000138587,0.45719284,-0.13076828,K562,0.98439646,1.0,4
ENSG00000138587,0.5681786,-0.13076828,K562,0.98093235,1.0,4
ENSG00000138587,0.54951763,-0.13076828,K562,0.9642086,1.0,4
ENSG00000138592,1.1692216,1.3508292,K562,0.8884644,1.0,4
ENSG00000138592,1.157939,1.3508292,K562,0.9166868,0.99708456,4
ENSG00000138592,1.2263079,1.3508292,K562,0.83417815,0.815756,4
ENSG00000138593,0.9614267,0.77524626,K562,0.92474085,1.0,4
ENSG00000138593,1.086729,0.77524626,K562,0.83912396,1.0,4
ENSG00000138593,1.0716722,0.77524626,K562,0.9471334,0.97282606,4
ENSG00000138594,1.1797087,1.1631614,K562,0.9712842,1.0,4
ENSG00000138594,1.1363924,1.1631614,K562,0.9314247,1.0,4
ENSG00000138594,1.0549366,1.1631614,K562,0.9592305,1.0,4
ENSG00000138594,1.1777194,1.1631614,K562,0.95360285,1.0,4
ENSG00000138594,1.2799964,1.1631614,K562,0.31753188,1.0,4
ENSG00000138600,1.3562169,1.5493711,K562,0.9599929,1.0,4
ENSG00000138604,0.65259486,0.31175387,K562,0.88581485,1.0,4
ENSG00000138604,0.5332137,0.31175387,K562,0.87717205,1.0,4
ENSG00000138606,0.41789794,0.053078443,K562,0.9797106,1.0,4
ENSG00000138613,0.9247626,0.7951846,K562,0.5269737,0.0,4
ENSG00000138613,0.96885604,0.7951846,K562,0.7728253,0.77196264,4
ENSG00000138614,1.2270772,1.6128898,K562,0.92910194,1.0,4
ENSG00000138614,1.3475049,1.6128898,K562,0.92070323,1.0,4
ENSG00000138614,1.1659644,1.6128898,K562,0.79155344,0.9986568,4
ENSG00000138614,1.1799808,1.6128898,K562,0.887501,0.39366516,4
ENSG00000138614,1.1366692,1.6128898,K562,0.77371395,0.86423504,4
ENSG00000138614,1.231236,1.6128898,K562,0.8852039,0.24507043,4
ENSG00000138615,-0.23382679,-0.92081875,K562,0.992385,1.0,4
ENSG00000138615,-0.43670893,-0.92081875,K562,0.9938875,1.0,4
ENSG00000138617,1.1848066,0.9148718,K562,0.6905754,1.0,4
ENSG00000138617,1.0190167,0.9148718,K562,0.8468354,1.0,4
ENSG00000138617,1.0190167,0.9148718,K562,0.8468354,1.0,4
ENSG00000138617,1.1749456,0.9148718,K562,0.8995097,1.0,4
ENSG00000138617,1.0583506,0.9148718,K562,0.69035083,1.0,4
ENSG00000138621,1.7498825,1.7453091,K562,0.7888371,1.0,4
ENSG00000138623,1.7377751,1.899328,K562,0.9612476,1.0,4
ENSG00000138623,1.7250204,1.899328,K562,0.96394587,1.0,4
ENSG00000138623,1.6747136,1.899328,K562,0.9297966,0.9848485,4
ENSG00000138629,1.5747354,2.0487912,K562,0.9268854,1.0,4
ENSG00000138629,1.8138969,2.0487912,K562,0.6076247,0.050393365,4
ENSG00000140157,1.3977294,1.8959196,K562,0.9284872,1.0,4
ENSG00000140157,1.3481209,1.8959196,K562,0.8861078,0.83512366,4
ENSG00000140199,1.1792347,1.5838786,K562,0.9729715,0.9834025,4
ENSG00000140199,1.4389734,1.5838786,K562,0.51045203,0.9902724,4
ENSG00000140259,1.6288192,1.362294,K562,0.9636448,1.0,4
ENSG00000140262,1.2992082,1.532627,K562,0.952555,1.0,4
ENSG00000140262,1.145478,1.532627,K562,0.9701728,1.0,4
ENSG00000140262,1.3161409,1.532627,K562,0.9741958,0.98578537,4
ENSG00000140262,1.266115,1.532627,K562,0.5290162,0.033632286,4
ENSG00000140263,0.75978535,1.5319896,K562,0.9651281,1.0,4
ENSG00000140263,0.76327085,1.5319896,K562,0.75032055,0.24936062,4
ENSG00000140263,0.90877587,1.5319896,K562,0.89390427,0.6222651,4
ENSG00000140264,1.7928064,2.902623,K562,0.8319182,1.0,4
ENSG00000140265,0.4511035,1.1714339,K562,0.9607086,1.0,4
ENSG00000140280,1.2512665,1.5627686,K562,0.93763924,1.0,4
ENSG00000140299,1.4746356,1.7443712,K562,0.9222084,1.0,4
ENSG00000140299,1.4096537,1.7443712,K562,0.71932214,0.09153783,4
ENSG00000140307,1.1258724,1.968623,K562,0.8470423,1.0,4
ENSG00000140307,1.1258724,1.968623,K562,0.8470423,1.0,4
ENSG00000140307,1.2196059,1.968623,K562,0.89169747,0.9388972,4
ENSG00000140307,1.1600273,1.968623,K562,0.94447523,0.98469007,4
ENSG00000140307,1.3759549,1.968623,K562,0.7667416,0.0026656513,4
ENSG00000140319,1.645688,2.6661997,K562,0.89891624,1.0,4
ENSG00000140319,1.6580472,2.6661997,K562,0.9120976,1.0,4
ENSG00000140319,1.6582205,2.6661997,K562,0.9120453,1.0,4
ENSG00000140319,1.5755596,2.6661997,K562,0.6805569,0.022199761,4
ENSG00000140319,1.5849006,2.6661997,K562,0.8536508,0.02406687,4
ENSG00000140320,1.0192139,0.99913055,K562,0.98023546,1.0,4
ENSG00000140320,1.2658815,0.99913055,K562,0.94683427,1.0,4
ENSG00000140320,1.2680058,0.99913055,K562,0.9251435,1.0,4
ENSG00000140326,1.2526512,0.8481891,K562,0.95824075,1.0,4
ENSG00000140326,1.3437126,0.8481891,K562,0.9214786,1.0,4
ENSG00000140332,1.4899607,1.3111179,K562,0.95376223,1.0,4
ENSG00000140350,1.5185015,2.314836,K562,0.9722582,1.0,4
ENSG00000140365,0.92387754,1.9549657,K562,0.9592041,1.0,4
ENSG00000140365,0.9089835,1.9549657,K562,0.95713633,1.0,4
ENSG00000140365,1.0244799,1.9549657,K562,0.88068146,0.993283,4
ENSG00000140365,1.138375,1.9549657,K562,0.97189796,0.7730238,4
ENSG00000140367,1.010514,1.1215599,K562,0.941902,1.0,4
ENSG00000140367,1.0649662,1.1215599,K562,0.9361886,0.85255355,4
ENSG00000140374,1.2462199,2.0533857,K562,0.9125396,1.0,4
ENSG00000140374,1.2666979,2.0533857,K562,0.90397465,1.0,4
ENSG00000140374,1.2197182,2.0533857,K562,0.8828263,1.0,4
ENSG00000140374,1.2252622,2.0533857,K562,0.8794665,0.9615802,4
ENSG00000140374,1.0284286,2.0533857,K562,0.9418351,0.67377585,4
ENSG00000140382,1.4716003,1.5870371,K562,0.7720569,1.0,4
ENSG00000140382,1.4350455,1.5870371,K562,0.5805233,0.056533333,4
ENSG00000140386,0.7647467,-0.15490197,K562,0.8141801,1.0,4
ENSG00000140386,0.72889227,-0.15490197,K562,0.959264,1.0,4
ENSG00000140386,0.9304605,-0.15490197,K562,0.9650383,1.0,4
ENSG00000140391,0.7674031,1.7237018,K562,0.93451357,1.0,4
ENSG00000140391,0.8607047,1.7237018,K562,0.9283137,0.06838106,4
ENSG00000140391,0.8172293,1.7237018,K562,0.9098698,0.73125,4
ENSG00000140395,1.2264698,1.8813846,K562,0.9230474,1.0,4
ENSG00000140395,1.3127027,1.8813846,K562,0.9526593,1.0,4
ENSG00000140395,1.2540615,1.8813846,K562,0.89885736,1.0,4
ENSG00000140395,1.2729464,1.8813846,K562,0.9274312,1.0,4
ENSG00000140395,1.1916323,1.8813846,K562,0.9465325,1.0,4
ENSG00000140395,1.1731255,1.8813846,K562,0.9505637,1.0,4
ENSG00000140395,1.1760042,1.8813846,K562,0.8661801,1.0,4
ENSG00000140395,1.1682987,1.8813846,K562,0.86621267,1.0,4
ENSG00000140395,1.2310348,1.8813846,K562,0.9025185,1.0,4
ENSG00000140395,1.1929536,1.8813846,K562,0.8660571,1.0,4
ENSG00000140400,1.477566,1.9460099,K562,0.9505061,1.0,4
ENSG00000140400,1.3654897,1.9460099,K562,0.9397858,0.97721964,4
ENSG00000140400,1.5285606,1.9460099,K562,0.7853043,0.9965278,4
ENSG00000140403,0.4936883,0.91539985,K562,0.8004998,1.0,4
ENSG00000140416,0.17776543,0.31597033,K562,0.95891404,1.0,4
ENSG00000140443,0.35857403,-0.19382003,K562,0.8922151,1.0,4
ENSG00000140443,0.5341992,-0.19382003,K562,0.96610296,1.0,4
ENSG00000140450,-0.38385993,-0.88605666,K562,0.9809248,1.0,4
ENSG00000140450,-0.3927598,-0.88605666,K562,0.99137926,1.0,4
ENSG00000140451,1.6671863,1.7133225,K562,0.9835481,1.0,4
ENSG00000140451,1.6554809,1.7133225,K562,0.9749782,1.0,4
ENSG00000140455,1.4451663,1.392697,K562,0.7988651,1.0,4
ENSG00000140455,1.469132,1.392697,K562,0.78100485,0.064604186,4
ENSG00000140455,1.5629306,1.392697,K562,0.9085461,0.023589743,4
ENSG00000140455,1.6288583,1.392697,K562,0.89117235,0.88475835,4
ENSG00000140455,1.508255,1.392697,K562,0.91986626,0.036561266,4
ENSG00000140463,1.0938404,0.75204843,K562,0.9382375,1.0,4
ENSG00000140463,1.1305947,0.75204843,K562,0.74682933,0.9184149,4
ENSG00000140463,1.0391037,0.75204843,K562,0.93324095,0.0,4
ENSG00000140464,1.6592679,1.5523031,K562,0.9344706,0.50158983,4
ENSG00000140464,1.6050553,1.5523031,K562,0.97998136,0.89972144,4
ENSG00000140471,1.2437861,1.1547282,K562,0.94562817,1.0,4
ENSG00000140471,1.130075,1.1547282,K562,0.8446544,1.0,4
ENSG00000140474,1.408896,1.483302,K562,0.590212,1.0,4
ENSG00000140474,1.2284575,1.483302,K562,0.95480233,1.0,4
ENSG00000140497,1.7301507,1.9903833,K562,0.81762016,1.0,4
ENSG00000140497,1.7099137,1.9903833,K562,0.9549117,1.0,4
ENSG00000140497,1.6784503,1.9903833,K562,0.754172,1.0,4
ENSG00000140497,1.7407608,1.9903833,K562,0.9502755,0.019314924,4
ENSG00000140511,0.06892385,0.3909351,K562,0.99545985,1.0,4
ENSG00000140521,1.6608517,1.5654936,K562,0.95876193,1.0,4
ENSG00000140521,1.5844932,1.5654936,K562,0.9631194,1.0,4
ENSG00000140525,0.9167455,1.7083359,K562,0.9222517,1.0,4
ENSG00000140525,1.1352558,1.7083359,K562,0.9706702,0.9758831,4
ENSG00000140525,1.1970453,1.7083359,K562,0.9490806,0.9822222,4
ENSG00000140526,1.1452098,1.1367205,K562,0.9205732,1.0,4
ENSG00000140526,1.0908806,1.1367205,K562,0.9469912,1.0,4
ENSG00000140534,1.2947204,1.0652062,K562,0.9136295,1.0,4
ENSG00000140548,1.477592,1.0569048,K562,0.95158154,1.0,4
ENSG00000140553,1.1741328,1.5663196,K562,0.89480823,1.0,4
ENSG00000140553,1.1829367,1.5663196,K562,0.93915874,1.0,4
ENSG00000140553,1.0910707,1.5663196,K562,0.9771194,1.0,4
ENSG00000140553,1.2237756,1.5663196,K562,0.93887323,1.0,4
ENSG00000140553,1.3758504,1.5663196,K562,0.97429454,1.0,4
ENSG00000140575,1.3100567,1.927319,K562,0.9796305,1.0,4
ENSG00000140577,1.3711653,1.2526103,K562,0.87482995,1.0,4
ENSG00000140577,1.2694831,1.2526103,K562,0.23038153,1.0,4
ENSG00000140598,0.996373,1.1486026,K562,0.95582306,1.0,4
ENSG00000140612,1.332088,2.0927908,K562,0.8941134,1.0,4
ENSG00000140612,1.4006975,2.0927908,K562,0.91101295,0.83036846,4
ENSG00000140612,1.376956,2.0927908,K562,0.956979,0.6898918,4
ENSG00000140612,1.5508871,2.0927908,K562,0.79128283,0.48346055,4
ENSG00000145491,0.42014328,-0.6777807,K562,0.9901541,1.0,4
ENSG00000145491,0.012991875,-0.6777807,K562,0.9622739,1.0,4
ENSG00000145491,0.06567637,-0.6777807,K562,0.9804167,1.0,4
ENSG00000145494,1.3455508,1.8605176,K562,0.9221022,1.0,4
ENSG00000145495,1.494375,1.6572472,K562,0.85861355,1.0,4
ENSG00000145495,1.5433717,1.6572472,K562,0.9147993,0.65752065,4
ENSG00000145545,1.4948702,1.1571544,K562,0.86316174,1.0,4
ENSG00000145545,1.2030706,1.1571544,K562,0.8164437,0.004048583,4
ENSG00000145545,1.4948702,1.1571544,K562,0.86316174,0.55452436,4
ENSG00000145569,0.38683784,0.19312459,K562,0.9288953,1.0,4
ENSG00000145604,1.3372264,1.4247184,K562,0.4251811,1.0,4
ENSG00000145604,1.3249452,1.4247184,K562,0.9299759,0.92774564,4
ENSG00000145604,1.3204281,1.4247184,K562,0.9594337,1.0,4
ENSG00000145675,1.338438,1.0827854,K562,0.8528809,1.0,4
ENSG00000145675,1.4541042,1.0827854,K562,0.9200395,1.0,4
ENSG00000145675,1.3666179,1.0827854,K562,0.9623445,1.0,4
ENSG00000145675,1.5030253,1.0827854,K562,0.9628817,1.0,4
ENSG00000145687,1.0458016,1.7223048,K562,0.8809529,1.0,4
ENSG00000145687,1.0458016,1.7223048,K562,0.8809529,1.0,4
ENSG00000145687,1.0025346,1.7223048,K562,0.7965586,0.9555818,4
ENSG00000145687,1.070183,1.7223048,K562,0.87096304,0.13884555,4
ENSG00000145687,1.0466125,1.7223048,K562,0.87983423,0.12992701,4
ENSG00000145703,1.2899373,1.1541195,K562,0.9056435,1.0,4
ENSG00000145703,1.1153893,1.1541195,K562,0.92998874,1.0,4
ENSG00000145715,1.2565455,1.2931415,K562,0.7933136,1.0,4
ENSG00000145715,1.3651178,1.2931415,K562,0.92327774,1.0,4
ENSG00000145715,1.6381016,1.2931415,K562,0.59718364,0.0,4
ENSG00000145715,1.3836255,1.2931415,K562,0.61897206,0.0,4
ENSG00000145715,1.3820927,1.2931415,K562,0.8318795,0.024564994,4
ENSG00000145723,1.1211886,0.3283796,K562,0.9360986,1.0,4
ENSG00000145723,1.1962061,0.3283796,K562,0.85667485,0.9211823,4
ENSG00000145725,1.0960119,1.3390538,K562,0.9322451,1.0,4
ENSG00000145725,1.1695411,1.3390538,K562,0.9207688,1.0,4
ENSG00000145725,1.1672685,1.3390538,K562,0.9206678,0.12663399,4
ENSG00000145725,1.305114,1.3390538,K562,0.52053314,0.5531046,4
ENSG00000145725,1.1698289,1.3390538,K562,0.92063916,0.42782426,4
ENSG00000145725,1.2147455,1.3390538,K562,0.5969867,0.2164751,4
ENSG00000145725,1.200474,1.3390538,K562,0.8748841,0.57835823,4
ENSG00000145730,1.1045024,1.0511525,K562,0.7434967,1.0,4
ENSG00000145730,1.0799541,1.0511525,K562,0.9594991,1.0,4
ENSG00000145734,0.9996683,1.0086001,K562,0.9751603,1.0,4
ENSG00000145734,0.9026831,1.0086001,K562,0.85202235,1.0,4
ENSG00000145734,1.006223,1.0086001,K562,0.32648754,0.4955357,4
ENSG00000145736,0.7456432,1.3263359,K562,0.82105285,1.0,4
ENSG00000145736,0.62983644,1.3263359,K562,0.9725707,1.0,4
ENSG00000145736,0.6718218,1.3263359,K562,0.98185146,1.0,4
ENSG00000145736,0.64669126,1.3263359,K562,0.98396677,1.0,4
ENSG00000145736,0.7137866,1.3263359,K562,0.97295165,1.0,4
ENSG00000145736,0.7177689,1.3263359,K562,0.9697325,1.0,4
ENSG00000145736,0.6514779,1.3263359,K562,0.41155824,0.42372882,4
ENSG00000145740,1.2541673,1.3617278,K562,0.82810766,1.0,4
ENSG00000145740,1.167319,1.3617278,K562,0.9548068,0.9819749,4
ENSG00000145740,1.2144146,1.3617278,K562,0.91451925,0.944,4
ENSG00000145740,1.0830939,1.3617278,K562,0.91006845,0.9135484,4
ENSG00000145741,1.6779845,2.8375254,K562,0.8475622,1.0,4
ENSG00000145741,1.3309121,2.8375254,K562,0.92420053,1.0,4
ENSG00000145743,0.90307736,0.3673559,K562,0.8909148,1.0,4
ENSG00000145743,1.108166,0.3673559,K562,0.96478647,1.0,4
ENSG00000145779,1.5615797,2.0104272,K562,0.7502713,0.3746096,4
ENSG00000145780,1.5094576,0.6294096,K562,0.8624405,1.0,4
ENSG00000145781,1.0772929,1.1470577,K562,0.95106035,1.0,4
ENSG00000145782,1.3152206,1.3619167,K562,0.9359789,1.0,4
ENSG00000145782,1.3152206,1.3619167,K562,0.9359789,0.81693363,4
ENSG00000145782,1.4084339,1.3619167,K562,0.72721285,0.08812261,4
ENSG00000145817,1.0748484,1.2509077,K562,0.86091894,1.0,4
ENSG00000145817,1.0820053,1.2509077,K562,0.87324154,1.0,4
ENSG00000145817,1.2803926,1.2509077,K562,0.6880734,1.0,4
ENSG00000145819,1.133147,0.9334873,K562,0.82897025,1.0,4
ENSG00000145819,0.5223325,0.9334873,K562,0.9446184,1.0,4
ENSG00000145833,1.2250743,1.5464193,K562,0.92797035,1.0,4
ENSG00000145833,1.3252537,1.5464193,K562,0.8934198,1.0,4
ENSG00000145833,1.292212,1.5464193,K562,0.9740133,0.71703655,4
ENSG00000145833,1.1900413,1.5464193,K562,0.9635518,0.9864778,4
ENSG00000145833,1.218703,1.5464193,K562,0.8844685,0.28296345,4
ENSG00000145850,-0.088323936,0.37474835,K562,0.9947412,1.0,4
ENSG00000145850,-0.05706915,0.37474835,K562,0.99225664,1.0,4
ENSG00000145860,0.9772511,1.5959369,K562,0.9309377,1.0,4
ENSG00000145860,1.226155,1.5959369,K562,0.8827824,1.0,4
ENSG00000145868,1.0361836,1.3306167,K562,0.9667909,1.0,4
ENSG00000145868,1.1045408,1.3306167,K562,0.4782211,1.0,4
ENSG00000145868,1.2087362,1.3306167,K562,0.9856434,0.63596493,4
ENSG00000145882,0.7323963,1.0766405,K562,0.9603227,1.0,4
ENSG00000145901,1.7804573,2.200878,K562,0.9642575,1.0,4
ENSG00000145901,1.7804573,2.200878,K562,0.9642575,1.0,4
ENSG00000145901,1.8601227,2.200878,K562,0.9714101,0.46230212,4
ENSG00000145907,1.3714733,1.8416097,K562,0.79240316,1.0,4
ENSG00000145907,1.4685833,1.8416097,K562,0.92833555,1.0,4
ENSG00000145907,1.4532871,1.8416097,K562,0.8543749,0.9263285,4
ENSG00000145907,1.3774099,1.8416097,K562,0.94463676,0.9895225,4
ENSG00000145911,1.1776087,0.9020029,K562,0.94666064,1.0,4
ENSG00000145912,1.4476013,2.3656564,K562,0.93152034,1.0,4
ENSG00000145912,1.212868,2.3656564,K562,0.94410926,0.97582376,4
ENSG00000145916,1.7777197,1.4910814,K562,0.9276339,1.0,4
ENSG00000145916,1.4142847,1.4910814,K562,0.968032,1.0,4
ENSG00000145916,1.4142847,1.4910814,K562,0.968032,1.0,4
ENSG00000145916,1.5640762,1.4910814,K562,0.9797972,1.0,4
ENSG00000145916,1.4909987,1.4910814,K562,0.9784822,1.0,4
ENSG00000145916,1.7274444,1.4910814,K562,0.9809109,1.0,4
ENSG00000145916,1.5227296,1.4910814,K562,0.94569457,1.0,4
ENSG00000145916,1.7251592,1.4910814,K562,0.98520297,1.0,4
ENSG00000145916,1.7190175,1.4910814,K562,0.9837277,1.0,4
ENSG00000145916,1.7777197,1.4910814,K562,0.9276339,0.78099173,4
ENSG00000145916,1.4714994,1.4910814,K562,0.12258859,0.2633721,4
ENSG00000145919,1.1055965,1.4454485,K562,0.8972846,0.8690037,4
ENSG00000145919,1.1055965,1.4454485,K562,0.8972846,0.5898204,4
ENSG00000145919,1.2740743,1.4454485,K562,0.88271636,0.6085714,4
ENSG00000145919,1.2740743,1.4454485,K562,0.88271636,0.8776398,4
ENSG00000146005,-0.30070084,-0.9586073,K562,0.99232715,1.0,4
ENSG00000146005,-0.22886708,-0.9586073,K562,0.98564595,1.0,4
ENSG00000146005,-0.022460833,-0.9586073,K562,0.98897725,1.0,4
ENSG00000146005,-0.14588206,-0.9586073,K562,0.9930865,1.0,4
ENSG00000146007,1.4299977,1.5379449,K562,0.5552422,1.0,4
ENSG00000146007,1.2544,1.5379449,K562,0.9274419,1.0,4
ENSG00000146007,1.2766342,1.5379449,K562,0.9801,1.0,4
ENSG00000146013,-0.054392785,-0.69897,K562,0.98192054,1.0,4
ENSG00000146021,0.8241078,0.80345714,K562,0.9673633,1.0,4
ENSG00000146021,0.9990999,0.80345714,K562,0.93471146,1.0,4
ENSG00000146021,0.94967717,0.80345714,K562,0.8972018,1.0,4
ENSG00000146054,0.3787998,-0.07058107,K562,0.990785,1.0,4
ENSG00000146063,1.6046796,1.268812,K562,0.41082677,1.0,4
ENSG00000146063,1.6068709,1.268812,K562,0.83185333,0.6493392,4
ENSG00000146067,1.316292,1.5860244,K562,0.96400607,1.0,4
ENSG00000146067,0.9508444,1.5860244,K562,0.89976025,0.055991042,4
ENSG00000146067,1.2522557,1.5860244,K562,0.61113566,0.078196876,4
ENSG00000146067,1.2093093,1.5860244,K562,0.9055109,0.36542115,4
ENSG00000146067,0.94020754,1.5860244,K562,0.892848,0.44444445,4
ENSG00000146067,1.1724415,1.5860244,K562,0.32826355,0.58567417,4
ENSG00000146083,1.5689611,1.4313638,K562,0.9763476,1.0,4
ENSG00000146083,1.5193119,1.4313638,K562,0.97616357,1.0,4
ENSG00000146083,1.5134988,1.4313638,K562,0.9367491,1.0,4
ENSG00000146094,1.5311232,1.9273703,K562,0.92886245,1.0,4
ENSG00000146094,1.504766,1.9273703,K562,0.97765994,0.9645946,4
ENSG00000150667,1.0638783,-0.65757734,K562,0.95715564,1.0,4
ENSG00000150712,1.5175204,1.1172713,K562,0.95499986,1.0,4
ENSG00000150712,1.4149244,1.1172713,K562,0.66323555,0.06322351,4
ENSG00000150712,1.4000723,1.1172713,K562,0.8594355,0.97317296,4
ENSG00000150753,1.6366918,2.554913,K562,0.97365505,1.0,4
ENSG00000150753,1.459204,2.554913,K562,0.9472256,0.9640707,4
ENSG00000150756,1.317451,1.2169572,K562,0.9611793,1.0,4
ENSG00000150756,1.317451,1.2169572,K562,0.9611793,1.0,4
ENSG00000150756,1.1432242,1.2169572,K562,0.7115573,1.0,4
ENSG00000150756,1.0679274,1.2169572,K562,0.7841332,1.0,4
ENSG00000150756,1.2326307,1.2169572,K562,0.78551775,0.88190955,4
ENSG00000150756,1.1317215,1.2169572,K562,0.37520385,0.5992462,4
ENSG00000151292,1.1137705,1.0318123,K562,0.92918646,1.0,4
ENSG00000151292,1.1424918,1.0318123,K562,0.9474818,1.0,4
ENSG00000151292,0.9014821,1.0318123,K562,0.91688937,0.9898734,4
ENSG00000151292,0.95651096,1.0318123,K562,0.5370564,0.1437037,4
ENSG00000151292,1.1872838,1.0318123,K562,0.53930724,0.8562963,4
ENSG00000151304,1.0069797,0.7951846,K562,0.79007584,1.0,4
ENSG00000151422,1.0669253,0.5646661,K562,0.6874033,1.0,4
ENSG00000151422,1.1655638,0.5646661,K562,0.54465544,0.03539823,4
ENSG00000151575,1.1162882,1.5843313,K562,0.86072505,1.0,4
ENSG00000151575,0.97938365,1.5843313,K562,0.95224696,1.0,4
ENSG00000151876,1.2415075,1.1433271,K562,0.81408465,1.0,4
ENSG00000151881,1.0390816,0.820858,K562,0.94053584,1.0,4
ENSG00000151881,1.1693134,0.820858,K562,0.9186191,1.0,4
ENSG00000151881,1.04337,0.820858,K562,0.9687118,0.17058824,4
ENSG00000151882,0.65155935,0.69372696,K562,0.9628981,1.0,4
ENSG00000152348,0.95221066,0.47712126,K562,0.56994104,1.0,4
ENSG00000152348,0.9370889,0.47712126,K562,0.12097623,0.6280488,4
ENSG00000152359,1.0372276,1.0941216,K562,0.6153729,1.0,4
ENSG00000152359,1.1710808,1.0941216,K562,0.6671722,1.0,4
ENSG00000152359,1.018816,1.0941216,K562,0.76279366,1.0,4
ENSG00000152359,1.2106004,1.0941216,K562,0.96328086,0.9626401,4
ENSG00000152359,1.260539,1.0941216,K562,0.8952239,0.020954598,4
ENSG00000152380,0.1570775,-0.79588,K562,0.99164563,1.0,4
ENSG00000152380,0.2194671,-0.79588,K562,0.98283446,1.0,4
ENSG00000152380,0.11672838,-0.79588,K562,0.96949524,1.0,4
ENSG00000152380,0.13436751,-0.79588,K562,0.9904083,1.0,4
ENSG00000152413,0.8338404,0.64640373,K562,0.8802485,1.0,4
ENSG00000152422,1.1213851,1.0090257,K562,0.9665463,1.0,4
ENSG00000152620,1.0305648,0.6803355,K562,0.815576,1.0,4
ENSG00000152620,0.9253501,0.6803355,K562,0.7735227,1.0,4
ENSG00000152620,1.0665729,0.6803355,K562,0.85181063,0.085158154,4
ENSG00000152669,-0.4724475,-0.92081875,K562,0.9932029,1.0,4
ENSG00000152684,1.3115582,0.7888751,K562,0.728875,1.0,4
ENSG00000152700,1.4163709,1.3996737,K562,0.83794653,1.0,4
ENSG00000152700,1.2316508,1.3996737,K562,0.107278936,0.0869212,4
ENSG00000152700,1.4225955,1.3996737,K562,0.10298856,0.66903913,4
ENSG00000152705,-0.17417237,-0.7212464,K562,0.9937152,1.0,4
ENSG00000152939,0.89565295,0.55022836,K562,0.81629103,1.0,4
ENSG00000152942,1.4041786,1.5680844,K562,0.88296944,1.0,4
ENSG00000152942,1.6361732,1.5680844,K562,0.66622484,0.50756305,4
ENSG00000152942,1.5049045,1.5680844,K562,0.8851499,0.052109182,4
ENSG00000152942,1.5831807,1.5680844,K562,0.86600584,0.5824942,4
ENSG00000152942,1.6516745,1.5680844,K562,0.8805158,0.9913793,4
ENSG00000153006,1.3040507,0.9106244,K562,0.78625834,1.0,4
ENSG00000153006,1.3208799,0.9106244,K562,0.9171547,1.0,4
ENSG00000153006,1.5784209,0.9106244,K562,0.80880374,0.17183098,4
ENSG00000153015,1.2580652,1.2902572,K562,0.9057847,1.0,4
ENSG00000153015,1.2393112,1.2902572,K562,0.82934815,1.0,4
ENSG00000153037,1.3998103,1.7498908,K562,0.96433693,1.0,4
ENSG00000153044,1.2048683,1.5848963,K562,0.89681965,1.0,4
ENSG00000153044,1.2006803,1.5848963,K562,0.9636967,0.9687086,4
ENSG00000153113,1.0135148,1.6203443,K562,0.9508029,1.0,4
ENSG00000153113,1.1461971,1.6203443,K562,0.70019466,0.0,4
ENSG00000153113,1.1092932,1.6203443,K562,0.83800167,0.99562365,4
ENSG00000153113,1.0935469,1.6203443,K562,0.8532617,0.8888309,4
ENSG00000153140,1.0837936,1.5027002,K562,0.8639486,1.0,4
ENSG00000153140,1.0591767,1.5027002,K562,0.8054856,0.8589065,4
ENSG00000153395,1.5598786,1.8715146,K562,0.9801594,1.0,4
ENSG00000153395,1.4974289,1.8715146,K562,0.9472366,1.0,4
ENSG00000153395,1.678659,1.8715146,K562,0.8339961,1.0,4
ENSG00000153395,1.6891005,1.8715146,K562,0.90966463,1.0,4
ENSG00000153914,1.3050158,1.7359182,K562,0.8183121,1.0,4
ENSG00000153914,1.4086103,1.7359182,K562,0.90003383,1.0,4
ENSG00000153914,1.3007417,1.7359182,K562,0.87385094,0.16587678,4
ENSG00000153922,1.4765267,1.6855626,K562,0.8601343,1.0,4
ENSG00000153922,1.4403892,1.6855626,K562,0.89780366,1.0,4
ENSG00000153922,1.4322329,1.6855626,K562,0.90293235,1.0,4
ENSG00000153922,1.521487,1.6855626,K562,0.9369092,1.0,4
ENSG00000153922,1.3621457,1.6855626,K562,0.9063195,1.0,4
ENSG00000154122,0.9494101,1.2780674,K562,0.9575947,1.0,4
ENSG00000154124,1.6153727,1.4183013,K562,0.9696358,1.0,4
ENSG00000154237,1.438292,1.4169731,K562,0.90539414,1.0,4
ENSG00000155324,1.0116413,0.66745293,K562,0.8942261,1.0,4
ENSG00000155324,1.0670371,0.66745293,K562,0.6983312,0.074906364,4
ENSG00000155324,1.0220778,0.66745293,K562,0.845368,0.65171504,4
ENSG00000155329,1.256885,1.2564772,K562,0.7138633,1.0,4
ENSG00000155329,1.156035,1.2564772,K562,0.90344334,0.94926566,4
ENSG00000155329,1.1125398,1.2564772,K562,0.726967,0.84615386,4
ENSG00000155329,1.256885,1.2564772,K562,0.7138633,0.28481582,4
ENSG00000155506,1.5121331,1.8652225,K562,0.9860961,1.0,4
ENSG00000155506,1.5539045,1.8652225,K562,0.9721691,1.0,4
ENSG00000155508,1.4721665,1.490099,K562,0.56928545,1.0,4
ENSG00000155508,1.4249163,1.490099,K562,0.8210158,0.86422974,4
ENSG00000155508,1.4086325,1.490099,K562,0.9644956,0.98598653,4
ENSG00000155508,1.3831098,1.490099,K562,0.84420323,0.0118130455,4
ENSG00000155508,1.4721665,1.490099,K562,0.56928545,0.98971194,4
ENSG00000155542,1.0649619,0.8312297,K562,0.9568684,1.0,4
ENSG00000155542,1.0879166,0.8312297,K562,0.9306238,1.0,4
ENSG00000155542,1.1131372,0.8312297,K562,0.74755543,0.5153846,4
ENSG00000155545,0.9280413,0.61384183,K562,0.9120877,1.0,4
ENSG00000155545,1.119998,0.61384183,K562,0.8138574,0.09067357,4
ENSG00000155846,1.4790196,0.80618,K562,0.9250331,0.9307432,4
ENSG00000155850,0.96998113,0.38738984,K562,0.94295573,1.0,4
ENSG00000155858,0.8523894,0.48144263,K562,0.97330135,1.0,4
ENSG00000155858,1.1174076,0.48144263,K562,0.9427143,1.0,4
ENSG00000156232,1.0765982,0.43136376,K562,0.7993933,1.0,4
ENSG00000156232,1.1010356,0.43136376,K562,0.9542129,1.0,4
ENSG00000156427,0.17926696,-0.85387194,K562,0.97412294,1.0,4
ENSG00000156642,1.2142484,1.4454485,K562,0.9837409,1.0,4
ENSG00000156642,1.2142484,1.4454485,K562,0.9837409,1.0,4
ENSG00000156642,1.1120207,1.4454485,K562,0.9028894,0.17256072,4
ENSG00000156958,0.95352143,0.98000336,K562,0.9032027,1.0,4
ENSG00000156958,0.95192426,0.98000336,K562,0.13551717,0.75352114,4
ENSG00000156958,0.9581868,0.98000336,K562,0.13716184,0.0,4
ENSG00000156958,1.0352962,0.98000336,K562,0.86958605,0.061124694,4
ENSG00000156958,0.96538323,0.98000336,K562,0.11912481,0.08278146,4
ENSG00000156970,1.390532,1.765445,K562,0.7625542,1.0,4
ENSG00000157107,0.14169872,-0.6777807,K562,0.9887438,1.0,4
ENSG00000157450,1.1353595,1.0569048,K562,0.9236859,1.0,4
ENSG00000157456,1.4518499,1.81077,K562,0.957174,1.0,4
ENSG00000157456,1.426832,1.81077,K562,0.96020675,1.0,4
ENSG00000157734,1.3663168,1.3554515,K562,0.87487537,1.0,4
ENSG00000157823,1.1888056,1.3047059,K562,0.82720214,1.0,4
ENSG00000157823,1.2873166,1.3047059,K562,0.8720667,1.0,4
ENSG00000157823,1.2748451,1.3047059,K562,0.8583793,1.0,4
ENSG00000157823,1.2434204,1.3047059,K562,0.92644846,0.13507378,4
ENSG00000158402,1.1862631,0.94101423,K562,0.8294522,1.0,4
ENSG00000158402,1.1988828,0.94101423,K562,0.9258823,1.0,4
ENSG00000158985,1.5136943,1.6973165,K562,0.9647705,1.0,4
ENSG00000158985,1.6346288,1.6973165,K562,0.86381334,1.0,4
ENSG00000158987,1.2888618,0.81491315,K562,0.88493735,1.0,4
ENSG00000158987,1.2824571,0.81491315,K562,0.8934836,0.9949495,4
ENSG00000158987,1.4368424,0.81491315,K562,0.21499099,0.014492754,4
ENSG00000158987,1.3263197,0.81491315,K562,0.7025405,0.03448276,4
ENSG00000158987,1.2330973,0.81491315,K562,0.35415456,0.0049261083,4
ENSG00000158987,1.2300599,0.81491315,K562,0.46387875,0.015,4
ENSG00000159322,1.6644125,1.7645497,K562,0.95321786,1.0,4
ENSG00000159322,1.7322938,1.7645497,K562,0.63547987,0.0,4
ENSG00000159337,-0.5146837,-0.88605666,K562,0.99366117,1.0,4
ENSG00000159337,-0.4716313,-0.88605666,K562,0.9877509,1.0,4
ENSG00000159433,1.1465855,0.8733206,K562,0.9741228,1.0,4
ENSG00000159433,1.1897137,0.8733206,K562,0.93235844,1.0,4
ENSG00000159459,1.2115586,0.8864907,K562,0.92694455,1.0,4
ENSG00000159459,1.305254,0.8864907,K562,0.9659057,1.0,4
ENSG00000159459,1.1783562,0.8864907,K562,0.9531674,1.0,4
ENSG00000159459,1.2218707,0.8864907,K562,0.9129014,0.9644588,4
ENSG00000161010,1.4246612,1.360404,K562,0.91265655,1.0,4
ENSG00000161010,1.4246612,1.360404,K562,0.91265655,1.0,4
ENSG00000161010,1.0877879,1.360404,K562,0.8119662,1.0,4
ENSG00000161010,0.9665145,1.360404,K562,0.9432478,0.7241379,4
ENSG00000161010,1.170701,1.360404,K562,0.95449597,0.91240877,4
ENSG00000161010,1.4978216,1.360404,K562,0.915582,0.28902626,4
ENSG00000161011,1.3211644,1.7586849,K562,0.7966186,1.0,4
ENSG00000161011,1.4962366,1.7586849,K562,0.8361052,1.0,4
ENSG00000161011,1.6303623,1.7586849,K562,0.9844409,1.0,4
ENSG00000161013,1.3256767,1.7352794,K562,0.9762265,1.0,4
ENSG00000161021,1.538017,1.217484,K562,0.8411153,1.0,4
ENSG00000164151,1.3575413,1.1442628,K562,0.30040035,1.0,4
ENSG00000164151,1.3948312,1.1442628,K562,0.9201727,1.0,4
ENSG00000164171,-0.5670746,-0.92081875,K562,0.9880221,1.0,4
ENSG00000164172,0.9180871,0.9758911,K562,0.90113896,1.0,4
ENSG00000164180,1.2386034,1.1717265,K562,0.8312325,1.0,4
ENSG00000164180,1.0624809,1.1717265,K562,0.918184,1.0,4
ENSG00000164180,1.2228444,1.1717265,K562,0.86345315,1.0,4
ENSG00000164180,1.1872511,1.1717265,K562,0.9397579,1.0,4
ENSG00000164180,1.1846023,1.1717265,K562,0.91616565,1.0,4
ENSG00000164180,1.1351633,1.1717265,K562,0.9434192,0.08414873,4
ENSG00000164180,1.2124712,1.1717265,K562,0.9578016,0.7208619,4
ENSG00000164180,1.0811975,1.1717265,K562,0.69370943,0.0013568521,4
ENSG00000164182,1.0008423,1.5575072,K562,0.96751827,1.0,4
ENSG00000164182,1.0429766,1.5575072,K562,0.9740918,1.0,4
ENSG00000164182,1.0429766,1.5575072,K562,0.9740918,0.9697313,4
ENSG00000164187,1.1401646,0.5428254,K562,0.87798786,1.0,4
ENSG00000164187,1.0159369,0.5428254,K562,0.9493988,1.0,4
ENSG00000164190,1.4268296,1.1395643,K562,0.93721473,1.0,4
ENSG00000164209,1.270822,1.5897262,K562,0.67846614,1.0,4
ENSG00000164209,1.322068,1.5897262,K562,0.87238324,0.018262457,4
ENSG00000164211,1.3715079,1.717504,K562,0.8901589,1.0,4
ENSG00000164211,1.4491034,1.717504,K562,0.8546133,1.0,4
ENSG00000164211,1.3474803,1.717504,K562,0.92770386,0.7301619,4
ENSG00000164211,1.5451643,1.717504,K562,0.9418901,0.9239009,4
ENSG00000164219,1.0277972,0.7512791,K562,0.914022,1.0,4
ENSG00000164221,0.38005513,-0.43179828,K562,0.945912,1.0,4
ENSG00000164221,0.29091477,-0.43179828,K562,0.9477792,1.0,4
ENSG00000164221,0.26436156,-0.43179828,K562,0.9652393,1.0,4
ENSG00000164237,0.37839365,0.90955603,K562,0.98033464,1.0,4
ENSG00000164237,0.3944495,0.90955603,K562,0.9609203,1.0,4
ENSG00000164237,0.7448599,0.90955603,K562,0.9497289,1.0,4
ENSG00000164241,0.7793039,0.92737037,K562,0.74889183,1.0,4
ENSG00000164241,0.7793039,0.92737037,K562,0.74889183,1.0,4
ENSG00000164241,0.5922067,0.92737037,K562,0.95714235,1.0,4
ENSG00000164241,0.5922067,0.92737037,K562,0.95714235,1.0,4
ENSG00000164241,0.6257031,0.92737037,K562,0.9530597,1.0,4
ENSG00000164241,0.59880954,0.92737037,K562,0.2915955,0.3783784,4
ENSG00000164244,0.94355214,1.3142886,K562,0.92248327,1.0,4
ENSG00000164244,1.1675682,1.3142886,K562,0.6924419,1.0,4
ENSG00000164252,0.93431175,1.0881361,K562,0.9370684,1.0,4
ENSG00000164253,1.4442,1.7560272,K562,0.938182,1.0,4
ENSG00000164253,1.3047318,1.7560272,K562,0.9559321,0.7162162,4
ENSG00000164253,1.3886998,1.7560272,K562,0.7212424,1.0,4
ENSG00000164258,0.8637052,1.8854743,K562,0.97170234,1.0,4
ENSG00000164258,0.9951059,1.8854743,K562,0.68946767,0.014611872,4
ENSG00000164258,0.84495294,1.8854743,K562,0.96176976,0.9925636,4
ENSG00000164284,1.2380724,0.9334873,K562,0.96168864,1.0,4
ENSG00000164284,1.3580046,0.9334873,K562,0.84056973,1.0,4
ENSG00000164291,0.9432257,0.7611758,K562,0.7897837,1.0,4
ENSG00000164291,0.94864076,0.7611758,K562,0.94258946,1.0,4
ENSG00000164291,1.0439703,0.7611758,K562,0.836921,0.20588236,4
ENSG00000164291,1.091609,0.7611758,K562,0.60954064,0.023529412,4
ENSG00000164292,1.6294835,0.7512791,K562,0.8480128,1.0,4
ENSG00000164292,1.3725061,0.7512791,K562,0.96916324,1.0,4
ENSG00000164292,1.3490419,0.7512791,K562,0.9632947,1.0,4
ENSG00000164300,0.9033772,0.44715804,K562,0.9353813,1.0,4
ENSG00000164307,1.4975367,1.5859118,K562,0.9631696,1.0,4
ENSG00000164308,1.3361351,0.9111576,K562,0.2648237,1.0,4
ENSG00000164308,1.3739593,0.9111576,K562,0.8554816,1.0,4
ENSG00000164308,1.55376,0.9111576,K562,0.94087076,0.9886548,4
ENSG00000164309,-0.24418552,-0.34678748,K562,0.9480861,1.0,4
ENSG00000164309,-0.42556506,-0.34678748,K562,0.9914352,1.0,4
ENSG00000164327,1.0548599,0.6180481,K562,0.9272994,1.0,4
ENSG00000164327,1.2550015,0.6180481,K562,0.89740837,0.05142857,4
ENSG00000164327,1.7691133,0.6180481,K562,0.8521522,0.95212764,4
ENSG00000164329,1.2868576,1.5341531,K562,0.7272578,0.0,4
ENSG00000164329,1.482019,1.5341531,K562,0.92609537,0.9953416,4
ENSG00000164329,1.2844391,1.5341531,K562,0.88716036,0.79038227,4
ENSG00000164331,1.1464279,1.1504494,K562,0.94962883,1.0,4
ENSG00000164332,1.1155844,1.321184,K562,0.88270456,1.0,4
ENSG00000164332,1.3476264,1.321184,K562,0.7811072,1.0,4
ENSG00000164338,1.2751856,1.3100557,K562,0.89027035,1.0,4
ENSG00000164338,1.3288832,1.3100557,K562,0.9547691,0.4707401,4
ENSG00000164346,1.0437069,2.1404138,K562,0.9693029,1.0,4
ENSG00000164346,1.0458579,2.1404138,K562,0.94052243,0.8683938,4
ENSG00000164347,1.0339034,1.4067105,K562,0.89706534,1.0,4
ENSG00000164347,1.0562739,1.4067105,K562,0.9700426,0.60940593,4
ENSG00000164347,1.0588717,1.4067105,K562,0.9317426,0.9897109,4
ENSG00000164347,1.0215535,1.4067105,K562,0.51060075,0.04507594,4
ENSG00000164362,0.40822583,1.1598679,K562,0.98307043,1.0,4
ENSG00000164366,1.089638,0.38738984,K562,0.8976064,1.0,4
ENSG00000164400,-0.08276959,0.12057393,K562,0.9879346,1.0,4
ENSG00000164400,-0.19617304,0.12057393,K562,0.98782957,1.0,4
ENSG00000164402,1.3140626,1.4320067,K562,0.9743181,1.0,4
ENSG00000164402,1.3140626,1.4320067,K562,0.9743181,1.0,4
ENSG00000164403,0.48650777,0.4409091,K562,0.9673585,1.0,4
ENSG00000164404,1.1166351,-0.26760623,K562,0.6577413,1.0,4
ENSG00000164404,1.2369316,-0.26760623,K562,0.41281992,1.0,4
ENSG00000164405,1.643209,2.4053977,K562,0.8893897,1.0,4
ENSG00000164405,1.6431353,2.4053977,K562,0.8895316,0.898595,4
ENSG00000164406,0.35299042,0.4345689,K562,0.9951828,1.0,4
ENSG00000164463,0.9713972,0.5611014,K562,0.9422537,1.0,4
ENSG00000164466,1.133363,1.8334022,K562,0.8695364,1.0,4
ENSG00000164574,1.1480033,1.0895519,K562,0.9418168,1.0,4
ENSG00000164574,1.3757951,1.0895519,K562,0.9338049,1.0,4
ENSG00000164574,1.3043401,1.0895519,K562,0.6302704,0.0028328612,4
ENSG00000164574,1.2164757,1.0895519,K562,0.8861024,0.0029268293,4
ENSG00000164576,1.2436504,1.2789822,K562,0.892877,1.0,4
ENSG00000164576,1.3863149,1.2789822,K562,0.49885955,0.6691176,4
ENSG00000164609,1.4955769,1.4278105,K562,0.97293335,1.0,4
ENSG00000164611,1.4087725,2.389113,K562,0.7584114,1.0,4
ENSG00000164611,1.1869402,2.389113,K562,0.9476872,1.0,4
ENSG00000164611,1.2766008,2.389113,K562,0.7057891,1.0,4
ENSG00000164611,1.1635427,2.389113,K562,0.94873935,1.0,4
ENSG00000164615,1.1584089,1.2662317,K562,0.7134649,1.0,4
ENSG00000164615,1.0449324,1.2662317,K562,0.9197828,0.6766467,4
ENSG00000164620,1.4413037,1.2472365,K562,0.94060016,1.0,4
ENSG00000164620,1.5102127,1.2472365,K562,0.80216616,1.0,4
ENSG00000164620,1.5164859,1.2472365,K562,0.9470333,0.40788624,4
ENSG00000164620,1.4494109,1.2472365,K562,0.9403392,0.99782133,4
ENSG00000164902,1.2362053,1.4440448,K562,0.8986234,1.0,4
ENSG00000165671,1.2314515,1.2455127,K562,0.9139122,1.0,4
ENSG00000165671,1.3518746,1.2455127,K562,0.9301752,1.0,4
ENSG00000165671,1.3537798,1.2455127,K562,0.934443,1.0,4
ENSG00000166068,0.9182491,-0.55284196,K562,0.92119664,1.0,4
ENSG00000166073,-0.49883896,-0.7447275,K562,0.99661714,1.0,4
ENSG00000166073,-0.52056694,-0.7447275,K562,0.99598384,1.0,4
ENSG00000166128,1.2972331,1.612572,K562,0.9403005,1.0,4
ENSG00000166128,1.1856294,1.612572,K562,0.65614265,1.0,4
ENSG00000166128,1.3343,1.612572,K562,0.89052016,0.0,4
ENSG00000166133,1.2922761,1.2835274,K562,0.88962597,1.0,4
ENSG00000166140,1.3858924,1.3776704,K562,0.9713945,1.0,4
ENSG00000166140,1.5338991,1.3776704,K562,0.98922616,1.0,4
ENSG00000166140,1.0723367,1.3776704,K562,0.9804709,0.42447418,4
ENSG00000166145,0.73884803,0.9943172,K562,0.99378645,1.0,4
ENSG00000166145,0.8976577,0.9943172,K562,0.89176464,1.0,4
ENSG00000166147,0.9289792,0.72754127,K562,0.9124654,1.0,4
ENSG00000166200,1.1741381,1.7422537,K562,0.845857,1.0,4
ENSG00000166233,1.3732746,1.2895889,K562,0.81807107,1.0,4
ENSG00000166233,1.3400161,1.2895889,K562,0.9005124,1.0,4
ENSG00000166233,1.3165646,1.2895889,K562,0.7275086,1.0,4
ENSG00000166262,1.0220613,0.7331973,K562,0.9081172,1.0,4
ENSG00000166411,1.5577807,2.094576,K562,0.86758316,1.0,4
ENSG00000166411,1.549077,2.094576,K562,0.92348367,0.9763047,4
ENSG00000166503,1.0624793,0.99475694,K562,0.9077977,1.0,4
ENSG00000166503,0.9660389,0.99475694,K562,0.8310603,1.0,4
ENSG00000166503,1.117245,0.99475694,K562,0.79407406,1.0,4
ENSG00000166503,1.1199038,0.99475694,K562,0.86697876,1.0,4
ENSG00000166557,1.2147608,1.804412,K562,0.86704487,1.0,4
ENSG00000166557,1.3386459,1.804412,K562,0.7297653,0.032284364,4
ENSG00000166710,1.6358931,3.6570778,K562,0.96477383,1.0,4
ENSG00000166710,1.7177494,3.6570778,K562,0.9184014,1.0,4
ENSG00000166716,1.5951116,1.0856473,K562,0.981604,1.0,4
ENSG00000166734,1.3094635,1.3477203,K562,0.67138547,1.0,4
ENSG00000166734,1.2756708,1.3477203,K562,0.77252495,0.98963475,4
ENSG00000166734,1.1906898,1.3477203,K562,0.9591461,0.7970075,4
ENSG00000166762,-0.067132644,0.46538284,K562,0.9921544,1.0,4
ENSG00000166794,1.6192691,2.5026865,K562,0.97627956,1.0,4
ENSG00000166797,1.4207373,2.163847,K562,0.8600125,1.0,4
ENSG00000166797,1.4207373,2.163847,K562,0.8600125,1.0,4
ENSG00000166797,1.4491713,2.163847,K562,0.8896993,0.7244863,4
ENSG00000166803,0.9457713,2.369253,K562,0.96176845,1.0,4
ENSG00000166803,1.4105628,2.369253,K562,0.92362905,1.0,4
ENSG00000166803,1.3950331,2.369253,K562,0.92941606,1.0,4
ENSG00000166803,0.9457713,2.369253,K562,0.96176845,0.66451615,4
ENSG00000166803,1.4105628,2.369253,K562,0.92362905,0.6574691,4
ENSG00000166821,0.63343066,0.28330123,K562,0.92799133,1.0,4
ENSG00000166831,0.014364101,-0.63827217,K562,0.99056923,1.0,4
ENSG00000166839,0.5798968,0.7126497,K562,0.8844087,1.0,4
ENSG00000166855,1.2054138,1.4412236,K562,0.8786909,1.0,4
ENSG00000166855,1.2936509,1.4412236,K562,0.9699036,1.0,4
ENSG00000166887,1.3838441,1.5496162,K562,0.70543385,1.0,4
ENSG00000166887,1.5094268,1.5496162,K562,0.84265316,0.0,4
ENSG00000166912,1.2684162,0.8325089,K562,0.93469584,1.0,4
ENSG00000166912,1.1835239,0.8325089,K562,0.8970223,1.0,4
ENSG00000166912,1.1476552,0.8325089,K562,0.65128994,0.05928854,4
ENSG00000166912,1.2684162,0.8325089,K562,0.93469584,0.875,4
ENSG00000166922,-0.26366395,-0.4436975,K562,0.9920582,1.0,4
ENSG00000166938,1.310386,1.2140486,K562,0.9692485,1.0,4
ENSG00000166938,1.3701394,1.2140486,K562,0.74316764,1.0,4
ENSG00000166938,1.366745,1.2140486,K562,0.84942734,0.9617347,4
ENSG00000166946,1.2073967,1.4898179,K562,0.9433863,1.0,4
ENSG00000166946,1.3943713,1.4898179,K562,0.9658355,1.0,4
ENSG00000166946,1.1681261,1.4898179,K562,0.7768756,1.0,4
ENSG00000166946,1.5369987,1.4898179,K562,0.5796758,0.81637293,4
ENSG00000166946,1.272105,1.4898179,K562,0.9331931,0.4303728,4
ENSG00000166949,1.4267583,1.3038437,K562,0.98121625,1.0,4
ENSG00000166949,1.4267583,1.3038437,K562,0.98121625,1.0,4
ENSG00000166949,1.5273473,1.3038437,K562,0.9326628,1.0,4
ENSG00000166949,1.4059081,1.3038437,K562,0.87397027,1.0,4
ENSG00000166949,1.3579323,1.3038437,K562,0.9732222,1.0,4
ENSG00000166949,1.4683359,1.3038437,K562,0.97288823,1.0,4
ENSG00000166965,1.7082908,1.3508292,K562,0.88952416,1.0,4
ENSG00000166965,1.4992027,1.3508292,K562,0.9740349,1.0,4
ENSG00000166965,1.6727931,1.3508292,K562,0.51984066,0.2505929,4
ENSG00000166965,1.6107326,1.3508292,K562,0.9587405,1.0,4
ENSG00000167004,1.5566797,1.9755696,K562,0.93542665,1.0,4
ENSG00000167004,1.5243211,1.9755696,K562,0.97591656,1.0,4
ENSG00000167004,1.5942142,1.9755696,K562,0.90163994,0.67948717,4
ENSG00000167004,1.5843165,1.9755696,K562,0.58745974,0.0,4
ENSG00000167173,1.9057269,1.5773768,K562,0.9807693,1.0,4
ENSG00000167196,1.1067019,1.6424645,K562,0.9551882,1.0,4
ENSG00000167196,1.5251193,1.6424645,K562,0.9063132,0.5543402,4
ENSG00000167202,1.3294477,1.2884728,K562,0.9624755,1.0,4
ENSG00000168246,1.4959381,1.1801258,K562,0.88020843,1.0,4
ENSG00000168685,0.6662287,-0.30103,K562,0.9629655,1.0,4
ENSG00000168685,0.57157093,-0.30103,K562,0.9788415,1.0,4
ENSG00000168724,1.1168015,1.2681097,K562,0.9660719,1.0,4
ENSG00000168724,1.3132498,1.2681097,K562,0.91818964,0.07760141,4
ENSG00000168781,0.06207934,1.4250449,K562,0.9395245,1.0,4
ENSG00000168781,-0.0502747,1.4250449,K562,0.90057445,1.0,4
ENSG00000168781,0.2446712,1.4250449,K562,0.82340515,1.0,4
ENSG00000168781,-0.01951297,1.4250449,K562,0.9746397,1.0,4
ENSG00000168781,0.30552664,1.4250449,K562,0.19422849,0.24096386,4
ENSG00000168781,-0.028952766,1.4250449,K562,0.96158534,0.0,4
ENSG00000168781,0.030668318,1.4250449,K562,0.9714556,0.7590361,4
ENSG00000168803,1.3174143,0.73878056,K562,0.8600198,1.0,4
ENSG00000168803,1.182651,0.73878056,K562,0.87253463,0.0,4
ENSG00000168803,1.2237189,0.73878056,K562,0.9203819,0.7256098,4
ENSG00000168904,1.3229883,1.1897709,K562,0.65411717,1.0,4
ENSG00000168904,1.1501873,1.1897709,K562,0.5964942,1.0,4
ENSG00000168904,1.2251077,1.1897709,K562,0.9280255,0.34924078,4
ENSG00000168916,1.292983,-0.20760831,K562,0.88427585,1.0,4
ENSG00000168944,1.2334127,0.8920946,K562,0.41517904,1.0,4
ENSG00000168970,0.8354158,0.5453071,K562,0.972947,1.0,4
ENSG00000168970,0.73468727,0.5453071,K562,0.9063798,1.0,4
ENSG00000168970,0.67089444,0.5453071,K562,0.9748259,1.0,4
ENSG00000168970,0.8822945,0.5453071,K562,0.11257737,0.675,4
ENSG00000168970,0.81483155,0.5453071,K562,0.9786195,0.903125,4
ENSG00000169032,1.2345319,1.6862787,K562,0.97803956,1.0,4
ENSG00000169032,1.455282,1.6862787,K562,0.8908724,1.0,4
ENSG00000169045,1.8138897,2.852608,K562,0.81598276,1.0,4
ENSG00000169045,1.5707636,2.852608,K562,0.6833345,0.93186456,4
ENSG00000169045,1.7689173,2.852608,K562,0.9491737,1.0,4
ENSG00000169045,1.7731032,2.852608,K562,0.881236,1.0,4
ENSG00000169118,1.1205909,0.8363241,K562,0.9415012,1.0,4
ENSG00000169118,1.3596776,0.8363241,K562,0.87621653,0.0,4
ENSG00000169131,0.56854457,0.5998831,K562,0.95770174,1.0,4
ENSG00000169131,0.33131474,0.5998831,K562,0.9635836,1.0,4
ENSG00000169131,0.40124154,0.5998831,K562,0.9786163,1.0,4
ENSG00000169194,0.21603769,-0.7212464,K562,0.9829322,1.0,4
ENSG00000169220,1.3538711,1.8528458,K562,0.98300177,1.0,4
ENSG00000169220,1.5014136,1.8528458,K562,0.9243461,1.0,4
ENSG00000169220,1.5204625,1.8528458,K562,0.9725271,0.9788212,4
ENSG00000169223,1.7997718,2.2112808,K562,0.46891055,1.0,4
ENSG00000169228,1.7523704,1.5750723,K562,0.9265624,1.0,4
ENSG00000169228,1.7572513,1.5750723,K562,0.9756209,1.0,4
ENSG00000169228,1.7706087,1.5750723,K562,0.9291621,1.0,4
ENSG00000169230,1.7171686,2.5499468,K562,0.966984,1.0,4
ENSG00000169230,1.7146268,2.5499468,K562,0.9644938,1.0,4
ENSG00000169371,1.5284095,1.2543063,K562,0.9398944,1.0,4
ENSG00000169375,1.3678844,1.3508292,K562,0.8436458,1.0,4
ENSG00000169375,1.3244145,1.3508292,K562,0.69136095,1.0,4
ENSG00000169410,1.1321146,1.2462523,K562,0.84840167,1.0,4
ENSG00000169567,1.3625875,2.566626,K562,0.9498821,1.0,4
ENSG00000169567,1.3625875,2.566626,K562,0.9498821,1.0,4
ENSG00000169567,1.3876038,2.566626,K562,0.9690542,1.0,4
ENSG00000169567,1.2892985,2.566626,K562,0.84408647,0.020063825,4
ENSG00000169570,0.9522119,0.59328604,K562,0.7369307,1.0,4
ENSG00000169570,1.0557005,0.59328604,K562,0.872709,1.0,4
ENSG00000169609,0.9613785,1.4755259,K562,0.843968,1.0,4
ENSG00000169609,0.9613785,1.4755259,K562,0.843968,1.0,4
ENSG00000169609,1.2912631,1.4755259,K562,0.88016707,1.0,4
ENSG00000169609,1.2912631,1.4755259,K562,0.88016707,1.0,4
ENSG00000169612,1.020189,1.3993275,K562,0.9523975,1.0,4
ENSG00000169684,0.72912693,0.877947,K562,0.8820073,1.0,4
ENSG00000169684,0.80863035,0.877947,K562,0.95605934,1.0,4
ENSG00000169752,-0.2494246,0.664642,K562,0.98574847,1.0,4
ENSG00000169857,1.1917932,0.9175055,K562,0.966574,1.0,4
ENSG00000170085,0.6803165,0.90902084,K562,0.9769015,1.0,4
ENSG00000170085,0.80198485,0.90902084,K562,0.9541833,1.0,4
ENSG00000170085,0.8603917,0.90902084,K562,0.95400184,1.0,4
ENSG00000170085,0.60435444,0.90902084,K562,0.7485608,0.58512396,4
ENSG00000170113,1.4953003,1.2725378,K562,0.95445806,1.0,4
ENSG00000170113,1.4629557,1.2725378,K562,0.34150335,0.0075653372,4
ENSG00000170113,1.2986715,1.2725378,K562,0.9375262,0.1687788,4
ENSG00000170231,0.27393094,0.26717174,K562,0.9811379,1.0,4
ENSG00000170234,1.2626522,1.1122698,K562,0.91798407,1.0,4
ENSG00000170234,1.0826337,1.1122698,K562,0.94455415,0.6830601,4
ENSG00000170234,1.2216353,1.1122698,K562,0.720845,0.39759037,4
ENSG00000170445,1.3540487,1.7833318,K562,0.9364121,1.0,4
ENSG00000170445,1.2311914,1.7833318,K562,0.8804856,0.48497853,4
ENSG00000170464,1.1719265,0.7795965,K562,0.89179224,1.0,4
ENSG00000170469,1.4138353,0.7656686,K562,0.90184563,1.0,4
ENSG00000170469,1.4057586,0.7656686,K562,0.8693238,1.0,4
ENSG00000170476,1.7508624,2.3894851,K562,0.9110801,1.0,4
ENSG00000170482,0.21264675,0.4281348,K562,0.9728759,1.0,4
ENSG00000170482,0.49518454,0.4281348,K562,0.9828159,1.0,4
ENSG00000170584,1.4491925,1.1801258,K562,0.94013864,1.0,4
ENSG00000170584,1.5849364,1.1801258,K562,0.8940448,1.0,4
ENSG00000170606,1.3772795,1.6568645,K562,0.954917,1.0,4
ENSG00000170606,1.2440464,1.6568645,K562,0.9247902,1.0,4
ENSG00000170606,1.4246595,1.6568645,K562,0.9081294,1.0,4
ENSG00000170776,1.0977962,1.50515,K562,0.96248674,1.0,4
ENSG00000171262,1.1153316,1.1192559,K562,0.8294179,1.0,4
ENSG00000171262,1.2176116,1.1192559,K562,0.924838,1.0,4
ENSG00000171444,-0.42148012,-0.7695511,K562,0.9925944,1.0,4
ENSG00000171444,-0.31902996,-0.7695511,K562,0.9849694,1.0,4
ENSG00000171530,1.2969713,2.4224093,K562,0.9159539,1.0,4
ENSG00000171530,1.2375348,2.4224093,K562,0.9311854,0.99663967,4
ENSG00000171530,1.3306715,2.4224093,K562,0.36235145,0.0038328716,4
ENSG00000171540,-0.55109394,0.3521825,K562,0.99445397,1.0,4
ENSG00000171604,1.4516828,1.6990569,K562,0.9177402,1.0,4
ENSG00000171604,1.4516828,1.6990569,K562,0.9177402,1.0,4
ENSG00000171617,1.2055633,1.4644896,K562,0.45197368,1.0,4
ENSG00000171643,-0.21014991,-0.52287877,K562,0.98650336,1.0,4
ENSG00000171720,1.529767,1.9548212,K562,0.86426467,1.0,4
ENSG00000171763,1.3724561,1.1215599,K562,0.7959525,1.0,4
ENSG00000171766,1.1233704,1.7103713,K562,0.9464141,1.0,4
ENSG00000171992,0.9104321,0.92582756,K562,0.97439134,1.0,4
ENSG00000172062,0.7706284,1.6985354,K562,0.9359865,1.0,4
ENSG00000172062,0.6983684,1.6985354,K562,0.96164566,0.9011322,4
ENSG00000172062,0.798312,1.6985354,K562,0.98483294,0.8490016,4
ENSG00000172183,1.8081107,2.2413223,K562,0.81228983,1.0,4
ENSG00000172239,1.277647,1.5538831,K562,0.9457639,1.0,4
ENSG00000172244,1.1012964,0.7339993,K562,0.9456624,1.0,4
ENSG00000172244,1.10358,0.7339993,K562,0.8110187,1.0,4
ENSG00000172244,1.0260282,0.7339993,K562,0.6965638,0.82051283,4
ENSG00000172262,1.3312862,1.3253103,K562,0.86014086,1.0,4
ENSG00000172262,1.3473978,1.3253103,K562,0.7804893,1.0,4
ENSG00000172262,1.3312862,1.3253103,K562,0.86014086,0.9861751,4
ENSG00000172262,1.3473978,1.3253103,K562,0.7804893,0.9714286,4
ENSG00000172345,1.3006024,0.86805636,K562,0.8359751,1.0,4
ENSG00000172345,1.0585198,0.86805636,K562,0.9569757,1.0,4
ENSG00000172345,1.267096,0.86805636,K562,0.7407397,0.22033899,4
ENSG00000172349,1.1445165,1.6708022,K562,0.6722713,0.0,4
ENSG00000172349,1.544344,1.6708022,K562,0.68692505,0.050675675,4
ENSG00000172575,1.3474636,1.1507565,K562,0.9479153,1.0,4
ENSG00000172575,1.2789655,1.1507565,K562,0.75334454,1.0,4
ENSG00000172575,1.5127487,1.1507565,K562,0.8963364,1.0,4
ENSG00000172795,1.2924323,1.3475251,K562,0.94205976,1.0,4
ENSG00000172795,1.4412065,1.3475251,K562,0.7573909,0.9915493,4
ENSG00000172869,1.3646996,1.3617278,K562,0.91120124,1.0,4
ENSG00000172869,1.292062,1.3617278,K562,0.8367386,1.0,4
ENSG00000172869,1.3917551,1.3617278,K562,0.9571147,1.0,4
ENSG00000172869,1.3729341,1.3617278,K562,0.8707337,0.7258065,4
ENSG00000172869,1.3808289,1.3617278,K562,0.56522644,0.63476264,4
ENSG00000173221,1.4601231,2.231291,K562,0.4284454,1.0,4
ENSG00000173545,1.2626531,1.385785,K562,0.91608244,1.0,4
ENSG00000173546,0.12489611,0.008600172,K562,0.98494947,1.0,4
ENSG00000173546,-0.16034126,0.008600172,K562,0.9928368,1.0,4
ENSG00000173548,0.45457017,-0.1426675,K562,0.9695123,1.0,4
ENSG00000173575,1.7484679,1.7085059,K562,0.73373854,1.0,4
ENSG00000173575,1.541131,1.7085059,K562,0.93731886,1.0,4
ENSG00000173575,1.6624756,1.7085059,K562,0.9163974,0.13754046,4
ENSG00000173926,1.046004,0.75204843,K562,0.96981627,1.0,4
ENSG00000173930,0.26577866,-0.1611509,K562,0.9803827,1.0,4
ENSG00000173930,0.3341293,-0.1611509,K562,0.9850114,1.0,4
ENSG00000174132,1.0485842,0.90955603,K562,0.97012454,1.0,4
ENSG00000174197,1.258493,0.811575,K562,0.9745803,1.0,4
ENSG00000174197,0.9569221,0.811575,K562,0.92531085,1.0,4
ENSG00000174197,1.0322499,0.811575,K562,0.9509812,0.1762918,4
ENSG00000174442,1.4374869,1.0614525,K562,0.90935254,1.0,4
ENSG00000174442,1.2911079,1.0614525,K562,0.9544635,1.0,4
ENSG00000174442,1.3311942,1.0614525,K562,0.8466251,1.0,4
ENSG00000174442,1.3899558,1.0614525,K562,0.734159,1.0,4
ENSG00000174442,1.3215089,1.0614525,K562,0.9340596,1.0,4
ENSG00000174446,1.330446,1.2598327,K562,0.7439853,1.0,4
ENSG00000174446,1.518333,1.2598327,K562,0.9529793,1.0,4
ENSG00000174446,1.318218,1.2598327,K562,0.92069626,0.30375427,4
ENSG00000174446,1.518333,1.2598327,K562,0.9529793,0.8545973,4
ENSG00000174485,1.2391529,1.3428173,K562,0.83641744,1.0,4
ENSG00000174485,1.4875696,1.3428173,K562,0.7810148,0.7790602,4
ENSG00000174695,1.0873196,1.3378584,K562,0.75947,1.0,4
ENSG00000174695,1.0608611,1.3378584,K562,0.967924,0.63175356,4
ENSG00000174705,-0.14988753,-0.29242983,K562,0.9819462,1.0,4
ENSG00000175202,0.945495,-0.92081875,K562,0.9802475,1.0,4
ENSG00000175265,0.7080335,2.0114858,K562,0.952782,1.0,4
ENSG00000175309,1.3010566,1.521661,K562,0.94447494,1.0,4
ENSG00000175309,1.5506592,1.521661,K562,0.86772084,1.0,4
ENSG00000175309,1.5436695,1.521661,K562,0.9552325,0.9480692,4
ENSG00000175309,1.5515776,1.521661,K562,0.922865,0.970015,4
ENSG00000175309,1.5361083,1.521661,K562,0.6705452,0.04004215,4
ENSG00000175309,1.5973935,1.521661,K562,0.89568007,0.9164927,4
ENSG00000175414,0.9794635,0.6095944,K562,0.9613975,1.0,4
ENSG00000175414,0.89087677,0.6095944,K562,0.9708264,1.0,4
ENSG00000175416,0.91331416,1.6441431,K562,0.897757,1.0,4
ENSG00000175416,1.1987543,1.6441431,K562,0.8620115,0.0013911431,4
ENSG00000175416,0.98964494,1.6441431,K562,0.8886024,0.035474148,4
ENSG00000175471,0.9669077,0.79588,K562,0.9761731,1.0,4
ENSG00000175471,0.8201538,0.79588,K562,0.9717305,1.0,4
ENSG00000176018,0.8401478,0.72754127,K562,0.9522348,1.0,4
ENSG00000176018,1.1768253,0.72754127,K562,0.6110899,0.017208412,4
ENSG00000176087,1.62537,1.902927,K562,0.8292461,1.0,4
ENSG00000176454,1.4132254,1.5824043,K562,0.8996809,1.0,4
ENSG00000176454,1.3151486,1.5824043,K562,0.8376789,1.0,4
ENSG00000176463,0.06297236,-0.60206,K562,0.98322177,1.0,4
ENSG00000176783,1.4069102,1.333044,K562,0.95956165,1.0,4
ENSG00000176783,1.3203027,1.333044,K562,0.9308144,1.0,4
ENSG00000176783,1.3916042,1.333044,K562,0.9501394,1.0,4
ENSG00000176783,1.5638525,1.333044,K562,0.59592414,0.0496963,4
ENSG00000177034,0.77907175,0.9068735,K562,0.92598987,1.0,4
ENSG00000177034,0.91568977,0.9068735,K562,0.94411725,1.0,4
ENSG00000177034,0.86614615,0.9068735,K562,0.9554098,1.0,4
ENSG00000177034,1.2259128,0.9068735,K562,0.87968636,1.0,4
ENSG00000177058,1.0927095,1.1264561,K562,0.90430987,1.0,4
ENSG00000177058,1.0456319,1.1264561,K562,0.9282157,0.9937107,4
ENSG00000177058,0.9320726,1.1264561,K562,0.96629125,0.8907285,4
ENSG00000177082,1.1045778,1.2177471,K562,0.93896794,1.0,4
ENSG00000177453,0.64195204,-0.23657201,K562,0.8508543,1.0,4
ENSG00000177556,1.5049922,2.3107357,K562,0.94365513,1.0,4
ENSG00000177879,1.1517427,1.6569601,K562,0.9532445,1.0,4
ENSG00000177879,1.1517427,1.6569601,K562,0.9532445,1.0,4
ENSG00000177879,1.1517427,1.6569601,K562,0.9532445,1.0,4
ENSG00000177879,1.3063056,1.6569601,K562,0.94038147,1.0,4
ENSG00000177879,1.3063056,1.6569601,K562,0.94038147,1.0,4
ENSG00000177879,1.1715887,1.6569601,K562,0.7009943,0.5113783,4
ENSG00000177879,1.3698857,1.6569601,K562,0.8893555,0.9847328,4
ENSG00000177879,1.1802516,1.6569601,K562,0.6853217,0.015457278,4
ENSG00000177879,1.2601829,1.6569601,K562,0.9028701,0.927589,4
ENSG00000178338,0.7498261,0.73957235,K562,0.96952975,1.0,4
ENSG00000178741,1.4703863,2.555409,K562,0.47402394,1.0,4
ENSG00000178761,1.5748074,1.5656117,K562,0.7422937,1.0,4
ENSG00000178761,1.641073,1.5656117,K562,0.9558906,1.0,4
ENSG00000178761,1.6214736,1.5656117,K562,0.9493349,0.05074627,4
ENSG00000178761,1.6821487,1.5656117,K562,0.84670943,0.63746226,4
ENSG00000178802,1.2416039,1.6023856,K562,0.9590706,1.0,4
ENSG00000178802,1.2247939,1.6023856,K562,0.97799027,1.0,4
ENSG00000178802,1.5882189,1.6023856,K562,0.8098353,0.6863418,4
ENSG00000178802,1.5456455,1.6023856,K562,0.70463645,0.77077866,4
ENSG00000178802,1.2141836,1.6023856,K562,0.92533666,0.7703549,4
ENSG00000179151,0.9934551,1.4474682,K562,0.93495095,0.0,4
ENSG00000179151,1.1669753,1.4474682,K562,0.17563479,0.100273475,4
ENSG00000179151,1.2469368,1.4474682,K562,0.7627587,0.0,4
ENSG00000179335,1.3970051,1.8203986,K562,0.9018683,1.0,4
ENSG00000179335,1.8730006,1.8203986,K562,0.5576012,1.0,4
ENSG00000179361,1.4990854,1.4670159,K562,0.9281819,1.0,4
ENSG00000180104,1.31495,1.4092567,K562,0.92341536,1.0,4
ENSG00000180104,1.6200893,1.4092567,K562,0.97534513,1.0,4
ENSG00000180104,1.5736921,1.4092567,K562,0.3921214,1.0,4
ENSG00000180104,1.5737584,1.4092567,K562,0.8077976,1.0,4
ENSG00000180104,1.4435594,1.4092567,K562,0.9804929,1.0,4
ENSG00000180357,1.18591,1.0350293,K562,0.15317462,1.0,4
ENSG00000180357,1.1679821,1.0350293,K562,0.9603267,1.0,4
ENSG00000180953,1.3530214,1.3352573,K562,0.3992756,1.0,4
ENSG00000180953,1.3530214,1.3352573,K562,0.3992756,1.0,4
ENSG00000180979,1.5565186,0.79726756,K562,0.93674254,1.0,4
ENSG00000181026,1.6382613,1.7162539,K562,0.9758164,1.0,4
ENSG00000181163,1.4719024,3.3595223,K562,0.9477517,1.0,4
ENSG00000181163,1.5577433,3.3595223,K562,0.94364417,0.5753348,4
ENSG00000181751,0.94574285,0.85793525,K562,0.92230314,1.0,4
ENSG00000181827,1.1749029,0.9474337,K562,0.90582883,1.0,4
ENSG00000181827,1.2190475,0.9474337,K562,0.98401445,1.0,4
ENSG00000181904,1.3211806,1.2540644,K562,0.92778903,1.0,4
ENSG00000182054,1.6785872,2.2927876,K562,0.9655132,1.0,4
ENSG00000182054,1.5496755,2.2927876,K562,0.9172569,1.0,4
ENSG00000182054,1.631002,2.2927876,K562,0.9700308,1.0,4
ENSG00000182253,0.07341732,-0.09151498,K562,0.9806188,1.0,4
ENSG00000182511,1.0808084,1.129045,K562,0.98538256,1.0,4
ENSG00000182511,1.0903807,1.129045,K562,0.99212295,1.0,4
ENSG00000182578,0.6845218,0.39269695,K562,0.99563724,1.0,4
ENSG00000182578,-0.032119058,0.39269695,K562,0.99716717,1.0,4
ENSG00000182578,-0.07922007,0.39269695,K562,0.9807042,1.0,4
ENSG00000182718,1.367249,2.276301,K562,0.9595003,1.0,4
ENSG00000182718,1.2880013,2.276301,K562,0.9539951,1.0,4
ENSG00000182718,1.2860241,2.276301,K562,0.9782281,1.0,4
ENSG00000182718,1.1488979,2.276301,K562,0.92651314,0.99734384,4
ENSG00000182718,1.376621,2.276301,K562,0.9452092,0.9956999,4
ENSG00000182718,1.2734442,2.276301,K562,0.697547,0.0049389307,4
ENSG00000182718,1.5378656,2.276301,K562,0.5797626,0.16723454,4
ENSG00000182768,1.6324329,1.2690457,K562,0.94066447,1.0,4
ENSG00000182950,0.0054032207,-0.82390875,K562,0.9942882,1.0,4
ENSG00000183060,0.8921331,0.59217674,K562,0.9007537,1.0,4
ENSG00000183111,-0.39639688,-0.23657201,K562,0.99231416,1.0,4
ENSG00000183208,1.4708996,0.54900324,K562,0.49419814,1.0,4
ENSG00000183258,1.640404,2.1979694,K562,0.9895196,1.0,4
ENSG00000183258,1.676444,2.1979694,K562,0.9565472,1.0,4
ENSG00000183323,1.0382283,0.8122447,K562,0.95966,1.0,4
ENSG00000183323,0.9003886,0.8122447,K562,0.8560397,0.97354496,4
ENSG00000183474,0.56102616,1.6532125,K562,0.82978857,1.0,4
ENSG00000183474,0.54243153,1.6532125,K562,0.92602056,1.0,4
ENSG00000183474,0.6814447,1.6532125,K562,0.83588225,1.0,4
ENSG00000183474,0.4965393,1.6532125,K562,0.8095567,1.0,4
ENSG00000183474,0.6009938,1.6532125,K562,0.2696031,0.38990656,4
ENSG00000183474,0.6482622,1.6532125,K562,0.9452231,0.9890614,4
ENSG00000183475,1.5827549,0.7315888,K562,0.8406493,1.0,4
ENSG00000183655,0.8221948,0.4065402,K562,0.9762575,1.0,4
ENSG00000183775,-0.36948878,-0.7695511,K562,0.996274,1.0,4
ENSG00000184056,1.5356324,1.0366288,K562,0.9520913,1.0,4
ENSG00000184056,1.4746706,1.0366288,K562,0.9495596,0.9759207,4
ENSG00000184056,1.3169503,1.0366288,K562,0.88155764,1.0,4
ENSG00000184277,1.5095382,1.3787612,K562,0.9714191,1.0,4
ENSG00000184277,1.5073605,1.3787612,K562,0.810311,1.0,4
ENSG00000184277,1.6478026,1.3787612,K562,0.31373647,0.24770643,4
ENSG00000184508,1.6558139,1.4014006,K562,0.89974576,1.0,4
ENSG00000184584,1.0050166,1.6294096,K562,0.9669922,1.0,4
ENSG00000184584,1.015346,1.6294096,K562,0.43505326,1.0,4
ENSG00000184584,1.2768021,1.6294096,K562,0.9615133,1.0,4
ENSG00000184584,1.3268912,1.6294096,K562,0.9338539,1.0,4
ENSG00000184584,1.4974608,1.6294096,K562,0.7050885,1.0,4
ENSG00000184584,0.94965166,1.6294096,K562,0.986376,1.0,4
ENSG00000184840,1.4284339,2.0849335,K562,0.9081922,1.0,4
ENSG00000184840,1.4778471,2.0849335,K562,0.96209985,1.0,4
ENSG00000185033,1.3587456,1.1364034,K562,0.9757308,1.0,4
ENSG00000185033,1.3135839,1.1364034,K562,0.43881285,0.0,4
ENSG00000185043,1.6154835,2.0586917,K562,0.97920245,1.0,4
ENSG00000185043,1.6158891,2.0586917,K562,0.84881544,1.0,4
ENSG00000185261,0.9560631,-0.26760623,K562,0.9470847,1.0,4
ENSG00000185261,0.96880645,-0.26760623,K562,0.9472946,1.0,4
ENSG00000185305,1.0005925,0.7888751,K562,0.9601204,1.0,4
ENSG00000185418,0.9397872,0.5899496,K562,0.9514528,1.0,4
ENSG00000185418,0.96810406,0.5899496,K562,0.9325896,1.0,4
ENSG00000185418,0.86489266,0.5899496,K562,0.28499854,0.0,4
ENSG00000185442,0.86606365,0.57170886,K562,0.9776953,1.0,4
ENSG00000185551,0.34786153,0.5740313,K562,0.98832965,1.0,4
ENSG00000185551,0.34786153,0.5740313,K562,0.98832965,1.0,4
ENSG00000185634,1.0718207,-0.6777807,K562,0.8805405,1.0,4
ENSG00000185634,1.0752618,-0.6777807,K562,0.93757194,1.0,4
ENSG00000185787,1.5635581,2.4718635,K562,0.87838495,1.0,4
ENSG00000185787,1.5172493,2.4718635,K562,0.8079323,1.0,4
ENSG00000185787,1.47984,2.4718635,K562,0.9440077,1.0,4
ENSG00000185787,1.5156138,2.4718635,K562,0.9141728,0.034874976,4
ENSG00000185787,1.5011156,2.4718635,K562,0.87638825,0.99212074,4
ENSG00000185880,1.8154016,1.4217684,K562,0.62009585,1.0,4
ENSG00000185880,1.4436398,1.4217684,K562,0.9102197,1.0,4
ENSG00000186073,1.1421392,0.664642,K562,0.91169244,1.0,4
ENSG00000186105,0.33511996,-0.20760831,K562,0.9843573,1.0,4
ENSG00000186198,0.2543518,-0.9586073,K562,0.987234,1.0,4
ENSG00000186687,0.83396137,0.9995655,K562,0.92134595,1.0,4
ENSG00000186687,1.0169532,0.9995655,K562,0.9061259,1.0,4
ENSG00000186687,1.0169532,0.9995655,K562,0.9061259,1.0,4
ENSG00000186687,0.9780062,0.9995655,K562,0.9313187,0.7138524,4
ENSG00000186952,1.0612409,-0.1611509,K562,0.9304595,1.0,4
ENSG00000187446,1.0028892,1.3956758,K562,0.9036083,1.0,4
ENSG00000187446,0.9109141,1.3956758,K562,0.89118606,0.97991073,4
ENSG00000187446,1.0028892,1.3956758,K562,0.9036083,1.0,4
ENSG00000188266,0.2648437,-0.28399664,K562,0.8428867,1.0,4
ENSG00000188549,0.3192961,-0.92081875,K562,0.99397475,1.0,4
ENSG00000188659,0.6193609,-0.022276394,K562,0.73882675,1.0,4
ENSG00000188725,1.3292115,1.6278777,K562,0.8330696,1.0,4
ENSG00000188725,1.6960664,1.6278777,K562,0.82685405,1.0,4
ENSG00000188779,-0.20650977,-0.7447275,K562,0.9930888,1.0,4
ENSG00000188779,-0.28924745,-0.7447275,K562,0.9913623,1.0,4
ENSG00000188818,-0.019038118,-0.32790214,K562,0.9530291,1.0,4
ENSG00000188818,-0.08278179,-0.32790214,K562,0.9855849,1.0,4
ENSG00000188818,-0.104314014,-0.32790214,K562,0.9854241,1.0,4
ENSG00000189045,-0.1407974,-0.29242983,K562,0.9962842,1.0,4
ENSG00000189045,0.10741727,-0.29242983,K562,0.98780614,1.0,4
ENSG00000189045,0.0005569607,-0.29242983,K562,0.99421,1.0,4
ENSG00000189045,-0.09885016,-0.29242983,K562,0.9843871,1.0,4
ENSG00000189045,-0.11822802,-0.29242983,K562,0.9923247,1.0,4
ENSG00000196391,0.63293195,0.30319604,K562,0.9681101,1.0,4
ENSG00000196391,0.7354957,0.30319604,K562,0.78317773,1.0,4
ENSG00000196547,1.655673,1.7474895,K562,0.7994441,1.0,4
ENSG00000196547,1.6824522,1.7474895,K562,0.9239651,1.0,4
ENSG00000196547,1.759886,1.7474895,K562,0.93349,0.99014777,4
ENSG00000196547,1.7811,1.7474895,K562,0.8425183,0.9949622,4
ENSG00000196670,1.0449247,1.1119343,K562,0.8578995,1.0,4
ENSG00000196670,1.0758066,1.1119343,K562,0.26208556,0.96464646,4
ENSG00000196743,1.3581815,1.7139943,K562,0.8839074,1.0,4
ENSG00000196923,1.2821229,1.510947,K562,0.9810951,1.0,4
ENSG00000196923,1.5019872,1.510947,K562,0.8595007,0.92069787,4
ENSG00000196923,1.3849847,1.510947,K562,0.61217916,0.8611111,4
ENSG00000196923,1.3738964,1.510947,K562,0.1610353,0.0031291908,4
ENSG00000197043,1.801054,2.6132815,K562,0.9056078,1.0,4
ENSG00000197043,1.8728929,2.6132815,K562,0.92322135,1.0,4
ENSG00000197043,1.829745,2.6132815,K562,0.95303255,1.0,4
ENSG00000197208,-0.13033092,-0.4436975,K562,0.9937849,1.0,4
ENSG00000197226,0.7381702,1.7007902,K562,0.9074365,1.0,4
ENSG00000197226,1.2465363,1.7007902,K562,0.98099685,1.0,4
ENSG00000197226,0.92804235,1.7007902,K562,0.9846645,1.0,4
ENSG00000197226,0.9297208,1.7007902,K562,0.38172987,0.38237965,4
ENSG00000197299,1.4579313,1.4658288,K562,0.96884155,1.0,4
ENSG00000197299,1.3792789,1.4658288,K562,0.9263817,1.0,4
ENSG00000197299,1.4389648,1.4658288,K562,0.95612603,1.0,4
ENSG00000197375,0.86584276,0.46982202,K562,0.73940665,1.0,4
ENSG00000197375,0.76447976,0.46982202,K562,0.9439569,1.0,4
ENSG00000197375,0.7773113,0.46982202,K562,0.8986643,1.0,4
ENSG00000197375,1.0070589,0.46982202,K562,0.90799236,0.0,4
ENSG00000197451,1.6796,2.4225078,K562,0.956894,1.0,4
ENSG00000197451,1.7006652,2.4225078,K562,0.97365516,1.0,4
ENSG00000197451,1.6952927,2.4225078,K562,0.96940607,0.70696825,4
ENSG00000197535,1.2319701,1.3937507,K562,0.8303117,1.0,4
ENSG00000197536,1.686101,1.3856063,K562,0.8874978,1.0,4
ENSG00000197603,0.8443272,0.46982202,K562,0.9422836,1.0,4
ENSG00000197603,0.78472555,0.46982202,K562,0.7417978,1.0,4
ENSG00000197696,0.4473918,0.4440448,K562,0.9836981,1.0,4
ENSG00000197696,0.4473918,0.4440448,K562,0.9836981,1.0,4
ENSG00000197822,0.9256091,1.154424,K562,0.9639643,1.0,4
ENSG00000197860,1.2387321,0.37657696,K562,0.87263644,1.0,4
ENSG00000197948,1.1784735,1.2291697,K562,0.9297641,1.0,4
ENSG00000197978,0.43305105,0.3783979,K562,0.9924856,1.0,4
ENSG00000198055,1.8531582,1.8173009,K562,0.89945614,1.0,4
ENSG00000198146,1.7395227,1.0813473,K562,0.7874837,1.0,4
ENSG00000198624,1.7174261,1.9006401,K562,0.78705835,1.0,4
ENSG00000198624,1.703258,1.9006401,K562,0.9713528,1.0,4
ENSG00000198624,1.6505702,1.9006401,K562,0.9134739,1.0,4
ENSG00000198624,1.6301024,1.9006401,K562,0.96287286,1.0,4
ENSG00000198624,1.6052337,1.9006401,K562,0.94275653,0.9954899,4
ENSG00000198677,1.1440477,1.4605972,K562,0.96723336,1.0,4
ENSG00000198677,1.1065748,1.4605972,K562,0.8437719,1.0,4
ENSG00000198690,0.91602707,1.0759118,K562,0.8181013,1.0,4
ENSG00000198690,0.93485165,1.0759118,K562,0.33562735,0.09913259,4
ENSG00000198794,0.21728247,1.4949889,K562,0.9742562,1.0,4
ENSG00000198826,1.0156815,1.3155506,K562,0.9139061,1.0,4
ENSG00000198865,0.41376907,0.75815463,K562,0.97488934,1.0,4
ENSG00000198901,1.6229458,2.0067227,K562,0.96556896,1.0,4
ENSG00000198901,1.7030678,2.0067227,K562,0.6198294,0.92582023,4
ENSG00000198901,1.6130881,2.0067227,K562,0.92276514,0.8686493,4
ENSG00000198901,1.4809008,2.0067227,K562,0.90259403,0.88593996,4
ENSG00000198961,1.2226813,1.3679148,K562,0.9621388,1.0,4
ENSG00000198961,1.2680838,1.3679148,K562,0.8084125,1.0,4
ENSG00000198961,1.104142,1.3679148,K562,0.9349355,1.0,4
ENSG00000198961,1.3003426,1.3679148,K562,0.9093348,1.0,4
ENSG00000204628,1.6220839,3.6602259,K562,0.8008882,1.0,4
ENSG00000204628,1.709368,3.6602259,K562,0.62974155,1.0,4
ENSG00000205089,0.6849626,0.48995847,K562,0.92425555,1.0,4
ENSG00000205302,0.8927659,1.5659658,K562,0.8232331,1.0,4
ENSG00000205464,0.3925458,0.46538284,K562,0.98469615,1.0,4
ENSG00000205571,0.69647473,1.6525364,K562,0.959158,1.0,4
ENSG00000205571,0.6425175,1.6525364,K562,0.97484326,0.97615963,4
ENSG00000205571,0.7273987,1.6525364,K562,0.98643947,0.5298626,4
ENSG00000205572,0.42013288,1.4761068,K562,0.9590675,1.0,4
ENSG00000205765,1.2933819,1.0330215,K562,0.97745615,1.0,4
ENSG00000213347,1.5041778,1.4350476,K562,0.97997963,1.0,4
ENSG00000213523,1.6636131,1.6890423,K562,0.968164,1.0,4
ENSG00000213523,1.3057239,1.6890423,K562,0.96368146,0.6137106,4
ENSG00000213585,1.6349719,2.3465877,K562,0.9801767,1.0,4
ENSG00000213585,1.6458251,2.3465877,K562,0.9420141,1.0,4
ENSG00000213614,1.4073672,1.8341663,K562,0.97153205,1.0,4
ENSG00000213614,1.3875282,1.8341663,K562,0.19826108,0.9654911,4
ENSG00000213614,1.3323884,1.8341663,K562,0.9260039,0.03880597,4
ENSG00000214013,1.2840946,1.123525,K562,0.9503137,1.0,4
ENSG00000214510,0.06705782,-0.52287877,K562,0.952748,1.0,4
ENSG00000214575,-0.30920967,-0.1426675,K562,0.9764529,1.0,4
ENSG00000215252,0.93373936,2.3441956,K562,0.9751756,1.0,4
ENSG00000217128,1.0356183,0.77887446,K562,0.7862497,1.0,4
ENSG00000217128,0.9817125,0.77887446,K562,0.8841556,0.88095236,4
ENSG00000221886,1.2935987,0.1818436,K562,0.81447744,0.028169014,4
ENSG00000228716,1.231009,1.748808,K562,0.9196627,0.9830844,4
ENSG00000228716,1.2261472,1.748808,K562,0.8992291,1.0,4
ENSG00000228716,1.5368264,1.748808,K562,0.5706376,1.0,4
ENSG00000229474,1.8694575,1.1583625,K562,0.61654764,1.0,4
ENSG00000237190,1.3400702,1.6069186,K562,0.8676941,1.0,4
ENSG00000237289,-0.044482697,-0.63827217,K562,0.955689,1.0,4
ENSG00000240764,0.1938304,-0.55284196,K562,0.9557782,1.0,4
ENSG00000240764,0.35067827,-0.55284196,K562,0.99080163,1.0,4
ENSG00000241839,1.6671746,1.2462523,K562,0.9620345,1.0,4
ENSG00000241839,1.6652052,1.2462523,K562,0.93767434,1.0,4
ENSG00000241839,1.5749373,1.2462523,K562,0.96624035,0.9714937,4
ENSG00000242028,1.4980428,1.1574568,K562,0.9338918,1.0,4
ENSG00000242028,1.5416486,1.1574568,K562,0.85282505,0.7278314,4
ENSG00000242110,0.9936095,0.8853612,K562,0.9384827,1.0,4
ENSG00000242110,1.2269509,0.8853612,K562,0.923166,1.0,4
ENSG00000242110,1.1855178,0.8853612,K562,0.8964818,0.0,4
ENSG00000242110,1.263042,0.8853612,K562,0.8768519,0.0,4
ENSG00000242110,1.2009823,0.8853612,K562,0.7772698,0.8223201,4
ENSG00000243056,1.1205904,0.80821097,K562,0.98118454,1.0,4
ENSG00000243708,0.7166224,0.5728716,K562,0.8925698,1.0,4
ENSG00000243789,0.8604508,0.892651,K562,0.8766567,1.0,4
ENSG00000243789,0.9734997,0.892651,K562,0.95220554,1.0,4
ENSG00000243789,0.719235,0.892651,K562,0.95138454,1.0,4
ENSG00000246922,0.021655723,0.40993312,K562,0.98919106,1.0,4
ENSG00000246922,-0.055568658,0.40993312,K562,0.9926165,1.0,4
ENSG00000249437,0.39179412,0.40312052,K562,0.94278175,1.0,4
ENSG00000249751,0.47833294,-0.4089354,K562,0.9491445,1.0,4
ENSG00000249751,0.58490795,-0.4089354,K562,0.9732281,1.0,4
ENSG00000249751,0.55518574,-0.4089354,K562,0.9481958,1.0,4
ENSG00000249915,1.2051957,2.065841,K562,0.95634925,1.0,4
ENSG00000249915,1.0171835,2.065841,K562,0.94515014,0.9675622,4
ENSG00000250021,-0.4374475,0.7315888,K562,0.9946325,1.0,4
ENSG00000251201,1.2327559,0.39794,K562,0.915014,1.0,4
ENSG00000253767,0.19700426,-0.88605666,K562,0.95752656,1.0,4
ENSG00000253767,0.2754304,-0.88605666,K562,0.99030393,1.0,4
ENSG00000253846,0.15131375,-0.107905395,K562,0.7770372,1.0,4
ENSG00000253846,0.2666195,-0.107905395,K562,0.9784338,1.0,4
ENSG00000254996,1.3086925,1.0874264,K562,0.9741478,1.0,4
ENSG00000254996,1.2776968,1.0874264,K562,0.7814002,1.0,4
ENSG00000254996,1.3572686,1.0874264,K562,0.87704086,1.0,4
ENSG00000255529,1.0896463,2.3787794,K562,0.8498817,1.0,4
ENSG00000256061,-0.097868,-0.48148605,K562,0.99472034,1.0,4
ENSG00000256453,0.21453923,0.30963016,K562,0.9951096,1.0,4
ENSG00000259511,0.10505292,-0.61978877,K562,0.96810865,1.0,4
