,PredExpr,ActualExpr,CellLine,PredPsi,ActualPsi,fold_idx
ENSG00000001036,1.0317515,1.228657,K562,0.9217504,1.0,5
ENSG00000001036,0.8891193,1.228657,K562,0.96311927,1.0,5
ENSG00000001036,0.9023999,1.228657,K562,0.9350287,1.0,5
ENSG00000001036,0.73771715,1.228657,K562,0.94149053,1.0,5
ENSG00000001036,1.0976912,1.228657,K562,0.9425694,1.0,5
ENSG00000001167,1.1838865,1.3712527,K562,0.93632543,1.0,5
ENSG00000003249,-0.3001018,0.19589965,K562,0.97285676,1.0,5
ENSG00000004779,1.3155208,2.4484127,K562,0.9438075,1.0,5
ENSG00000004779,1.3155208,2.4484127,K562,0.9438075,1.0,5
ENSG00000004779,1.0589814,2.4484127,K562,0.9152857,0.999714,5
ENSG00000005187,0.80841374,0.54406804,K562,0.93874997,1.0,5
ENSG00000005187,0.6923171,0.54406804,K562,0.93840504,1.0,5
ENSG00000005187,0.86616206,0.54406804,K562,0.28432262,0.31612903,5
ENSG00000005189,1.3328027,0.9400182,K562,0.90034425,1.0,5
ENSG00000005189,1.3752624,0.9400182,K562,0.53955674,0.7240704,5
ENSG00000005194,1.3740051,1.6127839,K562,0.896963,1.0,5
ENSG00000005339,1.467274,1.0913152,K562,0.8946299,1.0,5
ENSG00000005339,1.3012921,1.0913152,K562,0.8755739,0.96090794,5
ENSG00000005339,1.4773897,1.0913152,K562,0.9237443,0.53937006,5
ENSG00000005700,0.9257402,1.0622058,K562,0.92538047,1.0,5
ENSG00000005700,0.8886621,1.0622058,K562,0.9397556,0.9357045,5
ENSG00000005844,1.4601407,1.8925399,K562,0.9703527,1.0,5
ENSG00000006007,1.155492,1.2511513,K562,0.8560843,1.0,5
ENSG00000006007,1.1311257,1.2511513,K562,0.89215523,1.0,5
ENSG00000006194,1.0394838,1.2764618,K562,0.911862,1.0,5
ENSG00000006194,0.67678887,1.2764618,K562,0.7393026,1.0,5
ENSG00000006327,0.8365055,-0.113509275,K562,0.944434,1.0,5
ENSG00000007038,1.4723548,1.5909532,K562,0.7647125,1.0,5
ENSG00000007038,0.6937089,1.5909532,K562,0.8860579,1.0,5
ENSG00000007376,1.4855374,1.6661434,K562,0.92747605,1.0,5
ENSG00000007376,1.5419036,1.6661434,K562,0.96306795,0.989011,5
ENSG00000007376,1.6273009,1.6661434,K562,0.92328525,0.73140275,5
ENSG00000007392,1.4498876,1.6726519,K562,0.94786453,1.0,5
ENSG00000007392,1.3746573,1.6726519,K562,0.9308033,0.22590782,5
ENSG00000007392,1.0923007,1.6726519,K562,0.9304815,0.10874704,5
ENSG00000007520,1.3443704,1.8059764,K562,0.93107826,1.0,5
ENSG00000007520,1.4441036,1.8059764,K562,0.9027978,1.0,5
ENSG00000007520,1.5736594,1.8059764,K562,0.9222068,1.0,5
ENSG00000007541,1.0111367,1.3490832,K562,0.9627717,1.0,5
ENSG00000007541,0.6908633,1.3490832,K562,0.94751006,1.0,5
ENSG00000007541,0.8305501,1.3490832,K562,0.9541346,0.0425,5
ENSG00000007541,0.74110293,1.3490832,K562,0.9137523,0.8020942,5
ENSG00000007866,0.5837636,-0.92081875,K562,0.96386915,1.0,5
ENSG00000007866,0.09668569,-0.92081875,K562,0.8913465,1.0,5
ENSG00000007944,1.0163665,1.0891984,K562,0.9461864,1.0,5
ENSG00000007944,1.3666383,1.0891984,K562,0.81074464,0.64942527,5
ENSG00000008018,1.4137839,2.569643,K562,0.85887915,1.0,5
ENSG00000008018,1.3209866,2.569643,K562,0.7432192,1.0,5
ENSG00000008018,1.2308806,2.569643,K562,0.8451923,1.0,5
ENSG00000008083,1.6573591,1.0178677,K562,0.9601963,1.0,5
ENSG00000008083,1.5785391,1.0178677,K562,0.9477926,1.0,5
ENSG00000008710,0.43715093,1.6466978,K562,0.6629901,1.0,5
ENSG00000008710,0.24462838,1.6466978,K562,0.96071225,1.0,5
ENSG00000009413,1.3806411,1.1051694,K562,0.83093584,1.0,5
ENSG00000009413,0.86473036,1.1051694,K562,0.94053626,0.49752066,5
ENSG00000010017,1.1496564,1.1737689,K562,0.952336,1.0,5
ENSG00000010030,0.3122838,0.23044892,K562,0.9799714,1.0,5
ENSG00000010030,-0.024743702,0.23044892,K562,0.97362137,1.0,5
ENSG00000010539,1.572327,0.74350977,K562,0.9180691,1.0,5
ENSG00000010539,1.572327,0.74350977,K562,0.9180691,1.0,5
ENSG00000010539,1.3503872,0.74350977,K562,0.5704412,1.0,5
ENSG00000010539,1.3701822,0.74350977,K562,0.5877711,1.0,5
ENSG00000010810,1.4175445,2.173128,K562,0.92131174,1.0,5
ENSG00000010810,1.2264162,2.173128,K562,0.9352274,1.0,5
ENSG00000010810,1.3887969,2.173128,K562,0.9209942,1.0,5
ENSG00000010818,1.5321015,0.85430604,K562,0.91913664,1.0,5
ENSG00000011638,0.41643316,0.7242759,K562,0.91943985,1.0,5
ENSG00000011638,0.6633054,0.7242759,K562,0.9516127,0.19498608,5
ENSG00000011638,0.25577894,0.7242759,K562,0.9515472,0.005540166,5
ENSG00000011638,0.28676307,0.7242759,K562,0.9472876,0.0,5
ENSG00000012660,1.5037884,2.1161427,K562,0.94083434,1.0,5
ENSG00000012660,1.4757868,2.1161427,K562,0.9532946,1.0,5
ENSG00000012660,1.4444329,2.1161427,K562,0.89491296,1.0,5
ENSG00000012660,1.6666046,2.1161427,K562,0.76209104,0.9944929,5
ENSG00000012660,1.7086352,2.1161427,K562,0.70520085,0.0067691603,5
ENSG00000013364,1.2758943,1.6294096,K562,0.95405114,1.0,5
ENSG00000013375,0.91437125,1.1024337,K562,0.7622554,1.0,5
ENSG00000013392,1.2659785,0.30535138,K562,0.7857041,1.0,5
ENSG00000014123,1.514289,1.0161973,K562,0.7963939,1.0,5
ENSG00000021355,-0.5117212,-0.18045606,K562,0.99129534,1.0,5
ENSG00000023892,1.4675573,1.7485756,K562,0.9436906,1.0,5
ENSG00000023892,1.3677183,1.7485756,K562,0.9650454,1.0,5
ENSG00000023892,1.5268191,1.7485756,K562,0.96276885,1.0,5
ENSG00000023892,1.4728332,1.7485756,K562,0.9690249,1.0,5
ENSG00000024048,1.0715214,0.8122447,K562,0.8662803,1.0,5
ENSG00000024862,0.8841324,1.1267806,K562,0.9350658,1.0,5
ENSG00000025039,1.3445085,0.7656686,K562,0.84872866,1.0,5
ENSG00000025039,0.97076035,0.7656686,K562,0.8930444,1.0,5
ENSG00000025039,0.90846175,0.7656686,K562,0.9490781,1.0,5
ENSG00000025039,0.86802214,0.7656686,K562,0.9455462,1.0,5
ENSG00000025156,0.7366612,1.108565,K562,0.9338633,1.0,5
ENSG00000025156,0.8167381,1.108565,K562,0.9333318,1.0,5
ENSG00000025156,0.79500496,1.108565,K562,0.8662932,0.3469388,5
ENSG00000025796,1.205537,1.314078,K562,0.9016051,1.0,5
ENSG00000026297,1.3653625,1.7986506,K562,0.8235792,1.0,5
ENSG00000026652,-0.22119653,0.033423755,K562,0.9317789,1.0,5
ENSG00000026652,-0.20509903,0.033423755,K562,0.91595286,1.0,5
ENSG00000026950,1.0260149,1.223496,K562,0.9239129,1.0,5
ENSG00000026950,1.4997444,1.223496,K562,0.92817634,1.0,5
ENSG00000027697,1.5505472,1.9274217,K562,0.8990818,1.0,5
ENSG00000027697,1.5561064,1.9274217,K562,0.9217819,1.0,5
ENSG00000027697,1.4276663,1.9274217,K562,0.8852525,1.0,5
ENSG00000027697,1.36778,1.9274217,K562,0.8717252,1.0,5
ENSG00000028839,1.2358183,1.7005306,K562,0.91874576,1.0,5
ENSG00000029363,1.0912592,1.8287888,K562,0.9293833,1.0,5
ENSG00000029363,1.1412841,1.8287888,K562,0.88979876,1.0,5
ENSG00000029363,1.2694296,1.8287888,K562,0.9115063,0.92947876,5
ENSG00000029363,1.1528093,1.8287888,K562,0.95055413,0.05560792,5
ENSG00000029363,1.285282,1.8287888,K562,0.6863509,0.037001442,5
ENSG00000029639,1.287314,1.4070508,K562,0.85913694,1.0,5
ENSG00000029639,1.1169622,1.4070508,K562,0.9318961,1.0,5
ENSG00000029639,0.9314292,1.4070508,K562,0.9279668,1.0,5
ENSG00000029639,1.1239226,1.4070508,K562,0.9560055,1.0,5
ENSG00000029639,0.8917474,1.4070508,K562,0.9367865,1.0,5
ENSG00000030110,1.5190417,1.5212688,K562,0.9342491,1.0,5
ENSG00000030110,1.4601232,1.5212688,K562,0.94573146,1.0,5
ENSG00000030110,1.3875062,1.5212688,K562,0.9610388,1.0,5
ENSG00000030110,1.550398,1.5212688,K562,0.69677263,0.13690476,5
ENSG00000031691,1.1404532,0.76267856,K562,0.7200912,1.0,5
ENSG00000033011,0.9347169,1.3332458,K562,0.9263391,1.0,5
ENSG00000033011,0.80497,1.3332458,K562,0.40246153,1.0,5
ENSG00000033011,0.76489735,1.3332458,K562,0.8723259,1.0,5
ENSG00000034693,0.9106402,1.2702129,K562,0.90644556,1.0,5
ENSG00000034693,0.9548938,1.2702129,K562,0.9398054,1.0,5
ENSG00000034693,1.0581489,1.2702129,K562,0.8768022,1.0,5
ENSG00000034713,1.544622,2.011105,K562,0.7914466,1.0,5
ENSG00000034713,1.544622,2.011105,K562,0.7914466,1.0,5
ENSG00000034713,1.4703448,2.011105,K562,0.8798657,0.9899043,5
ENSG00000038358,1.4637222,1.6688516,K562,0.97499067,1.0,5
ENSG00000038358,1.4987866,1.6688516,K562,0.9552083,1.0,5
ENSG00000038358,1.4795727,1.6688516,K562,0.9678445,1.0,5
ENSG00000038358,1.4293371,1.6688516,K562,0.9750754,1.0,5
ENSG00000038358,1.5127894,1.6688516,K562,0.9637609,1.0,5
ENSG00000038358,1.4285536,1.6688516,K562,0.92086077,0.084163345,5
ENSG00000038532,1.279985,1.1571544,K562,0.92068493,1.0,5
ENSG00000038532,1.3709682,1.1571544,K562,0.93995976,1.0,5
ENSG00000038532,1.2642459,1.1571544,K562,0.9033005,1.0,5
ENSG00000039523,0.26083478,0.95327634,K562,0.98022413,1.0,5
ENSG00000039523,0.38685033,0.95327634,K562,0.954534,1.0,5
ENSG00000040199,0.7100041,0.8337844,K562,0.9247859,0.9035639,5
ENSG00000044090,1.4140986,1.0429691,K562,0.96788967,1.0,5
ENSG00000047578,0.86865693,0.820858,K562,0.94317096,1.0,5
ENSG00000047578,0.9565681,0.820858,K562,0.95925564,1.0,5
ENSG00000047578,0.95511603,0.820858,K562,0.663472,1.0,5
ENSG00000047578,0.86158216,0.820858,K562,0.9322132,0.0027322404,5
ENSG00000047579,0.8034289,1.2350231,K562,0.89124197,0.0,5
ENSG00000047932,1.2199888,1.1089032,K562,0.962387,1.0,5
ENSG00000047932,1.3005284,1.1089032,K562,0.932306,0.99058825,5
ENSG00000047932,1.1415985,1.1089032,K562,0.38216448,0.010196079,5
ENSG00000048471,1.1621975,1.2464986,K562,0.95913047,1.0,5
ENSG00000048471,1.4082633,1.2464986,K562,0.9562396,1.0,5
ENSG00000048471,1.4658371,1.2464986,K562,0.9497656,1.0,5
ENSG00000049618,1.4238042,1.6409781,K562,0.47124073,0.16878173,5
ENSG00000049618,1.4634562,1.6409781,K562,0.86028427,0.0,5
ENSG00000050393,1.408862,1.108565,K562,0.8596691,1.0,5
ENSG00000050393,0.9937681,1.108565,K562,0.45760065,0.17560554,5
ENSG00000050820,0.4790717,0.82216805,K562,0.96309006,1.0,5
ENSG00000050820,0.30853942,0.82216805,K562,0.96859866,1.0,5
ENSG00000050820,0.17973043,0.82216805,K562,0.95991194,1.0,5
ENSG00000050820,0.17973043,0.82216805,K562,0.95991194,1.0,5
ENSG00000051108,1.7563219,1.9540012,K562,0.7827326,1.0,5
ENSG00000051523,1.5563195,2.7009978,K562,0.91431034,1.0,5
ENSG00000051523,1.5468439,2.7009978,K562,0.9127406,1.0,5
ENSG00000051523,1.5215946,2.7009978,K562,0.9429866,1.0,5
ENSG00000051523,1.5330535,2.7009978,K562,0.90923584,1.0,5
ENSG00000051523,1.7235497,2.7009978,K562,0.92312086,1.0,5
ENSG00000051620,1.3273798,1.154424,K562,0.8342284,1.0,5
ENSG00000051620,0.6920686,1.154424,K562,0.8474407,1.0,5
ENSG00000055208,1.3674165,1.2871296,K562,0.8482168,1.0,5
ENSG00000055208,1.20658,1.2871296,K562,0.92656195,1.0,5
ENSG00000055208,1.3186332,1.2871296,K562,0.5713021,0.3617021,5
ENSG00000055211,1.3330194,1.3800303,K562,0.93134475,1.0,5
ENSG00000056972,1.3974649,1.3494718,K562,0.9292762,1.0,5
ENSG00000056972,1.0929987,1.3494718,K562,0.59515136,0.03787879,5
ENSG00000056972,1.0730124,1.3494718,K562,0.81134385,0.0,5
ENSG00000057657,0.4457632,0.41995576,K562,0.96122766,1.0,5
ENSG00000057657,1.01908,0.41995576,K562,0.9445848,1.0,5
ENSG00000057663,0.744486,1.1583625,K562,0.89390326,1.0,5
ENSG00000057663,0.92037547,1.1583625,K562,0.8385705,1.0,5
ENSG00000057663,0.86692834,1.1583625,K562,0.9180637,0.67509025,5
ENSG00000058600,1.3058172,1.6481647,K562,0.9504671,1.0,5
ENSG00000058600,1.2573303,1.6481647,K562,0.91462773,1.0,5
ENSG00000058600,1.2578734,1.6481647,K562,0.8054807,0.82060516,5
ENSG00000058600,1.3412627,1.6481647,K562,0.6286519,0.7802295,5
ENSG00000059122,1.0377879,1.4504031,K562,0.95201933,1.0,5
ENSG00000059122,1.117473,1.4504031,K562,0.9575232,1.0,5
ENSG00000059145,1.3804985,1.1676127,K562,0.9255493,1.0,5
ENSG00000060762,1.0697702,1.6919651,K562,0.87527174,1.0,5
ENSG00000062038,-0.88934124,-0.82390875,K562,0.9916591,1.0,5
ENSG00000062038,-0.88031745,-0.82390875,K562,0.9874955,1.0,5
ENSG00000062038,-0.89967763,-0.82390875,K562,0.99051684,1.0,5
ENSG00000062038,-0.9005421,-0.82390875,K562,0.98933697,1.0,5
ENSG00000063854,0.9266152,1.5812668,K562,0.95190096,1.0,5
ENSG00000063854,0.66327477,1.5812668,K562,0.9464277,0.29376855,5
ENSG00000064995,1.042022,1.4449811,K562,0.848213,1.0,5
ENSG00000064995,1.1771113,1.4449811,K562,0.9063164,0.94603527,5
ENSG00000064999,0.7139516,0.4913617,K562,0.94243634,1.0,5
ENSG00000065029,1.2508003,1.512017,K562,0.9394933,1.0,5
ENSG00000065029,0.9299353,1.512017,K562,0.9238911,0.7701045,5
ENSG00000065057,1.4363754,1.5874865,K562,0.91832817,1.0,5
ENSG00000065060,1.1263732,0.8920946,K562,0.9358348,1.0,5
ENSG00000065060,1.2275299,0.8920946,K562,0.9542036,1.0,5
ENSG00000065308,1.2789903,0.94939,K562,0.8456556,1.0,5
ENSG00000065427,1.6031653,2.1846347,K562,0.9554665,1.0,5
ENSG00000065427,1.3937246,2.1846347,K562,0.89851683,0.13994369,5
ENSG00000065457,1.1123806,1.5575072,K562,0.8828649,1.0,5
ENSG00000065491,0.7740028,1.0831442,K562,0.88433516,1.0,5
ENSG00000065491,1.2144605,1.0831442,K562,0.86714774,1.0,5
ENSG00000065491,1.208942,1.0831442,K562,0.8919683,1.0,5
ENSG00000065491,1.1216035,1.0831442,K562,0.84076047,1.0,5
ENSG00000065615,1.0702826,1.3710679,K562,0.75214416,1.0,5
ENSG00000065833,0.7849939,0.48144263,K562,0.9220224,1.0,5
ENSG00000066379,1.6614113,1.7269716,K562,0.84932774,1.0,5
ENSG00000066379,1.8149259,1.7269716,K562,0.83934236,0.9937011,5
ENSG00000066651,1.0393413,1.5021539,K562,0.8597702,1.0,5
ENSG00000066654,1.1743938,1.3900515,K562,0.9226623,1.0,5
ENSG00000067365,1.3323889,1.3449814,K562,0.908385,1.0,5
ENSG00000067836,0.67430687,1.2690457,K562,0.95832753,1.0,5
ENSG00000067836,1.0570738,1.2690457,K562,0.9564955,1.0,5
ENSG00000067836,1.0510346,1.2690457,K562,0.9055066,1.0,5
ENSG00000067836,1.2057377,1.2690457,K562,0.89467394,1.0,5
ENSG00000067836,1.303814,1.2690457,K562,0.86715287,1.0,5
ENSG00000067836,1.290653,1.2690457,K562,0.88097477,1.0,5
ENSG00000067836,1.2847518,1.2690457,K562,0.922748,1.0,5
ENSG00000067836,1.1166868,1.2690457,K562,0.89926624,0.41159135,5
ENSG00000067955,1.6749821,1.5892792,K562,0.90091306,1.0,5
ENSG00000067955,1.6471387,1.5892792,K562,0.6673462,0.8672808,5
ENSG00000069329,0.9345907,1.4456042,K562,0.9311731,1.0,5
ENSG00000069345,1.5268453,1.4342494,K562,0.9668627,1.0,5
ENSG00000069345,1.4677283,1.4342494,K562,0.95292485,1.0,5
ENSG00000069345,1.5451347,1.4342494,K562,0.9470203,1.0,5
ENSG00000069345,1.6205603,1.4342494,K562,0.941512,1.0,5
ENSG00000069345,1.7311602,1.4342494,K562,0.82244456,1.0,5
ENSG00000070761,1.19479,1.6080979,K562,0.95175374,1.0,5
ENSG00000070770,0.48224017,1.3754808,K562,0.92822564,1.0,5
ENSG00000070770,0.64240545,1.3754808,K562,0.94530904,1.0,5
ENSG00000071994,0.80631644,1.972573,K562,0.9307054,1.0,5
ENSG00000071994,1.3814734,1.972573,K562,0.7369949,1.0,5
ENSG00000071994,1.4936706,1.972573,K562,0.90056086,1.0,5
ENSG00000072736,1.1455241,1.2543063,K562,0.9210691,1.0,5
ENSG00000072736,1.1239582,1.2543063,K562,0.9511731,0.9730135,5
ENSG00000072736,1.2393421,1.2543063,K562,0.8064424,0.11825488,5
ENSG00000072736,1.173617,1.2543063,K562,0.93932575,0.33564013,5
ENSG00000072864,1.4969718,1.849665,K562,0.937745,1.0,5
ENSG00000072864,1.5480523,1.849665,K562,0.94096893,1.0,5
ENSG00000074935,0.6968707,0.9689497,K562,0.740834,1.0,5
ENSG00000075399,1.57589,0.48429984,K562,0.85651135,1.0,5
ENSG00000075399,1.587377,0.48429984,K562,0.9183705,1.0,5
ENSG00000077235,1.3254734,1.5398285,K562,0.94773453,1.0,5
ENSG00000077238,1.6449741,1.7347199,K562,0.9282333,1.0,5
ENSG00000077238,1.6440401,1.7347199,K562,0.9283943,1.0,5
ENSG00000077238,1.6440401,1.7347199,K562,0.9283943,1.0,5
ENSG00000077238,1.672037,1.7347199,K562,0.9565543,1.0,5
ENSG00000077238,1.6752605,1.7347199,K562,0.9564089,1.0,5
ENSG00000077238,1.567087,1.7347199,K562,0.956885,1.0,5
ENSG00000077238,1.3160352,1.7347199,K562,0.94378823,1.0,5
ENSG00000077238,1.5892304,1.7347199,K562,0.9511133,1.0,5
ENSG00000077238,1.5453992,1.7347199,K562,0.9051073,1.0,5
ENSG00000077238,1.0533587,1.7347199,K562,0.90687734,0.35433295,5
ENSG00000077238,1.4828962,1.7347199,K562,0.9523854,0.006841505,5
ENSG00000078401,0.8974449,0.35983548,K562,0.8693382,1.0,5
ENSG00000078401,0.84392834,0.35983548,K562,0.65019876,1.0,5
ENSG00000078401,0.6529428,0.35983548,K562,0.9467926,1.0,5
ENSG00000079616,1.6992232,2.0596013,K562,0.9492728,1.0,5
ENSG00000079691,0.6382326,0.68663627,K562,0.8513654,1.0,5
ENSG00000079819,1.0680159,1.1947918,K562,0.4016579,1.0,5
ENSG00000079819,1.0783721,1.1947918,K562,0.87801796,0.9312977,5
ENSG00000079819,1.01914,1.1947918,K562,0.93721807,1.0,5
ENSG00000079950,1.1418158,1.5089335,K562,0.9324081,1.0,5
ENSG00000079950,1.186857,1.5089335,K562,0.9207752,1.0,5
ENSG00000080546,-0.6108142,0.32633585,K562,0.98683804,1.0,5
ENSG00000080603,1.7267551,1.1577588,K562,0.966342,1.0,5
ENSG00000080603,1.8139852,1.1577588,K562,0.94522613,1.0,5
ENSG00000080603,1.5482898,1.1577588,K562,0.95304245,1.0,5
ENSG00000080603,1.8012594,1.1577588,K562,0.8961334,0.62654865,5
ENSG00000081087,0.61482316,0.59328604,K562,0.89988035,1.0,5
ENSG00000082269,0.55478007,0.8234742,K562,0.91736054,1.0,5
ENSG00000082269,0.93045986,0.8234742,K562,0.931128,1.0,5
ENSG00000082269,1.0618734,0.8234742,K562,0.871867,1.0,5
ENSG00000082269,1.0275236,0.8234742,K562,0.91723067,0.81208056,5
ENSG00000083093,1.290172,1.0820669,K562,0.6742916,1.0,5
ENSG00000083093,1.3251477,1.0820669,K562,0.93827957,1.0,5
ENSG00000083097,0.84250677,0.84385544,K562,0.9324241,1.0,5
ENSG00000083097,0.9441215,0.84385544,K562,0.80459785,1.0,5
ENSG00000083097,1.0303714,0.84385544,K562,0.9412404,0.0,5
ENSG00000083099,1.4381086,1.1354507,K562,0.8285631,1.0,5
ENSG00000083123,0.7922335,1.3483049,K562,0.89788616,1.0,5
ENSG00000083123,0.5209762,1.3483049,K562,0.9610989,1.0,5
ENSG00000083123,0.657621,1.3483049,K562,0.93689567,1.0,5
ENSG00000083123,0.47534212,1.3483049,K562,0.94456595,1.0,5
ENSG00000083123,0.45032933,1.3483049,K562,0.89393115,1.0,5
ENSG00000083799,1.4395511,1.3679148,K562,0.87717915,1.0,5
ENSG00000083799,1.2201779,1.3679148,K562,0.8628021,1.0,5
ENSG00000083799,1.0829408,1.3679148,K562,0.91529876,1.0,5
ENSG00000083799,1.5740315,1.3679148,K562,0.8504745,0.07323453,5
ENSG00000085377,0.8122842,0.9758911,K562,0.93194765,1.0,5
ENSG00000085382,0.58978045,0.63848925,K562,0.95981133,1.0,5
ENSG00000085382,0.46666452,0.63848925,K562,0.8741479,0.021406727,5
ENSG00000085382,0.6453207,0.63848925,K562,0.2676589,0.030837005,5
ENSG00000085511,1.330458,1.2826221,K562,0.9084853,1.0,5
ENSG00000085511,1.2430028,1.2826221,K562,0.9459024,1.0,5
ENSG00000085511,1.0310422,1.2826221,K562,0.8877486,0.0,5
ENSG00000085511,1.1643995,1.2826221,K562,0.69727236,0.09672387,5
ENSG00000085511,1.1937433,1.2826221,K562,0.9454296,0.054433715,5
ENSG00000085644,1.1496719,0.4329693,K562,0.95051914,1.0,5
ENSG00000085644,1.1180182,0.4329693,K562,0.9493234,1.0,5
ENSG00000085721,1.094945,1.3760291,K562,0.87305015,1.0,5
ENSG00000085721,1.2561978,1.3760291,K562,0.9001789,0.99461883,5
ENSG00000087263,1.0188992,1.6826864,K562,0.8564754,1.0,5
ENSG00000087263,1.0903919,1.6826864,K562,0.94632405,1.0,5
ENSG00000088682,1.5030831,1.6412758,K562,0.93712187,1.0,5
ENSG00000089280,1.9747266,2.6133237,K562,0.8939434,1.0,5
ENSG00000089280,1.8670183,2.6133237,K562,0.93778336,1.0,5
ENSG00000089280,1.8584892,2.6133237,K562,0.96289515,1.0,5
ENSG00000089280,1.8977274,2.6133237,K562,0.8792012,0.7786751,5
ENSG00000090238,1.2540768,1.2387986,K562,0.9249979,1.0,5
ENSG00000090238,1.4240533,1.2387986,K562,0.9337004,1.0,5
ENSG00000090447,0.86683774,1.2294259,K562,0.9443083,1.0,5
ENSG00000090447,1.02987,1.2294259,K562,0.970204,1.0,5
ENSG00000090447,1.1422985,1.2294259,K562,0.96926427,1.0,5
ENSG00000090447,1.2410988,1.2294259,K562,0.96232015,1.0,5
ENSG00000090447,1.213349,1.2294259,K562,0.9434265,1.0,5
ENSG00000090447,1.2126004,1.2294259,K562,0.967097,1.0,5
ENSG00000090565,0.8732039,1.2100508,K562,0.95621526,1.0,5
ENSG00000090581,1.6576935,1.4398062,K562,0.9405996,1.0,5
ENSG00000090581,1.4859787,1.4398062,K562,0.89475423,1.0,5
ENSG00000090581,1.5095949,1.4398062,K562,0.95699614,1.0,5
ENSG00000090857,0.47495374,1.0472748,K562,0.9291448,1.0,5
ENSG00000090857,0.5675041,1.0472748,K562,0.9273579,1.0,5
ENSG00000090857,0.60521865,1.0472748,K562,0.9015622,0.0,5
ENSG00000090857,0.804399,1.0472748,K562,0.938387,0.8636364,5
ENSG00000090861,1.6613863,1.8080083,K562,0.93042195,1.0,5
ENSG00000090861,1.6037375,1.8080083,K562,0.95265466,1.0,5
ENSG00000090861,1.5147299,1.8080083,K562,0.9474004,1.0,5
ENSG00000090863,1.063577,1.2681097,K562,0.92946845,1.0,5
ENSG00000090863,1.3670129,1.2681097,K562,0.8564816,0.0,5
ENSG00000090863,1.1588923,1.2681097,K562,0.9320409,0.98945284,5
ENSG00000090905,0.9599502,1.4315246,K562,0.9225626,1.0,5
ENSG00000090905,0.93844855,1.4315246,K562,0.92276037,1.0,5
ENSG00000090905,1.0194949,1.4315246,K562,0.94872236,1.0,5
ENSG00000090905,1.0005838,1.4315246,K562,0.90636915,0.24248926,5
ENSG00000090905,1.1396958,1.4315246,K562,0.9046045,0.10960591,5
ENSG00000091651,1.2129625,1.7296506,K562,0.8288249,1.0,5
ENSG00000091651,1.0610594,1.7296506,K562,0.9221866,1.0,5
ENSG00000092820,1.58983,2.1517375,K562,0.96630716,1.0,5
ENSG00000092820,1.6708962,2.1517375,K562,0.9357179,1.0,5
ENSG00000092820,1.727455,2.1517375,K562,0.82726055,1.0,5
ENSG00000093144,1.209537,1.5796692,K562,0.95437264,1.0,5
ENSG00000093144,1.2021506,1.5796692,K562,0.9061243,0.9141791,5
ENSG00000093144,0.9398449,1.5796692,K562,0.93502784,0.8090198,5
ENSG00000095906,1.0488347,1.8488662,K562,0.974376,1.0,5
ENSG00000095906,1.0897502,1.8488662,K562,0.95306844,0.6167447,5
ENSG00000095951,1.1083764,1.2667019,K562,0.88191605,1.0,5
ENSG00000095951,0.6531342,1.2667019,K562,0.93386257,1.0,5
ENSG00000095951,1.1906055,1.2667019,K562,0.9462751,1.0,5
ENSG00000095951,1.1906055,1.2667019,K562,0.9462751,1.0,5
ENSG00000095951,0.89509106,1.2667019,K562,0.94334364,0.43040684,5
ENSG00000095951,1.0267001,1.2667019,K562,0.9420881,0.43040684,5
ENSG00000096060,0.8970885,1.671358,K562,0.95889443,1.0,5
ENSG00000096060,1.072424,1.671358,K562,0.9209798,0.9824861,5
ENSG00000096063,0.98846364,1.711301,K562,0.881437,1.0,5
ENSG00000096063,1.5947586,1.711301,K562,0.791066,1.0,5
ENSG00000096063,0.90662515,1.711301,K562,0.26646128,0.031685676,5
ENSG00000096070,0.98283744,1.0132587,K562,0.9449445,1.0,5
ENSG00000096092,0.6158949,1.1619666,K562,0.94893336,1.0,5
ENSG00000096093,0.58001673,0.82020146,K562,0.7731942,1.0,5
ENSG00000096384,1.9094429,2.8911972,K562,0.7306197,1.0,5
ENSG00000096401,1.333787,0.9777236,K562,0.9517053,1.0,5
ENSG00000096433,1.343568,1.3068538,K562,0.9204049,1.0,5
ENSG00000096433,1.3831873,1.3068538,K562,0.96985596,1.0,5
ENSG00000096433,1.4297916,1.3068538,K562,0.95027333,1.0,5
ENSG00000096654,1.6899093,0.44715804,K562,0.8015834,1.0,5
ENSG00000099364,1.3433317,1.146128,K562,0.88568485,1.0,5
ENSG00000099364,1.4073244,1.146128,K562,0.9109377,1.0,5
ENSG00000099365,0.15138699,0.38201705,K562,0.95141727,1.0,5
ENSG00000099377,0.23886506,0.1583625,K562,0.98544145,1.0,5
ENSG00000099377,-0.06164221,0.1583625,K562,0.98967266,0.9396552,5
ENSG00000099381,1.7149714,1.0207754,K562,0.9605291,1.0,5
ENSG00000099381,1.7881408,1.0207754,K562,0.940182,1.0,5
ENSG00000099385,1.1067208,1.4256972,K562,0.9589943,1.0,5
ENSG00000100726,1.260701,1.7504313,K562,0.93080246,1.0,5
ENSG00000102858,1.448909,1.3624824,K562,0.94588846,1.0,5
ENSG00000102858,1.5134118,1.3624824,K562,0.95390236,1.0,5
ENSG00000102858,1.4227413,1.3624824,K562,0.7945452,0.84210527,5
ENSG00000102870,-0.26442313,-0.4089354,K562,0.9904591,1.0,5
ENSG00000102871,1.4770256,1.2766916,K562,0.91885465,1.0,5
ENSG00000102878,-0.14249942,0.7937904,K562,0.98982763,1.0,5
ENSG00000102879,1.7336622,3.1122766,K562,0.9592372,1.0,5
ENSG00000102879,1.6879542,3.1122766,K562,0.88174444,0.023085712,5
ENSG00000102882,1.1268015,1.6571515,K562,0.9243631,1.0,5
ENSG00000102882,1.1748465,1.6571515,K562,0.82087815,0.16491055,5
ENSG00000102882,0.94653785,1.6571515,K562,0.8524706,0.996178,5
ENSG00000102886,0.28144488,0.34635296,K562,0.9780904,1.0,5
ENSG00000102886,0.2975702,0.34635296,K562,0.9682596,1.0,5
ENSG00000102890,0.20678489,0.5563025,K562,0.9858139,1.0,5
ENSG00000102890,0.2940129,0.5563025,K562,0.99178386,1.0,5
ENSG00000102890,0.29138786,0.5563025,K562,0.9735334,0.79083097,5
ENSG00000102893,1.1761783,1.3562171,K562,0.9389206,1.0,5
ENSG00000102893,1.5753932,1.3562171,K562,0.48555997,0.92070484,5
ENSG00000102893,1.5697361,1.3562171,K562,0.5282189,0.89411765,5
ENSG00000102897,1.2297784,1.3928727,K562,0.8294393,1.0,5
ENSG00000102897,1.0261662,1.3928727,K562,0.95507866,1.0,5
ENSG00000102897,1.2297784,1.3928727,K562,0.8294393,0.010506208,5
ENSG00000102897,0.897734,1.3928727,K562,0.9366438,0.89387405,5
ENSG00000102897,1.2297784,1.3928727,K562,0.8294393,0.38995215,5
ENSG00000102897,0.7945931,1.3928727,K562,0.8057745,0.029126214,5
ENSG00000102897,0.897734,1.3928727,K562,0.9366438,0.99206346,5
ENSG00000102898,1.4521468,2.2533138,K562,0.9561955,1.0,5
ENSG00000102900,1.0639018,1.9406161,K562,0.9347483,1.0,5
ENSG00000102900,1.2516342,1.9406161,K562,0.85081476,1.0,5
ENSG00000102900,1.1456362,1.9406161,K562,0.8269742,1.0,5
ENSG00000102901,1.0860928,1.5860244,K562,0.96203613,1.0,5
ENSG00000102901,1.4011611,1.5860244,K562,0.9687978,0.9931336,5
ENSG00000102904,0.86519086,-0.29242983,K562,0.952634,1.0,5
ENSG00000102908,1.383238,0.92582756,K562,0.8915963,1.0,5
ENSG00000102908,1.1816667,0.92582756,K562,0.93588597,1.0,5
ENSG00000102908,1.2877054,0.92582756,K562,0.9439907,1.0,5
ENSG00000102908,1.0497565,0.92582756,K562,0.90818197,1.0,5
ENSG00000102908,1.6276447,0.92582756,K562,0.4947621,0.35576922,5
ENSG00000102908,0.9299886,0.92582756,K562,0.87391454,0.44642857,5
ENSG00000102910,1.1764605,1.3588862,K562,0.88808906,1.0,5
ENSG00000102910,0.9997288,1.3588862,K562,0.9284853,0.5727554,5
ENSG00000102910,1.0201837,1.3588862,K562,0.9249561,0.0,5
ENSG00000102921,1.5518297,0.95856386,K562,0.82812876,1.0,5
ENSG00000102921,1.5652869,0.95856386,K562,0.8515264,1.0,5
ENSG00000102921,1.5607077,0.95856386,K562,0.7034711,1.0,5
ENSG00000102921,1.5197814,0.95856386,K562,0.89769155,1.0,5
ENSG00000102921,1.3308533,0.95856386,K562,0.8955723,1.0,5
ENSG00000102931,1.1708442,1.2607867,K562,0.81779337,1.0,5
ENSG00000102934,-0.32879907,0.017033339,K562,0.9802884,1.0,5
ENSG00000102962,0.53078055,2.2739499,K562,0.9504613,1.0,5
ENSG00000102967,0.9865656,1.007321,K562,0.9414781,1.0,5
ENSG00000102974,1.5448264,1.4493241,K562,0.9427186,1.0,5
ENSG00000102977,1.6029288,1.4347285,K562,0.93846005,1.0,5
ENSG00000102978,1.4308385,1.7679718,K562,0.97682875,1.0,5
ENSG00000102978,1.343732,1.7679718,K562,0.9667663,1.0,5
ENSG00000102981,1.2827212,0.854913,K562,0.87372303,1.0,5
ENSG00000102984,1.0076679,0.75050837,K562,0.93392396,1.0,5
ENSG00000102984,1.2437714,0.75050837,K562,0.6946966,1.0,5
ENSG00000102984,1.0371146,0.75050837,K562,0.9318871,0.69741696,5
ENSG00000102996,-0.55045784,-0.85387194,K562,0.9823355,1.0,5
ENSG00000102996,-0.456089,-0.85387194,K562,0.98471606,1.0,5
ENSG00000102996,-0.5531168,-0.85387194,K562,0.9858013,1.0,5
ENSG00000103005,1.0378896,1.5337721,K562,0.95246017,1.0,5
ENSG00000103005,1.1491649,1.5337721,K562,0.4727211,0.9828767,5
ENSG00000103018,1.3387142,2.0614147,K562,0.9586971,1.0,5
ENSG00000103018,1.5426357,2.0614147,K562,0.5657549,1.0,5
ENSG00000103018,1.2930213,2.0614147,K562,0.8806721,1.0,5
ENSG00000103021,0.50129825,0.4409091,K562,0.83634335,1.0,5
ENSG00000103021,0.15929806,0.4409091,K562,0.9133237,0.98165137,5
ENSG00000103024,1.7296416,1.6670792,K562,0.92799574,1.0,5
ENSG00000103024,1.7301792,1.6670792,K562,0.9312609,1.0,5
ENSG00000103034,-0.6110959,0.33645973,K562,0.9794829,1.0,5
ENSG00000103035,1.2978829,1.91981,K562,0.8792281,1.0,5
ENSG00000103035,1.4079651,1.91981,K562,0.9358518,1.0,5
ENSG00000103035,1.3899127,1.91981,K562,0.44191718,0.015286843,5
ENSG00000103037,1.5698404,1.2962263,K562,0.85073674,1.0,5
ENSG00000103037,1.542649,1.2962263,K562,0.94635373,1.0,5
ENSG00000103037,1.3256348,1.2962263,K562,0.72947735,1.0,5
ENSG00000103042,0.21847318,0.6794279,K562,0.96465844,1.0,5
ENSG00000103043,1.3245373,1.414472,K562,0.9543924,0.98767835,5
ENSG00000103047,0.9122189,0.75815463,K562,0.93101573,1.0,5
ENSG00000103047,0.8287449,0.75815463,K562,0.9368717,1.0,5
ENSG00000103051,1.5388365,1.424555,K562,0.93282056,1.0,5
ENSG00000103051,1.8043743,1.424555,K562,0.89043146,0.77416354,5
ENSG00000103051,1.5762376,1.424555,K562,0.93181026,0.9665871,5
ENSG00000103051,1.1344937,1.424555,K562,0.92343235,0.0071479627,5
ENSG00000103051,1.5495793,1.424555,K562,0.92226756,0.83973587,5
ENSG00000103056,0.20431757,0.053078443,K562,0.98442984,1.0,5
ENSG00000103061,1.5416533,1.0802656,K562,0.95582956,1.0,5
ENSG00000103061,1.7759397,1.0802656,K562,0.9107256,1.0,5
ENSG00000103064,1.711356,1.6368889,K562,0.9565196,1.0,5
ENSG00000103064,1.7230974,1.6368889,K562,0.76889306,0.65953946,5
ENSG00000103066,1.214077,0.8234742,K562,0.9622912,1.0,5
ENSG00000103066,0.87042236,0.8234742,K562,0.42884824,0.0,5
ENSG00000103066,0.84933937,0.8234742,K562,0.9345123,1.0,5
ENSG00000103067,0.46603736,-0.61978877,K562,0.97942036,1.0,5
ENSG00000103067,0.22545104,-0.61978877,K562,0.98947597,1.0,5
ENSG00000103091,0.80206954,1.4875625,K562,0.8806233,1.0,5
ENSG00000103111,1.5025846,1.4527062,K562,0.9550053,1.0,5
ENSG00000103111,1.5944704,1.4527062,K562,0.94780076,1.0,5
ENSG00000103121,1.2983788,1.9341449,K562,0.9322654,1.0,5
ENSG00000103121,1.2901069,1.9341449,K562,0.93139035,1.0,5
ENSG00000103121,1.731268,1.9341449,K562,0.7764327,1.0,5
ENSG00000103121,1.6952585,1.9341449,K562,0.31368956,0.23709457,5
ENSG00000103121,1.2983788,1.9341449,K562,0.9322654,0.6496732,5
ENSG00000103121,1.7292895,1.9341449,K562,0.7786538,0.7406589,5
ENSG00000103121,1.5217949,1.9341449,K562,0.4488434,0.08534085,5
ENSG00000103126,0.63086265,1.1664301,K562,0.9561843,1.0,5
ENSG00000103126,0.80787736,1.1664301,K562,0.9500909,0.10897928,5
ENSG00000103145,1.4701518,1.6012993,K562,0.81853336,1.0,5
ENSG00000103145,1.5299554,1.6012993,K562,0.9176881,0.5684726,5
ENSG00000103148,1.3660994,1.250176,K562,0.9533856,1.0,5
ENSG00000103148,1.1758996,1.250176,K562,0.9016369,0.6567164,5
ENSG00000103148,1.2171434,1.250176,K562,0.91027474,0.6725146,5
ENSG00000103150,0.5576297,0.32428247,K562,0.97485334,1.0,5
ENSG00000103152,1.5631725,2.1640255,K562,0.9052356,1.0,5
ENSG00000103160,0.25018957,0.72181064,K562,0.95434463,1.0,5
ENSG00000103168,1.1605006,1.4858633,K562,0.9681551,1.0,5
ENSG00000103168,1.34823,1.4858633,K562,0.9685468,1.0,5
ENSG00000103168,1.2946018,1.4858633,K562,0.957823,0.90939224,5
ENSG00000103174,0.46512392,0.85733247,K562,0.9543243,1.0,5
ENSG00000103174,0.778659,0.85733247,K562,0.9199285,0.0,5
ENSG00000103187,1.4702514,2.527011,K562,0.94507533,1.0,5
ENSG00000103187,1.555352,2.527011,K562,0.8493559,1.0,5
ENSG00000103194,1.6516936,1.8405452,K562,0.9262328,1.0,5
ENSG00000103194,1.640936,1.8405452,K562,0.8554119,1.0,5
ENSG00000103194,1.7348667,1.8405452,K562,0.74379957,0.014583333,5
ENSG00000103194,1.592009,1.8405452,K562,0.85445267,0.053579368,5
ENSG00000103194,1.697809,1.8405452,K562,0.74131304,0.7026292,5
ENSG00000103196,-0.75315833,-0.7447275,K562,0.9615717,1.0,5
ENSG00000103197,1.2403353,1.4844422,K562,0.95165914,1.0,5
ENSG00000103197,0.98677206,1.4844422,K562,0.96004057,1.0,5
ENSG00000103197,1.5410653,1.4844422,K562,0.85118234,1.0,5
ENSG00000103197,1.331282,1.4844422,K562,0.95573694,1.0,5
ENSG00000103197,1.2013808,1.4844422,K562,0.8117266,0.004016064,5
ENSG00000103199,1.3649435,0.7781513,K562,0.947861,1.0,5
ENSG00000103199,1.3064823,0.7781513,K562,0.95355755,1.0,5
ENSG00000103202,0.70874727,2.2775633,K562,0.91863185,1.0,5
ENSG00000103202,0.6401371,2.2775633,K562,0.85919535,0.021484664,5
ENSG00000103222,1.3755119,1.1855421,K562,0.9381371,1.0,5
ENSG00000103222,1.4581431,1.1855421,K562,0.77410394,0.0,5
ENSG00000103226,-0.06847509,1.2615007,K562,0.95942646,1.0,5
ENSG00000103226,-0.1491645,1.2615007,K562,0.89377105,0.9047619,5
ENSG00000103227,-0.5228263,0.45636603,K562,0.9821016,1.0,5
ENSG00000103245,1.2585436,1.5438198,K562,0.9622888,1.0,5
ENSG00000103245,1.569147,1.5438198,K562,0.92327225,1.0,5
ENSG00000103245,1.4881008,1.5438198,K562,0.8698563,0.857672,5
ENSG00000103248,1.0844189,1.1568519,K562,0.95530266,1.0,5
ENSG00000103248,1.2522117,1.1568519,K562,0.8467568,0.016826924,5
ENSG00000103249,1.2552888,1.7021719,K562,0.9134761,1.0,5
ENSG00000103249,1.1997894,1.7021719,K562,0.94951874,1.0,5
ENSG00000103249,1.5404977,1.7021719,K562,0.9364285,1.0,5
ENSG00000103249,1.0991589,1.7021719,K562,0.9432964,0.7401797,5
ENSG00000103253,1.0904518,1.568671,K562,0.9313753,1.0,5
ENSG00000103253,1.4985349,1.568671,K562,0.92042804,0.9700942,5
ENSG00000103254,1.5511479,1.5837654,K562,0.9614844,1.0,5
ENSG00000103254,1.6012899,1.5837654,K562,0.93976486,1.0,5
ENSG00000103254,1.5517857,1.5837654,K562,0.8847434,0.5716777,5
ENSG00000103257,1.0324951,1.6067038,K562,0.8841822,1.0,5
ENSG00000103260,-0.10084374,0.92376196,K562,0.9751637,1.0,5
ENSG00000103264,1.2390443,1.193681,K562,0.93572325,1.0,5
ENSG00000103266,1.6355139,1.8096944,K562,0.9633721,1.0,5
ENSG00000103266,1.6221963,1.8096944,K562,0.968815,1.0,5
ENSG00000103269,0.016424753,-0.07058107,K562,0.98577315,1.0,5
ENSG00000103274,1.2734469,1.7118073,K562,0.94132686,1.0,5
ENSG00000103274,1.2659326,1.7118073,K562,0.50517356,0.97949886,5
ENSG00000103274,1.2232698,1.7118073,K562,0.8867812,0.72,5
ENSG00000103274,1.1677252,1.7118073,K562,0.9142169,0.95387006,5
ENSG00000103275,1.6170636,2.2202127,K562,0.9503193,1.0,5
ENSG00000103313,-0.38130757,-0.61978877,K562,0.9723164,1.0,5
ENSG00000103319,1.1345526,1.0301948,K562,0.9614781,1.0,5
ENSG00000103319,1.2397972,1.0301948,K562,0.93974835,1.0,5
ENSG00000103319,1.1609508,1.0301948,K562,0.9611542,1.0,5
ENSG00000103326,1.328004,1.5601459,K562,0.96680474,1.0,5
ENSG00000103326,1.2838005,1.5601459,K562,0.89322317,0.920739,5
ENSG00000103335,1.4902223,2.0509207,K562,0.93124384,1.0,5
ENSG00000103335,1.5794039,2.0509207,K562,0.8281385,0.2122887,5
ENSG00000103342,1.1405832,1.75732,K562,0.7697668,1.0,5
ENSG00000103343,0.7391289,0.9175055,K562,0.91399604,1.0,5
ENSG00000103353,1.6053666,1.4696748,K562,0.92744935,1.0,5
ENSG00000103356,1.6440357,1.4202859,K562,0.89961845,1.0,5
ENSG00000103363,1.92251,2.3712525,K562,0.93359494,1.0,5
ENSG00000103363,1.8129108,2.3712525,K562,0.9261785,0.96100396,5
ENSG00000103363,1.7300725,2.3712525,K562,0.9211566,0.11111111,5
ENSG00000103365,1.3269475,1.8179618,K562,0.87297034,1.0,5
ENSG00000103381,0.96115124,1.0468851,K562,0.9648837,0.47826087,5
ENSG00000103404,0.56192887,0.51454777,K562,0.94162315,1.0,5
ENSG00000103415,1.4338104,1.758003,K562,0.3353322,1.0,5
ENSG00000103415,1.4400584,1.758003,K562,0.2491087,0.09031936,5
ENSG00000103423,1.5449592,1.8023632,K562,0.95783186,1.0,5
ENSG00000103423,1.6483314,1.8023632,K562,0.9211266,1.0,5
ENSG00000103423,1.5358855,1.8023632,K562,0.912726,0.19508028,5
ENSG00000103426,1.6493094,-0.32790214,K562,0.94744575,1.0,5
ENSG00000103429,1.5087055,1.601408,K562,0.90971714,1.0,5
ENSG00000103429,1.1289968,1.601408,K562,0.92902035,0.94635123,5
ENSG00000103479,0.9610659,1.5094713,K562,0.96797603,1.0,5
ENSG00000103479,1.0587358,1.5094713,K562,0.24707292,0.030590717,5
ENSG00000103485,1.2627412,1.4046627,K562,0.9625858,1.0,5
ENSG00000103485,1.1511357,1.4046627,K562,0.94664174,0.751714,5
ENSG00000103490,1.4421471,1.9064966,K562,0.8087342,0.45811966,5
ENSG00000103494,0.3636952,0.50514996,K562,0.9215031,1.0,5
ENSG00000103494,0.44353363,0.50514996,K562,0.29246798,0.23243243,5
ENSG00000103494,0.47902545,0.50514996,K562,0.8831568,0.8972973,5
ENSG00000103495,1.702561,2.0783844,K562,0.89708865,1.0,5
ENSG00000103495,1.6727725,2.0783844,K562,0.94797856,0.51223904,5
ENSG00000103496,1.5054803,1.4084096,K562,0.9374575,1.0,5
ENSG00000103496,1.5623441,1.4084096,K562,0.96316206,1.0,5
ENSG00000103502,1.6497012,1.4187983,K562,0.851725,1.0,5
ENSG00000103502,1.9608601,1.4187983,K562,0.81415194,0.23367065,5
ENSG00000103502,1.9541284,1.4187983,K562,0.84376365,0.4223301,5
ENSG00000103507,1.5920469,1.5765717,K562,0.87323254,1.0,5
ENSG00000103507,1.4847763,1.5765717,K562,0.97099215,1.0,5
ENSG00000103507,1.4816879,1.5765717,K562,0.96033955,1.0,5
ENSG00000103510,1.6731288,1.6558105,K562,0.9563181,1.0,5
ENSG00000103510,1.4440097,1.6558105,K562,0.9462412,1.0,5
ENSG00000103512,0.22125413,1.374565,K562,0.8235416,1.0,5
ENSG00000103512,0.27160284,1.374565,K562,0.89089835,1.0,5
ENSG00000103522,1.6623627,1.918345,K562,0.9463768,1.0,5
ENSG00000103540,0.8350574,1.1886473,K562,0.94969267,1.0,5
ENSG00000103540,1.2508804,1.1886473,K562,0.8314907,0.318555,5
ENSG00000103540,1.0815066,1.1886473,K562,0.36574453,0.37795994,5
ENSG00000103544,1.1135615,1.2652897,K562,0.87313676,1.0,5
ENSG00000103544,1.1620511,1.2652897,K562,0.9436175,1.0,5
ENSG00000103544,1.0991784,1.2652897,K562,0.9265272,1.0,5
ENSG00000103544,1.0166897,1.2652897,K562,0.84153914,0.9952343,5
ENSG00000103544,0.71294415,1.2652897,K562,0.7176374,0.97516024,5
ENSG00000103549,1.4722091,1.5986811,K562,0.94912845,1.0,5
ENSG00000103549,1.4718324,1.5986811,K562,0.96124,1.0,5
ENSG00000103549,1.5731783,1.5986811,K562,0.9605807,1.0,5
ENSG00000103550,0.93559724,1.3596458,K562,0.91676253,1.0,5
ENSG00000103550,0.78667784,1.3596458,K562,0.94011945,1.0,5
ENSG00000104731,1.6412624,1.6090605,K562,0.95701545,1.0,5
ENSG00000104731,1.7823112,1.6090605,K562,0.92470187,1.0,5
ENSG00000104731,1.6850334,1.6090605,K562,0.9561854,1.0,5
ENSG00000104731,1.658074,1.6090605,K562,0.94631696,0.8184639,5
ENSG00000111801,1.1190103,1.0729847,K562,0.92778,1.0,5
ENSG00000111801,1.3034097,1.0729847,K562,0.6380229,0.7581019,5
ENSG00000111801,1.3571361,1.0729847,K562,0.88920164,0.94391245,5
ENSG00000111802,1.1880172,1.4791433,K562,0.9228612,1.0,5
ENSG00000111802,1.7125312,1.4791433,K562,0.8973089,1.0,5
ENSG00000111816,-0.29355294,0.008600172,K562,0.97080934,1.0,5
ENSG00000111816,-0.07333084,0.008600172,K562,0.9413047,1.0,5
ENSG00000111816,-0.17124568,0.008600172,K562,0.97070473,1.0,5
ENSG00000111816,0.30908436,0.008600172,K562,0.9679597,1.0,5
ENSG00000111817,1.1522102,1.4758164,K562,0.8850818,1.0,5
ENSG00000111832,1.078836,1.4490153,K562,0.9274113,1.0,5
ENSG00000111832,1.3091632,1.4490153,K562,0.34766257,0.7878539,5
ENSG00000111837,0.9826213,-0.92081875,K562,0.8672695,1.0,5
ENSG00000111837,0.7869879,-0.92081875,K562,0.9175219,1.0,5
ENSG00000111843,1.0134413,1.8759868,K562,0.8693242,1.0,5
ENSG00000111845,1.2870272,1.3362596,K562,0.93570065,1.0,5
ENSG00000111845,1.1531351,1.3362596,K562,0.92616254,1.0,5
ENSG00000111846,0.79309356,0.9400182,K562,0.9392869,1.0,5
ENSG00000111850,0.86669886,0.74272513,K562,0.42233735,0.0,5
ENSG00000111860,0.59571755,0.4785665,K562,0.94719684,1.0,5
ENSG00000111863,-0.42183992,0.19865708,K562,0.96762073,0.029411765,5
ENSG00000111875,1.0747424,1.2633994,K562,0.814424,1.0,5
ENSG00000111877,0.7467179,0.8267225,K562,0.9575007,1.0,5
ENSG00000111877,0.85141724,0.8267225,K562,0.95930094,1.0,5
ENSG00000111880,0.97639847,1.0398105,K562,0.8111779,1.0,5
ENSG00000111880,0.8502041,1.0398105,K562,0.89394623,0.99355435,5
ENSG00000111885,1.163648,1.0737183,K562,0.90539336,1.0,5
ENSG00000111897,1.3104893,1.2968844,K562,0.9427429,1.0,5
ENSG00000111906,1.0807215,1.8987252,K562,0.8874362,1.0,5
ENSG00000111906,0.8602666,1.8987252,K562,0.931832,0.85326195,5
ENSG00000111907,-0.7753051,-0.7447275,K562,0.98666465,1.0,5
ENSG00000111911,1.0147396,0.5390761,K562,0.9659434,1.0,5
ENSG00000111912,1.4149861,1.224274,K562,0.86023486,1.0,5
ENSG00000111912,1.0992072,1.224274,K562,0.876937,1.0,5
ENSG00000111912,1.1574587,1.224274,K562,0.9536351,1.0,5
ENSG00000111912,0.97164714,1.224274,K562,0.93031317,1.0,5
ENSG00000111912,1.1568586,1.224274,K562,0.92771935,1.0,5
ENSG00000111912,1.4370637,1.224274,K562,0.89525366,1.0,5
ENSG00000111912,1.39512,1.224274,K562,0.9174814,1.0,5
ENSG00000111912,0.8104862,1.224274,K562,0.9311319,0.74404144,5
ENSG00000111961,-0.80981183,-0.85387194,K562,0.98520017,1.0,5
ENSG00000111961,-0.81681395,-0.85387194,K562,0.98373914,1.0,5
ENSG00000111961,-0.8494731,-0.85387194,K562,0.9879088,1.0,5
ENSG00000112029,0.8829825,1.3778524,K562,0.92329097,1.0,5
ENSG00000112029,1.1700324,1.3778524,K562,0.8703522,1.0,5
ENSG00000112031,0.92916495,0.9790929,K562,0.89654934,1.0,5
ENSG00000112031,0.87669224,0.9790929,K562,0.86654735,1.0,5
ENSG00000112031,0.8561344,0.9790929,K562,0.94628304,0.76433915,5
ENSG00000112033,0.968426,1.0409977,K562,0.95376486,1.0,5
ENSG00000112033,1.119677,1.0409977,K562,0.9606801,1.0,5
ENSG00000112039,0.5600199,0.908485,K562,0.73627037,1.0,5
ENSG00000112039,0.332127,0.908485,K562,0.8769697,1.0,5
ENSG00000112062,0.99204683,1.4690853,K562,0.82786477,1.0,5
ENSG00000112062,1.2560309,1.4690853,K562,0.9170667,0.997351,5
ENSG00000112077,-0.69068813,-0.92081875,K562,0.98612505,1.0,5
ENSG00000112078,1.1009661,1.553033,K562,0.9526753,1.0,5
ENSG00000112078,1.228655,1.553033,K562,0.89514166,1.0,5
ENSG00000112078,0.972298,1.553033,K562,0.9396757,0.7576887,5
ENSG00000112078,1.1503994,1.553033,K562,0.9216709,0.9944082,5
ENSG00000112079,0.7235458,0.9708116,K562,0.92209876,1.0,5
ENSG00000112081,1.8633711,2.60665,K562,0.8960439,1.0,5
ENSG00000112081,1.7700901,2.60665,K562,0.89892226,1.0,5
ENSG00000112081,1.6507436,2.60665,K562,0.91610783,1.0,5
ENSG00000112096,1.7018671,1.4825878,K562,0.889454,1.0,5
ENSG00000112096,1.2840959,1.4825878,K562,0.95467937,0.9883246,5
ENSG00000112096,1.4332466,1.4825878,K562,0.9212725,0.6788292,5
ENSG00000112118,1.4285154,2.2076614,K562,0.9580913,1.0,5
ENSG00000112118,1.5521135,2.2076614,K562,0.85821956,1.0,5
ENSG00000112118,1.5461813,2.2076614,K562,0.8885242,1.0,5
ENSG00000112130,0.9032877,1.2552725,K562,0.932914,1.0,5
ENSG00000112130,1.1211742,1.2552725,K562,0.9546399,1.0,5
ENSG00000112130,1.1243541,1.2552725,K562,0.9063108,1.0,5
ENSG00000112137,1.5589622,1.5381966,K562,0.81159794,1.0,5
ENSG00000112139,-0.07700668,-0.07058107,K562,0.9682432,1.0,5
ENSG00000112139,-0.26851663,-0.07058107,K562,0.9623954,1.0,5
ENSG00000112139,-0.26469147,-0.07058107,K562,0.9451924,1.0,5
ENSG00000112144,0.9138708,0.40993312,K562,0.8881768,1.0,5
ENSG00000112144,0.9981346,0.40993312,K562,0.95481527,1.0,5
ENSG00000112144,0.8094762,0.40993312,K562,0.941518,1.0,5
ENSG00000112144,0.84883195,0.40993312,K562,0.9445597,1.0,5
ENSG00000112144,0.81800646,0.40993312,K562,0.94282204,1.0,5
ENSG00000112144,1.36719,0.40993312,K562,0.42309865,0.14979757,5
ENSG00000112146,1.2221398,1.4692328,K562,0.8984815,1.0,5
ENSG00000112149,1.7274005,2.122478,K562,0.89228016,1.0,5
ENSG00000112149,1.6579973,2.122478,K562,0.8573202,1.0,5
ENSG00000112159,1.3760934,1.1228709,K562,0.9481426,1.0,5
ENSG00000112182,-0.60606015,-0.92081875,K562,0.96410906,1.0,5
ENSG00000112182,-0.5730431,-0.92081875,K562,0.96049577,1.0,5
ENSG00000112195,0.5833053,0.7656686,K562,0.9306595,1.0,5
ENSG00000112200,0.6407107,1.2211534,K562,0.917687,1.0,5
ENSG00000112200,0.5597843,1.2211534,K562,0.9010057,0.99833053,5
ENSG00000112208,1.1498518,0.7951846,K562,0.941303,1.0,5
ENSG00000112210,0.80128527,0.34830487,K562,0.9227846,1.0,5
ENSG00000112210,0.6288389,0.34830487,K562,0.910341,1.0,5
ENSG00000112234,0.60003936,0.6414741,K562,0.8613724,1.0,5
ENSG00000112234,0.72443414,0.6414741,K562,0.83229697,1.0,5
ENSG00000112234,0.52970815,0.6414741,K562,0.83735794,0.43091336,5
ENSG00000112237,0.87358725,1.6783363,K562,0.9131787,1.0,5
ENSG00000112237,0.7561209,1.6783363,K562,0.9168945,0.044757035,5
ENSG00000112237,1.018363,1.6783363,K562,0.9155834,0.9145062,5
ENSG00000112242,1.0005312,0.93500316,K562,0.8948006,1.0,5
ENSG00000112245,1.34857,0.88366145,K562,0.83749366,1.0,5
ENSG00000112249,0.81843156,1.2496874,K562,0.9028101,1.0,5
ENSG00000112282,0.90711975,1.1451964,K562,0.7839899,1.0,5
ENSG00000112282,1.0497435,1.1451964,K562,0.40455335,0.078093305,5
ENSG00000112290,0.63645244,0.6314438,K562,0.61588687,1.0,5
ENSG00000112290,0.6395778,0.6314438,K562,0.9300012,1.0,5
ENSG00000112290,0.27457464,0.6314438,K562,0.69817424,1.0,5
ENSG00000112290,0.32343265,0.6314438,K562,0.9502903,0.44392523,5
ENSG00000112293,0.4919109,-0.113509275,K562,0.9608288,1.0,5
ENSG00000112294,0.57687044,0.9454686,K562,0.94951165,1.0,5
ENSG00000112294,0.5513618,0.9454686,K562,0.91906345,1.0,5
ENSG00000112294,0.7063023,0.9454686,K562,0.9243202,0.25587144,5
ENSG00000112303,-0.056023147,1.2005769,K562,0.91261864,1.0,5
ENSG00000112304,1.0182927,1.276232,K562,0.91895115,1.0,5
ENSG00000112304,1.103398,1.276232,K562,0.88857806,0.1969697,5
ENSG00000112305,0.9257435,1.2294259,K562,0.84973556,1.0,5
ENSG00000112305,0.74333656,1.2294259,K562,0.50270337,0.34620097,5
ENSG00000112305,1.1282102,1.2294259,K562,0.897095,0.04779412,5
ENSG00000112308,1.590989,1.770189,K562,0.9234544,1.0,5
ENSG00000112312,1.5454223,1.6937269,K562,0.73532164,1.0,5
ENSG00000112312,1.5454223,1.6937269,K562,0.73532164,1.0,5
ENSG00000112312,1.2186407,1.6937269,K562,0.9076089,1.0,5
ENSG00000112312,1.1404728,1.6937269,K562,0.80551815,1.0,5
ENSG00000112335,1.1756347,1.8781195,K562,0.92578435,1.0,5
ENSG00000112335,1.3096906,1.8781195,K562,0.92241263,0.0017243667,5
ENSG00000112335,1.2678343,1.8781195,K562,0.9259431,0.9993074,5
ENSG00000112339,1.2980214,1.7013953,K562,0.9286002,1.0,5
ENSG00000112339,1.2980214,1.7013953,K562,0.9286002,0.85016286,5
ENSG00000112339,1.1667715,1.7013953,K562,0.92258286,0.1837373,5
ENSG00000112343,1.689416,0.94841295,K562,0.9240875,1.0,5
ENSG00000112357,1.0806731,0.9818186,K562,0.79440683,1.0,5
ENSG00000112365,1.2869703,0.7986506,K562,0.8283812,1.0,5
ENSG00000112365,1.3414594,0.7986506,K562,0.88620317,1.0,5
ENSG00000112367,0.6297395,0.92737037,K562,0.95799404,1.0,5
ENSG00000112367,0.7070862,0.92737037,K562,0.895463,1.0,5
ENSG00000112378,-0.7243874,-0.1674911,K562,0.9832228,1.0,5
ENSG00000112394,0.3477624,0.7986506,K562,0.92121464,1.0,5
ENSG00000112406,0.361384,0.33645973,K562,0.97507834,1.0,5
ENSG00000112419,-0.724801,0.48855072,K562,0.98929673,1.0,5
ENSG00000112419,-0.6609845,0.48855072,K562,0.981139,1.0,5
ENSG00000112419,-0.6712324,0.48855072,K562,0.97954273,1.0,5
ENSG00000112419,-0.5978671,0.48855072,K562,0.96407086,1.0,5
ENSG00000112419,-0.6774204,0.48855072,K562,0.98855734,1.0,5
ENSG00000112419,-0.6715467,0.48855072,K562,0.96301067,1.0,5
ENSG00000112473,1.7132844,1.6524397,K562,0.90377253,1.0,5
ENSG00000112511,1.3710243,1.1970047,K562,0.83181906,1.0,5
ENSG00000112511,1.4109179,1.1970047,K562,0.8926151,0.9376083,5
ENSG00000112514,1.5299002,2.179322,K562,0.8931064,1.0,5
ENSG00000112531,0.7805926,1.4199557,K562,0.94512796,1.0,5
ENSG00000112561,1.6238368,1.9821355,K562,0.93342674,1.0,5
ENSG00000112561,1.5757276,1.9821355,K562,0.9456755,1.0,5
ENSG00000112561,1.5637078,1.9821355,K562,0.9668323,0.5681106,5
ENSG00000112576,1.1609323,1.5935076,K562,0.9099355,1.0,5
ENSG00000112576,1.3353536,1.5935076,K562,0.904,0.9717011,5
ENSG00000112576,1.3361896,1.5935076,K562,0.90406466,0.2806324,5
ENSG00000112578,1.5003021,1.6372895,K562,0.9596785,1.0,5
ENSG00000112584,1.2488841,1.133539,K562,0.93800825,1.0,5
ENSG00000112592,1.2040648,1.3366598,K562,0.90046966,1.0,5
ENSG00000112592,1.044076,1.3366598,K562,0.93010795,0.9801418,5
ENSG00000112592,1.0417953,1.3366598,K562,0.9358535,0.990078,5
ENSG00000112599,-0.5893363,-0.48148605,K562,0.9801887,1.0,5
ENSG00000112599,-0.48651975,-0.48148605,K562,0.9830397,1.0,5
ENSG00000112640,1.4186661,1.3793055,K562,0.95295095,1.0,5
ENSG00000112640,1.4934798,1.3793055,K562,0.795294,0.8741166,5
ENSG00000112655,-0.5314031,0.67117286,K562,0.9876058,1.0,5
ENSG00000112655,-0.4319958,0.67117286,K562,0.98600686,1.0,5
ENSG00000112655,-0.50822926,0.67117286,K562,0.98663217,0.89325845,5
ENSG00000112658,1.7304393,1.6119356,K562,0.9511462,1.0,5
ENSG00000112658,1.5482466,1.6119356,K562,0.9498557,1.0,5
ENSG00000112659,1.367587,1.580925,K562,0.9037058,1.0,5
ENSG00000112659,1.1988912,1.580925,K562,0.9267633,0.6943765,5
ENSG00000112667,1.1625737,2.0897639,K562,0.95020187,1.0,5
ENSG00000112667,1.0429941,2.0897639,K562,0.9401559,1.0,5
ENSG00000112679,1.6718428,2.059677,K562,0.8752159,1.0,5
ENSG00000112679,1.6142708,2.059677,K562,0.87554216,1.0,5
ENSG00000112679,1.560366,2.059677,K562,0.71353567,0.91170186,5
ENSG00000112685,0.78100955,1.0733517,K562,0.83639896,1.0,5
ENSG00000112695,0.9652424,2.295017,K562,0.84022313,1.0,5
ENSG00000112695,1.2038318,2.295017,K562,0.9171905,0.9582406,5
ENSG00000112695,0.9650396,2.295017,K562,0.89704984,0.77754235,5
ENSG00000112695,0.9612125,2.295017,K562,0.8404302,0.9930835,5
ENSG00000112697,1.192728,1.3265407,K562,0.6935353,1.0,5
ENSG00000112697,1.1180927,1.3265407,K562,0.8267739,0.9981025,5
ENSG00000112699,1.5687016,1.369587,K562,0.87712735,1.0,5
ENSG00000112699,0.9274866,1.369587,K562,0.8882928,0.008175779,5
ENSG00000112701,1.0251981,1.4358444,K562,0.9463553,1.0,5
ENSG00000112701,1.0190908,1.4358444,K562,0.58565867,0.4225352,5
ENSG00000112701,1.0068473,1.4358444,K562,0.92283005,0.58129585,5
ENSG00000112715,1.6736833,1.3242824,K562,0.84212446,1.0,5
ENSG00000112715,1.6077719,1.3242824,K562,0.9399606,1.0,5
ENSG00000112715,1.5806795,1.3242824,K562,0.71459746,1.0,5
ENSG00000112715,1.5288781,1.3242824,K562,0.6999637,0.06666667,5
ENSG00000112715,1.5447379,1.3242824,K562,0.8421097,0.11111111,5
ENSG00000112715,1.5447379,1.3242824,K562,0.8421097,0.0,5
ENSG00000112715,1.5847746,1.3242824,K562,0.7696,0.0,5
ENSG00000112715,1.6463895,1.3242824,K562,0.90363604,0.0,5
ENSG00000112715,1.6202918,1.3242824,K562,0.9213084,0.4824387,5
ENSG00000112739,1.1896688,1.5625308,K562,0.91427207,1.0,5
ENSG00000112739,1.2151959,1.5625308,K562,0.933254,1.0,5
ENSG00000112739,1.312606,1.5625308,K562,0.9328814,1.0,5
ENSG00000112739,1.422661,1.5625308,K562,0.908841,0.24057789,5
ENSG00000112739,1.3412757,1.5625308,K562,0.8939131,0.19238476,5
ENSG00000112742,1.07351,1.2650537,K562,0.86947274,1.0,5
ENSG00000112759,1.3496518,1.9882914,K562,0.9519546,1.0,5
ENSG00000112759,1.3473133,1.9882914,K562,0.9492639,1.0,5
ENSG00000112759,1.3184692,1.9882914,K562,0.76206464,0.13575451,5
ENSG00000112763,1.5105417,1.1119343,K562,0.7664517,1.0,5
ENSG00000112763,1.6154891,1.1119343,K562,0.7073279,0.7859116,5
ENSG00000112773,-0.46004882,-0.3767507,K562,0.98039895,1.0,5
ENSG00000112773,-0.4638614,-0.3767507,K562,0.9804688,1.0,5
ENSG00000112812,-0.59487,0.9609462,K562,0.9752424,1.0,5
ENSG00000112812,-0.4978505,0.9609462,K562,0.9737586,0.21428572,5
ENSG00000118418,1.0910844,2.2270122,K562,0.6981762,1.0,5
ENSG00000118420,0.5910254,0.5820634,K562,0.9368228,1.0,5
ENSG00000118420,0.67329127,0.5820634,K562,0.9004107,0.0362117,5
ENSG00000118420,0.9429517,0.5820634,K562,0.33054215,0.03888889,5
ENSG00000118482,1.0357592,1.1670218,K562,0.9419142,1.0,5
ENSG00000118482,1.0798231,1.1670218,K562,0.84953797,0.05459057,5
ENSG00000118482,1.2993145,1.1670218,K562,0.84504753,0.70872486,5
ENSG00000118491,-0.61785495,-0.7695511,K562,0.9737558,1.0,5
ENSG00000118491,-0.28216165,-0.7695511,K562,0.9688394,1.0,5
ENSG00000118495,0.27067697,0.7075702,K562,0.97911054,1.0,5
ENSG00000118495,-0.108048856,0.7075702,K562,0.8496844,1.0,5
ENSG00000118495,0.08554141,0.7075702,K562,0.8960229,0.55607474,5
ENSG00000118495,-0.074854985,0.7075702,K562,0.88056874,0.5588235,5
ENSG00000118496,0.88360107,0.45636603,K562,0.89599776,1.0,5
ENSG00000118503,1.6722965,2.07784,K562,0.9206832,1.0,5
ENSG00000118513,1.2815534,1.1367205,K562,0.91164154,1.0,5
ENSG00000118513,1.107756,1.1367205,K562,0.81924593,1.0,5
ENSG00000118513,1.2629015,1.1367205,K562,0.92622054,0.9897872,5
ENSG00000118513,1.3299407,1.1367205,K562,0.90104914,1.0,5
ENSG00000118513,1.3607596,1.1367205,K562,0.8987945,1.0,5
ENSG00000118513,1.241655,1.1367205,K562,0.8335646,0.0,5
ENSG00000118513,1.2364498,1.1367205,K562,0.83289427,0.025669644,5
ENSG00000118513,1.3127443,1.1367205,K562,0.9190993,1.0,5
ENSG00000118513,1.2980014,1.1367205,K562,0.897465,0.006628788,5
ENSG00000118513,1.315529,1.1367205,K562,0.85787815,0.0,5
ENSG00000118513,1.3597583,1.1367205,K562,0.85505956,0.011310085,5
ENSG00000118513,1.1716826,1.1367205,K562,0.7204447,0.0,5
ENSG00000118513,1.3108419,1.1367205,K562,0.9263175,1.0,5
ENSG00000118513,1.0383729,1.1367205,K562,0.31885093,0.0068085105,5
ENSG00000118514,-0.54074156,-0.1674911,K562,0.9802942,1.0,5
ENSG00000118514,-0.40344122,-0.1674911,K562,0.9841213,1.0,5
ENSG00000118514,-0.48071972,-0.1674911,K562,0.97524637,1.0,5
ENSG00000118515,0.7000883,0.16731733,K562,0.96656376,1.0,5
ENSG00000118515,0.5705707,0.16731733,K562,0.86075675,1.0,5
ENSG00000118518,1.1373023,1.2103186,K562,0.841804,0.0,5
ENSG00000118518,0.9324449,1.2103186,K562,0.89529026,0.17259651,5
ENSG00000118689,1.217548,0.06818586,K562,0.886737,1.0,5
ENSG00000118689,0.82406574,0.06818586,K562,0.9216834,1.0,5
ENSG00000118690,-0.7307471,-0.92081875,K562,0.9881678,1.0,5
ENSG00000118894,0.7224652,1.1920096,K562,0.839198,1.0,5
ENSG00000118894,0.9159335,1.1920096,K562,0.9589582,1.0,5
ENSG00000118894,1.0760697,1.1920096,K562,0.37658998,1.0,5
ENSG00000118894,1.0760697,1.1920096,K562,0.37658998,1.0,5
ENSG00000118894,0.95486647,1.1920096,K562,0.9310031,0.69905955,5
ENSG00000118900,1.5589198,1.1607685,K562,0.44265136,1.0,5
ENSG00000118900,1.6896095,1.1607685,K562,0.9439238,1.0,5
ENSG00000118900,1.6576332,1.1607685,K562,0.9574502,1.0,5
ENSG00000118900,1.7370703,1.1607685,K562,0.8659727,1.0,5
ENSG00000119899,0.9427834,0.49968708,K562,0.70132375,1.0,5
ENSG00000120253,1.0672492,1.2964458,K562,0.94584954,1.0,5
ENSG00000120253,0.86602694,1.2964458,K562,0.9082225,1.0,5
ENSG00000120253,1.1716243,1.2964458,K562,0.884935,1.0,5
ENSG00000120253,0.8960657,1.2964458,K562,0.9229734,1.0,5
ENSG00000120253,1.0656254,1.2964458,K562,0.83981144,1.0,5
ENSG00000120253,0.86602694,1.2964458,K562,0.9082225,0.8952381,5
ENSG00000120253,0.8960657,1.2964458,K562,0.9229734,0.94927144,5
ENSG00000120253,1.1716243,1.2964458,K562,0.884935,0.9544221,5
ENSG00000120254,1.4160962,1.3434086,K562,0.8733935,1.0,5
ENSG00000120254,1.3329669,1.3434086,K562,0.77622825,1.0,5
ENSG00000120265,1.0586559,1.772395,K562,0.9471845,1.0,5
ENSG00000120265,0.8645092,1.772395,K562,0.9480022,1.0,5
ENSG00000120265,1.1149406,1.772395,K562,0.90847194,1.0,5
ENSG00000120265,1.0014192,1.772395,K562,0.9360952,0.9053571,5
ENSG00000120437,1.3525025,1.9102508,K562,0.9560516,1.0,5
ENSG00000120438,1.5087566,2.1423895,K562,0.8827016,1.0,5
ENSG00000120438,1.641224,2.1423895,K562,0.6657173,1.0,5
ENSG00000121274,1.0771343,0.8337844,K562,0.9461675,1.0,5
ENSG00000121281,1.3656468,1.5995556,K562,0.9442548,1.0,5
ENSG00000122257,1.28331,1.4574277,K562,0.9402219,1.0,5
ENSG00000122257,1.0576837,1.4574277,K562,0.9323058,0.86336637,5
ENSG00000122299,1.6297207,1.6429589,K562,0.81709725,1.0,5
ENSG00000122335,0.91398907,0.17897695,K562,0.79501146,1.0,5
ENSG00000122386,0.8775825,-0.055517327,K562,0.9264135,1.0,5
ENSG00000122386,0.46071652,-0.055517327,K562,0.96034634,1.0,5
ENSG00000122390,1.5896363,1.4537768,K562,0.95704377,1.0,5
ENSG00000122390,1.3540826,1.4537768,K562,0.9543884,0.9564002,5
ENSG00000123505,1.4215046,1.623456,K562,0.9396842,1.0,5
ENSG00000123505,1.4551508,1.623456,K562,0.7708165,0.989441,5
ENSG00000123545,1.5519727,1.4320067,K562,0.82928985,1.0,5
ENSG00000123552,0.9920331,0.91539985,K562,0.95788217,1.0,5
ENSG00000124067,1.537321,1.1568519,K562,0.96568453,1.0,5
ENSG00000124067,1.4350382,1.1568519,K562,0.92993766,1.0,5
ENSG00000124067,1.3732195,1.1568519,K562,0.8724172,1.0,5
ENSG00000124067,1.2518448,1.1568519,K562,0.9524595,0.040358745,5
ENSG00000124067,1.3732195,1.1568519,K562,0.8724172,0.9885714,5
ENSG00000124074,0.8200152,0.8494194,K562,0.9338612,1.0,5
ENSG00000124496,0.5862535,1.0346285,K562,0.9503194,1.0,5
ENSG00000124507,-0.311331,0.7458552,K562,0.9828456,1.0,5
ENSG00000124508,1.2639525,1.3483049,K562,0.8581958,1.0,5
ENSG00000124508,1.3746572,1.3483049,K562,0.80834824,0.6493374,5
ENSG00000124508,1.4461567,1.3483049,K562,0.9445989,1.0,5
ENSG00000124508,1.4461567,1.3483049,K562,0.9445989,1.0,5
ENSG00000124523,0.91680604,0.87215626,K562,0.89036655,1.0,5
ENSG00000124523,0.91680604,0.87215626,K562,0.89036655,1.0,5
ENSG00000124523,0.84361684,0.87215626,K562,0.9560566,1.0,5
ENSG00000124523,1.039262,0.87215626,K562,0.88200754,1.0,5
ENSG00000124523,0.75848275,0.87215626,K562,0.7873803,1.0,5
ENSG00000124523,1.1180539,0.87215626,K562,0.88652116,0.92967653,5
ENSG00000124523,1.0172926,0.87215626,K562,0.4471407,0.9479606,5
ENSG00000124532,0.82929194,1.2569581,K562,0.91543055,1.0,5
ENSG00000124532,1.0158426,1.2569581,K562,0.9359859,1.0,5
ENSG00000124532,0.9376681,1.2569581,K562,0.6975971,1.0,5
ENSG00000124532,1.0903034,1.2569581,K562,0.8597808,0.8212219,5
ENSG00000124535,1.4451269,1.3749316,K562,0.7356741,1.0,5
ENSG00000124535,1.3771635,1.3749316,K562,0.8943715,1.0,5
ENSG00000124535,1.1475791,1.3749316,K562,0.93849814,1.0,5
ENSG00000124541,1.5011588,1.76886,K562,0.9427666,1.0,5
ENSG00000124541,1.56998,1.76886,K562,0.96928686,1.0,5
ENSG00000124541,1.42212,1.76886,K562,0.9487182,1.0,5
ENSG00000124557,0.03874289,-0.22914799,K562,0.97153306,1.0,5
ENSG00000124557,-0.5551721,-0.22914799,K562,0.98072654,1.0,5
ENSG00000124557,-0.37959787,-0.22914799,K562,0.97654426,1.0,5
ENSG00000124557,-0.18662882,-0.22914799,K562,0.95786357,1.0,5
ENSG00000124557,-0.19344042,-0.22914799,K562,0.9561145,1.0,5
ENSG00000124562,1.4545189,2.4976482,K562,0.6475849,1.0,5
ENSG00000124562,1.453533,2.4976482,K562,0.9383862,1.0,5
ENSG00000124571,1.2716037,1.5533975,K562,0.9453054,1.0,5
ENSG00000124571,1.4068073,1.5533975,K562,0.8908869,1.0,5
ENSG00000124571,1.3515912,1.5533975,K562,0.91234696,1.0,5
ENSG00000124574,1.2547718,0.9216865,K562,0.9500044,1.0,5
ENSG00000124574,1.0890225,0.9216865,K562,0.9438866,1.0,5
ENSG00000124587,1.5063224,1.097951,K562,0.9215047,1.0,5
ENSG00000124587,1.229182,1.097951,K562,0.8973302,1.0,5
ENSG00000124593,-0.5152276,0.4927604,K562,0.94168997,1.0,5
ENSG00000124593,-0.08945888,0.4927604,K562,0.96043056,1.0,5
ENSG00000124596,1.518861,1.4176377,K562,0.7942035,1.0,5
ENSG00000124596,1.3984503,1.4176377,K562,0.8494151,1.0,5
ENSG00000124602,-0.4351962,-0.07572071,K562,0.9737941,1.0,5
ENSG00000124608,1.2247689,1.071882,K562,0.947755,1.0,5
ENSG00000124608,1.4464244,1.071882,K562,0.94490224,1.0,5
ENSG00000124613,0.44564274,-0.113509275,K562,0.953201,1.0,5
ENSG00000124615,-0.78193134,-0.69897,K562,0.98112893,1.0,5
ENSG00000124641,1.1265243,1.0461048,K562,0.9423841,1.0,5
ENSG00000124641,1.2165586,1.0461048,K562,0.24007908,0.0,5
ENSG00000124641,0.9123021,1.0461048,K562,0.92641836,0.9548448,5
ENSG00000124688,1.648696,1.5986811,K562,0.8795359,1.0,5
ENSG00000124702,1.2469603,1.6534055,K562,0.9718678,1.0,5
ENSG00000124702,1.1747419,1.6534055,K562,0.9450779,0.99332297,5
ENSG00000124713,-0.22099808,-0.29242983,K562,0.98624796,1.0,5
ENSG00000124733,1.5417852,1.7673043,K562,0.93047935,1.0,5
ENSG00000124733,1.5691063,1.7673043,K562,0.9294317,1.0,5
ENSG00000124762,1.5702792,2.4380991,K562,0.9594776,1.0,5
ENSG00000124767,1.1155857,2.0213134,K562,0.8416923,1.0,5
ENSG00000124782,1.7272403,0.92839587,K562,0.63891953,1.0,5
ENSG00000124782,1.6653813,0.92839587,K562,0.92699337,0.7949527,5
ENSG00000124782,1.6412247,0.92839587,K562,0.9646667,0.984375,5
ENSG00000124783,1.454363,1.8323811,K562,0.504021,1.0,5
ENSG00000124784,1.1335884,1.3898746,K562,0.92460304,1.0,5
ENSG00000124786,0.74527085,1.0561422,K562,0.93263596,1.0,5
ENSG00000124786,0.72287226,1.0561422,K562,0.78266734,1.0,5
ENSG00000124786,0.8575051,1.0561422,K562,0.6390842,1.0,5
ENSG00000124786,1.4451767,1.0561422,K562,0.42279994,1.0,5
ENSG00000124787,0.8208083,1.1708483,K562,0.7847135,1.0,5
ENSG00000124787,0.9689213,1.1708483,K562,0.93174577,0.65328777,5
ENSG00000124788,1.1958749,1.1903317,K562,0.7495436,1.0,5
ENSG00000124789,1.4571728,1.6103407,K562,0.93646854,1.0,5
ENSG00000124789,1.3541688,1.6103407,K562,0.9398471,0.9051131,5
ENSG00000124789,1.4884814,1.6103407,K562,0.26673657,0.42674533,5
ENSG00000124795,1.2500445,2.1039405,K562,0.9203333,1.0,5
ENSG00000124795,1.5506741,2.1039405,K562,0.76093465,0.99425024,5
ENSG00000124802,0.8697068,1.913602,K562,0.95823896,1.0,5
ENSG00000124802,1.1227871,1.913602,K562,0.9026462,1.0,5
ENSG00000124813,-0.6725491,-0.79588,K562,0.98052305,1.0,5
ENSG00000125107,1.2308253,2.096145,K562,0.92248863,1.0,5
ENSG00000125107,1.5541836,2.096145,K562,0.3098939,0.003061705,5
ENSG00000125124,0.643599,1.0762763,K562,0.8967875,1.0,5
ENSG00000125144,-0.87483084,0.74350977,K562,0.98610353,1.0,5
ENSG00000125144,-0.87289584,0.74350977,K562,0.9874297,1.0,5
ENSG00000125148,1.0283762,1.6447339,K562,0.9185795,1.0,5
ENSG00000125148,1.0349164,1.6447339,K562,0.9537847,1.0,5
ENSG00000125149,1.1883291,1.1332195,K562,0.90371996,1.0,5
ENSG00000125166,0.93661267,1.690816,K562,0.9512521,1.0,5
ENSG00000125166,1.0907625,1.690816,K562,0.96388894,0.99893457,5
ENSG00000125170,0.33340436,0.37474835,K562,0.959707,1.0,5
ENSG00000125170,0.1369725,0.37474835,K562,0.9787011,1.0,5
ENSG00000125170,0.46784136,0.37474835,K562,0.96579427,0.98324025,5
ENSG00000126602,1.4257947,2.4205663,K562,0.948503,1.0,5
ENSG00000126602,1.4958111,2.4205663,K562,0.95043963,1.0,5
ENSG00000126602,1.3620487,2.4205663,K562,0.8927339,1.0,5
ENSG00000126603,-0.3208442,-0.55284196,K562,0.99325037,1.0,5
ENSG00000127554,1.2214328,1.6397852,K562,0.8253984,1.0,5
ENSG00000127561,0.38217002,1.06032,K562,0.97627914,1.0,5
ENSG00000127564,1.7252022,1.6416724,K562,0.91466576,1.0,5
ENSG00000127564,1.7716525,1.6416724,K562,0.8362933,1.0,5
ENSG00000127580,1.2492825,0.9503648,K562,0.97940046,1.0,5
ENSG00000127586,1.3162671,1.6140531,K562,0.947948,1.0,5
ENSG00000127586,1.2995967,1.6140531,K562,0.8998567,1.0,5
ENSG00000129636,0.92771995,1.002166,K562,0.91473514,1.0,5
ENSG00000129910,-0.32567704,-0.92081875,K562,0.98731625,1.0,5
ENSG00000129910,-0.33389035,-0.92081875,K562,0.984139,1.0,5
ENSG00000129910,-0.39499226,-0.92081875,K562,0.97974193,1.0,5
ENSG00000129910,-0.30548653,-0.92081875,K562,0.97820437,1.0,5
ENSG00000129910,-0.25293845,-0.92081875,K562,0.9834135,1.0,5
ENSG00000129910,-0.12824947,-0.92081875,K562,0.97969145,1.0,5
ENSG00000129925,1.2151326,1.6110858,K562,0.95128727,1.0,5
ENSG00000129993,0.23795934,1.0314084,K562,0.9648694,1.0,5
ENSG00000129993,0.4505113,1.0314084,K562,0.95755315,0.7488938,5
ENSG00000130023,1.2804828,1.3552599,K562,0.69042104,1.0,5
ENSG00000130023,0.9835361,1.3552599,K562,0.8562658,0.9884282,5
ENSG00000130023,1.1920097,1.3552599,K562,0.945946,0.99502486,5
ENSG00000130024,1.0114083,1.2915908,K562,0.9035485,1.0,5
ENSG00000130024,1.0152568,1.2915908,K562,0.9036603,1.0,5
ENSG00000130024,1.0011891,1.2915908,K562,0.45148435,0.9954833,5
ENSG00000130338,-0.09999557,0.8756399,K562,0.98375595,1.0,5
ENSG00000130338,-0.1720822,0.8756399,K562,0.98592883,0.99206346,5
ENSG00000130340,-0.1908428,-0.38721615,K562,0.98223567,1.0,5
ENSG00000130347,0.9390225,0.8976271,K562,0.9467887,1.0,5
ENSG00000130348,1.34298,1.0390173,K562,0.7786744,1.0,5
ENSG00000130349,0.81961596,1.1989318,K562,0.5632658,1.0,5
ENSG00000130349,1.0603397,1.1989318,K562,0.8309043,1.0,5
ENSG00000130363,0.98867285,-0.050609995,K562,0.81653523,1.0,5
ENSG00000130396,0.5309743,1.5886078,K562,0.84533596,1.0,5
ENSG00000130396,0.7244774,1.5886078,K562,0.94150096,1.0,5
ENSG00000130396,0.91243476,1.5886078,K562,0.41172254,0.007246377,5
ENSG00000130731,1.4011503,2.1341453,K562,0.94803286,1.0,5
ENSG00000130731,1.4132613,2.1341453,K562,0.9463833,1.0,5
ENSG00000130731,1.5042785,2.1341453,K562,0.7989265,0.6074211,5
ENSG00000130731,1.5120815,2.1341453,K562,0.7294381,0.07038835,5
ENSG00000130731,1.476468,2.1341453,K562,0.7656796,0.55205405,5
ENSG00000130731,1.5307101,2.1341453,K562,0.76467925,0.40380457,5
ENSG00000130731,1.6380552,2.1341453,K562,0.8613177,0.36597702,5
ENSG00000130731,1.6407043,2.1341453,K562,0.85273993,0.78518814,5
ENSG00000131013,1.3470505,0.9190781,K562,0.5893499,1.0,5
ENSG00000131015,-0.69080067,-0.88605666,K562,0.9711258,1.0,5
ENSG00000131023,1.1531932,0.71180725,K562,0.9337637,1.0,5
ENSG00000131023,1.1502,0.71180725,K562,0.8731901,0.0969163,5
ENSG00000131143,1.8198801,2.8507748,K562,0.7823863,1.0,5
ENSG00000131148,1.6560167,1.5981337,K562,0.94661856,1.0,5
ENSG00000131148,1.7400638,1.5981337,K562,0.94164664,0.88728416,5
ENSG00000131149,1.3505275,1.358506,K562,0.96245813,1.0,5
ENSG00000131149,1.3196313,1.358506,K562,0.9599831,1.0,5
ENSG00000131149,1.2814044,1.358506,K562,0.96219295,1.0,5
ENSG00000131149,1.4053735,1.358506,K562,0.9532747,0.82471263,5
ENSG00000131149,1.3955969,1.358506,K562,0.77376187,0.0040431265,5
ENSG00000131153,1.3355932,1.5430743,K562,0.84095126,1.0,5
ENSG00000131165,1.531259,1.8631444,K562,0.9378998,1.0,5
ENSG00000131165,1.256596,1.8631444,K562,0.46697035,0.2856642,5
ENSG00000131650,0.28089514,0.08278537,K562,0.97680706,1.0,5
ENSG00000131650,-0.0005922727,0.08278537,K562,0.9889404,1.0,5
ENSG00000131652,1.4944491,1.4601458,K562,0.93425894,1.0,5
ENSG00000131652,1.4507159,1.4601458,K562,0.90673125,1.0,5
ENSG00000131652,1.477512,1.4601458,K562,0.94641423,1.0,5
ENSG00000131652,1.4619892,1.4601458,K562,0.955194,1.0,5
ENSG00000131652,1.4952433,1.4601458,K562,0.9576934,0.998876,5
ENSG00000131653,1.3076093,1.5800121,K562,0.9362508,1.0,5
ENSG00000131653,1.4223124,1.5800121,K562,0.9520237,1.0,5
ENSG00000132207,0.0023972318,1.6548501,K562,0.70409,1.0,5
ENSG00000132207,0.08399138,1.6548501,K562,0.880148,0.95534813,5
ENSG00000132423,0.98135364,1.045323,K562,0.93386304,1.0,5
ENSG00000132423,1.1864607,1.045323,K562,0.26418808,0.11011011,5
ENSG00000132424,1.4878639,1.9490972,K562,0.94495815,1.0,5
ENSG00000132424,1.4444052,1.9490972,K562,0.8918568,0.7059022,5
ENSG00000132600,1.5997597,1.653116,K562,0.91908306,1.0,5
ENSG00000132600,1.6177267,1.653116,K562,0.92138463,1.0,5
ENSG00000132600,1.6521778,1.653116,K562,0.33504137,0.32264736,5
ENSG00000132600,1.4267513,1.653116,K562,0.9402753,0.8909427,5
ENSG00000132603,1.6981105,1.4571246,K562,0.9216567,1.0,5
ENSG00000132603,1.6943899,1.4571246,K562,0.87355125,1.0,5
ENSG00000132603,1.5406432,1.4571246,K562,0.7759911,0.7907743,5
ENSG00000132604,1.3190354,1.238046,K562,0.8922412,1.0,5
ENSG00000132612,1.2471672,1.2518815,K562,0.9632586,1.0,5
ENSG00000132612,1.2385632,1.2518815,K562,0.96040714,1.0,5
ENSG00000132612,1.3124845,1.2518815,K562,0.94725776,1.0,5
ENSG00000132612,1.3606006,1.2518815,K562,0.9600183,1.0,5
ENSG00000132613,-0.47989708,-0.7447275,K562,0.98160905,1.0,5
ENSG00000132613,-0.45370135,-0.7447275,K562,0.98368686,1.0,5
ENSG00000133393,1.0893813,1.3602146,K562,0.8786228,1.0,5
ENSG00000133393,1.3589319,1.3602146,K562,0.9054781,1.0,5
ENSG00000133393,1.0893813,1.3602146,K562,0.8786228,1.0,5
ENSG00000133393,1.0720828,1.3602146,K562,0.85891247,0.98392594,5
ENSG00000133393,1.3589319,1.3602146,K562,0.9054781,0.21710527,5
ENSG00000133393,1.4892097,1.3602146,K562,0.39972767,0.011203118,5
ENSG00000135297,1.4793909,1.31133,K562,0.9433844,1.0,5
ENSG00000135297,1.3835791,1.31133,K562,0.8848156,0.9015357,5
ENSG00000135297,1.3707275,1.31133,K562,0.33710113,0.6042084,5
ENSG00000135297,1.34703,1.31133,K562,0.338765,0.0,5
ENSG00000135297,1.4228493,1.31133,K562,0.44592407,0.12825651,5
ENSG00000135297,1.1667334,1.31133,K562,0.81413835,0.0451931,5
ENSG00000135297,1.1099824,1.31133,K562,0.9331711,0.9096138,5
ENSG00000135299,-0.2547561,-0.4685211,K562,0.9855936,1.0,5
ENSG00000135299,-0.0356596,-0.4685211,K562,0.9821207,1.0,5
ENSG00000135314,0.3301855,0.8162413,K562,0.9493337,1.0,5
ENSG00000135315,0.48634025,0.42651126,K562,0.9544597,1.0,5
ENSG00000135316,1.5101088,1.7051792,K562,0.9475119,1.0,5
ENSG00000135316,1.8824193,1.7051792,K562,0.7289439,0.85165167,5
ENSG00000135317,1.3341299,1.5078559,K562,0.9023986,1.0,5
ENSG00000135317,0.8618797,1.5078559,K562,0.48015678,0.36005345,5
ENSG00000135317,1.4349303,1.5078559,K562,0.2876667,0.021821631,5
ENSG00000135334,1.5837988,1.5812668,K562,0.88443416,1.0,5
ENSG00000135336,1.2636691,1.3392526,K562,0.8858716,1.0,5
ENSG00000135336,1.1921026,1.3392526,K562,0.8657595,1.0,5
ENSG00000135336,0.9767983,1.3392526,K562,0.7683444,1.0,5
ENSG00000135336,1.0093485,1.3392526,K562,0.76467884,0.99708456,5
ENSG00000135341,1.027171,1.2190603,K562,0.7694398,1.0,5
ENSG00000135341,1.1325387,1.2190603,K562,0.899643,1.0,5
ENSG00000135341,1.1491474,1.2190603,K562,0.86873037,1.0,5
ENSG00000135341,0.8176218,1.2190603,K562,0.93584746,0.9370716,5
ENSG00000135341,1.2196301,1.2190603,K562,0.602509,0.27056962,5
ENSG00000135521,1.0568777,1.5395778,K562,0.9217357,1.0,5
ENSG00000135535,1.8121014,2.0648696,K562,0.83027005,1.0,5
ENSG00000135535,1.8402046,2.0648696,K562,0.53356415,1.0,5
ENSG00000135535,1.528865,2.0648696,K562,0.84593064,0.999154,5
ENSG00000135535,1.5777651,2.0648696,K562,0.8971739,0.82617587,5
ENSG00000135535,1.6353313,2.0648696,K562,0.7811952,1.0,5
ENSG00000135537,0.8365586,0.24797326,K562,0.9487317,1.0,5
ENSG00000135537,0.6814367,0.24797326,K562,0.8949613,1.0,5
ENSG00000135537,0.8429102,0.24797326,K562,0.93009347,1.0,5
ENSG00000135541,0.52289677,0.37106785,K562,0.9233557,1.0,5
ENSG00000135541,0.8274881,0.37106785,K562,0.9125442,1.0,5
ENSG00000135541,0.8020568,0.37106785,K562,0.88524705,1.0,5
ENSG00000135541,0.43927315,0.37106785,K562,0.9436859,0.071428575,5
ENSG00000135541,0.76975906,0.37106785,K562,0.9564084,0.8455285,5
ENSG00000135541,1.1878833,0.37106785,K562,0.88374925,1.0,5
ENSG00000135541,0.7850595,0.37106785,K562,0.79203504,0.0,5
ENSG00000135577,-0.7709843,-0.7695511,K562,0.9767106,1.0,5
ENSG00000135587,1.6164507,1.069668,K562,0.8953964,1.0,5
ENSG00000135587,1.5288435,1.069668,K562,0.9354027,1.0,5
ENSG00000135596,1.3800725,1.7772818,K562,0.86328423,1.0,5
ENSG00000135596,1.3170806,1.7772818,K562,0.9292611,1.0,5
ENSG00000135596,1.5118893,1.7772818,K562,0.8971993,0.74086225,5
ENSG00000135597,1.136323,1.3923452,K562,0.5040571,1.0,5
ENSG00000135597,1.3692838,1.3923452,K562,0.9194713,0.85692996,5
ENSG00000135597,1.475046,1.3923452,K562,0.4553894,0.96801704,5
ENSG00000135686,1.1158665,1.4668676,K562,0.79443574,1.0,5
ENSG00000135702,-0.3001686,-0.82390875,K562,0.9800964,1.0,5
ENSG00000135709,0.7224196,0.38381538,K562,0.8274845,1.0,5
ENSG00000135709,0.7080111,0.38381538,K562,0.9300908,1.0,5
ENSG00000135720,1.5062037,1.5185139,K562,0.7163356,0.9866131,5
ENSG00000135720,1.3847706,1.5185139,K562,0.8987919,1.0,5
ENSG00000135722,1.3585114,1.007321,K562,0.8700757,1.0,5
ENSG00000135723,1.4033633,1.5078559,K562,0.97772413,1.0,5
ENSG00000135723,1.2769262,1.5078559,K562,0.9736935,1.0,5
ENSG00000135723,1.4560841,1.5078559,K562,0.9513881,1.0,5
ENSG00000135736,1.3077515,0.5250448,K562,0.95375055,1.0,5
ENSG00000135740,0.18830986,0.34439227,K562,0.89191264,1.0,5
ENSG00000135740,0.18830986,0.34439227,K562,0.89191264,1.0,5
ENSG00000135740,0.61250365,0.34439227,K562,0.98124456,0.83495146,5
ENSG00000135740,0.42374858,0.34439227,K562,0.6800133,0.19417475,5
ENSG00000137161,1.7660258,1.8650447,K562,0.95569116,1.0,5
ENSG00000137166,1.2879686,1.0640835,K562,0.9560601,1.0,5
ENSG00000137166,1.3912033,1.0640835,K562,0.9356892,1.0,5
ENSG00000137168,1.4463156,1.5400791,K562,0.9181467,1.0,5
ENSG00000137171,1.6014773,0.8615344,K562,0.86478865,1.0,5
ENSG00000137171,0.9864243,0.8615344,K562,0.95605683,1.0,5
ENSG00000137171,0.81624943,0.8615344,K562,0.94339913,1.0,5
ENSG00000137171,0.72070444,0.8615344,K562,0.9278714,0.9673913,5
ENSG00000137177,-0.49609455,-0.4202164,K562,0.9314382,1.0,5
ENSG00000137177,-0.49164742,-0.4202164,K562,0.96225005,1.0,5
ENSG00000137185,1.3362345,1.1958996,K562,0.94150275,1.0,5
ENSG00000137185,1.2449331,1.1958996,K562,0.780159,0.037617553,5
ENSG00000137193,1.4315403,0.9745117,K562,0.9540875,1.0,5
ENSG00000137193,1.2589355,0.9745117,K562,0.9148912,1.0,5
ENSG00000137193,1.2587303,0.9745117,K562,0.923058,1.0,5
ENSG00000137198,-0.44310513,-0.35654733,K562,0.9836404,1.0,5
ENSG00000137200,1.560617,1.5975856,K562,0.9533262,1.0,5
ENSG00000137200,1.6828841,1.5975856,K562,0.9040545,1.0,5
ENSG00000137207,1.4960712,1.5121505,K562,0.91165566,1.0,5
ENSG00000137207,1.5007023,1.5121505,K562,0.9132808,0.9785491,5
ENSG00000137210,1.0599207,1.9059577,K562,0.49605903,1.0,5
ENSG00000137210,0.94977045,1.9059577,K562,0.89795697,0.96062994,5
ENSG00000137216,1.0073115,0.8965262,K562,0.940549,1.0,5
ENSG00000137216,1.5273525,0.8965262,K562,0.9672685,1.0,5
ENSG00000137216,1.214293,0.8965262,K562,0.7772875,0.50501,5
ENSG00000137216,1.3348484,0.8965262,K562,0.91704905,1.0,5
ENSG00000137218,0.57475626,0.48572144,K562,0.85736287,1.0,5
ENSG00000137221,1.2912656,1.2370408,K562,0.863689,1.0,5
ENSG00000137221,1.3579143,1.2370408,K562,0.7158076,0.31811696,5
ENSG00000137225,-0.6268981,-0.4202164,K562,0.9811025,1.0,5
ENSG00000137267,0.37175873,1.5834255,K562,0.9418579,1.0,5
ENSG00000137267,0.38496518,1.5834255,K562,0.9420477,1.0,5
ENSG00000137267,0.48791966,1.5834255,K562,0.9321017,1.0,5
ENSG00000137270,-0.7555341,-0.79588,K562,0.9702756,1.0,5
ENSG00000137270,-0.80152214,-0.79588,K562,0.98358625,1.0,5
ENSG00000137274,0.9565834,1.0228406,K562,0.91123,1.0,5
ENSG00000137274,0.9689976,1.0228406,K562,0.30831775,1.0,5
ENSG00000137274,1.5082796,1.0228406,K562,0.76486,0.013333334,5
ENSG00000137275,1.3531723,0.664642,K562,0.8179159,1.0,5
ENSG00000137275,1.039834,0.664642,K562,0.93935347,1.0,5
ENSG00000137285,-0.4226003,1.7978904,K562,0.98846674,1.0,5
ENSG00000137285,-0.29667953,1.7978904,K562,0.975112,1.0,5
ENSG00000137288,1.4128999,1.5505952,K562,0.7443617,1.0,5
ENSG00000137288,1.1226877,1.5505952,K562,0.9002038,1.0,5
ENSG00000137309,1.5416633,2.6836412,K562,0.92934376,1.0,5
ENSG00000137309,1.5200037,2.6836412,K562,0.8596164,0.9879795,5
ENSG00000137310,1.6139838,1.8483123,K562,0.8806565,1.0,5
ENSG00000137312,1.7056386,2.069372,K562,0.935061,1.0,5
ENSG00000137337,1.5054651,1.4077307,K562,0.95983505,1.0,5
ENSG00000137338,0.28156632,0.463893,K562,0.9559398,1.0,5
ENSG00000137343,1.0650665,1.0211893,K562,0.9662281,1.0,5
ENSG00000137343,0.9972888,1.0211893,K562,0.97468615,1.0,5
ENSG00000137343,1.1200801,1.0211893,K562,0.93660384,1.0,5
ENSG00000137343,1.0557011,1.0211893,K562,0.950629,0.39741752,5
ENSG00000137364,1.0230919,0.9845273,K562,0.6536389,1.0,5
ENSG00000137364,0.95854473,0.9845273,K562,0.890187,1.0,5
ENSG00000137393,-0.6712911,-0.7695511,K562,0.983979,1.0,5
ENSG00000137393,-0.63239336,-0.7695511,K562,0.9881471,1.0,5
ENSG00000137404,1.5764985,1.4502491,K562,0.8578321,0.8808105,5
ENSG00000137404,1.5779903,1.4502491,K562,0.85730755,0.18490566,5
ENSG00000137404,1.5942823,1.4502491,K562,0.8508705,0.29429892,5
ENSG00000137404,1.6344703,1.4502491,K562,0.8979976,0.17921147,5
ENSG00000137404,1.6405956,1.4502491,K562,0.8522725,0.5662879,5
ENSG00000137404,1.632753,1.4502491,K562,0.8969609,0.7946237,5
ENSG00000137409,1.8044682,1.8248415,K562,0.91085345,1.0,5
ENSG00000137411,1.3527914,1.6683859,K562,0.903722,1.0,5
ENSG00000137411,1.3596025,1.6683859,K562,0.9516339,1.0,5
ENSG00000137411,1.52955,1.6683859,K562,0.826051,0.8637584,5
ENSG00000137411,1.3808935,1.6683859,K562,0.9502298,0.5948795,5
ENSG00000137413,1.350345,1.305996,K562,0.95059216,1.0,5
ENSG00000137413,1.3287258,1.305996,K562,0.9512813,1.0,5
ENSG00000137413,1.4001493,1.305996,K562,0.24079654,0.035106383,5
ENSG00000137414,0.9775983,0.3909351,K562,0.7798586,1.0,5
ENSG00000137414,0.6550912,0.3909351,K562,0.89415234,1.0,5
ENSG00000137414,0.6820725,0.3909351,K562,0.9444541,1.0,5
ENSG00000138834,1.3445412,1.787106,K562,0.92650074,1.0,5
ENSG00000140632,1.4321531,1.7632782,K562,0.9047556,1.0,5
ENSG00000140632,1.6806644,1.7632782,K562,0.8295579,0.9087563,5
ENSG00000140632,1.647258,1.7632782,K562,0.9051927,0.7524167,5
ENSG00000140632,1.3991687,1.7632782,K562,0.88318306,0.06262308,5
ENSG00000140650,1.7674634,1.6624745,K562,0.7516674,1.0,5
ENSG00000140650,1.6509464,1.6624745,K562,0.8752242,0.9542151,5
ENSG00000140650,1.561284,1.6624745,K562,0.94182265,0.94312024,5
ENSG00000140678,0.5153689,1.5152113,K562,0.98639655,1.0,5
ENSG00000140678,0.30931705,1.5152113,K562,0.94474447,1.0,5
ENSG00000140678,0.5673715,1.5152113,K562,0.9592709,1.0,5
ENSG00000140688,1.303496,1.5621738,K562,0.9558481,1.0,5
ENSG00000140691,1.840566,0.8375884,K562,0.9582117,1.0,5
ENSG00000140691,1.6157601,0.8375884,K562,0.9488091,1.0,5
ENSG00000140694,1.3703042,1.5518159,K562,0.8856788,1.0,5
ENSG00000140694,1.4600697,1.5518159,K562,0.82457376,1.0,5
ENSG00000140718,0.8661573,1.4884096,K562,0.8382261,1.0,5
ENSG00000140718,0.837311,1.4884096,K562,0.9534174,1.0,5
ENSG00000140718,0.70781046,1.4884096,K562,0.9478685,0.013043478,5
ENSG00000140718,0.75581,1.4884096,K562,0.7608353,0.71813726,5
ENSG00000140740,1.5923725,2.3071108,K562,0.8993957,1.0,5
ENSG00000140743,1.3940053,1.224274,K562,0.9576602,1.0,5
ENSG00000140749,-0.34145004,-0.38721615,K562,0.9776709,1.0,5
ENSG00000140750,1.6042053,1.7437449,K562,0.9212647,1.0,5
ENSG00000140750,1.6969504,1.7437449,K562,0.6216273,0.26491228,5
ENSG00000140750,1.744455,1.7437449,K562,0.9531554,0.24715163,5
ENSG00000140750,1.7941768,1.7437449,K562,0.92734313,1.0,5
ENSG00000140795,-0.4685263,-0.537602,K562,0.9874334,1.0,5
ENSG00000140795,-0.46765265,-0.537602,K562,0.98409003,1.0,5
ENSG00000140795,-0.4268395,-0.537602,K562,0.9884985,1.0,5
ENSG00000140829,1.5229379,1.6703386,K562,0.891633,1.0,5
ENSG00000140829,1.6180199,1.6703386,K562,0.9606658,1.0,5
ENSG00000140829,1.6324211,1.6703386,K562,0.9602572,1.0,5
ENSG00000140830,1.3439163,1.0989896,K562,0.89740163,1.0,5
ENSG00000140832,-0.6518169,-0.88605666,K562,0.9820873,1.0,5
ENSG00000140836,0.40340304,0.28330123,K562,0.9203414,1.0,5
ENSG00000140836,0.42631283,0.28330123,K562,0.9549427,1.0,5
ENSG00000140836,0.45320198,0.28330123,K562,0.95062274,1.0,5
ENSG00000140839,-0.412657,-0.9586073,K562,0.96154326,1.0,5
ENSG00000140839,-0.12825987,-0.9586073,K562,0.9224554,1.0,5
ENSG00000140848,0.23372214,1.2655253,K562,0.971356,1.0,5
ENSG00000140848,0.4109165,1.2655253,K562,0.97352487,1.0,5
ENSG00000140848,0.06258266,1.2655253,K562,0.9733387,0.0,5
ENSG00000140848,0.1711377,1.2655253,K562,0.9537502,0.98562187,5
ENSG00000140854,1.1316446,1.2655253,K562,0.7807642,1.0,5
ENSG00000140854,1.053387,1.2655253,K562,0.93862194,1.0,5
ENSG00000140876,0.33758667,0.622214,K562,0.963131,1.0,5
ENSG00000140876,0.3299851,0.622214,K562,0.9629739,0.21232876,5
ENSG00000140876,0.39285251,0.622214,K562,0.30137902,0.38613862,5
ENSG00000140905,0.8904559,1.4888326,K562,0.96058255,1.0,5
ENSG00000140905,0.988196,1.4888326,K562,0.9342827,0.9954322,5
ENSG00000140931,0.83091176,1.4445132,K562,0.94197565,1.0,5
ENSG00000140931,0.9475087,1.4445132,K562,0.95477647,0.9705245,5
ENSG00000140939,1.1402398,0.64933485,K562,0.9426383,1.0,5
ENSG00000140941,1.2365693,0.89872515,K562,0.68450075,1.0,5
ENSG00000140941,1.2408938,0.89872515,K562,0.6607284,0.012016022,5
ENSG00000140943,1.4844197,1.4364806,K562,0.8239848,1.0,5
ENSG00000140943,1.4830595,1.4364806,K562,0.923199,1.0,5
ENSG00000140948,-0.6484638,-0.85387194,K562,0.98189515,1.0,5
ENSG00000140948,-0.64313215,-0.85387194,K562,0.9720748,1.0,5
ENSG00000140950,1.0873336,0.68304706,K562,0.9501804,1.0,5
ENSG00000140950,1.0808554,0.68304706,K562,0.65120554,0.022304833,5
ENSG00000140961,-0.33406448,-0.88605666,K562,0.98796636,1.0,5
ENSG00000140983,1.7406408,2.1481707,K562,0.8989902,1.0,5
ENSG00000140983,1.6815685,2.1481707,K562,0.9125693,1.0,5
ENSG00000140983,1.7062336,2.1481707,K562,0.9074155,1.0,5
ENSG00000140983,1.5708516,2.1481707,K562,0.9705404,0.98147017,5
ENSG00000140987,0.78523886,1.1357685,K562,0.928139,1.0,5
ENSG00000140987,1.0821326,1.1357685,K562,0.90717995,1.0,5
ENSG00000140987,1.076689,1.1357685,K562,0.92546886,1.0,5
ENSG00000140987,0.9981656,1.1357685,K562,0.89514977,1.0,5
ENSG00000140987,0.70258844,1.1357685,K562,0.91551226,0.78807944,5
ENSG00000140987,0.97367907,1.1357685,K562,0.9388899,0.98895025,5
ENSG00000140990,1.4733704,2.352742,K562,0.95041436,1.0,5
ENSG00000140990,1.4748248,2.352742,K562,0.9502568,1.0,5
ENSG00000140992,0.92132455,1.2953471,K562,0.9383368,1.0,5
ENSG00000140995,0.70885396,1.9037951,K562,0.91833174,1.0,5
ENSG00000140995,0.6613729,1.9037951,K562,0.9396317,1.0,5
ENSG00000140995,0.6613729,1.9037951,K562,0.9396317,1.0,5
ENSG00000140995,0.6403899,1.9037951,K562,0.9663128,1.0,5
ENSG00000140995,0.33547208,1.9037951,K562,0.957355,1.0,5
ENSG00000140995,0.79046625,1.9037951,K562,0.9207659,0.23867425,5
ENSG00000140995,0.7132393,1.9037951,K562,0.92371047,0.029257314,5
ENSG00000140995,0.31573638,1.9037951,K562,0.860858,0.024839744,5
ENSG00000140995,0.70885396,1.9037951,K562,0.91833174,1.0,5
ENSG00000141002,1.4929025,1.9875323,K562,0.960358,1.0,5
ENSG00000141002,1.5436028,1.9875323,K562,0.92296606,0.20391062,5
ENSG00000141012,1.0917743,0.86628735,K562,0.9410566,1.0,5
ENSG00000141012,1.0721475,0.86628735,K562,0.9429548,1.0,5
ENSG00000141012,0.90163726,0.86628735,K562,0.9213897,0.9011976,5
ENSG00000141012,1.0094299,0.86628735,K562,0.9372606,0.8862069,5
ENSG00000141012,0.9054012,0.86628735,K562,0.92946476,0.085409254,5
ENSG00000141013,-0.3866074,-0.17392519,K562,0.9898921,1.0,5
ENSG00000141076,1.5851885,1.748808,K562,0.8330513,1.0,5
ENSG00000141076,1.4886385,1.748808,K562,0.86461216,1.0,5
ENSG00000141084,1.4477364,1.1522883,K562,0.94013894,1.0,5
ENSG00000141084,1.083816,1.1522883,K562,0.8821396,1.0,5
ENSG00000141084,1.3039724,1.1522883,K562,0.9565769,0.96572405,5
ENSG00000141084,1.2864066,1.1522883,K562,0.87476575,0.9707149,5
ENSG00000141086,0.14194413,0.30103,K562,0.9853099,1.0,5
ENSG00000141098,1.5260756,1.112605,K562,0.92716295,1.0,5
ENSG00000141101,1.5665603,1.9791385,K562,0.63332033,0.9963441,5
ENSG00000145979,1.2067488,1.2135178,K562,0.9533524,1.0,5
ENSG00000145979,1.4008288,1.2135178,K562,0.9220203,1.0,5
ENSG00000145979,1.3357414,1.2135178,K562,0.8613494,1.0,5
ENSG00000145979,1.3357414,1.2135178,K562,0.8613494,1.0,5
ENSG00000145979,1.2067488,1.2135178,K562,0.9533524,0.9722463,5
ENSG00000145979,1.2548074,1.2135178,K562,0.8715994,0.8145299,5
ENSG00000145982,1.1172224,1.1758016,K562,0.5020203,1.0,5
ENSG00000145996,1.1084934,0.9652017,K562,0.9000265,1.0,5
ENSG00000145996,1.0946419,0.9652017,K562,0.7786657,1.0,5
ENSG00000145996,1.5233214,0.9652017,K562,0.8062747,0.09612626,5
ENSG00000146072,-0.53159195,-0.45593196,K562,0.98276687,1.0,5
ENSG00000146072,-0.6069724,-0.45593196,K562,0.98636067,1.0,5
ENSG00000146072,-0.62651634,-0.45593196,K562,0.9792411,1.0,5
ENSG00000146085,1.0445026,0.8591383,K562,0.93519545,1.0,5
ENSG00000146109,1.5943185,1.4635944,K562,0.87042004,1.0,5
ENSG00000146112,1.6135882,1.8011979,K562,0.9326902,1.0,5
ENSG00000146112,1.6692283,1.8011979,K562,0.83221525,1.0,5
ENSG00000146215,0.2506286,0.4578819,K562,0.96691805,1.0,5
ENSG00000146215,0.7069472,0.4578819,K562,0.9538538,1.0,5
ENSG00000146232,1.5937097,1.6529229,K562,0.9540434,1.0,5
ENSG00000146232,1.6082674,1.6529229,K562,0.9066818,1.0,5
ENSG00000146232,1.5697107,1.6529229,K562,0.91227573,1.0,5
ENSG00000146232,1.6600416,1.6529229,K562,0.8054454,1.0,5
ENSG00000146243,0.69045246,0.40993312,K562,0.9310453,1.0,5
ENSG00000146243,0.9357344,0.40993312,K562,0.8999556,1.0,5
ENSG00000146247,1.442696,0.97634995,K562,0.8930157,1.0,5
ENSG00000146263,0.6322056,1.0090257,K562,0.91956866,1.0,5
ENSG00000146263,0.67434144,1.0090257,K562,0.9217757,0.9414414,5
ENSG00000146263,0.93231446,1.0090257,K562,0.9016346,0.029354207,5
ENSG00000146281,0.72618616,1.0944711,K562,0.94230074,1.0,5
ENSG00000146282,1.1012157,1.2911468,K562,0.88344014,1.0,5
ENSG00000146282,1.2230235,1.2911468,K562,0.7955499,1.0,5
ENSG00000146282,1.2620019,1.2911468,K562,0.3120457,0.0,5
ENSG00000146350,0.7182218,0.39445168,K562,0.95863396,1.0,5
ENSG00000146350,0.80918515,0.39445168,K562,0.5972241,0.1262136,5
ENSG00000146376,1.2685066,1.1287223,K562,0.91964084,1.0,5
ENSG00000146376,1.1351824,1.1287223,K562,0.94754744,1.0,5
ENSG00000146386,1.3037974,2.1796668,K562,0.93412125,1.0,5
ENSG00000146409,0.68568194,0.6893089,K562,0.92448777,1.0,5
ENSG00000146410,1.2064873,1.1878027,K562,0.52387196,1.0,5
ENSG00000146410,0.7730445,1.1878027,K562,0.91105676,0.005139501,5
ENSG00000146411,-0.19563869,-0.92081875,K562,0.94994426,1.0,5
ENSG00000146414,0.83915234,0.806858,K562,0.8204248,1.0,5
ENSG00000146414,1.0733254,0.806858,K562,0.94467336,1.0,5
ENSG00000146416,0.73114705,1.438384,K562,0.94686484,1.0,5
ENSG00000146416,0.7648051,1.438384,K562,0.37299553,0.0,5
ENSG00000146425,1.3620418,1.6662371,K562,0.9016928,1.0,5
ENSG00000146426,-0.75283325,0.28330123,K562,0.985545,1.0,5
ENSG00000146426,-0.43822193,0.28330123,K562,0.978308,1.0,5
ENSG00000146426,-0.45917305,0.28330123,K562,0.9705738,1.0,5
ENSG00000146426,-0.08634958,0.28330123,K562,0.98176825,1.0,5
ENSG00000146433,0.11751242,0.6730209,K562,0.9703572,1.0,5
ENSG00000146457,1.4423289,1.5921768,K562,0.8253852,1.0,5
ENSG00000146476,0.7407087,1.2322335,K562,0.9308829,1.0,5
ENSG00000146476,1.0123153,1.2322335,K562,0.8560684,1.0,5
ENSG00000149922,1.0177716,-0.2596373,K562,0.9305425,1.0,5
ENSG00000149923,1.66983,2.1411047,K562,0.85696644,1.0,5
ENSG00000149923,1.3627398,2.1411047,K562,0.9324559,1.0,5
ENSG00000149923,1.4565121,2.1411047,K562,0.92750585,0.9311693,5
ENSG00000149925,2.0703585,3.019328,K562,0.9563958,1.0,5
ENSG00000149925,2.0464678,3.019328,K562,0.7701062,0.989045,5
ENSG00000149925,2.0702937,3.019328,K562,0.8864732,0.04543979,5
ENSG00000149926,-0.72030777,-0.537602,K562,0.9837959,1.0,5
ENSG00000149929,1.7540914,1.4459155,K562,0.97296506,1.0,5
ENSG00000149929,1.743862,1.4459155,K562,0.9698297,1.0,5
ENSG00000149929,1.8451385,1.4459155,K562,0.91139746,1.0,5
ENSG00000149929,1.7521805,1.4459155,K562,0.9393153,0.26115486,5
ENSG00000149929,1.7296771,1.4459155,K562,0.89385563,0.028752156,5
ENSG00000149930,1.4995712,1.3868555,K562,0.9430043,1.0,5
ENSG00000149930,1.59281,1.3868555,K562,0.8930829,1.0,5
ENSG00000149932,1.0845939,1.7316693,K562,0.5174461,0.5226179,5
ENSG00000151006,1.2673228,0.462398,K562,0.94953984,1.0,5
ENSG00000151006,1.2026197,0.462398,K562,0.9673717,1.0,5
ENSG00000151006,1.3787736,0.462398,K562,0.9281742,1.0,5
ENSG00000151914,0.054815393,1.8358808,K562,0.9834593,1.0,5
ENSG00000151914,0.05572873,1.8358808,K562,0.98581564,1.0,5
ENSG00000151914,0.50472665,1.8358808,K562,0.9417273,0.5182266,5
ENSG00000151917,0.5240092,0.004321374,K562,0.9298538,1.0,5
ENSG00000151917,0.4767098,0.004321374,K562,0.95584995,1.0,5
ENSG00000153046,0.8856362,1.366423,K562,0.9476094,0.98550725,5
ENSG00000153048,1.5774477,1.9366143,K562,0.9655995,1.0,5
ENSG00000153060,-0.52406216,0.103803724,K562,0.9858273,1.0,5
ENSG00000153066,1.6769695,1.6693169,K562,0.87024987,1.0,5
ENSG00000153066,1.69781,1.6693169,K562,0.89092314,1.0,5
ENSG00000153066,1.8062493,1.6693169,K562,0.9085187,1.0,5
ENSG00000153066,1.7030686,1.6693169,K562,0.7961626,0.034904804,5
ENSG00000153157,-0.56862473,-0.92081875,K562,0.9866507,1.0,5
ENSG00000153162,-0.80114555,-0.9586073,K562,0.9879337,1.0,5
ENSG00000153406,1.3926786,1.7834033,K562,0.8999319,1.0,5
ENSG00000153406,1.2783427,1.7834033,K562,0.9664691,1.0,5
ENSG00000153406,1.679937,1.7834033,K562,0.8524761,1.0,5
ENSG00000153406,1.3028158,1.7834033,K562,0.9514874,0.0322237,5
ENSG00000153443,1.2960457,1.3322364,K562,0.95052475,1.0,5
ENSG00000153443,1.2935934,1.3322364,K562,0.95047253,1.0,5
ENSG00000153443,1.2940212,1.3322364,K562,0.95457286,1.0,5
ENSG00000153721,-0.56092405,-0.85387194,K562,0.97006893,1.0,5
ENSG00000153721,-0.26336718,-0.85387194,K562,0.97126544,1.0,5
ENSG00000153721,-0.40063804,-0.85387194,K562,0.97805667,1.0,5
ENSG00000153774,1.0013758,1.3834563,K562,0.86223644,1.0,5
ENSG00000153786,1.5440301,1.2417954,K562,0.9204249,1.0,5
ENSG00000153786,1.420523,1.2417954,K562,0.8916908,1.0,5
ENSG00000153786,1.5939618,1.2417954,K562,0.95499986,0.09856263,5
ENSG00000153815,1.3297584,0.98587537,K562,0.92007256,1.0,5
ENSG00000153815,1.2880334,0.98587537,K562,0.8175262,1.0,5
ENSG00000153975,0.8808381,1.0472748,K562,0.90340775,1.0,5
ENSG00000153975,1.0092949,1.0472748,K562,0.9477493,1.0,5
ENSG00000153975,1.0743717,1.0472748,K562,0.89662313,1.0,5
ENSG00000153989,0.9732442,1.2432861,K562,0.9328828,1.0,5
ENSG00000154079,0.5293413,1.1095785,K562,0.9631234,1.0,5
ENSG00000155085,0.60451376,0.38738984,K562,0.92275876,1.0,5
ENSG00000155111,1.3024782,0.9503648,K562,0.92721236,1.0,5
ENSG00000155111,1.285524,0.9503648,K562,0.919838,1.0,5
ENSG00000155111,1.0711836,0.9503648,K562,0.9453394,0.9503425,5
ENSG00000155115,1.6845213,1.7353593,K562,0.8954821,1.0,5
ENSG00000155115,1.3794738,1.7353593,K562,0.9146461,1.0,5
ENSG00000155330,1.3624278,1.1616675,K562,0.89270955,1.0,5
ENSG00000155330,1.3763343,1.1616675,K562,0.8479568,0.90529245,5
ENSG00000155393,1.1254878,1.0648322,K562,0.8922986,1.0,5
ENSG00000155393,0.9249759,1.0648322,K562,0.94153893,1.0,5
ENSG00000155393,1.1058272,1.0648322,K562,0.80882484,1.0,5
ENSG00000155393,1.0343283,1.0648322,K562,0.850308,1.0,5
ENSG00000155592,0.8403679,0.33041376,K562,0.9304341,1.0,5
ENSG00000155592,1.1731688,0.33041376,K562,0.8796299,1.0,5
ENSG00000155666,1.6426988,0.7058637,K562,0.7697603,1.0,5
ENSG00000155666,1.0651329,0.7058637,K562,0.5051686,0.07565012,5
ENSG00000155719,-0.5493151,-0.20065945,K562,0.96405923,1.0,5
ENSG00000155719,-0.46097568,-0.20065945,K562,0.9891018,1.0,5
ENSG00000155719,-0.41809157,-0.20065945,K562,0.98246163,1.0,5
ENSG00000155906,1.1059357,1.1498348,K562,0.8361692,1.0,5
ENSG00000156508,1.9573096,4.028065,K562,0.84635955,1.0,5
ENSG00000156535,-0.3344439,0.28780174,K562,0.9629638,1.0,5
ENSG00000156639,1.4376174,1.1392492,K562,0.6608755,1.0,5
ENSG00000156711,0.19426121,1.5854608,K562,0.95929086,1.0,5
ENSG00000156711,0.35099456,1.5854608,K562,0.97657394,1.0,5
ENSG00000156858,1.7504305,1.5419534,K562,0.9014764,1.0,5
ENSG00000156860,1.8123261,1.5802405,K562,0.9265587,1.0,5
ENSG00000156860,1.8309091,1.5802405,K562,0.9232705,1.0,5
ENSG00000156873,1.3949401,1.6230425,K562,0.9693754,1.0,5
ENSG00000157045,1.384471,1.5612206,K562,0.96379673,1.0,5
ENSG00000157045,1.282413,1.5612206,K562,0.78738326,0.7638889,5
ENSG00000157045,1.232324,1.5612206,K562,0.53718734,0.7351955,5
ENSG00000157045,1.354314,1.5612206,K562,0.79946476,0.72165823,5
ENSG00000157106,1.0806911,1.396548,K562,0.9469872,1.0,5
ENSG00000157106,0.9210197,1.396548,K562,0.9473591,1.0,5
ENSG00000157106,1.2756828,1.396548,K562,0.43769094,0.13690169,5
ENSG00000157315,-0.23668604,-0.29242983,K562,0.98009926,1.0,5
ENSG00000157315,-0.027589317,-0.29242983,K562,0.97716796,1.0,5
ENSG00000157322,-0.032265976,-0.7212464,K562,0.8823922,1.0,5
ENSG00000157349,0.9775008,1.4575791,K562,0.95856464,1.0,5
ENSG00000157349,0.9775008,1.4575791,K562,0.95856464,1.0,5
ENSG00000157349,1.1518079,1.4575791,K562,0.90840286,1.0,5
ENSG00000157349,0.97714245,1.4575791,K562,0.95845836,1.0,5
ENSG00000157349,1.1840454,1.4575791,K562,0.90038633,1.0,5
ENSG00000157349,1.3799647,1.4575791,K562,0.9175591,0.3299781,5
ENSG00000157350,1.5913099,1.5582284,K562,0.9484914,1.0,5
ENSG00000157353,1.0940714,1.0678145,K562,0.8580634,1.0,5
ENSG00000157353,1.2122223,1.0678145,K562,0.9487407,1.0,5
ENSG00000157353,1.7276888,1.0678145,K562,0.9551844,1.0,5
ENSG00000157353,1.1330885,1.0678145,K562,0.9361336,0.78471136,5
ENSG00000157368,-0.6874183,-0.6777807,K562,0.9658481,1.0,5
ENSG00000157368,-0.61167574,-0.6777807,K562,0.9882897,1.0,5
ENSG00000157593,1.8894349,1.5762261,K562,0.84385633,1.0,5
ENSG00000157593,1.8500632,1.5762261,K562,0.9194356,0.95188224,5
ENSG00000157593,1.8764814,1.5762261,K562,0.8453814,1.0,5
ENSG00000158545,1.3407686,1.4197906,K562,0.95145375,1.0,5
ENSG00000158545,1.4299304,1.4197906,K562,0.92900574,1.0,5
ENSG00000158545,1.3801275,1.4197906,K562,0.9620335,1.0,5
ENSG00000158545,1.4243735,1.4197906,K562,0.9171487,0.22882026,5
ENSG00000158691,0.99175227,0.7176705,K562,0.94317514,1.0,5
ENSG00000158691,1.1780891,0.7176705,K562,0.9356363,1.0,5
ENSG00000158691,1.5101508,0.7176705,K562,0.8482898,1.0,5
ENSG00000158792,1.3745571,0.61384183,K562,0.903991,1.0,5
ENSG00000158805,1.7065878,1.2990713,K562,0.94121027,1.0,5
ENSG00000158805,1.6884688,1.2990713,K562,0.964266,1.0,5
ENSG00000158805,1.4494721,1.2990713,K562,0.9429402,1.0,5
ENSG00000159461,1.0330173,1.3977662,K562,0.95213044,1.0,5
ENSG00000159461,0.82012993,1.3977662,K562,0.9267696,0.97424895,5
ENSG00000159579,0.8671282,1.32695,K562,0.86956245,1.0,5
ENSG00000159593,1.3975827,1.733117,K562,0.9241499,1.0,5
ENSG00000159593,1.2378197,1.733117,K562,0.9010768,1.0,5
ENSG00000159593,1.3454632,1.733117,K562,0.90702647,0.0,5
ENSG00000159593,1.3503318,1.733117,K562,0.92665476,0.97242844,5
ENSG00000159593,1.2195975,1.733117,K562,0.8957247,0.12332696,5
ENSG00000159618,1.4479619,1.392697,K562,0.93629307,1.0,5
ENSG00000159618,1.3784112,1.392697,K562,0.9677105,1.0,5
ENSG00000159720,1.6400269,1.7825443,K562,0.97422135,1.0,5
ENSG00000159720,1.3734928,1.7825443,K562,0.9433409,1.0,5
ENSG00000159720,1.5512444,1.7825443,K562,0.9226861,0.0046851574,5
ENSG00000159753,1.273173,1.7315887,K562,0.96158636,1.0,5
ENSG00000159761,1.1291296,0.28330123,K562,0.8985664,1.0,5
ENSG00000159761,0.9336822,0.28330123,K562,0.8354054,1.0,5
ENSG00000159792,1.2185417,1.0390173,K562,0.94210285,1.0,5
ENSG00000161904,1.2807149,1.4332896,K562,0.96986604,1.0,5
ENSG00000161904,1.1660568,1.4332896,K562,0.9528114,1.0,5
ENSG00000161904,1.3065951,1.4332896,K562,0.50254595,1.0,5
ENSG00000161980,1.5327935,1.6917886,K562,0.92078197,1.0,5
ENSG00000161981,1.4220885,1.8426716,K562,0.87170345,1.0,5
ENSG00000161981,1.4640638,1.8426716,K562,0.95899844,1.0,5
ENSG00000161996,1.1870536,1.7076553,K562,0.9603503,1.0,5
ENSG00000161996,1.087732,1.7076553,K562,0.962375,0.9888,5
ENSG00000161996,1.3747512,1.7076553,K562,0.8790781,0.85521585,5
ENSG00000161999,1.2769302,1.5683191,K562,0.9695432,1.0,5
ENSG00000161999,1.5053908,1.5683191,K562,0.9444426,1.0,5
ENSG00000161999,1.440892,1.5683191,K562,0.9642396,0.938079,5
ENSG00000161999,1.4198815,1.5683191,K562,0.9443098,0.92386436,5
ENSG00000162004,0.61860013,1.3544925,K562,0.98591346,1.0,5
ENSG00000162004,0.5225781,1.3544925,K562,0.98593456,1.0,5
ENSG00000162032,1.1467899,1.3782161,K562,0.94759154,1.0,5
ENSG00000162032,1.0945616,1.3782161,K562,0.8449924,1.0,5
ENSG00000162062,1.1512698,1.4061995,K562,0.9165225,1.0,5
ENSG00000162063,1.4706688,1.3754808,K562,0.94907457,1.0,5
ENSG00000162063,1.3303628,1.3754808,K562,0.96585464,1.0,5
ENSG00000162063,1.5579103,1.3754808,K562,0.9279015,0.94882065,5
ENSG00000162065,1.3157971,0.72754127,K562,0.39442256,0.0,5
ENSG00000162065,1.0839117,0.72754127,K562,0.92985994,0.9066148,5
ENSG00000162066,1.0379199,1.4656802,K562,0.94581276,1.0,5
ENSG00000162066,0.9420134,1.4656802,K562,0.9668259,1.0,5
ENSG00000162066,0.8900598,1.4656802,K562,0.8883715,1.0,5
ENSG00000162066,1.0792972,1.4656802,K562,0.941462,0.9616986,5
ENSG00000162073,1.536804,1.3778524,K562,0.9426834,0.7017868,5
ENSG00000162073,1.5448798,1.3778524,K562,0.9377187,0.34946236,5
ENSG00000162076,0.8002665,1.5092025,K562,0.90883225,1.0,5
ENSG00000162076,0.7533423,1.5092025,K562,0.87016535,0.96369326,5
ENSG00000162078,-0.21281184,0.9360108,K562,0.9692309,1.0,5
ENSG00000162086,0.5197077,1.1479853,K562,0.85102326,1.0,5
ENSG00000162104,0.22255029,-0.85387194,K562,0.90762913,1.0,5
ENSG00000162104,-0.053021766,-0.85387194,K562,0.9556805,1.0,5
ENSG00000162104,-0.088075,-0.85387194,K562,0.9693783,1.0,5
ENSG00000162104,-0.08003869,-0.85387194,K562,0.96779346,1.0,5
ENSG00000162104,0.035835486,-0.85387194,K562,0.9457413,1.0,5
ENSG00000162104,0.22252487,-0.85387194,K562,0.9690344,1.0,5
ENSG00000162104,-0.07748807,-0.85387194,K562,0.91173804,1.0,5
ENSG00000164414,0.95927465,0.88422877,K562,0.90824765,1.0,5
ENSG00000164414,1.0991586,0.88422877,K562,0.36021298,1.0,5
ENSG00000164414,1.0991586,0.88422877,K562,0.36021298,1.0,5
ENSG00000164414,1.0113114,0.88422877,K562,0.95506847,0.86243385,5
ENSG00000164440,1.0373381,-0.4089354,K562,0.90733445,1.0,5
ENSG00000164440,0.87459457,-0.4089354,K562,0.9086705,1.0,5
ENSG00000164442,1.5076431,0.9057959,K562,0.9131395,1.0,5
ENSG00000164465,0.23247518,0.84385544,K562,0.95160174,1.0,5
ENSG00000164494,0.75308913,0.81491315,K562,0.90344316,1.0,5
ENSG00000164494,0.6313685,0.81491315,K562,0.89315915,1.0,5
ENSG00000164506,0.62664413,0.6580114,K562,0.944645,1.0,5
ENSG00000164506,0.76404643,0.6580114,K562,0.8601236,1.0,5
ENSG00000164626,0.1812895,0.39967373,K562,0.9791389,1.0,5
ENSG00000164663,1.1326207,0.7185017,K562,0.94246227,1.0,5
ENSG00000164663,0.99472034,0.7185017,K562,0.91200906,1.0,5
ENSG00000164663,1.3117908,0.7185017,K562,0.5993649,1.0,5
ENSG00000164674,1.0559613,0.7589119,K562,0.9562764,1.0,5
ENSG00000164674,1.0290681,0.7589119,K562,0.8261917,1.0,5
ENSG00000164674,1.1342535,0.7589119,K562,0.7884503,1.0,5
ENSG00000164674,0.7447218,0.7589119,K562,0.9104858,1.0,5
ENSG00000164674,0.99078214,0.7589119,K562,0.97111106,1.0,5
ENSG00000164674,0.9607979,0.7589119,K562,0.93603456,1.0,5
ENSG00000164674,1.0504171,0.7589119,K562,0.94845057,1.0,5
ENSG00000165097,1.3346342,1.0086001,K562,0.92205304,1.0,5
ENSG00000165097,0.98526204,1.0086001,K562,0.7912702,1.0,5
ENSG00000166123,0.33473983,0.6599162,K562,0.9164061,1.0,5
ENSG00000166123,0.44704947,0.6599162,K562,0.92281157,1.0,5
ENSG00000166164,1.0941914,1.5644293,K562,0.9192451,1.0,5
ENSG00000166164,1.4782282,1.5644293,K562,0.84589124,1.0,5
ENSG00000166246,0.8064951,-0.65757734,K562,0.91803205,1.0,5
ENSG00000166246,0.5578451,-0.65757734,K562,0.9281754,1.0,5
ENSG00000166451,1.1845773,1.6295115,K562,0.95106196,1.0,5
ENSG00000166451,1.4053541,1.6295115,K562,0.8926913,1.0,5
ENSG00000166451,1.5524458,1.6295115,K562,0.8421756,0.7757211,5
ENSG00000166451,1.3824602,1.6295115,K562,0.9157911,0.47420636,5
ENSG00000166454,0.5867748,1.069298,K562,0.9272212,1.0,5
ENSG00000166454,0.31993115,1.069298,K562,0.96876746,0.9118182,5
ENSG00000166501,1.0269524,1.8435442,K562,0.9484408,1.0,5
ENSG00000166548,0.69741976,0.48713836,K562,0.9462129,1.0,5
ENSG00000166548,0.68829966,0.48713836,K562,0.79247844,1.0,5
ENSG00000166548,0.69741976,0.48713836,K562,0.9462129,0.98490566,5
ENSG00000166548,0.5685917,0.48713836,K562,0.8681222,0.99224806,5
ENSG00000166548,0.6512228,0.48713836,K562,0.35764,0.018867925,5
ENSG00000166592,-0.42566305,0.8169038,K562,0.9861004,1.0,5
ENSG00000166592,-0.26003647,0.8169038,K562,0.9863024,1.0,5
ENSG00000166595,1.8581537,2.241671,K562,0.822223,1.0,5
ENSG00000166669,1.1232817,1.5212688,K562,0.7440972,1.0,5
ENSG00000166669,1.0613681,1.5212688,K562,0.72495186,0.2751678,5
ENSG00000166669,1.2470286,1.5212688,K562,0.88618326,0.60818714,5
ENSG00000166669,0.96411693,1.5212688,K562,0.9300406,1.0,5
ENSG00000166669,0.9821428,1.5212688,K562,0.9083889,0.88011694,5
ENSG00000166676,0.19456527,0.22010809,K562,0.9736058,1.0,5
ENSG00000166676,-0.28828162,0.22010809,K562,0.97290707,1.0,5
ENSG00000166743,-0.36881688,-0.63827217,K562,0.98463434,1.0,5
ENSG00000166743,-0.5539699,-0.63827217,K562,0.9523433,1.0,5
ENSG00000166743,-0.54676425,-0.63827217,K562,0.9527938,1.0,5
ENSG00000166747,1.6128292,1.5718253,K562,0.89326304,1.0,5
ENSG00000166747,1.204777,1.5718253,K562,0.9309033,0.0,5
ENSG00000166783,1.2664765,1.1975563,K562,0.80661637,1.0,5
ENSG00000166783,1.4470153,1.1975563,K562,0.8416636,1.0,5
ENSG00000166816,-0.5014493,-0.79588,K562,0.98606664,1.0,5
ENSG00000166822,1.1563104,1.0236639,K562,0.9528394,1.0,5
ENSG00000166847,1.6626817,1.7715875,K562,0.7957703,1.0,5
ENSG00000166847,1.2158393,1.7715875,K562,0.9348404,1.0,5
ENSG00000166848,1.3753597,1.6307329,K562,0.90985054,1.0,5
ENSG00000166851,1.5039028,1.8890775,K562,0.9472567,1.0,5
ENSG00000166851,1.471799,1.8890775,K562,0.95438814,1.0,5
ENSG00000166971,0.8791875,1.0161973,K562,0.9197789,1.0,5
ENSG00000167005,0.9812912,2.0372272,K562,0.8963889,1.0,5
ENSG00000167005,1.1067754,2.0372272,K562,0.817372,1.0,5
ENSG00000167186,1.0843605,1.2132521,K562,0.87248987,1.0,5
ENSG00000167261,0.29096383,0.29225606,K562,0.96950096,1.0,5
ENSG00000167264,1.6884886,1.2683439,K562,0.90046155,1.0,5
ENSG00000167264,1.3879861,1.2683439,K562,0.7897401,0.30959752,5
ENSG00000167377,0.8492906,0.8567289,K562,0.9171107,1.0,5
ENSG00000167377,1.0967286,0.8567289,K562,0.67031056,0.83870965,5
ENSG00000167394,1.519874,0.9513375,K562,0.9664323,1.0,5
ENSG00000167394,1.519874,0.9513375,K562,0.9664323,1.0,5
ENSG00000167395,1.4070902,0.9827234,K562,0.9389827,1.0,5
ENSG00000167397,1.668252,1.8956988,K562,0.81484985,1.0,5
ENSG00000167397,1.6069005,1.8956988,K562,0.4659293,0.01880583,5
ENSG00000167397,1.6759644,1.8956988,K562,0.8241935,0.8135907,5
ENSG00000167397,1.6979393,1.8956988,K562,0.8746314,0.022869023,5
ENSG00000167508,1.4982808,1.8621911,K562,0.95421314,1.0,5
ENSG00000167513,1.8543663,1.6603911,K562,0.9036783,1.0,5
ENSG00000167515,1.3004242,1.8459657,K562,0.9349823,1.0,5
ENSG00000167515,1.3278934,1.8459657,K562,0.941213,1.0,5
ENSG00000167515,1.377273,1.8459657,K562,0.9019082,0.30783582,5
ENSG00000167522,1.4763432,1.8200043,K562,0.96179867,1.0,5
ENSG00000167522,1.5043105,1.8200043,K562,0.94966346,0.06963614,5
ENSG00000167523,1.7668763,0.89042103,K562,0.83486843,1.0,5
ENSG00000167523,1.765373,0.89042103,K562,0.8337382,1.0,5
ENSG00000167930,1.1835599,1.372728,K562,0.9107062,1.0,5
ENSG00000167930,1.0068486,1.372728,K562,0.82335246,1.0,5
ENSG00000167930,1.1855378,1.372728,K562,0.9288312,1.0,5
ENSG00000167930,1.2435657,1.372728,K562,0.67199636,1.0,5
ENSG00000167962,1.8505679,1.7008767,K562,0.963536,1.0,5
ENSG00000167965,1.7660573,1.9906052,K562,0.91831577,1.0,5
ENSG00000167965,1.5657893,1.9906052,K562,0.9225548,1.0,5
ENSG00000167965,1.573446,1.9906052,K562,0.965217,0.6392588,5
ENSG00000167967,1.4382781,1.3827373,K562,0.9489748,1.0,5
ENSG00000167968,-0.19349138,0.045322977,K562,0.9857244,1.0,5
ENSG00000167969,1.5619534,1.7580788,K562,0.9734804,1.0,5
ENSG00000167969,1.4889635,1.7580788,K562,0.96634156,1.0,5
ENSG00000167969,1.6911689,1.7580788,K562,0.9166289,1.0,5
ENSG00000167971,-0.5805585,-0.537602,K562,0.9727999,1.0,5
ENSG00000167972,-0.1743083,0.91592723,K562,0.88690066,1.0,5
ENSG00000167972,-0.1818742,0.91592723,K562,0.96135604,0.7759563,5
ENSG00000167977,1.3864428,1.6636068,K562,0.87983286,1.0,5
ENSG00000167977,1.4499036,1.6636068,K562,0.9548608,1.0,5
ENSG00000167978,1.7946615,2.6674995,K562,0.95505565,1.0,5
ENSG00000167978,1.629926,2.6674995,K562,0.9466505,0.03702903,5
ENSG00000167981,0.7061418,0.07918125,K562,0.8431349,1.0,5
ENSG00000167981,1.5255119,0.07918125,K562,0.90789473,1.0,5
ENSG00000168096,1.4025573,1.0549959,K562,0.964426,1.0,5
ENSG00000168096,1.2774165,1.0549959,K562,0.83014905,1.0,5
ENSG00000168096,1.2621442,1.0549959,K562,0.9677673,1.0,5
ENSG00000168096,1.2893788,1.0549959,K562,0.9610124,1.0,5
ENSG00000168096,1.3056431,1.0549959,K562,0.9448938,1.0,5
ENSG00000168096,1.132744,1.0549959,K562,0.94463444,1.0,5
ENSG00000168096,1.1398312,1.0549959,K562,0.9046243,1.0,5
ENSG00000168096,1.191091,1.0549959,K562,0.9553023,1.0,5
ENSG00000168096,1.1165003,1.0549959,K562,0.53590775,0.23921569,5
ENSG00000168101,1.595848,1.4952668,K562,0.9245571,1.0,5
ENSG00000168101,1.5947484,1.4952668,K562,0.9187898,1.0,5
ENSG00000168116,0.6829352,1.0013009,K562,0.93646246,1.0,5
ENSG00000168116,0.6829352,1.0013009,K562,0.93646246,1.0,5
ENSG00000168116,0.85968924,1.0013009,K562,0.90891784,0.95166165,5
ENSG00000168216,1.077249,1.2121876,K562,0.95009226,1.0,5
ENSG00000168394,1.9343382,2.1104887,K562,0.916358,1.0,5
ENSG00000168394,1.9375931,2.1104887,K562,0.8854708,1.0,5
ENSG00000168404,1.3111318,0.9804579,K562,0.9518965,1.0,5
ENSG00000168404,1.1182605,0.9804579,K562,0.94833875,1.0,5
ENSG00000168411,1.5747277,1.5884959,K562,0.6495204,1.0,5
ENSG00000168411,1.3434302,1.5884959,K562,0.95774895,1.0,5
ENSG00000168411,1.6154472,1.5884959,K562,0.2638517,0.24146268,5
ENSG00000168434,1.1202484,1.0354297,K562,0.9457736,1.0,5
ENSG00000168438,1.1586086,1.1360861,K562,0.9517975,1.0,5
ENSG00000168477,0.21804427,0.3521825,K562,0.9856808,1.0,5
ENSG00000168477,0.14137143,0.3521825,K562,0.9863724,1.0,5
ENSG00000168477,0.0980214,0.3521825,K562,0.9893044,1.0,5
ENSG00000168488,1.6260165,2.0075345,K562,0.9599066,1.0,5
ENSG00000168488,1.6752695,2.0075345,K562,0.93043023,0.9857038,5
ENSG00000168488,1.707726,2.0075345,K562,0.95299673,0.02739726,5
ENSG00000168566,0.8784738,0.8293038,K562,0.8440839,1.0,5
ENSG00000168566,0.8189138,0.8293038,K562,0.9496797,1.0,5
ENSG00000168566,0.87711704,0.8293038,K562,0.8343839,0.1780366,5
ENSG00000168676,-0.0131002255,0.8413595,K562,0.9874858,1.0,5
ENSG00000168701,1.5343149,1.6786094,K562,0.9609632,1.0,5
ENSG00000168802,1.4086448,2.0867867,K562,0.8398524,1.0,5
ENSG00000168802,1.6688741,2.0867867,K562,0.9440184,0.48966038,5
ENSG00000168802,1.6367716,2.0867867,K562,0.94524235,0.2219917,5
ENSG00000168802,1.4086448,2.0867867,K562,0.8398524,0.8651564,5
ENSG00000168802,1.387664,2.0867867,K562,0.8320362,0.9715728,5
ENSG00000168807,0.7187601,0.76267856,K562,0.8969822,1.0,5
ENSG00000168872,1.2752748,1.5615784,K562,0.78853554,1.0,5
ENSG00000168872,1.4461895,1.5615784,K562,0.9029018,1.0,5
ENSG00000168872,1.3771626,1.5615784,K562,0.9482261,0.9993869,5
ENSG00000168872,1.056799,1.5615784,K562,0.894261,0.0060975607,5
ENSG00000168872,1.5265166,1.5615784,K562,0.9232897,1.0,5
ENSG00000168994,-0.5688055,-0.26760623,K562,0.98242766,1.0,5
ENSG00000169180,1.5099701,2.1145442,K562,0.891829,1.0,5
ENSG00000169180,1.6294695,2.1145442,K562,0.79486746,0.32023346,5
ENSG00000169189,1.2158327,1.6847556,K562,0.9513206,1.0,5
ENSG00000169189,1.455428,1.6847556,K562,0.90746135,1.0,5
ENSG00000169189,1.2804877,1.6847556,K562,0.9099139,1.0,5
ENSG00000169189,1.2080039,1.6847556,K562,0.89829427,0.0049471552,5
ENSG00000169189,1.5453185,1.6847556,K562,0.69984275,0.0049471552,5
ENSG00000169217,1.5800097,1.4491698,K562,0.92211556,1.0,5
ENSG00000169221,1.3597859,1.3602146,K562,0.8480402,1.0,5
ENSG00000169221,1.3939189,1.3602146,K562,0.9513974,1.0,5
ENSG00000169221,1.2184967,1.3602146,K562,0.92512715,1.0,5
ENSG00000169221,1.4031879,1.3602146,K562,0.9286991,1.0,5
ENSG00000169221,1.2796093,1.3602146,K562,0.96095634,0.8992248,5
ENSG00000169246,-0.11616403,1.4827307,K562,0.95172036,1.0,5
ENSG00000169592,1.0980425,1.7423323,K562,0.9022163,1.0,5
ENSG00000169592,1.2927192,1.7423323,K562,0.94019735,1.0,5
ENSG00000169592,1.2812849,1.7423323,K562,0.92579293,0.91783565,5
ENSG00000169592,1.2023411,1.7423323,K562,0.75419384,0.9038687,5
ENSG00000169592,1.2975779,1.7423323,K562,0.94048005,0.2035124,5
ENSG00000169627,0.16896066,2.4022958,K562,0.95138794,1.0,5
ENSG00000169627,0.21998696,2.4022958,K562,0.9100287,1.0,5
ENSG00000169682,1.1433707,1.2494429,K562,0.9510757,1.0,5
ENSG00000169682,1.3803569,1.2494429,K562,0.93537784,1.0,5
ENSG00000169682,1.1705904,1.2494429,K562,0.8150162,0.8937824,5
ENSG00000169715,-0.38442796,1.276002,K562,0.986169,0.5237069,5
ENSG00000169896,0.34018013,1.0809871,K562,0.97881365,1.0,5
ENSG00000169951,1.7166625,0.920645,K562,0.8830824,1.0,5
ENSG00000169955,1.9124075,1.0030295,K562,0.8893858,1.0,5
ENSG00000170100,1.152321,0.6009729,K562,0.9449326,1.0,5
ENSG00000170100,1.3766204,0.6009729,K562,0.9260375,1.0,5
ENSG00000170100,1.3760828,0.6009729,K562,0.92586833,0.58235294,5
ENSG00000170100,1.1173184,0.6009729,K562,0.9085063,0.41764706,5
ENSG00000170540,1.3472792,1.9340438,K562,0.9173178,1.0,5
ENSG00000170540,1.4421402,1.9340438,K562,0.31847075,1.0,5
ENSG00000170540,1.4421402,1.9340438,K562,0.31847075,1.0,5
ENSG00000170540,1.6065773,1.9340438,K562,0.78275657,1.0,5
ENSG00000170540,1.3934652,1.9340438,K562,0.9008523,0.9281139,5
ENSG00000170542,0.14772184,0.580925,K562,0.97908,1.0,5
ENSG00000170542,0.11660533,0.580925,K562,0.9818917,1.0,5
ENSG00000170734,1.332184,1.0132587,K562,0.9338136,1.0,5
ENSG00000170734,1.3262342,1.0132587,K562,0.92980874,1.0,5
ENSG00000170899,0.91929567,0.5831988,K562,0.8598822,1.0,5
ENSG00000171208,0.87128884,1.4553018,K562,0.931632,1.0,5
ENSG00000171208,1.1505083,1.4553018,K562,0.90822524,1.0,5
ENSG00000171208,1.179053,1.4553018,K562,0.95140797,1.0,5
ENSG00000171208,0.9533322,1.4553018,K562,0.8054667,1.0,5
ENSG00000171241,1.2837807,1.3679148,K562,0.9234664,1.0,5
ENSG00000171241,1.0830187,1.3679148,K562,0.9516193,1.0,5
ENSG00000171453,1.7761791,1.6226285,K562,0.888383,1.0,5
ENSG00000171467,1.3844019,1.1248301,K562,0.9043623,1.0,5
ENSG00000171490,1.6639305,2.0834668,K562,0.926017,1.0,5
ENSG00000171490,1.7063817,2.0834668,K562,0.83783555,0.69463176,5
ENSG00000171724,-0.94516766,-0.7447275,K562,0.98722863,1.0,5
ENSG00000171724,-0.9351089,-0.7447275,K562,0.99075234,1.0,5
ENSG00000171724,-0.92124045,-0.7447275,K562,0.9834714,1.0,5
ENSG00000172197,1.1602485,0.8494194,K562,0.8708076,1.0,5
ENSG00000172366,1.8092842,1.8835479,K562,0.8808236,1.0,5
ENSG00000172366,1.4955583,1.8835479,K562,0.91686434,0.97151834,5
ENSG00000172382,-0.14538383,0.06818586,K562,0.98124266,1.0,5
ENSG00000172382,-0.13976277,0.06818586,K562,0.98125815,1.0,5
ENSG00000172432,1.6152154,1.6112983,K562,0.94345653,1.0,5
ENSG00000172432,1.6163684,1.6112983,K562,0.95710564,1.0,5
ENSG00000172432,1.6145374,1.6112983,K562,0.9254027,1.0,5
ENSG00000172432,1.7304933,1.6112983,K562,0.72107184,1.0,5
ENSG00000172432,1.7170227,1.6112983,K562,0.71895003,1.0,5
ENSG00000172469,0.9038521,0.7067178,K562,0.9349317,1.0,5
ENSG00000172530,1.3043631,1.0565237,K562,0.9604682,1.0,5
ENSG00000172530,1.3123224,1.0565237,K562,0.9581327,0.4982699,5
ENSG00000172530,1.0976069,1.0565237,K562,0.91737616,0.10204082,5
ENSG00000172594,-0.88576484,-0.6777807,K562,0.98565686,1.0,5
ENSG00000172775,1.3625609,1.9104643,K562,0.87377805,1.0,5
ENSG00000172775,1.3625609,1.9104643,K562,0.87377805,1.0,5
ENSG00000172828,-0.042800523,0.26481783,K562,0.9822146,1.0,5
ENSG00000172831,1.3583783,1.2848817,K562,0.93821347,1.0,5
ENSG00000173214,0.66349435,0.5854607,K562,0.83553547,1.0,5
ENSG00000173214,0.724749,0.5854607,K562,0.85491735,1.0,5
ENSG00000174177,1.3382589,1.4665711,K562,0.84472156,1.0,5
ENSG00000174177,1.4059244,1.4665711,K562,0.6145759,0.95417905,5
ENSG00000174628,0.5647619,0.021189298,K562,0.92327106,1.0,5
ENSG00000174943,0.6604029,1.3142886,K562,0.9013255,1.0,5
ENSG00000174943,0.75512564,1.3142886,K562,0.9570542,1.0,5
ENSG00000174943,1.4294869,1.3142886,K562,0.52245355,0.13126323,5
ENSG00000175048,0.6835317,-0.113509275,K562,0.9266829,1.0,5
ENSG00000175048,0.6035756,-0.113509275,K562,0.9036514,1.0,5
ENSG00000175048,0.64992845,-0.113509275,K562,0.9164549,1.0,5
ENSG00000175048,0.74965346,-0.113509275,K562,0.96011794,1.0,5
ENSG00000175048,0.75041735,-0.113509275,K562,0.9600717,1.0,5
ENSG00000175595,0.9335209,0.50514996,K562,0.91921175,1.0,5
ENSG00000176046,-0.49554718,-0.85387194,K562,0.98853827,1.0,5
ENSG00000176387,0.108614996,-0.60206,K562,0.9677697,1.0,5
ENSG00000176476,1.1644924,0.96378785,K562,0.96339643,1.0,5
ENSG00000176715,1.4593688,1.4913617,K562,0.9087072,1.0,5
ENSG00000176715,1.3441705,1.4913617,K562,0.9659077,0.6049204,5
ENSG00000176953,1.5861439,1.7756833,K562,0.9544446,1.0,5
ENSG00000177200,1.3229252,1.3394514,K562,0.9066755,1.0,5
ENSG00000177238,-0.73669314,-0.43179828,K562,0.98927385,1.0,5
ENSG00000177548,1.601616,1.4107772,K562,0.9648886,1.0,5
ENSG00000177548,1.8560885,1.4107772,K562,0.89674217,0.77227724,5
ENSG00000177548,1.8374366,1.4107772,K562,0.91467273,0.78692096,5
ENSG00000177548,1.9271408,1.4107772,K562,0.84685254,0.88882834,5
ENSG00000178188,1.2387326,1.5048784,K562,0.95081496,1.0,5
ENSG00000178188,1.5007066,1.5048784,K562,0.9329276,0.913649,5
ENSG00000178199,1.3834801,0.9956352,K562,0.9446763,1.0,5
ENSG00000178199,1.5940062,0.9956352,K562,0.93417007,1.0,5
ENSG00000178226,-0.13952886,-0.43179828,K562,0.98572505,1.0,5
ENSG00000178409,0.5001458,0.463893,K562,0.934955,1.0,5
ENSG00000178425,1.036261,1.7554938,K562,0.9190791,1.0,5
ENSG00000178773,-0.21390864,1.5753033,K562,0.9801829,1.0,5
ENSG00000178952,1.450817,2.2325387,K562,0.9576792,1.0,5
ENSG00000178952,1.5995208,2.2325387,K562,0.88574886,1.0,5
ENSG00000179165,0.8898481,-0.34678748,K562,0.88746494,1.0,5
ENSG00000179588,0.8060554,0.056904852,K562,0.94210887,1.0,5
ENSG00000179588,0.67921674,0.056904852,K562,0.9603332,1.0,5
ENSG00000179588,0.7743306,0.056904852,K562,0.94181323,1.0,5
ENSG00000179889,0.9972235,1.7220578,K562,0.80172366,1.0,5
ENSG00000179889,0.97276807,1.7220578,K562,0.41308352,0.66166705,5
ENSG00000179889,0.8505684,1.7220578,K562,0.88706255,0.9496465,5
ENSG00000179958,1.5884337,2.1456935,K562,0.86360335,1.0,5
ENSG00000179958,1.5883013,2.1456935,K562,0.8641163,1.0,5
ENSG00000179965,0.97156155,0.69810057,K562,0.9103384,1.0,5
ENSG00000179965,0.9662043,0.69810057,K562,0.9100656,1.0,5
ENSG00000180035,1.4519483,0.80550086,K562,0.9001442,1.0,5
ENSG00000180822,1.3820924,1.7227162,K562,0.94227743,1.0,5
ENSG00000180822,1.435871,1.7227162,K562,0.9444426,0.38761568,5
ENSG00000180917,1.5510112,1.1619666,K562,0.72002745,1.0,5
ENSG00000180917,1.5654579,1.1619666,K562,0.86609864,0.9793341,5
ENSG00000181019,1.1879665,1.3068538,K562,0.926877,1.0,5
ENSG00000181019,1.318583,1.3068538,K562,0.8754115,0.86580884,5
ENSG00000181019,1.318583,1.3068538,K562,0.8754115,0.87096775,5
ENSG00000181019,1.2843076,1.3068538,K562,0.9590889,0.8202247,5
ENSG00000181019,1.2843076,1.3068538,K562,0.9590889,0.8134715,5
ENSG00000181315,0.377346,0.7888751,K562,0.885172,1.0,5
ENSG00000181315,0.9534568,0.7888751,K562,0.89848673,1.0,5
ENSG00000181472,1.0936642,1.0314084,K562,0.93474996,1.0,5
ENSG00000181577,0.34022596,0.3424227,K562,0.96348166,1.0,5
ENSG00000181577,0.3792198,0.3424227,K562,0.95140606,1.0,5
ENSG00000181577,0.11953415,0.3424227,K562,0.95908225,1.0,5
ENSG00000181625,0.08611557,1.2227165,K562,0.6939623,1.0,5
ENSG00000181625,0.15237351,1.2227165,K562,0.8682016,0.8783505,5
ENSG00000181938,0.6826782,1.108565,K562,0.92353684,1.0,5
ENSG00000181938,0.8903481,1.108565,K562,0.3640651,0.06703911,5
ENSG00000181938,0.6826782,1.108565,K562,0.92353684,0.72357017,5
ENSG00000182108,1.2382616,1.2920344,K562,0.91969115,0.26759169,5
ENSG00000182149,1.3320936,2.033142,K562,0.84974843,1.0,5
ENSG00000182149,1.5792373,2.033142,K562,0.8220763,1.0,5
ENSG00000182149,1.6189549,2.033142,K562,0.92852175,0.07880435,5
ENSG00000182685,0.20821644,0.86510396,K562,0.98779464,1.0,5
ENSG00000182831,1.6392151,1.2766916,K562,0.7376612,1.0,5
ENSG00000182831,1.541454,1.2766916,K562,0.9196106,1.0,5
ENSG00000182885,-0.54412484,-0.85387194,K562,0.97464854,1.0,5
ENSG00000182885,-0.6052013,-0.85387194,K562,0.98963493,1.0,5
ENSG00000183044,0.24859874,0.32428247,K562,0.948033,1.0,5
ENSG00000183137,0.56160015,0.9951963,K562,0.9399835,1.0,5
ENSG00000183137,0.70471823,0.9951963,K562,0.8819206,0.52380955,5
ENSG00000183137,0.9224193,0.9951963,K562,0.259055,0.6703297,5
ENSG00000183336,0.57227516,1.4104397,K562,0.88340324,1.0,5
ENSG00000183426,-0.27826098,1.3312248,K562,0.9602327,1.0,5
ENSG00000183426,-0.07742784,1.3312248,K562,0.84962785,0.65337425,5
ENSG00000183723,-0.586,-0.7447275,K562,0.9771912,1.0,5
ENSG00000183723,-0.59537,-0.7447275,K562,0.98752743,1.0,5
ENSG00000183751,1.6516019,1.6681995,K562,0.9594641,1.0,5
ENSG00000183751,1.6537788,1.6681995,K562,0.94240934,1.0,5
ENSG00000183826,0.95925796,0.46982202,K562,0.8268835,1.0,5
ENSG00000183826,0.9154134,0.46982202,K562,0.95010877,1.0,5
ENSG00000183889,0.0037695803,1.8319337,K562,0.9523416,1.0,5
ENSG00000183889,0.14094344,1.8319337,K562,0.9205674,1.0,5
ENSG00000183889,0.03110915,1.8319337,K562,0.93642205,0.32423207,5
ENSG00000183889,-0.18237445,1.8319337,K562,0.92365927,0.32576618,5
ENSG00000184110,-0.21535768,2.5091622,K562,0.96629566,1.0,5
ENSG00000184465,0.587088,1.3583156,K562,0.89547,1.0,5
ENSG00000184465,0.71050304,1.3583156,K562,0.61959815,1.0,5
ENSG00000184465,0.8170788,1.3583156,K562,0.41890082,0.2254902,5
ENSG00000184465,1.2470971,1.3583156,K562,0.79802215,0.7745098,5
ENSG00000184465,0.6834136,1.3583156,K562,0.8831226,0.13405797,5
ENSG00000184517,1.0532757,0.67209786,K562,0.8536568,1.0,5
ENSG00000184517,0.7711744,0.67209786,K562,0.9338114,0.96268654,5
ENSG00000184530,-0.31791654,-0.79588,K562,0.96487415,1.0,5
ENSG00000184730,0.7034234,0.3521825,K562,0.97233725,1.0,5
ENSG00000184860,0.06389676,0.33243847,K562,0.96901155,1.0,5
ENSG00000185164,0.25162402,1.6419696,K562,0.93187094,1.0,5
ENSG00000185164,0.16832909,1.6419696,K562,0.9654678,1.0,5
ENSG00000185164,0.31956014,1.6419696,K562,0.8644986,1.0,5
ENSG00000185250,0.57379943,-0.82390875,K562,0.9395152,1.0,5
ENSG00000185324,1.2491242,1.6783363,K562,0.9595023,1.0,5
ENSG00000185324,1.3569251,1.6783363,K562,0.9531904,1.0,5
ENSG00000185324,1.4850434,1.6783363,K562,0.94100124,0.91561866,5
ENSG00000185669,0.7074337,0.6589649,K562,0.90398866,1.0,5
ENSG00000185760,0.84872854,0.34439227,K562,0.940739,1.0,5
ENSG00000185760,1.0375345,0.34439227,K562,0.9264279,1.0,5
ENSG00000185760,1.1331571,0.34439227,K562,0.27980322,0.94067794,5
ENSG00000185883,1.5716951,1.5373152,K562,0.94936335,1.0,5
ENSG00000185947,1.5623423,1.114611,K562,0.92052984,1.0,5
ENSG00000185947,1.1155714,1.114611,K562,0.524627,0.0,5
ENSG00000186153,0.70840836,1.1038038,K562,0.85576373,1.0,5
ENSG00000186153,0.959551,1.1038038,K562,0.9105936,0.9890966,5
ENSG00000186187,0.5569777,1.3079237,K562,0.9184169,1.0,5
ENSG00000186187,0.5569777,1.3079237,K562,0.9184169,1.0,5
ENSG00000186187,0.90586555,1.3079237,K562,0.93415904,0.036111113,5
ENSG00000186260,0.7273318,0.7497363,K562,0.8896373,1.0,5
ENSG00000186260,0.5108226,0.7497363,K562,0.9365181,1.0,5
ENSG00000186260,1.0510677,0.7497363,K562,0.8692621,1.0,5
ENSG00000186470,0.82064945,1.2081726,K562,0.9433768,1.0,5
ENSG00000186470,1.0722848,1.2081726,K562,0.9139313,0.8527725,5
ENSG00000186470,1.3283845,1.2081726,K562,0.66705,0.0,5
ENSG00000186470,1.3615613,1.2081726,K562,0.54920346,0.05106383,5
ENSG00000186577,1.1911825,1.3380579,K562,0.80701923,1.0,5
ENSG00000186577,1.2048545,1.3380579,K562,0.86805594,0.5936508,5
ENSG00000186625,1.0178462,1.2132521,K562,0.9635274,1.0,5
ENSG00000186625,1.1322683,1.2132521,K562,0.9344,0.98703825,5
ENSG00000187193,0.79336756,1.0655798,K562,0.9267863,1.0,5
ENSG00000187193,0.5989649,1.0655798,K562,0.9193241,1.0,5
ENSG00000187535,0.20617591,0.45484486,K562,0.9701313,1.0,5
ENSG00000187535,0.2821885,0.45484486,K562,0.9614587,1.0,5
ENSG00000187555,1.2329952,1.6555226,K562,0.9531456,1.0,5
ENSG00000187555,1.3772749,1.6555226,K562,0.9377273,0.019372078,5
ENSG00000187626,1.026096,0.5786392,K562,0.9181681,1.0,5
ENSG00000187741,1.5415838,1.8502172,K562,0.95948076,1.0,5
ENSG00000187741,1.5421411,1.8502172,K562,0.9518212,1.0,5
ENSG00000187741,1.6200055,1.8502172,K562,0.9462409,0.7328084,5
ENSG00000187741,1.3967977,1.8502172,K562,0.8565052,1.0,5
ENSG00000187987,-0.04596073,0.21484385,K562,0.9608244,1.0,5
ENSG00000188107,-0.6570932,-0.9586073,K562,0.98286545,1.0,5
ENSG00000188107,-0.60503805,-0.9586073,K562,0.98000026,1.0,5
ENSG00000188107,-0.65118414,-0.9586073,K562,0.9635314,1.0,5
ENSG00000188215,1.0931337,0.20411998,K562,0.9449947,1.0,5
ENSG00000188322,-0.24726877,-0.63827217,K562,0.9544312,1.0,5
ENSG00000188322,-0.26500314,-0.63827217,K562,0.97920024,1.0,5
ENSG00000188428,0.93402886,1.0228406,K562,0.9559039,1.0,5
ENSG00000188428,0.9593829,1.0228406,K562,0.9162038,0.07913669,5
ENSG00000188428,0.93402886,1.0228406,K562,0.9559039,0.79831934,5
ENSG00000188428,0.95967853,1.0228406,K562,0.9523534,0.009592326,5
ENSG00000188603,1.4713188,1.3244883,K562,0.9493356,1.0,5
ENSG00000188603,1.7162838,1.3244883,K562,0.7866679,1.0,5
ENSG00000188603,1.4155515,1.3244883,K562,0.20518538,0.0,5
ENSG00000188603,1.4811825,1.3244883,K562,0.24681485,0.0,5
ENSG00000188603,1.1814806,1.3244883,K562,0.94609267,0.9599332,5
ENSG00000188603,1.4441282,1.3244883,K562,0.94790065,0.1182266,5
ENSG00000188603,1.6210059,1.3244883,K562,0.88186914,0.69553804,5
ENSG00000188603,1.4867443,1.3244883,K562,0.89002496,0.98513013,5
ENSG00000188603,1.7382227,1.3244883,K562,0.8952458,0.8680387,5
ENSG00000188994,1.3208538,1.0111474,K562,0.8483415,1.0,5
ENSG00000188994,1.3208538,1.0111474,K562,0.8483415,1.0,5
ENSG00000189007,1.092909,1.4299136,K562,0.9039518,1.0,5
ENSG00000189067,1.5012344,1.9240206,K562,0.92943025,1.0,5
ENSG00000189067,1.5897611,1.9240206,K562,0.4079259,0.0056193806,5
ENSG00000189091,1.7063984,2.0446966,K562,0.93618417,1.0,5
ENSG00000189298,0.71202767,0.40312052,K562,0.80856454,1.0,5
ENSG00000189298,0.7533169,0.40312052,K562,0.9438324,1.0,5
ENSG00000189298,1.507978,0.40312052,K562,0.6505591,0.09248555,5
ENSG00000189298,0.6292637,0.40312052,K562,0.95960766,0.69162995,5
ENSG00000196118,1.2382327,0.96614176,K562,0.84880024,1.0,5
ENSG00000196118,1.4432517,0.96614176,K562,0.933852,1.0,5
ENSG00000196118,1.4218334,0.96614176,K562,0.8561215,1.0,5
ENSG00000196118,1.5139722,0.96614176,K562,0.9535771,0.45602605,5
ENSG00000196123,1.2590578,1.3471348,K562,0.94155157,1.0,5
ENSG00000196123,1.2506107,1.3471348,K562,0.9132545,1.0,5
ENSG00000196123,1.2573377,1.3471348,K562,0.9207305,1.0,5
ENSG00000196123,1.1712197,1.3471348,K562,0.9175921,0.47916666,5
ENSG00000196155,-0.05118391,0.17318627,K562,0.9490065,1.0,5
ENSG00000196230,1.8142592,3.2920368,K562,0.90395457,1.0,5
ENSG00000196230,1.8084449,3.2920368,K562,0.7204227,1.0,5
ENSG00000196284,0.42998838,-0.18708664,K562,0.92729324,1.0,5
ENSG00000196296,0.61448145,-0.017728766,K562,0.9520201,1.0,5
ENSG00000196296,-0.2212051,-0.017728766,K562,0.98286384,1.0,5
ENSG00000196470,1.3696405,0.9929951,K562,0.88757396,1.0,5
ENSG00000196470,0.8111821,0.9929951,K562,0.87561435,1.0,5
ENSG00000196586,1.0364907,0.8976271,K562,0.7755159,1.0,5
ENSG00000196586,0.7250856,0.8976271,K562,0.84893495,1.0,5
ENSG00000196591,1.0497519,1.9977795,K562,0.9539878,1.0,5
ENSG00000196591,0.7444917,1.9977795,K562,0.66024643,0.48858154,5
ENSG00000196678,1.4229981,1.0678145,K562,0.75077486,1.0,5
ENSG00000196678,1.7278665,1.0678145,K562,0.77565837,0.20689656,5
ENSG00000196812,1.0307223,0.8739016,K562,0.9137969,1.0,5
ENSG00000196812,0.8489037,0.8739016,K562,0.9149296,1.0,5
ENSG00000196821,1.6524472,1.6053051,K562,0.94992304,1.0,5
ENSG00000196821,1.6524472,1.6053051,K562,0.94992304,1.0,5
ENSG00000196821,1.5907325,1.6053051,K562,0.8704374,1.0,5
ENSG00000196821,1.5907325,1.6053051,K562,0.8704374,1.0,5
ENSG00000196821,1.7433697,1.6053051,K562,0.893369,0.9489637,5
ENSG00000196911,0.76467144,0.48429984,K562,0.9344003,1.0,5
ENSG00000196993,-0.17616417,-0.008773924,K562,0.95800865,1.0,5
ENSG00000197006,1.328715,1.8801845,K562,0.9135233,1.0,5
ENSG00000197006,1.0337877,1.8801845,K562,0.9112667,0.85319436,5
ENSG00000197081,1.3228437,1.1792644,K562,0.83175784,1.0,5
ENSG00000197162,1.630709,0.9965117,K562,0.954344,1.0,5
ENSG00000197165,-0.3558053,-0.92081875,K562,0.98143643,1.0,5
ENSG00000197279,0.44755363,0.14921911,K562,0.9473732,1.0,5
ENSG00000197283,0.3092301,0.80002934,K562,0.9630827,1.0,5
ENSG00000197283,0.12979273,0.80002934,K562,0.98057175,1.0,5
ENSG00000197283,0.08923726,0.80002934,K562,0.98112905,1.0,5
ENSG00000197283,-0.035529405,0.80002934,K562,0.98784655,1.0,5
ENSG00000197283,0.067442864,0.80002934,K562,0.9787064,1.0,5
ENSG00000197302,0.58084065,0.968483,K562,0.9487389,1.0,5
ENSG00000197302,0.6487788,0.968483,K562,0.9282857,1.0,5
ENSG00000197302,0.7198279,0.968483,K562,0.93095,0.03448276,5
ENSG00000197442,1.4973943,1.1592664,K562,0.9386373,1.0,5
ENSG00000197442,1.4405683,1.1592664,K562,0.9441675,1.0,5
ENSG00000197498,1.056419,1.4192947,K562,0.93867743,1.0,5
ENSG00000197498,1.2393736,1.4192947,K562,0.7897215,0.84819895,5
ENSG00000197562,1.4746343,1.0569048,K562,0.93960315,1.0,5
ENSG00000197562,0.889756,1.0569048,K562,0.9440132,1.0,5
ENSG00000197562,1.1797825,1.0569048,K562,0.9422268,1.0,5
ENSG00000197599,-0.6706128,-0.63827217,K562,0.986429,1.0,5
ENSG00000197774,1.3947619,1.0930713,K562,0.8746096,1.0,5
ENSG00000197774,1.498212,1.0930713,K562,0.96050775,1.0,5
ENSG00000197912,1.4537462,1.8318697,K562,0.8851774,0.54594594,5
ENSG00000197943,1.6132691,2.070924,K562,0.9444929,1.0,5
ENSG00000198087,1.24523,1.0599419,K562,0.93888384,1.0,5
ENSG00000198087,1.1710213,1.0599419,K562,0.9459786,1.0,5
ENSG00000198087,1.154613,1.0599419,K562,0.91131777,1.0,5
ENSG00000198156,-0.23475526,-0.22184876,K562,0.9388851,1.0,5
ENSG00000198156,-0.26810306,-0.22184876,K562,0.95460665,1.0,5
ENSG00000198315,0.8626256,0.86213136,K562,0.9470378,1.0,5
ENSG00000198315,0.66692275,0.86213136,K562,0.82674056,0.033472802,5
ENSG00000198373,1.0482814,1.2166936,K562,0.9281565,1.0,5
ENSG00000198417,-0.6463572,-0.0043648053,K562,0.98723596,1.0,5
ENSG00000198478,-0.76791644,-0.56863624,K562,0.9850756,1.0,5
ENSG00000198563,1.9170458,2.741396,K562,0.8992602,1.0,5
ENSG00000198563,1.9287322,2.741396,K562,0.89968383,1.0,5
ENSG00000198663,0.99599755,1.295787,K562,0.9635838,1.0,5
ENSG00000198663,1.1582801,1.295787,K562,0.92599225,0.6833504,5
ENSG00000198721,0.83601785,1.5342801,K562,0.86725336,1.0,5
ENSG00000198721,0.6991452,1.5342801,K562,0.9272535,0.015404365,5
ENSG00000198729,-0.7699356,-0.79588,K562,0.98523694,1.0,5
ENSG00000198736,1.3875599,1.4785665,K562,0.94024456,1.0,5
ENSG00000198736,1.3969215,1.4785665,K562,0.93450487,1.0,5
ENSG00000198818,1.5252469,2.0061235,K562,0.8863605,1.0,5
ENSG00000198818,1.404848,2.0061235,K562,0.72622585,1.0,5
ENSG00000198818,1.5415095,2.0061235,K562,0.40427876,0.025258446,5
ENSG00000198833,1.7056772,1.7671559,K562,0.9461551,1.0,5
ENSG00000198931,1.7609994,2.3931363,K562,0.9330544,1.0,5
ENSG00000198937,1.5672902,1.9011858,K562,0.9200689,1.0,5
ENSG00000198937,1.577232,1.9011858,K562,0.93398786,1.0,5
ENSG00000198945,0.2535697,0.65513843,K562,0.9206406,1.0,5
ENSG00000203760,0.50766873,1.5371892,K562,0.83460814,1.0,5
ENSG00000203778,-0.14195253,0.08635983,K562,0.9593322,1.0,5
ENSG00000203778,-0.064646006,0.08635983,K562,0.91934294,1.0,5
ENSG00000203797,-0.71640587,-0.92081875,K562,0.9868515,1.0,5
ENSG00000203872,-0.559024,0.1903317,K562,0.98487747,1.0,5
ENSG00000204052,-0.19112743,-0.85387194,K562,0.9206919,1.0,5
ENSG00000204209,1.781538,1.5649027,K562,0.92743534,1.0,5
ENSG00000204209,1.7334088,1.5649027,K562,0.9659483,1.0,5
ENSG00000204209,1.7593364,1.5649027,K562,0.90937865,1.0,5
ENSG00000204209,1.756739,1.5649027,K562,0.9088064,1.0,5
ENSG00000204220,1.6683545,2.0999568,K562,0.890381,1.0,5
ENSG00000204220,1.6499525,2.0999568,K562,0.8860817,1.0,5
ENSG00000204220,1.584076,2.0999568,K562,0.9121857,1.0,5
ENSG00000204227,1.5482959,1.3575537,K562,0.8992552,1.0,5
ENSG00000204228,1.3191556,1.5206145,K562,0.94624174,1.0,5
ENSG00000204231,1.6398915,1.4107772,K562,0.9652896,1.0,5
ENSG00000204248,-0.6800888,-0.17392519,K562,0.9840097,1.0,5
ENSG00000204248,-0.69338685,-0.17392519,K562,0.9885024,1.0,5
ENSG00000204248,-0.67552346,-0.17392519,K562,0.97919625,1.0,5
ENSG00000204256,1.622343,2.1580608,K562,0.9567808,1.0,5
ENSG00000204256,1.5642402,2.1580608,K562,0.96270293,1.0,5
ENSG00000204256,1.6058217,2.1580608,K562,0.9609099,1.0,5
ENSG00000204256,1.7048484,2.1580608,K562,0.8709489,0.31672096,5
ENSG00000204256,1.5928928,2.1580608,K562,0.31228787,0.0011213905,5
ENSG00000204264,1.9076889,2.4957385,K562,0.9020781,1.0,5
ENSG00000204264,2.0530071,2.4957385,K562,0.87679636,1.0,5
ENSG00000204264,2.0888822,2.4957385,K562,0.8573066,1.0,5
ENSG00000204267,1.276614,1.690816,K562,0.94999665,1.0,5
ENSG00000204267,1.1420074,1.690816,K562,0.95567214,1.0,5
ENSG00000204267,1.2059573,1.690816,K562,0.9436368,1.0,5
ENSG00000204304,1.5914018,1.7252581,K562,0.88220984,1.0,5
ENSG00000204304,1.718687,1.7252581,K562,0.95542186,1.0,5
ENSG00000204304,1.6923734,1.7252581,K562,0.94685423,1.0,5
ENSG00000204305,0.39662555,1.108565,K562,0.97302634,1.0,5
ENSG00000204308,1.4579576,1.7714405,K562,0.9300036,1.0,5
ENSG00000204308,1.332461,1.7714405,K562,0.94448924,1.0,5
ENSG00000204310,1.2671605,1.3791242,K562,0.950886,1.0,5
ENSG00000204310,1.1672082,1.3791242,K562,0.9306576,1.0,5
ENSG00000204344,1.2969952,1.1752218,K562,0.92122006,1.0,5
ENSG00000204344,1.2103399,1.1752218,K562,0.45190892,1.0,5
ENSG00000204344,1.7317208,1.1752218,K562,0.90327126,0.8230769,5
ENSG00000204348,1.7382839,1.2709117,K562,0.95479983,1.0,5
ENSG00000204348,1.5964671,1.2709117,K562,0.92811996,1.0,5
ENSG00000204348,1.7586614,1.2709117,K562,0.9504484,1.0,5
ENSG00000204348,1.7699887,1.2709117,K562,0.9487742,1.0,5
ENSG00000204348,1.7752305,1.2709117,K562,0.9486664,1.0,5
ENSG00000204348,1.8141803,1.2709117,K562,0.85735995,0.8328612,5
ENSG00000204351,1.4218785,1.5130844,K562,0.9606031,1.0,5
ENSG00000204351,1.1666248,1.5130844,K562,0.9291842,1.0,5
ENSG00000204351,1.358205,1.5130844,K562,0.9169979,0.92265195,5
ENSG00000204371,1.5111586,1.5158738,K562,0.9519017,1.0,5
ENSG00000204371,1.5299613,1.5158738,K562,0.9579619,0.74401665,5
ENSG00000204386,1.0393776,1.3408406,K562,0.9087744,1.0,5
ENSG00000204387,1.8911086,2.2796898,K562,0.74736947,1.0,5
ENSG00000204387,1.897167,2.2796898,K562,0.9186393,1.0,5
ENSG00000204387,1.8930298,2.2796898,K562,0.74378014,0.95577997,5
ENSG00000204387,1.8827721,2.2796898,K562,0.61077946,0.06917371,5
ENSG00000204387,1.8810976,2.2796898,K562,0.6066128,0.42687201,5
ENSG00000204392,1.7246813,2.0883842,K562,0.81223303,1.0,5
ENSG00000204392,1.3741897,2.0883842,K562,0.44189483,0.97257143,5
ENSG00000204392,1.7246813,2.0883842,K562,0.81223303,0.93279934,5
ENSG00000204394,1.6016289,1.8211858,K562,0.9606554,1.0,5
ENSG00000204394,1.5867773,1.8211858,K562,0.97362775,1.0,5
ENSG00000204394,1.6108507,1.8211858,K562,0.9581896,1.0,5
ENSG00000204410,1.6553633,1.5766869,K562,0.931851,1.0,5
ENSG00000204410,1.3949605,1.5766869,K562,0.8498824,0.54852784,5
ENSG00000204427,1.7839804,1.4507109,K562,0.8865615,1.0,5
ENSG00000204427,1.8226122,1.4507109,K562,0.8366399,1.0,5
ENSG00000204427,1.6437193,1.4507109,K562,0.6421704,0.8901961,5
ENSG00000204428,0.63926613,0.10720997,K562,0.9692304,1.0,5
ENSG00000204428,0.59418046,0.10720997,K562,0.9531655,1.0,5
ENSG00000204435,1.8719689,2.031691,K562,0.94704765,1.0,5
ENSG00000204438,1.9444305,1.2087101,K562,0.76618606,1.0,5
ENSG00000204444,1.7050418,0.77451694,K562,0.92259353,1.0,5
ENSG00000204463,1.8723973,1.9994786,K562,0.9236135,1.0,5
ENSG00000204463,1.6499127,1.9994786,K562,0.9416327,0.66406363,5
ENSG00000204463,1.7038156,1.9994786,K562,0.97671753,0.98877305,5
ENSG00000204469,1.837464,1.9971242,K562,0.9552613,1.0,5
ENSG00000204472,1.429406,1.8232133,K562,0.94911,1.0,5
ENSG00000204475,1.2548763,1.2605484,K562,0.94680744,1.0,5
ENSG00000204482,1.2522768,1.2902572,K562,0.9337881,1.0,5
ENSG00000204498,1.6049889,1.0784568,K562,0.9183198,1.0,5
ENSG00000204498,1.5053551,1.0784568,K562,0.9093539,1.0,5
ENSG00000204516,0.90819544,1.2992893,K562,0.93323785,1.0,5
ENSG00000204520,0.98792315,0.90741134,K562,0.9411925,1.0,5
ENSG00000204536,1.1735436,1.4551495,K562,0.974429,1.0,5
ENSG00000204560,1.3587524,1.506099,K562,0.8657235,1.0,5
ENSG00000204560,1.2466472,1.506099,K562,0.92976516,1.0,5
ENSG00000204564,1.3649039,1.2569581,K562,0.90846294,1.0,5
ENSG00000204564,1.4544204,1.2569581,K562,0.95811266,1.0,5
ENSG00000204569,1.7376927,1.4718782,K562,0.92034125,1.0,5
ENSG00000204574,1.4819387,1.5931753,K562,0.9537874,1.0,5
ENSG00000204574,1.4277482,1.5931753,K562,0.95690006,1.0,5
ENSG00000204576,1.4666442,1.362294,K562,0.92696595,1.0,5
ENSG00000204576,1.8245884,1.362294,K562,0.8061124,0.14688857,5
ENSG00000204576,1.3158349,1.362294,K562,0.9515224,0.1419214,5
ENSG00000204580,1.3258462,1.252853,K562,0.9579803,1.0,5
ENSG00000204580,1.3746852,1.252853,K562,0.648816,0.91939545,5
ENSG00000204580,1.3591657,1.252853,K562,0.93713933,1.0,5
ENSG00000204580,1.3383316,1.252853,K562,0.83185107,0.29791895,5
ENSG00000204580,1.2482144,1.252853,K562,0.91856384,1.0,5
ENSG00000204590,1.3154798,1.5299433,K562,0.9461568,1.0,5
ENSG00000204590,1.3634769,1.5299433,K562,0.952686,1.0,5
ENSG00000204599,1.1775289,0.97127587,K562,0.93142724,1.0,5
ENSG00000204599,1.2523484,0.97127587,K562,0.92777544,1.0,5
ENSG00000204599,1.1194682,0.97127587,K562,0.9379472,0.63839287,5
ENSG00000204619,1.3467203,1.4610481,K562,0.93038625,1.0,5
ENSG00000204619,1.2910401,1.4610481,K562,0.9356713,1.0,5
ENSG00000204619,1.4070255,1.4610481,K562,0.84751374,0.052592866,5
ENSG00000204681,-0.35830864,0.622214,K562,0.98794997,1.0,5
ENSG00000204681,-0.33906043,0.622214,K562,0.9721799,1.0,5
ENSG00000204713,1.6057317,1.6398847,K562,0.92435384,1.0,5
ENSG00000204713,1.6478373,1.6398847,K562,0.9128373,1.0,5
ENSG00000204991,-0.060994647,-0.537602,K562,0.98413104,1.0,5
ENSG00000205084,0.8805224,0.75434834,K562,0.8743689,1.0,5
ENSG00000205220,1.9751438,2.2342894,K562,0.9438655,1.0,5
ENSG00000205220,1.9920055,2.2342894,K562,0.89219135,1.0,5
ENSG00000205250,1.5502325,2.04883,K562,0.95460093,1.0,5
ENSG00000205336,-0.6014964,0.32633585,K562,0.98490113,1.0,5
ENSG00000205358,-0.89942133,0.19312459,K562,0.9872651,1.0,5
ENSG00000205423,1.0542926,1.0561422,K562,0.8580667,1.0,5
ENSG00000205423,1.2548566,1.0561422,K562,0.47479984,0.05366922,5
ENSG00000205423,0.60048115,1.0561422,K562,0.5280128,0.95135134,5
ENSG00000205609,-0.37356943,1.999522,K562,0.94688773,1.0,5
ENSG00000205629,1.2139589,1.2862319,K562,0.94605774,1.0,5
ENSG00000205629,1.1372337,1.2862319,K562,0.95857984,1.0,5
ENSG00000205629,0.7891247,1.2862319,K562,0.96243507,0.07093964,5
ENSG00000205937,1.318208,2.352144,K562,0.9440049,1.0,5
ENSG00000205937,1.3467478,2.352144,K562,0.886071,0.2118783,5
ENSG00000205937,1.3778499,2.352144,K562,0.55275923,0.0,5
ENSG00000205937,1.3802215,2.352144,K562,0.503937,0.0,5
ENSG00000206053,1.2687137,1.7392558,K562,0.9172164,1.0,5
ENSG00000206053,0.8127684,1.7392558,K562,0.8446444,0.09206174,5
ENSG00000206053,0.994012,1.7392558,K562,0.91970396,0.90723664,5
ENSG00000206053,1.2476245,1.7392558,K562,0.94769067,0.9675986,5
ENSG00000206172,-0.15693006,-0.21467017,K562,0.975957,1.0,5
ENSG00000206177,-0.8812324,-0.7212464,K562,0.99329877,1.0,5
ENSG00000213066,1.1354905,1.3165992,K562,0.92308927,1.0,5
ENSG00000213066,1.1998819,1.3165992,K562,0.9275993,0.66138166,5
ENSG00000213066,1.1793611,1.3165992,K562,0.8945591,0.038683128,5
ENSG00000213079,1.1678886,1.0433623,K562,0.94133216,1.0,5
ENSG00000213079,1.3547894,1.0433623,K562,0.85583425,0.16033365,5
ENSG00000213204,0.53386873,-0.85387194,K562,0.91560155,1.0,5
ENSG00000213380,1.2390331,1.3271545,K562,0.9303073,1.0,5
ENSG00000213398,0.336397,0.8331471,K562,0.9855622,1.0,5
ENSG00000213398,0.18113674,0.8331471,K562,0.983508,1.0,5
ENSG00000213654,1.8071276,1.9998262,K562,0.8584878,1.0,5
ENSG00000213654,1.8070349,1.9998262,K562,0.8595395,1.0,5
ENSG00000213658,0.86600494,0.73239374,K562,0.90973854,1.0,5
ENSG00000213676,1.555627,1.8055009,K562,0.9169497,1.0,5
ENSG00000213719,1.9774612,2.6728272,K562,0.9465032,1.0,5
ENSG00000213719,1.9803771,2.6728272,K562,0.9551982,1.0,5
ENSG00000213722,1.0728437,0.9547248,K562,0.9595242,1.0,5
ENSG00000213722,1.125048,0.9547248,K562,0.9489158,1.0,5
ENSG00000213760,0.43647155,0.4281348,K562,0.9761444,1.0,5
ENSG00000213780,1.4238906,1.594503,K562,0.60199475,1.0,5
ENSG00000213853,-0.6031258,0.4048337,K562,0.98741794,1.0,5
ENSG00000213853,-0.72365516,0.4048337,K562,0.98495597,1.0,5
ENSG00000213918,0.4406347,1.0293838,K562,0.9864878,1.0,5
ENSG00000213918,0.53694165,1.0293838,K562,0.98672473,0.9566787,5
ENSG00000213918,0.5018298,1.0293838,K562,0.98747885,0.9566787,5
ENSG00000214113,0.9401728,1.411788,K562,0.54039085,1.0,5
ENSG00000214113,1.0388952,1.411788,K562,0.9484209,1.0,5
ENSG00000214113,1.0388952,1.411788,K562,0.9484209,1.0,5
ENSG00000214113,0.9473455,1.411788,K562,0.33184737,0.0295858,5
ENSG00000214113,1.0388952,1.411788,K562,0.9484209,0.564868,5
ENSG00000214736,1.3668191,2.4088163,K562,0.8804279,1.0,5
ENSG00000214967,0.03486177,0.80618,K562,0.93446124,1.0,5
ENSG00000215712,0.7805748,0.5693739,K562,0.94813323,1.0,5
ENSG00000215712,1.3044814,0.5693739,K562,0.5518424,1.0,5
ENSG00000217555,0.65598756,1.7905667,K562,0.89554054,0.46536887,5
ENSG00000217555,0.65598756,1.7905667,K562,0.89554054,0.7217788,5
ENSG00000217555,0.7288277,1.7905667,K562,0.9283973,0.914476,5
ENSG00000217555,0.7288277,1.7905667,K562,0.9283973,0.7820248,5
ENSG00000217930,1.4601103,1.9039035,K562,0.94469404,1.0,5
ENSG00000221988,0.8760142,0.7403627,K562,0.95566255,1.0,5
ENSG00000221988,0.7415211,0.7403627,K562,0.9685958,1.0,5
ENSG00000223501,1.7065865,1.5976952,K562,0.89351374,1.0,5
ENSG00000223501,1.3855127,1.5976952,K562,0.96646565,1.0,5
ENSG00000223501,1.5738415,1.5976952,K562,0.93266904,1.0,5
ENSG00000223501,1.311988,1.5976952,K562,0.91874504,1.0,5
ENSG00000223501,1.0949532,1.5976952,K562,0.8156262,0.92224234,5
ENSG00000224470,1.5256903,0.908485,K562,0.8148752,1.0,5
ENSG00000225921,1.7271868,1.849235,K562,0.8948993,1.0,5
ENSG00000225921,1.3659201,1.849235,K562,0.9511025,1.0,5
ENSG00000227057,1.4228822,1.8144474,K562,0.9653235,1.0,5
ENSG00000227057,1.2342516,1.8144474,K562,0.9544774,1.0,5
ENSG00000227057,1.2902951,1.8144474,K562,0.96671146,1.0,5
ENSG00000227057,1.4333385,1.8144474,K562,0.93695533,1.0,5
ENSG00000228727,0.3479835,0.9319661,K562,0.98334527,1.0,5
ENSG00000229809,1.9253247,1.0441476,K562,0.8452181,1.0,5
ENSG00000229809,1.9223644,1.0441476,K562,0.8457293,1.0,5
ENSG00000230989,1.4664776,1.8406706,K562,0.8078463,1.0,5
ENSG00000231925,1.673189,1.9978667,K562,0.94026804,1.0,5
ENSG00000231925,1.7615814,1.9978667,K562,0.83887136,0.9899739,5
ENSG00000232040,0.4061769,-0.65757734,K562,0.9390796,1.0,5
ENSG00000234127,1.613162,1.7003576,K562,0.95785975,1.0,5
ENSG00000234127,1.8022772,1.7003576,K562,0.9658908,1.0,5
ENSG00000234127,1.7895368,1.7003576,K562,0.9071858,1.0,5
ENSG00000237441,1.4017565,1.1089032,K562,0.8884655,1.0,5
ENSG00000237441,1.0084114,1.1089032,K562,0.8432879,0.6923077,5
ENSG00000237441,1.8615768,1.1089032,K562,0.8344746,0.37988827,5
ENSG00000237649,1.6825787,1.833657,K562,0.9273069,1.0,5
ENSG00000239264,1.3589139,2.005695,K562,0.9465205,1.0,5
ENSG00000240053,0.41560134,0.9014583,K562,0.985227,1.0,5
ENSG00000240065,1.7752937,2.4613035,K562,0.89991355,1.0,5
ENSG00000240065,1.744677,2.4613035,K562,0.9274876,1.0,5
ENSG00000241370,1.4088935,1.9036325,K562,0.94695973,1.0,5
ENSG00000241370,0.99687135,1.9036325,K562,0.94470775,1.0,5
ENSG00000241404,0.12276332,0.3783979,K562,0.9848145,1.0,5
ENSG00000242612,0.97606695,1.2198464,K562,0.8551348,1.0,5
ENSG00000242612,0.90802103,1.2198464,K562,0.93862385,1.0,5
ENSG00000242612,0.97760475,1.2198464,K562,0.9164232,0.0,5
ENSG00000243716,0.3803232,1.9222063,K562,0.9239399,1.0,5
ENSG00000244731,0.15240075,0.372912,K562,0.9104627,1.0,5
ENSG00000250264,1.263645,0.7810369,K562,0.94432044,1.0,5
ENSG00000254788,0.27841315,0.2552725,K562,0.9643069,1.0,5
ENSG00000254870,0.7120412,0.7737864,K562,0.9771703,1.0,5
ENSG00000254870,0.65436536,0.7737864,K562,0.9774005,1.0,5
ENSG00000254870,0.7129822,0.7737864,K562,0.95784485,1.0,5
ENSG00000254870,0.790815,0.7737864,K562,0.95596683,1.0,5
ENSG00000254870,0.77863055,0.7737864,K562,0.93579835,1.0,5
ENSG00000255152,1.250779,1.154424,K562,0.95569736,1.0,5
ENSG00000255152,1.4222368,1.154424,K562,0.95951504,0.12264151,5
ENSG00000256980,-0.67722565,-0.7212464,K562,0.97902554,1.0,5
ENSG00000258947,-0.58067,-0.17392519,K562,0.98580325,1.0,5
