,PredExpr,ActualExpr,PredPsi,ActualPsi,fold_idx
ENSG00000002016,1.0234854,1.0107238,0.8846201,1.0,1
ENSG00000002016,1.088038,1.0107238,0.6737959,1.0,1
ENSG00000002016,1.0921017,1.0107238,0.92260927,0.208,1
ENSG00000002016,0.86608183,1.0107238,0.9500134,0.0,1
ENSG00000003056,1.2254353,1.9407157,0.9016349,1.0,1
ENSG00000003056,1.2634484,1.9407157,0.9111675,1.0,1
ENSG00000003056,1.2058283,1.9407157,0.93656045,1.0,1
ENSG00000003393,0.9807124,1.0102999,0.91972786,1.0,1
ENSG00000003393,1.1084223,1.0102999,0.7817875,0.00589391,1
ENSG00000003400,0.8299017,1.224274,0.928285,0.929374,1
ENSG00000003400,0.7939426,1.224274,0.93728346,0.88451445,1
ENSG00000003402,1.109789,1.7873896,0.8281283,1.0,1
ENSG00000003402,1.0962598,1.7873896,0.87745404,1.0,1
ENSG00000003402,1.063159,1.7873896,0.78800255,0.026152482,1
ENSG00000003436,1.2042643,2.6872168,0.90663415,1.0,1
ENSG00000003509,1.1467053,1.4595432,0.94691443,1.0,1
ENSG00000003509,1.1201476,1.4595432,0.9017255,0.9572501,1
ENSG00000004478,0.5470853,1.8022262,0.9763106,1.0,1
ENSG00000004700,1.1214049,1.2805784,0.94148004,1.0,1
ENSG00000005175,1.6820896,1.506505,0.9232249,1.0,1
ENSG00000005175,1.6548202,1.506505,0.89324874,1.0,1
ENSG00000005175,1.6766524,1.506505,0.90632784,1.0,1
ENSG00000005175,1.709684,1.506505,0.9243684,0.75994515,1
ENSG00000005175,1.6988678,1.506505,0.91457427,0.41775545,1
ENSG00000005436,1.2752517,1.3756636,0.93655825,1.0,1
ENSG00000005436,1.2752517,1.3756636,0.93655825,1.0,1
ENSG00000005436,1.2842973,1.3756636,0.93698233,0.6383266,1
ENSG00000005436,1.2854699,1.3756636,0.9357323,1.0,1
ENSG00000005448,1.1499739,1.0976043,0.94487053,1.0,1
ENSG00000005448,1.1537577,1.0976043,0.9518437,0.98672116,1
ENSG00000006607,1.0683552,1.3558345,0.8794105,1.0,1
ENSG00000006607,0.87914777,1.3558345,0.9314385,1.0,1
ENSG00000006607,0.86236477,1.3558345,0.9185584,1.0,1
ENSG00000006831,1.1404291,1.6070259,0.92287046,1.0,1
ENSG00000006831,1.1946698,1.6070259,0.90848786,1.0,1
ENSG00000008323,0.7048465,-0.4685211,0.9732998,1.0,1
ENSG00000008323,0.71350956,-0.4685211,0.96543634,1.0,1
ENSG00000008394,0.4802226,1.8624295,0.97507834,1.0,1
ENSG00000008394,0.56121445,1.8624295,0.96756136,0.9928535,1
ENSG00000008394,0.23337878,1.8624295,0.98672116,0.002157756,1
ENSG00000008405,1.434456,1.4427933,0.8136436,1.0,1
ENSG00000008869,1.1681163,1.2008505,0.9234295,1.0,1
ENSG00000008869,1.1491324,1.2008505,0.83149964,1.0,1
ENSG00000008869,1.1972935,1.2008505,0.91812027,1.0,1
ENSG00000010219,0.41352054,1.3230457,0.97989666,1.0,1
ENSG00000010219,0.42490056,1.3230457,0.9510669,0.037339557,1
ENSG00000010278,0.4493641,0.84633714,0.96486515,1.0,1
ENSG00000010278,0.65909934,0.84633714,0.9356578,0.14880952,1
ENSG00000010292,1.5311555,1.8221027,0.9221627,1.0,1
ENSG00000010292,1.5836233,1.8221027,0.8893472,1.0,1
ENSG00000010292,1.497559,1.8221027,0.89884216,1.0,1
ENSG00000010292,1.5941517,1.8221027,0.8109374,0.75792295,1
ENSG00000010626,0.6478176,0.7671559,0.9691769,1.0,1
ENSG00000010626,0.59167147,0.7671559,0.97269666,1.0,1
ENSG00000011523,0.61842716,0.7888751,0.93527156,1.0,1
ENSG00000011523,0.651628,0.7888751,0.927357,0.095108695,1
ENSG00000011566,1.236427,1.129045,0.90062493,1.0,1
ENSG00000011566,1.212545,1.129045,0.8625057,1.0,1
ENSG00000011566,1.2736634,1.129045,0.852473,1.0,1
ENSG00000011566,1.2317559,1.129045,0.84105784,1.0,1
ENSG00000012822,1.2213616,1.4377506,0.9525258,1.0,1
ENSG00000012822,1.2943641,1.4377506,0.9112757,0.9685535,1
ENSG00000013016,-0.1879266,-0.92081875,0.98743266,1.0,1
ENSG00000013441,1.0128483,1.877947,0.948995,1.0,1
ENSG00000013441,1.0078762,1.877947,0.9536468,1.0,1
ENSG00000013441,1.128494,1.877947,0.935875,0.34098136,1
ENSG00000013503,1.262965,0.9020029,0.63956827,1.0,1
ENSG00000013503,1.2211407,0.9020029,0.8962511,1.0,1
ENSG00000013503,1.2518369,0.9020029,0.93101466,1.0,1
ENSG00000013573,1.337668,1.6029277,0.92769915,0.9442283,1
ENSG00000013573,1.3550513,1.6029277,0.91433084,0.8894231,1
ENSG00000013588,-0.52949107,-0.69897,0.982765,1.0,1
ENSG00000014641,1.1255996,2.5179346,0.9384064,1.0,1
ENSG00000014641,1.2243713,2.5179346,0.9082561,0.99506503,1
ENSG00000015153,1.3623636,1.2342641,0.89055747,0.0,1
ENSG00000015153,1.3835844,1.2342641,0.8777723,0.20512821,1
ENSG00000015153,1.3728737,1.2342641,0.92184615,0.18585859,1
ENSG00000015153,1.3689103,1.2342641,0.929123,0.34181508,1
ENSG00000015153,1.3728737,1.2342641,0.92184615,0.0,1
ENSG00000015568,0.03962223,0.30535138,0.9903121,1.0,1
ENSG00000017427,0.58130455,0.5301997,0.95673853,1.0,1
ENSG00000017427,0.58130455,0.5301997,0.95673853,1.0,1
ENSG00000018280,-0.57458174,-0.25181198,0.9847911,1.0,1
ENSG00000018510,0.85240185,1.5725231,0.93753684,1.0,1
ENSG00000018510,0.90041876,1.5725231,0.93486935,1.0,1
ENSG00000018510,0.9188696,1.5725231,0.932753,1.0,1
ENSG00000018510,0.97522473,1.5725231,0.8731759,1.0,1
ENSG00000018510,0.94684625,1.5725231,0.9157275,1.0,1
ENSG00000018510,0.8990283,1.5725231,0.92266643,1.0,1
ENSG00000018699,0.76621485,1.6684791,0.92981154,1.0,1
ENSG00000021574,1.5251479,1.024075,0.91740465,1.0,1
ENSG00000021574,1.6021941,1.024075,0.88746804,1.0,1
ENSG00000021574,1.5745136,1.024075,0.847146,1.0,1
ENSG00000021574,1.595074,1.024075,0.9063175,1.0,1
ENSG00000021826,-0.43709093,0.9973864,0.98600113,1.0,1
ENSG00000022840,1.4055378,1.8890775,0.8847397,1.0,1
ENSG00000022840,1.4647188,1.8890775,0.851648,1.0,1
ENSG00000022840,1.4983153,1.8890775,0.88708484,1.0,1
ENSG00000022840,1.458558,1.8890775,0.91964275,1.0,1
ENSG00000022840,1.4626468,1.8890775,0.92179793,1.0,1
ENSG00000023228,1.0155212,1.9354569,0.93016416,1.0,1
ENSG00000023228,0.9737083,1.9354569,0.93762064,0.66994554,1
ENSG00000023228,1.1052315,1.9354569,0.9420715,0.88380915,1
ENSG00000023697,0.30670536,0.5888317,0.97413516,1.0,1
ENSG00000023734,1.4869324,1.9306434,0.8941613,1.0,1
ENSG00000023734,1.4223372,1.9306434,0.8192319,0.0023739957,1
ENSG00000023734,1.47556,1.9306434,0.8982245,0.9822006,1
ENSG00000028116,1.220084,1.4935975,0.8927177,1.0,1
ENSG00000028116,1.2532564,1.4935975,0.8338207,1.0,1
ENSG00000028116,1.2800733,1.4935975,0.81314546,1.0,1
ENSG00000028116,1.2149152,1.4935975,0.8911504,1.0,1
ENSG00000028116,1.2161404,1.4935975,0.62885857,0.0,1
ENSG00000028116,1.2942398,1.4935975,0.63153046,0.0,1
ENSG00000028116,1.2289482,1.4935975,0.89547974,0.06367535,1
ENSG00000028116,1.2626461,1.4935975,0.84375477,0.88485646,1
ENSG00000028116,1.2467517,1.4935975,0.7968666,0.045859452,1
ENSG00000028203,1.4517859,1.6555226,0.90696305,1.0,1
ENSG00000028203,1.4432662,1.6555226,0.8338035,0.8412138,1
ENSG00000028203,1.4800115,1.6555226,0.906209,0.7894737,1
ENSG00000028203,1.486394,1.6555226,0.8699376,0.948542,1
ENSG00000028203,1.4449475,1.6555226,0.8220691,0.35714287,1
ENSG00000028203,1.4622451,1.6555226,0.87857634,0.0,1
ENSG00000029153,-0.14354114,-0.22914799,0.9816758,1.0,1
ENSG00000032389,1.1386706,1.6226285,0.92698735,1.0,1
ENSG00000033030,0.9790313,1.3785796,0.92867315,1.0,1
ENSG00000033030,0.9439349,1.3785796,0.93444705,0.9973082,1
ENSG00000034510,1.6136967,2.497952,0.9613588,1.0,1
ENSG00000035115,1.1430295,0.811575,0.80680925,1.0,1
ENSG00000035115,0.9637002,0.811575,0.856296,0.6007905,1
ENSG00000035115,1.015935,0.811575,0.9710298,1.0,1
ENSG00000035115,1.1769336,0.811575,0.78761333,0.0042735045,1
ENSG00000035115,0.9328095,0.811575,0.9715522,0.27142859,1
ENSG00000035141,1.2349342,1.8196098,0.8234085,1.0,1
ENSG00000035141,1.2391075,1.8196098,0.8798884,1.0,1
ENSG00000035141,1.2602998,1.8196098,0.8758844,0.0066541545,1
ENSG00000036257,1.1340474,1.4462264,0.9405031,1.0,1
ENSG00000037897,1.8168893,1.5247854,0.9444851,1.0,1
ENSG00000037897,1.7721971,1.5247854,0.930652,1.0,1
ENSG00000037897,1.8374761,1.5247854,0.9401709,0.23014441,1
ENSG00000040933,0.81035876,1.0366288,0.96029156,1.0,1
ENSG00000040933,0.90265954,1.0366288,0.7140823,0.10675381,1
ENSG00000042445,1.0695311,1.1417632,0.95016533,1.0,1
ENSG00000042445,1.076557,1.1417632,0.9270727,1.0,1
ENSG00000042445,1.0605911,1.1417632,0.9466024,0.6638585,1
ENSG00000042445,1.0968814,1.1417632,0.94000435,0.99119496,1
ENSG00000042493,1.041588,1.725585,0.79678434,1.0,1
ENSG00000047621,1.0674591,1.0417873,0.9142074,1.0,1
ENSG00000047621,1.0233074,1.0417873,0.9391048,1.0,1
ENSG00000047621,0.9001237,1.0417873,0.9379379,1.0,1
ENSG00000048991,1.5074054,1.7825443,0.76628745,1.0,1
ENSG00000048991,1.4950136,1.7825443,0.90517265,1.0,1
ENSG00000048991,1.470817,1.7825443,0.85269916,0.9871293,1
ENSG00000048991,1.3802253,1.7825443,0.759928,0.027957622,1
ENSG00000049323,-0.17857933,1.04883,0.9840843,1.0,1
ENSG00000049323,-0.13105868,1.04883,0.97901046,1.0,1
ENSG00000050405,0.9123677,1.3907585,0.71598583,1.0,1
ENSG00000050405,0.8955903,1.3907585,0.69482625,0.0,1
ENSG00000050426,1.4979101,2.1715217,0.9193232,1.0,1
ENSG00000050426,1.5082111,2.1715217,0.93684715,1.0,1
ENSG00000050426,1.5955895,2.1715217,0.94538105,1.0,1
ENSG00000050426,1.6054491,2.1715217,0.9368372,0.8888889,1
ENSG00000050426,1.5365497,2.1715217,0.94984895,0.92021114,1
ENSG00000050426,1.5365497,2.1715217,0.94984895,0.063182525,1
ENSG00000050426,1.5398407,2.1715217,0.9442142,0.07553957,1
ENSG00000050426,1.5206853,2.1715217,0.9386183,0.9354232,1
ENSG00000050438,0.40471235,-0.33724216,0.9685383,1.0,1
ENSG00000051825,1.5251328,1.6564815,0.9274825,1.0,1
ENSG00000051825,1.5220509,1.6564815,0.9156019,0.26948357,1
ENSG00000055044,1.4348916,2.0313277,0.93342143,1.0,1
ENSG00000055044,1.4463478,2.0313277,0.91759926,0.032931123,1
ENSG00000055332,0.90695405,0.9934362,0.9422586,1.0,1
ENSG00000055332,1.0157534,0.9934362,0.94746083,1.0,1
ENSG00000055332,0.8443953,0.9934362,0.9352548,0.69730943,1
ENSG00000055917,1.4142408,1.6688516,0.9264372,1.0,1
ENSG00000055917,1.4559516,1.6688516,0.8916436,1.0,1
ENSG00000055917,1.4321364,1.6688516,0.9160364,1.0,1
ENSG00000055917,1.3843868,1.6688516,0.9255926,0.8681767,1
ENSG00000055917,1.3806081,1.6688516,0.83734185,0.90764415,1
ENSG00000055917,1.3676425,1.6688516,0.92360103,0.14331445,1
ENSG00000057935,0.6272508,1.4459155,0.91931945,1.0,1
ENSG00000058272,1.2140466,1.5872618,0.93674856,1.0,1
ENSG00000058272,1.1159685,1.5872618,0.7919305,0.0,1
ENSG00000058272,1.1959506,1.5872618,0.9166904,1.0,1
ENSG00000058272,1.2672838,1.5872618,0.9185647,0.9219089,1
ENSG00000058272,1.2051835,1.5872618,0.92069864,0.48738533,1
ENSG00000059728,1.5433886,1.3909351,0.93748736,1.0,1
ENSG00000059728,1.5064173,1.3909351,0.91885,1.0,1
ENSG00000059728,1.432984,1.3909351,0.6922371,0.9619565,1
ENSG00000059758,1.3738593,1.2033049,0.8963163,1.0,1
ENSG00000059758,1.3551399,1.2033049,0.92400795,0.98778194,1
ENSG00000059804,0.9187108,2.4926348,0.9247218,1.0,1
ENSG00000060138,0.79998434,1.5975856,0.975179,1.0,1
ENSG00000060138,0.9317727,1.5975856,0.95952106,1.0,1
ENSG00000060138,0.8618963,1.5975856,0.9413575,0.59007204,1
ENSG00000060138,0.92836833,1.5975856,0.8449123,0.0,1
ENSG00000060140,0.25796703,-0.4436975,0.97491324,1.0,1
ENSG00000060237,1.0747025,1.378398,0.9371483,1.0,1
ENSG00000060237,0.994295,1.378398,0.87157536,0.0,1
ENSG00000060237,1.0376948,1.378398,0.84391856,0.0,1
ENSG00000060982,1.6843882,1.6651118,0.88147175,1.0,1
ENSG00000060982,1.7057468,1.6651118,0.8677206,0.9716636,1
ENSG00000060982,1.6638738,1.6651118,0.9045472,0.9990838,1
ENSG00000061273,1.5734915,1.4109459,0.91053563,1.0,1
ENSG00000061273,1.6188507,1.4109459,0.90327144,1.0,1
ENSG00000061273,1.6161376,1.4109459,0.9240223,0.0,1
ENSG00000061273,1.6358495,1.4109459,0.9228373,0.42357275,1
ENSG00000061273,1.5922756,1.4109459,0.78951585,1.0,1
ENSG00000061676,1.6663401,2.0211065,0.8121931,1.0,1
ENSG00000061936,0.78053963,1.2929204,0.9243001,1.0,1
ENSG00000061936,0.7972057,1.2929204,0.9250041,1.0,1
ENSG00000061936,0.8619503,1.2929204,0.93069434,1.0,1
ENSG00000061936,0.86255276,1.2929204,0.9168624,0.014285714,1
ENSG00000061987,0.77632344,1.2079035,0.8956211,1.0,1
ENSG00000061987,0.7845286,1.2079035,0.9158907,1.0,1
ENSG00000061987,0.8349924,1.2079035,0.7710001,0.12878788,1
ENSG00000061987,0.7749814,1.2079035,0.8612247,0.0,1
ENSG00000062485,1.5883459,2.056333,0.727314,1.0,1
ENSG00000062485,1.5883459,2.056333,0.727314,1.0,1
ENSG00000062485,1.5532488,2.056333,0.77004725,0.0,1
ENSG00000062485,1.5928859,2.056333,0.9357056,0.016642628,1
ENSG00000063046,1.4028057,2.591098,0.9239646,1.0,1
ENSG00000063046,1.4142779,2.591098,0.92440546,1.0,1
ENSG00000063046,1.4029706,2.591098,0.9028414,0.9991147,1
ENSG00000063046,1.4332061,2.591098,0.9089522,0.7175943,1
ENSG00000063660,0.99936604,-0.5850267,0.9517127,1.0,1
ENSG00000063660,0.9232501,-0.5850267,0.96923983,1.0,1
ENSG00000064012,0.7828561,1.1000258,0.9599438,1.0,1
ENSG00000064012,0.8095614,1.1000258,0.93554425,0.0,1
ENSG00000064012,0.8583367,1.1000258,0.88157994,0.36689654,1
ENSG00000064012,0.8300499,1.1000258,0.8930325,0.9888476,1
ENSG00000064102,1.6547221,1.7070589,0.9031793,1.0,1
ENSG00000064102,1.6150466,1.7070589,0.92997885,1.0,1
ENSG00000064102,1.5617183,1.7070589,0.83777606,1.0,1
ENSG00000064115,1.4932202,1.8372726,0.9074114,1.0,1
ENSG00000064763,0.4019158,0.920645,0.9759311,1.0,1
ENSG00000064933,1.105021,1.227115,0.9153447,1.0,1
ENSG00000064933,1.0508835,1.227115,0.88746524,1.0,1
ENSG00000064933,1.1638366,1.227115,0.9280685,1.0,1
ENSG00000064933,1.0660894,1.227115,0.9013892,0.9388275,1
ENSG00000064933,1.0786394,1.227115,0.8446168,0.9592183,1
ENSG00000064933,1.1233393,1.227115,0.91482264,0.0027777778,1
ENSG00000064933,1.0395488,1.227115,0.91311026,0.595217,1
ENSG00000064989,-0.18342598,-0.92081875,0.9811381,1.0,1
ENSG00000065357,0.7955092,0.81954396,0.9598545,0.8831169,1
ENSG00000065548,1.5096327,2.1490343,0.8873384,1.0,1
ENSG00000065548,1.4797195,2.1490343,0.92874366,1.0,1
ENSG00000065548,1.508067,2.1490343,0.92035216,1.0,1
ENSG00000065548,1.4552764,2.1490343,0.9291828,1.0,1
ENSG00000065548,1.3957537,2.1490343,0.9362459,0.27601242,1
ENSG00000065802,1.4037436,1.3005955,0.94321597,1.0,1
ENSG00000065911,1.6008667,2.3176246,0.9403745,1.0,1
ENSG00000065911,1.6032139,2.3176246,0.94375926,0.15467583,1
ENSG00000065911,1.5983412,2.3176246,0.93723756,0.99922943,1
ENSG00000065970,0.6911408,0.35793483,0.94795936,1.0,1
ENSG00000066084,0.921878,1.2650537,0.92827934,1.0,1
ENSG00000066117,0.9047506,1.6785184,0.95237094,1.0,1
ENSG00000066117,0.92858386,1.6785184,0.9446388,1.0,1
ENSG00000066117,0.92858386,1.6785184,0.9446388,1.0,1
ENSG00000066117,0.9981594,1.6785184,0.9212131,0.44461077,1
ENSG00000067066,1.1253242,1.4056878,0.9591225,1.0,1
ENSG00000067066,1.2296913,1.4056878,0.867256,0.8678011,1
ENSG00000067066,1.125035,1.4056878,0.9482755,0.009708738,1
ENSG00000067066,1.1552714,1.4056878,0.7889371,0.8682635,1
ENSG00000067182,1.276344,1.351603,0.8444954,1.0,1
ENSG00000067182,1.2625666,1.351603,0.9545674,0.9922929,1
ENSG00000067182,1.2609643,1.351603,0.93640846,0.99613154,1
ENSG00000068024,1.1545341,0.48429984,0.91421515,1.0,1
ENSG00000068654,1.3904008,0.9454686,0.88411355,1.0,1
ENSG00000068697,1.3470225,2.0860393,0.923323,1.0,1
ENSG00000068697,1.3455188,2.0860393,0.93678373,1.0,1
ENSG00000068724,1.209062,0.81491315,0.89171726,1.0,1
ENSG00000068724,1.180904,0.81491315,0.67766553,0.018796992,1
ENSG00000068724,1.1788845,0.81491315,0.7512156,0.065789476,1
ENSG00000068724,1.1020112,0.81491315,0.9134961,0.9868914,1
ENSG00000068724,1.1013621,0.81491315,0.948849,0.9580537,1
ENSG00000068724,1.1408812,0.81491315,0.9411198,0.0,1
ENSG00000068784,1.0180585,0.94101423,0.9275226,1.0,1
ENSG00000068878,1.4020244,1.7384634,0.9252247,1.0,1
ENSG00000068878,1.4481795,1.7384634,0.8636731,0.639196,1
ENSG00000068878,1.3824219,1.7384634,0.8372448,0.9855346,1
ENSG00000068912,1.5242579,1.462398,0.885989,1.0,1
ENSG00000068912,1.5858643,1.462398,0.88524824,0.8584008,1
ENSG00000069493,-0.5048375,0.64836,0.9878622,1.0,1
ENSG00000069493,-0.5707598,0.64836,0.98463523,0.87815124,1
ENSG00000069493,-0.58056736,0.64836,0.9727798,0.44295302,1
ENSG00000070018,1.0798414,0.89376175,0.9010507,1.0,1
ENSG00000070019,-0.4141678,-0.92081875,0.98256254,1.0,1
ENSG00000070019,-0.4143581,-0.92081875,0.9755608,1.0,1
ENSG00000070019,-0.44756514,-0.92081875,0.9880222,1.0,1
ENSG00000070019,-0.45902565,-0.92081875,0.989003,1.0,1
ENSG00000070961,1.1476406,1.1994809,0.9221853,1.0,1
ENSG00000070961,1.1955234,1.1994809,0.78264105,1.0,1
ENSG00000070961,1.1521112,1.1994809,0.92896307,1.0,1
ENSG00000070961,1.1443079,1.1994809,0.8320201,0.97525775,1
ENSG00000071051,0.59590733,0.57054293,0.95388407,1.0,1
ENSG00000071051,0.42894512,0.57054293,0.972839,0.5444015,1
ENSG00000071054,1.0644132,1.5724069,0.9258723,1.0,1
ENSG00000071054,1.0110506,1.5724069,0.9417699,0.41871583,1
ENSG00000071054,1.0736073,1.5724069,0.71201533,0.58128417,1
ENSG00000071054,1.0723729,1.5724069,0.93098336,0.38251367,1
ENSG00000071073,0.46276394,-0.60206,0.83170795,1.0,1
ENSG00000071073,0.33008564,-0.60206,0.97451174,1.0,1
ENSG00000071073,0.43385902,-0.60206,0.67153335,1.0,1
ENSG00000071073,0.48104265,-0.60206,0.9590372,1.0,1
ENSG00000071073,0.4914787,-0.60206,0.9724793,1.0,1
ENSG00000071575,1.2117711,1.2995073,0.86213064,1.0,1
ENSG00000071909,-0.21216804,0.21484385,0.96115667,1.0,1
ENSG00000071967,1.0265131,1.2600714,0.9314564,1.0,1
ENSG00000071967,1.0808891,1.2600714,0.9151408,1.0,1
ENSG00000071967,1.0808891,1.2600714,0.9151408,1.0,1
ENSG00000071967,1.0265131,1.2600714,0.9314564,0.95373666,1
ENSG00000072135,1.5697383,1.6394864,0.8035083,1.0,1
ENSG00000072135,1.5960337,1.6394864,0.9353549,1.0,1
ENSG00000072135,1.556306,1.6394864,0.93550426,1.0,1
ENSG00000072609,0.86027527,1.4173056,0.9211256,1.0,1
ENSG00000072609,0.8927436,1.4173056,0.8888318,1.0,1
ENSG00000072609,0.8807974,1.4173056,0.81032974,0.067885116,1
ENSG00000072609,0.90100205,1.4173056,0.9199789,0.51428574,1
ENSG00000072609,0.8727945,1.4173056,0.91647935,0.41571194,1
ENSG00000072609,0.87751234,1.4173056,0.84325075,0.5989933,1
ENSG00000073060,1.1973761,1.9950645,0.92724097,1.0,1
ENSG00000073060,1.1548393,1.9950645,0.8989715,0.6875557,1
ENSG00000073060,1.197209,1.9950645,0.9284162,0.02337278,1
ENSG00000073614,1.1265895,1.0043213,0.9059414,1.0,1
ENSG00000073614,1.0729463,1.0043213,0.8720049,1.0,1
ENSG00000073614,1.0674773,1.0043213,0.9165197,0.07196402,1
ENSG00000074054,1.4468426,0.8756399,0.85659575,1.0,1
ENSG00000074054,1.4662541,0.8756399,0.9050966,1.0,1
ENSG00000074054,1.4647566,0.8756399,0.88717276,1.0,1
ENSG00000074582,0.7792419,1.6382896,0.95339394,1.0,1
ENSG00000074582,0.79217434,1.6382896,0.96298116,0.04265403,1
ENSG00000074582,0.7619984,1.6382896,0.9632669,0.012707722,1
ENSG00000074582,0.82053125,1.6382896,0.962408,0.039923955,1
ENSG00000075089,0.9858638,1.8997658,0.93184805,1.0,1
ENSG00000075089,0.98828924,1.8997658,0.9455185,0.9995011,1
ENSG00000075188,1.4300971,2.2130394,0.89285964,1.0,1
ENSG00000075188,1.3734387,2.2130394,0.9259301,0.026617851,1
ENSG00000075292,1.0293812,1.8391637,0.9085359,1.0,1
ENSG00000075292,1.0553323,1.8391637,0.8982377,0.9626697,1
ENSG00000075415,1.749462,2.5069783,0.92889714,1.0,1
ENSG00000075426,1.1347481,-0.34678748,0.9282246,1.0,1
ENSG00000075426,1.1336733,-0.34678748,0.95197374,1.0,1
ENSG00000075856,1.3059667,1.4109459,0.881015,1.0,1
ENSG00000075856,1.3049175,1.4109459,0.93737835,0.9958042,1
ENSG00000075856,1.3205054,1.4109459,0.91321,0.025874127,1
ENSG00000075884,-0.447449,-0.013228266,0.97285074,1.0,1
ENSG00000076003,1.3240328,1.9534214,0.9385975,1.0,1
ENSG00000076003,1.2087202,1.9534214,0.9159864,1.0,1
ENSG00000076067,-0.5593784,0.12057393,0.9872071,1.0,1
ENSG00000076108,1.2173047,1.8205298,0.9550954,1.0,1
ENSG00000076108,1.1913751,1.8205298,0.9570801,1.0,1
ENSG00000076108,1.210147,1.8205298,0.9344529,0.15889744,1
ENSG00000076248,1.2269399,1.2966652,0.920529,1.0,1
ENSG00000076248,1.2256579,1.2966652,0.95124584,0.99693567,1
ENSG00000076513,1.26063,1.5936183,0.887641,1.0,1
ENSG00000076513,1.26063,1.5936183,0.887641,1.0,1
ENSG00000076513,1.283423,1.5936183,0.9444796,1.0,1
ENSG00000076513,1.3069271,1.5936183,0.9265214,1.0,1
ENSG00000076513,1.271134,1.5936183,0.9323741,0.986946,1
ENSG00000077044,0.8770516,1.1964525,0.96081275,1.0,1
ENSG00000077044,0.8490226,1.1964525,0.96055955,0.01369863,1
ENSG00000077232,1.3317901,1.5851222,0.9106218,1.0,1
ENSG00000077232,1.3105247,1.5851222,0.8909692,1.0,1
ENSG00000077232,1.3215579,1.5851222,0.72287315,0.9609848,1
ENSG00000077232,1.3762761,1.5851222,0.8188984,0.014757281,1
ENSG00000077232,1.3471025,1.5851222,0.8769078,0.03846154,1
ENSG00000077232,1.3825705,1.5851222,0.9270814,0.08199643,1
ENSG00000077380,1.2436465,2.136467,0.93657416,1.0,1
ENSG00000077380,1.2940363,2.136467,0.59665775,0.0,1
ENSG00000077380,1.2438899,2.136467,0.82520723,0.0011638433,1
ENSG00000078237,0.6374047,-0.52287877,0.8869993,1.0,1
ENSG00000078246,1.1526908,0.98587537,0.9315045,1.0,1
ENSG00000078246,1.1799945,0.98587537,0.94316506,0.9167604,1
ENSG00000078246,1.2138647,0.98587537,0.89294046,0.9943757,1
ENSG00000078246,1.204337,0.98587537,0.883457,0.9223847,1
ENSG00000078246,1.1564621,0.98587537,0.9347448,0.9943757,1
ENSG00000079150,1.1480192,1.154424,0.94252235,1.0,1
ENSG00000079150,1.1036752,1.154424,0.91876173,0.83908045,1
ENSG00000079150,1.1692193,1.154424,0.949164,0.23958333,1
ENSG00000079150,1.1480192,1.154424,0.94252235,0.38020834,1
ENSG00000079156,1.3229625,1.1510632,0.9173911,1.0,1
ENSG00000079246,1.20009,2.570823,0.91541654,1.0,1
ENSG00000079246,1.1952358,2.570823,0.9368936,1.0,1
ENSG00000079337,0.8067155,-0.34678748,0.9470505,1.0,1
ENSG00000079337,0.83146703,-0.34678748,0.94964355,1.0,1
ENSG00000079387,1.784424,1.6055205,0.69195026,1.0,1
ENSG00000079387,1.827482,1.6055205,0.8958158,0.29693994,1
ENSG00000079785,1.1937377,2.186589,0.8998992,1.0,1
ENSG00000080345,1.2164198,1.4865721,0.912232,1.0,1
ENSG00000080345,1.1824945,1.4865721,0.90520585,1.0,1
ENSG00000080345,1.2146547,1.4865721,0.9307619,1.0,1
ENSG00000080345,1.2552772,1.4865721,0.9282103,0.20479302,1
ENSG00000080345,1.2239434,1.4865721,0.8731781,0.6510773,1
ENSG00000080371,1.2214998,0.9375179,0.9264749,1.0,1
ENSG00000080371,1.1829069,0.9375179,0.9218327,1.0,1
ENSG00000080371,1.2362618,0.9375179,0.95176,1.0,1
ENSG00000081320,1.5140985,0.9375179,0.6896437,1.0,1
ENSG00000081320,1.5404509,0.9375179,0.8438647,1.0,1
ENSG00000081320,1.6222984,0.9375179,0.8370374,1.0,1
ENSG00000081760,1.1678113,0.666518,0.93554455,1.0,1
ENSG00000081760,1.1032367,0.666518,0.9426898,1.0,1
ENSG00000081760,1.1336682,0.666518,0.8256627,0.10033445,1
ENSG00000081760,1.2339019,0.666518,0.93584245,0.83798885,1
ENSG00000082146,0.9667423,1.2352759,0.95074344,1.0,1
ENSG00000082146,0.89419854,1.2352759,0.9335174,1.0,1
ENSG00000082146,1.0319005,1.2352759,0.9184422,1.0,1
ENSG00000082153,1.5327448,2.1173708,0.9499952,1.0,1
ENSG00000082258,1.269084,1.3172274,0.90451306,1.0,1
ENSG00000082258,1.4077834,1.3172274,0.9141672,0.2628012,1
ENSG00000082805,1.2813153,0.33845648,0.89843494,0.6804734,1
ENSG00000082805,1.1772116,0.33845648,0.39972895,0.02366864,1
ENSG00000082805,1.2051096,0.33845648,0.887152,1.0,1
ENSG00000082805,1.2375871,0.33845648,0.88988173,0.023391813,1
ENSG00000082805,1.2183968,0.33845648,0.6619681,0.005882353,1
ENSG00000082898,1.4448177,2.331326,0.8896956,1.0,1
ENSG00000082898,1.5310957,2.331326,0.91089165,1.0,1
ENSG00000082898,1.513855,2.331326,0.91273284,1.0,1
ENSG00000082898,1.5490137,2.331326,0.8672757,1.0,1
ENSG00000084090,1.2040421,1.9021118,0.85203177,1.0,1
ENSG00000084110,0.17291361,-0.60206,0.94705725,1.0,1
ENSG00000084112,1.1104214,0.4913617,0.9061087,1.0,1
ENSG00000084444,0.4272928,0.65513843,0.9716176,1.0,1
ENSG00000084463,1.4208323,1.0362295,0.908,1.0,1
ENSG00000084463,1.3118433,1.0362295,0.6170044,1.0,1
ENSG00000084463,1.3222339,1.0362295,0.86739326,0.0046425257,1
ENSG00000084676,0.45491287,1.2764618,0.9733994,1.0,1
ENSG00000084676,0.5054952,1.2764618,0.956949,1.0,1
ENSG00000084676,0.58431745,1.2764618,0.970363,0.689951,1
ENSG00000084676,0.5204606,1.2764618,0.9386885,0.7805582,1
ENSG00000084693,1.2382811,1.5991186,0.912746,1.0,1
ENSG00000084693,1.2058263,1.5991186,0.8569799,0.56435645,1
ENSG00000084731,0.9461626,0.42160392,0.9366944,1.0,1
ENSG00000084731,0.96988153,0.42160392,0.9346225,1.0,1
ENSG00000084733,1.5224134,1.9852917,0.90369916,1.0,1
ENSG00000084733,1.5165266,1.9852917,0.9306036,1.0,1
ENSG00000084733,1.5040439,1.9852917,0.898783,1.0,1
ENSG00000084733,1.5326799,1.9852917,0.9172185,1.0,1
ENSG00000084754,1.1679121,2.190472,0.7074017,1.0,1
ENSG00000084764,1.42381,1.4965146,0.9410068,1.0,1
ENSG00000084774,1.20524,1.5732198,0.9328141,1.0,1
ENSG00000084774,1.2373508,1.5732198,0.9349447,0.9823691,1
ENSG00000085449,0.8384111,1.3895204,0.9581569,1.0,1
ENSG00000085760,1.2144136,1.7431176,0.9164399,1.0,1
ENSG00000085760,1.2327696,1.7431176,0.9118396,1.0,1
ENSG00000085760,1.2044289,1.7431176,0.60208964,0.100053504,1
ENSG00000085978,1.1309073,1.2276297,0.9452655,1.0,1
ENSG00000085978,1.1309073,1.2276297,0.9452655,1.0,1
ENSG00000085978,1.0765091,1.2276297,0.9473183,1.0,1
ENSG00000085978,1.1512038,1.2276297,0.8896591,0.2453125,1
ENSG00000085982,0.72491527,1.0881361,0.9700332,1.0,1
ENSG00000085982,0.73040414,1.0881361,0.9601091,1.0,1
ENSG00000086598,1.8618068,2.15567,0.9314256,1.0,1
ENSG00000087338,0.9619807,1.2484637,0.92369944,1.0,1
ENSG00000087448,0.8078556,0.94151145,0.9517286,1.0,1
ENSG00000087470,1.2965266,1.7861123,0.8307387,1.0,1
ENSG00000087470,1.2965266,1.7861123,0.8307387,1.0,1
ENSG00000087470,1.2926357,1.7861123,0.91015005,1.0,1
ENSG00000087470,1.2801851,1.7861123,0.88513935,1.0,1
ENSG00000087470,1.2580624,1.7861123,0.77788836,0.21595427,1
ENSG00000087470,1.3050724,1.7861123,0.91654044,1.0,1
ENSG00000087470,1.2868186,1.7861123,0.8757632,0.9932165,1
ENSG00000087470,1.3050338,1.7861123,0.91365486,1.0,1
ENSG00000087470,1.3138546,1.7861123,0.9276894,0.18685122,1
ENSG00000087470,1.2742232,1.7861123,0.9086437,0.27376696,1
ENSG00000087470,1.2667155,1.7861123,0.7845485,0.675503,1
ENSG00000087470,1.2835745,1.7861123,0.8415218,0.5592635,1
ENSG00000087494,0.20653677,0.17026171,0.9320398,1.0,1
ENSG00000087502,1.2571748,1.5619358,0.90326756,1.0,1
ENSG00000088179,0.9978138,1.3697723,0.7974299,1.0,1
ENSG00000088205,1.2194942,2.0459876,0.9180222,1.0,1
ENSG00000088986,1.4975035,2.5452452,0.80533415,1.0,1
ENSG00000088986,1.4760026,2.5452452,0.8161069,1.0,1
ENSG00000088992,0.8700675,1.2720737,0.96361756,1.0,1
ENSG00000088992,0.91030216,1.2720737,0.90758586,1.0,1
ENSG00000088992,0.9240178,1.2720737,0.9110921,0.9531773,1
ENSG00000089022,1.6645281,1.7231271,0.9256536,1.0,1
ENSG00000089041,-0.19614673,-0.82390875,0.97791207,1.0,1
ENSG00000089053,1.3632025,2.3872297,0.9180372,1.0,1
ENSG00000089053,1.39508,2.3872297,0.910717,0.84344923,1
ENSG00000089060,0.61872244,1.2387986,0.9374983,1.0,1
ENSG00000089060,0.56993365,1.2387986,0.92899466,1.0,1
ENSG00000089060,0.677001,1.2387986,0.9266142,0.022988506,1
ENSG00000089060,0.5958202,1.2387986,0.9431252,1.0,1
ENSG00000089094,0.57234335,1.2591158,0.9527595,1.0,1
ENSG00000089094,0.56900465,1.2591158,0.8939605,1.0,1
ENSG00000089094,0.58649564,1.2591158,0.90751475,0.88706565,1
ENSG00000089154,1.5650218,1.7058637,0.93129593,1.0,1
ENSG00000089159,0.40619367,1.4581845,0.9619522,0.40955952,1
ENSG00000089163,0.8449259,0.35983548,0.89759207,1.0,1
ENSG00000089163,0.83746433,0.35983548,0.93727654,1.0,1
ENSG00000089220,1.3292465,2.007321,0.94940895,1.0,1
ENSG00000089220,1.4015118,2.007321,0.8381661,1.0,1
ENSG00000089234,1.2503535,1.34262,0.9249148,1.0,1
ENSG00000089248,1.469402,1.9694159,0.9181207,0.88129413,1
ENSG00000089692,0.14092512,-0.6777807,0.97944754,1.0,1
ENSG00000089693,1.9326915,2.1970875,0.91869843,1.0,1
ENSG00000089693,1.8607391,2.1970875,0.8336685,1.0,1
ENSG00000089818,1.618599,1.1906118,0.92676175,1.0,1
ENSG00000089818,1.5409508,1.1906118,0.9229278,0.95894426,1
ENSG00000090376,-0.3054504,-0.92081875,0.9874988,1.0,1
ENSG00000090382,0.8243381,1.477266,0.9779547,1.0,1
ENSG00000090612,0.67005527,0.68663627,0.95701087,0.8636364,1
ENSG00000090612,0.6413349,0.68663627,0.9659222,0.7702703,1
ENSG00000090612,0.66549826,0.68663627,0.884845,0.34538153,1
ENSG00000090615,1.4540526,1.148911,0.9024815,1.0,1
ENSG00000091039,1.0269554,1.5323721,0.9321736,1.0,1
ENSG00000091039,1.1348552,1.5323721,0.9232257,1.0,1
ENSG00000091039,1.0796609,1.5323721,0.7790958,0.31226766,1
ENSG00000091106,0.11959116,-0.85387194,0.9774925,1.0,1
ENSG00000091106,0.039245106,-0.85387194,0.9843215,1.0,1
ENSG00000091409,-0.49843207,-0.92081875,0.98669124,1.0,1
ENSG00000091409,-0.47563967,-0.92081875,0.97516483,1.0,1
ENSG00000091428,0.55132854,-0.4089354,0.8374907,1.0,1
ENSG00000091428,0.34561104,-0.4089354,0.9554333,1.0,1
ENSG00000091436,0.9242879,1.3378584,0.9487099,1.0,1
ENSG00000092841,1.545642,3.0676584,0.83715343,1.0,1
ENSG00000092841,1.4929155,3.0676584,0.9499025,1.0,1
ENSG00000092841,1.5172987,3.0676584,0.9527281,1.0,1
ENSG00000092841,1.5258375,3.0676584,0.95163375,1.0,1
ENSG00000092841,1.5130737,3.0676584,0.94867015,1.0,1
ENSG00000092841,1.5187703,3.0676584,0.95408934,0.9697458,1
ENSG00000092841,1.5373574,3.0676584,0.8627279,0.07447057,1
ENSG00000094914,1.5828398,1.8744239,0.91398853,1.0,1
ENSG00000094914,1.576424,1.8744239,0.9285439,0.97541666,1
ENSG00000094916,1.5336106,1.8588979,0.90064853,1.0,1
ENSG00000094916,1.499776,1.8588979,0.92208475,1.0,1
ENSG00000095002,1.3609749,1.9315088,0.8822159,1.0,1
ENSG00000095002,1.410519,1.9315088,0.89144576,1.0,1
ENSG00000102189,1.2284509,0.5965971,0.92805135,1.0,1
ENSG00000102189,1.1309302,0.5965971,0.9077635,1.0,1
ENSG00000110801,1.7228447,1.7159199,0.9386226,1.0,1
ENSG00000110801,1.7539362,1.7159199,0.93183106,0.52356213,1
ENSG00000110801,1.736549,1.7159199,0.8460636,0.2872928,1
ENSG00000110841,0.81532526,0.17609125,0.9483158,1.0,1
ENSG00000110844,1.3592243,0.587711,0.928808,1.0,1
ENSG00000110844,1.2942513,0.587711,0.9346255,1.0,1
ENSG00000110848,0.3796211,1.7195798,0.97713464,1.0,1
ENSG00000110848,0.38912728,1.7195798,0.9788279,1.0,1
ENSG00000110848,0.38070562,1.7195798,0.9753862,1.0,1
ENSG00000110851,0.81549084,1.1945144,0.9569682,1.0,1
ENSG00000110852,-0.25717732,0.5888317,0.98693943,1.0,1
ENSG00000110852,-0.15925509,0.5888317,0.98954284,1.0,1
ENSG00000110852,0.14551193,0.5888317,0.96064866,0.8680352,1
ENSG00000110871,1.1236068,1.6590601,0.9360446,1.0,1
ENSG00000110871,1.1547114,1.6590601,0.9160791,0.9988799,1
ENSG00000110871,1.1739346,1.6590601,0.85135657,0.04121864,1
ENSG00000110880,1.2585008,2.3280737,0.94055134,1.0,1
ENSG00000110880,1.3155427,2.3280737,0.9061831,1.0,1
ENSG00000110881,0.7500044,0.20951502,0.97776216,1.0,1
ENSG00000110888,0.9985937,1.0265332,0.86278266,1.0,1
ENSG00000110888,1.0113304,1.0265332,0.94668263,1.0,1
ENSG00000110888,1.0271428,1.0265332,0.9264008,1.0,1
ENSG00000110888,1.019112,1.0265332,0.8726647,0.25040388,1
ENSG00000110888,0.99878955,1.0265332,0.93512607,0.9846154,1
ENSG00000110888,1.0269784,1.0265332,0.84803486,0.6297663,1
ENSG00000110888,1.0082545,1.0265332,0.9325702,0.3457189,1
ENSG00000110906,1.3241972,1.4665711,0.91469234,1.0,1
ENSG00000110906,1.3241972,1.4665711,0.91469234,1.0,1
ENSG00000110906,1.3831375,1.4665711,0.93589485,1.0,1
ENSG00000110906,1.4160442,1.4665711,0.93592083,1.0,1
ENSG00000110906,1.4160442,1.4665711,0.93592083,0.73277557,1
ENSG00000110911,1.1628785,1.6755034,0.8910085,1.0,1
ENSG00000110917,1.6448078,1.5609821,0.92160517,1.0,1
ENSG00000110917,1.5493498,1.5609821,0.9376796,1.0,1
ENSG00000110917,1.4679939,1.5609821,0.92717403,1.0,1
ENSG00000110921,1.6285318,1.4432629,0.86845696,1.0,1
ENSG00000110921,1.6925886,1.4432629,0.92784,1.0,1
ENSG00000110921,1.6697109,1.4432629,0.9011408,0.8910082,1
ENSG00000110921,1.6502556,1.4432629,0.87520593,0.8161889,1
ENSG00000110925,0.57408476,0.8915374,0.9653269,1.0,1
ENSG00000110925,0.51478654,0.8915374,0.96857196,1.0,1
ENSG00000110931,1.3072119,1.1869563,0.8686168,1.0,1
ENSG00000110931,1.3291463,1.1869563,0.8179826,1.0,1
ENSG00000110931,1.2298797,1.1869563,0.6631467,0.122857146,1
ENSG00000110931,1.2960862,1.1869563,0.9131335,0.8297587,1
ENSG00000110934,0.48039362,-0.537602,0.9717084,1.0,1
ENSG00000110944,0.7384211,1.0174507,0.98548317,1.0,1
ENSG00000110955,1.5447887,3.3983412,0.9399272,1.0,1
ENSG00000110958,2.0523598,2.114244,0.82821506,1.0,1
ENSG00000110958,1.9928912,2.114244,0.91268724,1.0,1
ENSG00000110958,2.0988827,2.114244,0.9446133,1.0,1
ENSG00000110958,2.0135589,2.114244,0.9137754,0.88235295,1
ENSG00000110958,1.9928912,2.114244,0.91268724,0.9948186,1
ENSG00000110958,2.043715,2.114244,0.89962375,0.86775446,1
ENSG00000110958,2.0648446,2.114244,0.9155888,0.9996437,1
ENSG00000110987,0.532238,0.9561684,0.9675941,1.0,1
ENSG00000110987,0.4596336,0.9561684,0.973083,1.0,1
ENSG00000111011,1.3989443,1.7259933,0.94269484,1.0,1
ENSG00000111011,1.3896607,1.7259933,0.9403488,0.70385605,1
ENSG00000111011,1.3391522,1.7259933,0.9365294,0.99866134,1
ENSG00000111012,-0.06672944,0.5820634,0.9892854,1.0,1
ENSG00000111057,1.2118129,2.4412708,0.94656634,1.0,1
ENSG00000111057,1.2321543,2.4412708,0.95845497,1.0,1
ENSG00000111057,1.2215883,2.4412708,0.9593465,1.0,1
ENSG00000111087,0.68361914,-0.14874165,0.9710996,1.0,1
ENSG00000111087,0.6533866,-0.14874165,0.9761538,1.0,1
ENSG00000111110,0.8991252,0.63848925,0.9480882,1.0,1
ENSG00000111110,0.9442272,0.63848925,0.90966207,1.0,1
ENSG00000111110,0.9293783,0.63848925,0.9342793,1.0,1
ENSG00000111110,0.911906,0.63848925,0.91163915,1.0,1
ENSG00000111142,1.5983515,2.1322596,0.9275114,1.0,1
ENSG00000111142,1.5918704,2.1322596,0.92449194,1.0,1
ENSG00000111142,1.5983515,2.1322596,0.9275114,0.942899,1
ENSG00000111142,1.6527803,2.1322596,0.9131756,0.99957174,1
ENSG00000111144,0.7633476,1.5805829,0.9521986,1.0,1
ENSG00000111144,0.7787335,1.5805829,0.9268694,0.89862496,1
ENSG00000111144,0.76448786,1.5805829,0.94159144,0.06234414,1
ENSG00000111144,0.7262925,1.5805829,0.9393021,0.022925764,1
ENSG00000111145,0.42620155,-0.013228266,0.96301323,1.0,1
ENSG00000111145,0.43948466,-0.013228266,0.9637813,1.0,1
ENSG00000111196,1.3796649,1.6009729,0.94808793,1.0,1
ENSG00000111196,1.3791409,1.6009729,0.95410395,0.5342679,1
ENSG00000111203,1.2474934,1.0733517,0.9023697,1.0,1
ENSG00000111203,1.2045556,1.0733517,0.9477324,1.0,1
ENSG00000111206,0.6348387,0.99782306,0.92732275,1.0,1
ENSG00000111206,0.62932956,0.99782306,0.9547573,1.0,1
ENSG00000111206,0.6189078,0.99782306,0.94476724,0.06612685,1
ENSG00000111206,0.5816494,0.99782306,0.8859242,0.7301855,1
ENSG00000111224,0.09178427,-0.5086383,0.97767663,1.0,1
ENSG00000111224,0.04735001,-0.5086383,0.9817662,1.0,1
ENSG00000111229,1.457738,1.7294078,0.9117931,1.0,1
ENSG00000111231,1.6391884,1.7625285,0.9171018,1.0,1
ENSG00000111237,1.6690431,2.2845435,0.72533447,0.055408534,1
ENSG00000111237,1.5593907,2.2845435,0.6243097,0.46666044,1
ENSG00000111247,1.7481656,1.8617135,0.92406595,1.0,1
ENSG00000111247,1.7601413,1.8617135,0.83237684,0.15399121,1
ENSG00000111247,1.745005,1.8617135,0.9155659,0.9311657,1
ENSG00000111247,1.745005,1.8617135,0.9155659,0.9927441,1
ENSG00000111247,1.8220018,1.8617135,0.9171649,0.5789816,1
ENSG00000111247,1.7895471,1.8617135,0.90652895,0.09753832,1
ENSG00000111252,1.389115,1.3789427,0.8997701,1.0,1
ENSG00000111261,0.17461678,0.19589965,0.9744359,1.0,1
ENSG00000111266,0.57646084,0.9449759,0.9502588,1.0,1
ENSG00000111269,1.68053,0.5987905,0.94567287,1.0,1
ENSG00000111271,1.149675,1.0962145,0.9107527,1.0,1
ENSG00000111271,1.1205406,1.0962145,0.93078184,1.0,1
ENSG00000111271,1.1730069,1.0962145,0.64904267,0.45,1
ENSG00000111271,1.049934,1.0962145,0.9290342,1.0,1
ENSG00000111271,1.114099,1.0962145,0.92407614,0.9701493,1
ENSG00000111275,1.1449512,1.2237555,0.9517563,1.0,1
ENSG00000111275,1.1918135,1.2237555,0.9101869,1.0,1
ENSG00000111275,1.111609,1.2237555,0.9507126,0.047309835,1
ENSG00000111276,1.0692377,1.0244857,0.96050006,1.0,1
ENSG00000111300,1.5497295,1.5972563,0.8322283,1.0,1
ENSG00000111300,1.5181835,1.5972563,0.84993196,1.0,1
ENSG00000111300,1.5335263,1.5972563,0.909445,0.14213625,1
ENSG00000111300,1.4883784,1.5972563,0.83689654,0.8578637,1
ENSG00000111300,1.5018709,1.5972563,0.7629434,0.021026073,1
ENSG00000111319,-0.53632104,-0.61978877,0.9861551,1.0,1
ENSG00000111319,-0.54653525,-0.61978877,0.9835329,1.0,1
ENSG00000111319,-0.49610183,-0.61978877,0.96887857,1.0,1
ENSG00000111325,1.2413161,1.4266739,0.9534377,1.0,1
ENSG00000111325,1.2432148,1.4266739,0.9118501,1.0,1
ENSG00000111325,1.289566,1.4266739,0.9501199,1.0,1
ENSG00000111325,1.2289399,1.4266739,0.932072,1.0,1
ENSG00000111325,1.2557449,1.4266739,0.908844,0.38821137,1
ENSG00000111325,1.2550691,1.4266739,0.9330063,0.060568605,1
ENSG00000111325,1.3025124,1.4266739,0.94951844,0.3888889,1
ENSG00000111328,1.5739634,1.905364,0.8196794,1.0,1
ENSG00000111328,1.5739634,1.905364,0.8196794,1.0,1
ENSG00000111331,-0.28193703,-0.14874165,0.9881362,1.0,1
ENSG00000111331,-0.16149786,-0.14874165,0.9870647,1.0,1
ENSG00000111331,-0.24743867,-0.14874165,0.99235415,1.0,1
ENSG00000111348,0.08846932,1.0891984,0.97996706,1.0,1
ENSG00000111358,1.6497498,1.8342935,0.8265705,1.0,1
ENSG00000111358,1.6292478,1.8342935,0.9278354,0.5840046,1
ENSG00000111358,1.629406,1.8342935,0.8425435,0.94355965,1
ENSG00000111361,1.4907136,1.6484576,0.9435627,1.0,1
ENSG00000111361,1.5968224,1.6484576,0.9331952,1.0,1
ENSG00000111361,1.5909307,1.6484576,0.9353718,1.0,1
ENSG00000111364,1.5151616,1.6652995,0.93514806,1.0,1
ENSG00000111371,1.0129637,1.5344069,0.92382294,1.0,1
ENSG00000111371,1.0295132,1.5344069,0.9199103,1.0,1
ENSG00000111371,1.0094662,1.5344069,0.90131575,0.99778074,1
ENSG00000111371,0.9536085,1.5344069,0.9104682,0.041364606,1
ENSG00000111412,1.3219163,0.7986506,0.91568154,1.0,1
ENSG00000111412,1.3555127,0.7986506,0.9238284,0.7328767,1
ENSG00000111424,0.07609725,0.17318627,0.96646535,1.0,1
ENSG00000111424,0.11580089,0.17318627,0.93891495,1.0,1
ENSG00000111424,0.020345137,0.17318627,0.9754219,0.5089286,1
ENSG00000111445,1.8645548,1.8686445,0.8716856,1.0,1
ENSG00000111445,1.9234046,1.8686445,0.8123801,0.29612947,1
ENSG00000111450,1.1945626,1.6092741,0.940551,1.0,1
ENSG00000111452,0.104133904,0.7715875,0.97841704,1.0,1
ENSG00000111481,2.1947145,2.5834029,0.9394798,1.0,1
ENSG00000111481,2.1381845,2.5834029,0.85688025,1.0,1
ENSG00000111481,2.1419048,2.5834029,0.93865335,1.0,1
ENSG00000111481,2.1533098,2.5834029,0.9188816,1.0,1
ENSG00000111481,2.2098336,2.5834029,0.8681273,0.96806204,1
ENSG00000111481,2.1459262,2.5834029,0.9408568,0.9833247,1
ENSG00000111490,-0.15974851,-0.61978877,0.90470254,1.0,1
ENSG00000111530,0.90919745,2.0729113,0.90981823,1.0,1
ENSG00000111530,0.9676534,2.0729113,0.9180852,1.0,1
ENSG00000111537,-0.16839139,-0.9586073,0.98965305,1.0,1
ENSG00000111537,-0.113888785,-0.9586073,0.97752553,1.0,1
ENSG00000111540,1.7952778,1.7817553,0.88405305,1.0,1
ENSG00000111540,1.7687217,1.7817553,0.9277029,0.994782,1
ENSG00000111554,1.3182386,1.0394142,0.9023314,1.0,1
ENSG00000111554,1.2837918,1.0394142,0.926032,1.0,1
ENSG00000111554,1.3526292,1.0394142,0.8783052,0.96039605,1
ENSG00000111554,1.3235487,1.0394142,0.49356127,0.19381443,1
ENSG00000111554,1.2888377,1.0394142,0.9325414,0.80618554,1
ENSG00000111554,1.2837918,1.0394142,0.926032,1.0,1
ENSG00000111581,1.4267347,2.2729318,0.9303521,1.0,1
ENSG00000111581,1.3944424,2.2729318,0.9170911,0.99365366,1
ENSG00000111596,1.6803453,1.8489892,0.8595989,1.0,1
ENSG00000111596,1.6790603,1.8489892,0.88281083,1.0,1
ENSG00000111596,1.6837951,1.8489892,0.84931177,0.0,1
ENSG00000111602,1.0982761,1.09691,0.9404482,1.0,1
ENSG00000111605,1.0884207,1.7075702,0.5341734,1.0,1
ENSG00000111605,1.0158175,1.7075702,0.94084984,1.0,1
ENSG00000111605,1.0615125,1.7075702,0.9167643,1.0,1
ENSG00000111605,1.0846462,1.7075702,0.8368849,1.0,1
ENSG00000111605,1.1413934,1.7075702,0.85200816,0.43953934,1
ENSG00000111615,1.2322847,1.6179434,0.955076,1.0,1
ENSG00000111615,1.1484185,1.6179434,0.96171755,0.20603836,1
ENSG00000111640,1.4157917,3.780303,0.881857,1.0,1
ENSG00000111640,1.4131562,3.780303,0.95797855,1.0,1
ENSG00000111641,0.6742178,1.81697,0.9517126,1.0,1
ENSG00000111641,0.8022895,1.81697,0.76726687,0.031418525,1
ENSG00000111641,0.7722255,1.81697,0.8312431,0.015474794,1
ENSG00000111644,-0.62667406,1.218798,0.9820815,1.0,1
ENSG00000111647,0.8768711,1.1495271,0.93811256,1.0,1
ENSG00000111652,1.3877691,1.4995496,0.8698032,1.0,1
ENSG00000111653,1.2922734,1.3868555,0.94941235,1.0,1
ENSG00000111653,1.2575337,1.3868555,0.9383413,1.0,1
ENSG00000111653,1.2290007,1.3868555,0.9480456,0.76649743,1
ENSG00000111653,1.2687972,1.3868555,0.92404836,0.9263804,1
ENSG00000111664,1.1914458,0.54406804,0.96976334,1.0,1
ENSG00000111665,1.3749864,1.690639,0.9276161,1.0,1
ENSG00000111665,1.3652815,1.690639,0.94811624,1.0,1
ENSG00000111665,1.3184432,1.690639,0.9514095,0.9242958,1
ENSG00000111666,1.6417267,1.7963661,0.85697675,1.0,1
ENSG00000111666,1.6545893,1.7963661,0.88947517,1.0,1
ENSG00000111666,1.7012385,1.7963661,0.73180515,0.028457599,1
ENSG00000111667,1.6555104,1.602711,0.9417537,1.0,1
ENSG00000111667,1.6288211,1.602711,0.94167155,1.0,1
ENSG00000111667,1.6635617,1.602711,0.9261541,1.0,1
ENSG00000111667,1.6263903,1.602711,0.9401946,1.0,1
ENSG00000111667,1.6514387,1.602711,0.93189114,1.0,1
ENSG00000111669,1.0670604,3.187828,0.96063435,1.0,1
ENSG00000111670,1.0908298,1.1934029,0.8854686,1.0,1
ENSG00000111670,1.0179769,1.1934029,0.8482335,1.0,1
ENSG00000111674,0.2009117,1.652343,0.98131,1.0,1
ENSG00000111674,0.16951452,1.652343,0.9747867,1.0,1
ENSG00000111674,0.20219631,1.652343,0.9776743,1.0,1
ENSG00000111674,0.16618685,1.652343,0.98505914,1.0,1
ENSG00000111674,0.2829099,1.652343,0.98162407,1.0,1
ENSG00000111674,0.18482485,1.652343,0.985488,1.0,1
ENSG00000111674,0.15915559,1.652343,0.97297883,1.0,1
ENSG00000111676,0.9979887,0.651278,0.9694921,1.0,1
ENSG00000111678,1.480489,2.3016593,0.92923546,1.0,1
ENSG00000111678,1.43994,2.3016593,0.9321268,1.0,1
ENSG00000111678,1.422159,2.3016593,0.9360855,1.0,1
ENSG00000111678,1.4076885,2.3016593,0.93428063,1.0,1
ENSG00000111679,-0.27711663,0.67394197,0.97954184,1.0,1
ENSG00000111679,-0.31169283,0.67394197,0.98949707,1.0,1
ENSG00000111684,1.3692619,1.5936183,0.9067927,1.0,1
ENSG00000111684,1.367018,1.5936183,0.76778483,0.97394544,1
ENSG00000111696,0.9667212,0.83569056,0.90447843,1.0,1
ENSG00000111696,0.9716555,0.83569056,0.8972515,1.0,1
ENSG00000111707,1.4765639,1.3453737,0.92963874,1.0,1
ENSG00000111711,1.2968645,1.3100557,0.9386065,1.0,1
ENSG00000111711,1.1520208,1.3100557,0.9211312,1.0,1
ENSG00000111711,1.1520208,1.3100557,0.9211312,0.31460676,1
ENSG00000111711,1.2537147,1.3100557,0.93496096,0.0,1
ENSG00000111711,1.1863387,1.3100557,0.9340624,0.046457607,1
ENSG00000111711,1.2537147,1.3100557,0.93496096,0.96702003,1
ENSG00000111716,0.8852358,2.9872193,0.92394304,1.0,1
ENSG00000111725,1.5798016,1.9398686,0.93602633,1.0,1
ENSG00000111725,1.6092191,1.9398686,0.94106436,1.0,1
ENSG00000111726,1.0790586,1.746167,0.95893675,1.0,1
ENSG00000111726,1.0873314,1.746167,0.9661967,0.6717835,1
ENSG00000111727,1.1025788,0.59217674,0.87520534,1.0,1
ENSG00000111727,1.0854597,0.59217674,0.73400825,0.42628205,1
ENSG00000111729,-0.24324742,-0.43179828,0.9853855,1.0,1
ENSG00000111731,1.3432652,1.2664669,0.9024977,1.0,1
ENSG00000111731,1.2519246,1.2664669,0.8166276,0.006451613,1
ENSG00000111731,1.3050325,1.2664669,0.722654,0.0070967744,1
ENSG00000111737,1.5828747,1.4988617,0.935253,1.0,1
ENSG00000111737,1.5703408,1.4988617,0.9374244,0.76766855,1
ENSG00000111737,1.599753,1.4988617,0.9454779,0.0021513088,1
ENSG00000111752,0.6628152,1.071882,0.9684022,1.0,1
ENSG00000111752,0.67264736,1.071882,0.81733936,0.0,1
ENSG00000111752,0.69139266,1.071882,0.931105,0.4009662,1
ENSG00000111775,1.6170404,2.8180676,0.938223,1.0,1
ENSG00000111785,1.283901,0.7551123,0.8230832,1.0,1
ENSG00000111785,1.3175689,0.7551123,0.899951,1.0,1
ENSG00000111785,1.3055068,0.7551123,0.91066587,0.19915254,1
ENSG00000111785,1.3507016,0.7551123,0.9025344,0.20547946,1
ENSG00000111786,1.5362852,2.1542413,0.90665746,1.0,1
ENSG00000111790,1.3700874,1.5150787,0.9432061,1.0,1
ENSG00000111790,1.3507919,1.5150787,0.94062567,0.60135645,1
ENSG00000112787,0.7362821,0.39967373,0.7792615,1.0,1
ENSG00000112787,0.7544203,0.39967373,0.9493328,1.0,1
ENSG00000114942,1.35208,2.8967025,0.94000316,1.0,1
ENSG00000114942,1.3179601,2.8967025,0.9427248,1.0,1
ENSG00000114942,1.3073697,2.8967025,0.938483,1.0,1
ENSG00000114942,1.3499075,2.8967025,0.94075406,1.0,1
ENSG00000114956,1.4168435,2.0667357,0.9187999,1.0,1
ENSG00000114956,1.3910296,2.0667357,0.9280583,0.109127864,1
ENSG00000114978,1.2058145,1.7536596,0.9518031,1.0,1
ENSG00000114982,1.3466522,1.3937507,0.899491,1.0,1
ENSG00000114982,1.3699594,1.3937507,0.89411074,0.8035714,1
ENSG00000114982,1.4123019,1.3937507,0.91683936,0.0123152705,1
ENSG00000114982,1.3809816,1.3937507,0.7983752,0.1841133,1
ENSG00000114982,1.3742732,1.3937507,0.93084496,0.8158867,1
ENSG00000114988,0.8314973,1.1051694,0.9498558,1.0,1
ENSG00000114988,0.81316924,1.1051694,0.9444346,1.0,1
ENSG00000114988,0.8267659,1.1051694,0.9443618,1.0,1
ENSG00000114988,0.8435565,1.1051694,0.9476759,1.0,1
ENSG00000114988,0.84393144,1.1051694,0.8727444,0.0,1
ENSG00000114988,0.84952855,1.1051694,0.93857324,0.9781161,1
ENSG00000114988,0.8061091,1.1051694,0.9469728,0.9781161,1
ENSG00000114993,0.6420274,0.41329977,0.9804638,1.0,1
ENSG00000114999,1.0100608,1.3848908,0.9445573,1.0,1
ENSG00000115008,-0.34079427,-0.79588,0.9893925,1.0,1
ENSG00000115008,-0.25459835,-0.79588,0.9846036,1.0,1
ENSG00000115008,-0.32502064,-0.79588,0.99042964,1.0,1
ENSG00000115008,-0.2945005,-0.79588,0.9725008,1.0,1
ENSG00000115008,-0.27901986,-0.79588,0.96964204,1.0,1
ENSG00000115020,1.0723479,1.2375437,0.9377204,1.0,1
ENSG00000115020,1.0144261,1.2375437,0.9367355,1.0,1
ENSG00000115020,1.1325791,1.2375437,0.70788956,0.0,1
ENSG00000115020,1.0942248,1.2375437,0.93926895,0.14436619,1
ENSG00000115020,1.1009161,1.2375437,0.91676,0.9707769,1
ENSG00000115020,1.0745821,1.2375437,0.9296133,0.92523366,1
ENSG00000115042,1.6886779,1.5700758,0.9024142,1.0,1
ENSG00000115053,1.7690961,2.1045213,0.92668784,1.0,1
ENSG00000115053,1.7223655,2.1045213,0.89963925,1.0,1
ENSG00000115073,1.7801023,1.542701,0.92403036,1.0,1
ENSG00000115084,1.4629098,1.5456781,0.92317206,1.0,1
ENSG00000115085,-0.43165454,-0.4089354,0.9887735,1.0,1
ENSG00000115091,1.2285899,2.369976,0.92688465,1.0,1
ENSG00000115091,1.2450211,2.369976,0.93209094,1.0,1
ENSG00000115107,0.5760617,0.88479537,0.94417876,1.0,1
ENSG00000115107,0.6011034,0.88479537,0.9347859,0.91101694,1
ENSG00000115107,0.606982,0.88479537,0.755736,0.961183,1
ENSG00000115107,0.5689622,0.88479537,0.9550218,0.018518519,1
ENSG00000115109,0.83168757,0.991669,0.9502002,1.0,1
ENSG00000115109,0.8117471,0.991669,0.8645245,1.0,1
ENSG00000115109,0.904771,0.991669,0.9247125,0.8786982,1
ENSG00000115112,0.29121843,-0.45593196,0.9767858,1.0,1
ENSG00000115128,2.022306,2.504566,0.93124586,1.0,1
ENSG00000115128,2.0620916,2.504566,0.91100717,1.0,1
ENSG00000115129,1.6528046,0.54777473,0.9016395,1.0,1
ENSG00000115129,1.6433647,0.54777473,0.92517114,1.0,1
ENSG00000115129,1.6908735,0.54777473,0.9048871,0.64705884,1
ENSG00000115137,1.4675273,0.5211381,0.91276044,1.0,1
ENSG00000115137,1.4675273,0.5211381,0.91276044,0.75982535,1
ENSG00000115137,1.5169256,0.5211381,0.93075126,0.14285715,1
ENSG00000115137,1.4551128,0.5211381,0.8956095,0.1124031,1
ENSG00000115145,1.5965021,0.9813655,0.9108518,1.0,1
ENSG00000115155,0.09695065,-0.82390875,0.9185517,1.0,1
ENSG00000115155,-0.031316917,-0.82390875,0.9789747,1.0,1
ENSG00000115159,0.8810526,1.0476642,0.96440566,1.0,1
ENSG00000115159,0.8509762,1.0476642,0.9615825,1.0,1
ENSG00000115163,1.6460137,1.6607707,0.9316684,1.0,1
ENSG00000115163,1.6331466,1.6607707,0.9348639,0.68728286,1
ENSG00000115165,-0.4057046,-0.7695511,0.98718005,1.0,1
ENSG00000115165,-0.3536136,-0.7695511,0.985567,1.0,1
ENSG00000115165,-0.29872146,-0.7695511,0.93169034,1.0,1
ENSG00000115204,2.0238802,2.048442,0.8323856,1.0,1
ENSG00000115204,2.0259876,2.048442,0.93326443,1.0,1
ENSG00000115207,1.6773164,1.9230367,0.85187924,1.0,1
ENSG00000115207,1.6773164,1.9230367,0.85187924,1.0,1
ENSG00000115211,2.1640396,1.6626635,0.9223533,1.0,1
ENSG00000115216,1.5639209,1.7903556,0.9023964,1.0,1
ENSG00000115232,-0.18331084,-0.19382003,0.9822235,1.0,1
ENSG00000115232,-0.06340256,-0.19382003,0.9666118,1.0,1
ENSG00000115233,1.5365356,2.1515844,0.83400637,1.0,1
ENSG00000115233,1.5003272,2.1515844,0.92250395,1.0,1
ENSG00000115233,1.4821084,2.1515844,0.88982904,1.0,1
ENSG00000115233,1.476839,2.1515844,0.9189279,1.0,1
ENSG00000115234,1.7328358,1.6115109,0.90290534,1.0,1
ENSG00000115234,1.7176467,1.6115109,0.92739505,0.8955345,1
ENSG00000115234,1.7136508,1.6115109,0.93280065,0.9722922,1
ENSG00000115234,1.7136508,1.6115109,0.93280065,0.9886968,1
ENSG00000115234,1.701225,1.6115109,0.9294452,0.052186176,1
ENSG00000115234,1.7152418,1.6115109,0.9299575,0.9969282,1
ENSG00000115239,1.0252566,1.4225899,0.93008196,1.0,1
ENSG00000115239,1.0252566,1.4225899,0.93008196,1.0,1
ENSG00000115239,0.95854986,1.4225899,0.9121303,0.83146065,1
ENSG00000115241,1.1733598,1.8093576,0.94084257,1.0,1
ENSG00000115271,0.05700675,-0.537602,0.96080863,1.0,1
ENSG00000115274,1.082421,0.77451694,0.9547669,1.0,1
ENSG00000115274,1.1052067,0.77451694,0.9528398,1.0,1
ENSG00000115274,1.12754,0.77451694,0.93959457,1.0,1
ENSG00000115274,1.1143103,0.77451694,0.93750423,1.0,1
ENSG00000115275,1.1614155,1.5039268,0.95825374,1.0,1
ENSG00000115275,1.18353,1.5039268,0.94721574,1.0,1
ENSG00000115282,1.447386,1.1705551,0.9312346,1.0,1
ENSG00000115282,1.4637283,1.1705551,0.9505593,1.0,1
ENSG00000115282,1.463917,1.1705551,0.9246606,0.6763285,1
ENSG00000115289,2.2587352,1.3639878,0.87770575,1.0,1
ENSG00000115289,2.2602172,1.3639878,0.94245607,1.0,1
ENSG00000115289,2.2930267,1.3639878,0.9439011,1.0,1
ENSG00000115306,-0.40390006,0.94841295,0.9896012,1.0,1
ENSG00000115306,-0.47019818,0.94841295,0.98894835,1.0,1
ENSG00000115306,-0.43506387,0.94841295,0.98608637,1.0,1
ENSG00000115307,2.199525,2.0883842,0.91300774,1.0,1
ENSG00000115310,0.8702333,2.053578,0.8155489,1.0,1
ENSG00000115310,0.813632,2.053578,0.91309506,0.42436975,1
ENSG00000115310,0.8630142,2.053578,0.8413435,0.1355094,1
ENSG00000115317,1.6446627,1.619615,0.9069146,1.0,1
ENSG00000115317,1.6425714,1.619615,0.93270344,0.9809886,1
ENSG00000115317,1.6209846,1.619615,0.9388709,0.7462039,1
ENSG00000115318,0.889822,-0.036212172,0.9617316,1.0,1
ENSG00000115325,1.3612088,0.96707976,0.9404035,1.0,1
ENSG00000115325,1.3498683,0.96707976,0.9469928,1.0,1
ENSG00000115325,1.3483803,0.96707976,0.94838935,1.0,1
ENSG00000115325,1.3946168,0.96707976,0.941624,0.54910713,1
ENSG00000115339,-0.68754435,-0.85387194,0.9909787,1.0,1
ENSG00000115350,1.5223373,1.6434526,0.89495575,1.0,1
ENSG00000115350,1.5660086,1.6434526,0.94437325,1.0,1
ENSG00000115355,0.72748244,1.7261565,0.9259491,1.0,1
ENSG00000115355,0.69939053,1.7261565,0.9159981,1.0,1
ENSG00000115355,0.7886201,1.7261565,0.9344451,0.6755749,1
ENSG00000115355,0.72575855,1.7261565,0.93694925,0.5144186,1
ENSG00000115355,0.81746554,1.7261565,0.92642,0.49126035,1
ENSG00000115355,0.712466,1.7261565,0.9296788,0.96688133,1
ENSG00000115365,1.1427842,1.6116171,0.9409543,1.0,1
ENSG00000115365,1.0106871,1.6116171,0.9537165,1.0,1
ENSG00000115368,1.2691686,1.839855,0.8599472,1.0,1
ENSG00000115368,1.2899394,1.839855,0.75218576,0.0028753993,1
ENSG00000115392,1.2809342,1.806587,0.8604846,1.0,1
ENSG00000115392,1.344443,1.806587,0.88279706,0.95378417,1
ENSG00000115414,-0.036144286,0.8785218,0.98489654,1.0,1
ENSG00000115415,1.1895621,1.2909245,0.8690442,1.0,1
ENSG00000115415,1.1256474,1.2909245,0.93380815,1.0,1
ENSG00000115415,1.0571027,1.2909245,0.9445632,0.0039551747,1
ENSG00000115419,1.2716569,1.6270585,0.6029901,1.0,1
ENSG00000115421,1.3458096,1.0674429,0.8602437,1.0,1
ENSG00000115421,1.3304768,1.0674429,0.9449308,0.9436039,1
ENSG00000115421,1.330319,1.0674429,0.924735,0.9257221,1
ENSG00000115421,1.3830127,1.0674429,0.8907072,0.98569727,1
ENSG00000115421,1.3689343,1.0674429,0.9173488,0.86172837,1
ENSG00000115421,1.3278252,1.0674429,0.7811631,0.014302742,1
ENSG00000115425,0.76181245,0.8102325,0.9550252,1.0,1
ENSG00000115425,0.77722967,0.8102325,0.9588905,1.0,1
ENSG00000115425,0.92621195,0.8102325,0.9172419,0.9926063,1
ENSG00000115446,1.3940829,1.5594279,0.9108744,1.0,1
ENSG00000115446,1.3337206,1.5594279,0.924379,1.0,1
ENSG00000115459,1.2660068,1.1215599,0.9140557,1.0,1
ENSG00000115459,1.2769182,1.1215599,0.9100118,0.8787879,1
ENSG00000115459,1.3214622,1.1215599,0.91417146,0.97029704,1
ENSG00000115459,1.2838291,1.1215599,0.8249854,0.5811966,1
ENSG00000115459,1.2279752,1.1215599,0.9351248,0.7777778,1
ENSG00000115459,1.2274725,1.1215599,0.92838895,0.37738854,1
ENSG00000115464,1.434242,1.7687861,0.90712935,1.0,1
ENSG00000115464,1.4049491,1.7687861,0.87467325,1.0,1
ENSG00000115464,1.337053,1.7687861,0.7958566,1.0,1
ENSG00000115484,0.87273407,2.3533392,0.94505066,1.0,1
ENSG00000115484,0.9351032,2.3533392,0.93018496,0.99017084,1
ENSG00000115486,0.90634644,1.2166936,0.9367193,1.0,1
ENSG00000115486,0.9666624,1.2166936,0.95630336,1.0,1
ENSG00000115486,0.93468976,1.2166936,0.93543535,1.0,1
ENSG00000115486,0.96930516,1.2166936,0.9506621,1.0,1
ENSG00000115486,0.96679723,1.2166936,0.9523305,0.6747503,1
ENSG00000115504,0.8284185,1.1832699,0.935747,0.26150393,1
ENSG00000115504,0.8125069,1.1832699,0.93015176,0.33238232,1
ENSG00000115507,1.024941,-0.49485,0.9148623,1.0,1
ENSG00000115514,1.3706459,1.6383893,0.92553204,1.0,1
ENSG00000115520,1.2565923,0.30103,0.9405719,1.0,1
ENSG00000115524,1.101566,2.4675488,0.9317433,1.0,1
ENSG00000115524,1.0839587,2.4675488,0.94456667,1.0,1
ENSG00000115524,1.1376915,2.4675488,0.86381423,0.30440328,1
ENSG00000115525,0.87934077,0.85430604,0.95730424,1.0,1
ENSG00000115526,1.2121615,1.2648178,0.8321292,1.0,1
ENSG00000115526,1.2396017,1.2648178,0.93412626,1.0,1
ENSG00000115526,1.2101494,1.2648178,0.9101292,1.0,1
ENSG00000115539,1.3874357,1.2482185,0.9382417,1.0,1
ENSG00000115539,1.3911558,1.2482185,0.92794716,1.0,1
ENSG00000115539,1.4265484,1.2482185,0.8985204,1.0,1
ENSG00000115540,1.1289383,1.209515,0.9376166,1.0,1
ENSG00000115540,1.1289383,1.209515,0.9376166,0.49778622,1
ENSG00000115540,1.2606685,1.209515,0.9438014,0.9728059,1
ENSG00000115541,1.5124797,2.3945918,0.9255778,1.0,1
ENSG00000115541,1.5124797,2.3945918,0.9255778,1.0,1
ENSG00000115541,1.4821001,2.3945918,0.91474515,0.9993367,1
ENSG00000115548,1.4752039,1.7692295,0.9011165,1.0,1
ENSG00000115561,1.959306,1.4101021,0.9128172,1.0,1
ENSG00000115561,1.9970921,1.4101021,0.911525,0.9814607,1
ENSG00000115568,0.4958515,0.4329693,0.9710208,1.0,1
ENSG00000115568,0.53652894,0.4329693,0.96694225,0.1875,1
ENSG00000115590,-0.5420271,-0.92081875,0.9717144,1.0,1
ENSG00000115590,-0.58033097,-0.92081875,0.99167985,1.0,1
ENSG00000115594,0.622347,0.30963016,0.9496282,1.0,1
ENSG00000115594,0.6045743,0.30963016,0.9212357,1.0,1
ENSG00000115607,-0.38974985,-0.13667715,0.9717909,1.0,1
ENSG00000115616,0.75282156,0.18752073,0.9756277,1.0,1
ENSG00000115641,1.0294166,1.0965624,0.88156503,0.002469136,1
ENSG00000115641,1.0408788,1.0965624,0.7984194,0.2709581,1
ENSG00000115649,1.4611996,1.3816565,0.88593775,1.0,1
ENSG00000115649,1.4522566,1.3816565,0.92439836,1.0,1
ENSG00000115649,1.483428,1.3816565,0.9442979,1.0,1
ENSG00000115649,1.4269596,1.3816565,0.8859008,1.0,1
ENSG00000115652,0.926927,1.2942457,0.9285382,1.0,1
ENSG00000115657,1.5310687,1.422918,0.90556663,1.0,1
ENSG00000115657,1.5115105,1.422918,0.947745,1.0,1
ENSG00000115661,1.1767416,1.4787108,0.9374265,1.0,1
ENSG00000115661,1.1554878,1.4787108,0.964098,0.9543058,1
ENSG00000115677,0.12016195,2.0262473,0.98096585,1.0,1
ENSG00000115677,0.10569481,2.0262473,0.983356,1.0,1
ENSG00000115677,0.10158487,2.0262473,0.97755456,0.0,1
ENSG00000115685,1.0335528,1.6084191,0.9320707,1.0,1
ENSG00000115685,1.0335528,1.6084191,0.9320707,1.0,1
ENSG00000115685,1.0446142,1.6084191,0.9486981,0.11139241,1
ENSG00000115685,1.0446142,1.6084191,0.9486981,0.97536945,1
ENSG00000115687,0.89249265,0.9537597,0.9213796,1.0,1
ENSG00000115694,1.505775,2.1803267,0.9480491,1.0,1
ENSG00000115694,1.4977777,2.1803267,0.95124614,1.0,1
ENSG00000115694,1.519395,2.1803267,0.93834656,0.9843057,1
ENSG00000115694,1.5519418,2.1803267,0.92471874,0.771578,1
ENSG00000115694,1.4934962,2.1803267,0.85704446,0.24150944,1
ENSG00000115738,1.0468215,1.2607867,0.903594,1.0,1
ENSG00000115750,1.5745229,1.0588055,0.76448417,1.0,1
ENSG00000115750,1.5987905,1.0588055,0.91819125,0.9504405,1
ENSG00000115756,1.1936699,1.456973,0.8093527,1.0,1
ENSG00000115756,1.2124132,1.456973,0.889653,1.0,1
ENSG00000115756,1.1322365,1.456973,0.9373398,1.0,1
ENSG00000115756,1.1617315,1.456973,0.9288739,1.0,1
ENSG00000115756,1.1491039,1.456973,0.9302846,0.3321033,1
ENSG00000115758,1.4577059,2.5652337,0.9524923,1.0,1
ENSG00000115758,1.4816083,2.5652337,0.9503858,1.0,1
ENSG00000115760,1.1443993,1.7463228,0.9210835,1.0,1
ENSG00000115760,1.1279237,1.7463228,0.9053191,0.5196051,1
ENSG00000115761,1.1696632,1.5507175,0.8633331,1.0,1
ENSG00000115761,1.150313,1.5507175,0.9245044,0.8523059,1
ENSG00000115761,1.1040065,1.5507175,0.8954069,0.9392878,1
ENSG00000115762,1.2097924,1.6927588,0.8938819,1.0,1
ENSG00000115762,1.1522441,1.6927588,0.8846586,1.0,1
ENSG00000115762,1.1206919,1.6927588,0.92416126,1.0,1
ENSG00000115762,1.1206919,1.6927588,0.92416126,0.98125,1
ENSG00000115762,1.1353447,1.6927588,0.9006692,0.99749655,1
ENSG00000115806,1.3001624,2.2171416,0.88384765,1.0,1
ENSG00000115806,1.2511438,2.2171416,0.8994995,0.70474124,1
ENSG00000115808,1.2971119,1.343999,0.931987,1.0,1
ENSG00000115816,0.92116284,1.500648,0.9392662,1.0,1
ENSG00000115825,0.88668525,1.2695129,0.8564589,1.0,1
ENSG00000115827,1.5674294,1.3891661,0.90681624,1.0,1
ENSG00000115827,1.5674294,1.3891661,0.90681624,1.0,1
ENSG00000115827,1.5163293,1.3891661,0.8890035,1.0,1
ENSG00000115827,1.527332,1.3891661,0.92703396,0.8977505,1
ENSG00000115827,1.5443926,1.3891661,0.91698086,0.58030593,1
ENSG00000115839,1.3235477,1.2392995,0.8865694,1.0,1
ENSG00000115839,1.3548834,1.2392995,0.87923914,1.0,1
ENSG00000115839,1.2422177,1.2392995,0.47868097,0.0,1
ENSG00000115840,1.4840829,1.3991543,0.9163715,1.0,1
ENSG00000115840,1.4996859,1.3991543,0.8853579,0.05656304,1
ENSG00000115840,1.4602267,1.3991543,0.89218944,0.9981727,1
ENSG00000115841,0.7965865,0.17897695,0.9477387,1.0,1
ENSG00000115841,0.78012574,0.17897695,0.94452775,0.3119266,1
ENSG00000115850,-0.3707274,-0.92081875,0.9898623,1.0,1
ENSG00000115866,1.5196128,2.2408736,0.88851595,1.0,1
ENSG00000115866,1.5026381,2.2408736,0.9210622,0.9185604,1
ENSG00000115875,2.0544486,2.6917796,0.9380056,1.0,1
ENSG00000115875,2.0227785,2.6917796,0.8704502,0.54516155,1
ENSG00000115875,2.0606713,2.6917796,0.91793394,0.19339581,1
ENSG00000115884,0.44679612,0.09342168,0.9638665,1.0,1
ENSG00000115896,0.23426527,1.0606978,0.97157323,1.0,1
ENSG00000115896,0.23569852,1.0606978,0.9757582,1.0,1
ENSG00000115902,1.3165177,0.9068735,0.90100366,1.0,1
ENSG00000115902,1.3319898,0.9068735,0.9193127,0.9907039,1
ENSG00000115904,1.2769533,1.3314273,0.9151081,1.0,1
ENSG00000115919,-0.025233138,0.96567196,0.9467037,1.0,1
ENSG00000115919,-0.28433195,0.96567196,0.9724511,0.77539504,1
ENSG00000115935,-0.3955408,0.24303804,0.9869429,1.0,1
ENSG00000115935,-0.44992715,0.24303804,0.9846161,1.0,1
ENSG00000115935,-0.3413562,0.24303804,0.969673,1.0,1
ENSG00000115935,-0.2710492,0.24303804,0.84071946,1.0,1
ENSG00000115942,1.5967625,1.1283993,0.93715537,1.0,1
ENSG00000115944,1.9363155,2.1067007,0.90393615,1.0,1
ENSG00000115944,1.9363155,2.1067007,0.90393615,1.0,1
ENSG00000115944,1.9314055,2.1067007,0.8467094,1.0,1
ENSG00000115946,1.5739908,1.2794387,0.9276578,1.0,1
ENSG00000115946,1.5712909,1.2794387,0.87615997,1.0,1
ENSG00000115947,1.1378008,1.7611005,0.91204405,1.0,1
ENSG00000115947,1.0586518,1.7611005,0.9360847,1.0,1
ENSG00000115956,0.06772782,-0.79588,0.98012173,1.0,1
ENSG00000115956,0.07589772,-0.79588,0.9774959,1.0,1
ENSG00000115956,0.16464911,-0.79588,0.96691084,1.0,1
ENSG00000115966,1.695948,1.9419584,0.89776075,0.006829017,1
ENSG00000115966,1.7423438,1.9419584,0.90909326,0.32899937,1
ENSG00000115966,1.7666798,1.9419584,0.9318267,0.99808794,1
ENSG00000115966,1.7546557,1.9419584,0.90873647,0.68267035,1
ENSG00000115966,1.6509334,1.9419584,0.61059123,0.30421573,1
ENSG00000115970,0.83130026,1.1908917,0.8192855,1.0,1
ENSG00000115970,0.7964251,1.1908917,0.7387798,0.013513514,1
ENSG00000115977,1.2135167,0.5237465,0.9274876,1.0,1
ENSG00000115993,0.9546313,0.8299467,0.85272396,1.0,1
ENSG00000115993,0.9497814,0.8299467,0.9152236,1.0,1
ENSG00000115998,1.2434313,0.7143298,0.920909,1.0,1
ENSG00000116001,1.5506057,1.9482663,0.90826595,1.0,1
ENSG00000116001,1.6388968,1.9482663,0.90565795,1.0,1
ENSG00000116001,1.5649642,1.9482663,0.84024686,0.76545167,1
ENSG00000116005,0.18432541,1.0409977,0.98462385,1.0,1
ENSG00000116016,1.0962403,0.86093664,0.9556569,1.0,1
ENSG00000116016,1.1449962,0.86093664,0.93748885,1.0,1
ENSG00000116016,1.0617337,0.86093664,0.95083225,1.0,1
ENSG00000116030,1.2959698,1.7703364,0.9294086,1.0,1
ENSG00000116030,1.1635971,1.7703364,0.92036724,0.9948718,1
ENSG00000116030,1.2299196,1.7703364,0.911769,0.69074935,1
ENSG00000116062,1.1542084,1.7057782,0.8359136,1.0,1
ENSG00000116062,1.1588025,1.7057782,0.9335367,0.110888444,1
ENSG00000116095,1.3501879,1.172311,0.9321322,1.0,1
ENSG00000116095,1.2815753,1.172311,0.90333635,1.0,1
ENSG00000116096,1.0940938,1.2579185,0.94672453,1.0,1
ENSG00000116120,0.94821835,1.774444,0.88499224,1.0,1
ENSG00000116127,0.8707496,0.9334873,0.9004462,1.0,1
ENSG00000116127,0.91676486,0.9334873,0.8519278,0.17351598,1
ENSG00000116127,0.88961244,0.9334873,0.94474435,0.9183938,1
ENSG00000118242,0.51245415,0.20139712,0.9676837,1.0,1
ENSG00000118246,1.2641933,1.5659658,0.9022702,1.0,1
ENSG00000118246,1.2841716,1.5659658,0.93001664,1.0,1
ENSG00000118246,1.3312267,1.5659658,0.94142944,1.0,1
ENSG00000118246,1.3591202,1.5659658,0.9026707,1.0,1
ENSG00000118246,1.3024797,1.5659658,0.94419575,1.0,1
ENSG00000118246,1.248345,1.5659658,0.55044585,1.0,1
ENSG00000118260,1.2064874,1.5997739,0.929768,1.0,1
ENSG00000118260,1.1919676,1.5997739,0.9179039,1.0,1
ENSG00000118260,1.1602517,1.5997739,0.91117245,1.0,1
ENSG00000118260,1.2118399,1.5997739,0.93773365,1.0,1
ENSG00000118260,1.1995646,1.5997739,0.9090491,1.0,1
ENSG00000118260,1.1952252,1.5997739,0.92939276,1.0,1
ENSG00000118260,1.2085308,1.5997739,0.9332335,1.0,1
ENSG00000118260,1.1586076,1.5997739,0.5904022,0.2573052,1
ENSG00000118307,1.0569243,-0.61978877,0.9260263,1.0,1
ENSG00000118308,0.5678921,1.0572857,0.967745,1.0,1
ENSG00000118308,0.568578,1.0572857,0.9719348,0.22782609,1
ENSG00000118308,0.5982454,1.0572857,0.96327114,0.75272727,1
ENSG00000118308,0.5150421,1.0572857,0.98109114,0.95780593,1
ENSG00000118308,0.62481236,1.0572857,0.9495651,0.98480666,1
ENSG00000118600,1.198088,1.1610684,0.9143615,1.0,1
ENSG00000118600,1.1716166,1.1610684,0.8907369,0.007231405,1
ENSG00000118640,1.4057606,2.3129175,0.9550985,1.0,1
ENSG00000118960,1.3973873,0.587711,0.9211675,1.0,1
ENSG00000118960,1.343902,0.587711,0.9273656,1.0,1
ENSG00000118961,1.3939003,1.6205524,0.9100836,1.0,1
ENSG00000118961,1.3966105,1.6205524,0.88901126,1.0,1
ENSG00000118961,1.3339521,1.6205524,0.8952797,0.85960317,1
ENSG00000118961,1.3371232,1.6205524,0.8246449,1.0,1
ENSG00000118961,1.3371232,1.6205524,0.8246449,1.0,1
ENSG00000118961,1.4915415,1.6205524,0.884982,0.86384094,1
ENSG00000118965,0.8121338,0.8182259,0.94982636,1.0,1
ENSG00000118965,0.82094073,0.8182259,0.9409261,1.0,1
ENSG00000118965,0.8211427,0.8182259,0.9669594,1.0,1
ENSG00000118965,0.7908453,0.8182259,0.96231824,1.0,1
ENSG00000118965,0.93894744,0.8182259,0.9602219,1.0,1
ENSG00000118965,0.79279184,0.8182259,0.9632513,1.0,1
ENSG00000118965,0.8690853,0.8182259,0.9656854,0.95681065,1
ENSG00000118965,0.9109571,0.8182259,0.618643,0.9547826,1
ENSG00000118965,0.7599871,0.8182259,0.93257135,0.046875,1
ENSG00000118971,0.81985366,1.4967914,0.95405185,1.0,1
ENSG00000118997,0.53238964,-0.36653155,0.92220163,1.0,1
ENSG00000119004,1.632587,0.8876173,0.8933809,1.0,1
ENSG00000119004,1.6975054,0.8876173,0.9079263,1.0,1
ENSG00000119004,1.6386391,0.8876173,0.72211057,0.29467085,1
ENSG00000119004,1.6973501,0.8876173,0.91478354,0.8089431,1
ENSG00000119004,1.580731,0.8876173,0.8774777,0.030612245,1
ENSG00000119004,1.6525933,0.8876173,0.91691494,0.73277074,1
ENSG00000119013,1.659946,2.0301137,0.92586803,1.0,1
ENSG00000119013,1.6863146,2.0301137,0.91459334,0.09055492,1
ENSG00000119013,1.7281784,2.0301137,0.62418574,0.018258283,1
ENSG00000119041,0.66468763,1.6016254,0.9619767,1.0,1
ENSG00000119041,0.5191332,1.6016254,0.97911876,1.0,1
ENSG00000119042,1.1655664,0.8627275,0.92664117,1.0,1
ENSG00000119042,1.1190356,0.8627275,0.89292216,1.0,1
ENSG00000119185,1.4083374,1.808211,0.9108399,1.0,1
ENSG00000119185,1.343876,1.808211,0.9356902,1.0,1
ENSG00000119185,1.3431594,1.808211,0.85832494,0.98585904,1
ENSG00000119185,1.3719677,1.808211,0.89991826,0.8656399,1
ENSG00000119185,1.343876,1.808211,0.9356902,0.93703705,1
ENSG00000119185,1.343876,1.808211,0.9356902,0.9322034,1
ENSG00000119203,1.1419303,1.6127839,0.9289486,1.0,1
ENSG00000119242,0.9949355,0.5786392,0.9391479,1.0,1
ENSG00000119242,0.86891294,0.5786392,0.94068074,0.1969697,1
ENSG00000119729,1.4471067,1.2372923,0.90664005,1.0,1
ENSG00000119729,1.4743582,1.2372923,0.9206608,1.0,1
ENSG00000119760,0.90337086,1.7847599,0.93836766,1.0,1
ENSG00000119760,0.9753965,1.7847599,0.85025626,0.98817444,1
ENSG00000119760,0.93268657,1.7847599,0.92152065,0.9878512,1
ENSG00000119771,0.050817247,-0.92081875,0.9857991,1.0,1
ENSG00000119772,0.29036158,0.5693739,0.9682416,1.0,1
ENSG00000119772,0.22079787,0.5693739,0.939253,1.0,1
ENSG00000119772,0.3384813,0.5693739,0.9647938,0.01438849,1
ENSG00000119777,1.5527767,1.8829796,0.9439064,1.0,1
ENSG00000119777,1.5280794,1.8829796,0.9395616,0.9908821,1
ENSG00000119777,1.5283588,1.8829796,0.8932605,0.9938883,1
ENSG00000119778,1.0242751,0.95327634,0.9075223,1.0,1
ENSG00000119778,1.1170532,0.95327634,0.92383844,1.0,1
ENSG00000119778,1.1054027,0.95327634,0.8986637,1.0,1
ENSG00000119787,1.5431532,1.7223871,0.9254494,1.0,1
ENSG00000119787,1.5241627,1.7223871,0.91400737,1.0,1
ENSG00000119787,1.463884,1.7223871,0.79587156,1.0,1
ENSG00000119787,1.5077299,1.7223871,0.9050751,1.0,1
ENSG00000119801,1.1279575,1.4575791,0.8565849,1.0,1
ENSG00000119801,1.183614,1.4575791,0.8207207,1.0,1
ENSG00000119801,1.103747,1.4575791,0.88241297,0.01778809,1
ENSG00000119801,1.1279575,1.4575791,0.8565849,0.22181372,1
ENSG00000119801,1.1440814,1.4575791,0.8836729,0.0033670033,1
ENSG00000119801,1.1440814,1.4575791,0.8836729,0.02688172,1
ENSG00000119812,1.1214194,1.8899177,0.9345272,1.0,1
ENSG00000119812,1.1491982,1.8899177,0.9098354,1.0,1
ENSG00000119812,1.1405104,1.8899177,0.9029851,1.0,1
ENSG00000119812,1.1293975,1.8899177,0.9392274,0.97541213,1
ENSG00000119820,1.502565,1.209783,0.92282355,1.0,1
ENSG00000119820,1.519049,1.209783,0.88500214,1.0,1
ENSG00000119844,0.7898352,1.1883659,0.85010886,1.0,1
ENSG00000119844,0.787243,1.1883659,0.89779395,0.437788,1
ENSG00000119862,0.0014350154,-0.39794,0.9867626,1.0,1
ENSG00000119878,1.5243767,0.96567196,0.9159127,1.0,1
ENSG00000119888,0.82837605,1.6857418,0.96462494,1.0,1
ENSG00000119888,0.8503318,1.6857418,0.96171564,1.0,1
ENSG00000120647,1.1957338,1.1072099,0.95141274,1.0,1
ENSG00000120647,1.1417154,1.1072099,0.9028814,0.4965035,1
ENSG00000120798,1.1602081,1.542452,0.9229167,1.0,1
ENSG00000120798,1.1422375,1.542452,0.89773,0.26685795,1
ENSG00000120800,0.7005868,1.141136,0.9665941,1.0,1
ENSG00000120800,0.56051934,1.141136,0.9661629,1.0,1
ENSG00000120802,1.0622566,2.0572476,0.88666517,1.0,1
ENSG00000120802,1.1189647,2.0572476,0.8885021,1.0,1
ENSG00000120805,1.6218034,1.9766709,0.9047133,1.0,1
ENSG00000120805,1.6555223,1.9766709,0.9269181,1.0,1
ENSG00000120805,1.6569865,1.9766709,0.9213713,1.0,1
ENSG00000120805,1.6569865,1.9766709,0.9213713,1.0,1
ENSG00000120805,1.584308,1.9766709,0.9174388,0.95432585,1
ENSG00000120832,0.9314264,1.3836359,0.93716586,1.0,1
ENSG00000120833,1.4576561,1.8873359,0.79411745,1.0,1
ENSG00000120833,1.4576561,1.8873359,0.79411745,1.0,1
ENSG00000120833,1.4941089,1.8873359,0.90165263,1.0,1
ENSG00000120837,1.6115494,1.4305588,0.92876124,1.0,1
ENSG00000120837,1.5614408,1.4305588,0.92800856,1.0,1
ENSG00000120837,1.5614408,1.4305588,0.92800856,1.0,1
ENSG00000120860,1.170699,1.5761108,0.91660345,1.0,1
ENSG00000120860,1.2100993,1.5761108,0.7642621,0.0700961,1
ENSG00000120868,0.9895848,1.0326188,0.9040216,1.0,1
ENSG00000120868,0.99356353,1.0326188,0.7950924,0.9823232,1
ENSG00000120868,1.0059233,1.0326188,0.75943935,1.0,1
ENSG00000121152,1.5431403,1.7512791,0.92212266,1.0,1
ENSG00000121152,1.5656413,1.7512791,0.90395683,1.0,1
ENSG00000121152,1.6827095,1.7512791,0.9125081,0.9639483,1
ENSG00000121152,1.6950088,1.7512791,0.9120608,0.8500517,1
ENSG00000121152,1.692989,1.7512791,0.9289852,0.3287037,1
ENSG00000121316,0.65443027,1.4056878,0.95566094,1.0,1
ENSG00000121350,0.964641,0.79588,0.94939196,1.0,1
ENSG00000121350,0.9599731,0.79588,0.9613697,1.0,1
ENSG00000121350,0.94772923,0.79588,0.9277457,0.72845954,1
ENSG00000121749,1.0174967,1.57841,0.93635285,1.0,1
ENSG00000121749,1.0789076,1.57841,0.9051472,0.0,1
ENSG00000121749,1.2253579,1.57841,0.8694549,0.0064102565,1
ENSG00000121749,1.0594584,1.57841,0.93577814,0.9831731,1
ENSG00000121749,1.1700914,1.57841,0.8742306,0.058092948,1
ENSG00000121964,1.2832304,0.9127533,0.7604624,1.0,1
ENSG00000121988,1.4607418,1.1658376,0.8842186,1.0,1
ENSG00000121988,1.5267004,1.1658376,0.88508636,0.0,1
ENSG00000121989,0.6812506,-0.04095861,0.95395166,1.0,1
ENSG00000122085,0.7685027,1.2977605,0.8461862,1.0,1
ENSG00000122085,0.6850878,1.2977605,0.97926015,0.010638298,1
ENSG00000122085,0.69048953,1.2977605,0.9518108,0.12345679,1
ENSG00000122085,0.7357682,1.2977605,0.93901986,0.8217593,1
ENSG00000122085,0.6397141,1.2977605,0.9350871,0.60914177,1
ENSG00000122965,1.0693142,1.2516382,0.92525125,1.0,1
ENSG00000122965,1.1071575,1.2516382,0.89567626,1.0,1
ENSG00000122966,1.321716,1.3463529,0.9033887,1.0,1
ENSG00000122966,1.3449936,1.3463529,0.9201622,0.98638135,1
ENSG00000122970,1.4834208,0.81557775,0.8280673,1.0,1
ENSG00000122971,1.2707363,1.0468851,0.94984895,1.0,1
ENSG00000122986,-0.14651665,0.31175387,0.984537,1.0,1
ENSG00000122986,-0.09502363,0.31175387,0.9788255,1.0,1
ENSG00000122986,-0.12228809,0.31175387,0.9387258,0.97333336,1
ENSG00000123064,1.3764236,1.7327154,0.93691665,1.0,1
ENSG00000123066,0.9715905,1.5703094,0.8653939,1.0,1
ENSG00000123104,-0.04763134,-0.06550155,0.98445857,1.0,1
ENSG00000123104,0.05418683,-0.06550155,0.96092755,1.0,1
ENSG00000123106,1.3919791,1.3641757,0.7397136,1.0,1
ENSG00000123106,1.4276104,1.3641757,0.89133686,1.0,1
ENSG00000123106,1.3814007,1.3641757,0.92496496,1.0,1
ENSG00000123106,1.3792249,1.3641757,0.92006296,1.0,1
ENSG00000123106,1.3101635,1.3641757,0.9222303,1.0,1
ENSG00000123106,1.3715168,1.3641757,0.8894715,0.05717916,1
ENSG00000123106,1.3761874,1.3641757,0.8820695,0.021601016,1
ENSG00000123268,1.6653978,1.832892,0.88882643,1.0,1
ENSG00000123297,0.93071795,1.5182507,0.8378093,0.48857868,1
ENSG00000123297,0.8783282,1.5182507,0.93924093,0.85376346,1
ENSG00000123329,1.1603185,1.0704073,0.95866203,1.0,1
ENSG00000123329,1.1146928,1.0704073,0.95999247,0.94049907,1
ENSG00000123338,0.23694213,1.5537617,0.9676578,1.0,1
ENSG00000123349,1.5615025,2.9257915,0.9539886,1.0,1
ENSG00000123349,1.6146381,2.9257915,0.94878054,0.6959459,1
ENSG00000123349,1.6094977,2.9257915,0.9487663,0.047885645,1
ENSG00000123349,1.633356,2.9257915,0.6579576,0.022023737,1
ENSG00000123349,1.614798,2.9257915,0.89676934,0.013575219,1
ENSG00000123349,1.5621359,2.9257915,0.9534142,0.93028396,1
ENSG00000123349,1.6980294,2.9257915,0.6559457,0.9937535,1
ENSG00000123352,1.4592754,1.4935975,0.90668714,1.0,1
ENSG00000123352,1.4756255,1.4935975,0.5461821,0.47153124,1
ENSG00000123352,1.4466056,1.4935975,0.82541734,0.13838384,1
ENSG00000123352,1.446013,1.4935975,0.8712385,0.022909507,1
ENSG00000123352,1.4575821,1.4935975,0.66944313,0.039215688,1
ENSG00000123353,1.6624088,1.3548764,0.9376519,1.0,1
ENSG00000123358,1.0545989,0.3283796,0.94569033,1.0,1
ENSG00000123358,1.0621998,0.3283796,0.93702024,0.0,1
ENSG00000123374,1.5210167,2.2174313,0.9387385,1.0,1
ENSG00000123374,1.4527436,2.2174313,0.94734895,0.9916879,1
ENSG00000123374,1.4549472,2.2174313,0.9247444,0.9362171,1
ENSG00000123384,1.2960349,-0.4436975,0.9521318,1.0,1
ENSG00000123395,1.2115628,1.5259514,0.9342401,1.0,1
ENSG00000123395,1.2714915,1.5259514,0.87481415,1.0,1
ENSG00000123411,0.939855,0.77524626,0.934605,1.0,1
ENSG00000123411,1.055635,0.77524626,0.9406765,1.0,1
ENSG00000123411,0.9199221,0.77524626,0.93882394,1.0,1
ENSG00000123411,0.9596038,0.77524626,0.94087553,0.8654292,1
ENSG00000123415,0.8954203,1.5917323,0.9624892,1.0,1
ENSG00000123415,0.88855875,1.5917323,0.95816106,1.0,1
ENSG00000123415,0.88855875,1.5917323,0.95816106,1.0,1
ENSG00000123415,0.86192787,1.5917323,0.9598391,1.0,1
ENSG00000123415,0.8806132,1.5917323,0.94814503,1.0,1
ENSG00000123415,0.90654457,1.5917323,0.88567716,1.0,1
ENSG00000123415,0.86534154,1.5917323,0.96079624,0.2173913,1
ENSG00000123415,0.8580929,1.5917323,0.9000631,0.0786802,1
ENSG00000123416,1.6276177,3.5772781,0.9265171,1.0,1
ENSG00000123427,0.9071282,1.141136,0.9466445,1.0,1
ENSG00000123427,0.9361918,1.141136,0.95062286,0.7287273,1
ENSG00000123485,1.2054417,1.9139198,0.88944644,1.0,1
ENSG00000123600,1.457987,1.4321673,0.7814811,1.0,1
ENSG00000123600,1.5351686,1.4321673,0.91734,1.0,1
ENSG00000123600,1.5429188,1.4321673,0.89225155,1.0,1
ENSG00000123600,1.4767798,1.4321673,0.929175,0.22931938,1
ENSG00000123600,1.5351686,1.4321673,0.91734,0.3387978,1
ENSG00000123607,1.3421087,1.4080703,0.9058414,1.0,1
ENSG00000123609,1.5348841,1.0895519,0.9385936,1.0,1
ENSG00000123609,1.4915391,1.0895519,0.9370686,1.0,1
ENSG00000123609,1.4750077,1.0895519,0.9305994,1.0,1
ENSG00000123609,1.5069458,1.0895519,0.9440205,1.0,1
ENSG00000123609,1.5255386,1.0895519,0.94305754,1.0,1
ENSG00000123609,1.5365257,1.0895519,0.93750006,0.981893,1
ENSG00000123610,0.5089523,-0.92081875,0.9743798,1.0,1
ENSG00000123610,0.48516908,-0.92081875,0.9617382,1.0,1
ENSG00000123636,0.53973925,1.2000293,0.93813396,1.0,1
ENSG00000123983,1.2582874,1.913496,0.9269838,1.0,1
ENSG00000123989,0.7311866,0.99913055,0.9632488,1.0,1
ENSG00000123989,0.74884844,0.99913055,0.92986935,1.0,1
ENSG00000123992,1.3288369,1.6747693,0.9258742,1.0,1
ENSG00000123992,1.3110156,1.6747693,0.9174456,1.0,1
ENSG00000123992,1.2902322,1.6747693,0.9128102,1.0,1
ENSG00000124356,1.2499691,1.548635,0.9166514,1.0,1
ENSG00000124356,1.2378311,1.548635,0.9192263,1.0,1
ENSG00000124356,1.2348182,1.548635,0.9154341,1.0,1
ENSG00000124357,1.8505858,0.9175055,0.9056916,1.0,1
ENSG00000124370,1.3118184,1.3666097,0.85520834,1.0,1
ENSG00000124374,0.5855355,-0.69897,0.96668607,1.0,1
ENSG00000124380,1.4498941,1.6141587,0.91704464,1.0,1
ENSG00000124380,1.4674453,1.6141587,0.94705373,1.0,1
ENSG00000124380,1.4198415,1.6141587,0.9213327,1.0,1
ENSG00000124380,1.4312857,1.6141587,0.9369843,1.0,1
ENSG00000124380,1.4317453,1.6141587,0.9426561,1.0,1
ENSG00000124383,1.1923937,1.3898746,0.93315154,1.0,1
ENSG00000124383,1.2309601,1.3898746,0.9345025,1.0,1
ENSG00000124831,0.8862474,1.2491983,0.88763726,1.0,1
ENSG00000124831,0.84790635,1.2491983,0.8521118,1.0,1
ENSG00000124831,0.89597046,1.2491983,0.88633347,1.0,1
ENSG00000124831,0.8404256,1.2491983,0.8819019,1.0,1
ENSG00000124831,0.86758566,1.2491983,0.94900143,0.0074850298,1
ENSG00000125538,-0.40838435,-0.79588,0.9866484,1.0,1
ENSG00000125551,-0.6625054,-0.63827217,0.9897153,1.0,1
ENSG00000125571,0.20562853,-0.88605666,0.96528804,1.0,1
ENSG00000125611,1.8527728,1.1863912,0.9408616,1.0,1
ENSG00000125611,1.8636618,1.1863912,0.9391432,1.0,1
ENSG00000125629,1.005406,1.3870337,0.9572186,1.0,1
ENSG00000125629,1.0275698,1.3870337,0.9590659,1.0,1
ENSG00000125629,0.88335645,1.3870337,0.95766795,1.0,1
ENSG00000125629,0.9571644,1.3870337,0.9412896,0.47379795,1
ENSG00000125630,1.0767484,1.499137,0.93037593,1.0,1
ENSG00000125630,1.1311669,1.499137,0.93206537,1.0,1
ENSG00000125630,1.0896951,1.499137,0.83988976,0.062063616,1
ENSG00000125630,1.0489596,1.499137,0.94418585,0.93,1
ENSG00000125633,1.0151331,1.1658376,0.91110307,1.0,1
ENSG00000125637,1.0228484,1.0081742,0.91145056,1.0,1
ENSG00000125637,0.9782897,1.0081742,0.9180659,1.0,1
ENSG00000125637,0.9642526,1.0081742,0.927197,1.0,1
ENSG00000125637,0.9576298,1.0081742,0.9364052,1.0,1
ENSG00000125637,0.9975854,1.0081742,0.93725073,1.0,1
ENSG00000125637,0.9842198,1.0081742,0.94497484,1.0,1
ENSG00000125637,0.9695076,1.0081742,0.93059534,1.0,1
ENSG00000125637,0.9681027,1.0081742,0.9476171,1.0,1
ENSG00000125637,0.9815756,1.0081742,0.7569641,1.0,1
ENSG00000125637,0.97391796,1.0081742,0.95254874,1.0,1
ENSG00000126746,0.9378983,1.548635,0.9074659,1.0,1
ENSG00000126746,0.9648483,1.548635,0.94868696,0.20787746,1
ENSG00000127311,0.8487977,0.4756712,0.90629536,1.0,1
ENSG00000127311,0.820573,0.4756712,0.9082101,1.0,1
ENSG00000127311,0.82625735,0.4756712,0.9535132,1.0,1
ENSG00000127311,0.8432257,0.4756712,0.9568337,1.0,1
ENSG00000127311,0.9058691,0.4756712,0.87896866,0.8467433,1
ENSG00000127314,1.6220077,2.2907023,0.88558805,1.0,1
ENSG00000127314,1.6342199,2.2907023,0.9285754,1.0,1
ENSG00000127314,1.6220077,2.2907023,0.88558805,0.8893035,1
ENSG00000127314,1.6419972,2.2907023,0.903539,0.54487586,1
ENSG00000127314,1.656041,2.2907023,0.89749074,0.9493011,1
ENSG00000127314,1.6239666,2.2907023,0.93071246,0.97630507,1
ENSG00000127328,0.9506029,1.20412,0.9208321,1.0,1
ENSG00000127328,1.0194668,1.20412,0.9383053,0.03137255,1
ENSG00000127329,-0.3666854,0.11394335,0.9861974,1.0,1
ENSG00000127329,-0.3276241,0.11394335,0.97859544,1.0,1
ENSG00000127329,-0.3449473,0.11394335,0.98578566,1.0,1
ENSG00000127329,-0.38699254,0.11394335,0.992195,1.0,1
ENSG00000127329,-0.3801354,0.11394335,0.99003917,1.0,1
ENSG00000127329,-0.36834186,0.11394335,0.9899323,1.0,1
ENSG00000127334,0.62756324,0.9973864,0.906328,0.5381485,1
ENSG00000127337,1.5806764,1.538825,0.91409355,1.0,1
ENSG00000127720,1.1875416,0.13672057,0.8751332,1.0,1
ENSG00000127720,1.1875416,0.13672057,0.8751332,1.0,1
ENSG00000127831,0.8258321,-0.27572414,0.95818764,1.0,1
ENSG00000127831,0.990451,-0.27572414,0.9597998,1.0,1
ENSG00000127837,1.4426979,1.5370631,0.935312,1.0,1
ENSG00000128641,-0.34551468,-0.92081875,0.98853695,1.0,1
ENSG00000128654,1.8283674,2.0857186,0.79539865,1.0,1
ENSG00000128654,1.7918323,2.0857186,0.8280856,0.04629921,1
ENSG00000128656,0.6860603,-0.10237291,0.9419438,1.0,1
ENSG00000128656,0.52418125,-0.10237291,0.85242033,1.0,1
ENSG00000128694,1.5062959,0.924796,0.9285757,1.0,1
ENSG00000128694,1.4737823,0.924796,0.88720447,0.76880985,1
ENSG00000128699,1.429779,1.7199938,0.9194738,1.0,1
ENSG00000128699,1.4675059,1.7199938,0.84858584,1.0,1
ENSG00000128699,1.4602259,1.7199938,0.91441864,1.0,1
ENSG00000128699,1.4664125,1.7199938,0.8836649,0.7994707,1
ENSG00000128708,1.110095,2.2692094,0.9379767,1.0,1
ENSG00000128708,1.1964132,2.2692094,0.8985862,0.9689303,1
ENSG00000128708,1.1151829,2.2692094,0.93028533,0.9924983,1
ENSG00000129315,1.3880352,1.5712428,0.9193148,1.0,1
ENSG00000129315,1.4330456,1.5712428,0.9111982,0.6581071,1
ENSG00000129317,0.68863606,1.3016809,0.9386332,1.0,1
ENSG00000129317,0.7498592,1.3016809,0.85821766,0.5429395,1
ENSG00000130038,1.0571512,0.8645111,0.92001134,1.0,1
ENSG00000130038,1.1175796,0.8645111,0.9050062,1.0,1
ENSG00000130414,1.4602282,1.9393694,0.8098188,1.0,1
ENSG00000130783,-0.07881414,-0.124938734,0.9752421,1.0,1
ENSG00000130787,0.43664348,1.0941216,0.9408557,1.0,1
ENSG00000130921,1.1645563,1.1048284,0.8796963,1.0,1
ENSG00000132300,1.4316185,2.152533,0.91082776,1.0,1
ENSG00000132300,1.4835751,2.152533,0.9071193,1.0,1
ENSG00000132300,1.4469659,2.152533,0.8743505,1.0,1
ENSG00000132305,1.1595423,1.9421073,0.914968,1.0,1
ENSG00000132305,1.1686075,1.9421073,0.8897208,1.0,1
ENSG00000132323,1.6768923,1.3490832,0.9100902,1.0,1
ENSG00000132323,1.60259,1.3490832,0.8804799,1.0,1
ENSG00000132323,1.6265622,1.3490832,0.8687715,1.0,1
ENSG00000132323,1.6291147,1.3490832,0.91499037,0.9828393,1
ENSG00000132326,1.3194398,0.350248,0.9255197,1.0,1
ENSG00000132326,1.3406659,0.350248,0.90513366,0.66169155,1
ENSG00000132329,0.29006436,-0.30980393,0.97546726,1.0,1
ENSG00000132330,1.2707585,1.1132747,0.8772428,1.0,1
ENSG00000132330,1.208361,1.1132747,0.9275272,1.0,1
ENSG00000132330,1.1813071,1.1132747,0.9306478,1.0,1
ENSG00000132330,1.1429046,1.1132747,0.93842286,0.124535315,1
ENSG00000132341,2.2217531,3.411069,0.8801734,0.08587893,1
ENSG00000133641,1.030291,1.5317343,0.93763155,1.0,1
ENSG00000133641,1.0344125,1.5317343,0.9571576,1.0,1
ENSG00000133641,1.0344894,1.5317343,0.94752336,0.66042554,1
ENSG00000133641,1.0903276,1.5317343,0.9574084,0.9412023,1
ENSG00000133687,-0.5763546,-0.92081875,0.97252333,1.0,1
ENSG00000133703,1.3612561,1.1646502,0.9076802,1.0,1
ENSG00000133703,1.3871824,1.1646502,0.93860275,0.016381767,1
ENSG00000133704,0.90404606,1.1866739,0.9346903,1.0,1
ENSG00000133773,1.1954834,1.4001925,0.9000333,1.0,1
ENSG00000133773,1.1762601,1.4001925,0.93067145,1.0,1
ENSG00000133858,1.4908594,1.8242561,0.87965435,1.0,1
ENSG00000133858,1.5370306,1.8242561,0.9305264,1.0,1
ENSG00000134283,1.2774054,1.9033071,0.86733544,1.0,1
ENSG00000134283,1.2983112,1.9033071,0.91567636,1.0,1
ENSG00000134283,1.3672118,1.9033071,0.8110352,0.14871553,1
ENSG00000134283,1.2473098,1.9033071,0.91696537,0.57435775,1
ENSG00000134283,1.3052609,1.9033071,0.7279219,0.03582371,1
ENSG00000134283,1.2589926,1.9033071,0.7734087,0.97013485,1
ENSG00000134285,-0.22213939,0.8312297,0.9816217,1.0,1
ENSG00000134287,1.197558,2.0677402,0.94693804,1.0,1
ENSG00000134287,1.197558,2.0677402,0.94693804,1.0,1
ENSG00000134287,1.164541,2.0677402,0.95251155,0.9950777,1
ENSG00000134291,1.047049,2.1332195,0.9072537,1.0,1
ENSG00000134294,1.0919728,2.0171585,0.95196694,1.0,1
ENSG00000134294,1.0556625,2.0171585,0.9334307,0.91113335,1
ENSG00000134308,1.3782324,2.3748765,0.90690887,1.0,1
ENSG00000134313,1.2054546,1.5081255,0.9026054,1.0,1
ENSG00000134313,1.2756118,1.5081255,0.9322512,1.0,1
ENSG00000134313,1.2105103,1.5081255,0.83180344,0.09715994,1
ENSG00000134317,1.4284766,0.7041505,0.93856144,1.0,1
ENSG00000134317,1.4286822,0.7041505,0.92177916,1.0,1
ENSG00000134318,1.2678212,0.84010607,0.8423027,1.0,1
ENSG00000134318,1.1934611,0.84010607,0.87038594,1.0,1
ENSG00000134318,1.2771028,0.84010607,0.9232696,1.0,1
ENSG00000134318,1.232622,0.84010607,0.83702236,1.0,1
ENSG00000134321,-0.6211498,-0.4202164,0.9929289,1.0,1
ENSG00000134324,1.2743994,1.854306,0.90369,1.0,1
ENSG00000134324,1.2637988,1.854306,0.77897555,0.056830805,1
ENSG00000134326,0.8954867,0.50105923,0.93489,1.0,1
ENSG00000134531,-0.21695828,-0.7212464,0.98289824,1.0,1
ENSG00000134532,-0.6580572,1.0681858,0.99162185,1.0,1
ENSG00000134532,-0.68147635,1.0681858,0.99081486,1.0,1
ENSG00000135090,1.2450708,1.6541766,0.882316,1.0,1
ENSG00000135090,1.2780349,1.6541766,0.8706801,1.0,1
ENSG00000135090,1.2721044,1.6541766,0.91286194,1.0,1
ENSG00000135090,1.2709345,1.6541766,0.914893,0.9892819,1
ENSG00000135090,1.2579554,1.6541766,0.61588246,0.0,1
ENSG00000135093,1.0890334,1.0906107,0.9518071,1.0,1
ENSG00000135093,1.1594466,1.0906107,0.8398513,1.0,1
ENSG00000135093,1.1358452,1.0906107,0.81883544,1.0,1
ENSG00000135093,1.1527251,1.0906107,0.9449176,1.0,1
ENSG00000135108,0.6616014,0.8293038,0.97304714,1.0,1
ENSG00000135124,1.091247,1.1743506,0.9278,0.30533335,1
ENSG00000135124,1.142198,1.1743506,0.8733552,0.0,1
ENSG00000135124,1.142136,1.1743506,0.8886932,0.07363014,1
ENSG00000135127,-0.69466245,0.11058971,0.99212134,1.0,1
ENSG00000135148,1.4391575,1.6369891,0.92860126,1.0,1
ENSG00000135390,1.3853066,2.530046,0.93362504,1.0,1
ENSG00000135390,1.4096218,2.530046,0.8806427,1.0,1
ENSG00000135392,0.935688,0.83884907,0.93351513,1.0,1
ENSG00000135404,2.0266268,2.3220744,0.87625617,1.0,1
ENSG00000135407,0.08387256,-0.60206,0.98000675,1.0,1
ENSG00000135414,0.61189437,0.5658478,0.9720257,1.0,1
ENSG00000135424,0.018058026,-0.022276394,0.98190844,1.0,1
ENSG00000135426,0.90953493,0.1398791,0.85218257,1.0,1
ENSG00000135436,-0.457554,-0.7447275,0.9885986,1.0,1
ENSG00000135436,-0.44825897,-0.7447275,0.9884503,1.0,1
ENSG00000135436,-0.4506078,-0.7447275,0.991831,1.0,1
ENSG00000135439,-0.37907985,-0.537602,0.9894805,1.0,1
ENSG00000135441,1.3814986,1.8585372,0.9481104,1.0,1
ENSG00000135441,1.3814986,1.8585372,0.9481104,1.0,1
ENSG00000135441,1.4192014,1.8585372,0.94304776,0.98213196,1
ENSG00000135441,1.3474437,1.8585372,0.9471294,0.5353774,1
ENSG00000135446,1.7626073,2.536899,0.9385711,1.0,1
ENSG00000135446,1.785949,2.536899,0.9489867,0.9989126,1
ENSG00000135451,1.4560574,1.6447339,0.9355187,1.0,1
ENSG00000135451,1.4311279,1.6447339,0.9369767,1.0,1
ENSG00000135451,1.4043618,1.6447339,0.9022969,1.0,1
ENSG00000135451,1.4586787,1.6447339,0.919952,0.97270954,1
ENSG00000135452,1.4565567,1.1826999,0.86214066,1.0,1
ENSG00000135454,0.70086825,0.89872515,0.97048485,1.0,1
ENSG00000135457,1.7456568,1.3747483,0.92302763,1.0,1
ENSG00000135469,0.7984735,1.3586961,0.96052724,1.0,1
ENSG00000135469,0.8404062,1.3586961,0.96131635,1.0,1
ENSG00000135469,0.801278,1.3586961,0.9622325,1.0,1
ENSG00000135473,1.9038628,1.883775,0.91403496,1.0,1
ENSG00000135473,1.8518405,1.883775,0.9101135,1.0,1
ENSG00000135476,1.2464058,1.2355285,0.9330401,1.0,1
ENSG00000135476,1.2680392,1.2355285,0.81917834,0.5907173,1
ENSG00000135482,1.4083334,-0.017728766,0.8985411,1.0,1
ENSG00000135486,1.6482397,2.9958897,0.9507129,1.0,1
ENSG00000135486,1.6111466,2.9958897,0.9478048,0.34279418,1
ENSG00000135503,1.112317,0.8162413,0.91916925,1.0,1
ENSG00000135503,1.0849682,0.8162413,0.95667386,1.0,1
ENSG00000135506,1.1169608,1.8877298,0.8935894,1.0,1
ENSG00000135506,1.0680119,1.8877298,0.9341628,0.9977635,1
ENSG00000135506,1.0515003,1.8877298,0.9432737,0.998253,1
ENSG00000135506,1.089123,1.8877298,0.9482738,0.6018163,1
ENSG00000135517,-0.38647503,-0.88605666,0.9852444,1.0,1
ENSG00000135519,-0.12086913,-0.92081875,0.98264325,1.0,1
ENSG00000135519,-0.20085579,-0.92081875,0.9898476,1.0,1
ENSG00000135519,-0.10102213,-0.92081875,0.96063095,1.0,1
ENSG00000135617,1.5895103,1.358506,0.95659846,1.0,1
ENSG00000135617,1.5474384,1.358506,0.91994935,1.0,1
ENSG00000135617,1.65473,1.358506,0.9094734,1.0,1
ENSG00000135622,0.32356176,-0.27572414,0.96047974,1.0,1
ENSG00000135624,1.3709135,2.686082,0.93632406,1.0,1
ENSG00000135624,1.4264201,2.686082,0.8523775,0.009721189,1
ENSG00000135632,1.4546652,1.5007852,0.73350805,1.0,1
ENSG00000135643,0.20018743,-0.56863624,0.97950953,1.0,1
ENSG00000135655,1.5677153,2.1769302,0.9103199,1.0,1
ENSG00000135655,1.5677153,2.1769302,0.9103199,1.0,1
ENSG00000135655,1.5585817,2.1769302,0.90454197,0.9838002,1
ENSG00000135677,1.2701083,1.3802112,0.9124909,1.0,1
ENSG00000135677,1.2127725,1.3802112,0.87838596,0.7834483,1
ENSG00000135677,1.2070469,1.3802112,0.92430013,0.0,1
ENSG00000135679,1.2824284,1.3823773,0.8610168,1.0,1
ENSG00000135679,1.2673998,1.3823773,0.9071377,0.97324723,1
ENSG00000135679,1.3018018,1.3823773,0.93317,0.99904764,1
ENSG00000135679,1.2483839,1.3823773,0.9121437,0.9740019,1
ENSG00000135679,1.3113863,1.3823773,0.90946007,1.0,1
ENSG00000135898,-0.6276299,-0.36653155,0.98116267,1.0,1
ENSG00000135899,0.53725433,0.29003462,0.97038585,1.0,1
ENSG00000135899,0.37850106,0.29003462,0.983077,1.0,1
ENSG00000135899,0.5823339,0.29003462,0.9744254,1.0,1
ENSG00000135912,1.383247,1.5507175,0.6122904,1.0,1
ENSG00000135913,1.11559,0.81291336,0.91474974,1.0,1
ENSG00000135913,0.9987229,0.81291336,0.93333036,1.0,1
ENSG00000135913,1.0550461,0.81291336,0.89268005,0.96666664,1
ENSG00000135913,1.0119863,0.81291336,0.9119314,0.9627451,1
ENSG00000135916,0.17690583,1.6893089,0.9826857,1.0,1
ENSG00000135916,0.20806052,1.6893089,0.97128403,1.0,1
ENSG00000135916,0.11854441,1.6893089,0.9819682,1.0,1
ENSG00000135916,0.32585338,1.6893089,0.9725342,0.7501063,1
ENSG00000135916,0.19709659,1.6893089,0.96476316,0.99872506,1
ENSG00000135924,1.7796794,0.6314438,0.9261655,1.0,1
ENSG00000135924,1.8204926,0.6314438,0.9344423,1.0,1
ENSG00000135926,1.3018192,1.6454222,0.9441812,1.0,1
ENSG00000135926,1.2911115,1.6454222,0.9239598,1.0,1
ENSG00000135926,1.3018192,1.6454222,0.9441812,0.55841535,1
ENSG00000135926,1.3429245,1.6454222,0.91992325,0.0013537906,1
ENSG00000135930,1.6505345,1.3117539,0.93377364,1.0,1
ENSG00000135930,1.640452,1.3117539,0.91498935,0.76930064,1
ENSG00000135931,0.89114416,0.2552725,0.9552146,1.0,1
ENSG00000135931,0.9022969,0.2552725,0.95508665,1.0,1
ENSG00000135932,1.1221069,1.769525,0.92987645,1.0,1
ENSG00000135940,1.3296454,2.6450388,0.94755846,1.0,1
ENSG00000135940,1.3045896,2.6450388,0.9457943,1.0,1
ENSG00000135945,1.4632736,1.6389881,0.91742873,1.0,1
ENSG00000135945,1.4056627,1.6389881,0.8846793,0.1492205,1
ENSG00000135953,1.1750414,0.79934055,0.9187848,1.0,1
ENSG00000135953,1.1245433,0.79934055,0.90376794,1.0,1
ENSG00000135953,1.1981784,0.79934055,0.9356193,0.22434367,1
ENSG00000135956,1.3674009,1.0417873,0.93045044,1.0,1
ENSG00000135956,1.3529675,1.0417873,0.9316333,1.0,1
ENSG00000135966,1.0945011,0.854913,0.88853496,1.0,1
ENSG00000135966,1.0720657,0.854913,0.87989867,1.0,1
ENSG00000135968,0.856534,1.1519824,0.93180674,1.0,1
ENSG00000135974,0.8928504,1.3873898,0.9533554,1.0,1
ENSG00000135976,0.19235548,0.98989457,0.9814074,1.0,1
ENSG00000135999,1.5971396,1.414472,0.9134064,1.0,1
ENSG00000135999,1.5963694,1.414472,0.92659426,1.0,1
ENSG00000135999,1.5631037,1.414472,0.9090477,1.0,1
ENSG00000136003,2.0450764,1.8243862,0.90044975,1.0,1
ENSG00000136003,2.0789988,1.8243862,0.9312097,0.06982093,1
ENSG00000136003,2.0610836,1.8243862,0.90277636,0.0022763088,1
ENSG00000136003,2.0743318,1.8243862,0.91551423,0.00070150825,1
ENSG00000136010,1.1083498,0.48144263,0.96406776,1.0,1
ENSG00000136010,1.0390846,0.48144263,0.96331203,1.0,1
ENSG00000136010,1.0424258,0.48144263,0.94812876,1.0,1
ENSG00000136021,1.1572609,1.3546846,0.920336,1.0,1
ENSG00000136021,1.0965148,1.3546846,0.8889181,1.0,1
ENSG00000136040,-0.50182295,-0.48148605,0.9589123,1.0,1
ENSG00000136040,-0.44789103,-0.48148605,0.9780919,1.0,1
ENSG00000136044,1.2360642,1.0077478,0.9329828,1.0,1
ENSG00000136044,1.2030641,1.0077478,0.9084564,1.0,1
ENSG00000136045,1.5159751,1.9060656,0.88382757,1.0,1
ENSG00000136048,1.2347394,0.22271647,0.9212633,1.0,1
ENSG00000136051,1.3408599,1.2605484,0.9431836,1.0,1
ENSG00000136051,1.3172028,1.2605484,0.9285565,1.0,1
ENSG00000136052,0.924752,-0.6777807,0.9659969,1.0,1
ENSG00000136536,1.4612833,1.6893089,0.895666,1.0,1
ENSG00000136536,1.4117622,1.6893089,0.87428683,1.0,1
ENSG00000136536,1.4066408,1.6893089,0.8840327,0.8555219,1
ENSG00000136536,1.3984764,1.6893089,0.80453825,0.8555219,1
ENSG00000136541,0.08274195,-0.7447275,0.9286495,1.0,1
ENSG00000136541,0.057056747,-0.7447275,0.98630434,1.0,1
ENSG00000136542,0.7041986,1.6290016,0.9414788,1.0,1
ENSG00000136542,0.7568064,1.6290016,0.92919666,1.0,1
ENSG00000136560,0.8147359,1.6435513,0.91912484,1.0,1
ENSG00000136560,0.8542726,1.6435513,0.9304229,1.0,1
ENSG00000136560,0.7605958,1.6435513,0.92800844,1.0,1
ENSG00000136560,0.77687705,1.6435513,0.8988065,1.0,1
ENSG00000136682,1.0709952,1.4702635,0.93902314,1.0,1
ENSG00000136682,1.5254204,1.4702635,0.527675,0.39384496,1
ENSG00000136682,1.2393641,1.4702635,0.8305232,0.018551765,1
ENSG00000136682,1.3715643,1.4702635,0.6832289,0.12951168,1
ENSG00000136682,1.1509802,1.4702635,0.59652394,0.8266108,1
ENSG00000136699,0.7243742,1.6574383,0.9323774,1.0,1
ENSG00000136699,0.7638476,1.6574383,0.8625703,0.08573903,1
ENSG00000136699,0.74758494,1.6574383,0.9408218,0.76760566,1
ENSG00000136699,0.8138857,1.6574383,0.9322907,0.9672771,1
ENSG00000136709,1.0213308,1.6395861,0.9055345,1.0,1
ENSG00000136710,1.0960171,1.6773331,0.96355116,1.0,1
ENSG00000136710,1.1511929,1.6773331,0.96513015,0.102380954,1
ENSG00000136715,1.28336,0.9965117,0.92589474,0.4827586,1
ENSG00000136717,-0.035976157,-0.060480747,0.98196757,1.0,1
ENSG00000136718,1.8304148,2.0466902,0.9151642,1.0,1
ENSG00000136731,1.0884699,1.2962263,0.9115358,1.0,1
ENSG00000136731,1.1541612,1.2962263,0.9021055,1.0,1
ENSG00000136732,1.9615697,2.287152,0.9072103,1.0,1
ENSG00000136732,1.8627074,2.287152,0.72752833,0.0075281016,1
ENSG00000136732,1.9163412,2.287152,0.8700569,0.50829196,1
ENSG00000138002,0.95458615,1.2214142,0.9424697,1.0,1
ENSG00000138002,1.0176971,1.2214142,0.8641203,0.0,1
ENSG00000138018,1.7115005,1.3220124,0.86522454,1.0,1
ENSG00000138029,1.5367603,1.962322,0.9222346,1.0,1
ENSG00000138029,1.5367603,1.962322,0.9222346,1.0,1
ENSG00000138029,1.5146395,1.962322,0.82348067,0.9915265,1
ENSG00000138030,1.7862048,0.4578819,0.9316171,1.0,1
ENSG00000138031,0.22588474,1.474362,0.9818648,1.0,1
ENSG00000138031,0.2604916,1.474362,0.95519406,1.0,1
ENSG00000138031,0.1998291,1.474362,0.97581226,0.3809524,1
ENSG00000138032,0.9476969,1.5174599,0.89298403,1.0,1
ENSG00000138032,0.98673487,1.5174599,0.73880774,1.0,1
ENSG00000138032,1.0225927,1.5174599,0.68479264,0.99812263,1
ENSG00000138032,1.0402339,1.5174599,0.90936434,0.637321,1
ENSG00000138035,1.2480783,1.602711,0.94202805,1.0,1
ENSG00000138035,1.3136327,1.602711,0.9081863,1.0,1
ENSG00000138035,1.2905447,1.602711,0.8948738,1.0,1
ENSG00000138036,1.0620091,1.4723176,0.8044497,1.0,1
ENSG00000138050,1.1404364,1.4776999,0.92510825,1.0,1
ENSG00000138050,1.1552798,1.4776999,0.91715294,1.0,1
ENSG00000138050,1.1952243,1.4776999,0.93280476,0.4416191,1
ENSG00000138050,1.1878079,1.4776999,0.9128607,0.054569364,1
ENSG00000138069,1.280442,2.0828214,0.9274307,1.0,1
ENSG00000138071,1.5449222,2.0807707,0.93841124,1.0,1
ENSG00000138071,1.5368577,2.0807707,0.93790287,1.0,1
ENSG00000138071,1.506258,2.0807707,0.9227361,1.0,1
ENSG00000138071,1.5193802,2.0807707,0.92765355,1.0,1
ENSG00000138071,1.5593736,2.0807707,0.7097648,0.0,1
ENSG00000138073,1.0039511,1.8209236,0.96480334,1.0,1
ENSG00000138073,0.9543048,1.8209236,0.963779,1.0,1
ENSG00000138073,1.0295936,1.8209236,0.9613531,0.993831,1
ENSG00000138073,1.027325,1.8209236,0.9620109,0.98530495,1
ENSG00000138074,1.5758889,2.0226758,0.90453666,1.0,1
ENSG00000138074,1.5959805,2.0226758,0.934198,0.0038812784,1
ENSG00000138078,1.4564509,1.6208645,0.9012226,1.0,1
ENSG00000138078,1.499575,1.6208645,0.73463815,1.0,1
ENSG00000138078,1.5048667,1.6208645,0.92629325,1.0,1
ENSG00000138078,1.4407649,1.6208645,0.8956768,1.0,1
ENSG00000138078,1.5035492,1.6208645,0.8860425,1.0,1
ENSG00000138078,1.501607,1.6208645,0.9091536,0.9982614,1
ENSG00000138078,1.3849454,1.6208645,0.8256951,0.34531185,1
ENSG00000138080,-0.30309775,-0.4436975,0.98996884,1.0,1
ENSG00000138080,-0.26463124,-0.4436975,0.9876216,1.0,1
ENSG00000138081,1.6003065,1.4988617,0.9191117,1.0,1
ENSG00000138085,1.95468,2.12827,0.91784656,1.0,1
ENSG00000138092,1.376446,1.731347,0.9213224,1.0,1
ENSG00000138092,1.3522598,1.731347,0.9261477,0.60303515,1
ENSG00000138095,1.7235639,2.1406024,0.9168891,1.0,1
ENSG00000138095,1.7150863,2.1406024,0.93231523,1.0,1
ENSG00000138095,1.7515733,2.1406024,0.9249315,1.0,1
ENSG00000138095,1.6798397,2.1406024,0.92027545,1.0,1
ENSG00000138095,1.7117664,2.1406024,0.92569387,1.0,1
ENSG00000138101,0.6005347,0.1271048,0.9648234,1.0,1
ENSG00000138101,0.43143868,0.1271048,0.9594895,1.0,1
ENSG00000138356,-0.4149882,-0.7447275,0.9842589,1.0,1
ENSG00000138363,1.4382831,2.0111897,0.90618753,1.0,1
ENSG00000138375,0.8915683,1.349666,0.9229069,1.0,1
ENSG00000138375,0.84921813,1.349666,0.86417586,0.94951236,1
ENSG00000138376,1.2467171,0.9334873,0.9109148,1.0,1
ENSG00000138376,1.181578,0.9334873,0.9123726,1.0,1
ENSG00000138376,1.2813315,0.9334873,0.9314473,1.0,1
ENSG00000138376,1.1261191,0.9334873,0.8906939,0.87261146,1
ENSG00000138376,1.1810336,0.9334873,0.77690965,1.0,1
ENSG00000138378,0.16276407,-0.92081875,0.925465,1.0,1
ENSG00000138380,1.2168089,0.5599066,0.7664826,1.0,1
ENSG00000138380,1.2422621,0.5599066,0.93460935,1.0,1
ENSG00000138380,1.2555207,0.5599066,0.8802664,0.0,1
ENSG00000138380,1.2454004,0.5599066,0.8802942,0.12719299,1
ENSG00000138380,1.2422621,0.5599066,0.93460935,0.9754902,1
ENSG00000138380,1.2341785,0.5599066,0.8204667,1.0,1
ENSG00000138380,1.269454,0.5599066,0.94276774,0.6271777,1
ENSG00000138380,1.2256402,0.5599066,0.8790073,0.0,1
ENSG00000138381,0.77373135,1.3003781,0.7733895,1.0,1
ENSG00000138381,0.77921677,1.3003781,0.95559764,1.0,1
ENSG00000138382,2.0137007,2.1152444,0.9274869,1.0,1
ENSG00000138385,1.3199835,2.4353347,0.93453544,1.0,1
ENSG00000138386,1.2555336,1.2129862,0.91751015,1.0,1
ENSG00000138386,1.2481453,1.2129862,0.9257101,1.0,1
ENSG00000138386,1.2832028,1.2129862,0.8938983,1.0,1
ENSG00000138386,1.1877989,1.2129862,0.884495,1.0,1
ENSG00000138386,1.256136,1.2129862,0.8582771,1.0,1
ENSG00000138386,1.256136,1.2129862,0.8582771,1.0,1
ENSG00000138386,1.2245865,1.2129862,0.9318496,1.0,1
ENSG00000138386,1.2772666,1.2129862,0.8922134,1.0,1
ENSG00000138386,1.2202288,1.2129862,0.87716997,0.97722095,1
ENSG00000138398,1.4191545,1.9762124,0.9111891,1.0,1
ENSG00000138398,1.3823322,1.9762124,0.83182347,0.93984795,1
ENSG00000138399,0.9793894,1.9340438,0.92550635,1.0,1
ENSG00000138399,1.0239825,1.9340438,0.83154184,0.76833487,1
ENSG00000138399,0.99771416,1.9340438,0.90357095,0.91881496,1
ENSG00000138411,-0.35274163,-0.32790214,0.9535521,1.0,1
ENSG00000138411,-0.36095223,-0.32790214,0.98432434,1.0,1
ENSG00000138413,1.1943251,1.8581159,0.9593943,1.0,1
ENSG00000138430,1.4546058,2.3815482,0.8827899,1.0,1
ENSG00000138430,1.452068,2.3815482,0.9225828,1.0,1
ENSG00000138430,1.4795897,2.3815482,0.91562825,1.0,1
ENSG00000138430,1.4910363,2.3815482,0.92620015,1.0,1
ENSG00000138430,1.5266248,2.3815482,0.90485144,0.57125014,1
ENSG00000138433,0.9923661,1.1212314,0.9404209,1.0,1
ENSG00000138433,1.0052319,1.1212314,0.93457043,1.0,1
ENSG00000138433,0.98449683,1.1212314,0.90946954,1.0,1
ENSG00000138433,0.9876963,1.1212314,0.8389566,1.0,1
ENSG00000138433,0.993417,1.1212314,0.85629034,1.0,1
ENSG00000138433,1.0764424,1.1212314,0.70000935,1.0,1
ENSG00000138433,1.0650228,1.1212314,0.87488025,1.0,1
ENSG00000138433,0.98223126,1.1212314,0.9391991,1.0,1
ENSG00000138434,0.9652364,1.5533975,0.8555249,1.0,1
ENSG00000138434,1.0532589,1.5533975,0.88881814,0.94389206,1
ENSG00000138434,0.9486022,1.5533975,0.8990762,0.7046632,1
ENSG00000138434,0.9950588,1.5533975,0.86715513,0.7635422,1
ENSG00000138439,0.34416446,0.23804611,0.9803719,1.0,1
ENSG00000138442,1.1830052,2.2621899,0.92780256,1.0,1
ENSG00000138443,0.9931915,1.0860037,0.9372933,1.0,1
ENSG00000138443,0.8934593,1.0860037,0.9056718,1.0,1
ENSG00000138443,0.85435915,1.0860037,0.97135115,1.0,1
ENSG00000138443,0.83984184,1.0860037,0.96273935,0.023201857,1
ENSG00000138443,0.8787328,1.0860037,0.96482533,0.14430894,1
ENSG00000138443,0.93158245,1.0860037,0.42044014,0.005976096,1
ENSG00000138443,0.892555,1.0860037,0.9059939,0.96893203,1
ENSG00000138443,0.9132626,1.0860037,0.9296714,0.005976096,1
ENSG00000138443,0.85678506,1.0860037,0.82998455,0.82509506,1
ENSG00000138448,1.1570921,1.1010593,0.9327173,1.0,1
ENSG00000138449,0.941146,1.5110809,0.9490139,1.0,1
ENSG00000139044,0.27913967,-0.537602,0.88807327,1.0,1
ENSG00000139044,0.20397721,-0.537602,0.9736989,1.0,1
ENSG00000139044,0.11061603,-0.537602,0.9830247,1.0,1
ENSG00000139083,0.46607578,0.45636603,0.91229945,1.0,1
ENSG00000139112,1.1502918,1.0476642,0.9422855,1.0,1
ENSG00000139112,1.139068,1.0476642,0.9466648,1.0,1
ENSG00000139116,0.97249794,1.2638726,0.9450874,1.0,1
ENSG00000139116,1.123139,1.2638726,0.9202914,1.0,1
ENSG00000139116,0.97719705,1.2638726,0.9420061,1.0,1
ENSG00000139116,1.1033709,1.2638726,0.75837827,0.005291005,1
ENSG00000139116,1.0503414,1.2638726,0.9100259,0.38004947,1
ENSG00000139116,1.178336,1.2638726,0.50440466,0.03730738,1
ENSG00000139116,1.1227705,1.2638726,0.9316118,0.9459459,1
ENSG00000139116,1.1141324,1.2638726,0.7723459,0.01048218,1
ENSG00000139131,1.0555004,1.4364806,0.8769293,1.0,1
ENSG00000139133,0.49531242,1.0809871,0.98395026,1.0,1
ENSG00000139133,0.49531242,1.0809871,0.98395026,1.0,1
ENSG00000139146,1.2038666,1.8637391,0.92665774,1.0,1
ENSG00000139146,1.2038666,1.8637391,0.92665774,1.0,1
ENSG00000139154,0.8507136,0.854913,0.9659879,1.0,1
ENSG00000139160,0.7801691,-0.055517327,0.8967538,1.0,1
ENSG00000139160,0.74301445,-0.055517327,0.92423403,1.0,1
ENSG00000139163,1.3160845,1.4116197,0.9257686,1.0,1
ENSG00000139163,1.2540568,1.4116197,0.92599976,1.0,1
ENSG00000139163,1.2471449,1.4116197,0.8851916,1.0,1
ENSG00000139163,1.2744628,1.4116197,0.84416044,1.0,1
ENSG00000139163,1.2680962,1.4116197,0.81218946,0.0,1
ENSG00000139168,1.1664716,1.447778,0.9231703,1.0,1
ENSG00000139173,0.49225554,-0.1426675,0.8999153,1.0,1
ENSG00000139173,0.42477724,-0.1426675,0.96845925,1.0,1
ENSG00000139173,0.49451867,-0.1426675,0.9562093,1.0,1
ENSG00000139174,-0.005706832,-0.17392519,0.9732834,1.0,1
ENSG00000139178,0.67870617,0.7185017,0.9667864,1.0,1
ENSG00000139180,1.3454393,1.8949803,0.9099578,1.0,1
ENSG00000139180,1.3931452,1.8949803,0.4494336,0.85535055,1
ENSG00000139182,1.063998,1.3104808,0.9222136,1.0,1
ENSG00000139182,1.0368098,1.3104808,0.939982,1.0,1
ENSG00000139182,1.0781072,1.3104808,0.91081846,1.0,1
ENSG00000139187,-0.16511567,0.37106785,0.9683043,1.0,1
ENSG00000139190,1.215503,0.8280151,0.910128,1.0,1
ENSG00000139190,1.1968935,0.8280151,0.90590495,1.0,1
ENSG00000139190,1.2900165,0.8280151,0.9507416,1.0,1
ENSG00000139190,1.3174664,0.8280151,0.9189187,1.0,1
ENSG00000139192,0.64041996,-0.36653155,0.96002597,1.0,1
ENSG00000139192,0.6011199,-0.36653155,0.9645779,1.0,1
ENSG00000139192,0.52597845,-0.36653155,0.9699177,1.0,1
ENSG00000139192,0.59949374,-0.36653155,0.9709329,1.0,1
ENSG00000139194,1.0343145,0.92737037,0.9503902,1.0,1
ENSG00000139197,1.1657344,1.1152776,0.76879793,1.0,1
ENSG00000139197,1.123382,1.1152776,0.9397683,0.392,1
ENSG00000139218,1.1503297,1.6919651,0.93044215,1.0,1
ENSG00000139233,1.2410628,1.177825,0.9297748,1.0,1
ENSG00000139263,-0.127286,-0.7695511,0.969509,1.0,1
ENSG00000139266,1.0943744,0.8318698,0.97379225,1.0,1
ENSG00000139278,-0.25532106,-0.55284196,0.9886919,1.0,1
ENSG00000139278,-0.25532106,-0.55284196,0.9886919,1.0,1
ENSG00000139278,-0.29702905,-0.55284196,0.98916304,1.0,1
ENSG00000139278,-0.29702905,-0.55284196,0.98916304,1.0,1
ENSG00000139278,-0.22497854,-0.55284196,0.9510145,1.0,1
ENSG00000139291,1.2426996,1.1619666,0.9282224,1.0,1
ENSG00000139291,1.243899,1.1619666,0.7958412,1.0,1
ENSG00000139323,1.2317523,1.0802656,0.92251784,1.0,1
ENSG00000139323,1.1730367,1.0802656,0.88094187,1.0,1
ENSG00000139323,1.2129376,1.0802656,0.51672554,0.16414687,1
ENSG00000139323,1.1511787,1.0802656,0.90344226,0.79913604,1
ENSG00000139324,0.8954929,0.69108146,0.9252586,1.0,1
ENSG00000139324,0.8997606,0.69108146,0.8837411,1.0,1
ENSG00000139324,0.8391341,0.69108146,0.9434176,1.0,1
ENSG00000139324,0.8382385,0.69108146,0.943085,1.0,1
ENSG00000139324,0.89812994,0.69108146,0.93674934,0.53318584,1
ENSG00000139343,1.6777955,1.5625308,0.8762399,1.0,1
ENSG00000139350,1.1695591,1.3213912,0.8992797,1.0,1
ENSG00000139350,1.1963943,1.3213912,0.90388894,0.9693356,1
ENSG00000139351,0.24582794,-0.69897,0.9768215,1.0,1
ENSG00000139354,0.18425208,0.30103,0.9804285,1.0,1
ENSG00000139370,0.9643699,1.2070955,0.9546375,1.0,1
ENSG00000139370,0.9717053,1.2070955,0.93639797,0.65,1
ENSG00000139372,1.5014893,1.6894865,0.93124384,1.0,1
ENSG00000139372,1.5298604,1.6894865,0.909443,0.00046189377,1
ENSG00000139372,1.4824693,1.6894865,0.920087,0.990389,1
ENSG00000139372,1.4929127,1.6894865,0.9140185,0.9840973,1
ENSG00000139405,1.4806937,1.1492192,0.90660733,1.0,1
ENSG00000139405,1.4776928,1.1492192,0.91807276,1.0,1
ENSG00000139405,1.5045109,1.1492192,0.9103679,0.99482757,1
ENSG00000139405,1.50074,1.1492192,0.9232815,0.96103895,1
ENSG00000139410,1.1130612,0.91592723,0.94164896,1.0,1
ENSG00000139428,1.802828,1.595386,0.8711747,1.0,1
ENSG00000139428,1.8794008,1.595386,0.9190626,0.9215407,1
ENSG00000139433,0.3793728,0.5976952,0.94069976,1.0,1
ENSG00000139433,0.2783936,0.5976952,0.9840432,0.093333334,1
ENSG00000139436,1.0550016,1.360404,0.9624299,1.0,1
ENSG00000139436,1.0613825,1.360404,0.9545493,0.9881188,1
ENSG00000139436,1.0735708,1.360404,0.95341355,0.9960396,1
ENSG00000139436,1.0765744,1.360404,0.7845765,0.0023640662,1
ENSG00000139436,1.0890965,1.360404,0.95173234,0.99527186,1
ENSG00000139437,1.155413,1.0534626,0.95981026,1.0,1
ENSG00000139437,1.2095214,1.0534626,0.9505872,1.0,1
ENSG00000139438,0.29793182,-0.85387194,0.96765554,1.0,1
ENSG00000139531,1.2760025,1.3984609,0.800099,1.0,1
ENSG00000139531,1.2908171,1.3984609,0.85656637,0.75310034,1
ENSG00000139531,1.252904,1.3984609,0.90078115,0.41454864,1
ENSG00000139540,1.1198431,-0.69897,0.97137266,1.0,1
ENSG00000139546,1.8859903,1.5749568,0.9101275,1.0,1
ENSG00000139546,1.8601462,1.5749568,0.89084953,1.0,1
ENSG00000139546,1.8760312,1.5749568,0.93086344,1.0,1
ENSG00000139547,-0.40282795,-0.34678748,0.988836,1.0,1
ENSG00000139579,1.7764792,1.6471874,0.84749454,1.0,1
ENSG00000139613,1.3221928,1.6319509,0.92246705,1.0,1
ENSG00000139613,1.3376628,1.6319509,0.8992265,0.9620438,1
ENSG00000139613,1.376366,1.6319509,0.9382659,0.35400516,1
ENSG00000139620,1.3509947,1.6909045,0.8952813,1.0,1
ENSG00000139620,1.3089684,1.6909045,0.9032207,1.0,1
ENSG00000139620,1.3392925,1.6909045,0.91561365,0.92889136,1
ENSG00000139624,1.3908458,1.5384481,0.9438442,1.0,1
ENSG00000139624,1.4176072,1.5384481,0.87596047,1.0,1
ENSG00000139624,1.508945,1.5384481,0.8738178,0.13030832,1
ENSG00000139624,1.457091,1.5384481,0.8931952,0.99424297,1
ENSG00000139624,1.4578406,1.5384481,0.7054928,0.871042,1
ENSG00000139624,1.3783256,1.5384481,0.9355027,1.0,1
ENSG00000139624,1.4635347,1.5384481,0.8857038,0.116637066,1
ENSG00000139625,0.87231755,0.20139712,0.96800494,1.0,1
ENSG00000139626,-0.3749882,0.029383779,0.9861736,1.0,1
ENSG00000139629,1.0709697,0.7937904,0.9473269,1.0,1
ENSG00000139629,1.0454422,0.7937904,0.8794117,1.0,1
ENSG00000139629,1.0291086,0.7937904,0.94254297,0.89329267,1
ENSG00000139631,1.4725515,1.2622137,0.9159438,1.0,1
ENSG00000139636,1.4220031,1.7886633,0.91486686,1.0,1
ENSG00000139636,1.4317151,1.7886633,0.9323998,1.0,1
ENSG00000139636,1.4314059,1.7886633,0.9381925,1.0,1
ENSG00000139636,1.4396808,1.7886633,0.94622785,1.0,1
ENSG00000139636,1.4026048,1.7886633,0.8699165,1.0,1
ENSG00000139636,1.4729928,1.7886633,0.93900293,1.0,1
ENSG00000139636,1.4725426,1.7886633,0.8497019,0.9653938,1
ENSG00000139636,1.4532263,1.7886633,0.9331088,0.3025862,1
ENSG00000139636,1.4841812,1.7886633,0.9163267,0.056279622,1
ENSG00000139637,0.44147268,0.6117233,0.98235345,1.0,1
ENSG00000139637,0.50146216,0.6117233,0.97585833,1.0,1
ENSG00000139637,0.49443722,0.6117233,0.9691353,0.972973,1
ENSG00000139641,1.5027474,2.1837254,0.90463376,1.0,1
ENSG00000139644,1.6016744,2.473487,0.9081682,1.0,1
ENSG00000139645,0.7260164,0.92582756,0.96480143,1.0,1
ENSG00000139651,1.1341991,1.4324882,0.9524339,1.0,1
ENSG00000139697,1.6390759,1.3342526,0.77145857,1.0,1
ENSG00000139714,0.114399076,-0.52287877,0.9776654,1.0,1
ENSG00000139714,0.059028212,-0.52287877,0.97938377,1.0,1
ENSG00000139718,0.94972193,-0.07572071,0.93091965,1.0,1
ENSG00000139719,1.2000164,1.2108533,0.94791263,1.0,1
ENSG00000139719,1.1540915,1.2108533,0.9419123,0.61228603,1
ENSG00000139722,1.6120468,1.0685569,0.86730844,1.0,1
ENSG00000139722,1.6130909,1.0685569,0.9234842,1.0,1
ENSG00000139725,0.60228825,0.61278385,0.9627923,1.0,1
ENSG00000139725,0.6379026,0.61278385,0.9640381,1.0,1
ENSG00000139725,0.6712297,0.61278385,0.9713722,1.0,1
ENSG00000139726,1.641842,1.5540043,0.8718891,1.0,1
ENSG00000139726,1.7094151,1.5540043,0.5534666,1.0,1
ENSG00000139726,1.7221535,1.5540043,0.93647933,1.0,1
ENSG00000142327,1.3509365,0.7909885,0.92717004,1.0,1
ENSG00000142330,1.1373314,0.95279247,0.68834645,1.0,1
ENSG00000142330,1.136647,0.95279247,0.6316511,1.0,1
ENSG00000142330,1.1403216,0.95279247,0.8180388,0.09266409,1
ENSG00000142330,1.0517969,0.95279247,0.954064,1.0,1
ENSG00000143727,1.7812464,2.1746702,0.93392396,1.0,1
ENSG00000143727,1.7834,2.1746702,0.9313526,1.0,1
ENSG00000143727,1.8133491,2.1746702,0.9321677,1.0,1
ENSG00000143727,1.8153541,2.1746702,0.94480735,1.0,1
ENSG00000143727,1.8626667,2.1746702,0.94152844,1.0,1
ENSG00000143727,1.8274331,2.1746702,0.84046465,0.32360098,1
ENSG00000143727,1.7618688,2.1746702,0.8990458,0.9009593,1
ENSG00000143797,1.1543592,1.9423058,0.83847994,1.0,1
ENSG00000143870,1.1004827,2.217247,0.912648,1.0,1
ENSG00000143870,1.2428463,2.217247,0.8699006,0.0037619076,1
ENSG00000143882,-0.39731687,-0.85387194,0.98593444,1.0,1
ENSG00000143882,-0.36692074,-0.85387194,0.9646744,1.0,1
ENSG00000143882,-0.3397215,-0.85387194,0.97680306,1.0,1
ENSG00000143889,1.0492889,1.9645425,0.9446104,1.0,1
ENSG00000143889,1.0254761,1.9645425,0.9296911,1.0,1
ENSG00000143891,0.5469744,1.5017437,0.94175124,1.0,1
ENSG00000143919,1.4201745,0.968483,0.88234746,1.0,1
ENSG00000143919,1.432966,0.968483,0.88023835,1.0,1
ENSG00000143924,1.0889696,1.5285311,0.9164964,1.0,1
ENSG00000143924,1.0559331,1.5285311,0.91084003,0.96640587,1
ENSG00000143933,1.653459,2.332095,0.9246368,1.0,1
ENSG00000143933,1.6295295,2.332095,0.9293702,1.0,1
ENSG00000143933,1.5750935,2.332095,0.9267083,1.0,1
ENSG00000143933,1.5916723,2.332095,0.8019147,1.0,1
ENSG00000143933,1.5916723,2.332095,0.8019147,1.0,1
ENSG00000143933,1.6147214,2.332095,0.8716083,0.003452381,1
ENSG00000143942,1.4937261,0.9614211,0.68163997,1.0,1
ENSG00000143951,0.79909754,0.61909336,0.90735316,1.0,1
ENSG00000143951,0.78297246,0.61909336,0.91522515,0.704,1
ENSG00000143951,0.78917134,0.61909336,0.9466818,0.18340611,1
ENSG00000143952,1.4728771,1.1970047,0.67992675,1.0,1
ENSG00000143952,1.5790766,1.1970047,0.90787953,0.16591422,1
ENSG00000143952,1.4213847,1.1970047,0.78344476,0.97564274,1
ENSG00000143970,0.5015118,1.1061909,0.93163484,1.0,1
ENSG00000143971,0.87388873,0.84323275,0.94611454,1.0,1
ENSG00000143971,0.8081229,0.84323275,0.9296856,1.0,1
ENSG00000143971,0.848096,0.84323275,0.9379187,1.0,1
ENSG00000143971,0.82478106,0.84323275,0.9245613,1.0,1
ENSG00000143977,1.7132205,2.557411,0.9415075,1.0,1
ENSG00000143977,1.7494274,2.557411,0.84683645,1.0,1
ENSG00000143977,1.7494274,2.557411,0.84683645,1.0,1
ENSG00000143977,1.7494274,2.557411,0.84683645,0.9324989,1
ENSG00000143994,0.11692621,-0.61978877,0.9773337,1.0,1
ENSG00000144021,1.3894361,1.9440383,0.93896437,1.0,1
ENSG00000144021,1.3880621,1.9440383,0.9327784,1.0,1
ENSG00000144021,1.3617574,1.9440383,0.948319,1.0,1
ENSG00000144021,1.3760414,1.9440383,0.93029195,1.0,1
ENSG00000144021,1.3588872,1.9440383,0.8936092,1.0,1
ENSG00000144021,1.3636823,1.9440383,0.94082624,1.0,1
ENSG00000144021,1.3740402,1.9440383,0.9345209,0.77730757,1
ENSG00000144026,0.8633467,1.193959,0.9372051,1.0,1
ENSG00000144026,0.8205265,1.193959,0.931301,1.0,1
ENSG00000144028,1.3211123,2.183099,0.9380017,1.0,1
ENSG00000144028,1.3366648,2.183099,0.92561364,0.002232475,1
ENSG00000144034,1.0235369,1.7953933,0.93198556,1.0,1
ENSG00000144036,0.31325632,0.15228835,0.96102625,1.0,1
ENSG00000144040,1.6833587,1.2046626,0.90087575,1.0,1
ENSG00000144040,1.6961979,1.2046626,0.9282687,0.034210525,1
ENSG00000144040,1.683389,1.2046626,0.8841015,0.778022,1
ENSG00000144040,1.7222794,1.2046626,0.86620194,0.9750567,1
ENSG00000144040,1.7180856,1.2046626,0.58518565,0.025761124,1
ENSG00000144043,1.2864628,1.7659664,0.886556,1.0,1
ENSG00000144043,1.3054591,1.7659664,0.94080526,1.0,1
ENSG00000144043,1.3054591,1.7659664,0.94080526,1.0,1
ENSG00000144043,1.3153917,1.7659664,0.9568681,0.9393325,1
ENSG00000144048,1.2136344,1.3271545,0.93363285,1.0,1
ENSG00000144118,1.3390747,1.66483,0.9175616,1.0,1
ENSG00000144130,1.1681617,0.61278385,0.9671099,1.0,1
ENSG00000144130,1.1544033,0.61278385,0.9558723,1.0,1
ENSG00000144130,1.1365353,0.61278385,0.9254909,1.0,1
ENSG00000144130,1.0915431,0.61278385,0.9419484,1.0,1
ENSG00000144134,0.17998399,0.6434527,0.9851046,1.0,1
ENSG00000144136,1.3557512,1.9937888,0.9376998,1.0,1
ENSG00000144161,1.4548002,0.9278834,0.94372165,1.0,1
ENSG00000144182,0.8950726,1.0867157,0.8649936,0.17594936,1
ENSG00000144199,0.28948426,1.2281436,0.9697515,1.0,1
ENSG00000144224,1.2676919,1.9483151,0.93678206,1.0,1
ENSG00000144224,1.212289,1.9483151,0.9011903,1.0,1
ENSG00000144224,1.242623,1.9483151,0.9181442,0.51618737,1
ENSG00000144228,0.9197389,0.6560982,0.9347774,1.0,1
ENSG00000144231,1.0863864,1.61878,0.89725995,1.0,1
ENSG00000144231,1.232602,1.61878,0.860362,0.44040555,1
ENSG00000144231,1.0863864,1.61878,0.89725995,0.95606256,1
ENSG00000144233,-0.17393392,0.8247765,0.9834661,1.0,1
ENSG00000144283,1.2872952,1.7081659,0.64785755,1.0,1
ENSG00000144283,1.2815224,1.7081659,0.8999754,0.7247088,1
ENSG00000144283,1.2705792,1.7081659,0.85037,0.74196076,1
ENSG00000144306,0.53692627,1.0881361,0.9517745,1.0,1
ENSG00000144306,0.5185313,1.0881361,0.9549315,1.0,1
ENSG00000144306,0.5549439,1.0881361,0.9569863,0.9485646,1
ENSG00000144320,1.7845577,1.4331295,0.90639275,1.0,1
ENSG00000144320,1.7826158,1.4331295,0.68072796,0.04285049,1
ENSG00000144354,1.1107862,1.980912,0.9249724,1.0,1
ENSG00000144354,1.1775359,1.980912,0.9416316,0.9986503,1
ENSG00000144354,1.1699632,1.980912,0.90063864,0.12868,1
ENSG00000144354,1.172871,1.980912,0.9005567,0.0,1
ENSG00000144354,1.1813093,1.980912,0.9326934,0.9874893,1
ENSG00000144381,1.0208166,2.5907862,0.9455086,1.0,1
ENSG00000144395,0.6641624,1.2084414,0.9597002,1.0,1
ENSG00000144401,1.1459897,1.4247184,0.91439766,1.0,1
ENSG00000144445,0.747223,0.6803355,0.951458,1.0,1
ENSG00000144445,0.7452189,0.6803355,0.95257753,1.0,1
ENSG00000144468,1.0684471,1.3993275,0.8343211,1.0,1
ENSG00000144468,1.119936,1.3993275,0.8362345,1.0,1
ENSG00000144468,1.1904591,1.3993275,0.7303371,1.0,1
ENSG00000144468,1.1904591,1.3993275,0.7303371,1.0,1
ENSG00000144468,1.0662229,1.3993275,0.9304624,1.0,1
ENSG00000144485,1.1229,1.5031095,0.9661154,1.0,1
ENSG00000144485,1.1017348,1.5031095,0.97072786,0.993865,1
ENSG00000144488,-0.104354,-0.82390875,0.966729,1.0,1
ENSG00000144504,1.3785866,1.1122698,0.89425915,1.0,1
ENSG00000144504,1.3561723,1.1122698,0.9250897,0.09848485,1
ENSG00000144504,1.3703183,1.1122698,0.90050024,0.84090906,1
ENSG00000144524,0.7259587,1.6443402,0.96602815,1.0,1
ENSG00000144524,0.82910764,1.6443402,0.9648923,1.0,1
ENSG00000144524,0.76765454,1.6443402,0.94504845,0.95001966,1
ENSG00000144524,0.7991712,1.6443402,0.83799857,0.041322313,1
ENSG00000144524,0.7380823,1.6443402,0.910243,0.0011231748,1
ENSG00000144535,0.97028124,0.57054293,0.8885164,1.0,1
ENSG00000144567,1.3048705,1.5022905,0.79986244,1.0,1
ENSG00000144567,1.2575524,1.5022905,0.89527065,1.0,1
ENSG00000144567,1.264638,1.5022905,0.92359227,1.0,1
ENSG00000144579,1.5662075,1.6488477,0.9032289,1.0,1
ENSG00000144580,1.336611,1.7729814,0.92857754,1.0,1
ENSG00000144580,1.4175764,1.7729814,0.85994846,0.023099652,1
ENSG00000144589,1.6716918,0.88479537,0.9123344,1.0,1
ENSG00000144591,1.6449212,1.9159799,0.93000656,1.0,1
ENSG00000149948,-0.40787154,-0.36653155,0.9809936,1.0,1
ENSG00000150938,-0.491721,-0.5850267,0.9840311,1.0,1
ENSG00000150938,-0.51614106,-0.5850267,0.9909183,1.0,1
ENSG00000150967,0.9261383,0.71349055,0.94864833,0.6142857,1
ENSG00000150977,0.6838666,0.53147894,0.96643674,1.0,1
ENSG00000150977,0.54967177,0.53147894,0.9641915,1.0,1
ENSG00000150990,0.66599154,0.8744818,0.96908855,1.0,1
ENSG00000151065,0.2994499,0.74272513,0.96784735,1.0,1
ENSG00000151065,0.21447454,0.74272513,0.9665353,1.0,1
ENSG00000151065,0.20773773,0.74272513,0.9315139,1.0,1
ENSG00000151131,1.1462682,1.133539,0.9317489,1.0,1
ENSG00000151131,1.1580658,1.133539,0.9515375,1.0,1
ENSG00000151135,1.3515365,1.4671639,0.84575856,1.0,1
ENSG00000151135,1.3791064,1.4671639,0.92868376,1.0,1
ENSG00000151135,1.3791064,1.4671639,0.92868376,1.0,1
ENSG00000151135,1.3791064,1.4671639,0.92868376,1.0,1
ENSG00000151135,1.3515365,1.4671639,0.84575856,0.3417466,1
ENSG00000151135,1.4571587,1.4671639,0.8947455,0.17813383,1
ENSG00000151135,1.4656377,1.4671639,0.75717986,0.058315333,1
ENSG00000151148,0.9987917,1.3106933,0.9008295,1.0,1
ENSG00000151148,0.9647323,1.3106933,0.9398059,0.9882507,1
ENSG00000151164,1.0816207,-0.45593196,0.9155957,1.0,1
ENSG00000151164,1.1140349,-0.45593196,0.91574043,1.0,1
ENSG00000151176,1.3468386,0.71933126,0.90154475,1.0,1
ENSG00000151176,1.3604743,0.71933126,0.93659085,1.0,1
ENSG00000151176,1.3979934,0.71933126,0.9198886,0.9662162,1
ENSG00000151229,0.5722774,0.770852,0.95146257,1.0,1
ENSG00000151229,0.56075287,0.770852,0.9539386,1.0,1
ENSG00000151233,1.2645829,0.7671559,0.9205383,1.0,1
ENSG00000151233,1.3242959,0.7671559,0.9182062,1.0,1
ENSG00000151233,1.2633703,0.7671559,0.8901594,0.7147826,1
ENSG00000151239,1.2015686,1.2177471,0.93625635,1.0,1
ENSG00000151239,1.1071055,1.2177471,0.9395953,1.0,1
ENSG00000151239,1.2281958,1.2177471,0.7699333,0.0,1
ENSG00000151239,1.239657,1.2177471,0.87539065,0.057666216,1
ENSG00000151353,2.1663938,1.2979792,0.8866196,1.0,1
ENSG00000151665,1.3780951,1.7770642,0.91249174,1.0,1
ENSG00000151665,1.2736173,1.7770642,0.94439083,0.7399518,1
ENSG00000151687,-0.33991727,-0.31875876,0.9872771,1.0,1
ENSG00000151689,-0.2819842,0.7075702,0.99113655,1.0,1
ENSG00000151690,-0.034994736,0.61700034,0.98634297,1.0,1
ENSG00000151692,1.1551698,0.9132839,0.8924349,1.0,1
ENSG00000151694,1.006024,0.98677176,0.8299018,1.0,1
ENSG00000151694,0.9635489,0.98677176,0.93491906,1.0,1
ENSG00000151694,0.9231211,0.98677176,0.8956459,1.0,1
ENSG00000151694,0.9482448,0.98677176,0.9408773,1.0,1
ENSG00000151743,1.5618649,1.3163898,0.92429537,1.0,1
ENSG00000151743,1.598995,1.3163898,0.8893759,1.0,1
ENSG00000151743,1.5984672,1.3163898,0.9137135,1.0,1
ENSG00000151743,1.5984672,1.3163898,0.9137135,1.0,1
ENSG00000151743,1.5900794,1.3163898,0.8581251,1.0,1
ENSG00000151743,1.5633026,1.3163898,0.92573327,1.0,1
ENSG00000151743,1.60126,1.3163898,0.9262146,0.88271606,1
ENSG00000151743,1.60126,1.3163898,0.9262146,0.36334196,1
ENSG00000151746,0.7562504,0.9804579,0.94683576,1.0,1
ENSG00000151746,0.77663875,0.9804579,0.94414645,1.0,1
ENSG00000151746,0.8084022,0.9804579,0.90748596,1.0,1
ENSG00000151746,0.7732316,0.9804579,0.940711,1.0,1
ENSG00000151746,0.7437639,0.9804579,0.95322955,1.0,1
ENSG00000151746,0.8003638,0.9804579,0.9432218,1.0,1
ENSG00000151746,0.81338215,0.9804579,0.91774875,1.0,1
ENSG00000151746,0.7458452,0.9804579,0.8626047,1.0,1
ENSG00000151779,0.7330754,1.6458151,0.92210937,1.0,1
ENSG00000151779,0.7372588,1.6458151,0.92414504,1.0,1
ENSG00000151779,0.75575995,1.6458151,0.9135365,1.0,1
ENSG00000151779,0.84803176,1.6458151,0.8833634,1.0,1
ENSG00000151779,0.67258286,1.6458151,0.9270265,0.93941844,1
ENSG00000151779,0.7366003,1.6458151,0.9292784,0.7257094,1
ENSG00000151779,0.72706103,1.6458151,0.9353536,0.0,1
ENSG00000152056,0.22568545,-0.30980393,0.97911775,1.0,1
ENSG00000152076,-0.10417959,0.14921911,0.98147315,1.0,1
ENSG00000152082,1.4220122,2.0530784,0.93876195,1.0,1
ENSG00000152082,1.468367,2.0530784,0.94110423,0.45897877,1
ENSG00000152102,1.7338231,1.6353832,0.7442486,1.0,1
ENSG00000152127,0.8681408,0.8254261,0.94541746,1.0,1
ENSG00000152128,0.72088826,-0.24412514,0.6518834,1.0,1
ENSG00000152128,0.603511,-0.24412514,0.9513547,1.0,1
ENSG00000152133,1.2951729,1.0899051,0.9412674,1.0,1
ENSG00000152133,1.3145733,1.0899051,0.9299446,1.0,1
ENSG00000152147,0.5513834,1.2643455,0.94182986,0.0,1
ENSG00000152147,0.5135592,1.2643455,0.9808152,0.8342451,1
ENSG00000152253,1.6470319,1.7322329,0.94257665,1.0,1
ENSG00000152253,1.7131296,1.7322329,0.93871593,1.0,1
ENSG00000152253,1.6824231,1.7322329,0.92526317,1.0,1
ENSG00000152253,1.6484269,1.7322329,0.8936785,1.0,1
ENSG00000152253,1.7606936,1.7322329,0.89239967,1.0,1
ENSG00000152256,1.843119,2.1176689,0.8676173,1.0,1
ENSG00000152256,1.7979949,2.1176689,0.837311,0.22713213,1
ENSG00000152284,0.09555213,-0.9586073,0.9546449,1.0,1
ENSG00000152291,0.9490905,1.5982432,0.8926822,1.0,1
ENSG00000152291,0.9490905,1.5982432,0.8926822,1.0,1
ENSG00000152291,0.95587623,1.5982432,0.93553257,1.0,1
ENSG00000152291,1.0069664,1.5982432,0.844532,1.0,1
ENSG00000152291,0.99445784,1.5982432,0.9156925,1.0,1
ENSG00000152292,1.9981328,-0.38721615,0.86326647,1.0,1
ENSG00000152556,0.8518889,1.4168068,0.96852344,0.00097276265,1
ENSG00000152683,1.5207508,1.4912215,0.91037947,1.0,1
ENSG00000152683,1.5672816,1.4912215,0.8880229,0.9926271,1
ENSG00000152683,1.5747161,1.4912215,0.6284259,0.977828,1
ENSG00000152683,1.5228636,1.4912215,0.6168613,0.14517406,1
ENSG00000152683,1.5724663,1.4912215,0.9054369,0.09057301,1
ENSG00000152683,1.5889586,1.4912215,0.76720303,0.8370861,1
ENSG00000152683,1.4977474,1.4912215,0.8340349,0.9651352,1
ENSG00000152689,0.88489366,0.033423755,0.49209434,1.0,1
ENSG00000152944,1.8738347,1.6620018,0.8987488,1.0,1
ENSG00000152944,1.8883582,1.6620018,0.9348465,0.95557076,1
ENSG00000153093,0.4939483,-0.28399664,0.9247571,1.0,1
ENSG00000153094,0.9766654,0.5899496,0.8333023,1.0,1
ENSG00000153094,1.0256399,0.5899496,0.86915356,1.0,1
ENSG00000153107,0.81501496,1.7555699,0.89935374,1.0,1
ENSG00000153107,0.79968846,1.7555699,0.93463355,1.0,1
ENSG00000153165,-0.44325906,-0.92081875,0.98856646,1.0,1
ENSG00000153165,-0.45110083,-0.92081875,0.9918881,1.0,1
ENSG00000153165,-0.48736063,-0.92081875,0.98451626,1.0,1
ENSG00000153179,1.5918444,1.2857822,0.9059655,1.0,1
ENSG00000153179,1.5853591,1.2857822,0.7762356,1.0,1
ENSG00000153179,1.5926923,1.2857822,0.894803,0.98282146,1
ENSG00000153201,0.5625832,1.3047059,0.9543313,1.0,1
ENSG00000153208,0.55762625,0.25042,0.95457584,1.0,1
ENSG00000153214,1.546451,1.0606978,0.9134379,1.0,1
ENSG00000153214,1.5778259,1.0606978,0.88801634,0.96893203,1
ENSG00000153561,1.0000367,1.3207692,0.96138465,1.0,1
ENSG00000153574,1.286026,1.2753114,0.9357358,1.0,1
ENSG00000153827,1.316013,1.7670816,0.8576084,1.0,1
ENSG00000153827,1.3562505,1.7670816,0.72687006,1.0,1
ENSG00000153827,1.3987148,1.7670816,0.86814415,1.0,1
ENSG00000153827,1.3452928,1.7670816,0.8734869,0.328232,1
ENSG00000153832,0.8051325,-0.013228266,0.94441503,1.0,1
ENSG00000154252,-0.53778553,-0.88605666,0.970909,1.0,1
ENSG00000154252,-0.5237236,-0.88605666,0.97141606,1.0,1
ENSG00000154518,1.5222117,3.2507079,0.9037561,1.0,1
ENSG00000155368,1.3110896,2.0240338,0.93949795,1.0,1
ENSG00000155368,1.2572831,2.0240338,0.95143574,0.00058468134,1
ENSG00000155368,1.3550663,2.0240338,0.91461885,0.004561778,1
ENSG00000155368,1.3034436,2.0240338,0.930031,0.0,1
ENSG00000155438,1.6830155,1.6143699,0.91715884,1.0,1
ENSG00000155636,0.82452774,1.0845762,0.96060455,1.0,1
ENSG00000155729,0.9343065,0.36921585,0.96472687,1.0,1
ENSG00000155744,1.5232422,1.0334238,0.918557,1.0,1
ENSG00000155744,1.5034034,1.0334238,0.9226198,1.0,1
ENSG00000155744,1.5127919,1.0334238,0.91264755,1.0,1
ENSG00000155744,1.5217546,1.0334238,0.91829777,0.24071322,1
ENSG00000155744,1.5047432,1.0334238,0.7277611,0.24071322,1
ENSG00000155749,-0.50948215,-0.56863624,0.9864362,1.0,1
ENSG00000155755,-0.25620124,1.154424,0.9802217,1.0,1
ENSG00000155755,-0.24282047,1.154424,0.98834676,1.0,1
ENSG00000155755,-0.13446996,1.154424,0.9828073,1.0,1
ENSG00000155755,-0.10828055,1.154424,0.98160326,1.0,1
ENSG00000155755,-0.28187504,1.154424,0.9794819,1.0,1
ENSG00000155755,-0.21578203,1.154424,0.89796984,1.0,1
ENSG00000155957,1.1287106,1.6821451,0.66371155,1.0,1
ENSG00000155957,1.1079614,1.6821451,0.77156067,0.98955226,1
ENSG00000155957,1.0939436,1.6821451,0.8297527,0.9916418,1
ENSG00000155980,0.6172136,1.1464381,0.9778522,1.0,1
ENSG00000155980,0.61068463,1.1464381,0.97188044,1.0,1
ENSG00000156973,0.79415226,0.99782306,0.9454032,1.0,1
ENSG00000157827,0.15570948,-0.60206,0.9731959,1.0,1
ENSG00000157827,0.2802023,-0.60206,0.95362735,1.0,1
ENSG00000157833,0.7956041,0.587711,0.9664255,1.0,1
ENSG00000157833,0.7858044,0.587711,0.9685698,1.0,1
ENSG00000157833,0.786932,0.587711,0.9576242,1.0,1
ENSG00000157837,1.2713879,0.7535831,0.921646,1.0,1
ENSG00000157895,1.0021286,0.9116902,0.9522225,1.0,1
ENSG00000157895,1.0156407,0.9116902,0.9453605,1.0,1
ENSG00000157895,1.027831,0.9116902,0.90467244,0.11241218,1
ENSG00000157992,0.23782068,0.1271048,0.9775628,1.0,1
ENSG00000158019,1.5935559,1.2789822,0.77728486,1.0,1
ENSG00000158019,1.7045821,1.2789822,0.87257946,1.0,1
ENSG00000158019,1.566657,1.2789822,0.88174963,0.08649553,1
ENSG00000158019,1.5240877,1.2789822,0.85046405,0.070913464,1
ENSG00000158019,1.5155243,1.2789822,0.8993829,0.0686747,1
ENSG00000158023,-0.51613116,1.2177471,0.9879439,1.0,1
ENSG00000158023,-0.51613116,1.2177471,0.9879439,1.0,1
ENSG00000158023,-0.4956396,1.2177471,0.9873854,1.0,1
ENSG00000158050,-0.46368274,-0.92081875,0.9923269,1.0,1
ENSG00000158050,-0.47677866,-0.92081875,0.9877989,1.0,1
ENSG00000158104,-0.20715033,-0.88605666,0.97851884,1.0,1
ENSG00000158158,0.7389107,0.5998831,0.9480804,1.0,1
ENSG00000158158,0.7388084,0.5998831,0.96262527,1.0,1
ENSG00000158411,1.3444418,1.3226327,0.8549579,1.0,1
ENSG00000158417,1.3812656,1.408918,0.9387827,1.0,1
ENSG00000158435,1.3643883,1.876968,0.86447644,1.0,1
ENSG00000158552,1.2320561,1.3527611,0.9478195,1.0,1
ENSG00000159335,1.7381839,1.7976829,0.9503378,1.0,1
ENSG00000159335,1.7502259,1.7976829,0.95408446,1.0,1
ENSG00000159374,0.3667709,-0.82390875,0.97627777,1.0,1
ENSG00000159374,0.40792307,-0.82390875,0.97886616,1.0,1
ENSG00000159399,1.3897266,1.5694909,0.931105,1.0,1
ENSG00000159403,-0.12577602,-0.27572414,0.98322415,1.0,1
ENSG00000159403,-0.17080203,-0.27572414,0.9865356,1.0,1
ENSG00000159403,-0.20795316,-0.27572414,0.9884836,1.0,1
ENSG00000161638,1.4796181,1.8184239,0.9227052,1.0,1
ENSG00000161642,0.3170132,0.97034687,0.98279977,1.0,1
ENSG00000161642,0.3170132,0.97034687,0.98279977,1.0,1
ENSG00000161642,0.3074601,0.97034687,0.98065805,0.9419355,1
ENSG00000161791,0.84699833,0.7489629,0.91737187,1.0,1
ENSG00000161791,0.8067484,0.7489629,0.9536472,0.27094972,1
ENSG00000161813,1.1299115,1.5618167,0.82640254,1.0,1
ENSG00000161813,1.1542697,1.5618167,0.8124201,0.19802445,1
ENSG00000161813,1.2288016,1.5618167,0.9112935,0.9883408,1
ENSG00000161813,1.117757,1.5618167,0.9203011,0.96921074,1
ENSG00000161835,-0.1846138,-0.08618615,0.9775114,1.0,1
ENSG00000161835,-0.15259564,-0.08618615,0.9780002,1.0,1
ENSG00000161835,-0.16670647,-0.08618615,0.980739,1.0,1
ENSG00000162869,1.4830722,1.0762763,0.8412357,1.0,1
ENSG00000162869,1.4426637,1.0762763,0.81632525,0.9591837,1
ENSG00000162869,1.4371605,1.0762763,0.58424234,0.9138322,1
ENSG00000162878,-0.29957336,1.1743506,0.98717505,1.0,1
ENSG00000162878,-0.24468651,1.1743506,0.98862326,1.0,1
ENSG00000162878,-0.28990805,1.1743506,0.97453636,1.0,1
ENSG00000162878,-0.30404964,1.1743506,0.9899594,1.0,1
ENSG00000162878,-0.28711274,1.1743506,0.9915001,1.0,1
ENSG00000162924,1.2082689,0.6963564,0.9042082,1.0,1
ENSG00000162924,1.2067031,0.6963564,0.9129352,0.5,1
ENSG00000162927,1.1942952,0.85064626,0.912692,1.0,1
ENSG00000162928,0.8905524,1.3279716,0.93139005,1.0,1
ENSG00000162929,1.3371873,0.7331973,0.94669527,1.0,1
ENSG00000162929,1.3596047,0.7331973,0.82549554,0.6365915,1
ENSG00000162929,1.367678,0.7331973,0.9291631,0.97243106,1
ENSG00000162959,0.98477876,1.6905504,0.8919562,0.9353838,1
ENSG00000162959,0.9838015,1.6905504,0.9361867,0.98249197,1
ENSG00000162961,1.2786062,2.0017338,0.8975685,1.0,1
ENSG00000162971,0.79613006,0.61384183,0.9528897,1.0,1
ENSG00000162971,0.7795702,0.61384183,0.95481145,1.0,1
ENSG00000162971,0.8657981,0.61384183,0.9418031,0.52492666,1
ENSG00000162971,0.9137405,0.61384183,0.93963486,0.49720672,1
ENSG00000162971,0.8971994,0.61384183,0.9476248,0.64285713,1
ENSG00000162972,1.3912152,1.2219356,0.9396159,1.0,1
ENSG00000162972,1.3367882,1.2219356,0.669078,1.0,1
ENSG00000162972,1.3186907,1.2219356,0.9013929,1.0,1
ENSG00000162972,1.3383697,1.2219356,0.9403022,1.0,1
ENSG00000162976,1.3411261,1.3743817,0.805546,1.0,1
ENSG00000162976,1.3517482,1.3743817,0.9236431,1.0,1
ENSG00000162976,1.4474381,1.3743817,0.9049719,1.0,1
ENSG00000162976,1.373909,1.3743817,0.9274792,0.94198626,1
ENSG00000162976,1.3472625,1.3743817,0.81116974,0.5866503,1
ENSG00000162980,1.5889401,1.7244397,0.9285859,1.0,1
ENSG00000162994,1.4908686,0.98677176,0.83787996,1.0,1
ENSG00000162994,1.590133,0.98677176,0.89450026,1.0,1
ENSG00000162998,0.24892463,-0.82390875,0.9750029,1.0,1
ENSG00000162999,1.0365748,0.65513843,0.9123414,1.0,1
ENSG00000162999,1.0365748,0.65513843,0.9123414,1.0,1
ENSG00000163001,1.2900791,1.512017,0.88750356,1.0,1
ENSG00000163001,1.2749373,1.512017,0.8135233,0.56860745,1
ENSG00000163002,1.6872255,1.5519377,0.8770149,1.0,1
ENSG00000163002,1.7510955,1.5519377,0.8996435,0.874599,1
ENSG00000163006,1.0719055,1.0874264,0.94398165,1.0,1
ENSG00000163006,1.177662,1.0874264,0.782709,0.73622507,1
ENSG00000163013,0.19358966,0.67209786,0.9575116,1.0,1
ENSG00000163026,0.9248756,1.4896773,0.9503421,1.0,1
ENSG00000163026,0.9248756,1.4896773,0.9503421,1.0,1
ENSG00000163026,0.9030824,1.4896773,0.9216498,0.93406147,1
ENSG00000163029,1.7485709,1.507451,0.86534834,1.0,1
ENSG00000163029,1.7216696,1.507451,0.5293557,0.056740616,1
ENSG00000163029,1.6856672,1.507451,0.86332166,0.17406143,1
ENSG00000163040,-0.09228591,1.3062105,0.9728036,1.0,1
ENSG00000163040,-0.14386357,1.3062105,0.99023634,1.0,1
ENSG00000163040,-0.069710344,1.3062105,0.96362865,1.0,1
ENSG00000163040,-0.06686893,1.3062105,0.99008065,0.9887937,1
ENSG00000163053,-0.66223717,-0.9586073,0.9871213,1.0,1
ENSG00000163082,-0.5845344,-0.9586073,0.98800546,1.0,1
ENSG00000163082,-0.5218965,-0.9586073,0.98739177,1.0,1
ENSG00000163093,1.4048125,0.36921585,0.928441,1.0,1
ENSG00000163093,1.3722095,0.36921585,0.81673366,0.5,1
ENSG00000163126,1.2934977,0.70243055,0.9527931,1.0,1
ENSG00000163126,1.2971058,0.70243055,0.958335,0.8079096,1
ENSG00000163161,0.83912134,1.6307329,0.96128774,1.0,1
ENSG00000163162,1.7562201,1.3396502,0.8911099,1.0,1
ENSG00000163162,1.7771701,1.3396502,0.82529426,1.0,1
ENSG00000163166,1.2831571,1.5113485,0.87658453,1.0,1
ENSG00000163166,1.3136187,1.5113485,0.9106318,1.0,1
ENSG00000163166,1.3057016,1.5113485,0.9006944,0.97981983,1
ENSG00000163170,2.363179,2.0399294,0.82584554,1.0,1
ENSG00000163170,2.363179,2.0399294,0.82584554,1.0,1
ENSG00000163170,2.3960736,2.0399294,0.72886354,0.5649986,1
ENSG00000163219,-0.16263455,0.80821097,0.9765742,1.0,1
ENSG00000163249,1.2933234,0.7126497,0.94699097,1.0,1
ENSG00000163249,1.2344339,0.7126497,0.8506831,1.0,1
ENSG00000163249,1.1787695,0.7126497,0.9331824,1.0,1
ENSG00000163249,1.2755657,0.7126497,0.93500036,1.0,1
ENSG00000163249,1.1790727,0.7126497,0.9480186,1.0,1
ENSG00000163328,0.86304224,-0.32790214,0.8812593,1.0,1
ENSG00000163328,0.92266536,-0.32790214,0.8610613,1.0,1
ENSG00000163328,0.8587183,-0.32790214,0.9025341,1.0,1
ENSG00000163328,0.8356327,-0.32790214,0.8289564,1.0,1
ENSG00000163328,0.9043447,-0.32790214,0.85594773,1.0,1
ENSG00000163328,0.90864,-0.32790214,0.8553888,1.0,1
ENSG00000163466,1.4480363,2.156731,0.92499053,1.0,1
ENSG00000163466,1.4440775,2.156731,0.92968094,1.0,1
ENSG00000163466,1.480258,2.156731,0.93980247,1.0,1
ENSG00000163466,1.4566169,2.156731,0.92145747,0.0,1
ENSG00000163481,1.0664074,1.577032,0.926495,1.0,1
ENSG00000163482,0.9478712,1.1376705,0.9562898,1.0,1
ENSG00000163510,1.6322287,0.96754795,0.8944224,1.0,1
ENSG00000163510,1.5770677,0.96754795,0.4991323,1.0,1
ENSG00000163510,1.5886878,0.96754795,0.89960426,1.0,1
ENSG00000163510,1.6040637,0.96754795,0.8970904,1.0,1
ENSG00000163516,0.84532523,1.7165042,0.9593744,1.0,1
ENSG00000163516,0.83564544,1.7165042,0.9577496,1.0,1
ENSG00000163516,0.83161414,1.7165042,0.9457587,1.0,1
ENSG00000163521,-0.11191523,0.2966652,0.9858607,1.0,1
ENSG00000163521,-0.11507782,0.2966652,0.98754716,0.36,1
ENSG00000163535,0.6534302,1.2260841,0.87714565,1.0,1
ENSG00000163535,0.5426557,1.2260841,0.9213848,1.0,1
ENSG00000163541,1.1321082,1.836514,0.919544,1.0,1
ENSG00000163596,0.97945714,0.07188201,0.79421246,1.0,1
ENSG00000163596,0.7969531,0.07188201,0.9760724,1.0,1
ENSG00000163596,0.9138596,0.07188201,0.97485936,1.0,1
ENSG00000163795,1.3782036,0.64933485,0.92689335,1.0,1
ENSG00000163795,1.3994632,0.64933485,0.94246894,1.0,1
ENSG00000163798,1.1208148,1.095518,0.94002414,1.0,1
ENSG00000163806,-0.22987068,-0.7695511,0.96560663,1.0,1
ENSG00000163811,1.2680242,2.130623,0.8964941,1.0,1
ENSG00000163811,1.261065,2.130623,0.9394039,1.0,1
ENSG00000163811,1.2765194,2.130623,0.93234175,1.0,1
ENSG00000163811,1.3173707,2.130623,0.89950794,1.0,1
ENSG00000165714,1.1815804,0.7474118,0.9059378,1.0,1
ENSG00000165714,1.2140508,0.7474118,0.882311,0.9166667,1
ENSG00000165891,1.1244931,0.7737864,0.9157049,1.0,1
ENSG00000165891,1.1260037,0.7737864,0.9334125,1.0,1
ENSG00000166046,0.9589875,0.5237465,0.9288423,1.0,1
ENSG00000166130,1.0913272,1.0523092,0.92618686,1.0,1
ENSG00000166130,1.0913272,1.0523092,0.92618686,0.17520216,1
ENSG00000166153,1.2983872,0.76937735,0.92205316,1.0,1
ENSG00000166153,1.3249863,0.76937735,0.9041396,0.59770113,1
ENSG00000166153,1.4335881,0.76937735,0.6325115,0.065853655,1
ENSG00000166153,1.4015664,0.76937735,0.7946818,0.89033943,1
ENSG00000166225,1.0106066,0.8413595,0.81306833,0.12037037,1
ENSG00000166226,1.7930204,2.6832721,0.90596616,1.0,1
ENSG00000166226,1.7871176,2.6832721,0.82924044,1.0,1
ENSG00000166268,-0.08203125,-0.9586073,0.9399772,1.0,1
ENSG00000166532,0.9348701,1.2153732,0.94187117,1.0,1
ENSG00000166532,0.96015084,1.2153732,0.9044169,1.0,1
ENSG00000166598,1.3296539,2.7067263,0.92106706,1.0,1
ENSG00000166881,1.4144369,1.7764833,0.8992816,1.0,1
ENSG00000166881,1.3642918,1.7764833,0.9371273,1.0,1
ENSG00000166881,1.3915292,1.7764833,0.924643,0.94788,1
ENSG00000166881,1.3330559,1.7764833,0.9371176,0.14873266,1
ENSG00000166886,1.4051183,1.3514098,0.93813545,1.0,1
ENSG00000166886,1.3944299,1.3514098,0.92032534,1.0,1
ENSG00000166888,1.2948464,1.5954962,0.9118741,1.0,1
ENSG00000166888,1.3116013,1.5954962,0.9321323,0.9941396,1
ENSG00000166888,1.3415895,1.5954962,0.88632756,1.0,1
ENSG00000166896,1.7118999,1.55145,0.69199336,1.0,1
ENSG00000166896,1.72535,1.55145,0.88024557,1.0,1
ENSG00000166896,1.6911296,1.55145,0.884923,1.0,1
ENSG00000166896,1.7320439,1.55145,0.93170947,1.0,1
ENSG00000166908,1.5171055,1.3914644,0.9493594,1.0,1
ENSG00000166908,1.5049385,1.3914644,0.9175004,0.9974392,1
ENSG00000166986,1.3139592,2.2179313,0.9319399,1.0,1
ENSG00000166986,1.3381594,2.2179313,0.9315437,1.0,1
ENSG00000166987,1.3894507,0.553883,0.9282603,1.0,1
ENSG00000166987,1.4103463,0.553883,0.9219069,1.0,1
ENSG00000166987,1.3761052,0.553883,0.9405341,1.0,1
ENSG00000167272,1.188309,1.9222063,0.9661549,1.0,1
ENSG00000167272,1.1840802,1.9222063,0.95322436,1.0,1
ENSG00000167272,1.1840802,1.9222063,0.95322436,1.0,1
ENSG00000167272,1.1908922,1.9222063,0.9628945,0.8964165,1
ENSG00000167528,1.152094,0.70070374,0.9437954,1.0,1
ENSG00000167528,1.165596,0.70070374,0.92578137,1.0,1
ENSG00000167528,1.122206,0.70070374,0.95994776,1.0,1
ENSG00000167528,1.1505514,0.70070374,0.9247699,1.0,1
ENSG00000167528,1.1433789,0.70070374,0.9243853,1.0,1
ENSG00000167528,1.1093504,0.70070374,0.9508244,1.0,1
ENSG00000167535,0.74533,0.12385164,0.96921086,1.0,1
ENSG00000167535,0.84008205,0.12385164,0.9194007,1.0,1
ENSG00000167535,0.83504033,0.12385164,0.9822551,1.0,1
ENSG00000167535,0.809289,0.12385164,0.97070116,1.0,1
ENSG00000167550,1.6628392,0.87215626,0.95133376,1.0,1
ENSG00000167550,1.6663004,0.87215626,0.9426257,0.8791209,1
ENSG00000167552,-0.05697988,1.9076263,0.9869031,1.0,1
ENSG00000167552,-0.090374544,1.9076263,0.98534167,1.0,1
ENSG00000167553,1.2241687,3.4164674,0.9121194,1.0,1
ENSG00000167566,0.6602943,0.3424227,0.91391945,1.0,1
ENSG00000167588,0.21975367,-0.18045606,0.98804116,1.0,1
ENSG00000167778,1.7667221,0.75204843,0.9321441,1.0,1
ENSG00000167778,1.7397367,0.75204843,0.9387258,0.99019605,1
ENSG00000167779,-0.28388074,-0.1611509,0.97859186,1.0,1
ENSG00000168288,1.578289,2.242616,0.9019877,1.0,1
ENSG00000168385,1.754048,2.3964958,0.9188681,1.0,1
ENSG00000168385,1.7872751,2.3964958,0.8942276,0.0,1
ENSG00000168385,1.6888164,2.3964958,0.91660714,0.004602301,1
ENSG00000168385,1.727411,2.3964958,0.8632045,0.020285573,1
ENSG00000168385,1.7663695,2.3964958,0.8575237,0.13043478,1
ENSG00000168385,1.7226353,2.3964958,0.78131276,0.0019248396,1
ENSG00000168393,1.6822374,1.6111921,0.9223707,1.0,1
ENSG00000168393,1.6561388,1.6111921,0.895938,0.76466775,1
ENSG00000168395,1.3475629,1.4324882,0.9394526,1.0,1
ENSG00000168395,1.4393312,1.4324882,0.9030173,1.0,1
ENSG00000168397,1.4055156,1.7221401,0.9020305,1.0,1
ENSG00000168397,1.3608478,1.7221401,0.82152224,1.0,1
ENSG00000168397,1.321191,1.7221401,0.9132496,0.22041763,1
ENSG00000168754,0.16134872,2.534445,0.9196793,1.0,1
ENSG00000168754,0.20706673,2.534445,0.96402186,1.0,1
ENSG00000168758,1.520813,1.8273046,0.92259073,1.0,1
ENSG00000168763,1.2686747,0.813581,0.9202452,1.0,1
ENSG00000168763,1.2735136,0.813581,0.8918403,0.9826923,1
ENSG00000168778,1.1526352,0.665581,0.90601146,1.0,1
ENSG00000168778,1.0983009,0.665581,0.9475288,1.0,1
ENSG00000168778,1.1067984,0.665581,0.92038685,1.0,1
ENSG00000168778,1.1239998,0.665581,0.93750834,1.0,1
ENSG00000168883,0.89564526,2.0083873,0.93784374,1.0,1
ENSG00000168883,0.91431046,2.0083873,0.9453157,0.9984219,1
ENSG00000168887,1.5549666,1.5174599,0.95313954,1.0,1
ENSG00000168890,1.3177989,0.86391735,0.89120114,0.8227612,1
ENSG00000168894,1.8684318,2.50737,0.9487437,1.0,1
ENSG00000168899,0.91822875,0.15228835,0.97807366,1.0,1
ENSG00000168906,1.996205,2.8064716,0.933113,1.0,1
ENSG00000168918,-0.4142555,0.6009729,0.9910396,1.0,1
ENSG00000168918,-0.39483753,0.6009729,0.9862432,1.0,1
ENSG00000168958,1.2687069,1.567732,0.9459421,1.0,1
ENSG00000168958,1.3213313,1.567732,0.9343424,1.0,1
ENSG00000168958,1.2252871,1.567732,0.9237798,1.0,1
ENSG00000168958,1.2442123,1.567732,0.9281174,0.98651963,1
ENSG00000168958,1.2399526,1.567732,0.9367549,0.10576923,1
ENSG00000168958,1.3166269,1.567732,0.92815465,0.0,1
ENSG00000168958,1.3039638,1.567732,0.90015846,0.026818182,1
ENSG00000168958,1.2422143,1.567732,0.91376066,0.94758064,1
ENSG00000168958,1.2422143,1.567732,0.91376066,0.088160135,1
ENSG00000168958,1.2914901,1.567732,0.74589616,0.006035283,1
ENSG00000168958,1.2914901,1.567732,0.74589616,0.63492066,1
ENSG00000169016,1.2737727,1.3436055,0.8793984,1.0,1
ENSG00000169016,1.2482235,1.3436055,0.9401632,0.52971727,1
ENSG00000169016,1.2737727,1.3436055,0.8793984,0.64533824,1
ENSG00000169016,1.2768754,1.3436055,0.9040736,0.57846504,1
ENSG00000169372,0.8238336,1.3174365,0.91295964,1.0,1
ENSG00000169554,1.1288564,1.7385428,0.9210048,1.0,1
ENSG00000169554,1.1289365,1.7385428,0.92311996,1.0,1
ENSG00000169554,1.1500634,1.7385428,0.93385726,1.0,1
ENSG00000169599,1.3211235,1.525563,0.9260782,1.0,1
ENSG00000169599,1.3211235,1.525563,0.9260782,1.0,1
ENSG00000169599,1.3879855,1.525563,0.8826377,1.0,1
ENSG00000169599,1.276859,1.525563,0.94204795,1.0,1
ENSG00000169599,1.403248,1.525563,0.9166731,0.9988354,1
ENSG00000169599,1.4854101,1.525563,0.9200085,0.8952679,1
ENSG00000169607,0.9806807,1.1316186,0.9468511,1.0,1
ENSG00000169607,0.9891933,1.1316186,0.9283391,1.0,1
ENSG00000169607,0.984671,1.1316186,0.9333866,1.0,1
ENSG00000169607,1.0738411,1.1316186,0.92063165,1.0,1
ENSG00000169621,0.8517729,-0.28399664,0.8755869,1.0,1
ENSG00000169621,0.77432513,-0.28399664,0.8845677,1.0,1
ENSG00000169679,1.4350317,2.232615,0.9217481,1.0,1
ENSG00000169679,1.4042786,2.232615,0.90676284,0.57782394,1
ENSG00000169756,1.6357769,1.9571761,0.89094454,1.0,1
ENSG00000169756,1.6357769,1.9571761,0.89094454,1.0,1
ENSG00000169756,1.5841242,1.9571761,0.87580323,0.99112666,1
ENSG00000169764,1.169443,1.6325585,0.93991923,1.0,1
ENSG00000169764,1.1703935,1.6325585,0.8089437,0.0,1
ENSG00000169884,0.35372543,0.22010809,0.9760561,1.0,1
ENSG00000169967,1.669845,0.651278,0.9116992,1.0,1
ENSG00000170035,1.6659076,1.9546283,0.91482943,1.0,1
ENSG00000170035,1.5235213,1.9546283,0.8120228,1.0,1
ENSG00000170144,1.9164115,2.1576078,0.9310624,1.0,1
ENSG00000170417,1.0381523,0.7259116,0.92077196,1.0,1
ENSG00000170417,1.0688033,0.7259116,0.91927886,1.0,1
ENSG00000170417,1.0452555,0.7259116,0.90591216,0.7080745,1
ENSG00000170426,-0.3810597,-0.88605666,0.9916368,1.0,1
ENSG00000170426,-0.31046015,-0.88605666,0.9877378,1.0,1
ENSG00000170456,0.9250394,0.8518696,0.93763584,1.0,1
ENSG00000170473,1.4730588,1.513484,0.88869405,1.0,1
ENSG00000170500,-0.010336742,0.57170886,0.97308856,1.0,1
ENSG00000170515,1.8244213,2.791838,0.944655,1.0,1
ENSG00000170545,1.0248237,1.6559064,0.93954486,1.0,1
ENSG00000170545,1.0248237,1.6559064,0.93954486,1.0,1
ENSG00000170545,1.0349168,1.6559064,0.66009355,0.021474773,1
ENSG00000170627,1.5583098,2.7779992,0.92992663,1.0,1
ENSG00000170627,1.5987023,2.7779992,0.859012,1.0,1
ENSG00000170633,1.3210851,1.5625308,0.89268774,1.0,1
ENSG00000170633,1.2902173,1.5625308,0.9264326,0.16459017,1
ENSG00000170634,1.4252372,0.33645973,0.85406697,1.0,1
ENSG00000170634,1.4171134,0.33645973,0.81665456,0.0,1
ENSG00000170653,1.3476927,1.2422929,0.9207938,1.0,1
ENSG00000170802,1.0558113,1.2853322,0.83960253,1.0,1
ENSG00000171055,0.9650471,1.4116197,0.94420975,0.8443149,1
ENSG00000171055,0.9810784,1.4116197,0.9548218,0.20570488,1
ENSG00000171055,0.99047375,1.4116197,0.95182276,0.0,1
ENSG00000171103,1.3033589,1.3077099,0.80951107,1.0,1
ENSG00000171132,0.29899845,-0.60206,0.92880785,1.0,1
ENSG00000171132,0.21913353,-0.60206,0.5422123,1.0,1
ENSG00000171174,1.4461074,-0.4202164,0.90701085,1.0,1
ENSG00000171310,0.660761,1.1344959,0.9458944,1.0,1
ENSG00000171310,0.660761,1.1344959,0.9458944,1.0,1
ENSG00000171596,0.7403283,-0.61978877,0.943098,1.0,1
ENSG00000171681,1.0065366,0.69548166,0.8668237,1.0,1
ENSG00000171681,1.0343703,0.69548166,0.9287378,1.0,1
ENSG00000171681,1.0081756,0.69548166,0.88951033,0.9607843,1
ENSG00000171792,0.954882,1.6608654,0.9264468,0.64361703,1
ENSG00000171792,0.9536433,1.6608654,0.9339139,0.9333665,1
ENSG00000171840,0.35619476,0.5575072,0.93815815,1.0,1
ENSG00000171840,0.35153398,0.5575072,0.9527057,1.0,1
ENSG00000171840,0.35153398,0.5575072,0.9527057,1.0,1
ENSG00000171847,-0.39990845,-0.82390875,0.9928712,1.0,1
ENSG00000171847,-0.39883086,-0.82390875,0.99250585,1.0,1
ENSG00000171848,1.632586,1.7937903,0.9446318,1.0,1
ENSG00000171853,1.1219589,1.5284024,0.87577206,1.0,1
ENSG00000171853,1.2220136,1.5284024,0.9294948,1.0,1
ENSG00000171865,1.3067665,1.2727696,0.94396466,1.0,1
ENSG00000172059,1.0502367,1.0976043,0.94236755,1.0,1
ENSG00000172059,1.0502367,1.0976043,0.94236755,1.0,1
ENSG00000172071,1.3561051,0.7881684,0.9231126,1.0,1
ENSG00000172071,1.4108909,0.7881684,0.85771966,1.0,1
ENSG00000172071,1.432753,0.7881684,0.8359355,1.0,1
ENSG00000172073,-0.2913671,-0.9586073,0.98305607,1.0,1
ENSG00000172086,1.1506392,0.6324573,0.8758118,1.0,1
ENSG00000172292,0.9345273,0.54654264,0.9297537,1.0,1
ENSG00000172292,0.8747847,0.54654264,0.79172736,0.26900584,1
ENSG00000172428,0.8812454,1.9241759,0.9532624,1.0,1
ENSG00000172428,0.92240584,1.9241759,0.95679367,1.0,1
ENSG00000172602,0.4136305,-0.23657201,0.9496216,1.0,1
ENSG00000172819,0.7992897,0.54900324,0.9349107,1.0,1
ENSG00000172819,0.805931,0.54900324,0.91404265,1.0,1
ENSG00000172819,0.736356,0.54900324,0.963036,0.087804876,1
ENSG00000172845,1.1081504,1.8178958,0.93550617,1.0,1
ENSG00000172845,1.0493621,1.8178958,0.88444316,0.22721088,1
ENSG00000172878,1.6660854,1.223496,0.81816787,1.0,1
ENSG00000172954,0.8030095,1.2013972,0.9170526,0.022134388,1
ENSG00000172954,0.8001472,1.2013972,0.9448511,0.046831954,1
ENSG00000173064,1.2985989,1.0277572,0.9117657,1.0,1
ENSG00000173064,1.2440708,1.0277572,0.9359647,1.0,1
ENSG00000173163,-0.19087446,1.4094259,0.9792737,1.0,1
ENSG00000173166,0.62847304,-0.28399664,0.9526713,1.0,1
ENSG00000173209,2.0504415,1.7185017,0.90682745,1.0,1
ENSG00000173272,1.7181256,2.0541148,0.9360873,1.0,1
ENSG00000173272,1.7181256,2.0541148,0.9360873,1.0,1
ENSG00000173451,0.6768365,0.78675145,0.9679117,1.0,1
ENSG00000173559,1.5570463,1.228657,0.9426472,1.0,1
ENSG00000173559,1.5576105,1.228657,0.91553015,1.0,1
ENSG00000173559,1.5576105,1.228657,0.91553015,1.0,1
ENSG00000173559,1.5311545,1.228657,0.9548307,0.25104603,1
ENSG00000173567,1.4099728,-0.82390875,0.88646156,1.0,1
ENSG00000173588,1.1111825,1.3312248,0.9164247,1.0,1
ENSG00000173588,1.1193674,1.3312248,0.8655011,0.04696673,1
ENSG00000173588,1.1423542,1.3312248,0.8274079,0.01847575,1
ENSG00000173588,1.1538961,1.3312248,0.6871274,0.70016474,1
ENSG00000173598,1.5024856,2.151615,0.84981847,1.0,1
ENSG00000173598,1.471313,2.151615,0.91772795,1.0,1
ENSG00000173692,1.3899533,2.2464986,0.9139311,1.0,1
ENSG00000173692,1.3563255,2.2464986,0.8704717,1.0,1
ENSG00000173744,0.8178414,1.8409212,0.95402074,1.0,1
ENSG00000173744,0.9126309,1.8409212,0.9539534,0.9965221,1
ENSG00000173744,0.9518764,1.8409212,0.76604277,0.33338484,1
ENSG00000173960,1.6053979,1.0402067,0.8740206,1.0,1
ENSG00000173960,1.5805856,1.0402067,0.8356913,0.026809651,1
ENSG00000173960,1.5903506,1.0402067,0.54665303,0.68105066,1
ENSG00000174099,-0.032169953,-0.92081875,0.71018124,1.0,1
ENSG00000174106,0.9945551,1.1379868,0.8858017,1.0,1
ENSG00000174106,1.0243796,1.1379868,0.89644283,1.0,1
ENSG00000174106,0.9943844,1.1379868,0.9357725,1.0,1
ENSG00000174206,0.7931975,0.7355989,0.94460124,1.0,1
ENSG00000174233,-0.37623128,0.012837225,0.9887609,1.0,1
ENSG00000174243,0.9153547,1.8702868,0.9389429,1.0,1
ENSG00000174437,1.3919172,1.717504,0.67074454,1.0,1
ENSG00000174437,1.4583509,1.717504,0.9116592,1.0,1
ENSG00000174437,1.4419667,1.717504,0.8876852,0.9757876,1
ENSG00000174437,1.410917,1.717504,0.84034276,0.039647575,1
ENSG00000174456,1.5109636,1.525563,0.94318277,1.0,1
ENSG00000174456,1.5800153,1.525563,0.92565995,1.0,1
ENSG00000174501,0.10431955,0.95279247,0.8201627,1.0,1
ENSG00000174501,-0.039546054,0.95279247,0.97436076,1.0,1
ENSG00000174501,-0.014840927,0.95279247,0.93726677,1.0,1
ENSG00000174501,0.052125856,0.95279247,0.9537675,1.0,1
ENSG00000174501,-0.037612975,0.95279247,0.9591691,1.0,1
ENSG00000174718,0.61808467,1.6188844,0.9452805,1.0,1
ENSG00000174718,0.599337,1.6188844,0.9463254,0.83912086,1
ENSG00000174718,0.60746694,1.6188844,0.9394185,0.9621976,1
ENSG00000174989,0.9192287,0.8169038,0.9420304,1.0,1
ENSG00000175183,0.88298905,0.62838894,0.959448,1.0,1
ENSG00000175197,1.5108917,1.9383196,0.8725503,1.0,1
ENSG00000175203,1.9213291,2.0703335,0.914721,0.9882207,1
ENSG00000175215,1.6470699,1.8581761,0.9427506,1.0,1
ENSG00000175548,-0.140291,0.25042,0.98506564,1.0,1
ENSG00000175548,-0.140291,0.25042,0.98506564,1.0,1
ENSG00000175727,1.0086836,1.1420765,0.91213936,1.0,1
ENSG00000175782,0.8842418,0.70329136,0.9298271,1.0,1
ENSG00000175970,1.1392628,1.3812957,0.95902926,1.0,1
ENSG00000176407,1.4350847,1.7571682,0.93219954,1.0,1
ENSG00000176407,1.4317573,1.7571682,0.92337865,1.0,1
ENSG00000176720,-0.31118673,0.29446623,0.98819166,1.0,1
ENSG00000176720,-0.33209464,0.29446623,0.98249996,1.0,1
ENSG00000176720,-0.33876342,0.29446623,0.9863941,1.0,1
ENSG00000176732,1.6718733,-0.61978877,0.93711495,1.0,1
ENSG00000176834,-0.16179363,0.78746045,0.9905363,1.0,1
ENSG00000176871,1.5096707,1.6904619,0.9231363,1.0,1
ENSG00000176894,1.7432573,1.5137502,0.9336818,1.0,1
ENSG00000176894,1.7714084,1.5137502,0.9318046,1.0,1
ENSG00000176915,1.5034081,1.6996644,0.923078,1.0,1
ENSG00000176946,1.1327485,1.3666097,0.93464875,1.0,1
ENSG00000176946,1.0927066,1.3666097,0.83856505,1.0,1
ENSG00000176946,1.1249174,1.3666097,0.8806997,1.0,1
ENSG00000177084,1.4195125,1.7036352,0.8279383,1.0,1
ENSG00000177084,1.4509201,1.7036352,0.879149,1.0,1
ENSG00000177084,1.4389474,1.7036352,0.92675877,1.0,1
ENSG00000177084,1.4377929,1.7036352,0.9315389,0.99876493,1
ENSG00000177119,0.8731507,1.225826,0.90892804,1.0,1
ENSG00000177119,0.77634764,1.225826,0.90034634,1.0,1
ENSG00000177119,0.82626677,1.225826,0.85427743,0.0343965,1
ENSG00000177119,0.8499086,1.225826,0.89739144,0.98156387,1
ENSG00000177119,0.8330201,1.225826,0.9172673,0.017813267,1
ENSG00000177169,0.8936807,0.5774918,0.94347215,1.0,1
ENSG00000177169,0.81508553,0.5774918,0.95658404,1.0,1
ENSG00000177169,0.84972227,0.5774918,0.9538607,1.0,1
ENSG00000177192,0.86148536,1.4051756,0.9367191,1.0,1
ENSG00000177483,-0.1331086,-0.56863624,0.9678101,1.0,1
ENSG00000177889,1.305067,2.382899,0.94429386,1.0,1
ENSG00000177889,1.326764,2.382899,0.9203396,1.0,1
ENSG00000177917,1.447737,1.8632634,0.7918981,1.0,1
ENSG00000177917,1.4429417,1.8632634,0.9137975,0.34760606,1
ENSG00000177917,1.4276723,1.8632634,0.7229612,0.044444446,1
ENSG00000177981,0.8850852,1.3014641,0.95140445,1.0,1
ENSG00000177981,0.8717663,1.3014641,0.9340679,1.0,1
ENSG00000177981,0.8442,1.3014641,0.85486317,0.059889678,1
ENSG00000177990,-0.33555079,-0.79588,0.9828492,1.0,1
ENSG00000177990,-0.47196364,-0.79588,0.992694,1.0,1
ENSG00000178295,1.2272996,1.4299136,0.932775,1.0,1
ENSG00000178401,0.6171651,-0.04095861,0.8414484,1.0,1
ENSG00000178449,1.3580611,1.8041394,0.9089052,0.004327506,1
ENSG00000178449,1.3758153,1.8041394,0.87531894,0.088575505,1
ENSG00000178623,-0.114807904,-0.7447275,0.98826176,1.0,1
ENSG00000179104,-0.5319662,-0.22914799,0.98217493,1.0,1
ENSG00000179195,0.5157736,1.7858279,0.52298355,1.0,1
ENSG00000179195,0.46225882,1.7858279,0.9094893,1.0,1
ENSG00000179295,1.1743478,1.7273786,0.9085612,1.0,1
ENSG00000179295,1.1050413,1.7273786,0.9318374,1.0,1
ENSG00000179295,1.1545402,1.7273786,0.9227339,1.0,1
ENSG00000179295,1.110745,1.7273786,0.94373834,1.0,1
ENSG00000179528,0.7636744,-0.04575749,0.94169426,1.0,1
ENSG00000179715,0.40030998,-0.1426675,0.97394264,1.0,1
ENSG00000179912,1.184656,1.1000258,0.92935145,1.0,1
ENSG00000179912,1.1753954,1.1000258,0.93285143,1.0,1
ENSG00000179912,1.1632394,1.1000258,0.8499121,0.0,1
ENSG00000179912,1.1701651,1.1000258,0.87089485,1.0,1
ENSG00000179912,1.2115568,1.1000258,0.81312585,1.0,1
ENSG00000180228,1.74287,1.7247672,0.93196833,1.0,1
ENSG00000180228,1.6408259,1.7247672,0.9136497,0.033542976,1
ENSG00000180263,0.7448355,0.6095944,0.93395215,1.0,1
ENSG00000180263,0.7727301,0.6095944,0.92386204,0.88451445,1
ENSG00000180398,1.6915361,2.15567,0.91298294,1.0,1
ENSG00000180398,1.6915361,2.15567,0.91298294,1.0,1
ENSG00000180398,1.6915361,2.15567,0.91298294,0.88586956,1
ENSG00000180398,1.6793493,2.15567,0.88770986,0.71181047,1
ENSG00000180398,1.6793493,2.15567,0.88770986,0.80265653,1
ENSG00000180398,1.7319949,2.15567,0.62119263,0.39994037,1
ENSG00000180881,0.5443368,-0.7447275,0.9672043,1.0,1
ENSG00000180881,0.64412236,-0.7447275,0.9113732,1.0,1
ENSG00000180902,1.0120668,1.2062861,0.93442243,1.0,1
ENSG00000180902,1.0049902,1.2062861,0.90253216,0.8868715,1
ENSG00000180902,1.0438762,1.2062861,0.92847115,0.37936267,1
ENSG00000181852,1.4361979,1.6280823,0.8791844,1.0,1
ENSG00000181852,1.46721,1.6280823,0.92336524,0.02148955,1
ENSG00000181852,1.459062,1.6280823,0.9282461,0.31061074,1
ENSG00000181929,1.5315297,1.931407,0.93806994,1.0,1
ENSG00000182196,1.305936,2.0070646,0.9585388,1.0,1
ENSG00000182199,1.6588091,2.0803378,0.92057,0.7227899,1
ENSG00000182326,-0.6004592,-0.21467017,0.9905777,1.0,1
ENSG00000182389,0.01967024,-0.92081875,0.95931596,1.0,1
ENSG00000182551,1.6559387,1.212454,0.8367711,1.0,1
ENSG00000182993,0.5503895,0.29225606,0.6788006,1.0,1
ENSG00000182993,0.56408954,0.29225606,0.94584036,1.0,1
ENSG00000183054,0.3070784,-0.20760831,0.9654977,1.0,1
ENSG00000183283,1.5406445,2.4188812,0.9027816,1.0,1
ENSG00000183283,1.5228643,2.4188812,0.90848815,1.0,1
ENSG00000183283,1.5716349,2.4188812,0.87668175,0.9899753,1
ENSG00000183283,1.5606933,2.4188812,0.9036405,0.8757669,1
ENSG00000183395,0.41435614,-0.88605666,0.9874286,1.0,1
ENSG00000183495,0.961787,0.77451694,0.93632513,1.0,1
ENSG00000183495,0.9407767,0.77451694,0.93150836,1.0,1
ENSG00000183495,0.94494903,0.77451694,0.9305465,0.6573427,1
ENSG00000183513,1.790385,1.6155292,0.9334872,1.0,1
ENSG00000183735,1.5163243,1.2716093,0.8819895,1.0,1
ENSG00000183891,1.8107203,1.7229629,0.9228022,1.0,1
ENSG00000183955,1.4969709,1.8150462,0.9312896,1.0,1
ENSG00000183955,1.4794728,1.8150462,0.91171724,0.4181232,1
ENSG00000184047,1.6379287,1.5887197,0.94142544,1.0,1
ENSG00000184047,1.5946933,1.5887197,0.9309503,1.0,1
ENSG00000184047,1.5994909,1.5887197,0.92102253,0.020094892,1
ENSG00000184047,1.6379287,1.5887197,0.94142544,0.97038215,1
ENSG00000184047,1.6379287,1.5887197,0.94142544,0.98123324,1
ENSG00000184047,1.5946933,1.5887197,0.9309503,0.9928315,1
ENSG00000184047,1.6623148,1.5887197,0.9009663,0.943299,1
ENSG00000184182,1.8604978,1.7896512,0.9226692,1.0,1
ENSG00000184182,1.8610421,1.7896512,0.89017457,1.0,1
ENSG00000184182,1.7950281,1.7896512,0.8908848,0.73438483,1
ENSG00000184271,1.1764147,0.4281348,0.93130887,1.0,1
ENSG00000184271,1.1614722,0.4281348,0.8833334,1.0,1
ENSG00000184445,1.7633989,2.033102,0.8750743,1.0,1
ENSG00000184445,1.731089,2.033102,0.9058874,1.0,1
ENSG00000184445,1.7525791,2.033102,0.91524047,1.0,1
ENSG00000184445,1.6838111,2.033102,0.8854451,0.8590272,1
ENSG00000184445,1.7117921,2.033102,0.7626338,0.42275363,1
ENSG00000184575,1.8285168,2.1749897,0.85678226,1.0,1
ENSG00000184575,1.8013402,2.1749897,0.8714267,1.0,1
ENSG00000184613,-0.619383,-0.4089354,0.9866796,1.0,1
ENSG00000184752,1.0507288,2.2918348,0.7719795,1.0,1
ENSG00000184752,1.1901661,2.2918348,0.9360894,0.9304363,1
ENSG00000184898,1.0124124,0.6589649,0.9435892,1.0,1
ENSG00000184898,1.0123729,0.6589649,0.942326,1.0,1
ENSG00000184967,0.5560032,0.7307823,0.9555132,1.0,1
ENSG00000184992,0.4322418,1.0565237,0.97145385,1.0,1
ENSG00000185163,0.9627898,1.0561422,0.9558638,1.0,1
ENSG00000185163,0.9885286,1.0561422,0.9653377,1.0,1
ENSG00000185163,0.98886406,1.0561422,0.94700265,1.0,1
ENSG00000185163,1.0261375,1.0561422,0.96455127,1.0,1
ENSG00000185163,0.9938979,1.0561422,0.96873826,1.0,1
ENSG00000185344,1.1800002,1.8576943,0.9362426,1.0,1
ENSG00000185344,1.2394015,1.8576943,0.9371879,1.0,1
ENSG00000185404,1.4122533,0.90525603,0.94360906,1.0,1
ENSG00000185404,1.4000537,0.90525603,0.89957124,0.14864865,1
ENSG00000185432,0.7881845,0.9973864,0.85202897,1.0,1
ENSG00000185480,1.2083793,1.5067755,0.93068933,1.0,1
ENSG00000185480,1.2083793,1.5067755,0.93068933,1.0,1
ENSG00000185480,1.2234154,1.5067755,0.8785681,0.9807468,1
ENSG00000185480,1.2396212,1.5067755,0.92093325,0.047052152,1
ENSG00000185480,1.2464641,1.5067755,0.9014287,0.5017668,1
ENSG00000185480,1.3125554,1.5067755,0.9286561,0.8797629,1
ENSG00000185482,0.66878617,0.59549624,0.9756334,1.0,1
ENSG00000185482,0.6278987,0.59549624,0.9753552,1.0,1
ENSG00000185482,0.6157681,0.59549624,0.97660404,0.9874608,1
ENSG00000185482,0.6062343,0.59549624,0.97131795,0.041269843,1
ENSG00000185591,1.1755061,1.6252096,0.9341791,1.0,1
ENSG00000185591,1.128097,1.6252096,0.9276992,1.0,1
ENSG00000185640,0.03826511,0.12057393,0.98316115,1.0,1
ENSG00000185664,-0.19805053,0.30103,0.9905702,1.0,1
ENSG00000186132,0.9767947,1.0421816,0.90745395,1.0,1
ENSG00000186132,0.997013,1.0421816,0.9151333,1.0,1
ENSG00000186298,1.5133088,2.289745,0.9339225,1.0,1
ENSG00000186298,1.5239582,2.289745,0.8946563,1.0,1
ENSG00000186298,1.5623947,2.289745,0.8963089,1.0,1
ENSG00000186815,1.1674002,1.1000258,0.9192408,1.0,1
ENSG00000186815,1.2719396,1.1000258,0.7830279,0.08759124,1
ENSG00000186815,1.1985832,1.1000258,0.48779768,0.1463964,1
ENSG00000186854,-0.23447469,-0.49485,0.9784882,1.0,1
ENSG00000186854,-0.21747768,-0.49485,0.98426455,1.0,1
ENSG00000186889,1.5830816,0.20411998,0.9402252,1.0,1
ENSG00000186889,1.5631045,0.20411998,0.9053793,1.0,1
ENSG00000186908,1.6862369,1.6647359,0.90835553,1.0,1
ENSG00000186908,1.597565,1.6647359,0.9244342,0.8091603,1
ENSG00000186908,1.629831,1.6647359,0.9145259,0.1908397,1
ENSG00000187109,1.2921187,2.5370002,0.8657856,1.0,1
ENSG00000187109,1.3566054,2.5370002,0.9395737,0.7525151,1
ENSG00000187109,1.3188175,2.5370002,0.9374985,0.99739194,1
ENSG00000187109,1.3927301,2.5370002,0.7855806,0.7152778,1
ENSG00000187514,1.6614388,2.4737496,0.9352957,1.0,1
ENSG00000187605,0.41150555,0.53275436,0.96527797,1.0,1
ENSG00000187736,0.72086155,1.193681,0.9495306,1.0,1
ENSG00000187778,1.6852928,1.8017466,0.8938292,1.0,1
ENSG00000187778,1.6446925,1.8017466,0.926969,1.0,1
ENSG00000187778,1.6624976,1.8017466,0.92824453,1.0,1
ENSG00000187778,1.6605381,1.8017466,0.92814696,1.0,1
ENSG00000187833,-0.16368993,-0.65757734,0.98756754,1.0,1
ENSG00000187944,-0.67285967,-0.9586073,0.9915093,1.0,1
ENSG00000188010,0.99985087,1.0744507,0.87811685,1.0,1
ENSG00000188010,1.0291861,1.0744507,0.9540123,1.0,1
ENSG00000188010,1.1112118,1.0744507,0.9483228,1.0,1
ENSG00000188026,1.0542362,0.90741134,0.9418116,1.0,1
ENSG00000188026,1.0505843,0.90741134,0.94194216,1.0,1
ENSG00000188026,1.0196369,0.90741134,0.95138747,1.0,1
ENSG00000188026,1.0940675,0.90741134,0.9109323,1.0,1
ENSG00000188177,1.0764079,0.2121876,0.88605064,1.0,1
ENSG00000188177,1.0827403,0.2121876,0.91923636,1.0,1
ENSG00000188282,-0.29406083,-0.9586073,0.9854414,1.0,1
ENSG00000188389,0.0038689673,0.29885307,0.9809033,1.0,1
ENSG00000188389,0.03347119,0.29885307,0.9844828,1.0,1
ENSG00000188542,1.2583584,0.7937904,0.95205945,1.0,1
ENSG00000188735,1.0846472,0.8668778,0.9433195,1.0,1
ENSG00000188735,1.0711485,0.8668778,0.9557269,1.0,1
ENSG00000188735,1.1578089,0.8668778,0.9330179,0.21768707,1
ENSG00000188760,0.5198258,0.1335389,0.9684341,1.0,1
ENSG00000188906,-0.38495544,-0.55284196,0.9728864,1.0,1
ENSG00000189046,0.8509158,1.3963737,0.9532324,1.0,1
ENSG00000189046,0.87990737,1.3963737,0.95950603,0.97117364,1
ENSG00000189079,1.4665403,1.4061995,0.9092037,1.0,1
ENSG00000189079,1.4201013,1.4061995,0.8943116,0.0,1
ENSG00000189079,1.4284883,1.4061995,0.69453675,0.16,1
ENSG00000189362,1.3013988,0.36172783,0.89862245,1.0,1
ENSG00000189362,1.2067938,0.36172783,0.8553233,1.0,1
ENSG00000189362,1.2327646,0.36172783,0.9502745,0.7837838,1
ENSG00000196141,0.62528193,1.4640422,0.7949715,1.0,1
ENSG00000196141,0.68425953,1.4640422,0.7859575,1.0,1
ENSG00000196141,0.5275774,1.4640422,0.9695795,1.0,1
ENSG00000196141,0.57734513,1.4640422,0.9539371,1.0,1
ENSG00000196141,0.5979034,1.4640422,0.8731563,1.0,1
ENSG00000196141,0.5426369,1.4640422,0.96597934,0.37549758,1
ENSG00000196290,1.4663513,1.8479426,0.80614495,0.6967787,1
ENSG00000196387,0.9016962,0.75739604,0.59536403,1.0,1
ENSG00000196387,0.8260045,0.75739604,0.9159331,1.0,1
ENSG00000196387,0.8260045,0.75739604,0.9159331,1.0,1
ENSG00000196387,0.88862467,0.75739604,0.9055771,0.4181818,1
ENSG00000196458,0.51998687,-0.4685211,0.9610908,1.0,1
ENSG00000196465,1.1907463,1.7137425,0.8891953,1.0,1
ENSG00000196498,0.0029514916,0.48000693,0.94849455,1.0,1
ENSG00000196504,1.2356607,2.3094172,0.91199476,1.0,1
ENSG00000196504,1.2101433,2.3094172,0.7839734,1.0,1
ENSG00000196504,1.211336,2.3094172,0.88791484,0.9396194,1
ENSG00000196504,1.2447447,2.3094172,0.91298795,0.031471092,1
ENSG00000196510,1.0385321,2.059904,0.9286954,1.0,1
ENSG00000196510,0.97798,2.059904,0.94504,1.0,1
ENSG00000196510,0.9694141,2.059904,0.95175946,1.0,1
ENSG00000196604,-0.11307195,-0.7212464,0.9859286,1.0,1
ENSG00000196604,-0.25887313,-0.7212464,0.9913419,1.0,1
ENSG00000196604,-0.059889063,-0.7212464,0.9748957,1.0,1
ENSG00000196604,-0.20344818,-0.7212464,0.98861897,1.0,1
ENSG00000196604,-0.028672185,-0.7212464,0.8373536,1.0,1
ENSG00000196604,0.35538986,-0.7212464,0.9608337,1.0,1
ENSG00000196843,0.61555076,0.48572144,0.9715488,1.0,1
ENSG00000196843,0.6084926,0.48572144,0.97512496,0.72695035,1
ENSG00000196850,1.4056834,1.2457594,0.8070737,1.0,1
ENSG00000196850,1.4522743,1.2457594,0.9290355,1.0,1
ENSG00000196850,1.4199628,1.2457594,0.92058176,1.0,1
ENSG00000196850,1.4256877,1.2457594,0.9339235,1.0,1
ENSG00000196862,-0.44726256,-0.9586073,0.9932668,1.0,1
ENSG00000196935,-0.19105527,-0.85387194,0.98022825,1.0,1
ENSG00000196935,-0.24666032,-0.85387194,0.980961,1.0,1
ENSG00000196950,0.862543,1.4543874,0.9020341,1.0,1
ENSG00000196975,1.5159678,0.92582756,0.8188446,1.0,1
ENSG00000197111,1.5775919,2.4339457,0.9328251,1.0,1
ENSG00000197111,1.5380234,2.4339457,0.7289597,1.0,1
ENSG00000197111,1.5789979,2.4339457,0.8818872,0.7134209,1
ENSG00000197111,1.5378095,2.4339457,0.72796583,0.8773534,1
ENSG00000197121,0.02993664,-0.36653155,0.9555574,1.0,1
ENSG00000197223,1.3679796,1.5094713,0.8879245,1.0,1
ENSG00000197223,1.3643137,1.5094713,0.9334846,1.0,1
ENSG00000197329,1.1615263,1.1112626,0.90382326,1.0,1
ENSG00000197713,1.2470369,1.6422666,0.9282911,1.0,1
ENSG00000197713,1.1542845,1.6422666,0.5340049,0.0029368575,1
ENSG00000197713,1.2282175,1.6422666,0.90389526,0.6555048,1
ENSG00000197713,1.2478615,1.6422666,0.821971,0.082868725,1
ENSG00000197713,1.2622236,1.6422666,0.92544407,0.89506525,1
ENSG00000197713,1.2284824,1.6422666,0.89103377,0.05678422,1
ENSG00000197872,-0.058142945,-0.07572071,0.9737525,1.0,1
ENSG00000197905,1.350251,1.182985,0.92918307,1.0,1
ENSG00000198001,1.224748,1.416141,0.9250985,1.0,1
ENSG00000198001,1.224748,1.416141,0.9250985,1.0,1
ENSG00000198001,1.3400407,1.416141,0.92022187,1.0,1
ENSG00000198001,1.3318567,1.416141,0.77582216,0.15306123,1
ENSG00000198001,1.224748,1.416141,0.9250985,0.67346936,1
ENSG00000198001,1.3205763,1.416141,0.8784411,0.0983871,1
ENSG00000198001,1.3157433,1.416141,0.90755177,0.83996993,1
ENSG00000198040,0.96077967,1.2619762,0.92721367,1.0,1
ENSG00000198056,1.2177631,1.9697886,0.9409666,1.0,1
ENSG00000198130,0.43583232,1.3565995,0.9439554,1.0,1
ENSG00000198130,0.5074012,1.3565995,0.8541886,0.94187427,1
ENSG00000198270,1.6899824,1.8424845,0.72784925,1.0,1
ENSG00000198270,1.652949,1.8424845,0.8336248,1.0,1
ENSG00000198270,1.689116,1.8424845,0.88656324,0.89046055,1
ENSG00000198270,1.698865,1.8424845,0.8955288,0.84433377,1
ENSG00000198270,1.6593189,1.8424845,0.89720047,0.33092105,1
ENSG00000198353,-0.29480478,-0.27572414,0.9817343,1.0,1
ENSG00000198369,1.2967774,1.1024337,0.8512235,1.0,1
ENSG00000198380,1.5135182,1.0986438,0.85298467,1.0,1
ENSG00000198393,0.23839541,0.7701153,0.97804993,1.0,1
ENSG00000198393,0.34990704,0.7701153,0.96777344,1.0,1
ENSG00000198399,1.0086739,1.0633334,0.8090196,1.0,1
ENSG00000198399,0.9901967,1.0633334,0.85818523,0.0034602077,1
ENSG00000198399,0.9739758,1.0633334,0.9212562,0.4114053,1
ENSG00000198431,1.4403744,2.1384606,0.83918273,1.0,1
ENSG00000198431,1.4972217,2.1384606,0.91942537,0.65478665,1
ENSG00000198431,1.4842403,2.1384606,0.8228068,0.0020149343,1
ENSG00000198431,1.4487456,2.1384606,0.899885,1.0,1
ENSG00000198431,1.4728993,2.1384606,0.7750577,0.036704335,1
ENSG00000198522,1.0586997,1.8420473,0.9255522,1.0,1
ENSG00000198586,1.1588627,1.3602146,0.92982,1.0,1
ENSG00000198586,1.1539824,1.3602146,0.9264411,1.0,1
ENSG00000198586,1.1705196,1.3602146,0.78336054,1.0,1
ENSG00000198586,1.1324717,1.3602146,0.90897554,1.0,1
ENSG00000198586,1.1712041,1.3602146,0.9062683,0.00054347824,1
ENSG00000198586,1.1867299,1.3602146,0.83115333,0.0076086954,1
ENSG00000198612,0.75472534,1.7039788,0.92424107,1.0,1
ENSG00000198612,0.7908946,1.7039788,0.95094585,0.8845161,1
ENSG00000198648,0.5141288,-0.22914799,0.9214528,1.0,1
ENSG00000198648,0.40021244,-0.22914799,0.9621723,1.0,1
ENSG00000198648,0.4091685,-0.22914799,0.9356648,1.0,1
ENSG00000198707,0.9188385,0.74350977,0.93282866,1.0,1
ENSG00000198707,0.90454423,0.74350977,0.9199439,0.9844358,1
ENSG00000198707,0.86310244,0.74350977,0.93859327,0.054474708,1
ENSG00000198855,1.0305145,-0.11918641,0.92649436,1.0,1
ENSG00000198885,0.37061897,0.350248,0.9905873,1.0,1
ENSG00000198925,1.1858326,1.7627536,0.81685615,1.0,1
ENSG00000198925,1.1710835,1.7627536,0.94203025,0.99839485,1
ENSG00000198925,1.1834047,1.7627536,0.8609401,0.45178765,1
ENSG00000198925,1.2478291,1.7627536,0.8543344,0.2883263,1
ENSG00000204099,-0.45572314,-0.82390875,0.9895717,1.0,1
ENSG00000204104,0.7956929,0.2764618,0.9292152,1.0,1
ENSG00000204120,0.6802851,1.4695275,0.9156724,1.0,1
ENSG00000204120,0.7460797,1.4695275,0.9550575,1.0,1
ENSG00000204120,0.7779398,1.4695275,0.8432082,0.9606481,1
ENSG00000204120,0.74752605,1.4695275,0.92926747,0.04278075,1
ENSG00000204120,0.74804425,1.4695275,0.9235652,0.9054054,1
ENSG00000204120,0.7341095,1.4695275,0.8650992,0.025917927,1
ENSG00000204217,0.5867177,0.65705585,0.9659728,1.0,1
ENSG00000204217,0.48931274,0.65705585,0.9715166,1.0,1
ENSG00000204311,1.6904685,0.24303804,0.8972815,1.0,1
ENSG00000204406,0.86980736,1.1900514,0.8788884,1.0,1
ENSG00000204406,0.8664533,1.1900514,0.6324923,1.0,1
ENSG00000204634,0.05917009,-0.0043648053,0.9829655,1.0,1
ENSG00000204842,1.2282408,1.4141374,0.922807,1.0,1
ENSG00000204842,1.2682924,1.4141374,0.929742,1.0,1
ENSG00000204842,1.2682924,1.4141374,0.929742,1.0,1
ENSG00000204842,1.2493005,1.4141374,0.9201318,1.0,1
ENSG00000204842,1.2920731,1.4141374,0.9312606,1.0,1
ENSG00000204842,1.2309946,1.4141374,0.86380845,1.0,1
ENSG00000204842,1.2505977,1.4141374,0.9264178,0.0,1
ENSG00000204842,1.239827,1.4141374,0.8871663,0.030837005,1
ENSG00000204842,1.2239853,1.4141374,0.80262864,0.8839779,1
ENSG00000204842,1.2668003,1.4141374,0.8595592,0.2626728,1
ENSG00000204843,1.014867,1.4313638,0.9106141,1.0,1
ENSG00000204843,1.0092969,1.4313638,0.85725254,0.0,1
ENSG00000204852,0.8408328,0.9628427,0.9062026,1.0,1
ENSG00000204852,0.8599949,0.9628427,0.93831056,1.0,1
ENSG00000204852,0.85107124,0.9628427,0.61252743,0.04016064,1
ENSG00000204852,0.8417797,0.9628427,0.86321026,0.9795082,1
ENSG00000204852,0.8989341,0.9628427,0.7686913,0.096885815,1
ENSG00000204852,0.7952293,0.9628427,0.89597565,0.018796992,1
ENSG00000204856,1.7804018,1.8397921,0.7495892,1.0,1
ENSG00000204856,1.7804018,1.8397921,0.7495892,1.0,1
ENSG00000204856,1.8127682,1.8397921,0.9319832,1.0,1
ENSG00000204856,1.7632704,1.8397921,0.8930989,1.0,1
ENSG00000204856,1.7698811,1.8397921,0.9150185,0.9939551,1
ENSG00000204923,0.79972756,0.10720997,0.95167285,1.0,1
ENSG00000204923,0.92912877,0.10720997,0.85420865,1.0,1
ENSG00000204954,1.6660904,1.5497388,0.9358172,1.0,1
ENSG00000204954,1.6605436,1.5497388,0.9046119,0.018209409,1
ENSG00000205086,-0.84541,-0.9586073,0.9934041,1.0,1
ENSG00000205086,-0.837023,-0.9586073,0.99208707,1.0,1
ENSG00000205323,2.076537,2.1086664,0.9108456,1.0,1
ENSG00000205323,2.1310391,2.1086664,0.8787633,0.97135794,1
ENSG00000205352,1.3872278,2.2241704,0.94929314,1.0,1
ENSG00000205639,1.2236049,0.76417613,0.91323465,1.0,1
ENSG00000205707,1.2521275,1.3527611,0.9474121,1.0,1
ENSG00000205707,1.2521275,1.3527611,0.9474121,1.0,1
ENSG00000205707,1.3005111,1.3527611,0.94655746,0.0,1
ENSG00000205795,0.34910044,-0.9586073,0.9568806,1.0,1
ENSG00000211455,1.1532664,0.5888317,0.9161768,1.0,1
ENSG00000211460,1.680501,1.9278321,0.9063519,1.0,1
ENSG00000211460,1.680501,1.9278321,0.9063519,1.0,1
ENSG00000211460,1.6069837,1.9278321,0.9469632,1.0,1
ENSG00000211460,1.6069837,1.9278321,0.9469632,1.0,1
ENSG00000211460,1.6783104,1.9278321,0.92213136,0.9965157,1
ENSG00000211584,1.4816504,1.0216027,0.7441702,1.0,1
ENSG00000212127,1.0440361,0.24303804,0.8719308,1.0,1
ENSG00000212127,1.0310365,0.24303804,0.97668517,1.0,1
ENSG00000213160,1.0430282,1.6390879,0.88757235,1.0,1
ENSG00000213337,1.8408293,1.3562171,0.8322399,1.0,1
ENSG00000213639,1.4864413,1.6006463,0.87215304,1.0,1
ENSG00000213699,1.3439195,1.0523092,0.9472347,1.0,1
ENSG00000213699,1.3529611,1.0523092,0.95001924,1.0,1
ENSG00000213699,1.3021929,1.0523092,0.9272813,0.9528689,1
ENSG00000213699,1.3370717,1.0523092,0.9290284,0.89855075,1
ENSG00000213699,1.3272372,1.0523092,0.9553744,0.9669052,1
ENSG00000213782,0.5732392,1.5390761,0.96149135,1.0,1
ENSG00000213782,0.53676295,1.5390761,0.9710978,0.98846036,1
ENSG00000213782,0.4589773,1.5390761,0.9651128,0.99616724,1
ENSG00000213809,0.8791175,-0.7695511,0.97234446,1.0,1
ENSG00000213809,0.5908377,-0.7695511,0.9582194,1.0,1
ENSG00000213901,0.5149646,-0.3767507,0.9766658,1.0,1
ENSG00000214595,0.873518,-0.21467017,0.9388518,1.0,1
ENSG00000214595,0.79746795,-0.21467017,0.9362429,1.0,1
ENSG00000214595,0.8233744,-0.21467017,0.92379546,1.0,1
ENSG00000214595,0.8089167,-0.21467017,0.9382608,1.0,1
ENSG00000215021,1.6878035,2.5502162,0.9404769,1.0,1
ENSG00000215021,1.6977992,2.5502162,0.91719705,1.0,1
ENSG00000215021,1.7137028,2.5502162,0.9489325,1.0,1
ENSG00000215021,1.7448074,2.5502162,0.8971826,1.0,1
ENSG00000215021,1.693349,2.5502162,0.9148397,1.0,1
ENSG00000218739,1.9061027,1.6078837,0.94196194,1.0,1
ENSG00000219626,1.169692,0.48429984,0.8900822,1.0,1
ENSG00000221823,1.4387542,1.0599419,0.9189872,1.0,1
ENSG00000221823,1.5019343,1.0599419,0.87531906,1.0,1
ENSG00000221823,1.4015377,1.0599419,0.9327302,1.0,1
ENSG00000221823,1.4164606,1.0599419,0.6135799,1.0,1
ENSG00000231672,-0.5873461,-0.9586073,0.98888665,1.0,1
ENSG00000231887,-0.13513272,0.48000693,0.94012517,1.0,1
ENSG00000231887,-0.195789,0.48000693,0.9664924,1.0,1
ENSG00000231887,-0.27120832,0.48000693,0.9904812,1.0,1
ENSG00000235162,0.8572532,-0.26760623,0.8971223,1.0,1
ENSG00000239305,0.69894993,0.553883,0.96077377,1.0,1
ENSG00000239474,0.12007798,-0.7212464,0.9736941,1.0,1
ENSG00000239779,1.6116637,1.2156376,0.94013506,1.0,1
ENSG00000239779,1.5750067,1.2156376,0.89902115,0.1745283,1
ENSG00000240344,1.1875224,1.7319914,0.91314477,1.0,1
ENSG00000240344,1.1875224,1.7319914,0.91314477,1.0,1
ENSG00000240344,1.1711235,1.7319914,0.9343967,0.74934864,1
ENSG00000240344,1.3750663,1.7319914,0.58238894,0.0,1
ENSG00000240344,1.1408476,1.7319914,0.92337656,0.7108597,1
ENSG00000240771,0.8975252,1.0934217,0.9692031,1.0,1
ENSG00000241119,-0.2510947,-0.9586073,0.979973,1.0,1
ENSG00000241962,0.93173707,-0.43179828,0.8977715,1.0,1
ENSG00000243244,-0.15435149,0.025305865,0.97950774,1.0,1
ENSG00000243667,1.4742689,0.5428254,0.9143734,1.0,1
ENSG00000243667,1.5054256,0.5428254,0.92954016,1.0,1
ENSG00000243943,1.4981824,1.8286599,0.9289578,1.0,1
ENSG00000243943,1.6009817,1.8286599,0.9341791,0.0132,1
ENSG00000243943,1.5262016,1.8286599,0.78895825,0.48008007,1
ENSG00000243943,1.5434742,1.8286599,0.9338601,0.98646265,1
ENSG00000247077,1.5173093,1.5903959,0.93795437,1.0,1
ENSG00000250565,1.0893248,0.90091306,0.9323885,1.0,1
ENSG00000251569,1.3430732,-0.24412514,0.9457893,1.0,1
ENSG00000251569,1.3762282,-0.24412514,0.9269888,1.0,1
ENSG00000251569,1.3646795,-0.24412514,0.86726403,1.0,1
ENSG00000251569,1.3566146,-0.24412514,0.9212602,1.0,1
ENSG00000256223,1.2328206,0.5843312,0.8565207,1.0,1
ENSG00000256223,1.3507564,0.5843312,0.873647,1.0,1
ENSG00000256223,1.4081434,0.5843312,0.84889424,1.0,1
ENSG00000256223,1.3002266,0.5843312,0.8156408,1.0,1
ENSG00000257218,1.2236352,1.438384,0.9533587,1.0,1
ENSG00000257218,1.3137525,1.438384,0.774848,0.18068764,1
ENSG00000257390,0.44613618,-0.55284196,0.9789131,1.0,1
ENSG00000257390,0.51065934,-0.55284196,0.96756035,1.0,1
ENSG00000257390,0.4910191,-0.55284196,0.9498897,1.0,1
ENSG00000257390,0.39151525,-0.55284196,0.9856639,1.0,1
ENSG00000257727,2.2899625,2.1634,0.90863466,1.0,1
ENSG00000257921,1.0001158,-0.13667715,0.97183955,1.0,1
ENSG00000258311,1.6659299,0.096910015,0.93474036,1.0,1
ENSG00000259075,1.0719512,-0.33724216,0.9373944,1.0,1
ENSG00000002016,1.3797877,0.9777236,0.880207,1.0,1
ENSG00000002016,1.4960617,0.9777236,0.7190003,1.0,1
ENSG00000002016,1.49868,0.9777236,0.9048894,0.06791569,1
ENSG00000002016,1.3632694,0.9777236,0.9269803,0.040963855,1
ENSG00000003056,1.492187,1.9563606,0.89556533,1.0,1
ENSG00000003056,1.5328741,1.9563606,0.90414697,1.0,1
ENSG00000003056,1.4958568,1.9563606,0.9280768,1.0,1
ENSG00000003393,1.0262617,0.76937735,0.9186364,1.0,1
ENSG00000003393,1.1584449,0.76937735,0.7826709,0.03311258,1
ENSG00000003400,0.53679717,0.8998205,0.9418864,1.0,1
ENSG00000003400,0.50770116,0.8998205,0.9514027,0.8530466,1
ENSG00000003402,1.4106652,1.7851162,0.81652844,1.0,1
ENSG00000003402,1.4123074,1.7851162,0.85390145,0.9983888,1
ENSG00000003402,1.3741771,1.7851162,0.7737282,0.076779895,1
ENSG00000003436,-0.396697,-0.48148605,0.976926,1.0,1
ENSG00000003509,0.9735843,1.3079237,0.9525164,1.0,1
ENSG00000003509,0.9724649,1.3079237,0.910929,0.9617691,1
ENSG00000004478,0.029481664,1.564666,0.985696,1.0,1
ENSG00000004700,1.4972715,1.6056283,0.92823356,1.0,1
ENSG00000005175,1.6373596,1.2588767,0.9238995,1.0,1
ENSG00000005175,1.6133995,1.2588767,0.8924091,1.0,1
ENSG00000005175,1.6343849,1.2588767,0.9066018,1.0,1
ENSG00000005175,1.6781179,1.2588767,0.92476356,0.65089166,1
ENSG00000005175,1.661024,1.2588767,0.9144923,0.61257213,1
ENSG00000005436,1.252658,1.0480531,0.9376062,1.0,1
ENSG00000005436,1.252658,1.0480531,0.9376062,1.0,1
ENSG00000005436,1.2727171,1.0480531,0.9380601,0.94545454,1
ENSG00000005436,1.2695144,1.0480531,0.9371999,0.8949495,1
ENSG00000005448,1.9449842,1.8387232,0.8942456,1.0,1
ENSG00000005448,1.952345,1.8387232,0.91740566,0.96759343,1
ENSG00000006607,1.4265115,1.4294293,0.8718292,1.0,1
ENSG00000006607,1.404165,1.4294293,0.90415967,1.0,1
ENSG00000006607,1.3876704,1.4294293,0.8975676,1.0,1
ENSG00000006831,1.1675044,1.4951279,0.9209264,1.0,1
ENSG00000006831,1.2278181,1.4951279,0.90834934,1.0,1
ENSG00000008323,1.0674329,0.31597033,0.97388315,1.0,1
ENSG00000008323,1.0559213,0.31597033,0.9661094,1.0,1
ENSG00000008394,0.38665414,1.8989992,0.9735458,1.0,1
ENSG00000008394,0.47049397,1.8989992,0.9646975,0.9949604,1
ENSG00000008394,0.15830666,1.8989992,0.9857612,0.006232687,1
ENSG00000008405,1.109501,0.65030754,0.83877724,1.0,1
ENSG00000008869,1.0681924,1.1149445,0.9378621,1.0,1
ENSG00000008869,1.0854436,1.1149445,0.8540119,1.0,1
ENSG00000008869,1.1167127,1.1149445,0.9297997,1.0,1
ENSG00000010219,0.8674158,1.6212802,0.9657688,1.0,1
ENSG00000010219,0.85536563,1.6212802,0.92486227,0.4138595,1
ENSG00000010278,0.5095959,1.0534626,0.9617294,1.0,1
ENSG00000010278,0.6796154,1.0534626,0.9333963,0.08513513,1
ENSG00000010292,1.6739596,1.9737281,0.91883934,1.0,1
ENSG00000010292,1.7213279,1.9737281,0.8871601,1.0,1
ENSG00000010292,1.6501893,1.9737281,0.8970642,1.0,1
ENSG00000010292,1.734116,1.9737281,0.81256354,0.701998,1
ENSG00000010626,0.76917064,0.43616265,0.96380913,1.0,1
ENSG00000010626,0.7055119,0.43616265,0.9679938,1.0,1
ENSG00000011523,0.6716994,0.7242759,0.9437322,1.0,1
ENSG00000011523,0.70785356,0.7242759,0.93581164,0.046511628,1
ENSG00000011566,0.735131,-0.7212464,0.90860415,1.0,1
ENSG00000011566,0.810323,-0.7212464,0.8666153,1.0,1
ENSG00000011566,0.9709039,-0.7212464,0.8517828,1.0,1
ENSG00000011566,0.84592295,-0.7212464,0.84035176,1.0,1
ENSG00000012822,1.2328539,1.1264561,0.95546126,1.0,1
ENSG00000012822,1.2978424,1.1264561,0.9120471,0.5714286,1
ENSG00000013016,0.07657993,0.89376175,0.9853402,1.0,1
ENSG00000013441,1.3599999,1.798098,0.94011724,1.0,1
ENSG00000013441,1.3461808,1.798098,0.94287926,1.0,1
ENSG00000013441,1.4311341,1.798098,0.9274903,0.41976127,1
ENSG00000013503,1.0785134,0.70329136,0.6487214,1.0,1
ENSG00000013503,1.0262077,0.70329136,0.904094,1.0,1
ENSG00000013503,1.0504501,0.70329136,0.93912077,1.0,1
ENSG00000013573,1.3631097,1.7085059,0.92656696,0.9339934,1
ENSG00000013573,1.3839587,1.7085059,0.9123768,0.909894,1
ENSG00000013588,-0.69758654,0.06069784,0.98497725,1.0,1
ENSG00000014641,1.4067686,2.3035848,0.9252543,1.0,1
ENSG00000014641,1.4665606,2.3035848,0.8968617,0.98471695,1
ENSG00000015153,1.3006281,1.1228709,0.897671,0.0,1
ENSG00000015153,1.3075471,1.1228709,0.88627255,0.20880914,1
ENSG00000015153,1.2850715,1.1228709,0.9279769,0.110091746,1
ENSG00000015153,1.2745966,1.1228709,0.935248,1.0,1
ENSG00000015153,1.2850715,1.1228709,0.9279769,0.0,1
ENSG00000015568,0.028110597,0.8686444,0.9894103,1.0,1
ENSG00000017427,0.97366846,0.26245108,0.946245,1.0,1
ENSG00000017427,0.97366846,0.26245108,0.946245,1.0,1
ENSG00000018280,-0.61767316,-0.65757734,0.98595935,1.0,1
ENSG00000018510,0.26971245,1.5601459,0.965169,1.0,1
ENSG00000018510,0.31312904,1.5601459,0.95796025,1.0,1
ENSG00000018510,0.34988883,1.5601459,0.9616828,1.0,1
ENSG00000018510,0.44310448,1.5601459,0.8965615,1.0,1
ENSG00000018510,0.39305463,1.5601459,0.9443869,1.0,1
ENSG00000018510,0.35521084,1.5601459,0.94567287,1.0,1
ENSG00000018699,0.8110074,1.198107,0.92462,1.0,1
ENSG00000021574,1.4772216,0.80345714,0.91772896,1.0,1
ENSG00000021574,1.555996,0.80345714,0.8880558,1.0,1
ENSG00000021574,1.5222571,0.80345714,0.8483194,1.0,1
ENSG00000021574,1.541098,0.80345714,0.9073146,1.0,1
ENSG00000021826,-0.424241,-0.45593196,0.98436606,1.0,1
ENSG00000022840,1.4849634,1.6957443,0.8744457,1.0,1
ENSG00000022840,1.5405508,1.6957443,0.83916366,1.0,1
ENSG00000022840,1.556169,1.6957443,0.8788343,1.0,1
ENSG00000022840,1.5282524,1.6957443,0.91191804,1.0,1
ENSG00000022840,1.5441374,1.6957443,0.9154488,1.0,1
ENSG00000023228,1.1940376,1.809627,0.92985916,1.0,1
ENSG00000023228,1.1833296,1.809627,0.9358351,0.8291494,1
ENSG00000023228,1.2648914,1.809627,0.9393153,0.9091395,1
ENSG00000023697,1.0798783,1.465234,0.9344013,1.0,1
ENSG00000023734,1.7177205,1.9648252,0.8891328,1.0,1
ENSG00000023734,1.6663568,1.9648252,0.8152706,0.0043948614,1
ENSG00000023734,1.7053341,1.9648252,0.8929403,0.9692814,1
ENSG00000028116,1.4909278,1.5724069,0.89445055,1.0,1
ENSG00000028116,1.4796407,1.5724069,0.83622366,1.0,1
ENSG00000028116,1.5168694,1.5724069,0.81741154,1.0,1
ENSG00000028116,1.4972664,1.5724069,0.8917801,1.0,1
ENSG00000028116,1.4743975,1.5724069,0.6403667,0.0,1
ENSG00000028116,1.5078143,1.5724069,0.6391871,0.0,1
ENSG00000028116,1.4968244,1.5724069,0.89599633,0.015433896,1
ENSG00000028116,1.5062066,1.5724069,0.8525449,0.9260338,1
ENSG00000028116,1.5218843,1.5724069,0.79363805,0.08590565,1
ENSG00000028203,1.3980664,1.6652995,0.9117417,1.0,1
ENSG00000028203,1.4344605,1.6652995,0.84446,0.88836706,1
ENSG00000028203,1.4565958,1.6652995,0.9132963,0.76865673,1
ENSG00000028203,1.4898596,1.6652995,0.88123673,0.45614034,1
ENSG00000028203,1.4212817,1.6652995,0.83119035,0.41150442,1
ENSG00000028203,1.4601588,1.6652995,0.8868187,0.004782782,1
ENSG00000029153,1.03706,1.2530956,0.94047254,1.0,1
ENSG00000032389,1.1994004,1.5656117,0.92596984,1.0,1
ENSG00000033030,1.0777365,1.2340108,0.92843616,1.0,1
ENSG00000033030,1.0741775,1.2340108,0.9342429,0.9815005,1
ENSG00000034510,1.8574024,3.5516768,0.9584423,1.0,1
ENSG00000035115,0.74805653,1.2307043,0.8134806,1.0,1
ENSG00000035115,0.67524755,1.2307043,0.85450596,0.4014706,1
ENSG00000035115,0.61483943,1.2307043,0.97041965,1.0,1
ENSG00000035115,0.8152089,1.2307043,0.7918716,0.0,1
ENSG00000035115,0.61723495,1.2307043,0.96983284,0.23809524,1
ENSG00000035141,1.2700195,1.8992184,0.8345486,1.0,1
ENSG00000035141,1.2814347,1.8992184,0.88432163,1.0,1
ENSG00000035141,1.2945031,1.8992184,0.88214695,0.01735107,1
ENSG00000036257,1.4189242,1.5565437,0.9180974,1.0,1
ENSG00000037897,1.6022547,1.4044917,0.94925725,1.0,1
ENSG00000037897,1.5674325,1.4044917,0.93495303,1.0,1
ENSG00000037897,1.6320902,1.4044917,0.9443097,0.21005386,1
ENSG00000040933,1.2556518,1.4637437,0.94805115,1.0,1
ENSG00000040933,1.2613446,1.4637437,0.7177497,0.30044842,1
ENSG00000042445,1.098586,1.2417954,0.949523,1.0,1
ENSG00000042445,1.1052617,1.2417954,0.926675,1.0,1
ENSG00000042445,1.0880551,1.2417954,0.94589627,0.87586206,1
ENSG00000042445,1.1277143,1.2417954,0.93970674,0.99296325,1
ENSG00000042493,-0.030199707,2.1558824,0.88130367,1.0,1
ENSG00000047621,1.2475923,1.1209028,0.9045857,1.0,1
ENSG00000047621,1.231068,1.1209028,0.9293963,1.0,1
ENSG00000047621,1.1147387,1.1209028,0.9268664,1.0,1
ENSG00000048991,1.6140544,1.548635,0.77620375,1.0,1
ENSG00000048991,1.6152514,1.548635,0.90083987,1.0,1
ENSG00000048991,1.6491925,1.548635,0.85310096,0.99884194,1
ENSG00000048991,1.5209643,1.548635,0.75206304,0.03444976,1
ENSG00000049323,-0.5637076,-0.6777807,0.991211,1.0,1
ENSG00000049323,-0.4679737,-0.6777807,0.9858569,1.0,1
ENSG00000050405,1.2518615,1.6521496,0.7034355,1.0,1
ENSG00000050405,1.271529,1.6521496,0.6571738,0.0,1
ENSG00000050426,1.5277135,1.8189514,0.9155975,1.0,1
ENSG00000050426,1.5521091,1.8189514,0.93304914,1.0,1
ENSG00000050426,1.629399,1.8189514,0.942103,1.0,1
ENSG00000050426,1.6143018,1.8189514,0.93342686,0.6201923,1
ENSG00000050426,1.5607593,1.8189514,0.9471273,0.7585752,1
ENSG00000050426,1.5607593,1.8189514,0.9471273,0.09825998,1
ENSG00000050426,1.5728626,1.8189514,0.94135773,0.0,1
ENSG00000050426,1.5529364,1.8189514,0.9345834,0.929258,1
ENSG00000050438,0.62624264,0.64836,0.96432054,1.0,1
ENSG00000051825,1.6057781,1.5161386,0.9281288,1.0,1
ENSG00000051825,1.5982938,1.5161386,0.914405,0.07259953,1
ENSG00000055044,1.8905787,2.0606222,0.9239629,1.0,1
ENSG00000055044,1.906332,2.0606222,0.91103655,0.056628983,1
ENSG00000055332,1.3201796,1.5567847,0.9259775,1.0,1
ENSG00000055332,1.3651237,1.5567847,0.9302809,1.0,1
ENSG00000055332,1.2961293,1.5567847,0.91687036,0.92754394,1
ENSG00000055917,1.482976,1.5645477,0.9255562,1.0,1
ENSG00000055917,1.5252134,1.5645477,0.8902237,1.0,1
ENSG00000055917,1.4978065,1.5645477,0.91532993,1.0,1
ENSG00000055917,1.4517034,1.5645477,0.9242704,0.5069423,1
ENSG00000055917,1.4435823,1.5645477,0.83760124,0.9135727,1
ENSG00000055917,1.4370555,1.5645477,0.9222713,0.34195527,1
ENSG00000057935,0.9450269,1.3558345,0.9005606,1.0,1
ENSG00000058272,1.3875644,1.3240765,0.93549114,1.0,1
ENSG00000058272,1.3232248,1.3240765,0.7903463,0.11264822,1
ENSG00000058272,1.3783562,1.3240765,0.91530913,1.0,1
ENSG00000058272,1.4094695,1.3240765,0.9176289,0.80189675,1
ENSG00000058272,1.3628545,1.3240765,0.91965026,0.9190821,1
ENSG00000059728,1.4785918,0.3673559,0.9385246,1.0,1
ENSG00000059728,1.4424571,0.3673559,0.91891754,1.0,1
ENSG00000059728,1.3670416,0.3673559,0.68003654,0.9318182,1
ENSG00000059758,1.5811104,1.0030295,0.90084064,1.0,1
ENSG00000059758,1.5444748,1.0030295,0.92453957,0.94285715,1
ENSG00000059804,1.0542004,1.0094509,0.9138939,1.0,1
ENSG00000060138,0.9749999,1.9685297,0.9730191,1.0,1
ENSG00000060138,1.0406777,1.9685297,0.9578312,1.0,1
ENSG00000060138,0.9384792,1.9685297,0.94207954,0.701942,1
ENSG00000060138,1.0034908,1.9685297,0.8523759,0.0,1
ENSG00000060140,-0.49267098,0.26951295,0.98658025,1.0,1
ENSG00000060237,1.2758106,1.870638,0.92160195,1.0,1
ENSG00000060237,1.24123,1.870638,0.84768766,0.0,1
ENSG00000060237,1.2494724,1.870638,0.8390705,0.0,1
ENSG00000060982,1.794943,1.575765,0.8834223,1.0,1
ENSG00000060982,1.8022097,1.575765,0.87375844,0.98103756,1
ENSG00000060982,1.7694951,1.575765,0.9045913,1.0,1
ENSG00000061273,1.1963799,0.96754795,0.9437632,1.0,1
ENSG00000061273,1.2712406,0.96754795,0.93042505,1.0,1
ENSG00000061273,1.2567301,0.96754795,0.9514363,0.0,1
ENSG00000061273,1.2925416,0.96754795,0.94703865,0.47086248,1
ENSG00000061273,1.2147791,0.96754795,0.8396536,1.0,1
ENSG00000061676,0.68697226,-0.22184876,0.88582116,1.0,1
ENSG00000061936,0.7298533,1.4445132,0.9250771,1.0,1
ENSG00000061936,0.745517,1.4445132,0.92594236,1.0,1
ENSG00000061936,0.8137286,1.4445132,0.93253726,1.0,1
ENSG00000061936,0.8312334,1.4445132,0.9174099,0.020773226,1
ENSG00000061987,0.70119894,1.1215599,0.9000936,1.0,1
ENSG00000061987,0.6959946,1.1215599,0.9258627,1.0,1
ENSG00000061987,0.74822795,1.1215599,0.7689579,0.65084225,1
ENSG00000061987,0.68340266,1.1215599,0.8607392,0.40724638,1
ENSG00000062485,1.5778123,2.0161138,0.7145798,1.0,1
ENSG00000062485,1.5778123,2.0161138,0.7145798,1.0,1
ENSG00000062485,1.5702516,2.0161138,0.76077706,0.0018532246,1
ENSG00000062485,1.6039025,2.0161138,0.9318433,0.019300802,1
ENSG00000063046,1.330066,2.450126,0.9247179,1.0,1
ENSG00000063046,1.3469461,2.450126,0.92554665,1.0,1
ENSG00000063046,1.3226309,2.450126,0.90123063,0.99814916,1
ENSG00000063046,1.3452754,2.450126,0.9077249,0.975273,1
ENSG00000063660,0.39246276,-0.7447275,0.96981746,1.0,1
ENSG00000063660,0.2864253,-0.7447275,0.9812026,1.0,1
ENSG00000064012,0.6803832,1.4973444,0.96412516,1.0,1
ENSG00000064012,0.6811502,1.4973444,0.940843,0.0013767784,1
ENSG00000064012,0.75326276,1.4973444,0.8906299,0.25745684,1
ENSG00000064012,0.7293315,1.4973444,0.90464526,0.8052373,1
ENSG00000064102,1.8814865,1.4266739,0.90141076,1.0,1
ENSG00000064102,1.8484706,1.4266739,0.9241283,1.0,1
ENSG00000064102,1.7558106,1.4266739,0.8356793,1.0,1
ENSG00000064115,1.8197495,1.7160869,0.89251345,1.0,1
ENSG00000064763,0.06428424,-0.30103,0.9823392,1.0,1
ENSG00000064933,1.3934112,1.1616675,0.8975182,1.0,1
ENSG00000064933,1.3324995,1.1616675,0.86346436,1.0,1
ENSG00000064933,1.4521426,1.1616675,0.9110639,1.0,1
ENSG00000064933,1.3389736,1.1616675,0.8847717,0.45662537,1
ENSG00000064933,1.3247504,1.1616675,0.8293417,0.95633185,1
ENSG00000064933,1.4001108,1.1616675,0.8996435,0.0,1
ENSG00000064933,1.3273662,1.1616675,0.89743465,0.9762557,1
ENSG00000064989,0.84589565,0.46089783,0.9458796,1.0,1
ENSG00000065357,1.2104615,1.4965146,0.9437474,0.9933775,1
ENSG00000065548,1.6325488,1.7779341,0.88590044,1.0,1
ENSG00000065548,1.6197872,1.7779341,0.9260641,1.0,1
ENSG00000065548,1.6513531,1.7779341,0.91716945,1.0,1
ENSG00000065548,1.5982326,1.7779341,0.9285237,1.0,1
ENSG00000065548,1.5721707,1.7779341,0.93373054,0.11229081,1
ENSG00000065802,1.3709785,1.4568213,0.9368352,1.0,1
ENSG00000065911,1.4632943,2.090646,0.94590807,1.0,1
ENSG00000065911,1.4722465,2.090646,0.94866616,0.3954782,1
ENSG00000065911,1.46329,2.090646,0.9423152,1.0,1
ENSG00000065970,0.38550058,0.72997427,0.9687213,1.0,1
ENSG00000066084,1.1459361,1.1486026,0.91591007,1.0,1
ENSG00000066117,0.9154936,1.8363874,0.95303637,1.0,1
ENSG00000066117,0.93792844,1.8363874,0.9457744,1.0,1
ENSG00000066117,0.93792844,1.8363874,0.9457744,1.0,1
ENSG00000066117,1.0037148,1.8363874,0.92345184,0.61264825,1
ENSG00000067066,1.8772057,2.1377022,0.9230888,1.0,1
ENSG00000067066,1.8842174,2.1377022,0.85817444,0.99251693,1
ENSG00000067066,1.8945403,2.1377022,0.9039853,0.005909484,1
ENSG00000067066,1.8790729,2.1377022,0.77366966,0.6911947,1
ENSG00000067182,1.3537452,1.0546131,0.8392467,1.0,1
ENSG00000067182,1.3451395,1.0546131,0.9525862,1.0,1
ENSG00000067182,1.3409224,1.0546131,0.9338504,1.0,1
ENSG00000068024,1.2763039,0.47712126,0.9070107,1.0,1
ENSG00000068654,1.5439824,1.1169397,0.8751349,1.0,1
ENSG00000068697,1.3052276,1.285107,0.92372835,1.0,1
ENSG00000068697,1.2951357,1.285107,0.9367036,1.0,1
ENSG00000068724,1.2417883,1.3639878,0.89544284,1.0,1
ENSG00000068724,1.2316415,1.3639878,0.6721558,0.007733492,1
ENSG00000068724,1.224807,1.3639878,0.74841076,0.07376561,1
ENSG00000068724,1.1929711,1.3639878,0.92040116,0.9539877,1
ENSG00000068724,1.205247,1.3639878,0.95244503,0.9455348,1
ENSG00000068724,1.2304615,1.3639878,0.94391537,0.0,1
ENSG00000068784,1.1726702,0.94645226,0.9158585,1.0,1
ENSG00000068878,1.478077,1.31133,0.9224974,1.0,1
ENSG00000068878,1.5011412,1.31133,0.85487825,0.74080086,1
ENSG00000068878,1.4882287,1.31133,0.8268022,1.0,1
ENSG00000068912,1.6009525,1.3937507,0.8748297,1.0,1
ENSG00000068912,1.6644739,1.3937507,0.8729351,0.8529227,1
ENSG00000069493,1.3611093,1.0780941,0.930336,1.0,1
ENSG00000069493,1.330921,1.0780941,0.931203,1.0,1
ENSG00000069493,1.2953613,1.0780941,0.90916806,0.52878463,1
ENSG00000070018,1.0368909,0.65030754,0.9019099,1.0,1
ENSG00000070019,-0.3761103,-0.65757734,0.97896135,1.0,1
ENSG00000070019,-0.3484935,-0.65757734,0.97165304,1.0,1
ENSG00000070019,-0.3640767,-0.65757734,0.98375374,1.0,1
ENSG00000070019,-0.3809487,-0.65757734,0.98520815,1.0,1
ENSG00000070961,1.2754894,1.326131,0.9136104,1.0,1
ENSG00000070961,1.3046879,1.326131,0.7804204,1.0,1
ENSG00000070961,1.2697171,1.326131,0.9223361,1.0,1
ENSG00000070961,1.2536372,1.326131,0.8291954,0.90909094,1
ENSG00000071051,0.8579749,1.3898746,0.9542239,1.0,1
ENSG00000071051,0.7392092,1.3898746,0.97017205,0.52272725,1
ENSG00000071054,0.20921296,1.0174507,0.9701058,1.0,1
ENSG00000071054,0.1151662,1.0174507,0.9823413,0.37065637,1
ENSG00000071054,0.2675624,1.0174507,0.7852139,0.6293436,1
ENSG00000071054,0.19311708,1.0174507,0.97633296,0.27413127,1
ENSG00000071073,0.91471434,0.9633155,0.77492845,1.0,1
ENSG00000071073,0.8590808,0.9633155,0.9554312,1.0,1
ENSG00000071073,0.89883935,0.9633155,0.60857207,1.0,1
ENSG00000071073,0.91266143,0.9633155,0.93723464,1.0,1
ENSG00000071073,0.9294194,0.9633155,0.9547379,1.0,1
ENSG00000071575,0.47037107,0.81491315,0.9511726,1.0,1
ENSG00000071909,1.0725765,0.06069784,0.8689615,1.0,1
ENSG00000071967,0.9265386,1.3471348,0.9413312,1.0,1
ENSG00000071967,0.96896636,1.3471348,0.92103165,1.0,1
ENSG00000071967,0.96896636,1.3471348,0.92103165,1.0,1
ENSG00000071967,0.9265386,1.3471348,0.9413312,0.9596774,1
ENSG00000072135,1.6412319,1.6747693,0.8271161,1.0,1
ENSG00000072135,1.6674827,1.6747693,0.9402634,1.0,1
ENSG00000072135,1.6405542,1.6747693,0.9392179,1.0,1
ENSG00000072609,1.0509981,1.5762261,0.91142577,1.0,1
ENSG00000072609,1.0990739,1.5762261,0.8778544,1.0,1
ENSG00000072609,1.1157165,1.5762261,0.7955802,0.38709676,1
ENSG00000072609,1.0859741,1.5762261,0.9106769,0.9498945,1
ENSG00000072609,1.0623187,1.5762261,0.9051059,0.62598425,1
ENSG00000072609,1.072748,1.5762261,0.83394736,0.37698412,1
ENSG00000073060,1.0447596,1.8466463,0.9354422,1.0,1
ENSG00000073060,1.0000675,1.8466463,0.90483946,0.5756619,1
ENSG00000073060,1.0460184,1.8466463,0.9365074,0.029071584,1
ENSG00000073614,1.3885885,1.1031193,0.89574605,1.0,1
ENSG00000073614,1.3129972,1.1031193,0.86317825,1.0,1
ENSG00000073614,1.3228836,1.1031193,0.90682966,0.3138614,1
ENSG00000074054,1.4002467,1.370328,0.85579455,1.0,1
ENSG00000074054,1.4208086,1.370328,0.90405315,1.0,1
ENSG00000074054,1.4287559,1.370328,0.8878991,1.0,1
ENSG00000074582,0.84084296,1.765296,0.94841677,1.0,1
ENSG00000074582,0.8599756,1.765296,0.95785385,0.17525035,1
ENSG00000074582,0.80587864,1.765296,0.9580874,0.02700422,1
ENSG00000074582,0.8882046,1.765296,0.95664513,0.03433836,1
ENSG00000075089,1.0854762,1.1953461,0.92341626,1.0,1
ENSG00000075089,1.0753677,1.1953461,0.9375331,0.9936958,1
ENSG00000075188,1.3939322,1.6262376,0.8985997,1.0,1
ENSG00000075188,1.3642787,1.6262376,0.9300238,0.0085443035,1
ENSG00000075292,0.99836993,1.6265457,0.9138461,1.0,1
ENSG00000075292,1.0212619,1.6265457,0.9047006,0.84579873,1
ENSG00000075415,1.9589701,2.67587,0.9203432,1.0,1
ENSG00000075426,1.1695783,-0.43179828,0.92258966,1.0,1
ENSG00000075426,1.1687223,-0.43179828,0.94749606,1.0,1
ENSG00000075856,1.524329,1.7560272,0.8796658,1.0,1
ENSG00000075856,1.5427083,1.7560272,0.9323797,0.9879601,1
ENSG00000075856,1.5629689,1.7560272,0.9073264,0.007911936,1
ENSG00000075884,1.1699988,1.4252081,0.8930234,1.0,1
ENSG00000076003,1.3977965,1.7736402,0.9358328,1.0,1
ENSG00000076003,1.3550547,1.7736402,0.91387147,1.0,1
ENSG00000076067,-0.46603706,0.45178643,0.9851881,1.0,1
ENSG00000076108,1.2809848,1.6259295,0.94787365,1.0,1
ENSG00000076108,1.2635142,1.6259295,0.9499702,1.0,1
ENSG00000076108,1.2757344,1.6259295,0.927595,0.12118177,1
ENSG00000076248,1.220682,1.6505018,0.9255015,1.0,1
ENSG00000076248,1.2834023,1.6505018,0.9531619,0.98968554,1
ENSG00000076513,1.428024,1.8113068,0.88490975,1.0,1
ENSG00000076513,1.428024,1.8113068,0.88490975,1.0,1
ENSG00000076513,1.463328,1.8113068,0.94134754,1.0,1
ENSG00000076513,1.4701629,1.8113068,0.9231051,1.0,1
ENSG00000076513,1.4599392,1.8113068,0.93078154,0.97510374,1
ENSG00000077044,1.2371352,1.6530194,0.93687254,1.0,1
ENSG00000077044,1.2420636,1.6530194,0.93500835,0.19196141,1
ENSG00000077232,1.3342394,1.3637999,0.9053315,1.0,1
ENSG00000077232,1.2905246,1.3637999,0.8850331,1.0,1
ENSG00000077232,1.2686665,1.3637999,0.7043657,0.9606825,1
ENSG00000077232,1.3266112,1.3637999,0.80340856,0.016704632,1
ENSG00000077232,1.2976695,1.3637999,0.8689558,0.03868613,1
ENSG00000077232,1.3410064,1.3637999,0.9241956,0.08030726,1
ENSG00000077380,1.1049104,1.61878,0.9413372,1.0,1
ENSG00000077380,1.1462188,1.61878,0.58633685,0.027428202,1
ENSG00000077380,1.1014618,1.61878,0.82393765,0.030868167,1
ENSG00000078237,1.5416919,1.0599419,0.84631205,1.0,1
ENSG00000078246,1.3250726,0.85733247,0.9290474,1.0,1
ENSG00000078246,1.3483369,0.85733247,0.9403451,0.8837607,1
ENSG00000078246,1.3422683,0.85733247,0.8905034,0.93846154,1
ENSG00000078246,1.3318976,0.85733247,0.8800563,0.94529915,1
ENSG00000078246,1.3298203,0.85733247,0.9316105,0.93846154,1
ENSG00000079150,1.0575886,0.9380191,0.95174253,1.0,1
ENSG00000079150,1.0065949,0.9380191,0.9261612,0.82738096,1
ENSG00000079150,1.0757593,0.9380191,0.9522179,0.3794643,1
ENSG00000079150,1.0575886,0.9380191,0.95174253,0.26526716,1
ENSG00000079156,0.1583012,-0.79588,0.9769345,1.0,1
ENSG00000079246,1.6376121,2.2889419,0.9156022,1.0,1
ENSG00000079246,1.6280559,2.2889419,0.9307434,1.0,1
ENSG00000079337,0.25584263,-0.14874165,0.9706717,1.0,1
ENSG00000079337,0.27934822,-0.14874165,0.971199,1.0,1
ENSG00000079387,2.033021,1.1958996,0.67542285,1.0,1
ENSG00000079387,2.080297,1.1958996,0.8886727,0.23570432,1
ENSG00000079785,0.9250586,1.6505989,0.8989035,1.0,1
ENSG00000080345,0.94674325,0.9894498,0.92664593,1.0,1
ENSG00000080345,0.9203037,0.9894498,0.9191279,1.0,1
ENSG00000080345,0.9412106,0.9894498,0.94549507,1.0,1
ENSG00000080345,0.9620695,0.9894498,0.94047743,1.0,1
ENSG00000080345,0.9429145,0.9894498,0.88976187,0.66549706,1
ENSG00000080371,1.262292,1.1338581,0.92406934,1.0,1
ENSG00000080371,1.2165039,1.1338581,0.91914994,1.0,1
ENSG00000080371,1.2578651,1.1338581,0.95082986,1.0,1
ENSG00000081320,1.6973308,1.4122925,0.70373815,1.0,1
ENSG00000081320,1.720351,1.4122925,0.84252673,1.0,1
ENSG00000081320,1.7579664,1.4122925,0.8341681,1.0,1
ENSG00000081760,1.2060435,1.2322335,0.9364581,1.0,1
ENSG00000081760,1.1653396,1.2322335,0.9422058,1.0,1
ENSG00000081760,1.1789635,1.2322335,0.8258986,0.015178571,1
ENSG00000081760,1.2689456,1.2322335,0.93581873,0.85275644,1
ENSG00000082146,1.1421703,1.3428173,0.9447506,1.0,1
ENSG00000082146,1.0603926,1.3428173,0.92093116,1.0,1
ENSG00000082146,1.1751125,1.3428173,0.9089156,1.0,1
ENSG00000082153,1.7485074,2.2260325,0.94604003,1.0,1
ENSG00000082258,1.456504,1.1643529,0.9032671,1.0,1
ENSG00000082258,1.5544387,1.1643529,0.91681814,0.26522595,1
ENSG00000082805,0.7688091,0.32221928,0.93992174,0.8181818,1
ENSG00000082805,0.7355118,0.32221928,0.4155758,0.060606062,1
ENSG00000082805,0.6240748,0.32221928,0.9556472,0.9444444,1
ENSG00000082805,0.62635875,0.32221928,0.94072115,0.05970149,1
ENSG00000082805,0.649336,0.32221928,0.7412013,0.0,1
ENSG00000082898,1.5391256,2.0304782,0.8891743,1.0,1
ENSG00000082898,1.6126863,2.0304782,0.91020584,1.0,1
ENSG00000082898,1.6050847,2.0304782,0.91173923,1.0,1
ENSG00000082898,1.6527483,2.0304782,0.8682817,1.0,1
ENSG00000084090,1.2830179,1.9880235,0.8527073,1.0,1
ENSG00000084110,0.23202747,-0.65757734,0.9468368,1.0,1
ENSG00000084112,1.3587441,0.9943172,0.89767444,1.0,1
ENSG00000084444,0.09978819,-0.63827217,0.977445,1.0,1
ENSG00000084463,1.6908484,1.1055102,0.8966107,1.0,1
ENSG00000084463,1.6145114,1.1055102,0.6358827,1.0,1
ENSG00000084463,1.5887185,1.1055102,0.85752684,0.022134388,1
ENSG00000084676,0.3543161,0.60638136,0.9784241,1.0,1
ENSG00000084676,0.3822888,0.60638136,0.9657747,1.0,1
ENSG00000084676,0.48097897,0.60638136,0.9756674,0.9528302,1
ENSG00000084676,0.4219776,0.60638136,0.95241916,0.7920792,1
ENSG00000084693,1.1283628,1.1251558,0.9133369,1.0,1
ENSG00000084693,1.1006968,1.1251558,0.8498788,0.78364563,1
ENSG00000084731,0.22905713,-0.1674911,0.96597433,1.0,1
ENSG00000084731,0.2127769,-0.1674911,0.9724859,1.0,1
ENSG00000084733,1.5201223,1.7102866,0.8977177,1.0,1
ENSG00000084733,1.5136217,1.7102866,0.92836976,1.0,1
ENSG00000084733,1.4974538,1.7102866,0.8944315,1.0,1
ENSG00000084733,1.5316088,1.7102866,0.9138381,1.0,1
ENSG00000084754,1.3510317,1.9832654,0.6931441,1.0,1
ENSG00000084764,0.14675927,0.012837225,0.9783971,1.0,1
ENSG00000084774,1.1229637,1.7299743,0.94057655,1.0,1
ENSG00000084774,1.1518053,1.7299743,0.94154125,1.0,1
ENSG00000085449,1.0043565,0.9111576,0.9555341,1.0,1
ENSG00000085760,1.1151636,1.3519895,0.92714936,1.0,1
ENSG00000085760,1.1654599,1.3519895,0.92159736,1.0,1
ENSG00000085760,1.1240982,1.3519895,0.6128869,0.089770354,1
ENSG00000085978,1.3781043,1.2862319,0.93759906,1.0,1
ENSG00000085978,1.3781043,1.2862319,0.93759906,1.0,1
ENSG00000085978,1.3415576,1.2862319,0.9398488,1.0,1
ENSG00000085978,1.3719535,1.2862319,0.88557434,0.4761484,1
ENSG00000085982,0.9899881,1.0831442,0.95340776,1.0,1
ENSG00000085982,1.0209383,1.0831442,0.94081515,0.975,1
ENSG00000086598,1.7802736,1.9955035,0.9387819,1.0,1
ENSG00000087338,1.0208381,0.8744818,0.92471546,1.0,1
ENSG00000087448,0.83922553,1.1525941,0.9507652,1.0,1
ENSG00000087470,1.4167937,1.6571515,0.8249313,1.0,1
ENSG00000087470,1.4167937,1.6571515,0.8249313,1.0,1
ENSG00000087470,1.4281061,1.6571515,0.90162283,1.0,1
ENSG00000087470,1.4374169,1.6571515,0.8828876,1.0,1
ENSG00000087470,1.4072473,1.6571515,0.76921874,0.114417285,1
ENSG00000087470,1.4469743,1.6571515,0.90158635,1.0,1
ENSG00000087470,1.392296,1.6571515,0.8737546,0.99005175,1
ENSG00000087470,1.458776,1.6571515,0.9039675,1.0,1
ENSG00000087470,1.4630834,1.6571515,0.9232868,0.20320642,1
ENSG00000087470,1.4047283,1.6571515,0.90322244,0.5412541,1
ENSG00000087470,1.4056739,1.6571515,0.7774724,0.93464977,1
ENSG00000087470,1.4222697,1.6571515,0.838068,0.75558865,1
ENSG00000087494,0.07422022,-0.82390875,0.9362057,1.0,1
ENSG00000087502,1.5501517,1.3590763,0.90419585,1.0,1
ENSG00000088179,0.95729387,1.1607685,0.800094,1.0,1
ENSG00000088205,1.576799,1.6254153,0.89039195,1.0,1
ENSG00000088986,1.4624373,2.4899023,0.8104469,1.0,1
ENSG00000088986,1.4521273,2.4899023,0.82072645,1.0,1
ENSG00000088992,1.069578,1.1824147,0.95818055,1.0,1
ENSG00000088992,1.0633538,1.1824147,0.88902396,1.0,1
ENSG00000088992,1.0979367,1.1824147,0.89681447,0.96346706,1
ENSG00000089022,1.4752376,1.5734519,0.9291678,1.0,1
ENSG00000089041,0.75136375,0.08278537,0.94910926,1.0,1
ENSG00000089053,1.371696,2.1230671,0.90656555,1.0,1
ENSG00000089053,1.3929446,2.1230671,0.8980318,0.8934145,1
ENSG00000089060,0.29366353,0.7986506,0.9561355,1.0,1
ENSG00000089060,0.25978702,0.7986506,0.9517261,1.0,1
ENSG00000089060,0.40673578,0.7986506,0.9500811,0.002770083,1
ENSG00000089060,0.27600658,0.7986506,0.9592264,0.93073595,1
ENSG00000089094,0.2913147,1.7776443,0.9701264,1.0,1
ENSG00000089094,0.3085088,1.7776443,0.9288582,1.0,1
ENSG00000089094,0.33054516,1.7776443,0.9366666,0.9616469,1
ENSG00000089154,1.5066348,1.884682,0.93401134,1.0,1
ENSG00000089159,-0.3384423,1.2289134,0.98515135,0.11092437,1
ENSG00000089163,0.6764027,-0.60206,0.9301827,1.0,1
ENSG00000089163,0.6610966,-0.60206,0.9607388,1.0,1
ENSG00000089220,1.3981854,2.189771,0.94596004,1.0,1
ENSG00000089220,1.4855047,2.189771,0.8397758,1.0,1
ENSG00000089234,1.2081267,0.9818186,0.92017573,1.0,1
ENSG00000089248,1.3922256,1.985067,0.9205874,0.89632326,1
ENSG00000089692,0.64608204,0.29885307,0.96721405,1.0,1
ENSG00000089693,2.1008856,2.158694,0.9142309,1.0,1
ENSG00000089693,2.0467916,2.158694,0.8368506,1.0,1
ENSG00000089818,1.9451195,1.2579185,0.91843873,1.0,1
ENSG00000089818,1.8770509,1.2579185,0.91500497,0.42164782,1
ENSG00000090376,0.94180965,0.62838894,0.9702602,1.0,1
ENSG00000090382,-0.16135891,-0.9586073,0.98969686,1.0,1
ENSG00000090612,0.6166924,1.0008677,0.9650401,1.0,1
ENSG00000090612,0.59672546,1.0008677,0.9728853,1.0,1
ENSG00000090612,0.6110182,1.0008677,0.8964283,0.63573885,1
ENSG00000090615,1.489862,1.2214142,0.9046401,1.0,1
ENSG00000091039,0.9427525,1.1789769,0.9318098,1.0,1
ENSG00000091039,1.0538315,1.1789769,0.9228133,1.0,1
ENSG00000091039,0.99399436,1.1789769,0.7773877,0.79481643,1
ENSG00000091106,0.7710545,-0.5086383,0.9504799,1.0,1
ENSG00000091106,0.6944959,-0.5086383,0.96583205,1.0,1
ENSG00000091409,-0.6981393,-0.88605666,0.9894438,1.0,1
ENSG00000091409,-0.6747987,-0.88605666,0.98020226,1.0,1
ENSG00000091428,0.72864234,-0.65757734,0.85765415,1.0,1
ENSG00000091428,0.31354418,-0.65757734,0.96543026,1.0,1
ENSG00000091436,0.58972156,0.07918125,0.967601,1.0,1
ENSG00000092841,1.641208,2.97255,0.8358305,1.0,1
ENSG00000092841,1.5784047,2.97255,0.9483765,1.0,1
ENSG00000092841,1.6091373,2.97255,0.951054,1.0,1
ENSG00000092841,1.6185067,2.97255,0.94993424,1.0,1
ENSG00000092841,1.5977026,2.97255,0.94708174,1.0,1
ENSG00000092841,1.6138786,2.97255,0.9525521,0.9641299,1
ENSG00000092841,1.636225,2.97255,0.8624735,0.028211059,1
ENSG00000094914,1.4402257,1.7926018,0.91461647,1.0,1
ENSG00000094914,1.4308419,1.7926018,0.9306041,0.95550257,1
ENSG00000094916,1.576039,1.5718253,0.8987499,1.0,1
ENSG00000094916,1.5425333,1.5718253,0.9206932,1.0,1
ENSG00000095002,1.1425339,1.5228353,0.8900407,1.0,1
ENSG00000095002,1.1681459,1.5228353,0.8998193,1.0,1
ENSG00000102189,1.366576,0.67851835,0.9270987,1.0,1
ENSG00000102189,1.3417838,0.67851835,0.91120124,1.0,1
ENSG00000110801,1.6127621,1.8979019,0.94032496,1.0,1
ENSG00000110801,1.6468658,1.8979019,0.9329573,1.0,1
ENSG00000110801,1.6399258,1.8979019,0.84698147,0.55910546,1
ENSG00000110841,1.085112,0.28330123,0.9288926,1.0,1
ENSG00000110844,1.019446,0.9068735,0.9506322,1.0,1
ENSG00000110844,0.9233959,0.9068735,0.9545332,1.0,1
ENSG00000110848,1.2366599,0.9652017,0.9430901,1.0,1
ENSG00000110848,1.2409531,0.9652017,0.9443892,1.0,1
ENSG00000110848,1.2221556,0.9652017,0.93695825,1.0,1
ENSG00000110851,0.65654933,1.0305997,0.97662497,1.0,1
ENSG00000110852,0.63987815,0.84010607,0.96807855,1.0,1
ENSG00000110852,0.80137944,0.84010607,0.9741086,1.0,1
ENSG00000110852,1.0339745,0.84010607,0.9179291,1.0,1
ENSG00000110871,1.0542513,1.4361626,0.93859893,1.0,1
ENSG00000110871,1.0812594,1.4361626,0.91923696,1.0,1
ENSG00000110871,1.094714,1.4361626,0.8533302,0.036949687,1
ENSG00000110880,1.162344,2.117238,0.94211966,1.0,1
ENSG00000110880,1.2292043,2.117238,0.9092521,1.0,1
ENSG00000110881,0.34328622,-0.79588,0.97871345,1.0,1
ENSG00000110888,0.8737962,0.94101423,0.8680706,1.0,1
ENSG00000110888,0.87282205,0.94101423,0.95789135,1.0,1
ENSG00000110888,0.9088185,0.94101423,0.92591435,1.0,1
ENSG00000110888,0.9086796,0.94101423,0.8653404,0.17902814,1
ENSG00000110888,0.8991724,0.94101423,0.94187236,0.90614885,1
ENSG00000110888,0.9099605,0.94101423,0.8324941,0.6682578,1
ENSG00000110888,0.88894534,0.94101423,0.9409095,0.34015346,1
ENSG00000110906,1.2799176,1.6001012,0.91443014,1.0,1
ENSG00000110906,1.2799176,1.6001012,0.91443014,1.0,1
ENSG00000110906,1.3382955,1.6001012,0.9355294,1.0,1
ENSG00000110906,1.3675243,1.6001012,0.93497014,1.0,1
ENSG00000110906,1.3675243,1.6001012,0.93497014,0.686368,1
ENSG00000110911,0.8599055,1.1562462,0.8955237,1.0,1
ENSG00000110917,1.86294,1.6986225,0.9169823,1.0,1
ENSG00000110917,1.8355182,1.6986225,0.93317324,1.0,1
ENSG00000110917,1.7956831,1.6986225,0.9239851,1.0,1
ENSG00000110921,1.6259967,1.5833122,0.8620355,1.0,1
ENSG00000110921,1.7022582,1.5833122,0.9251709,1.0,1
ENSG00000110921,1.6560624,1.5833122,0.8969149,0.33911368,1
ENSG00000110921,1.6487964,1.5833122,0.86976385,0.8661088,1
ENSG00000110925,0.2573732,0.76417613,0.9864059,1.0,1
ENSG00000110925,0.1526083,0.76417613,0.98810554,1.0,1
ENSG00000110931,1.2161535,1.4329693,0.8746543,1.0,1
ENSG00000110931,1.2341795,1.4329693,0.8179539,1.0,1
ENSG00000110931,1.1591128,1.4329693,0.6508173,0.39369503,1
ENSG00000110931,1.2048403,1.4329693,0.9187866,0.8282751,1
ENSG00000110934,1.6310889,1.4729027,0.9116104,1.0,1
ENSG00000110944,1.728079,0.9294189,0.96058947,1.0,1
ENSG00000110955,1.6440902,2.8902645,0.9387279,1.0,1
ENSG00000110958,2.2058902,2.061264,0.830019,1.0,1
ENSG00000110958,2.1610727,2.061264,0.9152853,1.0,1
ENSG00000110958,2.2491982,2.061264,0.9455097,1.0,1
ENSG00000110958,2.1819391,2.061264,0.9168186,0.49931788,1
ENSG00000110958,2.1610727,2.061264,0.9152853,0.96489716,1
ENSG00000110958,2.2008317,2.061264,0.9037358,0.9602278,1
ENSG00000110958,2.2188585,2.061264,0.91708946,1.0,1
ENSG00000110987,-0.29234377,1.0655798,0.9852733,1.0,1
ENSG00000110987,-0.3677282,1.0655798,0.98860687,1.0,1
ENSG00000111011,1.4399862,1.6873505,0.943129,1.0,1
ENSG00000111011,1.445182,1.6873505,0.9422209,0.76281035,1
ENSG00000111011,1.4003695,1.6873505,0.9382739,1.0,1
ENSG00000111012,-0.36578885,0.17318627,0.99148905,1.0,1
ENSG00000111057,-0.27290568,-0.65757734,0.9838974,1.0,1
ENSG00000111057,-0.28676763,-0.65757734,0.9910341,1.0,1
ENSG00000111057,-0.30612963,-0.65757734,0.9902956,1.0,1
ENSG00000111087,0.6281923,-0.06550155,0.9750862,1.0,1
ENSG00000111087,0.59255016,-0.06550155,0.9795434,1.0,1
ENSG00000111110,-0.24768138,-0.33724216,0.9853726,1.0,1
ENSG00000111110,-0.15311848,-0.33724216,0.9676581,1.0,1
ENSG00000111110,-0.055112332,-0.33724216,0.9783611,1.0,1
ENSG00000111110,-0.1468436,-0.33724216,0.9723694,1.0,1
ENSG00000111142,1.7592772,1.7501225,0.9187849,1.0,1
ENSG00000111142,1.7458533,1.7501225,0.9162007,1.0,1
ENSG00000111142,1.7592772,1.7501225,0.9187849,0.98006934,1
ENSG00000111142,1.8006418,1.7501225,0.9041887,1.0,1
ENSG00000111144,1.0213512,1.5999922,0.9381244,1.0,1
ENSG00000111144,1.0205603,1.5999922,0.91380185,0.94684637,1
ENSG00000111144,1.0214832,1.5999922,0.92989427,0.041284405,1
ENSG00000111144,0.99524915,1.5999922,0.92640513,0.026389241,1
ENSG00000111145,0.67805517,-0.20760831,0.9579399,1.0,1
ENSG00000111145,0.77063096,-0.20760831,0.9515539,1.0,1
ENSG00000111196,1.6505396,1.6378899,0.9405507,1.0,1
ENSG00000111196,1.6580659,1.6378899,0.9439449,0.60144925,1
ENSG00000111203,1.3662515,1.3362596,0.90221226,1.0,1
ENSG00000111203,1.3163844,1.3362596,0.9432047,1.0,1
ENSG00000111206,0.76124513,1.5394524,0.9224798,1.0,1
ENSG00000111206,0.77551305,1.5394524,0.9498269,1.0,1
ENSG00000111206,0.7489891,1.5394524,0.93854636,0.023861172,1
ENSG00000111206,0.734915,1.5394524,0.8820691,0.39004707,1
ENSG00000111224,0.90282464,0.5976952,0.9352522,1.0,1
ENSG00000111224,0.85913503,0.5976952,0.9325779,1.0,1
ENSG00000111229,1.7002394,2.1343684,0.9088596,1.0,1
ENSG00000111231,1.6017718,1.3949767,0.91825175,1.0,1
ENSG00000111237,1.7071478,2.165719,0.7512548,0.018518519,1
ENSG00000111237,1.6257731,2.165719,0.6706613,0.33837056,1
ENSG00000111247,1.9438999,1.3459616,0.91188717,1.0,1
ENSG00000111247,1.9392087,1.3459616,0.819828,0.22770123,1
ENSG00000111247,1.9610729,1.3459616,0.90673745,0.92770034,1
ENSG00000111247,1.9610729,1.3459616,0.90673745,0.86946905,1
ENSG00000111247,1.9992806,1.3459616,0.9058737,0.9162011,1
ENSG00000111247,1.9701358,1.3459616,0.891606,0.5748988,1
ENSG00000111252,1.6418985,1.3771241,0.8991629,1.0,1
ENSG00000111261,-0.4381179,-0.7447275,0.9869818,1.0,1
ENSG00000111266,0.93271565,1.326131,0.9198261,1.0,1
ENSG00000111269,2.092486,0.9278834,0.936789,1.0,1
ENSG00000111271,1.1210593,1.1473671,0.90775603,1.0,1
ENSG00000111271,1.0997244,1.1473671,0.9308571,1.0,1
ENSG00000111271,1.1378082,1.1473671,0.5970114,0.32045454,1
ENSG00000111271,1.0133346,1.1473671,0.92854047,0.9809322,1
ENSG00000111271,1.0808408,1.1473671,0.92361706,0.9817768,1
ENSG00000111275,1.0562235,1.1251558,0.96653694,1.0,1
ENSG00000111275,1.063024,1.1251558,0.9303885,1.0,1
ENSG00000111275,1.0253915,1.1251558,0.96686226,0.058676653,1
ENSG00000111276,1.6727396,1.3621054,0.945902,1.0,1
ENSG00000111300,1.5370787,1.2024883,0.8337685,1.0,1
ENSG00000111300,1.4892931,1.2024883,0.85070765,1.0,1
ENSG00000111300,1.5145621,1.2024883,0.91013414,0.12083333,1
ENSG00000111300,1.4559427,1.2024883,0.8372853,0.87916666,1
ENSG00000111300,1.4794625,1.2024883,0.7629847,0.015972223,1
ENSG00000111319,-0.6421312,-0.9586073,0.9874292,1.0,1
ENSG00000111319,-0.64894617,-0.9586073,0.9855043,1.0,1
ENSG00000111319,-0.6142038,-0.9586073,0.9754176,1.0,1
ENSG00000111325,1.1479887,1.3579348,0.9556635,1.0,1
ENSG00000111325,1.1570224,1.3579348,0.9133235,1.0,1
ENSG00000111325,1.2023088,1.3579348,0.9525179,1.0,1
ENSG00000111325,1.1357347,1.3579348,0.9342658,0.87268996,1
ENSG00000111325,1.1726258,1.3579348,0.9099791,0.87914896,1
ENSG00000111325,1.1731485,1.3579348,0.93478954,0.006134969,1
ENSG00000111325,1.2124118,1.3579348,0.9518588,0.07666667,1
ENSG00000111328,1.592517,1.7535064,0.82416934,1.0,1
ENSG00000111328,1.592517,1.7535064,0.82416934,1.0,1
ENSG00000111331,0.675807,1.3743817,0.9627175,1.0,1
ENSG00000111331,0.7573137,1.3743817,0.9628871,1.0,1
ENSG00000111331,0.7205088,1.3743817,0.97536814,1.0,1
ENSG00000111348,1.1597846,2.977559,0.9361803,1.0,1
ENSG00000111358,1.6545103,1.3291944,0.82497346,1.0,1
ENSG00000111358,1.6370639,1.3291944,0.9281065,0.9672131,1
ENSG00000111358,1.6378454,1.3291944,0.8410855,1.0,1
ENSG00000111361,1.5029343,1.615108,0.94416183,1.0,1
ENSG00000111361,1.5914953,1.615108,0.93408686,1.0,1
ENSG00000111361,1.5917486,1.615108,0.93607855,1.0,1
ENSG00000111364,1.5694499,1.4794314,0.93277586,1.0,1
ENSG00000111371,1.312162,1.7999605,0.9205162,1.0,1
ENSG00000111371,1.3371598,1.7999605,0.9166392,1.0,1
ENSG00000111371,1.2805033,1.7999605,0.9002275,0.99979717,1
ENSG00000111371,1.2427195,1.7999605,0.9077626,0.014791125,1
ENSG00000111412,1.322651,1.1115985,0.9120179,1.0,1
ENSG00000111412,1.3270142,1.1115985,0.9210799,0.50428164,1
ENSG00000111424,-0.11742674,0.40312052,0.9749791,1.0,1
ENSG00000111424,-0.100107074,0.40312052,0.95168245,1.0,1
ENSG00000111424,-0.15506035,0.40312052,0.97969645,0.940367,1
ENSG00000111445,1.7690126,1.6208645,0.86832684,1.0,1
ENSG00000111445,1.8375167,1.6208645,0.79162383,0.18265735,1
ENSG00000111450,0.18114798,1.0633334,0.9711058,1.0,1
ENSG00000111452,-0.42460176,0.09342168,0.9866257,1.0,1
ENSG00000111481,2.0340006,2.1014032,0.9388027,1.0,1
ENSG00000111481,1.9729098,2.1014032,0.8527371,1.0,1
ENSG00000111481,1.9705735,2.1014032,0.9378164,1.0,1
ENSG00000111481,1.9811438,2.1014032,0.9173199,1.0,1
ENSG00000111481,2.0588484,2.1014032,0.8631806,1.0,1
ENSG00000111481,1.9704506,2.1014032,0.94018155,0.9918739,1
ENSG00000111490,0.40566936,0.95327634,0.8465714,1.0,1
ENSG00000111530,0.9196708,1.7120601,0.90805846,1.0,1
ENSG00000111530,0.9532323,1.7120601,0.9153691,1.0,1
ENSG00000111537,-0.037999753,-0.4436975,0.98557436,1.0,1
ENSG00000111537,0.019975737,-0.4436975,0.9697939,1.0,1
ENSG00000111540,2.0995235,1.6063814,0.8839056,1.0,1
ENSG00000111540,2.06411,1.6063814,0.92149323,0.9956104,1
ENSG00000111554,1.3986685,1.1199154,0.90247643,1.0,1
ENSG00000111554,1.3715264,1.1199154,0.92272395,1.0,1
ENSG00000111554,1.4243146,1.1199154,0.87973994,0.95053005,1
ENSG00000111554,1.4111255,1.1199154,0.50688565,0.61152416,1
ENSG00000111554,1.3792312,1.1199154,0.9297536,0.38847584,1
ENSG00000111554,1.3715264,1.1199154,0.92272395,1.0,1
ENSG00000111581,1.2901322,1.7631284,0.9350796,1.0,1
ENSG00000111581,1.276335,1.7631284,0.9249202,0.9973475,1
ENSG00000111596,1.6782473,1.7134905,0.8598437,1.0,1
ENSG00000111596,1.6726726,1.7134905,0.883233,1.0,1
ENSG00000111596,1.6904627,1.7134905,0.8493619,0.009090909,1
ENSG00000111602,1.130001,1.3432115,0.9386646,1.0,1
ENSG00000111605,1.2457999,2.0175343,0.51999235,1.0,1
ENSG00000111605,1.2551421,2.0175343,0.93395734,1.0,1
ENSG00000111605,1.2549001,2.0175343,0.90942174,1.0,1
ENSG00000111605,1.2535787,2.0175343,0.8248898,1.0,1
ENSG00000111605,1.3247324,2.0175343,0.83983105,0.3750913,1
ENSG00000111615,1.4761937,1.6451274,0.95283514,1.0,1
ENSG00000111615,1.4488765,1.6451274,0.9537335,0.30837563,1
ENSG00000111640,1.7437048,3.903008,0.88409686,1.0,1
ENSG00000111640,1.7602804,3.903008,0.9489643,1.0,1
ENSG00000111641,0.7768419,1.8867162,0.9507337,1.0,1
ENSG00000111641,0.90083086,1.8867162,0.77719504,0.0139576765,1
ENSG00000111641,0.8638414,1.8867162,0.83584297,0.03196758,1
ENSG00000111644,-0.28087154,-0.107905395,0.9754636,1.0,1
ENSG00000111647,1.0415349,0.8932068,0.92968124,1.0,1
ENSG00000111652,1.5175976,1.6747693,0.8790869,1.0,1
ENSG00000111653,1.3763479,1.2889196,0.9479958,1.0,1
ENSG00000111653,1.3586893,1.2889196,0.93713224,1.0,1
ENSG00000111653,1.3343092,1.2889196,0.9466602,0.9369806,1
ENSG00000111653,1.3668755,1.2889196,0.92409885,0.95957446,1
ENSG00000111664,0.8985162,-0.30103,0.97016823,1.0,1
ENSG00000111665,1.5613266,2.0867157,0.9246763,1.0,1
ENSG00000111665,1.5518765,2.0867157,0.9435918,1.0,1
ENSG00000111665,1.5229069,2.0867157,0.94700295,0.77115816,1
ENSG00000111666,1.1462885,0.5693739,0.9185448,1.0,1
ENSG00000111666,1.1435401,0.5693739,0.9266084,1.0,1
ENSG00000111666,1.202454,0.5693739,0.7799457,0.05109489,1
ENSG00000111667,1.9227232,1.7772818,0.9344273,1.0,1
ENSG00000111667,1.8997183,1.7772818,0.93476456,1.0,1
ENSG00000111667,1.9231504,1.7772818,0.9206784,1.0,1
ENSG00000111667,1.896333,1.7772818,0.93339264,1.0,1
ENSG00000111667,1.9114695,1.7772818,0.9267088,1.0,1
ENSG00000111669,1.2738985,2.907121,0.95533377,1.0,1
ENSG00000111670,1.1954758,1.2716093,0.8804401,1.0,1
ENSG00000111670,1.1550087,1.2716093,0.8430313,1.0,1
ENSG00000111674,0.96249557,1.712818,0.9700355,1.0,1
ENSG00000111674,0.92849195,1.712818,0.96223146,1.0,1
ENSG00000111674,0.96340036,1.712818,0.96299446,1.0,1
ENSG00000111674,0.93721914,1.712818,0.9726857,1.0,1
ENSG00000111674,1.0397376,1.712818,0.9643141,1.0,1
ENSG00000111674,0.9603447,1.712818,0.9739445,1.0,1
ENSG00000111674,0.9251708,1.712818,0.95710546,1.0,1
ENSG00000111676,1.4035937,1.2467448,0.952647,1.0,1
ENSG00000111678,1.9764587,2.4768605,0.9212595,1.0,1
ENSG00000111678,1.9561455,2.4768605,0.92360353,1.0,1
ENSG00000111678,1.9731755,2.4768605,0.92772806,1.0,1
ENSG00000111678,1.9416668,2.4768605,0.9262364,1.0,1
ENSG00000111679,1.7433155,2.5183034,0.9109783,1.0,1
ENSG00000111679,1.7225384,2.5183034,0.9380795,1.0,1
ENSG00000111684,1.2811056,1.3771241,0.90851814,1.0,1
ENSG00000111684,1.3082918,1.3771241,0.77123505,0.9948381,1
ENSG00000111696,0.5168202,0.6404814,0.94300634,1.0,1
ENSG00000111696,0.5350847,0.6404814,0.9335764,1.0,1
ENSG00000111707,1.4526795,1.2457594,0.9292192,1.0,1
ENSG00000111711,1.5630103,1.168792,0.9302671,1.0,1
ENSG00000111711,1.4862906,1.168792,0.9175215,1.0,1
ENSG00000111711,1.4862906,1.168792,0.9175215,0.596603,1
ENSG00000111711,1.5197831,1.168792,0.92515194,0.0,1
ENSG00000111711,1.519368,1.168792,0.92748475,0.12567714,1
ENSG00000111711,1.5197831,1.168792,0.92515194,0.74172795,1
ENSG00000111716,0.9761143,2.8592284,0.910896,1.0,1
ENSG00000111725,1.7355428,1.6216955,0.93035716,1.0,1
ENSG00000111725,1.7666932,1.6216955,0.93512833,1.0,1
ENSG00000111726,0.9242189,1.5040629,0.9665617,1.0,1
ENSG00000111726,0.8346523,1.5040629,0.9744347,0.89843166,1
ENSG00000111727,1.1303163,0.7895807,0.8729342,1.0,1
ENSG00000111727,1.1114793,0.7895807,0.7294268,0.36650485,1
ENSG00000111729,0.3666693,-0.03151705,0.9777803,1.0,1
ENSG00000111731,1.6274508,1.2509077,0.8871901,1.0,1
ENSG00000111731,1.5219568,1.2509077,0.80080855,0.00955414,1
ENSG00000111731,1.5961834,1.2509077,0.6823876,0.003821656,1
ENSG00000111737,1.6251357,1.7850449,0.9416293,1.0,1
ENSG00000111737,1.6225927,1.7850449,0.94305223,0.96073514,1
ENSG00000111737,1.6358905,1.7850449,0.9505815,0.027975501,1
ENSG00000111752,0.21653147,0.4440448,0.97963333,1.0,1
ENSG00000111752,0.22250865,0.4440448,0.84852386,0.16574585,1
ENSG00000111752,0.28263533,0.4440448,0.94753236,0.44041452,1
ENSG00000111775,1.5707437,2.9642737,0.9369505,1.0,1
ENSG00000111785,1.1697243,0.5998831,0.8218922,1.0,1
ENSG00000111785,1.1930882,0.5998831,0.9011118,1.0,1
ENSG00000111785,1.197474,0.5998831,0.9128001,0.0,1
ENSG00000111785,1.2458128,0.5998831,0.9032503,0.09615385,1
ENSG00000111786,1.5037808,2.347291,0.9057852,1.0,1
ENSG00000111790,1.5669833,1.4610481,0.94015276,1.0,1
ENSG00000111790,1.5364484,1.4610481,0.9381865,0.43225807,1
ENSG00000112787,0.7111093,1.2931415,0.8097742,1.0,1
ENSG00000112787,0.74754155,1.2931415,0.9597572,1.0,1
ENSG00000114942,1.354825,2.9713778,0.938459,1.0,1
ENSG00000114942,1.3391083,2.9713778,0.94041836,1.0,1
ENSG00000114942,1.3490554,2.9713778,0.93631846,1.0,1
ENSG00000114942,1.3355303,2.9713778,0.93860066,1.0,1
ENSG00000114956,1.5576674,1.8976271,0.9140314,1.0,1
ENSG00000114956,1.5232216,1.8976271,0.9238259,0.15172054,1
ENSG00000114978,1.6414626,1.886265,0.94335943,1.0,1
ENSG00000114982,1.0897397,1.1849751,0.90847474,1.0,1
ENSG00000114982,1.1198531,1.1849751,0.9032701,0.813198,1
ENSG00000114982,1.1575006,1.1849751,0.9250202,0.11370558,1
ENSG00000114982,1.1186186,1.1849751,0.801593,0.07309645,1
ENSG00000114982,1.110775,1.1849751,0.9391578,0.92690355,1
ENSG00000114988,0.8930069,0.86033803,0.947269,1.0,1
ENSG00000114988,0.8699051,0.86033803,0.9412404,1.0,1
ENSG00000114988,0.88818955,0.86033803,0.94153005,1.0,1
ENSG00000114988,0.9103106,0.86033803,0.9448849,1.0,1
ENSG00000114988,0.9051193,0.86033803,0.8586938,0.0,1
ENSG00000114988,0.9083586,0.86033803,0.93440604,0.97809076,1
ENSG00000114988,0.8614783,0.86033803,0.9446271,0.97809076,1
ENSG00000114993,0.8996124,1.0813473,0.9776194,1.0,1
ENSG00000114999,0.7331184,1.0920185,0.9603538,1.0,1
ENSG00000115008,-0.21889529,0.70926994,0.9892023,1.0,1
ENSG00000115008,-0.13728738,0.70926994,0.98455596,1.0,1
ENSG00000115008,-0.21282817,0.70926994,0.9901862,1.0,1
ENSG00000115008,-0.17924026,0.70926994,0.97188693,1.0,1
ENSG00000115008,-0.15136419,0.70926994,0.9689863,1.0,1
ENSG00000115020,1.1984036,1.133539,0.93159527,1.0,1
ENSG00000115020,1.1438873,1.133539,0.9323736,1.0,1
ENSG00000115020,1.2879299,1.133539,0.7194277,0.0,1
ENSG00000115020,1.2235897,1.133539,0.93308485,0.046296295,1
ENSG00000115020,1.2391473,1.133539,0.9115639,0.9958949,1
ENSG00000115020,1.2187042,1.133539,0.9236293,0.97619045,1
ENSG00000115042,1.5460247,1.3774884,0.9100517,1.0,1
ENSG00000115053,2.0773313,2.6885533,0.917361,1.0,1
ENSG00000115053,2.0343127,2.6885533,0.8924598,1.0,1
ENSG00000115073,1.7685477,1.6973165,0.9222433,1.0,1
ENSG00000115084,1.6462866,1.0362295,0.91176957,1.0,1
ENSG00000115085,-0.49621877,0.35410845,0.9890443,1.0,1
ENSG00000115091,1.3985496,2.5600023,0.92795825,1.0,1
ENSG00000115091,1.4156591,2.5600023,0.9332772,1.0,1
ENSG00000115107,-0.18677273,0.553883,0.9856527,1.0,1
ENSG00000115107,-0.18161707,0.553883,0.98425597,0.5979381,1
ENSG00000115107,-0.14223832,0.553883,0.894017,0.66523606,1
ENSG00000115107,-0.20334634,0.553883,0.9887573,0.0114613185,1
ENSG00000115109,0.79629064,0.61700034,0.95851403,1.0,1
ENSG00000115109,0.83848894,0.61700034,0.8782679,1.0,1
ENSG00000115109,0.8706608,0.61700034,0.9321152,0.9945355,1
ENSG00000115112,-0.019419119,-0.6777807,0.9820977,1.0,1
ENSG00000115128,2.039373,2.3123043,0.92765963,1.0,1
ENSG00000115128,2.0673964,2.3123043,0.9065008,1.0,1
ENSG00000115129,1.4499937,1.1189258,0.91873163,1.0,1
ENSG00000115129,1.4314222,1.1189258,0.9409036,1.0,1
ENSG00000115129,1.481092,1.1189258,0.9169169,0.91912466,1
ENSG00000115137,1.422906,0.7226339,0.91470146,1.0,1
ENSG00000115137,1.422906,0.7226339,0.91470146,0.67027026,1
ENSG00000115137,1.4641764,0.7226339,0.93310577,0.22012578,1
ENSG00000115137,1.3981757,0.7226339,0.898068,0.1590909,1
ENSG00000115145,1.6395034,0.9995655,0.90733904,1.0,1
ENSG00000115155,-0.12336904,-0.65757734,0.9251514,1.0,1
ENSG00000115155,-0.34464768,-0.65757734,0.98233175,1.0,1
ENSG00000115159,1.180497,1.2866809,0.9381261,1.0,1
ENSG00000115159,1.1871421,1.2866809,0.9393987,1.0,1
ENSG00000115163,1.551043,1.4984484,0.92713296,1.0,1
ENSG00000115163,1.5419201,1.4984484,0.9305478,0.97696376,1
ENSG00000115165,1.6143123,1.6314437,0.9306259,1.0,1
ENSG00000115165,1.6255714,1.6314437,0.9221018,1.0,1
ENSG00000115165,1.6299337,1.6314437,0.82562864,1.0,1
ENSG00000115204,1.9684991,1.8236698,0.8288505,1.0,1
ENSG00000115204,1.9739441,1.8236698,0.9318877,1.0,1
ENSG00000115207,1.67393,1.7537363,0.85683733,1.0,1
ENSG00000115207,1.67393,1.7537363,0.85683733,1.0,1
ENSG00000115211,2.0402842,1.3410386,0.922577,1.0,1
ENSG00000115216,1.5113069,1.7633531,0.90030336,1.0,1
ENSG00000115232,1.3686051,1.5278876,0.9110374,1.0,1
ENSG00000115232,1.379965,1.5278876,0.89923704,1.0,1
ENSG00000115233,1.4582566,1.7386221,0.83559006,1.0,1
ENSG00000115233,1.4283041,1.7386221,0.9259341,1.0,1
ENSG00000115233,1.4163018,1.7386221,0.8945924,1.0,1
ENSG00000115233,1.4040287,1.7386221,0.92295045,1.0,1
ENSG00000115234,1.8045641,1.8897498,0.9047101,1.0,1
ENSG00000115234,1.7931541,1.8897498,0.92742336,0.9501445,1
ENSG00000115234,1.7852798,1.8897498,0.9317724,0.96638656,1
ENSG00000115234,1.7852798,1.8897498,0.9317724,0.9857757,1
ENSG00000115234,1.7746072,1.8897498,0.92915773,0.043392505,1
ENSG00000115234,1.7863809,1.8897498,0.92973226,0.99820733,1
ENSG00000115239,1.0912613,1.1156105,0.92009145,1.0,1
ENSG00000115239,1.0912613,1.1156105,0.92009145,1.0,1
ENSG00000115239,1.0415028,1.1156105,0.89861566,0.879638,1
ENSG00000115241,1.1524302,1.9317629,0.94140905,1.0,1
ENSG00000115271,1.3627372,1.4266739,0.9169952,1.0,1
ENSG00000115274,1.4082382,1.1755118,0.94409394,1.0,1
ENSG00000115274,1.4310191,1.1755118,0.9444175,1.0,1
ENSG00000115274,1.4383494,1.1755118,0.92973816,1.0,1
ENSG00000115274,1.4268471,1.1755118,0.92987895,1.0,1
ENSG00000115275,1.4209826,1.6132073,0.94537675,1.0,1
ENSG00000115275,1.4423486,1.6132073,0.93251806,1.0,1
ENSG00000115282,1.598812,1.4331295,0.9263803,1.0,1
ENSG00000115282,1.6178046,1.4331295,0.9464655,1.0,1
ENSG00000115282,1.6167535,1.4331295,0.9207188,0.74659264,1
ENSG00000115289,2.3016303,1.370883,0.8763003,1.0,1
ENSG00000115289,2.3043804,1.370883,0.9421792,1.0,1
ENSG00000115289,2.329794,1.370883,0.94368285,1.0,1
ENSG00000115306,-0.467127,1.6716356,0.98999465,1.0,1
ENSG00000115306,-0.50355554,1.6716356,0.9892818,1.0,1
ENSG00000115306,-0.4795435,1.6716356,0.98671895,1.0,1
ENSG00000115307,2.3779764,2.2383473,0.9126452,1.0,1
ENSG00000115310,1.1196091,1.7686381,0.7966034,1.0,1
ENSG00000115310,1.1071968,1.7686381,0.902596,0.1791531,1
ENSG00000115310,1.1156124,1.7686381,0.82319534,0.11781206,1
ENSG00000115317,1.7912077,1.7453871,0.90468585,1.0,1
ENSG00000115317,1.7792186,1.7453871,0.93101037,0.8267574,1
ENSG00000115317,1.7787766,1.7453871,0.93626064,0.6170616,1
ENSG00000115318,1.2618121,1.424555,0.939861,1.0,1
ENSG00000115325,1.4441501,1.8519307,0.94279647,1.0,1
ENSG00000115325,1.4350473,1.8519307,0.9489515,1.0,1
ENSG00000115325,1.4349574,1.8519307,0.9501847,0.96342605,1
ENSG00000115325,1.4749944,1.8519307,0.9441458,0.5412715,1
ENSG00000115339,-0.44693732,-0.29242983,0.9884892,1.0,1
ENSG00000115350,1.5694565,1.7023444,0.8976912,1.0,1
ENSG00000115350,1.6148349,1.7023444,0.94385016,1.0,1
ENSG00000115355,0.7782434,1.3667964,0.9182377,1.0,1
ENSG00000115355,0.7376046,1.3667964,0.9229119,1.0,1
ENSG00000115355,0.8038354,1.3667964,0.9274063,0.904661,1
ENSG00000115355,0.7698215,1.3667964,0.93432736,0.85507244,1
ENSG00000115355,0.8238337,1.3667964,0.91081154,0.37822014,1
ENSG00000115355,0.76152945,1.3667964,0.9227819,1.0,1
ENSG00000115365,1.293017,1.253338,0.92964005,1.0,1
ENSG00000115365,1.2236017,1.253338,0.9328913,1.0,1
ENSG00000115368,1.5370497,1.6260322,0.8455099,1.0,1
ENSG00000115368,1.5516993,1.6260322,0.7308555,0.0,1
ENSG00000115392,1.2586135,1.5553364,0.86024433,1.0,1
ENSG00000115392,1.3007628,1.5553364,0.8854467,0.9669011,1
ENSG00000115414,-0.37644827,-0.06550155,0.98872316,1.0,1
ENSG00000115415,1.5199378,2.3448637,0.87523925,1.0,1
ENSG00000115415,1.4842625,2.3448637,0.9280104,1.0,1
ENSG00000115415,1.4778017,2.3448637,0.9366304,0.028729334,1
ENSG00000115419,1.5247535,1.7079107,0.59997326,1.0,1
ENSG00000115421,1.1573547,0.7403627,0.87302923,1.0,1
ENSG00000115421,1.0876557,0.7403627,0.95394033,0.93203884,1
ENSG00000115421,1.0970322,0.7403627,0.93241173,0.9126214,1
ENSG00000115421,1.20387,0.7403627,0.9000246,0.9886364,1
ENSG00000115421,1.1524448,0.7403627,0.9272363,0.6910377,1
ENSG00000115421,1.1532995,0.7403627,0.78804535,0.011363637,1
ENSG00000115425,0.81842387,1.4126285,0.9462527,1.0,1
ENSG00000115425,0.8335645,1.4126285,0.95186204,1.0,1
ENSG00000115425,0.9790741,1.4126285,0.9093141,0.9427191,1
ENSG00000115446,1.2940958,1.4217684,0.91368294,1.0,1
ENSG00000115446,1.2455987,1.4217684,0.9287415,1.0,1
ENSG00000115459,1.3093098,1.1075491,0.91369736,1.0,1
ENSG00000115459,1.3194046,1.1075491,0.9089203,0.65048546,1
ENSG00000115459,1.3639218,1.1075491,0.9132061,0.92178774,1
ENSG00000115459,1.3261731,1.1075491,0.82419753,0.25675675,1
ENSG00000115459,1.274605,1.1075491,0.93384445,0.6089239,1
ENSG00000115459,1.2718409,1.1075491,0.92756647,0.2922252,1
ENSG00000115464,1.5047603,1.5555781,0.9101196,1.0,1
ENSG00000115464,1.4983867,1.5555781,0.8764685,1.0,1
ENSG00000115464,1.4360296,1.5555781,0.7978288,1.0,1
ENSG00000115484,0.86923623,2.1717558,0.94562095,1.0,1
ENSG00000115484,0.93292904,2.1717558,0.9313377,0.3592321,1
ENSG00000115486,0.966691,1.407391,0.9343424,1.0,1
ENSG00000115486,1.0231096,1.407391,0.95451653,1.0,1
ENSG00000115486,0.9930557,1.407391,0.93274015,1.0,1
ENSG00000115486,1.0162728,1.407391,0.9487595,1.0,1
ENSG00000115486,1.0253212,1.407391,0.9502293,0.7014419,1
ENSG00000115504,0.88470566,1.052694,0.92787457,0.17626527,1
ENSG00000115504,0.8777882,1.052694,0.9192913,0.17443869,1
ENSG00000115507,0.19412948,-0.60206,0.9710371,1.0,1
ENSG00000115514,1.4970819,1.3168087,0.91976964,1.0,1
ENSG00000115520,1.4415146,0.8175654,0.93874377,1.0,1
ENSG00000115524,1.3358728,2.1373541,0.9224067,1.0,1
ENSG00000115524,1.3153505,2.1373541,0.93337935,1.0,1
ENSG00000115524,1.3725868,2.1373541,0.85075104,0.019208107,1
ENSG00000115525,0.50031817,0.8715729,0.9753956,1.0,1
ENSG00000115526,1.1971531,1.1538149,0.87329525,1.0,1
ENSG00000115526,1.2775515,1.1538149,0.9464717,1.0,1
ENSG00000115526,1.276454,1.1538149,0.9362022,1.0,1
ENSG00000115539,1.494422,1.5260807,0.934576,1.0,1
ENSG00000115539,1.4967327,1.5260807,0.9227882,1.0,1
ENSG00000115539,1.521453,1.5260807,0.8923647,1.0,1
ENSG00000115540,1.4365313,1.2513949,0.9306041,1.0,1
ENSG00000115540,1.4365313,1.2513949,0.9306041,0.2878355,1
ENSG00000115540,1.5369475,1.2513949,0.93937886,0.95635676,1
ENSG00000115541,1.7334259,2.5998068,0.9291844,1.0,1
ENSG00000115541,1.7334259,2.5998068,0.9291844,1.0,1
ENSG00000115541,1.7144614,2.5998068,0.91985476,0.99813426,1
ENSG00000115548,1.48257,0.8668778,0.8993362,1.0,1
ENSG00000115561,1.9383972,1.2622137,0.9176868,1.0,1
ENSG00000115561,1.9657594,1.2622137,0.9173353,0.91897976,1
ENSG00000115568,0.6424637,1.0993353,0.9566099,1.0,1
ENSG00000115568,0.6793002,1.0993353,0.94971055,0.35081148,1
ENSG00000115590,-0.5101465,-0.39794,0.9724749,1.0,1
ENSG00000115590,-0.5456836,-0.39794,0.990926,1.0,1
ENSG00000115594,-0.18220127,-0.52287877,0.97267115,1.0,1
ENSG00000115594,-0.16422625,-0.52287877,0.95650125,1.0,1
ENSG00000115607,-0.41923013,-0.15490197,0.97522914,1.0,1
ENSG00000115616,-0.07115847,0.1430148,0.98672163,1.0,1
ENSG00000115641,-0.45563412,0.49554434,0.9751971,0.0,1
ENSG00000115641,-0.4289495,0.49554434,0.9286972,0.0,1
ENSG00000115649,1.5742773,1.5917323,0.8779869,1.0,1
ENSG00000115649,1.566137,1.5917323,0.91532505,1.0,1
ENSG00000115649,1.5870153,1.5917323,0.9353691,1.0,1
ENSG00000115649,1.549919,1.5917323,0.87983334,1.0,1
ENSG00000115652,0.9238874,1.276232,0.9349478,1.0,1
ENSG00000115657,1.4990462,1.0051805,0.91102755,1.0,1
ENSG00000115657,1.49381,1.0051805,0.951185,1.0,1
ENSG00000115661,1.579243,1.3995006,0.929008,1.0,1
ENSG00000115661,1.5764583,1.3995006,0.95698524,0.9114907,1
ENSG00000115677,0.7236589,2.1446054,0.95417994,1.0,1
ENSG00000115677,0.69897044,2.1446054,0.95757216,1.0,1
ENSG00000115677,0.70607436,2.1446054,0.9507346,0.0,1
ENSG00000115685,1.073437,1.9038494,0.92797047,1.0,1
ENSG00000115685,1.073437,1.9038494,0.92797047,1.0,1
ENSG00000115685,1.109775,1.9038494,0.9391279,0.15808171,1
ENSG00000115685,1.109775,1.9038494,0.9391279,0.9673358,1
ENSG00000115687,1.0686095,1.5126843,0.9056347,1.0,1
ENSG00000115694,1.5067196,2.0622435,0.94779783,1.0,1
ENSG00000115694,1.5169013,2.0622435,0.9512658,1.0,1
ENSG00000115694,1.4958017,2.0622435,0.9364697,0.8978343,1
ENSG00000115694,1.495428,2.0622435,0.92262644,1.0,1
ENSG00000115694,1.4363571,2.0622435,0.8510711,0.8190377,1
ENSG00000115738,1.1317155,2.0424967,0.89232993,1.0,1
ENSG00000115750,1.3921444,0.8518696,0.76025695,1.0,1
ENSG00000115750,1.3607208,0.8518696,0.9237301,0.969697,1
ENSG00000115756,0.37197864,0.8709888,0.8644817,1.0,1
ENSG00000115756,0.4461817,0.8709888,0.9426328,1.0,1
ENSG00000115756,0.13865216,0.8709888,0.9819581,1.0,1
ENSG00000115756,0.16121416,0.8709888,0.98032975,1.0,1
ENSG00000115756,0.18431059,0.8709888,0.9762517,0.13421053,1
ENSG00000115758,1.5235397,2.4520473,0.94752717,1.0,1
ENSG00000115758,1.5439787,2.4520473,0.94543546,1.0,1
ENSG00000115760,1.2501208,1.5749568,0.9167365,1.0,1
ENSG00000115760,1.228793,1.5749568,0.8978599,0.63101816,1
ENSG00000115761,1.2291964,1.2518815,0.84962684,1.0,1
ENSG00000115761,1.2252864,1.2518815,0.9174718,0.783736,1
ENSG00000115761,1.1810507,1.2518815,0.8841473,0.91750145,1
ENSG00000115762,1.2417265,1.3583156,0.89894974,1.0,1
ENSG00000115762,1.180941,1.3583156,0.8887179,1.0,1
ENSG00000115762,1.1717502,1.3583156,0.9269517,1.0,1
ENSG00000115762,1.1717502,1.3583156,0.9269517,1.0,1
ENSG00000115762,1.179721,1.3583156,0.9053065,1.0,1
ENSG00000115806,1.3189698,1.9508028,0.8785334,1.0,1
ENSG00000115806,1.2713811,1.9508028,0.89519095,0.6703601,1
ENSG00000115808,1.2020377,0.8273693,0.935189,1.0,1
ENSG00000115816,0.8650061,1.440909,0.9428341,1.0,1
ENSG00000115825,0.45477274,0.7512791,0.9013881,1.0,1
ENSG00000115827,1.5568898,1.1162755,0.9090701,1.0,1
ENSG00000115827,1.5568898,1.1162755,0.9090701,1.0,1
ENSG00000115827,1.5243193,1.1162755,0.8917324,1.0,1
ENSG00000115827,1.5318573,1.1162755,0.9290182,0.98224854,1
ENSG00000115827,1.534605,1.1162755,0.9190021,0.64224136,1
ENSG00000115839,1.4754292,1.1806992,0.8903109,1.0,1
ENSG00000115839,1.5025221,1.1806992,0.8832189,1.0,1
ENSG00000115839,1.4036878,1.1806992,0.49919003,0.0,1
ENSG00000115840,1.2119802,1.4041493,0.92543834,1.0,1
ENSG00000115840,1.2449305,1.4041493,0.8880227,0.0012749681,1
ENSG00000115840,1.19659,1.4041493,0.89664894,1.0,1
ENSG00000115841,0.8796456,0.74350977,0.93579525,1.0,1
ENSG00000115841,0.8769338,0.74350977,0.9304141,0.0795756,1
ENSG00000115850,-0.2531781,-0.79588,0.98840314,1.0,1
ENSG00000115866,1.6439997,1.83531,0.89531887,1.0,1
ENSG00000115866,1.6425217,1.83531,0.92277735,0.97250617,1
ENSG00000115875,2.0616646,2.3939786,0.9361668,1.0,1
ENSG00000115875,2.034596,2.3939786,0.8668084,0.57583183,1
ENSG00000115875,2.0725365,2.3939786,0.9153562,0.11722543,1
ENSG00000115884,1.1016839,1.2900347,0.95138144,1.0,1
ENSG00000115896,-0.45584944,-0.6777807,0.98531127,1.0,1
ENSG00000115896,-0.45918766,-0.6777807,0.98808634,1.0,1
ENSG00000115902,1.3281299,1.3577443,0.89532787,1.0,1
ENSG00000115902,1.3484706,1.3577443,0.9110383,0.99436355,1
ENSG00000115904,1.2565259,0.80618,0.9020073,1.0,1
ENSG00000115919,1.1238086,1.3543006,0.88382995,1.0,1
ENSG00000115919,1.043917,1.3543006,0.90138954,0.8079146,1
ENSG00000115935,0.11836684,1.7327957,0.98023903,1.0,1
ENSG00000115935,0.0674493,1.7327957,0.9794693,1.0,1
ENSG00000115935,0.15589568,1.7327957,0.95814407,1.0,1
ENSG00000115935,0.18363708,1.7327957,0.80196995,1.0,1
ENSG00000115942,1.6980036,1.0149404,0.9344117,1.0,1
ENSG00000115944,1.868916,2.123623,0.9007363,1.0,1
ENSG00000115944,1.868916,2.123623,0.9007363,1.0,1
ENSG00000115944,1.8554338,2.123623,0.8427764,1.0,1
ENSG00000115946,1.5374058,1.426999,0.92889476,1.0,1
ENSG00000115946,1.527934,1.426999,0.8786556,1.0,1
ENSG00000115947,1.3234938,1.5203525,0.9107611,1.0,1
ENSG00000115947,1.2557194,1.5203525,0.9309567,1.0,1
ENSG00000115956,1.7051493,2.409781,0.92782706,1.0,1
ENSG00000115956,1.7062002,2.409781,0.93133396,1.0,1
ENSG00000115956,1.759434,2.409781,0.9102125,1.0,1
ENSG00000115966,1.6344551,1.1684974,0.8976518,0.0057553956,1
ENSG00000115966,1.6763797,1.1684974,0.9085281,0.16643357,1
ENSG00000115966,1.6950071,1.1684974,0.93200624,1.0,1
ENSG00000115966,1.6854717,1.1684974,0.90746576,0.7601399,1
ENSG00000115966,1.5901477,1.1684974,0.5893342,0.062237762,1
ENSG00000115970,0.852209,1.1105897,0.819937,1.0,1
ENSG00000115970,0.8217734,1.1105897,0.7424905,0.045822103,1
ENSG00000115977,1.2902688,1.1920096,0.9263664,1.0,1
ENSG00000115993,1.0876747,0.87621784,0.83135164,1.0,1
ENSG00000115993,1.1110325,0.87621784,0.8994672,1.0,1
ENSG00000115998,1.3847734,0.9754318,0.91306984,1.0,1
ENSG00000116001,1.7088834,1.892039,0.9080022,1.0,1
ENSG00000116001,1.7754365,1.892039,0.90507287,1.0,1
ENSG00000116001,1.714442,1.892039,0.8381164,0.689993,1
ENSG00000116005,-0.2747856,0.34044412,0.9913304,1.0,1
ENSG00000116016,-0.079520226,-0.060480747,0.9843217,1.0,1
ENSG00000116016,0.0962577,-0.060480747,0.9770996,1.0,1
ENSG00000116016,-0.09633866,-0.060480747,0.9842794,1.0,1
ENSG00000116030,1.4619465,1.9593754,0.9268516,1.0,1
ENSG00000116030,1.4331368,1.9593754,0.91276777,0.9769303,1
ENSG00000116030,1.453407,1.9593754,0.90938556,0.96406746,1
ENSG00000116062,1.1003212,1.6416724,0.8530454,1.0,1
ENSG00000116062,1.0972352,1.6416724,0.93931025,0.12586805,1
ENSG00000116095,1.089239,0.7168377,0.9536783,1.0,1
ENSG00000116095,0.9982492,0.7168377,0.9334898,1.0,1
ENSG00000116096,0.64207995,0.28780174,0.9708701,1.0,1
ENSG00000116120,1.1173105,1.6260322,0.8858827,1.0,1
ENSG00000116127,0.7842039,0.8591383,0.9120126,1.0,1
ENSG00000116127,0.83931494,0.8591383,0.8608759,0.26556018,1
ENSG00000116127,0.8051449,0.8591383,0.9536277,1.0,1
ENSG00000118242,1.4548069,1.4432629,0.9222799,1.0,1
ENSG00000118246,1.5807124,1.4044917,0.84456795,1.0,1
ENSG00000118246,1.5903522,1.4044917,0.89679915,1.0,1
ENSG00000118246,1.6440996,1.4044917,0.91123015,1.0,1
ENSG00000118246,1.6295346,1.4044917,0.8634016,1.0,1
ENSG00000118246,1.6015707,1.4044917,0.8984428,1.0,1
ENSG00000118246,1.5291682,1.4044917,0.56669563,1.0,1
ENSG00000118260,1.6006938,1.4382259,0.91687053,1.0,1
ENSG00000118260,1.5663693,1.4382259,0.9072709,1.0,1
ENSG00000118260,1.5512357,1.4382259,0.9010929,1.0,1
ENSG00000118260,1.6257962,1.4382259,0.92785394,1.0,1
ENSG00000118260,1.596042,1.4382259,0.90125155,1.0,1
ENSG00000118260,1.5934008,1.4382259,0.9183708,1.0,1
ENSG00000118260,1.6143163,1.4382259,0.92249614,1.0,1
ENSG00000118260,1.5270084,1.4382259,0.6281664,0.56690997,1
ENSG00000118307,0.7937695,-0.7695511,0.94503427,1.0,1
ENSG00000118308,1.8215077,2.2275012,0.90929663,1.0,1
ENSG00000118308,1.8227957,2.2275012,0.91387606,0.1990312,1
ENSG00000118308,1.8196055,2.2275012,0.90598106,0.7433343,1
ENSG00000118308,1.7618817,2.2275012,0.9183794,0.9375214,1
ENSG00000118308,1.8422188,2.2275012,0.8792894,0.95040864,1
ENSG00000118600,1.1946801,1.2360332,0.9159233,1.0,1
ENSG00000118600,1.1772095,1.2360332,0.8921503,0.12108175,1
ENSG00000118640,1.4093754,2.18004,0.95415586,1.0,1
ENSG00000118960,1.245602,0.6053051,0.9433847,1.0,1
ENSG00000118960,1.1801533,0.6053051,0.9525403,1.0,1
ENSG00000118961,1.3343062,1.123198,0.9126313,1.0,1
ENSG00000118961,1.3354756,1.123198,0.8895847,1.0,1
ENSG00000118961,1.2532526,1.123198,0.8969345,0.8466483,1
ENSG00000118961,1.2680345,1.123198,0.8218154,0.82600385,1
ENSG00000118961,1.2680345,1.123198,0.8218154,0.9154676,1
ENSG00000118961,1.4499171,1.123198,0.8844278,0.4590861,1
ENSG00000118965,0.8228097,0.61278385,0.95355505,1.0,1
ENSG00000118965,0.82188904,0.61278385,0.9482474,1.0,1
ENSG00000118965,0.800009,0.61278385,0.97099113,1.0,1
ENSG00000118965,0.75966275,0.61278385,0.96691287,1.0,1
ENSG00000118965,0.909093,0.61278385,0.9654598,1.0,1
ENSG00000118965,0.7880062,0.61278385,0.96753323,1.0,1
ENSG00000118965,0.8502047,0.61278385,0.9697583,0.9859155,1
ENSG00000118965,0.8730421,0.61278385,0.6145201,0.9818182,1
ENSG00000118965,0.77027833,0.61278385,0.939954,0.22857143,1
ENSG00000118971,1.1238021,1.7919712,0.9354152,1.0,1
ENSG00000118997,0.58359146,-0.49485,0.9334877,1.0,1
ENSG00000119004,1.611138,0.79588,0.8933256,1.0,1
ENSG00000119004,1.7218045,0.79588,0.9101009,1.0,1
ENSG00000119004,1.5961505,0.79588,0.7391162,0.6764706,1
ENSG00000119004,1.7079734,0.79588,0.9168545,0.67474747,1
ENSG00000119004,1.593854,0.79588,0.87751234,0.5963303,1
ENSG00000119004,1.6454576,0.79588,0.9190648,0.800905,1
ENSG00000119013,1.7074957,2.1661932,0.9254746,1.0,1
ENSG00000119013,1.7322131,2.1661932,0.91500753,0.1243352,1
ENSG00000119013,1.7682062,2.1661932,0.62722987,0.05535742,1
ENSG00000119041,0.8232871,1.4248816,0.94018614,1.0,1
ENSG00000119041,0.73862183,1.4248816,0.9629496,1.0,1
ENSG00000119042,-0.34975716,-0.85387194,0.9827958,1.0,1
ENSG00000119042,-0.28642648,-0.85387194,0.9721887,1.0,1
ENSG00000119185,1.467573,1.7726884,0.9025052,1.0,1
ENSG00000119185,1.4754115,1.7726884,0.9295186,1.0,1
ENSG00000119185,1.4451824,1.7726884,0.8491398,0.9420756,1
ENSG00000119185,1.4407469,1.7726884,0.891579,0.8209121,1
ENSG00000119185,1.4754115,1.7726884,0.9295186,1.0,1
ENSG00000119185,1.4754115,1.7726884,0.9295186,0.8666093,1
ENSG00000119203,1.2070156,1.55145,0.92331105,1.0,1
ENSG00000119242,0.9889604,0.91698,0.95309377,1.0,1
ENSG00000119242,0.89156115,0.91698,0.95374537,0.35365853,1
ENSG00000119729,1.6359975,1.3234583,0.9155999,1.0,1
ENSG00000119729,1.6676904,1.3234583,0.9302215,1.0,1
ENSG00000119760,0.99551904,1.3012471,0.9339474,1.0,1
ENSG00000119760,1.0546819,1.3012471,0.8352822,0.9719101,1
ENSG00000119760,1.0278614,1.3012471,0.915084,0.984326,1
ENSG00000119771,0.60746765,1.1616675,0.981185,1.0,1
ENSG00000119772,0.73354065,1.2771506,0.95330995,1.0,1
ENSG00000119772,0.663097,1.2771506,0.9102403,1.0,1
ENSG00000119772,0.77754796,1.2771506,0.9545202,0.026910657,1
ENSG00000119777,1.6440175,1.6189889,0.93887556,1.0,1
ENSG00000119777,1.6202657,1.6189889,0.9343865,0.9988523,1
ENSG00000119777,1.6185097,1.6189889,0.8822031,0.9041854,1
ENSG00000119778,1.2444267,0.94398886,0.8958093,1.0,1
ENSG00000119778,1.3108159,0.94398886,0.91024476,1.0,1
ENSG00000119778,1.3103831,0.94398886,0.8838825,1.0,1
ENSG00000119787,1.4683216,1.514946,0.92804307,1.0,1
ENSG00000119787,1.4502181,1.514946,0.9172188,1.0,1
ENSG00000119787,1.3865353,1.514946,0.80022603,1.0,1
ENSG00000119787,1.4338596,1.514946,0.90770143,1.0,1
ENSG00000119801,1.4713572,1.2844307,0.8451923,1.0,1
ENSG00000119801,1.4870728,1.2844307,0.81938595,1.0,1
ENSG00000119801,1.4877218,1.2844307,0.8710136,0.01973165,1
ENSG00000119801,1.4713572,1.2844307,0.8451923,0.18770438,1
ENSG00000119801,1.4906627,1.2844307,0.87406975,0.028571429,1
ENSG00000119801,1.4906627,1.2844307,0.87406975,0.12232416,1
ENSG00000119812,1.219195,1.8677031,0.93070006,1.0,1
ENSG00000119812,1.2386703,1.8677031,0.90655226,1.0,1
ENSG00000119812,1.2378414,1.8677031,0.90000045,1.0,1
ENSG00000119812,1.2297223,1.8677031,0.93495345,0.97114253,1
ENSG00000119820,1.3844882,0.8337844,0.92518765,1.0,1
ENSG00000119820,1.3998829,0.8337844,0.888333,1.0,1
ENSG00000119844,1.047342,1.4720247,0.8324473,1.0,1
ENSG00000119844,1.0319712,1.4720247,0.8825906,0.30279654,1
ENSG00000119862,0.48595116,0.6702458,0.9811622,1.0,1
ENSG00000119878,1.6459292,0.60422605,0.9192171,1.0,1
ENSG00000119888,-0.37011108,-0.17392519,0.98529667,1.0,1
ENSG00000119888,-0.32137874,-0.17392519,0.9848317,1.0,1
ENSG00000120647,1.2377003,1.0480531,0.9462536,1.0,1
ENSG00000120647,1.1883126,1.0480531,0.905537,0.56494325,1
ENSG00000120798,0.8027383,1.3882788,0.9548435,1.0,1
ENSG00000120798,0.78930914,1.3882788,0.9256344,0.0,1
ENSG00000120800,0.6053076,1.0038911,0.97056437,1.0,1
ENSG00000120800,0.45993027,1.0038911,0.9704564,1.0,1
ENSG00000120802,1.1681247,1.941064,0.8861931,1.0,1
ENSG00000120802,1.2275774,1.941064,0.8884795,1.0,1
ENSG00000120805,1.568998,1.6283889,0.90570724,1.0,1
ENSG00000120805,1.5889697,1.6283889,0.92894465,1.0,1
ENSG00000120805,1.5942858,1.6283889,0.92318183,1.0,1
ENSG00000120805,1.5942858,1.6283889,0.92318183,1.0,1
ENSG00000120805,1.517182,1.6283889,0.9196732,0.96757233,1
ENSG00000120832,0.25906548,0.9148718,0.9789139,1.0,1
ENSG00000120833,0.7019322,1.0051805,0.8914522,1.0,1
ENSG00000120833,0.7019322,1.0051805,0.8914522,1.0,1
ENSG00000120833,0.69922495,1.0051805,0.965185,1.0,1
ENSG00000120837,1.3211426,1.2547897,0.9480785,1.0,1
ENSG00000120837,1.2878994,1.2547897,0.93711424,1.0,1
ENSG00000120837,1.2878994,1.2547897,0.93711424,1.0,1
ENSG00000120860,1.4811591,1.5114822,0.89300287,1.0,1
ENSG00000120860,1.5208191,1.5114822,0.7733177,0.05564595,1
ENSG00000120868,1.0934644,0.9375179,0.89994127,1.0,1
ENSG00000120868,1.0898979,0.9375179,0.78744197,0.93214285,1
ENSG00000120868,1.1026822,0.9375179,0.7496737,1.0,1
ENSG00000121152,1.5028788,1.7402047,0.92640823,1.0,1
ENSG00000121152,1.5219749,1.7402047,0.9096957,1.0,1
ENSG00000121152,1.6074057,1.7402047,0.91647977,0.90295815,1
ENSG00000121152,1.6170877,1.7402047,0.91531223,0.76067615,1
ENSG00000121152,1.6239297,1.7402047,0.9340095,0.37587008,1
ENSG00000121316,-0.459656,-0.32790214,0.98256046,1.0,1
ENSG00000121350,0.9837781,1.0115705,0.94746536,1.0,1
ENSG00000121350,0.98478496,1.0115705,0.95353293,1.0,1
ENSG00000121350,0.96671915,1.0115705,0.92895544,0.9142857,1
ENSG00000121749,0.93840504,1.1024337,0.9394445,1.0,1
ENSG00000121749,1.0013062,1.1024337,0.90743446,0.0,1
ENSG00000121749,1.155087,1.1024337,0.8700302,0.027282266,1
ENSG00000121749,0.9836329,1.1024337,0.9378755,0.8950682,1
ENSG00000121749,1.0899693,1.1024337,0.87534887,0.03987408,1
ENSG00000121964,1.0084112,0.9804579,0.7717091,1.0,1
ENSG00000121988,1.6113964,0.664642,0.8813813,1.0,1
ENSG00000121988,1.6871982,0.664642,0.88125795,0.0,1
ENSG00000121989,0.06978352,-0.124938734,0.97437924,1.0,1
ENSG00000122085,1.2647436,1.7299743,0.8005378,1.0,1
ENSG00000122085,1.2630504,1.7299743,0.9543346,0.0,1
ENSG00000122085,1.2520018,1.7299743,0.91921693,0.18543047,1
ENSG00000122085,1.2291236,1.7299743,0.88781416,0.9044118,1
ENSG00000122085,1.2132884,1.7299743,0.89108527,0.45697096,1
ENSG00000122965,0.87843096,1.5041989,0.9349072,1.0,1
ENSG00000122965,0.90851843,1.5041989,0.9038785,1.0,1
ENSG00000122966,1.0408136,1.2357808,0.9149805,1.0,1
ENSG00000122966,1.079106,1.2357808,0.93489456,1.0,1
ENSG00000122970,1.3195838,0.61384183,0.83439094,1.0,1
ENSG00000122971,0.6839794,1.1058507,0.96732306,1.0,1
ENSG00000122986,1.2451063,1.8151791,0.9360255,1.0,1
ENSG00000122986,1.2611481,1.8151791,0.93530285,1.0,1
ENSG00000122986,1.2329799,1.8151791,0.8386793,0.6437282,1
ENSG00000123064,1.4364089,1.6708022,0.9361693,1.0,1
ENSG00000123066,0.35644847,0.8585372,0.93674797,1.0,1
ENSG00000123104,0.65263414,1.2891428,0.9410881,1.0,1
ENSG00000123104,0.6605736,1.2891428,0.9104382,1.0,1
ENSG00000123106,1.3652501,0.8645111,0.6646795,1.0,1
ENSG00000123106,1.4354736,0.8645111,0.8502932,1.0,1
ENSG00000123106,1.4125983,0.8645111,0.90419495,1.0,1
ENSG00000123106,1.4486485,0.8645111,0.8963619,1.0,1
ENSG00000123106,1.3623883,0.8645111,0.9012133,1.0,1
ENSG00000123106,1.4137048,0.8645111,0.84727484,0.0779661,1
ENSG00000123106,1.375259,0.8645111,0.8462561,0.0779661,1
ENSG00000123268,1.4989932,1.5961571,0.9008386,1.0,1
ENSG00000123297,0.85035443,1.5571462,0.8376088,0.70153135,1
ENSG00000123297,0.79484236,1.5571462,0.94239146,0.96813494,1
ENSG00000123329,1.8361101,1.9064966,0.9304307,1.0,1
ENSG00000123329,1.7784686,1.9064966,0.9369721,0.76712924,1
ENSG00000123338,1.1402988,1.8991089,0.9363639,1.0,1
ENSG00000123349,1.6077639,2.5772045,0.95307505,1.0,1
ENSG00000123349,1.6642574,2.5772045,0.94761175,0.81,1
ENSG00000123349,1.6592376,2.5772045,0.9475988,0.0038865139,1
ENSG00000123349,1.67591,2.5772045,0.6499103,0.012204522,1
ENSG00000123349,1.6597983,2.5772045,0.8938859,0.02299873,1
ENSG00000123349,1.6102742,2.5772045,0.9524093,0.8897246,1
ENSG00000123349,1.7331322,2.5772045,0.6416588,0.9987689,1
ENSG00000123352,1.5571634,1.3077099,0.9073626,1.0,1
ENSG00000123352,1.5785383,1.3077099,0.55252093,0.29846504,1
ENSG00000123352,1.551724,1.3077099,0.8290538,0.041970804,1
ENSG00000123352,1.5538425,1.3077099,0.87693,0.065836295,1
ENSG00000123352,1.5610297,1.3077099,0.66594124,0.09154519,1
ENSG00000123353,1.5659893,1.3136563,0.9432149,1.0,1
ENSG00000123358,1.1987329,0.6803355,0.9383449,1.0,1
ENSG00000123358,1.2019693,0.6803355,0.92730933,0.0,1
ENSG00000123374,1.3766919,1.7758288,0.9451862,1.0,1
ENSG00000123374,1.3095502,1.7758288,0.952368,0.9471974,1
ENSG00000123374,1.3163568,1.7758288,0.9306392,0.9471974,1
ENSG00000123384,1.3271352,-0.61978877,0.96504986,1.0,1
ENSG00000123395,1.2594776,1.5383223,0.93457294,1.0,1
ENSG00000123395,1.3063631,1.5383223,0.87838614,1.0,1
ENSG00000123411,0.24155772,0.4502491,0.97309655,1.0,1
ENSG00000123411,0.36920223,0.4502491,0.9741228,1.0,1
ENSG00000123411,0.24274023,0.4502491,0.97839385,1.0,1
ENSG00000123411,0.31146178,0.4502491,0.9776195,1.0,1
ENSG00000123415,0.90526843,1.6562899,0.9577495,1.0,1
ENSG00000123415,0.9020611,1.6562899,0.9499682,1.0,1
ENSG00000123415,0.9020611,1.6562899,0.9499682,1.0,1
ENSG00000123415,0.87791634,1.6562899,0.95635766,1.0,1
ENSG00000123415,0.88221097,1.6562899,0.9429175,1.0,1
ENSG00000123415,0.91979194,1.6562899,0.879428,1.0,1
ENSG00000123415,0.87730527,1.6562899,0.956218,0.22622283,1
ENSG00000123415,0.8630307,1.6562899,0.89272135,0.060231023,1
ENSG00000123416,1.5743093,3.46485,0.94187254,1.0,1
ENSG00000123427,0.6137239,0.51587385,0.95934254,1.0,1
ENSG00000123427,0.6570772,0.51587385,0.9624112,0.31868133,1
ENSG00000123485,1.1154412,1.5434471,0.8869767,1.0,1
ENSG00000123600,1.3863692,1.3765769,0.784512,1.0,1
ENSG00000123600,1.4585642,1.3765769,0.921126,1.0,1
ENSG00000123600,1.4623346,1.3765769,0.89725727,1.0,1
ENSG00000123600,1.3968698,1.3765769,0.9340444,0.68432206,1
ENSG00000123600,1.4585642,1.3765769,0.921126,0.5877193,1
ENSG00000123607,1.1818041,0.9324738,0.9158367,1.0,1
ENSG00000123609,1.5762572,1.6308345,0.9352142,1.0,1
ENSG00000123609,1.5148915,1.6308345,0.9323416,1.0,1
ENSG00000123609,1.496086,1.6308345,0.92601806,1.0,1
ENSG00000123609,1.5430709,1.6308345,0.94077146,1.0,1
ENSG00000123609,1.5672382,1.6308345,0.9396975,1.0,1
ENSG00000123609,1.5793499,1.6308345,0.9335459,0.98218316,1
ENSG00000123610,0.5299822,-0.008773924,0.97534865,1.0,1
ENSG00000123610,0.4945081,-0.008773924,0.9628418,1.0,1
ENSG00000123636,0.22485465,1.2382971,0.9593863,1.0,1
ENSG00000123983,1.1959624,1.5874865,0.93390757,1.0,1
ENSG00000123989,0.29303226,0.90091306,0.9843556,1.0,1
ENSG00000123989,0.33863345,0.90091306,0.96103793,1.0,1
ENSG00000123992,1.4021142,1.7535831,0.9221482,1.0,1
ENSG00000123992,1.3679615,1.7535831,0.9131745,1.0,1
ENSG00000123992,1.3666276,1.7535831,0.9075659,1.0,1
ENSG00000124356,1.3341726,1.595386,0.92072916,1.0,1
ENSG00000124356,1.3198837,1.595386,0.92248935,1.0,1
ENSG00000124356,1.317013,1.595386,0.9192996,1.0,1
ENSG00000124357,2.2210798,2.0448923,0.90631396,1.0,1
ENSG00000124370,1.3378626,1.2511513,0.8525599,1.0,1
ENSG00000124374,1.123331,-0.61978877,0.9356288,1.0,1
ENSG00000124380,1.4208409,1.5171959,0.9157763,1.0,1
ENSG00000124380,1.4361691,1.5171959,0.9476853,1.0,1
ENSG00000124380,1.3956829,1.5171959,0.92330956,1.0,1
ENSG00000124380,1.4121665,1.5171959,0.9358307,1.0,1
ENSG00000124380,1.419913,1.5171959,0.94199395,1.0,1
ENSG00000124383,1.2964606,1.4371161,0.9286713,1.0,1
ENSG00000124383,1.3221779,1.4371161,0.93049365,1.0,1
ENSG00000124831,1.2149128,1.7264827,0.8813883,1.0,1
ENSG00000124831,1.2005627,1.7264827,0.8505342,1.0,1
ENSG00000124831,1.2428122,1.7264827,0.88272065,1.0,1
ENSG00000124831,1.1911272,1.7264827,0.87813234,1.0,1
ENSG00000124831,1.2197175,1.7264827,0.9360513,0.009072352,1
ENSG00000125538,-0.05969058,-0.026872147,0.98445463,1.0,1
ENSG00000125551,-0.6512221,-0.49485,0.99003345,1.0,1
ENSG00000125571,0.16148601,-0.5086383,0.9661931,1.0,1
ENSG00000125611,1.7899586,1.6079909,0.94299316,1.0,1
ENSG00000125611,1.8035499,1.6079909,0.9410329,1.0,1
ENSG00000125629,1.2397009,0.8686444,0.9495037,1.0,1
ENSG00000125629,1.2411523,0.8686444,0.94804466,1.0,1
ENSG00000125629,1.1590946,0.8686444,0.94669974,1.0,1
ENSG00000125629,1.2180545,0.8686444,0.9296241,1.0,1
ENSG00000125630,1.1912428,1.4143047,0.92382294,1.0,1
ENSG00000125630,1.2535119,1.4143047,0.92573315,1.0,1
ENSG00000125630,1.2018507,1.4143047,0.8296257,0.08895706,1
ENSG00000125630,1.1692215,1.4143047,0.9389151,1.0,1
ENSG00000125633,0.9846771,1.0441476,0.91417015,1.0,1
ENSG00000125637,1.4152428,1.6374897,0.88592803,1.0,1
ENSG00000125637,1.3656498,1.6374897,0.90031314,1.0,1
ENSG00000125637,1.3889467,1.6374897,0.9103467,1.0,1
ENSG00000125637,1.3836125,1.6374897,0.920807,1.0,1
ENSG00000125637,1.3714887,1.6374897,0.9211167,1.0,1
ENSG00000125637,1.4093047,1.6374897,0.93019354,1.0,1
ENSG00000125637,1.3801866,1.6374897,0.9133945,1.0,1
ENSG00000125637,1.3933887,1.6374897,0.9339579,1.0,1
ENSG00000125637,1.3576634,1.6374897,0.7230676,1.0,1
ENSG00000125637,1.4068519,1.6374897,0.9387165,1.0,1
ENSG00000126746,1.177516,1.7029473,0.9028404,1.0,1
ENSG00000126746,1.2117532,1.7029473,0.9400646,0.32072434,1
ENSG00000127311,0.9880607,0.40140054,0.89485013,1.0,1
ENSG00000127311,0.9779402,0.40140054,0.8986587,1.0,1
ENSG00000127311,0.99250734,0.40140054,0.93729067,1.0,1
ENSG00000127311,1.0085942,0.40140054,0.9398909,1.0,1
ENSG00000127311,1.0654429,0.40140054,0.8688381,0.9849246,1
ENSG00000127314,1.4769255,2.0106814,0.89674515,1.0,1
ENSG00000127314,1.4809916,2.0106814,0.93761677,1.0,1
ENSG00000127314,1.4769255,2.0106814,0.89674515,0.9142367,1
ENSG00000127314,1.4989563,2.0106814,0.91378284,0.0,1
ENSG00000127314,1.4966162,2.0106814,0.90808374,1.0,1
ENSG00000127314,1.458491,2.0106814,0.93901724,0.99794984,1
ENSG00000127328,0.92816067,1.1258065,0.9222724,1.0,1
ENSG00000127328,1.011334,1.1258065,0.9385315,0.30602008,1
ENSG00000127329,-0.49787202,-0.88605666,0.988054,1.0,1
ENSG00000127329,-0.46857193,-0.88605666,0.9811189,1.0,1
ENSG00000127329,-0.49262992,-0.88605666,0.987745,1.0,1
ENSG00000127329,-0.5565512,-0.88605666,0.99382365,1.0,1
ENSG00000127329,-0.5270997,-0.88605666,0.9918733,1.0,1
ENSG00000127329,-0.5127697,-0.88605666,0.9916107,1.0,1
ENSG00000127334,0.62521946,1.1068705,0.9165097,0.46256894,1
ENSG00000127337,1.5846804,1.5397032,0.91051763,1.0,1
ENSG00000127720,1.310785,0.67851835,0.87615377,1.0,1
ENSG00000127720,1.310785,0.67851835,0.87615377,1.0,1
ENSG00000127831,0.24938077,-0.92081875,0.9681114,1.0,1
ENSG00000127831,0.42747697,-0.92081875,0.96953243,1.0,1
ENSG00000127837,1.6346132,1.8932623,0.9307364,1.0,1
ENSG00000128641,-0.10361539,0.056904852,0.9861806,1.0,1
ENSG00000128654,1.5868973,1.5697249,0.80720156,1.0,1
ENSG00000128654,1.5459996,1.5697249,0.8432033,0.081466965,1
ENSG00000128656,0.49277994,-0.60206,0.9435686,1.0,1
ENSG00000128656,0.38405696,-0.60206,0.85785764,1.0,1
ENSG00000128694,1.958738,0.75815463,0.8993226,1.0,1
ENSG00000128694,1.9139156,0.75815463,0.8578519,0.7077799,1
ENSG00000128699,1.7439727,1.9241759,0.9078367,1.0,1
ENSG00000128699,1.7660791,1.9241759,0.8428246,1.0,1
ENSG00000128699,1.7720078,1.9241759,0.90508455,1.0,1
ENSG00000128699,1.7587936,1.9241759,0.8747969,0.73577327,1
ENSG00000128708,0.9223677,1.8490506,0.9425471,1.0,1
ENSG00000128708,1.0534753,1.8490506,0.89483726,0.9841593,1
ENSG00000128708,0.97405314,1.8490506,0.93363005,0.98144925,1
ENSG00000129315,1.3886119,1.0927206,0.92051446,1.0,1
ENSG00000129315,1.4165152,1.0927206,0.91367286,0.8457557,1
ENSG00000129317,0.7820437,0.71933126,0.93228155,1.0,1
ENSG00000129317,0.8106518,0.71933126,0.8555385,1.0,1
ENSG00000130038,1.335425,1.045714,0.8962254,1.0,1
ENSG00000130038,1.3727467,1.045714,0.86584103,1.0,1
ENSG00000130414,1.3099815,2.1881125,0.82263887,1.0,1
ENSG00000130783,0.59445226,-0.5086383,0.9627621,1.0,1
ENSG00000130787,-0.24694034,1.2143139,0.965131,1.0,1
ENSG00000130921,1.1986262,1.2655253,0.8786918,1.0,1
ENSG00000132300,1.5933627,1.9060656,0.9104499,1.0,1
ENSG00000132300,1.6360717,1.9060656,0.9086437,1.0,1
ENSG00000132300,1.5937117,1.9060656,0.87894833,1.0,1
ENSG00000132305,1.1438537,1.8078731,0.9196179,1.0,1
ENSG00000132305,1.1404701,1.8078731,0.89838135,1.0,1
ENSG00000132323,1.4448843,1.6765107,0.91439766,1.0,1
ENSG00000132323,1.3726645,1.6765107,0.8838307,1.0,1
ENSG00000132323,1.393238,1.6765107,0.8743902,1.0,1
ENSG00000132323,1.3956352,1.6765107,0.9212471,0.9562474,1
ENSG00000132326,1.4453133,0.61278385,0.91422206,1.0,1
ENSG00000132326,1.461497,0.61278385,0.89535207,1.0,1
ENSG00000132329,0.17776003,-0.5086383,0.9754566,1.0,1
ENSG00000132330,1.401804,1.426023,0.8719351,1.0,1
ENSG00000132330,1.3751769,1.426023,0.9231096,1.0,1
ENSG00000132330,1.3425232,1.426023,0.92583543,1.0,1
ENSG00000132330,1.3248081,1.426023,0.93435633,0.09911616,1
ENSG00000132341,2.3361757,3.3402696,0.8778427,0.7245137,1
ENSG00000133641,0.93778217,1.2035768,0.9572589,1.0,1
ENSG00000133641,0.928262,1.2035768,0.96909684,1.0,1
ENSG00000133641,0.94336164,1.2035768,0.96387666,0.76101696,1
ENSG00000133641,0.97062945,1.2035768,0.9705715,0.9907692,1
ENSG00000133687,-0.52601075,-0.30103,0.97009486,1.0,1
ENSG00000133703,1.294715,0.6608655,0.92781836,1.0,1
ENSG00000133703,1.2939559,0.6608655,0.9508704,0.0022573364,1
ENSG00000133704,0.8325672,1.1752218,0.93927944,1.0,1
ENSG00000133773,1.3044404,1.5896145,0.904808,1.0,1
ENSG00000133773,1.3015025,1.5896145,0.92747027,1.0,1
ENSG00000133858,1.6670249,1.5086644,0.86419433,1.0,1
ENSG00000133858,1.746197,1.5086644,0.92074573,1.0,1
ENSG00000134283,1.2811848,1.7851874,0.8676257,1.0,1
ENSG00000134283,1.3068645,1.7851874,0.9176356,1.0,1
ENSG00000134283,1.3750073,1.7851874,0.8107167,0.21196383,1
ENSG00000134283,1.2559345,1.7851874,0.91985404,0.5889594,1
ENSG00000134283,1.3145905,1.7851874,0.72835964,0.003077515,1
ENSG00000134283,1.2634495,1.7851874,0.7732171,0.96784234,1
ENSG00000134285,1.4649338,1.6897527,0.94004595,1.0,1
ENSG00000134287,1.1185247,1.8905329,0.94952714,1.0,1
ENSG00000134287,1.1185247,1.8905329,0.94952714,1.0,1
ENSG00000134287,1.0798701,1.8905329,0.9543736,0.9399864,1
ENSG00000134291,1.0033475,1.9911817,0.9100158,1.0,1
ENSG00000134294,0.8902713,1.6487502,0.95834607,1.0,1
ENSG00000134294,0.8744743,1.6487502,0.94037443,0.85082704,1
ENSG00000134308,1.3461214,2.173565,0.9072674,1.0,1
ENSG00000134313,0.7057595,1.0318123,0.953637,1.0,1
ENSG00000134313,0.85473144,1.0318123,0.96167725,1.0,1
ENSG00000134313,0.7404144,1.0318123,0.88249415,0.14,1
ENSG00000134317,0.39970955,-0.4089354,0.97817206,1.0,1
ENSG00000134317,0.46372056,-0.4089354,0.95862204,1.0,1
ENSG00000134318,0.9955765,0.7611758,0.8679528,1.0,1
ENSG00000134318,0.8698214,0.7611758,0.93122023,1.0,1
ENSG00000134318,0.9269415,0.7611758,0.9472067,1.0,1
ENSG00000134318,0.9198147,0.7611758,0.86169124,1.0,1
ENSG00000134321,-0.61787546,-0.09151498,0.99321294,1.0,1
ENSG00000134324,1.1678203,1.6942542,0.9454749,1.0,1
ENSG00000134324,1.147924,1.6942542,0.8126857,0.0020149683,1
ENSG00000134326,0.65038145,0.40993312,0.96080613,1.0,1
ENSG00000134531,-0.028288651,-0.39794,0.980454,1.0,1
ENSG00000134532,-0.67433643,-0.65757734,0.99181527,1.0,1
ENSG00000134532,-0.691581,-0.65757734,0.9910783,1.0,1
ENSG00000135090,1.2235377,1.5350409,0.8813897,1.0,1
ENSG00000135090,1.2636074,1.5350409,0.8729446,1.0,1
ENSG00000135090,1.2520396,1.5350409,0.9130173,1.0,1
ENSG00000135090,1.2521542,1.5350409,0.91538286,0.9959982,1
ENSG00000135090,1.237442,1.5350409,0.6214808,0.0,1
ENSG00000135093,1.0020121,0.7781513,0.9625607,1.0,1
ENSG00000135093,1.1031429,0.7781513,0.84677166,1.0,1
ENSG00000135093,1.0772995,0.7781513,0.8226786,1.0,1
ENSG00000135093,1.081998,0.7781513,0.9492959,1.0,1
ENSG00000135108,0.607198,1.3430145,0.9763338,1.0,1
ENSG00000135124,1.0636486,1.3765769,0.930552,0.35790884,1
ENSG00000135124,1.1082102,1.3765769,0.87755466,0.02406228,1
ENSG00000135124,1.1124002,1.3765769,0.89337575,0.08512064,1
ENSG00000135127,-0.7696481,0.85733247,0.9927347,1.0,1
ENSG00000135148,1.3591868,1.5404546,0.9307993,1.0,1
ENSG00000135390,1.4352704,2.628031,0.9332833,1.0,1
ENSG00000135390,1.4622493,2.628031,0.88132036,1.0,1
ENSG00000135392,1.0430477,1.2276297,0.92863184,1.0,1
ENSG00000135404,1.7488651,2.1623254,0.885201,1.0,1
ENSG00000135407,-0.07206126,0.012837225,0.98264635,1.0,1
ENSG00000135414,-0.12507698,0.97034687,0.9904117,1.0,1
ENSG00000135424,-0.29863736,0.4281348,0.9858768,1.0,1
ENSG00000135426,1.504839,1.350248,0.78174406,1.0,1
ENSG00000135436,-0.474649,-0.33724216,0.9883465,1.0,1
ENSG00000135436,-0.46606743,-0.33724216,0.98815316,1.0,1
ENSG00000135436,-0.46986976,-0.33724216,0.9915155,1.0,1
ENSG00000135439,0.7386236,1.0132587,0.95862204,1.0,1
ENSG00000135441,1.2319007,2.1734776,0.9512494,1.0,1
ENSG00000135441,1.2319007,2.1734776,0.9512494,1.0,1
ENSG00000135441,1.271761,2.1734776,0.94699323,1.0,1
ENSG00000135441,1.2079352,2.1734776,0.9506019,0.37153196,1
ENSG00000135446,1.5914748,2.3687887,0.941256,1.0,1
ENSG00000135446,1.6092962,2.3687887,0.9518427,0.7010574,1
ENSG00000135451,1.2860181,1.7754648,0.94170886,1.0,1
ENSG00000135451,1.2528735,1.7754648,0.9433715,1.0,1
ENSG00000135451,1.2416737,1.7754648,0.9076052,1.0,1
ENSG00000135451,1.2998511,1.7754648,0.9255244,0.98310566,1
ENSG00000135452,1.5928506,1.2166936,0.86160505,1.0,1
ENSG00000135454,-0.32525536,-0.69897,0.98730844,1.0,1
ENSG00000135457,1.6596065,1.2140486,0.9246965,1.0,1
ENSG00000135469,0.6192343,0.9420081,0.9669763,1.0,1
ENSG00000135469,0.65301883,0.9420081,0.9681217,1.0,1
ENSG00000135469,0.62397254,0.9420081,0.96839654,1.0,1
ENSG00000135473,2.0237436,1.5165354,0.91177875,1.0,1
ENSG00000135473,1.9700063,1.5165354,0.90772754,1.0,1
ENSG00000135476,1.1768392,1.3972446,0.93534374,1.0,1
ENSG00000135476,1.212377,1.3972446,0.8211963,1.0,1
ENSG00000135482,1.4768116,0.46538284,0.8925274,1.0,1
ENSG00000135486,1.7767786,3.1389496,0.94699526,1.0,1
ENSG00000135486,1.7438815,3.1389496,0.94418,0.37732622,1
ENSG00000135503,0.2745924,-0.537602,0.9654015,1.0,1
ENSG00000135503,0.19287625,-0.537602,0.9830298,1.0,1
ENSG00000135506,1.3026671,1.7998917,0.88687706,1.0,1
ENSG00000135506,1.2432942,1.7998917,0.9278947,0.99861306,1
ENSG00000135506,1.2333072,1.7998917,0.9362782,0.9978461,1
ENSG00000135506,1.2644571,1.7998917,0.94129074,0.64523077,1
ENSG00000135517,-0.518685,-0.9586073,0.98733145,1.0,1
ENSG00000135519,-0.31584364,-0.4089354,0.9848283,1.0,1
ENSG00000135519,-0.35338756,-0.4089354,0.9904999,1.0,1
ENSG00000135519,-0.29487315,-0.4089354,0.9671559,1.0,1
ENSG00000135617,1.647501,1.0899051,0.95782715,1.0,1
ENSG00000135617,1.6161792,1.0899051,0.9225362,1.0,1
ENSG00000135617,1.6579579,1.0899051,0.91268706,1.0,1
ENSG00000135622,0.29713875,0.32428247,0.9603161,1.0,1
ENSG00000135624,1.6017448,2.6511908,0.93246436,1.0,1
ENSG00000135624,1.6317812,2.6511908,0.84700567,0.0068083466,1
ENSG00000135632,1.2955946,1.4474682,0.7307309,1.0,1
ENSG00000135643,0.011678584,-0.61978877,0.97819304,1.0,1
ENSG00000135655,1.7068641,1.672375,0.90334946,1.0,1
ENSG00000135655,1.7068641,1.672375,0.90334946,1.0,1
ENSG00000135655,1.6977944,1.672375,0.8980122,0.9730016,1
ENSG00000135677,1.2517554,0.9956352,0.91344255,1.0,1
ENSG00000135677,1.1888081,0.9956352,0.87922347,0.99782133,1
ENSG00000135677,1.1973667,0.9956352,0.9255341,0.016111707,1
ENSG00000135679,1.3748842,1.7055216,0.867132,1.0,1
ENSG00000135679,1.3699255,1.7055216,0.9088745,0.9919183,1
ENSG00000135679,1.4113535,1.7055216,0.93216616,1.0,1
ENSG00000135679,1.3536005,1.7055216,0.9125964,0.9919183,1
ENSG00000135679,1.4080437,1.7055216,0.9119215,1.0,1
ENSG00000135898,1.0987575,1.2748504,0.86688066,1.0,1
ENSG00000135899,1.4818784,1.8132473,0.9111379,1.0,1
ENSG00000135899,1.4298496,1.8132473,0.9319124,1.0,1
ENSG00000135899,1.5026633,1.8132473,0.9132347,1.0,1
ENSG00000135912,1.4373538,1.4497869,0.62023807,1.0,1
ENSG00000135913,1.1369385,0.70926994,0.9149886,1.0,1
ENSG00000135913,1.112446,0.70926994,0.93339777,1.0,1
ENSG00000135913,1.1029208,0.70926994,0.897812,0.98715204,1
ENSG00000135913,1.1083266,0.70926994,0.90968287,0.9868709,1
ENSG00000135916,0.21662493,2.2137036,0.9822144,1.0,1
ENSG00000135916,0.23748751,2.2137036,0.97416794,1.0,1
ENSG00000135916,0.19157076,2.2137036,0.98168945,1.0,1
ENSG00000135916,0.3179613,2.2137036,0.97161305,0.7175535,1
ENSG00000135916,0.2451147,2.2137036,0.9656313,0.9983812,1
ENSG00000135924,1.82409,1.1972805,0.9267641,1.0,1
ENSG00000135924,1.8753161,1.1972805,0.9349331,1.0,1
ENSG00000135926,0.8399216,1.1945144,0.96397084,1.0,1
ENSG00000135926,0.7963226,1.1945144,0.9383619,1.0,1
ENSG00000135926,0.8399216,1.1945144,0.96397084,1.0,1
ENSG00000135926,0.87203944,1.1945144,0.9382365,0.045454547,1
ENSG00000135930,1.6776388,1.7753191,0.932516,1.0,1
ENSG00000135930,1.6848787,1.7753191,0.91308343,0.92790294,1
ENSG00000135931,1.3311006,0.91698,0.9119964,1.0,1
ENSG00000135931,1.3389546,0.91698,0.9294563,1.0,1
ENSG00000135932,1.1327938,1.6733896,0.9139534,1.0,1
ENSG00000135940,1.4034644,2.6026676,0.9428894,1.0,1
ENSG00000135940,1.3738106,2.6026676,0.94187194,1.0,1
ENSG00000135945,1.4481009,1.3083509,0.91507924,1.0,1
ENSG00000135945,1.406444,1.3083509,0.8824039,0.13020833,1
ENSG00000135953,1.0365905,0.9068735,0.9279057,1.0,1
ENSG00000135953,0.9612204,0.9068735,0.914104,1.0,1
ENSG00000135953,1.0435563,0.9068735,0.94181675,0.32963988,1
ENSG00000135956,1.5563788,1.2265999,0.9195222,1.0,1
ENSG00000135956,1.5454582,1.2265999,0.92232776,1.0,1
ENSG00000135966,1.1651825,1.3453737,0.88659996,1.0,1
ENSG00000135966,1.1514376,1.3453737,0.8780014,1.0,1
ENSG00000135968,1.0927944,0.9365137,0.9164412,1.0,1
ENSG00000135974,0.9143431,0.9449759,0.95276964,1.0,1
ENSG00000135976,0.39192525,0.78746045,0.9757159,1.0,1
ENSG00000135999,1.408275,0.7831887,0.91326016,1.0,1
ENSG00000135999,1.4263846,0.7831887,0.92735547,1.0,1
ENSG00000135999,1.3730537,0.7831887,0.90833056,1.0,1
ENSG00000136003,2.2211337,2.044069,0.89913225,1.0,1
ENSG00000136003,2.244796,2.044069,0.9301446,0.025873987,1
ENSG00000136003,2.228947,2.044069,0.9019414,0.0,1
ENSG00000136003,2.243408,2.044069,0.91525185,0.00040675208,1
ENSG00000136010,0.4364641,0.877947,0.97683525,1.0,1
ENSG00000136010,0.40865988,0.877947,0.9756085,1.0,1
ENSG00000136010,0.45197758,0.877947,0.966897,1.0,1
ENSG00000136021,1.1244823,1.1209028,0.92143613,1.0,1
ENSG00000136021,1.063557,1.1209028,0.89071333,1.0,1
ENSG00000136040,0.4413974,1.1897709,0.8928683,1.0,1
ENSG00000136040,0.4470348,1.1897709,0.9376767,1.0,1
ENSG00000136044,0.6567322,0.8254261,0.96130455,1.0,1
ENSG00000136044,0.7040684,0.8254261,0.93871385,1.0,1
ENSG00000136045,1.5604239,1.5624118,0.8880346,1.0,1
ENSG00000136048,1.7403384,1.584105,0.90824777,1.0,1
ENSG00000136051,1.3389578,1.2499318,0.9465398,1.0,1
ENSG00000136051,1.3116255,1.2499318,0.9326942,1.0,1
ENSG00000136052,1.2279975,0.8615344,0.92117244,1.0,1
ENSG00000136536,1.5154165,1.5397032,0.9044382,1.0,1
ENSG00000136536,1.4648085,1.5397032,0.8777752,1.0,1
ENSG00000136536,1.467918,1.5397032,0.8857319,0.9755058,1
ENSG00000136536,1.4462177,1.5397032,0.8098899,0.9755058,1
ENSG00000136541,-0.18340755,0.52244425,0.9367441,1.0,1
ENSG00000136541,-0.18227966,0.52244425,0.9872542,1.0,1
ENSG00000136542,-0.57848215,-0.9586073,0.9943989,1.0,1
ENSG00000136542,-0.57933795,-0.9586073,0.9898644,1.0,1
ENSG00000136560,0.80223167,1.5384481,0.9256371,1.0,1
ENSG00000136560,0.85014,1.5384481,0.93426347,1.0,1
ENSG00000136560,0.7798923,1.5384481,0.9330542,1.0,1
ENSG00000136560,0.81579995,1.5384481,0.9102421,1.0,1
ENSG00000136682,1.2816393,1.5650209,0.9334202,1.0,1
ENSG00000136682,1.6160011,1.5650209,0.5197458,0.2664441,1
ENSG00000136682,1.4145906,1.5650209,0.80739975,0.24468529,1
ENSG00000136682,1.4946582,1.5650209,0.6606134,0.107828654,1
ENSG00000136682,1.3443518,1.5650209,0.582571,0.6169478,1
ENSG00000136699,0.67562044,1.723866,0.93568605,1.0,1
ENSG00000136699,0.7096571,1.723866,0.86515564,0.124949776,1
ENSG00000136699,0.6981822,1.723866,0.942972,0.0,1
ENSG00000136699,0.75636053,1.723866,0.9348359,1.0,1
ENSG00000136709,1.1169432,1.3836359,0.90807146,1.0,1
ENSG00000136710,1.2268918,1.4334497,0.95534515,1.0,1
ENSG00000136710,1.2533135,1.4334497,0.95521986,0.0569044,1
ENSG00000136715,1.1409622,0.8375884,0.93962926,0.0,1
ENSG00000136717,0.30709574,1.1225436,0.978634,1.0,1
ENSG00000136718,2.074543,2.3095875,0.9063066,1.0,1
ENSG00000136731,1.2308654,1.3845326,0.90261805,1.0,1
ENSG00000136731,1.282255,1.3845326,0.88647085,1.0,1
ENSG00000136732,1.9478366,2.0835743,0.9088519,1.0,1
ENSG00000136732,1.8582414,2.0835743,0.7111927,0.0034537201,1
ENSG00000136732,1.9158721,2.0835743,0.8697499,0.8452461,1
ENSG00000138002,0.71050155,0.87215626,0.9545118,1.0,1
ENSG00000138002,0.75865805,0.87215626,0.87684005,0.0,1
ENSG00000138018,1.6177334,1.0145205,0.8709361,1.0,1
ENSG00000138029,1.7260592,1.6940784,0.9155461,1.0,1
ENSG00000138029,1.7260592,1.6940784,0.9155461,1.0,1
ENSG00000138029,1.7087907,1.6940784,0.81078666,0.9964295,1
ENSG00000138030,1.648205,0.5670264,0.9369813,1.0,1
ENSG00000138031,0.25177607,1.9088602,0.97976625,1.0,1
ENSG00000138031,0.29758176,1.9088602,0.9459035,1.0,1
ENSG00000138031,0.23419385,1.9088602,0.9723591,0.21451215,1
ENSG00000138032,0.9076208,1.295787,0.8989968,1.0,1
ENSG00000138032,0.95229185,1.295787,0.7585187,1.0,1
ENSG00000138032,1.0138896,1.295787,0.72108734,0.9973517,1
ENSG00000138032,1.0006077,1.295787,0.9145834,0.98116344,1
ENSG00000138035,1.2718929,1.4192947,0.9409746,1.0,1
ENSG00000138035,1.3206183,1.4192947,0.9073103,1.0,1
ENSG00000138035,1.3049091,1.4192947,0.89470947,1.0,1
ENSG00000138036,0.8344505,1.0496056,0.8311639,1.0,1
ENSG00000138050,0.8587246,1.1000258,0.948852,1.0,1
ENSG00000138050,0.85183406,1.1000258,0.9541668,1.0,1
ENSG00000138050,0.95940816,1.1000258,0.95458996,0.31537104,1
ENSG00000138050,0.89945436,1.1000258,0.9437908,0.024291499,1
ENSG00000138069,1.304313,1.9273703,0.9267204,1.0,1
ENSG00000138071,1.7393657,2.1642041,0.93527097,1.0,1
ENSG00000138071,1.7242492,2.1642041,0.93457854,1.0,1
ENSG00000138071,1.6704477,2.1642041,0.9196319,1.0,1
ENSG00000138071,1.7104329,2.1642041,0.9246123,1.0,1
ENSG00000138071,1.756079,2.1642041,0.71258926,0.0,1
ENSG00000138073,1.0616055,1.7171711,0.9629325,1.0,1
ENSG00000138073,1.0184289,1.7171711,0.96194106,1.0,1
ENSG00000138073,1.0830145,1.7171711,0.95926934,0.99193966,1
ENSG00000138073,1.0812135,1.7171711,0.9599496,0.9009585,1
ENSG00000138074,1.6456438,1.6450291,0.90261316,1.0,1
ENSG00000138074,1.6693377,1.6450291,0.9314322,0.0075578648,1
ENSG00000138078,1.5637082,1.1055102,0.8959974,1.0,1
ENSG00000138078,1.5776261,1.1055102,0.7436456,1.0,1
ENSG00000138078,1.6174862,1.1055102,0.9172307,1.0,1
ENSG00000138078,1.5495449,1.1055102,0.8915279,1.0,1
ENSG00000138078,1.6050485,1.1055102,0.87867725,1.0,1
ENSG00000138078,1.592831,1.1055102,0.90325373,1.0,1
ENSG00000138078,1.4808332,1.1055102,0.8232491,0.15494506,1
ENSG00000138080,-0.35598186,0.033423755,0.99102986,1.0,1
ENSG00000138080,-0.31655273,0.033423755,0.9888932,1.0,1
ENSG00000138081,1.4931549,1.2291697,0.9212203,1.0,1
ENSG00000138085,2.0262487,1.8801273,0.9145422,1.0,1
ENSG00000138092,1.2650148,1.4204508,0.9219061,1.0,1
ENSG00000138092,1.2019616,1.4204508,0.9261881,0.36507937,1
ENSG00000138095,1.6601282,1.7440581,0.9187531,1.0,1
ENSG00000138095,1.658822,1.7440581,0.9327996,1.0,1
ENSG00000138095,1.6871692,1.7440581,0.9275147,1.0,1
ENSG00000138095,1.6455759,1.7440581,0.9203235,1.0,1
ENSG00000138095,1.6508869,1.7440581,0.9255612,1.0,1
ENSG00000138101,0.77073073,0.6884198,0.95482135,1.0,1
ENSG00000138101,0.5742396,0.6884198,0.9494917,1.0,1
ENSG00000138356,-0.29815775,-0.9586073,0.9825372,1.0,1
ENSG00000138363,1.7621412,2.1559126,0.88831395,1.0,1
ENSG00000138375,1.0183274,1.2494429,0.9115904,1.0,1
ENSG00000138375,0.9768237,1.2494429,0.8550918,0.63061357,1
ENSG00000138376,1.6736199,1.0958664,0.90429395,1.0,1
ENSG00000138376,1.6363446,1.0958664,0.9047478,1.0,1
ENSG00000138376,1.7318138,1.0958664,0.92286426,1.0,1
ENSG00000138376,1.5884844,1.0958664,0.8747212,0.9599133,1
ENSG00000138376,1.6414404,1.0958664,0.7814913,1.0,1
ENSG00000138378,1.1276348,0.7403627,0.87229824,1.0,1
ENSG00000138380,1.3823104,0.8318698,0.7598601,1.0,1
ENSG00000138380,1.4141202,0.8318698,0.9180999,1.0,1
ENSG00000138380,1.4168938,0.8318698,0.86938894,0.0,1
ENSG00000138380,1.4257653,0.8318698,0.86737186,0.10526316,1
ENSG00000138380,1.4141202,0.8318698,0.9180999,0.8090909,1
ENSG00000138380,1.41005,0.8318698,0.8013103,0.98355263,1
ENSG00000138380,1.4503932,0.8318698,0.920638,0.8596882,1
ENSG00000138380,1.4028268,0.8318698,0.8703499,0.0,1
ENSG00000138381,1.1154764,1.4995496,0.72171706,1.0,1
ENSG00000138381,1.1332072,1.4995496,0.9162117,1.0,1
ENSG00000138382,1.6414257,1.7703364,0.9408795,1.0,1
ENSG00000138385,1.2265564,2.0487525,0.93748724,1.0,1
ENSG00000138386,1.2380841,1.2151086,0.9211672,1.0,1
ENSG00000138386,1.2354532,1.2151086,0.92902374,1.0,1
ENSG00000138386,1.2740189,1.2151086,0.899072,1.0,1
ENSG00000138386,1.1785934,1.2151086,0.8897259,1.0,1
ENSG00000138386,1.2424351,1.2151086,0.86358595,1.0,1
ENSG00000138386,1.2424351,1.2151086,0.86358595,1.0,1
ENSG00000138386,1.2139575,1.2151086,0.93668383,1.0,1
ENSG00000138386,1.2637043,1.2151086,0.89864224,1.0,1
ENSG00000138386,1.2079848,1.2151086,0.8819451,0.956979,1
ENSG00000138398,1.3314378,1.569374,0.91133875,1.0,1
ENSG00000138398,1.3015624,1.569374,0.81280273,1.0,1
ENSG00000138399,0.84309494,1.6344773,0.93511426,1.0,1
ENSG00000138399,0.8849497,1.6344773,0.82638055,0.8762999,1
ENSG00000138399,0.86011195,1.6344773,0.9120975,0.9654088,1
ENSG00000138411,-0.346641,1.2057456,0.9523383,1.0,1
ENSG00000138411,-0.3750467,1.2057456,0.9834886,1.0,1
ENSG00000138413,1.2032341,1.5236164,0.9586771,1.0,1
ENSG00000138430,1.348971,2.0664005,0.88018715,1.0,1
ENSG00000138430,1.3499221,2.0664005,0.9242658,1.0,1
ENSG00000138430,1.3682226,2.0664005,0.91645163,1.0,1
ENSG00000138430,1.3798202,2.0664005,0.9277211,1.0,1
ENSG00000138430,1.406106,2.0664005,0.9052051,0.392781,1
ENSG00000138433,0.99853873,1.1319393,0.9400854,1.0,1
ENSG00000138433,1.0061233,1.1319393,0.93445814,1.0,1
ENSG00000138433,0.98589253,1.1319393,0.9079035,1.0,1
ENSG00000138433,0.986747,1.1319393,0.8349489,1.0,1
ENSG00000138433,1.0003566,1.1319393,0.8536128,1.0,1
ENSG00000138433,1.0716997,1.1319393,0.6996127,1.0,1
ENSG00000138433,1.0624396,1.1319393,0.87234807,1.0,1
ENSG00000138433,0.9791055,1.1319393,0.94030136,1.0,1
ENSG00000138434,0.46194324,1.0318123,0.9063289,1.0,1
ENSG00000138434,0.51895475,1.0318123,0.93865955,1.0,1
ENSG00000138434,0.40568107,1.0318123,0.9492481,0.7102967,1
ENSG00000138434,0.5157896,1.0318123,0.94167376,1.0,1
ENSG00000138439,0.59595835,0.45331833,0.9648498,1.0,1
ENSG00000138442,1.4378928,1.6994041,0.9208456,1.0,1
ENSG00000138443,1.0089003,1.3778524,0.9329602,1.0,1
ENSG00000138443,0.88319755,1.3778524,0.9053688,1.0,1
ENSG00000138443,0.8024006,1.3778524,0.97202784,1.0,1
ENSG00000138443,0.8129512,1.3778524,0.9637345,0.015174507,1
ENSG00000138443,0.81579745,1.3778524,0.9661949,0.27078652,1
ENSG00000138443,0.91964126,1.3778524,0.41926086,0.012222222,1
ENSG00000138443,0.882347,1.3778524,0.9056677,0.98777777,1
ENSG00000138443,0.909621,1.3778524,0.9305679,0.012222222,1
ENSG00000138443,0.8602035,1.3778524,0.8271535,0.61400187,1
ENSG00000138448,1.0419388,0.59439254,0.9351943,1.0,1
ENSG00000138449,-0.47824523,-0.9586073,0.98959655,1.0,1
ENSG00000139044,0.031366605,0.3201463,0.900996,1.0,1
ENSG00000139044,-0.010361854,0.3201463,0.97545856,1.0,1
ENSG00000139044,-0.09254226,0.3201463,0.98423404,1.0,1
ENSG00000139083,1.0241925,1.3279716,0.8849195,1.0,1
ENSG00000139112,-0.065669864,0.5634811,0.9792644,1.0,1
ENSG00000139112,-0.058134668,0.5634811,0.9831792,1.0,1
ENSG00000139116,1.0977571,1.2035768,0.94652534,1.0,1
ENSG00000139116,1.2129987,1.2035768,0.92259413,1.0,1
ENSG00000139116,1.1127173,1.2035768,0.94382465,1.0,1
ENSG00000139116,1.1659552,1.2035768,0.76152843,0.032352943,1
ENSG00000139116,1.1370219,1.2035768,0.9139992,0.23040935,1
ENSG00000139116,1.2365037,1.2035768,0.5014342,0.3628912,1
ENSG00000139116,1.2053115,1.2035768,0.93479323,1.0,1
ENSG00000139116,1.1914722,1.2035768,0.77147764,0.003021148,1
ENSG00000139131,1.2950075,1.3679148,0.868338,1.0,1
ENSG00000139133,0.69676816,0.806858,0.97379464,1.0,1
ENSG00000139133,0.69676816,0.806858,0.97379464,1.0,1
ENSG00000139146,1.1644537,1.6350814,0.92864496,1.0,1
ENSG00000139146,1.1644537,1.6350814,0.92864496,1.0,1
ENSG00000139154,1.1014109,1.2931415,0.9402119,1.0,1
ENSG00000139160,0.8738756,-0.34678748,0.8933065,1.0,1
ENSG00000139160,0.8276274,-0.34678748,0.9203317,1.0,1
ENSG00000139163,1.3973712,1.0802656,0.92561716,1.0,1
ENSG00000139163,1.3275821,1.0802656,0.9255811,1.0,1
ENSG00000139163,1.3421654,1.0802656,0.8837749,1.0,1
ENSG00000139163,1.3543487,1.0802656,0.84707046,1.0,1
ENSG00000139163,1.3359773,1.0802656,0.81058013,0.0,1
ENSG00000139168,1.1341338,1.4910814,0.92519695,1.0,1
ENSG00000139173,0.69693065,0.4297523,0.87876594,1.0,1
ENSG00000139173,0.6594863,0.4297523,0.9561496,1.0,1
ENSG00000139173,0.6913682,0.4297523,0.9404344,1.0,1
ENSG00000139174,-0.18483889,-0.27572414,0.9771632,1.0,1
ENSG00000139178,0.97325325,1.0008677,0.9500206,1.0,1
ENSG00000139180,1.5998355,2.0392952,0.8945106,1.0,1
ENSG00000139180,1.6102703,2.0392952,0.45831352,0.8910406,1
ENSG00000139182,0.5635849,1.4474682,0.96403253,1.0,1
ENSG00000139182,0.5238738,1.4474682,0.9761686,1.0,1
ENSG00000139182,0.60882103,1.4474682,0.95210946,1.0,1
ENSG00000139187,-0.06163851,0.33645973,0.9660297,1.0,1
ENSG00000139190,1.7373482,1.9923326,0.9051458,1.0,1
ENSG00000139190,1.7175368,1.9923326,0.90119267,1.0,1
ENSG00000139190,1.792447,1.9923326,0.9459575,1.0,1
ENSG00000139190,1.7773813,1.9923326,0.91584736,1.0,1
ENSG00000139192,1.8336823,1.5256926,0.90213704,1.0,1
ENSG00000139192,1.7953786,1.5256926,0.9194035,1.0,1
ENSG00000139192,1.7963622,1.5256926,0.9283632,1.0,1
ENSG00000139192,1.8338335,1.5256926,0.91294104,1.0,1
ENSG00000139194,-0.16934031,-0.63827217,0.9834705,1.0,1
ENSG00000139197,1.267311,1.1192559,0.7582989,1.0,1
ENSG00000139197,1.24662,1.1192559,0.93371296,0.4107317,1
ENSG00000139218,1.4681584,1.8797265,0.92105055,1.0,1
ENSG00000139233,1.2560718,1.3705131,0.9249458,1.0,1
ENSG00000139263,0.33888194,0.59549624,0.9547655,1.0,1
ENSG00000139266,0.90451336,1.4092567,0.9756807,1.0,1
ENSG00000139278,1.408662,1.3285835,0.93261254,1.0,1
ENSG00000139278,1.408662,1.3285835,0.93261254,1.0,1
ENSG00000139278,1.3983573,1.3285835,0.9454575,1.0,1
ENSG00000139278,1.3983573,1.3285835,0.9454575,1.0,1
ENSG00000139278,1.3768351,1.3285835,0.86888206,1.0,1
ENSG00000139291,1.2063984,1.5036545,0.93171906,1.0,1
ENSG00000139291,1.2098769,1.5036545,0.79719585,1.0,1
ENSG00000139323,1.0436951,0.7824726,0.93783,1.0,1
ENSG00000139323,0.98292994,0.7824726,0.90067244,1.0,1
ENSG00000139323,1.0070657,0.7824726,0.5241783,0.01268499,1
ENSG00000139323,0.9598627,0.7824726,0.94046336,0.6257928,1
ENSG00000139324,1.1428362,0.045322977,0.90702385,1.0,1
ENSG00000139324,1.1303387,0.045322977,0.87109244,1.0,1
ENSG00000139324,1.1166456,0.045322977,0.92675906,1.0,1
ENSG00000139324,1.1075177,0.045322977,0.9170277,1.0,1
ENSG00000139324,1.1707774,0.045322977,0.9236647,0.0,1
ENSG00000139343,1.4244214,1.544688,0.872522,1.0,1
ENSG00000139350,1.1153122,1.0729847,0.9012229,1.0,1
ENSG00000139350,1.1305362,1.0729847,0.9110797,0.52220726,1
ENSG00000139351,0.37022445,-0.537602,0.9754508,1.0,1
ENSG00000139354,0.3166702,0.004321374,0.97820127,1.0,1
ENSG00000139370,1.6064501,1.5018805,0.9353503,1.0,1
ENSG00000139370,1.6171438,1.5018805,0.9209017,0.59343857,1
ENSG00000139372,1.6831013,1.580925,0.92713773,1.0,1
ENSG00000139372,1.7072984,1.580925,0.9071722,0.0,1
ENSG00000139372,1.6528482,1.580925,0.91796947,0.93715084,1
ENSG00000139372,1.6792176,1.580925,0.91152126,0.99792224,1
ENSG00000139405,1.7035371,1.3619167,0.89708674,1.0,1
ENSG00000139405,1.7008137,1.3619167,0.90877664,1.0,1
ENSG00000139405,1.717995,1.3619167,0.9016126,0.9783908,1
ENSG00000139405,1.7160414,1.3619167,0.9145578,0.67808217,1
ENSG00000139410,0.82823694,-0.03151705,0.95045215,1.0,1
ENSG00000139428,1.6869183,1.6477741,0.86299664,1.0,1
ENSG00000139428,1.7988323,1.6477741,0.9160007,0.91430134,1
ENSG00000139433,0.40074018,1.3044906,0.9452011,1.0,1
ENSG00000139433,0.32166654,1.3044906,0.9846578,0.020251779,1
ENSG00000139436,1.3673424,1.5318619,0.9550198,1.0,1
ENSG00000139436,1.3576052,1.5318619,0.9480698,0.9915254,1
ENSG00000139436,1.3623598,1.5318619,0.94533193,0.9915254,1
ENSG00000139436,1.364412,1.5318619,0.7724345,0.0023400935,1
ENSG00000139436,1.3672278,1.5318619,0.94736403,1.0,1
ENSG00000139437,1.3157066,1.1872386,0.9513147,1.0,1
ENSG00000139437,1.3476171,1.1872386,0.94565165,1.0,1
ENSG00000139438,-0.2136375,-0.56863624,0.9790385,1.0,1
ENSG00000139531,0.93294024,1.0711453,0.82467395,1.0,1
ENSG00000139531,0.944764,1.0711453,0.880805,0.96849316,1
ENSG00000139531,0.9220233,1.0711453,0.92803615,0.14716525,1
ENSG00000139540,0.6739178,-0.82390875,0.9757734,1.0,1
ENSG00000139546,1.8746291,1.5990093,0.9142648,1.0,1
ENSG00000139546,1.8528188,1.5990093,0.8984993,1.0,1
ENSG00000139546,1.8669131,1.5990093,0.9334663,1.0,1
ENSG00000139547,-0.5059862,-0.63827217,0.9876314,1.0,1
ENSG00000139579,1.703592,1.8271754,0.8481584,1.0,1
ENSG00000139613,1.340016,1.450557,0.92221266,1.0,1
ENSG00000139613,1.3553557,1.450557,0.89832217,0.9941776,1
ENSG00000139613,1.3850161,1.450557,0.9379808,0.34661958,1
ENSG00000139620,1.4679159,1.4242281,0.89099467,1.0,1
ENSG00000139620,1.4203925,1.4242281,0.8989033,1.0,1
ENSG00000139620,1.4621143,1.4242281,0.9126227,0.7560844,1
ENSG00000139624,1.4594625,1.3896976,0.94202477,1.0,1
ENSG00000139624,1.4679234,1.3896976,0.8759568,1.0,1
ENSG00000139624,1.5413438,1.3896976,0.8790276,0.0661157,1
ENSG00000139624,1.4983869,1.3896976,0.89479506,1.0,1
ENSG00000139624,1.5056057,1.3896976,0.71419334,0.9294437,1
ENSG00000139624,1.4464515,1.3896976,0.93466574,0.99573255,1
ENSG00000139624,1.5026354,1.3896976,0.88736874,0.027777778,1
ENSG00000139625,0.8126936,1.0398105,0.9625352,1.0,1
ENSG00000139626,1.1100627,2.3926795,0.9321064,1.0,1
ENSG00000139629,1.4944149,1.2736956,0.9064248,1.0,1
ENSG00000139629,1.4748527,1.2736956,0.8148317,1.0,1
ENSG00000139629,1.4691011,1.2736956,0.9049715,0.9229798,1
ENSG00000139631,1.5974951,1.2046626,0.90928257,1.0,1
ENSG00000139636,1.1418839,1.252853,0.9200427,1.0,1
ENSG00000139636,1.1416839,1.252853,0.9380619,1.0,1
ENSG00000139636,1.1494479,1.252853,0.9431885,1.0,1
ENSG00000139636,1.1540211,1.252853,0.9512268,1.0,1
ENSG00000139636,1.1178942,1.252853,0.87183815,1.0,1
ENSG00000139636,1.1969521,1.252853,0.94423074,1.0,1
ENSG00000139636,1.2049087,1.252853,0.85172635,1.0,1
ENSG00000139636,1.1760565,1.252853,0.9382953,0.057777777,1
ENSG00000139636,1.2270849,1.252853,0.9209355,0.03150912,1
ENSG00000139637,1.1629719,1.7637274,0.956207,1.0,1
ENSG00000139637,1.2057347,1.7637274,0.95046604,1.0,1
ENSG00000139637,1.1583314,1.7637274,0.9291237,0.978825,1
ENSG00000139641,1.4304123,1.7144974,0.9078615,1.0,1
ENSG00000139644,1.780954,2.268812,0.914744,1.0,1
ENSG00000139645,0.43243656,1.2526103,0.9743158,1.0,1
ENSG00000139651,1.227988,1.1172713,0.9481204,1.0,1
ENSG00000139697,1.6095408,0.9717396,0.7789534,1.0,1
ENSG00000139714,1.007693,-0.7447275,0.9599681,1.0,1
ENSG00000139714,0.9489137,-0.7447275,0.9640017,1.0,1
ENSG00000139718,0.9006833,0.7058637,0.94362277,1.0,1
ENSG00000139719,1.2612563,1.2092469,0.9447392,1.0,1
ENSG00000139719,1.2103151,1.2092469,0.93855906,0.370019,1
ENSG00000139722,1.5837482,1.7649976,0.87227356,1.0,1
ENSG00000139722,1.5905958,1.7649976,0.9299971,1.0,1
ENSG00000139725,1.3718505,1.7591388,0.9306414,1.0,1
ENSG00000139725,1.4070989,1.7591388,0.9338278,1.0,1
ENSG00000139725,1.4264194,1.7591388,0.9348528,1.0,1
ENSG00000139726,1.6976858,1.6921417,0.87402374,1.0,1
ENSG00000139726,1.7870618,1.6921417,0.5674443,1.0,1
ENSG00000139726,1.7842803,1.6921417,0.93580955,1.0,1
ENSG00000142327,1.4754784,1.4844422,0.9198876,1.0,1
ENSG00000142330,1.6412014,1.5305839,0.65797895,1.0,1
ENSG00000142330,1.6239266,1.5305839,0.6118466,1.0,1
ENSG00000142330,1.6398206,1.5305839,0.7924123,0.07692308,1
ENSG00000142330,1.5704986,1.5305839,0.9208426,1.0,1
ENSG00000143727,1.7000933,2.0993698,0.9366624,1.0,1
ENSG00000143727,1.714552,2.0993698,0.9334609,1.0,1
ENSG00000143727,1.7367972,2.0993698,0.9348473,1.0,1
ENSG00000143727,1.7374,2.0993698,0.94686323,1.0,1
ENSG00000143727,1.7851238,2.0993698,0.94336474,1.0,1
ENSG00000143727,1.7552357,2.0993698,0.8462512,0.6099149,1
ENSG00000143727,1.6920303,2.0993698,0.9008442,0.98416656,1
ENSG00000143797,0.47788566,0.29885307,0.91224736,1.0,1
ENSG00000143870,1.0810772,2.0845406,0.91722494,1.0,1
ENSG00000143870,1.2014053,2.0845406,0.87488186,0.0,1
ENSG00000143882,-0.39641058,-0.82390875,0.9858087,1.0,1
ENSG00000143882,-0.35474375,-0.82390875,0.96308464,1.0,1
ENSG00000143882,-0.32595694,-0.82390875,0.97584367,1.0,1
ENSG00000143889,0.36175844,0.27415785,0.969105,1.0,1
ENSG00000143889,0.3925343,0.27415785,0.97364306,1.0,1
ENSG00000143891,-0.36535063,0.04921802,0.98300666,1.0,1
ENSG00000143919,1.4677503,0.9890046,0.88199246,1.0,1
ENSG00000143919,1.4784956,0.9890046,0.8786752,1.0,1
ENSG00000143924,0.9978113,1.6173149,0.92313653,1.0,1
ENSG00000143924,0.9784062,1.6173149,0.9194925,0.98534,1
ENSG00000143933,1.6907755,2.28854,0.923618,1.0,1
ENSG00000143933,1.6642799,2.28854,0.9283889,1.0,1
ENSG00000143933,1.5972867,2.28854,0.9253292,1.0,1
ENSG00000143933,1.621688,2.28854,0.7922544,1.0,1
ENSG00000143933,1.621688,2.28854,0.7922544,1.0,1
ENSG00000143933,1.6501576,2.28854,0.86585987,0.05090059,1
ENSG00000143942,1.5133617,1.0824263,0.6978835,1.0,1
ENSG00000143951,1.048164,0.45484486,0.86979336,1.0,1
ENSG00000143951,1.0711561,0.45484486,0.8792489,0.91818184,1
ENSG00000143951,1.0865917,0.45484486,0.9059869,0.14193548,1
ENSG00000143952,1.2935714,0.81954396,0.72284305,1.0,1
ENSG00000143952,1.3793026,0.81954396,0.9237966,0.20283976,1
ENSG00000143952,1.2182457,0.81954396,0.81093746,1.0,1
ENSG00000143970,0.4949526,0.7242759,0.93137604,1.0,1
ENSG00000143971,0.7745693,0.8954225,0.9587308,1.0,1
ENSG00000143971,0.7079921,0.8954225,0.9483824,1.0,1
ENSG00000143971,0.7565783,0.8954225,0.9533908,1.0,1
ENSG00000143971,0.72418714,0.8954225,0.94444364,1.0,1
ENSG00000143977,2.0186594,2.7476294,0.9409138,1.0,1
ENSG00000143977,2.057582,2.7476294,0.85005176,1.0,1
ENSG00000143977,2.057582,2.7476294,0.85005176,1.0,1
ENSG00000143977,2.057582,2.7476294,0.85005176,0.9705374,1
ENSG00000143994,-0.19572222,-0.63827217,0.9814084,1.0,1
ENSG00000144021,1.4884821,1.8599185,0.93667644,1.0,1
ENSG00000144021,1.4796213,1.8599185,0.9304782,1.0,1
ENSG00000144021,1.469704,1.8599185,0.9455884,1.0,1
ENSG00000144021,1.480428,1.8599185,0.9259959,1.0,1
ENSG00000144021,1.4699395,1.8599185,0.89141685,1.0,1
ENSG00000144021,1.475482,1.8599185,0.9371713,1.0,1
ENSG00000144021,1.4651331,1.8599185,0.9306926,0.82147896,1
ENSG00000144026,0.77855706,0.7331973,0.9433495,1.0,1
ENSG00000144026,0.7362857,0.7331973,0.93754625,1.0,1
ENSG00000144028,1.443314,2.0648696,0.93541425,1.0,1
ENSG00000144028,1.441882,2.0648696,0.9231167,0.005990498,1
ENSG00000144034,0.9656435,1.6134189,0.9342786,1.0,1
ENSG00000144036,0.12350347,0.037426498,0.96105355,1.0,1
ENSG00000144040,1.4010707,0.9390198,0.898284,1.0,1
ENSG00000144040,1.4242622,0.9390198,0.9302646,0.0,1
ENSG00000144040,1.4177895,0.9390198,0.8839241,0.99820143,1
ENSG00000144040,1.4510013,0.9390198,0.85876095,0.9852459,1
ENSG00000144040,1.4677134,0.9390198,0.5726986,0.0154639175,1
ENSG00000144043,1.3570493,1.5475286,0.88283014,1.0,1
ENSG00000144043,1.3719715,1.5475286,0.93866825,1.0,1
ENSG00000144043,1.3719715,1.5475286,0.93866825,1.0,1
ENSG00000144043,1.3826605,1.5475286,0.9545274,0.80829346,1
ENSG00000144048,1.4188758,1.459694,0.9271109,1.0,1
ENSG00000144118,1.2577047,1.2400497,0.92358595,1.0,1
ENSG00000144130,1.2649978,-0.4436975,0.9557953,1.0,1
ENSG00000144130,1.2635521,-0.4436975,0.9440626,1.0,1
ENSG00000144130,1.229643,-0.4436975,0.91022915,1.0,1
ENSG00000144130,1.2675967,-0.4436975,0.911527,1.0,1
ENSG00000144134,0.4625567,1.0107238,0.9804735,1.0,1
ENSG00000144136,1.335523,1.4919217,0.93667966,1.0,1
ENSG00000144161,1.2667515,1.2159019,0.94687915,1.0,1
ENSG00000144182,0.99580216,0.85430604,0.8570122,0.23076923,1
ENSG00000144199,0.21731423,1.1132747,0.9737467,1.0,1
ENSG00000144224,1.3838594,1.6318494,0.93272007,1.0,1
ENSG00000144224,1.3331212,1.6318494,0.8976116,1.0,1
ENSG00000144224,1.3627346,1.6318494,0.91530055,0.59294397,1
ENSG00000144228,0.7850777,0.9498777,0.94390297,1.0,1
ENSG00000144231,0.8770498,1.4044917,0.9211636,1.0,1
ENSG00000144231,0.9870113,1.4044917,0.87368107,0.47783875,1
ENSG00000144231,0.8770498,1.4044917,0.9211636,0.88610315,1
ENSG00000144233,0.085151844,0.82216805,0.97782147,1.0,1
ENSG00000144283,0.8199532,1.1105897,0.6810903,1.0,1
ENSG00000144283,0.7935159,1.1105897,0.9604994,0.8321513,1
ENSG00000144283,0.8833437,1.1105897,0.90186876,0.7955665,1
ENSG00000144306,0.5691972,1.0835027,0.9521865,1.0,1
ENSG00000144306,0.53770375,1.0835027,0.9556042,1.0,1
ENSG00000144306,0.58299816,1.0835027,0.957423,0.90488434,1
ENSG00000144320,1.2430722,0.9758911,0.9209306,1.0,1
ENSG00000144320,1.2618005,0.9758911,0.68257403,0.0,1
ENSG00000144354,1.056923,1.5651392,0.9295826,1.0,1
ENSG00000144354,1.124473,1.5651392,0.94501245,1.0,1
ENSG00000144354,1.1049702,1.5651392,0.89837414,0.07354618,1
ENSG00000144354,1.1146402,1.5651392,0.896273,0.0,1
ENSG00000144354,1.1274087,1.5651392,0.9354316,0.99401367,1
ENSG00000144381,1.250912,2.5552397,0.9375031,1.0,1
ENSG00000144395,0.73530364,1.1309767,0.9558194,1.0,1
ENSG00000144401,1.3763088,1.416141,0.91118145,1.0,1
ENSG00000144445,0.87750113,0.5599066,0.94562596,1.0,1
ENSG00000144445,0.9159714,0.5599066,0.94319135,1.0,1
ENSG00000144468,1.2376341,0.9758911,0.84263384,1.0,1
ENSG00000144468,1.2819772,0.9758911,0.84225786,1.0,1
ENSG00000144468,1.3243312,0.9758911,0.7417862,1.0,1
ENSG00000144468,1.3243312,0.9758911,0.7417862,1.0,1
ENSG00000144468,1.2179242,0.9758911,0.92518336,1.0,1
ENSG00000144485,-0.018952675,0.24797326,0.9858306,1.0,1
ENSG00000144485,-0.03252095,0.24797326,0.98765635,1.0,1
ENSG00000144488,-0.20635948,-0.38721615,0.9719186,1.0,1
ENSG00000144504,1.5826416,1.0216027,0.8715371,1.0,1
ENSG00000144504,1.5705037,1.0216027,0.9013457,0.33653846,1
ENSG00000144504,1.5788556,1.0216027,0.87611073,0.8214286,1
ENSG00000144524,1.1711153,1.60206,0.9359366,1.0,1
ENSG00000144524,1.2087983,1.60206,0.93264073,1.0,1
ENSG00000144524,1.1804501,1.60206,0.91505563,0.92805755,1
ENSG00000144524,1.1813288,1.60206,0.79189754,0.02559895,1
ENSG00000144524,1.1580505,1.60206,0.8702177,0.011651132,1
ENSG00000144535,1.0259336,1.195069,0.87482095,1.0,1
ENSG00000144567,1.228378,1.4424797,0.80602884,1.0,1
ENSG00000144567,1.1469617,1.4424797,0.8970014,1.0,1
ENSG00000144567,1.1473645,1.4424797,0.9242183,1.0,1
ENSG00000144579,1.8326803,1.7897922,0.8959834,1.0,1
ENSG00000144580,1.500315,1.8555192,0.92769206,1.0,1
ENSG00000144580,1.5645547,1.8555192,0.8585426,0.016225962,1
ENSG00000144589,1.6584538,1.1089032,0.9109239,1.0,1
ENSG00000144591,1.5766746,1.6197193,0.9241755,1.0,1
ENSG00000149948,-0.21846311,-0.26760623,0.97449976,1.0,1
ENSG00000150938,-0.24832606,0.48713836,0.98326,1.0,1
ENSG00000150938,-0.24281242,0.48713836,0.9902615,1.0,1
ENSG00000150967,0.23473436,0.54900324,0.98034036,0.89440995,1
ENSG00000150977,1.4895228,1.2796669,0.9317433,1.0,1
ENSG00000150977,1.4428166,1.2796669,0.9256112,1.0,1
ENSG00000150990,0.9952346,1.3338501,0.95280796,1.0,1
ENSG00000151065,0.8081143,1.1734776,0.92125803,1.0,1
ENSG00000151065,0.7744739,1.1734776,0.9240518,1.0,1
ENSG00000151065,0.72341526,1.1734776,0.87223774,1.0,1
ENSG00000151131,1.1525131,1.343999,0.9302516,1.0,1
ENSG00000151131,1.1431551,1.343999,0.9497135,1.0,1
ENSG00000151135,1.1069186,1.064458,0.8531408,1.0,1
ENSG00000151135,1.1326308,1.064458,0.9428429,1.0,1
ENSG00000151135,1.1326308,1.064458,0.9428429,1.0,1
ENSG00000151135,1.1326308,1.064458,0.9428429,1.0,1
ENSG00000151135,1.1069186,1.064458,0.8531408,0.65754926,1
ENSG00000151135,1.2035599,1.064458,0.9060247,0.1761658,1
ENSG00000151135,1.2205079,1.064458,0.7649281,0.0,1
ENSG00000151148,0.87223744,1.1883659,0.90184975,1.0,1
ENSG00000151148,0.84362733,1.1883659,0.94326156,0.930759,1
ENSG00000151164,1.2440255,-0.0043648053,0.9225759,1.0,1
ENSG00000151164,1.2396886,-0.0043648053,0.9225334,1.0,1
ENSG00000151176,1.1228554,0.77597433,0.9126507,1.0,1
ENSG00000151176,1.1421694,0.77597433,0.94612443,1.0,1
ENSG00000151176,1.1827158,0.77597433,0.9247037,0.8780919,1
ENSG00000151229,-0.50769055,-0.4685211,0.9839717,1.0,1
ENSG00000151229,-0.49353954,-0.4685211,0.98442245,1.0,1
ENSG00000151233,1.1261767,0.75815463,0.9292752,1.0,1
ENSG00000151233,1.1608723,0.75815463,0.91896796,1.0,1
ENSG00000151233,1.093405,0.75815463,0.8866692,0.60390764,1
ENSG00000151239,1.1072669,1.1341771,0.94293797,1.0,1
ENSG00000151239,1.0120708,1.1341771,0.9445193,1.0,1
ENSG00000151239,1.1218158,1.1341771,0.7810606,0.0,1
ENSG00000151239,1.1492027,1.1341771,0.88190836,0.0,1
ENSG00000151353,2.27288,1.075547,0.8848016,1.0,1
ENSG00000151665,1.441842,1.2467448,0.9126965,1.0,1
ENSG00000151665,1.3621153,1.2467448,0.9418217,0.21203953,1
ENSG00000151687,0.9469044,0.39445168,0.93849456,1.0,1
ENSG00000151689,0.31801537,1.0330215,0.98633206,1.0,1
ENSG00000151690,0.68628895,1.3596458,0.96936834,1.0,1
ENSG00000151692,0.69941866,-0.39794,0.9220487,1.0,1
ENSG00000151694,1.1054345,0.9138138,0.83867204,1.0,1
ENSG00000151694,1.0988581,0.9138138,0.93473923,1.0,1
ENSG00000151694,1.0365198,0.9138138,0.89967966,1.0,1
ENSG00000151694,1.0743724,0.9138138,0.9403591,1.0,1
ENSG00000151743,1.5730608,0.85612446,0.9266058,1.0,1
ENSG00000151743,1.623394,0.85612446,0.8949115,1.0,1
ENSG00000151743,1.6365696,0.85612446,0.91765857,1.0,1
ENSG00000151743,1.6365696,0.85612446,0.91765857,1.0,1
ENSG00000151743,1.6240615,0.85612446,0.86937606,1.0,1
ENSG00000151743,1.5842817,0.85612446,0.9279348,1.0,1
ENSG00000151743,1.6243628,0.85612446,0.9286191,1.0,1
ENSG00000151743,1.6243628,0.85612446,0.9286191,0.53642386,1
ENSG00000151746,0.85319936,1.1192559,0.9565752,1.0,1
ENSG00000151746,0.8682151,1.1192559,0.95415866,1.0,1
ENSG00000151746,0.86980915,1.1192559,0.9177328,1.0,1
ENSG00000151746,0.8690356,1.1192559,0.94781077,1.0,1
ENSG00000151746,0.8544159,1.1192559,0.96309537,1.0,1
ENSG00000151746,0.88906586,1.1192559,0.95236856,1.0,1
ENSG00000151746,0.8796303,1.1192559,0.92813164,1.0,1
ENSG00000151746,0.842034,1.1192559,0.8653961,1.0,1
ENSG00000151779,0.40933135,1.1215599,0.96158314,1.0,1
ENSG00000151779,0.41700146,1.1215599,0.95640326,1.0,1
ENSG00000151779,0.42595977,1.1215599,0.93978876,1.0,1
ENSG00000151779,0.5790485,1.1215599,0.9279699,1.0,1
ENSG00000151779,0.33467048,1.1215599,0.9667331,0.7608359,1
ENSG00000151779,0.4113553,1.1215599,0.9549192,0.7293998,1
ENSG00000151779,0.3641824,1.1215599,0.9660444,0.0,1
ENSG00000152056,1.4632814,0.95856386,0.9321478,1.0,1
ENSG00000152076,0.38921574,1.2953471,0.97682273,1.0,1
ENSG00000152082,1.4483846,2.4182847,0.938428,1.0,1
ENSG00000152082,1.4795867,2.4182847,0.9406938,0.9538361,1
ENSG00000152102,1.6709902,1.7428821,0.7382309,1.0,1
ENSG00000152127,1.06637,1.5240065,0.9262637,1.0,1
ENSG00000152128,0.51341057,-0.9586073,0.67296696,1.0,1
ENSG00000152128,0.36493257,-0.9586073,0.9580258,1.0,1
ENSG00000152133,1.1114539,1.1055102,0.94961154,1.0,1
ENSG00000152133,1.1496812,1.1055102,0.93883985,1.0,1
ENSG00000152147,0.71070635,1.1212314,0.928488,0.0,1
ENSG00000152147,0.6968547,1.1212314,0.9768366,0.6730183,1
ENSG00000152253,1.2539685,1.2116544,0.95472246,1.0,1
ENSG00000152253,1.2681028,1.2116544,0.9538216,1.0,1
ENSG00000152253,1.3398434,1.2116544,0.9427148,1.0,1
ENSG00000152253,1.2828276,1.2116544,0.90432173,1.0,1
ENSG00000152253,1.4127463,1.2116544,0.90340334,1.0,1
ENSG00000152256,1.6102797,1.1479853,0.8743241,1.0,1
ENSG00000152256,1.5545446,1.1479853,0.8449691,0.30105633,1
ENSG00000152284,-0.20031767,-0.9586073,0.9633895,1.0,1
ENSG00000152291,1.1284722,1.7104559,0.88914084,1.0,1
ENSG00000152291,1.1284722,1.7104559,0.88914084,1.0,1
ENSG00000152291,1.1371356,1.7104559,0.9326401,1.0,1
ENSG00000152291,1.1602842,1.7104559,0.84171844,1.0,1
ENSG00000152291,1.1576358,1.7104559,0.91280824,1.0,1
ENSG00000152292,1.7677267,-0.30103,0.86569786,1.0,1
ENSG00000152556,1.2179492,1.6597261,0.9380053,0.002985966,1
ENSG00000152683,1.5924094,0.897077,0.90618587,1.0,1
ENSG00000152683,1.6419418,0.897077,0.8843665,1.0,1
ENSG00000152683,1.6382295,0.897077,0.6316785,0.94721407,1
ENSG00000152683,1.592209,0.897077,0.61878216,0.05,1
ENSG00000152683,1.6439972,0.897077,0.9026566,0.36,1
ENSG00000152683,1.6550462,0.897077,0.75813997,0.9139785,1
ENSG00000152683,1.5711914,0.897077,0.83349776,0.97307694,1
ENSG00000152689,1.8060932,1.7956715,0.51197654,1.0,1
ENSG00000152944,2.0587327,1.3132343,0.89255136,1.0,1
ENSG00000152944,2.0540056,1.3132343,0.9286122,0.9137148,1
ENSG00000153093,0.4897888,-0.013228266,0.9314924,1.0,1
ENSG00000153094,0.52216613,0.2764618,0.90131915,1.0,1
ENSG00000153094,0.5979469,0.2764618,0.9293133,1.0,1
ENSG00000153107,1.0210948,1.6538875,0.8795814,1.0,1
ENSG00000153107,0.9878112,1.6538875,0.91748434,1.0,1
ENSG00000153165,-0.46014747,-0.79588,0.9882933,1.0,1
ENSG00000153165,-0.4666793,-0.79588,0.99165547,1.0,1
ENSG00000153165,-0.50474215,-0.79588,0.98434675,1.0,1
ENSG00000153179,1.5692333,1.4452927,0.905122,1.0,1
ENSG00000153179,1.5601941,1.4452927,0.7704079,1.0,1
ENSG00000153179,1.5601275,1.4452927,0.8934964,0.98308134,1
ENSG00000153201,0.66293275,1.2521245,0.9407529,1.0,1
ENSG00000153208,-0.0014707241,-0.060480747,0.9725529,1.0,1
ENSG00000153214,1.5687711,0.92376196,0.9122794,1.0,1
ENSG00000153214,1.5935512,0.92376196,0.8864089,0.95730704,1
ENSG00000153561,1.1381502,1.2143139,0.9419983,1.0,1
ENSG00000153574,1.4200735,1.5304558,0.930791,1.0,1
ENSG00000153827,1.5929908,1.7842606,0.8400306,1.0,1
ENSG00000153827,1.6633044,1.7842606,0.7150675,1.0,1
ENSG00000153827,1.696461,1.7842606,0.8531096,1.0,1
ENSG00000153827,1.6639172,1.7842606,0.85923165,0.33773425,1
ENSG00000153832,0.97368205,-0.022276394,0.93666595,1.0,1
ENSG00000154252,-0.572261,-0.7447275,0.9746089,1.0,1
ENSG00000154252,-0.56935716,-0.7447275,0.97456896,1.0,1
ENSG00000154518,1.342283,2.542701,0.9051968,1.0,1
ENSG00000155368,1.6591681,2.8002634,0.9291924,1.0,1
ENSG00000155368,1.6362259,2.8002634,0.9414551,0.0,1
ENSG00000155368,1.7133249,2.8002634,0.9047316,0.038020935,1
ENSG00000155368,1.6821972,2.8002634,0.9188968,0.49122807,1
ENSG00000155438,1.6636528,1.6926707,0.91271365,1.0,1
ENSG00000155636,0.6756635,1.0948204,0.9757538,1.0,1
ENSG00000155729,0.9560584,0.96189547,0.95506173,1.0,1
ENSG00000155744,1.6088899,0.5965971,0.9173858,1.0,1
ENSG00000155744,1.5927297,0.5965971,0.9219601,1.0,1
ENSG00000155744,1.6018761,0.5965971,0.9116001,1.0,1
ENSG00000155744,1.608799,0.5965971,0.9171882,0.10726643,1
ENSG00000155744,1.5756844,0.5965971,0.72558916,0.10726643,1
ENSG00000155749,-0.538466,-0.4685211,0.9874756,1.0,1
ENSG00000155755,0.07007908,1.1897709,0.97295547,1.0,1
ENSG00000155755,0.10401198,1.1897709,0.98426604,1.0,1
ENSG00000155755,0.23042813,1.1897709,0.9767983,1.0,1
ENSG00000155755,0.23882124,1.1897709,0.9748971,1.0,1
ENSG00000155755,0.08095077,1.1897709,0.9722836,1.0,1
ENSG00000155755,0.14620763,1.1897709,0.87223667,1.0,1
ENSG00000155957,1.2368687,1.6554266,0.69362855,1.0,1
ENSG00000155957,1.2180134,1.6554266,0.7714672,1.0,1
ENSG00000155957,1.2187206,1.6554266,0.83359474,1.0,1
ENSG00000155980,-0.31861988,0.19589965,0.99013186,1.0,1
ENSG00000155980,-0.3258702,0.19589965,0.9875442,1.0,1
ENSG00000156973,1.0616438,1.6430577,0.93786156,1.0,1
ENSG00000157827,0.26578137,-0.45593196,0.9668714,1.0,1
ENSG00000157827,0.4184081,-0.45593196,0.9446123,1.0,1
ENSG00000157833,0.31017023,-0.31875876,0.9814337,1.0,1
ENSG00000157833,0.28947988,-0.31875876,0.98212886,1.0,1
ENSG00000157833,0.3038989,-0.31875876,0.97654754,1.0,1
ENSG00000157837,1.1505812,1.0542299,0.933409,1.0,1
ENSG00000157895,1.0304936,1.2764618,0.9500895,1.0,1
ENSG00000157895,1.051812,1.2764618,0.94237083,1.0,1
ENSG00000157895,1.0558306,1.2764618,0.90024817,0.010416667,1
ENSG00000157992,-0.01346449,0.24551266,0.9765419,1.0,1
ENSG00000158019,1.5668899,1.3904052,0.7752549,1.0,1
ENSG00000158019,1.6761334,1.3904052,0.87499624,1.0,1
ENSG00000158019,1.5396836,1.3904052,0.8820339,0.08761329,1
ENSG00000158019,1.4905292,1.3904052,0.85003424,0.12387707,1
ENSG00000158019,1.4966363,1.3904052,0.89979,0.09565642,1
ENSG00000158023,0.30185083,-0.25181198,0.9714237,1.0,1
ENSG00000158023,0.30185083,-0.25181198,0.9714237,1.0,1
ENSG00000158023,0.308842,-0.25181198,0.97097695,1.0,1
ENSG00000158050,1.6412417,2.1177683,0.9458796,1.0,1
ENSG00000158050,1.5991193,2.1177683,0.9288994,1.0,1
ENSG00000158104,-0.4674475,-0.36653155,0.9817617,1.0,1
ENSG00000158158,0.6563362,0.919601,0.95277905,1.0,1
ENSG00000158158,0.6451818,0.919601,0.9706442,1.0,1
ENSG00000158411,1.5263659,1.6401832,0.8497693,1.0,1
ENSG00000158417,1.5075129,1.4696748,0.9360633,1.0,1
ENSG00000158435,1.6779417,1.5295587,0.8582394,1.0,1
ENSG00000158552,1.3042767,1.3632358,0.9464138,1.0,1
ENSG00000159335,1.7032017,1.5835388,0.9545391,1.0,1
ENSG00000159335,1.7105638,1.5835388,0.9579224,1.0,1
ENSG00000159374,0.90605843,-0.7447275,0.9682967,1.0,1
ENSG00000159374,0.94234526,-0.7447275,0.97149265,1.0,1
ENSG00000159399,1.1816919,1.2397999,0.9394546,1.0,1
ENSG00000159403,0.15570268,0.2329961,0.98062474,1.0,1
ENSG00000159403,0.09100298,0.2329961,0.9849496,1.0,1
ENSG00000159403,0.036027648,0.2329961,0.98742825,1.0,1
ENSG00000161638,0.2191062,-0.27572414,0.9683686,1.0,1
ENSG00000161642,0.6102258,0.8808136,0.9740651,1.0,1
ENSG00000161642,0.6102258,0.8808136,0.9740651,1.0,1
ENSG00000161642,0.63376296,0.8808136,0.96965784,0.978852,1
ENSG00000161791,1.08459,1.4426365,0.9145874,1.0,1
ENSG00000161791,1.0481302,1.4426365,0.94837946,0.46817344,1
ENSG00000161813,1.1274053,1.3277675,0.7940195,1.0,1
ENSG00000161813,1.1334417,1.3277675,0.76996446,0.05503876,1
ENSG00000161813,1.1755409,1.3277675,0.89712435,0.86763734,1
ENSG00000161813,1.0941753,1.3277675,0.9119784,0.9393204,1
ENSG00000161835,-0.45758614,-0.56863624,0.9802065,1.0,1
ENSG00000161835,-0.42645136,-0.56863624,0.9806686,1.0,1
ENSG00000161835,-0.4408464,-0.56863624,0.98318094,1.0,1
ENSG00000162869,1.8583869,1.1338581,0.8320304,1.0,1
ENSG00000162869,1.788643,1.1338581,0.8122652,0.9960733,1
ENSG00000162869,1.7946416,1.1338581,0.58778995,0.9960733,1
ENSG00000162878,-0.59479237,0.85612446,0.99074215,1.0,1
ENSG00000162878,-0.5558207,0.85612446,0.9919966,1.0,1
ENSG00000162878,-0.58109474,0.85612446,0.98129016,1.0,1
ENSG00000162878,-0.5981749,0.85612446,0.9926611,1.0,1
ENSG00000162878,-0.5852829,0.85612446,0.99400675,1.0,1
ENSG00000162924,1.3866166,1.2697464,0.91069824,1.0,1
ENSG00000162924,1.3762692,1.2697464,0.91571534,0.454343,1
ENSG00000162927,1.2746655,0.93298084,0.91894543,1.0,1
ENSG00000162928,0.8041657,1.1072099,0.9375519,1.0,1
ENSG00000162929,1.3356496,0.85793525,0.9429185,1.0,1
ENSG00000162929,1.3574333,0.85793525,0.83163166,0.65984654,1
ENSG00000162929,1.3682457,0.85793525,0.9288216,0.82608694,1
ENSG00000162959,0.95026267,1.7377491,0.89435077,0.89952034,1
ENSG00000162959,0.95374405,1.7377491,0.9371515,0.98989296,1
ENSG00000162961,1.2457827,1.6601062,0.8990751,1.0,1
ENSG00000162971,0.982754,0.75739604,0.94322824,1.0,1
ENSG00000162971,0.9627025,0.75739604,0.94748783,1.0,1
ENSG00000162971,1.0159205,0.75739604,0.9340873,0.34836066,1
ENSG00000162971,1.0285391,0.75739604,0.9310317,0.9339623,1
ENSG00000162971,1.0292498,0.75739604,0.9408045,0.9820051,1
ENSG00000162972,1.5856844,1.3905818,0.9279776,1.0,1
ENSG00000162972,1.5270251,1.3905818,0.6487319,1.0,1
ENSG00000162972,1.5287739,1.3905818,0.89548546,1.0,1
ENSG00000162972,1.539125,1.3905818,0.9287587,1.0,1
ENSG00000162976,0.82450294,1.0330215,0.82094765,1.0,1
ENSG00000162976,0.79013586,1.0330215,0.94481444,1.0,1
ENSG00000162976,0.91382253,1.0330215,0.92537963,1.0,1
ENSG00000162976,0.81854856,1.0330215,0.9577817,1.0,1
ENSG00000162976,0.8470776,1.0330215,0.8233075,0.73214287,1
ENSG00000162980,1.3802819,1.4404367,0.9270484,1.0,1
ENSG00000162994,1.7553087,0.651278,0.82870877,1.0,1
ENSG00000162994,1.8475429,0.651278,0.8841837,1.0,1
ENSG00000162998,-0.19238342,-0.9586073,0.9830604,1.0,1
ENSG00000162999,0.4355558,-0.4202164,0.94968915,1.0,1
ENSG00000162999,0.4355558,-0.4202164,0.94968915,1.0,1
ENSG00000163001,1.2878166,0.8948697,0.8887773,1.0,1
ENSG00000163001,1.278208,0.8948697,0.81588286,0.31914893,1
ENSG00000163002,1.497126,1.2108533,0.8770424,1.0,1
ENSG00000163002,1.573834,1.2108533,0.89793897,0.98547715,1
ENSG00000163006,0.98762596,0.8744818,0.95920646,1.0,1
ENSG00000163006,1.0928403,0.8744818,0.795391,0.8488372,1
ENSG00000163013,0.8416816,1.407391,0.9049892,1.0,1
ENSG00000163026,0.6950282,0.8981765,0.9684713,1.0,1
ENSG00000163026,0.6950282,0.8981765,0.9684713,1.0,1
ENSG00000163026,0.6825187,0.8981765,0.9446754,0.9128205,1
ENSG00000163029,1.6510721,1.3743817,0.86981803,1.0,1
ENSG00000163029,1.6227123,1.3743817,0.5474388,0.013602016,1
ENSG00000163029,1.6144068,1.3743817,0.8685602,0.079596974,1
ENSG00000163040,0.36285913,2.0492957,0.96577483,1.0,1
ENSG00000163040,0.33221298,2.0492957,0.9867381,1.0,1
ENSG00000163040,0.36526558,2.0492957,0.95443755,1.0,1
ENSG00000163040,0.4150698,2.0492957,0.9868378,0.95718044,1
ENSG00000163053,-0.3714758,0.5352941,0.98166716,1.0,1
ENSG00000163082,0.8854952,1.06032,0.9287106,1.0,1
ENSG00000163082,0.8815522,1.06032,0.93282324,1.0,1
ENSG00000163093,0.8487562,0.41329977,0.945892,1.0,1
ENSG00000163093,0.8965908,0.41329977,0.8396879,0.09714286,1
ENSG00000163126,1.3004981,0.6532125,0.9501574,1.0,1
ENSG00000163126,1.303429,0.6532125,0.9565685,0.8301887,1
ENSG00000163161,1.1665655,1.5541255,0.9447669,1.0,1
ENSG00000163162,1.5466963,1.0930713,0.90554625,1.0,1
ENSG00000163162,1.6033299,1.0930713,0.8311078,1.0,1
ENSG00000163166,1.2855225,1.4763968,0.87766904,1.0,1
ENSG00000163166,1.3215371,1.4763968,0.9112842,1.0,1
ENSG00000163166,1.3101307,1.4763968,0.901653,0.9433065,1
ENSG00000163170,1.8599796,2.0098755,0.8306714,1.0,1
ENSG00000163170,1.8599796,2.0098755,0.8306714,1.0,1
ENSG00000163170,1.8866078,2.0098755,0.72143376,0.43307242,1
ENSG00000163219,1.1102502,-0.18045606,0.91462886,1.0,1
ENSG00000163249,1.407603,0.73957235,0.9417441,1.0,1
ENSG00000163249,1.3535874,0.73957235,0.84868383,1.0,1
ENSG00000163249,1.3121227,0.73957235,0.92969024,1.0,1
ENSG00000163249,1.3914152,0.73957235,0.92837775,1.0,1
ENSG00000163249,1.3214797,0.73957235,0.94295734,1.0,1
ENSG00000163328,0.8350183,0.041392684,0.8870309,1.0,1
ENSG00000163328,0.88508713,0.041392684,0.86670613,1.0,1
ENSG00000163328,0.8348619,0.041392684,0.90712094,1.0,1
ENSG00000163328,0.8368182,0.041392684,0.8356712,1.0,1
ENSG00000163328,0.8795254,0.041392684,0.86554736,1.0,1
ENSG00000163328,0.87050533,0.041392684,0.8649658,1.0,1
ENSG00000163466,1.8964444,2.658574,0.9137964,1.0,1
ENSG00000163466,1.8986441,2.658574,0.9191932,1.0,1
ENSG00000163466,1.9149305,2.658574,0.9281427,0.9985209,1
ENSG00000163466,1.9072973,2.658574,0.9109374,0.0014847985,1
ENSG00000163481,1.2156386,1.4834447,0.9136501,1.0,1
ENSG00000163482,1.1627138,1.1889285,0.9381548,1.0,1
ENSG00000163510,1.7078267,1.0909631,0.8845387,1.0,1
ENSG00000163510,1.632073,1.0909631,0.48823002,1.0,1
ENSG00000163510,1.6573293,1.0909631,0.8911466,1.0,1
ENSG00000163510,1.6702116,1.0909631,0.88655376,1.0,1
ENSG00000163516,1.1155384,1.5820633,0.9527477,1.0,1
ENSG00000163516,1.1020511,1.5820633,0.9505233,1.0,1
ENSG00000163516,1.0847515,1.5820633,0.9388705,1.0,1
ENSG00000163521,0.086861245,0.5820634,0.98468494,1.0,1
ENSG00000163521,0.08597833,0.5820634,0.9864595,0.5539568,1
ENSG00000163535,0.7077941,1.0588055,0.88257164,1.0,1
ENSG00000163535,0.62956846,1.0588055,0.9035104,1.0,1
ENSG00000163541,1.1483184,1.7564079,0.91896355,1.0,1
ENSG00000163596,1.2571584,0.60638136,0.76602817,1.0,1
ENSG00000163596,1.1459674,0.60638136,0.95782846,1.0,1
ENSG00000163596,1.217043,0.60638136,0.95604974,1.0,1
ENSG00000163795,1.3410662,1.133539,0.93333215,1.0,1
ENSG00000163795,1.3559319,1.133539,0.9484903,1.0,1
ENSG00000163798,1.1862422,1.1961762,0.93255746,1.0,1
ENSG00000163806,0.037970334,-0.61978877,0.95735055,1.0,1
ENSG00000163811,1.3769726,1.6885978,0.8944302,1.0,1
ENSG00000163811,1.3751247,1.6885978,0.9366989,1.0,1
ENSG00000163811,1.3682313,1.6885978,0.930228,1.0,1
ENSG00000163811,1.417704,1.6885978,0.89694357,1.0,1
ENSG00000165714,1.5191523,1.2526103,0.8934466,1.0,1
ENSG00000165714,1.5637189,1.2526103,0.8743849,0.4194631,1
ENSG00000165891,1.2126677,1.1749316,0.92880166,1.0,1
ENSG00000165891,1.2129309,1.1749316,0.9468983,1.0,1
ENSG00000166046,0.64259994,0.0,0.95988494,1.0,1
ENSG00000166130,1.3529859,1.1322597,0.9214128,1.0,1
ENSG00000166130,1.3529859,1.1322597,0.9214128,0.43274337,1
ENSG00000166153,1.2039086,0.30749604,0.92930174,1.0,1
ENSG00000166153,1.2393671,0.30749604,0.9106242,0.30409357,1
ENSG00000166153,1.3449028,0.30749604,0.6350484,0.1160221,1
ENSG00000166153,1.3196439,0.30749604,0.80176365,0.6375,1
ENSG00000166225,1.1134071,0.59439254,0.79909533,0.37398374,1
ENSG00000166226,1.7783245,2.2599044,0.90799135,1.0,1
ENSG00000166226,1.7795174,2.2599044,0.83217794,1.0,1
ENSG00000166268,0.034013785,-0.33724216,0.9421946,1.0,1
ENSG00000166532,-0.12167978,-0.10237291,0.9807468,1.0,1
ENSG00000166532,-0.056824476,-0.10237291,0.9635292,1.0,1
ENSG00000166598,1.4728961,2.6715524,0.92104846,1.0,1
ENSG00000166881,1.563645,1.1903317,0.8919594,1.0,1
ENSG00000166881,1.5196205,1.1903317,0.9314123,1.0,1
ENSG00000166881,1.5335541,1.1903317,0.9191387,0.97012985,1
ENSG00000166881,1.4822366,1.1903317,0.93175596,0.07917384,1
ENSG00000166886,1.4313492,1.3558345,0.93985075,1.0,1
ENSG00000166886,1.4195898,1.3558345,0.9215028,1.0,1
ENSG00000166888,1.5421734,2.0920184,0.9003082,1.0,1
ENSG00000166888,1.5592247,2.0920184,0.9216592,0.9503977,1
ENSG00000166888,1.5960443,2.0920184,0.87611955,0.9998474,1
ENSG00000166896,1.6107696,1.1883659,0.6816446,1.0,1
ENSG00000166896,1.5922884,1.1883659,0.882117,1.0,1
ENSG00000166896,1.5678335,1.1883659,0.8867085,1.0,1
ENSG00000166896,1.6144512,1.1883659,0.935709,1.0,1
ENSG00000166908,1.3863912,1.1139433,0.9527091,1.0,1
ENSG00000166908,1.3751938,1.1139433,0.9208438,0.9966695,1
ENSG00000166986,1.5159432,2.0650566,0.9279604,1.0,1
ENSG00000166986,1.522652,2.0650566,0.9272535,1.0,1
ENSG00000166987,1.3220665,1.253338,0.9292121,1.0,1
ENSG00000166987,1.3450576,1.253338,0.9223576,1.0,1
ENSG00000166987,1.3165462,1.253338,0.9423058,1.0,1
ENSG00000167272,1.2778519,1.7891575,0.96265274,1.0,1
ENSG00000167272,1.2763392,1.7891575,0.94806576,1.0,1
ENSG00000167272,1.2763392,1.7891575,0.94806576,1.0,1
ENSG00000167272,1.2728304,1.7891575,0.9588699,0.9080828,1
ENSG00000167528,0.74138486,0.68663627,0.9689801,1.0,1
ENSG00000167528,0.7836335,0.68663627,0.9485582,1.0,1
ENSG00000167528,0.6401893,0.68663627,0.9824769,1.0,1
ENSG00000167528,0.7043829,0.68663627,0.9608155,1.0,1
ENSG00000167528,0.73162067,0.68663627,0.95469284,1.0,1
ENSG00000167528,0.6439806,0.68663627,0.978689,1.0,1
ENSG00000167535,0.4503812,0.24797326,0.9707901,1.0,1
ENSG00000167535,0.5563458,0.24797326,0.92391616,1.0,1
ENSG00000167535,0.52509713,0.24797326,0.98292994,1.0,1
ENSG00000167535,0.51255274,0.24797326,0.9720785,1.0,1
ENSG00000167550,1.7113279,0.91592723,0.94932073,1.0,1
ENSG00000167550,1.7160093,0.91592723,0.9403735,0.6745636,1
ENSG00000167552,0.7755958,2.3552408,0.9590121,1.0,1
ENSG00000167552,0.7472675,2.3552408,0.9519796,1.0,1
ENSG00000167553,1.2054807,2.7629936,0.91279453,1.0,1
ENSG00000167566,0.64910686,0.88309336,0.9202174,1.0,1
ENSG00000167588,-0.16845535,-0.27572414,0.9911911,1.0,1
ENSG00000167778,1.597854,1.2400497,0.9365728,1.0,1
ENSG00000167778,1.5647279,1.2400497,0.9432934,1.0,1
ENSG00000167779,-0.5143833,-0.20760831,0.98018783,1.0,1
ENSG00000168288,1.45566,1.8489892,0.9048897,1.0,1
ENSG00000168385,2.1430194,2.3368797,0.91871846,1.0,1
ENSG00000168385,2.1746955,2.3368797,0.8951023,0.064665124,1
ENSG00000168385,2.1217926,2.3368797,0.9172776,0.003468208,1
ENSG00000168385,2.126396,2.3368797,0.8636118,0.004208268,1
ENSG00000168385,2.1287997,2.3368797,0.8631904,0.17322835,1
ENSG00000168385,2.1408749,2.3368797,0.7676588,0.0034881877,1
ENSG00000168393,1.5504225,1.7995473,0.92562836,1.0,1
ENSG00000168393,1.5216279,1.7995473,0.9024639,0.8142227,1
ENSG00000168395,1.3558569,1.6255182,0.93894166,1.0,1
ENSG00000168395,1.4409914,1.6255182,0.90420604,1.0,1
ENSG00000168397,1.4525628,1.7595167,0.88728577,1.0,1
ENSG00000168397,1.407187,1.7595167,0.80486524,1.0,1
ENSG00000168397,1.3981216,1.7595167,0.9021528,0.34375,1
ENSG00000168754,0.010392152,-0.82390875,0.9238914,1.0,1
ENSG00000168754,0.07061314,-0.82390875,0.96893656,1.0,1
ENSG00000168758,1.4167796,1.1652443,0.94260484,1.0,1
ENSG00000168763,1.1233796,0.8567289,0.94140726,1.0,1
ENSG00000168763,1.1340797,0.8567289,0.9035265,1.0,1
ENSG00000168778,0.56379044,0.43775055,0.9394123,1.0,1
ENSG00000168778,0.47147515,0.43775055,0.96874464,1.0,1
ENSG00000168778,0.49823633,0.43775055,0.9633717,1.0,1
ENSG00000168778,0.5284554,0.43775055,0.9663704,1.0,1
ENSG00000168883,1.0972862,1.674953,0.9247961,1.0,1
ENSG00000168883,1.1086234,1.674953,0.93507004,0.99756294,1
ENSG00000168887,1.3912065,1.4482424,0.957258,1.0,1
ENSG00000168890,0.8253379,0.54777473,0.9168126,0.7818182,1
ENSG00000168894,1.9380158,2.271772,0.9467549,1.0,1
ENSG00000168899,1.252841,1.4520932,0.96835303,1.0,1
ENSG00000168906,2.2178035,2.4398377,0.9270087,1.0,1
ENSG00000168918,0.9865508,1.8815558,0.93499357,1.0,1
ENSG00000168918,1.0440314,1.8815558,0.92878973,1.0,1
ENSG00000168958,1.5655732,1.9071963,0.9253322,1.0,1
ENSG00000168958,1.5694469,1.9071963,0.9226656,1.0,1
ENSG00000168958,1.5085243,1.9071963,0.91215414,1.0,1
ENSG00000168958,1.5115882,1.9071963,0.9071995,0.87719727,1
ENSG00000168958,1.5273286,1.9071963,0.89654285,0.19103684,1
ENSG00000168958,1.5920435,1.9071963,0.90831804,0.0,1
ENSG00000168958,1.5376177,1.9071963,0.89182645,0.023819836,1
ENSG00000168958,1.5141969,1.9071963,0.8841834,0.47919464,1
ENSG00000168958,1.5141969,1.9071963,0.8841834,0.016150152,1
ENSG00000168958,1.5375763,1.9071963,0.73472476,0.07924837,1
ENSG00000168958,1.5375763,1.9071963,0.73472476,0.86471665,1
ENSG00000169016,0.79355454,0.9831751,0.9111389,1.0,1
ENSG00000169016,0.72499716,0.9831751,0.96796834,0.2460457,1
ENSG00000169016,0.79355454,0.9831751,0.9111389,1.0,1
ENSG00000169016,0.79240036,0.9831751,0.92361087,0.12929623,1
ENSG00000169372,0.9899895,0.9647309,0.9006314,1.0,1
ENSG00000169554,-0.24919358,-0.013228266,0.98686117,1.0,1
ENSG00000169554,-0.24665019,-0.013228266,0.9884595,1.0,1
ENSG00000169554,-0.1789276,-0.013228266,0.9882543,1.0,1
ENSG00000169599,1.3824326,1.4798632,0.92609847,1.0,1
ENSG00000169599,1.3824326,1.4798632,0.92609847,1.0,1
ENSG00000169599,1.442891,1.4798632,0.88466793,1.0,1
ENSG00000169599,1.3727891,1.4798632,0.9412508,1.0,1
ENSG00000169599,1.434283,1.4798632,0.91612226,0.96413404,1
ENSG00000169599,1.4977336,1.4798632,0.9196563,0.9591549,1
ENSG00000169607,0.8489864,1.0358298,0.95411754,1.0,1
ENSG00000169607,0.8648025,1.0358298,0.9360775,1.0,1
ENSG00000169607,0.860965,1.0358298,0.94215447,1.0,1
ENSG00000169607,0.94102335,1.0358298,0.926323,1.0,1
ENSG00000169621,1.0139037,-0.0043648053,0.8713631,1.0,1
ENSG00000169621,0.97569466,-0.0043648053,0.87583613,1.0,1
ENSG00000169679,1.336282,1.7535831,0.9295113,1.0,1
ENSG00000169679,1.3119303,1.7535831,0.9135086,0.90421075,1
ENSG00000169756,1.5038735,1.5319896,0.8973256,1.0,1
ENSG00000169756,1.5038735,1.5319896,0.8973256,1.0,1
ENSG00000169756,1.456977,1.5319896,0.8818059,0.98840666,1
ENSG00000169764,1.1551801,1.5518159,0.94075966,1.0,1
ENSG00000169764,1.1612724,1.5518159,0.8113757,0.039103232,1
ENSG00000169884,-0.17235501,-0.17392519,0.98181343,1.0,1
ENSG00000169967,1.8051273,0.9912261,0.9102562,1.0,1
ENSG00000170035,1.2636889,1.3398488,0.96129423,1.0,1
ENSG00000170035,1.1390102,1.3398488,0.86327356,1.0,1
ENSG00000170144,1.9618222,2.3849802,0.92908365,1.0,1
ENSG00000170417,0.854813,0.28330123,0.92873544,1.0,1
ENSG00000170417,0.92164576,0.28330123,0.925011,1.0,1
ENSG00000170417,0.89750886,0.28330123,0.9119106,0.8173077,1
ENSG00000170426,-0.56498826,-0.92081875,0.9923499,1.0,1
ENSG00000170426,-0.47767136,-0.92081875,0.9889948,1.0,1
ENSG00000170456,1.4011729,1.0930713,0.8920398,1.0,1
ENSG00000170473,1.6483737,1.790637,0.8854278,1.0,1
ENSG00000170500,-0.5459883,-0.9586073,0.981723,1.0,1
ENSG00000170515,1.8278509,2.5046747,0.9440983,1.0,1
ENSG00000170545,0.12666397,0.57054293,0.96979105,1.0,1
ENSG00000170545,0.12666397,0.57054293,0.96979105,1.0,1
ENSG00000170545,0.14291988,0.57054293,0.7306683,0.6187291,1
ENSG00000170627,0.33982185,1.9715078,0.9617521,1.0,1
ENSG00000170627,0.3781465,1.9715078,0.90511876,1.0,1
ENSG00000170633,1.4823774,2.0457141,0.886253,1.0,1
ENSG00000170633,1.4691367,2.0457141,0.9207509,0.055479266,1
ENSG00000170634,1.5476528,0.8337844,0.8494214,1.0,1
ENSG00000170634,1.5058931,0.8337844,0.80543685,0.0,1
ENSG00000170653,1.1944238,1.1248301,0.92266905,1.0,1
ENSG00000170802,1.2982068,0.98766625,0.8308969,1.0,1
ENSG00000171055,0.5972661,0.6304279,0.9671542,0.61011904,1
ENSG00000171055,0.5975139,0.6304279,0.97658473,0.0,1
ENSG00000171055,0.6525496,0.6304279,0.9666077,0.0,1
ENSG00000171103,1.3576725,0.97034687,0.8202843,1.0,1
ENSG00000171132,1.0708202,0.9479236,0.8635144,1.0,1
ENSG00000171132,1.029369,0.9479236,0.5222311,1.0,1
ENSG00000171174,1.3786478,-0.036212172,0.9106158,1.0,1
ENSG00000171310,0.6663935,1.1215599,0.95194167,1.0,1
ENSG00000171310,0.6663935,1.1215599,0.95194167,1.0,1
ENSG00000171596,0.5169337,-0.9586073,0.9520121,1.0,1
ENSG00000171681,1.5170969,1.0791812,0.83998185,1.0,1
ENSG00000171681,1.5359639,1.0791812,0.894128,1.0,1
ENSG00000171681,1.5367934,1.0791812,0.8642804,1.0,1
ENSG00000171792,1.0813804,1.4502491,0.9222741,0.5390335,1
ENSG00000171792,1.0912704,1.4502491,0.92949986,0.8941076,1
ENSG00000171840,0.7255354,1.2135178,0.9154638,1.0,1
ENSG00000171840,0.70708835,1.2135178,0.92783684,1.0,1
ENSG00000171840,0.70708835,1.2135178,0.92783684,1.0,1
ENSG00000171847,0.20225266,-0.13076828,0.9850317,1.0,1
ENSG00000171847,0.16235915,-0.13076828,0.9838598,1.0,1
ENSG00000171848,1.4643241,2.236663,0.954158,1.0,1
ENSG00000171853,1.2014024,1.5836521,0.8715558,1.0,1
ENSG00000171853,1.3140368,1.5836521,0.92502177,1.0,1
ENSG00000171865,1.4481367,1.3891661,0.9412836,1.0,1
ENSG00000172059,-0.44451922,-0.6777807,0.9912888,1.0,1
ENSG00000172059,-0.44451922,-0.6777807,0.9912888,1.0,1
ENSG00000172071,1.5309712,1.2119211,0.9174601,1.0,1
ENSG00000172071,1.5797628,1.2119211,0.8525522,1.0,1
ENSG00000172071,1.6010536,1.2119211,0.82924,1.0,1
ENSG00000172073,-0.3496789,-0.7212464,0.98201364,1.0,1
ENSG00000172086,0.972895,0.8756399,0.8749873,1.0,1
ENSG00000172292,1.1915497,0.87621784,0.91972494,1.0,1
ENSG00000172292,1.1653512,0.87621784,0.77935225,0.8018868,1
ENSG00000172428,1.0204874,2.518356,0.94425315,1.0,1
ENSG00000172428,1.0465336,2.518356,0.9493187,1.0,1
ENSG00000172602,0.9398576,0.4440448,0.91638875,1.0,1
ENSG00000172819,1.0566473,0.7895807,0.92053795,1.0,1
ENSG00000172819,1.0639905,0.7895807,0.9022335,1.0,1
ENSG00000172819,1.0181061,0.7895807,0.9481926,0.12536444,1
ENSG00000172845,1.0318694,1.5324996,0.9368138,1.0,1
ENSG00000172845,0.9904381,1.5324996,0.8854842,1.0,1
ENSG00000172878,1.159412,0.7930916,0.8336827,1.0,1
ENSG00000172954,0.6541176,0.8733206,0.94366455,0.043557167,1
ENSG00000172954,0.6326461,0.8733206,0.9628898,0.019966722,1
ENSG00000173064,1.0682523,1.3449814,0.93076056,1.0,1
ENSG00000173064,0.9342413,1.3449814,0.9589685,1.0,1
ENSG00000173163,0.6462469,1.6174197,0.9473941,1.0,1
ENSG00000173166,0.105369836,-0.5086383,0.9731373,1.0,1
ENSG00000173209,1.9172188,1.7786577,0.9103042,1.0,1
ENSG00000173272,1.728295,2.4357808,0.93943983,1.0,1
ENSG00000173272,1.728295,2.4357808,0.93943983,1.0,1
ENSG00000173451,0.97861433,0.51587385,0.9461478,1.0,1
ENSG00000173559,1.8532147,1.4482424,0.9384341,1.0,1
ENSG00000173559,1.8612733,1.4482424,0.9129892,1.0,1
ENSG00000173559,1.8612733,1.4482424,0.9129892,1.0,1
ENSG00000173559,1.8453897,1.4482424,0.9499338,0.3331025,1
ENSG00000173567,1.293031,0.06069784,0.8876027,1.0,1
ENSG00000173588,1.1394602,1.2571985,0.9192634,1.0,1
ENSG00000173588,1.1660163,1.2571985,0.87430406,0.02851711,1
ENSG00000173588,1.1788608,1.2571985,0.8352904,0.25641027,1
ENSG00000173588,1.2250909,1.2571985,0.7201996,0.4636628,1
ENSG00000173598,1.2683636,1.6640776,0.85191554,1.0,1
ENSG00000173598,1.2547357,1.6640776,0.92888016,1.0,1
ENSG00000173692,1.4675776,1.8089533,0.9107428,1.0,1
ENSG00000173692,1.4370921,1.8089533,0.8648175,1.0,1
ENSG00000173744,0.931182,1.8020892,0.9415991,1.0,1
ENSG00000173744,0.9936471,1.8020892,0.94138265,0.9566481,1
ENSG00000173744,1.0133867,1.8020892,0.7595955,0.24182886,1
ENSG00000173960,1.5574958,0.9469433,0.87523484,1.0,1
ENSG00000173960,1.5118363,0.9469433,0.8388661,0.016713092,1
ENSG00000173960,1.520981,0.9469433,0.55395997,0.41190198,1
ENSG00000174099,-0.12208657,0.06818586,0.7150233,1.0,1
ENSG00000174106,1.0188427,1.0484418,0.88813686,1.0,1
ENSG00000174106,1.0631691,1.0484418,0.8985414,1.0,1
ENSG00000174106,1.0125469,1.0484418,0.9355984,1.0,1
ENSG00000174206,0.7488774,0.9079485,0.9465309,1.0,1
ENSG00000174233,-0.38904306,-0.4202164,0.9884057,1.0,1
ENSG00000174243,0.88205945,1.8104341,0.94173574,1.0,1
ENSG00000174437,1.426979,1.5697249,0.6530577,1.0,1
ENSG00000174437,1.4566749,1.5697249,0.9098203,1.0,1
ENSG00000174437,1.4279573,1.5697249,0.8862366,0.81946623,1
ENSG00000174437,1.3796083,1.5697249,0.8355607,0.0,1
ENSG00000174456,1.8950322,1.0232525,0.9317403,1.0,1
ENSG00000174456,1.9640158,1.0232525,0.91359913,1.0,1
ENSG00000174501,0.49094424,0.85733247,0.79735005,1.0,1
ENSG00000174501,0.4341445,0.85733247,0.96204126,1.0,1
ENSG00000174501,0.38287613,0.85733247,0.91340995,1.0,1
ENSG00000174501,0.45189512,0.85733247,0.93955106,1.0,1
ENSG00000174501,0.38383496,0.85733247,0.9456465,1.0,1
ENSG00000174718,0.9702364,1.4701164,0.92903674,1.0,1
ENSG00000174718,0.97201324,1.4701164,0.9257576,0.7060134,1
ENSG00000174718,0.9723927,1.4701164,0.9169151,1.0,1
ENSG00000174989,0.52400327,0.5998831,0.9654297,1.0,1
ENSG00000175183,0.41151437,-0.79588,0.97078943,1.0,1
ENSG00000175197,1.4929178,0.92272544,0.8715397,1.0,1
ENSG00000175203,1.6085755,2.0281236,0.9193251,0.968258,1
ENSG00000175215,1.345606,1.8017466,0.94976443,1.0,1
ENSG00000175548,0.77659285,0.8656961,0.9523733,1.0,1
ENSG00000175548,0.77659285,0.8656961,0.9523733,1.0,1
ENSG00000175727,0.5254624,1.0515383,0.9422257,1.0,1
ENSG00000175782,0.7696018,0.4297523,0.93381065,1.0,1
ENSG00000175970,0.7144091,1.2626884,0.9746436,1.0,1
ENSG00000176407,1.4064909,1.5682018,0.9438314,1.0,1
ENSG00000176407,1.4131516,1.5682018,0.93439084,1.0,1
ENSG00000176720,-0.6444752,-0.85387194,0.9912649,1.0,1
ENSG00000176720,-0.6582074,-0.85387194,0.9864072,1.0,1
ENSG00000176720,-0.664886,-0.85387194,0.9897261,1.0,1
ENSG00000176732,1.5589441,0.1172713,0.940465,1.0,1
ENSG00000176834,-0.3495637,0.7831887,0.9910471,1.0,1
ENSG00000176871,1.3447548,1.5638369,0.9369599,1.0,1
ENSG00000176894,1.6416059,1.7564079,0.9340013,1.0,1
ENSG00000176894,1.6699916,1.7564079,0.93150026,1.0,1
ENSG00000176915,1.522848,1.7387806,0.9287463,1.0,1
ENSG00000176946,1.199806,1.7259116,0.92589635,1.0,1
ENSG00000176946,1.141713,1.7259116,0.8330962,1.0,1
ENSG00000176946,1.1611345,1.7259116,0.8726163,1.0,1
ENSG00000177084,1.2499225,1.8661691,0.81959933,1.0,1
ENSG00000177084,1.3006432,1.8661691,0.8791554,1.0,1
ENSG00000177084,1.2744437,1.8661691,0.9301672,1.0,1
ENSG00000177084,1.2992398,1.8661691,0.93413436,1.0,1
ENSG00000177119,1.0611657,1.1271048,0.8988172,1.0,1
ENSG00000177119,0.9938103,1.1271048,0.88842005,1.0,1
ENSG00000177119,1.0300349,1.1271048,0.8371345,0.11083945,1
ENSG00000177119,1.0427577,1.1271048,0.880772,0.9454073,1
ENSG00000177119,1.0747241,1.1271048,0.9038297,0.04883721,1
ENSG00000177169,0.1326271,0.8444772,0.967096,1.0,1
ENSG00000177169,0.0025542118,0.8444772,0.9815793,1.0,1
ENSG00000177169,0.053607993,0.8444772,0.97538054,1.0,1
ENSG00000177192,0.6284931,1.6293076,0.94417745,1.0,1
ENSG00000177483,0.029535122,-0.050609995,0.9630466,1.0,1
ENSG00000177889,1.4930185,2.5898714,0.94060355,1.0,1
ENSG00000177889,1.48763,2.5898714,0.9163093,1.0,1
ENSG00000177917,1.5077714,1.2312146,0.8003317,1.0,1
ENSG00000177917,1.5102051,1.2312146,0.9183224,0.11504975,1
ENSG00000177917,1.5123963,1.2312146,0.7318601,0.13939752,1
ENSG00000177981,0.9875841,1.2681097,0.9449296,1.0,1
ENSG00000177981,0.95355594,1.2681097,0.92415607,1.0,1
ENSG00000177981,0.9639571,1.2681097,0.85027677,0.07303754,1
ENSG00000177990,-0.2494255,-0.92081875,0.9816607,1.0,1
ENSG00000177990,-0.39311168,-0.92081875,0.9921991,1.0,1
ENSG00000178295,1.1218133,1.3787612,0.9341068,1.0,1
ENSG00000178401,0.1028184,-0.45593196,0.888507,1.0,1
ENSG00000178449,1.4617304,1.9205929,0.9078927,0.0,1
ENSG00000178449,1.4805741,1.9205929,0.87778944,0.07517418,1
ENSG00000178623,0.6168903,-0.04575749,0.9785256,1.0,1
ENSG00000179104,0.69800067,0.17026171,0.9121975,1.0,1
ENSG00000179195,0.48520485,1.4448252,0.52195114,1.0,1
ENSG00000179195,0.44235787,1.4448252,0.9254,1.0,1
ENSG00000179295,1.1598276,1.4344093,0.89741313,1.0,1
ENSG00000179295,1.1071743,1.4344093,0.9236997,1.0,1
ENSG00000179295,1.1510918,1.4344093,0.91166806,1.0,1
ENSG00000179295,1.1439508,1.4344093,0.9333652,1.0,1
ENSG00000179528,0.104223646,0.06445799,0.9830019,1.0,1
ENSG00000179715,-0.45650223,0.6242821,0.9912547,1.0,1
ENSG00000179912,1.0288774,1.0891984,0.9359151,1.0,1
ENSG00000179912,1.0102819,1.0891984,0.9388301,1.0,1
ENSG00000179912,0.99833393,1.0891984,0.85531265,0.0,1
ENSG00000179912,1.0032173,1.0891984,0.8753014,1.0,1
ENSG00000179912,1.0508164,1.0891984,0.81826776,1.0,1
ENSG00000180228,1.7685721,1.6425635,0.9302674,1.0,1
ENSG00000180228,1.7063042,1.6425635,0.9109345,0.04714495,1
ENSG00000180263,0.66196716,0.68304706,0.932162,1.0,1
ENSG00000180263,0.7056576,0.68304706,0.9215688,0.8773585,1
ENSG00000180398,1.6017414,1.4363217,0.9161733,1.0,1
ENSG00000180398,1.6017414,1.4363217,0.9161733,1.0,1
ENSG00000180398,1.6017414,1.4363217,0.9161733,1.0,1
ENSG00000180398,1.5873836,1.4363217,0.8917662,0.91127646,1
ENSG00000180398,1.5873836,1.4363217,0.8917662,0.9228007,1
ENSG00000180398,1.6433666,1.4363217,0.60117155,0.032806803,1
ENSG00000180881,1.4287926,0.5352941,0.9324026,1.0,1
ENSG00000180881,1.4207895,0.5352941,0.8774911,1.0,1
ENSG00000180902,1.1893207,1.467756,0.92993224,1.0,1
ENSG00000180902,1.2011535,1.467756,0.8952279,0.9836876,1
ENSG00000180902,1.2161608,1.467756,0.9213328,0.42385966,1
ENSG00000181852,1.4408112,1.4903799,0.8801115,1.0,1
ENSG00000181852,1.4695418,1.4903799,0.9226441,0.01179941,1
ENSG00000181852,1.4569577,1.4903799,0.92759347,0.25173745,1
ENSG00000181929,1.5784165,1.5186455,0.935317,1.0,1
ENSG00000182196,1.3613497,2.1985197,0.9591738,1.0,1
ENSG00000182199,1.5835049,2.221649,0.9168697,0.83270586,1
ENSG00000182326,-0.7398639,-0.107905395,0.99186933,1.0,1
ENSG00000182389,0.30054146,0.8247765,0.94745284,1.0,1
ENSG00000182551,1.4641626,1.1364034,0.8392802,1.0,1
ENSG00000182993,0.72059023,0.2966652,0.7004025,1.0,1
ENSG00000182993,0.73395157,0.2966652,0.9289401,1.0,1
ENSG00000183054,0.29811463,0.82216805,0.9620116,1.0,1
ENSG00000183283,1.4817762,2.1152775,0.89722,1.0,1
ENSG00000183283,1.4638058,2.1152775,0.9042985,1.0,1
ENSG00000183283,1.5216439,2.1152775,0.86904466,0.9830149,1
ENSG00000183283,1.5041832,2.1152775,0.89757997,0.895082,1
ENSG00000183395,0.67157066,-0.43179828,0.9815113,1.0,1
ENSG00000183495,0.83520055,1.1866739,0.9477549,1.0,1
ENSG00000183495,0.80803764,1.1866739,0.9461223,1.0,1
ENSG00000183495,0.81875634,1.1866739,0.9462925,0.8250883,1
ENSG00000183513,1.7670048,1.581039,0.9366666,1.0,1
ENSG00000183735,1.3383441,1.3486942,0.88642085,1.0,1
ENSG00000183891,1.7632693,1.1679078,0.93027264,1.0,1
ENSG00000183955,1.3025218,1.4774107,0.95461255,1.0,1
ENSG00000183955,1.2826564,1.4774107,0.9308499,0.6260454,1
ENSG00000184047,1.6415231,1.5346606,0.93872803,1.0,1
ENSG00000184047,1.574013,1.5346606,0.92767674,1.0,1
ENSG00000184047,1.584976,1.5346606,0.91744363,0.010679612,1
ENSG00000184047,1.6415231,1.5346606,0.93872803,0.9523077,1
ENSG00000184047,1.6415231,1.5346606,0.93872803,0.9797297,1
ENSG00000184047,1.574013,1.5346606,0.92767674,0.98921293,1
ENSG00000184047,1.6913981,1.5346606,0.8979774,0.9415584,1
ENSG00000184182,1.5215712,1.4869969,0.9311304,1.0,1
ENSG00000184182,1.5194001,1.4869969,0.8989121,1.0,1
ENSG00000184182,1.4256126,1.4869969,0.8999452,0.6455847,1
ENSG00000184271,0.882681,0.2966652,0.95880455,1.0,1
ENSG00000184271,0.87728345,0.2966652,0.89826745,1.0,1
ENSG00000184445,1.8646975,1.8431705,0.88020253,1.0,1
ENSG00000184445,1.8146749,1.8431705,0.9110166,1.0,1
ENSG00000184445,1.8420845,1.8431705,0.9144438,1.0,1
ENSG00000184445,1.7846946,1.8431705,0.8878997,0.8134284,1
ENSG00000184445,1.8063171,1.8431705,0.7680115,0.45717674,1
ENSG00000184575,1.7210399,1.4659773,0.86375606,1.0,1
ENSG00000184575,1.6886121,1.4659773,0.87933004,1.0,1
ENSG00000184613,-0.7305616,0.09342168,0.98825735,1.0,1
ENSG00000184752,1.1551642,2.1899953,0.76731735,1.0,1
ENSG00000184752,1.2868786,2.1899953,0.9304856,0.9306767,1
ENSG00000184898,0.88833296,0.32633585,0.94811654,1.0,1
ENSG00000184898,0.8991356,0.32633585,0.9475733,1.0,1
ENSG00000184967,0.7112905,1.3498601,0.94751114,1.0,1
ENSG00000184992,0.8554095,1.3027637,0.96161026,1.0,1
ENSG00000185163,1.1275584,1.3178545,0.95023596,1.0,1
ENSG00000185163,1.1461576,1.3178545,0.9589165,1.0,1
ENSG00000185163,1.1406288,1.3178545,0.94045305,1.0,1
ENSG00000185163,1.1661294,1.3178545,0.9577885,1.0,1
ENSG00000185163,1.1495104,1.3178545,0.9600919,1.0,1
ENSG00000185344,1.1119678,1.507721,0.94096977,1.0,1
ENSG00000185344,1.14459,1.507721,0.9427219,1.0,1
ENSG00000185404,1.8542486,1.1631614,0.9157883,1.0,1
ENSG00000185404,1.8225025,1.1631614,0.8740608,0.5947368,1
ENSG00000185432,0.46808872,0.80345714,0.9075497,1.0,1
ENSG00000185480,1.1722813,1.1550323,0.9346001,1.0,1
ENSG00000185480,1.1722813,1.1550323,0.9346001,1.0,1
ENSG00000185480,1.1926976,1.1550323,0.88187104,0.99682033,1
ENSG00000185480,1.1980053,1.1550323,0.9240098,0.0,1
ENSG00000185480,1.1993637,1.1550323,0.90505576,0.25571725,1
ENSG00000185480,1.2494563,1.1550323,0.93288195,0.7260579,1
ENSG00000185482,0.5676023,0.86093664,0.9771582,1.0,1
ENSG00000185482,0.514397,0.86093664,0.9770521,1.0,1
ENSG00000185482,0.5109391,0.86093664,0.9783679,0.9912537,1
ENSG00000185482,0.4913282,0.86093664,0.9727624,0.15662651,1
ENSG00000185591,1.2974807,1.279895,0.9239389,1.0,1
ENSG00000185591,1.25289,1.279895,0.91685116,1.0,1
ENSG00000185640,-0.07716876,-0.85387194,0.9852084,1.0,1
ENSG00000185664,-0.2712457,-0.21467017,0.99148834,1.0,1
ENSG00000186132,1.3438075,1.2395498,0.9032968,1.0,1
ENSG00000186132,1.3527968,1.2395498,0.910455,1.0,1
ENSG00000186298,1.5328845,2.0340667,0.9362595,1.0,1
ENSG00000186298,1.5384241,2.0340667,0.89920723,1.0,1
ENSG00000186298,1.5550028,2.0340667,0.8993195,1.0,1
ENSG00000186815,1.6913568,1.3191061,0.91154224,1.0,1
ENSG00000186815,1.7778412,1.3191061,0.77337563,0.5393474,1
ENSG00000186815,1.7237114,1.3191061,0.5214724,0.072644725,1
ENSG00000186854,0.06104014,0.7176705,0.9721745,1.0,1
ENSG00000186854,0.061749242,0.7176705,0.9802744,1.0,1
ENSG00000186889,0.9657531,0.13033377,0.9636243,1.0,1
ENSG00000186889,0.9447899,0.13033377,0.9386186,1.0,1
ENSG00000186908,1.59455,1.2121876,0.90267485,1.0,1
ENSG00000186908,1.5349302,1.2121876,0.9216004,0.807243,1
ENSG00000186908,1.5617613,1.2121876,0.91081023,0.19275701,1
ENSG00000187109,1.3954824,2.5964541,0.86344063,1.0,1
ENSG00000187109,1.4651364,2.5964541,0.93573314,0.8986271,1
ENSG00000187109,1.4314371,2.5964541,0.9336175,1.0,1
ENSG00000187109,1.494702,2.5964541,0.78364253,0.8989002,1
ENSG00000187514,2.0851846,3.2968955,0.9267899,1.0,1
ENSG00000187605,0.46654004,0.9324738,0.9644541,1.0,1
ENSG00000187736,0.82594573,1.0187005,0.944775,1.0,1
ENSG00000187778,1.6264178,1.7895103,0.89455736,1.0,1
ENSG00000187778,1.5859145,1.7895103,0.9278941,1.0,1
ENSG00000187778,1.6015078,1.7895103,0.9296113,1.0,1
ENSG00000187778,1.6015211,1.7895103,0.9290604,1.0,1
ENSG00000187833,-0.108790845,-0.2596373,0.9868176,1.0,1
ENSG00000187944,-0.7245922,-0.7695511,0.99110377,1.0,1
ENSG00000188010,0.6608281,0.7041505,0.9012994,1.0,1
ENSG00000188010,0.64575183,0.7041505,0.9702622,1.0,1
ENSG00000188010,0.7386352,0.7041505,0.9654617,1.0,1
ENSG00000188026,0.10814406,-0.31875876,0.9773372,1.0,1
ENSG00000188026,0.10160512,-0.31875876,0.9780935,1.0,1
ENSG00000188026,0.07982668,-0.31875876,0.9804022,1.0,1
ENSG00000188026,0.17096299,-0.31875876,0.9664569,1.0,1
ENSG00000188177,0.99772954,0.23044892,0.8815897,1.0,1
ENSG00000188177,0.99915445,0.23044892,0.9161046,1.0,1
ENSG00000188282,0.35281825,0.24054925,0.97652483,1.0,1
ENSG00000188389,1.1003759,0.5599066,0.93153304,1.0,1
ENSG00000188389,1.1368359,0.5599066,0.9460699,1.0,1
ENSG00000188542,1.539239,0.76417613,0.9393115,1.0,1
ENSG00000188735,1.1102806,1.0124154,0.9420077,1.0,1
ENSG00000188735,1.093587,1.0124154,0.9544007,1.0,1
ENSG00000188735,1.1613257,1.0124154,0.9333259,0.09536785,1
ENSG00000188760,-0.015128471,0.012837225,0.9836828,1.0,1
ENSG00000188906,0.13539425,-0.050609995,0.9555771,1.0,1
ENSG00000189046,1.0945715,1.4219328,0.9365376,1.0,1
ENSG00000189046,1.1039944,1.4219328,0.94557923,0.65247524,1
ENSG00000189079,1.4451288,0.8591383,0.9038985,1.0,1
ENSG00000189079,1.402052,0.8591383,0.8889344,0.007017544,1
ENSG00000189079,1.4194065,0.8591383,0.7100765,0.26778242,1
ENSG00000189362,1.6396533,0.748188,0.8774258,1.0,1
ENSG00000189362,1.6178705,0.748188,0.8372449,1.0,1
ENSG00000189362,1.6390073,0.748188,0.9378207,0.8481848,1
ENSG00000196141,0.7816925,1.3428173,0.7856593,1.0,1
ENSG00000196141,0.79490125,1.3428173,0.77358073,1.0,1
ENSG00000196141,0.7059568,1.3428173,0.96806943,1.0,1
ENSG00000196141,0.74541306,1.3428173,0.95062536,1.0,1
ENSG00000196141,0.7529975,1.3428173,0.86809474,1.0,1
ENSG00000196141,0.7055365,1.3428173,0.9645261,0.3815636,1
ENSG00000196290,1.6941305,1.5703094,0.8146015,1.0,1
ENSG00000196387,0.9977844,0.87621784,0.60704297,1.0,1
ENSG00000196387,0.9267098,0.87621784,0.9086747,1.0,1
ENSG00000196387,0.9267098,0.87621784,0.9086747,1.0,1
ENSG00000196387,0.9806838,0.87621784,0.9005259,0.65799254,1
ENSG00000196458,0.88190424,0.24551266,0.90211415,1.0,1
ENSG00000196465,1.0236913,1.9618955,0.8932715,1.0,1
ENSG00000196498,0.48692545,1.6558105,0.93783504,1.0,1
ENSG00000196504,1.1357107,1.9516289,0.9164076,1.0,1
ENSG00000196504,1.1193767,1.9516289,0.7976796,1.0,1
ENSG00000196504,1.1067678,1.9516289,0.8961756,0.8247683,1
ENSG00000196504,1.1417494,1.9516289,0.9184229,0.15332772,1
ENSG00000196510,0.90609705,1.7633531,0.93594944,1.0,1
ENSG00000196510,0.8377279,1.7633531,0.95060694,1.0,1
ENSG00000196510,0.8134067,1.7633531,0.9568909,1.0,1
ENSG00000196604,-0.13826108,-0.9586073,0.9833356,1.0,1
ENSG00000196604,-0.23596269,-0.9586073,0.989486,1.0,1
ENSG00000196604,-0.083854035,-0.9586073,0.9719595,1.0,1
ENSG00000196604,-0.20025927,-0.9586073,0.9864297,1.0,1
ENSG00000196604,-0.08787957,-0.9586073,0.8365018,1.0,1
ENSG00000196604,0.22776088,-0.9586073,0.95998216,1.0,1
ENSG00000196843,1.2386832,1.8175653,0.93784815,1.0,1
ENSG00000196843,1.2579399,1.8175653,0.9463917,0.50653315,1
ENSG00000196850,1.6891683,1.3159703,0.8071462,1.0,1
ENSG00000196850,1.7407808,1.3159703,0.9239254,1.0,1
ENSG00000196850,1.7318949,1.3159703,0.91376734,1.0,1
ENSG00000196850,1.7305372,1.3159703,0.92814493,1.0,1
ENSG00000196862,-0.46553168,-0.92081875,0.99291235,1.0,1
ENSG00000196935,-0.2094898,-0.33724216,0.9802367,1.0,1
ENSG00000196935,-0.24716601,-0.33724216,0.9808883,1.0,1
ENSG00000196950,1.1126062,0.5899496,0.8923804,1.0,1
ENSG00000196975,1.6190133,1.8349926,0.8123065,1.0,1
ENSG00000197111,1.6900758,2.429526,0.92826056,1.0,1
ENSG00000197111,1.6669875,2.429526,0.72536445,1.0,1
ENSG00000197111,1.6757812,2.429526,0.8775742,0.7246842,1
ENSG00000197111,1.6671523,2.429526,0.7244445,0.89292145,1
ENSG00000197121,0.78953457,0.33845648,0.8954579,1.0,1
ENSG00000197223,1.4017609,1.4695275,0.8831006,1.0,1
ENSG00000197223,1.3935934,1.4695275,0.9312969,1.0,1
ENSG00000197329,1.2896712,1.4586378,0.8974628,1.0,1
ENSG00000197713,1.465361,1.5670264,0.92018896,1.0,1
ENSG00000197713,1.3874246,1.5670264,0.5507124,0.027833002,1
ENSG00000197713,1.4497882,1.5670264,0.88653606,0.64946234,1
ENSG00000197713,1.4757476,1.5670264,0.8137052,0.045067422,1
ENSG00000197713,1.4746689,1.5670264,0.9189552,0.90051323,1
ENSG00000197713,1.4507798,1.5670264,0.88412684,0.10090658,1
ENSG00000197872,0.09032157,0.64836,0.97489935,1.0,1
ENSG00000197905,0.6903039,-0.60206,0.9691525,1.0,1
ENSG00000198001,1.3306022,1.2129862,0.92053044,1.0,1
ENSG00000198001,1.3306022,1.2129862,0.92053044,1.0,1
ENSG00000198001,1.4287461,1.2129862,0.9174958,1.0,1
ENSG00000198001,1.4232078,1.2129862,0.7805924,0.0,1
ENSG00000198001,1.3306022,1.2129862,0.92053044,1.0,1
ENSG00000198001,1.4129066,1.2129862,0.8791708,0.1661017,1
ENSG00000198001,1.4222455,1.2129862,0.9047945,0.1968,1
ENSG00000198040,1.0709856,1.0576661,0.9224204,1.0,1
ENSG00000198056,1.1059911,1.3823773,0.944391,1.0,1
ENSG00000198130,1.0280927,1.327359,0.91789955,1.0,1
ENSG00000198130,1.0403116,1.327359,0.81548643,0.8921788,1
ENSG00000198270,1.6082016,0.80550086,0.72046554,1.0,1
ENSG00000198270,1.5783199,0.80550086,0.83297783,1.0,1
ENSG00000198270,1.6106051,0.80550086,0.8838868,0.9626168,1
ENSG00000198270,1.619656,0.80550086,0.893283,0.8989899,1
ENSG00000198270,1.5829163,0.80550086,0.89574194,0.2897196,1
ENSG00000198353,-0.65854096,0.88195497,0.9874326,1.0,1
ENSG00000198369,0.9949752,0.92737037,0.87680477,1.0,1
ENSG00000198380,1.5159801,1.1195858,0.85272473,1.0,1
ENSG00000198393,0.44448882,1.1166078,0.9546911,1.0,1
ENSG00000198393,0.5366912,1.1166078,0.94427246,1.0,1
ENSG00000198399,1.4257671,1.5912873,0.7942882,1.0,1
ENSG00000198399,1.4458041,1.5912873,0.83761483,0.5015601,1
ENSG00000198399,1.4042598,1.5912873,0.9025191,0.0,1
ENSG00000198431,1.5014054,1.6346787,0.83464956,1.0,1
ENSG00000198431,1.5700564,1.6346787,0.9160922,0.9094828,1
ENSG00000198431,1.570861,1.6346787,0.8141848,0.031758327,1
ENSG00000198431,1.5115744,1.6346787,0.89638686,0.99920064,1
ENSG00000198431,1.542749,1.6346787,0.7620456,0.022516556,1
ENSG00000198522,1.2343227,1.4878451,0.919511,1.0,1
ENSG00000198586,1.1248887,1.3471348,0.93551767,1.0,1
ENSG00000198586,1.1046771,1.3471348,0.93116295,1.0,1
ENSG00000198586,1.1035552,1.3471348,0.7907217,1.0,1
ENSG00000198586,1.1017793,1.3471348,0.9157904,1.0,1
ENSG00000198586,1.1155069,1.3471348,0.9124716,0.14877024,1
ENSG00000198586,1.1367314,1.3471348,0.83896184,0.021595681,1
ENSG00000198612,0.8408512,1.9197055,0.9205777,1.0,1
ENSG00000198612,0.86780846,1.9197055,0.9473654,0.87173843,1
ENSG00000198648,-0.059084997,-0.9586073,0.946587,1.0,1
ENSG00000198648,-0.1107551,-0.9586073,0.9763108,1.0,1
ENSG00000198648,-0.07691898,-0.9586073,0.95479965,1.0,1
ENSG00000198707,1.1525049,0.7403627,0.917189,1.0,1
ENSG00000198707,1.1574146,0.7403627,0.8996634,1.0,1
ENSG00000198707,1.1164002,0.7403627,0.9137958,0.053475935,1
ENSG00000198855,1.32364,0.5118834,0.9122251,1.0,1
ENSG00000198885,0.89824104,1.1595672,0.9803494,1.0,1
ENSG00000198925,1.3746283,1.1000258,0.81683236,1.0,1
ENSG00000198925,1.3659458,1.1000258,0.9359144,0.96410257,1
ENSG00000198925,1.3533049,1.1000258,0.85662436,0.0,1
ENSG00000198925,1.4050441,1.1000258,0.84948945,0.39915073,1
ENSG00000204099,-0.30784437,-0.7695511,0.9869964,1.0,1
ENSG00000204104,0.44038886,0.5301997,0.9505182,1.0,1
ENSG00000204120,0.6834699,1.3767594,0.91483414,1.0,1
ENSG00000204120,0.7414689,1.3767594,0.9474554,1.0,1
ENSG00000204120,0.77360106,1.3767594,0.85032177,0.38523644,1
ENSG00000204120,0.7402284,1.3767594,0.928371,0.6278481,1
ENSG00000204120,0.7333863,1.3767594,0.92409956,0.2544757,1
ENSG00000204120,0.742579,1.3767594,0.8692076,0.026096033,1
ENSG00000204217,0.92935026,0.6963564,0.9371408,1.0,1
ENSG00000204217,0.9106438,0.6963564,0.94538414,1.0,1
ENSG00000204311,1.7187978,0.6232493,0.8993673,1.0,1
ENSG00000204406,1.2187363,1.129045,0.8536208,1.0,1
ENSG00000204406,1.2347358,1.129045,0.63754797,1.0,1
ENSG00000204634,0.062044963,0.62531245,0.98338807,1.0,1
ENSG00000204842,1.1290851,1.2030329,0.92964303,1.0,1
ENSG00000204842,1.1550112,1.2030329,0.93625885,1.0,1
ENSG00000204842,1.1550112,1.2030329,0.93625885,1.0,1
ENSG00000204842,1.1612622,1.2030329,0.9253444,1.0,1
ENSG00000204842,1.1970357,1.2030329,0.9360802,1.0,1
ENSG00000204842,1.1282893,1.2030329,0.8678891,1.0,1
ENSG00000204842,1.1617049,1.2030329,0.93106014,0.0,1
ENSG00000204842,1.1431082,1.2030329,0.89179045,0.5987395,1
ENSG00000204842,1.1391226,1.2030329,0.80172503,0.9017544,1
ENSG00000204842,1.1661597,1.2030329,0.86185706,1.0,1
ENSG00000204843,1.0762902,1.771367,0.9056049,1.0,1
ENSG00000204843,1.0688775,1.771367,0.8504494,0.0,1
ENSG00000204852,1.0229541,1.1532049,0.90590495,1.0,1
ENSG00000204852,1.0449145,1.1532049,0.93220085,1.0,1
ENSG00000204852,1.0449629,1.1532049,0.65101004,0.0,1
ENSG00000204852,1.038864,1.1532049,0.8717641,0.99610895,1
ENSG00000204852,1.0667161,1.1532049,0.7862918,0.042666666,1
ENSG00000204852,0.99865985,1.1532049,0.8896936,0.0,1
ENSG00000204856,1.8160717,1.4886917,0.76273793,1.0,1
ENSG00000204856,1.8160717,1.4886917,0.76273793,1.0,1
ENSG00000204856,1.863696,1.4886917,0.9321041,1.0,1
ENSG00000204856,1.7992592,1.4886917,0.8961177,1.0,1
ENSG00000204856,1.7948546,1.4886917,0.917112,0.989171,1
ENSG00000204923,1.0451388,-0.06550155,0.9415898,1.0,1
ENSG00000204923,1.1312459,-0.06550155,0.84404653,1.0,1
ENSG00000204954,1.7023464,1.3416324,0.9369899,1.0,1
ENSG00000204954,1.7140415,1.3416324,0.90772665,0.1559792,1
ENSG00000205086,0.5856123,0.045322977,0.9685712,1.0,1
ENSG00000205086,0.6047528,0.045322977,0.9605344,1.0,1
ENSG00000205323,2.0626447,2.052232,0.91499954,1.0,1
ENSG00000205323,2.1298146,2.052232,0.8845363,0.99774975,1
ENSG00000205352,1.3214343,2.1951244,0.9501712,1.0,1
ENSG00000205639,-0.48927805,-0.82390875,0.9735641,1.0,1
ENSG00000205707,0.9082582,1.0496056,0.95670867,1.0,1
ENSG00000205707,0.9082582,1.0496056,0.95670867,1.0,1
ENSG00000205707,0.9476925,1.0496056,0.95571744,0.0,1
ENSG00000205795,1.2929089,0.60852605,0.928247,1.0,1
ENSG00000211455,1.8710942,1.8459039,0.89775264,1.0,1
ENSG00000211460,1.586031,1.5978048,0.9072515,1.0,1
ENSG00000211460,1.586031,1.5978048,0.9072515,1.0,1
ENSG00000211460,1.4979775,1.5978048,0.9483746,1.0,1
ENSG00000211460,1.4979775,1.5978048,0.9483746,1.0,1
ENSG00000211460,1.585476,1.5978048,0.923324,0.9886591,1
ENSG00000211584,0.17947112,0.11394335,0.8485609,1.0,1
ENSG00000212127,1.270043,-0.036212172,0.8514787,1.0,1
ENSG00000212127,1.3437951,-0.036212172,0.95581305,1.0,1
ENSG00000213160,0.79725766,1.1601683,0.9266523,1.0,1
ENSG00000213337,1.8514297,1.4491698,0.8211422,1.0,1
ENSG00000213639,1.5483774,1.4857215,0.87043625,1.0,1
ENSG00000213699,1.2605698,0.7881684,0.9465058,1.0,1
ENSG00000213699,1.2682127,0.7881684,0.949325,1.0,1
ENSG00000213699,1.2248536,0.7881684,0.9260819,0.8979239,1
ENSG00000213699,1.2527739,0.7881684,0.9287361,0.990458,1
ENSG00000213699,1.2445241,0.7881684,0.95633453,0.9668325,1
ENSG00000213782,1.0607855,1.7857568,0.9401285,1.0,1
ENSG00000213782,1.0378411,1.7857568,0.94652027,0.9795352,1
ENSG00000213782,0.97495747,1.7857568,0.9442742,0.9624633,1
ENSG00000213809,1.0053418,0.021189298,0.9621881,1.0,1
ENSG00000213809,0.7513125,0.021189298,0.9459032,1.0,1
ENSG00000213901,0.52593625,-0.25181198,0.97602034,1.0,1
ENSG00000214595,0.5539187,-0.5850267,0.96030456,1.0,1
ENSG00000214595,0.5179696,-0.5850267,0.9586405,1.0,1
ENSG00000214595,0.5191847,-0.5850267,0.95001554,1.0,1
ENSG00000214595,0.51754475,-0.5850267,0.95858574,1.0,1
ENSG00000215021,2.0625167,2.6994302,0.9354419,1.0,1
ENSG00000215021,2.0500321,2.6994302,0.91356957,1.0,1
ENSG00000215021,2.0973723,2.6994302,0.9435165,1.0,1
ENSG00000215021,2.0705686,2.6994302,0.8969088,1.0,1
ENSG00000215021,2.0536408,2.6994302,0.9111679,1.0,1
ENSG00000218739,1.7272493,1.5754188,0.94657516,1.0,1
ENSG00000219626,1.0788605,0.6273658,0.89367765,1.0,1
ENSG00000221823,1.5243797,1.1726029,0.9186063,1.0,1
ENSG00000221823,1.5706582,1.1726029,0.87576175,1.0,1
ENSG00000221823,1.5010606,1.1726029,0.93292856,1.0,1
ENSG00000221823,1.4911481,1.1726029,0.6161713,1.0,1
ENSG00000231672,-0.66589046,-0.63827217,0.991074,1.0,1
ENSG00000231887,-0.18024784,0.372912,0.9440078,1.0,1
ENSG00000231887,-0.22714038,0.372912,0.9641258,1.0,1
ENSG00000231887,-0.19462597,0.372912,0.9875315,1.0,1
ENSG00000235162,1.9090174,1.9608512,0.85483015,1.0,1
ENSG00000239305,0.85649455,0.81491315,0.9571682,1.0,1
ENSG00000239474,-0.31775257,-0.85387194,0.98181283,1.0,1
ENSG00000239779,2.2697525,1.8018837,0.91389364,1.0,1
ENSG00000239779,2.2323353,1.8018837,0.87055546,0.10786914,1
ENSG00000240344,1.4700953,1.6742179,0.91958266,1.0,1
ENSG00000240344,1.4700953,1.6742179,0.91958266,1.0,1
ENSG00000240344,1.4843749,1.6742179,0.9367142,0.9195402,1
ENSG00000240344,1.6053127,1.6742179,0.64804506,0.0,1
ENSG00000240344,1.4475064,1.6742179,0.92825615,0.9678973,1
ENSG00000240771,-0.32204258,0.0,0.99006116,1.0,1
ENSG00000241119,-0.24996066,-0.9586073,0.97708046,1.0,1
ENSG00000241962,1.4327533,-0.27572414,0.8795194,1.0,1
ENSG00000243244,-0.4004018,-0.1674911,0.98421824,1.0,1
ENSG00000243667,1.4212162,1.0909631,0.9152812,1.0,1
ENSG00000243667,1.4459323,1.0909631,0.93038416,1.0,1
ENSG00000243943,1.3041779,1.423082,0.93317825,1.0,1
ENSG00000243943,1.4212962,1.423082,0.9374923,0.02131783,1
ENSG00000243943,1.3296717,1.423082,0.7792903,0.5168307,1
ENSG00000243943,1.3742794,1.423082,0.93740386,0.99389315,1
ENSG00000247077,1.7411834,1.7471787,0.93109477,1.0,1
ENSG00000250565,1.2568108,0.69897,0.9381304,1.0,1
ENSG00000251569,0.6464366,-0.39794,0.97663486,1.0,1
ENSG00000251569,0.78425443,-0.39794,0.9555207,1.0,1
ENSG00000251569,0.81346214,-0.39794,0.9077612,1.0,1
ENSG00000251569,0.7812078,-0.39794,0.9523462,1.0,1
ENSG00000256223,1.1672817,0.4756712,0.85967404,1.0,1
ENSG00000256223,1.3053093,0.4756712,0.8759461,1.0,1
ENSG00000256223,1.3480723,0.4756712,0.8556133,1.0,1
ENSG00000256223,1.2342652,0.4756712,0.82327014,1.0,1
ENSG00000257218,1.291605,1.1152776,0.9494498,1.0,1
ENSG00000257218,1.3826444,1.1152776,0.7416097,0.13745174,1
ENSG00000257390,0.8938842,-0.4685211,0.9702252,1.0,1
ENSG00000257390,0.91723144,-0.4685211,0.9552493,1.0,1
ENSG00000257390,0.90083873,-0.4685211,0.9324572,1.0,1
ENSG00000257390,0.8647971,-0.4685211,0.9782145,1.0,1
ENSG00000257727,2.493174,1.9649664,0.90728223,1.0,1
ENSG00000257921,0.4188709,0.0,0.9852266,1.0,1
ENSG00000258311,1.572967,0.7715875,0.93862355,1.0,1
ENSG00000259075,0.77767134,-0.22914799,0.97117245,1.0,1
