,PredExpr,ActualExpr,PredPsi,ActualPsi,fold_idx
ENSG00000196388,1.3385047,-0.8239088,0.9237473,1.0,1
ENSG00000164051,1.2953223,1.1099159,0.91883546,1.0,1
ENSG00000064102,1.3414913,1.7070589,0.9220575,1.0,1
ENSG00000064102,1.3409157,1.7070589,0.9223296,1.0,1
ENSG00000064102,1.3428842,1.7070589,0.9226965,1.0,1
ENSG00000117533,1.3776257,1.1296899,0.91682583,1.0,1
ENSG00000117533,1.3791558,1.1296899,0.91697365,1.0,1
ENSG00000089094,1.2924998,1.2591158,0.9241176,1.0,1
ENSG00000089094,1.2931144,1.2591158,0.9245722,1.0,1
ENSG00000089094,1.2929064,1.2591158,0.92395157,0.88706565,1
ENSG00000138688,1.29543,1.3364598,0.92328835,1.0,1
ENSG00000138688,1.297629,1.3364598,0.9224223,1.0,1
ENSG00000138688,1.29885,1.3364598,0.92202127,0.72337043,1
ENSG00000129195,1.3078905,0.80821097,0.9246214,1.0,1
ENSG00000129195,1.306755,0.80821097,0.9245165,0.7982647,1
ENSG00000086758,1.3319068,1.7985125,0.9226165,0.82222223,1
ENSG00000133641,1.3189883,1.5317342,0.9217359,1.0,1
ENSG00000133641,1.3194342,1.5317342,0.9216274,1.0,1
ENSG00000133641,1.3185472,1.5317342,0.9206763,0.66042554,1
ENSG00000133641,1.3129537,1.5317342,0.92137825,0.9412023,1
ENSG00000035928,1.3235601,1.2402996,0.92232263,1.0,1
ENSG00000035928,1.3258686,1.2402996,0.92261297,1.0,1
ENSG00000035928,1.3237399,1.2402996,0.92289454,1.0,1
ENSG00000035928,1.3228196,1.2402996,0.92318314,0.004985094,1
ENSG00000115594,1.2691975,0.30963016,0.9249592,1.0,1
ENSG00000115594,1.269576,0.30963016,0.9251792,1.0,1
ENSG00000161509,1.2346467,-0.76955104,0.9303874,1.0,1
ENSG00000169223,1.3360647,2.0322561,0.92330015,1.0,1
ENSG00000001461,1.3497925,1.1351327,0.9237578,1.0,1
ENSG00000001461,1.3491787,1.1351327,0.9234325,0.633833,1
ENSG00000001461,1.3489383,1.1351327,0.9229814,0.03184712,1
ENSG00000164346,1.3178827,1.7139943,0.9212079,1.0,1
ENSG00000164346,1.3154244,1.7139943,0.92383647,0.78319883,1
ENSG00000196588,1.2971089,0.21484387,0.9228358,1.0,1
ENSG00000206177,1.2700509,-0.7958801,0.9293412,1.0,1
ENSG00000078403,1.3349161,1.8405452,0.9230936,1.0,1
ENSG00000078403,1.3330948,1.8405452,0.9235186,1.0,1
ENSG00000078403,1.33454,1.8405452,0.92330164,0.8148855,1
ENSG00000078403,1.3327895,1.8405452,0.9240195,5.9604645e-08,1
ENSG00000078403,1.3343585,1.8405452,0.9236542,0.029327631,1
ENSG00000078403,1.3325974,1.8405452,0.923425,0.017422736,1
ENSG00000078403,1.3360518,1.8405452,0.92326427,0.977756,1
ENSG00000078403,1.3345814,1.8405452,0.923525,0.01451236,1
ENSG00000031003,1.3331743,1.0569048,0.9215937,1.0,1
ENSG00000031003,1.3346108,1.0569048,0.9213128,1.0,1
ENSG00000031003,1.3303664,1.0569048,0.9213617,0.9566075,1
ENSG00000031003,1.3338875,1.0569048,0.9214744,0.04339248,1
ENSG00000031003,1.3359723,1.0569048,0.92206836,0.9566075,1
ENSG00000031003,1.3340144,1.0569048,0.9216958,5.9604645e-08,1
ENSG00000102755,1.2487477,0.07554698,0.92736703,1.0,1
ENSG00000102755,1.2482954,0.07554698,0.92691123,1.0,1
ENSG00000004534,1.3250568,1.6112983,0.92307746,1.0,1
ENSG00000004534,1.3274869,1.6112983,0.92280626,0.51549053,1
ENSG00000004534,1.3270578,1.6112983,0.9224375,0.71464777,1
ENSG00000004534,1.3244863,1.6112983,0.9225511,0.9532909,1
ENSG00000004534,1.3243326,1.6112983,0.9230682,0.779549,1
ENSG00000004534,1.3251011,1.6112983,0.9228005,0.005625427,1
ENSG00000119927,1.3111042,0.69548166,0.9242702,1.0,1
ENSG00000119927,1.3052632,0.69548166,0.9243439,1.0,1
ENSG00000119927,1.3066635,0.69548166,0.9236437,1.0,1
ENSG00000096872,1.3212113,0.8469553,0.9129637,1.0,1
ENSG00000152782,1.2807701,0.8668778,0.92130053,1.0,1
ENSG00000152782,1.2810819,0.8668778,0.9225382,1.0,1
ENSG00000152782,1.2758555,0.8668778,0.92148817,1.0,1
ENSG00000152782,1.2815158,0.8668778,0.922613,0.9722922,1
ENSG00000197566,1.2677284,-0.013228178,0.9179547,1.0,1
ENSG00000170584,1.3543901,1.5811529,0.9209048,1.0,1
ENSG00000170584,1.3556752,1.5811529,0.9210798,1.0,1
ENSG00000142207,1.3219311,1.0068936,0.9258661,1.0,1
ENSG00000142207,1.319475,1.0068936,0.9260036,1.0,1
ENSG00000162772,1.3352914,0.9982593,0.9207474,0.0077022314,1
ENSG00000188157,1.3063269,1.3543005,0.9242307,1.0,1
ENSG00000034677,1.3160133,1.3277675,0.9202913,1.0,1
ENSG00000034677,1.3164692,1.3277675,0.92079586,1.0,1
ENSG00000034677,1.316543,1.3277675,0.92052954,0.91599756,1
ENSG00000104853,1.3477587,1.5117497,0.9229279,1.0,1
ENSG00000104853,1.3474706,1.5117497,0.9228007,1.0,1
ENSG00000116668,1.3311198,0.40654022,0.9205157,1.0,1
ENSG00000051341,1.2716072,0.8920946,0.9205357,1.0,1
ENSG00000051341,1.2681248,0.8920946,0.9199341,1.0,1
ENSG00000135605,1.3503653,0.85733247,0.925821,1.0,1
ENSG00000143774,1.3897736,2.2415962,0.91655076,1.0,1
ENSG00000143774,1.3897736,2.2415962,0.91655076,1.0,1
ENSG00000143774,1.3901355,2.2415962,0.91677976,1.0,1
ENSG00000143774,1.3904124,2.2415962,0.91647565,1.0,1
ENSG00000143774,1.3893142,2.2415962,0.91658354,0.15867049,1
ENSG00000143774,1.3904471,2.2415962,0.91643393,0.93435746,1
ENSG00000140740,1.3606969,2.5661426,0.92160463,1.0,1
ENSG00000065243,1.3186316,1.1958996,0.9184929,1.0,1
ENSG00000065243,1.3209552,1.1958996,0.91884106,1.0,1
ENSG00000065243,1.320554,1.1958996,0.91895264,1.0,1
ENSG00000065243,1.3227609,1.1958996,0.9196945,1.0,1
ENSG00000065243,1.3220605,1.1958996,0.91986895,0.99837005,1
ENSG00000178852,1.3274393,-0.06550145,0.92452085,1.0,1
ENSG00000178852,1.326477,-0.06550145,0.9250752,1.0,1
ENSG00000178852,1.3262467,-0.06550145,0.92491823,1.0,1
ENSG00000186198,1.2652565,-0.9208188,0.92362905,1.0,1
ENSG00000135048,1.2737588,1.34183,0.9245108,1.0,1
ENSG00000175550,1.3364726,1.453624,0.92139584,1.0,1
ENSG00000108829,1.3344761,2.0370278,0.9250292,1.0,1
ENSG00000108829,1.3332921,2.0370278,0.9251916,1.0,1
ENSG00000108829,1.3331419,2.0370278,0.9248176,1.0,1
ENSG00000108829,1.3329012,2.0370278,0.9247957,1.0,1
ENSG00000108829,1.3331892,2.0370278,0.9250489,1.0,1
ENSG00000162522,1.2869974,0.92737037,0.9210708,1.0,1
ENSG00000162522,1.2882968,0.92737037,0.921559,1.0,1
ENSG00000115165,1.2598324,-0.76955104,0.92219025,1.0,1
ENSG00000115165,1.2561064,-0.76955104,0.92162496,1.0,1
ENSG00000115165,1.2599993,-0.76955104,0.9226059,1.0,1
ENSG00000143303,1.3364317,1.5156089,0.92445123,1.0,1
ENSG00000143303,1.3366145,1.5156089,0.9243937,1.0,1
ENSG00000181638,1.3020546,0.47567117,0.9238852,1.0,1
ENSG00000181638,1.3020546,0.47567117,0.9238852,1.0,1
ENSG00000214046,1.3945912,1.8994921,0.924904,1.0,1
ENSG00000214046,1.395179,1.8994921,0.92432404,0.006039679,1
ENSG00000214046,1.3951803,1.8994921,0.9251292,0.74119353,1
ENSG00000059691,1.3254066,1.3529539,0.920587,1.0,1
ENSG00000148660,1.3305275,1.4977586,0.9219422,1.0,1
ENSG00000148660,1.3310286,1.4977586,0.92194307,1.0,1
ENSG00000148660,1.3307841,1.4977586,0.9219407,1.0,1
ENSG00000148660,1.3307179,1.4977586,0.9219469,0.09283197,1
ENSG00000148660,1.3310027,1.4977586,0.92205364,0.08719051,1
ENSG00000165029,1.2419758,-0.9586072,0.925053,1.0,1
ENSG00000165029,1.2411513,-0.9586072,0.9257396,1.0,1
ENSG00000165029,1.2448717,-0.9586072,0.92544335,1.0,1
ENSG00000165029,1.2411,-0.9586072,0.9249311,1.0,1
ENSG00000180998,1.2658452,-0.6575773,0.9192734,1.0,1
ENSG00000180998,1.2742163,-0.6575773,0.91826344,1.0,1
ENSG00000185250,1.3397362,-0.14266741,0.92277914,1.0,1
ENSG00000055483,1.3234762,1.350054,0.9243857,1.0,1
ENSG00000165704,1.3328696,1.837904,0.9233239,1.0,1
ENSG00000165704,1.3309929,1.837904,0.92342687,1.0,1
ENSG00000059804,1.3152484,2.4926348,0.92407036,1.0,1
ENSG00000143627,1.3165985,1.415641,0.9221377,1.0,1
ENSG00000143627,1.3151476,1.415641,0.92199105,1.0,1
ENSG00000143627,1.3154393,1.415641,0.9219401,1.0,1
ENSG00000143627,1.3149785,1.415641,0.9219303,1.0,1
ENSG00000136802,1.2870837,0.9116901,0.9225513,0.44444445,1
ENSG00000166002,1.2975976,0.924796,0.9206071,1.0,1
ENSG00000101412,1.3094553,1.1038038,0.92234576,1.0,1
ENSG00000101412,1.3102793,1.1038038,0.92291087,1.0,1
ENSG00000068489,1.3437189,1.7180862,0.9206327,1.0,1
ENSG00000068489,1.3407083,1.7180862,0.91862375,1.0,1
ENSG00000145390,1.3188252,0.81822586,0.9199971,1.0,1
ENSG00000145390,1.3225695,0.81822586,0.9209705,1.0,1
ENSG00000145390,1.3185347,0.81822586,0.9188842,1.0,1
ENSG00000145390,1.3188454,0.81822586,0.9202542,1.0,1
ENSG00000168575,1.3229692,1.4563661,0.9214176,1.0,1
ENSG00000168575,1.322831,1.4563661,0.9228972,1.0,1
ENSG00000104613,1.3373005,1.9760288,0.9222888,1.0,1
ENSG00000104613,1.3374697,1.9760288,0.9220619,0.9973815,1
ENSG00000101282,1.25757,-0.9586072,0.9244621,1.0,1
ENSG00000100276,1.2567914,-0.3872161,0.92850006,1.0,1
ENSG00000136371,1.3265492,1.7207379,0.91703117,1.0,1
ENSG00000133243,1.2764459,1.2084414,0.92193735,1.0,1
ENSG00000133243,1.2762703,1.2084414,0.9222429,1.0,1
ENSG00000156860,1.3233488,0.83884907,0.92584884,1.0,1
ENSG00000156860,1.3239158,0.83884907,0.92603624,1.0,1
ENSG00000157613,1.2830305,0.25767863,0.923167,1.0,1
ENSG00000157613,1.283235,0.25767863,0.922981,1.0,1
ENSG00000132953,1.3091654,1.1003705,0.9229818,1.0,1
ENSG00000156795,1.3501993,1.2472365,0.92063236,1.0,1
ENSG00000156795,1.3500186,1.2472365,0.920668,0.44016397,1
ENSG00000156795,1.3523431,1.2472365,0.92091423,0.819928,1
ENSG00000123144,1.332833,2.0587676,0.92488587,1.0,1
ENSG00000123144,1.3328658,2.0587676,0.92507946,1.0,1
ENSG00000167333,1.3168496,0.71011734,0.9186482,1.0,1
ENSG00000132963,1.3546178,1.8678797,0.9198132,1.0,1
ENSG00000143624,1.3503534,1.3123889,0.9291687,1.0,1
ENSG00000143624,1.3514596,1.3123889,0.92928994,1.0,1
ENSG00000143624,1.3508431,1.3123889,0.92905045,0.31625003,1
ENSG00000143624,1.3516486,1.3123889,0.92922896,0.17874998,1
ENSG00000100147,1.3410475,0.6095944,0.92170525,1.0,1
ENSG00000151348,1.2768312,1.6004283,0.9231379,1.0,1
ENSG00000151348,1.2781272,1.6004283,0.92310184,1.0,1
ENSG00000151348,1.2778234,1.6004283,0.92253715,1.0,1
ENSG00000152465,1.3293232,0.6683859,0.921045,1.0,1
ENSG00000152465,1.3300438,0.6683859,0.9217305,1.0,1
ENSG00000152465,1.3287203,0.6683859,0.9217012,0.24000001,1
ENSG00000125351,1.340681,1.3372595,0.922854,1.0,1
ENSG00000125351,1.3404828,1.3372595,0.9224988,0.61806214,1
ENSG00000181826,1.3174088,-0.055517316,0.92019415,1.0,1
ENSG00000110090,1.2722414,0.52244425,0.9244534,1.0,1
ENSG00000178952,1.3352828,2.1879153,0.9233567,1.0,1
ENSG00000178952,1.3379434,2.1879153,0.9234065,1.0,1
ENSG00000131504,1.3218056,2.0841472,0.9246694,1.0,1
ENSG00000131504,1.3220769,2.0841472,0.9247136,1.0,1
ENSG00000198018,1.3265771,1.000434,0.92079794,1.0,1
ENSG00000198018,1.3255855,1.000434,0.9207114,1.0,1
ENSG00000127452,1.3192447,1.3841741,0.92109096,1.0,1
ENSG00000127452,1.3188697,1.3841741,0.9213875,0.21109843,1
ENSG00000127452,1.3191549,1.3841741,0.92113745,0.9470069,1
ENSG00000160447,1.3271546,1.2981979,0.92385674,1.0,1
ENSG00000160447,1.3275003,1.2981979,0.92406625,1.0,1
ENSG00000160447,1.3297169,1.2981979,0.9244578,1.0,1
ENSG00000092978,1.2513303,0.025305867,0.9144838,1.0,1
ENSG00000119787,1.3364488,1.7223871,0.92199844,1.0,1
ENSG00000119787,1.3366022,1.7223871,0.9219846,1.0,1
ENSG00000119787,1.3360634,1.7223871,0.9221594,1.0,1
ENSG00000119787,1.3359926,1.7223871,0.9222188,1.0,1
ENSG00000140367,1.3505416,1.1370374,0.9227152,1.0,1
ENSG00000140367,1.3510804,1.1370374,0.9227278,0.91013384,1
ENSG00000182307,1.3206449,1.6290016,0.9206591,1.0,1
ENSG00000174996,1.32587,0.9180303,0.9241485,1.0,1
ENSG00000174996,1.3282187,0.9180303,0.9248636,1.0,1
ENSG00000136950,1.3440017,1.7786577,0.9239495,1.0,1
ENSG00000113721,1.2533846,0.021189332,0.92659485,1.0,1
ENSG00000135090,1.3248918,1.6541765,0.9234327,1.0,1
ENSG00000135090,1.3241926,1.6541765,0.9232711,1.0,1
ENSG00000135090,1.324224,1.6541765,0.9233107,1.0,1
ENSG00000135090,1.3241189,1.6541765,0.9235231,0.9892819,1
ENSG00000135090,1.323906,1.6541765,0.92323625,5.9604645e-08,1
ENSG00000073605,1.263348,0.65417653,0.9245927,1.0,1
ENSG00000073605,1.2638025,0.65417653,0.9242537,1.0,1
ENSG00000073605,1.2644883,0.65417653,0.9247998,0.615,1
ENSG00000198961,1.3264797,1.774298,0.92035806,1.0,1
ENSG00000198961,1.3283725,1.774298,0.92076975,1.0,1
ENSG00000198961,1.3281207,1.774298,0.9204637,1.0,1
ENSG00000198961,1.3271747,1.774298,0.9202936,1.0,1
ENSG00000167851,1.2639662,0.923244,0.92763144,1.0,1
ENSG00000167851,1.2632402,0.923244,0.9278332,0.8367953,1
ENSG00000167851,1.2632943,0.923244,0.9276729,0.8938307,1
ENSG00000182359,1.2742754,1.071882,0.9213649,1.0,1
ENSG00000065029,1.3513128,1.2143139,0.9251825,1.0,1
ENSG00000065029,1.3521782,1.2143139,0.925207,0.7513089,1
ENSG00000048140,1.3489252,1.5133507,0.9238813,1.0,1
ENSG00000048140,1.3470848,1.5133507,0.92367023,0.6748183,1
ENSG00000101868,1.325592,1.0098757,0.9215932,1.0,1
ENSG00000219200,1.3348544,1.7158363,0.9222934,1.0,1
ENSG00000219200,1.3337071,1.7158363,0.92212474,0.0016972423,1
ENSG00000099381,1.3237385,0.33845645,0.92512953,1.0,1
ENSG00000099381,1.3231769,0.33845645,0.9250373,1.0,1
ENSG00000166225,1.3058895,0.8413595,0.9187759,0.12037039,1
ENSG00000254469,1.3774153,0.90091306,0.9170398,1.0,1
ENSG00000254469,1.3769335,0.90091306,0.917725,1.0,1
ENSG00000177156,1.3402079,2.525589,0.92436147,1.0,1
ENSG00000091527,1.3245767,1.7554936,0.92146164,1.0,1
ENSG00000091527,1.3281808,1.7554936,0.92085284,1.0,1
ENSG00000213965,1.294927,0.90036714,0.92003167,1.0,1
ENSG00000110367,1.3500023,1.6816933,0.9242179,1.0,1
ENSG00000164002,1.2480612,0.35602587,0.92714024,1.0,1
ENSG00000164002,1.2471187,0.35602587,0.9269026,0.5652174,1
ENSG00000103067,1.2491547,-0.8538718,0.92767686,1.0,1
ENSG00000103067,1.249653,-0.8538718,0.9275575,1.0,1
ENSG00000188785,1.3149333,0.7678976,0.921396,1.0,1
ENSG00000188785,1.3139801,0.7678976,0.92184466,0.65068495,1
ENSG00000021776,1.3114603,1.666518,0.9217886,1.0,1
ENSG00000021776,1.3121765,1.666518,0.92152447,1.0,1
ENSG00000021776,1.3141552,1.666518,0.9219857,1.0,1
ENSG00000007080,1.3413017,1.4922014,0.9227735,1.0,1
ENSG00000007080,1.3411298,1.4922014,0.9228763,1.0,1
ENSG00000107282,1.2313373,-0.9586072,0.9234726,1.0,1
ENSG00000107282,1.230532,-0.9586072,0.9223482,1.0,1
ENSG00000107282,1.2300549,-0.9586072,0.92197025,1.0,1
ENSG00000107282,1.2330664,-0.9586072,0.9221902,1.0,1
ENSG00000107282,1.2323309,-0.9586072,0.9245502,1.0,1
ENSG00000107282,1.2372532,-0.9586072,0.9238632,1.0,1
ENSG00000107282,1.2317085,-0.9586072,0.92372197,1.0,1
ENSG00000107282,1.2352004,-0.9586072,0.9235423,1.0,1
ENSG00000107282,1.2337275,-0.9586072,0.92360055,1.0,1
ENSG00000107282,1.2383069,-0.9586072,0.92515516,1.0,1
ENSG00000151849,1.3076224,0.9689497,0.9214444,1.0,1
ENSG00000151849,1.3078417,0.9689497,0.9215695,0.27564102,1
ENSG00000151849,1.3075827,0.9689497,0.921351,0.19316238,1
ENSG00000161999,1.333236,1.3394514,0.9233653,1.0,1
ENSG00000161999,1.333139,1.3394514,0.9234179,1.0,1
ENSG00000161999,1.3331817,1.3394514,0.923415,0.9972452,1
ENSG00000161999,1.333142,1.3394514,0.9234337,0.97651935,1
ENSG00000084207,1.3519338,2.8746383,0.92334735,1.0,1
ENSG00000173914,1.3106796,1.4974825,0.9218193,1.0,1
ENSG00000173914,1.3091847,1.4974825,0.92150265,1.0,1
ENSG00000132475,1.3479385,2.6859386,0.9231118,1.0,1
ENSG00000132475,1.3464925,2.6859386,0.9237065,1.0,1
ENSG00000143198,1.3775276,1.936564,0.9190412,1.0,1
ENSG00000143198,1.3767235,1.936564,0.918784,0.04818046,1
ENSG00000072849,1.3457977,1.4355259,0.9197918,1.0,1
ENSG00000204580,1.310564,1.0813473,0.9254676,1.0,1
ENSG00000204580,1.3110026,1.0813473,0.9257777,0.8942308,1
ENSG00000204580,1.3104773,1.0813473,0.9254271,0.99430203,1
ENSG00000204580,1.3107588,1.0813473,0.9257877,0.6081872,1
ENSG00000204580,1.3101902,1.0813473,0.92542535,1.0,1
ENSG00000116254,1.2464067,-0.6575773,0.9333403,1.0,1
ENSG00000186625,1.3526604,1.7259116,0.92194086,1.0,1
ENSG00000186625,1.3523841,1.7259116,0.9217551,0.9867209,1
ENSG00000162664,1.3451009,1.3756636,0.92199594,1.0,1
ENSG00000178741,1.3470004,2.3764672,0.92208606,1.0,1
ENSG00000196187,1.352382,1.6333674,0.9284461,1.0,1
ENSG00000196187,1.353004,1.6333674,0.9284212,1.0,1
ENSG00000196187,1.3521224,1.6333674,0.9283512,1.0,1
ENSG00000196187,1.3526255,1.6333674,0.92836314,1.0,1
ENSG00000011426,1.3573859,1.5304558,0.92543375,1.0,1
ENSG00000011426,1.3561758,1.5304558,0.9255587,0.6277732,1
ENSG00000100591,1.3402791,2.1271372,0.92001,1.0,1
ENSG00000214113,1.3569783,1.7266457,0.9212582,1.0,1
ENSG00000214113,1.3555778,1.7266457,0.92053413,1.0,1
ENSG00000214113,1.3555778,1.7266457,0.92053413,1.0,1
ENSG00000214113,1.3555468,1.7266457,0.92129606,0.034482837,1
ENSG00000214113,1.3555778,1.7266457,0.92053413,0.22197062,1
ENSG00000175087,1.3245139,1.2853322,0.92243093,1.0,1
ENSG00000175087,1.3239266,1.2853322,0.92262596,0.7629428,1
ENSG00000214226,1.342618,-0.46852112,0.9218479,1.0,1
ENSG00000133687,1.2461915,-0.9208188,0.92366785,1.0,1
ENSG00000097021,1.3426809,1.653309,0.9253419,1.0,1
ENSG00000097021,1.3426454,1.653309,0.9252044,0.0004453659,1
ENSG00000097021,1.3430159,1.653309,0.9251047,5.9604645e-08,1
ENSG00000091140,1.3596448,2.3909879,0.92396635,1.0,1
ENSG00000091140,1.3569261,2.3909879,0.9237415,0.99671054,1
ENSG00000091140,1.3598034,2.3909879,0.9239448,0.34823138,1
ENSG00000091140,1.3596551,2.3909879,0.9239656,0.9532102,1
ENSG00000176783,1.3367051,1.3447851,0.92318237,1.0,1
ENSG00000176783,1.3381122,1.3447851,0.9231579,1.0,1
ENSG00000176783,1.3372521,1.3447851,0.92263615,1.0,1
ENSG00000176783,1.3385632,1.3447851,0.9231476,0.0280025,1
ENSG00000186105,1.2483455,-0.008773923,0.93337053,1.0,1
ENSG00000148481,1.3398763,1.1501422,0.9201665,1.0,1
ENSG00000148481,1.3413486,1.1501422,0.91999125,1.0,1
ENSG00000148481,1.341221,1.1501422,0.92013997,0.65520835,1
ENSG00000106144,1.3862858,1.4601458,0.9204471,1.0,1
ENSG00000106144,1.3862619,1.4601458,0.9203692,0.11177176,1
ENSG00000100246,1.3363051,0.7867514,0.9216846,1.0,1
ENSG00000203666,1.3493398,1.3615389,0.92458594,1.0,1
ENSG00000198746,1.329801,0.7024305,0.92013556,1.0,1
ENSG00000036257,1.3120844,1.4462264,0.9201399,1.0,1
ENSG00000139154,1.3039402,0.854913,0.9158979,1.0,1
ENSG00000111664,1.2570077,0.54406804,0.9272092,1.0,1
ENSG00000176386,1.345753,1.4613484,0.92230856,1.0,1
ENSG00000110422,1.3039999,0.83821917,0.9200691,1.0,1
ENSG00000110422,1.3058504,0.83821917,0.91927636,5.9604645e-08,1
ENSG00000155629,1.2555137,0.4871384,0.9247267,1.0,1
ENSG00000155629,1.2569685,0.4871384,0.9252031,1.0,1
ENSG00000143971,1.2748374,0.84323275,0.9233569,1.0,1
ENSG00000143971,1.2752632,0.84323275,0.9247795,1.0,1
ENSG00000143971,1.2753408,0.84323275,0.92367333,1.0,1
ENSG00000143971,1.2831906,0.84323275,0.92023677,1.0,1
ENSG00000204116,1.267946,-0.14266741,0.92262375,1.0,1
ENSG00000108788,1.3615619,1.6017342,0.92519885,1.0,1
ENSG00000108788,1.3617408,1.6017342,0.92508113,0.86434233,1
ENSG00000108788,1.3618474,1.6017342,0.92504615,0.9323077,1
ENSG00000054967,1.3279023,0.8825245,0.9236138,1.0,1
ENSG00000054967,1.3280121,0.8825245,0.92341596,1.0,1
ENSG00000086598,1.3371869,2.15567,0.9207236,1.0,1
ENSG00000090520,1.3581843,1.4382257,0.9243881,1.0,1
ENSG00000138785,1.3094448,1.5969268,0.9174477,1.0,1
ENSG00000138785,1.3144599,1.5969268,0.91668844,0.79923224,1
ENSG00000144354,1.3437334,1.9809119,0.92527956,1.0,1
ENSG00000144354,1.3427411,1.9809119,0.9251454,0.9986503,1
ENSG00000144354,1.3408424,1.9809119,0.9251934,0.12867999,1
ENSG00000144354,1.3422318,1.9809119,0.9249865,5.9604645e-08,1
ENSG00000144354,1.34363,1.9809119,0.9252407,0.98748934,1
ENSG00000173064,1.3093818,1.0277572,0.9218615,1.0,1
ENSG00000173064,1.312697,1.0277572,0.9223848,1.0,1
ENSG00000089597,1.3476274,2.3546844,0.92571276,1.0,1
ENSG00000089597,1.349025,2.3546844,0.92589706,0.57593465,1
ENSG00000089597,1.347453,2.3546844,0.9256263,0.6045556,1
ENSG00000119950,1.2750075,1.278982,0.921592,1.0,1
ENSG00000121210,1.339903,0.8864907,0.92215765,1.0,1
ENSG00000183814,1.3424151,1.3436055,0.9271099,1.0,1
ENSG00000183814,1.3449297,1.3436055,0.9273546,1.0,1
ENSG00000183814,1.3437076,1.3436055,0.9270666,0.26063102,1
ENSG00000143756,1.3223943,1.2491983,0.9219875,1.0,1
ENSG00000143756,1.321571,1.2491983,0.92195207,1.0,1
ENSG00000143756,1.3222294,1.2491983,0.92208344,0.76939815,1
ENSG00000143756,1.321571,1.2491983,0.92195207,0.93233746,1
ENSG00000171428,1.2651929,0.8027737,0.92254734,0.286645,1
ENSG00000220201,1.2593135,0.32837963,0.9253559,1.0,1
ENSG00000111877,1.3137847,0.9652017,0.9199229,1.0,1
ENSG00000111877,1.3132633,0.9652017,0.92057556,1.0,1
ENSG00000001630,1.3455914,1.3838153,0.92078364,1.0,1
ENSG00000001630,1.3465405,1.3838153,0.9211556,1.0,1
ENSG00000001630,1.3450053,1.3838153,0.92055273,1.0,1
ENSG00000100401,1.3329694,1.7291647,0.92470664,1.0,1
ENSG00000100401,1.3339376,1.7291647,0.92474633,1.0,1
ENSG00000100401,1.3333983,1.7291647,0.9246621,1.0,1
ENSG00000075399,1.3236395,0.20139712,0.92235214,1.0,1
ENSG00000075399,1.3236632,0.20139712,0.9223346,1.0,1
ENSG00000188321,1.2786252,1.1274288,0.9223539,1.0,1
ENSG00000188321,1.2832066,1.1274288,0.9205449,1.0,1
ENSG00000188321,1.2849857,1.1274288,0.9219795,1.0,1
ENSG00000188321,1.2853019,1.1274288,0.9220342,0.6631945,1
ENSG00000188321,1.2860425,1.1274288,0.921506,0.48128343,1
ENSG00000161036,1.3488123,1.3253103,0.92418915,1.0,1
ENSG00000161036,1.3484918,1.3253103,0.924501,1.0,1
ENSG00000161036,1.3475504,1.3253103,0.92389697,1.0,1
ENSG00000161036,1.3489199,1.3253103,0.9241219,1.0,1
ENSG00000196296,1.2527297,0.25285304,0.92605996,1.0,1
ENSG00000196296,1.2533064,0.25285304,0.92479616,1.0,1
ENSG00000028528,1.3374704,1.7551885,0.9239571,1.0,1
ENSG00000169641,1.2741672,0.9268567,0.92548704,1.0,1
ENSG00000173457,1.3433126,2.176236,0.92230976,1.0,1
ENSG00000059122,1.2835077,0.763428,0.924778,1.0,1
ENSG00000059122,1.2839049,0.763428,0.92471087,1.0,1
ENSG00000135940,1.3629628,2.6450388,0.9241963,1.0,1
ENSG00000135940,1.3645016,2.6450388,0.9241927,1.0,1
ENSG00000159792,1.3064575,1.1348144,0.9222212,1.0,1
ENSG00000163312,1.3412452,0.9894498,0.92193526,1.0,1
ENSG00000163312,1.340405,0.9894498,0.92167896,1.0,1
ENSG00000163312,1.340873,0.9894498,0.9216451,0.8890845,1
ENSG00000163312,1.3410121,0.9894498,0.9219847,0.6214789,1
ENSG00000152689,1.2789817,0.03342378,0.9237919,1.0,1
ENSG00000145029,1.3409796,0.86746746,0.9206283,1.0,1
ENSG00000145029,1.3425678,0.86746746,0.92095554,1.0,1
ENSG00000145029,1.341638,0.86746746,0.92074895,0.9160494,1
ENSG00000171824,1.3473647,1.8664055,0.92250264,1.0,1
ENSG00000171824,1.3473753,1.8664055,0.9224055,1.0,1
ENSG00000171824,1.3467832,1.8664055,0.92229813,1.0,1
ENSG00000171824,1.348038,1.8664055,0.9224512,0.9911381,1
ENSG00000130270,1.3410705,0.94101423,0.9273895,1.0,1
ENSG00000163945,1.3369635,0.63346845,0.9238729,1.0,1
ENSG00000163945,1.3360887,0.63346845,0.9236964,1.0,1
ENSG00000163945,1.3367283,0.63346845,0.92387706,1.0,1
ENSG00000163945,1.3376426,0.63346845,0.9236217,0.32214767,1
ENSG00000170412,1.2522216,1.5692568,0.92680013,1.0,1
ENSG00000211584,1.3140283,1.0216027,0.92381704,1.0,1
ENSG00000205643,1.3365226,0.951823,0.9241325,1.0,1
ENSG00000205643,1.3368007,0.951823,0.92433465,1.0,1
ENSG00000205643,1.3372662,0.951823,0.9235934,1.0,1
ENSG00000164647,1.2665238,0.14612806,0.9293533,1.0,1
ENSG00000164647,1.2704424,0.14612806,0.9308991,1.0,1
ENSG00000164647,1.2666017,0.14612806,0.9294354,1.0,1
ENSG00000054116,1.3599005,2.025101,0.9246865,1.0,1
ENSG00000102547,1.3210543,0.30963016,0.9199647,1.0,1
ENSG00000102547,1.3225188,0.30963016,0.9196685,1.0,1
ENSG00000102547,1.3238621,0.30963016,0.919298,1.0,1
ENSG00000102547,1.322029,0.30963016,0.9200288,1.0,1
ENSG00000102547,1.3205632,0.30963016,0.92029846,1.0,1
ENSG00000102547,1.3209373,0.30963016,0.9207565,1.0,1
ENSG00000163634,1.3262967,1.7580788,0.9210772,1.0,1
ENSG00000163634,1.3277127,1.7580788,0.9232633,1.0,1
ENSG00000163634,1.3249383,1.7580788,0.92310065,0.9507736,1
ENSG00000168765,1.3507397,1.604118,0.9195706,1.0,1
ENSG00000168765,1.3507956,1.604118,0.9198687,1.0,1
ENSG00000168765,1.3502331,1.604118,0.9197465,1.0,1
ENSG00000168765,1.3507713,1.604118,0.9195562,0.8801403,1
ENSG00000147573,1.2524189,-0.8239088,0.9205414,1.0,1
ENSG00000145191,1.3434814,1.8125122,0.925844,1.0,1
ENSG00000145191,1.3433409,1.8125122,0.9259549,0.43935055,1
ENSG00000121989,1.2870848,-0.040958524,0.91945,1.0,1
ENSG00000105186,1.3365769,1.7085907,0.92298186,1.0,1
ENSG00000136295,1.3267742,0.41664052,0.92413,1.0,1
ENSG00000136295,1.3268486,0.41664052,0.9242486,1.0,1
ENSG00000136295,1.3275491,0.41664052,0.924225,5.9604645e-08,1
ENSG00000085511,1.3310524,1.512551,0.921765,1.0,1
ENSG00000085511,1.3305187,1.512551,0.92262065,1.0,1
ENSG00000085511,1.3304178,1.512551,0.9222873,0.008333325,1
ENSG00000085511,1.3314077,1.512551,0.9224172,0.325,1
ENSG00000085511,1.3279552,1.512551,0.92203295,0.15820152,1
ENSG00000136928,1.2515683,-0.552842,0.9265758,1.0,1
ENSG00000136928,1.2515683,-0.552842,0.9265758,1.0,1
ENSG00000168389,1.2619873,-0.72124636,0.927486,1.0,1
ENSG00000151929,1.2885923,0.47856653,0.9226542,1.0,1
ENSG00000151929,1.2891021,0.47856653,0.92270005,1.0,1
ENSG00000173120,1.3269494,1.2915908,0.92358947,1.0,1
ENSG00000173120,1.3262454,1.2915908,0.92329895,1.0,1
ENSG00000173120,1.3272655,1.2915908,0.92358744,1.0,1
ENSG00000173120,1.3272913,1.2915908,0.92357016,0.046104968,1
ENSG00000101350,1.2824715,0.8825245,0.92243683,1.0,1
ENSG00000172262,1.3294269,1.7367151,0.9212459,1.0,1
ENSG00000172262,1.3311793,1.7367151,0.9209885,1.0,1
ENSG00000172262,1.3294269,1.7367151,0.9212459,0.97178423,1
ENSG00000172262,1.3311793,1.7367151,0.9209885,0.9735376,1
ENSG00000134152,1.3340487,1.5404546,0.9187412,1.0,1
ENSG00000134152,1.3349724,1.5404546,0.9170417,1.0,1
ENSG00000134152,1.3349724,1.5404546,0.9170417,1.0,1
ENSG00000134152,1.3349724,1.5404546,0.9170417,1.0,1
ENSG00000134152,1.3348457,1.5404546,0.91722107,0.70695287,1
ENSG00000134152,1.3361197,1.5404546,0.91984135,0.99066734,1
ENSG00000171940,1.2592804,0.98407704,0.9282168,1.0,1
ENSG00000171940,1.2589282,0.98407704,0.92760783,1.0,1
ENSG00000171940,1.2593844,0.98407704,0.9275477,0.84472054,1
ENSG00000025293,1.3293065,1.5284023,0.9190032,5.9604645e-08,1
ENSG00000025293,1.3272216,1.5284023,0.91899717,0.010726094,1
ENSG00000025293,1.3266131,1.5284023,0.9192546,0.9834711,1
ENSG00000213672,1.3093607,1.3752978,0.92170453,1.0,1
ENSG00000213672,1.3109772,1.3752978,0.92333454,1.0,1
ENSG00000109606,1.3369071,2.2973008,0.9198709,1.0,1
ENSG00000109606,1.3395802,2.2973008,0.921264,1.0,1
ENSG00000109606,1.3425449,2.2973008,0.9202116,1.0,1
ENSG00000109606,1.3406827,2.2973008,0.91925186,0.9932211,1
ENSG00000196365,1.3568082,1.8886847,0.9247836,1.0,1
ENSG00000196365,1.3565791,1.8886847,0.9249119,0.7721823,1
ENSG00000196365,1.3563086,1.8886847,0.92479646,0.29889303,1
ENSG00000182858,1.3163066,0.4199558,0.9236626,1.0,1
ENSG00000138615,1.2329715,-0.88605666,0.92784417,1.0,1
ENSG00000138615,1.2325978,-0.88605666,0.92715746,1.0,1
ENSG00000165490,1.2925777,1.2516382,0.91910183,1.0,1
ENSG00000165490,1.2881691,1.2516382,0.9212381,0.0181818,1
ENSG00000165490,1.2871373,1.2516382,0.9208504,0.8337663,1
ENSG00000119446,1.3514864,1.6288996,0.924454,1.0,1
ENSG00000119446,1.3523455,1.6288996,0.9241673,1.0,1
ENSG00000119446,1.3525922,1.6288996,0.9241578,0.7178899,1
ENSG00000196419,1.3439673,2.1923723,0.92235374,1.0,1
ENSG00000196419,1.3438228,2.1923723,0.92265147,0.98147076,1
ENSG00000115275,1.2860602,1.5039268,0.9244151,1.0,1
ENSG00000115275,1.2856865,1.5039268,0.92441446,1.0,1
ENSG00000141526,1.2447246,0.68304706,0.9342707,1.0,1
ENSG00000010404,1.2755979,1.2011238,0.9209962,1.0,1
ENSG00000010404,1.275451,1.2011238,0.9216898,1.0,1
ENSG00000010404,1.2745169,1.2011238,0.92153996,0.078149974,1
ENSG00000102349,1.2371211,-0.7958801,0.92234343,1.0,1
ENSG00000102349,1.238022,-0.7958801,0.92101115,1.0,1
ENSG00000167588,1.2702861,-0.18045604,0.92448664,1.0,1
ENSG00000132522,1.3188344,1.2027607,0.92420626,1.0,1
ENSG00000010818,1.2364094,0.04921806,0.92833835,1.0,1
ENSG00000069702,1.2909647,1.1014034,0.9220378,1.0,1
ENSG00000069702,1.291735,1.1014034,0.9218108,1.0,1
ENSG00000069702,1.2910523,1.1014034,0.9222426,0.0138888955,1
ENSG00000166762,1.2477812,0.8555192,0.9235862,1.0,1
ENSG00000124587,1.3310624,0.839478,0.9224008,1.0,1
ENSG00000124587,1.3310258,0.839478,0.922316,1.0,1
ENSG00000132670,1.3270043,1.7884512,0.92172486,1.0,1
ENSG00000132670,1.3288476,1.7884512,0.9223231,1.0,1
ENSG00000132670,1.3285598,1.7884512,0.9223108,1.0,1
ENSG00000132670,1.3292291,1.7884512,0.9224599,0.7184466,1
ENSG00000132670,1.327956,1.7884512,0.92264664,0.08124679,1
ENSG00000105171,1.350667,1.8568497,0.9260589,1.0,1
ENSG00000105171,1.3491809,1.8568497,0.9259201,5.9604645e-08,1
ENSG00000198498,1.3575846,1.304275,0.9208565,1.0,1
ENSG00000198498,1.3593857,1.304275,0.92052245,1.0,1
ENSG00000198498,1.360846,1.304275,0.920065,1.0,1
ENSG00000198498,1.3582304,1.304275,0.9205837,1.0,1
ENSG00000198498,1.3582304,1.304275,0.9205837,1.0,1
ENSG00000198498,1.3568914,1.304275,0.9189626,0.9175986,1
ENSG00000227345,1.2741387,1.3306167,0.9238349,1.0,1
ENSG00000227345,1.271575,1.3306167,0.92351544,0.84705883,1
ENSG00000151893,1.3325758,1.045323,0.9224571,1.0,1
ENSG00000151893,1.3306458,1.045323,0.9229481,0.22250646,1
ENSG00000137210,1.3606459,2.3674116,0.92466426,1.0,1
ENSG00000137210,1.3598207,2.3674116,0.9246106,0.8166896,1
ENSG00000068120,1.3390484,1.590619,0.9215454,1.0,1
ENSG00000068120,1.3396425,1.590619,0.9215487,0.067729056,1
ENSG00000204427,1.4339168,1.9892718,0.9182707,1.0,1
ENSG00000204427,1.4336668,1.9892718,0.9182857,1.0,1
ENSG00000204427,1.4340795,1.9892718,0.9183457,0.97980523,1
ENSG00000151461,1.3479687,1.2603099,0.92026263,1.0,1
ENSG00000151461,1.347247,1.2603099,0.91973233,1.0,1
ENSG00000103356,1.3365946,1.674034,0.92104316,1.0,1
ENSG00000138030,1.3317785,0.45788187,0.92166984,1.0,1
ENSG00000123737,1.3473715,1.9109976,0.9189117,1.0,1
ENSG00000123737,1.3483622,1.9109976,0.91861314,0.41104004,1
ENSG00000105982,1.3719494,0.5740313,0.91834074,1.0,1
ENSG00000149136,1.3286002,2.2829165,0.9231478,1.0,1
ENSG00000149136,1.3299356,2.2829165,0.92335284,1.0,1
ENSG00000166105,1.2640858,-0.39793992,0.92739844,1.0,1
ENSG00000015479,1.3386245,2.2356293,0.9246281,1.0,1
ENSG00000015479,1.3373371,2.2356293,0.92489606,0.9196131,1
ENSG00000015479,1.3373371,2.2356293,0.92489606,0.02702707,1
ENSG00000015479,1.3407799,2.2356293,0.9249248,0.9497198,1
ENSG00000197444,1.2725662,0.14301479,0.92423487,1.0,1
ENSG00000070214,1.2709332,-0.552842,0.9212978,1.0,1
ENSG00000070214,1.2712477,-0.552842,0.92252487,1.0,1
ENSG00000070214,1.2772139,-0.552842,0.9198661,1.0,1
ENSG00000151651,1.267088,0.47567117,0.9258926,1.0,1
ENSG00000151651,1.2684977,0.47567117,0.9256378,1.0,1
ENSG00000151651,1.2697796,0.47567117,0.9255972,0.9920319,1
ENSG00000151651,1.2670724,0.47567117,0.9258458,0.9920319,1
ENSG00000151651,1.2689732,0.47567117,0.92561704,0.9920319,1
ENSG00000102575,1.2463204,-0.2006594,0.92696327,1.0,1
ENSG00000102575,1.2463862,-0.2006594,0.9268899,1.0,1
ENSG00000088854,1.3284162,0.4456042,0.9219468,1.0,1
ENSG00000124209,1.3440669,0.7259116,0.9219754,1.0,1
ENSG00000124209,1.3442618,0.7259116,0.9220526,1.0,1
ENSG00000040487,1.3509483,1.3471347,0.92237586,1.0,1
ENSG00000040487,1.350705,1.3471347,0.9222117,0.9674419,1
ENSG00000112304,1.3615773,1.9530828,0.91903144,1.0,1
ENSG00000112304,1.3636448,1.9530828,0.91918004,0.24616778,1
ENSG00000119408,1.2859592,1.2033049,0.92638,1.0,1
ENSG00000119408,1.2855256,1.2033049,0.92661005,0.19607848,1
ENSG00000154358,1.2469819,0.55990666,0.9334075,1.0,1
ENSG00000154358,1.2460278,0.55990666,0.93404794,1.0,1
ENSG00000148672,1.2988869,1.7804613,0.92110896,1.0,1
ENSG00000189306,1.2895044,1.4299136,0.92398393,1.0,1
ENSG00000189306,1.288812,1.4299136,0.9239072,1.0,1
ENSG00000185973,1.2838489,1.4698219,0.9228614,1.0,1
ENSG00000107614,1.3425018,0.8998205,0.92147964,1.0,1
ENSG00000107614,1.3412507,0.8998205,0.9212901,1.0,1
ENSG00000107614,1.3417612,0.8998205,0.9214958,1.0,1
ENSG00000107614,1.3437964,0.8998205,0.9215141,0.93445694,1
ENSG00000107614,1.3427863,0.8998205,0.9213574,0.8874598,1
ENSG00000107614,1.3437511,0.8998205,0.92132807,0.2479564,1
ENSG00000197362,1.2963756,0.36361206,0.91880333,1.0,1
ENSG00000197362,1.2963756,0.36361206,0.91880333,1.0,1
ENSG00000197362,1.29585,0.36361206,0.9188691,0.5565611,1
ENSG00000103194,1.3303045,2.085005,0.924268,1.0,1
ENSG00000103194,1.3296908,2.085005,0.9243082,1.0,1
ENSG00000103194,1.330984,2.085005,0.924436,0.017911077,1
ENSG00000103194,1.3296732,2.085005,0.92454576,0.10939336,1
ENSG00000103194,1.3310565,2.085005,0.9245521,0.6359555,1
ENSG00000163069,1.2548528,-0.7447275,0.92626494,1.0,1
ENSG00000163069,1.2640855,-0.7447275,0.9227321,1.0,1
ENSG00000158161,1.3784755,1.7312663,0.9255891,1.0,1
ENSG00000158161,1.3785471,1.7312663,0.9256323,0.33947194,1
ENSG00000158161,1.3796359,1.7312663,0.92569435,0.38495675,1
ENSG00000158161,1.378017,1.7312663,0.9258291,0.9658309,1
ENSG00000116205,1.3427305,0.80071706,0.9183896,1.0,1
ENSG00000116205,1.3427305,0.80071706,0.9183896,1.0,1
ENSG00000116205,1.3429278,0.80071706,0.9181453,1.0,1
ENSG00000116205,1.3429278,0.80071706,0.9181453,1.0,1
ENSG00000116205,1.3445302,0.80071706,0.9187819,1.0,1
ENSG00000116205,1.3431783,0.80071706,0.91812956,0.9545455,1
ENSG00000197943,1.2690427,0.6839471,0.92758507,1.0,1
ENSG00000138686,1.3182831,1.2472365,0.9187269,1.0,1
ENSG00000160255,1.2559675,-0.08092189,0.9281043,1.0,1
ENSG00000166908,1.3367192,1.3914644,0.9230088,1.0,1
ENSG00000166908,1.3375212,1.3914644,0.92261535,0.9974392,1
ENSG00000078902,1.3437445,1.0711453,0.925383,1.0,1
ENSG00000078902,1.3427846,1.0711453,0.9252167,0.95864666,1
ENSG00000078902,1.342381,1.0711453,0.924859,0.37257022,1
ENSG00000100897,1.3526013,1.4797192,0.9291892,1.0,1
ENSG00000100897,1.3537767,1.4797192,0.9291776,1.0,1
ENSG00000100897,1.3536263,1.4797192,0.92915195,0.993262,1
ENSG00000102882,1.3305848,1.6550423,0.9238131,1.0,1
ENSG00000102882,1.3339653,1.6550423,0.9247825,0.17334783,1
ENSG00000102882,1.3319021,1.6550423,0.9241189,0.96108663,1
ENSG00000162972,1.314284,1.2219356,0.92147154,1.0,1
ENSG00000162972,1.315687,1.2219356,0.91963196,1.0,1
ENSG00000162972,1.3139856,1.2219356,0.92065877,1.0,1
ENSG00000162972,1.3161464,1.2219356,0.92031556,1.0,1
ENSG00000130818,1.3111472,0.86391735,0.921631,1.0,1
ENSG00000130818,1.3109857,0.86391735,0.92237246,0.9497207,1
ENSG00000130818,1.3101588,0.86391735,0.9216739,0.71089387,1
ENSG00000165264,1.3419056,1.6783363,0.9193636,1.0,1
ENSG00000165264,1.3410695,1.6783363,0.92053217,1.0,1
ENSG00000165264,1.3419056,1.6783363,0.9193636,0.728146,1
ENSG00000165264,1.3410695,1.6783363,0.92053217,0.8359526,1
ENSG00000137868,1.2659794,0.21218759,0.92798305,1.0,1
ENSG00000058335,1.2369355,-0.8239088,0.9286997,1.0,1
ENSG00000160445,1.3364456,0.9344984,0.92364496,1.0,1
ENSG00000160445,1.3362463,0.9344984,0.92376786,0.94787645,1
ENSG00000150995,1.3160323,1.2787535,0.925463,1.0,1
ENSG00000150995,1.3140631,1.2787535,0.92538995,0.89162564,1
ENSG00000156261,1.3647006,2.6973863,0.92400944,1.0,1
ENSG00000156261,1.3634481,2.6973863,0.92393255,0.9807207,1
ENSG00000198830,1.3887568,2.5121102,0.91757745,1.0,1
ENSG00000119703,1.2822888,0.7075702,0.92303854,1.0,1
ENSG00000119703,1.2816756,0.7075702,0.9232045,1.0,1
ENSG00000141759,1.326459,1.9526472,0.9216201,1.0,1
ENSG00000141759,1.3270345,1.9526472,0.9216313,1.0,1
ENSG00000141759,1.3270345,1.9526472,0.9216313,1.0,1
ENSG00000141759,1.3284796,1.9526472,0.9220345,0.6507009,1
ENSG00000141759,1.326459,1.9526472,0.9216201,0.27123612,1
ENSG00000141759,1.3277854,1.9526472,0.92189306,0.07076782,1
ENSG00000127831,1.2538004,-0.27572417,0.92261124,1.0,1
ENSG00000127831,1.2540513,-0.27572417,0.9227126,1.0,1
ENSG00000033170,1.2549193,0.7737864,0.9218997,1.0,1
ENSG00000033170,1.2599096,0.7737864,0.92319244,0.07330829,1
ENSG00000033170,1.2542758,0.7737864,0.9247517,1.0,1
ENSG00000033170,1.2545578,0.7737864,0.92467004,0.14224142,1
ENSG00000033170,1.2588478,0.7737864,0.92548364,0.31434184,1
ENSG00000033170,1.2578311,0.7737864,0.92303854,0.031434238,1
ENSG00000205155,1.3429914,1.4055171,0.92344207,1.0,1
ENSG00000089876,1.2629654,1.155336,0.92803264,1.0,1
ENSG00000089876,1.2634256,1.155336,0.9272781,1.0,1
ENSG00000089876,1.2649591,1.155336,0.9252294,1.0,1
ENSG00000089876,1.2676663,1.155336,0.9274975,1.0,1
ENSG00000089876,1.2631836,1.155336,0.9271336,1.0,1
ENSG00000133706,1.3439827,1.7079957,0.92233694,1.0,1
ENSG00000133706,1.3388635,1.7079957,0.92352784,0.9981393,1
ENSG00000213809,1.2756052,-0.76955104,0.923883,1.0,1
ENSG00000213809,1.2769445,-0.76955104,0.92300576,1.0,1
ENSG00000142303,1.2628614,-0.34678745,0.92831725,1.0,1
ENSG00000130956,1.2970089,0.1903317,0.9194064,1.0,1
ENSG00000175544,1.2600751,-0.8538718,0.92462337,1.0,1
ENSG00000175544,1.2607,-0.8538718,0.9247625,1.0,1
ENSG00000116171,1.3279369,1.7989957,0.918126,1.0,1
ENSG00000116171,1.3280805,1.7989957,0.91810477,1.0,1
ENSG00000116171,1.3279369,1.7989957,0.918126,1.0,1
ENSG00000116171,1.3284696,1.7989957,0.9184908,0.9430052,1
ENSG00000116171,1.3294604,1.7989957,0.9187577,0.04461378,1
ENSG00000116171,1.3284897,1.7989957,0.9183343,0.7318234,1
ENSG00000165898,1.3404062,1.4007106,0.9188452,0.3497268,1
ENSG00000143157,1.2951452,0.97954834,0.9221171,1.0,1
ENSG00000120314,1.3349527,1.5098742,0.9229525,1.0,1
ENSG00000103353,1.3427916,1.6131015,0.92391354,1.0,1
ENSG00000198898,1.3680316,2.0552635,0.92482495,1.0,1
ENSG00000118307,1.3331876,-0.61978865,0.92026967,1.0,1
ENSG00000160111,1.333246,0.28103334,0.924532,1.0,1
ENSG00000133597,1.2868028,0.99475694,0.92264545,1.0,1
ENSG00000133597,1.2868207,0.99475694,0.9224985,1.0,1
ENSG00000133597,1.2869346,0.99475694,0.9225588,1.0,1
ENSG00000133597,1.286731,0.99475694,0.9226713,1.0,1
ENSG00000133597,1.2876976,0.99475694,0.9228197,1.0,1
ENSG00000018869,1.3006033,0.3856063,0.92182124,1.0,1
ENSG00000196262,1.3767784,3.6723473,0.9257615,1.0,1
ENSG00000196262,1.3772384,3.6723473,0.9257122,1.0,1
ENSG00000196262,1.3770833,3.6723473,0.9256856,1.0,1
ENSG00000196262,1.3770113,3.6723473,0.9256127,1.0,1
ENSG00000196262,1.3768704,3.6723473,0.92588633,1.0,1
ENSG00000196262,1.376984,3.6723473,0.925627,1.0,1
ENSG00000196262,1.3765259,3.6723473,0.9257303,1.0,1
ENSG00000196262,1.3765235,3.6723473,0.925624,0.5777347,1
ENSG00000196262,1.3764395,3.6723473,0.9255953,0.046975255,1
ENSG00000196262,1.3773686,3.6723473,0.9257717,0.09661275,1
ENSG00000131013,1.351954,1.0157788,0.9239952,1.0,1
ENSG00000122779,1.3508747,1.6976652,0.9227008,1.0,1
ENSG00000196511,1.3551085,0.8169038,0.9159138,1.0,1
ENSG00000196511,1.3549358,0.8169038,0.9166725,0.052631557,1
ENSG00000196511,1.3548913,0.8169038,0.9160407,0.9305556,1
ENSG00000196511,1.3576406,0.8169038,0.9163282,0.056338012,1
ENSG00000196511,1.3528398,0.8169038,0.9152056,0.06849319,1
ENSG00000092208,1.3446475,1.5059636,0.92084605,1.0,1
ENSG00000092208,1.3442643,1.5059636,0.9204513,0.01886797,1
ENSG00000092208,1.3449035,1.5059636,0.9207758,0.7460861,1
ENSG00000092208,1.3437455,1.5059636,0.92071766,0.98030055,1
ENSG00000136404,1.2746022,0.4409091,0.92349005,1.0,1
ENSG00000003056,1.3350871,1.9407156,0.92152643,1.0,1
ENSG00000003056,1.3319589,1.9407156,0.92151904,1.0,1
ENSG00000003056,1.3351431,1.9407156,0.9213796,1.0,1
ENSG00000103966,1.3067069,0.7411516,0.920334,1.0,1
ENSG00000103966,1.3058447,0.7411516,0.9201606,1.0,1
ENSG00000103966,1.3075175,0.7411516,0.9212902,1.0,1
ENSG00000213699,1.308137,1.052309,0.9226475,1.0,1
ENSG00000213699,1.3070945,1.052309,0.92237204,1.0,1
ENSG00000213699,1.3072957,1.052309,0.9225404,0.9528689,1
ENSG00000213699,1.3067768,1.052309,0.922186,0.89855075,1
ENSG00000213699,1.3072115,1.052309,0.9226582,0.96690524,1
ENSG00000198700,1.3457621,1.763428,0.92620385,1.0,1
ENSG00000058063,1.3436667,1.4437323,0.92614096,1.0,1
ENSG00000149308,1.3280689,1.2543063,0.92033917,1.0,1
ENSG00000149308,1.3285446,1.2543063,0.92116606,1.0,1
ENSG00000165678,1.3551635,2.5692334,0.9225883,1.0,1
ENSG00000011478,1.3400111,1.1610683,0.9245696,1.0,1
ENSG00000011478,1.3405001,1.1610683,0.924486,0.95166165,1
ENSG00000174460,1.2424003,-0.9208188,0.9284091,1.0,1
ENSG00000174460,1.2435939,-0.9208188,0.92868674,1.0,1
ENSG00000221890,1.26004,0.3222193,0.925177,1.0,1
ENSG00000221890,1.2607949,0.3222193,0.9250192,1.0,1
ENSG00000169902,1.2635355,0.18752074,0.92097723,1.0,1
ENSG00000169902,1.2635355,0.18752074,0.92097723,1.0,1
ENSG00000169902,1.2629799,0.18752074,0.92043436,1.0,1
ENSG00000169902,1.2630932,0.18752074,0.92051196,1.0,1
ENSG00000131037,1.2554611,1.0008677,0.9273386,1.0,1
ENSG00000137824,1.3344854,1.3879235,0.9225075,1.0,1
ENSG00000112419,1.3150239,1.0633334,0.9199315,1.0,1
ENSG00000112419,1.3176198,1.0633334,0.9201593,1.0,1
ENSG00000112419,1.3149744,1.0633334,0.9200296,1.0,1
ENSG00000112419,1.317606,1.0633334,0.9198787,1.0,1
ENSG00000112419,1.3181782,1.0633334,0.91967076,1.0,1
ENSG00000112419,1.3163036,1.0633334,0.920192,0.61854684,1
ENSG00000100036,1.2638282,-0.11350918,0.9250115,1.0,1
ENSG00000097033,1.3377228,1.2873538,0.9228572,1.0,1
ENSG00000097033,1.3380641,1.2873538,0.9235117,0.9753616,1
ENSG00000097033,1.3376186,1.2873538,0.9230291,0.01721853,1
ENSG00000130287,1.2377096,-0.8239088,0.9294003,1.0,1
ENSG00000184730,1.2676955,0.068185806,0.9232043,1.0,1
ENSG00000126254,1.3449684,1.4910814,0.9229355,1.0,1
ENSG00000126254,1.3456676,1.4910814,0.9226641,1.0,1
ENSG00000112511,1.3427731,1.618362,0.9246026,1.0,1
ENSG00000112511,1.3422899,1.618362,0.92496693,0.9833449,1
ENSG00000099812,1.2443601,-0.88605666,0.9317904,1.0,1
ENSG00000120656,1.3648322,1.7223871,0.92311096,1.0,1
ENSG00000176148,1.332077,0.6794279,0.9181088,1.0,1
ENSG00000176148,1.3288064,0.6794279,0.9176865,1.0,1
ENSG00000176148,1.3304149,0.6794279,0.9184342,0.14545459,1
ENSG00000164031,1.3100485,0.9614211,0.92045647,1.0,1
ENSG00000164031,1.3111604,0.9614211,0.9201808,1.0,1
ENSG00000107854,1.3136733,1.1420765,0.92184377,1.0,1
ENSG00000107485,1.2477944,-0.9586072,0.930134,1.0,1
ENSG00000171793,1.3497188,1.5413296,0.92555153,1.0,1
ENSG00000171793,1.3504677,1.5413296,0.9246879,1.0,1
ENSG00000171793,1.3481954,1.5413296,0.925625,0.88495576,1
ENSG00000198721,1.3533914,1.7478776,0.92112803,1.0,1
ENSG00000198721,1.3555504,1.7478776,0.9208797,0.0029585958,1
ENSG00000156381,1.2685369,1.1547282,0.9227336,1.0,1
ENSG00000156381,1.2683281,1.1547282,0.9231373,0.95161295,1
ENSG00000120159,1.296551,1.0157788,0.9157707,1.0,1
ENSG00000120159,1.2965884,1.0157788,0.9166952,1.0,1
ENSG00000120159,1.3018454,1.0157788,0.9174696,1.0,1
ENSG00000120159,1.3018454,1.0157788,0.9174696,1.0,1
ENSG00000151287,1.3202702,1.3982873,0.9204132,1.0,1
ENSG00000151287,1.3216904,1.3982873,0.9191978,0.7585505,1
ENSG00000151287,1.3203521,1.3982873,0.9218501,0.58589745,1
ENSG00000056050,1.3333519,1.3394514,0.92036605,1.0,1
ENSG00000174483,1.3117325,1.0948204,0.92396843,1.0,1
ENSG00000174483,1.3117377,1.0948204,0.9231718,0.917923,1
ENSG00000174483,1.3116086,1.0948204,0.9231959,0.82978725,1
ENSG00000174483,1.3125182,1.0948204,0.9230946,0.103594124,1
ENSG00000110169,1.2648034,-0.5086384,0.9297612,1.0,1
ENSG00000101444,1.3366253,2.3206031,0.92096645,1.0,1
ENSG00000136935,1.346142,1.1338581,0.92555237,1.0,1
ENSG00000186416,1.2700243,1.141136,0.9229169,1.0,1
ENSG00000040531,1.3149415,0.5670264,0.9211171,1.0,1
ENSG00000040531,1.3153349,0.5670264,0.92066073,1.0,1
ENSG00000003756,1.3461981,2.1204424,0.92228967,1.0,1
ENSG00000003756,1.3447582,2.1204424,0.92108923,0.1237281,1
ENSG00000163738,1.3424447,1.41397,0.9237593,1.0,1
ENSG00000163738,1.3433087,1.41397,0.9233484,1.0,1
ENSG00000163738,1.3432375,1.41397,0.9232463,1.0,1
ENSG00000163738,1.3424777,1.41397,0.923155,1.0,1
ENSG00000183337,1.2738278,1.3308195,0.9234974,1.0,1
ENSG00000183337,1.2756336,1.3308195,0.9236059,1.0,1
ENSG00000183337,1.2751912,1.3308195,0.92300874,1.0,1
ENSG00000183337,1.2732568,1.3308195,0.92360497,0.7071429,1
ENSG00000049089,1.2916107,-0.39793992,0.92644924,1.0,1
ENSG00000109501,1.255475,-0.9586072,0.9241191,1.0,1
ENSG00000185920,1.2923017,0.4099331,0.92310727,1.0,1
ENSG00000185920,1.29052,0.4099331,0.9219104,1.0,1
ENSG00000013441,1.338531,1.8779469,0.9201908,1.0,1
ENSG00000013441,1.3391396,1.8779469,0.9208949,1.0,1
ENSG00000013441,1.3418634,1.8779469,0.92108905,0.34098136,1
ENSG00000172819,1.2869445,0.54900324,0.92264575,1.0,1
ENSG00000172819,1.287934,0.54900324,0.9228312,1.0,1
ENSG00000172819,1.286813,0.54900324,0.9233702,0.087804854,1
ENSG00000164168,1.3282418,1.1824147,0.91924727,1.0,1
ENSG00000166743,1.2734336,0.021189332,0.92672795,1.0,1
ENSG00000166743,1.2742416,0.021189332,0.9266753,1.0,1
ENSG00000166743,1.2734443,0.021189332,0.9268883,1.0,1
ENSG00000178951,1.297363,0.269513,0.9225127,1.0,1
ENSG00000178951,1.297363,0.269513,0.9225127,1.0,1
ENSG00000258466,1.2812785,-0.39793992,0.92352575,1.0,1
ENSG00000104886,1.3671393,1.7879561,0.92316175,1.0,1
ENSG00000104886,1.3667203,1.7879561,0.9233378,0.95353985,1
ENSG00000146842,1.4142483,2.0689275,0.9170264,1.0,1
ENSG00000146842,1.4134699,2.0689275,0.9167527,0.66813993,1
ENSG00000134690,1.3645962,1.9716005,0.9265175,1.0,1
ENSG00000142784,1.3144772,1.0094509,0.92531246,1.0,1
ENSG00000142784,1.3149132,1.0094509,0.9253171,1.0,1
ENSG00000100532,1.2952077,0.67117286,0.9211366,1.0,1
ENSG00000100532,1.295738,0.67117286,0.92091566,0.20000005,1
ENSG00000153048,1.3365029,1.4888326,0.9236722,1.0,1
ENSG00000177731,1.2956856,2.0132165,0.9218612,1.0,1
ENSG00000177731,1.2951854,2.0132165,0.9212709,0.8409091,1
ENSG00000147168,1.3040051,1.5870371,0.9206436,1.0,1
ENSG00000147168,1.3049904,1.5870371,0.91904724,1.0,1
ENSG00000147168,1.3035506,1.5870371,0.92014337,0.9901961,1
ENSG00000188612,1.3794012,2.5594876,0.92558956,1.0,1
ENSG00000188612,1.3794012,2.5594876,0.92558956,1.0,1
ENSG00000188612,1.3787677,2.5594876,0.9255059,0.4790236,1
ENSG00000183048,1.3362755,1.3802112,0.92133266,1.0,1
ENSG00000183048,1.3357846,1.3802112,0.9213665,1.0,1
ENSG00000183048,1.3355106,1.3802112,0.9213247,1.0,1
ENSG00000152601,1.3341101,1.9937887,0.9215224,1.0,1
ENSG00000152601,1.3355317,1.9937887,0.9220283,0.9367179,1
ENSG00000152601,1.3349761,1.9937887,0.92176783,1.0,1
ENSG00000152601,1.3337065,1.9937887,0.9215177,0.32507396,1
ENSG00000152601,1.3342986,1.9937887,0.921649,0.5963911,1
ENSG00000152601,1.3340173,1.9937887,0.921529,0.66353244,1
ENSG00000152601,1.3346039,1.9937887,0.92154795,5.9604645e-08,1
ENSG00000129465,1.2456877,-0.61978865,0.9303234,1.0,1
ENSG00000129465,1.2463247,-0.61978865,0.9302261,1.0,1
ENSG00000122971,1.3332351,1.0468851,0.92462623,1.0,1
ENSG00000141367,1.3388071,2.1812718,0.9248718,1.0,1
ENSG00000141367,1.3404349,2.1812718,0.9250767,1.0,1
ENSG00000141367,1.3401781,2.1812718,0.92446864,1.0,1
ENSG00000141367,1.3402797,2.1812718,0.92460084,1.0,1
ENSG00000141367,1.3378898,2.1812718,0.92489094,1.0,1
ENSG00000141367,1.3400159,2.1812718,0.92529595,0.0944649,1
ENSG00000105699,1.3375037,1.3923452,0.9191586,1.0,1
ENSG00000105699,1.3368611,1.3923452,0.9191721,1.0,1
ENSG00000105699,1.3375037,1.3923452,0.9191586,1.0,1
ENSG00000105699,1.336845,1.3923452,0.91955066,0.2988615,1
ENSG00000105699,1.3372512,1.3923452,0.91949695,0.8553241,1
ENSG00000105699,1.3368956,1.3923452,0.91917974,0.9724771,1
ENSG00000132004,1.3124906,0.9425041,0.92377585,1.0,1
ENSG00000132004,1.3119667,0.9425041,0.92359,0.9294798,1
ENSG00000132004,1.312489,0.9425041,0.9236313,0.9282353,1
ENSG00000203667,1.3794937,1.5300715,0.92122215,1.0,1
ENSG00000203667,1.3786834,1.5300715,0.92133176,1.0,1
ENSG00000203667,1.3784976,1.5300715,0.9214023,1.0,1
ENSG00000203667,1.3799607,1.5300715,0.92130995,0.10897112,1
ENSG00000203667,1.3786834,1.5300715,0.92133176,0.58135366,1
ENSG00000185000,1.3405597,1.8620119,0.9229017,1.0,1
ENSG00000134245,1.2463665,-0.8239088,0.93005127,1.0,1
ENSG00000134245,1.2463125,-0.8239088,0.9306152,1.0,1
ENSG00000007264,1.302998,1.4003652,0.9240471,0.98459566,1
ENSG00000160194,1.3342004,1.4951279,0.91694593,1.0,1
ENSG00000160194,1.3342004,1.4951279,0.91694593,0.98443264,1
ENSG00000160194,1.3329508,1.4951279,0.9173622,0.8129263,1
ENSG00000068903,1.3579874,1.3958503,0.91976047,1.0,1
ENSG00000068903,1.3589134,1.3958503,0.92004687,1.0,1
ENSG00000068903,1.3577514,1.3958503,0.919797,0.14739889,1
ENSG00000068903,1.3575585,1.3958503,0.91964144,0.0033783913,1
ENSG00000165804,1.2504579,0.29225612,0.9294851,1.0,1
ENSG00000102871,1.304132,0.839478,0.92414796,1.0,1
ENSG00000074181,1.2450398,-0.53760195,0.9321063,1.0,1
ENSG00000074181,1.2454317,-0.53760195,0.9320883,1.0,1
ENSG00000074181,1.2444972,-0.53760195,0.93190515,1.0,1
ENSG00000074181,1.2453189,-0.53760195,0.93227726,1.0,1
ENSG00000182179,1.257599,0.38201708,0.9271032,1.0,1
ENSG00000167394,1.3131697,0.5289167,0.9260511,1.0,1
ENSG00000167394,1.3131697,0.5289167,0.9260511,1.0,1
ENSG00000112640,1.3463743,1.6687585,0.92444384,1.0,1
ENSG00000112640,1.3458197,1.6687585,0.9246915,0.77653176,1
ENSG00000160633,1.3537655,1.4723175,0.9234663,1.0,1
ENSG00000160633,1.3534453,1.4723175,0.92334867,1.0,1
ENSG00000160633,1.3539951,1.4723175,0.9233042,1.0,1
ENSG00000160633,1.3531767,1.4723175,0.92359495,1.0,1
ENSG00000160633,1.353485,1.4723175,0.9234562,1.0,1
ENSG00000168528,1.2823515,-0.07058108,0.9240446,1.0,1
ENSG00000168528,1.2816912,-0.07058108,0.92344105,1.0,1
ENSG00000111678,1.3498336,2.301659,0.92327714,1.0,1
ENSG00000111678,1.3488636,2.301659,0.9232454,1.0,1
ENSG00000111678,1.3490003,2.301659,0.9233036,1.0,1
ENSG00000111678,1.3487271,2.301659,0.92312706,1.0,1
ENSG00000140350,1.3456423,2.019905,0.92062336,1.0,1
ENSG00000158234,1.2945302,0.19312465,0.9218768,1.0,1
ENSG00000158234,1.2973055,0.19312465,0.9224894,0.11016953,1
ENSG00000140534,1.3140969,1.0884905,0.9222168,1.0,1
ENSG00000183828,1.2966545,0.8808136,0.92410815,1.0,1
ENSG00000183828,1.2954725,0.8808136,0.9237792,1.0,1
ENSG00000020181,1.2559528,-0.8239088,0.9260564,1.0,1
ENSG00000125885,1.3038497,1.505557,0.9226824,1.0,1
ENSG00000125885,1.3068393,1.505557,0.9231946,0.9684096,1
ENSG00000165714,1.3185407,0.74741185,0.92069936,1.0,1
ENSG00000165714,1.3205612,0.74741185,0.9202768,0.9166667,1
ENSG00000046604,1.3109398,1.7292458,0.9220427,1.0,1
ENSG00000046604,1.3118931,1.7292458,0.9223119,1.0,1
ENSG00000110442,1.3259335,1.548635,0.925676,1.0,1
ENSG00000110442,1.3259335,1.548635,0.925676,1.0,1
ENSG00000110442,1.323487,1.548635,0.92651755,0.834731,1
ENSG00000110442,1.3248345,1.548635,0.9240738,0.39573622,1
ENSG00000144791,1.3013742,1.2711443,0.92486846,1.0,1
ENSG00000144791,1.3011991,1.2711443,0.92502666,1.0,1
ENSG00000095380,1.3306841,2.0218918,0.9222737,1.0,1
ENSG00000173757,1.3306506,2.0993698,0.9242582,1.0,1
ENSG00000197714,1.3225845,1.201943,0.9219256,1.0,1
ENSG00000110330,1.3071632,1.5868123,0.92360175,1.0,1
ENSG00000110330,1.3067389,1.5868123,0.92331153,1.0,1
ENSG00000110330,1.3050644,1.5868123,0.9237462,0.0026702285,1
ENSG00000165912,1.2850202,0.7497363,0.92585254,1.0,1
ENSG00000163082,1.2336771,-0.9586072,0.92435163,1.0,1
ENSG00000163082,1.2256914,-0.9586072,0.91976416,1.0,1
ENSG00000116473,1.3615639,1.6959193,0.9229725,1.0,1
ENSG00000135870,1.3301764,1.1383027,0.92156,1.0,1
ENSG00000243335,1.3311001,1.3085644,0.9208681,1.0,1
ENSG00000100083,1.3422817,1.6094877,0.92240775,1.0,1
ENSG00000100083,1.3424501,1.6094877,0.9225553,1.0,1
ENSG00000118564,1.321116,1.3038437,0.91878957,1.0,1
ENSG00000118564,1.321743,1.3038437,0.91819304,0.567487,1
ENSG00000118564,1.3224094,1.3038437,0.9184867,0.06396067,1
ENSG00000069869,1.3128488,1.071882,0.9221935,1.0,1
ENSG00000069869,1.3140684,1.071882,0.92129016,0.01025641,1
ENSG00000095906,1.3466132,1.3374592,0.9234753,1.0,1
ENSG00000095906,1.3475001,1.3374592,0.92376107,0.5542896,1
ENSG00000186448,1.3167859,0.9758911,0.9231055,1.0,1
ENSG00000186448,1.3157761,0.9758911,0.9223414,1.0,1
ENSG00000186448,1.3135222,0.9758911,0.9208825,1.0,1
ENSG00000186448,1.313995,0.9758911,0.9214899,1.0,1
ENSG00000186448,1.3145393,0.9758911,0.92142564,1.0,1
ENSG00000186448,1.3145393,0.9758911,0.92142564,1.0,1
ENSG00000186448,1.3155894,0.9758911,0.9209614,0.12299466,1
ENSG00000167525,1.331909,0.7611758,0.9212068,1.0,1
ENSG00000167525,1.3320185,0.7611758,0.9212491,1.0,1
ENSG00000167525,1.3315631,0.7611758,0.9210782,1.0,1
ENSG00000167525,1.3321612,0.7611758,0.92112446,1.0,1
ENSG00000160959,1.3029263,1.2940251,0.9224537,1.0,1
ENSG00000160959,1.3032261,1.2940251,0.9225144,1.0,1
ENSG00000160959,1.3023977,1.2940251,0.92251515,1.0,1
ENSG00000160959,1.3027912,1.2940251,0.9224353,1.0,1
ENSG00000160959,1.3021673,1.2940251,0.92250055,0.16494846,1
ENSG00000145216,1.3428726,1.3816564,0.9200373,1.0,1
ENSG00000145216,1.342903,1.3816564,0.91989386,0.47189546,1
ENSG00000145216,1.3446124,1.3816564,0.92055994,0.56099117,1
ENSG00000145216,1.3416603,1.3816564,0.9183046,0.4415502,1
ENSG00000145216,1.3428389,1.3816564,0.9193139,0.116041005,1
ENSG00000125864,1.2755972,-0.2924298,0.9240029,1.0,1
ENSG00000138134,1.2531554,-0.9586072,0.92566705,1.0,1
ENSG00000138134,1.2558444,-0.9586072,0.92503583,1.0,1
ENSG00000138134,1.2543743,-0.9586072,0.92609197,1.0,1
ENSG00000138134,1.2542435,-0.9586072,0.9249538,1.0,1
ENSG00000163661,1.2546725,-0.9208188,0.92844975,1.0,1
ENSG00000099974,1.2634516,-0.72124636,0.92610836,1.0,1
ENSG00000150967,1.281228,0.71349055,0.9253192,0.6142857,1
ENSG00000145348,1.3449124,1.278525,0.9212173,1.0,1
ENSG00000145348,1.3428574,1.278525,0.91978544,0.16543728,1
ENSG00000183655,1.2419851,-0.72124636,0.92473704,1.0,1
ENSG00000161904,1.3203139,1.5798979,0.92391974,1.0,1
ENSG00000161904,1.320748,1.5798979,0.925017,1.0,1
ENSG00000161904,1.3202262,1.5798979,0.92445177,1.0,1
ENSG00000169249,1.3220713,0.9390198,0.9194289,1.0,1
ENSG00000169249,1.3252467,0.9390198,0.9188236,1.0,1
ENSG00000140650,1.3568429,1.1792644,0.92577183,1.0,1
ENSG00000140650,1.3588701,1.1792644,0.92597777,0.98909396,1
ENSG00000140650,1.3589545,1.1792644,0.9256886,0.9198068,1
ENSG00000123124,1.307258,0.92531204,0.9192628,1.0,1
ENSG00000123124,1.307056,0.92531204,0.920454,0.99378884,1
ENSG00000100227,1.3419756,1.5873742,0.92237777,1.0,1
ENSG00000100227,1.3422474,1.5873742,0.9223622,0.6085994,1
ENSG00000100227,1.3422227,1.5873742,0.92229176,0.023659289,1
ENSG00000165526,1.3362637,1.6079909,0.9237231,1.0,1
ENSG00000165526,1.3343419,1.6079909,0.9229904,1.0,1
ENSG00000165526,1.3345935,1.6079909,0.9230333,1.0,1
ENSG00000165526,1.3337492,1.6079909,0.9227278,1.0,1
ENSG00000049246,1.3028712,1.2187979,0.9249228,1.0,1
ENSG00000132912,1.3562328,1.7117229,0.9230394,1.0,1
ENSG00000132912,1.3570038,1.7117229,0.9231147,5.9604645e-08,1
ENSG00000103051,1.3453592,1.7604978,0.92464656,1.0,1
ENSG00000103051,1.343697,1.7604978,0.9245998,1.0,1
ENSG00000103051,1.3443581,1.7604978,0.92485404,0.98330843,1
ENSG00000103051,1.3435156,1.7604978,0.9244557,5.9604645e-08,1
ENSG00000103051,1.344593,1.7604978,0.92458117,0.9092277,1
ENSG00000127663,1.295587,1.0948204,0.9240944,1.0,1
ENSG00000127663,1.2952993,1.0948204,0.92392933,1.0,1
ENSG00000127663,1.2957383,1.0948204,0.9240993,0.08955228,1
ENSG00000176473,1.310933,0.7242758,0.92261535,1.0,1
ENSG00000176473,1.3105824,0.7242758,0.9224931,1.0,1
ENSG00000090861,1.3661722,2.2807603,0.9205803,1.0,1
ENSG00000090861,1.3667371,2.2807603,0.9194151,1.0,1
ENSG00000090861,1.366148,2.2807603,0.92070216,1.0,1
ENSG00000144283,1.3262849,1.7081659,0.92250496,1.0,1
ENSG00000144283,1.3253117,1.7081659,0.92210853,0.7247088,1
ENSG00000144283,1.326405,1.7081659,0.92160875,0.7419608,1
ENSG00000162695,1.3465525,0.7226339,0.91892475,1.0,1
ENSG00000162695,1.3476064,0.7226339,0.918533,1.0,1
ENSG00000186665,1.3090577,1.3895204,0.9220147,1.0,1
ENSG00000186665,1.3103955,1.3895204,0.9217918,1.0,1
ENSG00000076351,1.2616478,0.42160392,0.9246171,1.0,1
ENSG00000076351,1.2620039,0.42160392,0.9247315,0.9230769,1
ENSG00000104976,1.3329548,1.0944711,0.9225293,1.0,1
ENSG00000125457,1.3431811,1.6118294,0.9257627,1.0,1
ENSG00000125457,1.342324,1.6118294,0.9254362,1.0,1
ENSG00000125457,1.3406167,1.6118294,0.9252149,0.9737574,1
ENSG00000125457,1.3443313,1.6118294,0.9258255,0.10934794,1
ENSG00000103769,1.3450363,2.4376235,0.9232877,1.0,1
ENSG00000156869,1.3206547,1.5308397,0.92190653,1.0,1
ENSG00000167986,1.3363423,2.3942413,0.9237731,1.0,1
ENSG00000167986,1.338479,2.3942413,0.9243543,0.005087018,1
ENSG00000167986,1.3370088,2.3942413,0.9239783,0.0050949454,1
ENSG00000056558,1.2545085,-0.16749108,0.9245624,1.0,1
ENSG00000056558,1.2534764,-0.16749108,0.924385,1.0,1
ENSG00000076513,1.346483,1.5936183,0.92351305,1.0,1
ENSG00000076513,1.346483,1.5936183,0.92351305,1.0,1
ENSG00000076513,1.3449056,1.5936183,0.9238401,1.0,1
ENSG00000076513,1.3443677,1.5936183,0.9238912,1.0,1
ENSG00000076513,1.3451256,1.5936183,0.9235646,0.986946,1
ENSG00000138758,1.3209887,1.8264635,0.9189323,1.0,1
ENSG00000187144,1.2652196,-0.7447275,0.92281216,1.0,1
ENSG00000064995,1.3537189,1.8044802,0.92049474,1.0,1
ENSG00000064995,1.3537464,1.8044802,0.9205546,0.9632922,1
ENSG00000196456,1.3214389,0.7283538,0.91651577,1.0,1
ENSG00000154710,1.3384875,1.2823955,0.9214516,1.0,1
ENSG00000154710,1.3373817,1.2823955,0.9209372,1.0,1
ENSG00000154710,1.3383965,1.2823955,0.9211806,0.27077752,1
ENSG00000154710,1.3375512,1.2823955,0.92101586,0.08469057,1
ENSG00000154710,1.3370523,1.2823955,0.92134464,0.96986973,1
ENSG00000010219,1.2969685,1.3230457,0.92195576,1.0,1
ENSG00000010219,1.2977463,1.3230457,0.921837,0.03733957,1
ENSG00000205758,1.3683014,1.8885726,0.92411363,1.0,1
ENSG00000205758,1.3667259,1.8885726,0.92358124,1.0,1
ENSG00000205758,1.3667259,1.8885726,0.92358124,1.0,1
ENSG00000205758,1.3684734,1.8885726,0.9238519,1.0,1
ENSG00000205758,1.3700356,1.8885726,0.9238599,1.0,1
ENSG00000205758,1.3699899,1.8885726,0.9239176,0.09955096,1
ENSG00000119414,1.3409455,1.4562142,0.92345876,1.0,1
ENSG00000119414,1.3414289,1.4562142,0.923164,0.948491,1
ENSG00000140750,1.3036536,0.90036714,0.92264277,1.0,1
ENSG00000140750,1.3051063,0.90036714,0.92304146,0.258547,1
ENSG00000140750,1.3042114,0.90036714,0.92295104,0.23591548,1
ENSG00000140750,1.3040372,0.90036714,0.9225673,0.64244187,1
ENSG00000135365,1.3251837,1.1195858,0.92607486,1.0,1
ENSG00000135365,1.3262367,1.1195858,0.9248155,1.0,1
ENSG00000135365,1.3248439,1.1195858,0.9248153,1.0,1
ENSG00000053524,1.2862961,0.54282546,0.92337203,1.0,1
ENSG00000053524,1.28579,0.54282546,0.9240878,1.0,1
ENSG00000053524,1.2856524,0.54282546,0.92367446,0.14583337,1
ENSG00000065911,1.3473164,2.3176246,0.9245535,1.0,1
ENSG00000065911,1.3471148,2.3176246,0.9244227,0.1546759,1
ENSG00000065911,1.3470628,2.3176246,0.9243505,0.99922943,1
ENSG00000151445,1.3563321,1.2904798,0.91719157,1.0,1
ENSG00000151445,1.3535728,1.2904798,0.91646874,1.0,1
ENSG00000151445,1.3531357,1.2904798,0.91695684,1.0,1
ENSG00000151445,1.3533695,1.2904798,0.9157317,1.0,1
ENSG00000151445,1.3526306,1.2904798,0.9170148,1.0,1
ENSG00000151445,1.3523964,1.2904798,0.9172955,1.0,1
ENSG00000151445,1.3514159,1.2904798,0.9163877,0.10200471,1
ENSG00000103657,1.3235298,1.5582284,0.92916864,1.0,1
ENSG00000103657,1.3236535,1.5582284,0.9288636,1.0,1
ENSG00000140905,1.3608823,1.572058,0.92293966,1.0,1
ENSG00000140905,1.3608701,1.572058,0.9228939,0.97852516,1
ENSG00000168944,1.3271078,1.3085644,0.92122436,1.0,1
ENSG00000102057,1.2424728,-0.26760626,0.92752653,1.0,1
ENSG00000139160,1.3185933,-0.055517316,0.92326576,1.0,1
ENSG00000139160,1.3194807,-0.055517316,0.924092,1.0,1
ENSG00000134987,1.3144679,1.6682926,0.92238086,1.0,1
ENSG00000134987,1.3137949,1.6682926,0.9226116,1.0,1
ENSG00000134987,1.316808,1.6682926,0.9209299,1.0,1
ENSG00000134987,1.3114116,1.6682926,0.92384404,1.0,1
ENSG00000091732,1.3382893,1.8364507,0.9224301,1.0,1
ENSG00000091732,1.3387499,1.8364507,0.92266876,1.0,1
ENSG00000091732,1.3384037,1.8364507,0.9225462,5.9604645e-08,1
ENSG00000169762,1.3134749,1.452553,0.9226369,1.0,1
ENSG00000169762,1.309464,1.452553,0.9232764,0.8851982,1
ENSG00000169762,1.3111926,1.452553,0.92255944,0.46148783,1
ENSG00000123636,1.2730768,1.2000293,0.9195767,1.0,1
ENSG00000139197,1.3229511,1.1152775,0.92545784,1.0,1
ENSG00000139197,1.3231246,1.1152775,0.92526954,0.39200002,1
ENSG00000125551,1.2830082,-0.63827217,0.9218046,1.0,1
ENSG00000123384,1.2617621,-0.44369733,0.9294042,1.0,1
ENSG00000240065,1.3403866,0.25285304,0.92000246,1.0,1
ENSG00000240065,1.3411102,0.25285304,0.9192371,1.0,1
ENSG00000151239,1.3433313,1.2177471,0.91608703,1.0,1
ENSG00000151239,1.3407944,1.2177471,0.91459215,1.0,1
ENSG00000151239,1.3424891,1.2177471,0.9160499,5.9604645e-08,1
ENSG00000151239,1.3384019,1.2177471,0.9141371,0.057666242,1
ENSG00000175265,1.3024151,1.8933733,0.9264596,1.0,1
ENSG00000249471,1.2783229,0.51982796,0.92337334,1.0,1
ENSG00000249471,1.2789893,0.51982796,0.9236272,1.0,1
ENSG00000249471,1.2780745,0.51982796,0.92350525,0.060109317,1
ENSG00000183111,1.2428132,-0.88605666,0.92632884,1.0,1
ENSG00000162909,1.3497671,1.9639766,0.92371696,1.0,1
ENSG00000116717,1.3436652,1.706547,0.9229628,1.0,1
ENSG00000116717,1.3425261,1.706547,0.9229638,1.0,1
ENSG00000116717,1.3414353,1.706547,0.9232047,0.98703486,1
ENSG00000213064,1.3770301,1.4121244,0.91760385,1.0,1
ENSG00000109787,1.3236321,1.1947918,0.9203062,1.0,1
ENSG00000109787,1.3233533,1.1947918,0.9203341,1.0,1
ENSG00000109787,1.3236343,1.1947918,0.9203157,1.0,1
ENSG00000176170,1.3211669,1.2203696,0.92651415,1.0,1
ENSG00000136152,1.3315921,1.1708481,0.92003846,1.0,1
ENSG00000136152,1.3314433,1.1708481,0.92072946,1.0,1
ENSG00000141905,1.3283926,0.30963016,0.9247515,1.0,1
ENSG00000141905,1.3283926,0.30963016,0.9247515,1.0,1
ENSG00000141905,1.3284485,0.30963016,0.92443544,1.0,1
ENSG00000141905,1.3279406,0.30963016,0.9242698,1.0,1
ENSG00000141905,1.3281215,0.30963016,0.9245151,1.0,1
ENSG00000141905,1.3289856,0.30963016,0.9243689,0.4161491,1
ENSG00000141905,1.3287355,0.30963016,0.9246123,0.83185846,1
ENSG00000152284,1.256002,-0.9586072,0.92451787,1.0,1
ENSG00000012174,1.2809683,1.1041455,0.9216755,1.0,1
ENSG00000205084,1.3165814,1.3660492,0.92186487,1.0,1
ENSG00000182287,1.3297344,1.2148439,0.9201587,5.9604645e-08,1
ENSG00000182287,1.3291982,1.2148439,0.9204761,0.012021899,1
ENSG00000182287,1.3283741,1.2148439,0.9201566,0.27896994,1
ENSG00000204256,1.3332201,2.225955,0.923088,1.0,1
ENSG00000204256,1.3320589,2.225955,0.9229419,1.0,1
ENSG00000204256,1.3329848,2.225955,0.92282677,1.0,1
ENSG00000204256,1.3330488,2.225955,0.9231105,0.14901143,1
ENSG00000204256,1.3333021,2.225955,0.9231171,0.0006633997,1
ENSG00000142655,1.3410336,1.0413927,0.92432636,1.0,1
ENSG00000142655,1.3410212,1.0413927,0.92424434,1.0,1
ENSG00000142655,1.3401314,1.0413927,0.92420614,1.0,1
ENSG00000142655,1.340269,1.0413927,0.9241584,1.0,1
ENSG00000114200,1.243895,-0.7447275,0.92446154,1.0,1
ENSG00000126461,1.3151108,0.52374643,0.92471766,1.0,1
ENSG00000107798,1.2577456,-0.8239088,0.9267318,1.0,1
ENSG00000026652,1.328528,1.108565,0.92302144,1.0,1
ENSG00000026652,1.328007,1.108565,0.92331624,1.0,1
ENSG00000189334,1.2870705,-0.69896996,0.9278512,1.0,1
ENSG00000138617,1.2963836,0.85248,0.9249376,1.0,1
ENSG00000138617,1.2971057,0.85248,0.9249602,1.0,1
ENSG00000138617,1.2971057,0.85248,0.9249602,1.0,1
ENSG00000138617,1.2972078,0.85248,0.9248917,1.0,1
ENSG00000138617,1.2972692,0.85248,0.9250424,1.0,1
ENSG00000144224,1.3408859,1.9483151,0.922716,1.0,1
ENSG00000144224,1.3396279,1.9483151,0.9218647,1.0,1
ENSG00000144224,1.3400749,1.9483151,0.9222238,0.5161874,1
ENSG00000186020,1.3123326,1.0174507,0.9185013,1.0,1
ENSG00000186020,1.3153087,1.0174507,0.9191739,0.6753507,1
ENSG00000197063,1.3159007,1.3312248,0.92348313,1.0,1
ENSG00000244005,1.3519471,1.762003,0.9242377,1.0,1
ENSG00000244005,1.3520256,1.762003,0.9245146,0.7732558,1
ENSG00000254870,1.3043038,1.8251663,0.92619455,1.0,1
ENSG00000254870,1.3040729,1.8251663,0.9262931,1.0,1
ENSG00000254870,1.3041524,1.8251663,0.92623216,1.0,1
ENSG00000254870,1.3041041,1.8251663,0.92630464,1.0,1
ENSG00000254870,1.3047836,1.8251663,0.9260057,1.0,1
ENSG00000236287,1.2997738,1.7107096,0.92510206,1.0,1
ENSG00000155858,1.2803233,0.8267225,0.92111784,1.0,1
ENSG00000155858,1.2789223,0.8267225,0.9207655,1.0,1
ENSG00000256087,1.3075651,0.5820633,0.92113173,1.0,1
ENSG00000256087,1.3085237,0.5820633,0.9213914,1.0,1
ENSG00000256087,1.3076317,0.5820633,0.9211603,1.0,1
ENSG00000256087,1.3076317,0.5820633,0.9211603,1.0,1
ENSG00000132330,1.3338287,1.1132747,0.9232829,1.0,1
ENSG00000132330,1.3329364,1.1132747,0.9233242,1.0,1
ENSG00000132330,1.3331048,1.1132747,0.92403483,1.0,1
ENSG00000132330,1.332477,1.1132747,0.923315,0.12453532,1
ENSG00000144161,1.3593425,0.9278834,0.9192362,1.0,1
ENSG00000134627,1.294206,0.5010593,0.9217251,1.0,1
ENSG00000134627,1.2943375,0.5010593,0.92144895,1.0,1
ENSG00000134627,1.295431,0.5010593,0.9214274,1.0,1
ENSG00000134627,1.2952617,0.5010593,0.921187,1.0,1
ENSG00000134627,1.2939007,0.5010593,0.9218252,1.0,1
ENSG00000134627,1.2949212,0.5010593,0.92038196,1.0,1
ENSG00000160505,1.2431784,-0.88605666,0.9287808,1.0,1
ENSG00000169519,1.2623593,1.1821291,0.9158445,1.0,1
ENSG00000169519,1.2601095,1.1821291,0.91595423,0.52830195,1
ENSG00000104517,1.3298191,1.8618329,0.923484,1.0,1
ENSG00000104517,1.3300589,1.8618329,0.9240528,0.48000842,1
ENSG00000108468,1.3221943,1.4821587,0.923419,1.0,1
ENSG00000101417,1.3397269,0.74741185,0.9254694,1.0,1
ENSG00000101417,1.3397269,0.74741185,0.9254694,1.0,1
ENSG00000101417,1.3398741,0.74741185,0.92519766,0.7014493,1
ENSG00000101417,1.3389639,0.74741185,0.925423,0.66339874,1
ENSG00000083099,1.3488773,1.5536404,0.9164679,1.0,1
ENSG00000197223,1.3470082,1.5094713,0.92194957,1.0,1
ENSG00000197223,1.3463026,1.5094713,0.9218579,1.0,1
ENSG00000168826,1.299611,0.56466603,0.92270744,1.0,1
ENSG00000168826,1.2998124,0.56466603,0.9229208,1.0,1
ENSG00000168826,1.3001702,0.56466603,0.9226564,1.0,1
ENSG00000168826,1.2975016,0.56466603,0.9219373,0.8655462,1
ENSG00000090316,1.3465699,1.6761446,0.9216686,1.0,1
ENSG00000090316,1.3469684,1.6761446,0.9216727,0.9964597,1
ENSG00000090316,1.3471725,1.6761446,0.9216594,0.9469462,1
ENSG00000090316,1.3464731,1.6761446,0.9218039,0.44594598,1
ENSG00000146955,1.2669177,-0.8239088,0.92506564,1.0,1
ENSG00000164828,1.3181705,2.0495281,0.92173856,1.0,1
ENSG00000164828,1.3182194,2.0495281,0.92175055,1.0,1
ENSG00000164828,1.3185208,2.0495281,0.9220554,0.0364843,1
ENSG00000164828,1.3184026,2.0495281,0.92206746,0.6569921,1
ENSG00000164828,1.3186017,2.0495281,0.92207116,0.07331979,1
ENSG00000164828,1.318278,2.0495281,0.92200446,0.9872424,1
ENSG00000149532,1.3393924,1.5731038,0.92034864,1.0,1
ENSG00000149532,1.3393431,1.5731038,0.92025137,1.0,1
ENSG00000149532,1.339495,1.5731038,0.92033345,1.0,1
ENSG00000084072,1.3611164,2.1067686,0.92159134,1.0,1
ENSG00000084072,1.3629203,2.1067686,0.9215201,0.07317078,1
ENSG00000146918,1.3646756,1.8914816,0.92309624,1.0,1
ENSG00000146918,1.3643545,1.8914816,0.9227409,1.0,1
ENSG00000146918,1.3647871,1.8914816,0.92288053,0.67458403,1
ENSG00000146918,1.3650624,1.8914816,0.92293894,0.12764114,1
ENSG00000176890,1.349163,2.4058414,0.9249463,1.0,1
ENSG00000176890,1.3478377,2.4058414,0.924877,1.0,1
ENSG00000176890,1.349163,2.4058414,0.9249463,0.99478465,1
ENSG00000105401,1.340219,2.4003134,0.92220044,1.0,1
ENSG00000105401,1.3402717,2.4003134,0.9222,1.0,1
ENSG00000105401,1.340517,2.4003134,0.92234486,1.0,1
ENSG00000105401,1.3405392,2.4003134,0.92234623,1.0,1
ENSG00000105401,1.3403573,2.4003134,0.9222026,1.0,1
ENSG00000105401,1.340237,2.4003134,0.9223478,1.0,1
ENSG00000197965,1.340265,1.9897168,0.92408866,1.0,1
ENSG00000197965,1.340265,1.9897168,0.92408866,1.0,1
ENSG00000197965,1.341791,1.9897168,0.92438954,1.0,1
ENSG00000197965,1.3407613,1.9897168,0.9244112,0.9212387,1
ENSG00000197965,1.3404648,1.9897168,0.92416674,0.25078773,1
ENSG00000181625,1.2634441,1.065206,0.92168564,1.0,1
ENSG00000181625,1.2710499,1.065206,0.9242242,0.7417632,1
ENSG00000136560,1.337767,1.6435513,0.9189525,1.0,1
ENSG00000136560,1.3355734,1.6435513,0.9189467,1.0,1
ENSG00000136560,1.3359556,1.6435513,0.91856986,1.0,1
ENSG00000136560,1.3370619,1.6435513,0.9188965,1.0,1
ENSG00000152291,1.336323,1.5982432,0.9243172,1.0,1
ENSG00000152291,1.336323,1.5982432,0.9243172,1.0,1
ENSG00000152291,1.3354983,1.5982432,0.92443866,1.0,1
ENSG00000152291,1.3374147,1.5982432,0.92412347,1.0,1
ENSG00000152291,1.3352001,1.5982432,0.9237571,1.0,1
ENSG00000099968,1.3463752,1.6910815,0.91499627,1.0,1
ENSG00000099968,1.3471248,1.6910815,0.9155307,0.96568835,1
ENSG00000099968,1.3473339,1.6910815,0.91535205,0.6998203,1
ENSG00000099968,1.3474102,1.6910815,0.91555035,0.87358326,1
ENSG00000111057,1.3151213,2.4412708,0.9228147,1.0,1
ENSG00000111057,1.3156052,2.4412708,0.9228845,1.0,1
ENSG00000111057,1.3154302,2.4412708,0.9226605,1.0,1
ENSG00000069020,1.3017595,0.61278385,0.91844773,1.0,1
ENSG00000172053,1.3432037,2.1927066,0.9249933,1.0,1
ENSG00000172053,1.3426257,2.1927066,0.92501426,0.9987719,1
ENSG00000164104,1.3759501,2.621145,0.9205617,1.0,1
ENSG00000164104,1.3767076,2.621145,0.92023706,1.0,1
ENSG00000164104,1.3762919,2.621145,0.9203926,1.0,1
ENSG00000164104,1.3759991,2.621145,0.92052066,1.0,1
ENSG00000213551,1.348721,1.8321254,0.91963905,1.0,1
ENSG00000213551,1.3495741,1.8321254,0.91995263,1.0,1
ENSG00000111846,1.2378705,-0.22184873,0.92477536,1.0,1
ENSG00000130772,1.3231294,1.3916407,0.92262846,1.0,1
ENSG00000130772,1.3231294,1.3916407,0.92262846,1.0,1
ENSG00000131373,1.3559332,1.6127838,0.925071,1.0,1
ENSG00000131373,1.3557271,1.6127838,0.9253261,0.9944327,1
ENSG00000131373,1.3562291,1.6127838,0.9253754,0.9914918,1
ENSG00000131373,1.3542874,1.6127838,0.92538387,0.99332273,1
ENSG00000131373,1.3561798,1.6127838,0.92533076,0.98058254,1
ENSG00000131373,1.3551643,1.6127838,0.92546797,0.4883943,1
ENSG00000099864,1.2767128,0.3138672,0.9248763,1.0,1
ENSG00000099864,1.2758244,0.3138672,0.92479426,1.0,1
ENSG00000050344,1.2707716,1.0124154,0.9197501,1.0,1
ENSG00000050344,1.2705569,1.0124154,0.92039514,1.0,1
ENSG00000123545,1.336849,2.0962493,0.9203527,1.0,1
ENSG00000107263,1.2678308,1.2935835,0.92540115,1.0,1
ENSG00000129518,1.3294843,1.3289908,0.92082554,1.0,1
ENSG00000142459,1.3219129,0.24797326,0.9263455,1.0,1
ENSG00000142459,1.321351,0.24797326,0.926064,1.0,1
ENSG00000142459,1.3216665,0.24797326,0.92655915,1.0,1
ENSG00000142459,1.321236,0.24797326,0.9256838,1.0,1
ENSG00000165475,1.2960315,0.820858,0.92005867,1.0,1
ENSG00000165475,1.2974983,0.820858,0.9204446,1.0,1
ENSG00000165475,1.2965508,0.820858,0.9206675,1.0,1
ENSG00000165475,1.2972037,0.820858,0.9207931,1.0,1
ENSG00000165475,1.2977852,0.820858,0.9200228,1.0,1
ENSG00000165475,1.2965771,0.820858,0.9210664,1.0,1
ENSG00000165475,1.2983571,0.820858,0.920428,5.9604645e-08,1
ENSG00000103126,1.273486,0.9132839,0.92486566,1.0,1
ENSG00000103126,1.2733904,0.9132839,0.9248942,0.092689335,1
ENSG00000104883,1.3263992,0.041392684,0.923827,1.0,1
ENSG00000137474,1.2579248,-0.69896996,0.9294478,1.0,1
ENSG00000078061,1.348525,1.5990092,0.92475796,1.0,1
ENSG00000078061,1.3490245,1.5990092,0.92481995,1.0,1
ENSG00000111832,1.3456438,1.5114822,0.92296326,1.0,1
ENSG00000111832,1.3466563,1.5114822,0.9228607,0.9365782,1
ENSG00000172020,1.2400216,-0.9208188,0.92642707,1.0,1
ENSG00000185818,1.2476336,0.5526682,0.92442656,1.0,1
ENSG00000008441,1.3089404,0.48144263,0.9247639,1.0,1
ENSG00000136986,1.353717,1.4865721,0.92095625,1.0,1
ENSG00000136986,1.3523002,1.4865721,0.9208633,1.0,1
ENSG00000213024,1.3318226,1.280806,0.9151261,1.0,1
ENSG00000213024,1.3322277,1.280806,0.9150656,1.0,1
ENSG00000213024,1.3322277,1.280806,0.9150656,1.0,1
ENSG00000213024,1.330967,1.280806,0.9149185,0.0068493485,1
ENSG00000213024,1.3322277,1.280806,0.9150656,0.07207841,1
ENSG00000213024,1.3315439,1.280806,0.91505164,0.020679533,1
ENSG00000214013,1.3397036,1.17667,0.9230399,1.0,1
ENSG00000128159,1.3111588,1.0461048,0.92281437,1.0,1
ENSG00000128159,1.3124068,1.0461048,0.92310613,1.0,1
ENSG00000132109,1.2551801,1.1556396,0.92356503,1.0,1
ENSG00000132109,1.2633878,1.1556396,0.92259973,1.0,1
ENSG00000007541,1.289026,1.0852906,0.92428225,1.0,1
ENSG00000007541,1.2887803,1.0852906,0.92433745,1.0,1
ENSG00000007541,1.2879385,1.0852906,0.92386794,0.20547944,1
ENSG00000007541,1.2884357,1.0852906,0.924122,0.28431374,1
ENSG00000189067,1.2707388,0.6884198,0.92571306,1.0,1
ENSG00000189067,1.2711097,0.6884198,0.9265443,0.0064103007,1
ENSG00000160199,1.3425652,1.2869053,0.9217859,1.0,1
ENSG00000160199,1.3438039,1.2869053,0.9216198,0.92412454,1
ENSG00000164053,1.3055931,0.90902084,0.9196933,1.0,1
ENSG00000164053,1.3056666,0.90902084,0.91995484,0.627972,1
ENSG00000164053,1.3064436,0.90902084,0.9195697,0.87162167,1
ENSG00000173852,1.3236318,1.3586961,0.9206528,1.0,1
ENSG00000173852,1.3222476,1.3586961,0.9189293,1.0,1
ENSG00000173852,1.32412,1.3586961,0.92234606,1.0,1
ENSG00000173852,1.3252032,1.3586961,0.9221873,1.0,1
ENSG00000198162,1.3150301,1.1580608,0.9193596,1.0,1
ENSG00000174891,1.3391032,1.1379867,0.91646194,1.0,1
ENSG00000174891,1.3391032,1.1379867,0.91646194,1.0,1
ENSG00000108587,1.3645763,1.2013971,0.92158616,1.0,1
ENSG00000108587,1.3644259,1.2013971,0.9222232,0.02131021,1
ENSG00000237649,1.3575577,1.8893017,0.9205325,1.0,1
ENSG00000144591,1.3464587,1.9159799,0.9235263,1.0,1
ENSG00000115368,1.3364538,1.839855,0.92068696,1.0,1
ENSG00000115368,1.3359271,1.839855,0.92212653,0.0028753877,1
ENSG00000135482,1.2917992,-0.017728806,0.9219805,1.0,1
ENSG00000111450,1.3468938,1.6092741,0.91734093,1.0,1
ENSG00000014138,1.3502812,1.9872639,0.92638254,1.0,1
ENSG00000014138,1.3518245,1.9872639,0.9260691,0.47347936,1
ENSG00000029993,1.3056858,1.360404,0.92337656,1.0,1
ENSG00000029993,1.3092618,1.360404,0.9224797,1.0,1
ENSG00000061273,1.3248881,1.4109459,0.92199194,1.0,1
ENSG00000061273,1.3252496,1.4109459,0.9219371,1.0,1
ENSG00000061273,1.3248339,1.4109459,0.92204,5.9604645e-08,1
ENSG00000061273,1.3253685,1.4109459,0.92176586,0.42357278,1
ENSG00000061273,1.3250893,1.4109459,0.9219136,1.0,1
ENSG00000157800,1.3442209,1.7117229,0.9230768,1.0,1
ENSG00000157800,1.3447527,1.7117229,0.92283976,0.991929,1
ENSG00000157800,1.3445814,1.7117229,0.92306095,0.9867462,1
ENSG00000153561,1.2856061,1.3207692,0.9237529,1.0,1
ENSG00000130052,1.278185,1.1866739,0.9181793,1.0,1
ENSG00000168916,1.234084,-0.14266741,0.9294348,1.0,1
ENSG00000183423,1.2468731,-0.6575773,0.92284626,1.0,1
ENSG00000163872,1.3089783,1.4508647,0.9211146,1.0,1
ENSG00000173575,1.3195645,1.6728364,0.9254459,1.0,1
ENSG00000173575,1.3189315,1.6728364,0.92505866,1.0,1
ENSG00000173575,1.3189019,1.6728364,0.92525923,1.0,1
ENSG00000173153,1.3300819,1.3740147,0.92257404,1.0,1
ENSG00000173153,1.3294597,1.3740147,0.9225193,0.9982759,1
ENSG00000173153,1.3295342,1.3740147,0.9225076,0.99346405,1
ENSG00000101290,1.3410233,1.6155292,0.9209601,1.0,1
ENSG00000101290,1.3410184,1.6155292,0.9208957,1.0,1
ENSG00000101290,1.3407032,1.6155292,0.9206183,0.14538312,1
ENSG00000135249,1.337142,1.7134905,0.9233559,1.0,1
ENSG00000139437,1.3177559,1.0534626,0.9224239,1.0,1
ENSG00000139437,1.3148667,1.0534626,0.9219994,1.0,1
ENSG00000138593,1.3258213,1.0017337,0.92363137,1.0,1
ENSG00000138593,1.3255357,1.0017337,0.9241085,1.0,1
ENSG00000138593,1.3247385,1.0017337,0.923751,0.23367703,1
ENSG00000100596,1.32266,1.3396502,0.92262316,1.0,1
ENSG00000158815,1.2690632,-0.5686362,0.92888755,1.0,1
ENSG00000170876,1.3569064,1.5630062,0.92543846,1.0,1
ENSG00000170876,1.3570472,1.5630062,0.9252595,1.0,1
ENSG00000170876,1.3557286,1.5630062,0.9249004,1.0,1
ENSG00000170876,1.3557866,1.5630062,0.9250626,1.0,1
ENSG00000170876,1.3558348,1.5630062,0.9249777,1.0,1
ENSG00000130208,1.3118982,2.0516925,0.9229064,1.0,1
ENSG00000130208,1.3148421,2.0516925,0.9234125,1.0,1
ENSG00000131398,1.2732468,0.36921585,0.92501944,1.0,1
ENSG00000131398,1.2735689,0.36921585,0.9250505,1.0,1
ENSG00000131398,1.2733626,0.36921585,0.9246801,1.0,1
ENSG00000131398,1.2739997,0.36921585,0.92543256,1.0,1
ENSG00000131398,1.2734466,0.36921585,0.92463416,0.39512196,1
ENSG00000198189,1.3350906,1.7759016,0.91818297,1.0,1
ENSG00000121749,1.3471367,1.5784099,0.9246794,1.0,1
ENSG00000121749,1.3444862,1.5784099,0.92459446,5.9604645e-08,1
ENSG00000121749,1.3449637,1.5784099,0.9246579,0.0064103007,1
ENSG00000121749,1.343844,1.5784099,0.92476934,0.98317313,1
ENSG00000121749,1.3437959,1.5784099,0.9248256,0.05809301,1
ENSG00000112079,1.3457792,1.2352759,0.92503095,1.0,1
ENSG00000168517,1.3199141,0.053078413,0.9210405,1.0,1
ENSG00000163507,1.3321016,1.3386557,0.9180371,1.0,1
ENSG00000163507,1.3344349,1.3386557,0.91765165,1.0,1
ENSG00000162430,1.2903225,0.757396,0.9245884,1.0,1
ENSG00000164404,1.3202932,-0.14266741,0.9239505,1.0,1
ENSG00000164404,1.321451,-0.14266741,0.9239037,1.0,1
ENSG00000101384,1.2558755,-0.7447275,0.923887,1.0,1
ENSG00000101384,1.2544372,-0.7447275,0.92442375,1.0,1
ENSG00000101384,1.255782,-0.7447275,0.9223823,1.0,1
ENSG00000101384,1.2529883,-0.7447275,0.9235811,1.0,1
ENSG00000101384,1.2522953,-0.7447275,0.9218435,1.0,1
ENSG00000101384,1.2553807,-0.7447275,0.92320234,1.0,1
ENSG00000114902,1.3271741,1.7300551,0.92097604,1.0,1
ENSG00000114902,1.3278416,1.7300551,0.9214333,1.0,1
ENSG00000172339,1.3349462,0.36921585,0.92366785,1.0,1
ENSG00000146414,1.3244537,1.2792104,0.9200552,1.0,1
ENSG00000146414,1.3245465,1.2792104,0.92081064,1.0,1
ENSG00000171148,1.3668723,1.6979264,0.923623,1.0,1
ENSG00000171148,1.3661343,1.6979264,0.92313397,1.0,1
ENSG00000101413,1.3384447,1.4312029,0.9242132,1.0,1
ENSG00000134248,1.3482496,2.6253228,0.92396843,1.0,1
ENSG00000134248,1.3480705,2.6253228,0.92381406,1.0,1
ENSG00000134248,1.3481057,2.6253228,0.92385906,0.014705539,1
ENSG00000164934,1.3299221,2.0122888,0.91873944,1.0,1
ENSG00000186792,1.3011498,0.6928469,0.9238054,0.9735974,1
ENSG00000147124,1.2771866,0.667453,0.92056143,1.0,1
ENSG00000141384,1.318685,1.1658376,0.91747224,1.0,1
ENSG00000160691,1.3306574,1.7640266,0.92368984,1.0,1
ENSG00000103599,1.336691,0.4014005,0.92072254,1.0,1
ENSG00000181035,1.3422614,1.1592664,0.92210966,1.0,1
ENSG00000181035,1.341853,1.1592664,0.92192465,1.0,1
ENSG00000120370,1.332216,1.0394142,0.91477966,1.0,1
ENSG00000120370,1.3304195,1.0394142,0.9146626,1.0,1
ENSG00000120370,1.3304195,1.0394142,0.9146626,1.0,1
ENSG00000067955,1.3624511,1.5532761,0.9241999,1.0,1
ENSG00000067955,1.3627579,1.5532761,0.92431533,0.98945314,1
ENSG00000145388,1.3289645,1.2935835,0.92012316,1.0,1
ENSG00000145388,1.3298836,1.2935835,0.92051405,1.0,1
ENSG00000090487,1.3435472,1.6517624,0.9249462,1.0,1
ENSG00000090487,1.3435597,1.6517624,0.924742,1.0,1
ENSG00000090487,1.3433918,1.6517624,0.9250654,0.98879623,1
ENSG00000240053,1.252198,1.162863,0.9234873,1.0,1
ENSG00000132256,1.3323739,1.1146109,0.9212031,1.0,1
ENSG00000132256,1.3340573,1.1146109,0.92101926,0.8552876,1
ENSG00000136932,1.3369993,1.080987,0.92223763,1.0,1
ENSG00000136932,1.3363056,1.080987,0.92219514,0.5799595,1
ENSG00000156510,1.2519636,-0.88605666,0.9232509,1.0,1
ENSG00000156510,1.2524321,-0.88605666,0.9229872,1.0,1
ENSG00000103994,1.3154812,1.3868555,0.9254788,1.0,1
ENSG00000103994,1.3167664,1.3868555,0.9256996,1.0,1
ENSG00000057019,1.3143023,0.9365137,0.92116714,1.0,1
ENSG00000057019,1.3116252,0.9365137,0.92093843,0.08260107,1
ENSG00000137492,1.2907419,1.8055687,0.92154783,1.0,1
ENSG00000137492,1.2908605,1.8055687,0.9209976,1.0,1
ENSG00000137492,1.2906406,1.8055687,0.920784,1.0,1
ENSG00000165185,1.306859,0.9740509,0.92086345,1.0,1
ENSG00000213983,1.3229702,1.8955882,0.92273325,1.0,1
ENSG00000213983,1.3202727,1.8955882,0.92248446,1.0,1
ENSG00000213983,1.3211843,1.8955882,0.9226574,0.69397044,1
ENSG00000044090,1.3406976,1.3767594,0.92362636,1.0,1
ENSG00000136450,1.38422,2.4945998,0.9184537,1.0,1
ENSG00000136450,1.3843609,2.4945998,0.91828907,1.0,1
ENSG00000179943,1.3297467,0.54032946,0.91747457,1.0,1
ENSG00000179943,1.3291148,0.54032946,0.91739947,0.17454547,1
ENSG00000128891,1.3411372,1.4581845,0.9180269,1.0,1
ENSG00000132205,1.2376652,-0.46852112,0.92642367,1.0,1
ENSG00000132205,1.2396683,-0.46852112,0.92629206,1.0,1
ENSG00000132205,1.2378471,-0.46852112,0.9264529,1.0,1
ENSG00000162738,1.2672623,0.53147894,0.9249687,1.0,1
ENSG00000028203,1.3217671,1.6555226,0.92012364,1.0,1
ENSG00000028203,1.322201,1.6555226,0.9197406,0.8412138,1
ENSG00000028203,1.3210105,1.6555226,0.919842,0.7894737,1
ENSG00000028203,1.3209018,1.6555226,0.91992956,0.94854206,1
ENSG00000028203,1.3226701,1.6555226,0.92027783,0.35714287,1
ENSG00000028203,1.3213638,1.6555226,0.9203708,5.9604645e-08,1
ENSG00000076924,1.3515229,1.3422252,0.92515385,1.0,1
ENSG00000010278,1.295394,0.8463371,0.92643356,1.0,1
ENSG00000010278,1.2966969,0.8463371,0.92628765,0.14880955,1
ENSG00000204463,1.4546118,2.0528092,0.9095416,1.0,1
ENSG00000204463,1.4537115,2.0528092,0.9095866,0.4985125,1
ENSG00000204463,1.454739,2.0528092,0.9094423,0.9256279,1
ENSG00000050327,1.2319397,-0.552842,0.9317518,1.0,1
ENSG00000050327,1.2318444,-0.552842,0.9315566,1.0,1
ENSG00000096401,1.3680458,1.3180633,0.9224044,1.0,1
ENSG00000163933,1.3200982,1.2052044,0.9231927,1.0,1
ENSG00000036672,1.2988781,0.5453071,0.9210015,1.0,1
ENSG00000036672,1.2986954,0.5453071,0.92096156,1.0,1
ENSG00000036672,1.2985392,0.5453071,0.9214059,1.0,1
ENSG00000181222,1.3409436,0.9479236,0.9230118,1.0,1
ENSG00000162591,1.2579937,-0.7447275,0.92707914,1.0,1
ENSG00000134283,1.3434744,1.903307,0.9195586,1.0,1
ENSG00000134283,1.3425792,1.903307,0.9189926,1.0,1
ENSG00000134283,1.3423991,1.903307,0.9199742,0.14871556,1
ENSG00000134283,1.343167,1.903307,0.9198992,0.57435775,1
ENSG00000134283,1.3396846,1.903307,0.9190679,0.035823762,1
ENSG00000134283,1.3450227,1.903307,0.92002183,0.9701349,1
ENSG00000150756,1.4015293,1.4962375,0.91571873,1.0,1
ENSG00000150756,1.4015293,1.4962375,0.91571873,1.0,1
ENSG00000150756,1.3993436,1.4962375,0.9159306,1.0,1
ENSG00000150756,1.4000921,1.4962375,0.91623443,1.0,1
ENSG00000150756,1.3998868,1.4962375,0.915715,0.7094562,1
ENSG00000150756,1.4020786,1.4962375,0.91585183,0.4747673,1
ENSG00000139517,1.286623,0.48995847,0.92047346,1.0,1
ENSG00000188859,1.2680361,-0.552842,0.9216093,1.0,1
ENSG00000146411,1.2504562,0.11058974,0.92351943,1.0,1
ENSG00000035141,1.3123926,1.8196096,0.91979164,1.0,1
ENSG00000035141,1.3127476,1.8196096,0.9198602,1.0,1
ENSG00000035141,1.3111821,1.8196096,0.9197614,0.006654203,1
ENSG00000173264,1.3317688,0.8363241,0.92225987,1.0,1
ENSG00000173264,1.3317688,0.8363241,0.92225987,1.0,1
ENSG00000173264,1.3317688,0.8363241,0.92225987,1.0,1
ENSG00000173264,1.3315487,0.8363241,0.9220424,1.0,1
ENSG00000173264,1.331351,0.8363241,0.9217541,0.7809524,1
ENSG00000173264,1.3315697,0.8363241,0.92205966,0.8428572,1
ENSG00000163156,1.3460317,1.198107,0.92082906,1.0,1
ENSG00000184083,1.2664375,0.25767863,0.92100227,1.0,1
ENSG00000184708,1.3076168,1.0951693,0.919895,0.012254953,1
ENSG00000100697,1.2975734,1.1858253,0.9227019,1.0,1
ENSG00000100697,1.297989,1.1858253,0.922012,1.0,1
ENSG00000100697,1.2904932,1.1858253,0.92233807,0.99874216,1
ENSG00000100697,1.2978464,1.1858253,0.92135257,0.061340928,1
ENSG00000100697,1.2972964,1.1858253,0.9221049,0.01997149,1
ENSG00000117362,1.3450038,1.9643538,0.92496765,1.0,1
ENSG00000117362,1.3447493,1.9643538,0.9249699,0.9988132,1
ENSG00000117362,1.3466749,1.9643538,0.9251349,0.9878758,1
ENSG00000080603,1.336132,0.53781915,0.92823714,1.0,1
ENSG00000080603,1.3362161,0.53781915,0.9282152,1.0,1
ENSG00000080603,1.3353281,0.53781915,0.92798984,1.0,1
ENSG00000080603,1.334995,0.53781915,0.92783254,0.83695656,1
ENSG00000064666,1.3389933,1.5922878,0.92423457,1.0,1
ENSG00000064666,1.3389933,1.5922878,0.92423457,1.0,1
ENSG00000064666,1.3389361,1.5922878,0.9242292,0.99647164,1
ENSG00000163463,1.3635384,2.0860748,0.9187237,1.0,1
ENSG00000163463,1.363963,2.0860748,0.91886395,1.0,1
ENSG00000163463,1.3633465,2.0860748,0.9186964,1.0,1
ENSG00000102103,1.3505312,1.7841178,0.92280596,1.0,1
ENSG00000102103,1.3509027,1.7841178,0.92286134,1.0,1
ENSG00000085998,1.3364793,1.5644293,0.9245898,1.0,1
ENSG00000085998,1.3374945,1.5644293,0.92483354,0.98061043,1
ENSG00000198176,1.2868301,1.822495,0.922055,1.0,1
ENSG00000198176,1.2887386,1.822495,0.9207044,0.93762,1
ENSG00000175854,1.3822484,2.0201125,0.92262673,1.0,1
ENSG00000175854,1.3820822,2.0201125,0.9226798,1.0,1
ENSG00000010626,1.3017142,0.7671559,0.9241418,1.0,1
ENSG00000010626,1.302303,0.7671559,0.9244721,1.0,1
ENSG00000104818,1.2627562,-0.72124636,0.9283493,1.0,1
ENSG00000104818,1.2616225,-0.72124636,0.9282989,1.0,1
ENSG00000093010,1.4144957,2.4356375,0.9012435,1.0,1
ENSG00000093010,1.4141198,2.4356375,0.90102446,1.0,1
ENSG00000154957,1.3057127,0.63548374,0.92190593,1.0,1
ENSG00000154957,1.3045554,0.63548374,0.92123586,1.0,1
ENSG00000100605,1.30791,1.3767594,0.92234355,1.0,1
ENSG00000100605,1.3069758,1.3767594,0.92226547,0.96391153,1
ENSG00000148356,1.3479062,0.63245726,0.922897,1.0,1
ENSG00000148356,1.3474197,0.63245726,0.922858,1.0,1
ENSG00000148356,1.3476813,0.63245726,0.9228202,0.9933775,1
ENSG00000138375,1.3290664,1.349666,0.92027104,1.0,1
ENSG00000138375,1.3244376,1.349666,0.9193365,0.94951236,1
ENSG00000125945,1.352082,0.8494194,0.9127345,1.0,1
ENSG00000010803,1.3270216,1.4431064,0.9233331,1.0,1
ENSG00000010803,1.3276538,1.4431064,0.9233867,1.0,1
ENSG00000010803,1.3271462,1.4431064,0.9236516,1.0,1
ENSG00000010803,1.328484,1.4431064,0.923668,1.0,1
ENSG00000010803,1.328484,1.4431064,0.923668,1.0,1
ENSG00000010803,1.3272686,1.4431064,0.9231522,1.0,1
ENSG00000010803,1.3276712,1.4431064,0.92333424,1.0,1
ENSG00000010803,1.3271462,1.4431064,0.92309964,0.56201047,1
ENSG00000010803,1.3273802,1.4431064,0.9231283,0.767624,1
ENSG00000010803,1.3275508,1.4431064,0.9234179,0.27987427,1
ENSG00000171208,1.2967542,1.3787612,0.92178446,1.0,1
ENSG00000171208,1.2977493,1.3787612,0.92283136,1.0,1
ENSG00000171208,1.2924404,1.3787612,0.92067206,1.0,1
ENSG00000171208,1.2977139,1.3787612,0.921868,1.0,1
ENSG00000124067,1.3356587,1.4531653,0.9257997,1.0,1
ENSG00000124067,1.3370697,1.4531653,0.925928,1.0,1
ENSG00000124067,1.3378124,1.4531653,0.9261769,1.0,1
ENSG00000124067,1.3379053,1.4531653,0.92606103,0.0828352,1
ENSG00000124067,1.3378124,1.4531653,0.9261769,0.7656827,1
ENSG00000155755,1.277133,1.154424,0.9261792,1.0,1
ENSG00000155755,1.2842567,1.154424,0.92483246,1.0,1
ENSG00000155755,1.2795768,1.154424,0.92569655,1.0,1
ENSG00000155755,1.2795627,1.154424,0.9253694,1.0,1
ENSG00000155755,1.2785159,1.154424,0.92701817,1.0,1
ENSG00000155755,1.2848157,1.154424,0.9257431,1.0,1
ENSG00000176208,1.3207875,1.2027607,0.9206298,1.0,1
ENSG00000172239,1.3389828,2.1279466,0.92343444,1.0,1
ENSG00000128581,1.3312247,0.72997427,0.92123127,1.0,1
ENSG00000128581,1.3305533,0.72997427,0.92169964,0.87015945,1
ENSG00000128581,1.3306792,0.72997427,0.9217564,0.8967136,1
ENSG00000128581,1.3307198,0.72997427,0.9215083,5.9604645e-08,1
ENSG00000028116,1.3422028,1.4935974,0.919088,1.0,1
ENSG00000028116,1.343545,1.4935974,0.9182411,1.0,1
ENSG00000028116,1.3437669,1.4935974,0.9181077,1.0,1
ENSG00000028116,1.3432637,1.4935974,0.9180797,1.0,1
ENSG00000028116,1.3417076,1.4935974,0.91805816,5.9604645e-08,1
ENSG00000028116,1.344275,1.4935974,0.9181535,5.9604645e-08,1
ENSG00000028116,1.3456016,1.4935974,0.9184148,0.0636754,1
ENSG00000028116,1.3434674,1.4935974,0.9181979,0.8848565,1
ENSG00000028116,1.3439574,1.4935974,0.9190924,0.045859456,1
ENSG00000103490,1.2785517,1.1826999,0.9282876,0.43558955,1
ENSG00000100934,1.2940626,1.5670264,0.9207731,1.0,1
ENSG00000100934,1.293137,1.5670264,0.92053103,0.6999506,1
ENSG00000166529,1.3082229,0.9609462,0.9221194,1.0,1
ENSG00000166529,1.3082235,0.9609462,0.92167866,0.09701496,1
ENSG00000088930,1.341229,1.6702458,0.91900265,1.0,1
ENSG00000088930,1.342719,1.6702458,0.91961485,1.0,1
ENSG00000088930,1.3387005,1.6702458,0.92060906,1.0,1
ENSG00000164309,1.2379373,-0.4089353,0.9237907,1.0,1
ENSG00000164309,1.2378396,-0.4089353,0.92702335,1.0,1
ENSG00000087995,1.3070861,1.41397,0.9204551,1.0,1
ENSG00000087995,1.3113791,1.41397,0.9208245,0.8200837,1
ENSG00000101882,1.3100686,0.6848454,0.9197906,1.0,1
ENSG00000101882,1.3096327,0.6848454,0.9199622,1.0,1
ENSG00000215717,1.3650508,1.3149201,0.92333275,1.0,1
ENSG00000188938,1.2980659,1.4747988,0.9244067,1.0,1
ENSG00000188938,1.300227,1.4747988,0.9252474,0.4056328,1
ENSG00000057608,1.3534503,2.2882044,0.92176443,1.0,1
ENSG00000057608,1.3525698,2.2882044,0.9208855,1.0,1
ENSG00000057608,1.3524036,2.2882044,0.92171806,0.9171791,1
ENSG00000164070,1.325701,1.0178677,0.9224763,1.0,1
ENSG00000164070,1.325847,1.0178677,0.9224727,0.9844961,1
ENSG00000108518,1.3339623,2.5666847,0.924772,1.0,1
ENSG00000175764,1.2738345,0.28103334,0.9228884,1.0,1
ENSG00000175764,1.2725093,0.28103334,0.92321414,0.3975904,1
ENSG00000020633,1.2484001,-0.9208188,0.9276157,1.0,1
ENSG00000169359,1.3345145,1.3277675,0.9211627,1.0,1
ENSG00000163807,1.3396074,1.4502491,0.9167953,1.0,1
ENSG00000164182,1.3376555,1.6754117,0.9195563,1.0,1
ENSG00000164182,1.3376291,1.6754117,0.91849035,1.0,1
ENSG00000164182,1.3376291,1.6754117,0.91849035,0.94950426,1
ENSG00000117560,1.2572892,-0.9208188,0.92453647,1.0,1
ENSG00000197142,1.266771,-0.045757413,0.9244726,1.0,1
ENSG00000149922,1.3228745,-0.69896996,0.92369425,1.0,1
ENSG00000166321,1.337442,0.9329808,0.9217792,1.0,1
ENSG00000166321,1.337442,0.9329808,0.9217792,1.0,1
ENSG00000166321,1.3375027,0.9329808,0.92121,1.0,1
ENSG00000166321,1.3378356,0.9329808,0.92120385,1.0,1
ENSG00000166321,1.3386837,0.9329808,0.9216342,1.0,1
ENSG00000166321,1.3386837,0.9329808,0.9216342,1.0,1
ENSG00000166321,1.3331691,0.9329808,0.9209941,1.0,1
ENSG00000166321,1.3379017,0.9329808,0.92191213,1.0,1
ENSG00000166321,1.3382249,0.9329808,0.9215879,1.0,1
ENSG00000141027,1.3025172,1.6990569,0.9218724,1.0,1
ENSG00000141027,1.3032025,1.6990569,0.9212228,1.0,1
ENSG00000141027,1.3018742,1.6990569,0.9212447,1.0,1
ENSG00000141027,1.302482,1.6990569,0.921194,1.0,1
ENSG00000141027,1.3027394,1.6990569,0.92129016,0.33444816,1
ENSG00000141027,1.3018876,1.6990569,0.9214483,0.25744128,1
ENSG00000141027,1.3022985,1.6990569,0.920816,0.2959845,1
ENSG00000158711,1.3239524,0.9444827,0.9241884,1.0,1
ENSG00000158711,1.3238899,0.9444827,0.9241655,1.0,1
ENSG00000158711,1.3242836,0.9444827,0.92447853,1.0,1
ENSG00000159479,1.3594807,1.3298045,0.92465335,1.0,1
ENSG00000159479,1.3608401,1.3298045,0.9247853,1.0,1
ENSG00000159479,1.3604861,1.3298045,0.92489415,1.0,1
ENSG00000187796,1.3146043,1.1775365,0.9253114,1.0,1
ENSG00000187796,1.3156861,1.1775365,0.9247217,1.0,1
ENSG00000170324,1.2497698,0.079181194,0.92559433,1.0,1
ENSG00000139613,1.326903,1.6319509,0.92403543,1.0,1
ENSG00000139613,1.3279978,1.6319509,0.9239344,0.9620438,1
ENSG00000139613,1.327615,1.6319509,0.9239599,0.35400516,1
ENSG00000111319,1.2498142,-0.61978865,0.92536324,1.0,1
ENSG00000111319,1.2497923,-0.61978865,0.92568034,1.0,1
ENSG00000111319,1.2511696,-0.61978865,0.92561424,1.0,1
ENSG00000114812,1.2917733,-0.61978865,0.92581445,1.0,1
ENSG00000198952,1.3377883,1.5755342,0.92600435,1.0,1
ENSG00000198952,1.3392831,1.5755342,0.92624927,1.0,1
ENSG00000198952,1.3378141,1.5755342,0.92583346,1.0,1
ENSG00000156535,1.2487108,-0.88605666,0.92572117,1.0,1
ENSG00000133321,1.2933202,-0.30980396,0.92566514,1.0,1
ENSG00000133321,1.2929041,-0.30980396,0.9260836,1.0,1
ENSG00000130304,1.3116518,0.117271304,0.923535,1.0,1
ENSG00000122483,1.3160995,1.2400497,0.91761255,1.0,1
ENSG00000122483,1.3170404,1.2400497,0.91851854,1.0,1
ENSG00000172057,1.3191528,1.5855734,0.9243958,1.0,1
ENSG00000205236,1.249086,-0.72124636,0.9190922,1.0,1
ENSG00000086061,1.3365201,2.133858,0.9229406,1.0,1
ENSG00000086061,1.3339757,2.133858,0.92251915,1.0,1
ENSG00000086061,1.3337188,2.133858,0.9224267,1.0,1
ENSG00000047315,1.3258225,2.1932638,0.9201387,1.0,1
ENSG00000047315,1.324371,2.1932638,0.9198843,1.0,1
ENSG00000047315,1.3260627,2.1932638,0.9204213,1.0,1
ENSG00000047315,1.3232986,2.1932638,0.92035764,1.0,1
ENSG00000047315,1.3234539,2.1932638,0.92025465,1.0,1
ENSG00000047315,1.3249602,2.1932638,0.92012,1.0,1
ENSG00000047315,1.3251888,2.1932638,0.9203057,5.9604645e-08,1
ENSG00000047315,1.3259206,2.1932638,0.9198111,0.78316545,1
ENSG00000137103,1.2855312,0.2966652,0.92577285,1.0,1
ENSG00000137103,1.2846425,0.2966652,0.92557526,1.0,1
ENSG00000137103,1.2836081,0.2966652,0.92467535,1.0,1
ENSG00000137103,1.2847844,0.2966652,0.9250812,1.0,1
ENSG00000137103,1.2845547,0.2966652,0.92517495,1.0,1
ENSG00000100403,1.2985972,1.2482185,0.9213491,1.0,1
ENSG00000101596,1.3311517,1.746712,0.9242266,1.0,1
ENSG00000101596,1.3357711,1.746712,0.9243826,1.0,1
ENSG00000101596,1.3347675,1.746712,0.9238413,1.0,1
ENSG00000101596,1.333775,1.746712,0.92473346,1.0,1
ENSG00000101596,1.3379755,1.746712,0.92471623,0.021551788,1
ENSG00000101596,1.3325112,1.746712,0.92453253,0.021551788,1
ENSG00000101596,1.3329841,1.746712,0.924114,0.021551788,1
ENSG00000065308,1.3368225,0.81291336,0.925575,1.0,1
ENSG00000156384,1.3167557,0.69810057,0.9205916,1.0,1
ENSG00000067064,1.3449655,2.2841597,0.91954887,1.0,1
ENSG00000067064,1.3454788,2.2841597,0.91993076,1.0,1
ENSG00000067064,1.3444703,2.2841597,0.9201542,1.0,1
ENSG00000067064,1.3434973,2.2841597,0.9197592,0.8615303,1
ENSG00000126562,1.3265569,0.7176705,0.9225619,1.0,1
ENSG00000126562,1.3270296,0.7176705,0.9224794,1.0,1
ENSG00000126562,1.3269911,0.7176705,0.9225025,1.0,1
ENSG00000119514,1.2906475,1.8222988,0.927582,1.0,1
ENSG00000204634,1.2637721,-0.004364848,0.92377824,1.0,1
ENSG00000117139,1.2987034,1.7192483,0.9218283,1.0,1
ENSG00000100890,1.3171717,1.4496326,0.91865534,1.0,1
ENSG00000100890,1.3171717,1.4496326,0.91865534,1.0,1
ENSG00000100890,1.3204306,1.4496326,0.9186197,1.0,1
ENSG00000100890,1.3181945,1.4496326,0.9170948,1.0,1
ENSG00000100890,1.3184922,1.4496326,0.91852736,0.8326289,1
ENSG00000120899,1.3029727,1.3609719,0.92158717,1.0,1
ENSG00000120899,1.3033452,1.3609719,0.92147774,1.0,1
ENSG00000120899,1.3024958,1.3609719,0.92127585,0.8305933,1
ENSG00000091483,1.3364909,2.2148967,0.92103076,1.0,1
ENSG00000091483,1.3371372,2.2148967,0.9204313,1.0,1
ENSG00000091483,1.3342606,2.2148967,0.9207355,1.0,1
ENSG00000011052,1.3400661,1.043755,0.92218196,1.0,1
ENSG00000011052,1.3405855,1.043755,0.9216123,1.0,1
ENSG00000011052,1.3429381,1.043755,0.92214423,5.9604645e-08,1
ENSG00000076984,1.3475298,1.0831442,0.92538315,1.0,1
ENSG00000076984,1.3479753,1.0831442,0.9253976,1.0,1
ENSG00000076984,1.3483269,1.0831442,0.92546165,0.726087,1
ENSG00000076984,1.347257,1.0831442,0.9253707,0.06877732,1
ENSG00000166949,1.3171389,1.1658376,0.922748,1.0,1
ENSG00000166949,1.3171389,1.1658376,0.922748,1.0,1
ENSG00000166949,1.3161763,1.1658376,0.9228907,1.0,1
ENSG00000166949,1.317012,1.1658376,0.92311925,1.0,1
ENSG00000166949,1.3171858,1.1658376,0.9232744,1.0,1
ENSG00000166949,1.317145,1.1658376,0.92300326,1.0,1
ENSG00000160284,1.3190286,1.06032,0.92479336,1.0,1
ENSG00000160284,1.3182931,1.06032,0.9257085,0.02282703,1
ENSG00000103479,1.3179052,1.8020892,0.920372,1.0,1
ENSG00000103479,1.3185894,1.8020892,0.92003715,0.47381487,1
ENSG00000140395,1.3521657,2.1770167,0.9212832,1.0,1
ENSG00000140395,1.3518242,2.1770167,0.92097354,1.0,1
ENSG00000140395,1.3518263,2.1770167,0.9212585,1.0,1
ENSG00000140395,1.3503203,2.1770167,0.92098606,1.0,1
ENSG00000140395,1.3508483,2.1770167,0.9207643,1.0,1
ENSG00000140395,1.3517777,2.1770167,0.9211722,1.0,1
ENSG00000140395,1.3513885,2.1770167,0.92120504,1.0,1
ENSG00000140395,1.3508501,2.1770167,0.9210556,1.0,1
ENSG00000140395,1.3517904,2.1770167,0.9212072,1.0,1
ENSG00000140395,1.351872,2.1770167,0.9210751,1.0,1
ENSG00000117713,1.3113797,1.198657,0.9255158,1.0,1
ENSG00000117713,1.310791,1.198657,0.9252084,1.0,1
ENSG00000146109,1.3330328,1.5653754,0.9228794,1.0,1
ENSG00000035499,1.3361411,1.7120601,0.91889715,1.0,1
ENSG00000035499,1.3356943,1.7120601,0.9195345,0.76389724,1
ENSG00000035499,1.3351792,1.7120601,0.91783476,0.014558315,1
ENSG00000035499,1.3384184,1.7120601,0.9188191,0.0019924045,1
ENSG00000114554,1.2391741,1.5731038,0.9319732,1.0,1
ENSG00000114554,1.2387044,1.5731038,0.9311663,1.0,1
ENSG00000139629,1.2740026,0.79379034,0.9246291,1.0,1
ENSG00000139629,1.2740312,0.79379034,0.924816,1.0,1
ENSG00000139629,1.2737305,0.79379034,0.92477024,0.8932927,1
ENSG00000184232,1.2860274,0.79098845,0.92410165,1.0,1
ENSG00000184232,1.28788,0.79098845,0.92381215,1.0,1
ENSG00000096654,1.3218573,1.0017337,0.9207512,1.0,1
ENSG00000067182,1.3193157,1.351603,0.9230514,1.0,1
ENSG00000067182,1.3195287,1.351603,0.92297935,0.9922929,1
ENSG00000067182,1.3203121,1.351603,0.9232589,0.99613154,1
ENSG00000141428,1.34342,1.6324573,0.9235318,1.0,1
ENSG00000141428,1.34342,1.6324573,0.9235318,1.0,1
ENSG00000141428,1.3436106,1.6324573,0.9237888,1.0,1
ENSG00000131148,1.3454263,1.5896145,0.92333275,1.0,1
ENSG00000131148,1.3461581,1.5896145,0.92291003,0.97209555,1
ENSG00000090932,1.2668902,0.2718416,0.9213414,1.0,1
ENSG00000007168,1.3258203,1.6084191,0.9224958,1.0,1
ENSG00000007168,1.3264916,1.6084191,0.9224766,1.0,1
ENSG00000146757,1.2913193,0.9479236,0.91669935,0.89169145,1
ENSG00000146757,1.2923373,0.9479236,0.9173304,0.05806452,1
ENSG00000146757,1.2915499,0.9479236,0.91645545,0.3333333,1
ENSG00000146757,1.2915587,0.9479236,0.91596705,0.98524594,1
ENSG00000114790,1.2290906,-0.9208188,0.9311508,1.0,1
ENSG00000107164,1.352838,1.4774107,0.92405564,1.0,1
ENSG00000107164,1.3528353,1.4774107,0.923482,1.0,1
ENSG00000107164,1.3533357,1.4774107,0.92362505,1.0,1
ENSG00000107164,1.3508086,1.4774107,0.9236903,1.0,1
ENSG00000168610,1.3538821,1.9132838,0.92681706,1.0,1
ENSG00000168610,1.3528554,1.9132838,0.926901,1.0,1
ENSG00000168610,1.3520834,1.9132838,0.9266282,1.0,1
ENSG00000168610,1.3527908,1.9132838,0.9266404,1.0,1
ENSG00000168610,1.3544726,1.9132838,0.9269347,0.99242425,1
ENSG00000168610,1.3544412,1.9132838,0.926912,0.99973714,1
ENSG00000162642,1.317218,1.4671639,0.92125255,1.0,1
ENSG00000162642,1.3165984,1.4671639,0.92112374,0.42265573,1
ENSG00000181523,1.2814692,0.45178646,0.9249724,1.0,1
ENSG00000181523,1.2819844,0.45178646,0.9255164,0.5828877,1
ENSG00000095564,1.3208575,1.7922516,0.92347,1.0,1
ENSG00000095564,1.3174467,1.7922516,0.92377657,1.0,1
ENSG00000095564,1.3145767,1.7922516,0.9219962,1.0,1
ENSG00000164896,1.3464583,1.6710802,0.92242956,1.0,1
ENSG00000164896,1.3467139,1.6710802,0.92244536,0.99103945,1
ENSG00000117877,1.3293258,0.8530895,0.92678565,1.0,1
ENSG00000101199,1.3331256,1.7181695,0.9223264,1.0,1
ENSG00000101199,1.3327624,1.7181695,0.9224546,0.9925047,1
ENSG00000101199,1.3334854,1.7181695,0.9220452,0.9529221,1
ENSG00000101199,1.3330841,1.7181695,0.9222361,0.01111114,1
ENSG00000101199,1.3323495,1.7181695,0.9221425,0.01296407,1
ENSG00000134970,1.3233838,1.4878451,0.9175499,1.0,1
ENSG00000088356,1.3468615,1.3184807,0.92163146,1.0,1
ENSG00000088356,1.3463526,1.3184807,0.9221921,1.0,1
ENSG00000088356,1.3462988,1.3184807,0.92250896,1.0,1
ENSG00000168894,1.3660663,2.50737,0.92284846,1.0,1
ENSG00000169682,1.323381,1.11294,0.92446023,1.0,1
ENSG00000169682,1.3238838,1.11294,0.92430127,1.0,1
ENSG00000169682,1.3234491,1.11294,0.92377174,0.92849404,1
ENSG00000008394,1.2849919,1.8624295,0.9191961,1.0,1
ENSG00000008394,1.2858815,1.8624295,0.91920745,0.9928535,1
ENSG00000008394,1.2880659,1.8624295,0.9190412,0.0021577477,1
ENSG00000101132,1.3695943,1.6816933,0.9142423,1.0,1
ENSG00000101132,1.3671447,1.6816933,0.91313493,1.0,1
ENSG00000181135,1.2888639,0.5352941,0.9250613,1.0,1
ENSG00000167657,1.2967746,1.3261309,0.92687625,1.0,1
ENSG00000185344,1.3273262,1.8576941,0.9217452,1.0,1
ENSG00000185344,1.3263816,1.8576941,0.9225427,1.0,1
ENSG00000166268,1.256785,-0.9586072,0.9249581,1.0,1
ENSG00000164010,1.3433139,1.2005769,0.92204386,1.0,1
ENSG00000239713,1.2649612,0.88930166,0.9267618,1.0,1
ENSG00000239713,1.2649612,0.88930166,0.9267618,1.0,1
ENSG00000239713,1.2661773,0.88930166,0.9264945,1.0,1
ENSG00000239713,1.2672583,0.88930166,0.9272747,1.0,1
ENSG00000239713,1.2665963,0.88930166,0.92701954,1.0,1
ENSG00000239713,1.265634,0.88930166,0.9271668,0.94387007,1
ENSG00000151208,1.2942188,0.91698,0.9222923,1.0,1
ENSG00000151208,1.2952459,0.91698,0.92226774,0.51023626,1
ENSG00000151208,1.2945793,0.91698,0.92225987,0.037037015,1
ENSG00000072135,1.3482358,1.6394864,0.92061836,1.0,1
ENSG00000072135,1.3497288,1.6394864,0.9199631,1.0,1
ENSG00000072135,1.3498515,1.6394864,0.9206132,1.0,1
ENSG00000155368,1.3498163,2.024034,0.92257404,1.0,1
ENSG00000155368,1.3479083,2.024034,0.9225412,0.00058466196,1
ENSG00000155368,1.3485401,2.024034,0.9225556,0.004561782,1
ENSG00000155368,1.3486571,2.024034,0.922598,5.9604645e-08,1
ENSG00000174928,1.3158629,0.71180725,0.92325974,1.0,1
ENSG00000186994,1.284686,-0.7958801,0.9248303,1.0,1
ENSG00000229809,1.3199116,0.2718416,0.9249848,1.0,1
ENSG00000229809,1.3193357,0.2718416,0.92500573,1.0,1
ENSG00000100209,1.3454008,0.91698,0.9191632,1.0,1
ENSG00000100209,1.345262,0.91698,0.9192265,1.0,1
ENSG00000129315,1.3421074,1.5712428,0.9198057,1.0,1
ENSG00000129315,1.3420521,1.5712428,0.9198757,0.65810716,1
ENSG00000171953,1.3372511,0.9609462,0.92006195,1.0,1
ENSG00000171953,1.3373916,0.9609462,0.91995615,0.9010417,1
ENSG00000171953,1.3371034,0.9609462,0.92028695,0.87536234,1
ENSG00000137747,1.2518083,-0.4559319,0.9271794,1.0,1
ENSG00000137747,1.2516348,-0.4559319,0.9271916,1.0,1
ENSG00000137747,1.2515824,-0.4559319,0.92763156,1.0,1
ENSG00000137747,1.2521394,-0.4559319,0.9276997,1.0,1
ENSG00000137747,1.2515544,-0.4559319,0.927739,1.0,1
ENSG00000137747,1.2513582,-0.4559319,0.9277384,1.0,1
ENSG00000137747,1.2522471,-0.4559319,0.9278822,1.0,1
ENSG00000137747,1.2513806,-0.4559319,0.9277853,1.0,1
ENSG00000137747,1.251719,-0.4559319,0.92796236,1.0,1
ENSG00000137747,1.251719,-0.4559319,0.92796236,1.0,1
ENSG00000137747,1.2524854,-0.4559319,0.9282515,1.0,1
ENSG00000137747,1.2524854,-0.4559319,0.9282515,1.0,1
ENSG00000163686,1.2875453,0.49968714,0.9247233,1.0,1
ENSG00000163686,1.2867464,0.49968714,0.9246065,0.4,1
ENSG00000100767,1.2549798,0.4593925,0.9224051,1.0,1
ENSG00000100767,1.2536858,0.4593925,0.9221075,1.0,1
ENSG00000100767,1.2538754,0.4593925,0.9208265,1.0,1
ENSG00000100767,1.255232,0.4593925,0.92232955,1.0,1
ENSG00000100767,1.2544081,0.4593925,0.9209361,1.0,1
ENSG00000100767,1.2552017,0.4593925,0.92313486,1.0,1
ENSG00000100767,1.2550477,0.4593925,0.92113894,1.0,1
ENSG00000100767,1.2555362,0.4593925,0.91906226,5.9604645e-08,1
ENSG00000100767,1.25513,0.4593925,0.9194566,0.005988002,1
ENSG00000105248,1.3924731,1.0464952,0.9198883,1.0,1
ENSG00000147601,1.3200064,1.1625644,0.9188027,1.0,1
ENSG00000147601,1.3189632,1.1625644,0.91856927,0.39038464,1
ENSG00000174437,1.3367604,1.717504,0.9237041,1.0,1
ENSG00000174437,1.3368862,1.717504,0.92381173,1.0,1
ENSG00000174437,1.3375483,1.717504,0.92331785,0.9757876,1
ENSG00000174437,1.3380347,1.717504,0.9238558,0.03964764,1
ENSG00000101049,1.2756646,-0.26760626,0.9247568,1.0,1
ENSG00000101049,1.2802954,-0.26760626,0.9244656,1.0,1
ENSG00000129250,1.3027143,1.2489536,0.92559254,1.0,1
ENSG00000114796,1.2889785,1.1306553,0.91744244,1.0,1
ENSG00000114796,1.2888638,1.1306553,0.9157096,0.4143948,1
ENSG00000177791,1.2615982,-0.7958801,0.925913,1.0,1
ENSG00000177791,1.2622867,-0.7958801,0.9263381,1.0,1
ENSG00000177791,1.2622011,-0.7958801,0.92643845,1.0,1
ENSG00000154174,1.3262576,1.5732198,0.9205233,1.0,1
ENSG00000154174,1.3237479,1.5732198,0.9204056,1.0,1
ENSG00000154174,1.3246436,1.5732198,0.9208697,1.0,1
ENSG00000154174,1.3222309,1.5732198,0.92122877,1.0,1
ENSG00000154174,1.3224676,1.5732198,0.92092043,1.0,1
ENSG00000154174,1.3244953,1.5732198,0.92096055,1.0,1
ENSG00000154174,1.3259449,1.5732198,0.9204208,1.0,1
ENSG00000154174,1.3244317,1.5732198,0.92066294,1.0,1
ENSG00000171747,1.2663256,-0.49484992,0.9280895,1.0,1
ENSG00000171747,1.2657422,-0.49484992,0.9275498,1.0,1
ENSG00000171747,1.2658833,-0.49484992,0.9278181,1.0,1
ENSG00000130638,1.2948605,2.1444185,0.92202765,1.0,1
ENSG00000130638,1.2960966,2.1444185,0.9220463,1.0,1
ENSG00000130638,1.296246,2.1444185,0.92218524,0.99503726,1
ENSG00000115310,1.3086814,2.0535777,0.9225403,1.0,1
ENSG00000115310,1.3088305,2.0535777,0.92278665,0.42436975,1
ENSG00000115310,1.3087739,2.0535777,0.92254806,0.13550937,1
ENSG00000172954,1.3111016,1.2013971,0.9206067,0.022134423,1
ENSG00000172954,1.3109021,1.2013971,0.92044014,0.046831965,1
ENSG00000196943,1.289881,0.94939,0.9225723,1.0,1
ENSG00000113073,1.2573864,-0.8239088,0.92294985,1.0,1
ENSG00000113073,1.2555432,-0.8239088,0.9237938,1.0,1
ENSG00000105835,1.3386699,1.8743658,0.9227534,1.0,1
ENSG00000105835,1.3378091,1.8743658,0.9225937,1.0,1
ENSG00000119729,1.3288392,1.2372923,0.9211952,1.0,1
ENSG00000119729,1.3259225,1.2372923,0.9216593,1.0,1
ENSG00000108733,1.3169103,0.95085144,0.9248215,1.0,1
ENSG00000104894,1.308824,0.51587385,0.92488694,1.0,1
ENSG00000136938,1.3540367,2.042536,0.9255263,1.0,1
ENSG00000113712,1.3722886,2.1002326,0.92600214,1.0,1
ENSG00000113712,1.3704362,2.1002326,0.9259484,1.0,1
ENSG00000113712,1.371003,2.1002326,0.9260485,1.0,1
ENSG00000070610,1.3030019,1.5948343,0.9247731,1.0,1
ENSG00000176946,1.3040519,1.3666097,0.92423844,1.0,1
ENSG00000176946,1.3051901,1.3666097,0.9234795,1.0,1
ENSG00000176946,1.305067,1.3666097,0.92469996,1.0,1
ENSG00000135845,1.283658,1.6721902,0.9289057,1.0,1
ENSG00000197498,1.3472509,1.820858,0.9208648,1.0,1
ENSG00000197498,1.347464,1.820858,0.9212177,0.7847279,1
ENSG00000125735,1.2628169,-0.4317981,0.9268066,1.0,1
ENSG00000163617,1.2971588,-0.3767506,0.9182808,1.0,1
ENSG00000136840,1.3051692,1.1238517,0.92489696,1.0,1
ENSG00000136840,1.3041406,1.1238517,0.9248363,1.0,1
ENSG00000136840,1.3053895,1.1238517,0.92515373,1.0,1
ENSG00000150773,1.3287461,0.35024804,0.9199628,1.0,1
ENSG00000113812,1.2980591,1.1055101,0.9243174,1.0,1
ENSG00000166797,1.3538567,2.26238,0.92511874,1.0,1
ENSG00000166797,1.3538567,2.26238,0.92511874,1.0,1
ENSG00000166797,1.354856,2.26238,0.92520076,0.51077485,1
ENSG00000125166,1.3295321,1.6043341,0.9217941,1.0,1
ENSG00000125166,1.3296558,1.6043341,0.9211499,1.0,1
ENSG00000119397,1.3288456,1.32695,0.92159486,1.0,1
ENSG00000119397,1.3302057,1.32695,0.92185026,1.0,1
ENSG00000119397,1.3290302,1.32695,0.9221539,1.0,1
ENSG00000137871,1.3181244,1.1401937,0.9188012,1.0,1
ENSG00000137871,1.321185,1.1401937,0.9182985,0.07751942,1
ENSG00000137871,1.3235539,1.1401937,0.91942424,0.11034483,1
ENSG00000137871,1.3208263,1.1401937,0.9181872,0.99752784,1
ENSG00000137871,1.3208529,1.1401937,0.9181408,0.99259263,1
ENSG00000140577,1.3201629,1.09691,0.92325395,1.0,1
ENSG00000140577,1.3212717,1.09691,0.9231398,1.0,1
ENSG00000164823,1.3025423,1.2819419,0.9191289,1.0,1
ENSG00000153975,1.3064461,1.4631461,0.92212605,1.0,1
ENSG00000153975,1.3058186,1.4631461,0.9220621,1.0,1
ENSG00000153975,1.3053775,1.4631461,0.92232484,1.0,1
ENSG00000100505,1.2284876,-0.88605666,0.9223549,1.0,1
ENSG00000148204,1.2739561,-0.552842,0.93145126,1.0,1
ENSG00000141582,1.2999109,0.9344984,0.92416054,1.0,1
ENSG00000141582,1.2996919,0.9344984,0.9242155,1.0,1
ENSG00000141582,1.2996036,0.9344984,0.92366236,1.0,1
ENSG00000146592,1.243537,-0.4089353,0.9223892,1.0,1
ENSG00000139626,1.2566903,0.029383779,0.9241661,1.0,1
ENSG00000102174,1.2505168,-0.9208188,0.92616147,1.0,1
ENSG00000102174,1.2527645,-0.9208188,0.9259773,1.0,1
ENSG00000105750,1.2526045,0.21484387,0.9244018,1.0,1
ENSG00000171604,1.2886664,1.5905074,0.9204918,1.0,1
ENSG00000171604,1.2886664,1.5905074,0.9204918,1.0,1
ENSG00000131446,1.2813877,1.5772619,0.9201823,1.0,1
ENSG00000164221,1.3050331,0.3996737,0.92030066,1.0,1
ENSG00000164221,1.3026018,0.3996737,0.9183917,1.0,1
ENSG00000164221,1.299642,0.3996737,0.9184488,1.0,1
ENSG00000166200,1.3452469,1.8992183,0.92157865,1.0,1
ENSG00000143376,1.3152679,1.0273496,0.9219904,1.0,1
ENSG00000143376,1.3156974,1.0273496,0.9217201,1.0,1
ENSG00000080608,1.3204229,1.5010593,0.9206632,1.0,1
ENSG00000136240,1.3306036,2.0493731,0.92486876,1.0,1
ENSG00000136240,1.3306257,2.0493731,0.92483217,1.0,1
ENSG00000136240,1.3302174,2.0493731,0.92483026,0.79676974,1
ENSG00000161202,1.3155679,1.2805784,0.92353636,1.0,1
ENSG00000166595,1.3550445,2.0856116,0.91851234,1.0,1
ENSG00000169592,1.3544269,1.2695129,0.92606884,1.0,1
ENSG00000169592,1.3544749,1.2695129,0.926341,1.0,1
ENSG00000169592,1.3541741,1.2695129,0.92608744,0.7985866,1
ENSG00000169592,1.3540621,1.2695129,0.9261486,0.54032254,1
ENSG00000169592,1.3539131,1.2695129,0.92650265,0.7124464,1
ENSG00000111644,1.2505124,1.2187979,0.9280701,1.0,1
ENSG00000129636,1.3412489,1.7702627,0.9189775,1.0,1
ENSG00000077585,1.2632363,-0.67778075,0.9203533,1.0,1
ENSG00000174705,1.2452948,-0.8239088,0.9257095,1.0,1
ENSG00000204209,1.3282421,1.3378584,0.92493,1.0,1
ENSG00000204209,1.3283688,1.3378584,0.9248173,1.0,1
ENSG00000204209,1.3283405,1.3378584,0.92487377,1.0,1
ENSG00000204209,1.3283256,1.3378584,0.92483336,1.0,1
ENSG00000116539,1.319147,1.1436392,0.9256865,1.0,1
ENSG00000116539,1.3179686,1.1436392,0.9251201,1.0,1
ENSG00000115112,1.2687021,-0.4559319,0.9275697,1.0,1
ENSG00000124116,1.3301216,-0.88605666,0.9234082,1.0,1
ENSG00000124116,1.3299637,-0.88605666,0.9234655,1.0,1
ENSG00000096070,1.3112384,0.8444772,0.92346203,1.0,1
ENSG00000101266,1.3474944,1.9939649,0.92449677,1.0,1
ENSG00000101266,1.3468425,1.9939649,0.924833,0.966092,1
ENSG00000101266,1.3476917,1.9939649,0.92488986,0.41293535,1
ENSG00000101266,1.3470261,1.9939649,0.9244488,0.8958334,1
ENSG00000041802,1.3332692,1.6168954,0.9246816,1.0,1
ENSG00000041802,1.33373,1.6168954,0.9246678,1.0,1
ENSG00000198874,1.3157526,1.222196,0.92411864,1.0,1
ENSG00000198874,1.3164552,1.222196,0.9236007,1.0,1
ENSG00000198874,1.315071,1.222196,0.9238894,0.9456119,1
ENSG00000250264,1.3196733,-0.4089353,0.92105544,1.0,1
ENSG00000204628,1.3659163,3.5796716,0.9186546,1.0,1
ENSG00000204628,1.3655009,3.5796716,0.91858166,1.0,1
ENSG00000119772,1.2552361,0.5693739,0.92887783,1.0,1
ENSG00000119772,1.2551112,0.5693739,0.92894715,1.0,1
ENSG00000119772,1.2545131,0.5693739,0.928748,0.014388502,1
ENSG00000085231,1.357859,1.9846623,0.9196772,1.0,1
ENSG00000085231,1.3581183,1.9846623,0.9195028,1.0,1
ENSG00000085231,1.358263,1.9846623,0.91948634,1.0,1
ENSG00000188211,1.2577416,1.2657609,0.9228186,1.0,1
ENSG00000188211,1.2582691,1.2657609,0.92336786,1.0,1
ENSG00000174953,1.3205805,1.852602,0.92329836,1.0,1
ENSG00000174953,1.324955,1.852602,0.92223626,0.9505882,1
ENSG00000174953,1.3307287,1.852602,0.92253554,0.7565558,1
ENSG00000163539,1.342448,1.7298125,0.92372197,1.0,1
ENSG00000162851,1.3449578,1.6788824,0.9205619,1.0,1
ENSG00000204130,1.3373446,1.0232525,0.9220826,1.0,1
ENSG00000204130,1.3369235,1.0232525,0.9222214,1.0,1
ENSG00000182871,1.2839605,0.9375179,0.9266894,1.0,1
ENSG00000169689,1.3614659,2.1456003,0.9200882,1.0,1
ENSG00000169689,1.3617128,2.1456003,0.9199488,1.0,1
ENSG00000169689,1.3627604,2.1456003,0.9199236,1.0,1
ENSG00000169689,1.3616384,2.1456003,0.91996306,1.0,1
ENSG00000169689,1.3626857,2.1456003,0.91993797,1.0,1
ENSG00000169689,1.363509,2.1456003,0.91990787,1.0,1
ENSG00000169689,1.363509,2.1456003,0.91990787,1.0,1
ENSG00000169689,1.3624792,2.1456003,0.9200623,1.0,1
ENSG00000169689,1.3620418,2.1456003,0.92016935,0.16596735,1
ENSG00000169689,1.3620253,2.1456003,0.9200063,0.70225513,1
ENSG00000182670,1.3443558,1.6168954,0.92757934,1.0,1
ENSG00000182670,1.3454949,1.6168954,0.927271,0.7588236,1
ENSG00000137692,1.3456222,2.011232,0.92116874,1.0,1
ENSG00000137692,1.346642,2.011232,0.92239034,1.0,1
ENSG00000164332,1.3449812,1.2669369,0.92463094,1.0,1
ENSG00000164332,1.3471584,1.2669369,0.92493874,1.0,1
ENSG00000168818,1.3427534,1.2655253,0.9189148,1.0,1
ENSG00000136521,1.3620082,1.9242792,0.919764,1.0,1
ENSG00000136521,1.3606676,1.9242792,0.92089325,0.94213504,1
ENSG00000136521,1.3608363,1.9242792,0.9208373,0.96137625,1
ENSG00000136521,1.3613956,1.9242792,0.91983414,0.55063295,1
ENSG00000136521,1.3605378,1.9242792,0.92056805,0.9971993,1
ENSG00000164362,1.255188,0.24551266,0.92799634,1.0,1
ENSG00000186642,1.2732458,0.8954225,0.9271944,1.0,1
ENSG00000134765,1.248584,-0.9586072,0.92695206,1.0,1
ENSG00000134765,1.2466038,-0.9586072,0.92652047,1.0,1
ENSG00000134765,1.2474492,-0.9586072,0.9266713,1.0,1
ENSG00000134765,1.2452321,-0.9586072,0.92570424,1.0,1
ENSG00000134765,1.2477874,-0.9586072,0.92812383,1.0,1
ENSG00000134765,1.2466191,-0.9586072,0.92808616,1.0,1
ENSG00000107821,1.2958095,0.6364879,0.92737967,1.0,1
ENSG00000107821,1.2942545,0.6364879,0.9260137,1.0,1
ENSG00000107821,1.2920234,0.6364879,0.92575353,1.0,1
ENSG00000168026,1.3217428,-0.102372885,0.9235873,1.0,1
ENSG00000168026,1.3217428,-0.102372885,0.9235873,1.0,1
ENSG00000118514,1.2515112,-0.8538718,0.9226508,1.0,1
ENSG00000118514,1.2499394,-0.8538718,0.9223597,1.0,1
ENSG00000118514,1.2497394,-0.8538718,0.92194027,1.0,1
ENSG00000010030,1.2612686,-0.88605666,0.9284837,1.0,1
ENSG00000010030,1.262346,-0.88605666,0.92836833,1.0,1
ENSG00000122068,1.3328784,1.6681994,0.9202063,1.0,1
ENSG00000139370,1.3053566,1.2070955,0.9199723,1.0,1
ENSG00000139370,1.3062658,1.2070955,0.9226533,0.65000004,1
ENSG00000106105,1.3355567,2.6020164,0.9234328,1.0,1
ENSG00000143162,1.3386508,2.3299265,0.92407465,1.0,1
ENSG00000143162,1.3385034,2.3299265,0.92379427,1.0,1
ENSG00000168906,1.3683263,2.8064716,0.9255817,1.0,1
ENSG00000087074,1.3283234,1.5919545,0.92264605,1.0,1
ENSG00000132510,1.2336403,-0.20760822,0.930234,1.0,1
ENSG00000168502,1.2995359,0.9652017,0.93096936,1.0,1
ENSG00000131711,1.2756412,0.7218106,0.9242666,1.0,1
ENSG00000099795,1.3341447,2.1148777,0.9223883,1.0,1
ENSG00000067836,1.3502958,1.1065308,0.92334217,1.0,1
ENSG00000067836,1.3502222,1.1065308,0.9232392,1.0,1
ENSG00000067836,1.3508136,1.1065308,0.9225668,1.0,1
ENSG00000067836,1.3511903,1.1065308,0.92247707,1.0,1
ENSG00000067836,1.3510323,1.1065308,0.9228249,1.0,1
ENSG00000067836,1.3506982,1.1065308,0.9229957,1.0,1
ENSG00000067836,1.3506756,1.1065308,0.92296743,1.0,1
ENSG00000067836,1.3510485,1.1065308,0.92290026,0.42397663,1
ENSG00000125148,1.3384651,1.1746411,0.9236421,1.0,1
ENSG00000125148,1.3385727,1.1746411,0.9237571,1.0,1
ENSG00000116852,1.2810708,0.9642596,0.9232494,1.0,1
ENSG00000116852,1.280823,0.9642596,0.92353773,0.2456547,1
ENSG00000126010,1.2446026,-0.7958801,0.924437,1.0,1
ENSG00000107954,1.2369722,-0.5850266,0.92695636,1.0,1
ENSG00000107954,1.2341232,-0.5850266,0.9270222,1.0,1
ENSG00000107954,1.2355325,-0.5850266,0.9271138,1.0,1
ENSG00000107954,1.2343918,-0.5850266,0.9269331,1.0,1
ENSG00000244115,1.3193275,0.76192784,0.92191654,1.0,1
ENSG00000180776,1.3273319,1.0707765,0.92256784,1.0,1
ENSG00000180776,1.3272618,1.0707765,0.92241913,1.0,1
ENSG00000180776,1.3257719,1.0707765,0.9234774,1.0,1
ENSG00000180776,1.3288158,1.0707765,0.9228979,0.6478261,1
ENSG00000180776,1.3268567,1.0707765,0.92314565,0.8610635,1
ENSG00000105258,1.358761,1.3558345,0.91938657,1.0,1
ENSG00000105258,1.3587626,1.3558345,0.9193025,0.93400216,1
ENSG00000179750,1.3018335,1.3467441,0.92667454,1.0,1
ENSG00000179750,1.3012099,1.3467441,0.9264889,1.0,1
ENSG00000130669,1.3256972,0.85733247,0.9235037,1.0,1
ENSG00000130669,1.3256972,0.85733247,0.9235037,1.0,1
ENSG00000130669,1.3255712,0.85733247,0.92341673,1.0,1
ENSG00000130669,1.3254455,0.85733247,0.9233347,1.0,1
ENSG00000130669,1.325407,0.85733247,0.923732,1.0,1
ENSG00000130669,1.3252987,0.85733247,0.92355955,0.040650427,1
ENSG00000130669,1.3247879,0.85733247,0.9232496,0.4262561,1
ENSG00000130669,1.3250818,0.85733247,0.92338085,0.01498127,1
ENSG00000130669,1.3249443,0.85733247,0.92318743,0.5818584,1
ENSG00000130669,1.3247776,0.85733247,0.9231744,0.4932976,1
ENSG00000138231,1.2830448,0.8785218,0.91921455,1.0,1
ENSG00000140983,1.3240752,2.0492954,0.92414594,1.0,1
ENSG00000140983,1.3237841,2.0492954,0.92405987,1.0,1
ENSG00000140983,1.32364,2.0492954,0.92421454,1.0,1
ENSG00000140983,1.3244481,2.0492954,0.9239161,0.91107047,1
ENSG00000102606,1.3213328,1.209783,0.922853,0.96676165,1
ENSG00000102606,1.3239872,1.209783,0.92135787,0.96704334,1
ENSG00000102606,1.3194664,1.209783,0.9219606,0.9721116,1
ENSG00000151229,1.2827625,0.77085197,0.9158211,1.0,1
ENSG00000151229,1.2808417,0.77085197,0.91587085,1.0,1
ENSG00000114904,1.3064069,1.1312978,0.9238756,1.0,1
ENSG00000114904,1.3052628,1.1312978,0.92378104,0.1672355,1
ENSG00000114904,1.3057177,1.1312978,0.9238731,0.27384967,1
ENSG00000114904,1.3060986,1.1312978,0.92443055,1.0,1
ENSG00000014216,1.3419052,1.8920388,0.9237954,1.0,1
ENSG00000014216,1.3420213,1.8920388,0.92387575,1.0,1
ENSG00000100994,1.3074738,0.7979596,0.9237976,1.0,1
ENSG00000162511,1.2971991,2.2565975,0.9233652,1.0,1
ENSG00000162511,1.2970624,2.2565975,0.92342144,1.0,1
ENSG00000162511,1.2970569,2.2565975,0.9234369,1.0,1
ENSG00000151327,1.3289796,1.4149733,0.9149363,1.0,1
ENSG00000151327,1.3339101,1.4149733,0.91551596,1.0,1
ENSG00000117118,1.3657364,2.5982213,0.92349553,1.0,1
ENSG00000117118,1.3650832,2.5982213,0.9236675,1.0,1
ENSG00000160446,1.3467655,1.1928461,0.9211789,1.0,1
ENSG00000160446,1.3461087,1.1928461,0.9211768,1.0,1
ENSG00000160446,1.3460107,1.1928461,0.9212218,1.0,1
ENSG00000213760,1.2929634,0.053078413,0.9260143,1.0,1
ENSG00000186026,1.2628676,-0.8538718,0.9207282,1.0,1
ENSG00000186026,1.2615885,-0.8538718,0.9206981,1.0,1
ENSG00000257727,1.3497406,2.1634,0.9246415,1.0,1
ENSG00000120992,1.3620822,2.2266772,0.9196688,1.0,1
ENSG00000120992,1.3628109,2.2266772,0.9195687,0.97512007,1
ENSG00000120992,1.3613777,2.2266772,0.91905147,0.9656365,1
ENSG00000101298,1.2464566,0.041392684,0.92442274,1.0,1
ENSG00000101298,1.2445111,0.041392684,0.92520744,1.0,1
ENSG00000006638,1.2995036,0.47567117,0.92254806,1.0,1
ENSG00000127948,1.3393699,1.5260806,0.9259875,1.0,1
ENSG00000108523,1.3333831,1.5856862,0.92482716,1.0,1
ENSG00000154845,1.3287712,2.0187836,0.92280555,1.0,1
ENSG00000164953,1.2922716,0.7242758,0.92072165,1.0,1
ENSG00000164953,1.2924236,0.7242758,0.9195581,0.019736886,1
ENSG00000104856,1.3155024,-0.49484992,0.92481995,1.0,1
ENSG00000104856,1.3154585,-0.49484992,0.9249214,1.0,1
ENSG00000104856,1.3152163,-0.49484992,0.92451376,1.0,1
ENSG00000121039,1.3362198,1.6543691,0.920362,1.0,1
ENSG00000121039,1.3337377,1.6543691,0.91953737,1.0,1
ENSG00000130827,1.28197,1.2307043,0.9274459,1.0,1
ENSG00000143772,1.2380382,-0.9586072,0.9328496,1.0,1
ENSG00000189007,1.3596607,1.6336703,0.92279315,1.0,1
ENSG00000101745,1.3160173,0.95085144,0.9252579,1.0,1
ENSG00000101745,1.3110195,0.95085144,0.9236793,0.34153008,1
ENSG00000101745,1.3125374,0.95085144,0.924015,0.0076190233,1
ENSG00000172661,1.2741778,1.1841233,0.9267555,1.0,1
ENSG00000172661,1.2767605,1.1841233,0.92541325,0.9814385,1
ENSG00000172661,1.2749827,1.1841233,0.9251832,0.9814385,1
ENSG00000172661,1.2768759,1.1841233,0.9259219,0.96171695,1
ENSG00000172361,1.2496158,0.18184352,0.9230441,1.0,1
ENSG00000173545,1.3132685,1.1925675,0.9234419,1.0,1
ENSG00000204560,1.3230062,1.590619,0.92367655,1.0,1
ENSG00000204560,1.3229154,1.590619,0.9237757,1.0,1
ENSG00000182134,1.3328942,1.1812718,0.924874,1.0,1
ENSG00000038427,1.228863,-0.76955104,0.9309093,1.0,1
ENSG00000048342,1.2708069,-0.5686362,0.9225552,1.0,1
ENSG00000100220,1.3053375,2.022717,0.92119616,1.0,1
ENSG00000078401,1.2756915,-0.9208188,0.9239289,1.0,1
ENSG00000078401,1.2748764,-0.9208188,0.92216295,1.0,1
ENSG00000078401,1.2768295,-0.9208188,0.92285246,1.0,1
ENSG00000171992,1.2326602,-0.9208188,0.9310522,1.0,1
ENSG00000166199,1.3089527,1.3346548,0.92541814,1.0,1
ENSG00000166199,1.3088169,1.3346548,0.92474866,0.50405777,1
ENSG00000166199,1.3092242,1.3346548,0.92444026,0.05008638,1
ENSG00000078070,1.3440711,1.2619761,0.9243271,1.0,1
ENSG00000078070,1.3425866,1.2619761,0.9240938,0.99211645,1
ENSG00000078070,1.3416598,1.2619761,0.9239706,0.020359337,1
ENSG00000078070,1.3411239,1.2619761,0.9240763,0.979798,1
ENSG00000078070,1.3402737,1.2619761,0.9238266,0.9407186,1
ENSG00000078070,1.3421869,1.2619761,0.9237655,0.92192197,1
ENSG00000122545,1.3381256,2.1290774,0.9172652,1.0,1
ENSG00000122545,1.3421603,2.1290774,0.9199085,0.91087264,1
ENSG00000154309,1.2700783,-0.9586072,0.9259871,1.0,1
ENSG00000154309,1.265161,-0.9586072,0.9206521,1.0,1
ENSG00000154309,1.2674913,-0.9586072,0.9221471,1.0,1
ENSG00000154309,1.262118,-0.9586072,0.92066085,1.0,1
ENSG00000152804,1.301084,1.7580788,0.9214122,1.0,1
ENSG00000152804,1.2995118,1.7580788,0.92134756,1.0,1
ENSG00000152804,1.3002024,1.7580788,0.921659,1.0,1
ENSG00000120438,1.3501487,2.3746018,0.92329377,1.0,1
ENSG00000120438,1.3504443,2.3746018,0.92334276,1.0,1
ENSG00000243696,1.2780956,-0.8239088,0.9290259,1.0,1
ENSG00000143761,1.3722799,2.579852,0.91978717,1.0,1
ENSG00000143761,1.3722799,2.579852,0.91978717,1.0,1
ENSG00000143761,1.3722799,2.579852,0.91978717,1.0,1
ENSG00000143761,1.3728731,2.579852,0.91990644,1.0,1
ENSG00000143761,1.3726735,2.579852,0.9200004,1.0,1
ENSG00000121774,1.3747021,1.632862,0.92161894,1.0,1
ENSG00000121774,1.374567,1.632862,0.92132217,1.0,1
ENSG00000121774,1.3748711,1.632862,0.92158055,0.98903704,1
ENSG00000136709,1.3240196,1.6395861,0.92329884,1.0,1
ENSG00000124380,1.3400238,1.6141586,0.9196722,1.0,1
ENSG00000124380,1.3408641,1.6141586,0.9203056,1.0,1
ENSG00000124380,1.3409146,1.6141586,0.92032605,1.0,1
ENSG00000124380,1.3401934,1.6141586,0.92017543,1.0,1
ENSG00000124380,1.3402058,1.6141586,0.91894436,1.0,1
ENSG00000072110,1.3327572,1.5101427,0.9215371,1.0,1
ENSG00000072110,1.3336484,1.5101427,0.9217255,1.0,1
ENSG00000072110,1.3348123,1.5101427,0.9217796,0.002302885,1
ENSG00000115091,1.3414488,2.369976,0.9228531,1.0,1
ENSG00000115091,1.3377851,2.369976,0.922,1.0,1
ENSG00000112874,1.3093939,1.267641,0.9192802,1.0,1
ENSG00000112874,1.3089527,1.267641,0.91847897,1.0,1
ENSG00000179409,1.2795261,1.1351327,0.92496127,1.0,1
ENSG00000179409,1.2783401,1.1351327,0.92412543,0.13535589,1
ENSG00000114744,1.3069212,1.6238693,0.92416376,1.0,1
ENSG00000114744,1.3085904,1.6238693,0.9237485,0.08241618,1
ENSG00000072518,1.3425522,1.0937718,0.9264511,1.0,1
ENSG00000072518,1.3429693,1.0937718,0.9264768,0.24644035,1
ENSG00000072518,1.3426083,1.0937718,0.9268028,0.15883672,1
ENSG00000072518,1.3427043,1.0937718,0.92642003,0.98558325,1
ENSG00000072518,1.3427043,1.0937718,0.92642003,0.9466667,1
ENSG00000143970,1.3095238,1.1061909,0.92182064,1.0,1
ENSG00000156587,1.2847757,0.6608655,0.9247072,1.0,1
ENSG00000140795,1.2618285,0.5289167,0.9219097,1.0,1
ENSG00000140795,1.2610939,0.5289167,0.9234442,1.0,1
ENSG00000140795,1.2598429,0.5289167,0.9239601,1.0,1
ENSG00000159208,1.2609148,-0.61978865,0.9248886,1.0,1
ENSG00000196646,1.2919341,0.47567117,0.92124176,1.0,1
ENSG00000196646,1.2921808,0.47567117,0.92059743,0.86742425,1
ENSG00000197601,1.3268985,1.8058405,0.91918117,1.0,1
ENSG00000197601,1.3292689,1.8058405,0.91883266,1.0,1
ENSG00000130479,1.2774583,0.9863238,0.92694706,1.0,1
ENSG00000157992,1.284917,0.12710488,0.92631805,1.0,1
ENSG00000188290,1.3308798,0.8095597,0.9252753,1.0,1
ENSG00000188290,1.3309549,0.8095597,0.92521584,1.0,1
ENSG00000115942,1.3442852,1.1283993,0.9220795,1.0,1
ENSG00000158286,1.3201652,1.0549959,0.9223058,1.0,1
ENSG00000158286,1.3203982,1.0549959,0.92239,1.0,1
ENSG00000158286,1.3199986,1.0549959,0.9226251,1.0,1
ENSG00000158286,1.3199793,1.0549959,0.92269725,1.0,1
ENSG00000158286,1.3199606,1.0549959,0.922511,1.0,1
ENSG00000158286,1.3201305,1.0549959,0.9223148,1.0,1
ENSG00000158286,1.3196248,1.0549959,0.9221939,1.0,1
ENSG00000158286,1.319907,1.0549959,0.9227505,1.0,1
ENSG00000158286,1.3205502,1.0549959,0.922809,1.0,1
ENSG00000118162,1.3474015,0.9068735,0.92609715,1.0,1
ENSG00000100014,1.305778,1.069668,0.9195758,1.0,1
ENSG00000100014,1.305778,1.069668,0.9195758,1.0,1
ENSG00000100014,1.3061305,1.069668,0.9202508,0.3789238,1
ENSG00000100014,1.3072362,1.069668,0.920813,0.99327356,1
ENSG00000058668,1.3280879,1.4884096,0.9250866,1.0,1
ENSG00000058668,1.3274047,1.4884096,0.9247621,0.55417407,1
ENSG00000095261,1.4002206,2.0013442,0.91147363,1.0,1
ENSG00000095261,1.4002733,2.0013442,0.9112314,0.99460435,1
ENSG00000095261,1.3998665,2.0013442,0.91133875,0.9989041,1
ENSG00000153201,1.2917039,1.3047059,0.91909486,1.0,1
ENSG00000143190,1.3352027,1.0433623,0.92457265,1.0,1
ENSG00000143190,1.3345481,1.0433623,0.9233444,1.0,1
ENSG00000143190,1.3372803,1.0433623,0.92420995,0.07692307,1
ENSG00000143190,1.3351732,1.0433623,0.92368025,0.18552041,1
ENSG00000143190,1.3370934,1.0433623,0.9243952,0.06355935,1
ENSG00000143190,1.3362226,1.0433623,0.923464,0.9836957,1
ENSG00000143190,1.3367714,1.0433623,0.9244981,0.008156657,1
ENSG00000165943,1.2676505,0.9934362,0.9293899,1.0,1
ENSG00000130300,1.2598652,-0.17392516,0.92367667,1.0,1
ENSG00000130300,1.259182,-0.17392516,0.9240036,1.0,1
ENSG00000171502,1.2566546,-0.88605666,0.9211403,1.0,1
ENSG00000171502,1.2589839,-0.88605666,0.91995335,1.0,1
ENSG00000171502,1.259371,-0.88605666,0.9207009,1.0,1
ENSG00000178127,1.3737104,2.567344,0.9249229,1.0,1
ENSG00000102974,1.3248537,1.3344537,0.92214334,1.0,1
ENSG00000142733,1.3252023,0.85248,0.9238307,1.0,1
ENSG00000142733,1.3248427,0.85248,0.92330253,1.0,1
ENSG00000021574,1.3392262,1.024075,0.9216497,1.0,1
ENSG00000021574,1.3375283,1.024075,0.9208873,1.0,1
ENSG00000021574,1.338105,1.024075,0.9215963,1.0,1
ENSG00000021574,1.3402325,1.024075,0.9216978,1.0,1
ENSG00000104228,1.326586,0.7867514,0.92171305,1.0,1
ENSG00000104228,1.3265915,0.7867514,0.92146045,0.93773586,1
ENSG00000104228,1.326698,0.7867514,0.92147833,0.9421053,1
ENSG00000103740,1.2532247,0.12385166,0.9253984,1.0,1
ENSG00000101004,1.2396215,-0.88605666,0.92242396,1.0,1
ENSG00000101004,1.2404579,-0.88605666,0.9231945,1.0,1
ENSG00000101004,1.2404692,-0.88605666,0.92357033,1.0,1
ENSG00000101004,1.2385994,-0.88605666,0.92236876,1.0,1
ENSG00000004779,1.3468883,2.3464704,0.92362714,1.0,1
ENSG00000004779,1.3468883,2.3464704,0.92362714,1.0,1
ENSG00000004779,1.3472538,2.3464704,0.923341,0.9962844,1
ENSG00000106948,1.2417201,0.2966652,0.9289532,1.0,1
ENSG00000106948,1.2416097,0.2966652,0.92868936,0.025423765,1
ENSG00000064652,1.335572,0.5899496,0.9192661,1.0,1
ENSG00000064652,1.3356848,0.5899496,0.9203651,5.9604645e-08,1
ENSG00000196705,1.2768011,1.357363,0.9208045,1.0,1
ENSG00000164252,1.3025585,1.1649474,0.92274076,1.0,1
ENSG00000162461,1.2520238,-0.48148596,0.928264,1.0,1
ENSG00000178934,1.2680105,-0.88605666,0.9309528,1.0,1
ENSG00000178934,1.2685809,-0.88605666,0.93140274,1.0,1
ENSG00000101347,1.342202,1.0326188,0.9240344,1.0,1
ENSG00000101347,1.3432758,1.0326188,0.9235054,1.0,1
ENSG00000137509,1.3170241,1.5153439,0.9203846,1.0,1
ENSG00000137509,1.3191551,1.5153439,0.92104626,0.8664098,1
ENSG00000187997,1.3280958,1.1034616,0.92249036,1.0,1
ENSG00000187997,1.3274318,1.1034616,0.9225039,1.0,1
ENSG00000187997,1.3274698,1.1034616,0.9223639,1.0,1
ENSG00000187997,1.3282042,1.1034616,0.9224236,1.0,1
ENSG00000108469,1.3349991,1.1583625,0.9267854,1.0,1
ENSG00000093183,1.3689878,1.6953065,0.9178965,1.0,1
ENSG00000093183,1.3698953,1.6953065,0.91809523,0.9790672,1
ENSG00000093183,1.3694466,1.6953065,0.91734546,0.0353688,1
ENSG00000104388,1.3630135,1.853333,0.91671103,1.0,1
ENSG00000104388,1.3645868,1.853333,0.91789174,1.0,1
ENSG00000104388,1.3641906,1.853333,0.9167916,1.0,1
ENSG00000104388,1.3641906,1.853333,0.9167916,1.0,1
ENSG00000104388,1.3628075,1.853333,0.916844,0.99822664,1
ENSG00000104388,1.3624489,1.853333,0.91722983,0.2773847,1
ENSG00000146587,1.2800909,0.9106244,0.9213941,1.0,1
ENSG00000091542,1.3191783,1.6127838,0.9239023,1.0,1
ENSG00000198522,1.3431364,1.8420472,0.9169808,1.0,1
ENSG00000160326,1.2672216,-0.6575773,0.9281505,1.0,1
ENSG00000167850,1.2678859,-0.9208188,0.92665756,1.0,1
ENSG00000066294,1.3171074,0.5831987,0.92285794,1.0,1
ENSG00000066294,1.3208948,0.5831987,0.92393243,0.8632076,1
ENSG00000066294,1.3181752,0.5831987,0.9232856,5.9604645e-08,1
ENSG00000066294,1.3158232,0.5831987,0.9233378,0.90697676,1
ENSG00000163568,1.306017,-0.76955104,0.9218577,1.0,1
ENSG00000147419,1.3308517,1.2365372,0.92339206,1.0,1
ENSG00000147419,1.330544,1.2365372,0.9234583,1.0,1
ENSG00000147419,1.3302704,1.2365372,0.9236956,0.99567634,1
ENSG00000147419,1.3296605,1.2365372,0.9232998,0.83801174,1
ENSG00000147419,1.3304174,1.2365372,0.92366636,0.7818714,1
ENSG00000147419,1.331383,1.2365372,0.9236098,0.05438602,1
ENSG00000170946,1.3109103,1.2477279,0.9196126,1.0,1
ENSG00000170946,1.3099567,1.2477279,0.9200102,1.0,1
ENSG00000170946,1.3120058,1.2477279,0.9196148,0.060752213,1
ENSG00000136235,1.2660266,-0.60205996,0.9255365,1.0,1
ENSG00000136235,1.2673143,-0.60205996,0.92534363,1.0,1
ENSG00000102003,1.3098695,0.5658478,0.9217085,1.0,1
ENSG00000102003,1.3080207,0.5658478,0.9212071,1.0,1
ENSG00000102003,1.3084377,0.5658478,0.9214179,1.0,1
ENSG00000102003,1.3085749,0.5658478,0.921679,1.0,1
ENSG00000102003,1.30804,0.5658478,0.92111415,0.9894366,1
ENSG00000183426,1.2843214,1.448397,0.92379117,1.0,1
ENSG00000183426,1.2773868,1.448397,0.92313814,0.4698034,1
ENSG00000085185,1.2935257,0.07554698,0.9239853,1.0,1
ENSG00000198793,1.3320726,1.6205524,0.92555225,1.0,1
ENSG00000114770,1.3337135,1.4752352,0.9233566,1.0,1
ENSG00000114770,1.3343617,1.4752352,0.9231958,0.8330404,1
ENSG00000148832,1.284593,0.53402615,0.92780656,5.9604645e-08,1
ENSG00000148832,1.284899,0.53402615,0.92812645,0.8680556,1
ENSG00000148832,1.2846575,0.53402615,0.92788047,0.9270834,1
ENSG00000131669,1.3083494,0.55145,0.9218825,1.0,1
ENSG00000131669,1.3088106,0.55145,0.92216384,1.0,1
ENSG00000131669,1.3076845,0.55145,0.9219825,5.9604645e-08,1
ENSG00000197226,1.2689418,1.4976206,0.92582554,1.0,1
ENSG00000197226,1.2691568,1.4976206,0.9250561,1.0,1
ENSG00000197226,1.2695367,1.4976206,0.9258364,1.0,1
ENSG00000197226,1.268531,1.4976206,0.92518485,0.4556575,1
ENSG00000071537,1.320679,0.81224465,0.9223433,1.0,1
ENSG00000071537,1.3204246,0.81224465,0.9215107,1.0,1
ENSG00000139291,1.3225455,1.1619666,0.92244995,1.0,1
ENSG00000139291,1.3201635,1.1619666,0.9225257,1.0,1
ENSG00000090054,1.350264,1.8347385,0.9187193,1.0,1
ENSG00000104312,1.3329026,1.2469907,0.9209486,1.0,1
ENSG00000104312,1.331486,1.2469907,0.9211818,0.34510714,1
ENSG00000111012,1.265692,0.5820633,0.92309386,1.0,1
ENSG00000163950,1.3633002,2.0828571,0.92568153,1.0,1
ENSG00000163950,1.3640536,2.0828571,0.9255403,0.97517455,1
ENSG00000163950,1.3637916,2.0828571,0.9252394,0.11117005,1
ENSG00000177303,1.2901995,0.23552841,0.9268457,1.0,1
ENSG00000177303,1.2914354,0.23552841,0.92810124,1.0,1
ENSG00000141337,1.3084359,-0.036212087,0.92263263,1.0,1
ENSG00000141337,1.3092923,-0.036212087,0.92179525,1.0,1
ENSG00000141452,1.3550882,1.3615389,0.9226496,1.0,1
ENSG00000141452,1.3550053,1.3615389,0.9226644,0.93666667,1
ENSG00000166133,1.2934139,0.9867717,0.9207346,1.0,1
ENSG00000213853,1.3011832,0.67486113,0.9241303,1.0,1
ENSG00000213853,1.3014239,0.67486113,0.92391056,1.0,1
ENSG00000100084,1.3726766,1.7835462,0.92268026,1.0,1
ENSG00000078246,1.3445736,0.98587537,0.9229269,1.0,1
ENSG00000078246,1.3429222,0.98587537,0.9226828,0.91676044,1
ENSG00000078246,1.3440585,0.98587537,0.9227772,0.9943757,1
ENSG00000078246,1.342808,0.98587537,0.92258644,0.92238474,1
ENSG00000078246,1.3430581,0.98587537,0.92272437,0.9943757,1
ENSG00000196455,1.28303,1.542701,0.9237375,1.0,1
ENSG00000100722,1.3083395,1.9305925,0.92185247,1.0,1
ENSG00000100722,1.3107493,1.9305925,0.92096436,1.0,1
ENSG00000100722,1.3053613,1.9305925,0.92223585,1.0,1
ENSG00000213967,1.3035513,1.0530784,0.91733336,1.0,1
ENSG00000213967,1.3036752,1.0530784,0.9183521,1.0,1
ENSG00000213967,1.3036752,1.0530784,0.9183521,1.0,1
ENSG00000175697,1.23309,-0.7958801,0.9297644,1.0,1
ENSG00000088836,1.2543603,-0.25963724,0.926767,1.0,1
ENSG00000132793,1.3118836,0.83505607,0.9249756,1.0,1
ENSG00000132793,1.3111601,0.83505607,0.9239497,1.0,1
ENSG00000136143,1.3078545,1.453624,0.9187025,1.0,1
ENSG00000110851,1.2910874,1.1945143,0.9227527,1.0,1
ENSG00000078596,1.3025717,1.8047526,0.9197149,1.0,1
ENSG00000078596,1.3047879,1.8047526,0.91949683,1.0,1
ENSG00000078596,1.300543,1.8047526,0.92096114,0.7400894,1
ENSG00000114859,1.3072107,0.83378434,0.9241858,1.0,1
ENSG00000078369,1.3492812,2.3312044,0.92536616,1.0,1
ENSG00000078369,1.3492002,2.3312044,0.9250815,1.0,1
ENSG00000189050,1.3428956,1.3891661,0.92000943,1.0,1
ENSG00000189050,1.3428956,1.3891661,0.92000943,0.2695375,1
ENSG00000070759,1.2871405,0.29003465,0.92199385,1.0,1
ENSG00000070759,1.287565,0.29003465,0.92263764,1.0,1
ENSG00000070759,1.2867137,0.29003465,0.92168075,0.63428575,1
ENSG00000079950,1.342286,1.4034636,0.9206403,1.0,1
ENSG00000079950,1.3425791,1.4034636,0.920246,1.0,1
ENSG00000151353,1.375169,1.2979792,0.9198177,1.0,1
ENSG00000113758,1.3000032,1.4886917,0.9232743,1.0,1
ENSG00000113758,1.3000482,1.4886917,0.9234187,1.0,1
ENSG00000113758,1.3000515,1.4886917,0.92394125,1.0,1
ENSG00000188215,1.3200427,0.37839788,0.9211616,1.0,1
ENSG00000132357,1.2844354,0.64147407,0.9204295,1.0,1
ENSG00000172831,1.3221722,1.054613,0.92697453,1.0,1
ENSG00000197969,1.2942623,1.1726029,0.92064077,1.0,1
ENSG00000153786,1.3437467,1.4949889,0.92283344,1.0,1
ENSG00000153786,1.3438411,1.4949889,0.92279214,1.0,1
ENSG00000153786,1.3438258,1.4949889,0.92275345,0.022058904,1
ENSG00000104731,1.324665,1.2935835,0.9217641,1.0,1
ENSG00000104731,1.3247025,1.2935835,0.92205244,1.0,1
ENSG00000104731,1.3250523,1.2935835,0.9222083,0.9863014,1
ENSG00000104731,1.3249788,1.2935835,0.92200863,0.8767123,1
ENSG00000171163,1.3527229,1.925982,0.92376226,1.0,1
ENSG00000171163,1.3530571,1.925982,0.923871,1.0,1
ENSG00000171163,1.3557703,1.925982,0.92386603,1.0,1
ENSG00000171163,1.3547815,1.925982,0.9238444,0.99588335,1
ENSG00000171163,1.3552493,1.925982,0.9238868,0.9802383,1
ENSG00000173812,1.3784951,2.3517962,0.924306,1.0,1
ENSG00000173812,1.3789479,2.3517962,0.92406446,1.0,1
ENSG00000173812,1.3788922,2.3517962,0.923934,0.090036094,1
ENSG00000109762,1.3174049,1.2509077,0.9222082,1.0,1
ENSG00000109762,1.316673,1.2509077,0.921956,1.0,1
ENSG00000109762,1.3179886,1.2509077,0.9225145,1.0,1
ENSG00000100211,1.349292,1.149219,0.92438954,1.0,1
ENSG00000100211,1.3501107,1.149219,0.92395675,0.16543818,1
ENSG00000108395,1.331181,1.3508292,0.9228322,1.0,1
ENSG00000108395,1.337104,1.3508292,0.92353743,0.91091955,1
ENSG00000108395,1.3320465,1.3508292,0.92303425,0.08201063,1
ENSG00000108395,1.3330472,1.3508292,0.9242816,0.9873016,1
ENSG00000151151,1.2991974,0.2671718,0.9189104,1.0,1
ENSG00000103852,1.256973,0.056904912,0.9212535,1.0,1
ENSG00000101189,1.3361633,1.193681,0.9249661,1.0,1
ENSG00000076108,1.2914646,1.8205298,0.9231943,1.0,1
ENSG00000076108,1.2917899,1.8205298,0.9238746,1.0,1
ENSG00000076108,1.2926301,1.8205298,0.924077,0.15889746,1
ENSG00000112561,1.2885014,0.41664052,0.92797816,1.0,1
ENSG00000112561,1.2890012,0.41664052,0.92760456,1.0,1
ENSG00000112561,1.2883375,0.41664052,0.9279349,1.0,1
ENSG00000155621,1.3258001,0.845718,0.9186192,1.0,1
ENSG00000155621,1.3258001,0.845718,0.9186192,1.0,1
ENSG00000155621,1.3166671,0.845718,0.91669863,0.86506027,1
ENSG00000163577,1.338044,1.0595634,0.920079,1.0,1
ENSG00000163577,1.3390052,1.0595634,0.92044723,1.0,1
ENSG00000182318,1.3021923,0.6273658,0.92125,1.0,1
ENSG00000214160,1.347305,1.8798983,0.9224548,1.0,1
ENSG00000214160,1.3481829,1.8798983,0.9224258,1.0,1
ENSG00000214160,1.3481468,1.8798983,0.922445,1.0,1
ENSG00000214160,1.3481468,1.8798983,0.922445,0.972941,1
ENSG00000214160,1.3481468,1.8798983,0.922445,0.996904,1
ENSG00000149761,1.3411951,1.5317342,0.9179639,1.0,1
ENSG00000149761,1.3406576,1.5317342,0.9176194,1.0,1
ENSG00000188549,1.263787,-0.88605666,0.9248252,1.0,1
ENSG00000163444,1.3491473,2.155427,0.9236023,1.0,1
ENSG00000163444,1.3488843,2.155427,0.92380834,1.0,1
ENSG00000174099,1.2787939,-0.9208188,0.9226755,1.0,1
ENSG00000025800,1.340149,1.4874212,0.92634255,1.0,1
ENSG00000025800,1.3393533,1.4874212,0.92647254,1.0,1
ENSG00000203778,1.3287461,1.0472748,0.92145777,1.0,1
ENSG00000203778,1.3291394,1.0472748,0.92205346,1.0,1
ENSG00000171530,1.351032,2.0499153,0.9173067,1.0,1
ENSG00000171530,1.3489531,2.0499153,0.91750926,0.99568605,1
ENSG00000171530,1.3478123,2.0499153,0.9165312,0.006792605,1
ENSG00000198156,1.2467308,-0.6575773,0.92790353,1.0,1
ENSG00000198156,1.2457101,-0.6575773,0.92842484,1.0,1
ENSG00000165555,1.2495903,-0.1487416,0.92279786,1.0,1
ENSG00000100228,1.3559443,-0.9208188,0.92471075,1.0,1
ENSG00000149257,1.3057082,1.8301394,0.92303234,1.0,1
ENSG00000149257,1.3057082,1.8301394,0.92303234,1.0,1
ENSG00000149257,1.3051159,1.8301394,0.9227802,1.0,1
ENSG00000149257,1.3050773,1.8301394,0.92283726,0.0038885474,1
ENSG00000166716,1.2745373,0.8518696,0.9229277,1.0,1
ENSG00000106397,1.3601377,1.3176455,0.92544216,1.0,1
ENSG00000106397,1.3601571,1.3176455,0.925402,1.0,1
ENSG00000106397,1.3600997,1.3176455,0.9255142,1.0,1
ENSG00000106397,1.3606375,1.3176455,0.9256836,1.0,1
ENSG00000134769,1.2465037,0.045323014,0.9233384,1.0,1
ENSG00000064989,1.2628893,-0.9208188,0.9244318,1.0,1
