,PredExpr,ActualExpr,CellLine,PredPsi,ActualPsi,fold_idx
ENSG00000002016,1.1934253,1.0107238,GM12878,0.66657037,1.0,1
ENSG00000002016,0.84543234,1.0107238,GM12878,0.9407146,1.0,1
ENSG00000002016,1.0644543,1.0107238,GM12878,0.34568605,0.208,1
ENSG00000002016,1.3000079,1.0107238,GM12878,0.7363413,0.0,1
ENSG00000003056,1.5604054,1.9407157,GM12878,0.8155587,1.0,1
ENSG00000003056,1.7662745,1.9407157,GM12878,0.8772142,1.0,1
ENSG00000003056,1.7157441,1.9407157,GM12878,0.82381576,1.0,1
ENSG00000003393,1.1548957,1.0102999,GM12878,0.91342676,1.0,1
ENSG00000003393,1.2997359,1.0102999,GM12878,0.7062257,0.00589391,1
ENSG00000003400,1.729715,1.224274,GM12878,0.8887009,0.929374,1
ENSG00000003400,1.61967,1.224274,GM12878,0.8509843,0.88451445,1
ENSG00000003402,1.8208153,1.7873896,GM12878,0.91036725,1.0,1
ENSG00000003402,1.6949155,1.7873896,GM12878,0.82657796,1.0,1
ENSG00000003402,1.6202039,1.7873896,GM12878,0.58902615,0.026152482,1
ENSG00000003436,1.5778295,2.6872168,GM12878,0.8802653,1.0,1
ENSG00000003509,1.5675873,1.4595432,GM12878,0.901232,1.0,1
ENSG00000003509,1.4753549,1.4595432,GM12878,0.89423704,0.9572501,1
ENSG00000004478,0.97543377,1.8022262,GM12878,0.9634615,1.0,1
ENSG00000004700,1.2733552,1.2805784,GM12878,0.9029958,1.0,1
ENSG00000005175,1.5016738,1.506505,GM12878,0.93985814,1.0,1
ENSG00000005175,1.424241,1.506505,GM12878,0.9140715,1.0,1
ENSG00000005175,1.4211223,1.506505,GM12878,0.92510295,1.0,1
ENSG00000005175,1.4696196,1.506505,GM12878,0.9401839,0.75994515,1
ENSG00000005175,1.4807914,1.506505,GM12878,0.89653546,0.41775545,1
ENSG00000005436,1.4916517,1.3756636,GM12878,0.86699414,1.0,1
ENSG00000005436,1.4916517,1.3756636,GM12878,0.86699414,1.0,1
ENSG00000005436,1.3474318,1.3756636,GM12878,0.90296024,0.6383266,1
ENSG00000005436,1.2882937,1.3756636,GM12878,0.93699604,1.0,1
ENSG00000005448,0.12345648,1.0976043,GM12878,0.97556823,1.0,1
ENSG00000005448,0.6102351,1.0976043,GM12878,0.9870379,0.98672116,1
ENSG00000006607,0.35675007,1.3558345,GM12878,0.8130079,1.0,1
ENSG00000006607,0.9920147,1.3558345,GM12878,0.84081626,1.0,1
ENSG00000006607,0.66889596,1.3558345,GM12878,0.8907907,1.0,1
ENSG00000006831,1.7185587,1.6070259,GM12878,0.94921136,1.0,1
ENSG00000006831,1.6732233,1.6070259,GM12878,0.9063874,1.0,1
ENSG00000008323,-0.1285645,-0.4685211,GM12878,0.99520594,1.0,1
ENSG00000008323,-0.16342941,-0.4685211,GM12878,0.9932935,1.0,1
ENSG00000008394,0.85697275,1.8624295,GM12878,0.8991648,1.0,1
ENSG00000008394,0.848179,1.8624295,GM12878,0.9077308,0.9928535,1
ENSG00000008394,1.2305932,1.8624295,GM12878,0.8757002,0.002157756,1
ENSG00000008405,1.5437227,1.4427933,GM12878,0.9515287,1.0,1
ENSG00000008869,0.8879447,1.2008505,GM12878,0.9610491,1.0,1
ENSG00000008869,1.2148411,1.2008505,GM12878,0.8973889,1.0,1
ENSG00000008869,0.99663717,1.2008505,GM12878,0.8999153,1.0,1
ENSG00000010219,0.049999997,1.3230457,GM12878,0.9621327,1.0,1
ENSG00000010219,0.7270537,1.3230457,GM12878,0.677872,0.037339557,1
ENSG00000010278,-0.39723572,0.84633714,GM12878,0.9965969,1.0,1
ENSG00000010278,-0.3748676,0.84633714,GM12878,0.9930112,0.14880952,1
ENSG00000010292,1.7498358,1.8221027,GM12878,0.9306028,1.0,1
ENSG00000010292,1.5069629,1.8221027,GM12878,0.9344512,1.0,1
ENSG00000010292,1.7599179,1.8221027,GM12878,0.9488764,1.0,1
ENSG00000010292,1.8110895,1.8221027,GM12878,0.808354,0.75792295,1
ENSG00000010626,0.72217244,0.7671559,GM12878,0.93342733,1.0,1
ENSG00000010626,0.8547054,0.7671559,GM12878,0.86264485,1.0,1
ENSG00000011523,1.2429547,0.7888751,GM12878,0.54503155,1.0,1
ENSG00000011523,1.1903023,0.7888751,GM12878,0.86633986,0.095108695,1
ENSG00000011566,1.4784209,1.129045,GM12878,0.63419586,1.0,1
ENSG00000011566,1.520699,1.129045,GM12878,0.8276588,1.0,1
ENSG00000011566,1.494849,1.129045,GM12878,0.9166612,1.0,1
ENSG00000011566,1.2655846,1.129045,GM12878,0.80222094,1.0,1
ENSG00000012822,0.21992593,1.4377506,GM12878,0.97276527,1.0,1
ENSG00000012822,0.37949246,1.4377506,GM12878,0.9168879,0.9685535,1
ENSG00000013016,-0.5428626,-0.92081875,GM12878,0.9955706,1.0,1
ENSG00000013441,1.6310328,1.877947,GM12878,0.9584513,1.0,1
ENSG00000013441,1.4750632,1.877947,GM12878,0.90081894,1.0,1
ENSG00000013441,1.5227591,1.877947,GM12878,0.8356461,0.34098136,1
ENSG00000013503,1.4803876,0.9020029,GM12878,0.81198704,1.0,1
ENSG00000013503,1.5124421,0.9020029,GM12878,0.8473734,1.0,1
ENSG00000013503,0.7214064,0.9020029,GM12878,0.84148616,1.0,1
ENSG00000013573,0.80392486,1.6029277,GM12878,0.76209795,0.9442283,1
ENSG00000013573,0.5862796,1.6029277,GM12878,0.8872159,0.8894231,1
ENSG00000013588,-0.26382464,-0.69897,GM12878,0.99334246,1.0,1
ENSG00000014641,1.2981831,2.5179346,GM12878,0.834172,1.0,1
ENSG00000014641,1.2745584,2.5179346,GM12878,0.8773117,0.99506503,1
ENSG00000015153,0.9825235,1.2342641,GM12878,0.8772329,0.0,1
ENSG00000015153,1.2443557,1.2342641,GM12878,0.8866809,0.20512821,1
ENSG00000015153,1.1080936,1.2342641,GM12878,0.8954078,0.18585859,1
ENSG00000015153,0.778691,1.2342641,GM12878,0.77674365,0.34181508,1
ENSG00000015153,1.1080936,1.2342641,GM12878,0.8954078,0.0,1
ENSG00000015568,0.7419306,0.30535138,GM12878,0.9240268,1.0,1
ENSG00000017427,0.08101616,0.5301997,GM12878,0.88560724,1.0,1
ENSG00000017427,0.08101616,0.5301997,GM12878,0.88560724,1.0,1
ENSG00000018280,0.5198282,-0.25181198,GM12878,0.97142935,1.0,1
ENSG00000018510,1.337426,1.5725231,GM12878,0.6471503,1.0,1
ENSG00000018510,1.2045155,1.5725231,GM12878,0.93465644,1.0,1
ENSG00000018510,1.3936415,1.5725231,GM12878,0.9376231,1.0,1
ENSG00000018510,1.3878938,1.5725231,GM12878,0.8035811,1.0,1
ENSG00000018510,1.3550858,1.5725231,GM12878,0.94548994,1.0,1
ENSG00000018510,1.3355393,1.5725231,GM12878,0.6541157,1.0,1
ENSG00000018699,1.303887,1.6684791,GM12878,0.9163139,1.0,1
ENSG00000021574,1.2627853,1.024075,GM12878,0.9022264,1.0,1
ENSG00000021574,0.9292249,1.024075,GM12878,0.93454367,1.0,1
ENSG00000021574,1.296696,1.024075,GM12878,0.70209074,1.0,1
ENSG00000021574,1.4283653,1.024075,GM12878,0.8207434,1.0,1
ENSG00000021826,-0.19530207,0.9973864,GM12878,0.9589292,1.0,1
ENSG00000022840,1.4949178,1.8890775,GM12878,0.94527304,1.0,1
ENSG00000022840,1.5985497,1.8890775,GM12878,0.9064687,1.0,1
ENSG00000022840,1.5436174,1.8890775,GM12878,0.91852593,1.0,1
ENSG00000022840,1.5101895,1.8890775,GM12878,0.81844693,1.0,1
ENSG00000022840,1.4828979,1.8890775,GM12878,0.9482984,1.0,1
ENSG00000023228,1.6604553,1.9354569,GM12878,0.9389015,1.0,1
ENSG00000023228,1.684142,1.9354569,GM12878,0.9083511,0.66994554,1
ENSG00000023228,1.6609889,1.9354569,GM12878,0.9109507,0.88380915,1
ENSG00000023697,0.34169543,0.5888317,GM12878,0.9133195,1.0,1
ENSG00000023734,1.488656,1.9306434,GM12878,0.6939791,1.0,1
ENSG00000023734,1.5629605,1.9306434,GM12878,0.59335256,0.0023739957,1
ENSG00000023734,1.4885831,1.9306434,GM12878,0.69103384,0.9822006,1
ENSG00000028116,1.5816505,1.4935975,GM12878,0.73971534,1.0,1
ENSG00000028116,1.5633496,1.4935975,GM12878,0.7812442,1.0,1
ENSG00000028116,1.5632795,1.4935975,GM12878,0.7808293,1.0,1
ENSG00000028116,1.4276358,1.4935975,GM12878,0.92845976,1.0,1
ENSG00000028116,1.1945857,1.4935975,GM12878,0.43079937,0.0,1
ENSG00000028116,1.252952,1.4935975,GM12878,0.23065092,0.0,1
ENSG00000028116,1.6802274,1.4935975,GM12878,0.73472273,0.06367535,1
ENSG00000028116,1.4715959,1.4935975,GM12878,0.8944477,0.88485646,1
ENSG00000028116,1.2708085,1.4935975,GM12878,0.79094684,0.045859452,1
ENSG00000028203,1.2742218,1.6555226,GM12878,0.93026966,1.0,1
ENSG00000028203,1.3519027,1.6555226,GM12878,0.8521451,0.8412138,1
ENSG00000028203,1.3189942,1.6555226,GM12878,0.9072385,0.7894737,1
ENSG00000028203,1.3242462,1.6555226,GM12878,0.86440396,0.948542,1
ENSG00000028203,0.9698036,1.6555226,GM12878,0.8816324,0.35714287,1
ENSG00000028203,1.2772406,1.6555226,GM12878,0.88313234,0.0,1
ENSG00000029153,-0.4456278,-0.22914799,GM12878,0.99462056,1.0,1
ENSG00000032389,1.19586,1.6226285,GM12878,0.9449574,1.0,1
ENSG00000033030,1.6508437,1.3785796,GM12878,0.8501308,1.0,1
ENSG00000033030,1.6253778,1.3785796,GM12878,0.9272847,0.9973082,1
ENSG00000034510,1.3459642,2.497952,GM12878,0.7146082,1.0,1
ENSG00000035115,-0.09720704,0.811575,GM12878,0.98754686,1.0,1
ENSG00000035115,0.14359272,0.811575,GM12878,0.96528125,0.6007905,1
ENSG00000035115,-0.31601486,0.811575,GM12878,0.9903841,1.0,1
ENSG00000035115,0.13181646,0.811575,GM12878,0.9783176,0.0042735045,1
ENSG00000035115,-0.1971459,0.811575,GM12878,0.97831124,0.27142859,1
ENSG00000035141,0.94749165,1.8196098,GM12878,0.73897046,1.0,1
ENSG00000035141,0.954607,1.8196098,GM12878,0.7314948,1.0,1
ENSG00000035141,1.162799,1.8196098,GM12878,0.6929588,0.0066541545,1
ENSG00000036257,1.1427255,1.4462264,GM12878,0.961985,1.0,1
ENSG00000037897,1.7167456,1.5247854,GM12878,0.9586608,1.0,1
ENSG00000037897,1.0161518,1.5247854,GM12878,0.92765564,1.0,1
ENSG00000037897,1.1726892,1.5247854,GM12878,0.92699707,0.23014441,1
ENSG00000040933,0.622559,1.0366288,GM12878,0.9713499,1.0,1
ENSG00000040933,1.0412081,1.0366288,GM12878,0.3338885,0.10675381,1
ENSG00000042445,1.0931901,1.1417632,GM12878,0.83919746,1.0,1
ENSG00000042445,0.9674757,1.1417632,GM12878,0.9441444,1.0,1
ENSG00000042445,0.7490694,1.1417632,GM12878,0.94940734,0.6638585,1
ENSG00000042445,1.0601991,1.1417632,GM12878,0.7894563,0.99119496,1
ENSG00000042493,0.7932498,1.725585,GM12878,0.8407158,1.0,1
ENSG00000047621,1.6381269,1.0417873,GM12878,0.89797705,1.0,1
ENSG00000047621,1.6234926,1.0417873,GM12878,0.9100624,1.0,1
ENSG00000047621,1.4846467,1.0417873,GM12878,0.8719682,1.0,1
ENSG00000048991,1.307838,1.7825443,GM12878,0.85655457,1.0,1
ENSG00000048991,1.214012,1.7825443,GM12878,0.90724677,1.0,1
ENSG00000048991,1.0462173,1.7825443,GM12878,0.9395077,0.9871293,1
ENSG00000048991,1.0432614,1.7825443,GM12878,0.7302335,0.027957622,1
ENSG00000049323,0.09926568,1.04883,GM12878,0.99243504,1.0,1
ENSG00000049323,0.678992,1.04883,GM12878,0.9870683,1.0,1
ENSG00000050405,1.4843179,1.3907585,GM12878,0.7865987,1.0,1
ENSG00000050405,1.4539106,1.3907585,GM12878,0.3942132,0.0,1
ENSG00000050426,1.9289845,2.1715217,GM12878,0.8752924,1.0,1
ENSG00000050426,1.443262,2.1715217,GM12878,0.8847033,1.0,1
ENSG00000050426,1.9049865,2.1715217,GM12878,0.9304426,1.0,1
ENSG00000050426,1.8090647,2.1715217,GM12878,0.716255,0.8888889,1
ENSG00000050426,1.9449621,2.1715217,GM12878,0.8734359,0.92021114,1
ENSG00000050426,1.9449621,2.1715217,GM12878,0.8734359,0.063182525,1
ENSG00000050426,1.9341522,2.1715217,GM12878,0.8398016,0.07553957,1
ENSG00000050426,1.9406338,2.1715217,GM12878,0.8467145,0.9354232,1
ENSG00000050438,-0.45742962,-0.33724216,GM12878,0.99473107,1.0,1
ENSG00000051825,1.701172,1.6564815,GM12878,0.59756094,1.0,1
ENSG00000051825,1.5778025,1.6564815,GM12878,0.83264256,0.26948357,1
ENSG00000055044,1.6713525,2.0313277,GM12878,0.95515674,1.0,1
ENSG00000055044,1.643198,2.0313277,GM12878,0.7551089,0.032931123,1
ENSG00000055332,1.1163217,0.9934362,GM12878,0.82230836,1.0,1
ENSG00000055332,0.9935079,0.9934362,GM12878,0.94470793,1.0,1
ENSG00000055332,1.1908582,0.9934362,GM12878,0.96470636,0.69730943,1
ENSG00000055917,1.780918,1.6688516,GM12878,0.91700095,1.0,1
ENSG00000055917,1.6590205,1.6688516,GM12878,0.9517251,1.0,1
ENSG00000055917,1.5144634,1.6688516,GM12878,0.92499757,1.0,1
ENSG00000055917,1.4661263,1.6688516,GM12878,0.94326824,0.8681767,1
ENSG00000055917,1.7569798,1.6688516,GM12878,0.9466488,0.90764415,1
ENSG00000055917,1.5676588,1.6688516,GM12878,0.5915957,0.14331445,1
ENSG00000057935,0.84903854,1.4459155,GM12878,0.5741819,1.0,1
ENSG00000058272,1.6468188,1.5872618,GM12878,0.89218414,1.0,1
ENSG00000058272,1.6673912,1.5872618,GM12878,0.4074288,0.0,1
ENSG00000058272,1.6716919,1.5872618,GM12878,0.90513563,1.0,1
ENSG00000058272,1.7110881,1.5872618,GM12878,0.8668647,0.9219089,1
ENSG00000058272,1.6538438,1.5872618,GM12878,0.9591295,0.48738533,1
ENSG00000059728,1.3037405,1.3909351,GM12878,0.82497793,1.0,1
ENSG00000059728,1.2158405,1.3909351,GM12878,0.938117,1.0,1
ENSG00000059728,1.2737826,1.3909351,GM12878,0.83606917,0.9619565,1
ENSG00000059758,1.3222104,1.2033049,GM12878,0.84303534,1.0,1
ENSG00000059758,1.2956502,1.2033049,GM12878,0.93618697,0.98778194,1
ENSG00000059804,1.5544877,2.4926348,GM12878,0.9511837,1.0,1
ENSG00000060138,0.97027636,1.5975856,GM12878,0.9085728,1.0,1
ENSG00000060138,1.147215,1.5975856,GM12878,0.9622761,1.0,1
ENSG00000060138,0.9824862,1.5975856,GM12878,0.9454591,0.59007204,1
ENSG00000060138,1.094261,1.5975856,GM12878,0.5456481,0.0,1
ENSG00000060140,0.66082513,-0.4436975,GM12878,0.8754498,1.0,1
ENSG00000060237,1.4233769,1.378398,GM12878,0.85817945,1.0,1
ENSG00000060237,1.318046,1.378398,GM12878,0.9345675,0.0,1
ENSG00000060237,1.3167298,1.378398,GM12878,0.6531142,0.0,1
ENSG00000060982,1.8812354,1.6651118,GM12878,0.9322623,1.0,1
ENSG00000060982,1.8073825,1.6651118,GM12878,0.8988152,0.9716636,1
ENSG00000060982,1.7017082,1.6651118,GM12878,0.84198016,0.9990838,1
ENSG00000061273,1.3561435,1.4109459,GM12878,0.8711062,1.0,1
ENSG00000061273,1.1049179,1.4109459,GM12878,0.8306904,1.0,1
ENSG00000061273,1.2447007,1.4109459,GM12878,0.87862813,0.0,1
ENSG00000061273,1.1973327,1.4109459,GM12878,0.89713144,0.42357275,1
ENSG00000061273,1.1566299,1.4109459,GM12878,0.6436006,1.0,1
ENSG00000061676,1.3891577,2.0211065,GM12878,0.8706741,1.0,1
ENSG00000061936,1.655136,1.2929204,GM12878,0.9390262,1.0,1
ENSG00000061936,1.7174528,1.2929204,GM12878,0.73909676,1.0,1
ENSG00000061936,1.5602764,1.2929204,GM12878,0.9495351,1.0,1
ENSG00000061936,1.2784001,1.2929204,GM12878,0.78630054,0.014285714,1
ENSG00000061987,1.2142032,1.2079035,GM12878,0.88927054,1.0,1
ENSG00000061987,1.2517551,1.2079035,GM12878,0.8102252,1.0,1
ENSG00000061987,1.2333109,1.2079035,GM12878,0.43415666,0.12878788,1
ENSG00000061987,1.2824308,1.2079035,GM12878,0.63824946,0.0,1
ENSG00000062485,1.8103447,2.056333,GM12878,0.7491472,1.0,1
ENSG00000062485,1.8103447,2.056333,GM12878,0.7491472,1.0,1
ENSG00000062485,1.8196884,2.056333,GM12878,0.79573506,0.0,1
ENSG00000062485,1.8050491,2.056333,GM12878,0.56733793,0.016642628,1
ENSG00000063046,1.7636054,2.591098,GM12878,0.9506625,1.0,1
ENSG00000063046,1.5920961,2.591098,GM12878,0.94749755,1.0,1
ENSG00000063046,1.8211017,2.591098,GM12878,0.9021236,0.9991147,1
ENSG00000063046,1.8077482,2.591098,GM12878,0.948228,0.7175943,1
ENSG00000063660,0.2732756,-0.5850267,GM12878,0.95881313,1.0,1
ENSG00000063660,0.26232657,-0.5850267,GM12878,0.96826506,1.0,1
ENSG00000064012,1.5832168,1.1000258,GM12878,0.6036136,1.0,1
ENSG00000064012,1.3057818,1.1000258,GM12878,0.794537,0.0,1
ENSG00000064012,1.464665,1.1000258,GM12878,0.80739725,0.36689654,1
ENSG00000064012,1.6481873,1.1000258,GM12878,0.59043294,0.9888476,1
ENSG00000064102,1.6000773,1.7070589,GM12878,0.9417124,1.0,1
ENSG00000064102,1.6031694,1.7070589,GM12878,0.8884615,1.0,1
ENSG00000064102,1.6574849,1.7070589,GM12878,0.82614565,1.0,1
ENSG00000064115,0.911546,1.8372726,GM12878,0.84274393,1.0,1
ENSG00000064763,1.0916289,0.920645,GM12878,0.62440675,1.0,1
ENSG00000064933,1.2348824,1.227115,GM12878,0.9486568,1.0,1
ENSG00000064933,1.2261544,1.227115,GM12878,0.90583026,1.0,1
ENSG00000064933,1.3552604,1.227115,GM12878,0.935706,1.0,1
ENSG00000064933,1.1335268,1.227115,GM12878,0.94419575,0.9388275,1
ENSG00000064933,1.2795879,1.227115,GM12878,0.6987498,0.9592183,1
ENSG00000064933,1.4040346,1.227115,GM12878,0.74159163,0.0027777778,1
ENSG00000064933,1.175286,1.227115,GM12878,0.95732266,0.595217,1
ENSG00000064989,0.61888593,-0.92081875,GM12878,0.9142948,1.0,1
ENSG00000065357,0.9409486,0.81954396,GM12878,0.93659496,0.8831169,1
ENSG00000065548,1.399417,2.1490343,GM12878,0.8798814,1.0,1
ENSG00000065548,1.3939494,2.1490343,GM12878,0.890472,1.0,1
ENSG00000065548,1.3953549,2.1490343,GM12878,0.9280472,1.0,1
ENSG00000065548,1.659333,2.1490343,GM12878,0.9147193,1.0,1
ENSG00000065548,1.6137433,2.1490343,GM12878,0.89179605,0.27601242,1
ENSG00000065802,1.580174,1.3005955,GM12878,0.9443172,1.0,1
ENSG00000065911,1.8721443,2.3176246,GM12878,0.9112529,1.0,1
ENSG00000065911,1.6842085,2.3176246,GM12878,0.908377,0.15467583,1
ENSG00000065911,1.8382812,2.3176246,GM12878,0.8912533,0.99922943,1
ENSG00000065970,1.393031,0.35793483,GM12878,0.9068418,1.0,1
ENSG00000066084,1.1153387,1.2650537,GM12878,0.90602285,1.0,1
ENSG00000066117,1.3305719,1.6785184,GM12878,0.94895065,1.0,1
ENSG00000066117,1.3677181,1.6785184,GM12878,0.91562325,1.0,1
ENSG00000066117,1.3677181,1.6785184,GM12878,0.91562325,1.0,1
ENSG00000066117,1.416758,1.6785184,GM12878,0.96413136,0.44461077,1
ENSG00000067066,0.6419468,1.4056878,GM12878,0.93084246,1.0,1
ENSG00000067066,1.1971697,1.4056878,GM12878,0.68549234,0.8678011,1
ENSG00000067066,1.3078265,1.4056878,GM12878,0.89436376,0.009708738,1
ENSG00000067066,1.0345238,1.4056878,GM12878,0.8130713,0.8682635,1
ENSG00000067182,1.4508336,1.351603,GM12878,0.6289804,1.0,1
ENSG00000067182,1.5333365,1.351603,GM12878,0.8238648,0.9922929,1
ENSG00000067182,1.6025492,1.351603,GM12878,0.85125566,0.99613154,1
ENSG00000068024,0.3282407,0.48429984,GM12878,0.92899495,1.0,1
ENSG00000068654,1.4967629,0.9454686,GM12878,0.9585573,1.0,1
ENSG00000068697,1.6751515,2.0860393,GM12878,0.8957236,1.0,1
ENSG00000068697,1.5574535,2.0860393,GM12878,0.9399032,1.0,1
ENSG00000068724,0.90845686,0.81491315,GM12878,0.90045565,1.0,1
ENSG00000068724,1.13658,0.81491315,GM12878,0.42840716,0.018796992,1
ENSG00000068724,1.075468,0.81491315,GM12878,0.8089702,0.065789476,1
ENSG00000068724,0.6249028,0.81491315,GM12878,0.91040653,0.9868914,1
ENSG00000068724,0.6872667,0.81491315,GM12878,0.96974003,0.9580537,1
ENSG00000068724,0.6878305,0.81491315,GM12878,0.9380851,0.0,1
ENSG00000068784,1.5112232,0.94101423,GM12878,0.8747869,1.0,1
ENSG00000068878,1.4425428,1.7384634,GM12878,0.8396884,1.0,1
ENSG00000068878,1.2572571,1.7384634,GM12878,0.82685256,0.639196,1
ENSG00000068878,1.4641417,1.7384634,GM12878,0.9408209,0.9855346,1
ENSG00000068912,1.318109,1.462398,GM12878,0.8831774,1.0,1
ENSG00000068912,1.4915403,1.462398,GM12878,0.94909036,0.8584008,1
ENSG00000069493,0.66503197,0.64836,GM12878,0.972328,1.0,1
ENSG00000069493,0.6128896,0.64836,GM12878,0.90873814,0.87815124,1
ENSG00000069493,0.85604745,0.64836,GM12878,0.8668349,0.44295302,1
ENSG00000070018,1.1272527,0.89376175,GM12878,0.9310122,1.0,1
ENSG00000070019,-0.56117,-0.92081875,GM12878,0.97701037,1.0,1
ENSG00000070019,-0.5135511,-0.92081875,GM12878,0.9244237,1.0,1
ENSG00000070019,-0.3624758,-0.92081875,GM12878,0.95571446,1.0,1
ENSG00000070019,-0.42132467,-0.92081875,GM12878,0.962606,1.0,1
ENSG00000070961,1.1627002,1.1994809,GM12878,0.9636053,1.0,1
ENSG00000070961,1.3864352,1.1994809,GM12878,0.8251565,1.0,1
ENSG00000070961,1.2117283,1.1994809,GM12878,0.93900704,1.0,1
ENSG00000070961,1.1154314,1.1994809,GM12878,0.9414886,0.97525775,1
ENSG00000071051,0.54267496,0.57054293,GM12878,0.98112273,1.0,1
ENSG00000071051,0.47366366,0.57054293,GM12878,0.9503029,0.5444015,1
ENSG00000071054,1.1166217,1.5724069,GM12878,0.93765944,1.0,1
ENSG00000071054,1.0027168,1.5724069,GM12878,0.76551914,0.41871583,1
ENSG00000071054,1.009994,1.5724069,GM12878,0.32998773,0.58128417,1
ENSG00000071054,1.0735838,1.5724069,GM12878,0.8126237,0.38251367,1
ENSG00000071073,-0.0053862026,-0.60206,GM12878,0.98337364,1.0,1
ENSG00000071073,-0.26446915,-0.60206,GM12878,0.99203956,1.0,1
ENSG00000071073,-0.014371826,-0.60206,GM12878,0.9871551,1.0,1
ENSG00000071073,-0.17689063,-0.60206,GM12878,0.98805374,1.0,1
ENSG00000071073,-0.1795489,-0.60206,GM12878,0.9879816,1.0,1
ENSG00000071575,0.8975038,1.2995073,GM12878,0.93686986,1.0,1
ENSG00000071909,-0.2223705,0.21484385,GM12878,0.99002856,1.0,1
ENSG00000071967,1.2021973,1.2600714,GM12878,0.83012754,1.0,1
ENSG00000071967,1.1175089,1.2600714,GM12878,0.9339505,1.0,1
ENSG00000071967,1.1175089,1.2600714,GM12878,0.9339505,1.0,1
ENSG00000071967,1.2021973,1.2600714,GM12878,0.83012754,0.95373666,1
ENSG00000072135,0.9192178,1.6394864,GM12878,0.82372487,1.0,1
ENSG00000072135,0.99804884,1.6394864,GM12878,0.63638645,1.0,1
ENSG00000072135,1.0235823,1.6394864,GM12878,0.88304466,1.0,1
ENSG00000072609,1.1614431,1.4173056,GM12878,0.77842265,1.0,1
ENSG00000072609,1.1463791,1.4173056,GM12878,0.65648454,1.0,1
ENSG00000072609,1.228785,1.4173056,GM12878,0.20287673,0.067885116,1
ENSG00000072609,0.79801023,1.4173056,GM12878,0.88609797,0.51428574,1
ENSG00000072609,0.76237804,1.4173056,GM12878,0.9500238,0.41571194,1
ENSG00000072609,1.247753,1.4173056,GM12878,0.6510344,0.5989933,1
ENSG00000073060,1.1969955,1.9950645,GM12878,0.9347278,1.0,1
ENSG00000073060,1.2994488,1.9950645,GM12878,0.9202411,0.6875557,1
ENSG00000073060,1.3113871,1.9950645,GM12878,0.6144342,0.02337278,1
ENSG00000073614,1.1882552,1.0043213,GM12878,0.84033954,1.0,1
ENSG00000073614,1.2575933,1.0043213,GM12878,0.90298164,1.0,1
ENSG00000073614,1.5347738,1.0043213,GM12878,0.63643754,0.07196402,1
ENSG00000074054,0.73265463,0.8756399,GM12878,0.92262155,1.0,1
ENSG00000074054,1.2682387,0.8756399,GM12878,0.9198846,1.0,1
ENSG00000074054,1.3856286,0.8756399,GM12878,0.82618505,1.0,1
ENSG00000074582,0.9930604,1.6382896,GM12878,0.8687426,1.0,1
ENSG00000074582,1.2484534,1.6382896,GM12878,0.7323854,0.04265403,1
ENSG00000074582,1.2555574,1.6382896,GM12878,0.739753,0.012707722,1
ENSG00000074582,1.2536457,1.6382896,GM12878,0.8472375,0.039923955,1
ENSG00000075089,1.4003606,1.8997658,GM12878,0.84210366,1.0,1
ENSG00000075089,1.3666873,1.8997658,GM12878,0.901284,0.9995011,1
ENSG00000075188,1.445673,2.2130394,GM12878,0.8788312,1.0,1
ENSG00000075188,1.5715219,2.2130394,GM12878,0.93065965,0.026617851,1
ENSG00000075292,1.2893338,1.8391637,GM12878,0.8899862,1.0,1
ENSG00000075292,1.4450339,1.8391637,GM12878,0.53493875,0.9626697,1
ENSG00000075415,1.5751995,2.5069783,GM12878,0.714435,1.0,1
ENSG00000075426,0.43393928,-0.34678748,GM12878,0.97690886,1.0,1
ENSG00000075426,0.5936109,-0.34678748,GM12878,0.97046757,1.0,1
ENSG00000075856,1.8960282,1.4109459,GM12878,0.77502346,1.0,1
ENSG00000075856,1.7618427,1.4109459,GM12878,0.65073633,0.9958042,1
ENSG00000075856,1.8863206,1.4109459,GM12878,0.72628266,0.025874127,1
ENSG00000075884,0.6988864,-0.013228266,GM12878,0.8961758,1.0,1
ENSG00000076003,1.6720251,1.9534214,GM12878,0.9407378,1.0,1
ENSG00000076003,1.6703361,1.9534214,GM12878,0.8948134,1.0,1
ENSG00000076067,-0.07357864,0.12057393,GM12878,0.9846815,1.0,1
ENSG00000076108,1.0586957,1.8205298,GM12878,0.96311563,1.0,1
ENSG00000076108,1.4583852,1.8205298,GM12878,0.8742111,1.0,1
ENSG00000076108,1.1345149,1.8205298,GM12878,0.73016536,0.15889744,1
ENSG00000076248,1.2354928,1.2966652,GM12878,0.9276458,1.0,1
ENSG00000076248,1.2235061,1.2966652,GM12878,0.9151584,0.99693567,1
ENSG00000076513,1.5260088,1.5936183,GM12878,0.933534,1.0,1
ENSG00000076513,1.5260088,1.5936183,GM12878,0.933534,1.0,1
ENSG00000076513,1.6058806,1.5936183,GM12878,0.93167657,1.0,1
ENSG00000076513,1.5223421,1.5936183,GM12878,0.6623572,1.0,1
ENSG00000076513,1.3075008,1.5936183,GM12878,0.90597,0.986946,1
ENSG00000077044,0.8366494,1.1964525,GM12878,0.93094134,1.0,1
ENSG00000077044,0.4614763,1.1964525,GM12878,0.9723628,0.01369863,1
ENSG00000077232,0.8964322,1.5851222,GM12878,0.9286106,1.0,1
ENSG00000077232,1.2231452,1.5851222,GM12878,0.9234217,1.0,1
ENSG00000077232,1.3366075,1.5851222,GM12878,0.7205523,0.9609848,1
ENSG00000077232,1.211516,1.5851222,GM12878,0.9100805,0.014757281,1
ENSG00000077232,1.2183565,1.5851222,GM12878,0.8703276,0.03846154,1
ENSG00000077232,1.1160723,1.5851222,GM12878,0.8667048,0.08199643,1
ENSG00000077380,1.5202621,2.136467,GM12878,0.8806704,1.0,1
ENSG00000077380,1.4038914,2.136467,GM12878,0.480253,0.0,1
ENSG00000077380,1.5081131,2.136467,GM12878,0.7422652,0.0011638433,1
ENSG00000078237,0.7459345,-0.52287877,GM12878,0.7921435,1.0,1
ENSG00000078246,1.1258509,0.98587537,GM12878,0.92443407,1.0,1
ENSG00000078246,1.0480015,0.98587537,GM12878,0.89696753,0.9167604,1
ENSG00000078246,1.527902,0.98587537,GM12878,0.8772495,0.9943757,1
ENSG00000078246,1.2811755,0.98587537,GM12878,0.808145,0.9223847,1
ENSG00000078246,1.3890637,0.98587537,GM12878,0.9026936,0.9943757,1
ENSG00000079150,0.9021262,1.154424,GM12878,0.9166333,1.0,1
ENSG00000079150,0.9135111,1.154424,GM12878,0.9392021,0.83908045,1
ENSG00000079150,1.2141622,1.154424,GM12878,0.89724827,0.23958333,1
ENSG00000079150,0.9021262,1.154424,GM12878,0.9166333,0.38020834,1
ENSG00000079156,0.7435921,1.1510632,GM12878,0.9438968,1.0,1
ENSG00000079246,1.626224,2.570823,GM12878,0.8938523,1.0,1
ENSG00000079246,1.5314338,2.570823,GM12878,0.9364515,1.0,1
ENSG00000079337,0.31797782,-0.34678748,GM12878,0.99161094,1.0,1
ENSG00000079337,0.27696157,-0.34678748,GM12878,0.978525,1.0,1
ENSG00000079387,1.8654503,1.6055205,GM12878,0.8179823,1.0,1
ENSG00000079387,1.8166834,1.6055205,GM12878,0.78534955,0.29693994,1
ENSG00000079785,1.6317552,2.186589,GM12878,0.6591195,1.0,1
ENSG00000080345,1.540141,1.4865721,GM12878,0.9465816,1.0,1
ENSG00000080345,1.533194,1.4865721,GM12878,0.86239,1.0,1
ENSG00000080345,1.4987656,1.4865721,GM12878,0.86927867,1.0,1
ENSG00000080345,1.3987482,1.4865721,GM12878,0.5804136,0.20479302,1
ENSG00000080345,1.541267,1.4865721,GM12878,0.88439894,0.6510773,1
ENSG00000080371,1.4211304,0.9375179,GM12878,0.7676666,1.0,1
ENSG00000080371,1.2160507,0.9375179,GM12878,0.86011106,1.0,1
ENSG00000080371,1.3997627,0.9375179,GM12878,0.8608046,1.0,1
ENSG00000081320,1.4448736,0.9375179,GM12878,0.86932194,1.0,1
ENSG00000081320,1.2354008,0.9375179,GM12878,0.96043473,1.0,1
ENSG00000081320,1.1521939,0.9375179,GM12878,0.95109475,1.0,1
ENSG00000081760,0.74287146,0.666518,GM12878,0.8850114,1.0,1
ENSG00000081760,0.42157847,0.666518,GM12878,0.9783214,1.0,1
ENSG00000081760,0.8017171,0.666518,GM12878,0.89434916,0.10033445,1
ENSG00000081760,0.40107763,0.666518,GM12878,0.9885699,0.83798885,1
ENSG00000082146,1.0387844,1.2352759,GM12878,0.8705281,1.0,1
ENSG00000082146,1.1717564,1.2352759,GM12878,0.8462197,1.0,1
ENSG00000082146,1.1226364,1.2352759,GM12878,0.69049716,1.0,1
ENSG00000082153,1.7522686,2.1173708,GM12878,0.9368285,1.0,1
ENSG00000082258,1.534986,1.3172274,GM12878,0.8112161,1.0,1
ENSG00000082258,1.6060014,1.3172274,GM12878,0.89740384,0.2628012,1
ENSG00000082805,1.2628171,0.33845648,GM12878,0.59695387,0.6804734,1
ENSG00000082805,1.1501116,0.33845648,GM12878,0.30072156,0.02366864,1
ENSG00000082805,0.79048723,0.33845648,GM12878,0.8762322,1.0,1
ENSG00000082805,1.3414973,0.33845648,GM12878,0.8775154,0.023391813,1
ENSG00000082805,1.2092744,0.33845648,GM12878,0.6754879,0.005882353,1
ENSG00000082898,1.8515058,2.331326,GM12878,0.7995315,1.0,1
ENSG00000082898,1.8312137,2.331326,GM12878,0.9209707,1.0,1
ENSG00000082898,1.7782041,2.331326,GM12878,0.86488503,1.0,1
ENSG00000082898,1.6873988,2.331326,GM12878,0.8144112,1.0,1
ENSG00000084090,1.6023749,1.9021118,GM12878,0.8889421,1.0,1
ENSG00000084110,-0.36063722,-0.60206,GM12878,0.9784857,1.0,1
ENSG00000084112,1.0891327,0.4913617,GM12878,0.8588317,1.0,1
ENSG00000084444,0.43024698,0.65513843,GM12878,0.85792243,1.0,1
ENSG00000084463,1.4716288,1.0362295,GM12878,0.9175797,1.0,1
ENSG00000084463,1.3395256,1.0362295,GM12878,0.93929553,1.0,1
ENSG00000084463,1.3146628,1.0362295,GM12878,0.8078332,0.0046425257,1
ENSG00000084676,1.0367628,1.2764618,GM12878,0.93534863,1.0,1
ENSG00000084676,1.0849863,1.2764618,GM12878,0.8482444,1.0,1
ENSG00000084676,0.74007756,1.2764618,GM12878,0.9347658,0.689951,1
ENSG00000084676,1.2682164,1.2764618,GM12878,0.9180552,0.7805582,1
ENSG00000084693,1.4386519,1.5991186,GM12878,0.93592745,1.0,1
ENSG00000084693,1.600743,1.5991186,GM12878,0.5821759,0.56435645,1
ENSG00000084731,0.44116378,0.42160392,GM12878,0.95426995,1.0,1
ENSG00000084731,0.42166826,0.42160392,GM12878,0.9542864,1.0,1
ENSG00000084733,1.6731966,1.9852917,GM12878,0.85494447,1.0,1
ENSG00000084733,1.6728628,1.9852917,GM12878,0.95082456,1.0,1
ENSG00000084733,1.6419791,1.9852917,GM12878,0.9150362,1.0,1
ENSG00000084733,1.7226015,1.9852917,GM12878,0.94019383,1.0,1
ENSG00000084754,1.7246357,2.190472,GM12878,0.891794,1.0,1
ENSG00000084764,1.1296941,1.4965146,GM12878,0.92959285,1.0,1
ENSG00000084774,1.488568,1.5732198,GM12878,0.9565279,1.0,1
ENSG00000084774,1.1448599,1.5732198,GM12878,0.9506244,0.9823691,1
ENSG00000085449,0.8145085,1.3895204,GM12878,0.8824283,1.0,1
ENSG00000085760,1.4763247,1.7431176,GM12878,0.971219,1.0,1
ENSG00000085760,1.4057772,1.7431176,GM12878,0.95510924,1.0,1
ENSG00000085760,1.1797839,1.7431176,GM12878,0.41329244,0.100053504,1
ENSG00000085978,1.5617666,1.2276297,GM12878,0.8955631,1.0,1
ENSG00000085978,1.5617666,1.2276297,GM12878,0.8955631,1.0,1
ENSG00000085978,1.5239232,1.2276297,GM12878,0.859197,1.0,1
ENSG00000085978,1.5973629,1.2276297,GM12878,0.7410571,0.2453125,1
ENSG00000085982,1.0779809,1.0881361,GM12878,0.85814476,1.0,1
ENSG00000085982,1.178042,1.0881361,GM12878,0.87614864,1.0,1
ENSG00000086598,1.547475,2.15567,GM12878,0.87413365,1.0,1
ENSG00000087338,1.2469991,1.2484637,GM12878,0.9106562,1.0,1
ENSG00000087448,0.8464991,0.94151145,GM12878,0.9432862,1.0,1
ENSG00000087470,1.3581315,1.7861123,GM12878,0.821789,1.0,1
ENSG00000087470,1.3581315,1.7861123,GM12878,0.821789,1.0,1
ENSG00000087470,1.3353957,1.7861123,GM12878,0.9110551,1.0,1
ENSG00000087470,1.2790939,1.7861123,GM12878,0.812695,1.0,1
ENSG00000087470,1.2890778,1.7861123,GM12878,0.47546455,0.21595427,1
ENSG00000087470,1.3693956,1.7861123,GM12878,0.8987945,1.0,1
ENSG00000087470,1.4203359,1.7861123,GM12878,0.94980377,0.9932165,1
ENSG00000087470,1.0266722,1.7861123,GM12878,0.74663895,1.0,1
ENSG00000087470,1.296958,1.7861123,GM12878,0.57065576,0.18685122,1
ENSG00000087470,1.3109766,1.7861123,GM12878,0.57753295,0.27376696,1
ENSG00000087470,1.414183,1.7861123,GM12878,0.76597434,0.675503,1
ENSG00000087470,1.4148568,1.7861123,GM12878,0.76191914,0.5592635,1
ENSG00000087494,-0.14775825,0.17026171,GM12878,0.9729804,1.0,1
ENSG00000087502,1.3340437,1.5619358,GM12878,0.8932359,1.0,1
ENSG00000088179,1.455651,1.3697723,GM12878,0.73158526,1.0,1
ENSG00000088205,1.424719,2.0459876,GM12878,0.9265576,1.0,1
ENSG00000088986,1.3139817,2.5452452,GM12878,0.7042306,1.0,1
ENSG00000088986,1.0179334,2.5452452,GM12878,0.8409153,1.0,1
ENSG00000088992,0.7659964,1.2720737,GM12878,0.9181638,1.0,1
ENSG00000088992,0.8702925,1.2720737,GM12878,0.6250373,1.0,1
ENSG00000088992,1.0044892,1.2720737,GM12878,0.8873591,0.9531773,1
ENSG00000089022,1.5519155,1.7231271,GM12878,0.9001728,1.0,1
ENSG00000089041,-0.086786635,-0.82390875,GM12878,0.98671836,1.0,1
ENSG00000089053,1.6793658,2.3872297,GM12878,0.91496044,1.0,1
ENSG00000089053,1.5006841,2.3872297,GM12878,0.8555389,0.84344923,1
ENSG00000089060,0.8161954,1.2387986,GM12878,0.91087383,1.0,1
ENSG00000089060,1.5108045,1.2387986,GM12878,0.654303,1.0,1
ENSG00000089060,0.44955516,1.2387986,GM12878,0.9062445,0.022988506,1
ENSG00000089060,1.053136,1.2387986,GM12878,0.8318531,1.0,1
ENSG00000089094,0.5044097,1.2591158,GM12878,0.9755721,1.0,1
ENSG00000089094,1.0997354,1.2591158,GM12878,0.84444773,1.0,1
ENSG00000089094,0.5783592,1.2591158,GM12878,0.77054906,0.88706565,1
ENSG00000089154,1.6915709,1.7058637,GM12878,0.93455285,1.0,1
ENSG00000089159,0.7492127,1.4581845,GM12878,0.9444089,0.40955952,1
ENSG00000089163,0.34533706,0.35983548,GM12878,0.92955416,1.0,1
ENSG00000089163,0.34944588,0.35983548,GM12878,0.95194846,1.0,1
ENSG00000089220,1.221081,2.007321,GM12878,0.8087251,1.0,1
ENSG00000089220,1.2257783,2.007321,GM12878,0.95517176,1.0,1
ENSG00000089234,1.5674983,1.34262,GM12878,0.89182436,1.0,1
ENSG00000089248,1.2523588,1.9694159,GM12878,0.93508464,0.88129413,1
ENSG00000089692,-0.31384897,-0.6777807,GM12878,0.99011374,1.0,1
ENSG00000089693,0.8043435,2.1970875,GM12878,0.9768506,1.0,1
ENSG00000089693,1.7302893,2.1970875,GM12878,0.7949795,1.0,1
ENSG00000089818,1.7241834,1.1906118,GM12878,0.61751413,1.0,1
ENSG00000089818,1.8391514,1.1906118,GM12878,0.7608571,0.95894426,1
ENSG00000090376,-0.6380574,-0.92081875,GM12878,0.9907183,1.0,1
ENSG00000090382,0.5128,1.477266,GM12878,0.97717184,1.0,1
ENSG00000090612,1.1172504,0.68663627,GM12878,0.6674536,0.8636364,1
ENSG00000090612,1.2651049,0.68663627,GM12878,0.9481054,0.7702703,1
ENSG00000090612,1.2741464,0.68663627,GM12878,0.8826491,0.34538153,1
ENSG00000090615,1.5528804,1.148911,GM12878,0.89948124,1.0,1
ENSG00000091039,1.5251052,1.5323721,GM12878,0.94902194,1.0,1
ENSG00000091039,1.458583,1.5323721,GM12878,0.9532245,1.0,1
ENSG00000091039,1.5002486,1.5323721,GM12878,0.8123546,0.31226766,1
ENSG00000091106,0.19182667,-0.85387194,GM12878,0.9653106,1.0,1
ENSG00000091106,0.010047347,-0.85387194,GM12878,0.9556715,1.0,1
ENSG00000091409,-0.49414545,-0.92081875,GM12878,0.99518126,1.0,1
ENSG00000091409,-0.43339765,-0.92081875,GM12878,0.9950478,1.0,1
ENSG00000091428,-0.40312928,-0.4089354,GM12878,0.98037785,1.0,1
ENSG00000091428,-0.5644459,-0.4089354,GM12878,0.9789589,1.0,1
ENSG00000091436,1.1493884,1.3378584,GM12878,0.86612403,1.0,1
ENSG00000092841,1.6682006,3.0676584,GM12878,0.6124978,1.0,1
ENSG00000092841,1.7104024,3.0676584,GM12878,0.9392741,1.0,1
ENSG00000092841,1.7252598,3.0676584,GM12878,0.94902486,1.0,1
ENSG00000092841,1.7734553,3.0676584,GM12878,0.9331439,1.0,1
ENSG00000092841,1.7742629,3.0676584,GM12878,0.9330091,1.0,1
ENSG00000092841,1.7091191,3.0676584,GM12878,0.77481604,0.9697458,1
ENSG00000092841,1.8095626,3.0676584,GM12878,0.66794413,0.07447057,1
ENSG00000094914,1.3887415,1.8744239,GM12878,0.69747406,1.0,1
ENSG00000094914,1.7460505,1.8744239,GM12878,0.6652223,0.97541666,1
ENSG00000094916,1.8117254,1.8588979,GM12878,0.87727755,1.0,1
ENSG00000094916,1.8255528,1.8588979,GM12878,0.9370499,1.0,1
ENSG00000095002,1.6231071,1.9315088,GM12878,0.91936964,1.0,1
ENSG00000095002,1.6325723,1.9315088,GM12878,0.95684475,1.0,1
ENSG00000102189,1.4575568,0.5965971,GM12878,0.958829,1.0,1
ENSG00000102189,1.4396429,0.5965971,GM12878,0.9182818,1.0,1
ENSG00000110801,1.607448,1.7159199,GM12878,0.9432781,1.0,1
ENSG00000110801,1.123906,1.7159199,GM12878,0.9764658,0.52356213,1
ENSG00000110801,1.5528687,1.7159199,GM12878,0.2931756,0.2872928,1
ENSG00000110841,0.48896724,0.17609125,GM12878,0.945804,1.0,1
ENSG00000110844,0.20431536,0.587711,GM12878,0.95423114,1.0,1
ENSG00000110844,0.2132091,0.587711,GM12878,0.9010209,1.0,1
ENSG00000110848,1.6564136,1.7195798,GM12878,0.94556785,1.0,1
ENSG00000110848,1.5308036,1.7195798,GM12878,0.93231463,1.0,1
ENSG00000110848,1.6647433,1.7195798,GM12878,0.8567988,1.0,1
ENSG00000110851,1.1712325,1.1945144,GM12878,0.80677944,1.0,1
ENSG00000110852,0.4515,0.5888317,GM12878,0.93689483,1.0,1
ENSG00000110852,0.37470716,0.5888317,GM12878,0.9283302,1.0,1
ENSG00000110852,0.19376567,0.5888317,GM12878,0.9119673,0.8680352,1
ENSG00000110871,1.6903372,1.6590601,GM12878,0.6216959,1.0,1
ENSG00000110871,1.3227752,1.6590601,GM12878,0.9407243,0.9988799,1
ENSG00000110871,1.6289622,1.6590601,GM12878,0.44964156,0.04121864,1
ENSG00000110880,1.4974756,2.3280737,GM12878,0.9223847,1.0,1
ENSG00000110880,1.554677,2.3280737,GM12878,0.9167936,1.0,1
ENSG00000110881,-0.117525324,0.20951502,GM12878,0.98177433,1.0,1
ENSG00000110888,1.0434175,1.0265332,GM12878,0.8988044,1.0,1
ENSG00000110888,1.1086935,1.0265332,GM12878,0.962635,1.0,1
ENSG00000110888,1.1613802,1.0265332,GM12878,0.87891495,1.0,1
ENSG00000110888,1.0607936,1.0265332,GM12878,0.7984971,0.25040388,1
ENSG00000110888,0.8676582,1.0265332,GM12878,0.9404437,0.9846154,1
ENSG00000110888,0.9276766,1.0265332,GM12878,0.8453164,0.6297663,1
ENSG00000110888,1.1743659,1.0265332,GM12878,0.75133866,0.3457189,1
ENSG00000110906,1.628698,1.4665711,GM12878,0.41768223,1.0,1
ENSG00000110906,1.628698,1.4665711,GM12878,0.41768223,1.0,1
ENSG00000110906,0.8378102,1.4665711,GM12878,0.9770398,1.0,1
ENSG00000110906,1.2925305,1.4665711,GM12878,0.8918994,1.0,1
ENSG00000110906,1.2925305,1.4665711,GM12878,0.8918994,0.73277557,1
ENSG00000110911,1.4973922,1.6755034,GM12878,0.83973294,1.0,1
ENSG00000110917,1.3957565,1.5609821,GM12878,0.9151645,1.0,1
ENSG00000110917,1.6867051,1.5609821,GM12878,0.96360916,1.0,1
ENSG00000110917,1.7092265,1.5609821,GM12878,0.8819125,1.0,1
ENSG00000110921,1.5479422,1.4432629,GM12878,0.82283694,1.0,1
ENSG00000110921,1.1119637,1.4432629,GM12878,0.90892404,1.0,1
ENSG00000110921,1.5900897,1.4432629,GM12878,0.51214814,0.8910082,1
ENSG00000110921,1.4165179,1.4432629,GM12878,0.91430664,0.8161889,1
ENSG00000110925,0.8432209,0.8915374,GM12878,0.90659565,1.0,1
ENSG00000110925,0.7086554,0.8915374,GM12878,0.9726371,1.0,1
ENSG00000110931,1.0087507,1.1869563,GM12878,0.9579116,1.0,1
ENSG00000110931,1.2882521,1.1869563,GM12878,0.905016,1.0,1
ENSG00000110931,1.2474251,1.1869563,GM12878,0.74951047,0.122857146,1
ENSG00000110931,1.1796172,1.1869563,GM12878,0.954437,0.8297587,1
ENSG00000110934,-0.27199557,-0.537602,GM12878,0.9889719,1.0,1
ENSG00000110944,0.6269929,1.0174507,GM12878,0.95820266,1.0,1
ENSG00000110955,1.804772,3.3983412,GM12878,0.9108311,1.0,1
ENSG00000110958,1.9156609,2.114244,GM12878,0.83717924,1.0,1
ENSG00000110958,1.9012302,2.114244,GM12878,0.9012982,1.0,1
ENSG00000110958,1.9502983,2.114244,GM12878,0.91653895,1.0,1
ENSG00000110958,1.8246655,2.114244,GM12878,0.91439027,0.88235295,1
ENSG00000110958,1.9012302,2.114244,GM12878,0.9012982,0.9948186,1
ENSG00000110958,2.0283926,2.114244,GM12878,0.7872597,0.86775446,1
ENSG00000110958,1.9555122,2.114244,GM12878,0.91110474,0.9996437,1
ENSG00000110987,1.2795825,0.9561684,GM12878,0.89722687,1.0,1
ENSG00000110987,1.0378476,0.9561684,GM12878,0.9298148,1.0,1
ENSG00000111011,1.5094396,1.7259933,GM12878,0.9500906,1.0,1
ENSG00000111011,1.5750437,1.7259933,GM12878,0.7719047,0.70385605,1
ENSG00000111011,1.5905609,1.7259933,GM12878,0.92702526,0.99866134,1
ENSG00000111012,-0.05958443,0.5820634,GM12878,0.99538416,1.0,1
ENSG00000111057,1.4162585,2.4412708,GM12878,0.706929,1.0,1
ENSG00000111057,1.3901672,2.4412708,GM12878,0.86655253,1.0,1
ENSG00000111057,1.3772155,2.4412708,GM12878,0.94177884,1.0,1
ENSG00000111087,0.35212213,-0.14874165,GM12878,0.9717824,1.0,1
ENSG00000111087,0.2428923,-0.14874165,GM12878,0.9528443,1.0,1
ENSG00000111110,0.72592133,0.63848925,GM12878,0.9829705,1.0,1
ENSG00000111110,0.53605515,0.63848925,GM12878,0.95735097,1.0,1
ENSG00000111110,0.5462709,0.63848925,GM12878,0.9731126,1.0,1
ENSG00000111110,0.19015384,0.63848925,GM12878,0.97277474,1.0,1
ENSG00000111142,1.7443261,2.1322596,GM12878,0.8662696,1.0,1
ENSG00000111142,1.6124026,2.1322596,GM12878,0.92723244,1.0,1
ENSG00000111142,1.7443261,2.1322596,GM12878,0.8662696,0.942899,1
ENSG00000111142,1.7611088,2.1322596,GM12878,0.92746323,0.99957174,1
ENSG00000111144,1.0616965,1.5805829,GM12878,0.84237653,1.0,1
ENSG00000111144,1.1760381,1.5805829,GM12878,0.7824117,0.89862496,1
ENSG00000111144,1.0429779,1.5805829,GM12878,0.9226735,0.06234414,1
ENSG00000111144,1.1463948,1.5805829,GM12878,0.86934394,0.022925764,1
ENSG00000111145,0.08903623,-0.013228266,GM12878,0.9742361,1.0,1
ENSG00000111145,0.19070633,-0.013228266,GM12878,0.98408717,1.0,1
ENSG00000111196,1.5675366,1.6009729,GM12878,0.863568,1.0,1
ENSG00000111196,1.4084967,1.6009729,GM12878,0.9250728,0.5342679,1
ENSG00000111203,1.1040798,1.0733517,GM12878,0.83464587,1.0,1
ENSG00000111203,1.3292998,1.0733517,GM12878,0.58142185,1.0,1
ENSG00000111206,1.573556,0.99782306,GM12878,0.91751564,1.0,1
ENSG00000111206,1.6104226,0.99782306,GM12878,0.9392172,1.0,1
ENSG00000111206,1.7507757,0.99782306,GM12878,0.9572965,0.06612685,1
ENSG00000111206,1.612859,0.99782306,GM12878,0.6216773,0.7301855,1
ENSG00000111224,0.66707623,-0.5086383,GM12878,0.90177476,1.0,1
ENSG00000111224,0.62862194,-0.5086383,GM12878,0.9490715,1.0,1
ENSG00000111229,1.3074074,1.7294078,GM12878,0.8958505,1.0,1
ENSG00000111231,1.4798907,1.7625285,GM12878,0.9354172,1.0,1
ENSG00000111237,1.69216,2.2845435,GM12878,0.68172306,0.055408534,1
ENSG00000111237,1.6159161,2.2845435,GM12878,0.37458086,0.46666044,1
ENSG00000111247,1.8132046,1.8617135,GM12878,0.9268918,1.0,1
ENSG00000111247,1.828191,1.8617135,GM12878,0.63408566,0.15399121,1
ENSG00000111247,1.8415004,1.8617135,GM12878,0.9417709,0.9311657,1
ENSG00000111247,1.8415004,1.8617135,GM12878,0.9417709,0.9927441,1
ENSG00000111247,1.8916234,1.8617135,GM12878,0.8434777,0.5789816,1
ENSG00000111247,1.8810068,1.8617135,GM12878,0.8998277,0.09753832,1
ENSG00000111252,0.9324044,1.3789427,GM12878,0.97893494,1.0,1
ENSG00000111261,1.1487932,0.19589965,GM12878,0.93424726,1.0,1
ENSG00000111266,0.9300291,0.9449759,GM12878,0.81938285,1.0,1
ENSG00000111269,0.77937764,0.5987905,GM12878,0.93687683,1.0,1
ENSG00000111271,1.3805469,1.0962145,GM12878,0.85746217,1.0,1
ENSG00000111271,1.2340866,1.0962145,GM12878,0.8558991,1.0,1
ENSG00000111271,1.2874717,1.0962145,GM12878,0.2404038,0.45,1
ENSG00000111271,1.0941603,1.0962145,GM12878,0.9077074,1.0,1
ENSG00000111271,1.1805128,1.0962145,GM12878,0.9210539,0.9701493,1
ENSG00000111275,0.792329,1.2237555,GM12878,0.8599076,1.0,1
ENSG00000111275,0.8147136,1.2237555,GM12878,0.9637729,1.0,1
ENSG00000111275,0.72295195,1.2237555,GM12878,0.9742386,0.047309835,1
ENSG00000111276,1.5300807,1.0244857,GM12878,0.7759251,1.0,1
ENSG00000111300,1.6877812,1.5972563,GM12878,0.93402827,1.0,1
ENSG00000111300,1.6246973,1.5972563,GM12878,0.9245522,1.0,1
ENSG00000111300,1.6955773,1.5972563,GM12878,0.79738605,0.14213625,1
ENSG00000111300,1.722375,1.5972563,GM12878,0.80967885,0.8578637,1
ENSG00000111300,1.5551206,1.5972563,GM12878,0.38837078,0.021026073,1
ENSG00000111319,-0.26708853,-0.61978877,GM12878,0.9890442,1.0,1
ENSG00000111319,-0.17625137,-0.61978877,GM12878,0.99047136,1.0,1
ENSG00000111319,-0.29438457,-0.61978877,GM12878,0.9905911,1.0,1
ENSG00000111325,1.7076589,1.4266739,GM12878,0.85022086,1.0,1
ENSG00000111325,1.873655,1.4266739,GM12878,0.6418642,1.0,1
ENSG00000111325,1.4955841,1.4266739,GM12878,0.9422746,1.0,1
ENSG00000111325,1.8759549,1.4266739,GM12878,0.6305139,1.0,1
ENSG00000111325,1.8741499,1.4266739,GM12878,0.6421422,0.38821137,1
ENSG00000111325,1.7439768,1.4266739,GM12878,0.64986503,0.060568605,1
ENSG00000111325,1.4178776,1.4266739,GM12878,0.8054573,0.3888889,1
ENSG00000111328,0.9862873,1.905364,GM12878,0.9024886,1.0,1
ENSG00000111328,0.9862873,1.905364,GM12878,0.9024886,1.0,1
ENSG00000111331,0.034995668,-0.14874165,GM12878,0.9895135,1.0,1
ENSG00000111331,0.035576046,-0.14874165,GM12878,0.98279107,1.0,1
ENSG00000111331,0.009954006,-0.14874165,GM12878,0.9878076,1.0,1
ENSG00000111348,0.718571,1.0891984,GM12878,0.7655493,1.0,1
ENSG00000111358,1.7112672,1.8342935,GM12878,0.79027593,1.0,1
ENSG00000111358,1.7823385,1.8342935,GM12878,0.90992254,0.5840046,1
ENSG00000111358,1.817675,1.8342935,GM12878,0.82718927,0.94355965,1
ENSG00000111361,1.5039032,1.6484576,GM12878,0.74687594,1.0,1
ENSG00000111361,1.7094985,1.6484576,GM12878,0.86294526,1.0,1
ENSG00000111361,1.5756713,1.6484576,GM12878,0.88942903,1.0,1
ENSG00000111364,1.6936069,1.6652995,GM12878,0.94348925,1.0,1
ENSG00000111371,1.5182842,1.5344069,GM12878,0.8552089,1.0,1
ENSG00000111371,1.3664992,1.5344069,GM12878,0.8007764,1.0,1
ENSG00000111371,1.3329002,1.5344069,GM12878,0.87561554,0.99778074,1
ENSG00000111371,1.521613,1.5344069,GM12878,0.8145083,0.041364606,1
ENSG00000111412,0.9179041,0.7986506,GM12878,0.8028048,1.0,1
ENSG00000111412,0.65648204,0.7986506,GM12878,0.9390532,0.7328767,1
ENSG00000111424,0.039208576,0.17318627,GM12878,0.97970563,1.0,1
ENSG00000111424,-0.013479113,0.17318627,GM12878,0.9930298,1.0,1
ENSG00000111424,0.17273912,0.17318627,GM12878,0.930561,0.5089286,1
ENSG00000111445,1.4419599,1.8686445,GM12878,0.8770603,1.0,1
ENSG00000111445,1.239672,1.8686445,GM12878,0.7187212,0.29612947,1
ENSG00000111450,1.384544,1.6092741,GM12878,0.81853336,1.0,1
ENSG00000111452,-0.19000457,0.7715875,GM12878,0.9932724,1.0,1
ENSG00000111481,1.9461334,2.5834029,GM12878,0.8917232,1.0,1
ENSG00000111481,1.8508571,2.5834029,GM12878,0.8174414,1.0,1
ENSG00000111481,1.9126638,2.5834029,GM12878,0.9174385,1.0,1
ENSG00000111481,1.9548117,2.5834029,GM12878,0.8079144,1.0,1
ENSG00000111481,1.9197222,2.5834029,GM12878,0.82193774,0.96806204,1
ENSG00000111481,1.9089726,2.5834029,GM12878,0.63599926,0.9833247,1
ENSG00000111490,-0.36312407,-0.61978877,GM12878,0.9535428,1.0,1
ENSG00000111530,1.6463729,2.0729113,GM12878,0.78980845,1.0,1
ENSG00000111530,1.7341801,2.0729113,GM12878,0.9423156,1.0,1
ENSG00000111537,-0.14757022,-0.9586073,GM12878,0.98196274,1.0,1
ENSG00000111537,0.21767825,-0.9586073,GM12878,0.9796824,1.0,1
ENSG00000111540,1.4465092,1.7817553,GM12878,0.94497657,1.0,1
ENSG00000111540,1.453591,1.7817553,GM12878,0.95374817,0.994782,1
ENSG00000111554,1.1597351,1.0394142,GM12878,0.9563474,1.0,1
ENSG00000111554,1.0502046,1.0394142,GM12878,0.92692024,1.0,1
ENSG00000111554,1.0279632,1.0394142,GM12878,0.9245967,0.96039605,1
ENSG00000111554,1.0296811,1.0394142,GM12878,0.761811,0.19381443,1
ENSG00000111554,1.0256517,1.0394142,GM12878,0.9058429,0.80618554,1
ENSG00000111554,1.0502046,1.0394142,GM12878,0.92692024,1.0,1
ENSG00000111581,1.5714467,2.2729318,GM12878,0.88740826,1.0,1
ENSG00000111581,1.5322458,2.2729318,GM12878,0.91401255,0.99365366,1
ENSG00000111596,1.4126347,1.8489892,GM12878,0.92400235,1.0,1
ENSG00000111596,1.583982,1.8489892,GM12878,0.90540266,1.0,1
ENSG00000111596,1.236523,1.8489892,GM12878,0.89066905,0.0,1
ENSG00000111602,1.3755418,1.09691,GM12878,0.95404917,1.0,1
ENSG00000111605,1.1016102,1.7075702,GM12878,0.6578647,1.0,1
ENSG00000111605,1.498123,1.7075702,GM12878,0.91506875,1.0,1
ENSG00000111605,1.3030219,1.7075702,GM12878,0.9635722,1.0,1
ENSG00000111605,1.274263,1.7075702,GM12878,0.9633187,1.0,1
ENSG00000111605,1.4649674,1.7075702,GM12878,0.85598785,0.43953934,1
ENSG00000111615,1.5058578,1.6179434,GM12878,0.93724805,1.0,1
ENSG00000111615,1.5080423,1.6179434,GM12878,0.9516434,0.20603836,1
ENSG00000111640,1.5185183,3.780303,GM12878,0.7072589,1.0,1
ENSG00000111640,1.5977786,3.780303,GM12878,0.9238549,1.0,1
ENSG00000111641,1.7966088,1.81697,GM12878,0.9613909,1.0,1
ENSG00000111641,1.4838047,1.81697,GM12878,0.29025817,0.031418525,1
ENSG00000111641,1.5994912,1.81697,GM12878,0.30104074,0.015474794,1
ENSG00000111644,-0.23866074,1.218798,GM12878,0.9667965,1.0,1
ENSG00000111647,1.323954,1.1495271,GM12878,0.9449067,1.0,1
ENSG00000111652,1.5077422,1.4995496,GM12878,0.8452863,1.0,1
ENSG00000111653,1.393212,1.3868555,GM12878,0.96528774,1.0,1
ENSG00000111653,1.2905642,1.3868555,GM12878,0.4451984,1.0,1
ENSG00000111653,0.91356635,1.3868555,GM12878,0.8991351,0.76649743,1
ENSG00000111653,1.5724187,1.3868555,GM12878,0.8320796,0.9263804,1
ENSG00000111664,-0.0074968627,0.54406804,GM12878,0.9949197,1.0,1
ENSG00000111665,1.4701701,1.690639,GM12878,0.8787859,1.0,1
ENSG00000111665,1.5870482,1.690639,GM12878,0.6529902,1.0,1
ENSG00000111665,1.6505487,1.690639,GM12878,0.9419737,0.9242958,1
ENSG00000111666,1.1734523,1.7963661,GM12878,0.8960589,1.0,1
ENSG00000111666,1.2498509,1.7963661,GM12878,0.9287761,1.0,1
ENSG00000111666,1.1954106,1.7963661,GM12878,0.6886258,0.028457599,1
ENSG00000111667,1.8057185,1.602711,GM12878,0.95983535,1.0,1
ENSG00000111667,1.0945777,1.602711,GM12878,0.8651235,1.0,1
ENSG00000111667,1.7351304,1.602711,GM12878,0.8024913,1.0,1
ENSG00000111667,1.3734657,1.602711,GM12878,0.9770876,1.0,1
ENSG00000111667,1.7371824,1.602711,GM12878,0.8621215,1.0,1
ENSG00000111669,1.4434444,3.187828,GM12878,0.9128975,1.0,1
ENSG00000111670,0.78107995,1.1934029,GM12878,0.8492348,1.0,1
ENSG00000111670,1.0763911,1.1934029,GM12878,0.86276084,1.0,1
ENSG00000111674,0.5736921,1.652343,GM12878,0.8762804,1.0,1
ENSG00000111674,0.78736895,1.652343,GM12878,0.9609984,1.0,1
ENSG00000111674,0.8041391,1.652343,GM12878,0.9690076,1.0,1
ENSG00000111674,0.7298662,1.652343,GM12878,0.9168988,1.0,1
ENSG00000111674,0.38054568,1.652343,GM12878,0.9843896,1.0,1
ENSG00000111674,0.4566729,1.652343,GM12878,0.96837,1.0,1
ENSG00000111674,0.52916247,1.652343,GM12878,0.9487938,1.0,1
ENSG00000111676,1.0287834,0.651278,GM12878,0.9606577,1.0,1
ENSG00000111678,1.4910421,2.3016593,GM12878,0.7445279,1.0,1
ENSG00000111678,1.2945191,2.3016593,GM12878,0.81002593,1.0,1
ENSG00000111678,1.544547,2.3016593,GM12878,0.7430238,1.0,1
ENSG00000111678,1.506819,2.3016593,GM12878,0.7496132,1.0,1
ENSG00000111679,-0.4632859,0.67394197,GM12878,0.99481153,1.0,1
ENSG00000111679,-0.33163202,0.67394197,GM12878,0.9860109,1.0,1
ENSG00000111684,1.442577,1.5936183,GM12878,0.8505248,1.0,1
ENSG00000111684,1.1097646,1.5936183,GM12878,0.89040625,0.97394544,1
ENSG00000111696,1.3172764,0.83569056,GM12878,0.8571519,1.0,1
ENSG00000111696,1.1736377,0.83569056,GM12878,0.90654343,1.0,1
ENSG00000111707,1.7611302,1.3453737,GM12878,0.91739494,1.0,1
ENSG00000111711,1.4802681,1.3100557,GM12878,0.9288564,1.0,1
ENSG00000111711,1.4179116,1.3100557,GM12878,0.8497314,1.0,1
ENSG00000111711,1.4179116,1.3100557,GM12878,0.8497314,0.31460676,1
ENSG00000111711,1.474996,1.3100557,GM12878,0.9303693,0.0,1
ENSG00000111711,1.4268776,1.3100557,GM12878,0.86103106,0.046457607,1
ENSG00000111711,1.474996,1.3100557,GM12878,0.9303693,0.96702003,1
ENSG00000111716,1.3518633,2.9872193,GM12878,0.95706034,1.0,1
ENSG00000111725,1.2333705,1.9398686,GM12878,0.8521461,1.0,1
ENSG00000111725,1.4225279,1.9398686,GM12878,0.88337123,1.0,1
ENSG00000111726,1.2720803,1.746167,GM12878,0.9465799,1.0,1
ENSG00000111726,1.282782,1.746167,GM12878,0.94191515,0.6717835,1
ENSG00000111727,1.1488317,0.59217674,GM12878,0.89618176,1.0,1
ENSG00000111727,1.186419,0.59217674,GM12878,0.9198958,0.42628205,1
ENSG00000111729,-0.17859456,-0.43179828,GM12878,0.97322613,1.0,1
ENSG00000111731,1.2853211,1.2664669,GM12878,0.810013,1.0,1
ENSG00000111731,1.3254486,1.2664669,GM12878,0.624085,0.006451613,1
ENSG00000111731,1.0621612,1.2664669,GM12878,0.44430137,0.0070967744,1
ENSG00000111737,1.2625226,1.4988617,GM12878,0.95911294,1.0,1
ENSG00000111737,0.9233636,1.4988617,GM12878,0.9361083,0.76766855,1
ENSG00000111737,1.2604568,1.4988617,GM12878,0.9321239,0.0021513088,1
ENSG00000111752,0.55224967,1.071882,GM12878,0.9082035,1.0,1
ENSG00000111752,1.1853031,1.071882,GM12878,0.2793435,0.0,1
ENSG00000111752,0.8579152,1.071882,GM12878,0.88176465,0.4009662,1
ENSG00000111775,1.5670924,2.8180676,GM12878,0.8450584,1.0,1
ENSG00000111785,1.1305932,0.7551123,GM12878,0.9420652,1.0,1
ENSG00000111785,1.3346747,0.7551123,GM12878,0.90478146,1.0,1
ENSG00000111785,1.1007413,0.7551123,GM12878,0.8555671,0.19915254,1
ENSG00000111785,1.1505841,0.7551123,GM12878,0.76583713,0.20547946,1
ENSG00000111786,1.6017468,2.1542413,GM12878,0.94200337,1.0,1
ENSG00000111790,1.6139416,1.5150787,GM12878,0.93295336,1.0,1
ENSG00000111790,1.5141112,1.5150787,GM12878,0.9173871,0.60135645,1
ENSG00000112787,0.8560697,0.39967373,GM12878,0.88717455,1.0,1
ENSG00000112787,0.315535,0.39967373,GM12878,0.9374419,1.0,1
ENSG00000114942,1.5055102,2.8967025,GM12878,0.72264093,1.0,1
ENSG00000114942,1.6049703,2.8967025,GM12878,0.8111834,1.0,1
ENSG00000114942,1.6849645,2.8967025,GM12878,0.87336594,1.0,1
ENSG00000114942,1.7210737,2.8967025,GM12878,0.929852,1.0,1
ENSG00000114956,1.6949335,2.0667357,GM12878,0.9480783,1.0,1
ENSG00000114956,1.7069112,2.0667357,GM12878,0.8668794,0.109127864,1
ENSG00000114978,1.4913589,1.7536596,GM12878,0.91836303,1.0,1
ENSG00000114982,1.4370538,1.3937507,GM12878,0.92588717,1.0,1
ENSG00000114982,1.3168856,1.3937507,GM12878,0.96197337,0.8035714,1
ENSG00000114982,1.6596595,1.3937507,GM12878,0.54159564,0.0123152705,1
ENSG00000114982,1.5945634,1.3937507,GM12878,0.78162986,0.1841133,1
ENSG00000114982,1.5781151,1.3937507,GM12878,0.93687916,0.8158867,1
ENSG00000114988,1.1819657,1.1051694,GM12878,0.9424009,1.0,1
ENSG00000114988,1.283969,1.1051694,GM12878,0.89674765,1.0,1
ENSG00000114988,1.4626313,1.1051694,GM12878,0.88084346,1.0,1
ENSG00000114988,1.4631251,1.1051694,GM12878,0.88155466,1.0,1
ENSG00000114988,1.2019968,1.1051694,GM12878,0.30729797,0.0,1
ENSG00000114988,1.3186902,1.1051694,GM12878,0.9247073,0.9781161,1
ENSG00000114988,1.254792,1.1051694,GM12878,0.900947,0.9781161,1
ENSG00000114993,-0.5033596,0.41329977,GM12878,0.9880107,1.0,1
ENSG00000114999,1.2355462,1.3848908,GM12878,0.88947153,1.0,1
ENSG00000115008,0.51484114,-0.79588,GM12878,0.96417266,1.0,1
ENSG00000115008,0.39073396,-0.79588,GM12878,0.9631105,1.0,1
ENSG00000115008,-0.007627367,-0.79588,GM12878,0.9668615,1.0,1
ENSG00000115008,0.69845706,-0.79588,GM12878,0.94218165,1.0,1
ENSG00000115008,0.37700966,-0.79588,GM12878,0.902555,1.0,1
ENSG00000115020,1.6119658,1.2375437,GM12878,0.9391596,1.0,1
ENSG00000115020,1.4683421,1.2375437,GM12878,0.9062282,1.0,1
ENSG00000115020,1.6166157,1.2375437,GM12878,0.64689445,0.0,1
ENSG00000115020,1.6550683,1.2375437,GM12878,0.8872466,0.14436619,1
ENSG00000115020,1.6662616,1.2375437,GM12878,0.94735277,0.9707769,1
ENSG00000115020,1.3475255,1.2375437,GM12878,0.747198,0.92523366,1
ENSG00000115042,0.87273544,1.5700758,GM12878,0.8655787,1.0,1
ENSG00000115053,1.9121829,2.1045213,GM12878,0.95992684,1.0,1
ENSG00000115053,1.9279732,2.1045213,GM12878,0.9387482,1.0,1
ENSG00000115073,1.4542849,1.542701,GM12878,0.8578715,1.0,1
ENSG00000115084,1.5845616,1.5456781,GM12878,0.94266766,1.0,1
ENSG00000115085,-0.26226354,-0.4089354,GM12878,0.9957902,1.0,1
ENSG00000115091,1.4759616,2.369976,GM12878,0.9095631,1.0,1
ENSG00000115091,1.5030941,2.369976,GM12878,0.90596986,1.0,1
ENSG00000115107,0.6656044,0.88479537,GM12878,0.974626,1.0,1
ENSG00000115107,0.5191916,0.88479537,GM12878,0.9728046,0.91101694,1
ENSG00000115107,0.987333,0.88479537,GM12878,0.77522594,0.961183,1
ENSG00000115107,0.83251506,0.88479537,GM12878,0.8794186,0.018518519,1
ENSG00000115109,0.5678049,0.991669,GM12878,0.90419453,1.0,1
ENSG00000115109,0.35259935,0.991669,GM12878,0.9599294,1.0,1
ENSG00000115109,0.56910115,0.991669,GM12878,0.7552139,0.8786982,1
ENSG00000115112,-0.2923739,-0.45593196,GM12878,0.99597293,1.0,1
ENSG00000115128,1.5438243,2.504566,GM12878,0.94769806,1.0,1
ENSG00000115128,1.4388278,2.504566,GM12878,0.95408463,1.0,1
ENSG00000115129,1.1341187,0.54777473,GM12878,0.84483564,1.0,1
ENSG00000115129,0.6919989,0.54777473,GM12878,0.9724364,1.0,1
ENSG00000115129,0.99215335,0.54777473,GM12878,0.85559624,0.64705884,1
ENSG00000115137,1.4561583,0.5211381,GM12878,0.9382627,1.0,1
ENSG00000115137,1.4561583,0.5211381,GM12878,0.9382627,0.75982535,1
ENSG00000115137,1.5956597,0.5211381,GM12878,0.90611666,0.14285715,1
ENSG00000115137,1.6217667,0.5211381,GM12878,0.42351824,0.1124031,1
ENSG00000115145,0.994193,0.9813655,GM12878,0.94619465,1.0,1
ENSG00000115155,-0.45683393,-0.82390875,GM12878,0.97777325,1.0,1
ENSG00000115155,-0.33970204,-0.82390875,GM12878,0.9893049,1.0,1
ENSG00000115159,0.48456156,1.0476642,GM12878,0.9785953,1.0,1
ENSG00000115159,0.56102335,1.0476642,GM12878,0.9618513,1.0,1
ENSG00000115163,1.3758252,1.6607707,GM12878,0.91113096,1.0,1
ENSG00000115163,1.4933759,1.6607707,GM12878,0.7558867,0.68728286,1
ENSG00000115165,0.1163778,-0.7695511,GM12878,0.9807695,1.0,1
ENSG00000115165,0.07108558,-0.7695511,GM12878,0.98185617,1.0,1
ENSG00000115165,0.5697607,-0.7695511,GM12878,0.938307,1.0,1
ENSG00000115204,1.3973058,2.048442,GM12878,0.7925353,1.0,1
ENSG00000115204,1.4354801,2.048442,GM12878,0.95034146,1.0,1
ENSG00000115207,1.2072469,1.9230367,GM12878,0.93505883,1.0,1
ENSG00000115207,1.2072469,1.9230367,GM12878,0.93505883,1.0,1
ENSG00000115211,1.4503143,1.6626635,GM12878,0.9342435,1.0,1
ENSG00000115216,1.6473626,1.7903556,GM12878,0.96028435,1.0,1
ENSG00000115232,-0.42602658,-0.19382003,GM12878,0.98086756,1.0,1
ENSG00000115232,-0.27800107,-0.19382003,GM12878,0.9759543,1.0,1
ENSG00000115233,1.7303485,2.1515844,GM12878,0.6991938,1.0,1
ENSG00000115233,1.8134693,2.1515844,GM12878,0.94866854,1.0,1
ENSG00000115233,1.6842314,2.1515844,GM12878,0.84651834,1.0,1
ENSG00000115233,1.6477314,2.1515844,GM12878,0.8241465,1.0,1
ENSG00000115234,1.5483238,1.6115109,GM12878,0.81264526,1.0,1
ENSG00000115234,1.4596747,1.6115109,GM12878,0.6746169,0.8955345,1
ENSG00000115234,1.5358204,1.6115109,GM12878,0.8215883,0.9722922,1
ENSG00000115234,1.5358204,1.6115109,GM12878,0.8215883,0.9886968,1
ENSG00000115234,1.5513605,1.6115109,GM12878,0.91492003,0.052186176,1
ENSG00000115234,1.5379882,1.6115109,GM12878,0.6769351,0.9969282,1
ENSG00000115239,1.115349,1.4225899,GM12878,0.9175984,1.0,1
ENSG00000115239,1.115349,1.4225899,GM12878,0.9175984,1.0,1
ENSG00000115239,1.094651,1.4225899,GM12878,0.85671586,0.83146065,1
ENSG00000115241,1.0114003,1.8093576,GM12878,0.92462516,1.0,1
ENSG00000115271,0.4050109,-0.537602,GM12878,0.9544521,1.0,1
ENSG00000115274,1.4335479,0.77451694,GM12878,0.8281679,1.0,1
ENSG00000115274,1.4828676,0.77451694,GM12878,0.9070762,1.0,1
ENSG00000115274,1.2509754,0.77451694,GM12878,0.9420709,1.0,1
ENSG00000115274,1.2731644,0.77451694,GM12878,0.91163844,1.0,1
ENSG00000115275,1.2566525,1.5039268,GM12878,0.94232476,1.0,1
ENSG00000115275,1.3871319,1.5039268,GM12878,0.7783932,1.0,1
ENSG00000115282,1.3788847,1.1705551,GM12878,0.7981682,1.0,1
ENSG00000115282,1.5671107,1.1705551,GM12878,0.9006579,1.0,1
ENSG00000115282,1.3127217,1.1705551,GM12878,0.9624153,0.6763285,1
ENSG00000115289,1.7328448,1.3639878,GM12878,0.8328191,1.0,1
ENSG00000115289,1.6333486,1.3639878,GM12878,0.93682885,1.0,1
ENSG00000115289,1.6486782,1.3639878,GM12878,0.65832454,1.0,1
ENSG00000115306,0.109028526,0.94841295,GM12878,0.98944914,1.0,1
ENSG00000115306,0.2701595,0.94841295,GM12878,0.989209,1.0,1
ENSG00000115306,-0.15316238,0.94841295,GM12878,0.99136144,1.0,1
ENSG00000115307,1.7188169,2.0883842,GM12878,0.83077884,1.0,1
ENSG00000115310,1.552282,2.053578,GM12878,0.56131184,1.0,1
ENSG00000115310,1.5222617,2.053578,GM12878,0.8040749,0.42436975,1
ENSG00000115310,1.5517577,2.053578,GM12878,0.5643452,0.1355094,1
ENSG00000115317,1.718906,1.619615,GM12878,0.76901066,1.0,1
ENSG00000115317,1.5966736,1.619615,GM12878,0.876898,0.9809886,1
ENSG00000115317,1.7662863,1.619615,GM12878,0.9403986,0.7462039,1
ENSG00000115318,0.019355401,-0.036212172,GM12878,0.90927064,1.0,1
ENSG00000115325,1.2441155,0.96707976,GM12878,0.93524414,1.0,1
ENSG00000115325,1.3024793,0.96707976,GM12878,0.90299535,1.0,1
ENSG00000115325,1.3244451,0.96707976,GM12878,0.8994119,1.0,1
ENSG00000115325,1.0329007,0.96707976,GM12878,0.84247816,0.54910713,1
ENSG00000115339,-0.6742472,-0.85387194,GM12878,0.99147534,1.0,1
ENSG00000115350,0.8894636,1.6434526,GM12878,0.7938065,1.0,1
ENSG00000115350,0.87349504,1.6434526,GM12878,0.79828966,1.0,1
ENSG00000115355,1.2458411,1.7261565,GM12878,0.9327732,1.0,1
ENSG00000115355,1.5278236,1.7261565,GM12878,0.9511951,1.0,1
ENSG00000115355,1.426546,1.7261565,GM12878,0.91759,0.6755749,1
ENSG00000115355,1.1282402,1.7261565,GM12878,0.8768216,0.5144186,1
ENSG00000115355,1.4188529,1.7261565,GM12878,0.7758411,0.49126035,1
ENSG00000115355,1.2128954,1.7261565,GM12878,0.96724486,0.96688133,1
ENSG00000115365,1.0582553,1.6116171,GM12878,0.91223556,1.0,1
ENSG00000115365,1.0707233,1.6116171,GM12878,0.93352437,1.0,1
ENSG00000115368,1.5699359,1.839855,GM12878,0.84002185,1.0,1
ENSG00000115368,1.5540998,1.839855,GM12878,0.71284455,0.0028753993,1
ENSG00000115392,1.4509828,1.806587,GM12878,0.82794875,1.0,1
ENSG00000115392,1.4576253,1.806587,GM12878,0.73987657,0.95378417,1
ENSG00000115414,0.70368177,0.8785218,GM12878,0.92142034,1.0,1
ENSG00000115415,1.5870818,1.2909245,GM12878,0.7986237,1.0,1
ENSG00000115415,1.6096342,1.2909245,GM12878,0.82104963,1.0,1
ENSG00000115415,1.6006209,1.2909245,GM12878,0.9003264,0.0039551747,1
ENSG00000115419,1.4412352,1.6270585,GM12878,0.8992489,1.0,1
ENSG00000115421,1.4093105,1.0674429,GM12878,0.8708116,1.0,1
ENSG00000115421,1.359216,1.0674429,GM12878,0.94870776,0.9436039,1
ENSG00000115421,1.3158352,1.0674429,GM12878,0.8309851,0.9257221,1
ENSG00000115421,1.452813,1.0674429,GM12878,0.92057663,0.98569727,1
ENSG00000115421,1.4872253,1.0674429,GM12878,0.87517416,0.86172837,1
ENSG00000115421,1.4627725,1.0674429,GM12878,0.811357,0.014302742,1
ENSG00000115425,0.9241591,0.8102325,GM12878,0.9299246,1.0,1
ENSG00000115425,0.8747175,0.8102325,GM12878,0.95998454,1.0,1
ENSG00000115425,0.7122111,0.8102325,GM12878,0.94848293,0.9926063,1
ENSG00000115446,1.635042,1.5594279,GM12878,0.8380908,1.0,1
ENSG00000115446,1.7728952,1.5594279,GM12878,0.8614418,1.0,1
ENSG00000115459,1.4479593,1.1215599,GM12878,0.44172227,1.0,1
ENSG00000115459,1.6543754,1.1215599,GM12878,0.66079205,0.8787879,1
ENSG00000115459,1.6365203,1.1215599,GM12878,0.6644199,0.97029704,1
ENSG00000115459,1.5172242,1.1215599,GM12878,0.36060855,0.5811966,1
ENSG00000115459,1.5604079,1.1215599,GM12878,0.93773943,0.7777778,1
ENSG00000115459,1.16829,1.1215599,GM12878,0.80486524,0.37738854,1
ENSG00000115464,1.6766965,1.7687861,GM12878,0.8314046,1.0,1
ENSG00000115464,1.6513044,1.7687861,GM12878,0.8867791,1.0,1
ENSG00000115464,1.699874,1.7687861,GM12878,0.953521,1.0,1
ENSG00000115484,1.4060524,2.3533392,GM12878,0.890224,1.0,1
ENSG00000115484,1.303603,2.3533392,GM12878,0.7266101,0.99017084,1
ENSG00000115486,1.5650967,1.2166936,GM12878,0.93235886,1.0,1
ENSG00000115486,1.6221616,1.2166936,GM12878,0.92006654,1.0,1
ENSG00000115486,1.6012201,1.2166936,GM12878,0.82135344,1.0,1
ENSG00000115486,1.6980263,1.2166936,GM12878,0.8675803,1.0,1
ENSG00000115486,1.6109849,1.2166936,GM12878,0.6598092,0.6747503,1
ENSG00000115504,1.0832964,1.1832699,GM12878,0.46291447,0.26150393,1
ENSG00000115504,0.95909667,1.1832699,GM12878,0.9470056,0.33238232,1
ENSG00000115507,1.1995853,-0.49485,GM12878,0.73516184,1.0,1
ENSG00000115514,1.5588924,1.6383893,GM12878,0.91879374,1.0,1
ENSG00000115520,1.5683166,0.30103,GM12878,0.9678018,1.0,1
ENSG00000115524,1.5676872,2.4675488,GM12878,0.9094507,1.0,1
ENSG00000115524,1.5684592,2.4675488,GM12878,0.94426346,1.0,1
ENSG00000115524,1.812395,2.4675488,GM12878,0.74193877,0.30440328,1
ENSG00000115525,1.1546042,0.85430604,GM12878,0.9641284,1.0,1
ENSG00000115526,1.0408709,1.2648178,GM12878,0.9313463,1.0,1
ENSG00000115526,1.2898833,1.2648178,GM12878,0.91484237,1.0,1
ENSG00000115526,1.2491152,1.2648178,GM12878,0.8371678,1.0,1
ENSG00000115539,0.9753631,1.2482185,GM12878,0.9179728,1.0,1
ENSG00000115539,1.3298789,1.2482185,GM12878,0.85793835,1.0,1
ENSG00000115539,0.895789,1.2482185,GM12878,0.916803,1.0,1
ENSG00000115540,1.1800911,1.209515,GM12878,0.86261,1.0,1
ENSG00000115540,1.1800911,1.209515,GM12878,0.86261,0.49778622,1
ENSG00000115540,1.1845285,1.209515,GM12878,0.95505023,0.9728059,1
ENSG00000115541,1.6943432,2.3945918,GM12878,0.9044597,1.0,1
ENSG00000115541,1.6943432,2.3945918,GM12878,0.9044597,1.0,1
ENSG00000115541,1.527379,2.3945918,GM12878,0.6914974,0.9993367,1
ENSG00000115548,1.454858,1.7692295,GM12878,0.92521733,1.0,1
ENSG00000115561,1.0974,1.4101021,GM12878,0.9042434,1.0,1
ENSG00000115561,1.4985417,1.4101021,GM12878,0.74710476,0.9814607,1
ENSG00000115568,1.3674272,0.4329693,GM12878,0.858725,1.0,1
ENSG00000115568,1.1468745,0.4329693,GM12878,0.94516534,0.1875,1
ENSG00000115590,-0.5438983,-0.92081875,GM12878,0.9912396,1.0,1
ENSG00000115590,-0.50268525,-0.92081875,GM12878,0.9926621,1.0,1
ENSG00000115594,0.17652224,0.30963016,GM12878,0.9874791,1.0,1
ENSG00000115594,0.21776578,0.30963016,GM12878,0.9759831,1.0,1
ENSG00000115607,0.2576115,-0.13667715,GM12878,0.96189713,1.0,1
ENSG00000115616,0.43352813,0.18752073,GM12878,0.90759593,1.0,1
ENSG00000115641,1.2459563,1.0965624,GM12878,0.738878,0.002469136,1
ENSG00000115641,1.3174796,1.0965624,GM12878,0.6735599,0.2709581,1
ENSG00000115649,1.5148524,1.3816565,GM12878,0.8186194,1.0,1
ENSG00000115649,1.41059,1.3816565,GM12878,0.91012365,1.0,1
ENSG00000115649,1.5246366,1.3816565,GM12878,0.7500195,1.0,1
ENSG00000115649,1.5252563,1.3816565,GM12878,0.7506558,1.0,1
ENSG00000115652,1.2819191,1.2942457,GM12878,0.8210206,1.0,1
ENSG00000115657,0.9892588,1.422918,GM12878,0.97333443,1.0,1
ENSG00000115657,1.0143508,1.422918,GM12878,0.97010237,1.0,1
ENSG00000115661,1.4587117,1.4787108,GM12878,0.83973825,1.0,1
ENSG00000115661,1.3775488,1.4787108,GM12878,0.908351,0.9543058,1
ENSG00000115677,1.1899046,2.0262473,GM12878,0.90581757,1.0,1
ENSG00000115677,1.1197426,2.0262473,GM12878,0.9423022,1.0,1
ENSG00000115677,0.9644225,2.0262473,GM12878,0.7717297,0.0,1
ENSG00000115685,1.1606961,1.6084191,GM12878,0.8932037,1.0,1
ENSG00000115685,1.1606961,1.6084191,GM12878,0.8932037,1.0,1
ENSG00000115685,0.9990073,1.6084191,GM12878,0.9519087,0.11139241,1
ENSG00000115685,0.9990073,1.6084191,GM12878,0.9519087,0.97536945,1
ENSG00000115687,0.8847003,0.9537597,GM12878,0.7962092,1.0,1
ENSG00000115694,0.8661154,2.1803267,GM12878,0.88925093,1.0,1
ENSG00000115694,1.0902673,2.1803267,GM12878,0.96533537,1.0,1
ENSG00000115694,1.0789671,2.1803267,GM12878,0.9080651,0.9843057,1
ENSG00000115694,0.9321762,2.1803267,GM12878,0.96408933,0.771578,1
ENSG00000115694,1.3871266,2.1803267,GM12878,0.7844188,0.24150944,1
ENSG00000115738,1.0694797,1.2607867,GM12878,0.66892713,1.0,1
ENSG00000115750,1.5439409,1.0588055,GM12878,0.9311578,1.0,1
ENSG00000115750,1.4746825,1.0588055,GM12878,0.9148074,0.9504405,1
ENSG00000115756,1.1742523,1.456973,GM12878,0.9096169,1.0,1
ENSG00000115756,0.8597945,1.456973,GM12878,0.98341954,1.0,1
ENSG00000115756,1.0174361,1.456973,GM12878,0.92830116,1.0,1
ENSG00000115756,0.9023394,1.456973,GM12878,0.97677124,1.0,1
ENSG00000115756,1.2359504,1.456973,GM12878,0.84498894,0.3321033,1
ENSG00000115758,1.635559,2.5652337,GM12878,0.97196746,1.0,1
ENSG00000115758,1.5972626,2.5652337,GM12878,0.92542076,1.0,1
ENSG00000115760,1.1763766,1.7463228,GM12878,0.8822368,1.0,1
ENSG00000115760,1.2154719,1.7463228,GM12878,0.89260775,0.5196051,1
ENSG00000115761,1.4869939,1.5507175,GM12878,0.8855931,1.0,1
ENSG00000115761,1.1992909,1.5507175,GM12878,0.9224208,0.8523059,1
ENSG00000115761,1.4226727,1.5507175,GM12878,0.86505395,0.9392878,1
ENSG00000115762,0.9278315,1.6927588,GM12878,0.90591997,1.0,1
ENSG00000115762,0.93681866,1.6927588,GM12878,0.9206749,1.0,1
ENSG00000115762,1.2216871,1.6927588,GM12878,0.88124573,1.0,1
ENSG00000115762,1.2216871,1.6927588,GM12878,0.88124573,0.98125,1
ENSG00000115762,1.2459322,1.6927588,GM12878,0.8783846,0.99749655,1
ENSG00000115806,1.6602579,2.2171416,GM12878,0.8778709,1.0,1
ENSG00000115806,1.4403881,2.2171416,GM12878,0.90083677,0.70474124,1
ENSG00000115808,1.2996849,1.343999,GM12878,0.95070064,1.0,1
ENSG00000115816,1.4596425,1.500648,GM12878,0.9497457,1.0,1
ENSG00000115825,1.2187328,1.2695129,GM12878,0.8485938,1.0,1
ENSG00000115827,1.2336836,1.3891661,GM12878,0.68869567,1.0,1
ENSG00000115827,1.2336836,1.3891661,GM12878,0.68869567,1.0,1
ENSG00000115827,1.3017668,1.3891661,GM12878,0.5485283,1.0,1
ENSG00000115827,1.5332834,1.3891661,GM12878,0.89860916,0.8977505,1
ENSG00000115827,1.4514285,1.3891661,GM12878,0.900429,0.58030593,1
ENSG00000115839,1.6054298,1.2392995,GM12878,0.6481139,1.0,1
ENSG00000115839,1.402787,1.2392995,GM12878,0.9404363,1.0,1
ENSG00000115839,1.4384474,1.2392995,GM12878,0.28795612,0.0,1
ENSG00000115840,1.1720108,1.3991543,GM12878,0.8969156,1.0,1
ENSG00000115840,0.8384387,1.3991543,GM12878,0.8989117,0.05656304,1
ENSG00000115840,1.1411785,1.3991543,GM12878,0.9069506,0.9981727,1
ENSG00000115841,0.8332049,0.17897695,GM12878,0.95242804,1.0,1
ENSG00000115841,0.68701464,0.17897695,GM12878,0.9483927,0.3119266,1
ENSG00000115850,-0.6022232,-0.92081875,GM12878,0.99020314,1.0,1
ENSG00000115866,1.6098433,2.2408736,GM12878,0.9137702,1.0,1
ENSG00000115866,1.5606241,2.2408736,GM12878,0.9284321,0.9185604,1
ENSG00000115875,1.8115176,2.6917796,GM12878,0.9021223,1.0,1
ENSG00000115875,1.8736631,2.6917796,GM12878,0.79056907,0.54516155,1
ENSG00000115875,1.8178165,2.6917796,GM12878,0.8627028,0.19339581,1
ENSG00000115884,-0.20314792,0.09342168,GM12878,0.9968453,1.0,1
ENSG00000115896,0.99292594,1.0606978,GM12878,0.95078903,1.0,1
ENSG00000115896,0.7840635,1.0606978,GM12878,0.92003644,1.0,1
ENSG00000115902,1.2397827,0.9068735,GM12878,0.8668078,1.0,1
ENSG00000115902,1.027718,0.9068735,GM12878,0.8409213,0.9907039,1
ENSG00000115904,1.408419,1.3314273,GM12878,0.96021795,1.0,1
ENSG00000115919,0.0032207007,0.96567196,GM12878,0.97772664,1.0,1
ENSG00000115919,-0.34771135,0.96567196,GM12878,0.97245616,0.77539504,1
ENSG00000115935,-0.5077617,0.24303804,GM12878,0.9912627,1.0,1
ENSG00000115935,-0.49336535,0.24303804,GM12878,0.98369837,1.0,1
ENSG00000115935,-0.33567107,0.24303804,GM12878,0.98229754,1.0,1
ENSG00000115935,-0.517274,0.24303804,GM12878,0.9857599,1.0,1
ENSG00000115942,1.5096246,1.1283993,GM12878,0.9424558,1.0,1
ENSG00000115944,1.5190136,2.1067007,GM12878,0.88589376,1.0,1
ENSG00000115944,1.5190136,2.1067007,GM12878,0.88589376,1.0,1
ENSG00000115944,1.1726211,2.1067007,GM12878,0.77164805,1.0,1
ENSG00000115946,1.8645777,1.2794387,GM12878,0.8892928,1.0,1
ENSG00000115946,1.8657215,1.2794387,GM12878,0.8338477,1.0,1
ENSG00000115947,1.4192742,1.7611005,GM12878,0.93729955,1.0,1
ENSG00000115947,1.2270256,1.7611005,GM12878,0.87397385,1.0,1
ENSG00000115956,-0.29911032,-0.79588,GM12878,0.98054504,1.0,1
ENSG00000115956,0.60246813,-0.79588,GM12878,0.9347374,1.0,1
ENSG00000115956,-0.019474283,-0.79588,GM12878,0.9711925,1.0,1
ENSG00000115966,1.7915432,1.9419584,GM12878,0.63550246,0.006829017,1
ENSG00000115966,1.6424407,1.9419584,GM12878,0.87321764,0.32899937,1
ENSG00000115966,1.6830155,1.9419584,GM12878,0.90440416,0.99808794,1
ENSG00000115966,1.7201761,1.9419584,GM12878,0.89251304,0.68267035,1
ENSG00000115966,1.6891623,1.9419584,GM12878,0.6795969,0.30421573,1
ENSG00000115970,1.746032,1.1908917,GM12878,0.8220081,1.0,1
ENSG00000115970,1.5398207,1.1908917,GM12878,0.7749724,0.013513514,1
ENSG00000115977,1.5292834,0.5237465,GM12878,0.92158747,1.0,1
ENSG00000115993,1.233392,0.8299467,GM12878,0.9557468,1.0,1
ENSG00000115993,1.2182602,0.8299467,GM12878,0.7252906,1.0,1
ENSG00000115998,1.327068,0.7143298,GM12878,0.908238,1.0,1
ENSG00000116001,1.7700905,1.9482663,GM12878,0.89760643,1.0,1
ENSG00000116001,1.7596347,1.9482663,GM12878,0.69579905,1.0,1
ENSG00000116001,1.6797684,1.9482663,GM12878,0.70681614,0.76545167,1
ENSG00000116005,1.2079173,1.0409977,GM12878,0.9713301,1.0,1
ENSG00000116016,0.6555545,0.86093664,GM12878,0.9268446,1.0,1
ENSG00000116016,0.5626752,0.86093664,GM12878,0.955223,1.0,1
ENSG00000116016,0.45817685,0.86093664,GM12878,0.8915406,1.0,1
ENSG00000116030,1.1666566,1.7703364,GM12878,0.82968074,1.0,1
ENSG00000116030,1.2331016,1.7703364,GM12878,0.8996247,0.9948718,1
ENSG00000116030,1.3120773,1.7703364,GM12878,0.833912,0.69074935,1
ENSG00000116062,1.2867728,1.7057782,GM12878,0.94378954,1.0,1
ENSG00000116062,1.1978133,1.7057782,GM12878,0.9459025,0.110888444,1
ENSG00000116095,1.050496,1.172311,GM12878,0.91922617,1.0,1
ENSG00000116095,1.155492,1.172311,GM12878,0.95385695,1.0,1
ENSG00000116096,0.47212777,1.2579185,GM12878,0.9589421,1.0,1
ENSG00000116120,1.4716903,1.774444,GM12878,0.9209076,1.0,1
ENSG00000116127,1.0957152,0.9334873,GM12878,0.82257503,1.0,1
ENSG00000116127,1.105352,0.9334873,GM12878,0.8805533,0.17351598,1
ENSG00000116127,0.7780095,0.9334873,GM12878,0.9592798,0.9183938,1
ENSG00000118242,0.6486612,0.20139712,GM12878,0.93363553,1.0,1
ENSG00000118246,1.4558152,1.5659658,GM12878,0.85959077,1.0,1
ENSG00000118246,1.2733833,1.5659658,GM12878,0.9264468,1.0,1
ENSG00000118246,1.5648538,1.5659658,GM12878,0.9416911,1.0,1
ENSG00000118246,1.4197448,1.5659658,GM12878,0.9573957,1.0,1
ENSG00000118246,1.416843,1.5659658,GM12878,0.96892214,1.0,1
ENSG00000118246,1.4600943,1.5659658,GM12878,0.9031956,1.0,1
ENSG00000118260,1.4178243,1.5997739,GM12878,0.92184836,1.0,1
ENSG00000118260,1.4282373,1.5997739,GM12878,0.9520377,1.0,1
ENSG00000118260,1.4301016,1.5997739,GM12878,0.9520116,1.0,1
ENSG00000118260,1.3591603,1.5997739,GM12878,0.9127812,1.0,1
ENSG00000118260,1.20956,1.5997739,GM12878,0.8975192,1.0,1
ENSG00000118260,1.3710657,1.5997739,GM12878,0.9478645,1.0,1
ENSG00000118260,1.3591558,1.5997739,GM12878,0.91610825,1.0,1
ENSG00000118260,1.4593354,1.5997739,GM12878,0.8049997,0.2573052,1
ENSG00000118307,0.877147,-0.61978877,GM12878,0.88632137,1.0,1
ENSG00000118308,0.82605326,1.0572857,GM12878,0.96190256,1.0,1
ENSG00000118308,0.6702433,1.0572857,GM12878,0.950615,0.22782609,1
ENSG00000118308,0.60548717,1.0572857,GM12878,0.98313737,0.75272727,1
ENSG00000118308,0.45222577,1.0572857,GM12878,0.94738394,0.95780593,1
ENSG00000118308,0.3898726,1.0572857,GM12878,0.9728282,0.98480666,1
ENSG00000118600,1.4488126,1.1610684,GM12878,0.8023354,1.0,1
ENSG00000118600,1.3293724,1.1610684,GM12878,0.912858,0.007231405,1
ENSG00000118640,1.4259216,2.3129175,GM12878,0.7646649,1.0,1
ENSG00000118960,0.4692982,0.587711,GM12878,0.967427,1.0,1
ENSG00000118960,0.6167028,0.587711,GM12878,0.9448729,1.0,1
ENSG00000118961,1.2184688,1.6205524,GM12878,0.9178167,1.0,1
ENSG00000118961,1.2863668,1.6205524,GM12878,0.9675914,1.0,1
ENSG00000118961,0.8510795,1.6205524,GM12878,0.8364318,0.85960317,1
ENSG00000118961,1.5196744,1.6205524,GM12878,0.8229271,1.0,1
ENSG00000118961,1.5196744,1.6205524,GM12878,0.8229271,1.0,1
ENSG00000118961,1.3394624,1.6205524,GM12878,0.8616914,0.86384094,1
ENSG00000118965,0.91276044,0.8182259,GM12878,0.97611123,1.0,1
ENSG00000118965,0.8081885,0.8182259,GM12878,0.91784996,1.0,1
ENSG00000118965,0.6374617,0.8182259,GM12878,0.92277044,1.0,1
ENSG00000118965,0.6498818,0.8182259,GM12878,0.8351444,1.0,1
ENSG00000118965,0.7335468,0.8182259,GM12878,0.97203773,1.0,1
ENSG00000118965,0.8089773,0.8182259,GM12878,0.9641653,1.0,1
ENSG00000118965,0.5897077,0.8182259,GM12878,0.9644956,0.95681065,1
ENSG00000118965,0.73875374,0.8182259,GM12878,0.9025789,0.9547826,1
ENSG00000118965,0.7999081,0.8182259,GM12878,0.9414141,0.046875,1
ENSG00000118971,1.345061,1.4967914,GM12878,0.9539678,1.0,1
ENSG00000118997,1.1238497,-0.36653155,GM12878,0.94899845,1.0,1
ENSG00000119004,1.2912086,0.8876173,GM12878,0.92112947,1.0,1
ENSG00000119004,1.1652423,0.8876173,GM12878,0.8056238,1.0,1
ENSG00000119004,1.4467276,0.8876173,GM12878,0.87501365,0.29467085,1
ENSG00000119004,1.5952336,0.8876173,GM12878,0.95113075,0.8089431,1
ENSG00000119004,1.1730961,0.8876173,GM12878,0.84953016,0.030612245,1
ENSG00000119004,1.1399101,0.8876173,GM12878,0.89473647,0.73277074,1
ENSG00000119013,1.7585143,2.0301137,GM12878,0.96609205,1.0,1
ENSG00000119013,1.8070468,2.0301137,GM12878,0.5857014,0.09055492,1
ENSG00000119013,1.8191332,2.0301137,GM12878,0.54887295,0.018258283,1
ENSG00000119041,1.4136176,1.6016254,GM12878,0.7601791,1.0,1
ENSG00000119041,1.5417179,1.6016254,GM12878,0.91224366,1.0,1
ENSG00000119042,1.4278812,0.8627275,GM12878,0.9558814,1.0,1
ENSG00000119042,1.2360326,0.8627275,GM12878,0.9567557,1.0,1
ENSG00000119185,1.2746412,1.808211,GM12878,0.92679614,1.0,1
ENSG00000119185,1.3932946,1.808211,GM12878,0.8677175,1.0,1
ENSG00000119185,1.1469666,1.808211,GM12878,0.94901896,0.98585904,1
ENSG00000119185,1.0522188,1.808211,GM12878,0.811072,0.8656399,1
ENSG00000119185,1.3932946,1.808211,GM12878,0.8677175,0.93703705,1
ENSG00000119185,1.3932946,1.808211,GM12878,0.8677175,0.9322034,1
ENSG00000119203,1.6062096,1.6127839,GM12878,0.9641094,1.0,1
ENSG00000119242,0.18696159,0.5786392,GM12878,0.96488047,1.0,1
ENSG00000119242,0.2967749,0.5786392,GM12878,0.96865225,0.1969697,1
ENSG00000119729,1.14441,1.2372923,GM12878,0.76142347,1.0,1
ENSG00000119729,0.9287209,1.2372923,GM12878,0.9053067,1.0,1
ENSG00000119760,1.4925603,1.7847599,GM12878,0.8691383,1.0,1
ENSG00000119760,1.600397,1.7847599,GM12878,0.8261358,0.98817444,1
ENSG00000119760,1.6534362,1.7847599,GM12878,0.81268936,0.9878512,1
ENSG00000119771,-0.5090126,-0.92081875,GM12878,0.99426913,1.0,1
ENSG00000119772,0.40647125,0.5693739,GM12878,0.9506423,1.0,1
ENSG00000119772,-0.09603826,0.5693739,GM12878,0.9867013,1.0,1
ENSG00000119772,0.33506015,0.5693739,GM12878,0.9635942,0.01438849,1
ENSG00000119777,1.7896656,1.8829796,GM12878,0.8270321,1.0,1
ENSG00000119777,1.7678548,1.8829796,GM12878,0.8885423,0.9908821,1
ENSG00000119777,1.7852194,1.8829796,GM12878,0.41403347,0.9938883,1
ENSG00000119778,1.5500531,0.95327634,GM12878,0.9600799,1.0,1
ENSG00000119778,1.4450319,0.95327634,GM12878,0.92565465,1.0,1
ENSG00000119778,1.2494776,0.95327634,GM12878,0.91119176,1.0,1
ENSG00000119787,1.595898,1.7223871,GM12878,0.9325851,1.0,1
ENSG00000119787,1.5514354,1.7223871,GM12878,0.8771548,1.0,1
ENSG00000119787,1.7227249,1.7223871,GM12878,0.84589416,1.0,1
ENSG00000119787,1.685686,1.7223871,GM12878,0.9276586,1.0,1
ENSG00000119801,1.2918779,1.4575791,GM12878,0.8105324,1.0,1
ENSG00000119801,1.0593841,1.4575791,GM12878,0.8809723,1.0,1
ENSG00000119801,1.3157439,1.4575791,GM12878,0.6555678,0.01778809,1
ENSG00000119801,1.2918779,1.4575791,GM12878,0.8105324,0.22181372,1
ENSG00000119801,1.2931035,1.4575791,GM12878,0.51307976,0.0033670033,1
ENSG00000119801,1.2931035,1.4575791,GM12878,0.51307976,0.02688172,1
ENSG00000119812,1.0979906,1.8899177,GM12878,0.9206335,1.0,1
ENSG00000119812,1.2036183,1.8899177,GM12878,0.85092497,1.0,1
ENSG00000119812,1.2040249,1.8899177,GM12878,0.85161924,1.0,1
ENSG00000119812,1.3684981,1.8899177,GM12878,0.89048296,0.97541213,1
ENSG00000119820,0.9614335,1.209783,GM12878,0.9299335,1.0,1
ENSG00000119820,1.2153141,1.209783,GM12878,0.92307925,1.0,1
ENSG00000119844,1.098464,1.1883659,GM12878,0.56319916,1.0,1
ENSG00000119844,1.1470822,1.1883659,GM12878,0.6210642,0.437788,1
ENSG00000119862,-0.4206949,-0.39794,GM12878,0.99098927,1.0,1
ENSG00000119878,1.6255785,0.96567196,GM12878,0.7782307,1.0,1
ENSG00000119888,1.2696612,1.6857418,GM12878,0.9350061,1.0,1
ENSG00000119888,1.2849513,1.6857418,GM12878,0.9713733,1.0,1
ENSG00000120647,0.9406679,1.1072099,GM12878,0.95465046,1.0,1
ENSG00000120647,1.3722507,1.1072099,GM12878,0.69476306,0.4965035,1
ENSG00000120798,1.0827187,1.542452,GM12878,0.96650475,1.0,1
ENSG00000120798,1.1279674,1.542452,GM12878,0.6753804,0.26685795,1
ENSG00000120800,0.9363313,1.141136,GM12878,0.7050171,1.0,1
ENSG00000120800,1.0728899,1.141136,GM12878,0.9056306,1.0,1
ENSG00000120802,1.6779112,2.0572476,GM12878,0.93401945,1.0,1
ENSG00000120802,1.7269555,2.0572476,GM12878,0.90405256,1.0,1
ENSG00000120805,1.5425786,1.9766709,GM12878,0.9213064,1.0,1
ENSG00000120805,1.6292933,1.9766709,GM12878,0.9266686,1.0,1
ENSG00000120805,1.593814,1.9766709,GM12878,0.8946977,1.0,1
ENSG00000120805,1.593814,1.9766709,GM12878,0.8946977,1.0,1
ENSG00000120805,1.4200808,1.9766709,GM12878,0.88845575,0.95432585,1
ENSG00000120832,1.4341058,1.3836359,GM12878,0.7970169,1.0,1
ENSG00000120833,1.3291767,1.8873359,GM12878,0.85289425,1.0,1
ENSG00000120833,1.3291767,1.8873359,GM12878,0.85289425,1.0,1
ENSG00000120833,1.3370928,1.8873359,GM12878,0.8511192,1.0,1
ENSG00000120837,1.1651834,1.4305588,GM12878,0.95443135,1.0,1
ENSG00000120837,1.2218474,1.4305588,GM12878,0.9110332,1.0,1
ENSG00000120837,1.2218474,1.4305588,GM12878,0.9110332,1.0,1
ENSG00000120860,1.119595,1.5761108,GM12878,0.93631333,1.0,1
ENSG00000120860,1.0650196,1.5761108,GM12878,0.24003613,0.0700961,1
ENSG00000120868,1.0101663,1.0326188,GM12878,0.8844083,1.0,1
ENSG00000120868,0.8957998,1.0326188,GM12878,0.779126,0.9823232,1
ENSG00000120868,1.0691594,1.0326188,GM12878,0.67622566,1.0,1
ENSG00000121152,1.711289,1.7512791,GM12878,0.95027494,1.0,1
ENSG00000121152,1.7930626,1.7512791,GM12878,0.77181304,1.0,1
ENSG00000121152,0.9878463,1.7512791,GM12878,0.9364473,0.9639483,1
ENSG00000121152,0.94924617,1.7512791,GM12878,0.93289214,0.8500517,1
ENSG00000121152,1.2157241,1.7512791,GM12878,0.9423984,0.3287037,1
ENSG00000121316,1.1796209,1.4056878,GM12878,0.8992991,1.0,1
ENSG00000121350,1.4073201,0.79588,GM12878,0.46758616,1.0,1
ENSG00000121350,0.8956812,0.79588,GM12878,0.9613575,1.0,1
ENSG00000121350,1.4388127,0.79588,GM12878,0.8952714,0.72845954,1
ENSG00000121749,1.3501669,1.57841,GM12878,0.79305893,1.0,1
ENSG00000121749,1.6423925,1.57841,GM12878,0.694697,0.0,1
ENSG00000121749,1.5320216,1.57841,GM12878,0.81439877,0.0064102565,1
ENSG00000121749,1.655459,1.57841,GM12878,0.95797807,0.9831731,1
ENSG00000121749,1.5506335,1.57841,GM12878,0.8929959,0.058092948,1
ENSG00000121964,1.3305846,0.9127533,GM12878,0.85746986,1.0,1
ENSG00000121988,1.2882861,1.1658376,GM12878,0.89861643,1.0,1
ENSG00000121988,1.3164691,1.1658376,GM12878,0.55247223,0.0,1
ENSG00000121989,0.7995859,-0.04095861,GM12878,0.8654224,1.0,1
ENSG00000122085,1.2366661,1.2977605,GM12878,0.84469044,1.0,1
ENSG00000122085,1.1550267,1.2977605,GM12878,0.9202162,0.010638298,1
ENSG00000122085,1.0587466,1.2977605,GM12878,0.9296377,0.12345679,1
ENSG00000122085,1.3298503,1.2977605,GM12878,0.956836,0.8217593,1
ENSG00000122085,1.1329559,1.2977605,GM12878,0.9251557,0.60914177,1
ENSG00000122965,0.8691601,1.2516382,GM12878,0.9404814,1.0,1
ENSG00000122965,1.5137662,1.2516382,GM12878,0.8272721,1.0,1
ENSG00000122966,1.442139,1.3463529,GM12878,0.45634982,1.0,1
ENSG00000122966,1.4152266,1.3463529,GM12878,0.8652879,0.98638135,1
ENSG00000122970,0.90839416,0.81557775,GM12878,0.87974316,1.0,1
ENSG00000122971,0.85678756,1.0468851,GM12878,0.9605474,1.0,1
ENSG00000122986,-0.34934726,0.31175387,GM12878,0.99520975,1.0,1
ENSG00000122986,-0.19944201,0.31175387,GM12878,0.9869425,1.0,1
ENSG00000122986,-0.18371484,0.31175387,GM12878,0.99101454,0.97333336,1
ENSG00000123064,1.4842492,1.7327154,GM12878,0.8718002,1.0,1
ENSG00000123066,1.0189096,1.5703094,GM12878,0.96357375,1.0,1
ENSG00000123104,0.23396325,-0.06550155,GM12878,0.97548443,1.0,1
ENSG00000123104,0.6071454,-0.06550155,GM12878,0.8682129,1.0,1
ENSG00000123106,1.5975934,1.3641757,GM12878,0.8543961,1.0,1
ENSG00000123106,1.4303375,1.3641757,GM12878,0.88993967,1.0,1
ENSG00000123106,1.3423086,1.3641757,GM12878,0.90337694,1.0,1
ENSG00000123106,1.8068862,1.3641757,GM12878,0.8268168,1.0,1
ENSG00000123106,1.3284205,1.3641757,GM12878,0.8992486,1.0,1
ENSG00000123106,1.5223621,1.3641757,GM12878,0.8914461,0.05717916,1
ENSG00000123106,1.4034785,1.3641757,GM12878,0.70625365,0.021601016,1
ENSG00000123268,1.6259465,1.832892,GM12878,0.92926437,1.0,1
ENSG00000123297,1.3619134,1.5182507,GM12878,0.6449479,0.48857868,1
ENSG00000123297,1.586553,1.5182507,GM12878,0.8675588,0.85376346,1
ENSG00000123329,0.3030264,1.0704073,GM12878,0.9870591,1.0,1
ENSG00000123329,0.00013452861,1.0704073,GM12878,0.9899159,0.94049907,1
ENSG00000123338,0.5456179,1.5537617,GM12878,0.9559359,1.0,1
ENSG00000123349,1.8844124,2.9257915,GM12878,0.9567403,1.0,1
ENSG00000123349,1.7929748,2.9257915,GM12878,0.8207234,0.6959459,1
ENSG00000123349,1.7847228,2.9257915,GM12878,0.81750584,0.047885645,1
ENSG00000123349,1.6233367,2.9257915,GM12878,0.38031855,0.022023737,1
ENSG00000123349,1.6258116,2.9257915,GM12878,0.366377,0.013575219,1
ENSG00000123349,1.8507301,2.9257915,GM12878,0.9248277,0.93028396,1
ENSG00000123349,1.7736522,2.9257915,GM12878,0.47248057,0.9937535,1
ENSG00000123352,1.5484005,1.4935975,GM12878,0.9604553,1.0,1
ENSG00000123352,1.4989706,1.4935975,GM12878,0.7295751,0.47153124,1
ENSG00000123352,1.451851,1.4935975,GM12878,0.8937352,0.13838384,1
ENSG00000123352,1.3164784,1.4935975,GM12878,0.8493275,0.022909507,1
ENSG00000123352,1.5403966,1.4935975,GM12878,0.6994508,0.039215688,1
ENSG00000123353,1.5516311,1.3548764,GM12878,0.8320665,1.0,1
ENSG00000123358,0.25035718,0.3283796,GM12878,0.9777604,1.0,1
ENSG00000123358,0.33737576,0.3283796,GM12878,0.9266999,0.0,1
ENSG00000123374,1.2186927,2.2174313,GM12878,0.8299952,1.0,1
ENSG00000123374,1.482704,2.2174313,GM12878,0.813103,0.9916879,1
ENSG00000123374,1.1058189,2.2174313,GM12878,0.9162387,0.9362171,1
ENSG00000123384,0.21052855,-0.4436975,GM12878,0.9882123,1.0,1
ENSG00000123395,1.670149,1.5259514,GM12878,0.6893885,1.0,1
ENSG00000123395,1.1804633,1.5259514,GM12878,0.91214174,1.0,1
ENSG00000123411,1.3800703,0.77524626,GM12878,0.94372743,1.0,1
ENSG00000123411,1.1035246,0.77524626,GM12878,0.9791028,1.0,1
ENSG00000123411,1.3787762,0.77524626,GM12878,0.9171321,1.0,1
ENSG00000123411,1.5053197,0.77524626,GM12878,0.643621,0.8654292,1
ENSG00000123415,0.9157004,1.5917323,GM12878,0.88798606,1.0,1
ENSG00000123415,0.6839379,1.5917323,GM12878,0.96686256,1.0,1
ENSG00000123415,0.6839379,1.5917323,GM12878,0.96686256,1.0,1
ENSG00000123415,1.2983917,1.5917323,GM12878,0.78290075,1.0,1
ENSG00000123415,1.2985877,1.5917323,GM12878,0.764205,1.0,1
ENSG00000123415,1.2585775,1.5917323,GM12878,0.6112877,1.0,1
ENSG00000123415,1.3044671,1.5917323,GM12878,0.74910665,0.2173913,1
ENSG00000123415,1.3026909,1.5917323,GM12878,0.43620917,0.0786802,1
ENSG00000123416,1.9966332,3.5772781,GM12878,0.9412331,1.0,1
ENSG00000123427,1.6255472,1.141136,GM12878,0.7139791,1.0,1
ENSG00000123427,1.3494443,1.141136,GM12878,0.92061245,0.7287273,1
ENSG00000123485,1.5997208,1.9139198,GM12878,0.62768763,1.0,1
ENSG00000123600,1.3891039,1.4321673,GM12878,0.4544725,1.0,1
ENSG00000123600,0.9026864,1.4321673,GM12878,0.8228073,1.0,1
ENSG00000123600,1.2881829,1.4321673,GM12878,0.36290586,1.0,1
ENSG00000123600,1.2449094,1.4321673,GM12878,0.93579066,0.22931938,1
ENSG00000123600,0.9026864,1.4321673,GM12878,0.8228073,0.3387978,1
ENSG00000123607,0.99834687,1.4080703,GM12878,0.94444674,1.0,1
ENSG00000123609,1.5356511,1.0895519,GM12878,0.88159746,1.0,1
ENSG00000123609,1.3729359,1.0895519,GM12878,0.9353927,1.0,1
ENSG00000123609,1.494604,1.0895519,GM12878,0.939085,1.0,1
ENSG00000123609,1.5190663,1.0895519,GM12878,0.9008439,1.0,1
ENSG00000123609,1.5228148,1.0895519,GM12878,0.9006768,1.0,1
ENSG00000123609,1.6082705,1.0895519,GM12878,0.8840583,0.981893,1
ENSG00000123610,-0.4837318,-0.92081875,GM12878,0.9797219,1.0,1
ENSG00000123610,-0.5337769,-0.92081875,GM12878,0.97992605,1.0,1
ENSG00000123636,1.1598915,1.2000293,GM12878,0.9607567,1.0,1
ENSG00000123983,1.6292979,1.913496,GM12878,0.874511,1.0,1
ENSG00000123989,1.143315,0.99913055,GM12878,0.947469,1.0,1
ENSG00000123989,0.92758536,0.99913055,GM12878,0.9505118,1.0,1
ENSG00000123992,1.2295477,1.6747693,GM12878,0.71208835,1.0,1
ENSG00000123992,1.4262058,1.6747693,GM12878,0.95228606,1.0,1
ENSG00000123992,1.5955987,1.6747693,GM12878,0.91253585,1.0,1
ENSG00000124356,1.1180749,1.548635,GM12878,0.94541514,1.0,1
ENSG00000124356,1.6041498,1.548635,GM12878,0.8712647,1.0,1
ENSG00000124356,1.7017225,1.548635,GM12878,0.9483664,1.0,1
ENSG00000124357,1.4734236,0.9175055,GM12878,0.74309635,1.0,1
ENSG00000124370,1.8272649,1.3666097,GM12878,0.9464183,1.0,1
ENSG00000124374,-0.19082378,-0.69897,GM12878,0.99321544,1.0,1
ENSG00000124380,1.2331012,1.6141587,GM12878,0.7631387,1.0,1
ENSG00000124380,1.4438459,1.6141587,GM12878,0.9222065,1.0,1
ENSG00000124380,1.4863126,1.6141587,GM12878,0.90992314,1.0,1
ENSG00000124380,1.4745724,1.6141587,GM12878,0.8137778,1.0,1
ENSG00000124380,1.4006662,1.6141587,GM12878,0.91923493,1.0,1
ENSG00000124383,1.5124074,1.3898746,GM12878,0.93494064,1.0,1
ENSG00000124383,1.7132305,1.3898746,GM12878,0.9346255,1.0,1
ENSG00000124831,1.2509681,1.2491983,GM12878,0.770627,1.0,1
ENSG00000124831,1.242513,1.2491983,GM12878,0.6223485,1.0,1
ENSG00000124831,1.0437087,1.2491983,GM12878,0.8981322,1.0,1
ENSG00000124831,1.2479595,1.2491983,GM12878,0.91143304,1.0,1
ENSG00000124831,1.2204663,1.2491983,GM12878,0.92313486,0.0074850298,1
ENSG00000125538,-0.5292989,-0.79588,GM12878,0.9917495,1.0,1
ENSG00000125551,0.35301018,-0.63827217,GM12878,0.94655204,1.0,1
ENSG00000125571,-0.51813996,-0.88605666,GM12878,0.9842583,1.0,1
ENSG00000125611,0.9825596,1.1863912,GM12878,0.9539092,1.0,1
ENSG00000125611,1.6063951,1.1863912,GM12878,0.9302877,1.0,1
ENSG00000125629,1.2412695,1.3870337,GM12878,0.7784043,1.0,1
ENSG00000125629,0.7096612,1.3870337,GM12878,0.76369894,1.0,1
ENSG00000125629,1.306677,1.3870337,GM12878,0.92827123,1.0,1
ENSG00000125629,1.2242184,1.3870337,GM12878,0.95613515,0.47379795,1
ENSG00000125630,1.710266,1.499137,GM12878,0.9347782,1.0,1
ENSG00000125630,1.8251146,1.499137,GM12878,0.96090674,1.0,1
ENSG00000125630,1.6555554,1.499137,GM12878,0.2973963,0.062063616,1
ENSG00000125630,1.7562665,1.499137,GM12878,0.9375382,0.93,1
ENSG00000125633,1.1590822,1.1658376,GM12878,0.83505595,1.0,1
ENSG00000125637,1.5158519,1.0081742,GM12878,0.84793675,1.0,1
ENSG00000125637,1.3441335,1.0081742,GM12878,0.698075,1.0,1
ENSG00000125637,0.9838236,1.0081742,GM12878,0.93048316,1.0,1
ENSG00000125637,1.169364,1.0081742,GM12878,0.8713371,1.0,1
ENSG00000125637,1.3518622,1.0081742,GM12878,0.91125876,1.0,1
ENSG00000125637,1.5336245,1.0081742,GM12878,0.9508065,1.0,1
ENSG00000125637,1.4587868,1.0081742,GM12878,0.8031452,1.0,1
ENSG00000125637,1.637652,1.0081742,GM12878,0.90937924,1.0,1
ENSG00000125637,1.4499267,1.0081742,GM12878,0.6863213,1.0,1
ENSG00000125637,1.0064727,1.0081742,GM12878,0.8916933,1.0,1
ENSG00000126746,1.7504867,1.548635,GM12878,0.78880405,1.0,1
ENSG00000126746,1.2549251,1.548635,GM12878,0.9416405,0.20787746,1
ENSG00000127311,1.3265333,0.4756712,GM12878,0.8216903,1.0,1
ENSG00000127311,1.3803161,0.4756712,GM12878,0.85832304,1.0,1
ENSG00000127311,0.7448185,0.4756712,GM12878,0.9175621,1.0,1
ENSG00000127311,1.2762645,0.4756712,GM12878,0.94140756,1.0,1
ENSG00000127311,1.0969967,0.4756712,GM12878,0.9503248,0.8467433,1
ENSG00000127314,1.6319497,2.2907023,GM12878,0.79547,1.0,1
ENSG00000127314,1.5487944,2.2907023,GM12878,0.9638985,1.0,1
ENSG00000127314,1.6319497,2.2907023,GM12878,0.79547,0.8893035,1
ENSG00000127314,1.6559135,2.2907023,GM12878,0.8974969,0.54487586,1
ENSG00000127314,1.5966241,2.2907023,GM12878,0.8455365,0.9493011,1
ENSG00000127314,1.7031028,2.2907023,GM12878,0.9557043,0.97630507,1
ENSG00000127328,0.7696377,1.20412,GM12878,0.8433703,1.0,1
ENSG00000127328,0.85172457,1.20412,GM12878,0.8205075,0.03137255,1
ENSG00000127329,-0.27715185,0.11394335,GM12878,0.94785964,1.0,1
ENSG00000127329,0.15434283,0.11394335,GM12878,0.9866383,1.0,1
ENSG00000127329,-0.25315508,0.11394335,GM12878,0.9174713,1.0,1
ENSG00000127329,-0.17021073,0.11394335,GM12878,0.987438,1.0,1
ENSG00000127329,-0.14617984,0.11394335,GM12878,0.94061124,1.0,1
ENSG00000127329,0.17207563,0.11394335,GM12878,0.93490064,1.0,1
ENSG00000127334,0.7998999,0.9973864,GM12878,0.77457416,0.5381485,1
ENSG00000127337,1.6207486,1.538825,GM12878,0.8942936,1.0,1
ENSG00000127720,1.092111,0.13672057,GM12878,0.9307045,1.0,1
ENSG00000127720,1.092111,0.13672057,GM12878,0.9307045,1.0,1
ENSG00000127831,0.21400926,-0.27572414,GM12878,0.97968835,1.0,1
ENSG00000127831,0.06796981,-0.27572414,GM12878,0.9718212,1.0,1
ENSG00000127837,1.0963594,1.5370631,GM12878,0.8875142,1.0,1
ENSG00000128641,-0.5096906,-0.92081875,GM12878,0.9750724,1.0,1
ENSG00000128654,1.098549,2.0857186,GM12878,0.83350885,1.0,1
ENSG00000128654,1.0351849,2.0857186,GM12878,0.6981352,0.04629921,1
ENSG00000128656,-0.1383277,-0.10237291,GM12878,0.97982407,1.0,1
ENSG00000128656,0.018396929,-0.10237291,GM12878,0.98434466,1.0,1
ENSG00000128694,1.0365833,0.924796,GM12878,0.80860275,1.0,1
ENSG00000128694,1.391251,0.924796,GM12878,0.8293968,0.76880985,1
ENSG00000128699,1.4679271,1.7199938,GM12878,0.9372165,1.0,1
ENSG00000128699,1.0901628,1.7199938,GM12878,0.87348866,1.0,1
ENSG00000128699,1.0620357,1.7199938,GM12878,0.86242,1.0,1
ENSG00000128699,1.3243923,1.7199938,GM12878,0.62767935,0.7994707,1
ENSG00000128708,1.9411837,2.2692094,GM12878,0.92980474,1.0,1
ENSG00000128708,1.7062768,2.2692094,GM12878,0.8728075,0.9689303,1
ENSG00000128708,1.5295633,2.2692094,GM12878,0.8640731,0.9924983,1
ENSG00000129315,1.6419445,1.5712428,GM12878,0.88117045,1.0,1
ENSG00000129315,1.7189156,1.5712428,GM12878,0.71788025,0.6581071,1
ENSG00000129317,1.2977957,1.3016809,GM12878,0.9538289,1.0,1
ENSG00000129317,1.4789758,1.3016809,GM12878,0.9088001,0.5429395,1
ENSG00000130038,1.0442291,0.8645111,GM12878,0.9145645,1.0,1
ENSG00000130038,0.57830054,0.8645111,GM12878,0.92606103,1.0,1
ENSG00000130414,1.5592226,1.9393694,GM12878,0.93519557,1.0,1
ENSG00000130783,0.065158084,-0.124938734,GM12878,0.9469741,1.0,1
ENSG00000130787,0.73460513,1.0941216,GM12878,0.9632988,1.0,1
ENSG00000130921,1.2650081,1.1048284,GM12878,0.9341226,1.0,1
ENSG00000132300,1.7998421,2.152533,GM12878,0.85493267,1.0,1
ENSG00000132300,1.7610449,2.152533,GM12878,0.83061594,1.0,1
ENSG00000132300,1.7593794,2.152533,GM12878,0.7851711,1.0,1
ENSG00000132305,1.6685222,1.9421073,GM12878,0.90444577,1.0,1
ENSG00000132305,1.5143176,1.9421073,GM12878,0.6402635,1.0,1
ENSG00000132323,1.4926339,1.3490832,GM12878,0.9255413,1.0,1
ENSG00000132323,1.3939962,1.3490832,GM12878,0.94375545,1.0,1
ENSG00000132323,1.4314369,1.3490832,GM12878,0.9110287,1.0,1
ENSG00000132323,1.4291104,1.3490832,GM12878,0.90064,0.9828393,1
ENSG00000132326,1.414203,0.350248,GM12878,0.9291245,1.0,1
ENSG00000132326,1.0942028,0.350248,GM12878,0.915537,0.66169155,1
ENSG00000132329,-0.6566424,-0.30980393,GM12878,0.9958841,1.0,1
ENSG00000132330,1.2445284,1.1132747,GM12878,0.8649866,1.0,1
ENSG00000132330,1.1656696,1.1132747,GM12878,0.9421875,1.0,1
ENSG00000132330,0.7348916,1.1132747,GM12878,0.918411,1.0,1
ENSG00000132330,1.2762642,1.1132747,GM12878,0.840481,0.124535315,1
ENSG00000132341,1.6525956,3.411069,GM12878,0.6593692,0.08587893,1
ENSG00000133641,1.3031555,1.5317343,GM12878,0.92050123,1.0,1
ENSG00000133641,1.3188084,1.5317343,GM12878,0.9463959,1.0,1
ENSG00000133641,1.1212704,1.5317343,GM12878,0.67933494,0.66042554,1
ENSG00000133641,1.2788712,1.5317343,GM12878,0.94913274,0.9412023,1
ENSG00000133687,-0.18224528,-0.92081875,GM12878,0.9542495,1.0,1
ENSG00000133703,1.026906,1.1646502,GM12878,0.952003,1.0,1
ENSG00000133703,1.1042095,1.1646502,GM12878,0.8105499,0.016381767,1
ENSG00000133704,1.1970049,1.1866739,GM12878,0.91430134,1.0,1
ENSG00000133773,1.4671015,1.4001925,GM12878,0.89923924,1.0,1
ENSG00000133773,1.4678972,1.4001925,GM12878,0.8988267,1.0,1
ENSG00000133858,1.6366647,1.8242561,GM12878,0.90233266,1.0,1
ENSG00000133858,1.6956424,1.8242561,GM12878,0.9378902,1.0,1
ENSG00000134283,1.3976722,1.9033071,GM12878,0.8673842,1.0,1
ENSG00000134283,1.1177686,1.9033071,GM12878,0.93576396,1.0,1
ENSG00000134283,1.3852246,1.9033071,GM12878,0.88484824,0.14871553,1
ENSG00000134283,1.2446375,1.9033071,GM12878,0.948059,0.57435775,1
ENSG00000134283,1.2104329,1.9033071,GM12878,0.3006277,0.03582371,1
ENSG00000134283,1.3077642,1.9033071,GM12878,0.712801,0.97013485,1
ENSG00000134285,0.40034458,0.8312297,GM12878,0.9441641,1.0,1
ENSG00000134287,0.9699376,2.0677402,GM12878,0.9314129,1.0,1
ENSG00000134287,0.9699376,2.0677402,GM12878,0.9314129,1.0,1
ENSG00000134287,1.3054079,2.0677402,GM12878,0.9250222,0.9950777,1
ENSG00000134291,0.5549833,2.1332195,GM12878,0.9346273,1.0,1
ENSG00000134294,1.4287711,2.0171585,GM12878,0.82029545,1.0,1
ENSG00000134294,1.4056519,2.0171585,GM12878,0.8148727,0.91113335,1
ENSG00000134308,1.4308628,2.3748765,GM12878,0.9454469,1.0,1
ENSG00000134313,1.3475865,1.5081255,GM12878,0.9605701,1.0,1
ENSG00000134313,1.369551,1.5081255,GM12878,0.7371442,1.0,1
ENSG00000134313,1.4127176,1.5081255,GM12878,0.72319955,0.09715994,1
ENSG00000134317,1.2113591,0.7041505,GM12878,0.94395435,1.0,1
ENSG00000134317,1.1795865,0.7041505,GM12878,0.75901884,1.0,1
ENSG00000134318,1.1796952,0.84010607,GM12878,0.5515201,1.0,1
ENSG00000134318,1.2614025,0.84010607,GM12878,0.96012664,1.0,1
ENSG00000134318,1.4180809,0.84010607,GM12878,0.91943324,1.0,1
ENSG00000134318,1.1117451,0.84010607,GM12878,0.71250653,1.0,1
ENSG00000134321,0.15215302,-0.4202164,GM12878,0.9367417,1.0,1
ENSG00000134324,1.0651487,1.854306,GM12878,0.81787246,1.0,1
ENSG00000134324,1.2163074,1.854306,GM12878,0.7244516,0.056830805,1
ENSG00000134326,0.607458,0.50105923,GM12878,0.9767469,1.0,1
ENSG00000134531,-0.52964306,-0.7212464,GM12878,0.9885576,1.0,1
ENSG00000134532,-0.33915186,1.0681858,GM12878,0.97635216,1.0,1
ENSG00000134532,-0.378782,1.0681858,GM12878,0.98414975,1.0,1
ENSG00000135090,1.3807632,1.6541766,GM12878,0.92442197,1.0,1
ENSG00000135090,1.3666517,1.6541766,GM12878,0.9511715,1.0,1
ENSG00000135090,1.1912872,1.6541766,GM12878,0.9355411,1.0,1
ENSG00000135090,1.492945,1.6541766,GM12878,0.84396875,0.9892819,1
ENSG00000135090,1.3137671,1.6541766,GM12878,0.28986293,0.0,1
ENSG00000135093,0.9194934,1.0906107,GM12878,0.8896855,1.0,1
ENSG00000135093,1.1537915,1.0906107,GM12878,0.88048613,1.0,1
ENSG00000135093,1.1823201,1.0906107,GM12878,0.7053019,1.0,1
ENSG00000135093,0.9819818,1.0906107,GM12878,0.8520746,1.0,1
ENSG00000135108,0.76623464,0.8293038,GM12878,0.9620762,1.0,1
ENSG00000135124,1.1027702,1.1743506,GM12878,0.8345975,0.30533335,1
ENSG00000135124,0.71610945,1.1743506,GM12878,0.3782501,0.0,1
ENSG00000135124,1.0148338,1.1743506,GM12878,0.44975504,0.07363014,1
ENSG00000135127,-0.5503382,0.11058971,GM12878,0.99015725,1.0,1
ENSG00000135148,1.5395929,1.6369891,GM12878,0.9101886,1.0,1
ENSG00000135390,1.570321,2.530046,GM12878,0.8884481,1.0,1
ENSG00000135390,1.6860757,2.530046,GM12878,0.62945575,1.0,1
ENSG00000135392,1.0694011,0.83884907,GM12878,0.80589217,1.0,1
ENSG00000135404,1.7162112,2.3220744,GM12878,0.671161,1.0,1
ENSG00000135407,0.13590145,-0.60206,GM12878,0.96816516,1.0,1
ENSG00000135414,0.8128672,0.5658478,GM12878,0.8974719,1.0,1
ENSG00000135424,-0.17738858,-0.022276394,GM12878,0.9937762,1.0,1
ENSG00000135426,0.43930936,0.1398791,GM12878,0.94539523,1.0,1
ENSG00000135436,-0.2985636,-0.7447275,GM12878,0.9880046,1.0,1
ENSG00000135436,-0.45528647,-0.7447275,GM12878,0.9880846,1.0,1
ENSG00000135436,-0.51159334,-0.7447275,GM12878,0.9883273,1.0,1
ENSG00000135439,-0.49657318,-0.537602,GM12878,0.99383014,1.0,1
ENSG00000135441,1.0366899,1.8585372,GM12878,0.66096205,1.0,1
ENSG00000135441,1.0366899,1.8585372,GM12878,0.66096205,1.0,1
ENSG00000135441,1.1458122,1.8585372,GM12878,0.6058398,0.98213196,1
ENSG00000135441,1.1402644,1.8585372,GM12878,0.61980265,0.5353774,1
ENSG00000135446,1.6176125,2.536899,GM12878,0.81768936,1.0,1
ENSG00000135446,1.7088332,2.536899,GM12878,0.89505225,0.9989126,1
ENSG00000135451,1.6944135,1.6447339,GM12878,0.9126824,1.0,1
ENSG00000135451,1.3322734,1.6447339,GM12878,0.9073234,1.0,1
ENSG00000135451,1.5955154,1.6447339,GM12878,0.6685175,1.0,1
ENSG00000135451,1.643184,1.6447339,GM12878,0.8349698,0.97270954,1
ENSG00000135452,1.5047096,1.1826999,GM12878,0.88287085,1.0,1
ENSG00000135454,1.2000923,0.89872515,GM12878,0.90720266,1.0,1
ENSG00000135457,1.646573,1.3747483,GM12878,0.8969526,1.0,1
ENSG00000135469,1.0994701,1.3586961,GM12878,0.5060438,1.0,1
ENSG00000135469,1.0591122,1.3586961,GM12878,0.49408698,1.0,1
ENSG00000135469,1.2690214,1.3586961,GM12878,0.86447555,1.0,1
ENSG00000135473,1.1906751,1.883775,GM12878,0.8941058,1.0,1
ENSG00000135473,1.5723622,1.883775,GM12878,0.87999916,1.0,1
ENSG00000135476,1.5941442,1.2355285,GM12878,0.8420241,1.0,1
ENSG00000135476,1.1376984,1.2355285,GM12878,0.938379,0.5907173,1
ENSG00000135482,1.0645909,-0.017728766,GM12878,0.6715537,1.0,1
ENSG00000135486,2.0442765,2.9958897,GM12878,0.82881874,1.0,1
ENSG00000135486,2.0549002,2.9958897,GM12878,0.82306284,0.34279418,1
ENSG00000135503,0.6520119,0.8162413,GM12878,0.97516495,1.0,1
ENSG00000135503,1.1441866,0.8162413,GM12878,0.95030886,1.0,1
ENSG00000135506,0.7818735,1.8877298,GM12878,0.943204,1.0,1
ENSG00000135506,1.1431345,1.8877298,GM12878,0.71355355,0.9977635,1
ENSG00000135506,1.1357584,1.8877298,GM12878,0.8699269,0.998253,1
ENSG00000135506,0.9422266,1.8877298,GM12878,0.9587814,0.6018163,1
ENSG00000135517,-0.4623471,-0.88605666,GM12878,0.9878984,1.0,1
ENSG00000135519,-0.2986764,-0.92081875,GM12878,0.9958545,1.0,1
ENSG00000135519,-0.24693844,-0.92081875,GM12878,0.99412376,1.0,1
ENSG00000135519,-0.15422368,-0.92081875,GM12878,0.9794678,1.0,1
ENSG00000135617,0.68875545,1.358506,GM12878,0.9281782,1.0,1
ENSG00000135617,1.2874769,1.358506,GM12878,0.9069383,1.0,1
ENSG00000135617,1.232726,1.358506,GM12878,0.78750825,1.0,1
ENSG00000135622,-0.0028868755,-0.27572414,GM12878,0.9745156,1.0,1
ENSG00000135624,1.667324,2.686082,GM12878,0.94721264,1.0,1
ENSG00000135624,1.537778,2.686082,GM12878,0.643049,0.009721189,1
ENSG00000135632,1.2656018,1.5007852,GM12878,0.49315557,1.0,1
ENSG00000135643,0.18368825,-0.56863624,GM12878,0.9626741,1.0,1
ENSG00000135655,1.6535996,2.1769302,GM12878,0.9499468,1.0,1
ENSG00000135655,1.6535996,2.1769302,GM12878,0.9499468,1.0,1
ENSG00000135655,1.6189134,2.1769302,GM12878,0.8790151,0.9838002,1
ENSG00000135677,1.487805,1.3802112,GM12878,0.88141775,1.0,1
ENSG00000135677,1.3548206,1.3802112,GM12878,0.8634861,0.7834483,1
ENSG00000135677,1.2550122,1.3802112,GM12878,0.9437726,0.0,1
ENSG00000135679,1.6726451,1.3823773,GM12878,0.9138169,1.0,1
ENSG00000135679,1.6323899,1.3823773,GM12878,0.92425084,0.97324723,1
ENSG00000135679,1.5990754,1.3823773,GM12878,0.90429765,0.99904764,1
ENSG00000135679,1.5657237,1.3823773,GM12878,0.9113044,0.9740019,1
ENSG00000135679,1.6350633,1.3823773,GM12878,0.87005264,1.0,1
ENSG00000135898,-0.37712157,-0.36653155,GM12878,0.9902954,1.0,1
ENSG00000135899,0.13876587,0.29003462,GM12878,0.9794813,1.0,1
ENSG00000135899,0.5294589,0.29003462,GM12878,0.91899586,1.0,1
ENSG00000135899,0.5133745,0.29003462,GM12878,0.9143803,1.0,1
ENSG00000135912,1.1474341,1.5507175,GM12878,0.860069,1.0,1
ENSG00000135913,1.5770893,0.81291336,GM12878,0.9403409,1.0,1
ENSG00000135913,1.492385,0.81291336,GM12878,0.816998,1.0,1
ENSG00000135913,1.483754,0.81291336,GM12878,0.8982885,0.96666664,1
ENSG00000135913,1.4095463,0.81291336,GM12878,0.8721782,0.9627451,1
ENSG00000135916,0.60698193,1.6893089,GM12878,0.93487424,1.0,1
ENSG00000135916,0.76759773,1.6893089,GM12878,0.93261135,1.0,1
ENSG00000135916,0.75385374,1.6893089,GM12878,0.93402255,1.0,1
ENSG00000135916,0.55545825,1.6893089,GM12878,0.9340862,0.7501063,1
ENSG00000135916,0.6351072,1.6893089,GM12878,0.8641277,0.99872506,1
ENSG00000135924,0.6903892,0.6314438,GM12878,0.8517324,1.0,1
ENSG00000135924,0.99396807,0.6314438,GM12878,0.9630434,1.0,1
ENSG00000135926,0.76404864,1.6454222,GM12878,0.94268227,1.0,1
ENSG00000135926,1.4297041,1.6454222,GM12878,0.8229988,1.0,1
ENSG00000135926,0.76404864,1.6454222,GM12878,0.94268227,0.55841535,1
ENSG00000135926,1.3479446,1.6454222,GM12878,0.8559721,0.0013537906,1
ENSG00000135930,1.5976747,1.3117539,GM12878,0.88882864,1.0,1
ENSG00000135930,1.7540509,1.3117539,GM12878,0.9590995,0.76930064,1
ENSG00000135931,0.27647313,0.2552725,GM12878,0.9741595,1.0,1
ENSG00000135931,0.19500822,0.2552725,GM12878,0.9847409,1.0,1
ENSG00000135932,1.0752606,1.769525,GM12878,0.7912124,1.0,1
ENSG00000135940,1.6569443,2.6450388,GM12878,0.67144614,1.0,1
ENSG00000135940,1.7557055,2.6450388,GM12878,0.8169011,1.0,1
ENSG00000135945,1.493796,1.6389881,GM12878,0.89936,1.0,1
ENSG00000135945,1.417164,1.6389881,GM12878,0.76372576,0.1492205,1
ENSG00000135953,1.2037451,0.79934055,GM12878,0.88984036,1.0,1
ENSG00000135953,1.3380455,0.79934055,GM12878,0.88740677,1.0,1
ENSG00000135953,1.3283316,0.79934055,GM12878,0.89671457,0.22434367,1
ENSG00000135956,0.98703647,1.0417873,GM12878,0.9044379,1.0,1
ENSG00000135956,0.96154755,1.0417873,GM12878,0.8878176,1.0,1
ENSG00000135966,1.5481896,0.854913,GM12878,0.90533787,1.0,1
ENSG00000135966,0.9714151,0.854913,GM12878,0.83305013,1.0,1
ENSG00000135968,1.425067,1.1519824,GM12878,0.91374904,1.0,1
ENSG00000135974,1.735315,1.3873898,GM12878,0.9446309,1.0,1
ENSG00000135976,0.7880127,0.98989457,GM12878,0.8714665,1.0,1
ENSG00000135999,1.2221884,1.414472,GM12878,0.9509692,1.0,1
ENSG00000135999,1.1398621,1.414472,GM12878,0.93717045,1.0,1
ENSG00000135999,1.2222565,1.414472,GM12878,0.45574108,1.0,1
ENSG00000136003,1.6869752,1.8243862,GM12878,0.88222426,1.0,1
ENSG00000136003,1.6229479,1.8243862,GM12878,0.7871003,0.06982093,1
ENSG00000136003,1.705901,1.8243862,GM12878,0.61668193,0.0022763088,1
ENSG00000136003,1.667883,1.8243862,GM12878,0.8321491,0.00070150825,1
ENSG00000136010,0.9022499,0.48144263,GM12878,0.94123256,1.0,1
ENSG00000136010,0.65931517,0.48144263,GM12878,0.9281222,1.0,1
ENSG00000136010,0.6837834,0.48144263,GM12878,0.94813913,1.0,1
ENSG00000136021,1.481458,1.3546846,GM12878,0.9265167,1.0,1
ENSG00000136021,1.531458,1.3546846,GM12878,0.91930795,1.0,1
ENSG00000136040,-0.12247819,-0.48148605,GM12878,0.96933717,1.0,1
ENSG00000136040,-0.0069760373,-0.48148605,GM12878,0.96506095,1.0,1
ENSG00000136044,0.82053244,1.0077478,GM12878,0.8946755,1.0,1
ENSG00000136044,1.179958,1.0077478,GM12878,0.8600633,1.0,1
ENSG00000136045,1.6535187,1.9060656,GM12878,0.8737885,1.0,1
ENSG00000136048,0.9275164,0.22271647,GM12878,0.97126806,1.0,1
ENSG00000136051,1.138523,1.2605484,GM12878,0.8080255,1.0,1
ENSG00000136051,1.034696,1.2605484,GM12878,0.84246427,1.0,1
ENSG00000136052,0.23041037,-0.6777807,GM12878,0.9927872,1.0,1
ENSG00000136536,1.6926049,1.6893089,GM12878,0.94986755,1.0,1
ENSG00000136536,1.7727767,1.6893089,GM12878,0.85367113,1.0,1
ENSG00000136536,1.4383631,1.6893089,GM12878,0.96306705,0.8555219,1
ENSG00000136536,1.6523229,1.6893089,GM12878,0.7357828,0.8555219,1
ENSG00000136541,0.3240775,-0.7447275,GM12878,0.9438027,1.0,1
ENSG00000136541,-0.3802555,-0.7447275,GM12878,0.97603977,1.0,1
ENSG00000136542,1.747895,1.6290016,GM12878,0.9453595,1.0,1
ENSG00000136542,1.8793068,1.6290016,GM12878,0.91075975,1.0,1
ENSG00000136560,1.2817546,1.6435513,GM12878,0.896187,1.0,1
ENSG00000136560,1.6004983,1.6435513,GM12878,0.88335603,1.0,1
ENSG00000136560,1.5940819,1.6435513,GM12878,0.94010484,1.0,1
ENSG00000136560,1.5610135,1.6435513,GM12878,0.9541386,1.0,1
ENSG00000136682,0.60626286,1.4702635,GM12878,0.90574795,1.0,1
ENSG00000136682,0.92999685,1.4702635,GM12878,0.5306526,0.39384496,1
ENSG00000136682,0.8268348,1.4702635,GM12878,0.8177771,0.018551765,1
ENSG00000136682,0.66622657,1.4702635,GM12878,0.46412873,0.12951168,1
ENSG00000136682,0.67589396,1.4702635,GM12878,0.88426507,0.8266108,1
ENSG00000136699,0.73341644,1.6574383,GM12878,0.9396067,1.0,1
ENSG00000136699,0.8692958,1.6574383,GM12878,0.6754662,0.08573903,1
ENSG00000136699,1.1825106,1.6574383,GM12878,0.574993,0.76760566,1
ENSG00000136699,1.1150995,1.6574383,GM12878,0.87168705,0.9672771,1
ENSG00000136709,1.8481085,1.6395861,GM12878,0.8392962,1.0,1
ENSG00000136710,1.037257,1.6773331,GM12878,0.9499229,1.0,1
ENSG00000136710,0.7217789,1.6773331,GM12878,0.9272155,0.102380954,1
ENSG00000136715,1.442752,0.9965117,GM12878,0.90735555,0.4827586,1
ENSG00000136717,-0.3811028,-0.060480747,GM12878,0.9842015,1.0,1
ENSG00000136718,1.0109178,2.0466902,GM12878,0.9468068,1.0,1
ENSG00000136731,1.5215786,1.2962263,GM12878,0.8189787,1.0,1
ENSG00000136731,1.5643376,1.2962263,GM12878,0.9576206,1.0,1
ENSG00000136732,0.98076534,2.287152,GM12878,0.93075883,1.0,1
ENSG00000136732,1.4472896,2.287152,GM12878,0.86129683,0.0075281016,1
ENSG00000136732,1.0289189,2.287152,GM12878,0.8557768,0.50829196,1
ENSG00000138002,1.0848589,1.2214142,GM12878,0.946597,1.0,1
ENSG00000138002,1.034177,1.2214142,GM12878,0.67869055,0.0,1
ENSG00000138018,1.7214037,1.3220124,GM12878,0.89047277,1.0,1
ENSG00000138029,1.6083332,1.962322,GM12878,0.9211952,1.0,1
ENSG00000138029,1.6083332,1.962322,GM12878,0.9211952,1.0,1
ENSG00000138029,1.5531949,1.962322,GM12878,0.7462886,0.9915265,1
ENSG00000138030,0.5345805,0.4578819,GM12878,0.97395045,1.0,1
ENSG00000138031,0.59734213,1.474362,GM12878,0.9017479,1.0,1
ENSG00000138031,0.5317156,1.474362,GM12878,0.96118045,1.0,1
ENSG00000138031,0.56135106,1.474362,GM12878,0.8355387,0.3809524,1
ENSG00000138032,1.253713,1.5174599,GM12878,0.8585914,1.0,1
ENSG00000138032,1.4186015,1.5174599,GM12878,0.88562834,1.0,1
ENSG00000138032,1.116264,1.5174599,GM12878,0.9462558,0.99812263,1
ENSG00000138032,1.0506066,1.5174599,GM12878,0.877939,0.637321,1
ENSG00000138035,1.4509468,1.602711,GM12878,0.9091085,1.0,1
ENSG00000138035,1.4087008,1.602711,GM12878,0.7667487,1.0,1
ENSG00000138035,1.4852945,1.602711,GM12878,0.92638314,1.0,1
ENSG00000138036,1.1148964,1.4723176,GM12878,0.837837,1.0,1
ENSG00000138050,1.6736108,1.4776999,GM12878,0.9339842,1.0,1
ENSG00000138050,1.5156428,1.4776999,GM12878,0.9509776,1.0,1
ENSG00000138050,1.6441045,1.4776999,GM12878,0.8532801,0.4416191,1
ENSG00000138050,1.6580492,1.4776999,GM12878,0.93320346,0.054569364,1
ENSG00000138069,1.501546,2.0828214,GM12878,0.9399622,1.0,1
ENSG00000138071,1.7276182,2.0807707,GM12878,0.9425232,1.0,1
ENSG00000138071,1.0244244,2.0807707,GM12878,0.9579347,1.0,1
ENSG00000138071,1.6613475,2.0807707,GM12878,0.8892169,1.0,1
ENSG00000138071,1.6633803,2.0807707,GM12878,0.92008185,1.0,1
ENSG00000138071,1.6173397,2.0807707,GM12878,0.39379412,0.0,1
ENSG00000138073,1.2883269,1.8209236,GM12878,0.90096855,1.0,1
ENSG00000138073,1.0876541,1.8209236,GM12878,0.8513012,1.0,1
ENSG00000138073,1.403829,1.8209236,GM12878,0.9533448,0.993831,1
ENSG00000138073,1.3735543,1.8209236,GM12878,0.8974928,0.98530495,1
ENSG00000138074,1.214057,2.0226758,GM12878,0.8586786,1.0,1
ENSG00000138074,1.597633,2.0226758,GM12878,0.67461103,0.0038812784,1
ENSG00000138078,1.7808946,1.6208645,GM12878,0.847266,1.0,1
ENSG00000138078,0.88158363,1.6208645,GM12878,0.71743554,1.0,1
ENSG00000138078,1.4741619,1.6208645,GM12878,0.8576796,1.0,1
ENSG00000138078,1.60982,1.6208645,GM12878,0.93886536,1.0,1
ENSG00000138078,1.6018198,1.6208645,GM12878,0.9153886,1.0,1
ENSG00000138078,1.49066,1.6208645,GM12878,0.90318763,0.9982614,1
ENSG00000138078,1.2552246,1.6208645,GM12878,0.8635848,0.34531185,1
ENSG00000138080,-0.046108693,-0.4436975,GM12878,0.9818602,1.0,1
ENSG00000138080,-0.04905753,-0.4436975,GM12878,0.98189604,1.0,1
ENSG00000138081,1.4739418,1.4988617,GM12878,0.92692447,1.0,1
ENSG00000138085,1.4726877,2.12827,GM12878,0.71302253,1.0,1
ENSG00000138092,1.5148112,1.731347,GM12878,0.93193597,1.0,1
ENSG00000138092,1.8347713,1.731347,GM12878,0.70642173,0.60303515,1
ENSG00000138095,1.5219972,2.1406024,GM12878,0.9493127,1.0,1
ENSG00000138095,1.8536042,2.1406024,GM12878,0.8148911,1.0,1
ENSG00000138095,1.9089156,2.1406024,GM12878,0.9181583,1.0,1
ENSG00000138095,1.8511571,2.1406024,GM12878,0.938262,1.0,1
ENSG00000138095,1.6062907,2.1406024,GM12878,0.8571402,1.0,1
ENSG00000138101,-0.28265554,0.1271048,GM12878,0.99449193,1.0,1
ENSG00000138101,-0.1989241,0.1271048,GM12878,0.9934378,1.0,1
ENSG00000138356,-0.44895837,-0.7447275,GM12878,0.9800377,1.0,1
ENSG00000138363,1.861204,2.0111897,GM12878,0.8841046,1.0,1
ENSG00000138375,1.4343779,1.349666,GM12878,0.9055435,1.0,1
ENSG00000138375,1.5780728,1.349666,GM12878,0.74494386,0.94951236,1
ENSG00000138376,1.1441718,0.9334873,GM12878,0.9203728,1.0,1
ENSG00000138376,1.39021,0.9334873,GM12878,0.94048804,1.0,1
ENSG00000138376,1.2218486,0.9334873,GM12878,0.76294005,1.0,1
ENSG00000138376,1.2522115,0.9334873,GM12878,0.87602884,0.87261146,1
ENSG00000138376,1.2552572,0.9334873,GM12878,0.5353512,1.0,1
ENSG00000138378,0.08283714,-0.92081875,GM12878,0.96606934,1.0,1
ENSG00000138380,0.74021584,0.5599066,GM12878,0.83492047,1.0,1
ENSG00000138380,0.8892148,0.5599066,GM12878,0.8585226,1.0,1
ENSG00000138380,0.66073203,0.5599066,GM12878,0.6091676,0.0,1
ENSG00000138380,1.1263572,0.5599066,GM12878,0.9151479,0.12719299,1
ENSG00000138380,0.8892148,0.5599066,GM12878,0.8585226,0.9754902,1
ENSG00000138380,0.6322514,0.5599066,GM12878,0.860484,1.0,1
ENSG00000138380,0.7233916,0.5599066,GM12878,0.64247435,0.6271777,1
ENSG00000138380,0.97006273,0.5599066,GM12878,0.7743947,0.0,1
ENSG00000138381,1.361437,1.3003781,GM12878,0.88292366,1.0,1
ENSG00000138381,1.4057559,1.3003781,GM12878,0.93678635,1.0,1
ENSG00000138382,1.266261,2.1152444,GM12878,0.65773284,1.0,1
ENSG00000138385,1.4311306,2.4353347,GM12878,0.94017416,1.0,1
ENSG00000138386,1.3380584,1.2129862,GM12878,0.69248307,1.0,1
ENSG00000138386,1.0985954,1.2129862,GM12878,0.8387758,1.0,1
ENSG00000138386,1.0900472,1.2129862,GM12878,0.8725777,1.0,1
ENSG00000138386,1.2310976,1.2129862,GM12878,0.9613831,1.0,1
ENSG00000138386,1.287465,1.2129862,GM12878,0.9127659,1.0,1
ENSG00000138386,1.287465,1.2129862,GM12878,0.9127659,1.0,1
ENSG00000138386,1.0923183,1.2129862,GM12878,0.9486707,1.0,1
ENSG00000138386,1.3567364,1.2129862,GM12878,0.96651846,1.0,1
ENSG00000138386,1.1072413,1.2129862,GM12878,0.94361246,0.97722095,1
ENSG00000138398,1.387024,1.9762124,GM12878,0.93761605,1.0,1
ENSG00000138398,1.6767647,1.9762124,GM12878,0.917547,0.93984795,1
ENSG00000138399,1.589954,1.9340438,GM12878,0.9241241,1.0,1
ENSG00000138399,1.4710797,1.9340438,GM12878,0.78896224,0.76833487,1
ENSG00000138399,1.5802809,1.9340438,GM12878,0.765653,0.91881496,1
ENSG00000138411,-0.39437237,-0.32790214,GM12878,0.9855269,1.0,1
ENSG00000138411,-0.16851553,-0.32790214,GM12878,0.98671293,1.0,1
ENSG00000138413,1.2342706,1.8581159,GM12878,0.9400104,1.0,1
ENSG00000138430,1.1141804,2.3815482,GM12878,0.90522414,1.0,1
ENSG00000138430,1.2711555,2.3815482,GM12878,0.91137856,1.0,1
ENSG00000138430,1.4096292,2.3815482,GM12878,0.89628154,1.0,1
ENSG00000138430,1.4254693,2.3815482,GM12878,0.92754626,1.0,1
ENSG00000138430,1.2263501,2.3815482,GM12878,0.8693714,0.57125014,1
ENSG00000138433,1.2881159,1.1212314,GM12878,0.8321469,1.0,1
ENSG00000138433,1.3125232,1.1212314,GM12878,0.9225622,1.0,1
ENSG00000138433,1.4474316,1.1212314,GM12878,0.84100205,1.0,1
ENSG00000138433,1.3390017,1.1212314,GM12878,0.8524048,1.0,1
ENSG00000138433,1.207837,1.1212314,GM12878,0.91494864,1.0,1
ENSG00000138433,1.3921611,1.1212314,GM12878,0.5278832,1.0,1
ENSG00000138433,1.2270472,1.1212314,GM12878,0.7170676,1.0,1
ENSG00000138433,1.4095677,1.1212314,GM12878,0.94922286,1.0,1
ENSG00000138434,1.212862,1.5533975,GM12878,0.9590292,1.0,1
ENSG00000138434,1.4773322,1.5533975,GM12878,0.80802894,0.94389206,1
ENSG00000138434,1.3367399,1.5533975,GM12878,0.8067662,0.7046632,1
ENSG00000138434,1.35348,1.5533975,GM12878,0.8557799,0.7635422,1
ENSG00000138439,0.604777,0.23804611,GM12878,0.73870814,1.0,1
ENSG00000138442,1.3572086,2.2621899,GM12878,0.9417889,1.0,1
ENSG00000138443,0.9917074,1.0860037,GM12878,0.85141844,1.0,1
ENSG00000138443,1.0863458,1.0860037,GM12878,0.88226396,1.0,1
ENSG00000138443,0.64842707,1.0860037,GM12878,0.971351,1.0,1
ENSG00000138443,0.8368734,1.0860037,GM12878,0.85956454,0.023201857,1
ENSG00000138443,1.034261,1.0860037,GM12878,0.93791974,0.14430894,1
ENSG00000138443,1.0381889,1.0860037,GM12878,0.39793155,0.005976096,1
ENSG00000138443,1.0873364,1.0860037,GM12878,0.88241863,0.96893203,1
ENSG00000138443,1.0707582,1.0860037,GM12878,0.7711063,0.005976096,1
ENSG00000138443,1.1360052,1.0860037,GM12878,0.64552116,0.82509506,1
ENSG00000138448,1.2008508,1.1010593,GM12878,0.92478305,1.0,1
ENSG00000138449,1.2918557,1.5110809,GM12878,0.96462685,1.0,1
ENSG00000139044,-0.40764225,-0.537602,GM12878,0.9886109,1.0,1
ENSG00000139044,-0.39398155,-0.537602,GM12878,0.99491763,1.0,1
ENSG00000139044,-0.36987317,-0.537602,GM12878,0.995086,1.0,1
ENSG00000139083,0.5948259,0.45636603,GM12878,0.9146014,1.0,1
ENSG00000139112,1.3906909,1.0476642,GM12878,0.8780981,1.0,1
ENSG00000139112,1.2559301,1.0476642,GM12878,0.6677277,1.0,1
ENSG00000139116,1.3312716,1.2638726,GM12878,0.9553147,1.0,1
ENSG00000139116,1.1731435,1.2638726,GM12878,0.9226398,1.0,1
ENSG00000139116,1.2924811,1.2638726,GM12878,0.7271876,1.0,1
ENSG00000139116,1.1337289,1.2638726,GM12878,0.4802475,0.005291005,1
ENSG00000139116,1.1958121,1.2638726,GM12878,0.90586394,0.38004947,1
ENSG00000139116,1.1738546,1.2638726,GM12878,0.4869355,0.03730738,1
ENSG00000139116,1.3246421,1.2638726,GM12878,0.904851,0.9459459,1
ENSG00000139116,1.1165222,1.2638726,GM12878,0.5436675,0.01048218,1
ENSG00000139131,1.104186,1.4364806,GM12878,0.9106634,1.0,1
ENSG00000139133,0.9792274,1.0809871,GM12878,0.46719295,1.0,1
ENSG00000139133,0.9792274,1.0809871,GM12878,0.46719295,1.0,1
ENSG00000139146,1.6323693,1.8637391,GM12878,0.8004745,1.0,1
ENSG00000139146,1.6323693,1.8637391,GM12878,0.8004745,1.0,1
ENSG00000139154,1.2874316,0.854913,GM12878,0.8875273,1.0,1
ENSG00000139160,0.835837,-0.055517327,GM12878,0.8901195,1.0,1
ENSG00000139160,0.82698184,-0.055517327,GM12878,0.89061296,1.0,1
ENSG00000139163,1.1365248,1.4116197,GM12878,0.95021355,1.0,1
ENSG00000139163,1.4290949,1.4116197,GM12878,0.885793,1.0,1
ENSG00000139163,1.2703513,1.4116197,GM12878,0.9573795,1.0,1
ENSG00000139163,1.4081327,1.4116197,GM12878,0.93279076,1.0,1
ENSG00000139163,1.2661399,1.4116197,GM12878,0.80793446,0.0,1
ENSG00000139168,1.3172693,1.447778,GM12878,0.9569578,1.0,1
ENSG00000139173,0.47163796,-0.1426675,GM12878,0.98686695,1.0,1
ENSG00000139173,0.4826381,-0.1426675,GM12878,0.95426506,1.0,1
ENSG00000139173,0.19056383,-0.1426675,GM12878,0.96787107,1.0,1
ENSG00000139174,-0.47857332,-0.17392519,GM12878,0.97504264,1.0,1
ENSG00000139178,1.407833,0.7185017,GM12878,0.95691735,1.0,1
ENSG00000139180,1.506616,1.8949803,GM12878,0.9142169,1.0,1
ENSG00000139180,1.2397612,1.8949803,GM12878,0.23710825,0.85535055,1
ENSG00000139182,0.60530645,1.3104808,GM12878,0.9185148,1.0,1
ENSG00000139182,0.8701445,1.3104808,GM12878,0.95158285,1.0,1
ENSG00000139182,0.43328255,1.3104808,GM12878,0.9473755,1.0,1
ENSG00000139187,-0.17504941,0.37106785,GM12878,0.97592044,1.0,1
ENSG00000139190,1.1894828,0.8280151,GM12878,0.8786926,1.0,1
ENSG00000139190,1.1940923,0.8280151,GM12878,0.8779851,1.0,1
ENSG00000139190,1.088399,0.8280151,GM12878,0.94359696,1.0,1
ENSG00000139190,0.7893322,0.8280151,GM12878,0.8647432,1.0,1
ENSG00000139192,0.38166344,-0.36653155,GM12878,0.97548497,1.0,1
ENSG00000139192,0.3485647,-0.36653155,GM12878,0.9897189,1.0,1
ENSG00000139192,0.89239603,-0.36653155,GM12878,0.9833461,1.0,1
ENSG00000139192,0.3620174,-0.36653155,GM12878,0.98485976,1.0,1
ENSG00000139194,0.8675104,0.92737037,GM12878,0.8571943,1.0,1
ENSG00000139197,1.2468842,1.1152776,GM12878,0.5790563,1.0,1
ENSG00000139197,1.3175601,1.1152776,GM12878,0.8468434,0.392,1
ENSG00000139218,1.4320668,1.6919651,GM12878,0.91446614,1.0,1
ENSG00000139233,0.8287113,1.177825,GM12878,0.78880465,1.0,1
ENSG00000139263,-0.37310097,-0.7695511,GM12878,0.9799673,1.0,1
ENSG00000139266,0.7126829,0.8318698,GM12878,0.83007985,1.0,1
ENSG00000139278,-0.26260465,-0.55284196,GM12878,0.97133464,1.0,1
ENSG00000139278,-0.26260465,-0.55284196,GM12878,0.97133464,1.0,1
ENSG00000139278,0.7716717,-0.55284196,GM12878,0.94479656,1.0,1
ENSG00000139278,0.7716717,-0.55284196,GM12878,0.94479656,1.0,1
ENSG00000139278,0.87424827,-0.55284196,GM12878,0.81831706,1.0,1
ENSG00000139291,1.2969848,1.1619666,GM12878,0.94472873,1.0,1
ENSG00000139291,1.2769068,1.1619666,GM12878,0.73213446,1.0,1
ENSG00000139323,1.4401796,1.0802656,GM12878,0.8851965,1.0,1
ENSG00000139323,1.0294856,1.0802656,GM12878,0.7446569,1.0,1
ENSG00000139323,1.3723954,1.0802656,GM12878,0.60577506,0.16414687,1
ENSG00000139323,1.1094736,1.0802656,GM12878,0.86313945,0.79913604,1
ENSG00000139324,0.93376726,0.69108146,GM12878,0.78247315,1.0,1
ENSG00000139324,0.97165996,0.69108146,GM12878,0.94069785,1.0,1
ENSG00000139324,1.0661184,0.69108146,GM12878,0.92763,1.0,1
ENSG00000139324,0.8442325,0.69108146,GM12878,0.9433816,1.0,1
ENSG00000139324,1.1736816,0.69108146,GM12878,0.7981873,0.53318584,1
ENSG00000139343,1.4761038,1.5625308,GM12878,0.7561237,1.0,1
ENSG00000139350,1.1074504,1.3213912,GM12878,0.8724251,1.0,1
ENSG00000139350,1.0424701,1.3213912,GM12878,0.622995,0.9693356,1
ENSG00000139351,0.5284979,-0.69897,GM12878,0.9853285,1.0,1
ENSG00000139354,0.29410928,0.30103,GM12878,0.98276097,1.0,1
ENSG00000139370,0.9765719,1.2070955,GM12878,0.96349525,1.0,1
ENSG00000139370,1.0779982,1.2070955,GM12878,0.91258943,0.65,1
ENSG00000139372,1.4092162,1.6894865,GM12878,0.9558201,1.0,1
ENSG00000139372,1.6141523,1.6894865,GM12878,0.652913,0.00046189377,1
ENSG00000139372,1.5598541,1.6894865,GM12878,0.8418179,0.990389,1
ENSG00000139372,1.6980816,1.6894865,GM12878,0.9075759,0.9840973,1
ENSG00000139405,1.258359,1.1492192,GM12878,0.93376786,1.0,1
ENSG00000139405,1.2451357,1.1492192,GM12878,0.9352545,1.0,1
ENSG00000139405,1.4179808,1.1492192,GM12878,0.60504305,0.99482757,1
ENSG00000139405,1.4293363,1.1492192,GM12878,0.64774144,0.96103895,1
ENSG00000139410,0.4433906,0.91592723,GM12878,0.9588691,1.0,1
ENSG00000139428,1.690506,1.595386,GM12878,0.73117137,1.0,1
ENSG00000139428,0.96882576,1.595386,GM12878,0.90885216,0.9215407,1
ENSG00000139433,0.28112844,0.5976952,GM12878,0.9452001,1.0,1
ENSG00000139433,0.36386642,0.5976952,GM12878,0.6478404,0.093333334,1
ENSG00000139436,1.0438573,1.360404,GM12878,0.90636104,1.0,1
ENSG00000139436,1.1351951,1.360404,GM12878,0.63476425,0.9881188,1
ENSG00000139436,1.2477324,1.360404,GM12878,0.92371786,0.9960396,1
ENSG00000139436,1.1004097,1.360404,GM12878,0.56617355,0.0023640662,1
ENSG00000139436,0.9562369,1.360404,GM12878,0.8785868,0.99527186,1
ENSG00000139437,1.1119056,1.0534626,GM12878,0.9618631,1.0,1
ENSG00000139437,0.74243575,1.0534626,GM12878,0.9434656,1.0,1
ENSG00000139438,-0.04562825,-0.85387194,GM12878,0.98537296,1.0,1
ENSG00000139531,1.5634853,1.3984609,GM12878,0.6235271,1.0,1
ENSG00000139531,1.48871,1.3984609,GM12878,0.60642236,0.75310034,1
ENSG00000139531,1.2770623,1.3984609,GM12878,0.4592645,0.41454864,1
ENSG00000139540,-0.1493263,-0.69897,GM12878,0.9660741,1.0,1
ENSG00000139546,1.3357356,1.5749568,GM12878,0.9142642,1.0,1
ENSG00000139546,1.5175424,1.5749568,GM12878,0.7105568,1.0,1
ENSG00000139546,1.4172995,1.5749568,GM12878,0.90966463,1.0,1
ENSG00000139547,-0.58760524,-0.34678748,GM12878,0.99227226,1.0,1
ENSG00000139579,1.3744234,1.6471874,GM12878,0.7765076,1.0,1
ENSG00000139613,1.5140221,1.6319509,GM12878,0.9418101,1.0,1
ENSG00000139613,1.3760556,1.6319509,GM12878,0.8074898,0.9620438,1
ENSG00000139613,1.2005585,1.6319509,GM12878,0.9158449,0.35400516,1
ENSG00000139620,1.5457762,1.6909045,GM12878,0.8824987,1.0,1
ENSG00000139620,1.3623637,1.6909045,GM12878,0.91233563,1.0,1
ENSG00000139620,1.6230719,1.6909045,GM12878,0.90400344,0.92889136,1
ENSG00000139624,1.2046231,1.5384481,GM12878,0.7796549,1.0,1
ENSG00000139624,1.4336745,1.5384481,GM12878,0.781437,1.0,1
ENSG00000139624,1.2110406,1.5384481,GM12878,0.40118632,0.13030832,1
ENSG00000139624,1.2372245,1.5384481,GM12878,0.88691276,0.99424297,1
ENSG00000139624,1.3136032,1.5384481,GM12878,0.64606655,0.871042,1
ENSG00000139624,1.0972856,1.5384481,GM12878,0.8952326,1.0,1
ENSG00000139624,1.0461738,1.5384481,GM12878,0.35506573,0.116637066,1
ENSG00000139625,0.7524485,0.20139712,GM12878,0.9858312,1.0,1
ENSG00000139626,0.16775167,0.029383779,GM12878,0.9746619,1.0,1
ENSG00000139629,0.43673432,0.7937904,GM12878,0.97686607,1.0,1
ENSG00000139629,0.29354924,0.7937904,GM12878,0.9915264,1.0,1
ENSG00000139629,0.46082658,0.7937904,GM12878,0.9830155,0.89329267,1
ENSG00000139631,1.1248248,1.2622137,GM12878,0.89008754,1.0,1
ENSG00000139636,1.3531361,1.7886633,GM12878,0.849724,1.0,1
ENSG00000139636,1.2810409,1.7886633,GM12878,0.45134744,1.0,1
ENSG00000139636,1.4427162,1.7886633,GM12878,0.74059415,1.0,1
ENSG00000139636,1.548613,1.7886633,GM12878,0.86725885,1.0,1
ENSG00000139636,1.4863868,1.7886633,GM12878,0.73669606,1.0,1
ENSG00000139636,1.3909756,1.7886633,GM12878,0.7879967,1.0,1
ENSG00000139636,1.4985533,1.7886633,GM12878,0.73780113,0.9653938,1
ENSG00000139636,1.3045584,1.7886633,GM12878,0.8280876,0.3025862,1
ENSG00000139636,1.2907133,1.7886633,GM12878,0.42939642,0.056279622,1
ENSG00000139637,0.424035,0.6117233,GM12878,0.96567756,1.0,1
ENSG00000139637,0.43013114,0.6117233,GM12878,0.99379057,1.0,1
ENSG00000139637,0.45897877,0.6117233,GM12878,0.9880177,0.972973,1
ENSG00000139641,1.7000144,2.1837254,GM12878,0.8993317,1.0,1
ENSG00000139644,1.864883,2.473487,GM12878,0.753954,1.0,1
ENSG00000139645,1.0401474,0.92582756,GM12878,0.8019667,1.0,1
ENSG00000139651,1.4406143,1.4324882,GM12878,0.79672676,1.0,1
ENSG00000139697,1.3710936,1.3342526,GM12878,0.9346127,1.0,1
ENSG00000139714,-0.087999895,-0.52287877,GM12878,0.9757278,1.0,1
ENSG00000139714,0.3280373,-0.52287877,GM12878,0.9537989,1.0,1
ENSG00000139718,1.0908375,-0.07572071,GM12878,0.92967045,1.0,1
ENSG00000139719,1.108272,1.2108533,GM12878,0.9412632,1.0,1
ENSG00000139719,1.263813,1.2108533,GM12878,0.8176868,0.61228603,1
ENSG00000139722,1.3064901,1.0685569,GM12878,0.9303031,1.0,1
ENSG00000139722,1.7055092,1.0685569,GM12878,0.9369841,1.0,1
ENSG00000139725,0.3741445,0.61278385,GM12878,0.987463,1.0,1
ENSG00000139725,0.47741422,0.61278385,GM12878,0.99323624,1.0,1
ENSG00000139725,0.33505931,0.61278385,GM12878,0.98284745,1.0,1
ENSG00000139726,1.4550688,1.5540043,GM12878,0.71264124,1.0,1
ENSG00000139726,1.5209509,1.5540043,GM12878,0.63618404,1.0,1
ENSG00000139726,1.5278159,1.5540043,GM12878,0.89638007,1.0,1
ENSG00000142327,0.7381963,0.7909885,GM12878,0.92308825,1.0,1
ENSG00000142330,0.5583841,0.95279247,GM12878,0.9411673,1.0,1
ENSG00000142330,0.6463193,0.95279247,GM12878,0.92888427,1.0,1
ENSG00000142330,0.5965367,0.95279247,GM12878,0.939689,0.09266409,1
ENSG00000142330,0.63294417,0.95279247,GM12878,0.9744862,1.0,1
ENSG00000143727,1.4581243,2.1746702,GM12878,0.91376865,1.0,1
ENSG00000143727,1.3654195,2.1746702,GM12878,0.89077556,1.0,1
ENSG00000143727,1.2334987,2.1746702,GM12878,0.9074519,1.0,1
ENSG00000143727,1.4286894,2.1746702,GM12878,0.8982855,1.0,1
ENSG00000143727,1.5427648,2.1746702,GM12878,0.9443792,1.0,1
ENSG00000143727,1.338792,2.1746702,GM12878,0.8790071,0.32360098,1
ENSG00000143727,1.5533471,2.1746702,GM12878,0.85450065,0.9009593,1
ENSG00000143797,1.3760494,1.9423058,GM12878,0.85835254,1.0,1
ENSG00000143870,1.0086656,2.217247,GM12878,0.9148012,1.0,1
ENSG00000143870,1.0391651,2.217247,GM12878,0.7665257,0.0037619076,1
ENSG00000143882,-0.75327086,-0.85387194,GM12878,0.99672276,1.0,1
ENSG00000143882,-0.6432641,-0.85387194,GM12878,0.995076,1.0,1
ENSG00000143882,-0.5994121,-0.85387194,GM12878,0.991115,1.0,1
ENSG00000143889,1.553533,1.9645425,GM12878,0.88431627,1.0,1
ENSG00000143889,1.555667,1.9645425,GM12878,0.9494185,1.0,1
ENSG00000143891,0.993488,1.5017437,GM12878,0.96429694,1.0,1
ENSG00000143919,1.2198972,0.968483,GM12878,0.9132518,1.0,1
ENSG00000143919,0.84542936,0.968483,GM12878,0.80601096,1.0,1
ENSG00000143924,1.3886749,1.5285311,GM12878,0.6924038,1.0,1
ENSG00000143924,1.1110572,1.5285311,GM12878,0.96351486,0.96640587,1
ENSG00000143933,1.8958597,2.332095,GM12878,0.94780576,1.0,1
ENSG00000143933,1.9568336,2.332095,GM12878,0.9494748,1.0,1
ENSG00000143933,1.8484766,2.332095,GM12878,0.96034527,1.0,1
ENSG00000143933,1.9305402,2.332095,GM12878,0.7634683,1.0,1
ENSG00000143933,1.9305402,2.332095,GM12878,0.7634683,1.0,1
ENSG00000143933,1.8131523,2.332095,GM12878,0.7729745,0.003452381,1
ENSG00000143942,1.4915168,0.9614211,GM12878,0.5693497,1.0,1
ENSG00000143951,0.841235,0.61909336,GM12878,0.6227391,1.0,1
ENSG00000143951,0.7651853,0.61909336,GM12878,0.9475257,0.704,1
ENSG00000143951,0.56490546,0.61909336,GM12878,0.95262206,0.18340611,1
ENSG00000143952,1.4006046,1.1970047,GM12878,0.87247837,1.0,1
ENSG00000143952,1.5762576,1.1970047,GM12878,0.8943604,0.16591422,1
ENSG00000143952,1.357522,1.1970047,GM12878,0.88269806,0.97564274,1
ENSG00000143970,1.6174916,1.1061909,GM12878,0.928198,1.0,1
ENSG00000143971,1.184861,0.84323275,GM12878,0.9550127,1.0,1
ENSG00000143971,1.1259977,0.84323275,GM12878,0.84322107,1.0,1
ENSG00000143971,0.9995931,0.84323275,GM12878,0.96084356,1.0,1
ENSG00000143971,1.0410964,0.84323275,GM12878,0.9746547,1.0,1
ENSG00000143977,1.7680645,2.557411,GM12878,0.9345234,1.0,1
ENSG00000143977,1.6716229,2.557411,GM12878,0.7567844,1.0,1
ENSG00000143977,1.6716229,2.557411,GM12878,0.7567844,1.0,1
ENSG00000143977,1.6716229,2.557411,GM12878,0.7567844,0.9324989,1
ENSG00000143994,0.7040141,-0.61978877,GM12878,0.90622866,1.0,1
ENSG00000144021,1.3677391,1.9440383,GM12878,0.93578243,1.0,1
ENSG00000144021,1.3940123,1.9440383,GM12878,0.96969295,1.0,1
ENSG00000144021,1.3952913,1.9440383,GM12878,0.7950452,1.0,1
ENSG00000144021,0.89552844,1.9440383,GM12878,0.9383164,1.0,1
ENSG00000144021,1.1155691,1.9440383,GM12878,0.93468684,1.0,1
ENSG00000144021,1.4376569,1.9440383,GM12878,0.87428033,1.0,1
ENSG00000144021,1.2960384,1.9440383,GM12878,0.85983247,0.77730757,1
ENSG00000144026,1.064701,1.193959,GM12878,0.8999928,1.0,1
ENSG00000144026,1.1769942,1.193959,GM12878,0.7738069,1.0,1
ENSG00000144028,1.874818,2.183099,GM12878,0.9376263,1.0,1
ENSG00000144028,1.6310996,2.183099,GM12878,0.6420787,0.002232475,1
ENSG00000144034,1.5782858,1.7953933,GM12878,0.9367943,1.0,1
ENSG00000144036,0.5385559,0.15228835,GM12878,0.9538103,1.0,1
ENSG00000144040,1.0734645,1.2046626,GM12878,0.9260005,1.0,1
ENSG00000144040,0.978291,1.2046626,GM12878,0.950039,0.034210525,1
ENSG00000144040,0.53857,1.2046626,GM12878,0.89577675,0.778022,1
ENSG00000144040,0.9887527,1.2046626,GM12878,0.8195725,0.9750567,1
ENSG00000144040,1.1691295,1.2046626,GM12878,0.35690197,0.025761124,1
ENSG00000144043,1.1695789,1.7659664,GM12878,0.85733265,1.0,1
ENSG00000144043,1.1105689,1.7659664,GM12878,0.75886416,1.0,1
ENSG00000144043,1.1105689,1.7659664,GM12878,0.75886416,1.0,1
ENSG00000144043,0.9720861,1.7659664,GM12878,0.90554434,0.9393325,1
ENSG00000144048,1.4788092,1.3271545,GM12878,0.7411691,1.0,1
ENSG00000144118,1.0642289,1.66483,GM12878,0.9463589,1.0,1
ENSG00000144130,-0.053920247,0.61278385,GM12878,0.98347086,1.0,1
ENSG00000144130,0.04301607,0.61278385,GM12878,0.9274705,1.0,1
ENSG00000144130,0.017711498,0.61278385,GM12878,0.9366675,1.0,1
ENSG00000144130,-0.0997279,0.61278385,GM12878,0.9751638,1.0,1
ENSG00000144134,0.6704231,0.6434527,GM12878,0.9397393,1.0,1
ENSG00000144136,1.677761,1.9937888,GM12878,0.8177459,1.0,1
ENSG00000144161,1.1356059,0.9278834,GM12878,0.91162586,1.0,1
ENSG00000144182,1.3931068,1.0867157,GM12878,0.5485673,0.17594936,1
ENSG00000144199,0.039773084,1.2281436,GM12878,0.93740827,1.0,1
ENSG00000144224,1.564369,1.9483151,GM12878,0.9553309,1.0,1
ENSG00000144224,1.459891,1.9483151,GM12878,0.8479809,1.0,1
ENSG00000144224,1.5530643,1.9483151,GM12878,0.9016911,0.51618737,1
ENSG00000144228,1.1202214,0.6560982,GM12878,0.9294322,1.0,1
ENSG00000144231,1.6070513,1.61878,GM12878,0.9272999,1.0,1
ENSG00000144231,1.600336,1.61878,GM12878,0.79352903,0.44040555,1
ENSG00000144231,1.6070513,1.61878,GM12878,0.9272999,0.95606256,1
ENSG00000144233,0.8961051,0.8247765,GM12878,0.87674844,1.0,1
ENSG00000144283,1.2717403,1.7081659,GM12878,0.89240015,1.0,1
ENSG00000144283,1.2423754,1.7081659,GM12878,0.72322464,0.7247088,1
ENSG00000144283,0.866566,1.7081659,GM12878,0.8516557,0.74196076,1
ENSG00000144306,0.82313746,1.0881361,GM12878,0.93311805,1.0,1
ENSG00000144306,0.8408034,1.0881361,GM12878,0.9302997,1.0,1
ENSG00000144306,0.65516025,1.0881361,GM12878,0.94774634,0.9485646,1
ENSG00000144320,1.5823976,1.4331295,GM12878,0.94265443,1.0,1
ENSG00000144320,1.2993642,1.4331295,GM12878,0.3581464,0.04285049,1
ENSG00000144354,1.6335762,1.980912,GM12878,0.954485,1.0,1
ENSG00000144354,1.6857497,1.980912,GM12878,0.86566037,0.9986503,1
ENSG00000144354,1.6480285,1.980912,GM12878,0.8769033,0.12868,1
ENSG00000144354,1.7232773,1.980912,GM12878,0.8717888,0.0,1
ENSG00000144354,1.5240022,1.980912,GM12878,0.81638235,0.9874893,1
ENSG00000144381,1.6088918,2.5907862,GM12878,0.8580392,1.0,1
ENSG00000144395,0.99881643,1.2084414,GM12878,0.84670657,1.0,1
ENSG00000144401,1.3543153,1.4247184,GM12878,0.7303059,1.0,1
ENSG00000144445,0.3788172,0.6803355,GM12878,0.8942461,1.0,1
ENSG00000144445,1.0546778,0.6803355,GM12878,0.89225274,1.0,1
ENSG00000144468,1.8040545,1.3993275,GM12878,0.94905746,1.0,1
ENSG00000144468,1.5533403,1.3993275,GM12878,0.89706606,1.0,1
ENSG00000144468,1.616584,1.3993275,GM12878,0.56757337,1.0,1
ENSG00000144468,1.616584,1.3993275,GM12878,0.56757337,1.0,1
ENSG00000144468,1.51111,1.3993275,GM12878,0.7738784,1.0,1
ENSG00000144485,1.0478057,1.5031095,GM12878,0.9134018,1.0,1
ENSG00000144485,1.2334747,1.5031095,GM12878,0.9427971,0.993865,1
ENSG00000144488,-0.2139821,-0.82390875,GM12878,0.98330194,1.0,1
ENSG00000144504,0.9312013,1.1122698,GM12878,0.8549947,1.0,1
ENSG00000144504,1.0606917,1.1122698,GM12878,0.94041955,0.09848485,1
ENSG00000144504,0.79128784,1.1122698,GM12878,0.9214086,0.84090906,1
ENSG00000144524,1.1314436,1.6443402,GM12878,0.8445295,1.0,1
ENSG00000144524,0.834654,1.6443402,GM12878,0.82542634,1.0,1
ENSG00000144524,1.2611214,1.6443402,GM12878,0.8885887,0.95001966,1
ENSG00000144524,1.2708148,1.6443402,GM12878,0.8908572,0.041322313,1
ENSG00000144524,1.2658314,1.6443402,GM12878,0.88713986,0.0011231748,1
ENSG00000144535,1.0487558,0.57054293,GM12878,0.91942275,1.0,1
ENSG00000144567,1.3237628,1.5022905,GM12878,0.5550653,1.0,1
ENSG00000144567,1.5050396,1.5022905,GM12878,0.7082685,1.0,1
ENSG00000144567,1.4848566,1.5022905,GM12878,0.94277346,1.0,1
ENSG00000144579,1.1727763,1.6488477,GM12878,0.9364678,1.0,1
ENSG00000144580,1.6486101,1.7729814,GM12878,0.90136033,1.0,1
ENSG00000144580,1.3461018,1.7729814,GM12878,0.2500651,0.023099652,1
ENSG00000144589,0.7573215,0.88479537,GM12878,0.97962797,1.0,1
ENSG00000144591,1.64879,1.9159799,GM12878,0.7970512,1.0,1
ENSG00000149948,-0.8741335,-0.36653155,GM12878,0.9911675,1.0,1
ENSG00000150938,-0.506685,-0.5850267,GM12878,0.99027175,1.0,1
ENSG00000150938,-0.15210614,-0.5850267,GM12878,0.9827671,1.0,1
ENSG00000150967,0.41373357,0.71349055,GM12878,0.98359954,0.6142857,1
ENSG00000150977,1.0373152,0.53147894,GM12878,0.9057941,1.0,1
ENSG00000150977,0.97826815,0.53147894,GM12878,0.95459396,1.0,1
ENSG00000150990,1.0198745,0.8744818,GM12878,0.9441053,1.0,1
ENSG00000151065,0.82905084,0.74272513,GM12878,0.7561681,1.0,1
ENSG00000151065,1.0527993,0.74272513,GM12878,0.88837695,1.0,1
ENSG00000151065,1.1014419,0.74272513,GM12878,0.8064803,1.0,1
ENSG00000151131,1.2985748,1.133539,GM12878,0.8536459,1.0,1
ENSG00000151131,1.4262422,1.133539,GM12878,0.9405348,1.0,1
ENSG00000151135,1.2648934,1.4671639,GM12878,0.6189092,1.0,1
ENSG00000151135,1.1805896,1.4671639,GM12878,0.92607605,1.0,1
ENSG00000151135,1.1805896,1.4671639,GM12878,0.92607605,1.0,1
ENSG00000151135,1.1805896,1.4671639,GM12878,0.92607605,1.0,1
ENSG00000151135,1.2648934,1.4671639,GM12878,0.6189092,0.3417466,1
ENSG00000151135,1.125952,1.4671639,GM12878,0.25223017,0.17813383,1
ENSG00000151135,1.1565298,1.4671639,GM12878,0.30713773,0.058315333,1
ENSG00000151148,1.3358783,1.3106933,GM12878,0.963573,1.0,1
ENSG00000151148,1.3354483,1.3106933,GM12878,0.8638113,0.9882507,1
ENSG00000151164,1.2830269,-0.45593196,GM12878,0.91325325,1.0,1
ENSG00000151164,0.8410265,-0.45593196,GM12878,0.95407325,1.0,1
ENSG00000151176,1.0604419,0.71933126,GM12878,0.9484257,1.0,1
ENSG00000151176,1.0772221,0.71933126,GM12878,0.9392338,1.0,1
ENSG00000151176,0.9155089,0.71933126,GM12878,0.9217035,0.9662162,1
ENSG00000151229,1.123301,0.770852,GM12878,0.7925338,1.0,1
ENSG00000151229,1.1099042,0.770852,GM12878,0.66386586,1.0,1
ENSG00000151233,1.1181079,0.7671559,GM12878,0.9193516,1.0,1
ENSG00000151233,1.1525142,0.7671559,GM12878,0.92337996,1.0,1
ENSG00000151233,1.2393543,0.7671559,GM12878,0.8680213,0.7147826,1
ENSG00000151239,1.4460801,1.2177471,GM12878,0.90682614,1.0,1
ENSG00000151239,1.3143651,1.2177471,GM12878,0.8753055,1.0,1
ENSG00000151239,1.3940792,1.2177471,GM12878,0.42348912,0.0,1
ENSG00000151239,1.4002303,1.2177471,GM12878,0.5052601,0.057666216,1
ENSG00000151353,1.6774164,1.2979792,GM12878,0.9535312,1.0,1
ENSG00000151665,0.95617455,1.7770642,GM12878,0.891933,1.0,1
ENSG00000151665,1.2809149,1.7770642,GM12878,0.8054631,0.7399518,1
ENSG00000151687,-0.40756482,-0.31875876,GM12878,0.98643535,1.0,1
ENSG00000151689,0.2234281,0.7075702,GM12878,0.9818616,1.0,1
ENSG00000151690,0.5959746,0.61700034,GM12878,0.94652575,1.0,1
ENSG00000151692,0.9214078,0.9132839,GM12878,0.8351533,1.0,1
ENSG00000151694,1.6169473,0.98677176,GM12878,0.88972825,1.0,1
ENSG00000151694,1.6582428,0.98677176,GM12878,0.89766294,1.0,1
ENSG00000151694,1.6563822,0.98677176,GM12878,0.7210784,1.0,1
ENSG00000151694,1.6356708,0.98677176,GM12878,0.94270134,1.0,1
ENSG00000151743,1.4589628,1.3163898,GM12878,0.80599576,1.0,1
ENSG00000151743,1.7494314,1.3163898,GM12878,0.77069,1.0,1
ENSG00000151743,1.1831692,1.3163898,GM12878,0.9290227,1.0,1
ENSG00000151743,1.1831692,1.3163898,GM12878,0.9290227,1.0,1
ENSG00000151743,1.6195422,1.3163898,GM12878,0.685713,1.0,1
ENSG00000151743,1.0876848,1.3163898,GM12878,0.872707,1.0,1
ENSG00000151743,1.4758476,1.3163898,GM12878,0.8552646,0.88271606,1
ENSG00000151743,1.4758476,1.3163898,GM12878,0.8552646,0.36334196,1
ENSG00000151746,0.6602927,0.9804579,GM12878,0.9560096,1.0,1
ENSG00000151746,0.6584918,0.9804579,GM12878,0.9633783,1.0,1
ENSG00000151746,0.6158957,0.9804579,GM12878,0.9358718,1.0,1
ENSG00000151746,0.79659957,0.9804579,GM12878,0.9573311,1.0,1
ENSG00000151746,0.62608594,0.9804579,GM12878,0.9676733,1.0,1
ENSG00000151746,0.6696357,0.9804579,GM12878,0.9622678,1.0,1
ENSG00000151746,0.98914,0.9804579,GM12878,0.85584176,1.0,1
ENSG00000151746,0.55498135,0.9804579,GM12878,0.9318492,1.0,1
ENSG00000151779,1.2491769,1.6458151,GM12878,0.8757827,1.0,1
ENSG00000151779,1.42479,1.6458151,GM12878,0.8996653,1.0,1
ENSG00000151779,1.7156104,1.6458151,GM12878,0.9054426,1.0,1
ENSG00000151779,1.5957435,1.6458151,GM12878,0.9284722,1.0,1
ENSG00000151779,1.3372895,1.6458151,GM12878,0.8559242,0.93941844,1
ENSG00000151779,1.2643026,1.6458151,GM12878,0.9192718,0.7257094,1
ENSG00000151779,1.7408073,1.6458151,GM12878,0.90303147,0.0,1
ENSG00000152056,0.09983315,-0.30980393,GM12878,0.9230451,1.0,1
ENSG00000152076,0.2654128,0.14921911,GM12878,0.9538552,1.0,1
ENSG00000152082,1.2360398,2.0530784,GM12878,0.7490357,1.0,1
ENSG00000152082,1.208475,2.0530784,GM12878,0.8718017,0.45897877,1
ENSG00000152102,1.4325055,1.6353832,GM12878,0.9156034,1.0,1
ENSG00000152127,0.48917276,0.8254261,GM12878,0.8972161,1.0,1
ENSG00000152128,-0.57810855,-0.24412514,GM12878,0.993985,1.0,1
ENSG00000152128,-0.62408096,-0.24412514,GM12878,0.99147296,1.0,1
ENSG00000152133,1.1918266,1.0899051,GM12878,0.9291644,1.0,1
ENSG00000152133,1.3110112,1.0899051,GM12878,0.9111134,1.0,1
ENSG00000152147,1.1160661,1.2643455,GM12878,0.682741,0.0,1
ENSG00000152147,1.0459181,1.2643455,GM12878,0.6831111,0.8342451,1
ENSG00000152253,1.6407729,1.7322329,GM12878,0.89049596,1.0,1
ENSG00000152253,1.578259,1.7322329,GM12878,0.9575657,1.0,1
ENSG00000152253,1.543261,1.7322329,GM12878,0.939256,1.0,1
ENSG00000152253,1.5699359,1.7322329,GM12878,0.9069374,1.0,1
ENSG00000152253,1.6173486,1.7322329,GM12878,0.8758883,1.0,1
ENSG00000152256,1.4346236,2.1176689,GM12878,0.9089363,1.0,1
ENSG00000152256,1.4537858,2.1176689,GM12878,0.742866,0.22713213,1
ENSG00000152284,-0.20134129,-0.9586073,GM12878,0.9886296,1.0,1
ENSG00000152291,1.7783818,1.5982432,GM12878,0.88499516,1.0,1
ENSG00000152291,1.7783818,1.5982432,GM12878,0.88499516,1.0,1
ENSG00000152291,1.7402577,1.5982432,GM12878,0.93573856,1.0,1
ENSG00000152291,1.7207481,1.5982432,GM12878,0.82481885,1.0,1
ENSG00000152291,1.740501,1.5982432,GM12878,0.8471755,1.0,1
ENSG00000152292,1.0028813,-0.38721615,GM12878,0.80619484,1.0,1
ENSG00000152556,0.61152226,1.4168068,GM12878,0.8637862,0.00097276265,1
ENSG00000152683,1.5845741,1.4912215,GM12878,0.8702352,1.0,1
ENSG00000152683,1.6227964,1.4912215,GM12878,0.8865322,0.9926271,1
ENSG00000152683,1.4988364,1.4912215,GM12878,0.8141931,0.977828,1
ENSG00000152683,1.4006288,1.4912215,GM12878,0.31478423,0.14517406,1
ENSG00000152683,1.6282758,1.4912215,GM12878,0.90707254,0.09057301,1
ENSG00000152683,1.6521469,1.4912215,GM12878,0.8821825,0.8370861,1
ENSG00000152683,1.4596857,1.4912215,GM12878,0.79954034,0.9651352,1
ENSG00000152689,0.8345945,0.033423755,GM12878,0.8122583,1.0,1
ENSG00000152944,1.5058628,1.6620018,GM12878,0.93154526,1.0,1
ENSG00000152944,1.263284,1.6620018,GM12878,0.92148197,0.95557076,1
ENSG00000153093,-0.49967268,-0.28399664,GM12878,0.9950707,1.0,1
ENSG00000153094,0.9904347,0.5899496,GM12878,0.88872266,1.0,1
ENSG00000153094,1.0388073,0.5899496,GM12878,0.8361815,1.0,1
ENSG00000153107,1.325173,1.7555699,GM12878,0.77054244,1.0,1
ENSG00000153107,1.1222209,1.7555699,GM12878,0.9266741,1.0,1
ENSG00000153165,0.13922364,-0.92081875,GM12878,0.9257297,1.0,1
ENSG00000153165,-0.10726907,-0.92081875,GM12878,0.93918604,1.0,1
ENSG00000153165,0.4420892,-0.92081875,GM12878,0.9087826,1.0,1
ENSG00000153179,1.3040744,1.2857822,GM12878,0.95048445,1.0,1
ENSG00000153179,1.0926217,1.2857822,GM12878,0.90911376,1.0,1
ENSG00000153179,1.0048841,1.2857822,GM12878,0.90583956,0.98282146,1
ENSG00000153201,1.2405916,1.3047059,GM12878,0.93458927,1.0,1
ENSG00000153208,0.15767792,0.25042,GM12878,0.97665226,1.0,1
ENSG00000153214,1.2734551,1.0606978,GM12878,0.9715191,1.0,1
ENSG00000153214,1.2534133,1.0606978,GM12878,0.831854,0.96893203,1
ENSG00000153561,0.16743362,1.3207692,GM12878,0.96297413,1.0,1
ENSG00000153574,1.3624171,1.2753114,GM12878,0.7217381,1.0,1
ENSG00000153827,1.4725529,1.7670816,GM12878,0.924265,1.0,1
ENSG00000153827,1.7559782,1.7670816,GM12878,0.87766427,1.0,1
ENSG00000153827,1.6774167,1.7670816,GM12878,0.83866346,1.0,1
ENSG00000153827,1.8092462,1.7670816,GM12878,0.8868489,0.328232,1
ENSG00000153832,1.0833473,-0.013228266,GM12878,0.92943835,1.0,1
ENSG00000154252,-0.05446294,-0.88605666,GM12878,0.9523335,1.0,1
ENSG00000154252,0.01177767,-0.88605666,GM12878,0.9889943,1.0,1
ENSG00000154518,1.4892505,3.2507079,GM12878,0.73472244,1.0,1
ENSG00000155368,0.8981833,2.0240338,GM12878,0.89691633,1.0,1
ENSG00000155368,0.9016586,2.0240338,GM12878,0.81006366,0.00058468134,1
ENSG00000155368,0.8871389,2.0240338,GM12878,0.80080724,0.004561778,1
ENSG00000155368,0.8870645,2.0240338,GM12878,0.8008289,0.0,1
ENSG00000155438,1.5840019,1.6143699,GM12878,0.93120766,1.0,1
ENSG00000155636,1.2888812,1.0845762,GM12878,0.96408826,1.0,1
ENSG00000155729,1.2889124,0.36921585,GM12878,0.9730838,1.0,1
ENSG00000155744,1.6856129,1.0334238,GM12878,0.9665896,1.0,1
ENSG00000155744,1.7122749,1.0334238,GM12878,0.8823289,1.0,1
ENSG00000155744,1.6995422,1.0334238,GM12878,0.8760314,1.0,1
ENSG00000155744,1.3753879,1.0334238,GM12878,0.9063359,0.24071322,1
ENSG00000155744,1.6846107,1.0334238,GM12878,0.63629174,0.24071322,1
ENSG00000155749,-0.4577337,-0.56863624,GM12878,0.9456545,1.0,1
ENSG00000155755,0.5371987,1.154424,GM12878,0.9200112,1.0,1
ENSG00000155755,0.46383125,1.154424,GM12878,0.86304176,1.0,1
ENSG00000155755,0.5519908,1.154424,GM12878,0.96632093,1.0,1
ENSG00000155755,0.44382697,1.154424,GM12878,0.936914,1.0,1
ENSG00000155755,0.5693268,1.154424,GM12878,0.92354834,1.0,1
ENSG00000155755,0.4077257,1.154424,GM12878,0.6412057,1.0,1
ENSG00000155957,1.4374475,1.6821451,GM12878,0.805407,1.0,1
ENSG00000155957,1.4718765,1.6821451,GM12878,0.5672951,0.98955226,1
ENSG00000155957,1.4302408,1.6821451,GM12878,0.84496886,0.9916418,1
ENSG00000155980,1.0054935,1.1464381,GM12878,0.9430661,1.0,1
ENSG00000155980,1.1788702,1.1464381,GM12878,0.9306575,1.0,1
ENSG00000156973,0.7014752,0.99782306,GM12878,0.93369085,1.0,1
ENSG00000157827,0.31712985,-0.60206,GM12878,0.951266,1.0,1
ENSG00000157827,0.2528516,-0.60206,GM12878,0.97873014,1.0,1
ENSG00000157833,0.6676722,0.587711,GM12878,0.8466046,1.0,1
ENSG00000157833,0.44446203,0.587711,GM12878,0.9261205,1.0,1
ENSG00000157833,0.28054088,0.587711,GM12878,0.9774071,1.0,1
ENSG00000157837,1.1003792,0.7535831,GM12878,0.9307585,1.0,1
ENSG00000157895,1.2128003,0.9116902,GM12878,0.858884,1.0,1
ENSG00000157895,1.3356497,0.9116902,GM12878,0.8940739,1.0,1
ENSG00000157895,0.9908022,0.9116902,GM12878,0.4658906,0.11241218,1
ENSG00000157992,0.03593132,0.1271048,GM12878,0.9901912,1.0,1
ENSG00000158019,0.6393742,1.2789822,GM12878,0.9460377,1.0,1
ENSG00000158019,0.58540905,1.2789822,GM12878,0.9174709,1.0,1
ENSG00000158019,1.1627134,1.2789822,GM12878,0.75010514,0.08649553,1
ENSG00000158019,0.8106572,1.2789822,GM12878,0.8650426,0.070913464,1
ENSG00000158019,0.4971953,1.2789822,GM12878,0.90698,0.0686747,1
ENSG00000158023,0.6243427,1.2177471,GM12878,0.9621455,1.0,1
ENSG00000158023,0.6243427,1.2177471,GM12878,0.9621455,1.0,1
ENSG00000158023,-0.36610314,1.2177471,GM12878,0.9890844,1.0,1
ENSG00000158050,-0.3965033,-0.92081875,GM12878,0.9938507,1.0,1
ENSG00000158050,-0.2156707,-0.92081875,GM12878,0.98814327,1.0,1
ENSG00000158104,0.17876118,-0.88605666,GM12878,0.95953244,1.0,1
ENSG00000158158,0.55119467,0.5998831,GM12878,0.96500653,1.0,1
ENSG00000158158,0.8726069,0.5998831,GM12878,0.9203476,1.0,1
ENSG00000158411,0.8882705,1.3226327,GM12878,0.94977236,1.0,1
ENSG00000158417,1.5065018,1.408918,GM12878,0.9218977,1.0,1
ENSG00000158435,0.9259149,1.876968,GM12878,0.89334816,1.0,1
ENSG00000158552,1.3360991,1.3527611,GM12878,0.8544146,1.0,1
ENSG00000159335,1.4009011,1.7976829,GM12878,0.83834034,1.0,1
ENSG00000159335,1.112373,1.7976829,GM12878,0.9551914,1.0,1
ENSG00000159374,0.25074533,-0.82390875,GM12878,0.9586656,1.0,1
ENSG00000159374,-0.114522144,-0.82390875,GM12878,0.8938265,1.0,1
ENSG00000159399,1.0324664,1.5694909,GM12878,0.9248779,1.0,1
ENSG00000159403,-0.26226342,-0.27572414,GM12878,0.99407756,1.0,1
ENSG00000159403,-0.2900108,-0.27572414,GM12878,0.9903571,1.0,1
ENSG00000159403,-0.33043683,-0.27572414,GM12878,0.9903652,1.0,1
ENSG00000161638,1.1961395,1.8184239,GM12878,0.8669714,1.0,1
ENSG00000161642,0.89978915,0.97034687,GM12878,0.95739317,1.0,1
ENSG00000161642,0.89978915,0.97034687,GM12878,0.95739317,1.0,1
ENSG00000161642,0.8649281,0.97034687,GM12878,0.9540316,0.9419355,1
ENSG00000161791,0.74003136,0.7489629,GM12878,0.84199953,1.0,1
ENSG00000161791,0.59819865,0.7489629,GM12878,0.8911577,0.27094972,1
ENSG00000161813,1.6130685,1.5618167,GM12878,0.87365353,1.0,1
ENSG00000161813,1.6064268,1.5618167,GM12878,0.86506784,0.19802445,1
ENSG00000161813,1.4715955,1.5618167,GM12878,0.9141798,0.9883408,1
ENSG00000161813,1.6528202,1.5618167,GM12878,0.94777524,0.96921074,1
ENSG00000161835,0.3268571,-0.08618615,GM12878,0.97573143,1.0,1
ENSG00000161835,0.2911356,-0.08618615,GM12878,0.9758455,1.0,1
ENSG00000161835,0.179892,-0.08618615,GM12878,0.983383,1.0,1
ENSG00000162869,1.2730553,1.0762763,GM12878,0.6576228,1.0,1
ENSG00000162869,1.1287564,1.0762763,GM12878,0.8512326,0.9591837,1
ENSG00000162869,1.1945246,1.0762763,GM12878,0.3451718,0.9138322,1
ENSG00000162878,-0.14225768,1.1743506,GM12878,0.9948426,1.0,1
ENSG00000162878,-0.14916816,1.1743506,GM12878,0.9955308,1.0,1
ENSG00000162878,-0.023456037,1.1743506,GM12878,0.9840295,1.0,1
ENSG00000162878,-0.12868038,1.1743506,GM12878,0.98878735,1.0,1
ENSG00000162878,-0.19143426,1.1743506,GM12878,0.99302626,1.0,1
ENSG00000162924,1.3637047,0.6963564,GM12878,0.92452276,1.0,1
ENSG00000162924,1.1151569,0.6963564,GM12878,0.4469182,0.5,1
ENSG00000162927,1.4488316,0.85064626,GM12878,0.87780166,1.0,1
ENSG00000162928,1.5756724,1.3279716,GM12878,0.8264717,1.0,1
ENSG00000162929,0.81627953,0.7331973,GM12878,0.9621923,1.0,1
ENSG00000162929,1.0622184,0.7331973,GM12878,0.5469056,0.6365915,1
ENSG00000162929,1.0313648,0.7331973,GM12878,0.86676097,0.97243106,1
ENSG00000162959,1.3108015,1.6905504,GM12878,0.80500644,0.9353838,1
ENSG00000162959,0.98208207,1.6905504,GM12878,0.65338796,0.98249197,1
ENSG00000162961,1.2338505,2.0017338,GM12878,0.6473881,1.0,1
ENSG00000162971,1.7156416,0.61384183,GM12878,0.8967429,1.0,1
ENSG00000162971,1.66269,0.61384183,GM12878,0.9081159,1.0,1
ENSG00000162971,1.550936,0.61384183,GM12878,0.90024275,0.52492666,1
ENSG00000162971,1.615977,0.61384183,GM12878,0.889442,0.49720672,1
ENSG00000162971,1.6569597,0.61384183,GM12878,0.9154895,0.64285713,1
ENSG00000162972,1.4822153,1.2219356,GM12878,0.8781452,1.0,1
ENSG00000162972,1.5070724,1.2219356,GM12878,0.77873605,1.0,1
ENSG00000162972,1.5340039,1.2219356,GM12878,0.93624437,1.0,1
ENSG00000162972,1.5027512,1.2219356,GM12878,0.95371616,1.0,1
ENSG00000162976,0.7378481,1.3743817,GM12878,0.9468111,1.0,1
ENSG00000162976,0.7446508,1.3743817,GM12878,0.70360965,1.0,1
ENSG00000162976,0.7323517,1.3743817,GM12878,0.66826916,1.0,1
ENSG00000162976,0.47194508,1.3743817,GM12878,0.90960467,0.94198626,1
ENSG00000162976,0.83017653,1.3743817,GM12878,0.8021865,0.5866503,1
ENSG00000162980,1.4527274,1.7244397,GM12878,0.89707553,1.0,1
ENSG00000162994,1.4954706,0.98677176,GM12878,0.9091081,1.0,1
ENSG00000162994,1.2845379,0.98677176,GM12878,0.9202056,1.0,1
ENSG00000162998,-0.5390834,-0.82390875,GM12878,0.9931861,1.0,1
ENSG00000162999,1.3448304,0.65513843,GM12878,0.90454245,1.0,1
ENSG00000162999,1.3448304,0.65513843,GM12878,0.90454245,1.0,1
ENSG00000163001,1.1562146,1.512017,GM12878,0.94028884,1.0,1
ENSG00000163001,1.2879463,1.512017,GM12878,0.5923957,0.56860745,1
ENSG00000163002,1.49134,1.5519377,GM12878,0.9276029,1.0,1
ENSG00000163002,1.8562027,1.5519377,GM12878,0.90430295,0.874599,1
ENSG00000163006,1.1346369,1.0874264,GM12878,0.94287604,1.0,1
ENSG00000163006,0.94966644,1.0874264,GM12878,0.701627,0.73622507,1
ENSG00000163013,0.5137022,0.67209786,GM12878,0.97047025,1.0,1
ENSG00000163026,1.2689993,1.4896773,GM12878,0.9303971,1.0,1
ENSG00000163026,1.2689993,1.4896773,GM12878,0.9303971,1.0,1
ENSG00000163026,1.3468344,1.4896773,GM12878,0.86285037,0.93406147,1
ENSG00000163029,1.6152799,1.507451,GM12878,0.8980765,1.0,1
ENSG00000163029,1.4412143,1.507451,GM12878,0.4731357,0.056740616,1
ENSG00000163029,1.5518562,1.507451,GM12878,0.7094083,0.17406143,1
ENSG00000163040,0.7071924,1.3062105,GM12878,0.8094659,1.0,1
ENSG00000163040,0.38012385,1.3062105,GM12878,0.9567569,1.0,1
ENSG00000163040,0.74852455,1.3062105,GM12878,0.9354465,1.0,1
ENSG00000163040,0.44496718,1.3062105,GM12878,0.9582939,0.9887937,1
ENSG00000163053,-0.5219725,-0.9586073,GM12878,0.98244184,1.0,1
ENSG00000163082,-0.6194063,-0.9586073,GM12878,0.9901782,1.0,1
ENSG00000163082,-0.7649903,-0.9586073,GM12878,0.9876303,1.0,1
ENSG00000163093,1.0617546,0.36921585,GM12878,0.8811868,1.0,1
ENSG00000163093,0.9969277,0.36921585,GM12878,0.9015615,0.5,1
ENSG00000163126,1.0044144,0.70243055,GM12878,0.9356381,1.0,1
ENSG00000163126,0.71961683,0.70243055,GM12878,0.89666563,0.8079096,1
ENSG00000163161,1.2130724,1.6307329,GM12878,0.95723104,1.0,1
ENSG00000163162,1.0245305,1.3396502,GM12878,0.95347226,1.0,1
ENSG00000163162,1.4702076,1.3396502,GM12878,0.8626617,1.0,1
ENSG00000163166,1.8404266,1.5113485,GM12878,0.8744744,1.0,1
ENSG00000163166,1.7488685,1.5113485,GM12878,0.9362308,1.0,1
ENSG00000163166,1.7831738,1.5113485,GM12878,0.93441534,0.97981983,1
ENSG00000163170,1.4396676,2.0399294,GM12878,0.9022636,1.0,1
ENSG00000163170,1.4396676,2.0399294,GM12878,0.9022636,1.0,1
ENSG00000163170,1.7663914,2.0399294,GM12878,0.8924839,0.5649986,1
ENSG00000163219,0.23206326,0.80821097,GM12878,0.98639953,1.0,1
ENSG00000163249,1.1141173,0.7126497,GM12878,0.78124917,1.0,1
ENSG00000163249,1.1878768,0.7126497,GM12878,0.7764567,1.0,1
ENSG00000163249,1.0036075,0.7126497,GM12878,0.9384172,1.0,1
ENSG00000163249,0.8975695,0.7126497,GM12878,0.95461893,1.0,1
ENSG00000163249,1.2955339,0.7126497,GM12878,0.9487489,1.0,1
ENSG00000163328,0.61800027,-0.32790214,GM12878,0.89438033,1.0,1
ENSG00000163328,0.34076822,-0.32790214,GM12878,0.9062124,1.0,1
ENSG00000163328,0.41668117,-0.32790214,GM12878,0.7257319,1.0,1
ENSG00000163328,0.3931983,-0.32790214,GM12878,0.88464946,1.0,1
ENSG00000163328,0.14446332,-0.32790214,GM12878,0.91116333,1.0,1
ENSG00000163328,0.056152463,-0.32790214,GM12878,0.9570137,1.0,1
ENSG00000163466,1.3658026,2.156731,GM12878,0.92099434,1.0,1
ENSG00000163466,1.2395574,2.156731,GM12878,0.93726236,1.0,1
ENSG00000163466,1.4610204,2.156731,GM12878,0.7896003,1.0,1
ENSG00000163466,1.5031922,2.156731,GM12878,0.9438321,0.0,1
ENSG00000163481,1.4048117,1.577032,GM12878,0.9133443,1.0,1
ENSG00000163482,0.92846507,1.1376705,GM12878,0.8852117,1.0,1
ENSG00000163510,1.6182221,0.96754795,GM12878,0.8893962,1.0,1
ENSG00000163510,1.7215565,0.96754795,GM12878,0.93157506,1.0,1
ENSG00000163510,1.6535436,0.96754795,GM12878,0.935402,1.0,1
ENSG00000163510,1.5265234,0.96754795,GM12878,0.9596024,1.0,1
ENSG00000163516,1.5662377,1.7165042,GM12878,0.9564102,1.0,1
ENSG00000163516,1.2940264,1.7165042,GM12878,0.9708298,1.0,1
ENSG00000163516,1.5908514,1.7165042,GM12878,0.8871312,1.0,1
ENSG00000163521,0.3975237,0.2966652,GM12878,0.9771124,1.0,1
ENSG00000163521,0.81414604,0.2966652,GM12878,0.94236237,0.36,1
ENSG00000163535,1.3288167,1.2260841,GM12878,0.90560406,1.0,1
ENSG00000163535,0.91642725,1.2260841,GM12878,0.78706264,1.0,1
ENSG00000163541,1.4944693,1.836514,GM12878,0.9080943,1.0,1
ENSG00000163596,0.9026944,0.07188201,GM12878,0.9133241,1.0,1
ENSG00000163596,0.86328954,0.07188201,GM12878,0.9222181,1.0,1
ENSG00000163596,0.5121426,0.07188201,GM12878,0.84225553,1.0,1
ENSG00000163795,0.91427857,0.64933485,GM12878,0.98180664,1.0,1
ENSG00000163795,1.464275,0.64933485,GM12878,0.7020949,1.0,1
ENSG00000163798,1.6922554,1.095518,GM12878,0.9056541,1.0,1
ENSG00000163806,0.040534623,-0.7695511,GM12878,0.9823759,1.0,1
ENSG00000163811,1.598611,2.130623,GM12878,0.86945194,1.0,1
ENSG00000163811,1.5862523,2.130623,GM12878,0.7537698,1.0,1
ENSG00000163811,1.5096458,2.130623,GM12878,0.9632783,1.0,1
ENSG00000163811,1.6358851,2.130623,GM12878,0.8455196,1.0,1
ENSG00000165714,1.0819125,0.7474118,GM12878,0.9582162,1.0,1
ENSG00000165714,1.6291555,0.7474118,GM12878,0.92747676,0.9166667,1
ENSG00000165891,1.0700163,0.7737864,GM12878,0.9232415,1.0,1
ENSG00000165891,1.0052404,0.7737864,GM12878,0.88314116,1.0,1
ENSG00000166046,0.74686736,0.5237465,GM12878,0.9096737,1.0,1
ENSG00000166130,1.474377,1.0523092,GM12878,0.82013345,1.0,1
ENSG00000166130,1.474377,1.0523092,GM12878,0.82013345,0.17520216,1
ENSG00000166153,1.3872604,0.76937735,GM12878,0.8993626,1.0,1
ENSG00000166153,0.9503793,0.76937735,GM12878,0.81731075,0.59770113,1
ENSG00000166153,1.4338559,0.76937735,GM12878,0.73002046,0.065853655,1
ENSG00000166153,1.2019635,0.76937735,GM12878,0.95656246,0.89033943,1
ENSG00000166225,1.0836742,0.8413595,GM12878,0.87872374,0.12037037,1
ENSG00000166226,1.6643134,2.6832721,GM12878,0.5847161,1.0,1
ENSG00000166226,1.8186599,2.6832721,GM12878,0.9219086,1.0,1
ENSG00000166268,-0.663479,-0.9586073,GM12878,0.9886255,1.0,1
ENSG00000166532,0.741718,1.2153732,GM12878,0.8662125,1.0,1
ENSG00000166532,1.2749206,1.2153732,GM12878,0.7352587,1.0,1
ENSG00000166598,1.8038902,2.7067263,GM12878,0.8594583,1.0,1
ENSG00000166881,1.7347459,1.7764833,GM12878,0.9708591,1.0,1
ENSG00000166881,1.7348591,1.7764833,GM12878,0.970688,1.0,1
ENSG00000166881,1.681511,1.7764833,GM12878,0.8395175,0.94788,1
ENSG00000166881,1.7253963,1.7764833,GM12878,0.9157298,0.14873266,1
ENSG00000166886,1.4598976,1.3514098,GM12878,0.90533954,1.0,1
ENSG00000166886,1.582925,1.3514098,GM12878,0.8865564,1.0,1
ENSG00000166888,1.4241098,1.5954962,GM12878,0.77318543,1.0,1
ENSG00000166888,0.99495107,1.5954962,GM12878,0.854519,0.9941396,1
ENSG00000166888,1.1288573,1.5954962,GM12878,0.8673344,1.0,1
ENSG00000166896,1.5237049,1.55145,GM12878,0.75669813,1.0,1
ENSG00000166896,1.5687257,1.55145,GM12878,0.7578524,1.0,1
ENSG00000166896,1.8075844,1.55145,GM12878,0.91345084,1.0,1
ENSG00000166896,1.7354037,1.55145,GM12878,0.862962,1.0,1
ENSG00000166908,1.4363767,1.3914644,GM12878,0.8020906,1.0,1
ENSG00000166908,1.1901557,1.3914644,GM12878,0.8472625,0.9974392,1
ENSG00000166986,1.8268257,2.2179313,GM12878,0.8751855,1.0,1
ENSG00000166986,1.7718657,2.2179313,GM12878,0.9451404,1.0,1
ENSG00000166987,1.6800704,0.553883,GM12878,0.8990255,1.0,1
ENSG00000166987,1.4303644,0.553883,GM12878,0.92736346,1.0,1
ENSG00000166987,1.7345,0.553883,GM12878,0.72129875,1.0,1
ENSG00000167272,1.4326438,1.9222063,GM12878,0.8978741,1.0,1
ENSG00000167272,1.3826,1.9222063,GM12878,0.86243707,1.0,1
ENSG00000167272,1.3826,1.9222063,GM12878,0.86243707,1.0,1
ENSG00000167272,1.216738,1.9222063,GM12878,0.6887036,0.8964165,1
ENSG00000167528,1.3287188,0.70070374,GM12878,0.96142256,1.0,1
ENSG00000167528,1.3369572,0.70070374,GM12878,0.9614671,1.0,1
ENSG00000167528,1.2641925,0.70070374,GM12878,0.9274541,1.0,1
ENSG00000167528,1.0695062,0.70070374,GM12878,0.9253537,1.0,1
ENSG00000167528,1.2911463,0.70070374,GM12878,0.9167629,1.0,1
ENSG00000167528,1.1643564,0.70070374,GM12878,0.95379275,1.0,1
ENSG00000167535,-0.02114597,0.12385164,GM12878,0.992542,1.0,1
ENSG00000167535,0.12861276,0.12385164,GM12878,0.95316404,1.0,1
ENSG00000167535,0.39168972,0.12385164,GM12878,0.9740303,1.0,1
ENSG00000167535,0.3716131,0.12385164,GM12878,0.98989093,1.0,1
ENSG00000167550,1.4503292,0.87215626,GM12878,0.7352405,1.0,1
ENSG00000167550,1.5041045,0.87215626,GM12878,0.83969736,0.8791209,1
ENSG00000167552,0.5872367,1.9076263,GM12878,0.94019806,1.0,1
ENSG00000167552,0.50540316,1.9076263,GM12878,0.8832571,1.0,1
ENSG00000167553,1.5250258,3.4164674,GM12878,0.8286853,1.0,1
ENSG00000167566,0.5344067,0.3424227,GM12878,0.82937485,1.0,1
ENSG00000167588,-0.19783798,-0.18045606,GM12878,0.97861576,1.0,1
ENSG00000167778,0.96311206,0.75204843,GM12878,0.9479088,1.0,1
ENSG00000167778,0.8251294,0.75204843,GM12878,0.9154164,0.99019605,1
ENSG00000167779,0.21775195,-0.1611509,GM12878,0.99327713,1.0,1
ENSG00000168288,1.4428712,2.242616,GM12878,0.6225966,1.0,1
ENSG00000168385,1.4726397,2.3964958,GM12878,0.77796996,1.0,1
ENSG00000168385,1.7593946,2.3964958,GM12878,0.78099865,0.0,1
ENSG00000168385,1.791994,2.3964958,GM12878,0.7332485,0.004602301,1
ENSG00000168385,1.9358022,2.3964958,GM12878,0.7535508,0.020285573,1
ENSG00000168385,1.8614857,2.3964958,GM12878,0.6509757,0.13043478,1
ENSG00000168385,1.8160256,2.3964958,GM12878,0.64173204,0.0019248396,1
ENSG00000168393,1.2794843,1.6111921,GM12878,0.9459389,1.0,1
ENSG00000168393,1.3903573,1.6111921,GM12878,0.84504086,0.76466775,1
ENSG00000168395,1.2133003,1.4324882,GM12878,0.936511,1.0,1
ENSG00000168395,1.2952121,1.4324882,GM12878,0.6360557,1.0,1
ENSG00000168397,1.6148348,1.7221401,GM12878,0.89822716,1.0,1
ENSG00000168397,1.3229293,1.7221401,GM12878,0.7340795,1.0,1
ENSG00000168397,1.5329057,1.7221401,GM12878,0.6961849,0.22041763,1
ENSG00000168754,-0.55099416,2.534445,GM12878,0.98112077,1.0,1
ENSG00000168754,-0.123737454,2.534445,GM12878,0.9779348,1.0,1
ENSG00000168758,1.4087005,1.8273046,GM12878,0.93368727,1.0,1
ENSG00000168763,1.1089545,0.813581,GM12878,0.93485886,1.0,1
ENSG00000168763,0.92651075,0.813581,GM12878,0.951478,0.9826923,1
ENSG00000168778,0.40753812,0.665581,GM12878,0.8919367,1.0,1
ENSG00000168778,0.5668319,0.665581,GM12878,0.9186218,1.0,1
ENSG00000168778,0.821161,0.665581,GM12878,0.66099256,1.0,1
ENSG00000168778,0.770677,0.665581,GM12878,0.6424534,1.0,1
ENSG00000168883,1.5115811,2.0083873,GM12878,0.9406744,1.0,1
ENSG00000168883,1.4465703,2.0083873,GM12878,0.8994772,0.9984219,1
ENSG00000168887,1.1672122,1.5174599,GM12878,0.93001163,1.0,1
ENSG00000168890,0.8647794,0.86391735,GM12878,0.65764755,0.8227612,1
ENSG00000168894,1.5900198,2.50737,GM12878,0.9301673,1.0,1
ENSG00000168899,0.026559688,0.15228835,GM12878,0.97598517,1.0,1
ENSG00000168906,2.127486,2.8064716,GM12878,0.90815324,1.0,1
ENSG00000168918,0.030029386,0.6009729,GM12878,0.97513676,1.0,1
ENSG00000168918,0.13457827,0.6009729,GM12878,0.9277309,1.0,1
ENSG00000168958,1.3909081,1.567732,GM12878,0.8897035,1.0,1
ENSG00000168958,1.2598041,1.567732,GM12878,0.88987607,1.0,1
ENSG00000168958,1.1679488,1.567732,GM12878,0.90647966,1.0,1
ENSG00000168958,1.2871523,1.567732,GM12878,0.90416706,0.98651963,1
ENSG00000168958,1.3524479,1.567732,GM12878,0.93670267,0.10576923,1
ENSG00000168958,1.0970149,1.567732,GM12878,0.9022994,0.0,1
ENSG00000168958,1.4419483,1.567732,GM12878,0.89981365,0.026818182,1
ENSG00000168958,0.90010947,1.567732,GM12878,0.3728072,0.94758064,1
ENSG00000168958,0.90010947,1.567732,GM12878,0.3728072,0.088160135,1
ENSG00000168958,1.2233222,1.567732,GM12878,0.48062843,0.006035283,1
ENSG00000168958,1.2233222,1.567732,GM12878,0.48062843,0.63492066,1
ENSG00000169016,1.4983248,1.3436055,GM12878,0.8990066,1.0,1
ENSG00000169016,1.3940464,1.3436055,GM12878,0.9585377,0.52971727,1
ENSG00000169016,1.4983248,1.3436055,GM12878,0.8990066,0.64533824,1
ENSG00000169016,1.4039292,1.3436055,GM12878,0.6077374,0.57846504,1
ENSG00000169372,1.2698932,1.3174365,GM12878,0.84371793,1.0,1
ENSG00000169554,1.5872132,1.7385428,GM12878,0.9179955,1.0,1
ENSG00000169554,1.7136129,1.7385428,GM12878,0.9647311,1.0,1
ENSG00000169554,1.6992165,1.7385428,GM12878,0.69195616,1.0,1
ENSG00000169599,1.4309291,1.525563,GM12878,0.8719067,1.0,1
ENSG00000169599,1.4309291,1.525563,GM12878,0.8719067,1.0,1
ENSG00000169599,1.5620631,1.525563,GM12878,0.54484826,1.0,1
ENSG00000169599,1.5520014,1.525563,GM12878,0.89175856,1.0,1
ENSG00000169599,1.3526298,1.525563,GM12878,0.94546765,0.9988354,1
ENSG00000169599,1.4380267,1.525563,GM12878,0.84609574,0.8952679,1
ENSG00000169607,1.6301122,1.1316186,GM12878,0.9627932,1.0,1
ENSG00000169607,1.6530012,1.1316186,GM12878,0.94720566,1.0,1
ENSG00000169607,1.357109,1.1316186,GM12878,0.9415291,1.0,1
ENSG00000169607,1.6669631,1.1316186,GM12878,0.84629565,1.0,1
ENSG00000169621,0.92735076,-0.28399664,GM12878,0.95746595,1.0,1
ENSG00000169621,1.2700547,-0.28399664,GM12878,0.84702545,1.0,1
ENSG00000169679,1.877919,2.232615,GM12878,0.89823675,1.0,1
ENSG00000169679,1.8571889,2.232615,GM12878,0.89485586,0.57782394,1
ENSG00000169756,0.83441323,1.9571761,GM12878,0.95051116,1.0,1
ENSG00000169756,0.83441323,1.9571761,GM12878,0.95051116,1.0,1
ENSG00000169756,1.1771597,1.9571761,GM12878,0.92158604,0.99112666,1
ENSG00000169764,1.1174517,1.6325585,GM12878,0.92824584,1.0,1
ENSG00000169764,1.2745553,1.6325585,GM12878,0.5669647,0.0,1
ENSG00000169884,0.28938875,0.22010809,GM12878,0.9934204,1.0,1
ENSG00000169967,1.3118392,0.651278,GM12878,0.80679697,1.0,1
ENSG00000170035,0.57291704,1.9546283,GM12878,0.8733859,1.0,1
ENSG00000170035,1.2704383,1.9546283,GM12878,0.70553166,1.0,1
ENSG00000170144,1.7143823,2.1576078,GM12878,0.9357254,1.0,1
ENSG00000170417,1.3283125,0.7259116,GM12878,0.9040104,1.0,1
ENSG00000170417,1.479685,0.7259116,GM12878,0.8070414,1.0,1
ENSG00000170417,1.0962223,0.7259116,GM12878,0.6422139,0.7080745,1
ENSG00000170426,-0.23939657,-0.88605666,GM12878,0.96617067,1.0,1
ENSG00000170426,-0.251961,-0.88605666,GM12878,0.9747565,1.0,1
ENSG00000170456,0.4975686,0.8518696,GM12878,0.93376535,1.0,1
ENSG00000170473,1.6649569,1.513484,GM12878,0.63926494,1.0,1
ENSG00000170500,0.70850015,0.57170886,GM12878,0.96915454,1.0,1
ENSG00000170515,1.8740597,2.791838,GM12878,0.92213523,1.0,1
ENSG00000170545,0.9918929,1.6559064,GM12878,0.7487279,1.0,1
ENSG00000170545,0.9918929,1.6559064,GM12878,0.7487279,1.0,1
ENSG00000170545,0.9933267,1.6559064,GM12878,0.23525795,0.021474773,1
ENSG00000170627,1.8302741,2.7779992,GM12878,0.8532054,1.0,1
ENSG00000170627,1.7974001,2.7779992,GM12878,0.8295078,1.0,1
ENSG00000170633,0.7249323,1.5625308,GM12878,0.90505296,1.0,1
ENSG00000170633,1.5440162,1.5625308,GM12878,0.860524,0.16459017,1
ENSG00000170634,0.9452215,0.33645973,GM12878,0.6454292,1.0,1
ENSG00000170634,0.7930449,0.33645973,GM12878,0.9109048,0.0,1
ENSG00000170653,1.6591028,1.2422929,GM12878,0.78869253,1.0,1
ENSG00000170802,1.3614787,1.2853322,GM12878,0.8370884,1.0,1
ENSG00000171055,1.1922929,1.4116197,GM12878,0.85784674,0.8443149,1
ENSG00000171055,1.1505632,1.4116197,GM12878,0.59107536,0.20570488,1
ENSG00000171055,1.4587976,1.4116197,GM12878,0.8374496,0.0,1
ENSG00000171103,1.4520496,1.3077099,GM12878,0.9291844,1.0,1
ENSG00000171132,0.22974063,-0.60206,GM12878,0.9772167,1.0,1
ENSG00000171132,0.43275756,-0.60206,GM12878,0.9651901,1.0,1
ENSG00000171174,0.22329597,-0.4202164,GM12878,0.96885353,1.0,1
ENSG00000171310,1.0608732,1.1344959,GM12878,0.831242,1.0,1
ENSG00000171310,1.0608732,1.1344959,GM12878,0.831242,1.0,1
ENSG00000171596,-0.34935823,-0.61978877,GM12878,0.9951432,1.0,1
ENSG00000171681,1.2047439,0.69548166,GM12878,0.9187591,1.0,1
ENSG00000171681,1.231737,0.69548166,GM12878,0.93549603,1.0,1
ENSG00000171681,1.5227729,0.69548166,GM12878,0.84678376,0.9607843,1
ENSG00000171792,1.3239475,1.6608654,GM12878,0.9385474,0.64361703,1
ENSG00000171792,1.183631,1.6608654,GM12878,0.9259209,0.9333665,1
ENSG00000171840,0.48893774,0.5575072,GM12878,0.9316986,1.0,1
ENSG00000171840,0.5521892,0.5575072,GM12878,0.98704755,1.0,1
ENSG00000171840,0.5521892,0.5575072,GM12878,0.98704755,1.0,1
ENSG00000171847,0.027148746,-0.82390875,GM12878,0.9782736,1.0,1
ENSG00000171847,-0.04965505,-0.82390875,GM12878,0.9594228,1.0,1
ENSG00000171848,1.5806555,1.7937903,GM12878,0.77905744,1.0,1
ENSG00000171853,1.272952,1.5284024,GM12878,0.71424943,1.0,1
ENSG00000171853,1.0655133,1.5284024,GM12878,0.6735003,1.0,1
ENSG00000171865,1.5290879,1.2727696,GM12878,0.87845635,1.0,1
ENSG00000172059,1.2969435,1.0976043,GM12878,0.95955366,1.0,1
ENSG00000172059,1.2969435,1.0976043,GM12878,0.95955366,1.0,1
ENSG00000172071,1.6096011,0.7881684,GM12878,0.88832825,1.0,1
ENSG00000172071,1.3810688,0.7881684,GM12878,0.9328277,1.0,1
ENSG00000172071,1.4898578,0.7881684,GM12878,0.940559,1.0,1
ENSG00000172073,-0.64752823,-0.9586073,GM12878,0.993042,1.0,1
ENSG00000172086,1.1419519,0.6324573,GM12878,0.9406606,1.0,1
ENSG00000172292,1.0177068,0.54654264,GM12878,0.87265706,1.0,1
ENSG00000172292,0.9490338,0.54654264,GM12878,0.28460598,0.26900584,1
ENSG00000172428,0.9236701,1.9241759,GM12878,0.9465422,1.0,1
ENSG00000172428,0.8464493,1.9241759,GM12878,0.81690884,1.0,1
ENSG00000172602,-0.098374546,-0.23657201,GM12878,0.9803586,1.0,1
ENSG00000172819,0.8451096,0.54900324,GM12878,0.9455853,1.0,1
ENSG00000172819,0.6670891,0.54900324,GM12878,0.94066566,1.0,1
ENSG00000172819,0.42084366,0.54900324,GM12878,0.9807311,0.087804876,1
ENSG00000172845,1.6336944,1.8178958,GM12878,0.9601907,1.0,1
ENSG00000172845,1.4142858,1.8178958,GM12878,0.707602,0.22721088,1
ENSG00000172878,1.6338499,1.223496,GM12878,0.85020053,1.0,1
ENSG00000172954,0.8425323,1.2013972,GM12878,0.78489673,0.022134388,1
ENSG00000172954,1.1217071,1.2013972,GM12878,0.9160925,0.046831954,1
ENSG00000173064,1.1029578,1.0277572,GM12878,0.88685906,1.0,1
ENSG00000173064,1.2954588,1.0277572,GM12878,0.87096363,1.0,1
ENSG00000173163,0.54333884,1.4094259,GM12878,0.92370456,1.0,1
ENSG00000173166,0.46725646,-0.28399664,GM12878,0.95842916,1.0,1
ENSG00000173209,1.103448,1.7185017,GM12878,0.9104129,1.0,1
ENSG00000173272,1.1606717,2.0541148,GM12878,0.8959739,1.0,1
ENSG00000173272,1.1606717,2.0541148,GM12878,0.8959739,1.0,1
ENSG00000173451,1.1900281,0.78675145,GM12878,0.8674682,1.0,1
ENSG00000173559,1.577969,1.228657,GM12878,0.8145238,1.0,1
ENSG00000173559,1.5171999,1.228657,GM12878,0.9123598,1.0,1
ENSG00000173559,1.5171999,1.228657,GM12878,0.9123598,1.0,1
ENSG00000173559,1.6561028,1.228657,GM12878,0.85314494,0.25104603,1
ENSG00000173567,1.076694,-0.82390875,GM12878,0.8579007,1.0,1
ENSG00000173588,1.0903537,1.3312248,GM12878,0.9202583,1.0,1
ENSG00000173588,1.1195364,1.3312248,GM12878,0.92662233,0.04696673,1
ENSG00000173588,1.1579984,1.3312248,GM12878,0.50607157,0.01847575,1
ENSG00000173588,0.7500324,1.3312248,GM12878,0.83372587,0.70016474,1
ENSG00000173598,1.6328452,2.151615,GM12878,0.82382387,1.0,1
ENSG00000173598,1.6654018,2.151615,GM12878,0.90936506,1.0,1
ENSG00000173692,1.619603,2.2464986,GM12878,0.9292533,1.0,1
ENSG00000173692,1.7117952,2.2464986,GM12878,0.89793044,1.0,1
ENSG00000173744,1.2701738,1.8409212,GM12878,0.83762145,1.0,1
ENSG00000173744,1.3732896,1.8409212,GM12878,0.66536117,0.9965221,1
ENSG00000173744,1.244928,1.8409212,GM12878,0.67838734,0.33338484,1
ENSG00000173960,1.2274444,1.0402067,GM12878,0.93661964,1.0,1
ENSG00000173960,0.8027571,1.0402067,GM12878,0.60590196,0.026809651,1
ENSG00000173960,1.2431995,1.0402067,GM12878,0.23144144,0.68105066,1
ENSG00000174099,-0.22422412,-0.92081875,GM12878,0.9817415,1.0,1
ENSG00000174106,1.5491425,1.1379868,GM12878,0.9010202,1.0,1
ENSG00000174106,1.5002624,1.1379868,GM12878,0.9282126,1.0,1
ENSG00000174106,1.3662602,1.1379868,GM12878,0.92158586,1.0,1
ENSG00000174206,0.5593142,0.7355989,GM12878,0.8742786,1.0,1
ENSG00000174233,-0.47667193,0.012837225,GM12878,0.9957301,1.0,1
ENSG00000174243,1.6457199,1.8702868,GM12878,0.9224365,1.0,1
ENSG00000174437,1.6031253,1.717504,GM12878,0.6662426,1.0,1
ENSG00000174437,1.6124331,1.717504,GM12878,0.8691705,1.0,1
ENSG00000174437,1.551454,1.717504,GM12878,0.8918584,0.9757876,1
ENSG00000174437,1.6003712,1.717504,GM12878,0.80948263,0.039647575,1
ENSG00000174456,1.0304351,1.525563,GM12878,0.85866296,1.0,1
ENSG00000174456,1.1506032,1.525563,GM12878,0.6914667,1.0,1
ENSG00000174501,1.1023363,0.95279247,GM12878,0.7012567,1.0,1
ENSG00000174501,0.85403687,0.95279247,GM12878,0.9068223,1.0,1
ENSG00000174501,1.0660644,0.95279247,GM12878,0.92067623,1.0,1
ENSG00000174501,0.82688236,0.95279247,GM12878,0.8934277,1.0,1
ENSG00000174501,1.2664512,0.95279247,GM12878,0.72874165,1.0,1
ENSG00000174718,1.371324,1.6188844,GM12878,0.87254834,1.0,1
ENSG00000174718,1.4038241,1.6188844,GM12878,0.90794957,0.83912086,1
ENSG00000174718,1.2108301,1.6188844,GM12878,0.82395357,0.9621976,1
ENSG00000174989,0.9399205,0.8169038,GM12878,0.81921,1.0,1
ENSG00000175183,0.7672312,0.62838894,GM12878,0.83912504,1.0,1
ENSG00000175197,2.030711,1.9383196,GM12878,0.7891265,1.0,1
ENSG00000175203,1.640828,2.0703335,GM12878,0.6166526,0.9882207,1
ENSG00000175215,1.2773279,1.8581761,GM12878,0.94006574,1.0,1
ENSG00000175548,0.6810939,0.25042,GM12878,0.5415775,1.0,1
ENSG00000175548,0.6810939,0.25042,GM12878,0.5415775,1.0,1
ENSG00000175727,1.3864546,1.1420765,GM12878,0.75533193,1.0,1
ENSG00000175782,1.4939424,0.70329136,GM12878,0.8721894,1.0,1
ENSG00000175970,1.2255495,1.3812957,GM12878,0.91590637,1.0,1
ENSG00000176407,1.0471232,1.7571682,GM12878,0.9573326,1.0,1
ENSG00000176407,1.0614418,1.7571682,GM12878,0.9661841,1.0,1
ENSG00000176720,0.40404034,0.29446623,GM12878,0.980642,1.0,1
ENSG00000176720,0.10105354,0.29446623,GM12878,0.97817504,1.0,1
ENSG00000176720,0.30912152,0.29446623,GM12878,0.9771516,1.0,1
ENSG00000176732,0.7776397,-0.61978877,GM12878,0.89045787,1.0,1
ENSG00000176834,0.055521473,0.78746045,GM12878,0.9632634,1.0,1
ENSG00000176871,1.6139287,1.6904619,GM12878,0.72096044,1.0,1
ENSG00000176894,1.1261845,1.5137502,GM12878,0.9024674,1.0,1
ENSG00000176894,1.1309446,1.5137502,GM12878,0.93194544,1.0,1
ENSG00000176915,1.4907281,1.6996644,GM12878,0.95229006,1.0,1
ENSG00000176946,1.4669882,1.3666097,GM12878,0.84638005,1.0,1
ENSG00000176946,1.4395725,1.3666097,GM12878,0.87957656,1.0,1
ENSG00000176946,1.3549758,1.3666097,GM12878,0.97205496,1.0,1
ENSG00000177084,1.2415602,1.7036352,GM12878,0.8504904,1.0,1
ENSG00000177084,1.2756165,1.7036352,GM12878,0.80082667,1.0,1
ENSG00000177084,1.1759895,1.7036352,GM12878,0.9024278,1.0,1
ENSG00000177084,1.2898146,1.7036352,GM12878,0.85321206,0.99876493,1
ENSG00000177119,1.2848922,1.225826,GM12878,0.9455646,1.0,1
ENSG00000177119,1.8271738,1.225826,GM12878,0.7642113,1.0,1
ENSG00000177119,1.6902846,1.225826,GM12878,0.49379265,0.0343965,1
ENSG00000177119,1.6182444,1.225826,GM12878,0.8519215,0.98156387,1
ENSG00000177119,1.4760002,1.225826,GM12878,0.9076052,0.017813267,1
ENSG00000177169,0.8943306,0.5774918,GM12878,0.86013484,1.0,1
ENSG00000177169,0.93356615,0.5774918,GM12878,0.8724846,1.0,1
ENSG00000177169,0.8719866,0.5774918,GM12878,0.9472744,1.0,1
ENSG00000177192,1.4803573,1.4051756,GM12878,0.9486613,1.0,1
ENSG00000177483,-0.39685515,-0.56863624,GM12878,0.9895639,1.0,1
ENSG00000177889,1.6129638,2.382899,GM12878,0.87885934,1.0,1
ENSG00000177889,1.1522552,2.382899,GM12878,0.95334995,1.0,1
ENSG00000177917,1.568777,1.8632634,GM12878,0.90685666,1.0,1
ENSG00000177917,1.7192727,1.8632634,GM12878,0.5793045,0.34760606,1
ENSG00000177917,1.7019428,1.8632634,GM12878,0.7838278,0.044444446,1
ENSG00000177981,1.4840237,1.3014641,GM12878,0.8048177,1.0,1
ENSG00000177981,1.3168583,1.3014641,GM12878,0.8846544,1.0,1
ENSG00000177981,1.5093905,1.3014641,GM12878,0.5977916,0.059889678,1
ENSG00000177990,-0.46356028,-0.79588,GM12878,0.9817392,1.0,1
ENSG00000177990,-0.5130613,-0.79588,GM12878,0.97516215,1.0,1
ENSG00000178295,1.394523,1.4299136,GM12878,0.97235334,1.0,1
ENSG00000178401,-0.311663,-0.04095861,GM12878,0.99236745,1.0,1
ENSG00000178449,1.3869547,1.8041394,GM12878,0.47218493,0.004327506,1
ENSG00000178449,1.3401254,1.8041394,GM12878,0.55655944,0.088575505,1
ENSG00000178623,-0.26359883,-0.7447275,GM12878,0.9576476,1.0,1
ENSG00000179104,0.3895284,-0.22914799,GM12878,0.91060007,1.0,1
ENSG00000179195,0.9773391,1.7858279,GM12878,0.23822796,1.0,1
ENSG00000179195,1.2753489,1.7858279,GM12878,0.82082176,1.0,1
ENSG00000179295,1.1620053,1.7273786,GM12878,0.8313647,1.0,1
ENSG00000179295,1.3455595,1.7273786,GM12878,0.82949054,1.0,1
ENSG00000179295,1.4370452,1.7273786,GM12878,0.82096714,1.0,1
ENSG00000179295,1.3890024,1.7273786,GM12878,0.9283116,1.0,1
ENSG00000179528,0.82148534,-0.04575749,GM12878,0.92003757,1.0,1
ENSG00000179715,0.7831403,-0.1426675,GM12878,0.8711756,1.0,1
ENSG00000179912,1.5023733,1.1000258,GM12878,0.9200348,1.0,1
ENSG00000179912,1.5796441,1.1000258,GM12878,0.8021025,1.0,1
ENSG00000179912,1.5985454,1.1000258,GM12878,0.4264214,0.0,1
ENSG00000179912,1.5860771,1.1000258,GM12878,0.94113505,1.0,1
ENSG00000179912,1.7436095,1.1000258,GM12878,0.7883513,1.0,1
ENSG00000180228,1.5262715,1.7247672,GM12878,0.8781948,1.0,1
ENSG00000180228,1.5764681,1.7247672,GM12878,0.8313187,0.033542976,1
ENSG00000180263,1.206311,0.6095944,GM12878,0.81258035,1.0,1
ENSG00000180263,0.85891694,0.6095944,GM12878,0.95850503,0.88451445,1
ENSG00000180398,1.6604775,2.15567,GM12878,0.9009251,1.0,1
ENSG00000180398,1.6604775,2.15567,GM12878,0.9009251,1.0,1
ENSG00000180398,1.6604775,2.15567,GM12878,0.9009251,0.88586956,1
ENSG00000180398,1.5499232,2.15567,GM12878,0.8674154,0.71181047,1
ENSG00000180398,1.5499232,2.15567,GM12878,0.8674154,0.80265653,1
ENSG00000180398,1.5085887,2.15567,GM12878,0.4297159,0.39994037,1
ENSG00000180881,0.85534316,-0.7447275,GM12878,0.91058564,1.0,1
ENSG00000180881,0.8311047,-0.7447275,GM12878,0.8930928,1.0,1
ENSG00000180902,0.8063358,1.2062861,GM12878,0.86986417,1.0,1
ENSG00000180902,0.9485877,1.2062861,GM12878,0.87942976,0.8868715,1
ENSG00000180902,1.0997859,1.2062861,GM12878,0.30729416,0.37936267,1
ENSG00000181852,1.6772426,1.6280823,GM12878,0.91734457,1.0,1
ENSG00000181852,1.7539171,1.6280823,GM12878,0.8303897,0.02148955,1
ENSG00000181852,1.7873337,1.6280823,GM12878,0.9025724,0.31061074,1
ENSG00000181929,2.0201633,1.931407,GM12878,0.9143198,1.0,1
ENSG00000182196,1.4147402,2.0070646,GM12878,0.7950349,1.0,1
ENSG00000182199,1.7945753,2.0803378,GM12878,0.9009034,0.7227899,1
ENSG00000182326,-0.6326397,-0.21467017,GM12878,0.9841377,1.0,1
ENSG00000182389,-0.62669057,-0.92081875,GM12878,0.9944199,1.0,1
ENSG00000182551,1.0795556,1.212454,GM12878,0.93788046,1.0,1
ENSG00000182993,1.0504963,0.29225606,GM12878,0.61129534,1.0,1
ENSG00000182993,0.872312,0.29225606,GM12878,0.8636975,1.0,1
ENSG00000183054,0.71205455,-0.20760831,GM12878,0.90431494,1.0,1
ENSG00000183283,1.8739697,2.4188812,GM12878,0.7637715,1.0,1
ENSG00000183283,1.8748827,2.4188812,GM12878,0.7657108,1.0,1
ENSG00000183283,1.850343,2.4188812,GM12878,0.7916898,0.9899753,1
ENSG00000183283,1.7976952,2.4188812,GM12878,0.83945405,0.8757669,1
ENSG00000183395,0.27625063,-0.88605666,GM12878,0.92481047,1.0,1
ENSG00000183495,1.314029,0.77451694,GM12878,0.87883073,1.0,1
ENSG00000183495,0.8942214,0.77451694,GM12878,0.68176824,1.0,1
ENSG00000183495,1.089506,0.77451694,GM12878,0.9193012,0.6573427,1
ENSG00000183513,1.6756567,1.6155292,GM12878,0.89959544,1.0,1
ENSG00000183735,1.283217,1.2716093,GM12878,0.89989954,1.0,1
ENSG00000183891,0.96567076,1.7229629,GM12878,0.7698574,1.0,1
ENSG00000183955,1.3056356,1.8150462,GM12878,0.93273115,1.0,1
ENSG00000183955,0.71728027,1.8150462,GM12878,0.88677275,0.4181232,1
ENSG00000184047,1.5702835,1.5887197,GM12878,0.9070412,1.0,1
ENSG00000184047,1.3307304,1.5887197,GM12878,0.7315973,1.0,1
ENSG00000184047,1.5364587,1.5887197,GM12878,0.90109056,0.020094892,1
ENSG00000184047,1.5702835,1.5887197,GM12878,0.9070412,0.97038215,1
ENSG00000184047,1.5702835,1.5887197,GM12878,0.9070412,0.98123324,1
ENSG00000184047,1.3307304,1.5887197,GM12878,0.7315973,0.9928315,1
ENSG00000184047,1.3619912,1.5887197,GM12878,0.5140565,0.943299,1
ENSG00000184182,1.1224463,1.7896512,GM12878,0.9330952,1.0,1
ENSG00000184182,1.1745561,1.7896512,GM12878,0.92317754,1.0,1
ENSG00000184182,1.0412658,1.7896512,GM12878,0.70630795,0.73438483,1
ENSG00000184271,0.46357203,0.4281348,GM12878,0.9356227,1.0,1
ENSG00000184271,0.3928986,0.4281348,GM12878,0.9536857,1.0,1
ENSG00000184445,1.4204626,2.033102,GM12878,0.88583463,1.0,1
ENSG00000184445,1.6995465,2.033102,GM12878,0.939368,1.0,1
ENSG00000184445,1.2344908,2.033102,GM12878,0.90806675,1.0,1
ENSG00000184445,1.6074644,2.033102,GM12878,0.56242925,0.8590272,1
ENSG00000184445,1.5905497,2.033102,GM12878,0.33955917,0.42275363,1
ENSG00000184575,1.5899782,2.1749897,GM12878,0.8752173,1.0,1
ENSG00000184575,1.593724,2.1749897,GM12878,0.90262914,1.0,1
ENSG00000184613,0.38630036,-0.4089354,GM12878,0.9559056,1.0,1
ENSG00000184752,1.0707593,2.2918348,GM12878,0.29098853,1.0,1
ENSG00000184752,1.2068566,2.2918348,GM12878,0.8270607,0.9304363,1
ENSG00000184898,1.3219,0.6589649,GM12878,0.8277837,1.0,1
ENSG00000184898,1.1465441,0.6589649,GM12878,0.9616873,1.0,1
ENSG00000184967,0.78936833,0.7307823,GM12878,0.94526756,1.0,1
ENSG00000184992,1.1099883,1.0565237,GM12878,0.89004195,1.0,1
ENSG00000185163,1.1002789,1.0561422,GM12878,0.95582706,1.0,1
ENSG00000185163,1.0910228,1.0561422,GM12878,0.83083206,1.0,1
ENSG00000185163,1.1065253,1.0561422,GM12878,0.95929325,1.0,1
ENSG00000185163,0.9215938,1.0561422,GM12878,0.8274075,1.0,1
ENSG00000185163,1.0975612,1.0561422,GM12878,0.94110966,1.0,1
ENSG00000185344,1.3416817,1.8576943,GM12878,0.90994674,1.0,1
ENSG00000185344,1.2510699,1.8576943,GM12878,0.9059054,1.0,1
ENSG00000185404,0.5365744,0.90525603,GM12878,0.8962302,1.0,1
ENSG00000185404,1.0417014,0.90525603,GM12878,0.96084577,0.14864865,1
ENSG00000185432,0.7534453,0.9973864,GM12878,0.88079685,1.0,1
ENSG00000185480,1.1388413,1.5067755,GM12878,0.91785043,1.0,1
ENSG00000185480,1.1388413,1.5067755,GM12878,0.91785043,1.0,1
ENSG00000185480,0.7706897,1.5067755,GM12878,0.903777,0.9807468,1
ENSG00000185480,0.7127829,1.5067755,GM12878,0.78222066,0.047052152,1
ENSG00000185480,1.3295783,1.5067755,GM12878,0.611414,0.5017668,1
ENSG00000185480,1.2955128,1.5067755,GM12878,0.93236166,0.8797629,1
ENSG00000185482,0.21690056,0.59549624,GM12878,0.9717399,1.0,1
ENSG00000185482,0.14461477,0.59549624,GM12878,0.97193426,1.0,1
ENSG00000185482,0.5217082,0.59549624,GM12878,0.9288494,0.9874608,1
ENSG00000185482,0.9331264,0.59549624,GM12878,0.7586359,0.041269843,1
ENSG00000185591,1.3923429,1.6252096,GM12878,0.7817234,1.0,1
ENSG00000185591,1.3293389,1.6252096,GM12878,0.95993006,1.0,1
ENSG00000185640,-0.5858009,0.12057393,GM12878,0.99287415,1.0,1
ENSG00000185664,0.34013456,0.30103,GM12878,0.88955766,1.0,1
ENSG00000186132,0.82253534,1.0421816,GM12878,0.9691658,1.0,1
ENSG00000186132,1.0351282,1.0421816,GM12878,0.8762893,1.0,1
ENSG00000186298,1.2994095,2.289745,GM12878,0.9485186,1.0,1
ENSG00000186298,1.488258,2.289745,GM12878,0.9360874,1.0,1
ENSG00000186298,1.4414526,2.289745,GM12878,0.961546,1.0,1
ENSG00000186815,1.0627149,1.1000258,GM12878,0.9249693,1.0,1
ENSG00000186815,1.1838433,1.1000258,GM12878,0.26882744,0.08759124,1
ENSG00000186815,1.160426,1.1000258,GM12878,0.37561977,0.1463964,1
ENSG00000186854,-0.40905443,-0.49485,GM12878,0.996271,1.0,1
ENSG00000186854,-0.4507731,-0.49485,GM12878,0.9959455,1.0,1
ENSG00000186889,1.2824095,0.20411998,GM12878,0.8157671,1.0,1
ENSG00000186889,1.2563808,0.20411998,GM12878,0.8407304,1.0,1
ENSG00000186908,1.3354281,1.6647359,GM12878,0.9279615,1.0,1
ENSG00000186908,1.2569871,1.6647359,GM12878,0.95027685,0.8091603,1
ENSG00000186908,1.3710843,1.6647359,GM12878,0.8684232,0.1908397,1
ENSG00000187109,1.2227193,2.5370002,GM12878,0.66922855,1.0,1
ENSG00000187109,1.3338703,2.5370002,GM12878,0.90670884,0.7525151,1
ENSG00000187109,1.38874,2.5370002,GM12878,0.84477776,0.99739194,1
ENSG00000187109,1.406725,2.5370002,GM12878,0.87448925,0.7152778,1
ENSG00000187514,1.4362104,2.4737496,GM12878,0.68063426,1.0,1
ENSG00000187605,0.4916594,0.53275436,GM12878,0.96678066,1.0,1
ENSG00000187736,1.2092081,1.193681,GM12878,0.7910259,1.0,1
ENSG00000187778,0.6814073,1.8017466,GM12878,0.8856316,1.0,1
ENSG00000187778,1.001927,1.8017466,GM12878,0.9251171,1.0,1
ENSG00000187778,1.0462347,1.8017466,GM12878,0.92089486,1.0,1
ENSG00000187778,0.9202171,1.8017466,GM12878,0.8321747,1.0,1
ENSG00000187833,0.33237538,-0.65757734,GM12878,0.6058986,1.0,1
ENSG00000187944,-0.02989842,-0.9586073,GM12878,0.97682273,1.0,1
ENSG00000188010,0.96619135,1.0744507,GM12878,0.74904776,1.0,1
ENSG00000188010,1.178459,1.0744507,GM12878,0.8680747,1.0,1
ENSG00000188010,0.8851292,1.0744507,GM12878,0.94287956,1.0,1
ENSG00000188026,0.7314868,0.90741134,GM12878,0.92799026,1.0,1
ENSG00000188026,0.7944132,0.90741134,GM12878,0.98377186,1.0,1
ENSG00000188026,0.8539912,0.90741134,GM12878,0.9160654,1.0,1
ENSG00000188026,1.1490874,0.90741134,GM12878,0.9664677,1.0,1
ENSG00000188177,1.0664845,0.2121876,GM12878,0.92829794,1.0,1
ENSG00000188177,0.89103466,0.2121876,GM12878,0.91782326,1.0,1
ENSG00000188282,-0.3695734,-0.9586073,GM12878,0.991059,1.0,1
ENSG00000188389,-0.09043968,0.29885307,GM12878,0.995097,1.0,1
ENSG00000188389,0.16832645,0.29885307,GM12878,0.9828188,1.0,1
ENSG00000188542,1.290465,0.7937904,GM12878,0.6895625,1.0,1
ENSG00000188735,1.3471297,0.8668778,GM12878,0.94191897,1.0,1
ENSG00000188735,0.83863205,0.8668778,GM12878,0.8778568,1.0,1
ENSG00000188735,1.1242386,0.8668778,GM12878,0.81103516,0.21768707,1
ENSG00000188760,0.51281154,0.1335389,GM12878,0.78211373,1.0,1
ENSG00000188906,0.2925222,-0.55284196,GM12878,0.9755799,1.0,1
ENSG00000189046,0.9393088,1.3963737,GM12878,0.8793017,1.0,1
ENSG00000189046,0.9602904,1.3963737,GM12878,0.79723066,0.97117364,1
ENSG00000189079,1.4193085,1.4061995,GM12878,0.90113926,1.0,1
ENSG00000189079,1.2321367,1.4061995,GM12878,0.9134345,0.0,1
ENSG00000189079,1.2076975,1.4061995,GM12878,0.7111052,0.16,1
ENSG00000189362,1.4767137,0.36172783,GM12878,0.7473251,1.0,1
ENSG00000189362,1.1872532,0.36172783,GM12878,0.7475123,1.0,1
ENSG00000189362,1.5783166,0.36172783,GM12878,0.9536983,0.7837838,1
ENSG00000196141,0.86108774,1.4640422,GM12878,0.784832,1.0,1
ENSG00000196141,1.2738891,1.4640422,GM12878,0.88596576,1.0,1
ENSG00000196141,0.61309355,1.4640422,GM12878,0.94818544,1.0,1
ENSG00000196141,0.9386912,1.4640422,GM12878,0.8886417,1.0,1
ENSG00000196141,1.09908,1.4640422,GM12878,0.9152947,1.0,1
ENSG00000196141,0.86867225,1.4640422,GM12878,0.89302737,0.37549758,1
ENSG00000196290,1.6441103,1.8479426,GM12878,0.9447185,0.6967787,1
ENSG00000196387,1.3763024,0.75739604,GM12878,0.58118546,1.0,1
ENSG00000196387,1.3631738,0.75739604,GM12878,0.8451774,1.0,1
ENSG00000196387,1.3631738,0.75739604,GM12878,0.8451774,1.0,1
ENSG00000196387,1.5261868,0.75739604,GM12878,0.80410165,0.4181818,1
ENSG00000196458,0.72213227,-0.4685211,GM12878,0.96926683,1.0,1
ENSG00000196465,1.5756727,1.7137425,GM12878,0.83896357,1.0,1
ENSG00000196498,0.6979143,0.48000693,GM12878,0.6885731,1.0,1
ENSG00000196504,1.6147269,2.3094172,GM12878,0.9582129,1.0,1
ENSG00000196504,1.6634557,2.3094172,GM12878,0.8044679,1.0,1
ENSG00000196504,1.617032,2.3094172,GM12878,0.75078434,0.9396194,1
ENSG00000196504,1.646159,2.3094172,GM12878,0.90020984,0.031471092,1
ENSG00000196510,1.8934675,2.059904,GM12878,0.95698017,1.0,1
ENSG00000196510,1.9323448,2.059904,GM12878,0.8706719,1.0,1
ENSG00000196510,1.7583761,2.059904,GM12878,0.81487566,1.0,1
ENSG00000196604,0.19896524,-0.7212464,GM12878,0.917284,1.0,1
ENSG00000196604,-0.13455997,-0.7212464,GM12878,0.957175,1.0,1
ENSG00000196604,0.6521952,-0.7212464,GM12878,0.85141075,1.0,1
ENSG00000196604,-0.19582522,-0.7212464,GM12878,0.96430504,1.0,1
ENSG00000196604,0.6243418,-0.7212464,GM12878,0.8683625,1.0,1
ENSG00000196604,-0.20923191,-0.7212464,GM12878,0.94884276,1.0,1
ENSG00000196843,0.62139267,0.48572144,GM12878,0.9505804,1.0,1
ENSG00000196843,0.6401366,0.48572144,GM12878,0.9320988,0.72695035,1
ENSG00000196850,1.4768215,1.2457594,GM12878,0.9495843,1.0,1
ENSG00000196850,1.2697033,1.2457594,GM12878,0.9136132,1.0,1
ENSG00000196850,1.3227342,1.2457594,GM12878,0.9507957,1.0,1
ENSG00000196850,1.3248197,1.2457594,GM12878,0.95135015,1.0,1
ENSG00000196862,0.09189703,-0.9586073,GM12878,0.9265524,1.0,1
ENSG00000196935,-0.0130651435,-0.85387194,GM12878,0.97933537,1.0,1
ENSG00000196935,0.032673016,-0.85387194,GM12878,0.9928383,1.0,1
ENSG00000196950,1.6812268,1.4543874,GM12878,0.9658015,1.0,1
ENSG00000196975,1.0241833,0.92582756,GM12878,0.68073815,1.0,1
ENSG00000197111,1.7404802,2.4339457,GM12878,0.8906845,1.0,1
ENSG00000197111,1.7605492,2.4339457,GM12878,0.8595634,1.0,1
ENSG00000197111,1.7016705,2.4339457,GM12878,0.7853954,0.7134209,1
ENSG00000197111,1.7605621,2.4339457,GM12878,0.85956496,0.8773534,1
ENSG00000197121,0.7273095,-0.36653155,GM12878,0.9308729,1.0,1
ENSG00000197223,1.6293749,1.5094713,GM12878,0.76451296,1.0,1
ENSG00000197223,1.5356368,1.5094713,GM12878,0.90264326,1.0,1
ENSG00000197329,1.0328716,1.1112626,GM12878,0.9292066,1.0,1
ENSG00000197713,1.3563988,1.6422666,GM12878,0.95426774,1.0,1
ENSG00000197713,1.2768575,1.6422666,GM12878,0.5542262,0.0029368575,1
ENSG00000197713,1.2013818,1.6422666,GM12878,0.823745,0.6555048,1
ENSG00000197713,1.3723483,1.6422666,GM12878,0.6666601,0.082868725,1
ENSG00000197713,1.306929,1.6422666,GM12878,0.92858106,0.89506525,1
ENSG00000197713,1.2044202,1.6422666,GM12878,0.71877265,0.05678422,1
ENSG00000197872,-0.017487228,-0.07572071,GM12878,0.98288226,1.0,1
ENSG00000197905,0.90103835,1.182985,GM12878,0.6770552,1.0,1
ENSG00000198001,1.0509051,1.416141,GM12878,0.95061606,1.0,1
ENSG00000198001,1.0509051,1.416141,GM12878,0.95061606,1.0,1
ENSG00000198001,1.4231064,1.416141,GM12878,0.9241424,1.0,1
ENSG00000198001,1.4576131,1.416141,GM12878,0.35913208,0.15306123,1
ENSG00000198001,1.0509051,1.416141,GM12878,0.95061606,0.67346936,1
ENSG00000198001,1.4829749,1.416141,GM12878,0.75454193,0.0983871,1
ENSG00000198001,1.4811988,1.416141,GM12878,0.9263878,0.83996993,1
ENSG00000198040,1.2901461,1.2619762,GM12878,0.9087365,1.0,1
ENSG00000198056,1.5820407,1.9697886,GM12878,0.91364443,1.0,1
ENSG00000198130,1.103371,1.3565995,GM12878,0.91747403,1.0,1
ENSG00000198130,1.0368663,1.3565995,GM12878,0.8791025,0.94187427,1
ENSG00000198270,1.4962927,1.8424845,GM12878,0.9043981,1.0,1
ENSG00000198270,1.65531,1.8424845,GM12878,0.704207,1.0,1
ENSG00000198270,1.6299567,1.8424845,GM12878,0.9276118,0.89046055,1
ENSG00000198270,1.2103573,1.8424845,GM12878,0.8924265,0.84433377,1
ENSG00000198270,1.7118703,1.8424845,GM12878,0.78106004,0.33092105,1
ENSG00000198353,-0.026044965,-0.27572414,GM12878,0.98269546,1.0,1
ENSG00000198369,1.5409616,1.1024337,GM12878,0.92979896,1.0,1
ENSG00000198380,1.1102936,1.0986438,GM12878,0.95674413,1.0,1
ENSG00000198393,1.173621,0.7701153,GM12878,0.9525774,1.0,1
ENSG00000198393,1.1093296,0.7701153,GM12878,0.8868974,1.0,1
ENSG00000198399,1.4066114,1.0633334,GM12878,0.8997543,1.0,1
ENSG00000198399,1.3500812,1.0633334,GM12878,0.33384135,0.0034602077,1
ENSG00000198399,1.236196,1.0633334,GM12878,0.6485446,0.4114053,1
ENSG00000198431,1.8714734,2.1384606,GM12878,0.9346418,1.0,1
ENSG00000198431,1.6563247,2.1384606,GM12878,0.6363331,0.65478665,1
ENSG00000198431,1.6577853,2.1384606,GM12878,0.8171027,0.0020149343,1
ENSG00000198431,1.7938293,2.1384606,GM12878,0.93115616,1.0,1
ENSG00000198431,1.5171705,2.1384606,GM12878,0.24274115,0.036704335,1
ENSG00000198522,1.4048609,1.8420473,GM12878,0.82157665,1.0,1
ENSG00000198586,1.4143473,1.3602146,GM12878,0.9199107,1.0,1
ENSG00000198586,1.5087621,1.3602146,GM12878,0.92443174,1.0,1
ENSG00000198586,1.3168406,1.3602146,GM12878,0.9015469,1.0,1
ENSG00000198586,1.5177655,1.3602146,GM12878,0.8232576,1.0,1
ENSG00000198586,1.2427336,1.3602146,GM12878,0.93079513,0.00054347824,1
ENSG00000198586,1.3730892,1.3602146,GM12878,0.725437,0.0076086954,1
ENSG00000198612,0.99506444,1.7039788,GM12878,0.85694444,1.0,1
ENSG00000198612,1.0818795,1.7039788,GM12878,0.731264,0.8845161,1
ENSG00000198648,0.28168458,-0.22914799,GM12878,0.9476715,1.0,1
ENSG00000198648,0.42834455,-0.22914799,GM12878,0.97553307,1.0,1
ENSG00000198648,0.27532637,-0.22914799,GM12878,0.93884295,1.0,1
ENSG00000198707,1.0018288,0.74350977,GM12878,0.950404,1.0,1
ENSG00000198707,1.2275261,0.74350977,GM12878,0.8858318,0.9844358,1
ENSG00000198707,1.1667973,0.74350977,GM12878,0.8767838,0.054474708,1
ENSG00000198855,0.747734,-0.11918641,GM12878,0.9662141,1.0,1
ENSG00000198885,1.1418892,0.350248,GM12878,0.8320425,1.0,1
ENSG00000198925,1.4335865,1.7627536,GM12878,0.63476473,1.0,1
ENSG00000198925,1.4000674,1.7627536,GM12878,0.9436962,0.99839485,1
ENSG00000198925,1.4401674,1.7627536,GM12878,0.5822079,0.45178765,1
ENSG00000198925,1.4460164,1.7627536,GM12878,0.5896473,0.2883263,1
ENSG00000204099,-0.5026762,-0.82390875,GM12878,0.9931803,1.0,1
ENSG00000204104,0.9914277,0.2764618,GM12878,0.82149374,1.0,1
ENSG00000204120,1.4303712,1.4695275,GM12878,0.9144993,1.0,1
ENSG00000204120,1.0378742,1.4695275,GM12878,0.9344531,1.0,1
ENSG00000204120,1.385728,1.4695275,GM12878,0.6273739,0.9606481,1
ENSG00000204120,1.5216423,1.4695275,GM12878,0.83335084,0.04278075,1
ENSG00000204120,1.2716235,1.4695275,GM12878,0.73408073,0.9054054,1
ENSG00000204120,1.5155984,1.4695275,GM12878,0.89461833,0.025917927,1
ENSG00000204217,1.0140568,0.65705585,GM12878,0.9366572,1.0,1
ENSG00000204217,1.1040391,0.65705585,GM12878,0.82120925,1.0,1
ENSG00000204311,1.0626694,0.24303804,GM12878,0.83103716,1.0,1
ENSG00000204406,1.0508951,1.1900514,GM12878,0.9487945,1.0,1
ENSG00000204406,0.46928832,1.1900514,GM12878,0.91394615,1.0,1
ENSG00000204634,0.047339283,-0.0043648053,GM12878,0.9795507,1.0,1
ENSG00000204842,1.4790125,1.4141374,GM12878,0.9220183,1.0,1
ENSG00000204842,1.5370893,1.4141374,GM12878,0.93979704,1.0,1
ENSG00000204842,1.5370893,1.4141374,GM12878,0.93979704,1.0,1
ENSG00000204842,1.6453449,1.4141374,GM12878,0.9006061,1.0,1
ENSG00000204842,1.6112307,1.4141374,GM12878,0.9317845,1.0,1
ENSG00000204842,1.5908728,1.4141374,GM12878,0.86261064,1.0,1
ENSG00000204842,1.6870911,1.4141374,GM12878,0.7473978,0.0,1
ENSG00000204842,1.643427,1.4141374,GM12878,0.67018545,0.030837005,1
ENSG00000204842,1.7024499,1.4141374,GM12878,0.76985174,0.8839779,1
ENSG00000204842,1.5914565,1.4141374,GM12878,0.8456861,0.2626728,1
ENSG00000204843,1.5702533,1.4313638,GM12878,0.9252292,1.0,1
ENSG00000204843,1.4553658,1.4313638,GM12878,0.34305155,0.0,1
ENSG00000204852,0.70511556,0.9628427,GM12878,0.9627678,1.0,1
ENSG00000204852,0.49357015,0.9628427,GM12878,0.9395825,1.0,1
ENSG00000204852,0.9951566,0.9628427,GM12878,0.32076856,0.04016064,1
ENSG00000204852,0.29966673,0.9628427,GM12878,0.9062849,0.9795082,1
ENSG00000204852,0.73219115,0.9628427,GM12878,0.8053159,0.096885815,1
ENSG00000204852,0.675759,0.9628427,GM12878,0.7696523,0.018796992,1
ENSG00000204856,1.5430825,1.8397921,GM12878,0.8200219,1.0,1
ENSG00000204856,1.5430825,1.8397921,GM12878,0.8200219,1.0,1
ENSG00000204856,1.5303471,1.8397921,GM12878,0.5162499,1.0,1
ENSG00000204856,1.5660151,1.8397921,GM12878,0.9051645,1.0,1
ENSG00000204856,1.6248564,1.8397921,GM12878,0.8315871,0.9939551,1
ENSG00000204923,1.0151038,0.10720997,GM12878,0.8460142,1.0,1
ENSG00000204923,0.8526902,0.10720997,GM12878,0.8607209,1.0,1
ENSG00000204954,1.663339,1.5497388,GM12878,0.66622645,1.0,1
ENSG00000204954,1.5553797,1.5497388,GM12878,0.9130075,0.018209409,1
ENSG00000205086,-0.48056182,-0.9586073,GM12878,0.97218275,1.0,1
ENSG00000205086,-0.6081662,-0.9586073,GM12878,0.9815859,1.0,1
ENSG00000205323,1.7318317,2.1086664,GM12878,0.86802614,1.0,1
ENSG00000205323,1.7434789,2.1086664,GM12878,0.8473734,0.97135794,1
ENSG00000205352,1.0526292,2.2241704,GM12878,0.89213616,1.0,1
ENSG00000205639,1.0247924,0.76417613,GM12878,0.9153786,1.0,1
ENSG00000205707,1.4333516,1.3527611,GM12878,0.9517669,1.0,1
ENSG00000205707,1.4333516,1.3527611,GM12878,0.9517669,1.0,1
ENSG00000205707,1.3178056,1.3527611,GM12878,0.898312,0.0,1
ENSG00000205795,0.058653414,-0.9586073,GM12878,0.9510084,1.0,1
ENSG00000211455,0.9363331,0.5888317,GM12878,0.82091135,1.0,1
ENSG00000211460,1.683617,1.9278321,GM12878,0.9205893,1.0,1
ENSG00000211460,1.683617,1.9278321,GM12878,0.9205893,1.0,1
ENSG00000211460,1.7084006,1.9278321,GM12878,0.91943514,1.0,1
ENSG00000211460,1.7084006,1.9278321,GM12878,0.91943514,1.0,1
ENSG00000211460,1.6784014,1.9278321,GM12878,0.84164286,0.9965157,1
ENSG00000211584,0.85161424,1.0216027,GM12878,0.9178077,1.0,1
ENSG00000212127,1.2330264,0.24303804,GM12878,0.5490343,1.0,1
ENSG00000212127,1.2982786,0.24303804,GM12878,0.89273435,1.0,1
ENSG00000213160,1.2929541,1.6390879,GM12878,0.90599114,1.0,1
ENSG00000213337,1.0295655,1.3562171,GM12878,0.94438344,1.0,1
ENSG00000213639,1.4578269,1.6006463,GM12878,0.8853455,1.0,1
ENSG00000213699,1.1393269,1.0523092,GM12878,0.95205694,1.0,1
ENSG00000213699,1.1417521,1.0523092,GM12878,0.95409995,1.0,1
ENSG00000213699,1.2767938,1.0523092,GM12878,0.7065652,0.9528689,1
ENSG00000213699,1.228983,1.0523092,GM12878,0.87283015,0.89855075,1
ENSG00000213699,1.1931049,1.0523092,GM12878,0.9363619,0.9669052,1
ENSG00000213782,1.4143132,1.5390761,GM12878,0.8730885,1.0,1
ENSG00000213782,1.3517431,1.5390761,GM12878,0.93028283,0.98846036,1
ENSG00000213782,1.5150253,1.5390761,GM12878,0.8998512,0.99616724,1
ENSG00000213809,0.32984847,-0.7695511,GM12878,0.8840105,1.0,1
ENSG00000213809,0.23432143,-0.7695511,GM12878,0.9479439,1.0,1
ENSG00000213901,0.22749503,-0.3767507,GM12878,0.9687856,1.0,1
ENSG00000214595,0.75255126,-0.21467017,GM12878,0.94882345,1.0,1
ENSG00000214595,0.55683243,-0.21467017,GM12878,0.8429508,1.0,1
ENSG00000214595,0.64580554,-0.21467017,GM12878,0.95165527,1.0,1
ENSG00000214595,0.5313262,-0.21467017,GM12878,0.87601614,1.0,1
ENSG00000215021,1.7261908,2.5502162,GM12878,0.79892176,1.0,1
ENSG00000215021,1.7831281,2.5502162,GM12878,0.8439833,1.0,1
ENSG00000215021,1.7794002,2.5502162,GM12878,0.96032345,1.0,1
ENSG00000215021,1.6837322,2.5502162,GM12878,0.89735246,1.0,1
ENSG00000215021,1.7835962,2.5502162,GM12878,0.8442263,1.0,1
ENSG00000218739,1.6393613,1.6078837,GM12878,0.93242395,1.0,1
ENSG00000219626,0.99670714,0.48429984,GM12878,0.87062764,1.0,1
ENSG00000221823,1.5572897,1.0599419,GM12878,0.9537138,1.0,1
ENSG00000221823,1.6196576,1.0599419,GM12878,0.85294026,1.0,1
ENSG00000221823,1.3985327,1.0599419,GM12878,0.9326796,1.0,1
ENSG00000221823,1.5076462,1.0599419,GM12878,0.76241386,1.0,1
ENSG00000231672,-0.46901056,-0.9586073,GM12878,0.98357546,1.0,1
ENSG00000231887,0.72258633,0.48000693,GM12878,0.68896514,1.0,1
ENSG00000231887,0.7438821,0.48000693,GM12878,0.8870663,1.0,1
ENSG00000231887,0.5490218,0.48000693,GM12878,0.947164,1.0,1
ENSG00000235162,-0.19348773,-0.26760623,GM12878,0.98078924,1.0,1
ENSG00000239305,0.92034525,0.553883,GM12878,0.91951,1.0,1
ENSG00000239474,0.03043776,-0.7212464,GM12878,0.96662915,1.0,1
ENSG00000239779,0.81374353,1.2156376,GM12878,0.97801137,1.0,1
ENSG00000239779,0.95150083,1.2156376,GM12878,0.57841027,0.1745283,1
ENSG00000240344,1.8004587,1.7319914,GM12878,0.92419976,1.0,1
ENSG00000240344,1.8004587,1.7319914,GM12878,0.92419976,1.0,1
ENSG00000240344,1.8352399,1.7319914,GM12878,0.95022345,0.74934864,1
ENSG00000240344,1.6309968,1.7319914,GM12878,0.53260595,0.0,1
ENSG00000240344,1.7942139,1.7319914,GM12878,0.68260163,0.7108597,1
ENSG00000240771,0.92646414,1.0934217,GM12878,0.9668578,1.0,1
ENSG00000241119,-0.57958096,-0.9586073,GM12878,0.98580813,1.0,1
ENSG00000241962,0.93360394,-0.43179828,GM12878,0.7496386,1.0,1
ENSG00000243244,0.24430293,0.025305865,GM12878,0.9787707,1.0,1
ENSG00000243667,1.2359709,0.5428254,GM12878,0.8001182,1.0,1
ENSG00000243667,1.3425965,0.5428254,GM12878,0.8560735,1.0,1
ENSG00000243943,1.1997808,1.8286599,GM12878,0.9028146,1.0,1
ENSG00000243943,1.560039,1.8286599,GM12878,0.6711437,0.0132,1
ENSG00000243943,1.5581142,1.8286599,GM12878,0.6243705,0.48008007,1
ENSG00000243943,1.6028212,1.8286599,GM12878,0.91956633,0.98646265,1
ENSG00000247077,1.3183526,1.5903959,GM12878,0.9542673,1.0,1
ENSG00000250565,1.0718987,0.90091306,GM12878,0.91509765,1.0,1
ENSG00000251569,1.0622338,-0.24412514,GM12878,0.92223084,1.0,1
ENSG00000251569,1.031793,-0.24412514,GM12878,0.88435644,1.0,1
ENSG00000251569,1.0433332,-0.24412514,GM12878,0.94257885,1.0,1
ENSG00000251569,0.8169775,-0.24412514,GM12878,0.9342203,1.0,1
ENSG00000256223,1.1998181,0.5843312,GM12878,0.924328,1.0,1
ENSG00000256223,1.0800658,0.5843312,GM12878,0.95231485,1.0,1
ENSG00000256223,0.8989852,0.5843312,GM12878,0.88555527,1.0,1
ENSG00000256223,1.12296,0.5843312,GM12878,0.9155414,1.0,1
ENSG00000257218,1.6638705,1.438384,GM12878,0.87436855,1.0,1
ENSG00000257218,1.5590507,1.438384,GM12878,0.2868647,0.18068764,1
ENSG00000257390,1.139174,-0.55284196,GM12878,0.84963864,1.0,1
ENSG00000257390,1.0602461,-0.55284196,GM12878,0.95774525,1.0,1
ENSG00000257390,1.1381282,-0.55284196,GM12878,0.91155404,1.0,1
ENSG00000257390,0.7791024,-0.55284196,GM12878,0.95340073,1.0,1
ENSG00000257727,1.350356,2.1634,GM12878,0.885141,1.0,1
ENSG00000257921,1.5656278,-0.13667715,GM12878,0.63466966,1.0,1
ENSG00000258311,0.9857231,0.096910015,GM12878,0.67138606,1.0,1
ENSG00000259075,1.4336675,-0.33724216,GM12878,0.6461514,1.0,1
