,PredExpr,ActualExpr,CellLine,PredPsi,ActualPsi,fold_idx
ENSG00000003756,1.8712958,2.1204424,GM12878,0.8474997,1.0,2
ENSG00000003756,1.8293298,2.1204424,GM12878,0.8995583,0.12372813,2
ENSG00000004534,1.5622845,1.6112983,GM12878,0.7419392,1.0,2
ENSG00000004534,1.526123,1.6112983,GM12878,0.88798594,0.51549053,2
ENSG00000004534,1.4911224,1.6112983,GM12878,0.8209779,0.71464777,2
ENSG00000004534,1.4326273,1.6112983,GM12878,0.8123558,0.9532909,2
ENSG00000004534,1.4797621,1.6112983,GM12878,0.8776323,0.779549,2
ENSG00000004534,1.6911602,1.6112983,GM12878,0.74134725,0.0056254137,2
ENSG00000004838,0.31933162,0.19589965,GM12878,0.97456914,1.0,2
ENSG00000004838,0.19510603,0.19589965,GM12878,0.98787934,1.0,2
ENSG00000005810,1.1207995,1.0849335,GM12878,0.8560879,1.0,2
ENSG00000005810,1.2743616,1.0849335,GM12878,0.86275995,0.22568093,2
ENSG00000005812,1.477873,0.9827234,GM12878,0.8075169,1.0,2
ENSG00000008300,0.5135697,-0.13076828,GM12878,0.9693693,1.0,2
ENSG00000008324,1.2736043,2.0107663,GM12878,0.7226901,1.0,2
ENSG00000008952,1.4831223,1.5994464,GM12878,0.928614,1.0,2
ENSG00000010256,1.7529167,2.5317087,GM12878,0.94969773,1.0,2
ENSG00000010256,1.7517236,2.5317087,GM12878,0.8592759,1.0,2
ENSG00000010318,1.4381425,1.3432115,GM12878,0.7635753,1.0,2
ENSG00000010318,1.0150223,1.3432115,GM12878,0.78969795,0.955414,2
ENSG00000010322,1.0411148,1.536937,GM12878,0.9215083,1.0,2
ENSG00000010322,0.7723162,1.536937,GM12878,0.7576388,0.087974176,2
ENSG00000010322,1.2344993,1.536937,GM12878,0.41928205,0.0,2
ENSG00000010322,1.151954,1.536937,GM12878,0.87560415,0.9120258,2
ENSG00000011198,1.6676171,1.6481647,GM12878,0.7475775,1.0,2
ENSG00000011376,1.3600316,1.4711449,GM12878,0.7752666,1.0,2
ENSG00000016391,-0.24219495,-0.060480747,GM12878,0.9863138,1.0,2
ENSG00000016864,1.4813775,1.6919651,GM12878,0.8962258,1.0,2
ENSG00000016864,1.525667,1.6919651,GM12878,0.9059524,1.0,2
ENSG00000016864,1.1857059,1.6919651,GM12878,0.75998247,1.0,2
ENSG00000016864,1.3179935,1.6919651,GM12878,0.8336056,1.0,2
ENSG00000016864,1.3179935,1.6919651,GM12878,0.8336056,1.0,2
ENSG00000016864,1.3780193,1.6919651,GM12878,0.59737056,0.61755484,2
ENSG00000017260,1.4817021,1.5523031,GM12878,0.906943,1.0,2
ENSG00000017260,1.5193943,1.5523031,GM12878,0.7747092,0.15184382,2
ENSG00000017260,1.5145397,1.5523031,GM12878,0.77608025,0.0645933,2
ENSG00000017260,1.3272917,1.5523031,GM12878,0.7563364,0.99578357,2
ENSG00000017260,1.4580309,1.5523031,GM12878,0.8541559,0.88196284,2
ENSG00000017260,1.4113958,1.5523031,GM12878,0.902978,0.9075805,2
ENSG00000018408,-0.5915594,-0.27572414,GM12878,0.98783714,1.0,2
ENSG00000023330,1.1575986,1.4067105,GM12878,0.8980663,1.0,2
ENSG00000023330,1.283477,1.4067105,GM12878,0.9102534,1.0,2
ENSG00000023330,1.5309639,1.4067105,GM12878,0.7686561,0.5293669,2
ENSG00000023330,1.5309956,1.4067105,GM12878,0.7686541,0.13448606,2
ENSG00000023516,1.4457662,1.3565995,GM12878,0.8678913,1.0,2
ENSG00000023516,1.508652,1.3565995,GM12878,0.7874354,1.0,2
ENSG00000023516,1.2493005,1.3565995,GM12878,0.8232213,1.0,2
ENSG00000023516,1.2437739,1.3565995,GM12878,0.88032126,1.0,2
ENSG00000027001,0.99329853,1.1401937,GM12878,0.73694164,1.0,2
ENSG00000032742,1.1101749,0.9289077,GM12878,0.8100689,1.0,2
ENSG00000032742,1.2929755,0.9289077,GM12878,0.84490424,1.0,2
ENSG00000032742,1.1312004,0.9289077,GM12878,0.8481485,1.0,2
ENSG00000032742,1.0747067,0.9289077,GM12878,0.7962752,0.023026315,2
ENSG00000033867,0.6346127,0.75281644,GM12878,0.8599571,1.0,2
ENSG00000033867,0.9859165,0.75281644,GM12878,0.88882035,0.6907021,2
ENSG00000033867,0.5236285,0.75281644,GM12878,0.80494857,0.87286526,2
ENSG00000033867,0.7464075,0.75281644,GM12878,0.8408406,0.5218216,2
ENSG00000033867,0.7118347,0.75281644,GM12878,0.94473404,0.07885305,2
ENSG00000034533,1.3397975,0.8312297,GM12878,0.8941538,1.0,2
ENSG00000034533,1.5142143,0.8312297,GM12878,0.7280519,0.0625,2
ENSG00000034533,1.520279,0.8312297,GM12878,0.7857205,0.096283786,2
ENSG00000036054,1.460686,1.8034571,GM12878,0.90321016,1.0,2
ENSG00000036054,1.6148306,1.8034571,GM12878,0.6464396,0.904814,2
ENSG00000041515,-0.15575227,0.5740313,GM12878,0.97773576,1.0,2
ENSG00000041802,1.511348,1.6168954,GM12878,0.916911,1.0,2
ENSG00000041802,1.6438158,1.6168954,GM12878,0.8382827,1.0,2
ENSG00000041880,0.8501223,0.61700034,GM12878,0.96125257,1.0,2
ENSG00000043093,1.1774426,1.3117539,GM12878,0.7779483,1.0,2
ENSG00000043093,1.0059731,1.3117539,GM12878,0.77884007,1.0,2
ENSG00000047849,1.0536962,1.6821451,GM12878,0.9546398,1.0,2
ENSG00000047849,1.229403,1.6821451,GM12878,0.90997005,1.0,2
ENSG00000047849,1.2816653,1.6821451,GM12878,0.91239023,1.0,2
ENSG00000047849,1.4463773,1.6821451,GM12878,0.8815392,1.0,2
ENSG00000047849,1.06602,1.6821451,GM12878,0.9326863,0.14876033,2
ENSG00000047849,1.5488884,1.6821451,GM12878,0.66993004,0.0,2
ENSG00000047849,1.4292772,1.6821451,GM12878,0.8566848,1.0,2
ENSG00000047849,1.2726185,1.6821451,GM12878,0.6539983,1.0,2
ENSG00000051341,1.2276961,0.8920946,GM12878,0.93416286,1.0,2
ENSG00000051341,1.2277199,0.8920946,GM12878,0.82267445,1.0,2
ENSG00000051382,1.9389746,1.5351675,GM12878,0.9290247,1.0,2
ENSG00000051382,1.8406447,1.5351675,GM12878,0.9108494,1.0,2
ENSG00000051382,1.8087726,1.5351675,GM12878,0.8163528,0.81578946,2
ENSG00000051382,1.6205287,1.5351675,GM12878,0.9030348,1.0,2
ENSG00000053524,0.9939009,0.5428254,GM12878,0.8590907,1.0,2
ENSG00000053524,0.9135336,0.5428254,GM12878,0.94673073,1.0,2
ENSG00000053524,1.0511649,0.5428254,GM12878,0.25113067,0.14583333,2
ENSG00000056736,-0.38955793,0.67117286,GM12878,0.99057674,1.0,2
ENSG00000056736,-0.297165,0.67117286,GM12878,0.9657976,1.0,2
ENSG00000057019,1.1864572,0.9365137,GM12878,0.9015589,1.0,2
ENSG00000057019,1.0614551,0.9365137,GM12878,0.6502138,0.082601056,2
ENSG00000058056,0.41450372,0.2121876,GM12878,0.912342,1.0,2
ENSG00000058063,1.5163795,1.4437323,GM12878,0.8843616,1.0,2
ENSG00000058262,1.5954701,2.0358298,GM12878,0.92460066,1.0,2
ENSG00000058866,-0.5633836,-0.79588,GM12878,0.99551976,1.0,2
ENSG00000060971,1.2910876,1.7771367,GM12878,0.9023102,1.0,2
ENSG00000060971,1.32633,1.7771367,GM12878,0.95164436,1.0,2
ENSG00000060971,1.1402237,1.7771367,GM12878,0.91739774,0.9982034,2
ENSG00000060971,1.32633,1.7771367,GM12878,0.95164436,0.9982621,2
ENSG00000060971,1.2832044,1.7771367,GM12878,0.8225329,0.85096294,2
ENSG00000060971,1.3484699,1.7771367,GM12878,0.6637208,0.008204193,2
ENSG00000061938,0.4305742,0.6757783,GM12878,0.92663807,1.0,2
ENSG00000061938,0.43758932,0.6757783,GM12878,0.92408735,1.0,2
ENSG00000061938,0.55818474,0.6757783,GM12878,0.96389383,1.0,2
ENSG00000061938,0.52023554,0.6757783,GM12878,0.9792306,1.0,2
ENSG00000061938,0.6152752,0.6757783,GM12878,0.9471714,0.6287879,2
ENSG00000061938,0.5559791,0.6757783,GM12878,0.463505,0.59375,2
ENSG00000065150,0.73688686,2.1808424,GM12878,0.7752597,1.0,2
ENSG00000065150,1.1541871,2.1808424,GM12878,0.9532783,1.0,2
ENSG00000065150,1.2508909,2.1808424,GM12878,0.8285611,1.0,2
ENSG00000065150,1.2853534,2.1808424,GM12878,0.8641864,1.0,2
ENSG00000065485,1.3913262,1.3791242,GM12878,0.5742359,1.0,2
ENSG00000065485,1.2939804,1.3791242,GM12878,0.9370525,1.0,2
ENSG00000065485,1.2908912,1.3791242,GM12878,0.79579747,0.9505871,2
ENSG00000065518,1.6072958,2.0044932,GM12878,0.74958116,1.0,2
ENSG00000065518,1.6072958,2.0044932,GM12878,0.74958116,1.0,2
ENSG00000066422,1.4395882,1.3525684,GM12878,0.9373553,1.0,2
ENSG00000066422,1.5024927,1.3525684,GM12878,0.8375484,1.0,2
ENSG00000067560,1.4285313,2.0449708,GM12878,0.94688964,1.0,2
ENSG00000067560,1.2043031,2.0449708,GM12878,0.26228264,0.029976454,2
ENSG00000067560,1.3566003,2.0449708,GM12878,0.7358586,0.99438506,2
ENSG00000068001,1.7295017,1.1095785,GM12878,0.9095163,1.0,2
ENSG00000068001,1.6439116,1.1095785,GM12878,0.82681936,1.0,2
ENSG00000068001,1.9488757,1.1095785,GM12878,0.7833877,0.0,2
ENSG00000068028,1.7328997,1.7199938,GM12878,0.95016503,1.0,2
ENSG00000068028,1.7892295,1.7199938,GM12878,0.9429381,1.0,2
ENSG00000068028,1.7892295,1.7199938,GM12878,0.9429381,1.0,2
ENSG00000068028,1.8066266,1.7199938,GM12878,0.7941877,0.21052632,2
ENSG00000068028,1.8060403,1.7199938,GM12878,0.8203435,0.01734104,2
ENSG00000068650,1.265532,0.46538284,GM12878,0.8544631,1.0,2
ENSG00000068745,1.498119,1.8048207,GM12878,0.9340651,0.040642723,2
ENSG00000068745,1.3591384,1.8048207,GM12878,0.9063941,0.3833536,2
ENSG00000068745,1.5894101,1.8048207,GM12878,0.861636,0.05137482,2
ENSG00000068745,1.5963702,1.8048207,GM12878,0.8717204,0.035322197,2
ENSG00000068885,1.2172086,1.1300119,GM12878,0.77812445,1.0,2
ENSG00000068885,1.2708874,1.1300119,GM12878,0.88901097,1.0,2
ENSG00000068885,1.2615094,1.1300119,GM12878,0.8901363,0.7853403,2
ENSG00000068885,1.4244533,1.1300119,GM12878,0.21728502,0.5758427,2
ENSG00000069849,1.5612442,2.1202118,GM12878,0.8147957,1.0,2
ENSG00000069849,1.3393346,2.1202118,GM12878,0.57718575,0.012643678,2
ENSG00000069849,1.4465916,2.1202118,GM12878,0.2926119,0.012643678,2
ENSG00000070476,1.4182247,0.8169038,GM12878,0.92982644,1.0,2
ENSG00000070950,1.2750969,1.4940153,GM12878,0.64203465,1.0,2
ENSG00000071794,1.7538288,1.4857215,GM12878,0.9294164,1.0,2
ENSG00000071794,1.5956024,1.4857215,GM12878,0.78120446,1.0,2
ENSG00000072274,1.6510204,2.67207,GM12878,0.87871,1.0,2
ENSG00000072274,1.673897,2.67207,GM12878,0.9047539,1.0,2
ENSG00000072274,1.651438,2.67207,GM12878,0.7132361,1.0,2
ENSG00000072274,1.6633857,2.67207,GM12878,0.8525582,0.6328806,2
ENSG00000072756,1.8197463,1.4292676,GM12878,0.8342738,1.0,2
ENSG00000073111,1.506108,1.8792106,GM12878,0.79191154,1.0,2
ENSG00000073282,-0.42042503,-0.65757734,GM12878,0.9655127,1.0,2
ENSG00000073803,-0.0021672398,-0.60206,GM12878,0.9737091,1.0,2
ENSG00000073803,0.1677812,-0.60206,GM12878,0.98173875,1.0,2
ENSG00000073849,1.2518176,1.9648722,GM12878,0.8922458,1.0,2
ENSG00000075420,1.483409,0.968483,GM12878,0.910995,1.0,2
ENSG00000075420,1.4427121,0.968483,GM12878,0.8440303,1.0,2
ENSG00000075651,1.3178239,1.0666986,GM12878,0.6255542,1.0,2
ENSG00000075651,0.9296551,1.0666986,GM12878,0.69086224,1.0,2
ENSG00000075651,1.0913545,1.0666986,GM12878,0.7382095,0.2662116,2
ENSG00000075711,1.2460861,1.5161386,GM12878,0.8546132,1.0,2
ENSG00000075711,1.4201736,1.5161386,GM12878,0.7190727,1.0,2
ENSG00000075711,1.1198734,1.5161386,GM12878,0.36373207,0.07580751,2
ENSG00000075711,1.365591,1.5161386,GM12878,0.69801944,0.0027422304,2
ENSG00000075711,1.1321995,1.5161386,GM12878,0.8600256,0.9945355,2
ENSG00000075711,1.1828363,1.5161386,GM12878,0.87159675,1.0,2
ENSG00000075711,1.2508557,1.5161386,GM12878,0.6404245,0.99536324,2
ENSG00000075711,1.1361248,1.5161386,GM12878,0.64797586,0.5589041,2
ENSG00000075785,1.6961113,2.1655114,GM12878,0.9319659,1.0,2
ENSG00000075914,1.5343006,2.0522707,GM12878,0.9304001,1.0,2
ENSG00000075975,1.4749181,1.7091851,GM12878,0.9217176,1.0,2
ENSG00000075975,1.4455961,1.7091851,GM12878,0.83693695,1.0,2
ENSG00000075975,1.4364951,1.7091851,GM12878,0.9210636,0.9345072,2
ENSG00000076201,1.2812374,0.41497335,GM12878,0.95788556,1.0,2
ENSG00000076201,1.2008216,0.41497335,GM12878,0.89527005,0.94413406,2
ENSG00000076242,1.824076,1.9874429,GM12878,0.8733852,1.0,2
ENSG00000076242,1.7609363,1.9874429,GM12878,0.827597,1.0,2
ENSG00000076242,1.6268878,1.9874429,GM12878,0.8172568,0.9904123,2
ENSG00000076242,1.7916524,1.9874429,GM12878,0.8104107,0.0042203465,2
ENSG00000076242,1.7831128,1.9874429,GM12878,0.8158073,0.7560194,2
ENSG00000076242,1.804007,1.9874429,GM12878,0.84526706,0.98701584,2
ENSG00000076242,1.6571685,1.9874429,GM12878,0.84176785,0.99955803,2
ENSG00000077097,1.2198792,1.8230828,GM12878,0.9175789,1.0,2
ENSG00000078070,1.50674,1.2619762,GM12878,0.81953263,1.0,2
ENSG00000078070,1.1019369,1.2619762,GM12878,0.61107635,0.99211645,2
ENSG00000078070,1.2272394,1.2619762,GM12878,0.7162926,0.020359281,2
ENSG00000078070,1.3014185,1.2619762,GM12878,0.9073082,0.97979796,2
ENSG00000078070,1.2510769,1.2619762,GM12878,0.8410591,0.9407186,2
ENSG00000078070,1.3772655,1.2619762,GM12878,0.8394816,0.9219219,2
ENSG00000080200,0.03242883,-0.35654733,GM12878,0.9647838,1.0,2
ENSG00000080200,0.2702438,-0.35654733,GM12878,0.89841443,1.0,2
ENSG00000080819,1.4777565,1.795602,GM12878,0.82816,1.0,2
ENSG00000080819,1.4829649,1.795602,GM12878,0.783098,1.0,2
ENSG00000080822,1.5078449,2.0364692,GM12878,0.7745232,0.7659394,2
ENSG00000080822,1.4263241,2.0364692,GM12878,0.49355263,0.0053537837,2
ENSG00000080822,1.4065025,2.0364692,GM12878,0.60145986,0.009795448,2
ENSG00000081148,0.52043515,-0.63827217,GM12878,0.77080566,1.0,2
ENSG00000081148,-0.030522883,-0.63827217,GM12878,0.9387331,1.0,2
ENSG00000081154,1.3749219,1.8543668,GM12878,0.9258516,1.0,2
ENSG00000081154,1.4378903,1.8543668,GM12878,0.85714155,1.0,2
ENSG00000081154,1.4145013,1.8543668,GM12878,0.8927741,0.5864627,2
ENSG00000081154,1.4119046,1.8543668,GM12878,0.87820774,0.79294336,2
ENSG00000081154,1.4864163,1.8543668,GM12878,0.9102478,0.61468685,2
ENSG00000081154,1.3749219,1.8543668,GM12878,0.9258516,1.0,2
ENSG00000081307,1.4890187,1.5732198,GM12878,0.82670516,1.0,2
ENSG00000081307,1.3721714,1.5732198,GM12878,0.8389121,1.0,2
ENSG00000082701,1.301203,1.2172207,GM12878,0.6418723,1.0,2
ENSG00000082701,1.1493733,1.2172207,GM12878,0.4216394,0.50690335,2
ENSG00000082781,0.59738255,1.4962375,GM12878,0.96406543,1.0,2
ENSG00000082996,0.96523225,1.1448854,GM12878,0.93563545,1.0,2
ENSG00000082996,1.1912353,1.1448854,GM12878,0.7000238,0.025,2
ENSG00000082996,1.1244285,1.1448854,GM12878,0.93417066,0.97153026,2
ENSG00000082996,0.77917194,1.1448854,GM12878,0.89700264,0.9123905,2
ENSG00000083520,1.3123987,1.4557582,GM12878,0.9034245,1.0,2
ENSG00000083520,1.3871131,1.4557582,GM12878,0.5964488,0.4663144,2
ENSG00000083520,1.5301971,1.4557582,GM12878,0.6833172,0.89141417,2
ENSG00000083535,1.1476148,0.968483,GM12878,0.8085494,1.0,2
ENSG00000083544,1.0011203,0.90955603,GM12878,0.8710664,1.0,2
ENSG00000083544,1.0507591,0.90955603,GM12878,0.83562183,0.99458,2
ENSG00000083544,1.2235473,0.90955603,GM12878,0.80895823,0.00591716,2
ENSG00000083635,0.8819997,0.23552845,GM12878,0.82116103,1.0,2
ENSG00000083635,1.238568,0.23552845,GM12878,0.92892593,1.0,2
ENSG00000083635,1.1850942,0.23552845,GM12878,0.79246634,1.0,2
ENSG00000083642,0.9540707,0.81090426,GM12878,0.54650664,1.0,2
ENSG00000083937,1.1210251,0.82020146,GM12878,0.917152,1.0,2
ENSG00000083937,0.992316,0.82020146,GM12878,0.7305904,0.9230769,2
ENSG00000085274,1.5627122,1.3025473,GM12878,0.8716261,1.0,2
ENSG00000085274,1.676574,1.3025473,GM12878,0.73586035,0.49379933,2
ENSG00000085274,1.5327027,1.3025473,GM12878,0.9055123,0.060381357,2
ENSG00000085274,1.5984993,1.3025473,GM12878,0.81772155,0.9416136,2
ENSG00000088448,1.1953413,2.141951,GM12878,0.83573663,1.0,2
ENSG00000088448,1.5879899,2.141951,GM12878,0.62292516,0.74108493,2
ENSG00000088448,1.32534,2.141951,GM12878,0.83084935,0.019639935,2
ENSG00000088451,1.3593638,1.4443572,GM12878,0.7055236,1.0,2
ENSG00000088543,0.614885,0.4065402,GM12878,0.8607225,1.0,2
ENSG00000088543,0.25205013,0.4065402,GM12878,0.9776754,1.0,2
ENSG00000088726,-0.19700536,-0.65757734,GM12878,0.9868929,1.0,2
ENSG00000088727,0.9877665,1.0934217,GM12878,0.95653486,1.0,2
ENSG00000088727,1.8171133,1.0934217,GM12878,0.8639111,0.018830525,2
ENSG00000090097,0.6587951,0.5378191,GM12878,0.9668701,1.0,2
ENSG00000090520,1.6379604,1.4382259,GM12878,0.9043442,1.0,2
ENSG00000091317,1.3966956,1.267641,GM12878,0.8330832,1.0,2
ENSG00000091317,1.1097755,1.267641,GM12878,0.84652376,1.0,2
ENSG00000091513,-0.38275287,0.06818586,GM12878,0.9807263,1.0,2
ENSG00000091513,-0.45583984,0.06818586,GM12878,0.9845576,1.0,2
ENSG00000091527,1.4213301,1.7554938,GM12878,0.8572105,1.0,2
ENSG00000091527,1.3026438,1.7554938,GM12878,0.9387203,1.0,2
ENSG00000093167,1.1693432,1.3829172,GM12878,0.798164,1.0,2
ENSG00000093167,1.3063693,1.3829172,GM12878,0.87991923,0.02836005,2
ENSG00000093167,1.5260458,1.3829172,GM12878,0.7511281,0.79422605,2
ENSG00000093183,1.531465,1.6953065,GM12878,0.93017983,1.0,2
ENSG00000093183,1.8256145,1.6953065,GM12878,0.8485878,0.9790672,2
ENSG00000093183,1.8072081,1.6953065,GM12878,0.7923659,0.035368804,2
ENSG00000093217,1.41699,1.0413927,GM12878,0.8519952,1.0,2
ENSG00000102471,1.072012,1.6307329,GM12878,0.76022995,1.0,2
ENSG00000102524,0.46568868,0.30103,GM12878,0.9341705,1.0,2
ENSG00000102524,0.36457518,0.30103,GM12878,0.9435412,1.0,2
ENSG00000102531,0.72463995,1.2060158,GM12878,0.7865001,1.0,2
ENSG00000102543,1.3466699,0.54157925,GM12878,0.88943666,1.0,2
ENSG00000102543,0.95135605,0.54157925,GM12878,0.88920546,1.0,2
ENSG00000102543,1.3823928,0.54157925,GM12878,0.8562808,1.0,2
ENSG00000102543,1.0496384,0.54157925,GM12878,0.8295925,0.09967846,2
ENSG00000102547,0.7610502,0.30963016,GM12878,0.8971407,1.0,2
ENSG00000102547,0.6823105,0.30963016,GM12878,0.8950321,1.0,2
ENSG00000102547,0.8524426,0.30963016,GM12878,0.8163172,1.0,2
ENSG00000102547,0.9367027,0.30963016,GM12878,0.93389976,1.0,2
ENSG00000102547,1.0307636,0.30963016,GM12878,0.8704512,1.0,2
ENSG00000102547,0.99431527,0.30963016,GM12878,0.9324286,1.0,2
ENSG00000102554,-0.09826414,0.1172713,GM12878,0.8791237,1.0,2
ENSG00000102554,0.21331021,0.1172713,GM12878,0.90728486,1.0,2
ENSG00000102572,1.2969434,1.2681097,GM12878,0.9035859,1.0,2
ENSG00000102572,1.2969434,1.2681097,GM12878,0.9035859,1.0,2
ENSG00000102572,0.94010925,1.2681097,GM12878,0.85574025,0.9652825,2
ENSG00000102580,1.2197745,0.8668778,GM12878,0.8145187,1.0,2
ENSG00000102580,1.4092503,0.8668778,GM12878,0.6995657,1.0,2
ENSG00000102595,1.1381416,1.1373541,GM12878,0.8148607,1.0,2
ENSG00000102595,1.0503345,1.1373541,GM12878,0.65255237,1.0,2
ENSG00000102595,0.967294,1.1373541,GM12878,0.8472165,0.8576923,2
ENSG00000102606,1.4085121,1.209783,GM12878,0.7811789,0.96676165,2
ENSG00000102606,1.1684971,1.209783,GM12878,0.70538,0.96704334,2
ENSG00000102606,1.3429816,1.209783,GM12878,0.7204904,0.9721116,2
ENSG00000102699,0.9641043,1.1886473,GM12878,0.81484675,1.0,2
ENSG00000102699,1.3262341,1.1886473,GM12878,0.86585605,1.0,2
ENSG00000102710,1.1170585,1.6855626,GM12878,0.5929632,1.0,2
ENSG00000102710,1.2919037,1.6855626,GM12878,0.73388803,1.0,2
ENSG00000102710,1.227766,1.6855626,GM12878,0.9223088,0.21702453,2
ENSG00000102710,1.2524108,1.6855626,GM12878,0.893464,0.98773944,2
ENSG00000102710,1.2681736,1.6855626,GM12878,0.92612433,0.98567593,2
ENSG00000102710,0.94080687,1.6855626,GM12878,0.85814553,0.99334997,2
ENSG00000102743,1.1998763,1.1956229,GM12878,0.9021879,1.0,2
ENSG00000102753,1.4469458,1.0534626,GM12878,0.90769947,1.0,2
ENSG00000102755,-0.20860243,0.075546965,GM12878,0.9689039,1.0,2
ENSG00000102755,-0.40777478,0.075546965,GM12878,0.9854915,1.0,2
ENSG00000102760,0.6500387,0.744293,GM12878,0.9084169,1.0,2
ENSG00000102760,0.5562458,0.744293,GM12878,0.848877,1.0,2
ENSG00000102763,1.1208375,1.0077478,GM12878,0.9306461,1.0,2
ENSG00000102763,0.9829693,1.0077478,GM12878,0.87297225,1.0,2
ENSG00000102763,1.1026316,1.0077478,GM12878,0.93296164,1.0,2
ENSG00000102780,0.98981786,0.37657696,GM12878,0.93541825,1.0,2
ENSG00000102780,0.9358505,0.37657696,GM12878,0.8040542,0.0,2
ENSG00000102780,0.995384,0.37657696,GM12878,0.7056511,0.0,2
ENSG00000102781,1.4729521,0.666518,GM12878,0.9167676,1.0,2
ENSG00000102781,1.4502857,0.666518,GM12878,0.8367484,1.0,2
ENSG00000102781,1.481852,0.666518,GM12878,0.820967,1.0,2
ENSG00000102781,1.3260477,0.666518,GM12878,0.93808633,1.0,2
ENSG00000102781,1.4815919,0.666518,GM12878,0.913656,1.0,2
ENSG00000102786,1.1913103,1.1749316,GM12878,0.8334026,1.0,2
ENSG00000102786,1.3176743,1.1749316,GM12878,0.91156214,1.0,2
ENSG00000102796,0.55772495,0.32221928,GM12878,0.9531817,1.0,2
ENSG00000102796,1.179976,0.32221928,GM12878,0.8555448,1.0,2
ENSG00000102796,1.091495,0.32221928,GM12878,0.84778327,1.0,2
ENSG00000102804,1.3079668,1.1228709,GM12878,0.68535465,1.0,2
ENSG00000102805,1.3390332,0.897077,GM12878,0.8976809,1.0,2
ENSG00000102805,1.3026035,0.897077,GM12878,0.8624116,1.0,2
ENSG00000102805,1.3028808,0.897077,GM12878,0.58871746,0.0,2
ENSG00000113790,0.56294966,0.69548166,GM12878,0.9618491,1.0,2
ENSG00000113790,0.62511116,0.69548166,GM12878,0.71151465,1.0,2
ENSG00000113790,0.87158155,0.69548166,GM12878,0.8788879,1.0,2
ENSG00000113810,1.7705739,1.9660009,GM12878,0.91687804,1.0,2
ENSG00000113810,1.7355325,1.9660009,GM12878,0.9460107,0.91389805,2
ENSG00000113811,1.5733575,1.876968,GM12878,0.7767209,1.0,2
ENSG00000113811,1.3281791,1.876968,GM12878,0.92071694,1.0,2
ENSG00000113812,1.1916913,1.1055102,GM12878,0.9568863,1.0,2
ENSG00000113838,1.5808861,1.3539163,GM12878,0.8602074,1.0,2
ENSG00000113838,1.6205778,1.3539163,GM12878,0.77989584,1.0,2
ENSG00000113845,1.6859691,1.7673786,GM12878,0.83928424,1.0,2
ENSG00000113845,1.4601629,1.7673786,GM12878,0.85639924,0.23794132,2
ENSG00000113851,1.486277,1.7733475,GM12878,0.85514057,1.0,2
ENSG00000113851,1.2690103,1.7733475,GM12878,0.77311325,0.39181286,2
ENSG00000113851,1.2759392,1.7733475,GM12878,0.64820766,0.9548513,2
ENSG00000113916,0.9324002,0.68752897,GM12878,0.93047214,1.0,2
ENSG00000113916,0.9759489,0.68752897,GM12878,0.92202175,1.0,2
ENSG00000113924,0.055526726,-0.5850267,GM12878,0.96051425,1.0,2
ENSG00000113924,0.07823897,-0.5850267,GM12878,0.91255856,1.0,2
ENSG00000113924,0.004666351,-0.5850267,GM12878,0.9508109,1.0,2
ENSG00000113946,-0.48516336,-0.85387194,GM12878,0.975937,1.0,2
ENSG00000113946,-0.43294096,-0.85387194,GM12878,0.9345818,1.0,2
ENSG00000113966,0.7964692,0.1430148,GM12878,0.6396264,1.0,2
ENSG00000113966,0.67618465,0.1430148,GM12878,0.69324404,0.056603774,2
ENSG00000113971,1.1507709,1.0236639,GM12878,0.8935932,1.0,2
ENSG00000113971,1.2199448,1.0236639,GM12878,0.82095027,1.0,2
ENSG00000114013,-0.53321964,-0.9586073,GM12878,0.987755,1.0,2
ENSG00000114021,1.3260648,1.529302,GM12878,0.6912295,1.0,2
ENSG00000114021,1.198156,1.529302,GM12878,0.69186676,0.85507244,2
ENSG00000114023,1.398331,2.1558218,GM12878,0.892259,1.0,2
ENSG00000114023,1.2127994,2.1558218,GM12878,0.80523646,0.58182454,2
ENSG00000114026,1.480773,1.3809345,GM12878,0.70133245,1.0,2
ENSG00000114026,1.4813226,1.3809345,GM12878,0.79246694,1.0,2
ENSG00000114030,1.2687507,1.4821587,GM12878,0.91090167,1.0,2
ENSG00000114030,1.5978603,1.4821587,GM12878,0.9517521,0.08389262,2
ENSG00000114054,1.2472539,2.1360543,GM12878,0.8982408,1.0,2
ENSG00000114054,1.5136087,2.1360543,GM12878,0.623465,0.015472194,2
ENSG00000114098,1.5106063,1.7502769,GM12878,0.71576,1.0,2
ENSG00000114098,1.4440032,1.7502769,GM12878,0.8077015,1.0,2
ENSG00000114098,1.628067,1.7502769,GM12878,0.5562984,0.41025642,2
ENSG00000114098,1.6378763,1.7502769,GM12878,0.6874375,0.9179548,2
ENSG00000114098,1.5807858,1.7502769,GM12878,0.9321012,1.0,2
ENSG00000114098,1.5086186,1.7502769,GM12878,0.62736416,0.92659575,2
ENSG00000114107,1.0306385,1.2276297,GM12878,0.9284425,1.0,2
ENSG00000114120,1.16201,1.8546096,GM12878,0.92676747,1.0,2
ENSG00000114120,1.1288786,1.8546096,GM12878,0.8997379,1.0,2
ENSG00000114120,1.2253466,1.8546096,GM12878,0.8891333,0.9885204,2
ENSG00000114120,1.2308352,1.8546096,GM12878,0.6970836,0.062580645,2
ENSG00000114125,1.4210607,1.8663465,GM12878,0.7527626,1.0,2
ENSG00000114125,1.3739414,1.8663465,GM12878,0.5740114,0.0017626322,2
ENSG00000114125,1.3739414,1.8663465,GM12878,0.5740114,0.25721154,2
ENSG00000114126,1.2303829,2.0863242,GM12878,0.84388834,1.0,2
ENSG00000114126,1.2397707,2.0863242,GM12878,0.8500677,0.98479694,2
ENSG00000114126,1.0566803,2.0863242,GM12878,0.54357773,0.21172638,2
ENSG00000114126,1.1658278,2.0863242,GM12878,0.7783484,0.9527559,2
ENSG00000114127,1.5613217,1.1815578,GM12878,0.8770395,1.0,2
ENSG00000114127,1.4109991,1.1815578,GM12878,0.89341694,1.0,2
ENSG00000114127,1.4931228,1.1815578,GM12878,0.7943276,0.89608175,2
ENSG00000114166,1.3690935,0.9041744,GM12878,0.8487306,1.0,2
ENSG00000114166,1.3203353,0.9041744,GM12878,0.8832687,1.0,2
ENSG00000114166,1.2633297,0.9041744,GM12878,0.89461243,1.0,2
ENSG00000114200,-0.4835108,-0.7447275,GM12878,0.97710377,1.0,2
ENSG00000114209,1.556771,2.1704965,GM12878,0.87740594,1.0,2
ENSG00000114209,1.5368006,2.1704965,GM12878,0.924812,1.0,2
ENSG00000114209,1.5498512,2.1704965,GM12878,0.72869205,0.22445923,2
ENSG00000114268,1.0046843,1.7024305,GM12878,0.5864835,1.0,2
ENSG00000114268,1.064012,1.7024305,GM12878,0.94155675,1.0,2
ENSG00000114268,1.1099412,1.7024305,GM12878,0.7867312,0.98916966,2
ENSG00000114268,1.037678,1.7024305,GM12878,0.7588932,0.057726864,2
ENSG00000114268,1.1713402,1.7024305,GM12878,0.65641403,0.0020215632,2
ENSG00000114268,1.1694317,1.7024305,GM12878,0.6860806,0.0,2
ENSG00000114270,0.01847691,-0.23657201,GM12878,0.9449435,1.0,2
ENSG00000114270,-0.04356671,-0.23657201,GM12878,0.9562556,1.0,2
ENSG00000114270,-0.16736917,-0.23657201,GM12878,0.9937557,1.0,2
ENSG00000114302,0.9161217,1.168792,GM12878,0.8626359,1.0,2
ENSG00000114302,1.369442,1.168792,GM12878,0.93024987,1.0,2
ENSG00000114302,1.2058029,1.168792,GM12878,0.88947946,0.99766356,2
ENSG00000114315,0.9012917,0.7450748,GM12878,0.9464099,1.0,2
ENSG00000114315,0.9315311,0.7450748,GM12878,0.9035959,1.0,2
ENSG00000114316,1.3834729,1.4704105,GM12878,0.91335374,1.0,2
ENSG00000114316,1.2811174,1.4704105,GM12878,0.94313353,0.5663482,2
ENSG00000114331,1.4183409,1.3694015,GM12878,0.7006574,1.0,2
ENSG00000114346,1.4342085,1.5780659,GM12878,0.68269414,1.0,2
ENSG00000114346,1.3764313,1.5780659,GM12878,0.41382164,0.051425032,2
ENSG00000114346,1.42727,1.5780659,GM12878,0.85413176,0.039831303,2
ENSG00000114353,0.98872566,1.9810934,GM12878,0.8510513,1.0,2
ENSG00000114353,0.98872566,1.9810934,GM12878,0.8510513,1.0,2
ENSG00000114353,1.0246704,1.9810934,GM12878,0.8779018,1.0,2
ENSG00000114353,1.2885493,1.9810934,GM12878,0.953039,1.0,2
ENSG00000114353,0.98872566,1.9810934,GM12878,0.8510513,0.996817,2
ENSG00000114354,1.3897113,1.707485,GM12878,0.82525265,1.0,2
ENSG00000114354,1.5606754,1.707485,GM12878,0.86790246,1.0,2
ENSG00000114354,1.392524,1.707485,GM12878,0.4443076,0.0059988,2
ENSG00000114383,1.3854274,1.3517963,GM12878,0.83901316,1.0,2
ENSG00000114383,1.4186265,1.3517963,GM12878,0.8100971,1.0,2
ENSG00000114388,1.5280313,1.5456781,GM12878,0.7505671,1.0,2
ENSG00000114388,1.5523201,1.5456781,GM12878,0.8675987,1.0,2
ENSG00000114388,1.4026036,1.5456781,GM12878,0.89073944,0.67391306,2
ENSG00000114388,1.4124641,1.5456781,GM12878,0.89852136,0.88387096,2
ENSG00000114395,1.5567412,1.0413927,GM12878,0.80851406,1.0,2
ENSG00000114395,1.5558302,1.0413927,GM12878,0.87069696,1.0,2
ENSG00000114395,1.3840578,1.0413927,GM12878,0.64219564,0.8549763,2
ENSG00000114416,1.5279667,2.1236556,GM12878,0.85942346,1.0,2
ENSG00000114416,1.4919608,2.1236556,GM12878,0.8362265,0.9698849,2
ENSG00000114416,1.4234755,2.1236556,GM12878,0.8186194,0.6296296,2
ENSG00000114416,1.4234755,2.1236556,GM12878,0.8186194,0.99710685,2
ENSG00000114416,1.4286184,2.1236556,GM12878,0.6876341,0.6372864,2
ENSG00000114423,0.9646945,0.88024175,GM12878,0.91791826,1.0,2
ENSG00000114423,0.92989135,0.88024175,GM12878,0.83139026,1.0,2
ENSG00000114423,0.9580934,0.88024175,GM12878,0.8665081,0.42682928,2
ENSG00000114439,0.7386106,0.92582756,GM12878,0.878349,1.0,2
ENSG00000114439,0.9508896,0.92582756,GM12878,0.8875361,0.6867647,2
ENSG00000114439,0.9606962,0.92582756,GM12878,0.8258926,0.31323528,2
ENSG00000114446,0.76729107,1.1448854,GM12878,0.77684957,1.0,2
ENSG00000114446,0.8612575,1.1448854,GM12878,0.90541846,1.0,2
ENSG00000114450,1.0432689,1.424555,GM12878,0.8735831,1.0,2
ENSG00000114450,1.2647007,1.424555,GM12878,0.8040215,0.976908,2
ENSG00000114473,0.96853757,0.7058637,GM12878,0.7377827,1.0,2
ENSG00000114480,1.2179315,1.2105861,GM12878,0.91775995,1.0,2
ENSG00000114491,1.373388,1.5185139,GM12878,0.83241177,1.0,2
ENSG00000114491,1.5037625,1.5185139,GM12878,0.47358775,0.5394795,2
ENSG00000114491,1.5037625,1.5185139,GM12878,0.47358775,0.0,2
ENSG00000114491,1.373388,1.5185139,GM12878,0.83241177,0.6237942,2
ENSG00000114491,1.373388,1.5185139,GM12878,0.83241177,1.0,2
ENSG00000114503,1.7446418,1.7996851,GM12878,0.91859853,1.0,2
ENSG00000114503,1.7446418,1.7996851,GM12878,0.91859853,1.0,2
ENSG00000114520,1.3463706,1.3128119,GM12878,0.90340495,1.0,2
ENSG00000114520,1.2654201,1.3128119,GM12878,0.8928635,0.99395466,2
ENSG00000114529,0.72807324,0.5352941,GM12878,0.95894015,1.0,2
ENSG00000114544,1.0722649,1.2340108,GM12878,0.6140749,1.0,2
ENSG00000114544,0.8387087,1.2340108,GM12878,0.9260385,1.0,2
ENSG00000114544,0.7235861,1.2340108,GM12878,0.8283974,0.96630096,2
ENSG00000114554,-0.041900624,1.5731038,GM12878,0.9778786,1.0,2
ENSG00000114554,0.17324677,1.5731038,GM12878,0.9802138,1.0,2
ENSG00000114573,1.1071298,1.5682018,GM12878,0.8664842,1.0,2
ENSG00000114573,1.2468631,1.5682018,GM12878,0.8624307,1.0,2
ENSG00000114573,1.0763433,1.5682018,GM12878,0.6279229,0.108774476,2
ENSG00000114626,0.81800485,0.11058971,GM12878,0.9345378,1.0,2
ENSG00000114626,0.83989626,0.11058971,GM12878,0.972493,1.0,2
ENSG00000114631,0.84764326,1.1972805,GM12878,0.96569175,1.0,2
ENSG00000114648,1.7730107,1.7478777,GM12878,0.85602057,1.0,2
ENSG00000114648,1.78177,1.7478777,GM12878,0.89176065,0.99922574,2
ENSG00000114650,1.3565271,1.5392016,GM12878,0.68778336,1.0,2
ENSG00000114735,1.4368587,1.0098757,GM12878,0.6886941,1.0,2
ENSG00000114735,1.3760185,1.0098757,GM12878,0.8859361,0.8145161,2
ENSG00000114737,1.5807463,1.5215304,GM12878,0.83174264,1.0,2
ENSG00000114737,1.5886424,1.5215304,GM12878,0.7196715,0.048818287,2
ENSG00000114738,1.0473989,1.6627579,GM12878,0.49108893,1.0,2
ENSG00000114738,1.2362143,1.6627579,GM12878,0.89145476,0.99714285,2
ENSG00000114739,0.82413226,0.7888751,GM12878,0.8782313,1.0,2
ENSG00000114739,1.1889254,0.7888751,GM12878,0.969197,1.0,2
ENSG00000114742,1.0856391,1.6779717,GM12878,0.8476422,1.0,2
ENSG00000114742,1.173952,1.6779717,GM12878,0.9036382,0.99553853,2
ENSG00000114742,1.2256286,1.6779717,GM12878,0.94582224,0.5462078,2
ENSG00000114744,1.0710754,1.6238693,GM12878,0.879526,1.0,2
ENSG00000114744,1.1972954,1.6238693,GM12878,0.68544614,0.08241618,2
ENSG00000114745,1.2915554,1.9024924,GM12878,0.9456465,1.0,2
ENSG00000114745,1.4224186,1.9024924,GM12878,0.8934933,1.0,2
ENSG00000114745,1.4526787,1.9024924,GM12878,0.83193874,0.313922,2
ENSG00000114767,1.0205784,1.2365372,GM12878,0.9392874,1.0,2
ENSG00000114767,1.3700341,1.2365372,GM12878,0.93429905,1.0,2
ENSG00000114767,1.1800195,1.2365372,GM12878,0.80491513,1.0,2
ENSG00000114767,1.0219808,1.2365372,GM12878,0.8349152,1.0,2
ENSG00000114767,1.3717761,1.2365372,GM12878,0.81855625,1.0,2
ENSG00000114770,1.3529872,1.4752352,GM12878,0.90624297,1.0,2
ENSG00000114770,1.3474615,1.4752352,GM12878,0.7552474,0.8330404,2
ENSG00000114779,1.263695,1.9387698,GM12878,0.90606904,1.0,2
ENSG00000114779,1.263695,1.9387698,GM12878,0.90606904,1.0,2
ENSG00000114779,1.5138879,1.9387698,GM12878,0.81720585,1.0,2
ENSG00000114779,1.1939396,1.9387698,GM12878,0.77065367,0.9626713,2
ENSG00000114779,1.1791401,1.9387698,GM12878,0.8599243,0.9001264,2
ENSG00000114784,1.6425737,1.5010593,GM12878,0.70407015,1.0,2
ENSG00000114784,1.6257701,1.5010593,GM12878,0.8049095,1.0,2
ENSG00000114790,-0.25559512,-0.92081875,GM12878,0.9789975,1.0,2
ENSG00000114796,1.1176708,1.1306554,GM12878,0.9192571,1.0,2
ENSG00000114796,1.2236354,1.1306554,GM12878,0.79790187,0.41439477,2
ENSG00000114812,-0.02143721,-0.61978877,GM12878,0.9862433,1.0,2
ENSG00000114841,-0.062209688,-0.18708664,GM12878,0.9773097,1.0,2
ENSG00000114850,1.7092688,2.465487,GM12878,0.9100897,1.0,2
ENSG00000114850,1.5966816,2.465487,GM12878,0.9151241,1.0,2
ENSG00000114854,0.015459731,-0.124938734,GM12878,0.97053593,1.0,2
ENSG00000114857,1.7291521,1.9971678,GM12878,0.5058045,1.0,2
ENSG00000114857,1.7450811,1.9971678,GM12878,0.540355,1.0,2
ENSG00000114857,1.739831,1.9971678,GM12878,0.60934466,0.0031538089,2
ENSG00000114859,1.3582164,0.8337844,GM12878,0.96477026,1.0,2
ENSG00000114861,0.94342256,0.892651,GM12878,0.90920836,1.0,2
ENSG00000114867,1.6085005,2.1448853,GM12878,0.6848382,1.0,2
ENSG00000114867,1.5113113,2.1448853,GM12878,0.9267666,0.3968254,2
ENSG00000114867,1.6145455,2.1448853,GM12878,0.35279247,0.03255954,2
ENSG00000114867,1.5113113,2.1448853,GM12878,0.9267666,0.99104387,2
ENSG00000114902,1.6261938,1.7300551,GM12878,0.84540224,1.0,2
ENSG00000114902,1.5973961,1.7300551,GM12878,0.856793,1.0,2
ENSG00000114904,1.4171398,1.1312978,GM12878,0.7644355,1.0,2
ENSG00000114904,1.3509419,1.1312978,GM12878,0.22941086,0.1672355,2
ENSG00000114904,1.2771796,1.1312978,GM12878,0.35208148,0.2738496,2
ENSG00000114904,1.142489,1.1312978,GM12878,0.918952,1.0,2
ENSG00000118007,1.0044103,0.7331973,GM12878,0.9233132,1.0,2
ENSG00000118007,1.3336807,0.7331973,GM12878,0.8646019,1.0,2
ENSG00000118007,1.1892301,0.7331973,GM12878,0.7856323,0.9844098,2
ENSG00000118007,1.0374302,0.7331973,GM12878,0.89859796,0.015486726,2
ENSG00000118007,1.2523584,0.7331973,GM12878,0.32627237,0.0059288535,2
ENSG00000118855,0.97691476,1.5203525,GM12878,0.7590755,1.0,2
ENSG00000118855,1.1070173,1.5203525,GM12878,0.9415309,1.0,2
ENSG00000118855,1.1257027,1.5203525,GM12878,0.7932016,0.9389091,2
ENSG00000118855,1.1962553,1.5203525,GM12878,0.320386,0.043694492,2
ENSG00000118922,0.012522705,-0.82390875,GM12878,0.9599354,1.0,2
ENSG00000118939,1.659662,1.7449967,GM12878,0.670192,1.0,2
ENSG00000118939,1.4807557,1.7449967,GM12878,0.85206914,1.0,2
ENSG00000119227,0.8024818,0.2787536,GM12878,0.8067383,1.0,2
ENSG00000119231,1.5534691,1.5764565,GM12878,0.86592144,1.0,2
ENSG00000119231,1.4494791,1.5764565,GM12878,0.8532655,0.8714822,2
ENSG00000119231,1.3472247,1.5764565,GM12878,0.74499476,0.911231,2
ENSG00000120662,1.332308,1.3662361,GM12878,0.9241527,1.0,2
ENSG00000120662,1.4259241,1.3662361,GM12878,0.34655014,0.118826054,2
ENSG00000120662,1.1549517,1.3662361,GM12878,0.38308766,0.4300518,2
ENSG00000120675,-0.42134932,-0.04575749,GM12878,0.9792556,1.0,2
ENSG00000120685,1.3111175,1.0972573,GM12878,0.8878372,1.0,2
ENSG00000120686,1.5581967,1.60206,GM12878,0.7387768,1.0,2
ENSG00000120686,1.307013,1.60206,GM12878,0.7297998,1.0,2
ENSG00000120686,1.6788242,1.60206,GM12878,0.746572,1.0,2
ENSG00000120688,1.2988997,0.7041505,GM12878,0.698696,1.0,2
ENSG00000120688,1.4036226,0.7041505,GM12878,0.6793298,1.0,2
ENSG00000120688,1.3318961,0.7041505,GM12878,0.8831839,1.0,2
ENSG00000120688,1.6312938,0.7041505,GM12878,0.84197056,1.0,2
ENSG00000120688,1.403762,0.7041505,GM12878,0.8947696,1.0,2
ENSG00000120690,1.3866041,1.4446692,GM12878,0.36705136,0.052588332,2
ENSG00000120693,-0.52269024,-0.92081875,GM12878,0.9936434,1.0,2
ENSG00000120694,1.3288596,1.5819497,GM12878,0.9413308,1.0,2
ENSG00000120694,1.3808298,1.5819497,GM12878,0.8236439,0.8404028,2
ENSG00000120697,1.258801,1.5921768,GM12878,0.73329264,1.0,2
ENSG00000120697,1.2086381,1.5921768,GM12878,0.61517614,1.0,2
ENSG00000120699,1.6260772,1.9354064,GM12878,0.88322157,1.0,2
ENSG00000120742,1.8263459,2.0157788,GM12878,0.7838823,1.0,2
ENSG00000120756,1.1631186,1.0972573,GM12878,0.8481303,1.0,2
ENSG00000120756,1.0568662,1.0972573,GM12878,0.9251638,1.0,2
ENSG00000121390,1.5847907,1.4775553,GM12878,0.84737504,1.0,2
ENSG00000121542,1.1784794,1.3658623,GM12878,0.8585285,1.0,2
ENSG00000121552,0.02981972,-0.7447275,GM12878,0.976766,1.0,2
ENSG00000121577,-0.3708024,-0.56863624,GM12878,0.9846288,1.0,2
ENSG00000121578,1.0399312,0.95760727,GM12878,0.91905695,1.0,2
ENSG00000121578,1.1127977,0.95760727,GM12878,0.8712696,0.959596,2
ENSG00000121578,1.156354,0.95760727,GM12878,0.754357,0.46226415,2
ENSG00000121579,1.6246929,1.7463228,GM12878,0.8197885,1.0,2
ENSG00000121579,1.6231189,1.7463228,GM12878,0.89526254,1.0,2
ENSG00000121594,1.0324802,0.14921911,GM12878,0.9558397,1.0,2
ENSG00000121594,0.95130634,0.14921911,GM12878,0.79215026,0.93939394,2
ENSG00000121741,1.1533364,1.5067755,GM12878,0.7966473,1.0,2
ENSG00000121741,1.0045259,1.5067755,GM12878,0.8612795,0.08064516,2
ENSG00000121741,1.1138741,1.5067755,GM12878,0.8385746,0.6130548,2
ENSG00000121741,1.0874369,1.5067755,GM12878,0.8078096,0.27547932,2
ENSG00000121858,0.5085761,-0.7695511,GM12878,0.6831447,1.0,2
ENSG00000121858,0.7787672,-0.7695511,GM12878,0.6659617,1.0,2
ENSG00000121858,0.5085761,-0.7695511,GM12878,0.6831447,1.0,2
ENSG00000121864,1.5214131,1.4219328,GM12878,0.90359837,1.0,2
ENSG00000121864,1.5079684,1.4219328,GM12878,0.8990446,1.0,2
ENSG00000121879,1.1566358,1.0726175,GM12878,0.8198334,1.0,2
ENSG00000121879,1.0784822,1.0726175,GM12878,0.8053952,1.0,2
ENSG00000121879,1.3284426,1.0726175,GM12878,0.75995386,1.0,2
ENSG00000122033,1.6491413,1.4787108,GM12878,0.9090264,1.0,2
ENSG00000122033,1.4039989,1.4787108,GM12878,0.8833359,1.0,2
ENSG00000122034,1.5832148,2.067071,GM12878,0.8206826,1.0,2
ENSG00000122034,1.5859218,2.067071,GM12878,0.9196104,1.0,2
ENSG00000122034,1.4676433,2.067071,GM12878,0.7528228,0.9516804,2
ENSG00000122035,0.6115548,0.1818436,GM12878,0.9445701,1.0,2
ENSG00000122035,0.48805818,0.1818436,GM12878,0.9778596,1.0,2
ENSG00000122042,0.678319,0.22271647,GM12878,0.9020609,1.0,2
ENSG00000122068,1.0832212,1.6681995,GM12878,0.7529341,1.0,2
ENSG00000123178,0.9239032,0.5550944,GM12878,0.770206,1.0,2
ENSG00000123178,1.0852716,0.5550944,GM12878,0.85357904,1.0,2
ENSG00000123178,1.0466503,0.5550944,GM12878,0.654882,0.89111745,2
ENSG00000123179,1.0700629,1.6988832,GM12878,0.80016154,1.0,2
ENSG00000123179,0.89693356,1.6988832,GM12878,0.8320058,0.0047359695,2
ENSG00000123179,1.0137527,1.6988832,GM12878,0.8939278,0.71991843,2
ENSG00000123179,1.0700629,1.6988832,GM12878,0.80016154,0.7486352,2
ENSG00000123179,0.83162975,1.6988832,GM12878,0.7122561,0.0031605563,2
ENSG00000123200,1.2001944,0.53655845,GM12878,0.89289856,1.0,2
ENSG00000125037,1.4825892,2.2968407,GM12878,0.91042125,1.0,2
ENSG00000125037,1.5044513,2.2968407,GM12878,0.86791325,1.0,2
ENSG00000125246,0.64485204,0.5646661,GM12878,0.9422261,1.0,2
ENSG00000125246,0.80560225,0.5646661,GM12878,0.79843515,0.41860464,2
ENSG00000125247,1.0328386,1.108565,GM12878,0.89671534,1.0,2
ENSG00000125247,1.0460353,1.108565,GM12878,0.89827293,0.6891892,2
ENSG00000125257,1.2969157,1.5027002,GM12878,0.8852607,1.0,2
ENSG00000125266,-0.05902408,-0.5850267,GM12878,0.9488945,1.0,2
ENSG00000125304,1.3036308,1.6878855,GM12878,0.88768077,1.0,2
ENSG00000125304,1.4586182,1.6878855,GM12878,0.8728791,1.0,2
ENSG00000126216,1.430799,1.212454,GM12878,0.87990505,1.0,2
ENSG00000126226,1.7212689,1.9360108,GM12878,0.74681675,1.0,2
ENSG00000127249,-0.09342131,-0.85387194,GM12878,0.9731933,1.0,2
ENSG00000127870,1.8592544,1.1978317,GM12878,0.8436469,1.0,2
ENSG00000129055,1.797655,1.8710473,GM12878,0.8871105,1.0,2
ENSG00000129071,1.7452481,1.6843066,GM12878,0.8586804,1.0,2
ENSG00000129810,1.4766747,1.1781132,GM12878,0.8752753,1.0,2
ENSG00000129810,1.3807184,1.1781132,GM12878,0.9243704,1.0,2
ENSG00000129810,1.3807184,1.1781132,GM12878,0.9243704,1.0,2
ENSG00000129810,1.3807184,1.1781132,GM12878,0.9243704,1.0,2
ENSG00000129810,1.3384944,1.1781132,GM12878,0.8167891,1.0,2
ENSG00000129810,1.3384944,1.1781132,GM12878,0.8167891,1.0,2
ENSG00000129810,1.2401985,1.1781132,GM12878,0.796566,1.0,2
ENSG00000129810,1.5116208,1.1781132,GM12878,0.8900704,1.0,2
ENSG00000129810,1.4032031,1.1781132,GM12878,0.8533469,0.44960475,2
ENSG00000129810,1.4690434,1.1781132,GM12878,0.6989789,0.4549902,2
ENSG00000130177,1.2726474,1.9017851,GM12878,0.86055005,1.0,2
ENSG00000130177,1.3480943,1.9017851,GM12878,0.7098764,1.0,2
ENSG00000130177,1.261014,1.9017851,GM12878,0.844182,1.0,2
ENSG00000130177,1.3392661,1.9017851,GM12878,0.9098221,1.0,2
ENSG00000130177,1.3414173,1.9017851,GM12878,0.927231,0.8462801,2
ENSG00000131370,1.297369,1.3332458,GM12878,0.9291077,1.0,2
ENSG00000131373,1.3419323,1.6127839,GM12878,0.83227867,1.0,2
ENSG00000131373,1.2396767,1.6127839,GM12878,0.87395734,0.9944327,2
ENSG00000131373,1.1377953,1.6127839,GM12878,0.67627877,0.9914918,2
ENSG00000131373,1.3275683,1.6127839,GM12878,0.7530534,0.99332273,2
ENSG00000131373,1.4724967,1.6127839,GM12878,0.6751686,0.98058254,2
ENSG00000131373,0.8940736,1.6127839,GM12878,0.71373725,0.4883943,2
ENSG00000131374,1.3106787,1.372728,GM12878,0.89036834,1.0,2
ENSG00000131374,1.4574602,1.372728,GM12878,0.65699625,0.070028014,2
ENSG00000131375,1.472991,1.4019172,GM12878,0.8948273,1.0,2
ENSG00000131379,-0.4171801,-0.82390875,GM12878,0.99516475,1.0,2
ENSG00000131381,1.5124176,1.108565,GM12878,0.86989444,1.0,2
ENSG00000131381,1.5059606,1.108565,GM12878,0.83753514,0.89359784,2
ENSG00000131389,1.3142779,1.8201357,GM12878,0.9486809,1.0,2
ENSG00000131389,1.3144883,1.8201357,GM12878,0.9484515,1.0,2
ENSG00000131389,1.256525,1.8201357,GM12878,0.90229124,0.061821938,2
ENSG00000131389,1.3778954,1.8201357,GM12878,0.92160034,0.6501157,2
ENSG00000132153,1.5711579,1.7637274,GM12878,0.84704804,1.0,2
ENSG00000132153,1.5215869,1.7637274,GM12878,0.9511079,1.0,2
ENSG00000132153,1.5178778,1.7637274,GM12878,0.96337277,1.0,2
ENSG00000132153,1.3570797,1.7637274,GM12878,0.31547752,0.45213193,2
ENSG00000132155,1.8254316,2.127267,GM12878,0.9247845,1.0,2
ENSG00000132155,1.8103876,2.127267,GM12878,0.8724933,0.9335096,2
ENSG00000132155,1.8088713,2.127267,GM12878,0.94394267,0.9335096,2
ENSG00000132182,1.2768093,1.7342396,GM12878,0.94308096,1.0,2
ENSG00000132182,1.5258414,1.7342396,GM12878,0.8832617,1.0,2
ENSG00000132394,1.1619222,0.86033803,GM12878,0.93516755,1.0,2
ENSG00000132394,0.9186617,0.86033803,GM12878,0.9069017,1.0,2
ENSG00000132394,1.0926968,0.86033803,GM12878,0.85756665,1.0,2
ENSG00000132394,1.0683119,0.86033803,GM12878,0.9229363,1.0,2
ENSG00000132950,0.7963946,0.8668778,GM12878,0.84705126,1.0,2
ENSG00000132950,1.1421837,0.8668778,GM12878,0.9144859,0.80124223,2
ENSG00000132952,1.3652842,1.1176027,GM12878,0.8633429,1.0,2
ENSG00000132952,1.5475839,1.1176027,GM12878,0.92009425,0.8009224,2
ENSG00000132952,1.4807978,1.1176027,GM12878,0.68610936,0.8464663,2
ENSG00000132953,1.1891559,1.1003705,GM12878,0.7972967,1.0,2
ENSG00000132963,1.6727695,1.8678797,GM12878,0.80364025,1.0,2
ENSG00000132964,1.0716975,1.3053514,GM12878,0.88497865,1.0,2
ENSG00000132964,1.1659725,1.3053514,GM12878,0.9066758,1.0,2
ENSG00000132964,0.9370611,1.3053514,GM12878,0.80617994,1.0,2
ENSG00000132964,1.3983428,1.3053514,GM12878,0.85846573,1.0,2
ENSG00000132964,1.4013168,1.3053514,GM12878,0.86052686,1.0,2
ENSG00000132964,1.053822,1.3053514,GM12878,0.7405678,0.96692395,2
ENSG00000133101,-0.53677547,-0.85387194,GM12878,0.99227303,1.0,2
ENSG00000133101,-0.5130297,-0.85387194,GM12878,0.9581907,1.0,2
ENSG00000133101,-0.5055974,-0.85387194,GM12878,0.9852042,1.0,2
ENSG00000133101,-0.5116194,-0.85387194,GM12878,0.9926944,1.0,2
ENSG00000133101,-0.52964765,-0.85387194,GM12878,0.99026847,1.0,2
ENSG00000133101,-0.48925784,-0.85387194,GM12878,0.9827591,1.0,2
ENSG00000133103,0.9828453,1.2159019,GM12878,0.7611625,1.0,2
ENSG00000133103,0.93769383,1.2159019,GM12878,0.57597333,0.1102791,2
ENSG00000133104,1.3704593,1.4769765,GM12878,0.83382905,1.0,2
ENSG00000133104,1.4173956,1.4769765,GM12878,0.6113956,0.006185567,2
ENSG00000133106,-0.48874477,-0.25181198,GM12878,0.9783507,1.0,2
ENSG00000133106,-0.5006654,-0.25181198,GM12878,0.9794972,1.0,2
ENSG00000133111,0.89167285,0.8234742,GM12878,0.87660086,1.0,2
ENSG00000133112,1.6827006,3.2567275,GM12878,0.8314011,1.0,2
ENSG00000133112,1.763792,3.2567275,GM12878,0.84939086,1.0,2
ENSG00000133112,1.7607505,3.2567275,GM12878,0.9175492,0.031246245,2
ENSG00000133112,1.7261126,3.2567275,GM12878,0.69817257,0.4821057,2
ENSG00000133112,1.7448474,3.2567275,GM12878,0.69451344,0.20521554,2
ENSG00000133114,1.2155311,1.1684974,GM12878,0.92784464,1.0,2
ENSG00000133119,1.1783919,1.6007551,GM12878,0.8358339,1.0,2
ENSG00000133119,1.301219,1.6007551,GM12878,0.8653873,1.0,2
ENSG00000133657,1.6030598,1.9548212,GM12878,0.9304435,1.0,2
ENSG00000134070,0.8408239,0.5132176,GM12878,0.8883068,1.0,2
ENSG00000134072,0.35241076,0.7986506,GM12878,0.93749326,1.0,2
ENSG00000134077,1.7159768,1.9838066,GM12878,0.8702176,1.0,2
ENSG00000134077,1.7159768,1.9838066,GM12878,0.8702176,1.0,2
ENSG00000134077,1.8360529,1.9838066,GM12878,0.5860257,0.32743362,2
ENSG00000134086,1.5438851,1.6143699,GM12878,0.7993316,1.0,2
ENSG00000134086,1.5438851,1.6143699,GM12878,0.7993316,0.27724296,2
ENSG00000134107,1.5960537,1.8679386,GM12878,0.82395667,1.0,2
ENSG00000134107,1.6431427,1.8679386,GM12878,0.7137455,1.0,2
ENSG00000134108,1.4432635,1.7693034,GM12878,0.8431342,1.0,2
ENSG00000134108,1.4423455,1.7693034,GM12878,0.85918444,1.0,2
ENSG00000134108,1.5510987,1.7693034,GM12878,0.85165083,1.0,2
ENSG00000134108,1.557543,1.7693034,GM12878,0.82689625,1.0,2
ENSG00000134109,1.3815136,1.4632956,GM12878,0.7526773,1.0,2
ENSG00000134109,1.2697558,1.4632956,GM12878,0.84646964,0.98998696,2
ENSG00000134874,-0.50024676,-0.9586073,GM12878,0.9255257,1.0,2
ENSG00000134882,1.3231373,1.7686381,GM12878,0.7302519,1.0,2
ENSG00000134882,1.579074,1.7686381,GM12878,0.7388846,0.26621923,2
ENSG00000134884,1.1447377,1.8536373,GM12878,0.90781283,1.0,2
ENSG00000134884,1.4464853,1.8536373,GM12878,0.53593063,0.04916201,2
ENSG00000134897,1.2050886,1.1983821,GM12878,0.8469123,1.0,2
ENSG00000134899,1.4582179,1.1283993,GM12878,0.84421456,1.0,2
ENSG00000134899,1.4257594,1.1283993,GM12878,0.7926796,1.0,2
ENSG00000134899,1.285787,1.1283993,GM12878,0.84518594,1.0,2
ENSG00000134899,1.2271264,1.1283993,GM12878,0.899329,1.0,2
ENSG00000134899,1.2626245,1.1283993,GM12878,0.9020225,1.0,2
ENSG00000134900,1.4458907,1.5625308,GM12878,0.84665394,1.0,2
ENSG00000134900,1.4159539,1.5625308,GM12878,0.93463606,1.0,2
ENSG00000134901,1.1175188,0.9253121,GM12878,0.8918099,1.0,2
ENSG00000134901,1.1466293,0.9253121,GM12878,0.91057414,1.0,2
ENSG00000134901,0.827847,0.9253121,GM12878,0.83767045,1.0,2
ENSG00000134901,0.93358576,0.9253121,GM12878,0.9107184,1.0,2
ENSG00000134905,0.8116885,1.4099331,GM12878,0.8925914,1.0,2
ENSG00000134905,1.2272592,1.4099331,GM12878,0.891822,0.21906841,2
ENSG00000134905,0.90736187,1.4099331,GM12878,0.7267057,0.009723261,2
ENSG00000134905,0.6108398,1.4099331,GM12878,0.8634032,0.013646702,2
ENSG00000134905,1.196777,1.4099331,GM12878,0.78481615,0.9637037,2
ENSG00000136059,1.5522594,0.87215626,GM12878,0.8109936,1.0,2
ENSG00000136068,1.371135,1.2764618,GM12878,0.9415909,1.0,2
ENSG00000136068,1.2960991,1.2764618,GM12878,0.87727886,1.0,2
ENSG00000136068,1.3443437,1.2764618,GM12878,0.9345233,1.0,2
ENSG00000136068,1.1411719,1.2764618,GM12878,0.9605014,1.0,2
ENSG00000136068,1.2800505,1.2764618,GM12878,0.91018003,1.0,2
ENSG00000136068,1.3258859,1.2764618,GM12878,0.90284145,0.1097561,2
ENSG00000136068,1.202018,1.2764618,GM12878,0.72959316,0.011925043,2
ENSG00000136068,1.1178522,1.2764618,GM12878,0.71518546,0.09797823,2
ENSG00000136068,1.2774057,1.2764618,GM12878,0.72281116,0.0,2
ENSG00000136098,0.8780991,0.7656686,GM12878,0.8383798,1.0,2
ENSG00000136098,0.7331959,0.7656686,GM12878,0.76693875,1.0,2
ENSG00000136098,0.97865164,0.7656686,GM12878,0.87812364,1.0,2
ENSG00000136098,1.0929935,0.7656686,GM12878,0.9143179,1.0,2
ENSG00000136098,0.8694435,0.7656686,GM12878,0.8369649,1.0,2
ENSG00000136098,0.40285304,0.7656686,GM12878,0.9014034,1.0,2
ENSG00000136100,1.0778176,1.2312146,GM12878,0.85262394,1.0,2
ENSG00000136104,1.1506734,1.7155019,GM12878,0.82415557,1.0,2
ENSG00000136108,1.2995641,1.2190603,GM12878,0.7188154,1.0,2
ENSG00000136110,-0.7038305,-0.9586073,GM12878,0.9796907,1.0,2
ENSG00000136111,1.0488861,0.5740313,GM12878,0.8421303,1.0,2
ENSG00000136111,0.8912139,0.5740313,GM12878,0.81694835,0.0,2
ENSG00000136122,1.3885018,1.1370374,GM12878,0.8759453,1.0,2
ENSG00000136122,1.4467292,1.1370374,GM12878,0.9259834,0.5592204,2
ENSG00000136141,0.978523,0.68394715,GM12878,0.76886165,1.0,2
ENSG00000136141,1.0289748,0.68394715,GM12878,0.67652315,1.0,2
ENSG00000136141,0.927853,0.68394715,GM12878,0.5394825,0.0,2
ENSG00000136143,1.0019414,1.4536241,GM12878,0.9235461,1.0,2
ENSG00000136144,1.0253847,0.8469553,GM12878,0.77032346,1.0,2
ENSG00000136144,0.99325275,0.8469553,GM12878,0.9036045,1.0,2
ENSG00000136144,1.1067107,0.8469553,GM12878,0.85420316,1.0,2
ENSG00000136146,1.3506668,1.7445277,GM12878,0.904433,1.0,2
ENSG00000136147,0.70257735,0.553883,GM12878,0.93799883,1.0,2
ENSG00000136147,0.4661732,0.553883,GM12878,0.8963594,0.102564104,2
ENSG00000136152,1.3346307,1.1708483,GM12878,0.6731358,1.0,2
ENSG00000136152,1.4320288,1.1708483,GM12878,0.8912663,1.0,2
ENSG00000136153,-0.14779148,0.021189298,GM12878,0.79727465,1.0,2
ENSG00000136153,-0.08436632,0.021189298,GM12878,0.9617658,1.0,2
ENSG00000136153,0.033296205,0.021189298,GM12878,0.6761896,1.0,2
ENSG00000136153,-0.16815501,0.021189298,GM12878,0.8596534,1.0,2
ENSG00000136153,-0.16835672,0.021189298,GM12878,0.91746897,1.0,2
ENSG00000136153,-0.23731849,0.021189298,GM12878,0.8848832,1.0,2
ENSG00000136156,1.2274346,1.6194065,GM12878,0.8961039,1.0,2
ENSG00000136159,1.2051449,1.2166936,GM12878,0.93559307,1.0,2
ENSG00000136161,0.5632296,0.017033339,GM12878,0.9145637,1.0,2
ENSG00000136167,1.4804325,2.1937923,GM12878,0.93965286,1.0,2
ENSG00000136167,1.4834297,2.1937923,GM12878,0.9305454,1.0,2
ENSG00000136169,1.1679542,0.80345714,GM12878,0.677382,1.0,2
ENSG00000136169,1.3087151,0.80345714,GM12878,0.6671338,0.6853933,2
ENSG00000136518,1.4587667,2.1798103,GM12878,0.8453395,1.0,2
ENSG00000136521,1.5487628,1.9242793,GM12878,0.78227735,1.0,2
ENSG00000136521,1.5107559,1.9242793,GM12878,0.6051746,0.94213504,2
ENSG00000136521,1.4601121,1.9242793,GM12878,0.7952677,0.96137625,2
ENSG00000136521,1.3042214,1.9242793,GM12878,0.75760657,0.5506329,2
ENSG00000136521,1.5226734,1.9242793,GM12878,0.85499907,0.99719924,2
ENSG00000136527,1.6953768,2.310842,GM12878,0.8383661,1.0,2
ENSG00000136527,1.6879292,2.310842,GM12878,0.89925015,1.0,2
ENSG00000136527,1.7070522,2.310842,GM12878,0.941699,0.6574642,2
ENSG00000136603,1.3548234,0.705008,GM12878,0.9063216,1.0,2
ENSG00000138231,1.3480775,0.8785218,GM12878,0.8538313,1.0,2
ENSG00000138246,0.88413864,0.86391735,GM12878,0.7919275,1.0,2
ENSG00000138246,1.2266728,0.86391735,GM12878,0.8688333,1.0,2
ENSG00000138459,1.0874746,0.9434945,GM12878,0.64016753,1.0,2
ENSG00000138463,0.64570224,-0.13076828,GM12878,0.93497866,1.0,2
ENSG00000138463,0.59824973,-0.13076828,GM12878,0.63233656,1.0,2
ENSG00000138468,1.459836,1.1920096,GM12878,0.9065633,1.0,2
ENSG00000138468,1.4388313,1.1920096,GM12878,0.9003463,1.0,2
ENSG00000138468,1.4541202,1.1920096,GM12878,0.9366798,1.0,2
ENSG00000138468,1.2873015,1.1920096,GM12878,0.86048776,1.0,2
ENSG00000138468,1.5071272,1.1920096,GM12878,0.69874847,0.7715164,2
ENSG00000138468,1.5071272,1.1920096,GM12878,0.69874847,0.6111111,2
ENSG00000138468,1.657645,1.1920096,GM12878,0.92826855,0.81985295,2
ENSG00000138468,1.657645,1.1920096,GM12878,0.92826855,0.9072289,2
ENSG00000138468,1.4429104,1.1920096,GM12878,0.80637455,0.8185118,2
ENSG00000138495,1.1910897,1.3921691,GM12878,0.9100662,1.0,2
ENSG00000138495,1.1910897,1.3921691,GM12878,0.9100662,1.0,2
ENSG00000138495,1.4334772,1.3921691,GM12878,0.6749741,0.062801935,2
ENSG00000138496,0.88271224,0.34635296,GM12878,0.9063812,1.0,2
ENSG00000138496,0.78498995,0.34635296,GM12878,0.8029353,1.0,2
ENSG00000139496,1.5399351,1.8177637,GM12878,0.8424035,1.0,2
ENSG00000139496,1.5006709,1.8177637,GM12878,0.829539,0.9985111,2
ENSG00000139505,1.0788665,0.69983774,GM12878,0.7978595,1.0,2
ENSG00000139505,0.9295865,0.69983774,GM12878,0.8971272,1.0,2
ENSG00000139505,0.9740242,0.69983774,GM12878,0.83606815,1.0,2
ENSG00000139508,0.15828538,0.19865708,GM12878,0.93573105,1.0,2
ENSG00000139514,1.184876,0.8597386,GM12878,0.94357294,1.0,2
ENSG00000139517,1.0604924,0.48995847,GM12878,0.92982835,1.0,2
ENSG00000139668,1.0592726,0.5843312,GM12878,0.82869905,1.0,2
ENSG00000139684,1.765294,2.280624,GM12878,0.93521214,1.0,2
ENSG00000139684,1.6080327,2.280624,GM12878,0.644025,1.0,2
ENSG00000139684,1.6140885,2.280624,GM12878,0.9269021,1.0,2
ENSG00000139684,1.3856788,2.280624,GM12878,0.8519567,1.0,2
ENSG00000139684,1.5807412,2.280624,GM12878,0.90779424,1.0,2
ENSG00000139684,1.614676,2.280624,GM12878,0.784127,1.0,2
ENSG00000139684,1.6262895,2.280624,GM12878,0.89468086,1.0,2
ENSG00000139684,1.5489848,2.280624,GM12878,0.79158145,1.0,2
ENSG00000139687,1.1040996,1.1643529,GM12878,0.710276,1.0,2
ENSG00000139734,0.9001097,1.0507663,GM12878,0.8221904,1.0,2
ENSG00000139734,0.8783845,1.0507663,GM12878,0.9031997,1.0,2
ENSG00000139734,1.0231819,1.0507663,GM12878,0.9127163,1.0,2
ENSG00000139734,1.1617241,1.0507663,GM12878,0.8063108,0.89863014,2
ENSG00000139737,0.18223116,-0.4436975,GM12878,0.9429937,1.0,2
ENSG00000139746,1.381279,1.278525,GM12878,0.8530151,1.0,2
ENSG00000139746,1.5904027,1.278525,GM12878,0.92036074,1.0,2
ENSG00000139746,1.4985814,1.278525,GM12878,0.7342035,0.114832535,2
ENSG00000139793,1.4687588,1.1010593,GM12878,0.9127336,1.0,2
ENSG00000139793,1.4467542,1.1010593,GM12878,0.7828071,0.32861805,2
ENSG00000139793,1.5273788,1.1010593,GM12878,0.43550628,0.016207455,2
ENSG00000139793,1.4819589,1.1010593,GM12878,0.73892933,0.28080568,2
ENSG00000139835,0.8115188,0.8853612,GM12878,0.86201257,1.0,2
ENSG00000139842,1.3370764,1.542701,GM12878,0.68194014,1.0,2
ENSG00000144455,1.1401914,0.61066014,GM12878,0.89436567,1.0,2
ENSG00000144455,1.0170121,0.61066014,GM12878,0.7875689,0.9255319,2
ENSG00000144455,1.5624019,0.61066014,GM12878,0.75482285,0.9765013,2
ENSG00000144554,1.479132,1.9834459,GM12878,0.8751644,1.0,2
ENSG00000144554,1.6181183,1.9834459,GM12878,0.8766216,1.0,2
ENSG00000144554,1.6984426,1.9834459,GM12878,0.79520524,1.0,2
ENSG00000144554,1.4368839,1.9834459,GM12878,0.87936515,0.9630556,2
ENSG00000144554,1.608068,1.9834459,GM12878,0.80818087,0.6828812,2
ENSG00000144559,1.499214,1.3340515,GM12878,0.9479157,1.0,2
ENSG00000144559,1.4928508,1.3340515,GM12878,0.79455763,0.2735043,2
ENSG00000144559,1.4280999,1.3340515,GM12878,0.9378664,0.1091314,2
ENSG00000144559,1.3951629,1.3340515,GM12878,0.61623895,0.2673611,2
ENSG00000144560,0.5223645,1.0149404,GM12878,0.9784993,1.0,2
ENSG00000144560,0.0513924,1.0149404,GM12878,0.9809941,0.004893964,2
ENSG00000144566,1.6335061,1.5156089,GM12878,0.90416765,1.0,2
ENSG00000144566,1.6074212,1.5156089,GM12878,0.6608417,1.0,2
ENSG00000144566,1.5190873,1.5156089,GM12878,0.77236754,0.03066125,2
ENSG00000144597,1.4459336,1.158664,GM12878,0.8476506,1.0,2
ENSG00000144597,1.538517,1.158664,GM12878,0.8832294,1.0,2
ENSG00000144597,1.538517,1.158664,GM12878,0.8832294,1.0,2
ENSG00000144597,1.4627103,1.158664,GM12878,0.8512322,0.8378756,2
ENSG00000144635,1.3987713,1.710625,GM12878,0.9364203,1.0,2
ENSG00000144645,-0.6145023,-0.7695511,GM12878,0.994163,1.0,2
ENSG00000144645,-0.6263897,-0.7695511,GM12878,0.9965413,1.0,2
ENSG00000144655,1.220099,1.058426,GM12878,0.9184421,1.0,2
ENSG00000144655,1.220099,1.058426,GM12878,0.9184421,1.0,2
ENSG00000144659,1.266199,1.6049817,GM12878,0.818222,1.0,2
ENSG00000144659,1.3756081,1.6049817,GM12878,0.8207629,1.0,2
ENSG00000144659,1.3869371,1.6049817,GM12878,0.8369303,1.0,2
ENSG00000144668,-0.4774165,-0.88605666,GM12878,0.9931728,1.0,2
ENSG00000144674,1.6133138,1.3525684,GM12878,0.69333905,1.0,2
ENSG00000144674,1.63099,1.3525684,GM12878,0.93360305,1.0,2
ENSG00000144674,1.6934906,1.3525684,GM12878,0.6801361,0.08222222,2
ENSG00000144674,1.5758224,1.3525684,GM12878,0.7665958,0.04810361,2
ENSG00000144674,1.6533611,1.3525684,GM12878,0.9093911,0.04810361,2
ENSG00000144674,1.6991507,1.3525684,GM12878,0.38949952,0.9280855,2
ENSG00000144674,1.6699402,1.3525684,GM12878,0.7903475,0.16132167,2
ENSG00000144677,0.16417056,1.0666986,GM12878,0.9195732,1.0,2
ENSG00000144677,0.23920372,1.0666986,GM12878,0.89692986,1.0,2
ENSG00000144711,1.0838444,0.7839036,GM12878,0.9415683,1.0,2
ENSG00000144711,0.8627877,0.7839036,GM12878,0.8760491,1.0,2
ENSG00000144711,0.98986864,0.7839036,GM12878,0.6906988,0.11594203,2
ENSG00000144736,1.1470294,0.96988165,GM12878,0.889501,1.0,2
ENSG00000144741,0.9671681,1.1115985,GM12878,0.8313793,1.0,2
ENSG00000144741,0.92950726,1.1115985,GM12878,0.7299004,1.0,2
ENSG00000144741,0.7781068,1.1115985,GM12878,0.73906094,0.20843673,2
ENSG00000144741,0.69884944,1.1115985,GM12878,0.7321532,0.0016542597,2
ENSG00000144744,1.2570202,1.5961571,GM12878,0.8472927,1.0,2
ENSG00000144744,1.3330214,1.5961571,GM12878,0.7890981,1.0,2
ENSG00000144744,1.1694218,1.5961571,GM12878,0.8936663,1.0,2
ENSG00000144744,1.1976554,1.5961571,GM12878,0.79516387,1.0,2
ENSG00000144744,1.3159809,1.5961571,GM12878,0.88349915,0.9200657,2
ENSG00000144747,1.5668194,0.9628427,GM12878,0.80618393,1.0,2
ENSG00000144747,1.381785,0.9628427,GM12878,0.40334156,1.0,2
ENSG00000144747,1.3746241,0.9628427,GM12878,0.7233517,1.0,2
ENSG00000144791,1.0896628,1.2711443,GM12878,0.9485209,1.0,2
ENSG00000144791,1.2299747,1.2711443,GM12878,0.8895481,1.0,2
ENSG00000144792,-0.4190671,-0.5850267,GM12878,0.9944991,1.0,2
ENSG00000144802,1.2139003,0.7259116,GM12878,0.95273787,1.0,2
ENSG00000144815,0.7109561,0.2966652,GM12878,0.94470936,1.0,2
ENSG00000144821,-0.26906252,-0.88605666,GM12878,0.9804952,1.0,2
ENSG00000144821,-0.28463942,-0.88605666,GM12878,0.9915474,1.0,2
ENSG00000144821,-0.31547195,-0.88605666,GM12878,0.9797947,1.0,2
ENSG00000144821,-0.08558613,-0.88605666,GM12878,0.9571273,1.0,2
ENSG00000144821,-0.10059205,-0.88605666,GM12878,0.9644221,1.0,2
ENSG00000144821,-0.3036196,-0.88605666,GM12878,0.99017346,1.0,2
ENSG00000144821,-0.02601707,-0.88605666,GM12878,0.9814865,1.0,2
ENSG00000144821,-0.2739434,-0.88605666,GM12878,0.9731305,1.0,2
ENSG00000144827,1.0486721,1.3686587,GM12878,0.9031076,1.0,2
ENSG00000144827,1.1861118,1.3686587,GM12878,0.8910476,0.9423265,2
ENSG00000144840,1.3625515,0.79934055,GM12878,0.77493024,1.0,2
ENSG00000144840,1.466895,0.79934055,GM12878,0.8482806,1.0,2
ENSG00000144840,1.115943,0.79934055,GM12878,0.881901,1.0,2
ENSG00000144843,0.16781336,-0.31875876,GM12878,0.9662494,1.0,2
ENSG00000144848,1.2195294,1.5587085,GM12878,0.5525323,1.0,2
ENSG00000144867,1.4156651,1.6514719,GM12878,0.93521196,1.0,2
ENSG00000144895,1.5664268,2.162415,GM12878,0.87976146,0.89779544,2
ENSG00000144895,1.5975605,2.162415,GM12878,0.7982385,0.99768853,2
ENSG00000144909,1.3727304,0.4116197,GM12878,0.94150424,1.0,2
ENSG00000144935,0.9350475,0.20139712,GM12878,0.8577031,1.0,2
ENSG00000144959,0.89305425,0.35793483,GM12878,0.8769837,1.0,2
ENSG00000144959,0.6989871,0.35793483,GM12878,0.8606229,0.66459626,2
ENSG00000145014,1.0664922,1.0461048,GM12878,0.7971014,1.0,2
ENSG00000145014,1.15804,1.0461048,GM12878,0.24774963,0.0,2
ENSG00000145014,1.1632413,1.0461048,GM12878,0.39591068,0.14335664,2
ENSG00000145014,0.9797696,1.0461048,GM12878,0.9162572,0.08713693,2
ENSG00000145016,1.4507055,1.1293676,GM12878,0.5687854,1.0,2
ENSG00000145016,1.4543306,1.1293676,GM12878,0.92630565,1.0,2
ENSG00000145016,1.4408276,1.1293676,GM12878,0.652639,0.37102473,2
ENSG00000145022,1.457001,0.919601,GM12878,0.7161399,1.0,2
ENSG00000145029,1.1613165,0.86746746,GM12878,0.93489563,1.0,2
ENSG00000145029,1.3180057,0.86746746,GM12878,0.6952873,1.0,2
ENSG00000145029,0.7684481,0.86746746,GM12878,0.92092556,0.91604936,2
ENSG00000145041,1.101125,1.0182843,GM12878,0.8932918,1.0,2
ENSG00000145041,1.5135304,1.0182843,GM12878,0.8583109,1.0,2
ENSG00000145041,1.4404068,1.0182843,GM12878,0.9381919,1.0,2
ENSG00000145041,1.2184911,1.0182843,GM12878,0.87064046,1.0,2
ENSG00000145041,1.2739956,1.0182843,GM12878,0.9079132,1.0,2
ENSG00000145041,1.3563814,1.0182843,GM12878,0.93107784,1.0,2
ENSG00000145050,1.5012817,1.5587085,GM12878,0.7669142,1.0,2
ENSG00000145088,1.1212955,0.8536982,GM12878,0.89978206,1.0,2
ENSG00000145088,1.2377449,0.8536982,GM12878,0.9376553,1.0,2
ENSG00000145088,0.7839017,0.8536982,GM12878,0.74778014,0.49558824,2
ENSG00000145191,1.6660342,1.8125123,GM12878,0.7975369,1.0,2
ENSG00000145191,1.4674811,1.8125123,GM12878,0.24287464,0.43935052,2
ENSG00000150401,1.2439349,0.9542425,GM12878,0.7753016,1.0,2
ENSG00000150401,1.2439349,0.9542425,GM12878,0.7753016,1.0,2
ENSG00000150401,1.2023201,0.9542425,GM12878,0.8756546,0.7419355,2
ENSG00000150403,1.107414,1.3984609,GM12878,0.9070552,1.0,2
ENSG00000150403,1.2821159,1.3984609,GM12878,0.9204384,1.0,2
ENSG00000150403,1.2460635,1.3984609,GM12878,0.94391465,1.0,2
ENSG00000150403,1.0914371,1.3984609,GM12878,0.9240615,1.0,2
ENSG00000150403,0.82087505,1.3984609,GM12878,0.9463996,1.0,2
ENSG00000150403,1.0431573,1.3984609,GM12878,0.7401287,1.0,2
ENSG00000150403,1.020432,1.3984609,GM12878,0.9435928,1.0,2
ENSG00000150403,1.0337976,1.3984609,GM12878,0.8474162,0.8066351,2
ENSG00000150456,0.6607116,0.9132839,GM12878,0.88730407,1.0,2
ENSG00000150456,0.9673586,0.9132839,GM12878,0.8277654,1.0,2
ENSG00000150456,1.0137609,0.9132839,GM12878,0.79192334,1.0,2
ENSG00000150457,0.7777288,-0.2596373,GM12878,0.6124274,1.0,2
ENSG00000150459,1.5946659,1.8309093,GM12878,0.807903,1.0,2
ENSG00000150459,1.2884831,1.8309093,GM12878,0.76778615,1.0,2
ENSG00000150907,0.093617775,-0.11918641,GM12878,0.9615464,1.0,2
ENSG00000150995,1.2004299,1.2787536,GM12878,0.78918123,1.0,2
ENSG00000150995,1.0328139,1.2787536,GM12878,0.81808746,0.89162564,2
ENSG00000151092,1.0197432,1.8289175,GM12878,0.9050379,1.0,2
ENSG00000151092,1.096631,1.8289175,GM12878,0.9084452,0.8594667,2
ENSG00000151092,1.2105422,1.8289175,GM12878,0.57955724,0.9485294,2
ENSG00000151093,1.4522514,1.8499106,GM12878,0.8084657,1.0,2
ENSG00000151093,1.4333053,1.8499106,GM12878,0.893279,1.0,2
ENSG00000151276,0.18974835,1.2479733,GM12878,0.93378866,1.0,2
ENSG00000151287,1.4314874,1.3982873,GM12878,0.7956739,1.0,2
ENSG00000151287,1.3045592,1.3982873,GM12878,0.84200245,0.75855047,2
ENSG00000151287,1.363307,1.3982873,GM12878,0.69876945,0.58589745,2
ENSG00000151576,1.1194803,0.9872192,GM12878,0.927742,1.0,2
ENSG00000151576,0.9355911,0.9872192,GM12878,0.9207304,1.0,2
ENSG00000151576,1.1338423,0.9872192,GM12878,0.90895635,0.39821884,2
ENSG00000151576,1.0078155,0.9872192,GM12878,0.7719081,0.9513973,2
ENSG00000151835,1.0759524,1.1589652,GM12878,0.9256163,1.0,2
ENSG00000151835,1.1033034,1.1589652,GM12878,0.92645895,1.0,2
ENSG00000151835,1.0568902,1.1589652,GM12878,0.9255966,0.22829582,2
ENSG00000151835,1.2198815,1.1589652,GM12878,0.8378476,0.23174366,2
ENSG00000151849,1.7752309,0.9689497,GM12878,0.8700003,1.0,2
ENSG00000151849,1.7496858,0.9689497,GM12878,0.48088565,0.27564102,2
ENSG00000151849,1.594368,0.9689497,GM12878,0.8488234,0.1931624,2
ENSG00000152193,1.355222,0.9804579,GM12878,0.9181974,1.0,2
ENSG00000152484,1.2560765,1.1332195,GM12878,0.8640578,1.0,2
ENSG00000152492,1.0943456,1.4273238,GM12878,0.83964217,1.0,2
ENSG00000152492,1.0337987,1.4273238,GM12878,0.9172066,1.0,2
ENSG00000152492,1.2450747,1.4273238,GM12878,0.94317067,0.23015873,2
ENSG00000152520,1.3708433,1.0899051,GM12878,0.90642124,1.0,2
ENSG00000152580,-0.5706503,0.14612803,GM12878,0.9883885,1.0,2
ENSG00000152580,-0.23174682,0.14612803,GM12878,0.9901635,1.0,2
ENSG00000152601,1.8488654,1.9937888,GM12878,0.5617751,1.0,2
ENSG00000152601,1.7946866,1.9937888,GM12878,0.89811283,0.9367179,2
ENSG00000152601,1.722783,1.9937888,GM12878,0.9279291,1.0,2
ENSG00000152601,1.8019632,1.9937888,GM12878,0.5453655,0.32507396,2
ENSG00000152601,1.8513532,1.9937888,GM12878,0.5630607,0.596391,2
ENSG00000152601,1.6516572,1.9937888,GM12878,0.58782035,0.6635324,2
ENSG00000152601,1.8210747,1.9937888,GM12878,0.7240187,0.0,2
ENSG00000152642,0.5273247,0.77451694,GM12878,0.9635708,1.0,2
ENSG00000152749,1.006063,0.41664052,GM12878,0.92875683,1.0,2
ENSG00000153283,0.1046722,0.73239374,GM12878,0.93367076,1.0,2
ENSG00000153495,-0.5193319,-0.79588,GM12878,0.9916716,1.0,2
ENSG00000153531,-0.42650265,-0.45593196,GM12878,0.9914078,1.0,2
ENSG00000153551,-0.4171262,0.041392684,GM12878,0.99654883,1.0,2
ENSG00000153551,-0.4171262,0.041392684,GM12878,0.99654883,1.0,2
ENSG00000153551,-0.44867265,0.041392684,GM12878,0.9942871,1.0,2
ENSG00000153560,1.3285605,2.0281236,GM12878,0.8975624,1.0,2
ENSG00000153560,1.4322959,2.0281236,GM12878,0.89858645,0.2793773,2
ENSG00000153767,1.3244984,1.1846914,GM12878,0.76535684,1.0,2
ENSG00000153767,1.4949217,1.1846914,GM12878,0.91808844,1.0,2
ENSG00000153767,1.3214433,1.1846914,GM12878,0.9252339,1.0,2
ENSG00000154174,1.6580539,1.5732198,GM12878,0.89846784,1.0,2
ENSG00000154174,1.6469752,1.5732198,GM12878,0.9253968,1.0,2
ENSG00000154174,1.4153624,1.5732198,GM12878,0.8509949,1.0,2
ENSG00000154174,1.6449444,1.5732198,GM12878,0.9163325,1.0,2
ENSG00000154174,1.6442343,1.5732198,GM12878,0.8266937,1.0,2
ENSG00000154174,1.3532109,1.5732198,GM12878,0.90769386,1.0,2
ENSG00000154174,1.652876,1.5732198,GM12878,0.8968697,1.0,2
ENSG00000154174,1.2708471,1.5732198,GM12878,0.8756629,1.0,2
ENSG00000154310,1.4770575,1.3188977,GM12878,0.7453138,1.0,2
ENSG00000154310,1.5510724,1.3188977,GM12878,0.4350166,0.8144599,2
ENSG00000154310,1.389204,1.3188977,GM12878,0.8635284,0.902439,2
ENSG00000154310,1.4212499,1.3188977,GM12878,0.63830996,0.8144599,2
ENSG00000154743,1.1597612,1.5141492,GM12878,0.93352365,1.0,2
ENSG00000154743,1.2919238,1.5141492,GM12878,0.92923534,1.0,2
ENSG00000154743,1.2875869,1.5141492,GM12878,0.85962266,0.55275893,2
ENSG00000154767,1.6010102,1.2979792,GM12878,0.8944617,1.0,2
ENSG00000154767,1.5143517,1.2979792,GM12878,0.85124093,1.0,2
ENSG00000154767,1.6529596,1.2979792,GM12878,0.90590745,1.0,2
ENSG00000154767,1.6044567,1.2979792,GM12878,0.78896415,0.9901079,2
ENSG00000154781,1.6481259,0.8142476,GM12878,0.92196566,1.0,2
ENSG00000154781,1.4327824,0.8142476,GM12878,0.9231813,1.0,2
ENSG00000154813,1.6143168,1.6401832,GM12878,0.8817286,1.0,2
ENSG00000154813,1.612417,1.6401832,GM12878,0.6517593,0.71350163,2
ENSG00000154814,1.6840405,1.4995496,GM12878,0.8775328,1.0,2
ENSG00000154814,1.7150451,1.4995496,GM12878,0.68957615,1.0,2
ENSG00000154814,1.7199032,1.4995496,GM12878,0.7610069,1.0,2
ENSG00000154814,1.6274886,1.4995496,GM12878,0.8148371,1.0,2
ENSG00000154814,1.6201084,1.4995496,GM12878,0.85568327,1.0,2
ENSG00000154814,1.7847366,1.4995496,GM12878,0.9047386,1.0,2
ENSG00000154814,1.7828646,1.4995496,GM12878,0.8183096,0.8575141,2
ENSG00000154822,-0.06988781,-0.6777807,GM12878,0.9892541,1.0,2
ENSG00000154822,-0.04445643,-0.6777807,GM12878,0.9545845,1.0,2
ENSG00000154917,1.03427,1.0655798,GM12878,0.84355974,1.0,2
ENSG00000154917,0.7164599,1.0655798,GM12878,0.9192286,1.0,2
ENSG00000154917,0.7357075,1.0655798,GM12878,0.8800842,1.0,2
ENSG00000155893,0.21011642,0.2329961,GM12878,0.98690087,1.0,2
ENSG00000155903,0.9720645,0.8305887,GM12878,0.8006946,1.0,2
ENSG00000155903,1.1349497,0.8305887,GM12878,0.8169305,1.0,2
ENSG00000155903,0.9922142,0.8305887,GM12878,0.79115754,1.0,2
ENSG00000155903,1.226783,0.8305887,GM12878,0.90001553,1.0,2
ENSG00000155903,1.1429949,0.8305887,GM12878,0.9460092,1.0,2
ENSG00000155903,1.2295394,0.8305887,GM12878,0.7120672,1.0,2
ENSG00000155903,1.2049751,0.8305887,GM12878,0.9202498,1.0,2
ENSG00000156931,1.3225455,1.3907585,GM12878,0.75192964,1.0,2
ENSG00000156976,1.8508378,2.7266376,GM12878,0.7307633,1.0,2
ENSG00000156976,1.8920951,2.7266376,GM12878,0.7034257,0.8952628,2
ENSG00000156976,1.7755919,2.7266376,GM12878,0.82955813,0.051686313,2
ENSG00000156983,1.590484,1.0652062,GM12878,0.92913574,1.0,2
ENSG00000156983,1.395334,1.0652062,GM12878,0.92942894,0.9022082,2
ENSG00000156990,1.4278988,1.7992716,GM12878,0.9012238,0.851468,2
ENSG00000156990,1.468957,1.7992716,GM12878,0.90181845,0.98152125,2
ENSG00000156990,1.439578,1.7992716,GM12878,0.8841926,1.0,2
ENSG00000157014,1.4855506,1.2743888,GM12878,0.7961079,1.0,2
ENSG00000157020,1.8014929,2.2975855,GM12878,0.9139748,1.0,2
ENSG00000157020,1.9190147,2.2975855,GM12878,0.8549277,1.0,2
ENSG00000157020,1.8394129,2.2975855,GM12878,0.66156805,0.024478085,2
ENSG00000157020,1.8684865,2.2975855,GM12878,0.65690947,0.004609156,2
ENSG00000157036,0.8076246,1.06032,GM12878,0.82725394,1.0,2
ENSG00000157036,1.0963836,1.06032,GM12878,0.9479493,1.0,2
ENSG00000157036,1.0033172,1.06032,GM12878,0.8194744,1.0,2
ENSG00000157036,1.0033172,1.06032,GM12878,0.8194744,1.0,2
ENSG00000157036,1.1012955,1.06032,GM12878,0.6725898,0.037904125,2
ENSG00000157036,0.8076246,1.06032,GM12878,0.82725394,0.9710907,2
ENSG00000157036,1.036474,1.06032,GM12878,0.34580442,0.00538358,2
ENSG00000157036,1.0249891,1.06032,GM12878,0.7327946,0.023778072,2
ENSG00000157036,0.93466294,1.06032,GM12878,0.7299162,0.014395393,2
ENSG00000157500,0.9724482,0.73878056,GM12878,0.9344384,1.0,2
ENSG00000158092,1.1220176,1.3283796,GM12878,0.84409046,1.0,2
ENSG00000158234,0.4769791,0.19312459,GM12878,0.95830464,1.0,2
ENSG00000158234,0.30539408,0.19312459,GM12878,0.7609822,0.11016949,2
ENSG00000159685,0.8627994,1.1616675,GM12878,0.84500855,1.0,2
ENSG00000159685,0.7030255,1.1616675,GM12878,0.9160356,1.0,2
ENSG00000159685,0.6347612,1.1616675,GM12878,0.92477846,0.012937595,2
ENSG00000160124,1.2870764,1.4587889,GM12878,0.8605558,1.0,2
ENSG00000160746,1.343941,1.5494937,GM12878,0.93763846,1.0,2
ENSG00000160796,1.5594897,1.5025637,GM12878,0.9696455,1.0,2
ENSG00000160796,1.4665595,1.5025637,GM12878,0.84649765,0.8508876,2
ENSG00000160796,1.5580158,1.5025637,GM12878,0.88801414,0.7018272,2
ENSG00000160799,1.6615796,1.6068112,GM12878,0.87477976,1.0,2
ENSG00000160799,1.6544662,1.6068112,GM12878,0.89693636,1.0,2
ENSG00000161202,1.5655313,1.2805784,GM12878,0.8485359,1.0,2
ENSG00000161203,1.5439775,2.673371,GM12878,0.8975689,1.0,2
ENSG00000161203,1.5031803,2.673371,GM12878,0.36060008,0.0294491,2
ENSG00000161204,1.2800654,1.6018428,GM12878,0.93704516,1.0,2
ENSG00000161217,1.7977624,1.6291037,GM12878,0.8589946,1.0,2
ENSG00000161217,1.8033037,1.6291037,GM12878,0.5538367,0.58247733,2
ENSG00000163320,1.512842,1.5481436,GM12878,0.8300835,1.0,2
ENSG00000163320,1.563791,1.5481436,GM12878,0.71133494,0.17072399,2
ENSG00000163376,1.4348097,0.6201361,GM12878,0.7147202,1.0,2
ENSG00000163376,1.3747973,0.6201361,GM12878,0.8919509,1.0,2
ENSG00000163378,1.3384557,0.5843312,GM12878,0.89749515,1.0,2
ENSG00000163389,1.3025192,1.0068938,GM12878,0.68679494,1.0,2
ENSG00000163412,0.14765796,-0.17392519,GM12878,0.9727298,1.0,2
ENSG00000163428,1.1156998,1.0733517,GM12878,0.8974672,1.0,2
ENSG00000163507,1.6986452,1.3386557,GM12878,0.64674294,1.0,2
ENSG00000163507,1.5687755,1.3386557,GM12878,0.87892365,1.0,2
ENSG00000163512,1.3442202,1.8568497,GM12878,0.74455464,1.0,2
ENSG00000163512,1.3304118,1.8568497,GM12878,0.74377143,1.0,2
ENSG00000163512,1.4451756,1.8568497,GM12878,0.86008936,1.0,2
ENSG00000163513,-0.13102269,-0.7695511,GM12878,0.9617603,1.0,2
ENSG00000163513,-0.15092123,-0.7695511,GM12878,0.97217745,1.0,2
ENSG00000163513,-0.29440594,-0.7695511,GM12878,0.98651415,1.0,2
ENSG00000163520,-0.18766338,-0.7212464,GM12878,0.9954129,1.0,2
ENSG00000163527,1.4774938,1.9253637,GM12878,0.8595026,1.0,2
ENSG00000163528,1.48775,1.6548501,GM12878,0.9098972,1.0,2
ENSG00000163528,1.359381,1.6548501,GM12878,0.9039507,0.1300089,2
ENSG00000163536,0.8161037,0.7067178,GM12878,0.8493962,1.0,2
ENSG00000163536,0.8161037,0.7067178,GM12878,0.8493962,1.0,2
ENSG00000163536,0.7994218,0.7067178,GM12878,0.8156179,1.0,2
ENSG00000163539,1.3551213,1.7298125,GM12878,0.79807174,1.0,2
ENSG00000163558,1.3379095,1.418467,GM12878,0.8546982,1.0,2
ENSG00000163577,1.1861429,1.0595634,GM12878,0.9491958,1.0,2
ENSG00000163577,1.0628123,1.0595634,GM12878,0.8855529,1.0,2
ENSG00000163602,1.450625,0.7930916,GM12878,0.90414834,1.0,2
ENSG00000163602,1.1205543,0.7930916,GM12878,0.9412054,1.0,2
ENSG00000163605,1.2890722,1.2821687,GM12878,0.8816287,1.0,2
ENSG00000163606,0.09165425,-0.88605666,GM12878,0.94677335,1.0,2
ENSG00000163606,-0.19245136,-0.88605666,GM12878,0.9830505,1.0,2
ENSG00000163607,1.219213,1.0421816,GM12878,0.797642,1.0,2
ENSG00000163607,1.2375656,1.0421816,GM12878,0.7909368,0.93997073,2
ENSG00000163607,1.3992714,1.0421816,GM12878,0.7077266,0.25153375,2
ENSG00000163608,1.3423735,1.1994809,GM12878,0.8374816,1.0,2
ENSG00000163608,1.5375919,1.1994809,GM12878,0.6404999,0.96254075,2
ENSG00000163608,1.1356041,1.1994809,GM12878,0.89742976,0.6994434,2
ENSG00000163611,1.0745107,0.69548166,GM12878,0.91762114,1.0,2
ENSG00000163617,0.5050447,-0.3767507,GM12878,0.9187525,1.0,2
ENSG00000163634,1.2573752,1.7580788,GM12878,0.81467384,1.0,2
ENSG00000163634,1.218585,1.7580788,GM12878,0.8674662,1.0,2
ENSG00000163634,1.1874871,1.7580788,GM12878,0.7933279,0.95077354,2
ENSG00000163635,0.6370479,0.9420081,GM12878,0.94128007,1.0,2
ENSG00000163635,0.86674297,0.9420081,GM12878,0.65965396,0.4506579,2
ENSG00000163636,1.2477069,1.7255033,GM12878,0.7565234,1.0,2
ENSG00000163636,1.4834636,1.7255033,GM12878,0.82285017,1.0,2
ENSG00000163636,1.531767,1.7255033,GM12878,0.83645254,0.120942645,2
ENSG00000163638,-0.52051455,0.1271048,GM12878,0.98540086,1.0,2
ENSG00000163638,-0.56104314,0.1271048,GM12878,0.9806849,1.0,2
ENSG00000163645,0.5289261,-0.9586073,GM12878,0.930645,1.0,2
ENSG00000163655,1.7073257,2.0115705,GM12878,0.8972143,1.0,2
ENSG00000163659,1.4441234,0.9786369,GM12878,0.926239,1.0,2
ENSG00000163659,1.5067179,0.9786369,GM12878,0.9180819,1.0,2
ENSG00000163660,1.9381261,2.1809282,GM12878,0.7886406,1.0,2
ENSG00000163660,1.9009339,2.1809282,GM12878,0.8222871,1.0,2
ENSG00000163660,1.9468272,2.1809282,GM12878,0.78005207,1.0,2
ENSG00000163660,1.9487557,2.1809282,GM12878,0.9432066,0.052706555,2
ENSG00000163660,1.9278111,2.1809282,GM12878,0.7761986,0.16513534,2
ENSG00000163660,1.8739142,2.1809282,GM12878,0.65901625,0.20964912,2
ENSG00000163661,-0.5739463,-0.92081875,GM12878,0.99345076,1.0,2
ENSG00000163666,0.3153367,-0.22184876,GM12878,0.9540127,1.0,2
ENSG00000163681,1.2970405,1.2725378,GM12878,0.8928849,1.0,2
ENSG00000163681,1.387597,1.2725378,GM12878,0.91845787,0.9385875,2
ENSG00000163681,1.5711768,1.2725378,GM12878,0.88411856,0.85278654,2
ENSG00000163684,1.3545071,1.1303338,GM12878,0.9421924,1.0,2
ENSG00000163684,1.2801518,1.1303338,GM12878,0.87221193,1.0,2
ENSG00000163686,0.8104571,0.49968708,GM12878,0.9011644,1.0,2
ENSG00000163686,0.9618182,0.49968708,GM12878,0.88544905,0.4,2
ENSG00000163689,0.75507206,0.5611014,GM12878,0.8482355,1.0,2
ENSG00000163689,0.40986845,0.5611014,GM12878,0.75387555,0.16883117,2
ENSG00000163701,0.40900418,0.10037055,GM12878,0.9519488,1.0,2
ENSG00000163701,0.3700425,0.10037055,GM12878,0.92233306,1.0,2
ENSG00000163701,0.47582617,0.10037055,GM12878,0.9781763,1.0,2
ENSG00000163703,1.2830265,1.4608978,GM12878,0.9671733,1.0,2
ENSG00000163703,1.1279855,1.4608978,GM12878,0.7447039,1.0,2
ENSG00000163703,1.2362394,1.4608978,GM12878,0.85701585,0.65378785,2
ENSG00000163704,0.04820188,0.008600172,GM12878,0.9806213,1.0,2
ENSG00000163704,0.23829243,0.008600172,GM12878,0.961601,1.0,2
ENSG00000163704,0.30667108,0.008600172,GM12878,0.9795814,1.0,2
ENSG00000163710,0.030598313,-0.017728766,GM12878,0.99389887,1.0,2
ENSG00000163714,1.7531104,1.9958984,GM12878,0.9035863,1.0,2
ENSG00000163714,1.8243625,1.9958984,GM12878,0.65518063,0.9801345,2
ENSG00000163714,1.8983433,1.9958984,GM12878,0.49872237,0.0,2
ENSG00000163719,1.2865751,1.6032526,GM12878,0.8805786,1.0,2
ENSG00000163719,1.2317162,1.6032526,GM12878,0.66304016,0.96216214,2
ENSG00000163719,1.1886976,1.6032526,GM12878,0.89579004,0.9939136,2
ENSG00000163719,1.2256064,1.6032526,GM12878,0.88063335,0.6987775,2
ENSG00000163719,1.2256064,1.6032526,GM12878,0.88063335,0.45930701,2
ENSG00000163719,0.97651935,1.6032526,GM12878,0.9217774,0.47863248,2
ENSG00000163719,0.97651935,1.6032526,GM12878,0.9217774,0.7148574,2
ENSG00000163728,1.2766813,1.6462076,GM12878,0.8145893,1.0,2
ENSG00000163728,1.4010475,1.6462076,GM12878,0.8796715,1.0,2
ENSG00000163728,1.2748854,1.6462076,GM12878,0.84668744,1.0,2
ENSG00000163754,0.9671273,1.2309595,GM12878,0.87116265,1.0,2
ENSG00000163754,0.9671273,1.2309595,GM12878,0.87116265,0.87133336,2
ENSG00000163754,1.0647283,1.2309595,GM12878,0.50245535,0.0015278839,2
ENSG00000163755,0.93219197,0.93399316,GM12878,0.8329519,1.0,2
ENSG00000163755,0.8567854,0.93399316,GM12878,0.9369905,1.0,2
ENSG00000163755,0.98150015,0.93399316,GM12878,0.91708213,1.0,2
ENSG00000163755,0.8624172,0.93399316,GM12878,0.8003105,0.59090906,2
ENSG00000163755,0.90184957,0.93399316,GM12878,0.6231594,0.054545455,2
ENSG00000163781,1.6923368,1.7659664,GM12878,0.853391,1.0,2
ENSG00000163785,0.9904858,1.2581582,GM12878,0.94601357,1.0,2
ENSG00000163785,1.2211555,1.2581582,GM12878,0.724257,1.0,2
ENSG00000163785,1.232455,1.2581582,GM12878,0.8950795,1.0,2
ENSG00000163785,1.2974886,1.2581582,GM12878,0.82692873,1.0,2
ENSG00000163785,1.2016822,1.2581582,GM12878,0.8745461,0.87818694,2
ENSG00000163788,1.0562373,0.73798734,GM12878,0.72836465,0.035897437,2
ENSG00000163788,0.9339045,0.73798734,GM12878,0.8605393,0.44976076,2
ENSG00000163807,1.414567,1.4502491,GM12878,0.88333976,1.0,2
ENSG00000163808,1.5588397,1.2301934,GM12878,0.82277834,1.0,2
ENSG00000163808,1.6029701,1.2301934,GM12878,0.84770125,0.960441,2
ENSG00000163808,1.5142313,1.2301934,GM12878,0.6978542,0.03018868,2
ENSG00000163812,1.4025228,2.0091534,GM12878,0.88778025,1.0,2
ENSG00000163812,1.448586,2.0091534,GM12878,0.9297632,1.0,2
ENSG00000163812,1.0919886,2.0091534,GM12878,0.9169392,0.30022076,2
ENSG00000163814,0.8334594,1.0515383,GM12878,0.9159413,1.0,2
ENSG00000163814,0.71276563,1.0515383,GM12878,0.8063716,1.0,2
ENSG00000163814,0.9057859,1.0515383,GM12878,0.8940739,1.0,2
ENSG00000163818,0.6029923,1.4080703,GM12878,0.9591633,1.0,2
ENSG00000163818,0.86940455,1.4080703,GM12878,0.9508912,0.8982036,2
ENSG00000163820,1.3041434,0.7810369,GM12878,0.95716745,1.0,2
ENSG00000163820,1.4058739,0.7810369,GM12878,0.96171963,1.0,2
ENSG00000163832,1.6409844,2.1544545,GM12878,0.648195,1.0,2
ENSG00000163840,0.81227154,0.14921911,GM12878,0.63216794,1.0,2
ENSG00000163840,1.0968103,0.14921911,GM12878,0.868387,0.9694657,2
ENSG00000163848,1.2189114,0.90741134,GM12878,0.8741167,1.0,2
ENSG00000163848,1.0227568,0.90741134,GM12878,0.2364417,0.23365785,2
ENSG00000163848,1.1617893,0.90741134,GM12878,0.6377373,0.5481386,2
ENSG00000163870,1.1733747,1.1048284,GM12878,0.85315734,0.97267205,2
ENSG00000163872,1.1179316,1.4508647,GM12878,0.8767159,1.0,2
ENSG00000163882,1.711184,2.372949,GM12878,0.8235495,1.0,2
ENSG00000163882,1.6835564,2.372949,GM12878,0.8377807,0.9684516,2
ENSG00000163898,0.48987427,0.08635983,GM12878,0.9463961,1.0,2
ENSG00000163898,0.5210176,0.08635983,GM12878,0.8330131,0.4537037,2
ENSG00000163902,1.5643556,2.3604798,GM12878,0.7563471,1.0,2
ENSG00000163904,1.2273564,1.1906118,GM12878,0.84269744,1.0,2
ENSG00000163904,1.3496375,1.1906118,GM12878,0.7628972,1.0,2
ENSG00000163904,1.0687282,1.1906118,GM12878,0.74171776,0.5375,2
ENSG00000163913,1.385525,1.0161973,GM12878,0.6943083,1.0,2
ENSG00000163913,1.5080866,1.0161973,GM12878,0.76154745,0.016438356,2
ENSG00000163913,1.2591925,1.0161973,GM12878,0.78741217,0.9580838,2
ENSG00000163913,1.7062019,1.0161973,GM12878,0.81388146,0.071428575,2
ENSG00000163913,1.634581,1.0161973,GM12878,0.8816781,0.10684931,2
ENSG00000163913,1.0654347,1.0161973,GM12878,0.86123264,0.088541664,2
ENSG00000163913,1.140598,1.0161973,GM12878,0.6489394,0.9739583,2
ENSG00000163913,1.2895205,1.0161973,GM12878,0.90697795,0.90192926,2
ENSG00000163918,1.8298753,1.8736693,GM12878,0.7524418,1.0,2
ENSG00000163918,1.8670994,1.8736693,GM12878,0.9123153,1.0,2
ENSG00000163918,1.6932061,1.8736693,GM12878,0.91737455,1.0,2
ENSG00000163930,1.1377323,1.6319509,GM12878,0.93611217,1.0,2
ENSG00000163930,1.5467607,1.6319509,GM12878,0.8704386,1.0,2
ENSG00000163931,1.2092447,1.9884697,GM12878,0.9293526,1.0,2
ENSG00000163931,1.2561836,1.9884697,GM12878,0.27369577,0.5766123,2
ENSG00000163931,1.2605221,1.9884697,GM12878,0.26047423,0.02374863,2
ENSG00000163931,1.3369944,1.9884697,GM12878,0.7239208,0.010091601,2
ENSG00000163932,0.89500004,1.0941216,GM12878,0.9440361,1.0,2
ENSG00000163932,0.8649856,1.0941216,GM12878,0.89618856,1.0,2
ENSG00000163932,1.1231387,1.0941216,GM12878,0.92738754,1.0,2
ENSG00000163932,1.1205786,1.0941216,GM12878,0.8685331,1.0,2
ENSG00000163932,0.9590857,1.0941216,GM12878,0.9227476,0.6680195,2
ENSG00000163933,1.3533,1.2052044,GM12878,0.81839776,1.0,2
ENSG00000163935,1.271097,0.48144263,GM12878,0.9444994,1.0,2
ENSG00000163935,1.1070256,0.48144263,GM12878,0.87973964,1.0,2
ENSG00000163935,1.1145825,0.48144263,GM12878,0.9036397,1.0,2
ENSG00000163935,1.0139976,0.48144263,GM12878,0.9245837,0.08045977,2
ENSG00000163938,1.841007,2.0985744,GM12878,0.85283667,1.0,2
ENSG00000163938,1.8432406,2.0985744,GM12878,0.837735,1.0,2
ENSG00000163938,1.8006191,2.0985744,GM12878,0.93043536,1.0,2
ENSG00000163938,1.738663,2.0985744,GM12878,0.8037467,1.0,2
ENSG00000163938,1.7037104,2.0985744,GM12878,0.95102894,1.0,2
ENSG00000163938,1.8320314,2.0985744,GM12878,0.921171,1.0,2
ENSG00000163939,1.3680282,1.1309767,GM12878,0.8587721,1.0,2
ENSG00000163939,1.3706716,1.1309767,GM12878,0.9486065,1.0,2
ENSG00000163939,1.3706716,1.1309767,GM12878,0.9486065,0.91164094,2
ENSG00000163939,1.613564,1.1309767,GM12878,0.8253878,0.17407878,2
ENSG00000163939,1.3268692,1.1309767,GM12878,0.64525926,0.01847575,2
ENSG00000163939,1.255846,1.1309767,GM12878,0.8291861,0.41801387,2
ENSG00000163946,1.1524959,1.372912,GM12878,0.88565016,1.0,2
ENSG00000163946,1.2461448,1.372912,GM12878,0.7376952,0.46666667,2
ENSG00000163947,-0.100219294,-0.29242983,GM12878,0.96760803,1.0,2
ENSG00000163960,1.237638,1.2966652,GM12878,0.84244615,1.0,2
ENSG00000163960,1.2432984,1.2966652,GM12878,0.76641554,1.0,2
ENSG00000163960,1.2647617,1.2966652,GM12878,0.75754994,1.0,2
ENSG00000163960,1.2647617,1.2966652,GM12878,0.75754994,1.0,2
ENSG00000163960,1.3400904,1.2966652,GM12878,0.8921793,0.6418219,2
ENSG00000163961,1.6398151,0.9014583,GM12878,0.76854646,1.0,2
ENSG00000163961,1.5458665,0.9014583,GM12878,0.7436526,0.7191868,2
ENSG00000163964,1.2394445,1.3872118,GM12878,0.75048304,1.0,2
ENSG00000163964,1.2394445,1.3872118,GM12878,0.75048304,1.0,2
ENSG00000163964,1.2300866,1.3872118,GM12878,0.8870538,1.0,2
ENSG00000163964,1.0742074,1.3872118,GM12878,0.7808447,0.0628692,2
ENSG00000163964,1.1944399,1.3872118,GM12878,0.6984471,0.07776618,2
ENSG00000163975,0.66587913,0.55022836,GM12878,0.93339306,1.0,2
ENSG00000164045,1.5024258,1.3951516,GM12878,0.9276901,1.0,2
ENSG00000164045,1.0496463,1.3951516,GM12878,0.8899419,0.8302995,2
ENSG00000164048,1.668989,1.3408406,GM12878,0.7469597,1.0,2
ENSG00000164049,-0.33185259,-0.69897,GM12878,0.9668725,1.0,2
ENSG00000164050,0.67525727,0.9469433,GM12878,0.95899147,1.0,2
ENSG00000164050,0.87332,0.9469433,GM12878,0.98129994,1.0,2
ENSG00000164050,0.9230418,0.9469433,GM12878,0.95331806,1.0,2
ENSG00000164051,1.1738057,1.1099159,GM12878,0.76630545,1.0,2
ENSG00000164053,1.3891623,0.90902084,GM12878,0.8038316,1.0,2
ENSG00000164053,1.3383675,0.90902084,GM12878,0.75530624,0.627972,2
ENSG00000164053,0.8628968,0.90902084,GM12878,0.79939973,0.8716216,2
ENSG00000164061,0.33480188,-0.79588,GM12878,0.9156634,1.0,2
ENSG00000164062,1.5696363,1.9445814,GM12878,0.8975589,1.0,2
ENSG00000164062,1.3582218,1.9445814,GM12878,0.9399981,1.0,2
ENSG00000164062,1.490217,1.9445814,GM12878,0.9639519,1.0,2
ENSG00000164068,1.3094827,1.489396,GM12878,0.9215037,1.0,2
ENSG00000164076,-0.28858313,0.041392684,GM12878,0.9876724,1.0,2
ENSG00000164077,1.1370997,0.7403627,GM12878,0.949358,1.0,2
ENSG00000164077,1.2102668,0.7403627,GM12878,0.9304644,0.6506024,2
ENSG00000164078,0.5134176,0.9474337,GM12878,0.9366902,1.0,2
ENSG00000164078,0.86807615,0.9474337,GM12878,0.90768147,1.0,2
ENSG00000164080,0.1492374,0.5740313,GM12878,0.9757924,1.0,2
ENSG00000164080,0.44506893,0.5740313,GM12878,0.9694847,1.0,2
ENSG00000164081,1.1185048,1.4191293,GM12878,0.92379326,1.0,2
ENSG00000164081,1.3536963,1.4191293,GM12878,0.75019085,0.077784695,2
ENSG00000164081,0.8909201,1.4191293,GM12878,0.958397,0.7662875,2
ENSG00000164086,1.0849383,0.9474337,GM12878,0.842098,1.0,2
ENSG00000164087,1.4328916,1.1000258,GM12878,0.96113825,1.0,2
ENSG00000164087,1.5053254,1.1000258,GM12878,0.7481486,0.84,2
ENSG00000164088,0.38522887,0.8785218,GM12878,0.89002883,1.0,2
ENSG00000164088,0.28785184,0.8785218,GM12878,0.97378266,0.8095238,2
ENSG00000164088,0.5111431,0.8785218,GM12878,0.9149347,1.0,2
ENSG00000164091,1.8495433,1.5976952,GM12878,0.944345,1.0,2
ENSG00000164091,1.8093587,1.5976952,GM12878,0.8990455,1.0,2
ENSG00000165416,1.501828,1.4711449,GM12878,0.8356474,1.0,2
ENSG00000165416,1.3717225,1.4711449,GM12878,0.22721796,0.91745913,2
ENSG00000165475,0.5626368,0.820858,GM12878,0.95476484,1.0,2
ENSG00000165475,0.5778067,0.820858,GM12878,0.92900276,1.0,2
ENSG00000165475,0.600323,0.820858,GM12878,0.96147126,1.0,2
ENSG00000165475,0.6725317,0.820858,GM12878,0.91229457,1.0,2
ENSG00000165475,0.54714954,0.820858,GM12878,0.9309628,1.0,2
ENSG00000165475,0.8826799,0.820858,GM12878,0.87358946,1.0,2
ENSG00000165475,1.0067528,0.820858,GM12878,0.8596476,0.0,2
ENSG00000165480,1.4814973,1.4393327,GM12878,0.8784261,1.0,2
ENSG00000165480,1.1705034,1.4393327,GM12878,0.9286677,0.9138539,2
ENSG00000165480,1.1059265,1.4393327,GM12878,0.88517433,0.5939698,2
ENSG00000165487,1.065895,1.3619167,GM12878,0.7550068,1.0,2
ENSG00000168026,0.91878986,-0.10237291,GM12878,0.8025981,1.0,2
ENSG00000168026,0.91878986,-0.10237291,GM12878,0.8025981,1.0,2
ENSG00000168036,1.3900738,2.1943755,GM12878,0.94339806,1.0,2
ENSG00000168036,1.4698567,2.1943755,GM12878,0.9252961,1.0,2
ENSG00000168036,1.454108,2.1943755,GM12878,0.77892315,0.0,2
ENSG00000168038,0.5187664,0.33041376,GM12878,0.84444666,1.0,2
ENSG00000168137,1.7269683,1.9715078,GM12878,0.9086123,1.0,2
ENSG00000168137,1.7972193,1.9715078,GM12878,0.9359033,1.0,2
ENSG00000168137,1.8149439,1.9715078,GM12878,0.7983423,0.39278558,2
ENSG00000168237,1.3562375,0.7176705,GM12878,0.9104837,1.0,2
ENSG00000168237,1.3562411,0.7176705,GM12878,0.91048884,1.0,2
ENSG00000168237,1.0780361,0.7176705,GM12878,0.8442679,0.51272726,2
ENSG00000168237,1.2482826,0.7176705,GM12878,0.75735134,0.98479086,2
ENSG00000168268,1.2646183,2.0714402,GM12878,0.9371354,1.0,2
ENSG00000168268,1.3842375,2.0714402,GM12878,0.97061557,1.0,2
ENSG00000168268,1.3413322,2.0714402,GM12878,0.75821155,1.0,2
ENSG00000168268,1.4160247,2.0714402,GM12878,0.952856,1.0,2
ENSG00000168268,1.3643594,2.0714402,GM12878,0.8290846,1.0,2
ENSG00000168291,1.5460936,1.7801012,GM12878,0.90509015,1.0,2
ENSG00000168291,1.6471207,1.7801012,GM12878,0.8627595,1.0,2
ENSG00000168291,1.6986303,1.7801012,GM12878,0.92462415,1.0,2
ENSG00000168291,1.5122933,1.7801012,GM12878,0.8718916,1.0,2
ENSG00000168291,1.6454897,1.7801012,GM12878,0.8148476,0.82323945,2
ENSG00000168297,1.2018728,0.9370161,GM12878,0.82559454,1.0,2
ENSG00000168297,0.8168732,0.9370161,GM12878,0.84339046,0.85261196,2
ENSG00000168297,1.1069448,0.9370161,GM12878,0.8647025,1.0,2
ENSG00000168297,0.9872329,0.9370161,GM12878,0.6395536,0.4365256,2
ENSG00000168297,1.1357515,0.9370161,GM12878,0.61152256,0.2379518,2
ENSG00000168301,0.6052691,0.59328604,GM12878,0.8602958,1.0,2
ENSG00000168374,1.4940574,2.104043,GM12878,0.893039,1.0,2
ENSG00000168386,1.3367045,0.29003462,GM12878,0.6010147,0.006756757,2
ENSG00000168827,1.4203691,1.5368109,GM12878,0.80592304,1.0,2
ENSG00000168827,1.4011621,1.5368109,GM12878,0.84274197,1.0,2
ENSG00000169062,1.5414734,1.6633239,GM12878,0.6040621,1.0,2
ENSG00000169062,1.6415515,1.6633239,GM12878,0.8275352,1.0,2
ENSG00000169062,1.613868,1.6633239,GM12878,0.937141,0.8339768,2
ENSG00000169087,0.7146244,0.4440448,GM12878,0.9531791,1.0,2
ENSG00000169087,1.0152035,0.4440448,GM12878,0.8992268,1.0,2
ENSG00000169087,1.1230781,0.4440448,GM12878,0.5474965,0.029787235,2
ENSG00000169251,1.2931652,1.9639766,GM12878,0.8185581,1.0,2
ENSG00000169255,-0.55979604,-0.096910015,GM12878,0.9914698,1.0,2
ENSG00000169359,1.4613681,1.3277675,GM12878,0.9160906,1.0,2
ENSG00000169379,1.038655,0.813581,GM12878,0.65384984,0.37882352,2
ENSG00000169379,0.7715072,0.813581,GM12878,0.8392235,0.94623655,2
ENSG00000169379,0.9625499,0.813581,GM12878,0.26555496,0.45973155,2
ENSG00000169714,1.9748855,2.5328817,GM12878,0.9290282,1.0,2
ENSG00000169814,0.4822885,1.1601683,GM12878,0.929262,1.0,2
ENSG00000169814,0.50750697,1.1601683,GM12878,0.8369458,0.059903383,2
ENSG00000169964,0.12896958,0.20139712,GM12878,0.9875667,1.0,2
ENSG00000169981,0.91055495,0.80002934,GM12878,0.68031985,1.0,2
ENSG00000169981,1.180673,0.80002934,GM12878,0.92966694,0.4974359,2
ENSG00000170017,-0.3118742,-0.88605666,GM12878,0.9472223,1.0,2
ENSG00000170017,-0.041887395,-0.88605666,GM12878,0.97513586,1.0,2
ENSG00000170017,-0.4697025,-0.88605666,GM12878,0.9836128,1.0,2
ENSG00000170142,1.2719337,2.306575,GM12878,0.75173354,1.0,2
ENSG00000170142,1.100111,2.306575,GM12878,0.9220562,1.0,2
ENSG00000170248,1.4711956,2.3390536,GM12878,0.75945973,1.0,2
ENSG00000170248,1.5875046,2.3390536,GM12878,0.9021257,1.0,2
ENSG00000170248,1.5439355,2.3390536,GM12878,0.8284891,1.0,2
ENSG00000170248,1.6081544,2.3390536,GM12878,0.92233366,1.0,2
ENSG00000170248,1.4775347,2.3390536,GM12878,0.8793915,1.0,2
ENSG00000170266,1.4876792,1.6599162,GM12878,0.95105344,1.0,2
ENSG00000170266,1.1523787,1.6599162,GM12878,0.89036286,1.0,2
ENSG00000170266,1.3529088,1.6599162,GM12878,0.88989204,0.9354996,2
ENSG00000170275,1.1705393,1.9429996,GM12878,0.89602876,1.0,2
ENSG00000170275,1.2875752,1.9429996,GM12878,0.8182475,0.15631308,2
ENSG00000170293,-0.4870701,-0.88605666,GM12878,0.99689376,1.0,2
ENSG00000170364,1.3055246,1.1947918,GM12878,0.828895,1.0,2
ENSG00000170364,1.3100486,1.1947918,GM12878,0.82897305,0.070866145,2
ENSG00000170854,1.0168754,1.3366598,GM12878,0.83320105,1.0,2
ENSG00000170854,1.1535125,1.3366598,GM12878,0.7827397,0.04134548,2
ENSG00000170860,1.6866691,1.513484,GM12878,0.89737386,1.0,2
ENSG00000170876,1.3076838,1.5630062,GM12878,0.91604,1.0,2
ENSG00000170876,1.2976041,1.5630062,GM12878,0.7961567,1.0,2
ENSG00000170876,1.2326053,1.5630062,GM12878,0.89328414,1.0,2
ENSG00000170876,1.4290308,1.5630062,GM12878,0.8033503,1.0,2
ENSG00000170876,0.9319327,1.5630062,GM12878,0.8679064,1.0,2
ENSG00000171109,1.6554002,1.4643404,GM12878,0.91832495,1.0,2
ENSG00000171109,1.4565427,1.4643404,GM12878,0.8111017,0.50944173,2
ENSG00000171121,0.9362999,1.1983821,GM12878,0.9616628,1.0,2
ENSG00000171121,0.88984394,1.1983821,GM12878,0.9218663,1.0,2
ENSG00000171148,1.6646929,1.6979264,GM12878,0.9340478,1.0,2
ENSG00000171148,1.6408701,1.6979264,GM12878,0.93868476,1.0,2
ENSG00000172020,-0.50278836,-0.92081875,GM12878,0.9934143,1.0,2
ENSG00000172046,1.2526507,1.4951279,GM12878,0.9533227,1.0,2
ENSG00000172046,1.2065154,1.4951279,GM12878,0.89795494,1.0,2
ENSG00000172046,1.0814557,1.4951279,GM12878,0.9538915,0.32055557,2
ENSG00000172053,1.6538942,2.1927068,GM12878,0.90702647,1.0,2
ENSG00000172053,1.7212404,2.1927068,GM12878,0.9061661,0.99877185,2
ENSG00000172113,1.2491124,1.4169731,GM12878,0.8041951,1.0,2
ENSG00000172113,1.4026107,1.4169731,GM12878,0.9440725,0.7858942,2
ENSG00000172113,1.3882003,1.4169731,GM12878,0.6479201,0.54050076,2
ENSG00000172340,0.8863399,1.361539,GM12878,0.913447,1.0,2
ENSG00000172340,0.97963274,1.361539,GM12878,0.71444666,1.0,2
ENSG00000172458,0.085970454,-0.88605666,GM12878,0.9473363,1.0,2
ENSG00000172578,0.34618124,-0.21467017,GM12878,0.8095253,1.0,2
ENSG00000172667,1.1521578,0.5453071,GM12878,0.7700113,1.0,2
ENSG00000172667,0.9902973,0.5453071,GM12878,0.8313258,1.0,2
ENSG00000172667,1.0767615,0.5453071,GM12878,0.94311816,1.0,2
ENSG00000172667,1.0767615,0.5453071,GM12878,0.94311816,1.0,2
ENSG00000172667,1.2596896,0.5453071,GM12878,0.91683316,0.17027864,2
ENSG00000172765,0.83641636,0.75281644,GM12878,0.9366737,1.0,2
ENSG00000172765,1.0351847,0.75281644,GM12878,0.92768854,1.0,2
ENSG00000172765,1.0362079,0.75281644,GM12878,0.64125127,1.0,2
ENSG00000172765,1.0123,0.75281644,GM12878,0.41967005,1.0,2
ENSG00000172766,1.221837,0.9894498,GM12878,0.85127074,1.0,2
ENSG00000172766,1.2052524,0.9894498,GM12878,0.8516802,1.0,2
ENSG00000172766,1.1120079,0.9894498,GM12878,0.8506365,0.8340249,2
ENSG00000172771,0.95252216,-0.26760623,GM12878,0.931243,1.0,2
ENSG00000172888,1.5002367,1.4119562,GM12878,0.77499735,1.0,2
ENSG00000172888,1.5280111,1.4119562,GM12878,0.8282554,1.0,2
ENSG00000172888,1.441868,1.4119562,GM12878,0.847781,1.0,2
ENSG00000172888,1.3768306,1.4119562,GM12878,0.84886193,0.9515939,2
ENSG00000172936,0.75244564,1.4781334,GM12878,0.92722076,1.0,2
ENSG00000172936,1.1231196,1.4781334,GM12878,0.9209164,1.0,2
ENSG00000172936,1.1690047,1.4781334,GM12878,0.95645285,1.0,2
ENSG00000172936,0.9649391,1.4781334,GM12878,0.8555981,0.760758,2
ENSG00000172936,0.817554,1.4781334,GM12878,0.91909957,0.99467516,2
ENSG00000172939,1.6373584,1.7727617,GM12878,0.86730367,1.0,2
ENSG00000172939,1.603025,1.7727617,GM12878,0.8439901,0.020464316,2
ENSG00000173193,1.2181613,0.8876173,GM12878,0.86801285,1.0,2
ENSG00000173193,1.2295766,0.8876173,GM12878,0.90099835,1.0,2
ENSG00000173200,-0.32938728,-0.7212464,GM12878,0.970357,1.0,2
ENSG00000173200,-0.34927505,-0.7212464,GM12878,0.9808241,1.0,2
ENSG00000173226,1.1220767,1.4174716,GM12878,0.8385703,1.0,2
ENSG00000173230,1.196902,0.9222063,GM12878,0.69591796,1.0,2
ENSG00000173230,1.334086,0.9222063,GM12878,0.56908095,0.45768026,2
ENSG00000173230,1.3338568,0.9222063,GM12878,0.85956794,0.566416,2
ENSG00000173230,1.2260144,0.9222063,GM12878,0.7897041,0.9453552,2
ENSG00000173402,1.2318602,0.7895807,GM12878,0.85741025,1.0,2
ENSG00000173402,1.3821111,0.7895807,GM12878,0.8145731,0.0,2
ENSG00000173473,1.6788769,1.6909045,GM12878,0.95812154,1.0,2
ENSG00000173473,1.6200309,1.6909045,GM12878,0.68792504,1.0,2
ENSG00000173473,1.6834645,1.6909045,GM12878,0.8017554,1.0,2
ENSG00000173473,1.6625087,1.6909045,GM12878,0.8657224,1.0,2
ENSG00000173473,1.6848133,1.6909045,GM12878,0.87744474,1.0,2
ENSG00000173473,1.6095603,1.6909045,GM12878,0.923224,1.0,2
ENSG00000173540,1.5800052,0.8698182,GM12878,0.9344307,1.0,2
ENSG00000173889,1.3791577,1.3316298,GM12878,0.93502265,1.0,2
ENSG00000173889,1.1876028,1.3316298,GM12878,0.9085716,0.43304536,2
ENSG00000173890,0.65540814,0.7895807,GM12878,0.90746045,0.006956522,2
ENSG00000173905,1.4918268,0.9425041,GM12878,0.9356127,1.0,2
ENSG00000173905,1.5038457,0.9425041,GM12878,0.8204491,0.53892213,2
ENSG00000173950,1.1374426,1.0629579,GM12878,0.7756382,1.0,2
ENSG00000173988,0.3237814,-0.82390875,GM12878,0.8888194,1.0,2
ENSG00000174004,0.966228,0.57634133,GM12878,0.830304,1.0,2
ENSG00000174007,0.8181802,0.44870633,GM12878,0.83767605,1.0,2
ENSG00000174013,1.6558498,1.4053464,GM12878,0.92969704,1.0,2
ENSG00000174032,1.1579089,0.7489629,GM12878,0.73141974,1.0,2
ENSG00000174032,1.0831686,0.7489629,GM12878,0.83278304,1.0,2
ENSG00000174032,1.2334423,0.7489629,GM12878,0.9060788,0.8323699,2
ENSG00000174032,1.1224968,0.7489629,GM12878,0.9260409,1.0,2
ENSG00000174032,1.0597639,0.7489629,GM12878,0.6460826,0.16763006,2
ENSG00000174405,0.6376412,0.73878056,GM12878,0.7526725,1.0,2
ENSG00000174564,0.38544154,-0.19382003,GM12878,0.80561084,1.0,2
ENSG00000174738,1.0613308,0.2329961,GM12878,0.88056487,1.0,2
ENSG00000174738,1.0368937,0.2329961,GM12878,0.66000074,0.044871796,2
ENSG00000174839,1.2049929,1.0119932,GM12878,0.8043081,1.0,2
ENSG00000174839,1.3085063,1.0119932,GM12878,0.7989059,1.0,2
ENSG00000174840,1.3800004,0.9143432,GM12878,0.7502403,1.0,2
ENSG00000174891,1.0296128,1.1379868,GM12878,0.8062368,1.0,2
ENSG00000174891,1.0296128,1.1379868,GM12878,0.8062368,1.0,2
ENSG00000174928,0.9301851,0.71180725,GM12878,0.8193135,1.0,2
ENSG00000174953,1.2933387,1.852602,GM12878,0.90734833,1.0,2
ENSG00000174953,1.4674642,1.852602,GM12878,0.8089173,0.9505882,2
ENSG00000174953,1.4768565,1.852602,GM12878,0.88901424,0.7565558,2
ENSG00000175054,1.3871864,1.3455697,GM12878,0.76717293,1.0,2
ENSG00000175054,1.2722839,1.3455697,GM12878,0.39227295,0.24009146,2
ENSG00000175066,1.1894565,1.1601683,GM12878,0.9575845,1.0,2
ENSG00000175066,1.2044554,1.1601683,GM12878,0.909117,1.0,2
ENSG00000175066,1.1309233,1.1601683,GM12878,0.8561743,1.0,2
ENSG00000175066,0.93745315,1.1601683,GM12878,0.8911698,1.0,2
ENSG00000175066,1.1008472,1.1601683,GM12878,0.76946986,0.41231126,2
ENSG00000175166,1.5239446,2.3523562,GM12878,0.81624377,1.0,2
ENSG00000175182,1.0664296,0.9566486,GM12878,0.8241678,1.0,2
ENSG00000175182,1.3179561,0.9566486,GM12878,0.8700599,1.0,2
ENSG00000175193,1.3274484,1.719497,GM12878,0.83060104,1.0,2
ENSG00000175193,1.4345288,1.719497,GM12878,0.92927796,0.88298655,2
ENSG00000175198,0.75389755,0.8413595,GM12878,0.8868586,1.0,2
ENSG00000175198,0.840119,0.8413595,GM12878,0.8644449,1.0,2
ENSG00000175198,0.68952394,0.8413595,GM12878,0.7260531,1.0,2
ENSG00000175198,0.97704387,0.8413595,GM12878,0.7254054,1.0,2
ENSG00000175198,0.8650276,0.8413595,GM12878,0.7725936,0.9812734,2
ENSG00000175198,0.6970809,0.8413595,GM12878,0.9514902,0.9625468,2
ENSG00000175455,1.4743786,2.0475085,GM12878,0.8869049,1.0,2
ENSG00000175455,1.440016,2.0475085,GM12878,0.9277615,0.4360465,2
ENSG00000175455,1.1677477,2.0475085,GM12878,0.78576595,0.9481589,2
ENSG00000175697,-0.38148052,-0.79588,GM12878,0.9898235,1.0,2
ENSG00000175792,1.4687898,1.8088858,GM12878,0.8212027,1.0,2
ENSG00000175792,1.5589097,1.8088858,GM12878,0.7072115,1.0,2
ENSG00000176095,1.2221441,1.364551,GM12878,0.95109946,1.0,2
ENSG00000176095,1.5678625,1.364551,GM12878,0.90324444,1.0,2
ENSG00000176142,1.5284868,1.6175245,GM12878,0.8264166,1.0,2
ENSG00000176142,1.450325,1.6175245,GM12878,0.59029293,0.0024600246,2
ENSG00000176542,0.78035307,0.6766936,GM12878,0.8787195,1.0,2
ENSG00000176542,1.1080925,0.6766936,GM12878,0.797864,1.0,2
ENSG00000176542,1.257116,0.6766936,GM12878,0.64658856,1.0,2
ENSG00000176542,1.1073616,0.6766936,GM12878,0.7199121,1.0,2
ENSG00000176542,1.017323,0.6766936,GM12878,0.8999441,1.0,2
ENSG00000176945,-0.55855775,-0.7447275,GM12878,0.9934016,1.0,2
ENSG00000177311,0.7640567,1.2008505,GM12878,0.9045318,1.0,2
ENSG00000177311,0.7131816,1.2008505,GM12878,0.8954112,1.0,2
ENSG00000177311,0.5539496,1.2008505,GM12878,0.9612397,0.64912283,2
ENSG00000177311,0.6156157,1.2008505,GM12878,0.3858544,0.5305882,2
ENSG00000177463,1.5720375,1.1889285,GM12878,0.6933653,1.0,2
ENSG00000177463,1.539756,1.1889285,GM12878,0.7150953,0.9508526,2
ENSG00000177479,1.5449752,1.9185545,GM12878,0.93090445,1.0,2
ENSG00000177479,1.6035273,1.9185545,GM12878,0.8776843,1.0,2
ENSG00000177479,1.6962037,1.9185545,GM12878,0.38463902,0.00076394196,2
ENSG00000177479,1.3559134,1.9185545,GM12878,0.22556818,0.48146158,2
ENSG00000177479,1.4784409,1.9185545,GM12878,0.9209175,0.9955556,2
ENSG00000177479,1.4602919,1.9185545,GM12878,0.8018003,0.15113351,2
ENSG00000177479,1.264851,1.9185545,GM12878,0.6244876,0.0,2
ENSG00000177565,1.5448833,2.0812752,GM12878,0.925954,1.0,2
ENSG00000177646,1.7807667,1.1922886,GM12878,0.7864689,1.0,2
ENSG00000177646,1.3416833,1.1922886,GM12878,0.765741,1.0,2
ENSG00000177646,1.5912168,1.1922886,GM12878,0.78782266,0.93767184,2
ENSG00000177646,1.6703684,1.1922886,GM12878,0.35050422,0.050736498,2
ENSG00000177694,0.06917163,-0.48148605,GM12878,0.9267853,1.0,2
ENSG00000177842,0.89157593,0.18469143,GM12878,0.9304361,1.0,2
ENSG00000177873,1.206197,0.81291336,GM12878,0.90401304,1.0,2
ENSG00000178035,1.4845505,2.419212,GM12878,0.97195,1.0,2
ENSG00000178035,1.5434017,2.419212,GM12878,0.93580383,0.9965049,2
ENSG00000178053,0.8856385,1.2878017,GM12878,0.9022807,1.0,2
ENSG00000178057,1.7635208,1.2794387,GM12878,0.8051379,1.0,2
ENSG00000178075,-0.3688263,-0.9586073,GM12878,0.98052245,1.0,2
ENSG00000178149,1.2851862,1.3891661,GM12878,0.9610844,1.0,2
ENSG00000178149,1.1843543,1.3891661,GM12878,0.92410904,1.0,2
ENSG00000178149,1.2621685,1.3891661,GM12878,0.9558932,1.0,2
ENSG00000178149,1.3660595,1.3891661,GM12878,0.79329765,0.9347181,2
ENSG00000178252,1.5985746,1.663041,GM12878,0.785767,1.0,2
ENSG00000178252,1.4977918,1.663041,GM12878,0.35644647,0.0,2
ENSG00000178467,-0.05810627,-0.4089354,GM12878,0.96794975,1.0,2
ENSG00000178537,1.3199781,1.4909412,GM12878,0.7968338,1.0,2
ENSG00000178537,1.2304438,1.4909412,GM12878,0.76182383,0.0050083473,2
ENSG00000178694,1.4065177,0.77451694,GM12878,0.625839,1.0,2
ENSG00000178700,1.2742878,0.10037055,GM12878,0.72364897,1.0,2
ENSG00000178917,1.1326222,1.1293676,GM12878,0.92836934,1.0,2
ENSG00000178917,1.1442045,1.1293676,GM12878,0.7394113,0.79565644,2
ENSG00000179021,1.2907195,1.0546131,GM12878,0.92355067,1.0,2
ENSG00000179152,0.9787998,1.5750723,GM12878,0.8290614,1.0,2
ENSG00000179152,0.9225211,1.5750723,GM12878,0.8365884,1.0,2
ENSG00000179152,0.9225211,1.5750723,GM12878,0.8365884,1.0,2
ENSG00000179152,1.0191422,1.5750723,GM12878,0.23267238,0.014184397,2
ENSG00000179399,0.20447862,-0.69897,GM12878,0.92854416,1.0,2
ENSG00000180353,0.029558443,1.4151404,GM12878,0.95207167,1.0,2
ENSG00000180353,0.39726278,1.4151404,GM12878,0.9434211,1.0,2
ENSG00000180353,0.940269,1.4151404,GM12878,0.8197304,1.0,2
ENSG00000180353,0.2167022,1.4151404,GM12878,0.95151204,0.9976884,2
ENSG00000180353,0.78015256,1.4151404,GM12878,0.766437,0.9863732,2
ENSG00000180370,1.2823433,1.6664244,GM12878,0.81060535,1.0,2
ENSG00000180370,1.4354259,1.6664244,GM12878,0.9062372,1.0,2
ENSG00000180376,1.4763117,1.370883,GM12878,0.7856375,0.09747292,2
ENSG00000180776,0.9843339,1.0707765,GM12878,0.94370854,1.0,2
ENSG00000180776,1.0385413,1.0707765,GM12878,0.91110456,1.0,2
ENSG00000180776,1.16721,1.0707765,GM12878,0.8576017,1.0,2
ENSG00000180776,1.2307253,1.0707765,GM12878,0.73729426,0.6478261,2
ENSG00000180776,1.075578,1.0707765,GM12878,0.6250103,0.8610635,2
ENSG00000180914,-0.33734956,-0.32790214,GM12878,0.98805773,1.0,2
ENSG00000180914,-0.37769625,-0.32790214,GM12878,0.9864015,1.0,2
ENSG00000181061,1.5972192,2.3572104,GM12878,0.8862103,1.0,2
ENSG00000181061,1.6620953,2.3572104,GM12878,0.90977895,0.9631074,2
ENSG00000181061,1.6525762,2.3572104,GM12878,0.94109845,0.32485643,2
ENSG00000181458,0.19549522,-0.25181198,GM12878,0.92520255,1.0,2
ENSG00000181458,0.6259401,-0.25181198,GM12878,0.9366777,1.0,2
ENSG00000181458,0.08521735,-0.25181198,GM12878,0.94448704,1.0,2
ENSG00000181458,0.2752271,-0.25181198,GM12878,0.9240796,1.0,2
ENSG00000181555,1.522153,1.2769212,GM12878,0.8959103,1.0,2
ENSG00000181555,1.445087,1.2769212,GM12878,0.8710012,1.0,2
ENSG00000181555,1.4789019,1.2769212,GM12878,0.9195732,1.0,2
ENSG00000181555,1.3758094,1.2769212,GM12878,0.9414171,1.0,2
ENSG00000181555,1.2677957,1.2769212,GM12878,0.82263315,1.0,2
ENSG00000181555,1.3412209,1.2769212,GM12878,0.9029801,1.0,2
ENSG00000181555,1.3414901,1.2769212,GM12878,0.9082203,1.0,2
ENSG00000181555,1.2646947,1.2769212,GM12878,0.9218634,0.59816885,2
ENSG00000181555,1.1066132,1.2769212,GM12878,0.5871517,0.40183112,2
ENSG00000181722,-0.6164986,-0.69897,GM12878,0.9919704,1.0,2
ENSG00000181744,1.4220657,0.59328604,GM12878,0.74361163,1.0,2
ENSG00000181789,1.9143534,1.6457169,GM12878,0.8179651,1.0,2
ENSG00000181789,1.8878161,1.6457169,GM12878,0.92058074,1.0,2
ENSG00000182179,0.41836944,0.38201705,GM12878,0.9825516,1.0,2
ENSG00000182247,0.07956018,0.41830128,GM12878,0.93835676,1.0,2
ENSG00000182247,-0.093854114,0.41830128,GM12878,0.94842684,0.8373494,2
ENSG00000182504,1.3728317,0.29446623,GM12878,0.9292107,1.0,2
ENSG00000182504,1.2675622,0.29446623,GM12878,0.8600156,0.9520958,2
ENSG00000182504,1.3589774,0.29446623,GM12878,0.64987797,0.0,2
ENSG00000182606,1.1243411,1.2121876,GM12878,0.897056,1.0,2
ENSG00000182923,1.3254461,0.7512791,GM12878,0.58421797,1.0,2
ENSG00000182923,1.644377,0.7512791,GM12878,0.8077326,0.30267063,2
ENSG00000182957,-0.61181104,-0.30980393,GM12878,0.9938112,1.0,2
ENSG00000182973,1.4968764,1.9293168,GM12878,0.9459386,1.0,2
ENSG00000182973,1.342161,1.9293168,GM12878,0.8491382,0.9971505,2
ENSG00000182973,1.3147075,1.9293168,GM12878,0.7660653,0.85003066,2
ENSG00000182973,1.2899866,1.9293168,GM12878,0.74995166,0.8932292,2
ENSG00000183087,0.9888344,0.74350977,GM12878,0.8823038,1.0,2
ENSG00000183624,1.1720974,1.2699797,GM12878,0.87732244,1.0,2
ENSG00000183624,1.4600462,1.2699797,GM12878,0.8526675,0.49924472,2
ENSG00000183763,1.2020662,1.2422929,GM12878,0.83342403,1.0,2
ENSG00000183763,1.4370522,1.2422929,GM12878,0.8561031,1.0,2
ENSG00000183960,-0.5938853,-0.9586073,GM12878,0.9836789,1.0,2
ENSG00000184203,1.3221194,1.4845846,GM12878,0.8562236,1.0,2
ENSG00000184220,1.2968638,1.5763414,GM12878,0.6116202,1.0,2
ENSG00000184220,1.3069425,1.5763414,GM12878,0.778489,1.0,2
ENSG00000184432,1.7127453,2.14925,GM12878,0.9134172,1.0,2
ENSG00000184432,1.5407443,2.14925,GM12878,0.8860853,1.0,2
ENSG00000184497,0.00029417127,-0.45593196,GM12878,0.9914381,1.0,2
ENSG00000184497,-0.006306313,-0.45593196,GM12878,0.9871351,1.0,2
ENSG00000184497,-0.010475643,-0.45593196,GM12878,0.99189633,1.0,2
ENSG00000185008,0.53830516,0.35983548,GM12878,0.73649096,1.0,2
ENSG00000185219,1.4389589,0.9498777,GM12878,0.93262196,1.0,2
ENSG00000185219,1.2447679,0.9498777,GM12878,0.2447672,0.90570176,2
ENSG00000185621,1.3112925,1.1156105,GM12878,0.9273731,1.0,2
ENSG00000185621,1.3112925,1.1156105,GM12878,0.9273731,1.0,2
ENSG00000185621,1.4568446,1.1156105,GM12878,0.9042899,1.0,2
ENSG00000185621,1.2546698,1.1156105,GM12878,0.7776424,1.0,2
ENSG00000185798,1.5430872,1.0425755,GM12878,0.8255184,1.0,2
ENSG00000185896,1.1559721,1.304275,GM12878,0.93443143,1.0,2
ENSG00000185909,1.203972,1.4320067,GM12878,0.9273153,1.0,2
ENSG00000185989,1.0540811,1.0557605,GM12878,0.58980966,1.0,2
ENSG00000185989,0.97621393,1.0557605,GM12878,0.8948469,1.0,2
ENSG00000186001,1.2938125,1.7743709,GM12878,0.4711761,1.0,2
ENSG00000186001,1.2329421,1.7743709,GM12878,0.9533534,1.0,2
ENSG00000186001,1.013185,1.7743709,GM12878,0.3133218,0.56567913,2
ENSG00000186001,1.1813123,1.7743709,GM12878,0.42486748,0.4537167,2
ENSG00000186184,1.1015735,2.0950997,GM12878,0.7219071,1.0,2
ENSG00000186184,1.2145809,2.0950997,GM12878,0.7799826,0.14358975,2
ENSG00000186265,-0.36378035,-0.92081875,GM12878,0.9470638,1.0,2
ENSG00000186265,-0.38736668,-0.92081875,GM12878,0.98967147,1.0,2
ENSG00000186432,1.5277181,1.3692158,GM12878,0.6475136,1.0,2
ENSG00000186446,0.35538983,0.30749604,GM12878,0.92165226,1.0,2
ENSG00000186448,1.1249356,0.9758911,GM12878,0.8206655,1.0,2
ENSG00000186448,1.0625929,0.9758911,GM12878,0.8868922,1.0,2
ENSG00000186448,1.4393163,0.9758911,GM12878,0.8346196,1.0,2
ENSG00000186448,1.5242921,0.9758911,GM12878,0.9179983,1.0,2
ENSG00000186448,1.5309618,0.9758911,GM12878,0.915891,1.0,2
ENSG00000186448,1.5309618,0.9758911,GM12878,0.915891,1.0,2
ENSG00000186448,1.3340662,0.9758911,GM12878,0.7361148,0.122994654,2
ENSG00000186792,1.3135537,0.6928469,GM12878,0.9253437,0.97359735,2
ENSG00000187091,0.318813,2.2826447,GM12878,0.9863051,1.0,2
ENSG00000187118,1.2150762,1.7158363,GM12878,0.8608055,1.0,2
ENSG00000187118,1.235765,1.7158363,GM12878,0.8166962,0.15682414,2
ENSG00000187118,1.011954,1.7158363,GM12878,0.66440177,0.62313735,2
ENSG00000187676,0.8174211,0.2600714,GM12878,0.92085606,1.0,2
ENSG00000188243,1.2036579,1.9204886,GM12878,0.7897261,1.0,2
ENSG00000188243,1.2036579,1.9204886,GM12878,0.7897261,1.0,2
ENSG00000188243,1.3125527,1.9204886,GM12878,0.58506066,0.5548027,2
ENSG00000188313,1.4365144,1.4705575,GM12878,0.7118544,1.0,2
ENSG00000188313,1.2337804,1.4705575,GM12878,0.88680905,0.8042328,2
ENSG00000188315,0.37504062,0.5078559,GM12878,0.8726832,1.0,2
ENSG00000188342,1.4426548,1.25042,GM12878,0.8227502,1.0,2
ENSG00000188811,1.5845609,1.0569048,GM12878,0.61642516,1.0,2
ENSG00000188811,0.9304011,1.0569048,GM12878,0.80945975,1.0,2
ENSG00000188811,1.3246486,1.0569048,GM12878,0.89612854,0.6722338,2
ENSG00000188958,-0.08126795,-0.85387194,GM12878,0.9621574,1.0,2
ENSG00000188958,-0.007563852,-0.85387194,GM12878,0.9580379,1.0,2
ENSG00000189283,0.62298566,0.24797326,GM12878,0.3809846,1.0,2
ENSG00000189403,1.6159968,2.5126443,GM12878,0.88592756,1.0,2
ENSG00000189403,1.5906783,2.5126443,GM12878,0.7566636,0.023712182,2
ENSG00000196083,0.22039455,-0.017728766,GM12878,0.96995753,1.0,2
ENSG00000196199,1.212287,1.1048284,GM12878,0.91228604,1.0,2
ENSG00000196199,1.0951699,1.1048284,GM12878,0.7730783,1.0,2
ENSG00000196199,1.0949135,1.1048284,GM12878,0.9130084,1.0,2
ENSG00000196199,1.3471061,1.1048284,GM12878,0.78065735,1.0,2
ENSG00000196428,1.6692595,1.1571544,GM12878,0.8289645,1.0,2
ENSG00000196428,1.7000636,1.1571544,GM12878,0.8042225,0.22852512,2
ENSG00000196428,1.6285229,1.1571544,GM12878,0.8910915,0.20338982,2
ENSG00000196455,1.387713,1.542701,GM12878,0.6402148,1.0,2
ENSG00000196549,0.29194942,0.7803173,GM12878,0.91656625,1.0,2
ENSG00000196549,0.4064082,0.7803173,GM12878,0.9537884,1.0,2
ENSG00000196549,0.21988383,0.7803173,GM12878,0.97477674,1.0,2
ENSG00000196776,1.4105234,1.550106,GM12878,0.9352569,1.0,2
ENSG00000196776,1.3965858,1.550106,GM12878,0.84214866,0.8527937,2
ENSG00000196776,1.237197,1.550106,GM12878,0.45881417,0.3570808,2
ENSG00000197548,1.4304758,1.4418522,GM12878,0.9365205,1.0,2
ENSG00000197548,1.5028639,1.4418522,GM12878,0.9154721,1.0,2
ENSG00000197548,1.2165092,1.4418522,GM12878,0.90158576,1.0,2
ENSG00000197548,1.2899408,1.4418522,GM12878,0.84716624,1.0,2
ENSG00000197548,1.3775251,1.4418522,GM12878,0.90910214,0.8593209,2
ENSG00000197548,1.2384405,1.4418522,GM12878,0.8874799,0.20241936,2
ENSG00000197548,1.0187428,1.4418522,GM12878,0.8677641,0.5528634,2
ENSG00000197885,1.2192688,0.6963564,GM12878,0.866752,1.0,2
ENSG00000198033,-0.70229363,-0.39794,GM12878,0.98917794,1.0,2
ENSG00000198033,-0.6787764,-0.39794,GM12878,0.98997444,1.0,2
ENSG00000198176,0.9970075,1.822495,GM12878,0.932483,1.0,2
ENSG00000198176,1.1408311,1.822495,GM12878,0.8677412,0.93762,2
ENSG00000198218,1.4967161,1.8975722,GM12878,0.8107235,1.0,2
ENSG00000198218,1.5983918,1.8975722,GM12878,0.6995716,0.5161487,2
ENSG00000198542,-0.55469084,-0.85387194,GM12878,0.97903854,1.0,2
ENSG00000198585,1.1069868,0.7450748,GM12878,0.88256705,1.0,2
ENSG00000198590,0.3771098,0.14612803,GM12878,0.9457091,1.0,2
ENSG00000198590,0.37534848,0.14612803,GM12878,0.9538169,1.0,2
ENSG00000198590,0.22184667,0.14612803,GM12878,0.98303,1.0,2
ENSG00000198824,1.3732202,1.2153732,GM12878,0.94745505,1.0,2
ENSG00000198829,0.20143983,-0.85387194,GM12878,0.93287945,1.0,2
ENSG00000198836,1.4457715,1.716671,GM12878,0.86874545,1.0,2
ENSG00000198836,1.5883701,1.716671,GM12878,0.88429666,0.97429717,2
ENSG00000198843,0.46520057,2.4282644,GM12878,0.9728431,1.0,2
ENSG00000198919,1.0195181,0.845098,GM12878,0.83399993,1.0,2
ENSG00000198919,1.0111666,0.845098,GM12878,0.90000373,0.79848486,2
ENSG00000204899,1.3863205,1.2803507,GM12878,0.87331927,1.0,2
ENSG00000204977,1.6760201,1.3527611,GM12878,0.6584813,1.0,2
ENSG00000204977,1.534459,1.3527611,GM12878,0.5860263,0.011200717,2
ENSG00000205981,1.2389339,1.969043,GM12878,0.8640726,1.0,2
ENSG00000205981,1.2750793,1.969043,GM12878,0.88354933,0.83018076,2
ENSG00000205981,1.3082572,1.969043,GM12878,0.5873966,0.45625842,2
ENSG00000205981,1.159228,1.969043,GM12878,0.8223033,0.8828383,2
ENSG00000206527,1.3024077,0.919601,GM12878,0.43756083,1.0,2
ENSG00000206535,1.0714781,0.47712126,GM12878,0.8894626,1.0,2
ENSG00000206557,-0.49386382,-0.92081875,GM12878,0.9953453,1.0,2
ENSG00000206557,-0.52888626,-0.92081875,GM12878,0.9945549,1.0,2
ENSG00000206560,1.4495934,1.7352794,GM12878,0.9298554,1.0,2
ENSG00000206560,1.2912191,1.7352794,GM12878,0.9041056,0.9582476,2
ENSG00000206562,1.3662124,1.3184807,GM12878,0.5047827,1.0,2
ENSG00000206562,1.5246735,1.3184807,GM12878,0.89475137,0.93534005,2
ENSG00000211456,1.4086938,1.6790643,GM12878,0.84856725,1.0,2
ENSG00000211456,1.4910976,1.6790643,GM12878,0.59652096,0.0,2
ENSG00000211456,1.414108,1.6790643,GM12878,0.888726,0.99788773,2
ENSG00000213123,1.2103378,1.0852906,GM12878,0.90546745,1.0,2
ENSG00000213123,1.1595496,1.0852906,GM12878,0.8181108,1.0,2
ENSG00000213123,1.4231453,1.0852906,GM12878,0.8046841,1.0,2
ENSG00000213123,1.4231453,1.0852906,GM12878,0.8046841,1.0,2
ENSG00000213139,0.19892016,0.55870855,GM12878,0.95067596,1.0,2
ENSG00000213186,1.7374899,1.5584686,GM12878,0.74022096,1.0,2
ENSG00000213533,0.7242823,0.33645973,GM12878,0.88086253,1.0,2
ENSG00000213533,0.81335914,0.33645973,GM12878,0.912095,1.0,2
ENSG00000213672,1.0541788,1.3752978,GM12878,0.92062074,1.0,2
ENSG00000213672,1.0876069,1.3752978,GM12878,0.8424195,1.0,2
ENSG00000213995,1.2394972,1.1448854,GM12878,0.9219801,1.0,2
ENSG00000213995,0.9947951,1.1448854,GM12878,0.79253733,0.32076922,2
ENSG00000214021,0.7068976,1.9264967,GM12878,0.9797599,1.0,2
ENSG00000214021,0.58077526,1.9264967,GM12878,0.7454635,1.0,2
ENSG00000214021,0.2082181,1.9264967,GM12878,0.9724204,0.99885976,2
ENSG00000214021,0.6557727,1.9264967,GM12878,0.9779177,0.00043725406,2
ENSG00000214021,0.42784724,1.9264967,GM12878,0.97176707,0.9028213,2
ENSG00000214021,0.75174785,1.9264967,GM12878,0.6931657,0.99878347,2
ENSG00000214160,1.8751094,1.8798983,GM12878,0.84792167,1.0,2
ENSG00000214160,1.8420731,1.8798983,GM12878,0.94801915,1.0,2
ENSG00000214160,1.8718063,1.8798983,GM12878,0.9217345,1.0,2
ENSG00000214160,1.8718063,1.8798983,GM12878,0.9217345,0.9729409,2
ENSG00000214160,1.8718063,1.8798983,GM12878,0.9217345,0.996904,2
ENSG00000214706,1.5604898,1.6067038,GM12878,0.8681089,1.0,2
ENSG00000214706,1.4817886,1.6067038,GM12878,0.96278787,0.914405,2
ENSG00000221955,-0.6520325,-0.79588,GM12878,0.99223363,1.0,2
ENSG00000225697,1.1533206,1.3975924,GM12878,0.92340887,1.0,2
ENSG00000225697,1.1315963,1.3975924,GM12878,0.85759276,1.0,2
ENSG00000225697,1.1161748,1.3975924,GM12878,0.784799,1.0,2
ENSG00000225697,1.2735453,1.3975924,GM12878,0.9047248,0.8687628,2
ENSG00000225697,1.1300513,1.3975924,GM12878,0.8865694,0.85,2
ENSG00000227124,0.59872377,1.2723058,GM12878,0.76865333,1.0,2
ENSG00000232112,1.5771517,2.18608,GM12878,0.91336566,1.0,2
ENSG00000232112,1.5745004,2.18608,GM12878,0.8743277,1.0,2
ENSG00000240303,1.0062294,0.8375884,GM12878,0.8093832,1.0,2
ENSG00000240303,1.2082124,0.8375884,GM12878,0.74926066,1.0,2
ENSG00000240303,0.90397847,0.8375884,GM12878,0.92289096,1.0,2
ENSG00000240682,1.6049707,1.3838154,GM12878,0.79173434,1.0,2
ENSG00000240682,1.5133057,1.3838154,GM12878,0.7357086,0.7352518,2
ENSG00000241553,1.77059,1.8071966,GM12878,0.7811811,1.0,2
ENSG00000241553,1.8627402,1.8071966,GM12878,0.95529026,1.0,2
ENSG00000243696,-0.17196009,-0.82390875,GM12878,0.9824265,1.0,2
ENSG00000243989,1.566431,1.9847072,GM12878,0.91542745,1.0,2
ENSG00000243989,1.6048014,1.9847072,GM12878,0.93529546,1.0,2
ENSG00000244405,1.1711946,1.0417873,GM12878,0.83398366,1.0,2
ENSG00000244754,1.1281879,1.6076695,GM12878,0.81757253,1.0,2
ENSG00000244754,1.0956922,1.6076695,GM12878,0.8166898,1.0,2
ENSG00000244754,1.8820384,1.6076695,GM12878,0.7195878,1.0,2
ENSG00000247596,1.3184117,1.5150787,GM12878,0.9469931,1.0,2
ENSG00000247596,1.3665888,1.5150787,GM12878,0.92004645,1.0,2
ENSG00000248487,0.92778957,0.84073323,GM12878,0.9296714,1.0,2
ENSG00000248592,0.51585835,0.16731733,GM12878,0.95984745,1.0,2
ENSG00000253710,1.4944854,1.0326188,GM12878,0.8908197,1.0,2
ENSG00000254999,1.5622762,2.3758647,GM12878,0.9234802,1.0,2
ENSG00000255154,1.3964298,0.9278834,GM12878,0.7581774,1.0,2
ENSG00000255154,1.3964298,0.9278834,GM12878,0.7581774,1.0,2
ENSG00000255154,1.3856385,0.9278834,GM12878,0.2472097,0.14716525,2
